Symbol,Name,Last Sale,Net Change,% Change,Market Cap
NVDA,NVIDIA Corporation Common Stock,$228.86,3.79,1.684%,"5,515,526,000,000"
AAPL,Apple Inc. Common Stock,$338.40,-2.67,-0.783%,"4,938,670,512,000"
GOOGL,Alphabet Inc. Class A Common Stock,$342.75,-1.17,-0.34%,"4,191,832,500,000"
GOOG,Alphabet Inc. Class C Capital Stock,$339.16,-1.92,-0.563%,"4,147,926,800,000"
MSFT,Microsoft Corporation Common Stock,$509.22,-6.95,-1.346%,"3,781,236,274,927"
AMZN,"Amazon.com, Inc. Common Stock",$246.15,-3.52,-1.41%,"2,655,051,085,748"
TSM,Taiwan Semiconductor Manufacturing Company Ltd.,$452.88,2.27,0.504%,"2,348,864,340,924"
SPCX,Space Exploration Technologies Corp. Class A Common Stock,$145.47,-3.21,-2.159%,"1,974,438,361,789"
META,"Meta Platforms, Inc. Class A Common Stock",$715.62,-36.04,-4.795%,"1,823,046,404,735"
AVGO,Broadcom Inc. Common Stock,$349.57,-3.24,-0.918%,"1,668,717,791,908"
TSLA,"Tesla, Inc. Common Stock",$357.45,-14.66,-3.94%,"1,411,765,715,985"
SKHY,SK hynix Inc. American Depositary Shares,$181.92,-9.64,-5.032%,"1,325,952,117,600"
MU,"Micron Technology, Inc. Common Stock","$1,053.98",-28.30,-2.615%,"1,190,357,793,291"
LLY,Eli Lilly and Company Common Stock,"$1,184.78",1.32,0.112%,"1,115,301,023,471"
BRK/B,Berkshire Hathaway Inc.,$503.09,-2.39,-0.473%,"1,109,973,187,636"
BRK/A,Berkshire Hathaway Inc.,"$753,875.00","-4,630.68",-0.611%,"1,108,855,136,750"
AMD,"Advanced Micro Devices, Inc. Common Stock",$607.87,-22.76,-3.609%,"992,332,603,781"
JPM,JP Morgan Chase & Co. Common Stock,$336.59,-6.47,-1.886%,"894,718,891,375"
WMT,Walmart Inc. Common Stock,$108.73,0.75,0.695%,"862,636,228,784"
ASML,ASML Holding N.V. New York Registry Shares,"$1,771.41",27.47,1.575%,"682,732,705,958"
XOM,ExxonMobil Holdings Corporation Common Stock,$162.52,1.93,1.202%,"668,267,931,739"
V,Visa Inc.,$367.74,0.36,0.098%,"657,061,366,442"
JNJ,Johnson & Johnson Common Stock,$271.95,0.73,0.269%,"655,371,923,454"
INTC,Intel Corporation Common Stock,$116.03,-6.97,-5.667%,"613,226,615,361"
GOOGM,Alphabet Inc. Depositary Shares representing a 1/20th Interest in a Share of Series A Mandatory Convertible Preferred Stock,$48.85,-0.05,-0.102%,"597,435,500,000"
GOOGN,Alphabet Inc. Depositary Shares representing a 1/20th Interest in a Share of Series B Mandatory Convertible Preferred Stock,$48.56,-0.11,-0.226%,"593,888,800,000"
MA,Mastercard Incorporated Common Stock,$568.26,0.61,0.107%,"497,801,408,504"
ABBV,AbbVie Inc. Common Stock,$266.28,1.94,0.734%,"470,547,990,650"
PLTR,Palantir Technologies Inc. Class A Common Stock,$187.48,-2.19,-1.155%,"450,336,986,430"
CSCO,"Cisco Systems, Inc. Common Stock (DE)",$106.74,0.04,0.037%,"420,831,722,824"
COST,Costco Wholesale Corporation Common Stock,$922.92,0.155,0.017%,"409,295,457,788"
CVX,Chevron Corporation Common Stock,$206.37,1.92,0.939%,"407,739,917,815"
ORCL,Oracle Corporation Common Stock,$132.60,-4.50,-3.282%,"401,977,052,357"
LRCX,Lam Research Corporation Common Stock,$314.47,-0.74,-0.235%,"393,535,419,118"
BAC,Bank of America Corporation Common Stock,$55.47,-1.23,-2.169%,"387,887,751,807"
AMAT,"Applied Materials, Inc. Common Stock",$486.76,1.76,0.363%,"386,291,491,355"
CAT,"Caterpillar, Inc. Common Stock",$819.95,-1.63,-0.198%,"376,910,425,236"
KO,Coca-Cola Company (The) Common Stock,$87.18,-0.63,-0.717%,"375,096,243,005"
MRK,"Merck & Company, Inc. Common Stock (new)",$148.69,-0.09,-0.06%,"366,843,750,854"
HSBC,"HSBC Holdings, plc. Common Stock",$101.18,0.23,0.228%,"347,385,174,961"
PG,Procter & Gamble Company (The) Common Stock,$149.03,2.80,1.915%,"346,410,258,932"
DELL,Dell Technologies Inc. Class C Common Stock ,$543.43,-19.46,-3.457%,"345,519,722,733"
UNH,UnitedHealth Group Incorporated Common Stock (DE),$377.83,1.24,0.329%,"339,138,261,042"
GE,GE Aerospace Common Stock,$318.24,-8.85,-2.706%,"330,193,894,137"
PANW,"Palo Alto Networks, Inc. Common Stock",$392.09,17.35,4.63%,"320,729,620,000"
MS,Morgan Stanley Common Stock,$193.64,-2.67,-1.36%,"304,124,456,783"
PM,Philip Morris International Inc Common Stock,$193.76,3.28,1.722%,"301,996,939,941"
ARM,Arm Holdings plc American Depositary Shares,$283.33,-26.99,-8.697%,"301,478,774,549"
HD,"Home Depot, Inc. (The) Common Stock",$289.89,-3.31,-1.129%,"289,220,245,681"
NFLX,"Netflix, Inc. Common Stock",$69.23,-1.915,-2.692%,"288,269,543,769"
NVS,Novartis AG Common Stock,$146.88,1.42,0.976%,"280,269,318,612"
RY,Royal Bank Of Canada Common Stock,$200.95,-1.03,-0.51%,"278,201,168,109"
MUFG,"Mitsubishi UFJ Financial Group, Inc. Common Stock",$23.37,-0.11,-0.468%,"277,348,404,200"
SHEL,Shell PLC American Depositary Shares (each representing two (2) Ordinary Shares) ,$96.47,0.69,0.72%,"266,843,046,778"
GS,"Goldman Sachs Group, Inc. (The) Common Stock",$916.28,-19.17,-2.049%,"266,794,537,722"
CRWD,"CrowdStrike Holdings, Inc. Class A Common Stock",$259.25,7.12,2.824%,"265,455,107,789"
BABA,Alibaba Group Holding Limited American Depositary Shares each representing eight Ordinary share,$108.76,-0.98,-0.893%,"263,469,579,318"
ANET,"Arista Networks, Inc. Common Stock",$204.92,-1.63,-0.789%,"258,450,154,868"
AZN,AstraZeneca PLC Ordinary Shares,$166.15,-0.43,-0.258%,"257,653,103,134"
SAP,SAP  SE ADS,$209.31,-1.37,-0.65%,"257,138,220,800"
TXN,Texas Instruments Incorporated Common Stock,$278.31,0.24,0.086%,"254,165,963,491"
GEV,GE Vernova Inc. Common Stock,$949.77,-7.86,-0.821%,"252,955,645,226"
RTX,RTX Corporation Common Stock,$187.66,-1.74,-0.919%,"252,920,293,303"
TMO,Thermo Fisher Scientific Inc Common Stock,$678.60,3.60,0.533%,"250,910,508,280"
SNDK,Sandisk Corporation Common Stock,"$1,712.89",-64.91,-3.651%,"250,799,642,623"
KLAC,KLA Corporation Common Stock,$189.17,1.25,0.665%,"246,868,078,092"
TM,Toyota Motor Corporation Common Stock,$188.30,-2.04,-1.072%,"245,428,938,995"
WFC,Wells Fargo & Company Common Stock,$80.81,-2.16,-2.603%,"244,369,386,342"
CCZ,Comcast Holdings ZONES,$64.67,UNCH,--,"229,490,327,176"
AMGN,Amgen Inc. Common Stock,$418.13,3.52,0.849%,"226,054,460,251"
MRVL,"Marvell Technology, Inc. Common Stock",$251.90,-10.035,-3.831%,"220,891,110,000"
C,"Citigroup, Inc. Common Stock",$131.31,-2.97,-2.212%,"220,264,223,976"
LIN,Linde plc Ordinary Shares,$472.04,2.15,0.458%,"217,601,076,143"
BHP,BHP Group Limited American Depositary Shares (Each representing two Ordinary Shares),$84.58,-0.39,-0.459%,"215,010,074,119"
STX,Seagate Technology Holdings PLC Ordinary Shares (Ireland),$921.51,4.68,0.51%,"210,766,431,932"
APH,Amphenol Corporation Common Stock,$84.62,0.53,0.63%,"208,670,120,263"
IBM,International Business Machines Corporation Common Stock,$220.67,-4.84,-2.146%,"207,900,795,841"
AXP,American Express Company Common Stock,$306.33,-2.56,-0.829%,"206,867,661,143"
SAN,"Banco Santander, S.A. Sponsored ADR (Spain)",$14.22,-0.20,-1.387%,"205,830,353,946"
TTE,TotalEnergies SE Ordinary Shares,$90.34,-0.60,-0.66%,"197,109,395,373"
QCOM,QUALCOMM Incorporated Common Stock,$187.48,-14.49,-7.174%,"196,897,855,509"
TD,Toronto Dominion Bank (The) Common Stock,$119.55,-1.10,-0.912%,"195,870,361,350"
VZ,Verizon Communications Inc. Common Stock,$46.68,-0.40,-0.85%,"193,944,906,429"
ADI,"Analog Devices, Inc. Common Stock",$395.43,1.83,0.465%,"191,611,721,825"
GILD,"Gilead Sciences, Inc. Common Stock",$152.21,1.28,0.848%,"188,733,574,143"
CRM,"Salesforce, Inc. Common Stock",$227.27,-6.75,-2.884%,"187,043,210,000"
SHOP,Shopify Inc. Class A Subordinate Voting Shares,$144.01,1.76,1.237%,"186,609,745,710"
DE,Deere & Company Common Stock,$689.59,-0.87,-0.126%,"185,930,987,861"
DIS,Walt Disney Company (The) Common Stock,$105.59,-0.56,-0.528%,"182,320,869,982"
TMUS,"T-Mobile US, Inc. Common Stock",$166.45,1.02,0.617%,"178,546,189,984"
PEP,"PepsiCo, Inc. Common Stock",$128.50,-0.13,-0.101%,"175,388,565,203"
ABT,Abbott Laboratories Common Stock,$100.98,-0.31,-0.306%,"174,734,105,230"
NVO,Novo Nordisk A/S Common Stock,$38.71,-0.09,-0.232%,"171,405,190,429"
T,AT&T Inc.,$24.90,-0.48,-1.891%,"170,624,402,685"
SCHW,Charles Schwab Corporation (The) Common Stock,$98.30,-0.73,-0.737%,"169,993,700,686"
SCCO,Southern Copper Corporation Common Stock,$202.63,-1.29,-0.633%,"169,060,633,587"
WELL,Welltower Inc. Common Stock,$232.96,1.59,0.687%,"167,904,743,785"
ETN,"Eaton Corporation, PLC Ordinary Shares",$431.41,-8.57,-1.948%,"167,559,644,000"
BLK,"BlackRock, Inc. Common Stock","$1,071.25",-15.06,-1.386%,"165,903,693,704"
MCD,McDonald's Corporation Common Stock,$233.60,-2.90,-1.226%,"165,305,061,642"
BBVA,Banco Bilbao Vizcaya Argentaria S.A. Common Stock,$28.80,-0.07,-0.242%,"164,418,298,560"
PFE,"Pfizer, Inc. Common Stock",$28.72,0.05,0.174%,"163,694,625,476"
WDC,Western Digital Corporation Common Stock,$453.23,-3.58,-0.784%,"163,407,972,049"
UNP,Union Pacific Corporation Common Stock,$274.10,0.31,0.113%,"162,836,094,002"
DHR,Danaher Corporation Common Stock,$227.33,2.84,1.265%,"159,809,819,656"
NEE,"NextEra Energy, Inc. Common Stock",$75.49,-0.59,-0.775%,"157,470,494,997"
BUD,Anheuser-Busch Inbev SA Sponsored ADR (Belgium),$77.10,-0.90,-1.154%,"152,051,458,463"
COP,ConocoPhillips Common Stock,$126.04,-1.26,-0.99%,"151,416,575,853"
UBS,UBS Group AG Registered Ordinary Shares,$48.62,-1.05,-2.114%,"150,889,022,293"
ISRG,"Intuitive Surgical, Inc. Common Stock",$414.79,9.61,2.372%,"146,536,197,382"
BA,Boeing Company (The) Common Stock,$184.39,-13.68,-6.907%,"145,736,327,988"
TJX,"TJX Companies, Inc. (The) Common Stock",$130.25,0.19,0.146%,"143,271,621,445"
UBER,"Uber Technologies, Inc. Common Stock",$68.16,-1.46,-2.097%,"139,220,897,847"
MFG,"Mizuho Financial Group, Inc. Sponosred ADR (Japan)",$11.05,-0.02,-0.181%,"137,564,134,819"
SONY,Sony Group Corporation American Depositary Shares ,$23.33,-0.22,-0.934%,"137,554,906,085"
TBB,AT&T Inc. 5.350% Global Notes due 2066,$19.13,-0.08,-0.416%,"136,786,874,232"
NOW,"ServiceNow, Inc. Common Stock",$131.45,-4.17,-3.075%,"135,919,300,000"
UL,Unilever PLC American Depositary Shares (each representing One Ordinary Share),$62.53,-0.01,-0.016%,"134,710,088,820"
VRTX,Vertex Pharmaceuticals Incorporated Common Stock,$527.67,1.48,0.281%,"133,743,725,767"
PBR,Petroleo Brasileiro S.A. Petrobras ADS,$20.65,0.28,1.375%,"133,076,165,768"
GLW,Corning Incorporated Common Stock,$151.59,-5.15,-3.286%,"130,577,857,096"
BMY,Bristol-Myers Squibb Company Common Stock,$63.88,1.02,1.623%,"130,488,612,225"
FTNT,"Fortinet, Inc. Common Stock",$176.33,2.87,1.655%,"129,375,728,433"
CB,Chubb Limited  Common Stock,$331.37,-2.00,-0.60%,"127,842,499,277"
NET,"Cloudflare, Inc. Class A Common Stock",$353.99,4.97,1.424%,"126,048,658,313"
PLD,"Prologis, Inc. Common Stock",$132.44,-0.61,-0.458%,"125,563,185,440"
BKNG,Booking Holdings Inc. Common Stock,$163.87,-0.08,-0.049%,"123,128,722,535"
MNST,Monster Beverage Corporation,$41.86,-1.25,-2.90%,"123,008,983,288"
NEM,Newmont Corporation,$116.05,-5.38,-4.431%,"122,280,988,050"
PH,Parker-Hannifin Corporation Common Stock,$969.55,-8.78,-0.897%,"122,272,291,963"
PGR,Progressive Corporation (The) Common Stock,$209.47,3.97,1.932%,"121,779,944,662"
BTI,"British American Tobacco  Industries, p.l.c. Common Stock ADR",$56.05,0.42,0.755%,"121,086,695,758"
SMFG,Sumitomo Mitsui Financial Group Inc Unsponsored American Depositary Shares (Japan),$26.43,-0.18,-0.676%,"120,556,477,117"
COF,Capital One Financial Corporation Common Stock,$196.46,-3.74,-1.868%,"120,525,230,881"
LMT,Lockheed Martin Corporation Common Stock,$518.10,-1.46,-0.281%,"119,572,689,129"
BMO,Bank Of Montreal Common Stock,$171.15,-1.15,-0.667%,"118,965,036,363"
RIO,Rio Tinto Plc Common Stock,$94.41,-0.15,-0.159%,"118,582,602,715"
SPGI,S&P Global Inc. Common Stock,$395.92,-7.38,-1.83%,"116,717,216,000"
ACN,Accenture plc Class A Ordinary Shares (Ireland),$174.47,-1.64,-0.931%,"116,460,506,339"
BP,BP p.l.c. Common Stock,$44.43,0.28,0.634%,"116,314,647,716"
SNOW,Snowflake Inc. Common Stock,$328.12,-7.82,-2.328%,"115,760,736,000"
MO,"Altria Group, Inc.",$69.13,0.31,0.45%,"115,429,397,604"
HDB,HDFC Bank Limited Common Stock,$22.41,-0.60,-2.608%,"114,988,461,410"
MDT,Medtronic plc. Ordinary Shares,$89.50,0.86,0.97%,"114,482,841,155"
BNS,Bank Nova Scotia Halifax Pfd 3 Ordinary Shares,$92.75,-0.73,-0.781%,"113,784,527,640"
CVS,CVS Health Corporation Common Stock,$87.85,-1.28,-1.436%,"112,357,546,917"
VLO,Valero Energy Corporation Common Stock,$389.57,2.39,0.617%,"112,167,900,982"
PDD,PDD Holdings Inc. American Depositary Shares,$78.49,0.92,1.186%,"111,722,388,302"
MPC,Marathon Petroleum Corporation Common Stock,$389.44,-4.08,-1.037%,"109,364,395,703"
SBUX,Starbucks Corporation Common Stock,$95.27,0.41,0.432%,"108,607,800,000"
EQNR,Equinor ASA,$42.27,0.08,0.19%,"105,686,456,438"
SYK,Stryker Corporation Common Stock,$275.31,2.95,1.083%,"105,601,495,294"
ING,"ING Group, N.V. Common Stock",$36.38,-0.17,-0.465%,"105,590,683,089"
LOW,"Lowe's Companies, Inc. Common Stock",$187.66,-1.62,-0.856%,"105,287,397,206"
HOOD,"Robinhood Markets, Inc. Class A Common Stock",$116.46,-2.94,-2.462%,"104,707,121,514"
ADP,"Automatic Data Processing, Inc. Common Stock",$261.80,-1.87,-0.709%,"103,738,655,266"
FCX,"Freeport-McMoRan, Inc. Common Stock",$71.96,-0.35,-0.484%,"103,335,820,955"
APP,Applovin Corporation Class A Common Stock,$308.24,-2.51,-0.808%,"103,152,824,240"
ENB,Enbridge Inc Common Stock,$46.97,0.23,0.492%,"102,587,582,774"
SPOT,Spotify Technology S.A. Ordinary Shares,$497.51,-12.50,-2.451%,"102,403,740,508"
CM,Canadian Imperial Bank of Commerce Common Stock,$112.15,-1.45,-1.276%,"101,827,280,877"
PSX,Phillips 66 Common Stock,$253.55,-2.20,-0.86%,"101,171,753,252"
BNY,The Bank of New York Mellon Corporation Common Stock,$148.44,-1.71,-1.139%,"100,717,154,838"
GSK,GSK plc American Depositary Shares (Each representing two Ordinary Shares),$49.70,0.46,0.934%,"100,528,469,463"
SNY,Sanofi ADS,$41.18,0.07,0.17%,"100,432,015,627"
MCK,McKesson Corporation Common Stock,$856.29,-10.35,-1.194%,"99,835,161,933"
EQIX,"Equinix, Inc. Common Stock REIT","$1,011.07",2.99,0.297%,"99,763,981,564"
TT,Trane Technologies plc,$452.06,-2.38,-0.524%,"99,463,677,395"
CNQ,Canadian Natural Resources Limited Common Stock,$47.55,0.14,0.295%,"98,373,342,000"
IBN,ICICI Bank Limited Common Stock,$27.30,-0.62,-2.221%,"97,735,536,581"
ASX,"ASE Technology Holding Co., Ltd. American Depositary Shares (each representing Two Common Shares) ",$43.79,-0.52,-1.174%,"97,515,898,058"
DDOG,"Datadog, Inc. Class A Common Stock",$268.70,0.57,0.213%,"96,483,458,949"
PWR,"Quanta Services, Inc. Common Stock",$644.36,-4.77,-0.735%,"94,933,416,396"
SO,Southern Company (The) Common Stock,$82.35,-0.53,-0.639%,"94,732,390,250"
CME,CME Group Inc. Class A Common Stock,$263.24,-1.24,-0.469%,"94,655,645,192"
VRT,"Vertiv Holdings, LLC Class A Common Stock",$244.04,-9.24,-3.648%,"93,952,513,739"
HCA,"HCA Healthcare, Inc. Common Stock",$432.60,-3.01,-0.691%,"93,658,548,900"
MAR,Marriott International Class A Common Stock,$358.57,6.54,1.858%,"93,502,967,888"
AEM,Agnico Eagle Mines Limited Common Stock,$184.15,-10.33,-5.312%,"93,467,357,782"
ABNB,"Airbnb, Inc. Class A Common Stock",$156.08,-1.39,-0.883%,"93,458,469,247"
RACE,Ferrari N.V. Common Shares,$398.00,-13.33,-3.241%,"93,109,924,532"
CEG,Constellation Energy Corporation Common Stock ,$260.43,-2.84,-1.079%,"92,272,270,713"
USB,U.S. Bancorp Common Stock,$58.78,-0.55,-0.927%,"91,582,263,996"
HWM,Howmet Aerospace Inc. Common Stock,$228.32,-4.16,-1.789%,"91,054,335,420"
GD,General Dynamics Corporation Common Stock,$334.16,-2.56,-0.76%,"90,409,392,281"
JCI,Johnson Controls International plc Ordinary Share,$148.89,-1.31,-0.872%,"90,188,847,468"
CDNS,"Cadence Design Systems, Inc. Common Stock",$326.70,0.57,0.175%,"89,970,893,100"
ADBE,Adobe Inc. Common Stock,$231.01,-4.46,-1.894%,"89,909,092,000"
PNC,"PNC Financial Services Group, Inc. (The) Common Stock",$223.67,-1.97,-0.873%,"89,231,729,998"
EMR,Emerson Electric Company Common Stock,$159.39,1.16,0.733%,"88,907,742,000"
BN,Brookfield Corporation Class A Limited Voting Shares,$36.27,-0.60,-1.627%,"88,888,690,350"
DUK,Duke Energy Corporation (Holding Company) Common Stock,$113.41,0.06,0.053%,"88,426,025,708"
ITUB,Itau Unibanco Banco Holding SA American Depositary Shares (Each repstg 500 Preferred shares),$7.99,-0.12,-1.48%,"88,101,930,995"
E,ENI S.p.A. Common Stock,$55.62,0.91,1.663%,"87,511,537,820"
MMM,3M Company Common Stock,$169.48,-0.07,-0.041%,"87,404,635,233"
MELI,"MercadoLibre, Inc. Common Stock","$1,712.41",-40.20,-2.294%,"86,813,710,713"
CSX,CSX Corporation Common Stock,$46.76,-0.02,-0.043%,"86,621,727,119"
BX,Blackstone Inc. Common Stock,$114.56,-3.86,-3.26%,"85,991,613,060"
ICE,Intercontinental Exchange Inc. Common Stock,$152.91,-1.40,-0.907%,"85,842,831,007"
ELV,"Elevance Health, Inc. Common Stock",$394.59,-1.50,-0.379%,"85,574,453,141"
LYG,Lloyds Banking Group Plc American Depositary Shares,$5.72,-0.05,-0.867%,"84,776,199,588"
WMB,"Williams Companies, Inc. (The) Common Stock",$68.98,-0.28,-0.404%,"84,374,092,219"
KKR,KKR & Co. Inc. Common Stock,$93.24,-3.43,-3.548%,"83,695,543,437"
HPE,Hewlett Packard Enterprise Company Common Stock,$62.63,-0.31,-0.493%,"83,139,119,109"
BCS,Barclays PLC Common Stock,$24.61,-0.20,-0.806%,"82,696,206,431"
LITE,Lumentum Holdings Inc. Common Stock,$921.32,-20.33,-2.159%,"82,642,404,000"
WM,"Waste Management, Inc. Common Stock",$206.44,-0.39,-0.189%,"82,517,202,585"
SHW,Sherwin-Williams Company (The) Common Stock,$332.79,3.69,1.121%,"80,787,485,071"
MRSH,Marsh Common Stock,$169.03,-2.09,-1.221%,"80,663,020,630"
SU,Suncor Energy  Inc. Common Stock,$68.77,0.58,0.851%,"80,435,428,417"
UPS,"United Parcel Service, Inc. Common Stock",$94.25,0.29,0.309%,"80,186,164,104"
CTAS,Cintas Corporation Common Stock,$200.58,0.67,0.335%,"80,135,073,125"
SNPS,"Synopsys, Inc. Common Stock",$417.61,-8.15,-1.914%,"80,029,379,736"
MCO,Moody's Corporation Common Stock,$460.08,-8.62,-1.839%,"79,685,856,000"
EPD,Enterprise Products Partners L.P. Common Stock,$36.65,-0.10,-0.272%,"79,144,838,244"
NGG,"National Grid Transco, PLC National Grid PLC (NEW) American Depositary Shares",$75.24,-0.25,-0.331%,"78,999,465,766"
MRNA,"Moderna, Inc. Common Stock",$197.28,-1.60,-0.805%,"78,761,256,182"
ECL,Ecolab Inc. Common Stock,$280.23,0.74,0.265%,"78,556,484,419"
AMT,American Tower Corporation (REIT) Common Stock,$168.00,-1.03,-0.609%,"78,281,288,064"
ITW,Illinois Tool Works Inc. Common Stock,$273.83,-0.49,-0.179%,"77,986,784,000"
WBD,"Warner Bros. Discovery, Inc. Series A Common Stock ",$30.90,0.04,0.13%,"77,580,732,403"
REGN,"Regeneron Pharmaceuticals, Inc. Common Stock",$752.25,-35.79,-4.542%,"77,447,889,723"
BE,Bloom Energy Corporation Class A Common Stock,$262.87,-25.83,-8.947%,"77,422,403,443"
CMCSA,Comcast Corporation Class A Common Stock,$21.79,-0.12,-0.548%,"77,324,790,926"
DASH,"DoorDash, Inc. Class A Common Stock",$178.39,-14.97,-7.742%,"77,296,018,981"
NTES,"NetEase, Inc. American Depositary Shares",$121.04,5.63,4.878%,"77,239,025,829"
CP,Canadian Pacific Kansas City Limited Common Shares,$86.56,-0.35,-0.403%,"77,234,362,924"
MDLZ,"Mondelez International, Inc. Class A Common Stock",$60.18,-0.07,-0.116%,"76,808,218,870"
SLB,SLB Limited Common Shares,$51.49,-0.05,-0.097%,"76,418,534,964"
TRV,"The Travelers Companies, Inc. Common Stock",$363.16,0.12,0.033%,"75,746,104,990"
ROST,"Ross Stores, Inc. Common Stock",$237.09,0.97,0.411%,"75,739,137,850"
MSI,"Motorola Solutions, Inc. Common Stock",$452.08,-4.80,-1.051%,"74,816,431,679"
EOG,"EOG Resources, Inc. Common Stock",$140.63,0.28,0.20%,"73,764,538,021"
CNI,Canadian National Railway Company Common Stock,$121.14,0.21,0.174%,"73,180,674,000"
NWG,"NatWest Group plc American Depositary Shares, (each representing two (2) Ordinary Shares)",$18.34,-0.15,-0.811%,"72,902,134,436"
MFC,Manulife Financial Corporation Common Stock,$43.50,-0.36,-0.821%,"72,596,737,359"
HLT,Hilton Worldwide Holdings Inc. Common Stock ,$320.28,6.32,2.013%,"72,083,789,375"
INTU,Intuit Inc. Common Stock,$269.40,-6.39,-2.317%,"71,993,378,400"
TGT,Target Corporation Common Stock,$158.43,0.98,0.622%,"71,974,231,884"
NOC,Northrop Grumman Corporation Common Stock,$505.80,-4.72,-0.925%,"71,855,478,551"
CI,The Cigna Group Common Stock,$271.83,-0.18,-0.066%,"71,828,491,309"
BRKRP,"Bruker Corporation 6.375% Mandatory Convertible Preferred Stock, Series A",$469.28,-1.24,-0.264%,"71,499,179,812"
CMI,Cummins Inc. Common Stock,$517.84,-7.22,-1.375%,"71,288,177,948"
BAM,Brookfield Asset Management Inc Class A Limited Voting Shares,$44.50,-0.09,-0.202%,"71,077,047,301"
GM,General Motors Company Common Stock,$80.64,-1.99,-2.408%,"70,757,692,266"
NSC,Norfolk Southern Corporation Common Stock,$313.05,0.05,0.016%,"70,313,651,168"
APO,"Apollo Global Management, Inc. (New) Common Stock",$119.00,-2.69,-2.211%,"70,274,635,921"
ORLY,"O'Reilly Automotive, Inc. Common Stock",$86.51,0.395,0.459%,"69,983,198,116"
ET,Energy Transfer LP Common Units ,$20.10,-0.09,-0.446%,"69,210,321,980"
CL,Colgate-Palmolive Company Common Stock,$86.52,0.46,0.535%,"68,971,393,165"
FDX,FedEx Corporation Common Stock,$289.65,3.80,1.329%,"68,551,591,498"
KMI,"Kinder Morgan, Inc. Common Stock",$30.63,-0.12,-0.39%,"68,206,947,986"
DB,Deutsche Bank AG Common Stock,$36.08,-0.49,-1.34%,"67,880,912,000"
B,Barrick Mining Corporation Common Shares,$41.09,-1.79,-4.174%,"67,629,390,777"
HON,Honeywell International Inc. Common Stock,$211.52,-1.03,-0.485%,"67,039,150,915"
CVNA,Carvana Co. Class A Common Stock,$60.47,-4.59,-7.055%,"66,545,044,172"
MPWR,"Monolithic Power Systems, Inc. Common Stock","$1,351.20",-16.23,-1.187%,"66,402,021,600"
SPG,"Simon Property Group, Inc. Common Stock",$204.53,-0.29,-0.142%,"66,175,991,363"
MSTR,Strategy Inc Common Stock Class A,$157.14,-1.47,-0.927%,"66,076,899,051"
DLR,"Digital Realty Trust, Inc. Common Stock",$177.18,-1.43,-0.801%,"65,563,009,664"
RSG,"Republic Services, Inc. Common Stock",$212.93,0.83,0.391%,"65,201,929,406"
AMX,"America Movil, S.A.B. de C.V. American Depositary Shares (each representing the right to receive twenty (20) Series B Shares",$21.66,-0.37,-1.68%,"65,191,185,000"
URI,"United Rentals, Inc. Common Stock","$1,043.92",-3.14,-0.30%,"64,976,179,117"
RCL,Royal Caribbean Cruises Ltd. Common Stock,$242.59,-0.11,-0.045%,"64,881,201,058"
AEP,"American Electric Power Company, Inc. Common Stock",$118.20,-0.15,-0.127%,"64,347,767,006"
BSX,Boston Scientific Corporation Common Stock,$44.11,0.19,0.433%,"63,925,514,392"
NBIS,Nebius Group N.V. Class A Ordinary Shares,$231.88,-5.45,-2.296%,"63,037,787,950"
TER,"Teradyne, Inc. Common Stock",$401.30,2.92,0.733%,"62,739,542,975"
TEL,TE Connectivity plc Ordinary Shares,$214.71,-3.88,-1.775%,"62,161,385,184"
APD,"Air Products and Chemicals, Inc. Common Stock",$278.75,-3.01,-1.068%,"62,073,591,488"
WPM,Wheaton Precious Metals Corp Common Shares (Canada),$135.62,-7.30,-5.108%,"61,593,174,860"
TDG,Transdigm Group Incorporated Common Stock,"$1,109.22",-6.98,-0.625%,"61,313,827,061"
KEYS,Keysight Technologies Inc. Common Stock,$359.74,-2.41,-0.665%,"61,243,844,566"
ALAB,"Astera Labs, Inc. Common Stock",$351.31,-13.31,-3.65%,"60,947,051,886"
MET,"MetLife, Inc. Common Stock",$95.82,-1.88,-1.924%,"60,891,399,145"
SE,"Sea Limited American Depositary Shares, each representing one Class A Ordinary Share",$98.91,-0.64,-0.643%,"60,580,844,071"
ARGX,argenx SE American Depositary Shares,$972.25,12.76,1.33%,"60,340,642,858"
UMC,United Microelectronics Corporation (NEW) Common Stock,$23.85,-0.46,-1.892%,"60,045,505,766"
BMNP,"BitMine Immersion Technologies, Inc. 9.5% Series A Perpetual Preferred Stock",$99.16,-0.30,-0.302%,"59,815,929,229"
TAK,Takeda Pharmaceutical Company Limited American Depositary Shares (each representing 1/2 of a share of Common Stock),$18.90,0.04,0.212%,"59,721,063,091"
NXPI,NXP Semiconductors N.V. Common Stock,$236.32,-1.76,-0.739%,"59,591,437,600"
TRGP,"Targa Resources, Inc. Common Stock",$277.43,-0.41,-0.148%,"59,489,598,156"
NU,Nu Holdings Ltd. Class A Ordinary Shares,$12.23,-1.36,-10.007%,"59,384,888,519"
NTRA,"Natera, Inc. Common Stock",$411.77,-0.79,-0.191%,"59,354,244,881"
IMO,Imperial Oil Limited Common Stock,$122.34,-0.52,-0.423%,"59,162,767,620"
GWW,"W.W. Grainger, Inc. Common Stock","$1,255.69",12.62,1.015%,"59,144,181,860"
AJG,Arthur J. Gallagher & Co. Common Stock,$229.46,-1.64,-0.71%,"58,810,598,000"
PCAR,PACCAR Inc. Common Stock,$111.65,0.34,0.305%,"58,768,647,002"
TRP,TC Energy Corporation Common Stock,$58.68,-0.10,-0.17%,"58,680,000,000"
MPLX,MPLX LP Common Units Representing Limited Partner Interests,$57.66,0.86,1.514%,"58,459,066,753"
FIX,"Comfort Systems USA, Inc. Common Stock","$1,658.30",-0.61,-0.037%,"58,362,755,781"
CVE,Cenovus Energy Inc Common Stock,$31.10,0.17,0.55%,"58,312,500,000"
NOK,Nokia Corporation Sponsored American Depositary Shares,$10.12,-0.27,-2.599%,"58,111,465,724"
VALE,VALE S.A.  American Depositary Shares Each Representing one common share,$13.59,-0.02,-0.147%,"58,022,700,057"
COR,"Cencora, Inc. Common Stock",$303.81,-3.11,-1.013%,"57,975,200,999"
FAST,Fastenal Company Common Stock,$50.49,0.06,0.119%,"57,937,152,461"
RELX,RELX PLC PLC American Depositary Shares (Each representing One Ordinary Share),$33.07,-0.45,-1.342%,"57,791,824,478"
AON,Aon plc Class A Ordinary Shares (Ireland),$272.10,-5.89,-2.119%,"57,719,330,591"
AME,"AMETEK, Inc.",$251.67,0.93,0.371%,"57,698,177,277"
ALL,Allstate Corporation (The) Common Stock,$227.55,-0.05,-0.022%,"57,537,826,523"
TFC,Truist Financial Corporation Common Stock,$47.09,-0.57,-1.196%,"57,526,377,193"
AFL,AFLAC Incorporated Common Stock,$113.55,-0.17,-0.149%,"56,927,531,488"
GRMN,Garmin Ltd. Common Stock (Switzerland),$294.05,-0.09,-0.031%,"56,708,288,211"
BKR,Baker Hughes Company Class A Common Stock,$57.12,-0.71,-1.228%,"56,701,542,936"
OXY,Occidental Petroleum Corporation Common Stock,$56.10,-0.76,-1.337%,"56,079,656,513"
CRH,CRH PLC Ordinary Shares,$83.75,-1.29,-1.517%,"56,057,177,430"
OKE,"ONEOK, Inc. Common Stock",$88.62,-0.01,-0.011%,"55,863,359,890"
LNG,"Cheniere Energy, Inc. Common Stock",$269.65,1.11,0.413%,"55,691,935,705"
NUE,Nucor Corporation Common Stock,$244.49,-2.76,-1.116%,"55,468,834,025"
COHR,Coherent Corp. Common Stock,$282.45,-13.38,-4.523%,"55,312,817,883"
DAL,"Delta Air Lines, Inc. Common Stock",$84.03,-0.91,-1.071%,"55,260,063,211"
NKE,"Nike, Inc. Common Stock",$36.39,0.64,1.79%,"53,984,517,802"
MT,Arcelor Mittal NY Registry Shares NEW,$69.85,-0.85,-1.202%,"53,164,638,457"
D,"Dominion Energy, Inc. Common Stock",$60.28,-0.40,-0.659%,"53,017,824,206"
O,Realty Income Corporation Common Stock,$55.35,-0.19,-0.342%,"52,373,168,127"
FANG,"Diamondback Energy, Inc. Common Stock",$185.23,-1.44,-0.771%,"51,868,910,906"
CTVA,"Corteva, Inc. Common Stock ",$77.74,-0.78,-0.993%,"51,867,817,040"
NDAQ,"Nasdaq, Inc. Common Stock",$92.62,-0.93,-0.994%,"51,772,484,195"
DVN,Devon Energy Corporation Common Stock,$46.73,-0.32,-0.68%,"51,403,000,000"
SOMN,Southern Company (The) 2025 Series A Corporate Units,$44.64,-0.10,-0.224%,"51,352,202,802"
CAH,"Cardinal Health, Inc. Common Stock",$220.29,0.07,0.032%,"51,010,208,110"
HBANL,"Huntington Bancshares Incorporated Depositary Shares, Each Representing a 1/40th Interest in a Share of 6.875% Series J Non-Cumulative Perpetual Preferred Stock",$25.18,-0.09,-0.356%,"50,874,045,319"
COIN,"Coinbase Global, Inc. Class A Common Stock",$191.79,-3.32,-1.702%,"50,601,283,462"
SRE,DBA Sempra Common Stock,$76.89,-1.04,-1.335%,"50,278,397,758"
BDX,"Becton, Dickinson and Company Common Stock",$183.83,0.01,0.005%,"50,072,865,444"
EW,Edwards Lifesciences Corporation Common Stock,$86.83,0.54,0.626%,"50,048,812,000"
PSA,Public Storage Common Stock,$284.79,-3.18,-1.104%,"50,015,142,752"
A,"Agilent Technologies, Inc. Common Stock",$175.21,2.42,1.401%,"49,396,754,509"
WAB,Westinghouse Air Brake Technologies Corporation Common Stock,$292.37,4.37,1.517%,"49,384,465,507"
STT,State Street Corporation Common Stock,$179.73,-1.61,-0.888%,"49,372,148,223"
CIEN,Ciena Corporation Common Stock,$344.19,-12.72,-3.564%,"48,809,076,220"
F,Ford Motor Company Common Stock,$12.38,-0.33,-2.596%,"48,489,285,657"
VMRK,Vivmark Residential Common Shares of Beneficial Interest,$61.37,-0.14,-0.228%,"48,328,875,000"
HONA,Honeywell Aerospace Inc. Common Stock ,$152.32,-6.46,-4.069%,"48,278,239,072"
DEO,Diageo plc Common Stock,$86.24,-1.28,-1.463%,"48,005,491,343"
ROK,"Rockwell Automation, Inc. Common Stock",$431.22,-2.93,-0.675%,"47,983,554,013"
EBAY,eBay Inc. Common Stock,$107.32,-0.58,-0.538%,"47,757,400,000"
AZO,"AutoZone, Inc. Common Stock","$2,913.28",41.12,1.432%,"47,560,330,214"
FNV,Franco-Nevada Corporation,$245.81,-12.06,-4.677%,"47,410,311,236"
STM,STMicroelectronics N.V. Common Stock,$52.74,0.81,1.56%,"47,072,834,217"
AU,AngloGold Ashanti PLC Ordinary Shares,$92.77,-6.26,-6.321%,"46,920,213,879"
CRWV,"CoreWeave, Inc. Class A Common Stock",$85.07,-2.52,-2.877%,"46,919,218,732"
HUM,Humana Inc. Common Stock,$389.63,-8.30,-2.086%,"46,786,890,406"
FITB,Fifth Third Bancorp Common Stock,$51.57,-0.53,-1.017%,"46,768,449,525"
CBRS,Cerebras Systems Inc. Class A Common Stock,$196.74,-10.01,-4.842%,"46,738,349,426"
CCEP,Coca-Cola Europacific Partners plc Ordinary Shares,$102.87,1.14,1.121%,"46,701,172,883"
PYPL,"PayPal Holdings, Inc. Common Stock",$54.28,-0.76,-1.381%,"46,434,416,241"
VST,Vistra Corp. Common Stock,$138.02,-0.44,-0.318%,"46,324,369,614"
MDLN,Medline Inc. Class A Common Stock,$35.07,0.37,1.066%,"46,106,791,744"
CARR,Carrier Global Corporation Common Stock ,$55.87,-0.50,-0.887%,"46,055,040,935"
SMCIP,"Super Micro Computer, Inc. Depositary Shares representing a 1/20th Interest in a Share of 7% Series A Mandatory Convertible Preferred Stock",$69.93,-2.27,-3.144%,"45,941,589,303"
ETR,Entergy Corporation Common Stock,$98.10,-0.47,-0.477%,"45,776,549,954"
KB,KB Financial Group Inc,$127.17,-0.09,-0.071%,"45,601,600,607"
WDAY,"Workday, Inc. Class A Common Stock",$188.60,-0.85,-0.449%,"45,452,600,000"
VEEV,Veeva Systems Inc. Class A Common Stock,$279.96,-0.72,-0.257%,"45,328,001,646"
RKLB,Rocket Lab Corporation Common Stock,$72.19,-1.76,-2.38%,"45,317,975,558"
TEVA,Teva Pharmaceutical Industries Limited Ordinary Shares,$38.88,-0.31,-0.791%,"45,306,711,746"
ABEV,Ambev S.A. American Depositary Shares (Each representing 1 Common Share),$2.87,-0.04,-1.375%,"45,235,903,230"
TEAM,Atlassian Corporation Class A Common Stock,$178.54,-9.20,-4.90%,"45,195,404,030"
VTR,"Ventas, Inc. Common Stock",$87.04,0.45,0.52%,"44,646,851,087"
AMP,"Ameriprise Financial, Inc. Common Stock",$496.16,3.16,0.641%,"44,603,337,197"
IQV,"IQVIA Holdings, Inc. Common Stock",$270.97,0.60,0.222%,"44,601,662,000"
LHX,"L3Harris Technologies, Inc. Common Stock",$237.70,0.01,0.004%,"44,263,214,223"
SLF,Sun Life Financial Inc. Common Stock,$79.48,-0.43,-0.538%,"44,259,614,622"
TWLO,Twilio Inc. Class A Common Stock,$286.98,11.18,4.054%,"44,073,016,636"
XYZ,"Block, Inc. Class A Common Stock,",$73.31,-3.11,-4.07%,"44,044,281,450"
FERG,Ferguson Enterprises Inc. Common Stock,$227.30,4.56,2.047%,"43,971,802,574"
IX,ORIX Corporation American Depositary Shares,$39.03,-0.16,-0.408%,"43,873,881,535"
STRF,Strategy Inc 10.00% Series A Perpetual Strife Preferred Stock,$103.55,-0.11,-0.106%,"43,542,464,661"
WAT,Waters Corporation Common Stock,$442.94,9.40,2.168%,"43,518,018,286"
XEL,Xcel Energy Inc. Common Stock,$69.39,-0.41,-0.587%,"43,343,374,493"
ADSK,"Autodesk, Inc. Common Stock",$207.19,-2.21,-1.055%,"43,302,710,000"
RVMD,"Revolution Medicines, Inc. Common Stock",$201.74,-3.23,-1.576%,"43,240,228,967"
P,"Everpure, Inc. Class A common stock",$129.40,3.40,2.698%,"43,119,606,279"
KDP,Keurig Dr Pepper Inc. Common Stock,$31.46,-0.26,-0.82%,"42,811,587,155"
INFY,Infosys Limited American Depositary Shares,$10.52,0.02,0.19%,"42,672,908,157"
BSBR,"Banco Santander Brasil SA American Depositary Shares, each representing one unit",$5.71,-0.05,-0.868%,"42,660,541,328"
HEI,Heico Corporation Common Stock,$304.61,-3.92,-1.271%,"42,571,503,137"
MCHP,Microchip Technology Incorporated Common Stock,$77.97,-0.72,-0.915%,"42,338,387,637"
TRI,Thomson Reuters Corporation Common Shares,$97.33,-1.66,-1.677%,"42,163,356,000"
HMC,"Honda Motor Company, Ltd. Common Stock",$32.49,-0.44,-1.336%,"42,156,646,187"
WDS,"Woodside Energy Group Limited American Depositary Shares, each representing one Ordinary Share",$22.09,0.05,0.227%,"41,995,302,159"
FLEX,Flex Ltd. Ordinary Shares,$113.04,-1.64,-1.43%,"41,757,312,633"
ONC,BeOne Medicines Ltd. American Depositary Shares,$367.00,6.15,1.704%,"41,728,588,859"
IDXX,"IDEXX Laboratories, Inc. Common Stock",$529.06,9.80,1.887%,"41,679,937,231"
STRC,Strategy Inc Variable Rate Series A Perpetual Stretch Preferred Stock,$99.10,0.56,0.568%,"41,671,252,997"
EXC,Exelon Corporation Common Stock,$40.32,-0.02,-0.05%,"41,620,479,949"
ILMN,"Illumina, Inc. Common Stock",$271.90,1.90,0.704%,"41,056,900,000"
CLS,"Celestica, Inc. Common Stock",$356.53,-8.91,-2.438%,"40,991,361,839"
LYV,"Live Nation Entertainment, Inc. Common Stock",$171.89,1.02,0.597%,"40,503,104,195"
FMX,Fomento Economico Mexicano S.A.B. de C.V. Common Stock,$118.85,-0.77,-0.644%,"40,489,992,472"
HBANM,Huntington Bancshares Incorporated Depositary Shares each representing a 1/1000th interest in a share of Huntington Series I Preferred Stock,$19.99,-0.04,-0.20%,"40,388,092,372"
HLN,Haleon plc American Depositary Shares (Each representing two Ordinary Shares),$9.17,-0.09,-0.972%,"40,332,176,175"
CMG,"Chipotle Mexican Grill, Inc. Common Stock",$31.85,0.52,1.66%,"40,303,563,300"
NTAP,"NetApp, Inc. Common Stock",$204.41,3.265,1.623%,"40,150,008,812"
FER,Ferrovial N.V. Ordinary Shares,$55.77,-0.06,-0.107%,"40,124,158,829"
PRU,"Prudential Financial, Inc. Common Stock",$116.09,-3.36,-2.813%,"40,051,050,000"
WCN,"Waste Connections, Inc. Common Shares",$156.16,0.60,0.386%,"39,855,940,372"
MSCI,MSCI Inc. Common Stock,$542.72,-8.64,-1.567%,"39,455,744,000"
IBKR,"Interactive Brokers Group, Inc. Class A Common Stock",$87.08,-2.16,-2.42%,"39,454,047,131"
ARES,Ares Management Corporation Class A Common Stock,$118.34,-3.67,-3.008%,"39,085,007,280"
DHI,"D.R. Horton, Inc. Common Stock",$139.42,-2.09,-1.477%,"38,995,950,645"
ADM,Archer-Daniels-Midland Company Common Stock,$80.38,-0.74,-0.912%,"38,739,911,282"
SYY,Sysco Corporation Common Stock,$78.57,0.11,0.14%,"38,649,679,837"
SHG,Shinhan Financial Group Co Ltd American Depositary Shares,$81.12,0.17,0.21%,"38,503,961,764"
VOD,Vodafone Group Plc American Depositary Shares,$16.58,-0.04,-0.241%,"38,371,029,587"
HBANZ,"Huntington Bancshares Incorporated Depositary Shares, Each Representing a 1/1000th Interest in a Share of 5.50% Series L Non-Cumulative Perpetual Preferred Stock",$18.97,-0.08,-0.42%,"38,327,269,249"
AIG,"American International Group, Inc. New Common Stock",$72.78,-1.39,-1.874%,"38,056,164,840"
ED,"Consolidated Edison, Inc. Common Stock",$102.83,-0.27,-0.262%,"38,029,478,331"
CCJ,Cameco Corporation Common Stock,$87.04,-1.03,-1.17%,"37,908,790,405"
TTWO,"Take-Two Interactive Software, Inc. Common Stock",$202.35,0.91,0.452%,"37,835,492,641"
CBRE,CBRE Group Inc Common Stock Class A,$130.35,-4.20,-3.122%,"37,746,140,094"
YUM,"Yum! Brands, Inc.",$138.28,-0.35,-0.252%,"37,736,762,034"
BBD,Banco Bradesco Sa American Depositary Shares,$3.35,-0.06,-1.76%,"37,470,400,671"
BTSGU,"BrightSpring Health Services, Inc. Tangible Equity Unit",$188.43,4.12,2.235%,"37,283,558,932"
ODFL,"Old Dominion Freight Line, Inc. Common Stock",$176.85,3.55,2.048%,"36,671,018,601"
BAP,Credicorp Ltd. Common Stock,$385.95,-0.21,-0.054%,"36,426,855,246"
MCHPP,Microchip Technology Incorporated Depositary Shares Each Representing a 1/20th Interest in a Share of 7.50% Series A Mandatory Convertible Preferred Stock,$66.78,-0.34,-0.507%,"36,262,120,385"
CRDO,Credo Technology Group Holding Ltd Ordinary Shares,$192.67,-18.30,-8.674%,"36,212,696,041"
UAL,"United Airlines Holdings, Inc. Common Stock",$111.51,-2.48,-2.176%,"36,194,336,416"
JD,"JD.com, Inc. American Depositary Shares",$26.61,0.10,0.377%,"35,763,840,000"
CHT,"Chunghwa Telecom Co., Ltd.",$45.98,-0.17,-0.368%,"35,668,739,191"
VIK,Viking Holdings Ltd Ordinary Shares,$79.30,-1.00,-1.245%,"35,350,832,893"
PAYX,"Paychex, Inc. Common Stock",$99.30,-2.07,-2.042%,"35,348,860,969"
OKTA,"Okta, Inc. Class A Common Stock",$202.18,6.99,3.581%,"35,345,295,223"
KR,Kroger Company (The) Common Stock,$59.69,0.95,1.617%,"35,252,239,503"
ROP,"Roper Technologies, Inc. Common Stock",$354.00,-4.56,-1.272%,"35,010,909,396"
NTR,Nutrien Ltd. Common Shares,$71.98,-0.25,-0.346%,"34,691,641,531"
EL,"Estee Lauder Companies, Inc. (The) Common Stock",$95.57,1.10,1.164%,"34,577,089,048"
AXON,"Axon Enterprise, Inc. Common Stock",$424.75,-5.36,-1.246%,"34,505,592,021"
TKO,"TKO Group Holdings, Inc. Class A Common Stock",$181.58,-1.09,-0.597%,"34,367,594,487"
KVUE,Kenvue Inc. Common Stock,$17.88,0.08,0.449%,"34,343,429,590"
EC,Ecopetrol S.A. American Depositary Shares,$16.70,0.12,0.724%,"34,332,440,075"
ALNY,"Alnylam Pharmaceuticals, Inc. Common Stock",$255.36,-0.60,-0.234%,"34,169,496,372"
HIG,"The Hartford Insurance Group, Inc. Common Stock",$126.04,1.81,1.457%,"34,140,707,132"
BBDO,Banco Bradesco Sa American Depositary Shares (each representing one Common Share),$3.04,-0.06,-1.935%,"34,002,990,459"
BIIB,Biogen Inc. Common Stock,$228.69,1.09,0.479%,"33,789,861,803"
EME,"EMCOR Group, Inc. Common Stock",$765.52,3.31,0.434%,"33,767,011,414"
RPRX,Royalty Pharma plc Class A Ordinary Shares ,$58.37,0.16,0.275%,"33,562,820,277"
UI,Ubiquiti Inc. Common Stock,$553.37,-7.30,-1.302%,"33,494,590,194"
JBL,Jabil Inc. Common Stock,$318.93,2.19,0.691%,"33,419,746,295"
PEG,Public Service Enterprise Group Incorporated Common Stock,$66.73,-0.29,-0.433%,"33,259,568,602"
PPLC,PPL Corporation Corporate Units,$44.14,0.05,0.113%,"33,217,329,282"
IRM,Iron Mountain Incorporated (Delaware)Common Stock REIT,$111.05,-0.33,-0.296%,"33,059,897,273"
WEC,"WEC Energy Group, Inc. Common Stock",$101.45,UNCH,--,"33,057,419,905"
HSY,The Hershey Company Common Stock,$164.41,-1.96,-1.178%,"33,034,187,267"
STLD,"Steel Dynamics, Inc.",$230.39,-3.27,-1.399%,"33,021,358,194"
RKT,"Rocket Companies, Inc. Class A Common Stock",$11.64,-0.53,-4.355%,"32,960,317,780"
KMB,Kimberly-Clark Corporation Common Stock,$98.77,0.34,0.345%,"32,848,831,583"
ESLT,Elbit Systems Ltd. Ordinary Shares,$704.27,-30.73,-4.181%,"32,754,846,244"
DXCM,"DexCom, Inc. Common Stock",$86.68,0.06,0.069%,"32,709,631,110"
ALC,Alcon Inc. Ordinary Shares,$65.26,0.79,1.225%,"32,610,422,000"
ZS,"Zscaler, Inc. Common Stock",$199.39,6.34,3.284%,"32,511,476,234"
QSR,Restaurant Brands International Inc. Common Shares,$71.43,-0.21,-0.293%,"32,465,570,227"
ACGL,Arch Capital Group Ltd. Common Stock,$94.90,0.24,0.254%,"32,382,644,057"
VG,"Venture Global, Inc. Class A common stock",$12.89,0.27,2.139%,"32,226,196,849"
RMD,ResMed Inc. Common Stock,$222.10,0.10,0.045%,"32,038,437,163"
PCG,Pacific Gas & Electric Co. Common Stock,$11.95,-0.39,-3.16%,"32,027,320,427"
NTRS,Northern Trust Corporation Common Stock,$174.55,-1.18,-0.671%,"31,934,909,231"
TECK,Teck Resources Ltd Ordinary Shares,$65.16,-0.89,-1.347%,"31,898,610,803"
VMC,Vulcan Materials Company (Holding Company) Common Stock,$246.15,1.15,0.469%,"31,895,806,605"
MTB,M&T Bank Corporation Common Stock,$220.44,-0.75,-0.339%,"31,835,120,795"
HBANP,Huntington Bancshares Incorporated Depositary Shares 4.500% Series H Non-Cumulative Perpetual Preferred Stock,$15.72,-0.21,-1.318%,"31,760,921,065"
ERIC,Ericsson American Depositary Shares,$9.42,-0.11,-1.154%,"31,758,133,344"
STRK,Strategy Inc 8.00% Series A Perpetual Strike Preferred Stock,$75.15,0.26,0.347%,"31,600,349,775"
PUK,Prudential Public Limited Company Common Stock,$25.20,-0.05,-0.198%,"31,494,905,165"
GFI,Gold Fields Limited American Depositary Shares,$35.18,-5.20,-12.878%,"31,486,953,009"
EQT,EQT Corporation Common Stock,$49.87,-0.94,-1.85%,"31,194,482,920"
RJF,"Raymond James Financial, Inc. Common Stock",$161.16,1.29,0.807%,"31,001,013,345"
MTD,"Mettler-Toledo International, Inc. Common Stock","$1,545.26",33.62,2.224%,"30,961,693,160"
HBAN,Huntington Bancshares Incorporated Common Stock,$15.30,-0.34,-2.174%,"30,912,346,838"
CNC,Centene Corporation Common Stock,$62.53,0.71,1.148%,"30,889,507,350"
SUNB,"Sunbelt Rentals Holdings, Inc. Common Stock",$74.89,-0.17,-0.226%,"30,687,293,136"
STRD,Strategy Inc 10.00% Series A Perpetual Stride Preferred Stock,$72.55,-1.17,-1.587%,"30,507,057,568"
AGNCN,"AGNC Investment Corp. Depositary Shares Each Representing a 1/1,000th Interest in a Share of 7.00% Series C Fixed-To-Floating Rate Cumulative Redeemable Preferred Stock",$25.67,-0.03,-0.117%,"30,431,308,744"
CQP,"Cheniere Energy Partners, LP Common Units",$62.80,-0.63,-0.993%,"30,398,823,811"
CCL,Carnival Corporation Ltd. Common Shares,$22.14,-0.11,-0.494%,"30,324,031,495"
AGNCO,"AGNC Investment Corp. Depositary Shares, each representing a 1/1,000th interest in a share of 6.50% Series E Fixed-to-Floating Cumulative Redeemable Preferred Stock",$25.54,-0.07,-0.273%,"30,277,196,156"
EXPE,"Expedia Group, Inc. Common Stock",$264.23,0.06,0.023%,"30,253,249,279"
GEHC,GE HealthCare Technologies Inc. Common Stock ,$66.78,0.15,0.225%,"30,163,607,909"
AGNCL,"AGNC Investment Corp. Depositary Shares Each Representing a 1/1,000th Interest in a Share of 7.75% Series G Fixed-Rate Reset Cumulative Redeemable Preferred Stock",$25.41,-0.06,-0.236%,"30,123,083,568"
RBLX,Roblox Corporation Class A Common Stock,$41.86,-4.58,-9.862%,"29,903,776,890"
AGNCP,"AGNC Investment Corp. Depositary Shares Each Representing a 1/1,000th Interest in a Share of 6.125% Series F Fixed-to-Floating Rate Cumulative Redeemable Preferred Stock",$25.20,-0.03,-0.119%,"29,874,132,464"
AGNCM,AGNC Investment Corp. Depositary Shares rep 6.875% Series D Fixed-to-Floating Cumulative Redeemable Preferred Stock,$25.11,-0.14,-0.554%,"29,767,439,134"
TS,Tenaris S.A. American Depositary Shares,$56.12,0.65,1.172%,"29,712,752,576"
AGNCZ,"AGNC Investment Corp. Depositary Shares Each Representing a 1/1,000th Interest in a Share of 8.75% Series H Fixed-Rate Cumulative Redeemable Preferred Stock",$25.02,-0.07,-0.279%,"29,660,745,804"
IR,Ingersoll Rand Inc. Common Stock,$76.38,0.30,0.394%,"29,635,396,387"
BIDU,"Baidu, Inc. ADS",$86.97,-0.36,-0.412%,"29,591,773,753"
ZTS,Zoetis Inc. Class A Common Stock,$71.43,0.38,0.535%,"29,516,561,891"
MLM,"Martin Marietta Materials, Inc. Common Stock",$490.77,6.47,1.336%,"29,478,511,806"
ON,ON Semiconductor Corporation Common Stock,$75.65,-1.55,-2.008%,"29,451,953,073"
NMR,Nomura Holdings Inc ADR American Depositary Shares,$10.02,-0.04,-0.398%,"29,071,398,984"
RYAAY,Ryanair Holdings plc American Depositary Shares,$55.13,-0.17,-0.307%,"29,011,268,788"
KGC,Kinross Gold Corporation Common Stock,$24.11,-0.94,-3.752%,"28,789,751,000"
CCI,Crown Castle Inc. Common Stock,$67.10,-0.74,-1.091%,"28,548,059,957"
CBOE,"Cboe Global Markets, Inc. Common Stock",$253.26,-4.77,-1.849%,"28,319,216,625"
TDY,Teledyne Technologies Incorporated Common Stock,$610.83,-3.32,-0.541%,"28,315,435,739"
HPQ,HP Inc. Common Stock,$31.32,0.02,0.064%,"28,244,093,149"
KHC,The Kraft Heinz Company Common Stock,$23.56,-0.07,-0.296%,"27,938,007,738"
EXR,Extra Space Storage Inc Common Stock,$131.68,-1.67,-1.252%,"27,819,975,397"
FTI,TechnipFMC plc Ordinary Share,$70.62,-0.37,-0.521%,"27,694,649,081"
RDDT,"Reddit, Inc. Class A Common Stock",$143.08,-6.76,-4.511%,"27,528,092,651"
AEE,Ameren Corporation Common Stock,$99.39,UNCH,--,"27,515,450,717"
SMCI,"Super Micro Computer, Inc. Common Stock",$41.78,-1.48,-3.421%,"27,448,013,744"
DG,Dollar General Corporation Common Stock,$124.37,-0.47,-0.376%,"27,438,110,172"
CFG,"Citizens Financial Group, Inc. Common Stock",$64.80,-0.73,-1.114%,"27,292,255,862"
WSM,"Williams-Sonoma, Inc. Common Stock (DE)",$231.03,-0.87,-0.375%,"27,210,522,338"
FTS,Fortis Inc. Common Shares,$53.12,0.03,0.057%,"27,139,008,000"
WTW,Willis Towers Watson Public Limited Company Ordinary Shares,$292.11,-1.88,-0.639%,"27,128,821,517"
HAL,Halliburton Company Common Stock,$32.43,-0.33,-1.007%,"27,018,417,802"
MDB,"MongoDB, Inc. Class A Common Stock",$334.68,-75.76,-18.458%,"26,960,596,206"
ROIV,Roivant Sciences Ltd. Common Shares,$36.98,1.18,3.296%,"26,711,505,095"
GFS,GlobalFoundries Inc. Ordinary Shares,$47.78,-1.22,-2.49%,"26,633,460,851"
SYF,Synchrony Financial Common Stock,$71.52,-1.42,-1.947%,"26,609,555,833"
FOXA,Fox Corporation Class A Common Stock,$63.06,-0.01,-0.016%,"26,590,738,603"
ATO,Atmos Energy Corporation Common Stock,$157.05,-0.16,-0.102%,"26,539,652,249"
WST,"West Pharmaceutical Services, Inc. Common Stock",$375.65,5.21,1.406%,"26,436,654,995"
DGX,Quest Diagnostics Incorporated Common Stock,$237.62,1.30,0.55%,"26,226,917,803"
PBA,Pembina Pipeline Corp. Ordinary Shares (Canada),$45.05,0.39,0.873%,"26,199,052,750"
Q,"Qnity Electronics, Inc. Common Stock",$124.91,0.22,0.176%,"26,132,239,106"
CPAY,"Corpay, Inc. Common Stock",$396.23,-1.88,-0.472%,"26,016,302,912"
NVT,nVent Electric plc Ordinary Shares ,$160.50,-3.91,-2.378%,"25,978,199,210"
ECHO,EchoStar  Corporation Common Stock,$89.22,-0.89,-0.988%,"25,946,589,602"
DOV,Dover Corporation Common Stock,$191.48,-0.40,-0.208%,"25,788,569,483"
INSM,Insmed Incorporated Common Stock,$117.67,-0.16,-0.136%,"25,696,951,458"
SN,"SharkNinja, Inc. Ordinary Shares",$181.99,4.25,2.391%,"25,637,213,748"
AWK,"American Water Works Company, Inc. Common Stock",$128.93,-1.98,-1.512%,"25,622,128,552"
CTSH,Cognizant Technology Solutions Corporation Class A Common Stock,$56.75,-0.58,-1.012%,"25,562,708,861"
TSEM,Tower Semiconductor Ltd. Ordinary Shares,$226.04,-4.43,-1.922%,"25,549,527,240"
VICI,VICI Properties Inc. Common Stock,$23.19,-0.32,-1.361%,"25,533,988,663"
ZM,"Zoom Communications, Inc. Class A Common Stock",$87.30,-2.41,-2.686%,"25,472,717,970"
VRSN,"VeriSign, Inc. Common Stock",$282.07,-5.18,-1.803%,"25,470,921,000"
SYM,Symbotic Inc. Class A Common Stock,$42.00,-1.47,-3.382%,"25,401,671,736"
INCY,Incyte Corp. Common Stock,$124.82,0.93,0.751%,"25,300,732,656"
OTIS,Otis Worldwide Corporation Common Stock ,$66.33,0.39,0.591%,"25,249,797,256"
CPRT,"Copart, Inc. (DE) Common Stock",$27.22,-0.37,-1.341%,"25,200,588,540"
DTE,DTE Energy Company Common Stock,$120.83,-0.61,-0.502%,"25,143,281,377"
TCOM,Trip.com Group Limited American Depositary Shares,$39.90,0.47,1.192%,"25,125,238,358"
LVS,Las Vegas Sands Corp. Common Stock,$38.78,-0.21,-0.539%,"25,117,851,916"
WRB,W.R. Berkley Corporation Common Stock,$67.66,0.84,1.257%,"25,117,254,612"
LH,Labcorp Holdings Inc. Common Stock,$309.57,-0.07,-0.023%,"25,106,127,000"
FE,FirstEnergy Corp. Common Stock,$43.02,-0.28,-0.647%,"24,893,089,875"
BNTX,BioNTech SE American Depositary Share,$99.08,0.56,0.568%,"24,889,328,583"
CINF,Cincinnati Financial Corporation Common Stock,$161.92,-0.62,-0.381%,"24,851,165,046"
CPNG,"Coupang, Inc. Class A Common Stock",$13.75,-0.13,-0.937%,"24,715,785,903"
PHG,Koninklijke Philips N.V. NY Registry Shares,$25.11,0.15,0.601%,"24,680,237,002"
FFIV,"F5, Inc. Common Stock",$435.56,-7.50,-1.693%,"24,664,535,392"
LPLA,LPL Financial Holdings Inc. Common Stock,$312.68,-1.68,-0.534%,"24,621,139,237"
HUBB,Hubbell Inc Common Stock,$465.72,-0.90,-0.193%,"24,605,184,966"
ATI,ATI Inc. Common Stock,$180.67,-4.81,-2.593%,"24,601,903,097"
PFG,Principal Financial Group Inc Common Stock,$114.64,-0.13,-0.113%,"24,544,956,044"
EXPD,"Expeditors International of Washington, Inc. Common Stock",$188.58,1.12,0.597%,"24,513,631,497"
FISV,"Fiserv, Inc. Common Stock",$46.02,-0.46,-0.99%,"24,471,904,500"
PPL,PPL Corporation Common Stock,$32.11,0.08,0.25%,"24,164,214,845"
CNP,"CenterPoint Energy, Inc (Holding Co) Common Stock",$36.62,-0.22,-0.597%,"24,122,336,947"
FOX,Fox Corporation Class B Common Stock,$56.55,0.01,0.018%,"23,845,643,324"
ES,Eversource Energy (D/B/A) Common Stock,$63.28,-0.39,-0.613%,"23,835,978,433"
GH,"Guardant Health, Inc. Common Stock",$177.33,0.08,0.045%,"23,797,006,826"
PPG,"PPG Industries, Inc. Common Stock",$107.01,-0.51,-0.474%,"23,788,323,000"
FWONK,Liberty Media Corporation Series C Common Stock,$94.86,0.25,0.264%,"23,782,206,887"
ASTS,"AST SpaceMobile, Inc. Class A Common Stock",$61.00,-0.81,-1.31%,"23,739,217,134"
FCNCA,"First Citizens BancShares, Inc. Class A Common Stock","$2,098.23",7.87,0.376%,"23,695,563,178"
PS,Pershing Square Inc. Common Stock,$59.17,3.01,5.36%,"23,668,000,000"
SW,Smurfit WestRock plc Ordinary Shares,$45.07,-1.34,-2.887%,"23,640,247,464"
TW,Tradeweb Markets Inc. Class A Common Stock,$100.77,-0.42,-0.415%,"23,583,027,962"
XYL,Xylem Inc. Common Stock New,$100.91,-1.72,-1.676%,"23,561,154,199"
ULTA,"Ulta Beauty, Inc. Common Stock",$549.13,3.93,0.721%,"23,479,410,050"
VLTO,Veralto Corp Common Stock ,$96.20,-0.94,-0.968%,"23,452,919,693"
RBRK,"Rubrik, Inc. Class A Common Stock",$113.09,3.54,3.231%,"23,444,058,328"
TPL,Texas Pacific Land Corporation Common Stock,$338.15,-2.92,-0.856%,"23,323,789,056"
RF,Regions Financial Corporation Common Stock,$27.26,-0.36,-1.303%,"23,223,598,334"
BSP,Bending Spoons S.p.A. Ordinary Shares,$33.56,0.31,0.932%,"23,098,653,308"
ENTG,"Entegris, Inc. Common Stock",$150.63,-1.26,-0.83%,"23,016,264,000"
IHG,Intercontinental Hotels Group American Depositary Shares (Each representing one Ordinary Share),$161.11,2.95,1.865%,"22,995,283,627"
CHD,"Church & Dwight Company, Inc. Common Stock",$95.62,-0.76,-0.789%,"22,681,437,587"
AFRM,"Affirm Holdings, Inc. Class A Common Stock",$67.21,-4.31,-6.026%,"22,678,082,616"
TPR,"Tapestry, Inc. Common Stock",$113.45,-0.43,-0.378%,"22,661,685,376"
ROKU,"Roku, Inc. Class A Common Stock",$152.67,-0.01,-0.007%,"22,659,123,997"
AER,AerCap Holdings N.V. Ordinary Shares,$146.51,-2.70,-1.81%,"22,625,548,823"
DRI,"Darden Restaurants, Inc. Common Stock",$197.02,-2.73,-1.367%,"22,475,641,452"
GPN,Global Payments Inc. Common Stock,$84.70,-1.79,-2.07%,"22,413,177,633"
CASY,"Casey's General Stores, Inc. Common Stock",$606.24,7.78,1.30%,"22,406,731,642"
PHM,"PulteGroup, Inc. Common Stock",$119.13,-0.72,-0.601%,"22,331,221,090"
BNH,"Brookfield Finance Inc. 4.625% Subordinated Notes due October 16, 2080",$14.76,-0.11,-0.74%,"22,255,083,189"
IOT,Samsara Inc. Class A Common Stock,$37.93,-0.03,-0.079%,"22,212,005,577"
TROW,"T. Rowe Price Group, Inc. Common Stock",$103.81,-1.70,-1.611%,"22,144,318,389"
CIB,Grupo Cibest S.A. American Depositary Shares each representing four Preferred Shares,$92.35,-2.80,-2.943%,"22,007,343,555"
IFF,"International Flavors & Fragrances, Inc. Common Stock",$85.72,0.03,0.035%,"21,871,454,828"
VRSK,"Verisk Analytics, Inc. Common Stock",$167.77,-1.44,-0.851%,"21,836,274,133"
CRCL,"Circle Internet Group, Inc. Class A Common Stock",$85.80,-3.20,-3.596%,"21,782,550,590"
KEY,KeyCorp Common Stock,$20.40,-0.21,-1.019%,"21,769,422,502"
DLTR,Dollar Tree Inc. Common Stock,$116.02,1.95,1.709%,"21,768,867,290"
BNJ,Brookfield Finance Inc. 4.50% Perpetual Subordinated Notes,$14.42,0.035,0.243%,"21,742,432,221"
FWONA,Liberty Media Corporation Series A Common Stock,$86.62,0.16,0.185%,"21,716,368,971"
MKL,Markel Group Inc. Common Stock,"$1,740.40",12.67,0.733%,"21,563,482,903"
L,Loews Corporation Common Stock,$104.95,0.13,0.124%,"21,454,689,214"
RIVN,"Rivian Automotive, Inc. Class A Common Stock",$14.79,-0.68,-4.396%,"21,413,858,718"
RL,Ralph Lauren Corporation Common Stock,$357.16,0.06,0.017%,"21,280,392,481"
MTSI,"MACOM Technology Solutions Holdings, Inc. Common Stock",$278.56,-7.01,-2.455%,"21,273,886,539"
JBHT,"J.B. Hunt Transport Services, Inc. Common Stock",$226.07,0.61,0.271%,"21,231,350,260"
VTRS,Viatris Inc. Common Stock,$18.27,0.44,2.468%,"20,984,755,085"
BG,Bunge Limited Common Shares,$109.06,0.06,0.055%,"20,952,511,554"
BCH,Banco De Chile ADS,$41.45,-0.59,-1.403%,"20,935,790,079"
PKG,Packaging Corporation of America Common Stock,$234.52,-2.66,-1.122%,"20,895,333,081"
UTHR,United Therapeutics Corporation Common Stock,$485.54,10.09,2.122%,"20,825,146,594"
AMRZ,Amrize Ltd Ordinary Shares,$38.05,-0.17,-0.445%,"20,810,520,754"
THC,Tenet Healthcare Corporation Common Stock,$257.93,-1.78,-0.685%,"20,768,265,670"
XPO,"XPO, Inc. Common Stock",$176.66,3.49,2.015%,"20,684,494,907"
LUV,Southwest Airlines Company Common Stock,$42.28,-0.40,-0.937%,"20,683,722,738"
OMC,Omnicom Group Inc. Common Stock,$75.10,-1.05,-1.379%,"20,603,382,122"
SOFI,"SoFi Technologies, Inc. Common Stock  ",$15.93,-0.65,-3.92%,"20,574,715,261"
STE,STERIS plc (Ireland) Ordinary Shares,$211.00,2.07,0.991%,"20,572,523,210"
SNX,TD SYNNEX Corporation Common Stock,$256.75,-6.28,-2.388%,"20,529,409,576"
SOJC,"Southern Company (The) Series 2017B 5.25% Junior Subordinated Notes due December 1, 2077",$18.63,-0.02,-0.107%,"20,493,883,192"
NRG,"NRG Energy, Inc. Common Stock",$97.00,-3.37,-3.358%,"20,390,416,851"
RGLD,"Royal Gold, Inc. Common Stock",$240.32,-12.17,-4.82%,"20,361,798,594"
USFD,US Foods Holding Corp. Common Stock,$93.72,0.39,0.418%,"20,274,515,360"
ARXS,"Arxis, Inc. Class A Common Stock",$48.44,-1.68,-3.352%,"20,222,458,483"
YPF,YPF Sociedad Anonima American Depositary Shares,$51.37,-0.73,-1.401%,"20,204,478,176"
BRO,"Brown & Brown, Inc. Common Stock",$60.24,-0.58,-0.954%,"20,156,927,906"
DOW,Dow Inc. Common Stock ,$27.89,-0.13,-0.464%,"20,146,082,430"
AQNB,"Algonquin Power & Utilities Corp. 6.20% Fixed-to-Floating Subordinated Notes Series 2019-A due July 1, 2079",$26.10,-0.17,-0.647%,"20,045,452,526"
RS,"Reliance, Inc. Common Stock",$391.53,4.25,1.097%,"19,989,389,919"
EIX,Edison International Common Stock,$51.47,-1.18,-2.241%,"19,806,375,499"
BPYPM,"Brookfield Property Partners L.P. 6.25% Class A Cumulative Redeemable Preferred Units, Series 1",$15.98,-0.11,-0.684%,"19,794,865,482"
AMCR,Amcor plc Ordinary Shares,$42.79,0.28,0.659%,"19,783,772,075"
LEN,Lennar Corporation Class A Common Stock,$82.03,-0.12,-0.146%,"19,760,628,498"
EXE,Expand Energy Corporation Common Stock,$85.31,-1.53,-1.762%,"19,749,588,240"
SITM,SiTime Corporation Common Stock,$656.65,-5.62,-0.849%,"19,746,145,789"
CW,Curtiss-Wright Corporation Common Stock,$532.36,-7.37,-1.365%,"19,662,420,608"
CMS,CMS Energy Corporation Common Stock,$62.60,-0.35,-0.556%,"19,629,928,714"
WF,Woori Financial Group Inc. American Depositary Shares (each representing three (3) shares of Common Stock),$79.26,1.23,1.576%,"19,314,046,364"
SOJD,"Southern Company (The) Series 2020A 4.95% Junior Subordinated Notes due January 30, 2080",$17.55,-0.17,-0.959%,"19,305,831,993"
STZ,"Constellation Brands, Inc. Common Stock",$112.92,-0.71,-0.625%,"19,284,300,767"
WWD,"Woodward, Inc. Common Stock",$325.94,-4.37,-1.323%,"19,245,394,571"
BCE,"BCE, Inc. Common Stock",$20.56,-0.41,-1.955%,"19,172,730,798"
BEKE,KE Holdings Inc American Depositary Shares (each representing three Class A Ordinary Shares),$16.95,0.62,3.797%,"19,150,786,542"
SNA,Snap-On Incorporated Common Stock,$369.21,0.01,0.003%,"19,098,171,452"
CRS,Carpenter Technology Corporation Common Stock,$385.30,-11.54,-2.908%,"19,094,915,480"
PAAS,Pan American Silver Corp. Common Stock,$45.77,-2.27,-4.725%,"18,977,065,860"
BEP,Brookfield Renewable Partners L.P. Limited Partnership Units,$27.87,-0.48,-1.693%,"18,957,141,253"
BPYPP,Brookfield Property Partners L.P. 6.50% Class A Cumulative Redeemable Perpetual Preferred Units,$15.25,0.239,1.592%,"18,890,594,406"
DINO,HF Sinclair Corporation Common Stock,$106.19,-0.63,-0.59%,"18,878,866,925"
BBY,"Best Buy Co., Inc. Common Stock",$89.91,-0.60,-0.663%,"18,856,617,327"
LYB,LyondellBasell Industries NV Ordinary Shares Class A (Netherlands),$58.27,0.13,0.224%,"18,823,421,463"
NI,NiSource Inc Common Stock,$39.10,-0.32,-0.812%,"18,750,799,910"
PKX,POSCO HOLDINGS INC. American Depositary Shares (Each representing 1/4th of a share of Common Stock),$57.84,0.89,1.563%,"18,724,647,775"
WES,"Western Midstream Partners, LP Common Units Representing Limited Partner Interests",$45.27,-0.33,-0.724%,"18,704,413,825"
SQM,Sociedad Quimica y Minera S.A. Common Stock,$65.16,-1.73,-2.586%,"18,612,159,569"
GFL,"GFL Environmental Inc. Subordinate voting shares, no par value",$41.40,-0.87,-2.058%,"18,591,926,863"
FSLR,"First Solar, Inc. Common Stock",$172.97,-4.74,-2.667%,"18,589,049,230"
NTNX,"Nutanix, Inc. Class A Common Stock",$68.70,0.67,0.985%,"18,588,171,297"
BR,"Broadridge Financial Solutions, Inc. Common Stock",$162.92,-0.85,-0.519%,"18,576,431,330"
ITT,ITT Inc. Common Stock ,$207.18,0.92,0.446%,"18,521,892,000"
NDSN,Nordson Corporation Common Stock,$331.32,5.55,1.704%,"18,454,313,943"
CDE,"Coeur Mining, Inc. Common Stock",$17.87,-1.35,-7.024%,"18,369,198,414"
SSNC,"SS&C Technologies Holdings, Inc. Common Stock",$78.00,-0.61,-0.776%,"18,303,089,688"
BPYPO,"Brookfield Property Partners L.P. 6.375% Class A Cumulative Redeemable Perpetual Preferred Units, Series 2",$14.75,0.14,0.958%,"18,271,230,655"
FICO,Fair Isaac Corporation Common Stock,$840.89,-22.20,-2.572%,"18,161,235,295"
KSPI,Joint Stock Company Kaspi.kz American Depository Shares,$95.82,0.15,0.157%,"18,141,932,616"
SBS,Companhia de saneamento Basico Do Estado De Sao Paulo - Sabesp American Depositary Shares (Each repstg 250 Common Shares),$5.14,-0.04,-0.772%,"18,116,104,889"
ONON,On Holding AG Class A Ordinary Shares,$30.00,0.04,0.134%,"18,102,932,100"
VIV,Telefonica Brasil S.A. American Depositary Shares (Each representing One Common Share),$11.29,-0.31,-2.672%,"18,039,197,857"
IP,International Paper Company Common Stock,$34.00,-1.02,-2.913%,"18,005,376,430"
GIS,"General Mills, Inc. Common Stock",$33.60,-0.04,-0.119%,"17,965,488,038"
EVRG,"Evergy, Inc. Common Stock",$77.91,-0.13,-0.167%,"17,963,488,371"
TSN,"Tyson Foods, Inc. Common Stock",$50.95,0.03,0.059%,"17,924,287,036"
PR,Permian Resources Corporation Class A Common Stock,$21.30,-0.06,-0.281%,"17,839,964,718"
WCC,"WESCO International, Inc. Common Stock",$364.67,-2.77,-0.754%,"17,771,409,868"
FIS,"Fidelity National Information Services, Inc. Common Stock",$34.31,-1.10,-3.106%,"17,693,870,012"
DD,"DuPont de Nemours, Inc. Common Stock",$130.98,-0.73,-0.554%,"17,687,928,866"
GPC,Genuine Parts Company Common Stock,$128.13,-1.48,-1.142%,"17,663,970,793"
LSCC,Lattice Semiconductor Corporation Common Stock,$124.03,-4.02,-3.139%,"17,616,014,636"
ZBRA,Zebra Technologies Corporation Class A Common Stock,$371.87,1.83,0.495%,"17,593,415,134"
TOST,"Toast, Inc. Class A Common Stock",$30.38,-0.22,-0.719%,"17,559,640,000"
ESS,"Essex Property Trust, Inc. Common Stock",$273.01,1.40,0.515%,"17,545,926,531"
U,Unity Software Inc. Common Stock,$39.86,-1.69,-4.067%,"17,541,944,869"
CF,"CF Industries Holdings, Inc. Common Stock",$115.51,0.84,0.733%,"17,481,067,396"
ZBH,"Zimmer Biomet Holdings, Inc. Common Stock",$91.62,0.58,0.637%,"17,475,387,066"
MKSI,MKS Inc. Common Stock,$258.38,-2.44,-0.936%,"17,471,024,636"
NWS,News Corporation Class B Common Stock,$32.24,0.49,1.543%,"17,423,979,137"
EWBC,"East West Bancorp, Inc. Common Stock",$126.72,-0.51,-0.401%,"17,362,142,392"
SBAC,SBA Communications Corporation Class A Common Stock,$163.43,-2.72,-1.637%,"17,337,979,817"
CHRW,"C.H. Robinson Worldwide, Inc. Common Stock",$148.24,1.14,0.775%,"17,322,030,486"
PAA,"Plains All American Pipeline, L.P. Common Units representing Limited Partner Interests",$24.53,0.11,0.45%,"17,307,545,264"
MEDP,"Medpace Holdings, Inc. Common Stock",$615.94,-2.94,-0.475%,"17,191,904,781"
FTAI,FTAI Aviation Ltd. Common Stock,$167.10,-7.96,-4.547%,"17,162,354,906"
MGA,"Magna International, Inc. Common Stock",$64.64,-0.36,-0.554%,"17,158,968,925"
SOJE,"Southern Company (The) Series 2020C 4.20% Junior Subordinated Notes due October 15, 2060",$15.65,-0.17,-1.075%,"17,129,953,784"
EFX,"Equifax, Inc. Common Stock",$145.78,-2.33,-1.573%,"17,126,948,139"
IEX,IDEX Corporation Common Stock,$231.15,1.07,0.465%,"17,040,353,960"
IONQ,"IonQ, Inc. Common Stock",$44.58,-0.90,-1.979%,"16,985,083,158"
RCI,"Rogers Communication, Inc. Common Stock",$31.43,-0.48,-1.504%,"16,979,249,058"
RVTY,"Revvity, Inc. Common Stock",$151.02,-0.09,-0.06%,"16,851,778,279"
FTV,Fortive Corporation Common Stock ,$55.76,-0.33,-0.588%,"16,840,470,820"
OVV,Ovintiv Inc. (DE),$59.53,-0.60,-0.998%,"16,829,131,000"
AEG,Aegon Ltd. New York Registry Shares,$8.80,-0.09,-1.012%,"16,798,764,488"
FDXF,"FedEx Freight Holding Company, Inc. Common Stock",$112.30,-0.88,-0.778%,"16,790,886,336"
BURL,"Burlington Stores, Inc. Common Stock",$266.39,11.70,4.594%,"16,733,339,796"
DT,"Dynatrace, Inc. Common Stock",$57.84,-0.11,-0.19%,"16,715,883,084"
TSCO,Tractor Supply Company Common Stock,$32.07,-0.20,-0.62%,"16,709,757,194"
NVR,"NVR, Inc. Common Stock","$6,267.89",-29.71,-0.472%,"16,703,049,345"
BEN,"Franklin Templeton, Inc. Common Stock",$32.68,-0.34,-1.03%,"16,603,953,419"
APG,APi Group Corporation Common Stock,$38.35,-0.11,-0.286%,"16,573,347,390"
BPYPN,"Brookfield Property Partners L.P. 5.750% Class A Cumulative Redeemable Perpetual Preferred Units, Series 3",$13.35,0.14,1.06%,"16,537,012,152"
CLH,"Clean Harbors, Inc. Common Stock",$313.26,0.22,0.07%,"16,536,133,308"
RGA,"Reinsurance Group of America, Incorporated Common Stock",$252.97,4.32,1.737%,"16,519,362,195"
IREN,IREN Limited Ordinary Shares,$41.72,-2.405,-5.45%,"16,440,126,795"
TPG,TPG Inc. Class A Common Stock,$43.49,-0.90,-2.027%,"16,435,687,133"
CNH,CNH Industrial N.V. Common Shares,$13.26,0.17,1.299%,"16,412,246,203"
MTZ,"MasTec, Inc. Common Stock",$204.09,-8.76,-4.116%,"16,389,436,837"
LNT,Alliant Energy Corporation Common Stock,$63.21,-0.39,-0.613%,"16,389,385,824"
SMTC,Semtech Corporation Common Stock,$174.78,-7.52,-4.125%,"16,311,452,912"
CDW,CDW Corporation Common Stock,$130.33,-5.10,-3.766%,"16,293,521,131"
J,Jacobs Solutions Inc. Common Stock,$138.37,UNCH,--,"16,194,632,604"
BMNR,"BitMine Immersion Technologies, Inc. Common Stock",$26.84,-0.72,-2.612%,"16,190,596,415"
WIT,Wipro Limited Common Stock,$1.62,-0.03,-1.818%,"16,043,750,671"
DOCN,"DigitalOcean Holdings, Inc. Common Stock",$136.29,-3.46,-2.476%,"16,024,916,870"
RBC,RBC Bearings Incorporated Common Stock,$504.20,-1.90,-0.375%,"15,962,591,329"
BSAC,Banco Santander - Chile ADS,$33.88,-0.49,-1.426%,"15,961,386,940"
BIP,Brookfield Infrastructure Partners LP Limited Partnership Units,$34.84,0.08,0.23%,"15,946,773,075"
FUTU,Futu Holdings Limited American Depositary Shares,$112.27,0.40,0.358%,"15,736,619,483"
NWSA,News Corporation Class A Common Stock,$29.10,0.61,2.141%,"15,726,978,687"
GIB,CGI Inc. Common Stock,$67.71,-0.06,-0.089%,"15,701,162,278"
DUKB,Duke Energy Corporation 5.625% Junior Subordinated Debentures due 2078,$20.13,-0.14,-0.691%,"15,695,405,145"
INVH,Invitation Homes Inc. Common Stock,$26.54,-0.08,-0.301%,"15,675,140,418"
AKAM,"Akamai Technologies, Inc. Common Stock",$108.99,-4.95,-4.344%,"15,663,673,215"
HST,"Host Hotels & Resorts, Inc. Common Stock",$22.66,0.24,1.07%,"15,524,918,881"
JAZZ,Jazz Pharmaceuticals plc Common Stock (Ireland),$238.28,0.33,0.139%,"15,467,845,408"
TEM,"Tempus AI, Inc. Class A Common Stock",$85.08,0.07,0.082%,"15,446,797,667"
AS,"Amer Sports, Inc. Ordinary Shares",$27.62,-0.15,-0.54%,"15,402,773,229"
LDOS,"Leidos Holdings, Inc. Common Stock",$122.35,-1.26,-1.019%,"15,353,971,771"
NLY,Annaly Capital Management Inc. Common Stock,$20.35,-0.26,-1.262%,"15,338,088,895"
SUN,Sunoco LP Common Units representing limited partner interests,$74.62,-0.14,-0.187%,"15,284,013,816"
STRL,"Sterling Infrastructure, Inc. Common Stock",$498.36,-13.93,-2.719%,"15,244,093,830"
SOLV,Solventum Corporation Common Stock,$89.54,0.04,0.045%,"15,241,832,695"
H,Hyatt Hotels Corporation Class A Common Stock,$161.19,2.71,1.71%,"15,184,356,065"
PTC,PTC Inc. Common Stock,$139.69,1.57,1.137%,"15,157,239,599"
ZTO,"ZTO Express (Cayman) Inc. American Depositary Shares, each representing one Class A ordinary share.",$19.67,0.18,0.924%,"15,143,946,631"
BALL,Ball Corporation Common Stock,$57.13,0.30,0.528%,"15,122,502,785"
ASND,Ascendis Pharma A/S Ordinary Share,$230.05,4.45,1.973%,"15,108,138,984"
KIM,Kimco Realty Corporation (HC) Common Stock,$22.49,0.05,0.223%,"15,086,052,999"
CRBG,Corebridge Financial Inc. Common Stock,$33.78,-1.09,-3.126%,"15,058,195,793"
TIGO,Millicom International Cellular S.A. Common Stock,$89.78,-2.85,-3.077%,"15,041,815,628"
WPC,W. P. Carey Inc. REIT,$65.82,-0.27,-0.409%,"14,994,906,976"
APA,APA Corporation Common Stock,$42.33,-0.41,-0.959%,"14,830,379,418"
LTM,"LATAM Airlines Group S.A. American Depositary Shares (each representing two thousand (2,000) shares of Common Stock)",$51.50,-0.95,-1.811%,"14,786,061,588"
LECO,"Lincoln Electric Holdings, Inc. Common Shares",$271.18,-0.52,-0.191%,"14,780,871,183"
JHX,James Hardie Industries plc. Ordinary Shares,$25.39,-0.71,-2.72%,"14,739,465,970"
LAMR,Lamar Advertising Company Class A Common Stock,$145.03,1.05,0.729%,"14,727,750,671"
ROL,"Rollins, Inc. Common Stock",$30.59,0.56,1.865%,"14,718,237,908"
FN,Fabrinet Ordinary Shares,$409.96,-7.43,-1.78%,"14,690,860,845"
EMA,Emera Incorporated Common Shares,$47.76,0.03,0.063%,"14,671,872,000"
RBA,"RB Global, Inc. Common Stock",$80.77,-1.72,-2.085%,"14,662,703,347"
VNOM,"Viper Energy, Inc. Class A Common Stock",$40.53,-0.40,-0.977%,"14,558,169,013"
TLN,Talen Energy Corporation Common Stock,$303.50,-0.92,-0.302%,"14,541,977,607"
PFGC,Performance Food Group Company Common Stock,$91.97,0.42,0.459%,"14,488,312,953"
EXEL,"Exelixis, Inc. Common Stock",$58.37,0.21,0.361%,"14,463,017,362"
CX,"Cemex, S.A.B. de C.V. Sponsored ADR",$9.53,-0.18,-1.854%,"14,446,680,576"
UNM,Unum Group Common Stock,$91.12,-0.97,-1.053%,"14,424,915,434"
JLL,Jones Lang LaSalle Incorporated Common Stock,$314.10,-7.81,-2.426%,"14,394,173,380"
LOGI,Logitech International S.A. Ordinary Shares,$100.33,-0.76,-0.752%,"14,366,085,350"
APOS,"Apollo Global Management, Inc. 7.625% Fixed-Rate Resettable Junior Subordinated Notes due 2053",$25.18,-0.25,-0.983%,"14,340,872,944"
SGI,Somnigroup International Inc. Common Stock,$62.28,-1.67,-2.611%,"14,339,296,753"
ARMK,Aramark Common Stock,$54.26,-0.66,-1.202%,"14,304,294,887"
EQH,"Equitable Holdings, Inc. Common Stock",$52.31,-1.53,-2.842%,"14,282,469,063"
NBIX,"Neurocrine Biosciences, Inc. Common Stock",$140.44,2.04,1.474%,"14,275,610,980"
OWL,Blue Owl Capital Inc. Class A Common Stock,$9.15,-0.17,-1.824%,"14,265,693,840"
KEP,Korea Electric Power Corporation Common Stock,$11.07,0.06,0.545%,"14,213,084,665"
WY,Weyerhaeuser Company Common Stock,$19.72,-0.29,-1.449%,"14,212,913,920"
WMG,Warner Music Group Corp. Class A Common Stock,$27.14,UNCH,--,"14,197,199,131"
EG,"Everest Group, Ltd. Common Stock",$369.80,-0.63,-0.17%,"14,179,143,033"
ONTO,Onto Innovation Inc. Common Stock,$288.74,1.10,0.382%,"14,169,698,079"
OHI,"Omega Healthcare Investors, Inc. Common Stock",$46.68,0.40,0.864%,"14,144,646,840"
WSE,Wise Group plc Class A Ordinary Shares,$11.50,-0.05,-0.433%,"14,139,288,077"
PNFP,"Pinnacle Financial Partners, Inc. Common stock",$93.46,-1.51,-1.59%,"14,122,987,334"
CG,The Carlyle Group Inc. Common Stock,$39.52,-0.51,-1.274%,"14,082,272,177"
YUMC,"Yum China Holdings, Inc. Common Stock",$41.10,0.63,1.557%,"14,075,029,390"
CRL,"Charles River Laboratories International, Inc. Common Stock",$294.59,1.75,0.598%,"14,063,394,302"
VLYPN,"Valley National Bancorp 8.250% Fixed-Rate Reset Non-Cumulative Perpetual Preferred Stock, Series C",$25.37,-0.01,-0.039%,"14,019,594,584"
SLMBP,"SLM Corporation Floating Rate Non-Cumulative Preferred Stock, Series B",$74.00,0.10,0.135%,"13,908,074,892"
DOC,"Healthpeak Properties, Inc. Common Stock",$20.10,-0.21,-1.034%,"13,859,497,926"
EMBJ,Embraer S.A. Common Stock,$76.53,-2.10,-2.671%,"13,828,323,174"
VLYPP,"Valley National Bancorp 6.25% Fixed-to-Floating Rate Non-Cumulative Perpetual Preferred Stock, Series A",$25.012,0.062,0.248%,"13,821,761,913"
KKRS,KKR Group Finance Co. IX LLC 4.625% Subordinated Notes due 2061,$15.33,-0.18,-1.161%,"13,760,753,763"
AGI,Alamos Gold Inc. Class A Common Shares,$32.72,-1.78,-5.159%,"13,741,268,248"
ARCC,Ares Capital Corporation Common Stock,$19.13,-0.07,-0.365%,"13,735,777,025"
MAA,"Mid-America Apartment Communities, Inc. Common Stock",$118.34,-0.01,-0.008%,"13,730,038,391"
VLYPO,"Valley National Bancorp 5.50% Fixed-to-Floating Rate Non-Cumulative Perpetual Preferred Stock, Series B",$24.77,0.10,0.405%,"13,688,031,448"
SUI,"Sun Communities, Inc. Common Stock",$112.28,0.02,0.018%,"13,675,811,452"
CACI,"CACI International, Inc. Class A Common Stock",$616.40,-1.92,-0.311%,"13,622,191,591"
INIO,INNIO N.V. Ordinary Shares,$18.16,-0.96,-5.021%,"13,620,000,000"
SKM,"SK Telecom Co., Ltd. Common Stock",$35.50,-0.80,-2.204%,"13,617,090,000"
PAG,"Penske Automotive Group, Inc. Common Stock",$207.22,-2.40,-1.145%,"13,606,660,543"
W,Wayfair Inc. Class A Common Stock,$98.63,0.48,0.489%,"13,509,160,744"
RNR,RenaissanceRe Holdings Ltd. Common Stock,$324.90,-0.70,-0.215%,"13,500,210,036"
MLI,"Mueller Industries, Inc. Common Stock",$60.97,0.45,0.744%,"13,485,429,226"
MAS,Masco Corporation Common Stock,$68.36,-0.49,-0.712%,"13,479,732,715"
ICLR,ICON plc Ordinary Shares,$175.57,3.24,1.88%,"13,442,925,250"
IVZ,Invesco Ltd Common Stock,$30.43,-0.49,-1.585%,"13,434,838,305"
REG,Regency Centers Corporation Common Stock,$73.33,0.10,0.137%,"13,428,229,712"
FLUT,Flutter Entertainment plc Ordinary Shares,$76.63,-6.60,-7.93%,"13,424,128,766"
TRMB,Trimble Inc. Common Stock,$57.51,-0.34,-0.588%,"13,410,173,058"
SWK,"Stanley Black & Decker, Inc. Common Stock",$88.73,-2.67,-2.921%,"13,399,706,556"
STLA,Stellantis N.V. Common Shares,$4.62,0.02,0.435%,"13,386,372,366"
CET,Central Securities Corporation Common Stock,$55.22,-1.17,-2.075%,"13,364,631,544"
HTHT,H World Group Limited American Depositary Shares,$43.29,1.29,3.071%,"13,312,706,125"
TXT,Textron Inc. Common Stock,$77.37,0.78,1.018%,"13,306,627,768"
TU,Telus Corporation Ordinary Shares,$8.36,-0.12,-1.415%,"13,284,040,000"
TYL,"Tyler Technologies, Inc. Common Stock",$324.02,-1.55,-0.476%,"13,269,355,821"
ALLE,Allegion plc Ordinary Shares,$155.38,0.91,0.589%,"13,213,015,809"
AMKR,"Amkor Technology, Inc. Common Stock",$53.18,-0.43,-0.802%,"13,212,702,461"
CHKP,Check Point Software Technologies Ltd. Ordinary Shares,$129.27,-1.97,-1.501%,"13,198,548,957"
SWKS,"Skyworks Solutions, Inc. Common Stock",$87.59,-1.75,-1.959%,"13,179,910,975"
TME,"Tencent Music Entertainment Group American Depositary Shares, each representing two Class A Ordinary Shares",$8.37,-0.02,-0.238%,"13,173,580,665"
VICR,Vicor Corporation Common Stock,$285.10,3.14,1.114%,"13,145,029,293"
EQX,Equinox Gold Corp. Common Shares,$11.23,-0.71,-5.946%,"13,110,573,801"
TLK,"PT Telekomunikasi Indonesia, Tbk",$13.23,-0.11,-0.825%,"13,105,931,256"
TTMI,"TTM Technologies, Inc. Common Stock",$124.19,-4.98,-3.855%,"13,083,275,420"
ULS,UL Solutions Inc. Class A Common Stock,$64.80,-1.25,-1.893%,"13,083,001,610"
MKC,"McCormick & Company, Incorporated Common Stock",$48.46,0.52,1.085%,"13,028,546,210"
AVY,Avery Dennison Corporation Common Stock,$171.89,1.55,0.91%,"13,027,223,728"
BBIO,"BridgeBio Pharma, Inc. Common Stock",$66.61,1.04,1.586%,"13,021,420,643"
AIZ,"Assurant, Inc. Common Stock",$263.53,-1.47,-0.555%,"12,998,292,318"
CSL,Carlisle Companies Incorporated Common Stock,$326.32,-0.05,-0.015%,"12,959,515,881"
QNT,Quantinuum Inc. Class A Common Stock,$49.11,-0.42,-0.848%,"12,931,062,854"
WSO,"Watsco, Inc. Common Stock",$313.22,-4.01,-1.264%,"12,921,012,205"
SJM,The J.M. Smucker Company Common Stock,$120.63,-0.37,-0.306%,"12,886,080,565"
COKE,"Coca-Cola Consolidated, Inc. Common Stock",$193.57,3.28,1.724%,"12,884,850,390"
IESC,"IES Holdings, Inc. Common Stock",$322.09,-2.04,-0.629%,"12,834,871,648"
FMS,Fresenius Medical Care AG American Depositary Shares (Each representing 1/2 of an Ordinary Share),$22.95,0.26,1.146%,"12,819,359,822"
HALO,"Halozyme Therapeutics, Inc. Common Stock",$112.89,-1.01,-0.887%,"12,812,789,220"
GL,Globe Life Inc. Common Stock,$166.69,-0.35,-0.21%,"12,810,034,320"
RPM,RPM International Inc. Common Stock,$100.20,-0.24,-0.239%,"12,799,689,482"
CHTR,"Charter Communications, Inc. Class A Common Stock New",$111.40,-1.51,-1.337%,"12,763,932,609"
LII,"Lennox International, Inc. Common Stock",$368.41,-5.36,-1.434%,"12,732,498,277"
PAC,"Grupo Aeroportuario Del Pacifico, S.A. B. de C.V. Grupo Aeroportuario Del Pacifico, S.A. de C.V. (each representing 10 Series B shares)",$213.82,-2.12,-0.982%,"12,722,679,152"
GRAB,Grab Holdings Limited Class A Ordinary Shares,$3.095,-0.035,-1.118%,"12,690,991,118"
TRU,TransUnion Common Stock,$66.19,-2.98,-4.308%,"12,682,004,000"
GGG,Graco Inc. Common Stock,$78.25,0.39,0.501%,"12,672,886,728"
ALB,Albemarle Corporation Common Stock,$107.39,-2.34,-2.133%,"12,672,563,071"
HAS,"Hasbro, Inc. Common Stock",$89.45,1.36,1.544%,"12,616,427,573"
SEIC,SEI Investments Company Common Stock,$104.82,-0.83,-0.786%,"12,580,410,657"
TOL,"Toll Brothers, Inc. Common Stock",$136.51,-0.83,-0.604%,"12,578,986,970"
QXO,"QXO, Inc. Common Stock",$12.12,-0.31,-2.494%,"12,574,387,393"
PEN,"Penumbra, Inc. Common Stock",$319.18,0.29,0.091%,"12,572,315,714"
FIVE,"Five Below, Inc. Common Stock",$228.00,5.40,2.426%,"12,552,319,980"
MAIR,Madison Air Solutions Corporation Class A Common Stock,$24.97,-0.19,-0.755%,"12,528,013,622"
DOCU,"DocuSign, Inc. Common Stock",$66.98,-0.52,-0.77%,"12,518,726,235"
CORT,Corcept Therapeutics Incorporated Common Stock,$115.63,-0.47,-0.405%,"12,499,417,645"
GEN,Gen Digital Inc. Common Stock,$20.85,-0.77,-3.562%,"12,480,539,617"
DTM,"DT Midstream, Inc. Common Stock ",$121.97,-0.31,-0.254%,"12,442,805,653"
BWA,BorgWarner Inc. Common Stock,$61.07,-0.25,-0.408%,"12,437,904,239"
JBS,JBS N.V. Class A Common Shares,$11.60,0.03,0.259%,"12,422,778,569"
AIT,"Applied Industrial Technologies, Inc. Common Stock",$337.42,4.03,1.209%,"12,394,750,851"
SMMT,Summit Therapeutics Inc. Common Stock ,$15.48,-0.13,-0.833%,"12,349,163,839"
BWXT,"BWX Technologies, Inc. Common Stock",$134.35,-4.12,-2.975%,"12,309,413,013"
CNA,CNA Financial Corporation Common Stock,$45.44,-0.54,-1.174%,"12,296,106,168"
BNT,Brookfield Wealth Solutions Ltd. Class A Exchangeable Limited Voting Shares,$36.22,-0.60,-1.63%,"12,242,877,584"
EHC,Encompass Health Corporation Common Stock,$124.02,0.55,0.445%,"12,234,992,684"
BJ,"BJ's Wholesale Club Holdings, Inc. Common Stock",$96.81,3.02,3.22%,"12,228,525,333"
BAX,Baxter International Inc. Common Stock,$23.49,0.12,0.513%,"12,144,236,017"
GNRC,Generac Holdlings Inc. Common Stock,$205.21,-2.93,-1.408%,"12,108,695,341"
AHR,"American Healthcare REIT, Inc. Common Stock",$51.90,-0.12,-0.231%,"12,102,311,880"
GME,GameStop Corporation Common Stock,$23.96,0.57,2.437%,"12,087,843,720"
NXT,Nextpower Inc. Common Stock,$79.13,-1.72,-2.127%,"12,006,356,918"
SREA,DBA Sempra 5.750% Junior Subordinated Notes due 2079,$18.93,-0.21,-1.097%,"11,985,451,414"
CR,Crane Company Common Stock,$206.92,0.09,0.044%,"11,960,049,664"
WTS,"Watts Water Technologies, Inc. Class A Common Stock",$358.01,0.22,0.061%,"11,951,465,731"
MDGL,"Madrigal Pharmaceuticals, Inc. Common Stock",$517.04,0.48,0.093%,"11,945,757,307"
HBM,Hudbay Minerals Inc. Ordinary Shares (Canada),$26.87,0.24,0.901%,"11,934,169,701"
DKS,Dick's Sporting Goods Inc Common Stock,$134.16,-2.27,-1.664%,"11,930,386,753"
TWST,Twist Bioscience Corporation Common Stock,$179.60,-3.23,-1.767%,"11,907,690,850"
GWRE,"Guidewire Software, Inc. Common Stock",$145.18,-0.38,-0.261%,"11,903,695,685"
GDDY,GoDaddy Inc. Class A Common Stock,$93.71,-3.43,-3.531%,"11,868,156,342"
UHAL,U-Haul Holding Company Common Stock,$60.72,-0.25,-0.41%,"11,803,573,016"
SANM,Sanmina Corporation Common Stock,$220.06,-4.71,-2.095%,"11,794,634,161"
NVMI,Nova Ltd. Ordinary Shares,$370.42,2.19,0.595%,"11,773,048,488"
MANH,"Manhattan Associates, Inc. Common Stock",$201.88,-4.15,-2.014%,"11,770,607,747"
SAIL,"SailPoint, Inc. Common Stock",$20.57,-0.07,-0.339%,"11,743,652,291"
ARW,"Arrow Electronics, Inc. Common Stock",$230.46,-2.34,-1.005%,"11,731,663,785"
IT,"Gartner, Inc. Common Stock",$185.73,-2.17,-1.155%,"11,728,659,312"
CCK,"Crown Holdings, Inc.",$107.47,-0.59,-0.546%,"11,688,492,117"
ALLY,Ally Financial Inc. Common Stock,$38.19,-0.60,-1.547%,"11,617,386,276"
PSKY,Paramount Skydance Corporation Class B Common Stock,$10.28,0.32,3.213%,"11,533,602,608"
TXG,"10x Genomics, Inc. Class A Common Stock",$88.50,2.79,3.255%,"11,530,768,368"
MICC,The Magnum Ice Cream Company N.V. Ordinary Shares,$18.80,-0.18,-0.948%,"11,510,483,093"
BMRN,BioMarin Pharmaceutical Inc. Common Stock,$59.46,-0.80,-1.328%,"11,509,895,710"
ELS,"Equity Lifestyle Properties, Inc. Common Stock",$59.08,-0.15,-0.253%,"11,465,337,691"
AFG,"American Financial Group, Inc. Common Stock",$138.18,-0.04,-0.029%,"11,458,088,172"
HUT,Hut 8 Corp. Common Stock,$92.71,-4.11,-4.245%,"11,427,385,278"
HL,Hecla Mining Company Common Stock,$17.01,-1.18,-6.487%,"11,426,781,011"
TECH,Bio-Techne Corp Common Stock,$72.51,-0.10,-0.138%,"11,370,890,437"
DVA,DaVita Inc. Common Stock,$178.07,-0.40,-0.224%,"11,360,866,000"
SNN,"Smith & Nephew SNATS, Inc. Common Stock",$27.08,0.17,0.632%,"11,338,627,913"
HMY,Harmony Gold Mining Company Limited,$17.74,-1.23,-6.484%,"11,260,779,424"
GLPI,"Gaming and Leisure Properties, Inc. Common Stock",$38.63,-0.16,-0.412%,"11,238,241,261"
ELAN,Elanco Animal Health Incorporated Common Stock,$22.45,0.14,0.628%,"11,216,510,084"
AGNC,AGNC Investment Corp. Common Stock,$9.46,-0.16,-1.663%,"11,214,654,489"
BTSG,"BrightSpring Health Services, Inc. Common Stock",$56.54,-0.05,-0.088%,"11,187,244,186"
AA,Alcoa Corporation Common Stock ,$42.25,-0.60,-1.40%,"11,150,174,051"
FPS,"Forgent Power Solutions, Inc. Class A Common Stock",$36.59,-2.38,-6.107%,"11,139,053,049"
AEIS,"Advanced Energy Industries, Inc. Common Stock",$277.84,-1.84,-0.658%,"11,127,614,805"
FRHC,Freedom Holding Corp. Common Stock,$174.37,2.29,1.331%,"11,122,655,320"
RMBS,Rambus Inc. Common Stock,$102.12,-3.04,-2.891%,"11,076,098,898"
PNW,Pinnacle West Capital Corporation Common Stock,$91.32,-0.42,-0.458%,"11,067,731,409"
WTRG,"Essential Utilities, Inc. Common Stock",$38.96,-0.57,-1.442%,"11,056,014,451"
FNF,"Fidelity National Financial, Inc. Common Stock",$41.08,-0.34,-0.821%,"11,017,361,333"
HRL,Hormel Foods Corporation Common Stock,$19.97,0.26,1.319%,"10,990,505,476"
FHN,First Horizon Corporation Common Stock,$23.19,-0.27,-1.151%,"10,986,892,294"
AMH,American Homes 4 Rent Common Shares of Beneficial Interest,$30.56,-0.08,-0.261%,"10,976,539,089"
FROG,JFrog Ltd. Ordinary Shares,$88.81,-0.37,-0.415%,"10,950,389,430"
CSGP,"CoStar Group, Inc. Common Stock",$27.02,-1.07,-3.809%,"10,948,438,828"
LFUS,"Littelfuse, Inc. Common Stock",$429.21,-0.01,-0.002%,"10,901,396,200"
EGP,"EastGroup Properties, Inc. Common Stock",$202.44,0.92,0.457%,"10,885,870,293"
UDR,"UDR, Inc. Common Stock",$33.83,-0.01,-0.03%,"10,868,368,630"
PAYP,PayPay Corporation American Depository Shares,$16.00,-0.51,-3.089%,"10,834,290,160"
SUZ,Suzano S.A. American Depositary Shares (each representing One Ordinary Share),$8.57,-0.12,-1.381%,"10,833,487,961"
FIG,"Figma, Inc. Class A Common Stock",$20.25,-0.60,-2.878%,"10,793,449,807"
COO,"The Cooper Companies, Inc. Common Stock",$56.57,1.19,2.149%,"10,757,084,982"
BIPJ,Brookfield Infrastructure Corporation 7.250% Subordinated Notes due 2084,$23.22,-0.17,-0.727%,"10,712,407,030"
FRO,Frontline Plc Ordinary Shares,$48.10,0.37,0.775%,"10,708,160,961"
TX,"Ternium S.A. Ternium S.A. American Depositary Shares (each representing ten shares, USD1.00 par value)",$54.47,-0.89,-1.608%,"10,692,879,221"
DECK,Deckers Outdoor Corporation Common Stock,$78.36,-0.31,-0.394%,"10,689,418,828"
GSAT,"Globalstar, Inc. Common Stock",$82.34,-0.54,-0.652%,"10,668,249,533"
IAG,Iamgold Corporation Ordinary Shares,$18.68,-1.02,-5.178%,"10,666,280,000"
DDS,"Dillard's, Inc. Common Stock",$681.94,17.87,2.691%,"10,651,528,415"
LI,Li Auto Inc. American Depositary Shares,$11.71,0.21,1.826%,"10,646,293,519"
SF,Stifel Financial Corporation Common Stock,$70.41,0.06,0.085%,"10,632,032,091"
LULU,lululemon athletica inc. Common Stock,$100.58,-0.72,-0.711%,"10,620,650,957"
AES,The AES Corporation Common Stock,$14.87,UNCH,--,"10,608,832,428"
AUR,"Aurora Innovation, Inc. Class A Common Stock",$5.29,-0.75,-12.417%,"10,601,981,368"
AR,Antero Resources Corporation Common Stock,$34.34,-0.66,-1.886%,"10,557,455,260"
BEPC,Brookfield Renewable Corporation Brookfield Renewable Corporation Class A Subordinate Voting Shares,$27.97,-0.50,-1.756%,"10,541,507,965"
SCI,Service Corporation International Common Stock,$77.07,-0.77,-0.989%,"10,529,262,861"
DKNG,DraftKings Inc. Class A Common Stock,$21.16,-0.86,-3.906%,"10,504,967,656"
XP,XP Inc. Class A Common Stock,$20.23,-0.28,-1.365%,"10,485,450,526"
UHS,"Universal Health Services, Inc. Common Stock",$177.48,-1.38,-0.772%,"10,460,052,682"
RDY,Dr. Reddy's Laboratories Ltd Common Stock,$12.51,0.26,2.122%,"10,441,558,695"
PINS,"Pinterest, Inc. Class A Common Stock",$18.41,-0.49,-2.593%,"10,425,822,827"
RRX,Regal Rexnord Corporation Common Stock,$156.48,0.30,0.192%,"10,420,295,348"
TXRH,"Texas Roadhouse, Inc. Common Stock",$158.45,-1.30,-0.814%,"10,400,804,725"
JKHY,"Jack Henry & Associates, Inc. Common Stock",$147.82,0.03,0.02%,"10,364,045,715"
KNX,Knight-Swift Transportation Holdings Inc.,$63.55,-0.12,-0.188%,"10,343,143,800"
AVTR,"Avantor, Inc. Common Stock",$15.29,0.04,0.262%,"10,341,526,664"
RTO,Rentokil Initial plc American Depositary Shares (each representing five (5) Ordinary Shares),$20.50,-0.14,-0.678%,"10,340,200,000"
EGO,Eldorado Gold Corporation Ordinary Shares,$39.44,-2.48,-5.916%,"10,306,455,397"
ALGN,"Align Technology, Inc. Common Stock",$145.00,-1.78,-1.213%,"10,300,778,540"
NYT,New York Times Company (The) Common Stock,$64.17,0.34,0.533%,"10,299,468,655"
CART,Maplebear Inc. Common Stock,$43.34,0.15,0.347%,"10,286,029,556"
ENSG,"The Ensign Group, Inc. Common Stock",$176.36,1.18,0.674%,"10,278,690,060"
QRVO,"Qorvo, Inc. Common Stock",$116.30,-1.67,-1.416%,"10,260,175,918"
ERIE,Erie Indemnity Company Class A Common Stock,$221.92,-0.94,-0.422%,"10,250,277,971"
FORM,"FormFactor, Inc. FormFactor, Inc. Common Stock",$130.97,1.28,0.987%,"10,231,471,353"
AXSM,"Axsome Therapeutics, Inc. Common Stock",$193.89,-1.20,-0.615%,"10,156,116,802"
DCI,"Donaldson Company, Inc. Common Stock",$87.48,0.07,0.08%,"10,139,818,085"
UMBF,UMB Financial Corporation Common Stock,$133.42,-2.40,-1.767%,"10,133,253,003"
BPOP,"Popular, Inc. Common Stock",$158.85,-1.63,-1.016%,"10,131,214,884"
HII,"Huntington Ingalls Industries, Inc. Common Stock",$257.05,-6.97,-2.64%,"10,128,951,916"
HUBS,"HubSpot, Inc. Common Stock",$202.84,-10.90,-5.10%,"10,114,860,211"
CHYM,"Chime Financial, Inc. Class A Common Stock",$26.69,-0.09,-0.336%,"10,104,436,613"
BIO,"Bio-Rad Laboratories, Inc. Class A Common Stock",$377.69,-3.31,-0.869%,"10,098,741,316"
VIAV,Viavi Solutions Inc. Common Stock,$40.87,0.19,0.467%,"10,084,665,470"
EVR,Evercore Inc. Class A Common Stock,$261.62,-1.29,-0.491%,"10,061,323,880"
TFII,TFI International Inc. Common Shares,$122.37,1.27,1.049%,"10,057,594,093"
GMED,"Globus Medical, Inc. Class A Common Stock",$74.78,0.26,0.349%,"10,040,105,929"
MSGS,Madison Square Garden Sports Corp. Class A Common Stock (New),$416.34,13.50,3.351%,"10,025,442,636"
KRYS,"Krystal Biotech, Inc. Common Stock",$337.08,-8.74,-2.527%,"9,977,175,639"
BXP,"BXP, Inc. Common Stock",$62.43,-0.97,-1.53%,"9,967,670,941"
PAYC,"Paycom Software, Inc. Common Stock",$220.58,0.12,0.054%,"9,941,897,719"
MOH,Molina Healthcare Inc Common Stock,$189.64,-1.22,-0.639%,"9,899,208,000"
CPT,Camden Property Trust Common Stock,$98.40,0.28,0.285%,"9,893,072,040"
CGNX,Cognex Corporation Common Stock,$58.75,0.09,0.153%,"9,883,150,718"
VSAT,"ViaSat, Inc. Common Stock",$71.65,-1.37,-1.876%,"9,870,203,787"
WMS,"Advanced Drainage Systems, Inc. Common Stock",$130.78,-2.35,-1.765%,"9,861,510,627"
SSB,SouthState Bank Corporation Common Stock,$101.69,-0.77,-0.752%,"9,861,340,362"
CLX,Clorox Company (The) Common Stock,$81.42,-2.38,-2.84%,"9,846,202,427"
AM,Antero Midstream Corporation Common Stock,$20.70,-0.23,-1.099%,"9,825,751,800"
DRS,"Leonardo DRS, Inc. Common Stock",$36.67,-0.49,-1.319%,"9,786,911,855"
RYAN,"Ryan Specialty Holdings, Inc. Class A Common Stock",$38.12,0.23,0.607%,"9,751,659,604"
CFR,"Cullen/Frost Bankers, Inc. Common Stock",$156.42,-1.00,-0.635%,"9,721,312,950"
WTFC,Wintrust Financial Corporation Common Stock,$144.02,-2.09,-1.43%,"9,716,448,567"
SATA,"Strive, Inc. Variable Rate Series A Perpetual Preferred Stock",$100.01,0.0516,0.052%,"9,701,234,926"
DPZ,Domino's Pizza Inc Common Stock,$292.27,0.13,0.044%,"9,668,798,688"
OC,Owens Corning Inc Common Stock New,$122.03,-1.88,-1.517%,"9,646,310,786"
ONB,Old National Bancorp Common Stock,$25.21,-0.28,-1.098%,"9,644,589,700"
BRKR,Bruker Corporation Common Stock,$63.28,-0.90,-1.402%,"9,641,297,516"
PSO,"Pearson, Plc Common Stock",$15.94,-0.19,-1.178%,"9,591,415,094"
ENLT,Enlight Renewable Energy Ltd. Ordinary Shares,$68.75,-0.72,-1.036%,"9,586,779,125"
HSIC,"Henry Schein, Inc. Common Stock",$85.99,-0.38,-0.44%,"9,583,288,147"
DAR,Darling Ingredients Inc. Common Stock,$60.59,-0.70,-1.142%,"9,561,278,680"
MUSA,Murphy USA Inc. Common Stock,$520.12,8.58,1.677%,"9,559,986,082"
FRT,Federal Realty Investment Trust Common Stock,$109.83,-0.69,-0.624%,"9,543,033,477"
XPEV,"XPeng Inc. American depositary shares, each representing two Class A ordinary shares",$9.95,-0.17,-1.68%,"9,532,798,192"
FDS,FactSet Research Systems Inc. Common Stock,$267.67,-5.41,-1.981%,"9,519,828,895"
AMG,"Affiliated Managers Group, Inc. Common Stock",$368.13,-5.56,-1.488%,"9,519,817,135"
RGEN,Repligen Corporation Common Stock,$194.09,4.41,2.325%,"9,495,529,702"
ONBPP,"Old National Bancorp Depositary Shares, Each Representing a 1/40th Interest in a Share of Series A Preferred Stock",$24.79,-0.07,-0.282%,"9,483,910,300"
ONBPO,"Old National Bancorp Depositary Shares, Each Representing a 1/40th Interest in a Share of Series C Preferred Stock",$24.75,-0.025,-0.101%,"9,468,607,500"
GGB,Gerdau S.A. Common Stock,$4.78,-0.07,-1.443%,"9,454,926,274"
BSY,"Bentley Systems, Incorporated Class B Common Stock",$31.29,-0.15,-0.477%,"9,452,486,497"
SIMO,Silicon Motion Technology Corporation American Depositary Shares,$278.07,1.84,0.666%,"9,428,862,906"
FLS,Flowserve Corporation Common Stock,$74.09,0.27,0.366%,"9,417,785,870"
FCFS,"FirstCash Holdings, Inc. Common Stock",$216.95,-0.50,-0.23%,"9,409,512,010"
ALSN,"Allison Transmission Holdings, Inc. Common Stock",$113.66,-0.20,-0.176%,"9,385,819,799"
GKOS,Glaukos Corporation Common Stock,$158.56,4.13,2.674%,"9,352,493,051"
JAN,"Janus Living, Inc. Class A-1 Common Stock",$30.04,-0.01,-0.033%,"9,321,134,911"
KYMR,"Kymera Therapeutics, Inc. Common Stock",$112.00,0.05,0.045%,"9,312,869,216"
MOD,Modine Manufacturing Company Common Stock,$175.04,-23.03,-11.627%,"9,296,848,408"
QGEN,Qiagen N.V. Common Shares,$45.01,0.83,1.879%,"9,275,424,633"
ARWR,"Arrowhead Pharmaceuticals, Inc. Common Stock",$65.46,-0.46,-0.698%,"9,246,517,410"
KT,KT Corporation Common Stock,$19.16,-0.54,-2.741%,"9,238,762,814"
ESTC,Elastic N.V. Ordinary Shares,$87.94,-0.18,-0.204%,"9,232,933,163"
PODD,Insulet Corporation Common Stock,$133.11,-3.02,-2.218%,"9,231,737,429"
OGE,OGE Energy Corp Common Stock,$44.68,-0.13,-0.29%,"9,230,051,903"
ZION,Zions Bancorporation N.A. Common Stock,$63.19,-0.64,-1.003%,"9,222,792,502"
PTGX,"Protagonist Therapeutics, Inc. Common Stock",$142.44,0.58,0.409%,"9,217,048,115"
CYTK,"Cytokinetics, Incorporated Common Stock",$66.16,1.50,2.32%,"9,197,789,335"
LLYVK,"Liberty Live Holdings, Inc. Series C Liberty Live Group Common Stock",$99.92,0.56,0.564%,"9,193,177,170"
TTC,Toro Company (The) Common Stock,$97.07,-0.08,-0.082%,"9,188,974,102"
ORI,Old Republic International Corporation Common Stock,$38.02,0.28,0.742%,"9,179,279,694"
AYI,Acuity Inc. Common Stock,$305.91,-13.51,-4.23%,"9,157,583,183"
OSCR,"Oscar Health, Inc. Class A Common Stock",$29.65,0.05,0.169%,"9,151,324,250"
JEF,Jefferies Financial Group Inc. Common Stock,$47.13,-0.55,-1.154%,"9,131,092,980"
GLXY,Galaxy Digital Inc. Class A Common Stock,$23.21,-1.03,-4.249%,"9,072,535,779"
MTCH,"Match Group, Inc. Common Stock",$39.51,-1.04,-2.565%,"9,069,559,417"
APTV,Aptiv PLC Ordinary Shares,$43.64,-1.15,-2.568%,"9,061,118,565"
HLI,"Houlihan Lokey, Inc. Class A Common Stock",$129.54,0.47,0.364%,"9,053,097,210"
SOLS,Solstice Advanced Materials Inc. Common Stock ,$56.93,0.28,0.494%,"9,043,180,717"
VMI,"Valmont Industries, Inc. Common Stock",$467.84,1.01,0.216%,"9,031,584,767"
IBRX,"ImmunityBio, Inc. Common Stock",$8.52,0.08,0.948%,"9,029,805,046"
SSL,Sasol Ltd. American Depositary Shares,$13.93,-0.10,-0.713%,"9,023,320,063"
NIO,"NIO Inc. American depositary shares, each  representing one Class A ordinary share",$3.59,0.01,0.279%,"8,995,344,609"
ELPC,Companhia Paranaense de Energia (COPEL) American Depositary Shares (each representing four (4) Common Shares),$12.05,-0.19,-1.552%,"8,985,716,908"
CAI,"Caris Life Sciences, Inc. Common Stock",$31.75,-0.23,-0.719%,"8,972,397,156"
R,"Ryder System, Inc. Common Stock",$233.93,-1.64,-0.696%,"8,970,482,831"
AAL,American Airlines Group Inc. Common Stock,$13.52,-0.35,-2.523%,"8,949,833,738"
ENJ,"Entergy New Orleans, LLC First Mortgage Bonds, 5.0% Series due December 1, 2052",$19.14,UNCH,--,"8,931,326,872"
LLYVA,"Liberty Live Holdings, Inc. Series A Liberty Live Group Common Stock",$97.07,0.75,0.779%,"8,930,961,848"
JXN,Jackson Financial Inc. Class A Common Stock ,$131.81,-1.31,-0.984%,"8,927,325,747"
EMP,"Entergy Mississippi, LLC First Mortgage Bonds, 4.90% Series Due October 1, 2066",$19.02,-0.055,-0.288%,"8,875,331,092"
AG,First Majestic Silver Corp. Ordinary Shares (Canada),$17.95,-1.06,-5.576%,"8,847,669,575"
RRC,Range Resources Corporation Common Stock,$37.86,-0.75,-1.943%,"8,847,106,438"
LTH,"Life Time Group Holdings, Inc. Common Stock",$39.59,-0.38,-0.951%,"8,846,858,521"
CTRE,"CareTrust REIT, Inc. Common Stock",$37.42,0.01,0.027%,"8,842,091,507"
SNAP,Snap Inc. Class A Common Stock,$5.22,-0.20,-3.69%,"8,828,052,057"
PBF,PBF Energy Inc. Class A Common Stock,$74.39,0.70,0.95%,"8,817,955,379"
SAIA,"Saia, Inc. Common Stock",$330.25,6.03,1.86%,"8,809,303,163"
EAI,"Entergy Arkansas, LLC First Mortgage Bonds, 4.875% Series Due September 1, 2066",$18.85,0.115,0.614%,"8,796,003,737"
KLAR,Klarna Group plc Ordinary Shares,$12.41,-0.39,-3.047%,"8,757,048,233"
SIRI,SiriusXM Holdings Inc. Common Stock,$25.94,0.085,0.329%,"8,743,515,153"
VOYA,"Voya Financial, Inc. Common Stock",$95.98,-1.29,-1.326%,"8,695,437,577"
TTEK,"Tetra Tech, Inc. Common Stock",$33.89,-0.02,-0.059%,"8,677,345,665"
PCVX,"Vaxcyte, Inc. Common Stock",$58.27,2.06,3.665%,"8,670,883,549"
EDU,"New Oriental Education & Technology Group, Inc. Sponsored ADR representing 10 Ordinary Share (Cayman Islands)",$55.87,-0.60,-1.063%,"8,661,502,635"
TGTX,"TG Therapeutics, Inc. Common Stock",$56.19,-1.24,-2.159%,"8,600,950,088"
BRX,Brixmor Property Group Inc. Common Stock,$28.00,-0.07,-0.249%,"8,592,424,848"
ESI,Element Solutions Inc. Common Stock,$35.12,-0.59,-1.652%,"8,558,424,900"
WLK,Westlake Corporation Common Stock,$66.84,-0.87,-1.285%,"8,541,921,268"
SPXC,"SPX Technologies, Inc. Common Stock",$170.11,-2.68,-1.551%,"8,520,105,645"
YMM,Full Truck Alliance Co. Ltd. American Depositary Shares (each representing 20 Class A Ordinary Shares),$8.20,0.07,0.861%,"8,507,863,498"
ARE,"Alexandria Real Estate Equities, Inc. Common Stock",$48.66,-1.27,-2.544%,"8,478,886,756"
EAT,"Brinker International, Inc. Common Stock",$202.45,-4.75,-2.292%,"8,478,861,087"
PRI,"Primerica, Inc. Common Stock",$275.45,-0.14,-0.051%,"8,477,621,058"
PNR,Pentair plc. Ordinary Share,$53.03,-0.63,-1.174%,"8,465,600,489"
BAH,Booz Allen Hamilton Holding Corporation Common Stock,$70.25,-2.70,-3.701%,"8,450,019,353"
IDCC,"InterDigital, Inc. Common Stock",$327.14,-7.07,-2.115%,"8,442,177,130"
TIMB,TIM S.A. American Depositary Shares (Each representing 5 Common Shares) ,$17.64,-0.52,-2.863%,"8,439,420,140"
MHK,"Mohawk Industries, Inc. Common Stock",$124.43,-0.73,-0.583%,"8,428,657,382"
RHP,"Ryman Hospitality Properties, Inc. (REIT)",$122.09,0.63,0.519%,"8,422,177,812"
CUBE,CubeSmart Common Shares,$37.39,-0.43,-1.137%,"8,418,816,640"
NEU,NewMarket Corp Common Stock,$912.44,14.40,1.603%,"8,391,168,691"
ADC,Agree Realty Corporation Common Stock,$67.30,-0.18,-0.267%,"8,370,727,563"
WAL,Western Alliance Bancorporation Common Stock (DE),$76.55,-1.06,-1.366%,"8,351,671,139"
ALV,"Autoliv, Inc. Common Stock",$114.03,-3.49,-2.97%,"8,351,239,855"
ABVX,Abivax SA American Depositary Shares,$96.85,5.79,6.358%,"8,338,255,715"
AVT,"Avnet, Inc. Common Stock",$101.45,-1.625,-1.577%,"8,326,303,720"
KNTK,Kinetik Holdings Inc. Class A Common Stock,$51.21,UNCH,--,"8,315,435,196"
REXR,"Rexford Industrial Realty, Inc. Common Stock",$37.19,-0.28,-0.747%,"8,292,928,332"
WYNN,"Wynn Resorts, Limited Common stock",$80.515,-0.605,-0.746%,"8,290,942,834"
KTOS,"Kratos Defense & Security Solutions, Inc. Common Stock",$44.07,-1.55,-3.398%,"8,272,878,881"
MP,MP Materials Corp. Common Stock,$46.45,-2.38,-4.874%,"8,272,818,763"
AGCO,AGCO Corporation Common Stock,$117.61,-0.41,-0.347%,"8,236,431,648"
MGM,MGM Resorts International Common Stock,$31.86,-0.72,-2.21%,"8,230,175,336"
COLB,"Columbia Banking System, Inc. Common Stock",$29.06,-0.58,-1.957%,"8,221,139,908"
AAOI,"Applied Optoelectronics, Inc. Common Stock",$96.82,-4.58,-4.517%,"8,220,626,901"
OSK,Oshkosh Corporation (Holding Company)Common Stock,$132.79,0.04,0.03%,"8,198,421,270"
MXL,"MaxLinear, Inc. Common Stock",$90.00,-3.84,-4.092%,"8,162,387,190"
BVN,Buenaventura Mining Company Inc.,$32.05,-1.12,-3.377%,"8,140,279,087"
FR,"First Industrial Realty Trust, Inc. Common Stock",$61.26,0.09,0.147%,"8,121,418,672"
RIOT,"Riot Platforms, Inc. Common Stock ",$21.62,-1.38,-6.00%,"8,113,098,175"
TKR,Timken Company (The) Common Stock,$116.75,-0.70,-0.596%,"8,090,405,953"
PB,"Prosperity Bancshares, Inc. Common Stock",$67.32,-0.45,-0.664%,"8,090,300,224"
CNM,"Core & Main, Inc. Class A Common Stock",$42.39,-0.25,-0.586%,"8,075,042,780"
LINE,"Lineage, Inc. Common Stock",$35.43,-0.72,-1.992%,"8,067,765,725"
VIRT,"Virtu Financial, Inc. Class A Common Stock",$51.97,-1.43,-2.678%,"8,065,755,797"
GAP,"Gap, Inc. (The) Common Stock",$22.95,1.13,5.179%,"8,061,649,644"
DY,"Dycom Industries, Inc. Common Stock",$266.79,-4.73,-1.742%,"8,046,641,718"
KMX,CarMax Inc,$56.55,-0.66,-1.154%,"8,025,072,479"
CBSH,"Commerce Bancshares, Inc. Common Stock",$55.88,-0.56,-0.992%,"8,014,990,107"
SM,SM Energy Company Common Stock,$33.55,-0.36,-1.062%,"7,980,003,981"
PRAX,"Praxis Precision Medicines, Inc. Common Stock",$285.65,4.87,1.734%,"7,975,344,572"
SNEX,StoneX Group Inc. Common Stock,$65.90,-0.91,-1.362%,"7,948,642,837"
NNN,"NNN REIT, Inc. Common Stock",$41.40,0.10,0.242%,"7,945,959,960"
MAAS,Maase Inc. Class A Ordinary Shares,$17.95,2.58,16.786%,"7,937,051,625"
BOKF,BOK Financial Corporation Common Stock,$130.59,-1.18,-0.895%,"7,935,545,162"
AOS,A.O. Smith Corporation Common Stock,$58.38,-0.27,-0.46%,"7,934,342,492"
UGP,Ultrapar Participacoes S.A. (New) American Depositary Shares (Each representing one Common Share),$7.13,0.03,0.423%,"7,934,336,669"
S,"SentinelOne, Inc. Class A Common Stock",$22.74,0.36,1.609%,"7,914,636,921"
ATR,"AptarGroup, Inc. Common Stock",$124.45,0.58,0.468%,"7,912,671,504"
GIL,"Gildan Activewear, Inc. Class A Sub. Vot. Common Stock",$42.62,1.64,4.002%,"7,892,876,562"
LNC,Lincoln National Corporation Common Stock,$40.88,-0.81,-1.943%,"7,826,367,096"
CAE,CAE Inc. Common Shares,$24.28,-0.58,-2.333%,"7,806,230,265"
UGI,UGI Corporation Common Stock,$36.24,-0.27,-0.74%,"7,773,297,604"
ZWS,Zurn Elkay Water Solutions Corporation Common Stock,$46.73,0.08,0.171%,"7,750,829,253"
RAL,Ralliant Corporation Common Stock,$69.96,-0.07,-0.10%,"7,740,374,960"
STN,Stantec Inc Common Stock,$68.72,-0.30,-0.435%,"7,724,107,590"
GTLB,GitLab Inc. Class A Common Stock,$46.21,-0.635,-1.356%,"7,698,586,000"
ACM,AECOM Common Stock,$59.42,-1.47,-2.414%,"7,647,141,574"
CBC,"Central Bancompany, Inc. Class A Common Stock",$31.85,-0.21,-0.655%,"7,628,238,486"
LEVI,Levi Strauss & Co Class A Common Stock,$19.81,0.08,0.405%,"7,623,889,633"
EMN,Eastman Chemical Company Common Stock,$66.47,-0.50,-0.747%,"7,602,667,174"
THG,Hanover Insurance Group Inc,$217.57,0.13,0.06%,"7,575,835,483"
IONS,"Ionis Pharmaceuticals, Inc. Common Stock",$45.57,1.07,2.404%,"7,573,019,554"
PCTY,Paylocity Holding Corporation Common Stock,$142.72,-0.63,-0.439%,"7,572,289,759"
SYRE,"Spyre Therapeutics, Inc. Common Stock",$85.79,0.10,0.117%,"7,564,427,042"
WULF,TeraWulf Inc. Common Stock,$15.12,-0.62,-3.939%,"7,544,406,396"
SFD,"Smithfield Foods, Inc. Common Stock",$19.14,0.10,0.525%,"7,536,708,629"
TPGXL,"TPG Operating Group II, L.P. 6.950% Fixed-Rate Junior Subordinated Notes due 2064",$20.52,-0.285,-1.37%,"7,486,224,903"
AVAV,"AeroVironment, Inc. Common Stock",$147.23,-4.82,-3.17%,"7,482,331,955"
CHWY,"Chewy, Inc. Class A Common Stock",$18.61,0.34,1.861%,"7,479,866,104"
PRH,"Prudential Financial, Inc. 5.950% Junior Subordinated Notes due 2062",$21.225,-0.105,-0.492%,"7,471,200,000"
HNGE,"Hinge Health, Inc. Class A Common Stock",$92.45,-3.12,-3.265%,"7,460,198,852"
PCOR,"Procore Technologies, Inc. Common Stock",$49.06,-0.24,-0.487%,"7,454,928,882"
IDA,"IDACORP, Inc. Common Stock",$128.81,-0.97,-0.747%,"7,450,633,559"
VIST,"Vista Energy S.A.B. de C.V. American Depositary Shares, each representing one series A share, with no par value",$66.91,-0.52,-0.771%,"7,448,247,368"
KNSL,"Kinsale Capital Group, Inc. Common Stock",$324.92,-5.57,-1.685%,"7,401,165,851"
CHRD,Chord Energy Corporation Common Stock,$135.15,-1.12,-0.822%,"7,392,417,401"
NFG,National Fuel Gas Company Common Stock,$77.76,-1.23,-1.557%,"7,390,706,898"
SLAB,"Silicon Laboratories, Inc. Common Stock",$221.03,-0.21,-0.095%,"7,375,055,184"
SARO,"StandardAero, Inc. Common Stock",$22.22,-0.52,-2.287%,"7,353,029,757"
VFS,VinFast Auto Ltd. Ordinary Shares,$3.14,-0.04,-1.258%,"7,346,143,071"
APLD,Applied Digital Corporation Common Stock,$24.53,-1.72,-6.552%,"7,336,784,970"
ASR,"Grupo Aeroportuario del Sureste, S.A. de C.V. Common Stock",$243.96,0.75,0.308%,"7,318,800,000"
HQY,"HealthEquity, Inc. Common Stock",$88.44,0.19,0.215%,"7,315,340,778"
NTSK,"Netskope, Inc. Class A Common Stock",$17.85,0.18,1.019%,"7,293,291,302"
ZETA,Zeta Global Holdings Corp. Class A Common Stock,$28.99,-0.46,-1.562%,"7,276,884,409"
TRNO,Terreno Realty Corporation Common Stock,$66.57,0.50,0.757%,"7,254,153,537"
GJS,"Goldman Sachs Group Securities STRATS Trust for Goldman Sachs Group Securities, Series 2006-2",$23.12,UNCH,--,"7,214,342,443"
DBX,"Dropbox, Inc. Class A Common Stock",$31.92,-0.40,-1.238%,"7,204,640,377"
ACA,"Arcosa, Inc. Common Stock ",$146.53,-0.09,-0.061%,"7,195,620,723"
MORN,"Morningstar, Inc. Common Stock",$191.56,-4.42,-2.255%,"7,186,099,661"
SBSW,D/B/A Sibanye-Stillwater Limited ADS,$10.14,-0.47,-4.43%,"7,175,488,014"
SSD,"Simpson Manufacturing Company, Inc. Common Stock",$174.79,-1.76,-0.997%,"7,163,712,567"
AMRX,"Amneal Pharmaceuticals, Inc. Class A Common Stock",$20.50,0.73,3.692%,"7,140,068,349"
STAG,"Stag Industrial, Inc. Common Stock",$37.01,0.22,0.598%,"7,135,836,256"
CMC,Commercial Metals Company Common Stock,$64.49,-1.24,-1.887%,"7,134,163,364"
PRS,"Prudential Financial, Inc. 5.625% Junior Subordinated Notes due 2058",$20.17,0.09,0.448%,"7,099,840,000"
SOBO,South Bow Corporation Common Shares,$34.01,0.02,0.059%,"7,093,963,164"
CELH,"Celsius Holdings, Inc. Common Stock",$28.00,0.01,0.036%,"7,084,981,316"
MOS,Mosaic Company (The) Common Stock,$22.25,-0.76,-3.303%,"7,073,178,124"
VLY,Valley National Bancorp Common Stock,$12.78,-0.30,-2.294%,"7,062,294,788"
PRMB,Primo Brands Corporation Class A Common Stock,$19.49,-0.01,-0.051%,"7,062,280,337"
PLXS,Plexus Corp. Common Stock,$264.96,1.87,0.711%,"7,061,740,151"
VSXY,Victorias Secret & Co. Common Stock ,$88.29,5.38,6.489%,"7,042,367,003"
AAON,"AAON, Inc. Common Stock",$85.34,-3.76,-4.22%,"7,036,593,552"
MSA,MSA Safety Incorporated Common Stock,$182.32,-0.14,-0.077%,"7,033,593,650"
BIPH,Brookfield Infrastructure Corporation 5.000% Subordinated Notes due 2081,$15.24,-0.1892,-1.226%,"7,030,882,133"
FSS,Federal Signal Corporation Common Stock,$115.01,0.26,0.227%,"7,020,395,681"
APPF,"AppFolio, Inc. Class A Common Stock",$197.91,-6.31,-3.09%,"7,009,376,887"
AXTA,Axalta Coating Systems Ltd. Common Shares,$32.68,-0.21,-0.638%,"6,994,173,502"
BTG,B2Gold Corp Common shares (Canada),$5.28,-0.20,-3.65%,"6,975,253,623"
AWI,Armstrong World Industries Inc Common Stock,$164.75,1.94,1.192%,"6,962,800,584"
NOV,NOV Inc. Common Stock,$19.50,-0.36,-1.813%,"6,951,323,438"
KEX,Kirby Corporation Common Stock,$131.59,2.71,2.103%,"6,947,952,000"
CIFR,Cipher Digital Inc. Common Stock,$16.74,-0.99,-5.584%,"6,947,614,286"
IMVT,"Immunovant, Inc. Common Stock",$33.49,0.19,0.571%,"6,917,449,320"
OKLO,Oklo Inc. Class A common stock,$37.11,-0.93,-2.445%,"6,903,114,992"
SSRM,SSR Mining Inc. Common Stock,$33.84,-1.84,-5.157%,"6,900,291,118"
COMP,"Compass, Inc. Class A Common Stock",$9.10,-0.28,-2.985%,"6,893,451,993"
ESE,ESCO Technologies Inc. Common Stock,$266.04,-2.05,-0.765%,"6,892,449,125"
AXS,Axis Capital Holdings Limited Common Stock,$94.45,UNCH,--,"6,891,668,641"
ALGM,"Allegro MicroSystems, Inc. Common Stock",$36.94,0.18,0.49%,"6,885,691,579"
POWL,"Powell Industries, Inc. Common Stock",$187.23,-2.30,-1.214%,"6,821,268,958"
MSM,"MSC Industrial Direct Company, Inc. Common Stock",$122.14,0.92,0.759%,"6,821,066,838"
PACS,"PACS Group, Inc. Common Stock",$43.06,1.76,4.262%,"6,817,931,453"
NE,Noble Corporation plc A Ordinary Shares,$42.61,-0.21,-0.49%,"6,802,354,909"
CAG,"ConAgra Brands, Inc. Common Stock",$14.16,-0.16,-1.117%,"6,797,757,513"
RYTM,"Rhythm Pharmaceuticals, Inc. Common Stock",$98.56,-0.10,-0.101%,"6,786,061,202"
TAP,Molson Coors Beverage Company Class B Common Stock,$36.27,0.32,0.89%,"6,762,684,150"
GTES,Gates Industrial Corporation Ltd. Common Shares,$26.67,-0.19,-0.707%,"6,751,541,704"
DSGX,Descartes Systems Group Inc. (The) Common Stock,$78.85,0.24,0.305%,"6,745,503,404"
VCTR,"Victory Capital Holdings, Inc. Class A Common Stock",$109.60,0.85,0.782%,"6,741,449,091"
ALKS,Alkermes plc Ordinary Shares,$40.15,-0.70,-1.714%,"6,735,695,371"
CHE,Chemed Corp,$514.30,2.14,0.418%,"6,721,880,942"
HIMS,"Hims & Hers Health, Inc. Class A Common Stock",$28.78,-0.64,-2.175%,"6,714,760,026"
PPC,Pilgrim's Pride Corporation Common Stock,$28.11,0.29,1.042%,"6,693,230,610"
BLTE,"Belite Bio, Inc American Depositary Shares",$165.93,-1.40,-0.837%,"6,682,356,854"
MATX,"Matson, Inc. Common Stock",$223.45,-1.21,-0.539%,"6,681,927,690"
LAD,"Lithia Motors, Inc. Common Stock",$303.07,-13.35,-4.219%,"6,662,422,966"
CAMT,Camtek Ltd. Ordinary Shares,$142.61,-4.44,-3.019%,"6,638,296,844"
MBLY,Mobileye Global Inc. Class A Common Stock,$7.795,-0.235,-2.927%,"6,627,212,326"
FAF,First American Corporation (New) Common Stock,$64.72,-1.55,-2.339%,"6,607,912,000"
TAL,TAL Education Group American Depositary Shares,$11.89,-0.11,-0.917%,"6,595,397,910"
LQDA,Liquidia Corporation Common Stock,$73.67,5.24,7.657%,"6,594,120,000"
BROS,Dutch Bros Inc. Class A Common Stock,$37.74,-0.15,-0.396%,"6,592,487,962"
FLR,Fluor Corporation Common Stock,$49.22,-1.16,-2.303%,"6,582,735,318"
GLBE,Global-E Online Ltd. Ordinary Shares,$39.28,-0.89,-2.216%,"6,582,082,353"
FIGR,"Figure Technology Solutions, Inc. Class A Common Stock",$29.33,-2.57,-8.056%,"6,581,002,986"
NCLH,Norwegian Cruise Line Holdings Ltd. Ordinary Shares,$14.31,-0.30,-2.053%,"6,570,978,076"
BZ,KANZHUN LIMITED American Depository Shares,$14.18,0.58,4.265%,"6,562,584,869"
NFEGP,New Fortress Energy Inc. Series A Mandatorily Convertible Preferred Stock,$400.00,-40.00,-9.091%,"6,528,646,000"
AUGO,Aura Minerals Inc. Common Shares,$77.72,-5.85,-7.00%,"6,512,098,412"
LNTH,"Lantheus Holdings, Inc. Common Stock",$99.74,UNCH,--,"6,510,266,084"
NPO,Enpro Inc. Common Stock,$307.44,-3.99,-1.281%,"6,507,791,847"
BEPJ,Brookfield BRP Holdings (Canada) Inc. 7.250% Perpetual Subordinated Notes,$22.60,0.0499,0.221%,"6,489,914,084"
NICE,NICE Ltd American Depositary Shares,$109.09,-3.72,-3.298%,"6,480,336,542"
ICL,ICL Group Ltd. Ordinary Shares,$5.02,-0.12,-2.335%,"6,479,177,100"
OMF,"OneMain Holdings, Inc. Common Stock",$56.23,-1.13,-1.97%,"6,468,781,802"
URBN,"Urban Outfitters, Inc. Common Stock",$75.44,0.09,0.119%,"6,462,204,055"
ACT,"Enact Holdings, Inc. Common Stock",$46.94,-0.03,-0.064%,"6,453,483,517"
RUSHB,"Rush Enterprises, Inc. Class B",$55.09,-0.10,-0.181%,"6,430,675,367"
OR,OR Royalties Inc. Common Shares,$34.28,-1.50,-4.192%,"6,427,358,218"
ENS,EnerSys Common Stock,$177.98,-0.91,-0.509%,"6,418,888,568"
TXNM,"TXNM Energy, Inc. Common Stock",$58.27,-0.25,-0.427%,"6,417,027,860"
CLF,Cleveland-Cliffs Inc. Common Stock,$11.22,-0.96,-7.882%,"6,401,459,327"
MAC,Macerich Company (The) Common Stock,$22.57,-0.07,-0.309%,"6,399,935,094"
GATX,GATX Corporation Common Stock,$181.26,-2.47,-1.344%,"6,398,478,000"
QBTS,D-Wave Quantum Inc. Common Stock,$16.78,-0.63,-3.619%,"6,370,134,818"
TFPM,Triple Flag Precious Metals Corp. Common Shares,$30.83,-1.36,-4.225%,"6,369,598,607"
VNO,Vornado Realty Trust Common Stock,$34.10,-0.63,-1.814%,"6,367,170,107"
MTDR,Matador Resources Company Common Stock,$51.45,-0.10,-0.194%,"6,367,154,413"
UBSI,"United Bankshares, Inc. Common Stock",$46.72,-0.14,-0.299%,"6,363,851,317"
HXL,Hexcel Corporation Common Stock,$84.14,-1.66,-1.935%,"6,362,957,251"
RNG,"RingCentral, Inc. Class A Common Stock",$76.13,-0.03,-0.039%,"6,357,324,113"
MGY,Magnolia Oil & Gas Corporation Class A Common Stock,$23.71,-0.40,-1.659%,"6,354,429,895"
PATH,"UiPath, Inc. Class A Common Stock",$12.19,-0.27,-2.167%,"6,352,884,436"
GDS,GDS Holdings Limited ADS,$31.66,-1.11,-3.387%,"6,343,955,228"
TEX,Terex Corporation Common Stock,$55.50,-1.83,-3.192%,"6,343,650,000"
ACGLO,"Arch Capital Group Ltd. Depositary Shares Each Representing 1/1,000th Interest in a Share of 5.45% Non-Cumulative Preferred Shares, Series F",$18.59,-0.195,-1.038%,"6,343,449,452"
ZG,"Zillow Group, Inc. Class A Common Stock",$28.15,-1.15,-3.925%,"6,330,229,955"
ETSY,"Etsy, Inc. Common Stock",$68.92,0.48,0.701%,"6,325,598,072"
TBBB,BBB Foods Inc. Class A Common Shares,$53.54,-0.02,-0.037%,"6,310,071,757"
BILI,Bilibili Inc. American Depositary Shares,$15.14,0.245,1.645%,"6,307,682,016"
DUOL,"Duolingo, Inc. Class A Common Stock",$134.30,-9.21,-6.418%,"6,283,395,927"
LGND,Ligand Pharmaceuticals Incorporated Common Stock,$314.10,12.58,4.172%,"6,261,774,787"
BLDR,"Builders FirstSource, Inc. Common Stock",$58.01,-1.16,-1.96%,"6,241,670,471"
LB,LandBridge Company LLC Class A Shares Representing Limited Liability Company Interests,$80.72,-0.66,-0.811%,"6,222,334,457"
DOX,Amdocs Limited Ordinary Shares,$57.42,-0.29,-0.503%,"6,198,462,529"
Z,"Zillow Group, Inc. Class C Capital Stock",$27.44,-0.99,-3.482%,"6,170,568,738"
CGON,"CG Oncology, Inc. Common stock",$69.61,2.46,3.663%,"6,170,256,504"
HR,Healthcare Realty Trust Incorporated Common Stock,$17.98,-0.07,-0.388%,"6,162,101,285"
FNB,F.N.B. Corporation Common Stock,$17.43,-0.21,-1.19%,"6,152,806,942"
CVLT,"Commvault Systems, Inc. Common Stock",$148.08,2.54,1.745%,"6,137,111,037"
IFS,Intercorp Financial Services Inc. Common Shares,$55.52,-0.73,-1.298%,"6,129,280,582"
PJT,PJT Partners Inc. Class A Common Stock,$149.14,-2.63,-1.733%,"6,116,471,366"
CMSC,CMS Energy Corporation 5.875% Junior Subordinated Notes due 2078,$20.40,UNCH,--,"6,106,443,404"
INGM,Ingram Micro Holding Corporation Common Stock,$26.46,-0.52,-1.927%,"6,103,313,980"
PL,Planet Labs PBC Class A Common Stock,$16.77,-0.66,-3.787%,"6,101,730,776"
INGR,Ingredion Incorporated Common Stock,$96.45,-0.27,-0.279%,"6,082,520,775"
ST,Sensata Technologies Holding plc Ordinary Shares,$41.74,-0.45,-1.067%,"6,074,666,880"
JOBY,"Joby Aviation, Inc. Common Stock",$6.11,-0.21,-3.323%,"6,072,572,859"
CMSD,CMS Energy Corporation 5.875% Junior Subordinated Notes due 2079,$20.27,-0.03,-0.148%,"6,067,529,794"
DPC,DPC Holdings PLC Ordinary Shares,$40.54,-0.49,-1.194%,"6,056,392,869"
BLCO,Bausch + Lomb Corporation Common Shares,$16.95,0.09,0.534%,"6,053,950,920"
OGC,OceanaGold Corporation Common Shares,$26.93,-1.20,-4.266%,"6,038,191,359"
WEX,WEX Inc. common stock,$177.06,-1.22,-0.684%,"6,034,490,044"
CZR,"Caesars Entertainment, Inc. Common Stock",$29.59,UNCH,--,"6,028,085,807"
NXE,Nexgen Energy Ltd. Common Shares,$8.99,-0.20,-2.176%,"6,027,849,848"
CAVA,"CAVA Group, Inc. Common Stock",$51.58,UNCH,--,"6,024,863,693"
CMBT,CMB.TECH NV Ordinary Shares,$19.05,0.04,0.21%,"6,019,374,175"
QLYS,"Qualys, Inc. Common Stock",$173.83,1.40,0.812%,"6,013,649,024"
M,Macy's Inc Common Stock,$23.01,0.37,1.634%,"6,009,674,624"
ELF,"e.l.f. Beauty, Inc. Common Stock",$101.80,2.29,2.301%,"6,007,013,993"
CRUS,"Cirrus Logic, Inc. Common Stock",$119.53,-0.39,-0.325%,"5,990,552,066"
VIPS,"Vipshop Holdings Limited American Depositary Shares, each representing two ordinary shares",$12.47,0.09,0.727%,"5,988,973,634"
SRRK,Scholar Rock Holding Corporation Common Stock,$49.13,0.50,1.028%,"5,983,310,905"
CPB,The Campbell's Company Common Stock,$20.04,0.67,3.459%,"5,976,623,248"
ANDG,Andersen Group Inc. Class A Common Stock,$52.78,-0.18,-0.34%,"5,963,530,549"
ECG,"Everus Construction Group, Inc. Common Stock",$116.66,-0.28,-0.239%,"5,957,107,108"
LOAR,Loar Holdings Inc. Common Stock,$63.57,-1.47,-2.26%,"5,955,776,101"
SGHC,Super Group (SGHC) Limited Ordinary Shares,$11.72,-0.25,-2.089%,"5,954,659,955"
GGAL,Grupo Financiero Galicia S.A. American Depositary Shares,$36.98,-1.7121,-4.425%,"5,939,926,294"
KNSA,"Kiniksa Pharmaceuticals International, plc Class A Ordinary Shares",$76.10,1.02,1.359%,"5,937,627,389"
LW,"Lamb Weston Holdings, Inc. Common Stock ",$43.18,-0.40,-0.918%,"5,936,430,055"
POOL,Pool Corporation Common Stock,$163.31,-1.60,-0.97%,"5,934,807,393"
SWX,"Southwest Gas Holdings, Inc. Common Stock (DE)",$81.87,-0.57,-0.691%,"5,931,141,985"
LEA,Lear Corporation Common Stock,$120.24,-2.47,-2.013%,"5,930,809,623"
GRAL,"GRAIL, Inc. Common Stock ",$132.63,5.74,4.524%,"5,924,082,615"
WFRD,Weatherford International plc Ordinary Shares,$82.80,-2.28,-2.68%,"5,921,202,211"
SFM,"Sprouts Farmers Market, Inc. Common Stock",$63.45,0.96,1.536%,"5,916,561,806"
XMTR,"Xometry, Inc. Class A Common Stock",$103.14,2.57,2.555%,"5,912,353,319"
RIG,Transocean Ltd (Switzerland) Common Stock,$5.28,-0.10,-1.859%,"5,897,126,849"
ENIC,Enel Chile S.A. American Depositary Shares (Each representing 50 shares of Common Stock),$4.26,-0.03,-0.699%,"5,892,990,673"
LKQ,LKQ Corporation Common Stock,$23.22,-0.07,-0.301%,"5,874,708,437"
CROX,"Crocs, Inc. Common Stock",$122.36,-3.78,-2.997%,"5,866,559,377"
XE,"X-Energy, Inc. Class A Common Stock",$14.43,-0.65,-4.31%,"5,863,862,938"
STVN,Stevanato Group S.p.A. Ordinary Shares,$21.41,0.28,1.325%,"5,845,009,089"
HWC,Hancock Whitney Corporation Common Stock,$72.83,-1.02,-1.381%,"5,842,645,314"
TTD,"The Trade Desk, Inc. Class A Common Stock",$12.34,-0.26,-2.063%,"5,834,291,583"
MTG,MGIC Investment Corporation Common Stock,$28.35,-0.13,-0.456%,"5,815,289,214"
CIG,Comp En De Mn Cemig ADS American Depositary Shares,$2.03,-0.03,-1.456%,"5,809,417,247"
TVTX,"Travere Therapeutics, Inc. Common Stock",$61.57,2.13,3.583%,"5,803,654,819"
TTAN,"ServiceTitan, Inc. Class A Common Stock",$59.92,1.87,3.221%,"5,780,356,748"
HOMB,"Home BancShares, Inc. Common Stock",$28.86,-0.33,-1.131%,"5,773,432,322"
LGN,Legence Corp. Class A Common stock,$53.41,0.89,1.695%,"5,772,311,387"
MKTX,"MarketAxess Holdings, Inc. Common Stock",$163.94,-0.25,-0.152%,"5,769,522,551"
JBTM,JBT Marel Corporation Common Stock,$111.15,1.06,0.963%,"5,766,108,210"
MMED,"MiniMed Group, Inc. Common Stock",$20.49,0.51,2.553%,"5,764,860,086"
BLSH,Bullish Ordinary Shares,$35.99,-1.59,-4.231%,"5,745,487,580"
BLLN,"BillionToOne, Inc. Class A Common Stock",$121.72,-1.36,-1.105%,"5,743,606,265"
GBCI,"Glacier Bancorp, Inc. Common Stock",$44.06,-0.69,-1.542%,"5,737,138,649"
CMSA,CMS Energy Corporation 5.625% Junior Subordinated Notes due 2078,$19.155,-0.093,-0.483%,"5,733,770,755"
KOF,"Coca Cola Femsa S.A.B. de C.V.  American Depositary Shares, each representing 10 Units (each Unit consists of 3 Series B Shares and 5 Series L Shares)",$108.77,-1.46,-1.325%,"5,712,688,177"
MIRM,"Mirum Pharmaceuticals, Inc. Common Stock",$87.96,-1.74,-1.94%,"5,711,436,576"
EPRT,"Essential Properties Realty Trust, Inc. Common Stock",$26.40,-0.13,-0.49%,"5,709,607,306"
CACC,Credit Acceptance Corporation Common Stock,$550.00,-5.68,-1.022%,"5,709,319,000"
LUMN,"Lumen Technologies, Inc. Common Stock",$5.53,-0.18,-3.152%,"5,703,893,084"
ESNT,Essent Group Ltd. Common Shares,$63.44,-0.29,-0.455%,"5,701,764,716"
ANF,Abercrombie & Fitch Company Common Stock,$134.18,-1.53,-1.127%,"5,693,844,706"
AVAL,Grupo Aval Acciones y Valores S.A. ADR (Each representing 20 preferred shares),$4.79,-0.17,-3.427%,"5,686,562,445"
VFC,V.F. Corporation Common Stock,$14.42,0.27,1.908%,"5,669,000,499"
KOD,Kodiak Sciences Inc Common Stock,$89.92,57.57,177.96%,"5,651,423,173"
RDNT,"RadNet, Inc. Common Stock",$71.81,1.02,1.441%,"5,651,250,025"
ACI,"Albertsons Companies, Inc. Class A Common Stock",$11.64,-0.03,-0.257%,"5,649,190,950"
FSV,FirstService Corporation Common Shares,$129.02,0.40,0.311%,"5,634,273,725"
LYFT,"Lyft, Inc. Class A Common Stock",$14.88,0.015,0.101%,"5,632,678,905"
LSTR,"Landstar System, Inc. Common Stock",$165.41,1.64,1.001%,"5,613,506,764"
WFG,West Fraser Timber Co. Ltd Common stock,$71.47,-0.21,-0.293%,"5,596,374,158"
BGC,"BGC Group, Inc. Class A Common Stock",$11.77,-0.07,-0.591%,"5,596,240,964"
RYN,Rayonier Inc. REIT Common Stock,$18.79,-0.09,-0.477%,"5,591,289,398"
ORKA,"Oruka Therapeutics, Inc. Common Stock",$84.19,-0.27,-0.32%,"5,574,194,559"
OTEX,Open Text Corporation Common Shares,$22.22,-0.29,-1.288%,"5,568,393,705"
ORA,"Ormat Technologies, Inc. Common Stock",$90.36,-3.27,-3.492%,"5,556,863,589"
RUSHA,"Rush Enterprises, Inc. Common Stock Cl A",$47.53,-0.44,-0.917%,"5,548,193,868"
EPAM,"EPAM Systems, Inc. Common Stock",$107.55,-0.68,-0.628%,"5,548,179,807"
CGABL,The Carlyle Group Inc. 4.625% Subordinated Notes due 2061,$15.32,-0.18,-1.161%,"5,541,319,175"
SNDR,"Schneider National, Inc. Common Stock",$31.58,0.33,1.056%,"5,536,002,390"
COGT,"Cogent Biosciences, Inc. Common Stock",$31.86,-0.45,-1.393%,"5,528,505,927"
VAL,Valaris Limited Common Shares,$79.62,-1.37,-1.692%,"5,528,478,953"
WPP,WPP plc American Depositary Shares,$25.57,-0.42,-1.616%,"5,516,995,269"
AUB,Atlantic Union Bankshares Corporation Common Stock,$38.55,-0.23,-0.593%,"5,505,514,241"
VRNS,"Varonis Systems, Inc. Common Stock",$47.925,1.675,3.622%,"5,504,688,744"
PTCT,"PTC Therapeutics, Inc. Common Stock",$65.95,3.28,5.234%,"5,504,239,892"
SAIC,Science Applications International Corporation Common Stock,$130.93,-1.68,-1.267%,"5,485,657,351"
SXT,Sensient Technologies Corporation Common Stock,$128.88,-0.34,-0.263%,"5,485,495,082"
G,Genpact Limited Common Stock,$32.60,-0.50,-1.511%,"5,477,921,668"
MCY,Mercury General Corporation Common Stock,$98.85,-0.56,-0.563%,"5,475,165,779"
ASB,Associated Banc-Corp Common Stock,$28.96,-0.41,-1.396%,"5,469,086,125"
ABCB,Ameris Bancorp Common Stock,$81.44,-0.85,-1.033%,"5,465,213,544"
PEGA,Pegasystems Inc. Common Stock,$33.23,-0.515,-1.526%,"5,463,176,322"
YOU,"Clear Secure, Inc. Class A Common Stock",$40.36,0.76,1.919%,"5,460,226,990"
MTRN,Materion Corporation,$261.99,-2.97,-1.121%,"5,458,227,613"
DLB,Dolby Laboratories Common Stock,$58.19,-0.37,-0.632%,"5,450,587,181"
BIRK,Birkenstock Holding plc Ordinary Shares,$32.97,-0.63,-1.875%,"5,444,210,946"
USAR,"USA Rare Earth, Inc. Class A Common Stock",$14.415,-0.765,-5.04%,"5,406,728,713"
PI,"Impinj, Inc. Common Stock",$176.88,-1.40,-0.785%,"5,404,464,571"
TFX,Teleflex Incorporated Common Stock,$127.38,5.31,4.35%,"5,397,395,930"
EXP,Eagle Materials Inc Common Stock,$175.87,-2.62,-1.468%,"5,394,869,408"
CPA,"Copa Holdings, S.A. Class A Common Stock",$131.07,-2.65,-1.982%,"5,392,030,142"
BCPC,Balchem Corporation Common Stock,$168.68,0.79,0.471%,"5,377,184,582"
NOVT,Novanta Inc. Common Stock,$142.08,-1.85,-1.285%,"5,373,148,762"
INSW,"International Seaways, Inc. Common Stock ",$108.31,2.67,2.527%,"5,364,736,294"
CORZZ,"Core Scientific, Inc. Tranche 2 Warrants",$16.67,-0.97,-5.499%,"5,356,745,151"
AROC,"Archrock, Inc. Common Stock",$30.55,0.12,0.394%,"5,356,581,552"
BETA,"Beta Technologies, Inc. Class A Common Stock",$22.88,-0.97,-4.067%,"5,352,571,453"
PSMT,"PriceSmart, Inc. Common Stock",$172.97,-1.76,-1.007%,"5,337,944,836"
AN,"AutoNation, Inc. Common Stock",$161.36,-5.62,-3.366%,"5,334,691,656"
KGS,"Kodiak Gas Services, Inc. Common Stock",$52.72,-0.19,-0.359%,"5,330,204,514"
RGTI,"Rigetti Computing, Inc. Common Stock",$15.95,-0.71,-4.262%,"5,323,611,515"
BKH,Black Hills Corporation Common Stock,$69.73,-0.73,-1.036%,"5,317,131,522"
PFH,"Prudential Financial, Inc. 4.125% Junior Subordinated Notes due 2060",$14.88,-0.175,-1.162%,"5,312,160,000"
OBDC,Blue Owl Capital Corporation Common Stock,$10.77,-0.04,-0.37%,"5,311,145,468"
CORZ,"Core Scientific, Inc. Common Stock",$16.52,-0.82,-4.729%,"5,308,544,085"
STWD,"STARWOOD PROPERTY TRUST, INC. Starwood Property Trust Inc.",$14.32,-0.04,-0.279%,"5,300,819,364"
RRR,"Red Rock Resorts, Inc. Class A Common Stock",$50.45,-0.31,-0.611%,"5,298,066,735"
JMKE,Jersey Mike's Subs Inc. Class A Common Stock,$16.67,-0.32,-1.883%,"5,295,040,463"
SEI,"Solaris Energy Infrastructure, Inc. Class A Common Stock",$69.15,-1.82,-2.564%,"5,294,566,007"
ACMR,"ACM Research, Inc. Class A Common Stock",$75.95,-1.35,-1.746%,"5,289,856,436"
MRX,Marex Group Limited Ordinary Shares,$71.29,-0.02,-0.028%,"5,284,929,950"
CHDN,"Churchill Downs, Incorporated Common Stock",$75.72,-4.05,-5.077%,"5,277,702,400"
OZK,Bank OZK Common Stock,$46.61,-0.28,-0.597%,"5,273,275,113"
BBUC,Brookfield Business Corporation Class A Subordinate Voting Shares,$25.33,-0.13,-0.511%,"5,266,107,000"
SHC,Sotera Health Company Common Stock,$18.45,0.11,0.60%,"5,265,164,968"
PAGP,"Plains GP Holdings, L.P. Class A Units representing Limited Partner Interests",$26.60,0.02,0.075%,"5,264,249,698"
WH,"Wyndham Hotels & Resorts, Inc. Common Stock ",$70.83,0.84,1.20%,"5,256,373,771"
MUR,Murphy Oil Corporation Common Stock,$36.65,0.32,0.881%,"5,254,918,231"
ROAD,"Construction Partners, Inc. Class A Common Stock",$91.47,-2.24,-2.39%,"5,248,050,546"
EXLS,"ExlService Holdings, Inc. Common Stock",$34.60,-0.15,-0.432%,"5,245,792,465"
MBGL,Mobility Global Inc. Common Stock,$17.76,-0.11,-0.616%,"5,236,026,643"
CAKE,Cheesecake Factory Incorporated (The) Common Stock,$105.16,0.67,0.641%,"5,232,828,271"
CRSP,CRISPR Therapeutics AG Common Shares,$54.09,-0.14,-0.258%,"5,230,105,601"
ACGLN,"Arch Capital Group Ltd. Depositary Shares, each Representing a 1/1,000th Interest in a 4.550% Non-Cumulative Preferred Share, Series G",$15.28,-0.0414,-0.27%,"5,213,981,045"
IBP,"Installed Building Products, Inc. Common Stock",$196.09,-4.14,-2.068%,"5,211,910,818"
TEO,Telecom Argentina SA,$12.08,-0.94,-7.22%,"5,203,310,232"
NAVN,"Navan, Inc. Class A Common Stock",$19.98,0.565,2.91%,"5,203,001,650"
STEP,StepStone Group Inc. Class A Common Stock,$43.11,-1.25,-2.818%,"5,202,371,157"
POR,Portland General Electric Co Common Stock,$44.18,-2.67,-5.699%,"5,195,909,953"
MMSI,"Merit Medical Systems, Inc. Common Stock",$87.00,-0.50,-0.571%,"5,194,806,540"
CWST,"Casella Waste Systems, Inc. Class A Common Stock",$81.60,-0.64,-0.778%,"5,193,027,754"
NIQ,NIQ Global Intelligence plc Ordinary Shares,$17.58,-0.25,-1.402%,"5,185,324,089"
LAUR,"Laureate Education, Inc. Common Stock",$37.62,0.22,0.588%,"5,182,130,923"
BB,BlackBerry Limited Common Stock,$8.80,0.59,7.186%,"5,165,884,055"
DFTX,"Definium Therapeutics, Inc. Common Shares",$38.41,2.24,6.193%,"5,161,034,550"
WHD,"Cactus, Inc. Class A Common Stock",$64.24,-0.06,-0.093%,"5,150,725,748"
MAIN,Main Street Capital Corporation Common Stock,$55.07,-0.03,-0.054%,"5,149,510,947"
RLI,RLI Corp. Common Stock (DE),$55.98,0.29,0.521%,"5,137,450,861"
GXO,"GXO Logistics, Inc. Common Stock ",$44.77,-0.43,-0.951%,"5,134,428,602"
IRDM,Iridium Communications Inc Common Stock,$48.33,-0.42,-0.862%,"5,121,065,310"
NJR,NewJersey Resources Corporation Common Stock,$50.40,-0.21,-0.415%,"5,113,984,478"
CVI,CVR Energy Inc. Common Stock,$50.75,-0.77,-1.495%,"5,101,927,899"
GRFS,"Grifols, S.A. American Depositary Shares",$7.41,0.06,0.816%,"5,094,781,868"
OLLI,"Ollie's Bargain Outlet Holdings, Inc. Common Stock",$85.53,1.28,1.519%,"5,080,687,529"
RITM,Rithm Capital Corp. Common Stock,$9.08,-0.05,-0.548%,"5,070,335,841"
SIGI,"Selective Insurance Group, Inc. Common Stock",$85.08,-1.04,-1.208%,"5,068,140,645"
GVA,Granite Construction Incorporated Common Stock,$115.77,0.69,0.60%,"5,066,617,323"
PIPR,Piper Sandler Companies Common Stock,$71.69,-0.65,-0.899%,"5,066,353,162"
SBRA,"Sabra Health Care REIT, Inc. Common Stock",$19.82,-0.03,-0.151%,"5,063,271,824"
CE,Celanese Corporation Common Stock,$45.92,-1.17,-2.485%,"5,039,670,682"
MDA,MDA Space Ltd. Common Shares,$31.05,-0.44,-1.397%,"5,034,161,247"
BYD,Boyd Gaming Corporation Common Stock,$69.19,-2.04,-2.864%,"5,027,028,095"
FTDR,"Frontdoor, Inc. Common Stock",$72.92,-1.07,-1.446%,"5,023,700,603"
FLG,"Flagstar Bank, N.A. Common Stock",$12.04,-0.33,-2.668%,"4,997,717,745"
AX,"Axos Financial, Inc. Common Stock",$87.72,-0.80,-0.904%,"4,987,584,023"
OCTV,Octave Intelligence plc Class B Ordinary Shares,$18.58,-0.25,-1.328%,"4,987,574,101"
NXST,"Nexstar Media Group, Inc. Common Stock",$161.78,-0.32,-0.197%,"4,984,166,936"
AGX,"Argan, Inc. Common Stock",$355.21,-9.08,-2.493%,"4,983,540,177"
SPHR,Sphere Entertainment Co. Class A Common Stock,$138.72,-2.41,-1.708%,"4,981,935,563"
IOVA,"Iovance Biotherapeutics, Inc. Common Stock",$10.99,-0.01,-0.091%,"4,978,156,038"
HRB,"H&R Block, Inc. Common Stock",$40.34,-1.85,-4.385%,"4,972,547,293"
KRG,Kite Realty Group Trust Common Stock,$24.80,0.02,0.081%,"4,968,603,938"
CNO,"CNO Financial Group, Inc. Common Stock",$53.64,-0.34,-0.63%,"4,962,846,340"
GLNG,Golar Lng Ltd,$48.79,-0.82,-1.653%,"4,956,540,386"
ACIW,"ACI Worldwide, Inc. Common Stock",$49.00,-0.51,-1.03%,"4,946,806,809"
VSH,"Vishay Intertechnology, Inc. Common Stock",$32.23,-0.32,-0.983%,"4,943,410,552"
ERAS,"Erasca, Inc. Common Stock",$14.13,-0.12,-0.842%,"4,942,137,555"
SON,Sonoco Products Company Common Stock,$49.97,-0.09,-0.18%,"4,940,783,900"
HESM,Hess Midstream LP Class A Representing Limited Partner Interests,$38.48,0.23,0.601%,"4,938,941,901"
FND,"Floor & Decor Holdings, Inc. Common Stock",$46.36,-0.70,-1.487%,"4,936,874,777"
WAY,Waystar Holding Corp. Common Stock,$25.74,1.04,4.211%,"4,935,604,228"
MTN,"Vail Resorts, Inc. Common Stock",$138.09,1.98,1.455%,"4,920,633,605"
OMAB,Grupo Aeroportuario del Centro Norte S.A.B. de C.V. ADS,$101.87,-1.16,-1.126%,"4,917,384,903"
OUT,OUTFRONT Media Inc. Common Stock,$27.91,0.26,0.94%,"4,915,934,855"
DNTH,"Dianthus Therapeutics, Inc. Common Stock",$87.83,-0.72,-0.813%,"4,912,716,420"
VSEC,VSE Corporation Common Stock,$174.65,-6.12,-3.386%,"4,901,547,360"
GOLF,Acushnet Holdings Corp. Common Stock,$83.79,0.77,0.927%,"4,893,758,637"
IEP,"Icahn Enterprises, L.P. Common Stock",$6.865,-0.095,-1.365%,"4,880,432,113"
MRCY,Mercury Systems Inc Common Stock,$80.12,-2.06,-2.507%,"4,876,390,510"
ATHS,Athene Holding Ltd. 7.250% Fixed-Rate Reset Junior Subordinated Debentures due 2064,$23.91,-0.44,-1.807%,"4,872,977,550"
HCC,"Warrior Met Coal, Inc. Common Stock",$91.75,2.24,2.503%,"4,844,591,482"
PECO,"Phillips Edison & Company, Inc. Common Stock",$37.59,0.20,0.535%,"4,837,833,000"
AXTI,AXT Inc Common Stock,$73.67,-5.27,-6.676%,"4,830,778,528"
EBC,"Eastern Bankshares, Inc. Common Stock",$21.13,-0.29,-1.354%,"4,828,449,094"
GHC,Graham Holdings Company Common Stock,"$1,140.01",-14.88,-1.288%,"4,827,860,269"
MIDD,Middleby Corporation (The) Common Stock,$106.68,-0.98,-0.91%,"4,824,320,191"
GTX,Garrett Motion Inc. Common Stock,$25.86,0.14,0.544%,"4,822,719,686"
MWH,"SOLV Energy, Inc. Class A Common Stock",$23.81,-1.39,-5.516%,"4,818,827,851"
CSW,"CSW Industrials, Inc. Common Stock",$295.41,-1.39,-0.468%,"4,813,258,995"
HAE,Haemonetics Corporation Common Stock,$105.79,0.49,0.465%,"4,813,133,025"
SIM,"Grupo Simec, S.A.B. de C.V. American Depositary Shares",$28.99,0.14,0.485%,"4,809,530,028"
WTM,"White Mountains Insurance Group, Ltd. Common Stock","$2,014.97",-13.65,-0.673%,"4,809,171,213"
MANE,"Veradermics, Incorporated Common Stock",$115.00,-1.57,-1.347%,"4,804,715,640"
KLIC,"Kulicke and Soffa Industries, Inc. Common Stock",$91.68,0.50,0.548%,"4,797,533,263"
CWEN,"Clearway Energy, Inc. Class C Common Stock",$29.21,-0.56,-1.881%,"4,787,919,469"
VEON,VEON Ltd. ADS,$69.41,-4.11,-5.59%,"4,779,655,545"
SKY,"Champion Homes, Inc. Common Stock",$86.82,-0.90,-1.026%,"4,712,601,234"
GNTX,Gentex Corporation Common Stock,$22.34,-0.24,-1.063%,"4,706,665,615"
UNF,Unifirst Corporation Common Stock,$259.44,0.35,0.135%,"4,691,757,843"
CNX,CNX Resources Corporation Common Stock,$31.70,-1.09,-3.324%,"4,689,813,293"
OTF,Blue Owl Technology Finance Corp. Common Stock,$10.22,-0.09,-0.873%,"4,682,654,676"
HLNE,Hamilton Lane Incorporated Class A Common Stock,$84.96,-1.25,-1.45%,"4,682,199,804"
MARA,"MARA Holdings, Inc. Common Stock",$12.11,-0.44,-3.506%,"4,678,084,487"
DOCS,"Doximity, Inc. Class A Common Stock",$26.20,-0.15,-0.569%,"4,670,044,676"
HASI,"HA Sustainable Infrastructure Capital, Inc. Common Stock",$36.25,-0.19,-0.521%,"4,657,972,388"
REYN,Reynolds Consumer Products Inc. Common Stock,$22.08,0.41,1.892%,"4,654,264,883"
CHH,"Choice Hotels International, Inc. Common Stock",$103.00,1.19,1.169%,"4,653,482,320"
HGTY,"Hagerty, Inc. Class A Common Stock",$13.53,-0.06,-0.442%,"4,649,214,847"
RELY,"Remitly Global, Inc. Common Stock",$21.89,0.53,2.481%,"4,633,763,942"
AIR,AAR Corp. Common Stock,$115.09,-1.02,-0.878%,"4,633,389,896"
BEPI,Brookfield BRP Holdings (Canada) Inc. 4.875% Perpetual Subordinated Notes,$16.11,-0.08,-0.494%,"4,626,217,517"
MEOH,Methanex Corporation Common Stock,$59.78,0.925,1.572%,"4,624,835,642"
CLMT,"Calumet, Inc. Common Stock",$52.61,-1.04,-1.938%,"4,624,326,091"
LPX,Louisiana-Pacific Corporation Common Stock,$66.06,-0.64,-0.96%,"4,619,140,465"
CUZ,Cousins Properties Incorporated Common Stock,$28.06,-0.59,-2.059%,"4,618,733,747"
EQPT,EquipmentShare.com Inc Class A Common Stock,$18.21,0.86,4.957%,"4,613,976,286"
TFSL,TFS Financial Corporation Common Stock,$16.45,-0.27,-1.615%,"4,613,283,320"
CRC,California Resources Corporation Common Stock,$51.84,-0.67,-1.276%,"4,604,423,253"
CIGI,Colliers International Group Inc. Subordinate Voting Shares,$89.91,-0.51,-0.564%,"4,594,744,546"
FFIN,"First Financial Bankshares, Inc. Common Stock",$32.05,-0.40,-1.233%,"4,593,646,599"
FBIN,"Fortune Brands Innovations, Inc. Common Stock",$38.43,-0.95,-2.412%,"4,587,445,861"
NSIT,"Insight Enterprises, Inc. Common Stock",$155.96,-3.07,-1.93%,"4,577,246,646"
PRM,"Perimeter Solutions, SA Common Stock",$27.88,-1.23,-4.225%,"4,563,591,413"
HAFN,Hafnia Limited Common Shares,$9.13,0.21,2.354%,"4,563,560,007"
OII,"Oceaneering International, Inc. Common Stock",$45.84,-0.42,-0.908%,"4,562,438,927"
CHEF,"The Chefs' Warehouse, Inc. Common Stock",$111.76,1.49,1.351%,"4,559,370,236"
UEC,Uranium Energy Corp. Common Stock,$9.21,-0.20,-2.125%,"4,557,774,491"
ADPT,Adaptive Biotechnologies Corporation Common Stock,$28.51,-0.92,-3.126%,"4,550,077,455"
MC,Moelis & Company Class A Common Stock,$58.10,-0.64,-1.09%,"4,547,432,851"
GMAB,Genmab A/S ADS,$35.36,0.04,0.113%,"4,542,940,214"
SR,Spire Inc. Common Stock,$76.84,-0.37,-0.479%,"4,542,228,090"
HCXY,"Hercules Capital, Inc. 6.25% Notes due 2033",$24.98,-0.02,-0.08%,"4,538,258,561"
DHCNL,Diversified Healthcare Trust 6.25% Senior Notes Due 2046,$18.79,0.04,0.213%,"4,536,175,768"
RSI,"Rush Street Interactive, Inc. Class A Common Stock",$19.55,-0.32,-1.61%,"4,531,169,149"
TREX,"Trex Company, Inc. Common Stock",$44.44,-0.35,-0.781%,"4,526,889,044"
LFST,"LifeStance Health Group, Inc. Common Stock",$11.84,UNCH,--,"4,524,705,100"
ADT,ADT Inc. Common Stock,$6.19,-0.21,-3.281%,"4,522,161,745"
AMTM,"Amentum Holdings, Inc. Common Stock",$18.49,-0.70,-3.648%,"4,520,923,576"
CON,"Concentra Group Holdings Parent, Inc. Common Stock",$35.36,0.35,1.00%,"4,509,027,145"
ABCL,AbCellera Biologics Inc. Common Shares,$13.92,1.22,9.606%,"4,508,764,964"
VSNT,"Versant Media Group, Inc. Class A Common Stock ",$32.46,-0.34,-1.037%,"4,505,198,155"
OGS,"ONE Gas, Inc. Common Stock",$71.66,-0.14,-0.195%,"4,504,280,308"
TKC,Turkcell Iletisim Hizmetleri AS Common Stock,$5.10,-0.07,-1.354%,"4,488,000,000"
SFBS,"ServisFirst Bancshares, Inc. Common Stock",$41.02,-0.29,-0.702%,"4,485,332,720"
HRI,Herc Holdings Inc. Common Stock ,$133.90,-1.46,-1.079%,"4,476,470,352"
ONDS,Ondas Inc. Common Stock,$7.68,0.04,0.524%,"4,472,084,728"
KRMN,Karman Holdings Inc. Common Stock,$33.68,-2.01,-5.632%,"4,463,735,285"
ATAT,Atour Lifestyle Holdings Limited American Depositary Shares,$32.77,0.54,1.675%,"4,458,135,533"
MMYT,MakeMyTrip Limited Ordinary Shares,$47.39,0.64,1.369%,"4,457,439,992"
MYRG,"MYR Group, Inc. Common Stock",$285.93,-6.65,-2.273%,"4,451,715,653"
CNK,"Cinemark Holdings Inc Cinemark Holdings, Inc. Common Stock",$38.38,0.61,1.615%,"4,448,696,995"
PSN,Parsons Corporation Common Stock,$41.60,-1.47,-3.413%,"4,443,104,390"
BWIN,"The Baldwin Insurance Group, Inc. Class A Common Stock",$31.82,-0.03,-0.094%,"4,438,836,988"
NNI,"Nelnet, Inc. Common Stock",$124.05,-0.29,-0.233%,"4,438,439,284"
DIOD,Diodes Incorporated Common Stock,$96.37,0.53,0.553%,"4,438,002,811"
ALK,"Alaska Air Group, Inc. Common Stock",$39.70,-1.24,-3.029%,"4,430,643,864"
HHH,Howard Hughes Holdings Inc. Common Stock,$73.95,5.52,8.067%,"4,416,370,612"
TPC,Tutor Perini Corporation Common Stock,$83.98,0.01,0.012%,"4,414,754,446"
KBR,"KBR, Inc. Common Stock",$34.84,0.30,0.869%,"4,392,200,584"
CNR,"Core Natural Resources, Inc. Common Stock",$88.40,-0.62,-0.696%,"4,387,845,119"
FULT,Fulton Financial Corporation Common Stock,$22.97,-0.26,-1.119%,"4,385,307,512"
KVYO,"Klaviyo, Inc. Series A Common Stock",$15.40,-0.40,-2.532%,"4,384,802,530"
UFPI,"UFP Industries, Inc. Common Stock",$79.42,-0.07,-0.088%,"4,380,925,615"
MRP,"Millrose Properties, Inc. Class A Common Stock",$26.34,-0.85,-3.126%,"4,373,702,397"
RDN,Radian Group Inc. Common Stock,$33.00,-0.02,-0.061%,"4,365,943,494"
EPR,EPR Properties Common Stock,$56.98,0.15,0.264%,"4,365,176,376"
INDV,"Indivior Pharmaceuticals, Inc. Common Stock",$36.88,1.06,2.959%,"4,353,017,726"
GFF,Griffon Corporation Common Stock,$96.08,-2.31,-2.348%,"4,351,916,313"
OXLCM,"Oxford Lane Capital Corp. Preferred Stock Shares, 8.25% Series 2031",$25.05,-0.0479,-0.191%,"4,348,680,000"
ALH,Alliance Laundry Holdings Inc. Common Stock,$21.87,0.01,0.046%,"4,347,517,530"
CGAU,Centerra Gold Inc. Common Shares,$21.76,-0.80,-3.546%,"4,345,696,585"
HTFL,"Heartflow, Inc. Common Stock",$49.92,0.75,1.525%,"4,340,725,060"
IBOC,International Bancshares Corporation Common Stock,$69.53,-0.41,-0.586%,"4,324,175,968"
ENO,"Entergy New Orleans, LLC First Mortgage Bonds, 5.50% Series due April 1, 2066",$20.22,-0.11,-0.541%,"4,323,659,706"
OXLCZ,Oxford Lane Capital Corp. 5.00% Notes due 2027,$24.90,-0.01,-0.04%,"4,322,640,000"
EWTX,"Edgewise Therapeutics, Inc. Common Stock",$39.79,0.45,1.144%,"4,321,358,293"
BCO,Brinks Company (The) Common Stock,$104.75,-2.07,-1.938%,"4,314,614,162"
FELE,"Franklin Electric Co., Inc. Common Stock",$97.58,0.51,0.525%,"4,314,154,657"
STNG,Scorpio Tankers Inc. Common Shares,$83.19,1.70,2.086%,"4,306,146,500"
BIPC,Brookfield Infrastructure Corporation Brookfield Infrastructure Corporation,$34.99,0.03,0.086%,"4,304,315,739"
SLM,SLM Corporation Common Stock,$22.90,-0.76,-3.212%,"4,303,985,338"
CAAP,Corporacion America Airports SA Common Shares,$26.05,2.17,9.087%,"4,303,958,753"
BOX,"Box, Inc. Class A Common Stock",$31.34,-0.05,-0.159%,"4,299,872,226"
FHI,"Federated Hermes, Inc. Common Stock",$57.56,-0.26,-0.45%,"4,297,445,774"
ITGR,Integer Holdings Corporation Common Stock,$126.38,0.04,0.032%,"4,295,915,026"
BDC,Belden Inc Common Stock,$109.82,-2.63,-2.339%,"4,291,566,936"
CRGY,Crescent Energy Company Class A Common Stock,$12.98,-0.17,-1.293%,"4,288,639,974"
ARX,Accelerant Holdings Class A Common Shares,$19.74,-0.01,-0.051%,"4,287,302,016"
CVCO,"Cavco Industries, Inc. Common Stock When Issued",$557.53,0.25,0.045%,"4,287,072,297"
BC,Brunswick Corporation Common Stock,$66.13,-1.06,-1.578%,"4,285,053,914"
LIVN,LivaNova PLC Ordinary Shares,$77.21,0.58,0.757%,"4,253,769,675"
OXLCN,Oxford Lane Capital Corp. 7.125% Series 2029 Term Preferred Stock,$24.50,-0.01,-0.041%,"4,253,200,000"
BEPH,Brookfield BRP Holdings (Canada) Inc. 4.625% Perpetual Subordinated Notes,$14.7999,-0.0601,-0.404%,"4,250,003,516"
MTH,Meritage Homes Corporation Common Stock,$65.00,0.02,0.031%,"4,236,316,045"
OPLN,"OPENLANE, Inc. Common Stock",$34.68,-0.14,-0.402%,"4,233,382,918"
ENVA,"Enova International, Inc. Common Stock",$170.02,-3.46,-1.994%,"4,233,221,037"
CECO,CECO Environmental Corp. Common Stock,$72.26,-1.24,-1.687%,"4,232,255,916"
BMA,Banco Macro S.A.  ADR (representing Ten Class B Common Shares),$66.04,-2.82,-4.095%,"4,222,533,541"
DHCNI,Diversified Healthcare Trust 5.625% Senior Notes due 2042,$17.40,-0.22,-1.249%,"4,200,609,812"
NWE,"NorthWestern Energy Group, Inc. Common Stock",$68.06,-0.78,-1.133%,"4,186,904,871"
VNT,Vontier Corporation Common Stock ,$30.96,-0.52,-1.652%,"4,185,792,000"
ESAB,ESAB Corporation Common Stock,$67.25,-4.66,-6.48%,"4,180,785,223"
PAM,Pampa Energia S.A.,$76.55,-1.27,-1.632%,"4,175,099,388"
JOYY,JOYY Inc. American Depositary Shares,$80.59,0.82,1.028%,"4,168,275,335"
FRVO,Fervo Energy Company Class A common stock,$14.105,-1.075,-7.082%,"4,157,634,922"
COLD,"Americold Realty Trust, Inc. Common Stock",$14.56,-0.18,-1.221%,"4,156,596,823"
OXLCL,Oxford Lane Capital Corp. 6.75% Notes due 2031,$23.885,-0.055,-0.23%,"4,146,436,000"
TDW,Tidewater Inc. Common Stock,$83.27,-1.47,-1.735%,"4,143,201,355"
PTEN,"Patterson-UTI Energy, Inc. Common Stock",$10.85,-0.06,-0.55%,"4,138,025,883"
DK,"Delek US Holdings, Inc. Common Stock",$67.47,-0.37,-0.545%,"4,131,334,780"
TCBI,"Texas Capital Bancshares, Inc. Common Stock",$94.70,-1.12,-1.169%,"4,117,022,744"
LBTYB,Liberty Global Ltd. Class B Common Shares,$12.05,-0.36,-2.901%,"4,110,105,170"
ICUI,"ICU Medical, Inc. Common Stock",$164.03,-0.92,-0.558%,"4,101,904,443"
UCB,"United Community Banks, Inc. Common Stock",$33.99,-0.24,-0.701%,"4,098,361,347"
OXLCO,"Oxford Lane Capital Corp. Preferred Stock Shares, 6.00% Series 2029",$23.605,0.005,0.021%,"4,097,828,000"
TNGX,"Tango Therapeutics, Inc.",$24.30,-0.62,-2.488%,"4,097,231,918"
DAVE,Dave Inc. Class A Common Stock,$320.70,-4.18,-1.287%,"4,090,691,095"
FBP,First BanCorp. New Common Stock,$26.76,-0.30,-1.109%,"4,085,402,852"
ENPH,"Enphase Energy, Inc. Common Stock",$30.91,-1.49,-4.599%,"4,084,591,070"
DLO,DLocal Limited Class A Common Shares,$13.82,-0.26,-1.847%,"4,075,959,632"
AZZ,AZZ Inc.,$135.13,-2.04,-1.487%,"4,060,859,330"
CATY,Cathay General Bancorp Common Stock,$60.74,-0.71,-1.155%,"4,052,197,427"
CBT,Cabot Corporation Common Stock,$78.45,-0.31,-0.394%,"4,050,452,499"
ACHR,Archer Aviation Inc. Class A Common Stock,$5.20,-0.41,-7.308%,"4,047,082,380"
FLY,Firefly Aerospace Inc. Common Stock,$24.11,-0.25,-1.026%,"4,036,125,991"
DOO,BRP Inc. Common Subordinate Voting Shares,$56.67,-0.50,-0.875%,"4,032,087,614"
CVSA,Covista Inc. Common Shares,$117.51,-3.24,-2.683%,"3,999,901,738"
TDS,"Telephone and Data Systems, Inc. Common Shares",$34.75,-1.10,-3.068%,"3,999,725,000"
LILAP,Liberty Latin America Ltd. 9.0% Fixed Rate Cumulative Perpetual Redeemable Series A Preference Shares,$20.40,-0.05,-0.244%,"3,996,360,000"
SKT,Tanger Inc. Common Stock,$34.77,0.04,0.115%,"3,994,342,448"
REGCP,Regency Centers Corporation 6.25% Series A Cumulative Redeemable Preferred Stock,$21.81,-0.16,-0.728%,"3,993,859,130"
ELC,"Entergy Louisiana, Inc. Collateral Trust Mortgage Bonds, 4.875 % Series due September 1, 2066",$18.71,0.02,0.107%,"3,989,674,598"
SYNA,Synaptics Incorporated Common Stock $0.001 Par Value,$100.36,-2.36,-2.298%,"3,983,530,569"
GEO,Geo Group Inc (The) REIT,$30.22,-1.00,-3.203%,"3,977,543,828"
PBLS,"Parabilis Medicines, Inc. Common Stock",$32.57,1.37,4.391%,"3,971,977,617"
FSLY,"Fastly, Inc. Class A Common Stock",$24.92,-0.04,-0.16%,"3,969,756,000"
SITE,"SiteOne Landscape Supply, Inc. Common Stock",$90.93,-0.38,-0.416%,"3,969,584,613"
SIG,Signet Jewelers Limited Common Shares,$103.30,1.04,1.017%,"3,958,171,202"
KRC,Kilroy Realty Corporation Common Stock,$33.92,-0.31,-0.906%,"3,945,200,873"
BRC,Brady Corporation Common Stock,$84.10,0.08,0.095%,"3,944,223,897"
SEB,Seaboard Corporation Common Stock,"$4,110.76",141.58,3.567%,"3,937,261,263"
TLX,Telix Pharmaceuticals Limited American Depositary Shares,$11.62,0.17,1.485%,"3,936,589,309"
RUM,RUM Group Inc. Class A Common Stock,$7.93,-0.43,-5.144%,"3,931,774,838"
BWLP,BW LPG Limited Common Shares,$24.66,0.43,1.775%,"3,927,894,120"
SKYW,"SkyWest, Inc. Common Stock",$100.72,-1.57,-1.535%,"3,910,788,894"
TNL,Travel   Leisure Co. Common  Stock,$63.87,0.21,0.33%,"3,909,114,298"
PARR,"Par Pacific Holdings, Inc.  Common Stock",$77.97,0.51,0.658%,"3,906,267,917"
CVBF,CVB Financial Corporation Common Stock,$22.19,-0.34,-1.509%,"3,905,383,083"
WSFS,WSFS Financial Corporation Common Stock,$76.44,-1.32,-1.698%,"3,905,365,846"
ERO,Ero Copper Corp. Common Shares,$37.41,-0.46,-1.215%,"3,901,038,783"
CCC,CCC Intelligent Solutions Holdings Inc. Common Stock,$6.62,-0.28,-4.058%,"3,899,144,940"
MDU,"MDU Resources Group, Inc. Common Stock (Holding Company)",$18.53,-0.23,-1.226%,"3,897,775,420"
CELC,Celcuity Inc. Common Stock,$79.64,0.12,0.151%,"3,896,937,153"
TGS,Transportadora de Gas del Sur SA TGS Common Stock,$25.86,-0.76,-2.855%,"3,893,280,202"
SRAD,Sportradar Group AG Class A Ordinary Shares,$12.48,-0.76,-5.74%,"3,890,731,903"
KFY,Korn Ferry Common Stock,$71.31,-0.42,-0.586%,"3,890,591,665"
BFH,"Bread Financial Holdings, Inc. Common Stock",$101.25,-1.66,-1.613%,"3,889,950,885"
SUNC,"SunocoCorp LLC Common Units, representing limited liability company interests",$75.31,-1.01,-1.323%,"3,879,760,181"
RLAY,"Relay Therapeutics, Inc. Common Stock",$17.69,0.22,1.259%,"3,876,615,452"
ITRI,"Itron, Inc. Common Stock",$88.49,-1.26,-1.404%,"3,874,689,773"
NWCL,newcleo plc Ordinary Shares,$7.60,0.175,2.357%,"3,871,279,868"
MSGE,Madison Square Garden Entertainment Corp. Class A Common Stock,$81.77,2.68,3.389%,"3,868,148,984"
APLE,"Apple Hospitality REIT, Inc. Common Shares",$16.35,0.16,0.988%,"3,859,952,112"
AQN,Algonquin Power & Utilities Corp. Common Shares,$5.01,0.01,0.20%,"3,856,435,897"
VKTX,"Viking Therapeutics, Inc. Common Stock",$33.03,-2.53,-7.115%,"3,853,046,509"
DTW,DTE Energy Company 2017 Series E 5.25% Junior Subordinated Debentures due 2077,$18.49,-0.06,-0.323%,"3,847,548,396"
ACLS,"Axcelis Technologies, Inc. Common Stock",$124.01,0.90,0.731%,"3,829,613,451"
CDP,COPT Defense Properties Common Shares of Beneficial Interest,$33.76,-0.12,-0.354%,"3,828,737,062"
PRIM,Primoris Services Corporation Common Stock,$71.12,-1.53,-2.106%,"3,828,555,096"
BATRA,"Atlanta Braves Holdings, Inc. Series A Common Stock",$59.61,0.58,0.983%,"3,825,048,340"
AYA,Aya Gold & Silver Inc. Common Shares,$26.53,-1.94,-6.814%,"3,821,279,537"
BOOT,"Boot Barn Holdings, Inc. Common Stock",$126.16,2.86,2.32%,"3,820,735,919"
LOPE,"Grand Canyon Education, Inc. Common Stock",$146.40,-0.88,-0.598%,"3,815,921,417"
NP,Neptune Insurance Holdings Inc. Class A Common Stock,$27.80,0.29,1.054%,"3,815,079,902"
NVST,Envista Holdings Corporation Common Stock,$23.73,-0.22,-0.919%,"3,811,458,235"
MAT,"Mattel, Inc. Common Stock",$13.34,0.05,0.376%,"3,811,238,000"
ALM,Almonty Industries Inc. Common Shares,$13.21,-0.51,-3.717%,"3,810,830,708"
BULL,Webull Corporation Class A Ordinary Shares,$7.05,-0.14,-1.947%,"3,810,418,439"
SLGN,Silgan Holdings Inc. Common Stock,$35.95,0.04,0.111%,"3,799,268,619"
TENB,"Tenable Holdings, Inc. Common Stock",$34.47,0.98,2.926%,"3,796,525,214"
CNS,Cohen & Steers Inc Common Stock,$73.77,-0.43,-0.58%,"3,793,366,489"
REGCO,Regency Centers Corporation 5.875% Series B Cumulative Redeemable Preferred Stock,$20.70,-0.36,-1.709%,"3,790,595,323"
XXI,"Twenty One Capital, Inc. Class A Common Stock",$6.74,0.10,1.506%,"3,790,388,776"
AVNT,Avient Corporation Common Stock,$41.19,-0.09,-0.218%,"3,777,928,265"
IPAR,"Interparfums, Inc. Common Stock",$117.94,0.01,0.008%,"3,777,120,611"
GEF,Greif Inc. Class A Common Stock,$81.62,-1.04,-1.258%,"3,768,258,360"
PAY,"Paymentus Holdings, Inc. Class A Common Stock",$29.92,-0.25,-0.829%,"3,768,114,238"
INDB,Independent Bank Corp. Common Stock,$79.54,-1.02,-1.266%,"3,767,738,134"
ASBA,Associated Banc-Corp 6.625% Fixed-Rate Reset Subordinated Notes due 2033,$24.94,0.04,0.161%,"3,763,466,326"
RHI,Robert Half Inc. Common Stock,$36.76,-0.13,-0.352%,"3,762,820,797"
JOE,St. Joe Company (The) Common Stock,$65.99,0.69,1.057%,"3,756,840,461"
SKE,Skeena Resources Limited Common Shares,$29.87,-1.84,-5.803%,"3,747,570,998"
AMLX,"Amylyx Pharmaceuticals, Inc. Common Stock",$29.85,0.36,1.221%,"3,744,929,748"
HP,"Helmerich & Payne, Inc. Common Stock",$37.47,-1.10,-2.852%,"3,744,712,269"
TAC,TransAlta Corporation Ordinary Shares,$11.81,0.28,2.428%,"3,731,960,000"
PLSE,"Pulse Biosciences, Inc Common Stock (DE)",$52.32,0.69,1.336%,"3,731,598,798"
CRVL,CorVel Corp. Common Stock,$73.84,-0.49,-0.659%,"3,730,143,603"
CRK,"Comstock Resources, Inc. Common Stock",$12.69,-0.43,-3.277%,"3,726,044,754"
EE,"Excelerate Energy, Inc. Class A Common Stock",$32.84,-0.25,-0.756%,"3,724,125,128"
OTTR,Otter Tail Corporation Common Stock,$88.51,-0.83,-0.929%,"3,716,143,686"
IRTC,"iRhythm Holdings, Inc. Common Stock",$112.60,2.22,2.011%,"3,711,634,138"
WK,Workiva Inc. Class A Common Stock,$68.19,-1.45,-2.082%,"3,710,660,317"
CAR,"Avis Budget Group, Inc. Common Stock",$104.93,-3.36,-3.103%,"3,706,731,367"
CENX,Century Aluminum Company Common Stock,$37.40,-0.99,-2.579%,"3,702,349,233"
PHI,PLDT Inc. Sponsored ADR,$17.11,-0.09,-0.523%,"3,696,714,310"
IDYA,"IDEAYA Biosciences, Inc. Common Stock",$38.22,1.53,4.17%,"3,687,828,078"
THO,"Thor Industries, Inc. Common Stock",$71.38,-0.77,-1.067%,"3,684,233,088"
IOND,Ionic Digital Inc. Class A Common Stock,$81.82,-0.16,-0.195%,"3,681,587,039"
USAC,"USA Compression Partners, LP Common Units Representing Limited Partner Interests",$25.33,-0.21,-0.822%,"3,671,414,929"
DORM,"Dorman Products, Inc. Common Stock",$123.71,-0.31,-0.25%,"3,671,170,703"
WSBC,"WesBanco, Inc. Common Stock",$38.25,-0.41,-1.061%,"3,668,400,254"
BMI,"Badger Meter, Inc. Common Stock",$126.53,-2.95,-2.278%,"3,667,705,751"
UNMA,Unum Group 6.250% Junior Subordinated Notes due 2058,$21.47,-0.12,-0.556%,"3,656,625,263"
FCN,"FTI Consulting, Inc. Common Stock",$132.28,-2.01,-1.497%,"3,652,459,141"
SEZL,Sezzle Inc. Common Stock,$108.30,-3.08,-2.765%,"3,647,004,016"
WT,"WisdomTree, Inc. Common Stock",$24.06,-0.27,-1.11%,"3,645,381,391"
RNST,Renasant Corporation Common Stock,$39.86,-0.49,-1.214%,"3,643,381,975"
VCYT,"Veracyte, Inc. Common Stock",$45.23,-0.20,-0.44%,"3,636,072,763"
TRMD,TORM plc Class A Common Stock,$35.42,1.10,3.205%,"3,635,890,521"
VVV,Valvoline Inc. Common Stock,$28.48,-0.44,-1.521%,"3,633,661,185"
LEGN,Legend Biotech Corporation American Depositary Shares,$18.62,-0.49,-2.564%,"3,621,374,250"
BNL,"Broadstone Net Lease, Inc. Common Stock",$18.84,-0.07,-0.37%,"3,615,263,574"
ARIS,Aris Mining Corporation Common Shares,$17.50,-1.43,-7.554%,"3,612,000,000"
OGN,Organon & Co. Common Stock ,$13.73,UNCH,--,"3,605,627,515"
BANF,BancFirst Corporation Common Stock,$107.29,-1.42,-1.306%,"3,604,809,351"
VAC,Marriott Vacations Worldwide Corporation Common Stock,$104.56,1.74,1.692%,"3,596,374,659"
TARS,"Tarsus Pharmaceuticals, Inc. Common Stock",$76.81,1.12,1.48%,"3,594,069,555"
ATMU,Atmus Filtration Technologies Inc. Common Stock,$44.04,-0.67,-1.499%,"3,593,467,009"
LXP,LXP Industrial Trust Common Stock (Maryland REIT),$60.91,0.03,0.049%,"3,591,086,950"
BELFB,Bel Fuse Inc. Class B Common Stock,$248.07,-4.62,-1.828%,"3,581,994,362"
WBI,WaterBridge Infrastructure LLC Class A Shares Representing Limited Liability Company Interests,$28.95,-0.85,-2.852%,"3,574,057,251"
MIR,"Mirion Technologies, Inc. Class A Common Stock",$14.35,-1.24,-7.954%,"3,573,690,234"
XENE,Xenon Pharmaceuticals Inc. Common Shares,$36.72,-0.22,-0.596%,"3,555,980,663"
CII,"BlackRock Enhanced Large Cap Core Fund, Inc. Common Stock",$23.87,-0.45,-1.85%,"3,550,960,183"
KTB,"Kontoor Brands, Inc. Common Stock ",$64.93,-0.44,-0.673%,"3,548,659,547"
BILL,"BILL Holdings, Inc. Common Stock",$41.60,-2.65,-5.989%,"3,547,514,131"
GNW,Genworth Financial Inc Common Stock,$9.38,-0.05,-0.53%,"3,544,242,727"
NHC,National HealthCare Corporation Common Stock,$225.97,-1.39,-0.611%,"3,539,005,428"
ACAD,ACADIA Pharmaceuticals Inc. Common Stock,$20.53,-0.15,-0.725%,"3,537,432,285"
UCTT,"Ultra Clean Holdings, Inc. Common Stock",$78.07,0.38,0.489%,"3,534,777,654"
MANU,Manchester United Ltd. Class A Ordinary Shares,$20.46,0.06,0.294%,"3,529,173,901"
DHT,"DHT Holdings, Inc.",$21.90,0.12,0.551%,"3,526,811,850"
NIC,Nicolet Bankshares Inc. Common Stock,$166.75,-1.65,-0.98%,"3,494,665,293"
SLG,SL Green Realty Corp Common Stock,$49.32,-1.69,-3.313%,"3,494,317,413"
PVH,PVH Corp. Common Stock,$75.73,-0.26,-0.342%,"3,494,018,093"
LAZ,"Lazard, Inc. Common Stock",$35.79,-0.93,-2.533%,"3,487,755,972"
BATRK,"Atlanta Braves Holdings, Inc. Series C Common Stock",$54.29,0.03,0.055%,"3,483,675,128"
LUNR,"Intuitive Machines, Inc. Class A Common Stock",$15.20,-0.41,-2.627%,"3,479,645,834"
MHO,"M/I Homes, Inc. Common Stock",$137.40,-1.35,-0.973%,"3,473,888,459"
OLED,Universal Display Corporation Common Stock,$75.47,-1.92,-2.481%,"3,469,117,037"
IRT,"Independence Realty Trust, Inc. Common Stock",$14.70,0.07,0.478%,"3,465,445,135"
FIBK,"First Interstate BancSystem, Inc. Common Stock (DE)",$36.33,-0.58,-1.571%,"3,462,416,372"
QTWO,"Q2 Holdings, Inc. Common Stock",$55.10,-1.03,-1.835%,"3,435,743,695"
ARQT,"Arcutis Biotherapeutics, Inc. Common Stock",$27.33,0.41,1.523%,"3,435,161,294"
OPCH,"Option Care Health, Inc. Common Stock",$22.90,-0.17,-0.737%,"3,430,082,065"
CLSK,"CleanSpark, Inc. Common Stock",$13.34,-0.61,-4.373%,"3,425,939,754"
ZIM,ZIM Integrated Shipping Services Ltd. Ordinary Shares,$28.39,-0.80,-2.741%,"3,420,027,128"
SXI,Standex International Corporation Common Stock,$278.47,-1.70,-0.607%,"3,420,019,559"
FSM,Fortuna Mining Corp. Common Shares,$11.21,-0.48,-4.106%,"3,414,088,308"
SMR,NuScale Power Corporation Class A Common Stock,$7.91,-0.51,-6.057%,"3,399,111,082"
LMND,"Lemonade, Inc. Common Stock",$43.91,-1.02,-2.27%,"3,398,485,365"
MNDY,monday.com Ltd. Ordinary Shares,$79.05,-4.61,-5.51%,"3,391,793,923"
ZGN,Ermenegildo Zegna N.V. Ordinary Shares,$12.64,-0.09,-0.707%,"3,391,464,312"
COCO,"The Vita Coco Company, Inc. Common Stock",$57.66,-0.93,-1.587%,"3,384,307,457"
HNI,HNI Corporation Common Stock,$46.86,-0.35,-0.741%,"3,382,439,148"
NATL,NCR Atleos Corporation Common Stock,$45.75,-0.33,-0.716%,"3,380,784,731"
PDI,PIMCO Dynamic Income Fund Common Stock,$13.90,-0.10,-0.714%,"3,378,951,000"
MWA,MUELLER WATER PRODUCTS Common Stock,$21.64,0.01,0.046%,"3,378,559,694"
GPGI,"GPGI, Inc. Class A Common Stock",$11.63,0.02,0.172%,"3,371,421,654"
ELVN,"Enliven Therapeutics, Inc. Common Stock",$46.01,1.26,2.816%,"3,371,187,714"
MIAX,"Miami International Holdings, Inc. Common Stock",$33.91,-0.99,-2.837%,"3,364,919,751"
FFBC,First Financial Bancorp. Common Stock,$31.92,-0.48,-1.481%,"3,356,928,278"
MGNI,"Magnite, Inc. Common Stock",$23.40,-0.57,-2.378%,"3,356,125,274"
DNLI,Denali Therapeutics Inc. Common Stock,$20.98,0.59,2.894%,"3,353,598,515"
CDNA,"CareDx, Inc. Common Stock",$64.60,0.92,1.445%,"3,342,030,806"
KEN,Kenon Holdings Ltd. Ordinary Shares,$64.10,0.35,0.549%,"3,340,148,248"
CSTM,Constellium SE Ordinary Shares (France),$24.63,-0.26,-1.045%,"3,338,047,941"
NTRSO,"Northern Trust Corporation Depositary Shares Each Representing a 1/1,000th Interest in a Share of Series E Non-Cumulative Perpetual Preferred Stock",$18.21,-0.03,-0.164%,"3,331,622,441"
AAMI,Acadian Asset Management Inc. Common Stock,$93.79,-0.09,-0.096%,"3,328,619,105"
RXO,"RXO, Inc. Common Stock",$20.15,0.36,1.819%,"3,323,261,479"
TNK,Teekay Tankers Ltd.,$95.71,1.64,1.743%,"3,315,763,649"
FULTP,"Fulton Financial Corporation Depositary Shares, Each Representing a 1/40th Interest in a Share of Fixed Rate Non-Cumulative Perpetual Preferred Stock, Series A",$17.35,-0.085,-0.488%,"3,312,367,668"
PFSI,"PennyMac Financial Services, Inc. Common Stock",$63.66,-1.80,-2.75%,"3,307,237,074"
SFNC,Simmons First National Corporation Class A Common Stock,$22.83,-0.40,-1.722%,"3,299,249,803"
POST,"Post Holdings, Inc. Common Stock",$74.87,1.72,2.351%,"3,291,045,990"
MCHB,Mechanics Bancorp Class A Common Stock,$14.92,-0.25,-1.648%,"3,287,055,950"
SHOO,"Steven Madden, Ltd. Common Stock",$44.90,-0.16,-0.355%,"3,285,651,566"
IPGP,IPG Photonics Corporation Common Stock,$77.23,-0.89,-1.139%,"3,284,942,447"
NHI,"National Health Investors, Inc. Common Stock",$66.84,-0.08,-0.12%,"3,282,541,409"
PRK,Park National Corporation Common Stock,$181.50,-0.18,-0.099%,"3,278,645,222"
AB,AllianceBernstein Holding L.P.  Units,$35.13,-0.63,-1.762%,"3,269,732,443"
FRSH,Freshworks Inc. Class A Common Stock,$12.53,-0.01,-0.08%,"3,269,337,273"
SBLK,Star Bulk Carriers Corp. Common Shares,$29.30,-0.24,-0.812%,"3,267,833,395"
BBWI,"Bath & Body Works, Inc.",$16.19,-0.26,-1.581%,"3,264,637,617"
LION,Lionsgate Studios Corp Common Shares,$10.97,0.12,1.106%,"3,264,229,690"
CURB,Curbline Properties Corp. Common Stock,$28.35,-0.11,-0.387%,"3,261,328,009"
LIF,"Life360, Inc. Common Stock",$39.98,-1.12,-2.725%,"3,257,585,153"
CSQ,Calamos Strategic Total Return Common Stock,$20.44,-0.31,-1.494%,"3,247,662,994"
HIW,"Highwoods Properties, Inc. Common Stock",$29.41,-0.68,-2.26%,"3,244,105,666"
GBDC,"Golub Capital BDC, Inc. Common Stock",$12.49,0.03,0.241%,"3,243,048,347"
PLMR,"Palomar Holdings, Inc. Common stock",$123.04,-0.95,-0.766%,"3,238,127,716"
WSC,WillScot Holdings Corporation Class A Common Stock,$17.87,-0.30,-1.651%,"3,237,882,419"
ABG,Asbury Automotive Group Inc Common Stock,$179.68,-5.47,-2.954%,"3,225,600,447"
AWR,American States Water Company Common Stock,$81.35,-1.45,-1.751%,"3,224,358,175"
TGB,Trekor Metals Limited Common Shares,$8.80,0.19,2.207%,"3,221,005,198"
AEHR,Aehr Test Systems Common Stock,$98.49,-5.90,-5.652%,"3,216,638,686"
LBTYA,Liberty Global Ltd. Class A Common Shares,$9.43,-0.02,-0.212%,"3,216,455,747"
VGNT,Versigent PLC Ordinary Shares,$45.40,-1.33,-2.846%,"3,215,921,031"
BTE,Baytex Energy Corp Common Shares,$4.53,UNCH,--,"3,211,262,640"
FA,First Advantage Corporation Common Stock,$18.61,-0.99,-5.051%,"3,196,336,190"
ATKR,Atkore Inc. Common Stock,$94.60,0.03,0.032%,"3,194,883,230"
ARLP,"Alliance Resource Partners, L.P. Common Units representing Limited Partners Interests",$24.83,-0.32,-1.272%,"3,194,598,029"
USLM,"United States Lime & Minerals, Inc. Common Stock",$111.32,-0.08,-0.072%,"3,193,588,569"
KAI,Kadant Inc Common Stock,$269.84,-4.05,-1.479%,"3,186,572,131"
LRN,"Stride, Inc. Common Stock",$76.66,-1.90,-2.419%,"3,185,977,718"
DTG,DTE Energy Company 2021 Series E 4.375% Junior Subordinated Debentures,$15.3057,-0.0543,-0.354%,"3,184,933,558"
RCUS,"Arcus Biosciences, Inc. Common Stock",$25.01,0.04,0.16%,"3,184,607,734"
INFQ,"Infleqtion, Inc. Common Stock",$14.13,-0.38,-2.619%,"3,184,295,145"
CBU,"Community Financial System, Inc. Common Stock",$60.49,-1.08,-1.754%,"3,182,736,093"
KN,Knowles Corporation Common Stock,$37.24,-0.29,-0.773%,"3,180,680,540"
PK,Park Hotels & Resorts Inc. Common Stock ,$15.72,0.29,1.879%,"3,165,038,548"
HTGC,"Hercules Capital, Inc. Common Stock",$16.91,-0.06,-0.354%,"3,164,943,240"
SLNHP,"Soluna Holdings, Inc 9.0% Series A Cumulative Perpetual Preferred Stock ",$12.82,UNCH,--,"3,162,720,243"
YETI,"YETI Holdings, Inc. Common Stock",$43.33,1.05,2.483%,"3,162,604,531"
CALM,"Cal-Maine Foods, Inc. Common Stock",$67.355,-0.075,-0.111%,"3,160,020,108"
SBCF,Seacoast Banking Corporation of Florida Common Stock,$32.55,-0.48,-1.453%,"3,151,582,107"
DTB,DTE Energy Company 2020 Series G 4.375% Junior Subordinated Debentures due 2080,$15.11,-0.23,-1.499%,"3,144,210,723"
CORZW,"Core Scientific, Inc. Tranche 1 Warrants",$9.77,-0.855,-8.047%,"3,139,496,109"
CXW,"CoreCivic, Inc. Common Stock",$31.69,-0.44,-1.369%,"3,133,934,666"
COHU,"Cohu, Inc. Common Stock",$66.07,-0.93,-1.388%,"3,127,650,268"
ASH,Ashland Inc. Common Stock,$68.07,-0.99,-1.434%,"3,117,154,696"
LBTYK,Liberty Global Ltd. Class C Common Shares,$9.13,-0.13,-1.404%,"3,114,129,478"
SII,Sprott Inc. Common Shares,$120.35,-3.99,-3.209%,"3,105,030,000"
BFAM,Bright Horizons Family Solutions Inc. Common Stock,$63.73,-2.13,-3.234%,"3,099,528,051"
LBRT,Liberty Energy Inc. Class A common stock,$18.95,0.01,0.053%,"3,092,477,333"
ECO,Okeanis Eco Tankers Corp. Common Stock,$79.17,1.27,1.63%,"3,091,165,336"
FSK,FS KKR Capital Corp. Common Stock,$11.16,-0.09,-0.80%,"3,083,957,525"
NMIH,NMI Holdings Inc. Common Stock,$40.97,-0.26,-0.631%,"3,081,675,355"
IMAX,Imax Corporation Common Stock,$56.13,0.08,0.143%,"3,078,287,859"
OSIS,"OSI Systems, Inc. Common Stock (DE)",$193.04,-4.20,-2.129%,"3,077,437,503"
BSM,"Black Stone Minerals, L.P. Common units representing limited partner interests",$14.46,0.04,0.277%,"3,075,794,857"
SA,"Seabridge Gold, Inc. Common Shares New",$28.49,-1.81,-5.974%,"3,073,250,944"
RWTN,"Redwood Trust, Inc. 9.125% Senior Notes Due 2029",$23.78,-0.12,-0.502%,"3,072,933,974"
CPK,Chesapeake Utilities Corporation Common Stock,$127.30,-1.47,-1.142%,"3,068,751,722"
BKU,"BankUnited, Inc. Common Stock",$43.07,-0.57,-1.306%,"3,067,972,964"
RGC,Regencell Bioscience Holdings Limited Ordinary Shares,$6.20,0.03,0.486%,"3,065,831,230"
BTU,Peabody Energy Corporation Common Stock ,$25.15,-0.29,-1.14%,"3,065,785,000"
NVTS,Navitas Semiconductor Corporation Common Stock,$11.73,-0.47,-3.852%,"3,062,626,614"
EXPO,"Exponent, Inc. Common Stock",$64.35,0.17,0.265%,"3,059,590,505"
AGO,Assured Guaranty Ltd. Common Stock,$69.39,-0.10,-0.144%,"3,051,717,243"
DYN,"Dyne Therapeutics, Inc. Common Stock",$16.34,0.31,1.934%,"3,051,436,683"
WRBY,Warby Parker Inc. Class A Common Stock,$24.66,-2.05,-7.675%,"3,048,174,612"
PLNT,"Planet Fitness, Inc. Common Stock",$40.50,-2.18,-5.108%,"3,046,287,083"
FHB,"First Hawaiian, Inc. Common Stock",$24.96,-0.29,-1.149%,"3,037,166,546"
AMBA,"Ambarella, Inc. Ordinary Shares",$68.68,-4.00,-5.504%,"3,031,601,888"
KNF,Knife Riv Holding Co. Common Stock,$53.37,-1.21,-2.217%,"3,029,463,725"
FGN,"F&G Annuities & Life, Inc. 7.950% Senior Notes due 2053",$23.91,-0.37,-1.524%,"3,015,016,283"
PONY,Pony AI Inc. American Depositary Shares ,$6.94,0.05,0.726%,"3,008,778,378"
NESR,National Energy Services Reunited Corp Ordinary Shares,$29.81,-2.32,-7.221%,"3,006,390,787"
COLM,Columbia Sportswear Company Common Stock,$58.69,1.09,1.892%,"3,004,528,556"
LPL,"LG Display Co, Ltd AMERICAN DEPOSITORY SHARES",$3.00,0.02,0.671%,"3,000,000,000"
VECO,Veeco Instruments Inc. Common Stock,$49.07,-0.60,-1.208%,"2,999,631,435"
BTDR,Bitdeer Technologies Group Class A Ordinary Shares,$11.03,-0.48,-4.17%,"2,997,758,162"
DBRG,"DigitalBridge Group, Inc.",$15.98,UNCH,--,"2,996,174,590"
ASO,"Academy Sports and Outdoors, Inc. Common Stock",$48.61,-0.53,-1.079%,"2,993,349,892"
BHF,"Brighthouse Financial, Inc. Common Stock",$52.04,-1.20,-2.254%,"2,992,901,739"
NEOG,Neogen Corporation Common Stock,$13.72,-0.04,-0.291%,"2,992,414,389"
WOR,"Worthington Enterprises, Inc. Common Shares",$60.87,-1.37,-2.201%,"2,978,173,342"
PII,Polaris Inc. Common Stock,$52.30,-0.73,-1.377%,"2,976,054,305"
PTRN,Pattern Group Inc. Series A Common Stock,$16.77,-0.25,-1.469%,"2,974,982,723"
BHE,"Benchmark Electronics, Inc. Common Stock",$82.79,0.27,0.327%,"2,973,811,253"
ATRC,"AtriCure, Inc. Common Stock",$58.41,0.03,0.051%,"2,971,100,233"
DXPE,"DXP Enterprises, Inc. Common Stock",$191.43,-0.67,-0.349%,"2,970,447,642"
CBZ,"CBIZ, Inc. Common Stock",$54.71,0.03,0.055%,"2,968,776,820"
DGII,Digi International Inc. Common Stock,$78.22,-0.08,-0.102%,"2,968,302,181"
KYIV,Kyivstar Group Ltd. Common Shares,$12.76,-0.29,-2.222%,"2,958,579,842"
NAN,Nuveen New York Quality Municipal Income Fund Common Stock,$9.78,-0.21,-2.102%,"2,956,648,524"
PPLI,People Incorporated Common Stock,$39.64,-0.36,-0.90%,"2,951,749,987"
OUST,"Ouster, Inc. Common Stock",$40.90,-2.82,-6.45%,"2,949,394,420"
PFS,"Provident Financial Services, Inc Common Stock",$22.53,-0.31,-1.357%,"2,938,421,584"
GRBK,"Green Brick Partners, Inc. Common Stock",$68.28,-0.51,-0.741%,"2,936,770,323"
AMC,"AMC Entertainment Holdings, Inc. Class A Common Stock",$3.29,0.35,11.905%,"2,936,669,259"
KBH,KB Home Common Stock,$47.88,-0.13,-0.271%,"2,935,509,777"
AAUC,Allied Gold Corporation Common Shares,$21.02,-1.27,-5.698%,"2,929,092,711"
FOUR,"Shift4 Payments, Inc. Class A Common Stock",$37.03,-1.42,-3.693%,"2,923,893,244"
NG,Novagold Resources Inc.,$6.65,-0.48,-6.732%,"2,917,891,083"
DNOW,DNOW Inc. Common Stock,$16.14,0.21,1.318%,"2,917,884,281"
DAN,Dana Incorporated Common Stock ,$27.12,-0.02,-0.074%,"2,917,479,534"
SPSC,"SPS Commerce, Inc. Common Stock",$81.01,-0.29,-0.357%,"2,916,374,096"
AVA,Avista Corporation Common Stock,$34.79,-0.32,-0.911%,"2,913,760,956"
WIX,Wix.com Ltd. Ordinary Shares,$69.60,-4.19,-5.678%,"2,912,725,966"
TNET,"TriNet Group, Inc. Common Stock",$63.39,-1.72,-2.642%,"2,909,901,342"
ATRO,Astronics Corporation Common Stock,$67.65,-1.57,-2.268%,"2,909,563,180"
APAM,Artisan Partners Asset Management Inc. Class A Common Stock,$35.83,-0.33,-0.913%,"2,904,833,730"
RWTO,"Redwood Trust, Inc. 9.00% Senior Notes Due 2029",$22.45,-0.58,-2.518%,"2,901,066,767"
AEO,"American Eagle Outfitters, Inc. Common Stock",$17.31,0.73,4.403%,"2,900,694,394"
POWI,"Power Integrations, Inc. Common Stock",$51.84,-0.38,-0.728%,"2,896,471,768"
BELFA,Bel Fuse Inc. Class A Common Stock,$200.50,-2.60,-1.28%,"2,895,109,725"
VTMX,"Corporacion Inmobiliaria Vesta, S.A.B de C.V. American Depositary Shares, each representing ten (10) Common Shares",$32.73,-0.24,-0.728%,"2,894,924,118"
AD,"Array Digital Infrastructure, Inc. Common Shares",$33.45,-1.04,-3.015%,"2,893,425,000"
AVPT,"AvePoint, Inc. Class A Common Stock",$13.67,0.67,5.154%,"2,892,099,373"
GPI,"Group 1 Automotive, Inc. Common Stock",$242.23,-9.95,-3.946%,"2,887,920,562"
CHRN,ChronoScale Holdings Corporation Common Stock,$19.815,-0.035,-0.176%,"2,885,806,111"
EFXT,Enerflex Ltd Common Shares,$23.63,0.06,0.255%,"2,885,291,125"
SPNT,SiriusPoint Ltd. Common Shares,$24.83,-0.55,-2.167%,"2,884,377,347"
ZLAB,Zai Lab Limited American Depositary Shares,$25.69,0.71,2.842%,"2,884,119,397"
PURR,Hyperliquid Strategies Inc Common Stock,$12.08,-0.77,-5.992%,"2,874,064,999"
ABM,ABM Industries Incorporated Common Stock,$49.02,-0.76,-1.527%,"2,873,287,300"
TMDX,"TransMedics Group, Inc. Common Stock",$82.73,-2.56,-3.002%,"2,868,674,746"
NTCT,"NetScout Systems, Inc. Common Stock",$39.41,-0.03,-0.076%,"2,865,395,166"
DKL,"Delek Logistics Partners, L.P. Common Units representing Limited Partner Interests",$53.63,-0.26,-0.482%,"2,852,971,253"
SDRL,Seadrill Limited Common Shares,$45.58,0.01,0.022%,"2,850,638,972"
ARCB,ArcBest Corporation Common Stock,$127.07,1.91,1.526%,"2,840,186,553"
TR,"Tootsie Roll Industries, Inc. Common Stock",$37.78,-0.26,-0.683%,"2,836,206,861"
FG,"F&G Annuities & Life, Inc. Common Stock",$21.61,-0.51,-2.306%,"2,829,509,866"
CWT,California Water Service Group Common Stock,$45.66,-0.51,-1.105%,"2,823,573,352"
QS,QuantumScape Corporation Class A Common Stock,$4.56,-0.35,-7.128%,"2,823,157,592"
SMG,Scotts Miracle-Gro Company (The) Common Stock,$48.44,-2.45,-4.814%,"2,820,190,073"
NAMS,NewAmsterdam Pharma Company N.V. Ordinary Shares,$23.58,1.00,4.429%,"2,818,686,445"
PENG,"Penguin Solutions, Inc. Common Stock",$54.98,-1.24,-2.206%,"2,817,323,591"
EROK,"EagleRock Land, LLC Class A shares representing limited liability company interests",$21.39,-0.18,-0.834%,"2,813,203,602"
ASST,"Strive, Inc. Class A Common Stock",$29.00,-0.44,-1.495%,"2,813,076,821"
DX,"Dynex Capital, Inc. Common Stock",$11.33,-0.01,-0.088%,"2,811,731,170"
IHS,IHS Holding Limited Ordinary Shares,$8.38,-0.05,-0.593%,"2,811,667,840"
MGRC,McGrath RentCorp Common Stock,$114.86,1.63,1.44%,"2,805,531,652"
SOUN,"SoundHound AI, Inc Class A Common Stock",$5.83,-0.22,-3.636%,"2,804,257,302"
RDW,Redwire Corporation Common Stock,$11.20,-0.42,-3.614%,"2,799,917,221"
POWWP,Outdoor Holding Company 8.75% Series A Cumulative Redeemable Perpetual Preferred Stock,$24.10,-0.2001,-0.823%,"2,797,068,437"
PGEN,"Precigen, Inc. Common Stock",$7.81,0.06,0.774%,"2,796,255,279"
WTTR,"Select Water Solutions, Inc. Class A common stock",$20.18,0.34,1.714%,"2,794,543,210"
HGV,Hilton Grand Vacations Inc. Common Stock ,$35.94,0.17,0.475%,"2,793,405,771"
DAC,Danaos Corporation Common Stock,$153.28,-0.86,-0.558%,"2,790,228,648"
BANC,"Banc of California, Inc. Common Stock",$17.66,-0.28,-1.561%,"2,789,406,342"
FTAIM,FTAI Aviation Ltd. 9.500% Fixed-Rate Reset Series D Cumulative Perpetual Redeemable Preferred Shares,$27.1119,0.0718,0.266%,"2,784,584,380"
CWK,Cushman & Wakefield Ltd. Common Shares,$11.86,-0.30,-2.467%,"2,783,704,577"
CLBT,Cellebrite DI Ltd. Ordinary Shares,$11.07,0.28,2.595%,"2,782,345,534"
BOH,Bank of Hawaii Corporation Common Stock,$70.43,-1.22,-1.703%,"2,778,491,390"
EXTR,"Extreme Networks, Inc. Common Stock",$21.00,-0.52,-2.416%,"2,775,584,595"
WING,Wingstop Inc. Common Stock,$101.80,2.73,2.756%,"2,773,291,183"
MBX,"MBX Biosciences, Inc. Common Stock",$57.54,3.91,7.291%,"2,771,131,924"
LEU,Centrus Energy Corp. Class A Common Stock,$140.37,-6.70,-4.556%,"2,770,048,666"
AVAH,Aveanna Healthcare Holdings Inc. Common Stock,$12.69,0.28,2.256%,"2,769,207,942"
FIZZ,National Beverage Corp. Common Stock,$29.57,-0.10,-0.337%,"2,768,204,480"
REZI,"Resideo Technologies, Inc. Common Stock ",$18.22,-0.05,-0.274%,"2,766,659,227"
HG,"Hamilton Insurance Group, Ltd. Class B Common Shares",$33.23,-0.06,-0.18%,"2,765,092,791"
KWR,Quaker Houghton Common Stock,$160.38,-3.07,-1.878%,"2,759,771,247"
UNFI,"United Natural Foods, Inc. Common Stock",$45.75,-0.10,-0.218%,"2,759,506,593"
MZTI,The Marzetti Company Common Stock,$101.10,0.63,0.627%,"2,759,120,100"
MNSO,"MINISO Group Holding Limited American Depositary Shares, each representing four Ordinary Shares",$8.91,0.13,1.481%,"2,756,674,202"
UUUU,Energy Fuels Inc Ordinary Shares (Canada),$11.03,-0.32,-2.819%,"2,756,033,010"
TALO,"Talos Energy, Inc. Common Stock",$16.46,-0.01,-0.061%,"2,748,251,603"
ADEA,Adeia Inc. Common Stock,$24.92,-0.56,-2.198%,"2,748,181,338"
FRPT,"Freshpet, Inc. Common Stock",$57.17,-0.74,-1.278%,"2,747,480,091"
CARG,"CarGurus, Inc. Class A Common Stock ",$30.81,-0.49,-1.565%,"2,744,353,857"
KC,Kingsoft Cloud Holdings Limited American Depositary Shares,$9.15,-0.51,-5.28%,"2,739,232,426"
AGYS,"Agilysys, Inc. Common Stock (DE)",$97.10,-2.54,-2.549%,"2,738,782,015"
GPK,Graphic Packaging Holding Company,$9.25,-0.13,-1.386%,"2,738,662,050"
WDFC,WD-40 Company Common Stock,$203.90,4.73,2.375%,"2,736,561,474"
CXT,"Crane NXT, Co. Common Stock",$47.50,-0.22,-0.461%,"2,734,161,940"
PPTA,Perpetua Resources Corp. Common Shares,$21.82,-1.67,-7.109%,"2,729,590,421"
FRMI,Fermi Inc. Common Stock,$4.26,-0.26,-5.752%,"2,728,390,902"
MMS,"Maximus, Inc. Common Stock",$52.10,-0.51,-0.969%,"2,727,839,452"
SECZ,Securitize Corp. Common Stock,$16.63,0.67,4.198%,"2,715,108,342"
GRND,Grindr Inc. Common Stock,$15.61,-0.16,-1.015%,"2,713,339,987"
QURE,uniQure N.V. Ordinary Shares,$39.11,0.88,2.302%,"2,712,920,373"
INTA,"Intapp, Inc. Common Stock",$35.39,-0.71,-1.967%,"2,707,729,528"
VCRE,Vicore Pharma Holding AB American Depositary Shares,$9.59,-0.06,-0.622%,"2,699,830,437"
TOWN,TowneBank Common Stock,$36.09,-0.27,-0.743%,"2,692,939,440"
NMFCZ,New Mountain Finance Corporation 8.250% Notes due 2028,$25.31,-0.09,-0.354%,"2,691,995,923"
GPOR,Gulfport Energy Corporation Common Shares,$152.09,-2.53,-1.636%,"2,689,539,180"
CSQR,"Csquare, Inc. Common Stock",$16.14,-0.87,-5.115%,"2,689,472,502"
BCC,"Boise Cascade, L.L.C. Common Stock",$76.59,-0.55,-0.713%,"2,672,328,573"
SLDE,"Slide Insurance Holdings, Inc. Common Stock",$22.86,-0.24,-1.039%,"2,670,315,896"
HWKN,"Hawkins, Inc. Common Stock",$127.83,-1.20,-0.93%,"2,668,466,206"
FUL,H. B. Fuller Company Common Stock,$49.37,-0.69,-1.378%,"2,657,543,605"
HAYW,"Hayward Holdings, Inc. Common Stock",$12.52,-0.11,-0.871%,"2,655,737,167"
TDC,Teradata Corporation Common Stock,$28.55,-0.39,-1.348%,"2,655,150,000"
EXK,Endeavour Silver Corporation Ordinary Shares (Canada),$8.96,-0.43,-4.579%,"2,652,776,466"
MAN,ManpowerGroup Common Stock,$57.02,-0.39,-0.679%,"2,651,747,601"
LFTO,"Liftoff Mobile, Inc. Common Stock",$15.66,-0.25,-1.571%,"2,651,731,713"
TRMK,Trustmark Corporation Common Stock,$45.62,-0.42,-0.912%,"2,649,179,723"
AKR,Acadia Realty Trust Common Stock,$19.26,0.02,0.104%,"2,645,028,226"
NBTB,NBT Bancorp Inc. Common Stock,$50.82,-0.75,-1.454%,"2,640,610,300"
ALRM,"Alarm.com Holdings, Inc. Common Stock",$53.77,0.39,0.731%,"2,639,581,560"
ZIONP,"Zions Bancorporation, N.A. Depositary Shares (Each representing 1/40th Interest in a Share of Series A Floating-Rate Non-Cumulative Perpetual Preferred Stock)",$18.07,0.5098,2.903%,"2,637,377,125"
BKD,Brookdale Senior Living Inc. Common Stock,$11.04,-0.07,-0.63%,"2,636,542,462"
NMM,Navios Maritime Partners LP Common Units Representing Limited Partner Interests,$90.33,-1.18,-1.289%,"2,634,773,171"
BRZE,"Braze, Inc. Class A Common Stock",$23.17,-1.20,-4.924%,"2,631,751,174"
AMBP,Ardagh Metal Packaging S.A. Ordinary Shares,$4.40,0.02,0.457%,"2,629,878,178"
GCMG,GCM Grosvenor Inc. Class A Common Stock,$12.92,-0.12,-0.92%,"2,620,073,932"
FBK,FB Financial Corporation Common Stock,$52.27,-0.47,-0.891%,"2,612,357,273"
FBNC,First Bancorp Common Stock,$63.07,-0.43,-0.677%,"2,611,023,767"
EROC,"ERock, Inc. Class A Common Stock",$11.88,-0.72,-5.714%,"2,606,472,950"
MGEE,"MGE Energy, Inc",$68.93,-1.13,-1.613%,"2,604,451,947"
PLUG,"Plug Power, Inc. Common Stock",$1.86,-0.12,-6.061%,"2,598,783,217"
ACHC,"Acadia Healthcare Company, Inc. Common Stock",$27.91,-0.18,-0.641%,"2,598,428,675"
SUPN,"Supernus Pharmaceuticals, Inc. Common Stock",$44.60,1.94,4.548%,"2,592,464,780"
FIVN,"Five9, Inc. Common Stock",$34.66,-1.11,-3.103%,"2,589,917,584"
CHTRP,"Charter Communications, Inc. Series A Cumulative Redeemable Preferred Stock",$22.60,0.1948,0.869%,"2,589,451,319"
MFAO,"MFA Financial, Inc. 9.000% Senior Notes due 2029",$25.2001,-0.0099,-0.039%,"2,587,261,557"
PAGS,PagSeguro Digital Ltd. Class A Common Shares,$8.90,-0.15,-1.657%,"2,587,031,610"
DRH,Diamondrock Hospitality Company Common Stock,$12.64,0.15,1.201%,"2,586,215,808"
GRDN,"Guardian Pharmacy Services, Inc. Class A Common Stock",$40.74,-0.47,-1.14%,"2,580,565,465"
MFAN,"MFA Financial, Inc. 8.875% Senior Notes due 2029",$25.13,-0.03,-0.119%,"2,580,064,481"
GDV,Gabelli Dividend & Income Trust Common Shares of Beneficial Interest,$28.59,-0.36,-1.244%,"2,578,488,958"
HTO,H2O America Common Stock,$61.37,-0.90,-1.445%,"2,568,752,061"
HOG,"Harley-Davidson, Inc. Common Stock",$24.67,-0.78,-3.065%,"2,567,468,748"
BBAR,Banco BBVA Argentina S.A. ADS,$12.55,-0.60,-4.563%,"2,563,170,497"
WGS,GeneDx Holdings Corp. Class A Common Stock,$85.93,-2.47,-2.794%,"2,562,650,948"
CUBI,"Customers Bancorp, Inc Common Stock",$75.79,-1.27,-1.648%,"2,560,474,126"
CALY,Callaway Golf Company Common Stock,$14.31,-0.13,-0.90%,"2,554,485,556"
DCO,Ducommun Incorporated Common Stock,$169.04,-3.11,-1.807%,"2,552,466,642"
AXGN,"Axogen, Inc. Common Stock",$43.36,-0.03,-0.069%,"2,543,996,804"
PRVA,"Privia Health Group, Inc. Common Stock",$19.87,0.16,0.812%,"2,538,078,693"
TTAM,Titan America SA Common Shares,$13.76,-0.09,-0.65%,"2,536,827,518"
FRME,First Merchants Corporation Common Stock,$40.37,-0.34,-0.835%,"2,535,293,447"
DJT,Trump Media & Technology Group Corp. Common Stock,$9.12,-0.02,-0.219%,"2,534,824,419"
UE,Urban Edge Properties Common Shares of Beneficial Interest,$19.91,0.01,0.05%,"2,513,527,318"
APPN,Appian Corporation Class A Common Stock,$35.02,-0.99,-2.749%,"2,508,398,447"
HURN,Huron Consulting Group Inc. Common Stock,$157.62,-0.36,-0.228%,"2,507,745,549"
IMOS,ChipMOS TECHNOLOGIES INC. American Depositary Shares,$71.58,-0.20,-0.279%,"2,505,239,586"
BEAM,Beam Therapeutics Inc. Common Stock,$24.23,-0.04,-0.165%,"2,502,660,123"
NGVT,Ingevity Corporation Common Stock ,$72.74,-0.26,-0.356%,"2,500,650,046"
GPCR,Structure Therapeutics Inc. American Depositary Shares,$35.065,-0.865,-2.407%,"2,500,480,136"
BANR,Banner Corporation Common Stock,$68.17,-0.86,-1.246%,"2,497,712,806"
RNW,ReNew Energy Global plc Class A Ordinary Shares,$6.84,UNCH,--,"2,492,514,386"
IRON,"Disc Medicine, Inc. Common Stock",$64.92,-0.32,-0.49%,"2,492,463,432"
CENT,Central Garden & Pet Company Common Stock,$39.68,0.17,0.43%,"2,483,674,289"
NEO,"NeoGenomics, Inc. Common Stock",$19.29,-0.04,-0.207%,"2,478,291,238"
KALU,Kaiser Aluminum Corporation Common Stock,$151.57,-0.98,-0.642%,"2,478,031,874"
BUSE,First Busey Corporation Class A Common Stock,$29.76,-0.33,-1.097%,"2,475,719,550"
NOG,"Northern Oil and Gas, Inc. Common Stock",$23.21,-0.08,-0.343%,"2,473,005,261"
CLDX,"Celldex Therapeutics, Inc.",$31.49,0.39,1.254%,"2,472,894,963"
HCM,HUTCHMED (China) Limited American Depositary Shares,$14.13,0.19,1.363%,"2,465,197,854"
IMNM,"Immunome, Inc. Common Stock",$21.68,0.27,1.261%,"2,462,362,997"
SHAK,"Shake Shack, Inc. Class A Common Stock",$57.52,1.97,3.546%,"2,461,794,914"
NRIX,"Nurix Therapeutics, Inc. Common stock",$23.67,0.66,2.868%,"2,456,512,437"
HSAI,Hesai Group American Depositary Share,$15.59,-0.66,-4.062%,"2,449,847,069"
KD,"Kyndryl Holdings, Inc. Common Stock",$11.23,-0.37,-3.19%,"2,446,099,093"
ATHM,"Autohome Inc. American Depositary Shares, each representing four class A ordinary shares.",$21.21,-0.12,-0.563%,"2,442,775,022"
ROG,Rogers Corporation Common Stock,$136.64,-1.12,-0.813%,"2,441,529,294"
BFLY,"Butterfly Network, Inc. Class A Common Stock",$9.15,-0.24,-2.556%,"2,436,509,424"
HIMX,"Himax Technologies, Inc. American Depositary Shares",$13.96,-0.48,-3.324%,"2,434,985,759"
KMT,Kennametal Inc. Common Stock,$31.80,0.77,2.481%,"2,429,202,986"
EEFT,"Euronet Worldwide, Inc. Common Stock",$64.93,-0.68,-1.036%,"2,428,615,423"
SYBT,"Stock Yards Bancorp, Inc. Common Stock",$78.02,-0.55,-0.70%,"2,423,819,487"
WLYB,"John Wiley & Sons, Inc. Common Stock",$47.77,UNCH,--,"2,421,171,336"
PAYO,Payoneer Global Inc. Common Stock,$7.14,-0.03,-0.418%,"2,419,394,969"
FCPT,"Four Corners Property Trust, Inc. Common Stock",$22.03,-0.17,-0.766%,"2,417,933,624"
WLY,"John Wiley & Sons, Inc. Common Stock",$47.61,0.06,0.126%,"2,413,061,907"
WSBCO,"WesBanco, Inc. Depositary Shares each representing 1/40th interest in a share of 7.375% Fixed-Rate Reset Non-Cumulative Perpetual Preferred Stock, Series B",$25.16,-0.05,-0.198%,"2,412,992,167"
IOSP,Innospec Inc. Common Stock,$97.88,-0.84,-0.851%,"2,410,886,880"
NVA,Nova Minerals Corp Common Stock,$5.34,-0.26,-4.643%,"2,408,490,604"
RVMDW,"Revolution Medicines, Inc. Warrant",$11.22,-0.405,-3.484%,"2,404,854,610"
NN,NextNav Inc. Common Stock,$14.24,-0.14,-0.974%,"2,403,853,118"
AAP,Advance Auto Parts Inc.,$39.77,-1.96,-4.697%,"2,402,108,000"
ALVO,Alvotech Ordinary Shares,$6.15,0.40,6.957%,"2,401,153,602"
BKV,BKV Corporation Common Stock,$21.90,0.09,0.413%,"2,396,688,477"
IVT,InvenTrust Properties Corp. Common Stock,$30.72,0.19,0.622%,"2,395,497,400"
MH,"McGraw Hill, Inc. Common Stock",$12.50,-0.23,-1.807%,"2,391,360,175"
LCLN,"Lincoln International, Inc. Class A Common Stock",$23.00,-0.37,-1.583%,"2,383,386,247"
SVM,Silvercorp Metals Inc. Common Shares,$10.76,-0.58,-5.115%,"2,380,269,548"
SKWD,"Skyward Specialty Insurance Group, Inc. Common Stock",$53.59,-1.19,-2.172%,"2,379,208,060"
TRLV,Trulieve Cannabis Corp. Subordinate Voting Shares,$12.34,0.13,1.065%,"2,376,255,827"
VIA,"Via Transportation, Inc. Class A Common Stock",$29.10,-0.31,-1.054%,"2,371,813,338"
MBIN,Merchants Bancorp Common Stock,$51.55,-0.55,-1.056%,"2,368,107,766"
COTY,Coty Inc. Class A Common Stock,$2.68,0.03,1.132%,"2,360,239,724"
OPEN,Opendoor Technologies Inc Common Stock,$2.43,-0.14,-5.447%,"2,359,751,252"
NTB,Bank of N.T. Butterfield & Son Limited (The) Voting Ordinary Shares,$58.80,-0.15,-0.254%,"2,352,000,000"
MFICL,MidCap Financial Investment Corporation 8.00% Notes due 2028,$25.16,-0.01,-0.04%,"2,347,519,130"
VERA,"Vera Therapeutics, Inc. Class A Common Stock",$32.50,-0.04,-0.123%,"2,342,058,388"
AGM,Federal Agricultural Mortgage Corporation Common Stock,$215.71,1.70,0.794%,"2,341,145,929"
SLS,"SELLAS Life Sciences Group, Inc. Common Stock",$11.59,-0.02,-0.172%,"2,340,550,767"
ARR,"ARMOUR Residential REIT, Inc.",$13.98,-0.12,-0.851%,"2,336,021,624"
DNN,Denison Mines Corp Ordinary Shares (Canada),$2.58,-0.07,-2.642%,"2,335,457,608"
PLUS,ePlus inc. Common Stock,$89.41,-1.10,-1.215%,"2,332,744,273"
BBT,Beacon Financial Corporation Common stock,$27.81,-0.38,-1.348%,"2,330,925,352"
VRDN,"Viridian Therapeutics, Inc. Common Stock",$20.57,0.10,0.489%,"2,330,421,973"
HRMY,"Harmony Biosciences Holdings, Inc. Common Stock",$40.01,-1.25,-3.03%,"2,330,038,084"
LPG,Dorian LPG Ltd. Common Stock,$54.36,0.93,1.741%,"2,325,666,539"
LTC,"LTC Properties, Inc. Common Stock",$43.09,0.15,0.349%,"2,322,790,710"
BGR,BlackRock Energy and Resources Trust,$17.12,0.06,0.352%,"2,321,235,641"
VC,Visteon Corporation Common Stock,$86.95,-3.51,-3.88%,"2,321,167,552"
PRLB,"Proto Labs, Inc. Common stock",$96.90,0.65,0.675%,"2,318,031,819"
UFPT,"UFP Technologies, Inc. Common Stock",$299.22,3.57,1.208%,"2,317,695,284"
NWL,Newell Brands Inc. Common Stock,$5.44,0.01,0.184%,"2,316,896,000"
OSW,OneSpaWorld Holdings Limited Common Shares,$22.78,-0.14,-0.611%,"2,312,140,659"
RH,RH Common Stock,$122.08,-2.09,-1.683%,"2,311,360,051"
VVX,"V2X, Inc. Common Stock",$73.71,-1.94,-2.564%,"2,310,466,338"
CLOV,"Clover Health Investments, Corp. Class A Common Stock",$4.33,-0.16,-3.563%,"2,299,906,619"
INOD,Innodata Inc. Common Stock,$66.79,-2.42,-3.497%,"2,296,417,260"
AERO,"Grupo Aeromexico, S.A.B. de C.V. American Depositary Shares (each representing ten (10) Common Shares)",$15.71,-0.11,-0.695%,"2,292,142,555"
RAMP,"LiveRamp Holdings, Inc. Common Stock",$37.63,0.13,0.347%,"2,287,715,173"
NOVTU,Novanta Inc. Tangible Equity Units,$60.49,-0.46,-0.755%,"2,287,596,907"
STNE,StoneCo Ltd. Class A Common Shares,$9.27,-0.03,-0.323%,"2,287,044,963"
ADAMM,"Adamas Trust, Inc. 7.875% Series E Fixed-to-Floating Rate Cumulative Redeemable Preferred Stock",$25.40,-0.21,-0.82%,"2,282,946,564"
WAFD,"WaFd, Inc. Common Stock",$30.85,-0.50,-1.595%,"2,282,753,092"
LASR,"nLIGHT, Inc. Common Stock",$39.55,-0.78,-1.934%,"2,281,647,291"
HLIO,"Helios Technologies, Inc. Common Stock",$68.91,0.27,0.393%,"2,270,624,261"
ADMA,ADMA Biologics Inc Common Stock,$10.12,0.74,7.889%,"2,266,724,962"
MLYS,"Mineralys Therapeutics, Inc. Common Stock",$25.63,-0.23,-0.889%,"2,265,868,463"
CNXN,"PC Connection, Inc. Common Stock",$89.70,0.38,0.425%,"2,263,857,480"
NMRK,"Newmark Group, Inc. Class A Common Stock",$12.49,-0.57,-4.364%,"2,263,545,551"
ALMR,"Alamar Biosciences, Inc. Common Stock",$32.61,-0.19,-0.579%,"2,262,898,099"
FIGS,"FIGS, Inc. Class A Common Stock",$13.62,0.20,1.49%,"2,262,830,096"
ADAMI,"Adamas Trust, Inc. 9.125% Senior Notes Due 2029",$24.98,-0.03,-0.12%,"2,262,674,636"
ANDE,"Andersons, Inc. (The) Common Stock",$66.45,-0.52,-0.776%,"2,257,676,627"
ADAML,"Adamas Trust, Inc. 6.875% Series F Fixed-to-Floating Rate Cumulative Redeemable Preferred Stock, $0.01 par value per share",$25.06,-0.01,-0.04%,"2,252,387,437"
PBI,Pitney Bowes Inc. Common Stock,$16.38,UNCH,--,"2,245,537,673"
UPST,"Upstart Holdings, Inc. Common stock",$23.03,-0.78,-3.276%,"2,241,119,449"
AMR,"Alpha Metallurgical Resources, Inc. Common Stock",$175.54,1.11,0.636%,"2,225,679,559"
ICHR,Ichor Holdings Ordinary Shares,$59.42,1.48,2.554%,"2,225,530,287"
PHIN,PHINIA Inc. Common Stock,$60.74,-1.30,-2.095%,"2,225,397,465"
INTR,Inter & Co. Inc. Class A Common Shares,$5.04,-0.07,-1.37%,"2,224,261,182"
PBH,Prestige Consumer Healthcare Inc. Common Stock,$46.93,0.32,0.687%,"2,223,286,317"
KEEL,Keel Infrastructure Corp. Common Stock,$3.60,-0.20,-5.263%,"2,223,263,563"
PHVS,Pharvaris N.V. Ordinary Shares,$31.91,-0.11,-0.344%,"2,223,056,515"
PRCH,"Porch Group, Inc. Common Stock",$16.83,0.30,1.815%,"2,218,733,301"
BKE,"Buckle, Inc. (The) Common Stock",$43.07,0.80,1.893%,"2,218,640,532"
PATK,"Patrick Industries, Inc. Common Stock",$69.00,0.51,0.745%,"2,216,160,216"
NWBI,"Northwest Bancshares, Inc. Common Stock",$15.12,-0.19,-1.241%,"2,214,461,925"
CDLR,Cadeler A/S American Depositary Share (each representing four (4) Ordinary Shares),$22.90,-0.61,-2.595%,"2,209,640,167"
SDGR,"Schrodinger, Inc. Common Stock",$29.50,0.65,2.253%,"2,206,766,026"
TRN,"Trinity Industries, Inc. Common Stock",$27.60,-0.31,-1.111%,"2,198,877,814"
AUPH,Aurinia Pharmaceuticals Inc Ordinary Shares,$16.52,0.08,0.487%,"2,198,005,295"
PMTU,PennyMac Mortgage Investment Trust 8.50% Senior Notes due 2028,$25.15,-0.03,-0.119%,"2,193,139,404"
ADAMN,"Adamas Trust, Inc. 8.00% Series D Fixed-to-Floating Rate Cumulative Redeemable Preferred Stock",$24.36,-0.13,-0.531%,"2,189,471,587"
BGSI,Boyd Group Services Inc. Common Shares,$78.47,-1.48,-1.851%,"2,184,325,054"
CHA,Chagee Holdings Limited American Depositary Shares,$11.45,0.04,0.351%,"2,184,240,083"
HTH,Hilltop Holdings Inc.,$38.12,-0.44,-1.141%,"2,183,758,216"
LIFE,Ethos Technologies Inc. Class A Common Stock,$34.24,-0.06,-0.175%,"2,183,123,705"
HCI,"HCI Group, Inc. Common Stock",$175.29,0.35,0.20%,"2,180,408,996"
SIND,Sinda Ltd. Common Stock,$13.73,-0.21,-1.506%,"2,180,198,851"
EFSC,Enterprise Financial Services Corporation Common Stock,$60.15,-0.78,-1.28%,"2,176,980,078"
BCRX,"BioCryst Pharmaceuticals, Inc. Common Stock",$8.47,-0.12,-1.397%,"2,164,382,339"
OFG,OFG Bancorp Common Stock,$51.20,-0.74,-1.425%,"2,163,993,293"
BHC,Bausch Health Companies Inc. Common Stock,$5.77,0.08,1.406%,"2,157,925,537"
CENTA,Central Garden & Pet Company Class A Common Stock Nonvoting,$34.20,0.14,0.411%,"2,140,666,852"
SSMR,Sunshine Silver Mining & Refining Company Common Stock,$14.89,-0.46,-2.997%,"2,140,089,119"
CC,Chemours Company (The) Common Stock,$14.13,-0.33,-2.282%,"2,126,550,799"
SONO,"Sonos, Inc. Common Stock",$17.97,-0.205,-1.128%,"2,125,742,803"
CTOS,"Custom Truck One Source, Inc. Common Stock",$9.31,-0.14,-1.481%,"2,118,076,531"
BUSEP,"First Busey Corporation Depositary Shares, Each Representing a 1/40thInterest in a Share of 8.25% Fixed-Rate Series B Non-Cumulative Perpetual Preferred Stock, $0.001 par value",$25.42,-0.14,-0.548%,"2,114,677,115"
PEB,Pebblebrook Hotel Trust Common Shares of Beneficial Interest,$18.73,0.31,1.683%,"2,113,544,071"
MD,"Pediatrix Medical Group, Inc. Common Stock",$25.93,-0.38,-1.444%,"2,106,897,317"
PTON,"Peloton Interactive, Inc. Class A Common Stock",$4.80,-0.12,-2.439%,"2,106,584,645"
FLYW,Flywire Corporation Voting Common Stock,$17.30,-0.10,-0.575%,"2,104,850,760"
DRD,DRDGOLD Limited American Depositary Shares,$24.34,-0.87,-3.451%,"2,104,408,920"
MCRI,"Monarch Casino & Resort, Inc. Common Stock",$117.26,-0.48,-0.408%,"2,101,594,812"
SHO,"Sunstone Hotel Investors, Inc. Sunstone Hotel Investors, Inc. Common Shares",$11.30,0.11,0.983%,"2,101,166,533"
PDFS,"PDF Solutions, Inc. Common Stock",$49.75,0.20,0.404%,"2,100,803,996"
UNIT,Uniti Group Inc. Common Stock,$8.65,-0.26,-2.918%,"2,099,572,418"
PRGO,Perrigo Company plc Ordinary Shares,$15.10,-0.32,-2.075%,"2,095,415,600"
ALGT,Allegiant Travel Company Common Stock,$76.55,-2.54,-3.212%,"2,092,705,145"
BXMT,"Blackstone Mortgage Trust, Inc. Common Stock",$12.41,-0.09,-0.72%,"2,091,625,964"
MPT,"Medical Properties Trust, Inc. common stock",$3.50,-0.07,-1.961%,"2,090,200,000"
ADUS,Addus HomeCare Corporation Common Stock,$111.91,-1.28,-1.131%,"2,089,840,913"
CALX,"Calix, Inc Common Stock",$33.19,0.05,0.151%,"2,089,774,795"
BTX,BlackRock Technology and Private Equity Term Trust Common Shares of Beneficial Interest,$8.86,-0.18,-1.991%,"2,089,154,102"
MTX,Minerals Technologies Inc. Common Stock,$66.86,-0.12,-0.179%,"2,081,269,027"
ETOR,eToro Group Ltd. Class A Common Shares,$25.82,-0.57,-2.16%,"2,079,706,318"
LCII,LCI Industries,$85.52,1.01,1.195%,"2,079,120,079"
FCF,First Commonwealth Financial Corporation Common Stock,$20.57,-0.34,-1.626%,"2,078,720,377"
RLX,"RLX Technology Inc. American Depositary Shares, each representing the right to receive one (1) Class A ordinary share",$1.70,0.02,1.19%,"2,077,832,759"
AADX,"Applied Aerospace & Defense, Inc. Common Stock",$12.05,-0.59,-4.668%,"2,077,341,892"
DV,"DoubleVerify Holdings, Inc. Common Stock",$13.40,-0.01,-0.075%,"2,076,823,750"
RGTIW,"Rigetti Computing, Inc. Warrants",$6.22,-0.51,-7.578%,"2,076,041,606"
PLGO,Pelagos Insurance Capital Limited Common Shares,$23.92,-0.04,-0.167%,"2,068,605,068"
DBD,Diebold Nixdorf Incorporated Common stock,$60.89,-1.83,-2.918%,"2,067,007,743"
BLX,"Bladex, Inc. Class E Common Stock",$54.97,0.23,0.42%,"2,066,812,577"
SBET,"Sharplink, Inc. Common Stock",$9.50,-0.13,-1.35%,"2,063,624,238"
NKTR,Nektar Therapeutics  Common Stock,$60.40,3.34,5.853%,"2,062,236,838"
KSS,Kohl's Corporation Common Stock,$18.18,0.28,1.564%,"2,061,183,770"
VCEL,Vericel Corporation Common Stock,$40.24,0.53,1.335%,"2,060,554,147"
SRCE,1st Source Corporation Common Stock,$85.53,-0.56,-0.65%,"2,059,718,578"
VOYG,"Voyager Technologies, Inc. Class A Common Stock",$33.18,1.83,5.837%,"2,056,090,210"
PLBL,Polibeli Group Ltd Class A Ordinary Shares,$5.61,0.35,6.654%,"2,055,433,707"
ADRX,"ADARx Pharmaceuticals, Inc. Common Stock",$20.09,0.74,3.824%,"2,053,216,181"
TRVI,"Trevi Therapeutics, Inc. Common Stock",$14.40,-0.01,-0.069%,"2,051,652,110"
UTZ,Utz Brands Inc Class A Common Stock ,$14.25,0.01,0.07%,"2,051,461,535"
WHR,Whirlpool Corporation Common Stock,$31.40,-0.31,-0.978%,"2,047,260,469"
ECPG,Encore Capital Group Inc Common Stock,$96.49,-1.92,-1.951%,"2,046,491,725"
PENN,"PENN Entertainment, Inc. Common Stock",$15.24,-0.41,-2.62%,"2,043,174,847"
PLPC,Preformed Line Products Company Common Stock,$416.37,-6.96,-1.644%,"2,035,508,435"
TILE,"Interface, Inc. Common Stock",$35.17,-0.03,-0.085%,"2,032,842,178"
STUB,"StubHub Holdings, Inc. Class A Common Stock",$5.30,-0.14,-2.574%,"2,025,076,820"
INSP,"Inspire Medical Systems, Inc. Common Stock",$70.00,-0.50,-0.709%,"2,023,726,250"
BVC,BitVentures Limited Ordinary Shares,$12.03,0.68,5.991%,"2,021,040,000"
INVX,"Innovex International, Inc. Common Stock",$28.86,0.36,1.263%,"2,018,347,967"
PVLA,"Palvella Therapeutics, Inc. Common Stock",$139.83,1.67,1.209%,"2,014,727,551"
CIMN,Chimera Investment Corporation 9.000% Senior Notes due 2029,$25.01,-0.07,-0.279%,"2,014,072,707"
CTRI,"Centuri Holdings, Inc. Common Stock",$19.92,-0.59,-2.877%,"2,011,184,016"
WERN,"Werner Enterprises, Inc. Common Stock",$33.53,0.64,1.946%,"2,011,034,041"
STGW,Stagwell Inc. Class A Common Stock,$8.22,-0.10,-1.202%,"2,009,588,207"
GRC,Gorman-Rupp Company (The) Common Stock,$76.06,1.85,2.493%,"2,008,763,083"
UWMC,UWM Holdings Corporation Class A Common Stock,$1.25,0.03,2.459%,"2,008,144,569"
EMAT,Evolution Metals & Technologies Corp. Common Stock,$3.20,UNCH,--,"2,007,042,067"
TBBK,The Bancorp Inc Common Stock,$49.16,-1.42,-2.807%,"2,005,079,530"
BHVN,Biohaven Ltd. Common Shares ,$13.27,0.28,2.156%,"2,004,350,974"
CCU,"Compania Cervecerias Unidas, S.A. Common Stock",$10.84,-0.16,-1.455%,"2,002,705,566"
URGN,UroGen Pharma Ltd. Ordinary Shares,$40.90,-0.45,-1.088%,"1,999,215,068"
AGIO,"Agios Pharmaceuticals, Inc. Common Stock",$33.42,0.84,2.578%,"1,995,236,896"
SRPT,"Sarepta Therapeutics, Inc. Common Stock (DE)",$18.80,0.13,0.696%,"1,985,787,995"
MRVI,"Maravai LifeSciences Holdings, Inc. Class A Common Stock",$7.63,0.03,0.395%,"1,981,309,759"
RXRX,"Recursion Pharmaceuticals, Inc. Class A Common Stock",$3.70,-0.04,-1.07%,"1,980,766,029"
ASAN,"Asana, Inc. Class A Common Stock",$8.64,-0.38,-4.213%,"1,978,301,811"
SAH,"Sonic Automotive, Inc. Common Stock",$62.45,-2.50,-3.849%,"1,974,344,385"
NWN,Northwest Natural Holding Company Common Stock,$46.80,-0.24,-0.51%,"1,969,977,578"
UMBFO,"UMB Financial Corporation Depositary Shares Each Representing a 1/400th Interest in a Share of 7.750% Fixed-Rate Reset Non-Cumulative Perpetual Preferred Stock, Series B",$25.91,-0.01,-0.039%,"1,967,865,277"
NCNO,"nCino, Inc. Common Stock",$18.60,-0.81,-4.173%,"1,966,692,836"
LKFT,Lakefront Biotherapeutics American Depositary Shares,$29.84,0.46,1.566%,"1,966,368,599"
NUVB,Nuvation Bio Inc. Class A Common Stock,$5.60,-0.14,-2.439%,"1,966,290,105"
CHCO,City Holding Company Common Stock,$139.97,-2.00,-1.409%,"1,965,901,045"
GNL,"Global Net Lease, Inc. Common Stock",$8.49,-0.06,-0.702%,"1,963,888,606"
BAND,Bandwidth Inc. Class A Common Stock,$61.01,-0.80,-1.294%,"1,963,349,876"
PGNY,"Progyny, Inc. Common Stock",$25.52,0.08,0.314%,"1,958,067,885"
CMPR,Cimpress plc Ordinary Shares (Ireland),$80.05,0.26,0.326%,"1,949,175,554"
SFB,Stifel Financial Corporation 5.20% Senior Notes due 2047,$19.06,-0.10,-0.522%,"1,947,425,118"
ESTA,Establishment Labs Holdings Inc. Common Shares,$65.34,-0.63,-0.955%,"1,947,255,558"
ALNT,Allient Inc. Common Stock,$114.41,-1.60,-1.379%,"1,945,257,284"
LIND,Lindblad Expeditions Holdings Inc. Common Stock,$29.64,1.19,4.183%,"1,944,967,582"
IQMX,IQM Quantum Computers Oyj American Depositary Shares,$10.25,-0.36,-3.393%,"1,942,336,235"
DRVN,Driven Brands Holdings Inc. Common Stock,$11.76,-0.55,-4.468%,"1,940,162,636"
SEDG,"SolarEdge Technologies, Inc. Common Stock",$31.53,-1.15,-3.519%,"1,939,906,834"
QUBT,Quantum Computing Inc. Common Stock,$8.57,-0.39,-4.353%,"1,939,792,599"
DHC,Diversified Healthcare Trust Common Shares of Beneficial Interest,$7.96,-0.17,-2.091%,"1,927,346,744"
ZYME,Zymeworks Inc. Common Stock,$27.12,0.60,2.262%,"1,924,414,616"
SGRY,"Surgery Partners, Inc. Common Stock",$14.69,0.29,2.014%,"1,923,189,239"
TH,Target Hospitality Corp. Common Stock,$19.30,-1.28,-6.22%,"1,922,732,064"
BLKB,"Blackbaud, Inc. Common Stock",$42.36,-0.83,-1.922%,"1,922,724,509"
ALG,"Alamo Group, Inc. Common Stock",$157.72,-1.73,-1.085%,"1,919,604,600"
BLFS,"BioLife Solutions, Inc. Common Stock",$39.15,0.66,1.715%,"1,914,697,462"
GENB,"Generate Biomedicines, Inc. Common Stock",$14.91,-0.24,-1.584%,"1,913,734,821"
ZD,"Ziff Davis, Inc. Common Stock",$55.68,-0.83,-1.469%,"1,909,111,741"
WU,Western Union Company (The) Common Stock,$6.12,-0.06,-0.971%,"1,908,699,364"
FTRE,Fortrea Holdings Inc. Common Stock,$20.06,0.17,0.855%,"1,907,706,000"
TIC,"TIC Solutions, Inc. Common Stock",$8.73,-0.16,-1.80%,"1,905,063,708"
SPB,"Spectrum Brands Holdings, Inc. Common Stock",$82.84,-2.07,-2.438%,"1,904,955,173"
XNCR,"Xencor, Inc. Common Stock",$25.60,1.80,7.563%,"1,903,446,963"
TOP,TOP Financial Group Limited Class A Ordinary Shares,$15.13,-0.34,-2.198%,"1,901,924,412"
BRVE,"Braveheart Bio, Inc. Common Stock",$21.07,0.45,2.182%,"1,897,121,077"
SHAZ,"SharonAI Holdings, Inc. Class A Common Stock",$52.91,-1.77,-3.237%,"1,894,363,450"
EZPW,"EZCORP, Inc. Class A Non Voting Common Stock",$30.83,-0.33,-1.059%,"1,894,299,313"
MESO,Mesoblast Limited American Depositary Shares,$14.50,-0.62,-4.101%,"1,886,229,760"
ABXL,"Abacus Global Management, Inc. 9.875% Fixed Rate Senior Notes due 2028",$25.25,-0.09,-0.355%,"1,884,946,512"
LMAT,"LeMaitre Vascular, Inc. Common Stock",$82.34,0.82,1.006%,"1,883,054,621"
KARO,Karooooo Ltd. Ordinary Shares,$60.84,-0.79,-1.282%,"1,879,548,372"
LIME,"Neutron Holdings, Inc. Common Stock",$28.92,-0.29,-0.993%,"1,879,342,775"
GCT,GigaCloud Technology Inc Class A Ordinary Shares,$52.62,-1.36,-2.519%,"1,879,072,671"
WS,"Worthington Steel, Inc. Common Shares",$36.87,0.61,1.682%,"1,878,401,843"
PRDO,Perdoceo Education Corporation Common Stock,$30.01,-0.48,-1.574%,"1,877,937,421"
KYN,"Kayne Anderson Energy Infrastructure Fund, Inc.",$13.78,-0.05,-0.362%,"1,875,892,483"
TY,Tri Continental Corporation Common Stock,$34.38,-0.24,-0.693%,"1,868,585,145"
MFP,"Midera Food Processing, Inc. Common Stock",$41.15,-1.54,-3.607%,"1,861,233,223"
NGL,NGL ENERGY PARTNERS LP Common Units representing Limited Partner Interests,$14.88,-0.22,-1.457%,"1,857,236,620"
RVT,"Royce Small-Cap Trust, Inc. Common Stock",$17.20,-0.07,-0.405%,"1,856,855,498"
SEPN,"Septerna, Inc. Common Stock",$39.74,1.97,5.216%,"1,854,941,874"
GABC,"German American Bancorp, Inc. Common Stock",$49.35,-0.15,-0.303%,"1,854,514,175"
CDZIP,"Cadiz, Inc. Depositary Shares",$21.90,-0.02,-0.091%,"1,854,427,943"
AFGB,"American Financial Group, Inc. 5.875% Subordinated Debentures due 2059",$22.36,0.40,1.821%,"1,854,123,980"
WRD,WeRide Inc. American Depositary Shares,$5.53,UNCH,--,"1,853,968,307"
NHPBP,"National Healthcare Properties, Inc. 7.125% Series B Cumulative Redeemable Perpetual Preferred Stock",$25.42,0.0099,0.039%,"1,853,241,948"
ATEN,"A10 Networks, Inc. Common Stock",$25.50,-0.23,-0.894%,"1,851,530,036"
XPRO,Expro Ltd Ordinary Shares,$16.32,-0.01,-0.061%,"1,850,611,019"
XRAY,DENTSPLY SIRONA Inc. Common Stock,$9.28,-0.12,-1.277%,"1,850,003,969"
HUBG,"Hub Group, Inc. Class A Common Stock",$30.22,-0.12,-0.396%,"1,848,059,072"
RUN,Sunrun Inc. Common Stock,$7.67,-0.44,-5.425%,"1,847,296,352"
NVCR,NovoCure Limited Ordinary Shares,$15.83,-0.01,-0.063%,"1,843,337,647"
NTST,NetSTREIT Corp. Common Stock,$18.13,-0.08,-0.439%,"1,840,702,604"
UAA,"Under Armour, Inc. Class A Common Stock",$4.28,-0.15,-3.386%,"1,838,454,915"
MLCO,Melco Resorts & Entertainment Limited American Depositary Shares,$4.67,-0.06,-1.268%,"1,837,482,493"
RBCAA,"Republic Bancorp, Inc. Class A Common Stock",$93.45,-1.10,-1.163%,"1,834,811,411"
CMPS,COMPASS Pathways Plc American Depository Shares,$13.23,0.17,1.302%,"1,832,048,355"
OLN,Olin Corporation Common Stock,$16.05,-0.35,-2.134%,"1,829,418,965"
FSUN,FirstSun Capital Bancorp Common Stock,$39.27,-0.47,-1.183%,"1,829,352,620"
CEPU,Central Puerto S.A. American Depositary Shares (each represents ten Common Shares),$12.07,-1.11,-8.422%,"1,827,120,656"
HYMC,Hycroft Mining Holding Corporation Class A Common Stock,$19.60,-1.88,-8.752%,"1,826,360,948"
ATS,ATS Corporation Common Shares,$18.82,-0.28,-1.466%,"1,825,680,792"
BXDC,Blackstone Digital Infrastructure Trust Inc. Common Stock,$18.13,-0.95,-4.979%,"1,824,782,778"
HMN,Horace Mann Educators Corporation Common Stock,$44.97,-0.38,-0.838%,"1,821,332,398"
UA,"Under Armour, Inc. Class C Common Stock",$4.24,-0.13,-2.975%,"1,821,273,094"
BRSL,"Brightstar Lottery PLC Trading under the Legal Name to begin at the market open on July 21, 2025. Ordinary Shares",$9.87,-0.09,-0.904%,"1,821,015,000"
BOBS,"Bob's Discount Furniture, Inc. Common Stock",$13.89,0.14,1.018%,"1,815,243,486"
SNDA,"Sonida Senior Living, Inc. Common Stock",$37.61,-0.10,-0.265%,"1,807,084,904"
STDN,"Standard Nuclear, Inc. Class A Common Stock",$11.53,-0.81,-6.564%,"1,805,030,205"
BLBD,Blue Bird Corporation Common Stock,$56.98,-1.14,-1.961%,"1,804,900,702"
WMK,"Weis Markets, Inc. Common Stock",$72.89,0.87,1.208%,"1,803,633,675"
EPAC,Enerpac Tool Group Corp. Common Stock,$35.23,-0.47,-1.317%,"1,801,579,269"
WKC,World Kinect Corporation Common Stock,$35.22,-0.43,-1.206%,"1,801,560,056"
PLAB,"Photronics, Inc. Common Stock",$30.50,0.10,0.329%,"1,799,413,594"
AFGD,"American Financial Group, Inc. 5.625% Subordinated Debentures due 2060",$21.69,UNCH,--,"1,798,566,598"
ZBIO,"Zenas BioPharma, Inc. Common Stock",$27.55,0.60,2.226%,"1,795,618,719"
VERX,"Vertex, Inc. Class A Common Stock",$11.06,-0.31,-2.726%,"1,794,130,859"
HWCPZ,Hancock Whitney Corporation 6.25% Subordinated Notes due 2060,$21.15,-0.093,-0.438%,"1,792,567,785"
XERS,"Xeris Biopharma Holdings, Inc. Common Stock",$9.83,0.73,8.022%,"1,792,208,608"
NSP,"Insperity, Inc. Common Stock",$46.91,-0.92,-1.923%,"1,791,740,116"
NVAX,"Novavax, Inc. Common Stock",$10.80,0.17,1.599%,"1,781,413,841"
VIR,"Vir Biotechnology, Inc. Common Stock",$10.51,-0.15,-1.407%,"1,778,459,719"
VSTS,Vestis Corporation Common Stock,$13.45,-0.20,-1.465%,"1,777,553,412"
ACVA,ACV Auctions Inc. Class A Common Stock,$10.46,UNCH,--,"1,776,191,471"
CMRE,Costamare Inc. Common Stock $0.0001 par value,$14.72,0.19,1.308%,"1,775,066,532"
NBHC,National Bank Holdings Corporation Common Stock,$39.64,-0.53,-1.319%,"1,765,547,643"
VET,Vermilion Energy Inc. Common (Canada),$11.52,-0.08,-0.69%,"1,764,864,000"
HOS,"Hornbeck Offshore Services, Inc. Common Stock",$7.94,-0.25,-3.053%,"1,764,002,701"
GTY,Getty Realty Corporation Common Stock,$28.45,-0.21,-0.733%,"1,761,985,287"
FORTY,Formula Systems (1985) Ltd. American Depositary Shares,$114.99,UNCH,--,"1,761,378,528"
TRNZ,Trinity Capital Inc. 7.875% Notes due 2029,$25.0225,-0.0225,-0.09%,"1,759,436,069"
DAO,"Youdao, Inc. American Depositary Shares, each representing one Class A Ordinary Share",$14.58,-0.12,-0.816%,"1,758,852,920"
MQ,"Marqeta, Inc. Class A Common Stock",$16.89,-0.07,-0.413%,"1,758,229,306"
WTFCN,"Wintrust Financial Corporation Depositary Shares, Each Representing a 1/1,000th Interest in a Share of 7.875% Fixed-Rate Reset Non-Cumulative Perpetual Preferred StocK",$26.0506,0.0706,0.272%,"1,757,528,920"
STC,Stewart Information Services Corporation Common Stock,$57.54,-1.65,-2.788%,"1,756,247,330"
AVEX,AEVEX Corp. Class A Common Stock,$15.39,-0.68,-4.231%,"1,755,101,763"
TRNI,Trinity Capital Inc. 7.875% Notes Due 2029,$24.95,-0.07,-0.28%,"1,754,338,292"
CCS,"Century Communities, Inc. Common Stock",$61.61,-1.05,-1.676%,"1,751,750,969"
DCOM,"Dime Commercial Bancshares, Inc. Common Stock",$39.59,-0.78,-1.932%,"1,748,159,596"
NEXT,NextDecade Corporation Common Stock,$6.56,UNCH,--,"1,746,176,440"
PSNL,"Personalis, Inc. Common Stock",$16.32,-0.14,-0.851%,"1,742,973,911"
ASTH,Astrana Health Inc. Common Stock,$35.13,-1.24,-3.409%,"1,742,601,378"
HOPE,"Hope Bancorp, Inc. Common Stock",$13.64,-0.19,-1.374%,"1,742,398,643"
FRNM,"Freenome, Inc. Common stock",$16.19,0.20,1.251%,"1,739,563,919"
STBA,"S&T Bancorp, Inc. Common Stock",$49.11,-0.71,-1.425%,"1,731,888,312"
IDT,IDT Corporation Class B Common Stock,$69.56,2.10,3.113%,"1,729,857,451"
SMA,"SmartStop Self Storage REIT, Inc. Common Stock",$31.20,-0.53,-1.67%,"1,727,509,774"
TSLX,"Sixth Street Specialty Lending, Inc. Common Stock",$18.11,-0.03,-0.165%,"1,726,664,247"
MNR,Mach Natural Resources LP Common Units representing Limited Partner Interests,$10.32,-0.08,-0.769%,"1,722,904,330"
HAPN,"Happen, Inc. Common Stock",$14.90,-0.13,-0.865%,"1,719,571,214"
ANIP,"ANI Pharmaceuticals, Inc.",$74.83,0.83,1.122%,"1,718,058,487"
GEL,"Genesis Energy, L.P. Common Units",$14.06,-0.11,-0.776%,"1,717,770,953"
FLOC,Flowco Holdings Inc. Class A Common Stock,$18.98,-0.16,-0.836%,"1,714,904,267"
TSAT,Telesat Corporation Class A Common Shares and Class B Variable Voting Shares ,$47.39,-0.82,-1.701%,"1,713,527,999"
SFL,SFL Corporation Ltd,$12.83,0.05,0.391%,"1,706,297,419"
AIN,Albany International Corporation Common Stock,$60.08,-0.90,-1.476%,"1,706,272,000"
VNET,"VNET Group, Inc. American Depositary Shares",$5.98,-0.66,-9.94%,"1,703,274,191"
TMC,TMC the metals company Inc. Common Stock,$3.86,-0.07,-1.781%,"1,702,782,961"
LOB,"Live Oak Bancshares, Inc. Common Stock",$36.77,-0.71,-1.894%,"1,701,848,707"
SAM,"Boston Beer Company, Inc. (The) Common Stock",$165.36,1.59,0.971%,"1,701,832,370"
JSM,"Navient Corporation 6% Senior Notes due December 15, 2043",$17.09,-0.21,-1.214%,"1,699,276,439"
XHR,"Xenia Hotels & Resorts, Inc. Common Stock",$18.42,0.25,1.376%,"1,699,168,281"
IE,Ivanhoe Electric Inc. Common Stock,$10.64,0.08,0.758%,"1,698,040,356"
PDO,PIMCO Dynamic Income Opportunities Fund Common Shares of Beneficial Interest,$11.67,-0.06,-0.512%,"1,694,803,408"
CTS,CTS Corporation Common Stock,$59.33,-0.27,-0.453%,"1,694,239,049"
ETON,"Eton Pharmaceuticals, Inc. Common Stock",$59.18,1.50,2.601%,"1,691,549,929"
RLJ,RLJ Lodging Trust Common Shares of Beneficial Interest $0.01 par value,$11.07,-0.13,-1.161%,"1,686,800,903"
STRA,"Strategic Education, Inc. Common Stock",$75.91,-0.92,-1.197%,"1,685,775,804"
OZKAP,Bank OZK 4.625% Series A Non-Cumulative Perpetual Preferred Stock,$14.89,-0.12,-0.799%,"1,684,597,005"
OCUL,"Ocular Therapeutix, Inc. Common Stock",$7.655,-1.995,-20.674%,"1,681,159,470"
CPRI,Capri Holdings Limited Ordinary Shares,$14.79,-0.31,-2.053%,"1,680,907,430"
BY,"Byline Bancorp, Inc. Common Stock",$37.18,-0.26,-0.694%,"1,680,031,096"
MIY,"Blackrock MuniYield Michigan Quality Fund, Inc. Common Stock",$11.28,-0.26,-2.253%,"1,678,040,673"
KMTS,"Kestra Medical Technologies, Ltd. Common Stock",$28.13,0.99,3.648%,"1,675,473,293"
BFC,Bank First Corporation Common Stock,$151.06,-1.07,-0.703%,"1,674,591,793"
AI,"C3.ai, Inc. Class A Common Stock",$10.41,-0.24,-2.254%,"1,673,718,301"
BDJ,Blackrock Enhanced Equity Dividend Trust,$9.44,-0.17,-1.769%,"1,670,775,764"
NYAX,Nayax Ltd. Ordinary Shares,$44.66,-0.37,-0.822%,"1,668,461,649"
FLNG,FLEX LNG Ltd. Ordinary Shares,$30.80,-0.08,-0.259%,"1,666,045,181"
LILA,Liberty Latin America Ltd. Class A Common Stock,$8.49,0.01,0.118%,"1,663,191,000"
CNOB,"ConnectOne Bancorp, Inc. Common Stock",$30.60,-0.46,-1.481%,"1,661,438,628"
AMPL,"Amplitude, Inc. Class A Common Stock",$13.30,UNCH,--,"1,661,383,678"
TCBK,TriCo Bancshares Common Stock,$51.89,-0.49,-0.935%,"1,658,748,431"
KRP,Kimbell Royalty Partners Common Units Representing Limited Partner Interests,$14.46,-0.11,-0.755%,"1,658,613,911"
MUJ,"Blackrock MuniHoldings New Jersey Quality Fund, Inc. Common Stock",$11.14,-0.15,-1.329%,"1,657,213,927"
TRIN,Trinity Capital Inc. Common Stock,$17.50,-0.16,-0.906%,"1,657,137,545"
NBTX,Nanobiotix S.A. American Depositary Shares,$32.60,-0.71,-2.131%,"1,656,337,638"
RZC,"Reinsurance Group of America, Incorporated 7.125% Fixed-Rate Reset Subordinated Debentures due 2052",$25.33,-0.10,-0.393%,"1,654,091,174"
DXC,DXC Technology Company Common Stock ,$10.35,-0.30,-2.817%,"1,653,709,431"
AMBQ,"Ambiq Micro, Inc. Common Stock",$68.30,-1.49,-2.135%,"1,651,803,809"
NAT,Nordic American Tankers Limited Common Stock,$7.79,0.07,0.907%,"1,649,537,665"
GENI,Genius Sports Limited Ordinary Shares,$6.15,-0.29,-4.503%,"1,645,905,786"
STOK,"Stoke Therapeutics, Inc. Common Stock",$25.50,0.70,2.823%,"1,645,419,171"
ALHC,"Alignment Healthcare, Inc. Common Stock",$7.93,-0.28,-3.41%,"1,644,960,732"
EVTC,"Evertec, Inc. Common Stock",$27.51,-0.67,-2.378%,"1,643,792,430"
LILAK,Liberty Latin America Ltd. Class C Common Stock,$8.39,-0.10,-1.178%,"1,643,601,000"
QCRH,"QCR Holdings, Inc. Common Stock",$99.98,-0.94,-0.931%,"1,637,233,888"
OBK,"Origin Bancorp, Inc. Common Stock",$53.01,-0.63,-1.174%,"1,635,341,431"
PAX,Patria Investments Limited Class A Common Shares,$10.06,-0.18,-1.758%,"1,632,604,413"
ETV,Eaton Vance Corporation Eaton Vance Tax-Managed Buy-Write Opportunities Fund Common Shares of Beneficial Interest,$14.92,-0.27,-1.777%,"1,630,283,767"
ABSI,Absci Corporation Common Stock,$9.49,-0.25,-2.567%,"1,628,616,955"
TSHA,"Taysha Gene Therapies, Inc. Common Stock",$4.99,0.32,6.852%,"1,625,909,390"
MGRT,Mega Fortune Company Limited Ordinary Shares,$118.00,-3.71,-3.048%,"1,622,500,000"
NEXA,Nexa Resources S.A. Common Shares,$12.23,-0.21,-1.688%,"1,619,728,970"
DEI,"Douglas Emmett, Inc. Common Stock",$9.67,-0.15,-1.527%,"1,619,582,532"
CBL,"CBL & Associates Properties, Inc. Common Stock",$52.33,0.42,0.809%,"1,619,234,474"
DSGR,"Distribution Solutions Group, Inc. Common Stock",$35.00,0.04,0.114%,"1,618,939,770"
PRGS,Progress Software Corporation Common Stock (DE),$39.41,0.07,0.178%,"1,616,320,044"
IMKTA,"Ingles Markets, Incorporated Class A Common Stock",$85.09,1.32,1.576%,"1,616,231,454"
OCFC,OceanFirst Financial Corp. Common Stock,$16.72,-0.38,-2.222%,"1,615,908,062"
GIC,Global Industrial Company Common Stock,$42.32,0.82,1.976%,"1,612,744,991"
GHRS,GH Research PLC Ordinary Shares,$23.42,-0.42,-1.762%,"1,605,609,015"
RAPP,"Rapport Therapeutics, Inc. Common Stock",$33.44,-0.47,-1.386%,"1,604,393,884"
GLP,Global Partners LP Common Units representing Limited Partner Interests,$47.17,-0.37,-0.778%,"1,603,570,707"
ATEX,Anterix Inc. Common Stock,$81.75,0.33,0.405%,"1,603,100,006"
NTLA,"Intellia Therapeutics, Inc. Common Stock",$11.42,-0.33,-2.809%,"1,600,246,834"
BPOPM,"Popular, Inc. Popular Capital Trust II - 6.125% Cumulative Monthly Income Trust Preferred Securities",$25.09,UNCH,--,"1,600,202,590"
SNDX,"Syndax Pharmaceuticals, Inc. Common Stock",$17.86,-0.34,-1.868%,"1,594,845,956"
ADAMZ,"Adamas Trust, Inc. 7.000% Series G Cumulative Redeemable Preferred Stock, $0.01 par value per share",$17.72,-0.10,-0.561%,"1,592,669,808"
JBLU,JetBlue Airways Corporation Common Stock,$4.22,-0.18,-4.091%,"1,592,257,404"
WB,Weibo Corporation American Depositary Share,$6.47,-0.02,-0.308%,"1,589,501,541"
ELE,Elemental Royalty Corporation Common Stock,$19.69,-1.05,-5.063%,"1,585,419,622"
SBH,"Sally Beauty Holdings, Inc. (Name to be changed from Sally Holdings, Inc.) Common Stock",$16.92,-0.26,-1.513%,"1,584,089,181"
FRMEP,First Merchants Corporation Depository Shares,$25.20,UNCH,--,"1,582,595,860"
IMCR,Immunocore Holdings plc American Depositary Shares,$30.64,-0.08,-0.26%,"1,577,917,625"
GSHD,"Goosehead Insurance, Inc. Class A Common Stock",$44.39,-0.84,-1.857%,"1,576,551,023"
EFC,Ellington Financial Inc. Common Stock ,$12.20,-0.16,-1.294%,"1,572,426,109"
GSL,Global Ship Lease Inc New Class A Common Shares,$43.73,-0.60,-1.353%,"1,570,704,810"
WWW,"Wolverine World Wide, Inc. Common Stock",$19.13,0.06,0.315%,"1,569,929,065"
PFBC,Preferred Bank Common Stock,$109.02,-0.46,-0.42%,"1,565,168,524"
OPRA,Opera Limited American Depositary Shares,$17.40,-0.25,-1.416%,"1,563,920,926"
WLTH,Wealthfront Corporation Common Stock,$10.00,-0.18,-1.768%,"1,561,764,400"
GAB,"Gabelli Equity Trust, Inc. (The) Common Stock",$5.30,-0.02,-0.376%,"1,557,231,229"
FRA,Blackrock Floating Rate Income Strategies Fund Inc  Common Stock,$10.44,-0.06,-0.571%,"1,553,080,197"
CNXC,Concentrix Corporation Common Stock,$25.45,-1.63,-6.019%,"1,552,917,008"
ATEC,"Alphatec Holdings, Inc. Common Stock",$10.05,-0.07,-0.692%,"1,552,233,314"
XNET,Xunlei Limited American Depositary Shares,$4.87,-0.14,-2.794%,"1,549,969,645"
OXSQG,Oxford Square Capital Corp. 5.50% Notes due 2028,$24.30,-0.05,-0.205%,"1,549,315,998"
COAG,"Hemab Therapeutics Holdings, Inc. Common Stock",$33.12,-1.62,-4.663%,"1,547,105,315"
OXLC,Oxford Lane Capital Corp. Common Stock,$8.91,-0.03,-0.336%,"1,546,776,000"
HE,"Hawaiian Electric Industries, Inc. Common Stock",$8.95,-0.15,-1.648%,"1,545,915,636"
OMCL,"Omnicell, Inc. Common Stock ($0.001 par value)",$33.87,0.21,0.624%,"1,544,976,121"
BL,"BlackLine, Inc. Common Stock",$26.56,-1.43,-5.109%,"1,543,807,171"
UZD,"Array Digital Infrastructure, Inc. 6.250% Senior Notes due 2069",$17.9299,-0.0701,-0.389%,"1,541,971,400"
AFGC,"American Financial Group, Inc. 5.125% Subordinated Debentures due 2059",$18.55,-0.30,-1.592%,"1,538,193,194"
AESI,Atlas Energy Solutions Inc. Common Stock,$12.30,-0.17,-1.363%,"1,537,542,447"
LCID,"Lucid Group, Inc. Common Stock",$3.90,-0.17,-4.177%,"1,536,873,686"
KOS,Kosmos Energy Ltd. Common Shares (DE),$2.58,-0.07,-2.642%,"1,536,358,140"
TGLS,Tecnoglass Holdings Inc. Common Stock,$34.63,-0.81,-2.286%,"1,536,346,652"
GAM,"General American Investors, Inc. Common Stock",$63.98,-0.54,-0.837%,"1,533,959,528"
INVA,"Innoviva, Inc. Common Stock",$21.23,0.49,2.363%,"1,533,771,647"
MHD,"Blackrock MuniHoldings Fund, Inc. Common Stock",$10.27,-0.26,-2.469%,"1,527,790,577"
PBT,Permian Basin Royalty Trust Common Stock,$32.77,-0.76,-2.267%,"1,527,370,245"
ENR,"Energizer Holdings, Inc. Common Stock",$22.29,0.29,1.318%,"1,526,500,269"
ECCC,Eagle Point Credit Company 6.50% Series C Term Preferred Stock due 2031,$25.15,0.15,0.60%,"1,525,662,479"
IIPR,"Innovative Industrial Properties, Inc. Common Stock",$55.21,-0.31,-0.558%,"1,522,214,178"
USAS,"Americas Gold and Silver Corporation Common Shares, no par value",$4.50,-0.33,-6.832%,"1,521,709,263"
SAFT,"Safety Insurance Group, Inc. Common Stock",$103.57,0.06,0.058%,"1,520,457,521"
HAWK,"HawkEye 360, Inc. Common Stock",$15.51,-0.59,-3.665%,"1,519,445,712"
ECAT,BlackRock ESG Capital Allocation Term Trust Common Shares of Beneficial Interest,$14.01,-0.06,-0.426%,"1,514,971,350"
NOMD,Nomad Foods Limited Ordinary Shares,$10.66,0.03,0.282%,"1,514,637,741"
HUN,Huntsman Corporation Common Stock,$8.63,-0.27,-3.034%,"1,513,517,456"
RVLV,"Revolve Group, Inc. Class A Common Stock",$21.24,0.04,0.189%,"1,509,854,321"
UROY,Uranium Royalty Corp. Common Stock,$4.00,-0.14,-3.382%,"1,508,842,492"
ARCO,Arcos Dorados Holdings Inc. Class A Shares,$7.14,-0.10,-1.381%,"1,504,134,227"
ANAB,"AnaptysBio, Inc. Common Stock",$50.80,-0.20,-0.392%,"1,504,110,835"
CASH,"Pathward Financial, Inc. Common Stock",$72.29,-1.51,-2.046%,"1,501,706,339"
AZTA,"Azenta, Inc.",$34.25,0.23,0.676%,"1,500,437,460"
INBX,"Inhibrx Biosciences, Inc. Common Stock",$101.71,2.10,2.108%,"1,496,933,199"
KMPR,Kemper Corporation,$25.33,0.01,0.039%,"1,492,523,491"
MAZE,"Maze Therapeutics, Inc. Common Stock",$26.85,0.80,3.071%,"1,491,495,161"
MQY,"Blackrock MuniYield Quality Fund, Inc. Common Stock",$10.01,-0.15,-1.476%,"1,489,112,335"
ICFI,"ICF International, Inc. Common Stock",$83.00,-0.56,-0.67%,"1,488,512,372"
WBTN,WEBTOON Entertainment Inc. Common stock,$10.95,-0.09,-0.815%,"1,486,036,217"
RQI,Cohen & Steers Quality Income Realty Fund Inc Common Shares,$11.00,-0.17,-1.522%,"1,477,304,488"
ARDT,"Ardent Health, Inc. Common Stock",$10.47,-0.07,-0.664%,"1,476,750,646"
TYRA,"Tyra Biosciences, Inc. Common Stock",$21.45,-0.31,-1.425%,"1,474,814,892"
SID,Companhia Siderurgica Nacional S.A. Common Stock,$1.11,0.01,0.909%,"1,471,964,281"
DJTWW,Trump Media & Technology Group Corp. Warrants,$5.28,0.21,4.142%,"1,467,529,927"
BCAT,BlackRock Capital Allocation Term Trust Common Shares of Beneficial Interest,$13.56,-0.14,-1.022%,"1,466,310,600"
LKFN,Lakeland Financial Corporation Common Stock,$58.76,-0.75,-1.26%,"1,460,646,678"
CRSR,"Corsair Gaming, Inc. Common Stock",$13.50,-0.16,-1.171%,"1,460,388,947"
WOLF,"Wolfspeed, Inc. Common Stock New",$27.58,0.01,0.036%,"1,459,825,093"
GLOB,Globant S.A. Common Shares,$33.79,-0.71,-2.058%,"1,459,037,197"
KMPB,Kemper Corporation 5.875% Fixed-Rate Reset Junior Subordinated Debentures due 2062,$24.73,-0.05,-0.202%,"1,457,169,598"
NUTX,Nutex Health Inc. Common Stock,$212.735,-7.375,-3.351%,"1,456,803,536"
NRP,Natural Resource Partners LP Limited Partnership,$109.71,0.93,0.855%,"1,453,702,701"
AGRO,Adecoagro S.A. Common Shares,$10.07,-0.36,-3.452%,"1,453,186,253"
SCL,Stepan Company Common Stock,$63.92,-0.61,-0.945%,"1,453,063,957"
PRKS,United Parks & Resorts Inc. Common Stock,$32.04,-1.21,-3.639%,"1,452,735,540"
JJSF,J & J Snack Foods Corp. Common Stock,$77.75,0.24,0.31%,"1,452,495,022"
XNDU,Xanadu Quantum Technologies Limited Class B Subordinate Voting Shares,$4.77,-0.21,-4.217%,"1,451,148,594"
PAHC,Phibro Animal Health Corporation Class A Common Stock,$35.70,1.25,3.628%,"1,449,477,227"
ESQ,"Esquire Financial Holdings, Inc. Common Stock",$119.69,-2.59,-2.118%,"1,448,797,539"
TFIN,"Triumph Financial, Inc. Common Stock",$60.63,-0.82,-1.334%,"1,448,725,778"
DMC,Del Monte Corporation Ordinary Shares,$30.66,-0.05,-0.163%,"1,445,503,044"
GT,The Goodyear Tire & Rubber Company Common Stock,$5.02,-0.105,-2.049%,"1,445,251,660"
ECCV,Eagle Point Credit Company 5.375% Notes due 2029,$23.82,-0.24,-0.998%,"1,444,981,322"
AVBP,"ArriVent BioPharma, Inc. Common Stock",$29.30,0.85,2.988%,"1,444,716,460"
TV,Grupo Televisa S.A.B. Common Stock,$2.34,-0.03,-1.266%,"1,444,162,824"
SVV,"Savers Value Village, Inc. Common Stock",$9.35,0.01,0.107%,"1,442,294,862"
KLRA,"Kailera Therapeutics, Inc. Common Stock",$11.12,-0.095,-0.847%,"1,441,637,677"
MUC,"Blackrock MuniHoldings California Quality Fund, Inc.  Common Stock",$9.67,-0.15,-1.527%,"1,438,533,095"
ALKT,"Alkami Technology, Inc. Common Stock",$13.39,-0.41,-2.971%,"1,431,953,112"
IAUX,i-80 Gold Corp. Common Shares,$1.65,-0.09,-5.172%,"1,428,737,777"
CSWC,Capital Southwest Corporation Common Stock,$22.99,-0.14,-0.605%,"1,428,615,291"
PNTG,"The Pennant Group, Inc. Common Stock ",$40.90,0.13,0.319%,"1,428,599,127"
HCSG,"Healthcare Services Group, Inc. Common Stock",$20.78,-0.27,-1.283%,"1,426,177,158"
MYI,"Blackrock MuniYield Quality Fund III, Inc Common Stock",$9.58,-0.20,-2.045%,"1,425,144,472"
PWP,Perella Weinberg Partners Class A Common Stock,$14.64,0.17,1.175%,"1,424,637,813"
LYNX,Lyntris Inc. Common Stock,$12.27,-0.59,-4.588%,"1,422,698,942"
PSQL,Pasqal Holding SA Ordinary Share,$6.70,-0.29,-4.149%,"1,422,367,730"
BKT,BlackRock Income Trust Inc. (The),$9.55,UNCH,--,"1,420,681,598"
RARE,Ultragenyx Pharmaceutical Inc. Common Stock,$14.41,-0.09,-0.621%,"1,420,665,660"
AMSC,American Superconductor Corporation Common Stock,$29.29,-0.72,-2.399%,"1,418,870,368"
PGY,Pagaya Technologies Ltd. Class A Ordinary Shares,$17.00,-0.62,-3.519%,"1,418,239,331"
MBC,"MasterBrand, Inc. Common Stock",$6.96,-0.27,-3.734%,"1,416,293,810"
NVGS,Navigator Holdings Ltd. Ordinary Shares (Marshall Islands),$22.92,-0.10,-0.434%,"1,414,163,335"
TRS,TriMas Corporation Common Stock,$39.41,0.26,0.664%,"1,413,789,335"
AMAL,Amalgamated Financial Corp. Common Stock (DE),$47.28,-0.30,-0.631%,"1,413,678,950"
REX,REX American Resources Corporation,$42.61,-0.23,-0.537%,"1,413,614,020"
EVCM,EverCommerce Inc. Common Stock,$7.97,-0.11,-1.361%,"1,408,022,011"
NMAX,"Newsmax, Inc. Class B Common Stock",$10.90,0.03,0.276%,"1,407,851,031"
ADIG,ADI Global Distribution Inc. Common Stock,$18.53,-1.02,-5.217%,"1,406,856,859"
OMER,Omeros Corporation Common Stock,$19.43,-0.65,-3.237%,"1,406,504,980"
PEBO,Peoples Bancorp Inc. Common Stock,$39.11,-0.11,-0.28%,"1,405,703,940"
TMP,Tompkins Financial Corporation Common Stock,$97.71,-1.86,-1.868%,"1,405,353,648"
VISN,"Vistance Networks, Inc. Common Stock",$6.09,-0.13,-2.09%,"1,404,514,849"
KRSA,"Korsana Biosciences, Inc. Common Stock",$30.83,-0.17,-0.548%,"1,404,042,133"
AMPX,"Amprius Technologies, Inc. Common Stock",$9.60,-0.15,-1.538%,"1,402,373,933"
ULCC,"Frontier Group Holdings, Inc. Common Stock",$6.08,-0.11,-1.777%,"1,399,711,888"
TEN,Tsakos Energy Navigation Ltd Common Shares,$46.31,0.08,0.173%,"1,395,209,295"
BHRB,Burke & Herbert Financial Services Corp. Common Stock,$69.06,-0.78,-1.117%,"1,394,116,499"
MLKN,"MillerKnoll, Inc. Common Stock",$20.28,0.22,1.097%,"1,393,906,518"
CERT,"Certara, Inc. Common Stock",$9.13,0.02,0.22%,"1,392,679,061"
CNMD,CONMED Corporation Common Stock,$46.48,1.10,2.424%,"1,392,134,007"
AFGE,"American Financial Group, Inc. 4.500% Subordinated Debentures due 2060",$16.78,-0.17,-1.003%,"1,391,422,199"
DRTS,Alpha Tau Medical Ltd. Ordinary Shares,$15.04,0.50,3.439%,"1,390,871,436"
SLVM,Sylvamo Corporation Common Stock,$34.98,-0.98,-2.725%,"1,390,813,300"
DMLP,"Dorchester Minerals, L.P. Common Units Representing Limited Partnership Interests",$28.33,-0.71,-2.445%,"1,390,759,589"
AAPG,Ascentage Pharma Group International American Depository Shares,$14.89,0.034,0.229%,"1,389,691,860"
UZF,"Array Digital Infrastructure, Inc. 5.500% Senior Notes due 2070",$16.1301,-0.1399,-0.86%,"1,387,188,600"
MUA,"Blackrock MuniAssets Fund, Inc Common Stock",$9.32,-0.23,-2.408%,"1,386,466,230"
GFR,Greenfire Resources Ltd. Common Shares,$5.76,-0.11,-1.874%,"1,384,782,866"
FLNC,"Fluence Energy, Inc. Class A Common Stock",$7.50,-0.35,-4.459%,"1,384,472,768"
HLMN,Hillman Solutions Corp. Common Stock,$7.11,0.06,0.851%,"1,383,214,943"
KARD,"Kardigan, Inc. Common Stock",$14.78,-0.01,-0.068%,"1,381,984,671"
ORIC,"Oric Pharmaceuticals, Inc. Common Stock",$13.27,0.11,0.836%,"1,375,470,745"
UZE,"Array Digital Infrastructure, Inc. 5.500% Senior Notes due 2070",$15.96,-0.22,-1.36%,"1,372,560,000"
WABC,Westamerica Bancorporation Common Stock,$59.38,-1.29,-2.126%,"1,372,340,265"
UFCS,"United Fire Group, Inc. Common Stock",$53.34,0.01,0.019%,"1,371,128,116"
CNOBP,"ConnectOne Bancorp, Inc. Depositary Shares, each representing a 1/40th interest in a share of 5.25% Fixed-Rate Reset Non-Cumulative Perpetual Preferred Stock, Series A",$25.21,-0.08,-0.316%,"1,368,786,530"
CTBI,"Community Trust Bancorp, Inc. Common Stock",$75.22,-0.34,-0.45%,"1,366,593,500"
ARHS,"Arhaus, Inc. Class A Common Stock",$9.63,-0.08,-0.824%,"1,365,069,189"
NAMSW,NewAmsterdam Pharma Company N.V. Warrant,$11.40,UNCH,--,"1,362,723,727"
NCV,Virtus Convertible & Income Fund Common Shares of Beneficial Interest,$15.07,-0.29,-1.888%,"1,361,929,685"
XZO,"Exzeo Group, Inc. Common Stock",$15.09,-0.12,-0.789%,"1,359,396,503"
APPS,"Digital Turbine, Inc. Common Stock",$11.22,0.11,0.99%,"1,357,802,325"
LQDT,"Liquidity Services, Inc. Common Stock",$43.33,-0.28,-0.642%,"1,357,599,008"
VZLA,Vizsla Silver Corp. Common Shares,$3.82,-0.13,-3.291%,"1,356,317,251"
ARLO,"Arlo Technologies, Inc. Common Stock",$12.60,-0.24,-1.869%,"1,355,927,630"
PRSU,"Pursuit Attractions and Hospitality, Inc. Common Stock",$49.65,0.37,0.751%,"1,353,665,296"
EFOR,"Everforth, Inc. Common Stock",$32.83,-0.29,-0.876%,"1,346,030,000"
FOR,Forestar Group Inc Common Stock ,$26.29,-0.20,-0.755%,"1,341,253,414"
FOIL,"Londian Wason New Energy Tech Inc. American Depositary Shares, each representing five Ordinary Shares",$17.14,-0.98,-5.408%,"1,339,635,610"
AGL,"agilon health, inc. Common Stock",$79.53,-1.20,-1.486%,"1,335,404,931"
NBR,Nabors Industries Ltd.,$79.42,-1.91,-2.348%,"1,329,839,295"
AAT,"American Assets Trust, Inc. Common Stock",$21.63,0.05,0.232%,"1,328,173,127"
UMH,"UMH Properties, Inc. Common Stock",$15.55,0.15,0.974%,"1,327,746,080"
AMN,AMN Healthcare Services Inc,$34.26,-0.30,-0.868%,"1,326,889,492"
CRCT,"Cricut, Inc. Class A Common Stock",$6.33,0.19,3.094%,"1,325,783,153"
ATLC,Atlanticus Holdings Corporation Common Stock,$87.10,-5.40,-5.838%,"1,321,310,310"
HLF,Herbalife Ltd. Common Shares,$12.60,0.05,0.398%,"1,320,522,588"
ADNT,Adient plc Ordinary Shares ,$17.10,-0.53,-3.006%,"1,318,357,537"
LUXE,"LuxExperience B.V. American Depositary Shares, each representing one Ordinary Share",$9.42,0.04,0.426%,"1,315,972,408"
CDNL,Cardinal Infrastructure Group Inc. Class A Common Stock,$27.72,-0.30,-1.071%,"1,315,953,195"
FMBH,"First Mid Bancshares, Inc. Common Stock",$49.39,-0.33,-0.664%,"1,313,868,434"
CCEC,Capital Clean Energy Carriers Corp. Common Share,$21.75,UNCH,--,"1,311,302,672"
TRAX,"First Tracks Biotherapeutics, Inc. Ordinary Shares ",$36.645,2.225,6.464%,"1,309,356,742"
UAN,"CVR Partners, LP Common Units representing Limited Partner Interests",$123.58,0.88,0.717%,"1,306,195,740"
TWFG,"TWFG, Inc. Class A Common Stock",$24.16,0.01,0.041%,"1,305,891,343"
HBT,"HBT Financial, Inc. Common Stock",$35.90,-0.35,-0.966%,"1,305,525,471"
EPC,Edgewell Personal Care Company Common Stock,$28.29,0.47,1.689%,"1,303,855,405"
GBX,"Greenbrier Companies, Inc. (The) Common Stock",$42.09,-0.45,-1.058%,"1,302,251,384"
ODC,Oil-Dri Corporation Of America Common Stock,$89.68,1.08,1.219%,"1,299,313,883"
LSPD,Lightspeed Commerce Inc. Subordinate Voting Shares,$9.69,-0.18,-1.824%,"1,291,817,185"
VSECU,VSE Corporation Tangible Equity Units,$46.01,-1.48,-3.116%,"1,291,269,362"
BRUN,Boost Run Inc. Class A Common Stock,$16.24,-0.53,-3.16%,"1,290,876,042"
FCEL,"FuelCell Energy, Inc. Common Stock",$16.14,-0.35,-2.122%,"1,290,460,723"
USPH,"U.S. Physical Therapy, Inc. Common Stock",$86.09,1.25,1.473%,"1,284,695,071"
OPY,"Oppenheimer Holdings, Inc. Class A Common Stock (DE)",$119.80,0.02,0.017%,"1,282,818,999"
POET,POET Technologies Inc. Common Shares,$7.41,-0.36,-4.633%,"1,282,360,432"
DMRA,"Damora Therapeutics, Inc. Ordinary Shares",$20.75,0.09,0.436%,"1,281,012,019"
BJRI,"BJ's Restaurants, Inc. Common Stock",$60.02,-0.11,-0.183%,"1,276,851,375"
BBAI,"BigBear.ai, Inc. Common Stock",$2.66,-0.14,-5.00%,"1,275,455,351"
EYE,"National Vision Holdings, Inc. Common Stock",$16.12,-0.41,-2.48%,"1,274,597,326"
ASIC,Ategrity Specialty Insurance Company Holdings Common Stock,$26.57,-0.58,-2.136%,"1,273,418,477"
PRG,"PROG Holdings, Inc. Common Stock",$31.94,-0.74,-2.264%,"1,272,222,358"
ALX,"Alexander's, Inc. Common Stock",$249.08,1.96,0.793%,"1,272,123,793"
IMTX,Immatics N.V. Ordinary Shares,$8.50,0.13,1.553%,"1,271,869,246"
WD,"Walker & Dunlop, Inc Common Stock",$37.04,-0.94,-2.475%,"1,271,425,595"
RES,"RPC, Inc. Common Stock",$5.73,-0.11,-1.884%,"1,270,094,679"
SENEB,Seneca Foods Corp. Class B Common Stock,$187.42,UNCH,--,"1,268,780,360"
AZUL,"Azul S.A. American Depositary Shares, each representing two (2) Common Shares",$6.87,0.38,5.855%,"1,265,996,469"
IART,Integra LifeSciences Holdings Corporation Common Stock,$16.27,0.15,0.931%,"1,265,358,673"
OSBC,"Old Second Bancorp, Inc. Common Stock",$24.85,-0.10,-0.401%,"1,264,261,543"
RDVT,"Red Violet, Inc. Common Stock ",$78.61,0.06,0.076%,"1,261,452,705"
RYZ,Ryerson Holding Corporation Common Stock,$24.29,0.44,1.845%,"1,260,618,281"
CRON,Cronos Group Inc. Common Share,$3.41,0.07,2.096%,"1,256,287,866"
AVLN,Avalyn Pharma Inc. Common Stock,$28.32,0.24,0.855%,"1,255,513,250"
YSS,York Space Systems Inc. Common Stock,$9.14,-0.43,-4.493%,"1,255,448,510"
NSSC,"NAPCO Security Technologies, Inc. Common Stock",$35.06,-0.60,-1.683%,"1,254,041,401"
VTOL,"Bristow Group, Inc. Common Stock",$42.16,-0.46,-1.079%,"1,249,706,720"
GOLD,"Gold.com, Inc. Common Stock",$42.85,-1.10,-2.503%,"1,249,281,295"
SHLS,"Shoals Technologies Group, Inc. Class A Common Stock",$7.42,-0.05,-0.669%,"1,248,785,629"
RDWR,Radware Ltd. Ordinary Shares,$29.46,-0.10,-0.338%,"1,246,363,336"
BCAX,Bicara Therapeutics Inc. Common Stock,$18.80,-0.41,-2.134%,"1,244,051,159"
QMCO,Quantum Corporation Common Stock,$31.40,-0.28,-0.884%,"1,237,474,031"
SENEA,Seneca Foods Corp. Class A Common Stock,$182.53,-0.13,-0.071%,"1,235,676,444"
BORR,Borr Drilling Limited Common Shares,$4.01,-0.19,-4.524%,"1,233,881,311"
COUR,"Coursera, Inc. Common Stock",$4.64,-0.41,-8.119%,"1,226,816,000"
YSWY,"Yesway, Inc. Class A Common Stock",$19.41,0.09,0.466%,"1,226,610,020"
DOLE,Dole plc Ordinary Shares,$12.98,UNCH,--,"1,226,075,315"
LBRX,LB Pharmaceuticals Inc Common Stock,$37.89,0.56,1.50%,"1,222,300,141"
WEN,Wendy's Company (The) Common Stock,$6.39,-0.16,-2.443%,"1,218,380,853"
CYD,China Yuchai International Limited Common Stock,$32.44,-0.59,-1.786%,"1,217,094,366"
OPK,"OPKO Health, Inc. Common Stock",$1.63,-0.01,-0.61%,"1,216,515,007"
DCH,Dauch Corporation Common Stock,$5.11,-0.35,-6.41%,"1,214,159,516"
TK,Teekay Corporation Ltd. Common Stock,$13.98,0.28,2.044%,"1,213,163,877"
INNV,InnovAge Holding Corp. Common Stock,$8.89,-0.11,-1.222%,"1,213,053,168"
TPB,"Turning Point Brands, Inc. Common Stock",$60.38,-1.69,-2.723%,"1,210,553,910"
ROCK,"Gibraltar Industries, Inc. Common Stock",$40.55,-0.01,-0.025%,"1,203,681,699"
CCO,"Clear Channel Outdoor Holdings, Inc. Common Stock",$2.36,UNCH,--,"1,201,461,474"
CBRL,"Cracker Barrel Old Country Store, Inc Common Stock",$53.73,1.92,3.706%,"1,200,996,064"
BULLW,Webull Corporation Warrants,$2.22,-0.03,-1.333%,"1,199,876,445"
FLO,"Flowers Foods, Inc. Common Stock",$5.65,-0.09,-1.568%,"1,198,124,412"
UMAC,"Unusual Machines, Inc. Common Stock",$23.96,-0.09,-0.374%,"1,196,957,860"
LZB,La-Z-Boy Incorporated Common Stock,$29.83,-0.05,-0.167%,"1,194,774,159"
OMDA,"Omada Health, Inc. Common Stock",$19.39,-0.27,-1.373%,"1,186,991,871"
HROW,"Harrow, Inc. Common Stock",$31.60,-1.47,-4.445%,"1,184,616,060"
XPEL,"XPEL, Inc. Common Stock",$42.96,-0.52,-1.196%,"1,184,439,334"
MYE,"Myers Industries, Inc. Common Stock",$31.48,0.12,0.383%,"1,184,216,844"
REPL,"Replimune Group, Inc. Common Stock",$12.56,0.20,1.618%,"1,183,398,603"
FUN,Six Flags Entertainment Corporation Common Stock New,$11.54,-0.78,-6.331%,"1,180,730,240"
WAFDP,"WaFd, Inc. Depositary Shares",$15.95,-0.14,-0.87%,"1,180,224,046"
NEWP,New Pacific Metals Corp. Common Shares,$6.37,-0.25,-3.776%,"1,179,768,743"
BVS,Bioventus Inc. Class A Common Stock,$14.02,0.21,1.521%,"1,178,968,158"
IMPPP,Imperial Petroleum Inc. 8.75% Series A Cumulative Redeemable Perpetual Preferred Shares,$26.05,0.25,0.969%,"1,177,815,791"
UVE,UNIVERSAL INSURANCE HOLDINGS INC Common Stock,$42.30,0.16,0.38%,"1,177,224,017"
WLDN,"Willdan Group, Inc. Common Stock",$77.21,-1.69,-2.142%,"1,176,069,746"
NHP,"National Healthcare Properties, Inc. Class A Common Stock",$16.12,0.09,0.561%,"1,175,226,601"
DFIN,"Donnelley Financial Solutions, Inc. Common Stock ",$47.68,-1.24,-2.535%,"1,172,231,061"
SCCD,Sachem Capital Corp. 6.00% Notes due 2026,$24.76,-0.126,-0.506%,"1,172,195,051"
SCCF,Sachem Capital Corp. 7.125% Notes due 2027,$24.68,0.06,0.244%,"1,168,407,668"
TBN,Tamboran Resources Corporation Common stock,$33.35,-1.76,-5.013%,"1,165,916,200"
SCCG,Sachem Capital Corp. 8.00% Notes due 2027,$24.6135,-0.1365,-0.552%,"1,165,259,406"
AMPH,"Amphastar Pharmaceuticals, Inc. Common Stock",$27.39,1.26,4.822%,"1,165,114,286"
MBINM,"Merchants Bancorp Depositary Shares, Each Representing a 1/40th Interest in a Share of 8.25% Fixed-Rate Reset Series D Non-Cumulative Perpetual Preferred Stock",$25.35,0.05,0.198%,"1,164,530,201"
SCSC,"ScanSource, Inc. Common Stock",$57.78,-0.52,-0.892%,"1,163,851,677"
GIII,"G-III Apparel Group, LTD. Common Stock",$27.13,0.01,0.037%,"1,163,239,662"
TNC,Tennant Company Common Stock,$68.21,0.47,0.694%,"1,162,932,958"
SLSR,Solaris Resources Inc. Common Shares,$6.96,-0.19,-2.657%,"1,162,565,883"
SCCE,Sachem Capital Corp. 6.00% Notes due 2027,$24.55,UNCH,--,"1,162,253,170"
LTGO,"Latigo Biotherapeutics, Inc. Common Stock",$17.48,0.33,1.924%,"1,158,912,586"
LNN,Lindsay Corporation Common Stock,$113.90,-0.35,-0.306%,"1,158,236,002"
HZO,"MarineMax, Inc.  (FL) Common Stock",$52.37,-0.07,-0.133%,"1,156,682,888"
CXM,"Sprinklr, Inc. Class A Common Stock",$4.98,-0.09,-1.775%,"1,156,213,273"
IRS,IRSA Inversiones Y Representaciones S.A. Global Depositary Shares (Each representing ten shares of Common Stock),$14.24,-0.51,-3.458%,"1,154,575,099"
HLIT,Harmonic Inc. Common Stock,$10.58,-0.43,-3.906%,"1,153,922,988"
FMC,FMC Corporation Common Stock,$9.21,-0.37,-3.862%,"1,153,339,187"
HFWA,Heritage Financial Corporation Common Stock,$28.16,-0.41,-1.435%,"1,152,182,113"
AVO,"Mission Produce, Inc. Common Stock",$13.10,-0.04,-0.304%,"1,148,587,092"
AMTB,Amerant Bancorp Inc. Class A Common Stock,$29.30,-0.27,-0.913%,"1,148,262,839"
UVSP,Univest Financial Corporation Common Stock,$41.60,-0.56,-1.328%,"1,147,359,949"
TNDM,"Tandem Diabetes Care, Inc. Common Stock",$16.42,0.70,4.453%,"1,142,482,369"
PUMP,ProPetro Holding Corp. Common Stock,$9.30,-0.29,-3.024%,"1,142,262,428"
LADR,Ladder Capital Corp Class A Common Stock,$8.99,-0.09,-0.991%,"1,140,519,074"
LGIH,"LGI Homes, Inc. Common Stock",$49.02,-0.97,-1.94%,"1,139,630,293"
PD,"PagerDuty, Inc. Common Stock",$14.48,0.10,0.695%,"1,138,850,161"
PDM,"Piedmont Realty Trust, Inc. Class A Common Stock",$9.10,-0.07,-0.763%,"1,138,708,708"
CRI,"Carter's, Inc. Common Stock",$31.00,-0.31,-0.99%,"1,138,046,735"
CNL,Collective Mining Ltd. Common Shares,$12.27,-0.67,-5.178%,"1,137,953,015"
PSEC,Prospect Capital Corporation Common Stock,$2.13,-0.025,-1.16%,"1,137,029,888"
AIP,"Arteris, Inc. Common Stock",$23.12,-0.77,-3.223%,"1,136,396,598"
CLBK,"Columbia Financial, Inc. Common Stock",$10.90,-0.43,-3.795%,"1,134,117,412"
ORC,"Orchid Island Capital, Inc. Common Stock",$5.68,-0.03,-0.525%,"1,133,747,528"
AIIR,Air Global PLC Ordinary Shares,$7.06,-0.56,-7.349%,"1,132,329,410"
BRAI,Braiin Limited Common Stock,$5.49,0.02,0.366%,"1,131,424,372"
GNK,Genco Shipping & Trading Limited Ordinary Shares New (Marshall Islands),$25.93,-0.16,-0.613%,"1,130,200,668"
GDRX,"GoodRx Holdings, Inc. Class A Common Stock",$3.31,-0.04,-1.194%,"1,129,191,234"
AFYA,Afya Limited Class A Common Shares,$12.04,-0.96,-7.385%,"1,128,422,885"
CRML,Critical Metals Corp. Ordinary Shares,$7.65,-0.18,-2.299%,"1,124,502,210"
AORT,"Artivion, Inc. Common Stock",$22.95,0.32,1.414%,"1,118,955,272"
EOSE,"Eos Energy Enterprises, Inc. Class A Common Stock",$3.07,-0.095,-3.002%,"1,117,994,974"
CDRE,"Cadre Holdings, Inc. Common Stock",$26.06,-0.33,-1.25%,"1,115,908,328"
LFMDP,"LifeMD, Inc. 8.875% Series A Cumulative Perpetual Preferred Stock",$23.149,UNCH,--,"1,115,801,176"
BOW,Bowhead Specialty Holdings Inc. Common Stock,$33.80,0.04,0.118%,"1,113,473,569"
MUX,McEwen Inc. Common Stock,$18.12,-0.90,-4.732%,"1,111,817,216"
JCAP,"Jefferson Capital, Inc. Common Stock",$19.32,-0.14,-0.719%,"1,109,461,356"
IRMD,iRadimed Corporation Common Stock,$86.66,0.90,1.049%,"1,108,120,640"
WLFC,Willis Lease Finance Corporation Common Stock,$52.30,-2.03,-3.736%,"1,105,837,005"
HBNB,Hotel101 Global Holdings Corp. Class A Ordinary Shares,$4.70,-0.0201,-0.426%,"1,099,952,214"
GO,Grocery Outlet Holding Corp. Common Stock,$11.10,0.03,0.271%,"1,099,837,861"
ECVT,Ecovyst Inc. Common Stock,$10.04,-0.10,-0.986%,"1,099,062,716"
MCB,Metropolitan Bank Holding Corp. Common Stock,$88.64,-0.96,-1.071%,"1,098,939,042"
SPH,"Suburban Propane Partners, L.P. Common Stock",$16.47,-0.15,-0.903%,"1,098,753,014"
CSTL,"Castle Biosciences, Inc. Common Stock",$35.93,0.12,0.335%,"1,097,643,787"
MMI,"Marcus & Millichap, Inc. Common Stock",$28.95,-0.80,-2.689%,"1,096,365,537"
DLX,Deluxe Corporation Common Stock,$23.88,-0.45,-1.85%,"1,095,048,205"
CLVT,Clarivate Plc Ordinary Shares,$1.71,-0.07,-3.933%,"1,093,825,445"
LU,"Lufax Holding Ltd American Depositary Shares, each representing two (2) Ordinary Shares",$1.26,0.03,2.439%,"1,092,028,004"
PSNY,Polestar Automotive Holding UK PLC Class A ADS,$6.64,-0.29,-4.185%,"1,090,820,057"
LOMA,Loma Negra Compania Industrial Argentina Sociedad Anonima ADS,$9.31,-0.04,-0.428%,"1,086,445,625"
VOR,Vor Biopharma Inc. Common Stock,$18.31,-0.21,-1.134%,"1,083,261,603"
SLBT,SL Science Holding Limited Ordinary Shares,$1.93,0.36,22.93%,"1,082,266,331"
BBNX,"Beta Bionics, Inc. Common Stock",$20.52,-0.99,-4.603%,"1,080,211,029"
AMRC,"Ameresco, Inc. Class A Common Stock",$20.32,-1.16,-5.40%,"1,078,305,408"
PICS,PicS N.V. Class A Common Shares,$8.32,-0.37,-4.258%,"1,078,168,358"
DEA,"Easterly Government Properties, Inc. Common Stock",$22.78,-0.13,-0.567%,"1,077,986,435"
MNKD,MannKind Corporation Common Stock,$3.35,0.01,0.299%,"1,077,174,021"
WINA,Winmark Corporation Common Stock,$299.64,3.29,1.11%,"1,076,357,519"
AKTS,"Aktis Oncology, Inc. Common stock",$19.35,-0.08,-0.412%,"1,076,237,306"
REAL,"The RealReal, Inc. Common Stock",$8.81,-0.02,-0.227%,"1,071,922,523"
TDOC,"Teladoc Health, Inc. Common Stock",$5.89,-0.20,-3.284%,"1,070,118,884"
MBINL,"Merchants Bancorp Depositary Shares, Each Representing a 1/40thInterest in a Share of 7.25% Fixed Rate Series E Non-CumulativePerpetual Preferred Stock, without par value",$23.28,-0.37,-1.564%,"1,069,438,386"
SGML,Sigma Lithium Corporation Common Shares,$9.50,-0.08,-0.835%,"1,069,398,974"
MGTX,MeiraGTx Holdings plc Ordinary Shares,$11.11,0.20,1.833%,"1,067,037,686"
GSBD,"Goldman Sachs BDC, Inc. Common Stock",$9.46,-0.08,-0.839%,"1,064,903,374"
FSBC,Five Star Bancorp Common Stock,$43.38,-0.45,-1.027%,"1,064,398,315"
CFFN,"Capitol Federal Financial, Inc. Common Stock",$8.46,-0.22,-2.535%,"1,063,407,474"
BST,BlackRock Science and Technology Trust Common Shares of Beneficial Interest,$47.94,-0.96,-1.963%,"1,062,246,370"
KRT,Karat Packaging Inc. Common Stock,$53.24,0.15,0.283%,"1,061,164,826"
NCZ,Virtus Convertible & Income Fund II Common Shares of Beneficial Interest,$13.91,-0.46,-3.201%,"1,058,770,069"
HTFC,Horizon Technology Finance Corporation 6.25% Notes due 2027,$24.846,-0.064,-0.257%,"1,057,090,934"
OCSL,Oaktree Specialty Lending Corporation Common Stock,$12.00,-0.10,-0.826%,"1,057,026,276"
MRTN,"Marten Transport, Ltd. Common Stock",$12.92,0.05,0.389%,"1,055,068,763"
TUYA,"Tuya Inc. American Depositary Shares, each representing one Class A Ordinary Share",$1.72,0.03,1.775%,"1,054,852,099"
SPTX,"Seaport Therapeutics, Inc. Common Stock",$19.64,-1.88,-8.736%,"1,051,340,002"
TE,T1 Energy Inc. Common Stock,$3.57,-0.21,-5.556%,"1,051,281,194"
PSIX,"Power Solutions International, Inc. Common Stock",$45.54,-1.11,-2.379%,"1,050,400,593"
ENOV,Enovis Corporation Common Stock,$18.16,-0.30,-1.625%,"1,047,278,011"
RSKD,Riskified Ltd. Class A Ordinary Shares,$7.70,-0.08,-1.028%,"1,046,939,802"
STAA,STAAR Surgical Company Common Stock,$20.87,0.36,1.755%,"1,046,504,946"
IGIC,International General Insurance Holdings Ltd. Ordinary Share,$24.42,-0.19,-0.772%,"1,046,206,915"
ANRO,"Alto Neuroscience, Inc. Common Stock",$26.66,0.17,0.642%,"1,046,194,493"
DCBG,"Dime Commercial Bancshares, Inc. 9.000% Junior Subordinated Notes",$26.72,0.22,0.83%,"1,046,051,581"
KYIVW,Kyivstar Group Ltd. Warrant,$4.51,-0.49,-9.80%,"1,045,704,944"
ETW,Eaton Vance Corporation Eaton Vance Tax-Managed Global Buy-Write Opportunites Fund Common Shares of Beneficial Interest,$9.54,-0.06,-0.625%,"1,045,562,878"
GTM,ZoomInfo Technologies Inc Common Stock,$3.59,-0.16,-4.267%,"1,045,085,065"
NPK,"National Presto Industries, Inc. Common Stock",$146.28,1.62,1.12%,"1,043,863,881"
UVV,Universal Corporation Common Stock,$41.87,-0.60,-1.413%,"1,042,531,891"
HSLV,Highlander Silver Corp. Common Shares,$5.12,-0.22,-4.12%,"1,042,039,900"
SVRA,Savara Inc. Common Stock,$5.07,0.07,1.40%,"1,041,682,276"
DEC,Diversified Energy Company Common Stock,$13.57,-0.22,-1.595%,"1,041,582,869"
GPRE,Green Plains Inc. Common Stock,$14.80,-0.12,-0.804%,"1,037,410,854"
CRAI,"CRA International, Inc. Common Stock",$165.22,3.15,1.944%,"1,037,062,809"
SBR,Sabine Royalty Trust Common Stock,$71.10,-0.69,-0.961%,"1,036,591,430"
GOODN,Gladstone Commercial Corporation 6.625% Series E Cumulative Redeemable Preferred Stock,$21.3968,-0.4832,-2.208%,"1,035,765,617"
THRM,Gentherm Inc Common Stock,$33.61,-1.60,-4.544%,"1,032,005,704"
FUBO,FuboTV Inc. Class A Common Stock,$9.45,-0.19,-1.971%,"1,031,909,713"
ODTX,"Odyssey Therapeutics, Inc. Common Stock",$21.47,0.96,4.681%,"1,031,816,575"
CPAC,Cementos Pacasmayo S.A.A. American Depositary Shares (Each representing five Common Shares),$12.16,-0.07,-0.572%,"1,030,848,070"
FTK,"Flotek Industries, Inc. Common Stock",$28.43,-1.10,-3.725%,"1,029,746,796"
ITRN,Ituran Location and Control Ltd. Ordinary Shares,$51.73,0.04,0.077%,"1,029,094,893"
XTND,"Xtend AI Robotics, Inc. Common Stock",$3.61,-0.37,-9.296%,"1,028,282,703"
NBN,Northeast Bank Common Stock,$126.26,-3.98,-3.056%,"1,026,493,800"
MBWM,Mercantile Bank Corporation Common Stock,$59.38,-0.65,-1.083%,"1,026,438,464"
GHM,Graham Corporation Common Stock,$87.23,0.02,0.023%,"1,023,821,389"
TRUP,"Trupanion, Inc. Common Stock",$23.27,0.11,0.475%,"1,020,915,658"
AEF,"abrdn Emerging Markets ex-China Fund, Inc. Common Stock",$9.49,-0.25,-2.567%,"1,018,870,125"
UTI,Universal Technical Institute Inc Common Stock,$18.47,-1.83,-9.015%,"1,017,608,917"
BCX,BlackRock Resources Common Shares of Beneficial Interest,$11.98,-0.09,-0.746%,"1,016,598,960"
FBYD,"Falcon's Beyond Global, Inc. Class A Common Stock",$8.36,0.93,12.517%,"1,013,727,313"
JANX,"Janux Therapeutics, Inc. Common Stock",$16.58,0.28,1.718%,"1,013,647,696"
PDS,Precision Drilling Corporation Common Stock,$80.41,-1.46,-1.783%,"1,012,158,463"
BTZ,BlackRock Credit Allocation Income Trust,$9.36,-0.12,-1.266%,"1,012,143,600"
PCRX,"Pacira BioSciences, Inc. Common Stock",$25.39,0.27,1.075%,"1,012,093,286"
DSL,DoubleLine Income Solutions Fund Common Shares of Beneficial Interests,$9.91,-0.11,-1.098%,"1,010,788,565"
UPWK,Upwork Inc. Common Stock,$8.07,-0.08,-0.982%,"1,007,970,156"
HQH,abrdn Healthcare Investors Shares of Beneficial Interest,$21.25,0.01,0.047%,"1,006,054,178"
MCBS,"MetroCity Bankshares, Inc. Common Stock",$34.88,-0.10,-0.286%,"1,003,889,268"
CCNE,CNB Financial Corporation Common Stock,$33.84,-0.25,-0.733%,"1,002,370,748"
FSCO,FS Credit Opportunities Corp. Common Stock,$5.04,-0.07,-1.37%,"999,713,736"
GLUE,"Monte Rosa Therapeutics, Inc. Common Stock",$11.71,-0.06,-0.51%,"999,019,926"
CRVS,"Corvus Pharmaceuticals, Inc. Common Stock",$11.87,0.25,2.151%,"998,515,605"
BFST,"Business First Bancshares, Inc. Common Stock",$30.67,-0.19,-0.616%,"998,304,912"
ODD,ODDITY Tech Ltd. Class A Ordinary Shares,$17.60,-1.04,-5.579%,"997,157,656"
AEVA,"Aeva Technologies, Inc. Common Stock",$14.27,-1.08,-7.036%,"994,701,167"
ASA,ASA  Gold and Precious Metals Limited,$54.60,-2.08,-3.67%,"994,645,088"
IQ,"iQIYI, Inc. American Depositary Shares",$1.03,0.01,0.98%,"993,975,477"
NWPX,"NWPX Infrastructure, Inc. Common Stock",$103.11,0.28,0.272%,"993,691,898"
RCAT,"Red Cat Holdings, Inc. Common Stock",$6.50,-0.16,-2.402%,"992,643,353"
ANL,Adlai Nortye Group Ltd. American Depositary Shares,$15.40,-0.13,-0.837%,"991,728,245"
EQBK,"Equity Bancshares, Inc. Class A Common Stock",$48.03,-0.33,-0.682%,"989,057,295"
HRTG,"Heritage Insurance Holdings, Inc. Common Stock",$33.26,-0.01,-0.03%,"988,900,156"
NBBK,"NB Bancorp, Inc. Common Stock",$22.56,-0.04,-0.177%,"988,545,134"
MSEX,Middlesex Water Company Common Stock,$52.45,-1.02,-1.908%,"988,364,968"
PRCT,PROCEPT BioRobotics Corporation Common Stock,$17.25,0.05,0.291%,"987,970,618"
TRIP,"TripAdvisor, Inc. Common Stock",$8.41,UNCH,--,"985,646,466"
DFH,"Dream Finders Homes, Inc. Class A Common Stock",$10.88,-0.42,-3.717%,"985,022,084"
MLTX,MoonLake Immunotherapeutics Class A Ordinary Shares,$11.56,-0.48,-3.987%,"983,833,279"
NPKI,NPK International Inc. Common Stock,$11.58,-0.14,-1.195%,"983,256,573"
EOSEW,"Eos Energy Enterprises, Inc. Warrant",$2.70,-0.30,-10.00%,"983,252,909"
SG,"Sweetgreen, Inc. Class A Common Stock",$8.24,UNCH,--,"980,900,436"
HBNC,"Horizon Bancorp, Inc. Common Stock",$19.04,-0.24,-1.245%,"977,599,642"
XIFR,"XPLR Infrastructure, LP Common Units representing limited partner interests",$10.36,-0.19,-1.801%,"976,666,156"
CEVA,"CEVA, Inc. Common Stock",$34.69,-1.51,-4.171%,"976,664,758"
LMRI,"Lumexa Imaging Holdings, Inc. Common Stock",$10.145,-0.065,-0.637%,"974,680,632"
LAC,Lithium Americas Corp. Common Shares,$2.68,-0.07,-2.545%,"972,955,087"
RHLD,Resolute Holdings Management Common Stock ,$124.22,-1.16,-0.925%,"971,350,091"
VMET,Versamet Royalties Corporation Common Stock,$8.92,-0.23,-2.514%,"970,759,202"
CAC,Camden National Corporation Common Stock,$57.40,-0.42,-0.726%,"969,890,613"
RXT,"Rackspace Technology, Inc. Common Stock",$3.79,-0.18,-4.534%,"965,968,102"
SIFY,Sify Technologies Limited American Depositary Shares,$13.33,-0.02,-0.15%,"965,553,418"
PSUS,"Pershing Square USA, Ltd. Common Shares",$36.90,-0.81,-2.148%,"964,935,000"
CGEM,"Cullinan Therapeutics, Inc. Common Stock",$14.95,0.14,0.945%,"962,102,675"
ABUS,Arbutus Biopharma Corporation Common Stock,$4.86,0.01,0.206%,"961,540,478"
HPK,"HighPeak Energy, Inc. Common Stock",$7.59,0.03,0.397%,"959,776,782"
YELP,Yelp Inc. Common Stock,$17.59,-0.44,-2.44%,"954,497,093"
ASM,Avino Silver & Gold Mines Ltd. Common Shares (Canada),$5.61,-0.33,-5.556%,"952,888,070"
FET,"Forum Energy Technologies, Inc. Common Stock",$82.99,0.16,0.193%,"952,119,290"
BV,"BrightView Holdings, Inc. Common Stock",$10.26,-0.15,-1.441%,"950,076,000"
ASTE,"Astec Industries, Inc. Common Stock",$41.11,-0.17,-0.412%,"946,572,837"
PTA,Cohen & Steers Tax-Advantaged Preferred Securities and Income Fund Common Shares of Beneficial Interest,$17.09,-0.30,-1.725%,"944,623,380"
VPG,"Vishay Precision Group, Inc. Common Stock",$70.88,-0.75,-1.047%,"944,152,078"
KURA,"Kura Oncology, Inc. Common Stock",$10.61,-0.15,-1.394%,"943,872,168"
VYX,NCR Voyix Corporation Common Stock,$6.83,-0.24,-3.395%,"943,017,403"
SB,"Safe Bulkers, Inc Common Stock ($0.001 par value)",$8.25,0.11,1.351%,"942,519,452"
TRST,TrustCo Bank Corp NY Common Stock,$55.35,-0.85,-1.512%,"942,485,409"
BXBL,"BOXABL, Inc. Common stock",$3.90,-0.13,-3.226%,"941,824,038"
CBLL,"CeriBell, Inc. Common Stock",$24.51,0.82,3.461%,"940,647,256"
CMP,Compass Minerals Intl Inc Common Stock,$22.39,-0.23,-1.017%,"939,951,769"
BKSY,BlackSky Technology Inc. Class A Common Stock,$22.95,-0.30,-1.29%,"939,225,216"
KODK,Eastman Kodak Company Common New,$9.59,0.08,0.841%,"938,861,000"
GOODO,"Gladstone Commercial Corporation 6.00% Series G Cumulative Redeemable Preferred Stock, par value $0.001 per share",$19.39,-0.40,-2.021%,"938,621,444"
HAFC,Hanmi Financial Corporation Common Stock,$31.60,-0.50,-1.558%,"936,916,458"
PCT,"PureCycle Technologies, Inc. Common stock",$4.66,-0.36,-7.171%,"936,216,415"
CPF,Central Pacific Financial Corp New,$36.36,-0.49,-1.33%,"936,176,628"
NXDR,"Nextdoor Holdings, Inc. Class A Common Stock",$2.42,-0.09,-3.586%,"936,173,133"
GLIBA,Liberty Capital Corporation Series A GCI Group Common Stock,$23.45,-0.20,-0.846%,"935,772,109"
KRO,Kronos Worldwide Inc Common Stock,$8.13,-0.12,-1.455%,"935,742,805"
TDAY,"USA TODAY Co., Inc. Common Stock",$6.37,-0.05,-0.779%,"935,230,284"
CSR,D/B/A Centerspace Common Stock,$55.67,0.38,0.687%,"934,930,386"
LZ,"LegalZoom.com, Inc. Common Stock",$5.45,-0.17,-3.025%,"933,393,225"
GLIBK,Liberty Capital Corporation Series C GCI Group Common Stock,$23.34,-0.21,-0.892%,"931,382,560"
SATL,Satellogic Inc. Class A Common Stock,$6.05,-0.12,-1.945%,"930,126,462"
FEIM,"Frequency Electronics, Inc. Common Stock",$82.49,-5.94,-6.717%,"929,933,445"
IBTA,"Ibotta, Inc. Class A Common Stock",$40.07,-0.99,-2.411%,"928,406,433"
OIG,Orion180 Insurance Group Inc. Class A common stock,$9.36,-0.21,-2.194%,"926,943,751"
ALMS,Alumis Inc. Common Stock,$7.16,0.06,0.845%,"926,756,311"
RMIX,"Suncrete, Inc. Class A Common Stock",$12.61,-0.44,-3.372%,"926,656,367"
SBGI,"Sinclair, Inc. Class A Common Stock",$12.81,0.03,0.235%,"926,394,349"
GAINZ,Gladstone Investment Corporation 4.875% Notes due 2028,$24.22,-0.066,-0.272%,"925,669,751"
AGBK,AGI Inc Class A Common Shares,$5.76,-0.13,-2.207%,"922,378,015"
RIGL,"Rigel Pharmaceuticals, Inc. Common Stock",$49.36,1.18,2.449%,"922,038,087"
RNP,"Cohen & Steers REIT and Preferred and Income Fund, Inc. Common Shares",$18.75,-0.18,-0.951%,"921,349,275"
UPBD,"Upbound Group, Inc. Common Stock",$15.79,-0.30,-1.865%,"920,547,605"
HELP,Cybin Inc. Common Stock,$12.59,-0.02,-0.159%,"919,846,639"
PXED,"Phoenix Education Partners, Inc. Common Stock",$25.48,-0.37,-1.431%,"918,487,140"
KFRC,"Kforce, Inc. Common Stock",$51.28,-0.28,-0.543%,"918,373,520"
UTL,UNITIL Corporation Common Stock,$50.35,-0.63,-1.236%,"918,216,536"
SBSI,"Southside Bancshares, Inc. Common Stock",$30.75,-0.34,-1.094%,"916,595,385"
EDN,Empresa Distribuidora Y Comercializadora Norte S.A. (Edenor) American Depositary Shares,$20.23,-1.09,-5.113%,"915,264,312"
MPB,Mid Penn Bancorp Common Stock,$36.04,-0.27,-0.744%,"913,081,149"
JBIO,"Jade Biosciences, Inc. Common Stock",$14.35,-0.07,-0.485%,"912,622,503"
PLOW,"Douglas Dynamics, Inc. Common Stock",$39.54,-0.20,-0.503%,"912,466,399"
AIZN,"Assurant, Inc. 5.25% Subordinated Notes due 2061",$18.04,-0.09,-0.496%,"910,284,166"
RWAYL,Runway Growth Finance Corp. 7.50% Notes due 2027,$25.1236,-0.0014,-0.006%,"909,892,176"
DJCO,Daily Journal Corp. (S.C.) Common Stock,$659.08,2.22,0.338%,"908,180,604"
PDX,PIMCO Dynamic Income Strategy Fund Common Shares of Beneficial Interest,$20.26,-0.14,-0.686%,"905,763,820"
BBDC,"Barings BDC, Inc. Common Stock",$8.64,-0.03,-0.346%,"904,667,478"
FMNB,Farmers National Banc Corp. Common Stock,$15.26,-0.17,-1.102%,"904,117,949"
BANFP,BancFirst Corporation - BFC Capital Trust II Cumulative Trust Preferred Securities,$26.86,UNCH,--,"902,462,291"
MTA,Metalla Royalty & Streaming Ltd. Common Shares,$9.65,-0.42,-4.171%,"902,235,184"
APMD,"Apnimed, Inc. Common Stock",$21.67,0.58,2.75%,"902,138,981"
HEPS,D-Market Electronic Services & Trading American Depositary Shares,$2.52,0.01,0.398%,"900,207,504"
BRBR,"BellRing Brands, Inc. Common Stock ",$7.74,-0.17,-2.149%,"899,993,222"
FCBC,"First Community Bankshares, Inc. (VA) Common Stock",$47.54,-0.08,-0.168%,"898,997,041"
RUMBW,RUM Group Inc. Warrant,$1.81,-0.1099,-5.724%,"897,416,451"
JMIA,"Jumia Technologies AG American Depositary Shares, each representing two Ordinary Shares",$6.70,-0.18,-2.616%,"895,293,135"
ACEL,"Accel Entertainment, Inc. ",$11.01,-0.06,-0.542%,"893,940,160"
SIGIP,"Selective Insurance Group, Inc. Depositary Shares, each representing a 1/1,000th interest in a share of 4.60% Non-Cumulative Preferred Stock, Series B",$14.98,-0.16,-1.057%,"892,345,403"
HSTM,"HealthStream, Inc. Common Stock",$29.14,0.04,0.137%,"891,564,147"
THFF,First Financial Corporation Common Stock,$74.94,-0.62,-0.821%,"891,178,686"
BZH,"Beazer Homes USA, Inc. Common Stock",$33.36,-0.01,-0.03%,"890,032,223"
BHFAL,"Brighthouse Financial, Inc. 6.25% Junior Subordinated Debentures due 2058",$15.46,-0.1701,-1.088%,"889,128,764"
REPX,"Riley Exploration Permian, Inc. Common Stock",$40.12,-0.43,-1.06%,"888,809,854"
OI,"O-I Glass, Inc. Common Stock",$5.78,-0.08,-1.365%,"888,153,338"
NX,Quanex Building Products Corporation Common Stock,$19.38,-0.36,-1.824%,"888,111,911"
PSF,"Cohen & Steers Select Preferred and Income Fund, Inc. Common Stock",$18.07,-0.29,-1.58%,"887,935,008"
LAR,Lithium Argentina AG Common Shares,$5.41,-0.11,-1.993%,"887,781,000"
MCS,Marcus Corporation (The) Common Stock,$28.70,0.61,2.172%,"884,882,963"
HTLD,"Heartland Express, Inc. Common Stock",$11.44,0.14,1.239%,"884,685,070"
KOPN,Kopin Corporation Common Stock,$4.75,-0.24,-4.81%,"882,894,917"
CYRX,"CryoPort, Inc. Common Stock",$17.38,-0.03,-0.172%,"880,281,358"
ITG,"ITG, Inc. Class A Common Stock",$7.065,-3.415,-32.586%,"877,170,752"
SANA,"Sana Biotechnology, Inc. Common Stock",$2.93,-0.015,-0.509%,"877,126,666"
MBINN,Merchants Bancorp Depositary Shares Preferred Series C,$19.085,-0.015,-0.079%,"876,728,161"
NNNN,Anbio Biotechnology Class A Ordinary Shares,$6.09,-0.21,-3.333%,"876,297,408"
TTI,"Tetra Technologies, Inc. Common Stock",$5.91,-0.17,-2.796%,"875,110,124"
KOP,Koppers Holdings Inc. Common Stock,$46.17,-0.10,-0.216%,"873,147,095"
SGP,"SpyGlass Pharma, Inc. Common Stock",$25.98,-1.09,-4.027%,"868,978,494"
FRBT,"Forbright, Inc. Class A Common Stock",$17.10,-0.57,-3.226%,"868,070,898"
NNE,Nano Nuclear Energy Inc. Common Stock,$16.16,-0.83,-4.885%,"867,762,039"
EGBN,"Eagle Bancorp, Inc. Common Stock",$28.45,-0.09,-0.315%,"867,269,032"
SAFE,Safehold Inc. New Common Stock ,$12.21,-0.05,-0.408%,"864,666,779"
RJET,Republic Airways Holdings Inc. Common Stock,$18.38,-0.32,-1.711%,"860,542,410"
KBDC,"Kayne Anderson BDC, Inc. Common Stock",$13.03,-0.01,-0.077%,"860,472,664"
BUR,Burford Capital Limited Ordinary Shares,$3.93,0.29,7.967%,"859,929,553"
QFIN,"Qfin Holdings, Inc. American Depositary Shares",$7.05,-0.25,-3.425%,"858,350,782"
AIO,Virtus Artificial Intelligence & Technology Opportunities Fund Common Shares of Beneficial Interest,$24.99,0.22,0.888%,"858,180,890"
VRTS,"Virtus Investment Partners, Inc. Common Stock",$129.55,-1.03,-0.789%,"857,969,490"
EIG,Employers Holdings Inc Common Stock,$47.76,0.46,0.973%,"857,793,767"
TBLA,Taboola.com Ltd. Ordinary Shares,$3.40,-0.08,-2.299%,"857,193,564"
BW,"Babcock & Wilcox Enterprises, Inc. Common Stock",$5.75,-0.52,-8.293%,"856,549,130"
CADL,"Candel Therapeutics, Inc. Common Stock",$11.19,0.17,1.543%,"856,242,742"
LANDO,Gladstone Land Corporation 6.00% Series B Cumulative Redeemable Preferred Stock,$19.83,0.03,0.152%,"855,398,243"
ANGX,"Angel Studios, Inc. Class A Common Stock",$4.57,-0.23,-4.792%,"853,476,378"
BTGO,"BitGo Holdings, Inc. Class A Common Stock",$7.26,-0.22,-2.941%,"853,381,216"
FMN,Federated Hermes Premier Municipal Income Fund,$9.89,-0.17,-1.69%,"853,060,467"
LANDP,Gladstone Land Corporation 6.00% Series C Cumulative Redeemable Preferred Stock,$19.7675,-0.1225,-0.616%,"852,702,207"
CIM,Chimera Investment Corporation Common Stock,$10.17,-0.17,-1.644%,"851,349,189"
SVC,Service Properties Trust Common Shares of Beneficial Interest,$6.57,-0.02,-0.303%,"850,877,336"
SMBK,"SmartFinancial, Inc. Common Stock",$49.76,-0.56,-1.113%,"850,820,016"
OGG,Osisko Gold Group Inc. Common Shares,$2.78,0.01,0.361%,"850,229,187"
GSBC,"Great Southern Bancorp, Inc. Common Stock",$77.99,-0.49,-0.624%,"849,896,571"
ARDX,"Ardelyx, Inc. Common Stock",$3.41,-0.01,-0.292%,"849,729,621"
SMPL,The Simply Good Foods Company Common Stock,$9.60,UNCH,--,"849,221,232"
RZLV,Rezolve AI PLC Ordinary Shares,$2.12,-0.06,-2.752%,"848,830,544"
SABR,Sabre Corporation Common Stock,$2.10,-0.08,-3.67%,"847,524,749"
HMH,HMH Holding Inc. Class A Common Stock,$19.28,0.12,0.626%,"847,052,861"
CRESY,Cresud S.A.C.I.F. y A. American Depositary Shares,$11.93,-0.78,-6.137%,"846,137,588"
LXRX,"Lexicon Pharmaceuticals, Inc. Common Stock",$1.90,0.105,5.85%,"845,416,275"
SMP,"Standard Motor Products, Inc. Common Stock",$37.84,0.15,0.398%,"845,356,687"
RERE,ATRenew Inc. American Depositary Shares (every three of which representing two Class A ordinary shares),$3.85,-0.09,-2.284%,"844,170,235"
CCBG,Capital City Bank Group Common Stock,$49.24,-0.62,-1.243%,"842,658,744"
CODI,D/B/A Compass Diversified Holdings Shares of Beneficial Interest,$11.20,-0.05,-0.444%,"842,642,819"
EVLV,"Evolv Technologies Holdings, Inc. Class A Common Stock",$4.65,-0.14,-2.923%,"842,236,579"
SIBN,"SI-BONE, Inc. Common Stock",$18.76,0.17,0.914%,"840,796,467"
SCZM,Santacruz Silver Mining Ltd. Common Shares,$9.02,-0.46,-4.852%,"838,772,362"
PUBM,"PubMatic, Inc. Class A Common Stock",$18.41,-0.19,-1.022%,"838,576,623"
BLZE,"Backblaze, Inc. Class A Common Stock",$13.54,0.35,2.654%,"838,126,000"
MTAL,Metals Acquisition Corp. II Class A Ordinary Shares,$10.16,UNCH,--,"837,814,265"
BHFAO,"Brighthouse Financial, Inc. Depositary Shares 6.75% Non-Cumulative Preferred Stock, Series B",$14.56,-0.21,-1.422%,"837,368,357"
AEBI,Aebi Schmidt Holding AG Common Stock ,$10.78,-0.22,-2.00%,"836,521,360"
GYRE,"Gyre Therapeutics, Inc. Common Stock",$7.49,0.14,1.905%,"835,208,769"
IVA,Inventiva S.A. American Depository Shares,$3.53,0.16,4.748%,"834,069,113"
HIVE,HIVE Digital Technologies Ltd. Common Shares,$3.04,-0.12,-3.797%,"833,803,108"
TIGR,UP Fintech Holding Ltd American Depositary Share representing fifteen Class A Ordinary Shares,$4.65,0.01,0.216%,"830,958,074"
NAVI,Navient Corporation Common Stock,$8.86,-0.26,-2.851%,"830,924,716"
YALA,"Yalla Group Limited American Depositary Shares, each representing one Class A Ordinary Share",$5.47,-0.01,-0.182%,"830,504,559"
CVLG,"Covenant Logistics Group, Inc. Class A Common Stock",$32.71,0.24,0.739%,"830,107,118"
DC,Dakota Gold Corp. Common Stock,$6.18,-0.43,-6.505%,"829,189,084"
AOSL,Alpha and Omega Semiconductor Limited Common Shares,$27.36,-0.57,-2.041%,"827,893,217"
MAKO,Mako Mining Corp Common Stock,$9.43,-0.55,-5.511%,"826,123,722"
OBX,"Obsidian Therapeutics, Inc. Common Stock",$13.37,0.51,3.966%,"825,903,352"
CAPL,CrossAmerica Partners LP Common Units representing limited partner interests,$21.59,0.11,0.512%,"824,160,575"
BHFAP,"Brighthouse Financial, Inc. Depositary Shares 6.6% Non-Cumulative Preferred Stock, Series A",$14.28,-0.15,-1.04%,"821,265,120"
NAK,"Northern Dynasty Minerals, Ltd. Common Stock",$1.46,0.06,4.286%,"820,697,627"
IMMX,"Immix Biopharma, Inc. Common Stock",$11.47,0.50,4.558%,"820,555,932"
DAKT,"Daktronics, Inc. Common Stock",$17.05,0.03,0.176%,"819,979,683"
BUUU,BUUU Group Limited Class A Ordinary Share,$43.48,-0.72,-1.629%,"819,489,300"
SXC,"SunCoke Energy, Inc. Common Stock",$9.64,0.07,0.731%,"818,193,554"
ADSE,ADS-TEC ENERGY PLC Ordinary Shares,$10.89,0.08,0.74%,"818,162,760"
ACDC,ProFrac Holding Corp. Class A Common Stock,$4.49,-0.115,-2.497%,"817,731,201"
INMD,InMode Ltd. Ordinary Shares,$14.205,-0.055,-0.386%,"816,514,366"
ORRF,"Orrstown Financial Services, Inc. Common Stock",$41.48,-0.29,-0.694%,"815,896,086"
HIPO,Hippo Holdings Inc. Common Stock,$30.85,0.24,0.784%,"814,112,404"
DSP,Viant Technology Inc. Class A Common Stock,$12.24,0.05,0.41%,"813,945,520"
QNST,"QuinStreet, Inc. Common Stock",$14.21,-0.20,-1.388%,"813,144,400"
PLTK,Playtika Holding Corp. Common Stock,$2.13,UNCH,--,"812,420,736"
SKYH,Sky Harbour Group Corporation Class A Common Stock,$9.95,-0.06,-0.599%,"812,213,605"
HSHP,Himalaya Shipping Ltd. Common Shares,$17.33,-0.21,-1.197%,"810,177,500"
MFA,"MFA Financial, Inc.",$8.01,-0.16,-1.958%,"809,714,383"
AVTX,"Avalo Therapeutics, Inc. Common Stock",$15.08,-0.39,-2.521%,"808,740,234"
RPC,"Ridgepost Capital, Inc. Class A Common Stock",$7.33,-0.21,-2.785%,"808,047,765"
TRNS,"Transcat, Inc. Common Stock",$85.95,-1.78,-2.029%,"806,923,869"
ATTO,"Attovia Therapeutics, Inc. Common Stock",$17.65,-0.13,-0.731%,"805,744,774"
WEST,Westrock Coffee Company Common Stock,$8.25,0.16,1.978%,"805,425,943"
FDMT,"4D Molecular Therapeutics, Inc. Common Stock",$14.56,0.09,0.622%,"804,355,712"
ABX,"Abacus Global Management, Inc. Class A Common Stock",$8.22,-0.07,-0.844%,"803,852,287"
GERN,Geron Corporation Common Stock,$1.25,-0.01,-0.794%,"803,091,761"
GRPN,"Groupon, Inc. Common Stock",$19.74,-1.56,-7.324%,"802,732,943"
MTW,"Manitowoc Company, Inc. (The) Common Stock",$22.17,0.03,0.136%,"799,493,853"
ACRS,"Aclaris Therapeutics, Inc. Common Stock",$5.43,0.28,5.437%,"799,289,989"
ALRS,Alerus Financial Corporation Common Stock,$32.06,-0.11,-0.342%,"799,176,484"
WRLD,World Acceptance Corporation Common Stock,$171.38,-0.61,-0.355%,"799,175,788"
TCBIO,"Texas Capital Bancshares, Inc. Depositary Shares 5.75% Fixed Rate Non-Cumulative Perpetual Preferred Stock Series B",$18.35,-0.29,-1.556%,"797,754,671"
ACHV,"Achieve Life Sciences, Inc. Common Shares",$7.75,0.21,2.785%,"797,494,298"
SPFI,"South Plains Financial, Inc. Common Stock",$42.32,-0.68,-1.581%,"797,270,924"
BH,Biglari Holdings Inc. Class B Common Stock,$342.06,-2.75,-0.798%,"795,819,693"
RPD,"Rapid7, Inc. Common Stock",$11.80,0.18,1.549%,"795,327,552"
ARI,"Apollo Commercial Real Estate Finance, Inc",$6.20,-0.04,-0.641%,"794,914,977"
INR,"Infinity Natural Resources, Inc. Class A Common Stock",$12.53,-0.53,-4.058%,"794,680,893"
TXO,"TXO Partners, L.P. Common Units Representing Limited Partner Interests",$14.27,-0.06,-0.419%,"791,220,228"
JBSS,"John B. Sanfilippo & Son, Inc. Common Stock",$67.57,0.33,0.491%,"790,128,511"
IBCP,Independent Bank Corporation Common Stock,$35.59,-0.24,-0.67%,"790,072,909"
IMC,IMC Rare Earths Ltd Ordinary Shares,$7.50,0.70,10.294%,"788,250,000"
FOXF,Fox Factory Holding Corp. Common Stock,$18.74,0.19,1.024%,"787,660,959"
SMBC,"Southern Missouri Bancorp, Inc. Common Stock",$71.50,-0.76,-1.052%,"787,449,449"
MTUS,Metallus Inc. Common Shares,$18.97,0.13,0.69%,"786,292,917"
VLRS,"Controladora Vuela Compania de Aviacion, S.A.B. de C.V. American Depositary Shares, each representing ten (10) Ordinary Participation Certificates",$6.76,-0.12,-1.744%,"785,484,426"
KELYB,"Kelly Services, Inc. Class B Common Stock",$22.59,0.40,1.803%,"784,594,592"
PGC,Peapack-Gladstone Financial Corporation Common Stock,$44.12,-0.91,-2.021%,"782,157,242"
LYTS,LSI Industries Inc. Common Stock,$20.96,-0.13,-0.616%,"780,997,603"
SLDB,Solid Biosciences Inc. Common Stock,$7.28,-0.01,-0.137%,"780,599,733"
FISI,"Financial Institutions, Inc. Common Stock",$39.55,-0.68,-1.69%,"779,386,538"
VREX,Varex Imaging Corporation Common Stock,$18.46,0.01,0.054%,"777,166,000"
MITK,"Mitek Systems, Inc. Common Stock",$17.22,-0.44,-2.492%,"777,007,280"
CRTO,Criteo S.A. Ordinary Shares,$15.80,-0.48,-2.948%,"774,161,432"
DSGN,"Design Therapeutics, Inc. Common Stock",$12.36,0.24,1.98%,"773,509,206"
LWLG,"Lightwave Logic, Inc. Common Stock",$5.00,-0.31,-5.838%,"770,836,275"
CGBD,"Carlyle Secured Lending, Inc. Common Stock",$11.20,-0.05,-0.444%,"770,611,307"
AHCO,AdaptHealth Corp. Common Stock,$5.65,0.01,0.177%,"770,344,707"
HQ,Horizon Quantum Holdings Ltd. Class A Ordinary Shares,$14.27,-1.32,-8.467%,"770,181,582"
CTO,"CTO Realty Growth, Inc. Common Stock",$20.48,-0.24,-1.158%,"767,702,098"
NABL,"N-able, Inc. Common Stock",$4.05,0.05,1.25%,"765,069,503"
WGO,"Winnebago Industries, Inc. Common Stock",$27.01,-0.14,-0.516%,"763,542,800"
MNTN,"MNTN, Inc. Class A Common Stock",$10.19,-0.82,-7.448%,"762,244,231"
ABR,Arbor Realty Trust Common Stock,$4.08,0.05,1.241%,"761,156,815"
SHBI,Shore Bancshares Inc Common Stock,$22.80,-0.21,-0.913%,"760,887,893"
ANNX,"Annexon, Inc. Common Stock",$4.01,0.37,10.165%,"760,212,327"
HDL,SUPER HI INTERNATIONAL HOLDING LTD. American Depositary Shares,$11.69,-0.055,-0.468%,"760,199,531"
APOG,"Apogee Enterprises, Inc. Common Stock",$36.41,-0.74,-1.992%,"759,814,585"
WLKP,Westlake Chemical Partners LP Common Units representing limited partner interests,$21.55,-0.05,-0.231%,"759,548,692"
HTB,"HomeTrust Bancshares, Inc. Common Stock",$45.50,-0.69,-1.494%,"759,539,690"
JBGS,JBG SMITH Properties Common Shares ,$10.17,-0.36,-3.419%,"758,869,616"
GILT,Gilat Satellite Networks Ltd. Ordinary Shares,$10.01,-0.13,-1.282%,"755,464,189"
PRAA,"PRA Group, Inc. Common Stock",$20.05,-0.60,-2.906%,"754,842,520"
AVR,Anteris Technologies Global Corp. Common Stock,$7.74,0.05,0.65%,"754,328,589"
RILYG,"BRC Group Holdings, Inc. 5.00% Senior Notes due 2026",$24.72,-0.03,-0.121%,"753,887,472"
OLMA,"Olema Pharmaceuticals, Inc. Common Stock",$8.61,-0.14,-1.60%,"753,354,396"
GOOS,Canada Goose Holdings Inc. Subordinate Voting Shares,$7.67,0.06,0.788%,"749,065,239"
BBSI,"Barrett Business Services, Inc. Common Stock",$30.85,-0.29,-0.931%,"747,655,303"
MOV,Movado Group Inc. Common Stock,$33.48,-0.64,-1.876%,"747,013,963"
BFS,"Saul Centers, Inc. Common Stock",$30.21,0.21,0.70%,"746,703,621"
MITN,"TPG Mortgage Investment Trust, Inc. 9.500% Senior Notes due 2029",$25.315,-0.045,-0.177%,"746,614,890"
CTKB,"Cytek Biosciences, Inc. Common Stock",$5.74,0.09,1.593%,"746,103,872"
MITP,"TPG Mortgage Investment Trust, Inc. 9.500% Senior Notes due 2029",$25.28,-0.04,-0.158%,"745,582,636"
GSM,Ferroglobe PLC Ordinary Shares,$3.99,-0.08,-1.966%,"745,573,463"
MLAB,"Mesa Laboratories, Inc. Common Stock",$132.99,-1.05,-0.783%,"744,194,618"
APEI,"American Public Education, Inc. Common Stock",$40.62,-1.045,-2.508%,"743,408,677"
PHAR,"Pharming Group N.V. ADS, each representing 10 ordinary shares",$10.52,0.06,0.574%,"742,977,420"
QDEL,QuidelOrtho Corporation Common Stock,$10.83,-0.11,-1.005%,"742,671,874"
TASK,"TaskUs, Inc. Class A Common Stock",$8.10,-0.10,-1.22%,"742,664,870"
NUAI,"New Era Energy & Digital, Inc. Common Stock",$6.96,-0.10,-1.416%,"741,652,999"
ASC,Ardmore Shipping Corporation Common Stock,$18.15,0.30,1.681%,"740,567,444"
BWMN,Bowman Consulting Group Ltd. Common Stock,$42.61,0.04,0.094%,"738,666,166"
DQ,"DAQO New Energy Corp. American Depositary Shares, each representing five ordinary shares",$10.90,-0.57,-4.969%,"737,560,893"
COLL,"Collegium Pharmaceutical, Inc. Common Stock",$22.63,0.10,0.444%,"736,733,522"
NRGV,"Energy Vault Holdings, Inc. Common Stock",$4.05,-0.35,-7.955%,"736,450,259"
CCNEP,"CNB Financial Corporation Depositary Shares, each representing a 1/40th ownership interest in a share of 7.125% Series A Fixed-Rate Non-Cumulative Perpetual Preferred Stock",$24.825,-0.0751,-0.302%,"735,338,470"
WASH,"Washington Trust Bancorp, Inc. Common Stock",$38.49,-0.37,-0.952%,"734,170,615"
WYFI,"WhiteFiber, Inc. Ordinary Shares",$18.83,-0.79,-4.027%,"731,510,062"
VBNK,VersaBank Common Shares,$22.55,-0.86,-3.674%,"731,050,231"
SWIM,"Latham Group, Inc. Common Stock",$6.21,-0.035,-0.56%,"730,582,194"
REF,Reformation Inc. Common Stock,$12.35,-0.02,-0.162%,"729,629,602"
LUCK,Lucky Strike Entertainment Corporation Class A Common Stock,$5.33,0.12,2.303%,"726,628,347"
FDUS,Fidus Investment Corporation Common Stock,$19.13,-0.02,-0.104%,"726,066,983"
FINV,FinVolution Group American Depositary Shares,$3.07,-0.04,-1.286%,"724,808,586"
ROOT,"Root, Inc. Class A Common Stock",$46.73,-0.67,-1.414%,"723,999,666"
MOMO,Hello Group Inc. American Depositary Shares,$4.90,-0.09,-1.804%,"723,962,265"
SSYS,"Stratasys, Ltd. Ordinary Shares (Israel)",$8.40,0.14,1.695%,"723,849,328"
BLDP,"Ballard Power Systems, Inc. Common Shares",$2.06,-0.07,-3.286%,"723,246,854"
WVE,"Wave Life Sciences, Inc. Common Stock",$3.67,-0.11,-2.91%,"723,166,802"
SOPH,SOPHiA GENETICS SA Ordinary Shares,$8.49,0.15,1.799%,"722,735,234"
BCSF,"Bain Capital Specialty Finance, Inc. Common Stock",$11.13,0.05,0.451%,"721,986,483"
MFIC,MidCap Financial Investment Corporation Common Stock,$8.76,-0.12,-1.351%,"721,584,221"
ADAM,"Adamas Trust, Inc. Common Stock",$8.01,-0.13,-1.597%,"719,937,086"
TCBX,"Third Coast Bancshares, Inc. Common Stock",$43.18,-0.07,-0.162%,"719,161,605"
RCBC,River City Bank Common stock,$50.58,-0.50,-0.979%,"718,221,028"
PAYS,"Paysign, Inc. Common Stock",$12.72,0.05,0.395%,"718,198,624"
FTH,"Faeth Therapeutics, Inc. Common Stock",$27.77,-0.23,-0.821%,"717,588,602"
CD,Chaince Digital Holdings Inc. Ordinary Shares,$6.52,1.19,22.326%,"717,224,776"
CWBC,Community West Bancshares Common Stock,$26.34,-0.43,-1.606%,"714,632,595"
OBE,Obsidian Energy Ltd. Common Shares,$10.67,-0.02,-0.187%,"711,961,832"
AAC,Ares Acquisition Corporation III Class A Ordinary Shares,$10.07,UNCH,--,"710,984,898"
ETRA,"Electra Therapeutics, Inc. Common stock",$11.32,-0.23,-1.991%,"710,521,931"
GEGGL,"Great Elm Group, Inc.  7.25% Notes due 2027",$24.50,-0.0101,-0.041%,"710,421,282"
WHK,WhiteHawk Minerals Corp Class A Common Stock,$25.72,-0.54,-2.056%,"708,468,974"
LXU,"LSB Industries, Inc. Common Stock",$9.84,-0.05,-0.506%,"708,455,439"
NGVC,"Natural Grocers by Vitamin Cottage, Inc. Common Stock",$30.70,0.99,3.332%,"707,515,731"
HYLN,Hyliion Holdings Corp. Class A Common Stock,$3.96,-0.26,-6.161%,"707,244,983"
QVCG,"QVC Group, Inc. Common Stock",$14.14,-0.07,-0.493%,"706,998,544"
CSIQ,Canadian Solar Inc. Common Shares (ON),$10.42,-0.38,-3.519%,"706,650,264"
BALY,Bally's Corporation Common Stock,$14.00,UNCH,--,"706,573,308"
FPH,"Five Point Holdings, LLC Class A Common Shares",$4.77,0.02,0.421%,"705,385,997"
VTS,"Vitesse Energy, Inc. Common Stock",$16.75,UNCH,--,"705,247,310"
NEWTP,"NewtekOne, Inc. Depositary Shares, Non-Cumulative Perpetual Preferred Stock, Series B",$24.385,0.155,0.64%,"704,354,165"
PMT,PennyMac Mortgage Investment Trust Common Shares of Beneficial Interest,$8.07,-0.26,-3.121%,"703,723,061"
VSTM,"Verastem, Inc. Common Stock",$7.77,0.03,0.388%,"703,677,937"
PSTL,"Postal Realty Trust, Inc. Class A Common Stock",$23.22,-0.43,-1.818%,"702,378,831"
GDOT,"Green Dot Corporation Class A Common Stock, $0.001 par value",$12.31,0.06,0.49%,"701,487,553"
AROW,Arrow Financial Corporation Common Stock,$37.79,0.14,0.372%,"700,011,492"
GROY,Gold Royalty Corp. Common Shares,$3.03,-0.13,-4.114%,"699,351,879"
ESRT,"Empire State Realty Trust, Inc. Class A Common Stock",$4.06,-0.05,-1.217%,"698,992,511"
EVEX,"Eve Holding, Inc. Common Stock",$2.00,-0.17,-7.834%,"696,972,666"
CASS,"Cass Information Systems, Inc Common Stock",$54.25,0.12,0.222%,"694,733,583"
PFIS,Peoples Financial Services Corp. Common Stock,$69.36,-0.44,-0.63%,"694,319,055"
BCAL,California BanCorp Common Stock,$21.59,-0.05,-0.231%,"694,130,180"
NIE,Virtus Equity & Convertible Income Fund Common Shares of Beneficial Interest,$25.05,-0.05,-0.199%,"694,109,573"
GPRK,Geopark Ltd Common Shares,$10.68,-0.52,-4.643%,"693,086,642"
LEGH,Legacy Housing Corporation Common Stock (TX),$29.12,-0.18,-0.614%,"692,562,067"
OFRM,"Once Upon a Farm, PBC Common Stock",$16.44,0.18,1.107%,"690,326,335"
PFLT,PennantPark Floating Rate Capital Ltd. Common Stock,$6.95,-0.04,-0.572%,"689,564,377"
OABI,"OmniAb, Inc. Common Stock",$4.74,0.13,2.82%,"689,150,487"
LINC,Lincoln Educational Services Corporation Common Stock,$21.72,-0.74,-3.295%,"688,990,524"
DBVT,DBV Technologies S.A. American Depositary Shares,$11.64,0.08,0.692%,"688,890,527"
LPTH,"LightPath Technologies, Inc. Class A Common Stock",$9.83,-0.15,-1.503%,"688,456,357"
MSBI,"Midland States Bancorp, Inc. Common Stock",$33.17,-0.09,-0.271%,"688,347,555"
MG,Mistras Group Inc Common Stock,$21.59,0.07,0.325%,"687,639,190"
KRNT,Kornit Digital Ltd. Ordinary Shares,$16.00,0.44,2.828%,"687,464,544"
PKOH,Park-Ohio Holdings Corp. Common Stock,$47.44,-0.60,-1.249%,"687,406,074"
ELVR,Elevra Lithium Limited American Depository Shares,$40.55,-0.88,-2.124%,"686,822,802"
SOC,Sable Offshore Corp. Common Stock,$3.57,-0.31,-7.99%,"684,974,372"
VLGEA,"Village Super Market, Inc. Class A Common Stock",$46.11,0.74,1.631%,"682,865,630"
FAC,Factorial Energy Inc. Class A Common Stock,$6.38,0.10,1.592%,"682,808,303"
MDXG,"MiMedx Group, Inc Common Stock",$4.68,0.01,0.214%,"682,158,990"
IRWD,"Ironwood Pharmaceuticals, Inc. Class A Common Stock",$4.12,-0.01,-0.242%,"680,788,582"
XFLT,XAI Floating Rate & Alternative Income Trust Common Shares of Beneficial Interest,$19.16,-0.11,-0.571%,"679,577,073"
HELE,Helen of Troy Limited Common Stock,$29.16,0.53,1.851%,"679,196,499"
NVCT,"Nuvectis Pharma, Inc. Common Stock",$20.81,0.59,2.918%,"678,698,713"
HNRG,Hallador Energy Company Common Stock,$14.39,-0.33,-2.242%,"678,392,907"
BLSM,"BlossomHill Therapeutics, Inc. Common Stock",$21.34,1.59,8.051%,"678,289,958"
BLMN,"Bloomin' Brands, Inc. Common Stock",$7.91,0.035,0.444%,"677,261,453"
MPLT,"MapLight Therapeutics, Inc. Common Stock",$10.45,-0.01,-0.096%,"676,884,183"
STLN,"Starling Oncology, Inc. Common Stock",$6.64,-0.02,-0.30%,"676,723,004"
HOV,"Hovnanian Enterprises, Inc. Class A Common Stock",$113.48,-1.67,-1.45%,"676,328,317"
CNNE,"Cannae Holdings, Inc. Common Stock",$15.58,-0.16,-1.017%,"675,770,457"
CSHR,CoinShares PLC Ordinary Shares,$5.12,-0.41,-7.414%,"674,714,670"
CLYM,"Climb Bio, Inc. Common Stock",$11.74,0.08,0.686%,"674,301,634"
GEMI,"Gemini Space Station, Inc. Class A Common Stock",$5.20,-0.34,-6.137%,"674,191,450"
BHFAN,"Brighthouse Financial, Inc. Depositary shares, each representing a 1/1,000th interest in a share of 5.375% Non-Cumulative Preferred Stock, Series C",$11.72,-0.15,-1.264%,"674,035,518"
DNA,"Ginkgo Bioworks Holdings, Inc. Class A Common Stock",$10.46,-0.20,-1.876%,"672,999,297"
IVR,INVESCO MORTGAGE CAPITAL INC Common Stock,$6.25,-0.16,-2.496%,"672,752,606"
THM,"International Tower Hill Mines, Ltd. Ordinary Shares (Canada)",$2.57,-0.19,-6.884%,"672,408,306"
INDI,"indie Semiconductor, Inc. Class A Common Stock",$2.90,-0.12,-3.974%,"672,245,761"
EVC,Entravision Communications Corporation Common Stock,$7.28,-0.13,-1.754%,"671,858,860"
RGR,"Sturm, Ruger & Company, Inc. Common Stock",$42.04,-0.77,-1.799%,"671,725,882"
TRON,Tron Inc. Common Stock,$1.415,-0.025,-1.736%,"671,250,621"
ZVRA,"Zevra Therapeutics, Inc. Common Stock",$11.30,0.26,2.355%,"671,036,725"
BWMX,"Betterware de Mexico, S.A.P.I. de C.V. Ordinary Shares",$16.96,0.22,1.314%,"669,666,499"
DGICA,"Donegal Group, Inc. Class A Common Stock",$18.02,-0.07,-0.387%,"668,889,462"
CUBB,"Customers Bancorp, Inc 5.375% Subordinated Notes Due 2034",$21.08,-0.17,-0.80%,"666,623,169"
PZZA,"Papa John's International, Inc. Common Stock",$20.09,0.54,2.762%,"661,396,692"
KE,"Kimball Electronics, Inc. Common Stock",$27.53,0.26,0.953%,"660,499,622"
PSNYW,Polestar Automotive Holding UK PLC Class C-1 ADS (ADW),$4.02,-0.18,-4.286%,"660,406,119"
NEWTG,"NewtekOne, Inc. 8.50% Fixed Rate Senior Notes due 2029",$25.0799,-0.1501,-0.595%,"660,149,416"
SMWB,Similarweb Ltd. Ordinary Shares,$7.59,0.01,0.132%,"660,075,371"
NEWTI,"NewtekOne, Inc. 8.00% Fixed Rate Senior Notes due 2028",$25.05,-0.10,-0.398%,"659,362,393"
OSPN,OneSpan Inc. Common Stock,$17.88,0.07,0.393%,"658,916,853"
NSLRL,Neostellar Capital Corp. 6.00% Notes due 2026,$24.87,0.01,0.04%,"658,389,031"
NMFC,New Mountain Finance Corporation Common Stock,$6.97,-0.01,-0.143%,"658,333,158"
BHB,"Bar Harbor Bankshares, Inc. Common Stock",$39.21,0.25,0.642%,"657,397,997"
CARE,"Carter Bankshares, Inc. Common Stock",$29.66,-0.65,-2.145%,"657,382,193"
RRBI,"Red River Bancshares, Inc. Common Stock",$99.77,-1.23,-1.218%,"656,896,256"
EVER,"EverQuote, Inc. Class A Common Stock",$18.59,-0.05,-0.268%,"655,106,971"
MATV,"Mativ Holdings, Inc. Common Stock",$11.84,-0.08,-0.671%,"653,450,760"
TBLD,Thornburg Income Builder Opportunities Trust Common Stock,$20.31,-0.165,-0.806%,"651,583,044"
BSTZ,BlackRock Science and Technology Term Trust Common Shares of Beneficial Interest,$29.37,-0.39,-1.31%,"650,775,467"
WOOF,"Petco Health and Wellness Company, Inc. Class A Common Stock",$2.27,UNCH,--,"650,171,940"
DDI,"DoubleDown Interactive Co., Ltd. American Depository Shares",$13.09,0.09,0.692%,"648,654,530"
PKE,Park Aerospace Corp. Common Stock,$29.78,-0.33,-1.096%,"647,751,064"
NFGC,New Found Gold Corp Common Shares,$1.68,-0.07,-4.00%,"645,720,682"
STTK,"Shattuck Labs, Inc. Common Stock",$6.43,0.36,5.931%,"645,335,717"
ABTC,American Bitcoin Corp. Class A Common Stock,$8.84,-0.26,-2.857%,"643,726,263"
ACNB,ACNB Corporation Common Stock,$63.18,-0.55,-0.863%,"642,536,177"
ANGO,"AngioDynamics, Inc. Common Stock",$15.54,0.05,0.323%,"642,305,325"
TIPT,Tiptree Inc. Common Stock,$17.23,0.08,0.466%,"641,639,893"
PRTH,"Priority Technology Holdings, Inc. Common Stock",$7.77,-0.01,-0.129%,"640,561,690"
AURA,"Aura Biosciences, Inc. Common Stock",$6.15,0.15,2.50%,"637,784,575"
UAMY,United States Antimony Corporation Common Stock,$4.26,-0.24,-5.333%,"637,591,576"
YEXT,"Yext, Inc. Common Stock",$6.43,-0.04,-0.618%,"636,433,067"
IPX,IperionX Limited American Depositary Share,$18.75,-0.86,-4.386%,"636,345,131"
WCCB,West Coast Community Bancorp Common Stock,$60.41,-0.30,-0.494%,"635,759,854"
SUPV,Grupo Supervielle S.A. American Depositary Shares each Representing five Class B shares,$6.96,-0.28,-3.867%,"635,757,469"
HIFS,Hingham Institution for Savings Common Stock,$295.88,-3.30,-1.103%,"635,372,712"
SLRC,SLR Investment Corp. Common Stock,$11.64,-0.10,-0.852%,"635,015,940"
TROX,Tronox Holdings plc Ordinary Shares (UK),$3.97,-0.06,-1.489%,"634,009,115"
CCSI,"Consensus Cloud Solutions, Inc. Common Stock",$34.44,-0.78,-2.215%,"631,110,314"
CGNT,Cognyte Software Ltd. Ordinary Shares,$8.53,0.01,0.117%,"630,370,250"
RSVR,"Reservoir Media, Inc. Common Stock",$9.55,0.06,0.632%,"629,638,596"
SWBI,"Smith & Wesson Brands, Inc. Common Stock",$14.03,-0.23,-1.613%,"629,100,710"
INN,"Summit Hotel Properties, Inc. Common Stock",$5.82,0.08,1.394%,"627,707,155"
PHR,"Phreesia, Inc. Common Stock",$10.10,-0.05,-0.493%,"626,916,534"
DLY,DoubleLine Yield Opportunities Fund Common Shares of Beneficial Interest,$13.07,-0.04,-0.305%,"626,651,332"
FWRG,"First Watch Restaurant Group, Inc. Common Stock",$10.15,0.01,0.099%,"626,381,215"
AHG,Akso Health Group ADS,$0.731,-0.019,-2.533%,"626,250,753"
GAIN,Gladstone Investment Corporation Business Development Company,$15.71,-0.10,-0.633%,"625,603,102"
RILYT,"BRC Group Holdings, Inc. 6.00% Senior Notes Due 2028",$20.50,-0.14,-0.678%,"625,189,853"
HPP,"Hudson Pacific Properties, Inc. Common Stock",$11.50,-0.15,-1.288%,"624,090,522"
SMC,Summit Midstream Corporation Common Stock,$30.66,-0.14,-0.455%,"622,645,886"
CLDT,Chatham Lodging Trust (REIT) Common Shares of Beneficial Interest,$13.33,-0.02,-0.15%,"620,719,635"
MAMA,"Mama's Creations, Inc. Common Stock",$13.15,-0.20,-1.498%,"619,989,217"
RMT,"Royce Micro-Cap Trust, Inc. Common Stock",$13.39,-0.08,-0.594%,"619,543,343"
VTEX,VTEX Class A Common Shares,$3.58,-0.03,-0.831%,"619,316,655"
MGRE,"Affiliated Managers Group, Inc. 6.750% Junior Subordinated Notes due 2064",$21.78,-0.0451,-0.207%,"618,814,732"
SCHL,Scholastic Corporation Common Stock,$33.58,1.23,3.802%,"618,189,130"
DGICB,"Donegal Group, Inc. Class B Common Stock",$16.59,-1.61,-8.846%,"615,808,888"
GDYN,"Grid Dynamics Holdings, Inc. Class A Common Stock",$7.59,-0.16,-2.065%,"615,753,027"
FLGT,"Fulgent Genetics, Inc. Common Stock",$22.36,0.16,0.721%,"615,241,951"
CRMD,CorMedix Inc. Common Stock,$7.89,0.04,0.51%,"614,980,716"
FWDI,"Forward Industries, Inc. Common Stock",$8.05,-0.37,-4.394%,"614,120,131"
VALN,Valneva SE American Depositary Shares,$6.47,0.33,5.375%,"613,909,955"
MLR,"Miller Industries, Inc. Common Stock",$54.03,-0.01,-0.019%,"613,358,502"
SGMT,Sagimet Biosciences Inc. Series A Common Stock,$9.94,0.70,7.576%,"612,216,120"
MATW,Matthews International Corporation Class A Common Stock,$19.52,0.57,3.008%,"609,281,137"
NXP,Nuveen Select Tax Free Income Portfolio Common Stock,$13.01,-0.05,-0.383%,"608,856,460"
CLMB,"Climb Global Solutions, Inc. Common Stock",$32.61,0.96,3.033%,"608,523,438"
VINP,Vinci Compass Investments Ltd. Class A Common Shares,$9.29,-0.06,-0.642%,"607,771,290"
ISOU,IsoEnergy Ltd. Common Shares,$9.29,-0.06,-0.642%,"606,092,225"
EGY,"VAALCO Energy, Inc.  Common Stock",$5.76,-0.06,-1.031%,"605,904,641"
BTBT,"Bit Digital, Inc. Ordinary Shares",$1.68,-0.08,-4.545%,"605,864,285"
SHEN,Shenandoah Telecommunications Co Common Stock,$11.35,-0.41,-3.486%,"605,689,118"
ENHA,Enhanced Group Inc. Class A Common Stock,$1.53,0.09,6.25%,"604,925,375"
GOOD,Gladstone Commercial Corporation Real Estate Investment Trust,$12.47,-0.03,-0.24%,"603,641,537"
GLAS,Glass House Brands Inc. Subordinate Voting Shares,$6.85,0.05,0.735%,"602,786,190"
HTZ,"Hertz Global Holdings, Inc Common Stock",$1.69,-0.05,-2.874%,"602,402,854"
EFSCP,"Enterprise Financial Services Corporation Depositary Shares Each Representing a 1/40th Interest in a Share of 5% Fixed Rate Non-Cumulative Perpetual Preferred Stock, Series A",$16.60,-0.1899,-1.131%,"600,795,832"
FOF,"Cohen & Steers Closed-End Opportunity Fund, Inc. Common Stock",$12.22,-0.04,-0.326%,"600,474,034"
VEL,"Velocity Financial, Inc. Common Stock",$15.20,-0.15,-0.977%,"600,118,146"
NTGR,"NETGEAR, Inc. Common Stock",$21.98,-0.09,-0.408%,"597,394,882"
AQST,"Aquestive Therapeutics, Inc. Common Stock",$4.75,0.07,1.496%,"596,180,328"
KRNY,Kearny Financial Corp Common Stock,$9.17,-0.19,-2.03%,"595,402,433"
BME,Blackrock Health Sciences Trust,$44.63,-0.21,-0.468%,"595,052,593"
PHAT,"Phathom Pharmaceuticals, Inc. Common Stock",$7.35,0.05,0.685%,"594,621,865"
TLRY,"Tilray Brands, Inc. Common Stock ",$4.02,-0.11,-2.663%,"594,084,207"
BAK,Braskem SA ADR,$1.49,-0.05,-3.247%,"593,919,836"
RMR,The RMR Group Inc. Class A Common Stock,$18.51,-0.02,-0.108%,"593,804,983"
ARQQ,Arqit Quantum Inc. Ordinary Shares,$24.64,0.04,0.163%,"593,592,014"
BHFAM,"Brighthouse Financial, Inc. Depositary shares each representing a 1/1,000th Interest in a Share of 4.625% Non-Cumulative Preferred Stock, Series D",$10.30,-0.19,-1.811%,"592,369,099"
ARRY,"Array Technologies, Inc. Common Stock",$3.83,-0.20,-4.963%,"589,849,460"
WEAV,"Weave Communications, Inc. Common Stock",$7.37,0.02,0.272%,"589,593,507"
KIDS,OrthoPediatrics Corp. Common Stock,$22.58,0.03,0.133%,"589,559,013"
RILYZ,"BRC Group Holdings, Inc. 5.25% Senior Notes due 2028",$19.31,-0.23,-1.177%,"588,898,344"
BXC,Bluelinx Holdings Inc. Common Stock,$74.90,-1.45,-1.899%,"588,730,253"
IBEX,IBEX Limited Common Shares,$44.33,-0.20,-0.449%,"588,641,845"
CBNK,"Capital Bancorp, Inc. Common Stock",$36.12,0.07,0.194%,"588,411,271"
JBI,"Janus International Group, Inc. Common Stock",$4.31,0.10,2.375%,"588,038,255"
AGNT,"AGNT, Inc. Common Stock",$3.51,-0.12,-3.306%,"586,583,959"
CTMX,"CytomX Therapeutics, Inc. Common Stock",$2.69,-0.01,-0.37%,"586,149,074"
DDD,3D Systems Corporation Common Stock,$3.52,-0.05,-1.401%,"584,837,535"
OOMA,"Ooma, Inc. Common Stock",$21.18,-0.59,-2.71%,"584,568,000"
ALOY,REalloys Inc. Common Stock,$8.42,-0.48,-5.393%,"584,507,399"
GOTU,Gaotu Techedu Inc. American Depositary Shares,$2.45,-0.01,-0.407%,"584,182,513"
GCBC,"Greene County Bancorp, Inc. Common Stock",$34.31,-0.15,-0.435%,"584,144,390"
WHFCL,"WhiteHorse Finance, Inc. 7.875% Notes due 2028",$25.04,-0.04,-0.159%,"582,006,924"
FBIZ,"First Business Financial Services, Inc. Common Stock",$69.42,-1.11,-1.574%,"580,928,774"
SSII,SS Innovations International Inc. Common Stock,$2.89,-0.06,-2.034%,"579,113,907"
LMB,"Limbach Holdings, Inc. Common Stock",$48.56,-2.92,-5.672%,"579,077,660"
ALT,"Altimmune, Inc. Common Stock",$2.96,-0.10,-3.268%,"575,772,395"
BWB,"Bridgewater Bancshares, Inc. Common Stock",$20.63,-0.14,-0.674%,"575,243,268"
NCDL,Nuveen Churchill Direct Lending Corp. Common Stock,$11.64,-0.06,-0.513%,"574,865,437"
KELYA,"Kelly Services, Inc. Class A Common Stock",$16.54,0.06,0.364%,"574,466,337"
CCB,Coastal Financial Corporation Common Stock,$37.545,-7.275,-16.232%,"573,925,147"
SPT,"Sprout Social, Inc Class A Common Stock",$9.47,-0.07,-0.734%,"573,808,248"
METC,"Ramaco Resources, Inc. Class A Common Stock",$8.98,-0.04,-0.443%,"571,875,801"
HY,"Hyster-Yale, Inc. Class A common stock",$31.87,0.90,2.906%,"571,441,434"
NGNE,Neurogene Inc. Common Stock ,$28.48,0.17,0.60%,"569,924,159"
DCBO,Docebo Inc. Common Shares,$22.84,UNCH,--,"569,803,047"
TMS,Teamshares Inc. Common Stock,$7.73,-0.27,-3.375%,"569,395,789"
HNST,"The Honest Company, Inc. Common Stock",$5.30,0.01,0.189%,"568,607,209"
GRNT,"Granite Ridge Resources, Inc. Common Stock",$4.31,-0.13,-2.928%,"568,490,043"
XMAX,"XMAX, Inc. Common Stock",$8.76,0.05,0.574%,"568,310,484"
GORO,Goldgroup Mining Inc. Common Shares,$3.36,-0.14,-4.00%,"567,930,535"
ELMT,The Elmet Group Co. Common Stock,$18.64,-1.00,-5.092%,"567,765,043"
ENRD,Einride AB American Depositary Shares,$3.87,-0.27,-6.522%,"567,687,626"
SFST,"Southern First Bancshares, Inc. Common Stock",$59.93,-0.69,-1.138%,"567,642,277"
IIIN,"Insteel Industries, Inc. Common Stock",$29.29,-0.19,-0.645%,"567,003,055"
EBF,"Ennis, Inc. Common Stock",$22.41,0.28,1.265%,"566,934,276"
CTGO,Contango Silver & Gold Inc. Common Stock,$16.95,-1.60,-8.625%,"566,819,712"
EVO,Evotec SE American Depositary Shares,$1.59,0.03,1.923%,"565,651,347"
VMO,Invesco Municipal Opportunity Trust Common Stock,$8.37,-0.26,-3.013%,"564,478,533"
PAR,PAR Technology Corporation Common Stock,$13.64,-0.42,-2.987%,"564,187,337"
MAX,"MediaAlpha, Inc. Class A Common Stock",$9.20,-0.07,-0.755%,"563,628,598"
BRBI,BRBI BR Partners S.A. ADSs,$11.24,UNCH,--,"563,534,777"
ALLO,"Allogene Therapeutics, Inc. Common Stock",$1.63,-0.02,-1.212%,"563,150,136"
MNPR,Monopar Therapeutics Inc. Common Stock,$83.72,-1.515,-1.777%,"561,943,040"
UNTY,"Unity Bancorp, Inc. Common Stock",$55.93,-0.12,-0.214%,"561,681,388"
ENVX,Enovix Corporation Common Stock,$2.555,-0.315,-10.976%,"560,691,007"
LOT,Lotus Technology Inc. American Depositary Shares,$0.8701,-0.0298,-3.311%,"558,682,400"
MGR,"Affiliated Managers Group, Inc. 5.875% Junior Subordinated Notes due 2059",$19.65,-0.01,-0.051%,"558,297,038"
CARS,Cars.com Inc. Common Stock ,$10.42,-0.48,-4.404%,"557,810,880"
FBRT,"Franklin BSP Realty Trust, Inc. Common Stock",$6.71,-0.26,-3.73%,"557,234,741"
YB,Yuanbao Inc. American Depositary Shares,$12.08,-0.135,-1.105%,"556,648,828"
CIVB,"Civista Bancshares, Inc. Common Stock",$26.71,-0.35,-1.293%,"555,414,097"
ADTN,"ADTRAN Holdings, Inc. Common Stock",$6.80,-0.33,-4.628%,"554,073,568"
TITN,Titan Machinery Inc. Common Stock,$23.47,-0.02,-0.085%,"552,317,093"
VFSWW,VinFast Auto Ltd. Warrant,$0.2357,-0.0093,-3.796%,"551,428,638"
RYAM,Rayonier Advanced Materials Inc. Common Stock,$8.15,-0.42,-4.901%,"551,300,295"
FBIOP,"Fortress Biotech, Inc. 9.375% Series A Cumulative Redeemable Perpetual Preferred Stock",$16.52,-0.125,-0.751%,"550,958,404"
DCTH,"Delcath Systems, Inc. Common Stock",$15.81,0.21,1.346%,"548,587,949"
MSIF,"MSC Income Fund, Inc. Common Stock",$12.08,-0.14,-1.146%,"547,770,366"
ITIC,Investors Title Company Common Stock,$289.47,3.41,1.192%,"546,518,202"
TMQ,Trilogy Metals Inc. Common Stock,$3.16,-0.04,-1.25%,"545,876,219"
NVRI,Enviri Corporation Common Stock,$19.35,0.20,1.044%,"545,478,803"
NRIM,Northrim BanCorp Inc Common Stock,$24.52,-0.46,-1.841%,"545,441,662"
NRDS,"NerdWallet, Inc. Class A Common Stock",$8.52,0.02,0.235%,"544,625,442"
GMRS,GMR Solutions Inc. Class A Common Stock,$10.02,-1.04,-9.403%,"541,297,544"
EPRX,Eupraxia Pharmaceuticals Inc. Common Stock,$8.21,0.20,2.497%,"541,093,449"
WTI,"W&T Offshore, Inc. Common Stock",$3.58,-0.07,-1.918%,"540,375,768"
CBIO,"Crescent Biopharma, Inc. Common Stock",$14.53,0.54,3.86%,"539,701,448"
UHT,Universal Health Realty Income Trust Common Stock,$38.79,0.14,0.362%,"539,129,952"
HUYA,"HUYA Inc. American depositary shares, each  representing one Class A ordinary share",$2.36,0.06,2.609%,"538,943,979"
BWBBP,"Bridgewater Bancshares, Inc. Depositary Shares, Each Representing a 1/100th Interest in a Share of 5.875% Non-Cumulative Perpetual Preferred Stock, Series A",$19.30,-0.30,-1.531%,"538,157,784"
ETD,Ethan Allen Interiors Inc. Common Stock,$21.20,-0.09,-0.423%,"534,293,064"
CWH,"Camping World Holdings, Inc. Class A Common Stock",$5.17,-0.22,-4.082%,"534,034,716"
NOAH,Noah Holdings Limited American Depositary Shares,$7.96,0.04,0.505%,"533,731,190"
BSVN,Bank7 Corp. Common stock,$56.02,0.17,0.304%,"533,638,453"
CMDB,Costamare Bulkers Holdings Limited Common Stock,$22.04,0.14,0.639%,"532,937,603"
PACB,"Pacific Biosciences of California, Inc. Common Stock",$1.71,0.09,5.556%,"531,520,598"
NVEC,NVE Corporation Common Stock,$109.81,0.68,0.623%,"531,169,198"
BWAY,BrainsWay Ltd. American Depositary Shares,$13.25,-0.06,-0.451%,"530,437,595"
AGCC,Agencia Comercial Spirits Ltd Class A Ordinary Shares,$14.20,-0.80,-5.333%,"529,468,300"
MTC,"MMTec, Inc. Common Shares",$5.30,-0.01,-0.188%,"527,815,398"
HBCP,"Home Bancorp, Inc. Common Stock",$67.06,-0.54,-0.799%,"527,812,495"
BWFG,"Bankwell Financial Group, Inc. Common Stock",$66.16,-0.32,-0.481%,"527,425,668"
EOLS,"Evolus, Inc. Common Stock",$7.96,-0.01,-0.125%,"525,761,502"
ITRG,Integra Resources Corp. Common Shares,$2.59,-0.16,-5.818%,"525,441,251"
OCS,Oculis Holding AG Ordinary shares,$9.06,-0.21,-2.265%,"525,339,008"
MSBIP,"Midland States Bancorp, Inc. Depositary Shares Each Representing a 1/40th Interest in a Share of 7.750% Fixed-Rate Reset Non-Cumulative Perpetual Preferred Stock, Series A",$25.30,UNCH,--,"525,028,434"
PANL,Pangaea Logistics Solutions Ltd. Common Shares,$8.01,UNCH,--,"524,444,914"
SLN,Silence Therapeutics Plc American Depository Share,$11.20,0.02,0.179%,"524,160,000"
BMM,Blue Moon Metals Inc. Common Shares,$4.99,-0.17,-3.295%,"523,266,375"
NPB,"Northpointe Bancshares, Inc. Common Stock",$15.11,-0.26,-1.692%,"522,531,633"
SDHC,Smith Douglas Homes Corp. Class A Common Stock,$10.28,UNCH,--,"522,515,757"
OPFI,OppFi Inc. Class A Common Stock,$6.12,-0.16,-2.548%,"521,474,472"
PRME,"Prime Medicine, Inc. Common Stock",$2.875,-0.025,-0.862%,"521,458,461"
SENS,"Senseonics Holdings, Inc. Common Stock",$9.84,-0.16,-1.60%,"520,280,682"
DDL,Dingdong (Cayman) Limited American Depositary Shares (each two representing three Ordinary Shares),$2.19,-0.03,-1.351%,"517,338,630"
SBC,SBC Medical Group Holdings Incorporated Common Stock,$5.03,0.13,2.653%,"517,320,123"
TCMD,"Tactile Systems Technology, Inc. Common Stock",$22.82,0.09,0.396%,"516,925,167"
FWRD,Forward Air Corporation Common Stock,$15.27,0.58,3.948%,"515,833,763"
SLDP,"Solid Power, Inc. Class A Common Stock",$2.26,-0.13,-5.439%,"515,689,539"
BSRR,Sierra Bancorp Common Stock,$39.77,-0.13,-0.326%,"515,554,299"
WNC,Wabash National Corporation Common Stock,$12.65,-0.38,-2.916%,"515,325,238"
RFI,"Cohen & Steers Total Return Realty Fund, Inc. Common Stock",$10.48,-0.08,-0.758%,"514,972,821"
NDMO,Nuveen Dynamic Municipal Opportunities Fund Common Shares of Beneficial Interest,$8.66,-0.15,-1.703%,"514,968,926"
ONT,"Onterris, Inc. Common Stock",$14.64,0.64,4.571%,"514,119,087"
BRSP,"BrightSpire Capital, Inc. Class A Common Stock",$4.06,-0.03,-0.733%,"513,688,171"
AUXX,Gold X2 Mining Inc. Common Shares,$5.06,-0.255,-4.798%,"511,995,128"
SGHT,"Sight Sciences, Inc. Common Stock",$9.27,0.34,3.807%,"510,665,667"
DRUG,Bright Minds Biosciences Inc. Common Stock,$51.66,-0.14,-0.27%,"509,577,391"
LAES,SEALSQ Corp Ordinary Shares,$2.28,-0.07,-2.979%,"507,924,718"
ROMA,Roma Green Finance Limited Class A Ordinary Shares,$8.52,-0.4462,-4.976%,"507,490,145"
PBYI,Puma Biotechnology Inc Common Stock,$9.82,0.05,0.512%,"506,909,048"
NXRT,"NexPoint Residential Trust, Inc. Common Stock",$19.84,0.20,1.018%,"506,908,290"
MTLS,Materialise NV American Depositary Shares,$8.58,0.15,1.779%,"506,796,456"
WRN,Western Copper and Gold Corporation Common Stock,$2.24,-0.08,-3.448%,"506,632,954"
CAPR,"Capricor Therapeutics, Inc. Common Stock",$8.71,0.35,4.187%,"506,390,594"
NB,NioCorp Developments Ltd. Common Stock,$3.47,-0.07,-1.977%,"506,098,216"
HBB,Hamilton Beach Brands Holding Company Class A Common Stock ,$37.60,0.34,0.913%,"505,431,683"
OBT,"Orange County Bancorp, Inc. Common Stock",$37.68,-0.14,-0.37%,"505,212,046"
GAU,Galiano Gold Inc.,$1.93,-0.13,-6.311%,"504,872,105"
OIO,OIO Group Ordinary Shares,$1.45,-0.20,-12.121%,"504,632,057"
SD,"SandRidge Energy, Inc. Common Stock",$13.60,-0.27,-1.947%,"504,224,026"
YDES,YD Bio Limited Ordinary Shares,$7.11,1.38,24.084%,"503,610,870"
AGMB,AgomAb Therapeutics NV American Depositary Shares,$10.21,-0.30,-2.854%,"502,821,825"
SWRD,Stewards Inc Common Stock,$2.38,-0.23,-8.812%,"502,536,912"
IIM,Invesco Value Municipal Income Trust Common Stock,$10.67,-0.33,-3.00%,"502,220,244"
DNUT,"Krispy Kreme, Inc. Common Stock",$2.89,UNCH,--,"501,415,000"
OIS,"Oil States International, Inc. Common Stock",$8.31,0.03,0.362%,"501,280,964"
MEI,"Methode Electronics, Inc. Common Stock",$14.06,-0.45,-3.101%,"501,169,445"
BBCP,"Concrete Pumping Holdings, Inc. Common Stock",$9.90,0.13,1.331%,"498,894,858"
ORBS,Eightco Holdings Inc. Common Stock,$1.16,0.02,1.754%,"498,541,784"
CSV,"Carriage Services, Inc. Common Stock",$31.38,-0.56,-1.753%,"498,386,448"
KMDA,Kamada Ltd. Ordinary Shares,$8.62,-0.10,-1.147%,"497,462,829"
YORW,York Water Company (The) Common Stock,$30.62,-0.36,-1.162%,"496,919,150"
AMCX,AMC Global Media Inc. Class A Common Stock,$12.03,-0.13,-1.069%,"496,237,151"
AUTL,Autolus Therapeutics plc American Depositary Share,$1.86,0.005,0.27%,"495,062,324"
ETO,Eaton Vance Tax-Advantage Global Dividend Opp Common Stock,$30.15,-0.28,-0.92%,"494,102,361"
TKNO,"Alpha Teknova, Inc. Common Stock",$9.20,-0.13,-1.393%,"493,931,863"
CERS,Cerus Corporation Common Stock,$2.45,-0.17,-6.489%,"493,736,000"
WTBA,West Bancorporation Common Stock,$28.96,-0.23,-0.788%,"493,586,797"
GFUZ,General Fusion Group Ltd. Common Shares,$7.76,-0.01,-0.129%,"493,138,075"
RGNX,REGENXBIO Inc. Common Stock,$7.47,0.07,0.946%,"493,118,544"
COFS,"ChoiceOne Financial Services, Inc. Common Stock",$32.95,-0.11,-0.333%,"492,784,384"
BDN,Brandywine Realty Trust Common Stock,$2.82,-0.04,-1.399%,"492,306,850"
PBAM,"Private Bancorp of America, Inc. Common Stock",$85.80,-0.45,-0.522%,"491,615,810"
ARVN,"Arvinas, Inc. Common Stock",$7.51,-0.08,-1.054%,"491,050,294"
AII,"American Integrity Insurance Group, Inc. Common Stock",$24.98,-0.21,-0.834%,"489,443,806"
NEXN,Nexxen International Ltd. Ordinary Shares,$8.78,0.08,0.92%,"489,228,440"
PDLB,"Ponce Financial Group, Inc. Common Stock",$20.21,-0.13,-0.639%,"488,837,479"
ESEA,Euroseas Ltd. Common Stock (Marshall Islands),$69.21,-0.49,-0.703%,"488,337,524"
MFI,mF International Limited Class A Ordinary Shares,$9.72,0.12,1.25%,"487,715,434"
PROK,ProKidney Corp. Class A Ordinary Shares,$1.61,0.01,0.625%,"486,739,475"
TRTX,"TPG RE Finance Trust, Inc. Common Stock",$6.33,-0.23,-3.506%,"485,947,827"
NPCE,"Neuropace, Inc. Common Stock",$14.15,0.09,0.64%,"485,688,477"
HQL,abrdn Life Sciences Investors Shares of Beneficial Interest,$18.90,-0.07,-0.369%,"485,345,120"
ILPT,Industrial Logistics Properties Trust Common Shares of Beneficial Interest,$7.27,-0.10,-1.357%,"485,242,555"
QUAD,"Quad Graphics, Inc Class A Common Stock",$9.41,-0.02,-0.212%,"484,250,852"
MCFT,"MasterCraft Boat Holdings, Inc. Common Stock",$19.87,-0.72,-3.497%,"483,623,302"
GLRE,"Greenlight Capital Re, Ltd. Class A Ordinary Shares",$14.81,-0.08,-0.537%,"483,418,305"
QNC,Quantum eMotion Corp. Common Shares,$2.20,0.32,17.021%,"482,723,274"
NMCO,Nuveen Municipal Credit Opportunities Fund Common Shares,$8.81,-0.26,-2.867%,"482,536,686"
MASS,908 Devices Inc. Common Stock,$11.66,0.22,1.923%,"481,951,000"
ALTI,"AlTi Global, Inc. Class A Common Stock",$3.09,-0.04,-1.278%,"481,865,205"
JKS,JinkoSolar Holding Company Limited American Depositary Shares (each representing 4 Common Shares),$9.20,-0.47,-4.86%,"481,805,730"
FMAO,"Farmers & Merchants Bancorp, Inc. Common Stock",$34.96,0.03,0.086%,"481,509,744"
OLP,"One Liberty Properties, Inc. Common Stock",$22.06,-0.43,-1.912%,"481,460,029"
ASMB,"Assembly Biosciences, Inc. Common Stock",$23.61,-0.06,-0.253%,"480,713,672"
OVID,Ovid Therapeutics Inc. Common Stock,$2.46,0.06,2.50%,"480,432,728"
CIX,CompX International Inc. Common Stock,$38.91,1.11,2.937%,"480,019,324"
CTNM,"Contineum Therapeutics, Inc. Class A Common Stock",$12.73,0.17,1.354%,"478,917,010"
ARKO,ARKO Corp. Common Stock,$4.26,-0.02,-0.467%,"477,911,171"
SPIR,"Spire Global, Inc. Class A Common Stock",$11.74,-0.34,-2.815%,"476,906,636"
SPCE,"Virgin Galactic Holdings, Inc. Common Stock",$3.14,-0.05,-1.567%,"476,011,135"
VKQ,Invesco Municipal Trust Common Stock,$8.55,-0.16,-1.837%,"473,118,653"
VGM,Invesco Trust for Investment Grade Municipals Common Stock (DE),$8.72,-0.40,-4.386%,"472,902,761"
GTN,"Gray Media, Inc. Common Stock",$4.59,0.01,0.218%,"472,698,318"
FTHY,First Trust High Yield Opportunities 2027 Term Fund Common Stock,$12.85,-0.15,-1.154%,"472,532,909"
CMCO,Columbus McKinnon Corporation Common Stock,$16.37,-0.46,-2.733%,"472,507,674"
KRUS,"Kura Sushi USA, Inc. Class A Common Stock",$38.82,-0.09,-0.231%,"471,656,634"
XRN,Chiron Real Estate Inc. Common Stock,$35.42,-0.43,-1.199%,"468,883,939"
FPI,Farmland Partners Inc. Common Stock,$10.74,-0.12,-1.105%,"468,593,954"
ENTX,Entera Bio Ltd. Ordinary Shares,$2.69,-0.055,-2.004%,"467,851,331"
CLPT,"ClearPoint Neuro, Inc. Common Stock",$15.31,0.48,3.237%,"467,019,715"
GRVY,"GRAVITY Co., Ltd. American Depository Shares",$66.81,0.30,0.451%,"464,256,009"
JOUT,Johnson Outdoors Inc. Class A Common Stock,$44.24,-0.19,-0.428%,"463,620,601"
RWT,"Redwood Trust, Inc. Common Stock",$3.69,-0.03,-0.806%,"463,509,874"
RILYL,"BRC Group Holdings, Inc. Depositary Shares each representing 1/1000th in a share of 7.375% Series B Cumulative Perpetual Preferred Stock, par value $0.0001",$11.5218,-0.4407,-3.684%,"463,173,537"
MGRB,"Affiliated Managers Group, Inc. 4.750% Junior Subordinated Notes due 2060",$16.30,-0.04,-0.245%,"463,116,627"
TATT,TAT Technologies Ltd. Ordinary Shares,$35.64,-1.93,-5.137%,"462,719,003"
SRTA,"Strata Critical Medical, Inc. Class A Common Stock",$5.23,-0.10,-1.876%,"462,681,395"
LXFR,Luxfer Holdings PLC Ordinary Shares,$17.28,0.03,0.174%,"462,399,684"
CLB,Core Laboratories Inc. Common Stock,$10.03,-0.36,-3.465%,"460,221,956"
OPTU,"Optimum Communications, Inc. Class A common stock",$1.01,UNCH,--,"460,140,704"
IQI,Invesco Quality Municipal Income Trust Common Stock,$8.70,-0.25,-2.793%,"460,089,034"
TECX,"Tectonic Therapeutic, Inc. Common Stock",$23.51,-0.16,-0.676%,"459,605,595"
ULH,"Universal Logistics Holdings, Inc. Common Stock",$17.40,0.71,4.254%,"458,799,807"
ASTL,Algoma Steel Group Inc. Common Shares,$4.35,0.09,2.113%,"458,440,493"
CZNC,Citizens & Northern Corp Common Stock,$25.56,-0.14,-0.545%,"458,415,201"
TYG,Tortoise Energy Infrastructure Corporation Common Stock,$38.42,-1.60,-3.998%,"458,270,033"
KDK,"Kodiak AI, Inc. Common Stock ",$2.27,-0.16,-6.584%,"455,403,246"
IDR,"Idaho Strategic Resources, Inc. Common Stock",$28.76,-1.63,-5.364%,"455,160,649"
MBUU,"Malibu Boats, Inc. Class A Common Stock",$23.13,-0.96,-3.985%,"455,135,394"
VRRM,Verra Mobility Corporation Class A Common Stock,$2.99,-0.25,-7.716%,"454,428,584"
ZKH,"ZKH Group Limited American Depositary Shares, each representing thirty-five (35) Class A Ordinary Shares",$2.85,-0.01,-0.35%,"452,920,053"
TWI,"Titan International, Inc. (DE) Common Stock",$7.00,-0.07,-0.99%,"451,796,464"
SLI,Standard Lithium Ltd. Common Shares,$1.83,-0.03,-1.613%,"451,615,016"
ETB,Eaton Vance Tax-Managed Buy-Write Income Fund Eaton Vance Tax-Managed Buy-Write Income Fund Common Shares of Beneficial Interest,$15.35,-0.13,-0.84%,"450,850,959"
CMCL,Caledonia Mining Corporation Plc Common Shares,$23.30,-0.54,-2.265%,"450,507,341"
WEYS,"Weyco Group, Inc. Common Stock",$47.14,-0.30,-0.632%,"450,233,339"
DMAC,DiaMedica Therapeutics Inc. Common Stock,$8.32,0.38,4.786%,"448,661,799"
PRTA,Prothena Corporation plc Ordinary Shares,$8.72,0.43,5.187%,"447,658,413"
CDRO,"Codere Online Luxembourg, S.A. Ordinary Shares",$9.81,-0.20,-1.998%,"446,059,866"
URG,Ur Energy Inc Common Shares (Canada),$1.12,-0.01,-0.885%,"445,607,366"
RBB,RBB Bancorp Common Stock,$26.33,-0.25,-0.941%,"445,397,332"
BMRC,Bank of Marin Bancorp Common Stock,$27.47,-0.44,-1.576%,"444,855,993"
FRBA,First Bank Common Stock,$17.68,-0.12,-0.674%,"444,376,245"
NRC,NRC Health Common Stock,$20.06,0.49,2.504%,"443,718,494"
TRC,Tejon Ranch Co Common Stock,$16.41,-0.04,-0.243%,"443,421,896"
MRAM,"Everspin Technologies, Inc. Common Stock",$18.13,-0.34,-1.841%,"441,465,663"
CWCO,Consolidated Water Co. Ltd. Ordinary Shares,$27.53,-0.33,-1.184%,"440,834,173"
AMSF,"AMERISAFE, Inc. Common Stock",$23.76,0.25,1.063%,"440,416,738"
PBFS,"Pioneer Bancorp, Inc. Common Stock",$17.72,0.05,0.283%,"440,194,268"
AHRT,"AH Realty Trust, Inc. Common Stock",$5.90,-0.01,-0.169%,"440,098,653"
ATNI,"ATN International, Inc. Common Stock",$28.57,-0.05,-0.175%,"440,073,909"
ADUR,Aduro Clean Technologies Inc. Common Stock,$12.31,-0.32,-2.534%,"439,525,448"
VHI,"Valhi, Inc. Common Stock",$15.51,-0.48,-3.002%,"439,261,703"
INDP,"Indaptus Therapeutics, Inc. Common Stock",$3.29,-0.56,-14.545%,"438,367,246"
CBK,"Commercial Bancgroup, Inc. Common Stock",$31.99,-0.10,-0.312%,"438,303,627"
ACIC,American Coastal Insurance Corporation Common Stock,$9.26,-0.14,-1.489%,"437,737,127"
RILYP,"BRC Group Holdings, Inc. Depositary Shares, each representing a 1/1000th fractional interest in a share of Series A Cumulative Perpetual Preferred Stock",$10.8811,-0.5389,-4.719%,"437,417,554"
CBAN,"Colony Bankcorp, Inc. Common Stock",$20.58,-0.10,-0.484%,"436,727,460"
IMSR,Terrestrial Energy Inc. Common Stock  ,$4.12,-0.185,-4.297%,"436,453,246"
IPI,"Intrepid Potash, Inc Common Stock",$32.34,-1.70,-4.994%,"435,188,837"
GLAD,Gladstone Capital Corporation Common Stock,$19.26,-0.10,-0.517%,"435,142,509"
HVT,"Haverty Furniture Companies, Inc. Common Stock",$27.83,-0.12,-0.429%,"433,970,612"
PLBC,Plumas Bancorp,$62.34,0.05,0.08%,"433,825,057"
AVBC,"Avidia Bancorp, Inc. Common Stock",$21.71,0.03,0.138%,"433,555,343"
CAL,"Caleres, Inc. Common Stock",$12.53,0.01,0.08%,"432,347,362"
FVR,"FrontView REIT, Inc. Common Stock",$17.64,-0.22,-1.232%,"431,403,011"
GENVR,Gen Digital Inc. Contingent Value Rights,$0.72,-0.38,-34.545%,"430,982,663"
ECX,ECARX Holdings Inc. Class A Ordinary shares,$1.13,0.04,3.67%,"430,597,782"
GUT,Gabelli Utility Trust (The) Common Stock,$5.86,-0.04,-0.678%,"430,118,310"
MEC,"Mayville Engineering Company, Inc. Common Stock",$16.85,-0.31,-1.807%,"429,680,577"
LOCO,"El Pollo Loco Holdings, Inc. Common Stock",$14.10,0.01,0.071%,"429,104,412"
ASPN,"Aspen Aerogels, Inc. Common Stock",$5.17,-0.05,-0.958%,"429,052,013"
EIKN,"Eikon Therapeutics, Inc. Common Stock",$7.91,-0.01,-0.126%,"428,445,387"
XRX,Xerox Holdings Corporation Common Stock,$3.26,-0.06,-1.807%,"428,085,306"
DGXX,Digi Power X Inc. Subordinate Voting Shares,$4.22,-0.37,-8.061%,"427,879,958"
VCV,Invesco California Value Municipal Income Trust Common Stock,$8.93,-0.21,-2.298%,"427,662,388"
GLOO,"Gloo Holdings, Inc. Class A Common Stock",$4.66,-0.11,-2.306%,"426,534,651"
MAGN,Magnera Corporation Common Stock,$11.91,-0.22,-1.814%,"426,378,000"
ASIX,AdvanSix Inc. Common Stock ,$15.78,-0.02,-0.127%,"426,078,715"
AGEN,Agenus Inc. Common Stock,$9.43,0.89,10.422%,"425,876,868"
CTRN,"Citi Trends, Inc. Common Stock",$50.82,1.79,3.651%,"423,810,697"
USDE,StablecoinX Inc. Class A Common Stock,$15.56,-1.69,-9.797%,"423,031,727"
NGS,"Natural Gas Services Group, Inc. Common Stock",$32.75,-0.05,-0.152%,"422,418,834"
KYTX,"Kyverna Therapeutics, Inc. Common Stock",$6.82,0.01,0.147%,"421,772,288"
EVGO,EVgo Inc. Class A Common Stock,$1.34,-0.04,-2.899%,"421,451,065"
GNE,Genie Energy Ltd. Class B Common Stock Stock,$16.00,0.08,0.503%,"421,113,968"
BTQ,BTQ Technologies Corp. Common Stock,$2.86,0.12,4.38%,"420,650,736"
IRD,"Opus Genetics, Inc. Common Stock",$5.05,0.29,6.092%,"420,138,906"
ACTG,Acacia Research Corporation (Acacia Tech) Common Stock,$4.30,0.03,0.703%,"419,623,262"
SGU,Star Group L.P. Common Stock,$12.78,-0.05,-0.39%,"419,327,340"
MNRO,"Monro, Inc. Common Stock",$13.40,-0.34,-2.475%,"418,938,404"
USCB,"USCB Financial Holdings, Inc. Class A Common Stock",$22.65,0.02,0.088%,"418,446,746"
ALLT,Allot Ltd. Ordinary Shares,$8.53,-0.16,-1.841%,"417,314,034"
AVIR,"Atea Pharmaceuticals, Inc. Common Stock",$5.20,0.03,0.58%,"417,064,435"
CLFD,"Clearfield, Inc. Common Stock",$30.66,-0.41,-1.32%,"416,484,060"
NATH,"Nathan's Famous, Inc. Common Stock",$101.48,-0.07,-0.069%,"415,830,638"
VITL,"Vital Farms, Inc. Common Stock",$9.67,-0.28,-2.814%,"415,147,818"
MGRD,"Affiliated Managers Group, Inc. 4.200% Junior Subordinated Notes due 2061",$14.5586,-0.0214,-0.147%,"413,639,860"
EVH,"Evolent Health, Inc Class A Common Stock",$3.65,0.04,1.108%,"412,666,573"
SCTX,Scribe Therapeutics Inc. Common Stock,$21.77,0.49,2.303%,"412,142,674"
BLW,Blackrock Limited Duration Income Trust,$11.53,-0.08,-0.689%,"411,750,747"
NMG,Nouveau Monde Graphite Inc. Common Shares,$1.25,-0.07,-5.303%,"411,446,038"
DDT,Dillard's Capital Trust I,$26.32,0.058,0.221%,"411,103,950"
ARCT,Arcturus Therapeutics Holdings Inc. Common Stock,$14.46,0.61,4.404%,"410,997,578"
SPRY,"ARS Pharmaceuticals, Inc. Common Stock",$4.13,0.05,1.225%,"410,717,527"
RLGT,"Radiant Logistics, Inc. Common Stock",$8.75,0.17,1.981%,"410,324,863"
CHCT,Community Healthcare Trust Incorporated Common Stock,$14.31,-0.10,-0.694%,"410,036,479"
ADV,Advantage Solutions Inc. Class A Common Stock,$31.93,-1.19,-3.593%,"409,413,804"
PHOE,Phoenix Asia Holdings Limited Ordinary Shares,$18.95,-1.04,-5.203%,"409,320,000"
CRMLW,Critical Metals Corp. Warrants,$2.78,-0.135,-4.631%,"408,642,633"
CYH,"Community Health Systems, Inc. Common Stock",$2.89,-0.05,-1.701%,"407,517,042"
MYGN,"Myriad Genetics, Inc. Common Stock",$4.24,0.07,1.679%,"405,554,495"
FRPH,"FRP Holdings, Inc. Common Stock",$21.09,-0.02,-0.095%,"404,892,168"
RZLT,"Rezolute, Inc. Common Stock (NV)",$4.18,0.28,7.179%,"404,299,352"
RLMD,"Relmada Therapeutics, Inc. Common Stock",$3.79,-0.04,-1.044%,"404,278,716"
LAND,Gladstone Land Corporation Common Stock,$9.37,-0.11,-1.16%,"404,189,689"
ISTR,Investar Holding Corporation Common Stock,$29.33,-0.04,-0.136%,"404,080,173"
OFIX,Orthofix Medical Inc. Common Stock (DE),$9.84,0.40,4.237%,"400,808,863"
TRX,TRX Gold Corporation Common Stock,$1.22,-0.07,-5.426%,"399,518,291"
HCMA,HCM III Acquisition Corp. Class A Ordinary Share,$10.29,-0.01,-0.097%,"399,380,625"
ACCO,Acco Brands Corporation Common Stock,$4.32,0.01,0.232%,"398,768,694"
ASPI,ASP Isotopes Inc. Common Stock,$2.60,-0.325,-11.111%,"398,604,388"
BOC,Boston Omaha Corporation Class A Common Stock,$13.23,-0.24,-1.782%,"398,574,468"
MNTK,"Montauk Renewables, Inc. Common Stock",$2.80,-0.13,-4.437%,"398,555,189"
GREEL,Vulcan Infrastructure and Power Inc. 8.50% Senior Notes due 2026,$25.3499,0.0499,0.197%,"397,319,554"
SAZ,Saratoga Investment Corp 8.50% Notes due 2028,$25.315,0.1209,0.48%,"396,638,736"
GALT,Galectin Therapeutics Inc. Common Stock,$3.93,0.03,0.769%,"396,339,101"
PKBK,"Parke Bancorp, Inc. Common Stock",$33.65,-0.12,-0.355%,"395,773,466"
FSTR,L.B. Foster Company Common Stock,$37.60,0.13,0.347%,"395,543,089"
SAJ,Saratoga Investment Corp 8.00% Notes due 2027,$25.1748,-0.0251,-0.10%,"394,442,064"
CHMG,Chemung Financial Corp Common Stock,$81.73,-0.27,-0.329%,"394,058,907"
SAY,Saratoga Investment Corp 8.125% Notes due 2027,$25.13,-0.0199,-0.079%,"393,740,132"
TRVG,trivago N.V. American Depositary Shares,$5.57,0.13,2.39%,"393,351,584"
RMNI,"Rimini Street, Inc. (DE) Common Stock",$4.21,-0.01,-0.237%,"393,028,760"
ZURA,Zura Bio Limited Class A Ordinary Shares,$4.10,0.06,1.485%,"392,899,462"
FCBM,"First Carolina Financial Services, Inc. Common Stock",$12.64,-0.04,-0.315%,"392,710,289"
VGZ,Vista Gold Corp Common Stock,$2.69,-0.06,-2.182%,"392,662,921"
KPLT,"Katapult Holdings, Inc. Common Stock",$4.62,-0.42,-8.333%,"392,002,634"
CGC,Canopy Growth Corporation Common Shares,$0.9254,-0.0161,-1.71%,"391,479,064"
TTRX,Turn Therapeutics Inc. Common Stock,$13.04,0.55,4.404%,"388,436,042"
BNED,"Barnes & Noble Education, Inc Common Stock",$11.18,-0.15,-1.324%,"387,554,476"
PCB,PCB Bancorp Common Stock,$27.59,-0.12,-0.433%,"387,490,569"
OXM,"Oxford Industries, Inc. Common Stock",$25.85,-0.10,-0.385%,"387,188,383"
CARL,"Carlsmed, Inc. Common Stock",$14.18,-0.92,-6.093%,"387,152,896"
FNLC,"First Bancorp, Inc  (ME) Common Stock",$34.30,-0.05,-0.146%,"386,984,262"
CZFS,"Citizens Financial Services, Inc. Common Stock",$80.44,0.59,0.739%,"386,904,736"
CPS,Cooper-Standard Holdings Inc. Common Stock,$21.77,-0.93,-4.097%,"386,835,658"
ATLCZ,Atlanticus Holdings Corporation 9.25% Senior Notes due 2029,$25.50,-0.09,-0.352%,"385,698,950"
PRE,Prenetics Global Limited Class A Ordinary Share,$22.76,-0.21,-0.914%,"385,502,507"
EDIT,"Editas Medicine, Inc. Common Stock",$2.51,-0.07,-2.713%,"385,485,888"
FRST,Primis Financial Corp. Common Stock,$15.54,-0.15,-0.956%,"385,377,579"
MVBF,MVB Financial Corp. Common Stock,$29.67,-0.45,-1.494%,"384,745,933"
TWIN,"Twin Disc, Incorporated Common Stock",$26.46,0.33,1.263%,"384,699,717"
SERV,Serve Robotics Inc. Common Stock,$4.43,-0.02,-0.449%,"384,114,256"
VFF,"Village Farms International, Inc. Common Shares",$3.14,-0.03,-0.946%,"383,978,973"
FENC,Fennec Pharmaceuticals Inc. Common Stock,$10.95,0.345,3.253%,"383,622,300"
NUAIW,"New Era Energy & Digital, Inc. Warrants",$3.60,0.02,0.559%,"383,613,620"
CCCC,"C4 Therapeutics, Inc. Common Stock",$3.115,0.135,4.53%,"383,223,299"
NWCLW,newcleo plc Warrants,$0.75,-0.11,-12.791%,"382,034,198"
ATLCL,Atlanticus Holdings Corporation 6.125% Senior Notes due 2026,$25.255,0.025,0.099%,"381,993,214"
TACO,Berto Acquisition Corp. Ordinary Shares,$10.455,UNCH,--,"381,003,536"
CTEV,Claritev Corporation Class A Common Stock,$22.47,-0.73,-3.147%,"380,809,494"
OPRT,Oportun Financial Corporation Common Stock,$8.28,-0.27,-3.158%,"380,774,455"
GRRR,Gorilla Technology Group Inc. Ordinary shares,$13.71,-0.30,-2.141%,"380,554,969"
CCOI,"Cogent Communications Holdings, Inc.",$7.43,-0.26,-3.381%,"380,532,918"
IIIV,"i3 Verticals, Inc. Class A Common Stock",$14.41,-0.47,-3.159%,"379,300,150"
DRTSW,Alpha Tau Medical Ltd. Warrant,$4.10,0.18,4.592%,"379,160,431"
OTLY,Oatly Group AB American Depositary Shares,$11.86,0.02,0.169%,"378,479,380"
TCI,"Transcontinental Realty Investors, Inc. Common Stock",$43.12,0.24,0.56%,"378,333,371"
SOR,"Source Capital, Inc. Cmn Shs of BI",$45.25,-0.15,-0.33%,"377,587,856"
GCO,Genesco Inc. Common Stock,$34.89,0.35,1.013%,"377,515,103"
SDHY,PGIM Short Duration High Yield Opportunities Fund Common Shares,$15.23,-0.09,-0.587%,"375,770,643"
NKLR,Terra Innovatum Global N.V. Ordinary shares,$3.40,-0.13,-3.683%,"375,703,087"
RDIB,Reading International Inc Class B Common Stock,$16.33,-0.04,-0.244%,"373,795,774"
SLP,"Simulations Plus, Inc. Common Stock",$18.48,0.02,0.108%,"373,755,006"
SI,"Shoulder Innovations, Inc. Common Stock",$17.95,0.96,5.65%,"373,700,278"
VALU,"Value Line, Inc. Common Stock",$39.785,-0.375,-0.934%,"373,266,769"
PACK,Ranpak Holdings Corp Class A Common Stock,$4.35,-0.04,-0.911%,"373,048,557"
CINT,CI&T Inc Class A Common Shares,$2.89,-0.08,-2.694%,"372,491,386"
AUNA,Auna SA Class A Ordinary Shares,$5.02,-0.08,-1.569%,"371,545,084"
EVN,Eaton Vance Municipal Income Trust Common Stock,$9.36,-0.43,-4.392%,"371,284,646"
HTT,"High Templar Tech Limited American depositary shares, each representing one Class A ordinary share",$2.39,-0.02,-0.83%,"371,127,575"
WDH,Waterdrop Inc. American Depositary Shares (each representing the right to receive 10 Class A Ordinary Shares),$1.03,-0.01,-0.962%,"370,081,012"
NWFL,Norwood Financial Corp. Common Stock,$33.90,0.12,0.355%,"369,580,309"
STRZ,Starz Entertainment Corp. Common Shares,$21.50,0.43,2.041%,"368,169,677"
CV,"CapsoVision, Inc. Common Stock",$6.92,0.27,4.06%,"368,113,497"
ENTA,"Enanta Pharmaceuticals, Inc. Common Stock",$12.615,0.735,6.187%,"367,416,946"
KREF,KKR Real Estate Finance Trust Inc. Common Stock,$6.26,-0.09,-1.417%,"366,697,954"
NECB,"NorthEast Community Bancorp, Inc. Common Stock",$26.63,-0.14,-0.523%,"366,590,151"
DIN,"Dine Brands Global, Inc. Common Stock",$28.85,0.68,2.414%,"365,216,478"
GMTL,Guardian Metal Resources PLC ADS,$9.16,-0.93,-9.217%,"364,196,122"
ATLCP,"Atlanticus Holdings Corporation 7.625% Series B Cumulative Perpetual Preferred Stock, no par value per share",$24.00,0.042,0.175%,"364,080,912"
OPI,Office Properties Income Trust Common shares of beneficial interest,$16.55,-0.05,-0.301%,"363,331,699"
WSBF,"Waterstone Financial, Inc. Common Stock (MD)",$20.20,-0.19,-0.932%,"363,135,966"
RCEL,"Avita Medical, Inc. Common Stock",$11.67,-0.17,-1.436%,"360,916,304"
BKKT,"Bakkt, Inc. Class A Common Stock",$8.00,-0.50,-5.882%,"360,555,664"
LND,Brasilagro Brazilian Agric Real Estate Co Sponsored ADR (Brazil),$3.51,UNCH,--,"360,418,888"
JILL,"J. Jill, Inc. Common Stock",$24.22,-0.41,-1.665%,"359,981,303"
MCI,Barings Corporate Investors Common Stock,$17.73,-0.6549,-3.562%,"359,240,278"
SHOE,"Shoe Station Group, Inc. Common Stock",$13.21,0.21,1.615%,"359,098,196"
GBLI,"Global Indemnity Group, LLC Class A Common Stock ",$24.50,-0.335,-1.349%,"358,695,043"
FLXS,"Flexsteel Industries, Inc. Common Stock",$87.53,-1.84,-2.059%,"358,150,090"
LSAK,"Lesaka Technologies, Inc. Common Stock",$4.17,-0.01,-0.239%,"357,886,472"
RNGR,"Ranger Energy Services, Inc. Class A Common Stock",$15.26,-0.25,-1.612%,"357,114,871"
BCBP,"BCB Bancorp, Inc. (NJ) Common Stock",$8.55,-0.20,-2.286%,"356,978,078"
CYPH,Cypherpunk Technologies Inc. Common Stock,$3.31,-0.81,-19.66%,"356,700,104"
FOSL,"Fossil Group, Inc. Common Stock",$6.02,-0.18,-2.903%,"356,011,073"
SHIP,Seanergy Maritime Holdings Corp. Common Stock,$16.42,-0.18,-1.084%,"355,791,811"
BRCB,"Black Rock Coffee Bar, Inc. Class A Common Stock",$7.10,-0.09,-1.252%,"355,516,021"
VOXR,Vox Royalty Corp. Common Stock,$5.11,-0.33,-6.066%,"355,120,901"
MOVE,"Corvex, Inc. Common Stock",$11.24,-0.53,-4.503%,"354,647,571"
OBIO,"Orchestra BioMed Holdings, Inc. Ordinary Shares",$5.89,-0.06,-1.008%,"354,018,739"
RR,Richtech Robotics Inc. Class B Common Stock,$1.57,-0.13,-7.647%,"353,410,051"
KNOP,KNOT Offshore Partners LP Common Units representing Limited Partner Interests,$10.49,-0.07,-0.663%,"353,096,988"
CRNC,Cerence Inc. Common Stock,$7.80,-0.15,-1.887%,"352,796,005"
VELO,"Velo3D, Inc. Common stock",$10.97,-0.32,-2.834%,"352,675,824"
IMXI,"International Money Express, Inc. Common Stock",$11.65,0.40,3.556%,"351,965,455"
EBS,Emergent BioSolutions Inc. Common Stock,$6.86,0.07,1.031%,"351,735,085"
AIOT,"PowerFleet, Inc. Common Stock",$2.62,-0.18,-6.429%,"351,671,905"
REAX,Real REMAX Group Inc. Common Stock,$16.03,-0.40,-2.435%,"351,377,600"
NPWR,NET Power Inc. Class A Common Stock,$1.56,-0.07,-4.294%,"350,779,355"
CLNE,Clean Energy Fuels Corp. Common Stock,$1.59,-0.01,-0.625%,"350,507,574"
TSBK,"Timberland Bancorp, Inc. Common Stock",$45.02,-0.39,-0.859%,"350,060,573"
CCAP,"Crescent Capital BDC, Inc. Common stock",$9.50,-0.07,-0.731%,"350,036,544"
FSBW,"FS Bancorp, Inc. Common Stock",$44.47,0.29,0.656%,"349,629,722"
BNTC,Benitec Biopharma Inc. Common Stock,$10.02,0.43,4.484%,"349,524,915"
OCGN,"Ocugen, Inc. Common Stock",$1.03,0.01,0.98%,"349,283,713"
HQWWW,Horizon Quantum Holdings Ltd. Warrant,$6.47,-0.34,-4.993%,"349,199,358"
CURR,Currenc Group Inc. Ordinary Shares,$3.11,0.11,3.667%,"349,196,662"
SRZN,"Surrozen, Inc. Common Stock",$29.64,0.10,0.339%,"348,375,459"
DSX,Diana Shipping inc. common stock,$2.80,UNCH,--,"348,358,363"
CION,CION Investment Corporation Common Stock,$7.07,-0.09,-1.257%,"347,863,117"
API,"Agora, Inc. American Depositary Shares",$4.15,-0.06,-1.425%,"347,666,250"
VMD,"Viemed Healthcare, Inc. Common Shares",$9.11,0.20,2.245%,"346,983,757"
CUB,Lionheart Holdings Class A Ordinary Shares,$10.90,0.01,0.092%,"346,277,478"
LZM,Lifezone Metals Limited Ordinary Shares,$3.85,-0.14,-3.509%,"346,171,044"
SUJA,"Suja Life, Inc. Class A Common Stock",$8.94,0.33,3.833%,"345,307,607"
AVBH,"Avidbank Holdings, Inc. Common stock",$31.41,UNCH,--,"344,991,107"
ARTV,"Artiva Biotherapeutics, Inc. Common Stock",$7.05,0.06,0.858%,"344,675,353"
LEO,"BNY Mellon Strategic Municipals, Inc. Common Stock",$5.53,-0.10,-1.776%,"344,468,423"
BRBS,"Blue Ridge Bankshares, Inc. Common Stock",$3.83,-0.02,-0.519%,"343,508,307"
ERII,"Energy Recovery, Inc. Common Stock",$6.72,-0.09,-1.322%,"343,021,560"
NL,"NLI Holdings, Inc. Common Stock",$7.00,-0.02,-0.285%,"342,291,138"
SNDL,SNDL Inc. Common Shares,$1.39,-0.01,-0.714%,"342,107,972"
FIP,FTAI Infrastructure Inc. Common Stock ,$2.89,-0.235,-7.52%,"341,545,220"
SOHU,Sohu.com Limited American Depositary Shares,$13.10,0.05,0.383%,"341,504,188"
GTE,Gran Tierra Energy Inc. Common Stock,$9.65,0.03,0.312%,"341,421,140"
REI,"Ring Energy, Inc. Common Stock",$1.31,-0.05,-3.676%,"341,306,885"
IQMXW,IQM Quantum Computers Oyj Warrants to purchase American Depositary Shares,$1.80,UNCH,--,"341,093,192"
TREE,"LendingTree, Inc. Common Stock",$24.21,-0.41,-1.665%,"339,897,772"
ARTNA,Artesian Resources Corporation Class A Common Stock,$32.89,-0.36,-1.083%,"339,659,010"
CABA,"Cabaletta Bio, Inc. Common Stock",$2.00,-0.07,-3.382%,"339,090,890"
VKI,Invesco Advantage Municipal Income Trust II Common Shares of Beneficial Interest (DE),$7.63,-0.33,-4.146%,"338,817,933"
LTRX,"Lantronix, Inc. Common Stock",$7.22,0.205,2.922%,"338,469,268"
IA,"Innovative Solutions and Support, Inc. Common Stock",$18.90,0.01,0.053%,"338,294,370"
ORN,"Orion Group Holdings, Inc. Common",$8.35,-0.23,-2.681%,"338,135,672"
ZH,"Zhihu Inc. American Depositary Shares, each representing three (3) Class A Ordinary Shares",$3.80,0.04,1.064%,"337,382,103"
RCKY,"Rocky Brands, Inc. Common Stock",$45.03,-0.07,-0.155%,"337,360,752"
BCML,BayCom Corp Common Stock,$30.87,UNCH,--,"337,104,012"
RPAY,Repay Holdings Corporation Class A Common Stock,$3.75,-0.04,-1.055%,"336,977,426"
NOA,North American Construction Group Ltd. Common Shares (no par),$12.16,-0.14,-1.138%,"336,959,218"
EMBC,Embecta Corp. Common Stock,$5.93,0.03,0.508%,"335,991,422"
PPHC,"Public Policy Holding Company, Inc. Common Stock",$11.23,0.17,1.537%,"335,724,095"
TCPC,BlackRock TCP Capital Corp. Common Stock,$3.98,-0.03,-0.748%,"333,933,045"
BMBL,Bumble Inc. Class A Common Stock,$2.53,-0.13,-4.887%,"333,879,834"
EH,EHang Holdings Limited ADS,$4.40,-0.11,-2.439%,"333,719,593"
CVEO,Civeo Corporation (Canada) Common Shares,$32.19,-0.28,-0.862%,"332,743,491"
PERI,Perion Network Ltd. Ordinary Shares,$8.44,-0.15,-1.746%,"331,947,892"
PESI,"Perma-Fix Environmental Services, Inc. Common Stock",$15.64,-0.01,-0.064%,"331,855,010"
OEC,Orion S.A. Common Shares,$5.87,-0.02,-0.34%,"331,788,243"
GEVO,"Gevo, Inc. Common Stock",$1.34,-0.06,-4.286%,"331,297,719"
SFIX,"Stitch Fix, Inc. Class A Common Stock",$2.47,0.315,14.617%,"330,001,107"
GASS,"StealthGas, Inc. Common Stock",$8.87,-0.02,-0.225%,"329,837,035"
BIOA,"BioAge Labs, Inc. Common Stock",$7.18,0.13,1.844%,"329,539,807"
LRMR,"Larimar Therapeutics, Inc. Common Stock",$3.17,0.095,3.089%,"329,308,910"
NNDM,Nano Dimension Ltd. American Depositary Shares,$1.56,-0.01,-0.637%,"328,908,857"
SVIA,"Silvia, Inc. Common Stock",$3.90,-0.02,-0.51%,"328,810,716"
MPTI,"M-tron Industries, Inc. Common Stock",$75.44,1.39,1.877%,"327,898,149"
PNRG,PrimeEnergy Resources Corporation Common Stock,$206.78,-1.89,-0.906%,"327,250,028"
HTZWW,"Hertz Global Holdings, Inc Warrant",$0.9169,0.0572,6.653%,"326,830,282"
VOGX,Vogenx Inc Common Stock,$22.00,-0.73,-3.212%,"326,811,914"
JMSB,"John Marshall Bancorp, Inc. Common Stock",$23.10,0.01,0.043%,"325,990,295"
ABAT,American Battery Technology Company Common Stock,$2.27,0.01,0.442%,"323,651,511"
NEWT,"NewtekOne, Inc. Common Stock",$11.19,-0.07,-0.622%,"323,220,140"
LWAY,"Lifeway Foods, Inc. Common Stock",$21.36,-0.38,-1.748%,"322,680,116"
SMTI,Sanara MedTech Inc. Common Stock,$35.10,0.04,0.114%,"322,500,029"
PPT,Franklin Premier Income Trust Shares of Beneficial Interest,$3.24,-0.01,-0.308%,"322,471,572"
DBI,Designer Brands Inc. Class A Common Stock,$6.29,0.16,2.61%,"321,566,211"
EGHT,8x8 Inc Common Stock,$2.225,-0.075,-3.261%,"321,368,990"
MLP,"Maui Land & Pineapple Company, Inc. Common Stock",$16.17,0.08,0.497%,"321,122,536"
BDSX,"Biodesix, Inc. Common Stock",$30.42,1.32,4.536%,"320,965,010"
CLW,Clearwater Paper Corporation Common Stock,$19.89,-0.45,-2.212%,"320,781,226"
LVWR,"LiveWire Group, Inc. Common Stock",$1.56,0.06,4.00%,"320,443,433"
FVCB,"FVCBankcorp, Inc. Common Stock",$17.75,-0.23,-1.279%,"320,107,139"
OFSSH,OFS Capital Corporation 4.95% Notes due 2028,$23.84,UNCH,--,"319,410,180"
FISN,"Deep Fission, Inc. Common Stock",$5.42,-0.83,-13.28%,"319,270,184"
FDBC,"Fidelity D & D Bancorp, Inc. Common Stock",$54.84,-0.90,-1.615%,"318,538,579"
KTF,DWS Municipal Income Trust,$8.06,-0.17,-2.066%,"318,377,560"
CHSCP,CHS Inc. 8%  Cumulative Redeemable Preferred Stock,$25.92,-0.06,-0.231%,"318,090,318"
FTW,Presidio Production Company Class A Common Stock,$10.15,-0.05,-0.49%,"317,957,022"
ELA,Envela Corporation Common Stock,$12.24,-0.30,-2.392%,"317,792,946"
COSO,"CoastalSouth Bancshares, Inc. Common Stock",$26.56,-0.05,-0.188%,"317,510,086"
OPAL,OPAL Fuels Inc. Class A Common Stock,$1.80,-0.05,-2.703%,"314,442,000"
PSFE,Paysafe Limited Common Shares,$6.02,-0.41,-6.376%,"314,337,141"
CHSCO,CHS Inc. Class B Cumulative Redeemable Preferred Stock,$25.61,0.06,0.235%,"314,285,997"
VNDA,Vanda Pharmaceuticals Inc. Common Stock,$5.17,0.12,2.376%,"312,592,092"
BBW,"Build-A-Bear Workshop, Inc. Common Stock",$25.36,-0.41,-1.591%,"312,418,336"
MKTW,"MarketWise, Inc. Class A Common Stock",$19.79,-0.55,-2.704%,"312,177,058"
PRLD,Prelude Therapeutics Incorporated Common Stock,$3.91,0.035,0.903%,"312,031,626"
CBNA,"Chain Bridge Bancorp, Inc. Class A Common Stock",$47.48,-0.28,-0.586%,"311,555,071"
TMCR,The Metals Royalty Company Inc. Common Stock,$4.62,0.55,13.514%,"311,452,782"
AIV,Apartment Investment and Management Company Common Stock,$2.14,-0.04,-1.835%,"310,806,962"
RBBN,Ribbon Communications Inc. Common Stock,$1.73,-0.07,-3.889%,"309,364,399"
ZJYL,JIN MEDICAL INTERNATIONAL LTD. Class A Ordinary Shares,$1.95,0.04,2.094%,"308,479,339"
CFFI,C&F Financial Corporation Common Stock,$94.69,1.09,1.165%,"307,902,621"
PMO,Franklin Municipal Opportunities Trust Shares of Beneficial Interest,$9.06,-0.23,-2.476%,"307,872,997"
LE,"Lands' End, Inc. Common Stock",$10.42,0.16,1.559%,"307,850,085"
FVRR,"Fiverr International Ltd. Ordinary Shares, no par value",$8.56,0.01,0.117%,"307,738,232"
CHSCL,"CHS Inc Class B Cumulative Redeemable Preferred Stock, Series 4",$25.04,-0.0131,-0.052%,"307,290,955"
NNBR,"NN, Inc. Common Stock",$3.72,0.05,1.362%,"307,200,814"
ELVA,Electrovaya Inc. Common Shares,$6.13,-0.22,-3.465%,"306,493,239"
FCCO,First Community Corporation Common Stock,$32.57,-0.38,-1.153%,"306,149,239"
FNKO,"Funko, Inc. Class A Common Stock",$5.46,-0.04,-0.727%,"305,736,882"
PHOS,First Phosphate Corp. American Depositary Shares,$16.15,UNCH,--,"305,468,416"
BBOT,"BridgeBio Oncology Therapeutics, Inc. Common Stock  ",$3.81,-0.14,-3.544%,"305,463,957"
EVMN,"Evommune, Inc. Common Stock",$8.39,-0.10,-1.178%,"304,490,828"
NODK,"NI Holdings, Inc. Common Stock",$14.91,0.11,0.743%,"304,234,420"
HRZN,Horizon Technology Finance Corporation Common Stock,$4.535,-0.095,-2.052%,"303,998,777"
AIRJ,AirJoule Technologies Corporation Class A Common Stock,$4.04,-0.05,-1.222%,"303,835,868"
SWKHL,SWK Holdings Corporation 9.00% Senior Notes due 2027,$25.01,-0.04,-0.16%,"303,806,249"
TLS,Telos Corporation Common Stock,$4.06,0.02,0.495%,"303,431,363"
CDZI,"CADIZ, Inc. Common Stock",$3.58,-0.07,-1.918%,"303,143,929"
LEGO,Legato Merger Corp. IV Ordinary Shares,$10.00,UNCH,--,"303,070,360"
PINE,"Alpine Income Property Trust, Inc. Common Stock",$16.89,-0.18,-1.054%,"302,929,024"
EFT,Eaton Vance Floating Rate Income Trust Common Shares of Beneficial Interest,$10.41,-0.09,-0.857%,"302,831,220"
SUPX,SuperX AI Technology Limited Ordinary Shares,$7.00,0.11,1.597%,"302,515,745"
ABEO,Abeona Therapeutics Inc. Common Stock,$5.29,-0.11,-2.037%,"302,503,450"
IPSC,"Century Therapeutics, Inc. Common Stock",$1.67,UNCH,--,"302,395,786"
GOGO,Gogo Inc. Common Stock,$2.22,-0.08,-3.478%,"300,827,454"
AFRI,Forafric Global PLC Ordinary Shares,$11.15,0.18,1.641%,"300,646,537"
XFOR,"X4 Pharmaceuticals, Inc. Common Stock",$3.015,0.005,0.166%,"298,927,430"
MYFW,"First Western Financial, Inc. Common Stock",$30.52,-0.01,-0.033%,"298,031,737"
CHSCN,CHS Inc Preferred Class B Series 2 Reset Rate,$24.2501,-0.3699,-1.502%,"297,597,300"
FINS,Angel Oak Financial Strategies Income Term Trust Common Shares of Beneficial Interest,$11.86,-0.06,-0.503%,"297,242,887"
UXIN,Uxin Limited ADS,$1.35,0.04,3.053%,"296,973,352"
IHRT,"iHeartMedia, Inc. Class A Common Stock",$2.22,-0.07,-3.057%,"296,812,062"
BPRN,"Princeton Bancorp, Inc. Common Stock (PA)",$43.47,0.06,0.138%,"296,169,847"
SEG,Seaport Entertainment Group Inc. Common Stock,$23.09,-0.31,-1.325%,"295,772,186"
NXH,"Neighborhood Intelligence, Inc. Common Stock",$3.09,-0.18,-5.505%,"295,087,840"
MOBI,"Mobia Medical, Inc. Common Stock",$8.83,-0.23,-2.539%,"293,960,378"
SILC,Silicom Ltd Ordinary Shares,$51.09,-1.69,-3.202%,"293,645,446"
HLLY,Holley Inc. Common Stock,$2.42,-0.05,-2.024%,"293,386,626"
TBI,"TrueBlue, Inc. Common Stock",$9.63,0.19,2.013%,"293,179,033"
SABS,"SAB Biotherapeutics, Inc. Common Stock",$3.215,-0.075,-2.28%,"292,521,173"
CNCK,Coincheck Group N.V. Ordinary Shares,$1.52,-0.07,-4.403%,"291,532,919"
NREF,"NexPoint Real Estate Finance, Inc. Common Stock",$15.46,-0.31,-1.966%,"291,390,528"
TMCI,"Treace Medical Concepts, Inc. Common Stock",$4.48,-0.02,-0.444%,"291,354,793"
SLNH,"Soluna Holdings, Inc. Common Stock",$1.18,-0.04,-3.279%,"291,108,415"
ALCO,"Alico, Inc. Common Stock",$39.15,0.08,0.205%,"290,436,663"
UPB,"Upstream Bio, Inc. Common Stock",$5.30,-0.06,-1.119%,"290,286,517"
OCCIN,"OFS Credit Company, Inc. 5.25% Series E Term Preferred Stock Due 2026",$24.95,UNCH,--,"289,831,925"
SWMR,"Swarmer, Inc Common Stock",$18.18,-2.55,-12.301%,"289,734,315"
RCMT,"RCM Technologies, Inc. Common Stock",$40.67,0.20,0.494%,"289,194,569"
CHSCM,"CHS Inc Class B Reset Rate Cumulative Redeemable Preferred Stock, Series 3",$23.55,-0.315,-1.32%,"289,005,671"
JAKK,"JAKKS Pacific, Inc. Common Stock",$25.25,-0.01,-0.04%,"288,986,553"
ISBA,Isabella Bank Corporation Common stock,$37.88,-0.29,-0.76%,"288,981,709"
TDUP,ThredUp Inc. Class A Common Stock,$2.20,-0.05,-2.222%,"288,934,030"
OVLY,Oak Valley Bancorp (CA) Common Stock,$34.28,0.11,0.322%,"288,387,630"
TJGC,TJGC Group Limited Class A Ordinary Shares,$28.54,2.30,8.765%,"288,254,656"
CUVL,Clinuvel Pharmaceuticals Limited American Depositary Shares,$5.75,0.12,2.131%,"287,849,025"
PMTS,CPI Card Group Inc. Common Stock,$24.79,0.04,0.162%,"287,365,234"
FGBIP,"First Guaranty Bancshares, Inc. 6.75% Series A Fixed-Rate Non-Cumulative Perpetual Preferred Stock",$17.35,-0.038,-0.219%,"286,953,281"
FUND,"Sprott Focus Trust, Inc. Common Stock",$9.68,-0.27,-2.714%,"286,852,832"
RCKT,"Rocket Pharmaceuticals, Inc. Common Stock",$2.61,0.015,0.578%,"286,511,698"
ZIP,"ZipRecruiter, Inc. Class A Common Stock",$3.48,-0.03,-0.855%,"286,147,047"
IKT,"Inhibikase Therapeutics, Inc. Common Stock",$2.05,-0.01,-0.485%,"286,048,595"
OPTX,"Syntec Optics Holdings, Inc. Class A Common Stock",$7.09,-0.31,-4.189%,"285,584,335"
LAB,Standard BioTools Inc. Common Stock,$0.7273,-0.0126,-1.703%,"285,522,567"
ELLO,Ellomay Capital Ltd Ordinary Shares (Israel),$20.7148,-1.2652,-5.756%,"285,516,853"
CHAD,DeFi Development Corp. Variable Rate Series C Perpetual Preferred Stock,$8.75,-0.05,-0.568%,"285,431,913"
DSC,DSC Holdings Ltd. American Depositary Shares,$5.70,-0.577,-9.192%,"285,413,204"
CATX,"Perspective Therapeutics, Inc. Common Stock",$2.50,-0.02,-0.794%,"285,379,158"
EYPT,"EyePoint, Inc. Common Stock",$3.31,-0.31,-8.564%,"285,362,177"
FATE,"Fate Therapeutics, Inc. Common Stock",$2.38,0.03,1.277%,"285,172,823"
NC,"NACCO Industries, Inc. Common Stock",$37.78,0.11,0.292%,"285,114,137"
ALTO,"Alto Ingredients, Inc. Common Stock",$3.67,-0.06,-1.609%,"284,672,960"
FRD,Friedman Industries Inc. Common Stock,$39.42,0.08,0.203%,"284,328,221"
FULC,"Fulcrum Therapeutics, Inc. Common Stock",$3.72,-0.02,-0.535%,"283,825,796"
DUOT,"Duos Technologies Group, Inc. Common Stock",$8.99,-0.15,-1.641%,"282,937,766"
FUNC,First United Corporation Common Stock,$43.84,0.55,1.271%,"282,936,170"
FNRN,First Northern Community Bancorp Common stock,$17.24,0.07,0.408%,"282,655,024"
FRAF,Franklin Financial Services Corporation Common Stock,$62.75,0.10,0.16%,"282,348,771"
BKTI,BK Technologies Corporation Common Stock,$74.82,0.04,0.053%,"282,025,685"
ATLO,Ames National Corporation Common Stock,$31.79,-0.03,-0.094%,"281,571,024"
XYF,"X Financial American Depositary Shares, each representing six Class A Ordinary Shares",$5.13,-0.13,-2.471%,"281,035,969"
GBAB,Guggenheim Taxable Municipal Bond & Investment Grade Debt Trust Common Shares of Beneficial Interest,$12.54,-0.10,-0.791%,"280,857,189"
RM,Regional Management Corp. Common Stock,$30.43,-0.39,-1.265%,"280,740,911"
RWAY,Runway Growth Finance Corp. Common Stock,$6.69,-0.09,-1.327%,"280,377,258"
WNEB,"Western New England Bancorp, Inc. Common Stock",$13.97,UNCH,--,"280,040,832"
IVVD,"Invivyd, Inc. Common Stock",$0.95,0.0158,1.691%,"280,020,809"
AMRN,Amarin Corporation plc,$13.25,0.05,0.379%,"279,877,551"
RFMZ,"RiverNorth Flexible Municipal Income Fund II, Inc. Common Stock",$11.44,-0.34,-2.886%,"278,584,089"
NXDT,NexPoint Diversified Real Estate Trust Common Stock,$5.23,0.02,0.384%,"277,744,521"
ASYS,"Amtech Systems, Inc. Common Stock",$15.85,0.07,0.444%,"277,503,401"
GBFH,GBank Financial Holdings Inc. Common Stock,$19.11,-0.01,-0.052%,"277,409,493"
ANIK,Anika Therapeutics Inc. Common Stock,$20.68,0.31,1.522%,"276,759,737"
MFIN,Medallion Financial Corp. Common Stock,$12.05,0.09,0.753%,"276,671,000"
METCB,"Ramaco Resources, Inc. Class B Common Stock",$4.34,-0.16,-3.556%,"276,385,409"
SVCO,"Silvaco Group, Inc. Common Stock",$8.15,-0.21,-2.512%,"276,168,928"
QNBC,QNB Corp. Common Stock,$45.64,-0.15,-0.328%,"276,057,602"
QTTB,Q32 Bio Inc. Common Stock,$9.23,0.46,5.245%,"274,772,171"
TSSI,"TSS, Inc. Common Stock",$9.72,-0.15,-1.52%,"274,289,360"
HQI,"HireQuest, Inc. Common Stock (DE)",$19.73,-0.31,-1.547%,"274,247,000"
SOUNW,"SoundHound AI, Inc. Warrant",$0.57,UNCH,--,"274,172,669"
USNA,"USANA Health Sciences, Inc. Common Stock",$14.82,0.32,2.207%,"273,822,234"
MGPI,"MGP Ingredients, Inc.",$12.78,-0.04,-0.312%,"273,671,891"
NEGG,"Newegg Commerce, Inc. Common Shares",$13.04,-0.48,-3.55%,"273,493,436"
TTGT,"TechTarget, Inc. Common Stock",$3.78,-0.05,-1.305%,"273,417,455"
REFI,"Chicago Atlantic Real Estate Finance, Inc. Common Stock",$10.66,0.01,0.094%,"273,121,416"
GLSI,"Greenwich LifeSciences, Inc. Common Stock",$18.59,0.37,2.031%,"272,867,887"
MTRX,Matrix Service Company Common Stock,$9.63,-0.11,-1.129%,"272,451,199"
OSUR,"OraSure Technologies, Inc. Common Stock",$3.95,0.02,0.509%,"272,426,077"
NKSH,"National Bankshares, Inc. Common Stock",$42.56,0.19,0.448%,"271,133,587"
FXNC,First National Corporation Common Stock,$29.98,0.60,2.042%,"271,098,017"
TLSI,"TriSalus Life Sciences, Inc. Common Stock",$4.39,0.05,1.152%,"270,312,494"
SAR,Saratoga Investment Corp New,$16.80,-0.31,-1.812%,"270,159,389"
LAW,"CS Disco, Inc. Common Stock",$4.16,-0.19,-4.368%,"270,066,222"
SY,So-Young International Inc. American Depository Shares,$2.69,-0.01,-0.37%,"269,812,840"
IMRX,Immuneering Corporation Class A Common Stock,$4.16,-0.11,-2.576%,"269,141,192"
PMM,Franklin Managed Municipal Income Trust Shares of Beneficial Interest,$5.51,-0.06,-1.077%,"268,550,838"
LCNB,LCNB Corporation Common Stock,$18.82,-0.01,-0.053%,"268,278,874"
IFRX,InflaRx N.V. Common Stock,$1.82,-0.07,-3.704%,"268,210,162"
PTLO,Portillo's Inc. Class A Common Stock,$3.52,0.025,0.715%,"267,320,148"
XPER,Xperi Inc. Common Stock ,$5.48,-0.08,-1.439%,"267,269,585"
SHMD,SCHMID Group N.V. Class A Ordinary Shares,$4.375,0.005,0.114%,"266,695,201"
ESCA,"Escalade, Incorporated Common Stock",$19.37,-0.15,-0.768%,"266,648,853"
MIN,Aberdeen Intermediate Income Fund Common Shares of Beneficial Interest,$2.32,UNCH,--,"266,562,829"
KWY,Kingsway Corporation Common Stock,$9.20,0.17,1.883%,"266,165,200"
HWBK,"Hawthorn Bancshares, Inc. Common Stock",$38.54,0.38,0.996%,"265,952,130"
ALIT,"Alight, Inc. Class A Common Stock",$9.87,-1.15,-10.436%,"265,888,848"
CAN,Canaan Inc. American Depositary Shares,$0.3737,-0.0035,-0.928%,"265,838,653"
STRO,"Sutro Biopharma, Inc. Common Stock",$16.03,0.05,0.313%,"265,796,171"
ACIU,AC Immune SA Common Stock,$2.61,0.09,3.571%,"265,629,026"
STRT,STRATTEC SECURITY CORPORATION Common Stock,$66.59,-0.33,-0.493%,"265,362,016"
VABK,Virginia National Bankshares Corporation Common Stock,$48.91,0.58,1.20%,"265,350,543"
AIAI,AIAI Holdings Corporation Class A Common Stock,$3.74,0.10,2.747%,"264,962,873"
TII,Titan Mining Corporation Common Shares,$2.67,-0.21,-7.292%,"264,277,470"
FCNCN,"First Citizens BancShares, Inc. Depositary Shares, each representing a 1/40th interest in a share of 6.625% Non-Cumulative Perpetual Preferred Stock, Series E",$23.3966,0.2027,0.874%,"264,220,611"
POWW,Outdoor Holding Company Common Stock,$2.27,-0.02,-0.873%,"263,458,313"
PCYO,Pure Cycle Corporation Common Stock,$10.93,0.06,0.552%,"263,384,254"
JACK,Jack In The Box Inc. Common Stock,$13.70,0.245,1.821%,"262,756,821"
CMRC,"Commerce.com, Inc. Series 1 Common Stock",$3.17,-0.085,-2.611%,"262,663,001"
FBLA,"FB Bancorp, Inc. Common Stock",$16.45,-0.02,-0.121%,"262,347,528"
MSB,Mesabi Trust Common Stock,$19.96,0.84,4.393%,"261,875,400"
ARDC,"Ares Dynamic Credit Allocation Fund, Inc. Common Shares",$11.41,-0.13,-1.127%,"261,459,454"
PALI,"Palisade Bio, Inc. Common Stock",$1.50,0.05,3.448%,"261,405,837"
PPIH,"Perma-Pipe International Holdings, Inc. Common Stock",$31.88,0.14,0.441%,"261,262,307"
PSQLW,Pasqal Holding SA Warrant,$1.23,-0.07,-5.385%,"261,121,240"
PDYN,Palladyne AI Corp. Common Stock,$5.28,-0.11,-2.041%,"260,507,333"
KINS,"Kingstone Companies, Inc. Common Stock",$17.98,-0.27,-1.479%,"260,280,871"
III,Information Services Group Inc. Common Stock,$5.37,0.11,2.091%,"259,980,291"
FXHO,UTime Limited Class A Ordinary Shares,$9.53,-0.435,-4.365%,"259,943,434"
EAF,GrafTech International Ltd. Common Stock,$9.96,-1.13,-10.189%,"259,877,953"
BCYC,Bicycle Therapeutics plc American Depositary Shares,$3.71,0.025,0.678%,"259,673,551"
AUDC,AudioCodes Ltd. Common Stock,$10.55,-0.11,-1.032%,"259,433,457"
OFLX,"Omega Flex, Inc. Common Stock",$25.67,0.13,0.509%,"259,121,246"
MGNX,"MacroGenics, Inc. Common Stock",$4.06,0.32,8.556%,"258,622,759"
BLND,"Blend Labs, Inc. Class A Common Stock",$1.09,-0.02,-1.802%,"257,799,518"
LXEO,"Lexeo Therapeutics, Inc. Common Stock",$3.14,-0.17,-5.136%,"257,625,241"
ARL,"American Realty Investors, Inc. Common Stock",$15.94,-0.27,-1.666%,"257,463,565"
EVI,"EVI Industries, Inc.  Common Stock",$19.98,-0.35,-1.722%,"257,313,069"
RMMZ,"RiverNorth Managed Duration Municipal Income Fund II, Inc. Common Stock",$13.02,-0.27,-2.032%,"257,009,957"
INFU,"InfuSystems Holdings, Inc. Common Stock",$12.87,0.16,1.259%,"256,334,119"
AIBZ,Bitzero Holdings Inc. Common Shares,$4.12,0.03,0.733%,"256,305,167"
OIA,Invesco Municipal Income Opportunities Trust Common Stock,$5.38,-0.11,-2.004%,"256,118,069"
BRT,BRT Apartments Corp. (MD) Common Stock,$13.58,-0.19,-1.38%,"255,212,702"
AVNW,"Aviat Networks, Inc. Common Stock",$19.81,-0.28,-1.394%,"254,729,480"
RELL,"Richardson Electronics, Ltd. Common Stock",$17.11,-0.41,-2.34%,"254,326,770"
ASLE,AerSale Corporation Common Stock,$5.32,-0.08,-1.481%,"253,906,379"
GENC,"Gencor Industries, Inc. Common Stock",$17.31,-0.15,-0.859%,"253,724,822"
PAMT,PAMT CORP Common Stock,$12.11,0.36,3.064%,"253,610,732"
ACB,Aurora Cannabis Inc. Common Shares,$4.09,-0.01,-0.244%,"253,403,819"
RMBI,"Richmond Mutual Bancorporation, Inc. Common Stock",$15.11,-0.15,-0.983%,"253,229,185"
ACV,Virtus Diversified Income & Convertible Fund Common Shares of Beneficial Interest,$24.43,-0.30,-1.213%,"253,166,966"
MMT,Aberdeen Multi-Market Income Fund Common Shares of Beneficial Interest,$4.23,-0.08,-1.856%,"251,889,330"
HITI,High Tide Inc. Common Shares,$2.81,0.02,0.717%,"250,490,745"
SSP,E.W. Scripps Company (The) Class A Common Stock,$2.69,-0.07,-2.536%,"249,279,586"
BGS,"B&G Foods, Inc. Common Stock",$3.06,-0.04,-1.29%,"248,703,553"
SIGA,SIGA Technologies Inc. Common Stock,$3.46,0.01,0.29%,"248,600,017"
MVST,"Microvast Holdings, Inc. Common Stock",$0.6461,-0.042,-6.104%,"248,447,731"
EFSI,Eagle Financial Services Inc Common Stock,$45.91,0.19,0.416%,"248,447,245"
SBMT,Silver Bow Mining Corp. Common Shares,$8.40,-0.06,-0.709%,"248,039,400"
AKBA,"Akebia Therapeutics, Inc. Common Stock",$0.8931,-0.0031,-0.346%,"247,483,587"
VPV,Invesco Pennsylvania Value Municipal Income Trust Common Stock (DE),$10.38,-0.23,-2.168%,"247,350,667"
LFCR,"Lifecore Biomedical, Inc. Common Stock",$6.52,2.32,55.238%,"246,801,951"
CPZ,Calamos Long/Short Equity & Dynamic Income Trust Common Stock,$12.56,-0.195,-1.529%,"246,580,357"
ONIT,Onity Group Inc. Common Stock,$29.48,-1.27,-4.13%,"246,291,250"
ZNTL,"Zentalis Pharmaceuticals, Inc. Common Stock",$2.60,-0.10,-3.704%,"246,138,277"
ALMU,"Aeluma, Inc. Common Stock",$12.76,-0.53,-3.988%,"245,829,962"
TG,Tredegar Corporation Common Stock,$7.03,-0.02,-0.284%,"245,657,473"
LCTX,"Lineage Cell Therapeutics, Inc. Common Stock",$0.971,-0.059,-5.728%,"245,573,148"
GPRO,"GoPro, Inc. Class A Common Stock",$1.33,0.04,3.101%,"245,390,864"
USAU,U.S. Gold Corp. Common Stock,$14.80,-0.79,-5.067%,"244,624,212"
ACU,Acme United Corporation. Common Stock,$63.76,1.01,1.61%,"244,444,554"
RMM,"RiverNorth Managed Duration Municipal Income Fund, Inc. Common Stock",$12.38,-0.34,-2.673%,"244,376,595"
AENT,Alliance Entertainment Holding Corporation Class A Common Stock,$4.79,-0.09,-1.844%,"244,192,428"
CNDT,Conduent Incorporated Common Stock ,$1.57,-0.07,-4.268%,"244,167,656"
HCKT,Hackett Group Inc (The). Common Stock,$9.78,-0.25,-2.493%,"243,305,598"
LTBR,Lightbridge Corporation Common Stock,$6.48,-0.37,-5.401%,"242,728,430"
TRDA,"Entrada Therapeutics, Inc. Common Stock",$6.22,0.06,0.974%,"242,186,081"
PYXS,"Pyxis Oncology, Inc. Common Stock",$2.90,0.04,1.399%,"241,883,345"
RDNW,"RideNow Group, Inc. Class B Common Stock",$6.20,0.14,2.31%,"241,868,746"
CAMP,CAMP4 Therapeutics Corporation Common Stock,$3.85,-0.07,-1.786%,"241,599,820"
SNFCA,Security National Financial Corporation Class A Common Stock,$8.80,0.06,0.686%,"240,920,143"
IMMR,Immersion Corporation Common Stock,$7.25,-0.03,-0.412%,"240,743,797"
ZSQR,Z Squared Inc. Common Stock,$4.54,0.76,20.106%,"240,621,802"
IONR,ioneer Ltd American Depositary Shares,$3.13,-0.18,-5.438%,"240,590,107"
QMLS,"QumulusAI, Inc. Common Stock",$7.16,0.04,0.562%,"239,562,967"
CURV,Torrid Holdings Inc. Common Stock,$2.40,0.05,2.128%,"239,326,644"
LYEL,"Lyell Immunopharma, Inc. Common Stock",$9.74,-0.11,-1.117%,"238,680,073"
KLC,"KinderCare Learning Companies, Inc. Common Stock",$2.01,-0.11,-5.189%,"238,219,236"
GWRS,"Global Water Resources, Inc. Common Stock",$7.95,-0.15,-1.852%,"237,906,103"
YSG,"Yatsen Holding Limited American Depositary Shares, each representing twenty (20) Class A Ordinary Shares",$2.53,-0.01,-0.394%,"237,479,467"
UTMD,"Utah Medical Products, Inc. Common Stock",$74.49,0.31,0.418%,"237,162,603"
EOT,Eaton Vance Municipal Income Trust EATON VANCE NATIONAL MUNICIPAL OPPORTUNITIES TRUST,$15.16,-0.25,-1.622%,"236,873,802"
NAGE,"Niagen Bioscience, Inc. Common Stock",$2.98,-0.07,-2.295%,"235,795,486"
ELMD,"Electromed, Inc. Common Stock",$28.17,0.29,1.04%,"235,674,812"
PEBK,"Peoples Bancorp of North Carolina, Inc. Common Stock",$43.15,-0.09,-0.208%,"235,663,294"
AZ,A2Z Cust2Mate Solutions Corp. Common Shares,$5.34,-0.11,-2.018%,"235,101,334"
CHPT,"ChargePoint Holdings, Inc. Common Stock",$8.74,-0.19,-2.128%,"234,671,832"
VUZI,Vuzix Corporation Common Stock,$2.77,-0.17,-5.782%,"233,827,417"
EU,enCore Energy Corp. Common Shares,$1.20,-0.04,-3.226%,"233,137,165"
PRQR,ProQR Therapeutics N.V. Ordinary Shares,$1.65,UNCH,--,"232,850,435"
RAIL,"FreightCar America, Inc. Common Stock",$7.10,-0.08,-1.114%,"232,818,088"
CMTV,Community Bancorp. Common Stock,$41.42,0.60,1.47%,"231,989,361"
BNC,CEA Industries Inc. Common Stock,$5.63,-0.48,-7.856%,"231,808,776"
FOA,Finance of America Companies Inc. Class A Common Stock,$13.38,-1.11,-7.66%,"231,566,188"
SION,"Sionna Therapeutics, Inc. Common Stock",$5.12,-0.11,-2.103%,"231,487,483"
KGEI,Kolibri Global Energy Inc. Common stock,$6.43,0.08,1.26%,"231,168,113"
SMHI,SEACOR Marine Holdings Inc. Common Stock ,$8.47,-0.26,-2.978%,"229,815,036"
PDEX,"Pro-Dex, Inc. Common Stock",$71.62,-0.15,-0.209%,"229,422,781"
AMWL,American Well Corporation Class A Common Stock,$13.44,0.01,0.074%,"228,597,708"
INBK,First Internet Bancorp Common Stock,$26.16,-0.23,-0.872%,"228,470,296"
FUFU,BitFuFu Inc. Class A Ordinary Shares,$1.37,-0.08,-5.517%,"228,315,429"
ACRE,Ares Commercial Real Estate Corporation Common Stock,$4.11,-0.08,-1.909%,"228,027,374"
SMRT,"SmartRent, Inc. Class A Common Stock",$1.19,UNCH,--,"228,018,041"
MRBK,Meridian Corporation Common Stock,$19.11,-0.16,-0.83%,"227,964,107"
SLGL,Sol-Gel Technologies Ltd. Ordinary Shares,$69.45,2.60,3.889%,"227,379,231"
TBCH,Turtle Beach Corporation Common Stock,$12.69,-0.05,-0.392%,"227,274,233"
OPBK,OP Bancorp Common Stock,$15.21,0.03,0.198%,"227,125,074"
BRCC,BRC Inc. Class A Common Stock,$9.05,-0.17,-1.844%,"226,510,151"
NUS,"Nu Skin Enterprises, Inc. Common Stock",$4.64,0.01,0.216%,"225,859,582"
NATR,"Nature's Sunshine Products, Inc. Common Stock",$12.83,-0.09,-0.697%,"225,750,522"
IMPP,Imperial Petroleum Inc. Common Shares,$4.99,-0.08,-1.578%,"225,616,153"
ANGI,Angi Inc. Class A Common Stock,$5.56,0.14,2.583%,"225,492,756"
RGCO,RGC Resources Inc. Common Stock,$21.60,0.32,1.504%,"225,062,410"
BMEZ,BlackRock Health Sciences Term Trust Common Shares of Beneficial Interest,$16.83,0.02,0.119%,"224,394,693"
KROS,"Keros Therapeutics, Inc. Common Stock",$11.28,-0.34,-2.926%,"223,650,681"
EXOD,"Exodus Movement, Inc. Class A Common Stock",$7.40,-0.52,-6.566%,"223,504,109"
YARW,"Yarrow Bioscience, Inc. Common Stock",$24.00,-1.54,-6.03%,"223,304,664"
PLAY,"Dave & Buster's Entertainment, Inc. Common Stock",$6.41,-0.21,-3.172%,"223,264,428"
ASUR,"Asure Software, Inc Common Stock",$7.72,-0.17,-2.155%,"222,948,412"
FF,FutureFuel Corp.  Common shares,$5.08,-0.04,-0.781%,"222,825,655"
SND,"Smart Sand, Inc. Common Stock",$5.255,0.025,0.478%,"222,807,066"
EICA,Eagle Point Income Company 5.00% Series A Term Preferred Shares due 2026,$24.99,0.03,0.12%,"222,613,619"
LOVE,The Lovesac Company Common Stock,$15.42,0.23,1.514%,"222,409,337"
OSS,"One Stop Systems, Inc. Common Stock",$8.91,-0.37,-3.987%,"222,216,558"
RILY,"BRC Group Holdings, Inc. Common Stock",$5.49,-0.22,-3.853%,"220,696,655"
CGEN,Compugen Ltd. Ordinary Shares,$2.33,-0.05,-2.101%,"220,382,202"
AIRO,"AIRO Group Holdings, Inc. Common Stock",$6.97,-0.27,-3.729%,"219,944,741"
MBI,MBIA Inc. Common Stock,$4.31,-0.08,-1.822%,"219,880,874"
CFBK,CF Bankshares Inc. Common Stock,$34.25,-0.26,-0.753%,"219,731,286"
TONX,TON Strategy Company Common Stock,$3.98,0.405,11.329%,"219,186,516"
INBKZ,First Internet Bancorp 6.0% Fixed-to-Floating Rate Subordinated Notes Due 2029,$25.15,UNCH,--,"219,134,314"
XLAB,Exascale Labs Holdings Inc. Class A Common Stock,$2.40,-0.03,-1.235%,"218,880,000"
LMNR,Limoneira Co Common Stock,$12.05,0.27,2.292%,"218,490,684"
LIEN,"Chicago Atlantic BDC, Inc. Common Stock",$9.57,-0.47,-4.681%,"218,393,046"
RZLVW,Rezolve AI PLC Warrants,$0.545,UNCH,--,"218,213,512"
RNAC,"Cartesian Therapeutics, Inc. Common Stock",$7.21,-0.20,-2.699%,"218,141,088"
FCNCO,"First Citizens BancShares, Inc. 5.625% Non-Cumulative Perpetual Preferred Stock, Series C",$19.30,-0.25,-1.279%,"217,957,216"
AVXL,Anavex Life Sciences Corp. Common Stock,$2.35,-0.03,-1.261%,"217,837,579"
SPOK,"Spok Holdings, Inc. Common Stock",$10.37,-0.09,-0.86%,"216,921,081"
ZUMZ,Zumiez Inc. Common Stock,$14.14,0.83,6.236%,"216,774,868"
PLX,"Protalix BioTherapeutics, Inc. (DE) Common Stock",$2.69,-0.03,-1.103%,"216,737,717"
PROF,Profound Medical Corp. Common Stock,$5.92,0.16,2.778%,"216,272,956"
BGIN,Bgin Blockchain Limited Class A Ordinary Shares,$1.9068,0.0068,0.358%,"215,727,612"
FORR,"Forrester Research, Inc. Common Stock",$11.33,-0.07,-0.614%,"215,711,870"
AOUT,"American Outdoor Brands, Inc. Common Stock ",$17.08,-0.47,-2.678%,"215,570,523"
FTF,Franklin Limited Duration Income Trust Common Shares of Beneficial Interest,$5.33,-0.03,-0.56%,"215,360,643"
PNNT,PennantPark Investment Corporation Common Stock,$3.29,-0.03,-0.904%,"214,824,149"
RC,Ready Capital Corporation Common Stock,$1.30,-0.03,-2.256%,"214,748,290"
HDSN,"Hudson Technologies, Inc. Common Stock",$5.10,-0.06,-1.163%,"214,651,590"
ELDN,"Eledon Pharmaceuticals, Inc. Common Stock",$2.64,-0.01,-0.377%,"214,529,441"
ALEC,"Alector, Inc. Common Stock",$1.92,-0.03,-1.538%,"214,381,284"
WHWK,"Whitehawk Therapeutics, Inc. Common Stock",$3.76,0.02,0.535%,"214,353,878"
CNTN,"Canton Strategic Holdings, Inc. Common Stock",$2.69,0.12,4.669%,"214,342,861"
SCM,Stellus Capital Investment Corporation Common Stock,$7.51,-0.14,-1.83%,"213,884,327"
HKD,AMTD Digital Inc. American Depositary Shares (every five of which represent two Class A Ordinary Shares),$1.69,0.01,0.595%,"213,217,111"
PMA,PMA Graphene Technology Group Inc. Class A Ordinary Shares,$1.302,-0.028,-2.105%,"212,193,450"
LCUT,"Lifetime Brands, Inc. Common Stock",$9.22,-0.14,-1.496%,"211,957,068"
ADAG,Adagene Inc. American Depositary Shares,$3.20,0.27,9.215%,"211,365,101"
FCNCP,"First Citizens BancShares, Inc. Depositary Shares",$18.71,-0.195,-1.031%,"211,294,275"
RICK,"RCI Hospitality Holdings, Inc. Common Stock",$27.57,0.01,0.036%,"210,758,865"
OVBC,Ohio Valley Banc Corp. Common Stock,$44.69,0.54,1.223%,"210,534,635"
TAYD,"Taylor Devices, Inc. Common Stock",$65.14,1.91,3.021%,"210,100,276"
ECC           ,Eagle Point Credit Company Common Share of Beneficial Interest,$3.46,-0.04,-1.143%,"209,892,333"
OWLS,OBOOK Holdings Inc. Class A Common Shares,$5.54,0.02,0.362%,"209,552,777"
FHTX,Foghorn Therapeutics Inc. Common Stock,$3.52,0.02,0.571%,"209,036,309"
GSIT,GSI Technology Common Stock,$5.43,-0.18,-3.209%,"208,688,964"
FIRY,Firy Inc. Class A Common Stock,$12.51,0.09,0.725%,"207,944,435"
NCMI,"National CineMedia, Inc. Common Stock",$2.21,-0.05,-2.212%,"207,895,679"
ESOA,Energy Services of America Corporation Common Stock,$11.13,0.01,0.09%,"207,676,685"
TROO,"TROOPS, Inc. Ordinary Shares ",$1.70,-0.07,-3.955%,"207,672,282"
NSLR,Neostellar Capital Corp. Common Stock,$7.84,-0.12,-1.508%,"207,550,060"
DPRO,Draganfly Inc. Common Shares,$5.595,0.245,4.579%,"207,015,000"
LDI,"loanDepot, Inc. Class A Common Stock",$0.6098,-0.0603,-8.999%,"206,207,082"
GLDG,GoldMining Inc. Common Shares,$0.96,-0.0119,-1.224%,"205,541,950"
XGN,Exagen Inc. Common Stock,$8.48,-0.24,-2.752%,"205,430,875"
AUC,ATIF Holdings Limited Ordinary Shares,$9.28,0.80,9.434%,"205,351,348"
USBC,"USBC, Inc. Common Stock",$0.527,0.0149,2.91%,"204,552,114"
REA,"Rare Earths Americas, Inc. Common Stock",$10.24,-0.80,-7.246%,"204,327,854"
CRDL,Cardiol Therapeutics Inc. Class A Common Shares,$1.69,-0.02,-1.17%,"203,916,152"
CZWI,"Citizens Community Bancorp, Inc. Common Stock",$21.12,-0.22,-1.031%,"203,812,879"
SIDU,"Sidus Space, Inc. Class A Common Stock",$2.01,-0.11,-5.189%,"203,462,905"
FCAP,"First Capital, Inc. Common Stock",$60.63,0.34,0.564%,"202,784,614"
APC,ARKO Petroleum Corp. Class A Common Stock,$16.11,-0.12,-0.739%,"202,506,293"
KTWO,K2 Capital Acquisition Corporation Class A Ordinary Share,$10.08,UNCH,--,"202,014,893"
DHX,"DHI Group, Inc. Common Stock",$4.63,-0.10,-2.114%,"201,054,000"
CHCI,"Comstock Holding Companies, Inc. Class A Common Stock",$19.53,0.20,1.035%,"200,806,523"
MFM,Aberdeen Municipal Income Fund Common Shares of Beneficial Interest,$4.87,-0.04,-0.815%,"200,583,763"
GCTS,"GCT Semiconductor Holding, Inc. Common Stock",$2.18,-0.05,-2.242%,"200,494,003"
SGC,"Superior Group of Companies, Inc. Common Stock",$12.55,-0.33,-2.562%,"200,112,273"
NGEN,NervGen Pharma Corp. Common stock,$1.88,-0.06,-3.093%,"200,055,750"
CMPX,"Compass Therapeutics, Inc. Common Stock",$1.11,-0.02,-1.77%,"199,897,586"
QUIK,QuickLogic Corporation Common Stock,$10.91,-0.05,-0.456%,"199,846,554"
CUE,"Cue Biopharma, Inc. Common Stock",$27.45,-3.96,-12.607%,"199,408,164"
MPAA,"Motorcar Parts  of America, Inc. Common Stock",$10.53,-0.17,-1.589%,"199,366,670"
CMT,Core Molding Technologies Inc Common Stock,$22.50,-0.71,-3.059%,"199,103,265"
ESP,Espey Mfg. & Electronics Corp. Common Stock,$65.52,-0.11,-0.168%,"198,975,853"
RBKB,"Rhinebeck Bancorp, Inc. Common Stock",$12.69,-0.14,-1.091%,"198,420,409"
KLTR,"Kaltura, Inc. Common Stock",$1.30,-0.015,-1.141%,"198,316,590"
SES,SES AI Corporation Class A Common Stock,$0.5322,-0.0023,-0.43%,"197,599,154"
ORMP,Oramed Pharmaceuticals Inc. Common Stock,$4.75,0.02,0.423%,"197,587,432"
GLND,Greenland Energy Company Common Stock,$4.49,-1.05,-18.953%,"196,348,571"
EXFY,"Expensify, Inc. Class A Common Stock",$2.15,-0.06,-2.715%,"196,051,328"
AREC,American Resources Corporation Class A Common Stock,$1.83,-0.07,-3.684%,"195,757,428"
LARK,Landmark Bancorp Inc. Common Stock,$31.95,-0.02,-0.063%,"194,912,061"
CXDO,"Crexendo, Inc. Common Stock",$5.86,-0.23,-3.777%,"194,867,209"
STIM,"Neuronetics, Inc. Common Stock",$2.555,-0.185,-6.752%,"194,683,902"
TPVG,TriplePoint Venture Growth BDC Corp. Common Stock,$4.78,-0.05,-1.035%,"194,592,476"
RXST,"RxSight, Inc. Common Stock",$4.67,0.01,0.215%,"194,240,506"
GDEV,GDEV Inc. Ordinary Shares,$10.70,-0.20,-1.835%,"194,210,232"
VRXA,Veraxa Biotech AG Ordinary Shares,$1.37,-0.04,-2.837%,"193,728,704"
PERF,Perfect Corp. Class A Ordinary Share,$1.90,UNCH,--,"193,512,475"
CPSS,"Consumer Portfolio Services, Inc. Common Stock",$8.97,-0.59,-6.172%,"193,345,785"
XPOF,"Xponential Fitness, Inc. Class A Common Stock",$3.91,-0.01,-0.255%,"192,856,840"
MITT,"TPG Mortgage Investment Trust, Inc. Common Stock",$6.05,-0.06,-0.982%,"192,411,024"
ALXO,ALX Oncology Holdings Inc. Common Stock,$1.39,0.08,6.107%,"192,205,026"
TARA,"Protara Therapeutics, Inc.  Common Stock",$3.25,-0.03,-0.915%,"192,060,336"
MINE,Mayfair Gold Corp. Common Shares,$2.86,0.12,4.38%,"192,016,099"
BETR,Better Home & Finance Holding Company Class A Common Stock,$10.08,-0.37,-3.541%,"191,505,676"
FC,Franklin Covey Company Common Stock,$16.95,-0.36,-2.08%,"191,431,147"
NKTX,"Nkarta, Inc. Common Stock",$2.67,-0.08,-2.909%,"191,238,192"
DEFT,"Defi Technologies, Inc. Common Stock",$0.4915,-0.0125,-2.48%,"190,747,820"
VLN,Valens Semiconductor Ltd. Ordinary Shares,$1.81,-0.07,-3.723%,"190,579,787"
SRI,"Stoneridge, Inc. Common Stock",$6.67,-0.26,-3.752%,"190,247,570"
IPHA,Innate Pharma S.A. ADS,$1.70,UNCH,--,"189,890,590"
ANTX,"AN2 Therapeutics, Inc. Common Stock",$5.01,0.13,2.664%,"189,058,547"
CRNT,Ceragon Networks Ltd. Ordinary Shares,$2.07,-0.04,-1.896%,"188,950,660"
ALTG,Alta Equipment Group Inc. Class A Common Stock,$5.78,-0.44,-7.074%,"188,814,520"
CBFV,"CB Financial Services, Inc. Common Stock",$37.04,-0.01,-0.027%,"188,221,871"
ETX           ,Eaton Vance Municipal Income 2028 Term Trust Common Shares of Beneficial Interest,$17.25,-0.28,-1.597%,"187,765,491"
SBFG,"SB Financial Group, Inc. Common Stock",$29.99,0.13,0.435%,"187,527,230"
ACOG,Alpha Cognition Inc. Common Stock,$8.60,0.13,1.535%,"187,257,294"
NUCL,Eagle Nuclear Energy Corp. Common stock,$6.33,0.17,2.76%,"187,240,121"
MSLE,Satellos Bioscience Inc. Common Stock,$8.81,0.11,1.264%,"186,916,828"
BNR,Burning Rock Biotech Limited American Depositary Shares,$17.63,-0.97,-5.215%,"185,932,027"
MRT,"Marti Technologies, Inc. Class A Ordinary Shares",$2.16,0.01,0.465%,"185,852,288"
ECBK,"ECB Bancorp, Inc. Common Stock",$21.23,0.53,2.56%,"185,501,413"
STRW,"Strawberry Fields REIT, Inc. Common Stock",$13.10,-0.30,-2.239%,"185,461,102"
OSG,"Octave Specialty Group, Inc. Common Stock",$4.10,-0.09,-2.148%,"184,711,093"
FNWD,Finward Bancorp Common Stock,$42.45,-0.79,-1.827%,"183,935,935"
LODE,Comstock Inc. Common Stock,$2.42,-0.14,-5.469%,"183,903,174"
AP,Ampco-Pittsburgh Corporation Common Stock,$8.88,0.24,2.778%,"183,448,554"
WHG,Westwood Holdings Group Inc Common Stock,$19.20,0.17,0.893%,"183,228,518"
CIA,"Citizens, Inc. Class A Common Stock ($1.00 Par)",$3.61,0.02,0.557%,"182,821,620"
DFDV,DeFi Development Corp. Common Stock,$5.575,-0.465,-7.699%,"181,860,904"
HNVR,"Hanover Bancorp, Inc. Common Stock",$25.73,-0.78,-2.942%,"181,536,060"
DERM,Journey Medical Corporation Common Stock,$6.43,0.29,4.723%,"181,482,860"
TORO,Toro Corp. Common Shares,$5.24,-0.04,-0.758%,"181,090,889"
EPSN,Epsilon Energy Ltd. Common Share,$5.96,0.03,0.506%,"180,491,323"
MDWD,MediWound Ltd. Ordinary Shares,$13.93,0.09,0.65%,"179,840,173"
BZUN,Baozun Inc. American Depositary Shares,$3.09,0.15,5.102%,"179,616,722"
OMSE,OMS Energy Technologies Inc. Ordinary Shares,$4.23,-0.13,-2.982%,"179,558,018"
PEPG,PepGen Inc. Common Stock,$2.59,UNCH,--,"179,382,149"
CMTG,"Claros Mortgage Trust, Inc. Common Stock",$1.27,-0.04,-3.053%,"179,176,942"
HLP,Hongli Group Inc. Class A Ordinary Shares,$2.39,0.18,8.145%,"178,625,613"
VTN,Invesco Trust for Investment Grade New York Municipals Common Stock,$9.15,-0.25,-2.66%,"178,296,708"
GPJA,"Georgia Power Company Series 2017A 5.00% Junior Subordinated Notes due October 1, 2077",$19.22,0.21,1.105%,"178,006,030"
MNSBP,"MainStreet Bancshares, Inc. Depositary Shares",$24.94,0.175,0.707%,"177,599,635"
ORGO,Organogenesis Holdings Inc. Class A Common Stock,$1.38,-0.03,-2.128%,"177,570,876"
MRLN,"Merlin, Inc. Common Stock",$1.75,-0.24,-12.06%,"176,868,622"
BVFL,"BV Financial, Inc. Common Stock",$20.88,0.01,0.048%,"176,866,212"
MNSB,"MainStreet Bancshares, Inc. Common Stock",$24.76,-0.07,-0.282%,"176,317,842"
CHRS,"Coherus Oncology, Inc. Common Stock",$1.14,0.01,0.885%,"176,131,101"
MSC,"Studio City International Holdings Limited American depositary shares, each representing four  Class A ordinary shares",$0.835,-0.045,-5.114%,"175,947,956"
RVII,Robinhood Ventures Fund II Common Shares of Beneficial Interest,$21.93,-0.18,-0.814%,"175,440,000"
FT,Franklin Universal Trust Common Stock,$6.95,-0.14,-1.975%,"174,666,663"
PED,Pedevco Corp. Common Stock,$13.10,-0.01,-0.076%,"174,125,370"
ANNA,"AleAnna, Inc. Class A Common Stock",$2.60,-0.11,-4.059%,"174,029,440"
QSI,Quantum-Si Incorporated Class A Common Stock,$0.795,-0.0393,-4.711%,"174,012,710"
NAKA,Nakamoto Inc. Common Stock,$9.72,-0.27,-2.703%,"173,938,846"
AMPY,Amplify Energy Corp. Common Stock,$4.19,-0.09,-2.103%,"173,702,526"
BAFN,BayFirst Financial Corp. Common Stock,$6.44,-0.355,-5.224%,"173,640,529"
SJT,San Juan Basin Royalty Trust Common Stock,$3.72,0.30,8.772%,"173,384,721"
DTIL,"Precision BioSciences, Inc. Common Stock",$6.24,0.02,0.322%,"172,233,697"
CURI,CuriosityStream Inc. Class A Common Stock,$2.90,-0.20,-6.452%,"172,080,281"
HSDT,Solana Company Class A Common Stock (DE),$2.84,-0.10,-3.401%,"171,702,717"
AOMR,"Angel Oak Mortgage REIT, Inc. Common Stock",$7.37,-0.18,-2.384%,"171,093,643"
OZ,"Belpointe PREP, LLC Class A Units",$42.00,-1.81,-4.131%,"170,253,972"
EBMT,"Eagle Bancorp Montana, Inc. Common Stock",$21.36,-0.17,-0.79%,"170,141,606"
FOCL,EDAP TMS S.A. American Depositary Shares,$4.53,-0.18,-3.822%,"170,001,614"
TNXP,Tonix Pharmaceuticals Holding Corp. Common Stock,$9.90,0.04,0.406%,"169,795,138"
FLWS,"1-800-FLOWERS.COM, Inc. Common Stock",$2.64,-0.04,-1.493%,"169,448,653"
RDCM,Radcom Ltd. Ordinary Shares,$10.12,-0.24,-2.317%,"168,907,425"
AMBR,Amber International Holding Limited American Depositary Shares,$1.775,-0.085,-4.57%,"167,338,571"
QTRX,Quanterix Corporation Common Stock,$3.52,0.25,7.645%,"166,471,589"
VYGR,"Voyager Therapeutics, Inc. Common Stock",$2.70,0.02,0.746%,"166,368,460"
ABOS,"Acumen Pharmaceuticals, Inc. Common Stock",$2.30,0.06,2.679%,"166,329,756"
AIIO,Robo.ai Inc. Class B Ordinary Shares,$1.39,UNCH,--,"165,459,451"
PLG,Platinum Group Metals Ltd. Ordinary Shares (Canada),$1.29,-0.03,-2.273%,"164,971,794"
GRX,The Gabelli Healthcare & Wellness Trust Common Shares of Beneficial Interest,$9.61,-0.06,-0.62%,"164,263,471"
LUCD,Lucid Diagnostics Inc. Common Stock,$0.8057,-0.0203,-2.458%,"163,753,667"
SEVN,Seven Hills Realty Trust Common Stock,$7.22,-0.10,-1.366%,"163,580,695"
MPV,Barings Participation Investors Common Stock,$15.42,-0.95,-5.803%,"163,478,214"
UIS,Unisys Corporation New Common Stock,$2.24,-0.08,-3.448%,"163,331,739"
ONEW,OneWater Marine Inc. Class A Common Stock,$9.76,-0.15,-1.514%,"162,656,441"
NERV,"Minerva Neurosciences, Inc Common Stock",$3.40,UNCH,--,"162,341,701"
ATOM,Atomera Incorporated Common Stock,$4.15,-0.20,-4.598%,"161,949,774"
ADCT,ADC Therapeutics SA Common Shares,$1.26,-0.01,-0.787%,"160,861,296"
TOYO,"TOYO Co., Ltd Ordinary Shares",$4.21,-0.26,-5.817%,"160,710,401"
ENGS,Energys Group Limited Ordinary Shares,$2.96,0.02,0.68%,"160,362,547"
SITC,SITE Centers Corp. Common Stock,$3.05,-0.01,-0.327%,"160,049,784"
GNT,"GAMCO Natural Resources, Gold & Income Trust",$8.64,-0.14,-1.595%,"159,627,793"
NYXH,Nyxoah SA Ordinary Shares,$1.59,0.14,9.655%,"159,115,776"
JRVR,"James River Group Holdings, Inc. Common Stock",$3.44,-0.09,-2.55%,"159,096,691"
OCSAW,Oculis Holding AG Warrants,$2.736,-0.049,-1.759%,"158,645,422"
SKYX,SKYX Platforms Corp. Common Stock,$1.17,-0.06,-4.878%,"158,454,263"
EARN,Ellington Credit Company Common Shares of Beneficial Interest,$4.21,-0.05,-1.174%,"158,124,211"
FINW,FinWise Bancorp Common Stock,$11.39,0.07,0.618%,"158,123,725"
BSET,"Bassett Furniture Industries, Incorporated Common Stock",$18.18,-0.10,-0.547%,"157,407,330"
HTLM,HomesToLife Ltd Ordinary Shares,$1.75,-0.03,-1.685%,"156,953,125"
NBP,NovaBridge Biosciences American Depositary Shares,$1.36,-0.02,-1.449%,"156,919,101"
IMSRW,Terrestrial Energy Inc. Warrant,$1.48,-0.05,-3.268%,"156,784,176"
AEHL,Antelope Enterprise Holdings Limited Class A Ordinary Shares,$8.23,-1.13,-12.073%,"156,080,765"
HUCK,"Huckleberry.ai, Inc. Class B Common Stock",$3.31,-0.06,-1.78%,"155,689,693"
MRDN,Meridian Holdings Inc. Common Stock,$12.26,-1.10,-8.234%,"155,327,813"
SAFX,"XCF Global, Inc. Class A Common Stock",$0.3717,-0.0014,-0.375%,"154,365,856"
JELD,"JELD-WEN Holding, Inc. Common Stock",$1.77,-0.07,-3.804%,"153,571,186"
WSHP,WeShop Holdings Limited Class A Ordinary Shares,$6.34,0.28,4.62%,"153,536,623"
OGI,Organigram Global Inc. Common Shares,$1.085,-0.015,-1.364%,"152,992,049"
DVLT,Datavault AI Inc. Common Stock,$0.161,0.0084,5.505%,"152,906,305"
PCTTW,"PureCycle Technologies, Inc. Warrant",$0.76,UNCH,--,"152,687,656"
HUMA,"Humacyte, Inc. Common Stock",$0.5472,-0.0101,-1.812%,"152,011,123"
LEE,"Lee Enterprises, Incorporated Common Stock",$6.80,0.01,0.147%,"151,585,899"
SRBK,"SR Bancorp, Inc. Common stock",$19.08,-0.12,-0.625%,"151,331,036"
PIM,Franklin Master Intermediate Income Trust Shares of Beneficial Interest,$3.01,-0.01,-0.331%,"151,262,716"
OTLK,"Outlook Therapeutics, Inc. Common Stock",$0.6211,-0.0184,-2.877%,"151,205,276"
ELME,Elme Communities Common Stock,$1.70,-0.03,-1.734%,"151,058,401"
BIPI,BIP Bermuda Holdings I Limited 5.125% Perpetual Subordinated Notes,$15.92,0.02,0.126%,"150,872,248"
WW,"WW International, Inc.  Common Stock",$15.03,0.675,4.702%,"150,281,363"
INTT,inTest Corporation Common Stock,$11.71,0.14,1.21%,"150,189,954"
SSTK,"Shutterstock, Inc. Common Stock",$4.06,-0.12,-2.871%,"150,007,597"
NIU,Niu Technologies American Depositary Shares,$1.91,-0.14,-6.829%,"149,812,928"
MENS,Jyong Biotech Ltd. Ordinary Shares,$1.97,-0.06,-2.956%,"149,774,504"
DLTH,Duluth Holdings Inc. Class B Common Stock,$3.94,-0.03,-0.756%,"149,739,704"
WHF,"WhiteHorse Finance, Inc. Common Stock",$6.97,-0.07,-0.994%,"149,691,003"
OWLT,"Owlet, Inc. Class A Common Stock",$5.11,0.07,1.389%,"149,322,769"
KZIA,Kazia Therapeutics Limited American Depositary Shares,$9.60,0.03,0.313%,"149,269,229"
TRAK,"ReposiTrak, Inc. Common Stock",$8.20,-0.03,-0.365%,"149,023,233"
CDXS,"Codexis, Inc. Common Stock",$1.36,0.04,3.03%,"148,927,840"
CLLS,Cellectis S.A. American Depositary Shares,$1.48,0.01,0.68%,"148,780,368"
EDRY,EuroDry Ltd. Common Shares ,$51.82,3.66,7.60%,"148,546,746"
EGAN,eGain Corporation Common Stock,$5.67,-0.16,-2.744%,"148,392,218"
ALVOW,Alvotech Warrant,$0.3799,0.0099,2.676%,"148,324,919"
NLOP,Net Lease Office Properties Common Shares of Beneficial Interest,$10.00,0.07,0.705%,"148,140,750"
CAAS,"China Automotive Systems, Inc. Ordinary Share",$4.91,0.0492,1.012%,"148,138,147"
SRFM,Surf Air Mobility Inc. Common Stock,$1.19,0.08,7.207%,"147,136,649"
OPRX,OptimizeRx Corporation Common Stock,$7.81,-0.23,-2.861%,"147,108,777"
EML,Eastern Company (The) Common Stock,$24.39,0.29,1.203%,"146,768,240"
BYND,"Beyond Meat, Inc. Common Stock",$8.52,0.17,2.036%,"146,492,590"
HUHU,HUHUTECH International Group Inc. Ordinary Shares,$5.74,0.43,8.098%,"146,334,119"
CEPL,"Capstone Energy Plus, Inc. Common Stock",$4.48,-0.23,-4.883%,"146,099,919"
PAAC,Proem Acquisition Corp I Ordinary Shares,$10.07,UNCH,--,"145,682,690"
ASBH,"American Savings Bank, N.A. Common Stock",$18.04,-0.26,-1.421%,"145,352,610"
MOLN,Molecular Partners AG American Depositary Shares,$3.86,-0.44,-10.233%,"144,793,089"
INGN,"Inogen, Inc Common Stock",$5.44,0.08,1.493%,"144,368,553"
RNA,"Atrium Therapeutics, Inc. Common Stock",$8.42,0.13,1.568%,"144,029,514"
MX,Magnachip Semiconductor Corporation Common Stock,$3.79,0.49,14.848%,"143,914,255"
ONL,Orion Properties Inc. Common Stock,$2.51,UNCH,--,"143,182,232"
HURC,"Hurco Companies, Inc. Common Stock",$21.99,0.34,1.57%,"142,414,321"
LSBK,"Lake Shore Bancorp, Inc. Common Stock",$18.13,0.31,1.74%,"142,389,176"
KRMD,"KORU Medical Systems, Inc. Common Stock (DE)",$3.06,-0.15,-4.673%,"141,286,020"
NAUT,"Nautilus Biotechnology, Inc. Common Stock",$1.11,0.1473,15.301%,"141,253,298"
LFMD,"LifeMD, Inc. Common Stock",$2.93,-0.04,-1.347%,"141,228,452"
RRGB,"Red Robin Gourmet Burgers, Inc. Common Stock",$7.46,0.21,2.897%,"141,021,990"
AGPU,Axe Compute Inc. Common Stock,$12.15,0.06,0.496%,"140,832,157"
ARMP,"Armata Pharmaceuticals, Inc. Common Stock",$3.78,0.04,1.07%,"140,547,881"
SIF,"SIFCO Industries, Inc. Common Stock",$22.42,0.36,1.632%,"140,217,550"
BANX,ArrowMark Financial Corp. Common Stock,$19.74,-0.18,-0.904%,"140,205,837"
HOFT,Hooker Furnishings Corporation Common Stock,$13.11,-0.03,-0.228%,"140,174,703"
VNCE,Vince Holding Corp. Common Stock,$10.82,-0.68,-5.913%,"140,062,184"
TUSK,"Mammoth Energy Services, Inc. Common Stock",$2.91,-0.07,-2.349%,"140,051,272"
KRRO,"Korro Bio, Inc. Common Stock",$9.51,-0.06,-0.627%,"140,040,893"
RTB,"RTB Digital, Inc. Common Stock",$9.36,-0.91,-8.861%,"140,013,189"
NXG,NXG NextGen Infrastructure Income Fund Common Shares of Beneficial Interest,$53.76,-0.73,-1.34%,"139,868,145"
HOST,Host Digital Inc. Class A Common Stock,$4.95,-1.19,-19.381%,"139,591,589"
BRLT,"Brilliant Earth Group, Inc. Class A Common Stock",$1.37,UNCH,--,"139,497,229"
GSIW,Garden Stage Limited Class A Ordinary Shares,$13.00,-1.035,-7.374%,"139,261,187"
DOUG,Douglas Elliman Inc. Common Stock,$1.53,-0.04,-2.548%,"139,062,424"
DOYU,DouYu International Holdings Limited ADS,$4.60,-0.01,-0.217%,"138,822,751"
NEN,New England Realty Associates Limited Partnership Class A Depositary Receipts Evidencing Units of Limited Partnership,$50.00,-1.005,-1.97%,"138,712,700"
EPM,"Evolution Petroleum Corporation, Inc. Common Stock",$3.45,-0.07,-1.989%,"138,594,180"
GHI,Greystone Housing Impact Investors LP Beneficial Unit Certificates representing assignments of limited partnership interests,$5.86,0.01,0.171%,"138,076,309"
WYHG,Wing Yip Food Holdings Group Limited American Depositary Shares,$3.88,-0.25,-6.053%,"138,061,000"
GRO,Brazil Potash Corp. Common Shares,$2.22,-0.14,-5.932%,"137,520,597"
GGZ,Gabelli Global Small and Mid Cap Value Trust (The) Common Shares of Beneficial Interest,$15.4233,-0.0067,-0.043%,"136,835,009"
OXSQ,Oxford Square Capital Corp. Common Stock,$1.27,UNCH,--,"136,788,874"
TLYS,"Tilly's, Inc. Common Stock",$4.47,0.20,4.684%,"136,725,075"
SPRB,"Spruce Biosciences, Inc. Common Stock",$47.51,-1.21,-2.484%,"136,544,358"
WALD,Waldencast plc Class A Ordinary Share,$1.06,0.03,2.913%,"136,316,968"
LANV,Lanvin Group Holdings Limited Ordinary Shares,$1.085,UNCH,--,"136,271,567"
AIRS,"AirSculpt Technologies, Inc. Common Stock",$1.88,-0.08,-4.082%,"135,538,993"
NEOV,NeoVolta Inc. Common Stock,$2.28,0.09,4.11%,"134,550,203"
FGBI,"First Guaranty Bancshares, Inc. Common Stock",$8.13,0.12,1.498%,"134,462,834"
RYDE,Ryde Group Ltd. Class A Ordinary Shares,$0.745,0.0445,6.353%,"134,268,598"
INVZ,Innoviz Technologies Ltd. Ordinary shares,$0.378,-0.007,-1.818%,"134,076,097"
CLAR,Clarus Corporation Common Stock,$3.50,-0.08,-2.235%,"134,008,543"
CRBP,"Corbus Pharmaceuticals Holdings, Inc. Common Stock",$6.92,-0.22,-3.081%,"133,841,748"
DIBS,"1stdibs.com, Inc. Common Stock",$3.98,0.01,0.252%,"133,788,866"
HCAT,"Health Catalyst, Inc Common Stock",$1.77,0.03,1.724%,"133,203,794"
HURA,"TuHURA Biosciences, Inc. Common Stock",$2.09,-0.01,-0.476%,"133,188,630"
AMTX,"Aemetis, Inc. (DE) Common Stock",$1.845,0.055,3.073%,"133,152,901"
CSHRW,CoinShares PLC Warrants,$1.01,-0.29,-22.308%,"133,098,011"
KVHI,"KVH Industries, Inc. Common Stock",$7.33,-0.06,-0.812%,"132,973,251"
HYNE,"Hoyne Bancorp, Inc. Common Stock",$16.40,-0.03,-0.183%,"132,789,783"
DH,Definitive Healthcare Corp. Class A Common Stock,$0.9153,-0.0297,-3.143%,"132,691,083"
TNYA,"Tenaya Therapeutics, Inc. Common Stock",$0.5898,-0.0198,-3.248%,"132,250,861"
OCC,Optical Cable Corporation Common Stock,$14.95,0.42,2.891%,"132,188,259"
ENGN,enGene Therapeutics Inc. Common Stock,$1.97,0.01,0.51%,"132,022,143"
CRBU,"Caribou Biosciences, Inc. Common Stock",$1.23,-0.01,-0.806%,"131,865,241"
CTW,CTW Class A Ordinary Shares,$2.11,0.01,0.476%,"131,664,000"
USDEW,StablecoinX Inc. Warrants,$4.84,-1.175,-19.534%,"131,585,704"
MED,MEDIFAST INC Common Stock,$11.71,-0.46,-3.78%,"130,926,032"
ACNT,Ascent Industries Co. Common Stock,$14.52,-0.18,-1.224%,"130,817,258"
ZJK,"ZJK Industrial Co., Ltd. Class A Ordinary Shares",$2.03,-0.07,-3.333%,"130,574,165"
SWVL,Swvl Holdings Corp Class A Common Shares,$4.35,0.26,6.357%,"130,499,008"
TISI,"Team, Inc. Common Stock",$28.47,-0.59,-2.03%,"130,483,960"
RGP,"Resources Connection, Inc. Common Stock",$3.76,-0.025,-0.661%,"130,476,896"
NMRA,"Neumora Therapeutics, Inc. Common Stock",$0.6918,0.0142,2.096%,"129,986,392"
UP,Wheels Up Experience Inc. Class A Common Stock,$3.58,-0.19,-5.04%,"129,867,511"
IMUX,"Immunic, Inc. Common Stock",$9.51,0.165,1.766%,"129,758,881"
UNCY,"Unicycive Therapeutics, Inc. Common Stock",$4.64,-0.055,-1.171%,"129,248,392"
BEBE,TGE Value Creative Solutions Corp Class A Ordinary Shares,$10.04,UNCH,--,"129,214,800"
DLNG,Dynagas LNG Partners LP Common Units,$3.54,-0.02,-0.562%,"128,792,319"
VERI,"Veritone, Inc. Common Stock",$1.28,-0.03,-2.29%,"128,585,047"
SMID,Smith-Midland Corporation Common Stock,$24.11,-0.17,-0.70%,"127,894,051"
SHIM,Shimmick Corporation Common Stock,$3.09,-0.065,-2.06%,"127,727,693"
BMHL,Bluemount Holdings Limited Class B Ordinary Shares,$5.00,-0.11,-2.153%,"127,600,735"
JLHL,Julong Holding Limited Class A Ordinary Shares,$5.92,0.135,2.334%,"126,975,901"
COOK,"Traeger, Inc. Common Stock",$45.31,-1.29,-2.768%,"126,787,529"
STXS,"Stereotaxis, Inc. Common Stock",$1.26,-0.04,-3.077%,"126,254,744"
VIVO,VivoPower PLC Class A Ordinary Shares,$3.94,-0.18,-4.369%,"126,054,607"
MGYR,"Magyar Bancorp, Inc. Common Stock",$19.50,0.135,0.697%,"125,879,969"
FLYX,"flyExclusive, Inc. Class A Common Stock",$1.23,-0.04,-3.15%,"125,560,550"
AIB,AIB Data Centers Inc. Common Stock,$1.65,-0.04,-2.367%,"125,366,119"
TLSA,Tiziana Life Sciences Ltd. Common Shares,$0.9805,-0.0295,-2.921%,"124,777,578"
OESX,"Orion Energy Systems, Inc. Common Stock",$30.46,-0.13,-0.425%,"124,559,652"
LENZ,"LENZ Therapeutics, Inc. Common Stock",$3.96,0.045,1.149%,"124,424,558"
NRXP,"NRX Pharmaceuticals, Inc. Common Stock",$2.87,-0.125,-4.174%,"124,258,851"
LX,LexinFintech Holdings Ltd. American Depositary Shares,$0.7529,0.0104,1.401%,"124,069,091"
UFI,"Unifi, Inc. New Common Stock",$6.67,0.07,1.061%,"123,987,543"
BOTJ,"Bank of the James Financial Group, Inc. Common Stock",$27.21,0.46,1.72%,"123,624,227"
PLBY,"Playboy, Inc. Common Stock",$1.03,UNCH,--,"123,401,919"
AKA,a.k.a. Brands Holding Corp. Common Stock,$11.22,UNCH,--,"123,319,682"
SAMG,Silvercrest Asset Management Group Inc. Class A Common Stock,$10.38,0.08,0.777%,"122,979,821"
SUIG,Sui Group Holdings Limited Common Stock,$1.60,0.01,0.629%,"122,884,595"
CODA,"Coda Octopus Group, Inc. Common stock",$10.87,0.09,0.835%,"122,647,308"
ZKIN,"ZK International Group Co., Ltd Ordinary Share",$2.13,-0.22,-9.362%,"122,075,216"
JHS,John Hancock Income Securities Trust Common Stock,$10.42,0.01,0.096%,"121,357,416"
INO,"Inovio Pharmaceuticals, Inc. Common Stock",$1.17,-0.01,-0.847%,"120,975,096"
VTVT,vTv Therapeutics Inc. Class A Common Stock,$30.52,0.31,1.026%,"120,673,883"
CVGI,"Commercial Vehicle Group, Inc. Common Stock",$2.96,-0.02,-0.671%,"120,272,739"
RVSB,Riverview Bancorp Inc Common Stock,$5.94,-0.01,-0.168%,"119,754,041"
BOOM,DMC Global Inc. Common Stock,$5.83,-0.08,-1.354%,"119,753,733"
MXCT,"MaxCyte, Inc. Common Stock",$1.16,-0.01,-0.855%,"119,719,199"
SANG,Sangoma Technologies Corporation Common Shares,$3.59,0.04,1.127%,"119,470,856"
VRA,"Vera Bradley, Inc. Common Stock",$4.15,0.125,3.106%,"119,057,956"
SFBC,"Sound Financial Bancorp, Inc. Common Stock",$46.36,3.64,8.521%,"119,054,473"
PNBK,Patriot National Bancorp Inc. Common Stock,$1.00,UNCH,--,"118,742,200"
WTF,Waton Financial Limited Ordinary Shares,$2.46,UNCH,--,"118,664,181"
AXR,AMREP Corporation Common Stock,$22.28,-0.09,-0.402%,"118,637,636"
ZENA,"ZenaTech, Inc. Common Stock",$1.38,-0.04,-2.817%,"118,561,361"
OPENW,"Opendoor Technologies Inc  Series K Warrants, each whole warrant exercisable to purchase one share of Common Stock at an exercise price of $9.00 per warrant",$0.122,-0.0065,-5.058%,"118,473,108"
MWC,"Micware Co., Ltd. American Depositary Shares",$1.93,0.25,14.881%,"118,370,741"
EGG,Enigmatig Limited Class A Ordinary Shares,$4.25,1.45,51.786%,"118,342,100"
WSBK,"Winchester Bancorp, Inc. Common Stock",$12.71,-0.03,-0.235%,"118,144,229"
XHG,XChange TEC.INC American Depositary Shares ,$2.27,-0.08,-3.404%,"117,013,792"
BEEP,Mobile Infrastructure Corporation Common Stock,$2.83,-0.04,-1.394%,"116,879,000"
COYA,"Coya Therapeutics, Inc. Common Stock",$4.98,-0.10,-1.969%,"116,820,088"
LGCY,Legacy Education Inc. Common Stock,$9.07,-0.24,-2.578%,"116,216,069"
NINE,"Nine Energy Service, Inc. Common Stock",$8.33,-0.27,-3.14%,"116,203,417"
FEAM,"5E Advanced Materials, Inc. Common Stock",$2.79,-0.01,-0.357%,"116,196,165"
BSBK,Bogota Financial Corp. Common Stock,$9.10,-0.015,-0.165%,"116,127,948"
CPIX,Cumberland Pharmaceuticals Inc. Common Stock,$7.72,0.11,1.445%,"115,669,586"
AARD,"Aardvark Therapeutics, Inc. Common Stock",$5.27,0.21,4.15%,"115,333,138"
JYNT,The Joint Corp. Common Stock,$8.10,-0.13,-1.58%,"114,559,547"
UNB,"Union Bankshares, Inc. Common Stock",$23.14,-0.46,-1.949%,"114,447,386"
QUCY,Quantum Cyber N.V. Ordinary Shares,$1.36,-0.01,-0.73%,"114,332,741"
EVTL,Vertical Aerospace Ltd. Ordinary Shares,$0.6652,-0.0738,-9.986%,"114,230,566"
HOVR,New Horizon Aircraft Ltd. Class A Ordinary Share,$1.70,-0.03,-1.734%,"114,110,700"
BHR,Braemar Hotels & Resorts Inc. Common Stock,$1.66,-0.03,-1.775%,"114,007,668"
PROV,"Provident Financial Holdings, Inc. Common Stock",$18.27,-0.15,-0.814%,"113,894,413"
KULR,"KULR Technology Group, Inc. Common Stock",$2.45,0.01,0.41%,"113,386,789"
VANI,"Vivani Medical, Inc. Common Stock (DE)",$1.25,0.01,0.806%,"112,754,195"
SEER,"Seer, Inc. Class A Common Stock",$2.03,0.12,6.283%,"112,405,190"
CBUS,"Cibus, Inc. Class A Common Stock",$1.47,-0.05,-3.289%,"112,350,577"
OKUR,"OnKure Therapeutics, Inc. Class A Common Stock",$2.76,-0.14,-4.828%,"111,769,813"
GNLX,Genelux Corporation Common Stock,$2.47,-0.01,-0.403%,"111,755,977"
OPHC,"OptimumBank Holdings, Inc. Common Stock",$8.85,UNCH,--,"111,708,860"
NICM,Nicola Mining Inc. American Depositary Shares,$5.56,-0.14,-2.456%,"110,208,024"
DMRC,Digimarc Corporation Common Stock,$4.90,-0.01,-0.204%,"110,129,112"
BYFC,Broadway Financial Corporation Class A Common Stock,$11.8351,-0.0749,-0.629%,"109,812,508"
GGT,"Gabelli Multi-Media Trust, Inc. (The) Common Stock",$3.98,UNCH,--,"109,592,289"
NRDY,Nerdy Inc. Class A Common Stock,$8.49,-0.18,-2.076%,"108,451,201"
RANI,"Rani Therapeutics Holdings, Inc. Class A Common Stock",$0.776,0.0168,2.213%,"108,170,768"
PYPD,PolyPid Ltd. Ordinary Shares,$5.31,0.09,1.724%,"107,855,477"
PZG,Paramount Gold Nevada Corp. Common Stock,$1.25,-0.06,-4.58%,"107,769,226"
TCX,Tucows Inc. Class A Common Stock,$9.59,-0.39,-3.908%,"107,236,454"
VIOT,"Viomi Technology Co., Ltd American Depositary Shares",$1.59,0.24,17.778%,"107,041,551"
HOVNP,Hovnanian Enterprises Inc Dep Shr Srs A Pfd,$17.95,-0.6499,-3.494%,"106,980,026"
RDZN,"Roadzen, Inc. Ordinary Shares",$1.255,-0.145,-10.357%,"106,882,154"
EQ,"Equillium, Inc. Common Stock",$1.68,0.01,0.599%,"106,525,578"
CNXU,Conexeu Sciences Inc. Common Stock,$3.77,-0.12,-3.085%,"106,339,251"
ICG,Intchains Group Limited American Depositary Shares,$0.88,-0.001,-0.114%,"106,288,954"
GLU,Gabelli Global Utility Common Shares of Beneficial Ownership,$17.79,-0.03,-0.168%,"106,186,927"
JHI,John Hancock Investors Trust Common Stock,$12.12,-0.13,-1.061%,"105,983,910"
NFE,New Fortress Energy Inc. Class A Common Stock,$6.48,-0.34,-4.985%,"105,764,065"
APYX,Apyx Medical Corporation Common Stock,$2.50,-0.46,-15.541%,"105,310,058"
INSE,"Inspired Entertainment, Inc. Common Stock",$3.99,-0.58,-12.691%,"105,169,904"
BDTX,"Black Diamond Therapeutics, Inc. Common Stock",$1.83,-0.05,-2.66%,"105,140,357"
RFL,"Rafael Holdings, Inc. Class B Common Stock",$2.02,0.08,4.124%,"105,039,992"
NIOBW,NioCorp Developments Ltd. Warrant,$0.7201,-0.0299,-3.987%,"105,026,319"
GRML,Greenland Mines Ltd. Common Stock,$11.85,-2.81,-19.168%,"104,601,514"
IMDX,Insight Molecular Diagnostics Inc. Common Stock,$3.18,-0.74,-18.878%,"104,063,223"
MNOV,Medicinova Inc Common Stock,$2.10,-0.48,-18.605%,"103,364,617"
PMVP,"PMV Pharmaceuticals, Inc. Common Stock",$1.36,0.03,2.256%,"102,700,988"
VIRC,Virco Manufacturing Corporation Common Stock,$6.50,UNCH,--,"102,464,798"
ILLU,Illumination Acquisition Corp I Class A Ordinary Shares,$9.98,-0.025,-0.25%,"102,442,145"
STHO,Star Holdings Shares of Beneficial Interest,$8.47,0.24,2.916%,"102,328,891"
LAKE,"Lakeland Industries, Inc. Common Stock",$10.27,-0.225,-2.144%,"101,994,923"
GHG,"GreenTree Hospitality Group Ltd. American depositary shares, each representing one Class A ordinary share",$1.01,UNCH,--,"101,906,298"
PLYX,"Polaryx Therapeutics, Inc. Common Stock",$2.04,-0.05,-2.392%,"101,685,826"
FLX,BingEx Limited American Depositary Shares,$1.39,0.22,18.803%,"101,650,575"
HMR,Heidmar Maritime Holdings Corp. Common Stock,$1.72,-0.05,-2.825%,"101,466,235"
FJET,"Starfighters Space, Inc. Common Stock",$1.84,0.02,1.099%,"101,192,675"
VATE,INNOVATE Corp. Common Stock,$7.40,-0.37,-4.762%,"100,949,808"
PUSA,Aureus Greenway Holdings Inc. Common Stock,$3.65,-0.07,-1.882%,"100,899,074"
CHMI,Cherry Hill Mortgage Investment Corporation Common Stock,$2.73,-0.01,-0.365%,"100,866,386"
ULBI,Ultralife Corporation Common Stock,$6.05,-0.11,-1.786%,"100,812,777"
FURY,Fury Gold Mines Limited Common Shares,$0.5301,-0.0039,-0.73%,"100,789,077"
CBAT,CBAK Energy Technology Limited Ordinary Shares,$1.13,-0.12,-9.60%,"100,169,795"
NTRB,Nutriband Inc. Common Stock,$8.23,0.23,2.875%,"100,041,271"
BUDA,"Buda Juice, Inc. Common Stock",$7.96,0.81,11.329%,"100,030,661"
BWEN,"Broadwind, Inc. Common Stock",$4.22,-0.01,-0.236%,"99,834,114"
NIPG,NIP Group Inc. American Depositary Shares,$11.70,-0.80,-6.40%,"99,702,556"
ECOR,"electroCore, Inc. Common Stock",$11.03,-0.09,-0.809%,"99,445,212"
QXL,Quantum X Labs Inc. Common Stock,$4.61,-0.39,-7.80%,"99,427,678"
CSTE,Caesarstone Ltd. Ordinary Shares,$2.87,-0.07,-2.381%,"99,236,205"
PAL,"Proficient Auto Logistics, Inc. Common Stock",$3.53,-0.15,-4.076%,"99,026,818"
MIST,Milestone Pharmaceuticals Inc. Common Shares,$0.7954,0.007,0.888%,"99,025,693"
GCL,GCL Global Holdings Ltd Ordinary Shares,$0.76,0.0071,0.943%,"98,902,928"
SRG,Seritage Growth Properties Class A Common Stock,$1.75,-0.07,-3.846%,"98,568,062"
KEQU,Kewaunee Scientific Corporation Common Stock,$34.02,UNCH,--,"98,499,705"
ZVIA,Zevia PBC Class A Common Stock,$1.27,-0.06,-4.511%,"98,228,659"
BGM,BGM Group Ltd. Class A Ordinary Shares,$0.244,0.004,1.667%,"97,752,099"
UPXI,"Upexi, Inc. Common Stock",$1.19,-0.04,-3.252%,"97,701,944"
SVRN,"SVRN, Inc. Common Stock",$52.055,4.795,10.146%,"97,645,602"
FLNT,"Fluent, Inc. Common Stock",$3.085,-0.075,-2.373%,"97,507,860"
USGO,U.S. GoldMining Inc. Common stock,$6.92,-0.27,-3.755%,"97,127,293"
ANIX,"Anixa Biosciences, Inc. Common Stock",$2.79,0.01,0.36%,"96,991,008"
SPWR,SunPower Inc. Common Stock,$0.3005,-0.0136,-4.33%,"96,250,254"
TP,Ticketplus Ltd. Ordinary Shares,$7.51,-0.49,-6.125%,"95,961,849"
SLNG,"Stabilis Solutions, Inc. Common Stock",$5.15,-0.10,-1.905%,"95,770,950"
CTOR,"Citius Oncology, Inc. Common Stock",$1.03,-0.02,-1.905%,"95,770,640"
PMN,ProMIS Neurosciences Inc. Common Shares (ON),$10.65,-0.62,-5.501%,"95,505,930"
ANTA,Antalpha Platform Holding Company Class A Ordinary Shares,$2.54,-0.30,-10.563%,"95,504,000"
FNWB,First Northwest Bancorp Common Stock,$10.04,-0.01,-0.10%,"95,496,615"
SUNS,"Sunrise Realty Trust, Inc. Common Stock",$7.06,-0.13,-1.808%,"95,421,908"
TGEN,Tecogen Inc. Common Stock,$3.16,0.11,3.607%,"95,393,518"
AMPG,"Amplitech Group, Inc. Common Stock",$3.15,-0.19,-5.689%,"94,638,244"
NTHI,"NeOnc Technologies Holdings, Inc. Common Stock",$3.16,-0.15,-4.532%,"94,060,860"
PARK,"Park Dental Partners, Inc. Common Stock",$19.77,-0.14,-0.703%,"94,011,925"
CANG,Cango Inc. Class A Ordinary Shares,$2.29,0.38,19.895%,"93,940,304"
BMEA,"Biomea Fusion, Inc. Common Stock",$1.29,-0.03,-2.273%,"93,504,169"
LINK,"Interlink Electronics, Inc. Common Stock",$5.93,0.38,6.847%,"93,417,715"
AUBN,"Auburn National Bancorporation, Inc. Common Stock",$26.81,-0.415,-1.524%,"93,413,869"
CRDF,"Cardiff Oncology, Inc. Common Stock",$1.20,-0.04,-3.226%,"93,354,299"
GRABW,Grab Holdings Limited Warrant,$0.0227,-0.0058,-20.351%,"93,080,936"
GOW,GOWell Energy Technology Ordinary shares,$1.99,1.99,--,"93,012,958"
HDRN,"Hadron Energy, Inc. Common Stock  ",$1.30,-0.07,-5.109%,"92,948,495"
NRXS,"Neuraxis, Inc. Common Stock",$7.40,-0.16,-2.116%,"92,927,461"
ZSTK,ZeroStack Corp. Common Stock,$4.24,0.17,4.177%,"92,519,034"
GRWG,GrowGeneration Corp. Common Stock,$1.57,0.01,0.641%,"92,505,105"
DAVA,Endava plc American Depositary Shares (each representing one Class A Ordinary Share),$1.70,-0.11,-6.077%,"92,356,925"
SATLW,Satellogic Inc. Warrant,$0.60,-0.05,-7.692%,"92,243,947"
ABLV,Able View Global Inc. Class B Ordinary Shares,$1.665,0.365,28.077%,"91,942,675"
SIEB,Siebert Financial Corp. Common Stock,$2.23,0.03,1.364%,"91,655,087"
TRBG,TurboGen Ltd. Ordinary Shares,$3.60,-0.14,-3.743%,"91,641,564"
FACWW,Factorial Energy Inc. Warrant,$0.8546,0.0436,5.376%,"91,462,065"
LPA,Logistic Properties of the Americas Ordinary Shares,$2.87,-0.0381,-1.31%,"90,975,082"
WFF,WF Holding Limited Ordinary Shares,$2.17,-0.23,-9.583%,"90,966,257"
LUD,Luda Technology Group Limited Ordinary Shares,$4.00,UNCH,--,"90,760,000"
FDSB,"Fifth District Bancorp, Inc. Common Stock",$17.33,-0.42,-2.366%,"90,733,953"
FUSB,"First US Bancshares, Inc. Common Stock",$16.45,0.01,0.061%,"90,552,463"
HERE,Here Group Limited American Depositary Shares,$1.665,-0.025,-1.479%,"90,550,384"
RLYB,Rallybio Corporation Common Stock,$17.05,0.43,2.587%,"90,544,008"
ATGL,Alpha Technology Group Limited Class A Ordinary Shares,$5.50,UNCH,--,"90,543,750"
MDIA,Mediaco Holding Inc. Class A Common Stock ,$1.075,-0.015,-1.376%,"90,321,347"
BZFD,"BuzzFeed, Inc. Class A Common Stock",$1.06,0.02,1.923%,"90,136,817"
DWSN,Dawson Geophysical Company Common Stock,$2.90,0.01,0.346%,"90,061,292"
ICCC,ImmuCell Corporation Common Stock,$9.88,-0.045,-0.453%,"89,732,106"
RGT,"Royce Global Trust, Inc. Common Stock",$14.26,-0.22,-1.519%,"89,366,607"
CGTX,"Cognition Therapeutics, Inc. Common Stock",$0.9384,0.0019,0.203%,"89,235,971"
HYPR,"Hyperfine, Inc. Class A Common Stock",$0.8359,0.0226,2.779%,"88,646,082"
CIGL,Concorde International Group Ltd Class A Ordinary Shares,$0.3905,-0.0095,-2.375%,"88,637,825"
MNTS,Momentus Inc. Class A Common Stock,$4.03,-0.20,-4.728%,"88,512,506"
ACRV,"Acrivon Therapeutics, Inc. Common Stock",$2.06,-0.04,-1.905%,"88,277,926"
HFFG,HF Foods Group Inc. Common Stock,$1.58,-0.01,-0.629%,"87,852,449"
MGF,Aberdeen Government Markets Income Fund Common Shares of Beneficial Interest,$2.69,-0.015,-0.555%,"87,686,987"
EP,Empire Petroleum Corporation Common Stock,$2.10,-0.01,-0.474%,"87,364,916"
FTLF,"FitLife Brands, Inc. Common Stock",$9.29,0.035,0.378%,"87,243,059"
MHH,"Mastech Digital, Inc Common Stock",$7.26,-0.09,-1.224%,"87,211,338"
CCLD,"CareCloud, Inc. Common Stock",$2.05,UNCH,--,"87,112,411"
WRAP,"Wrap Technologies, Inc. Common Stock",$1.34,-0.11,-7.586%,"86,532,606"
PFX,PhenixFIN Corporation Common Stock,$44.67,-0.92,-2.018%,"86,269,965"
RFIL,"RF Industries, Ltd. Common Stock",$7.92,-0.36,-4.348%,"85,914,267"
GFUZW,General Fusion Group Ltd. Warrant,$1.35,-0.14,-9.396%,"85,790,773"
CITR,CitroTech Inc. Common Stock,$3.80,-0.52,-12.037%,"85,703,201"
YRD,"Yiren Digital Ltd. American Depositary Shares, each representing two ordinary shares",$0.9764,-0.0143,-1.443%,"85,423,733"
MMLP,Martin Midstream Partners L.P. Limited Partnership,$2.18,0.02,0.926%,"85,291,815"
AEYE,"AudioEye, Inc. Common Stock",$6.785,-0.075,-1.093%,"85,285,238"
WCT,Wellchange Holdings Company Limited Class A Ordinary shares,$7.94,0.01,0.126%,"85,284,064"
RMI,"RiverNorth Opportunistic Municipal Income Fund, Inc. Common Stock",$13.38,-0.3701,-2.692%,"85,274,326"
EVF,Eaton Vance Senior Income Trust Common Stock,$4.85,-0.02,-0.411%,"85,063,461"
LGL,"LGL Group, Inc. (The) Common Stock",$6.7101,0.0101,0.151%,"84,635,491"
GIBO,GIBO Holdings Limited Class A Ordinary Shares,$32.48,-0.52,-1.576%,"84,600,818"
UBCP,"United Bancorp, Inc. Common Stock",$14.75,-0.065,-0.439%,"84,598,891"
SKIN,SkinHealth Systems Inc. Class A Common Stock,$0.65,-0.0148,-2.226%,"84,591,496"
ONCY,"Oncolytics Biotech, Inc. Common Stock",$0.663,-0.0203,-2.971%,"84,539,465"
LNSR,"LENSAR, Inc. Common Stock",$6.88,-0.04,-0.578%,"84,526,751"
OPENZ,"Opendoor Technologies Inc  Series Z Warrants, each whole warrant exercisable to purchase one share of Common Stock at an exercise price of $17.00 per warrant",$0.087,0.0065,8.075%,"84,484,921"
PBHC,"Pathfinder Bancorp, Inc. Common Stock (MD)",$17.2033,-0.1467,-0.846%,"84,267,957"
VENU,Venu Holding Corporation Common Stock,$1.43,-0.05,-3.378%,"84,183,155"
LUNG,Pulmonx Corporation Common Stock,$1.96,0.05,2.618%,"84,178,607"
MGLD,"The Marygold Companies, Inc. Common Stock",$1.97,0.04,2.073%,"84,143,133"
ARQ,"Arq, Inc. Common Stock",$1.925,-0.095,-4.703%,"84,061,830"
TSQ,"Townsquare Media, Inc. Class A Common Stock",$4.61,-0.37,-7.43%,"84,047,856"
BCIC,BCP Investment Corporation Common Stock,$6.785,-0.155,-2.233%,"84,023,079"
ATRA,"Atara Biotherapeutics, Inc. Common Stock",$8.37,-0.44,-4.994%,"84,015,633"
MBOT,Microbot Medical Inc. Common Stock,$1.25,-0.025,-1.961%,"83,956,001"
RPT,Rithm Property Trust Inc. Common stock,$10.78,-0.03,-0.278%,"83,788,240"
EMPD,Empery Digital Inc. Common stock,$2.98,0.09,3.114%,"83,768,131"
DTI,Drilling Tools International Corporation Common Stock,$2.36,-0.09,-3.673%,"83,266,049"
JXG,JX Luxventure Group Inc. Common Stock,$6.90,-0.02,-0.289%,"83,213,151"
BDL,"Flanigan's Enterprises, Inc. Common Stock",$44.70,-0.42,-0.931%,"83,081,521"
SSBI,Summit State Bank Common Stock,$12.442,0.007,0.056%,"83,027,083"
CPBI,"Central Plains Bancshares, Inc. Common Stock",$19.80,UNCH,--,"82,610,273"
TELO,"Telomir Pharmaceuticals, Inc. Common Stock",$1.20,-0.03,-2.439%,"82,529,947"
KNDI,"Kandi Technologies Group, Inc. Ordinary Shares",$0.82,0.232,39.456%,"82,340,599"
EIC,Eagle Point Income Company Common Shares of Beneficial Interest,$9.23,-0.19,-2.017%,"82,221,837"
STEX,Streamex Corp. Common Stock,$0.7048,0.0048,0.686%,"82,084,826"
SPAI,Safe Pro Group Inc. Common Stock,$4.02,-0.15,-3.597%,"81,858,705"
WSTN,Westin Acquisition Corp Class A Ordinary Share,$10.15,-0.035,-0.344%,"81,758,250"
LSE,"Leishen Energy Holding Co., Ltd. Class A Ordinary Shares",$4.80,UNCH,--,"81,720,000"
CPHC,Canterbury Park Holding Corporation 'New' Common Stock,$15.735,-0.045,-0.285%,"81,560,705"
AFCG,Advanced Flower Capital Inc. Common Stock,$3.59,0.03,0.843%,"81,392,189"
PTHS,Pelthos Therapeutics Inc. Common Stock,$21.25,-0.94,-4.236%,"81,354,966"
BTCS,BTCS Inc. Common Stock,$1.55,0.02,1.307%,"81,331,509"
BLNK,Blink Charging Co. Common Stock,$0.5603,-0.019,-3.28%,"81,209,163"
FSEA,"First Seacoast Bancorp, Inc. Common Stock",$17.25,0.01,0.058%,"81,151,331"
CMCM,"Cheetah Mobile Inc. American Depositary Shares, each representing fifty (50) Class A Ordinary Shares",$2.60,-0.08,-2.985%,"81,057,179"
MAYS,"J. W. Mays, Inc. Common Stock",$40.00,UNCH,--,"80,631,200"
ROC,Rank One Computing Corporation Common stock,$4.22,0.17,4.198%,"80,518,136"
SEV,Aptera Motors Corp. Class B Common Stock,$1.98,0.01,0.508%,"80,275,388"
NDLS,Noodles & Company Class A Common Stock,$13.45,0.84,6.661%,"80,251,577"
SOTK,Sono-Tek Corporation Common Stock,$5.10,0.09,1.796%,"80,155,287"
ETS,Elite Express Holding Inc. Class A Common Stock,$1.64,0.05,3.145%,"79,895,342"
CHGG,"Chegg, Inc. Common Stock",$0.7193,-0.0154,-2.096%,"79,862,068"
SERA,"Sera Prognostics, Inc. Class A Common Stock",$2.02,-0.02,-0.98%,"79,687,921"
SDEV,Stablecoin Development Corporation Common Stock,$1.57,0.08,5.369%,"79,466,236"
GCV,"Gabelli Convertible and Income Securities Fund, Inc. (The) Common Stock",$4.17,-0.13,-3.023%,"79,396,921"
MHNC,"Maiden Holdings North America, Ltd. 7.75% Notes due 2043",$10.25,UNCH,--,"79,354,916"
SRL,Scully Royalty Ltd.,$5.2113,-0.1487,-2.774%,"79,349,083"
NAAS,NaaS Technology Inc. American Depositary Shares,$3.2284,-0.0316,-0.969%,"79,298,766"
HNNA,"Hennessy Advisors, Inc. Common Stock",$10.03,-0.15,-1.473%,"79,281,232"
VRCA,Verrica Pharmaceuticals Inc. Common Stock,$4.60,0.23,5.263%,"79,022,416"
AZI,Autozi Internet Technology (Global) Ltd. Class A Ordinary Shares,$1.19,0.02,1.709%,"78,956,576"
BYRN,"Byrna Technologies, Inc. Common Stock",$3.37,-0.12,-3.438%,"78,874,021"
DTF,DTF Tax-Free Income 2028 Term Fund Inc. Common Stock,$11.18,-0.09,-0.799%,"78,590,559"
NRT,North European Oil Royality Trust Common Stock,$8.55,-0.05,-0.581%,"78,579,545"
YDDL,One and One Green Technologies. Inc Class A Ordinary Shares,$1.40,-0.06,-4.11%,"78,446,666"
ASRV,AmeriServ Financial Inc. Common Stock,$4.60,-0.08,-1.709%,"78,104,628"
LFVN,Lifevantage Corporation Common Stock (Delaware),$6.19,-0.07,-1.118%,"77,928,658"
RFM,"RiverNorth Flexible Municipal Income Fund, Inc. Common Stock",$12.74,-0.30,-2.301%,"77,901,265"
LNZA,"LanzaTech Global, Inc. Common Stock",$5.94,-0.09,-1.493%,"77,749,628"
GOAI,Eva Live Inc. Common Stock,$1.94,-0.15,-7.177%,"77,588,632"
ACR,ACRES Commercial Realty Corp. Common Stock,$10.35,-0.13,-1.24%,"77,402,082"
GDHG,Golden Heaven Group Holdings Ltd. Class A Ordinary Shares,$1.18,0.01,0.855%,"77,279,262"
GANX,"Gain Therapeutics, Inc. Common Stock",$1.77,-0.01,-0.562%,"77,249,206"
SLQT,"SelectQuote, Inc. Common Stock",$0.4306,0.0306,7.65%,"77,190,132"
CSPI,CSP Inc. Common Stock,$7.65,-0.06,-0.778%,"77,116,934"
OSTX,OS Therapies Incorporated Common Stock,$1.65,-0.01,-0.602%,"76,676,804"
CENN,Cenntro Inc. Common Stock,$4.355,-0.0861,-1.939%,"76,584,643"
SKYA,"SkyAI, Inc. Common Stock",$1.77,-0.11,-5.851%,"76,548,086"
ISPR,Ispire Technology Inc. Common Stock,$1.325,-0.025,-1.852%,"76,524,674"
ARBE,Arbe Robotics Ltd. Ordinary Shares,$0.60,-0.035,-5.512%,"76,442,436"
ESYN,EnerSyn Global Inc. Common Stock,$2.57,0.01,0.391%,"76,396,848"
AIRT,"Air T, Inc. Common Stock",$28.48,-0.55,-1.895%,"76,376,183"
ATLX,Atlas Lithium Corporation Common Stock,$2.52,-0.18,-6.667%,"75,851,509"
HFBL,"Home Federal Bancorp, Inc. of Louisiana Common Stock",$25.00,0.20,0.806%,"75,764,850"
GLBS,Globus Maritime Limited Common Stock,$3.50,0.06,1.744%,"75,538,054"
JFIN,Jiayin Group Inc. American Depositary Shares,$1.44,-0.07,-4.636%,"75,354,546"
IBIO,"iBio, Inc. Common Stock",$1.17,-0.02,-1.681%,"75,239,490"
AMCI,AMC Robotics Corporation Common Stock,$3.24,0.06,1.887%,"75,188,811"
BLUW,Blue Water Acquisition Corp. III Class A Ordinary Shares,$10.3723,UNCH,--,"75,147,314"
GUTS,"Fractyl Health, Inc. Common Stock",$0.471,-0.0146,-3.007%,"74,973,708"
JRSH,"Jerash Holdings (US), Inc. Common Stock",$5.90,0.22,3.873%,"74,929,646"
AIRJW,AirJoule Technologies Corporation Warrant,$0.99,-0.0099,-0.99%,"74,454,829"
NSTS,"NSTS Bancorp, Inc. Common Stock",$14.13,0.01,0.071%,"74,226,741"
IOR,"Income Opportunity Realty Investors, Inc. Common Stock",$18.23,UNCH,--,"74,126,425"
FSI,Flexible Solutions International Inc. Common Stock (CDA),$5.80,UNCH,--,"74,080,488"
NTIC,Northern Technologies International Corporation Common Stock,$7.80,UNCH,--,"74,072,224"
BARK,"BARK, Inc. Class A Common Stock",$8.19,0.03,0.368%,"73,984,013"
CRT,Cross Timbers Royalty Trust Common Stock,$12.32,-0.18,-1.44%,"73,920,000"
SCOR,"comScore, Inc. Common Stock",$4.86,-0.05,-1.018%,"73,795,824"
GLV,Clough Global Dividend and Income Fund Common Shares of beneficial interest,$5.79,-0.05,-0.856%,"73,588,486"
FATN,"FatPipe, Inc. Common Stock",$5.18,-0.13,-2.448%,"73,185,464"
AVAT,Avalanche Treasury Corporation Class A Common Stock,$1.67,-0.17,-9.239%,"73,013,141"
OPENL,"Opendoor Technologies Inc  Series A Warrants, each whole warrant exercisable to purchase one share of Common Stock at an exercise price of $13.00 per warrant",$0.0751,0.0001,0.133%,"72,928,938"
MEGL,Magic Empire Global Limited Class A Ordinary Shares,$1.12,UNCH,--,"72,871,736"
MAIA,"MAIA Biotechnology, Inc. Common Stock",$1.18,-0.02,-1.667%,"72,855,496"
OPXS,"Optex Systems Holdings, Inc. Common Stock",$10.45,0.03,0.288%,"72,730,673"
RSSS,"Research Solutions, Inc Common Stock",$2.15,0.04,1.896%,"72,589,738"
BSIN,Big Sky Industrial Inc. Common Stock,$1.38,-0.06,-4.167%,"72,440,931"
FBIO,"Fortress Biotech, Inc. Common Stock",$2.17,-0.11,-4.825%,"72,371,655"
BSEM,"BioStem Technologies, Inc. Common Stock",$4.05,-0.09,-2.174%,"72,290,358"
NEXM,NexMetals Mining Corp. Common Shares,$2.025,-0.155,-7.11%,"72,187,532"
SSTI,"SoundThinking, Inc. Common Stock",$5.47,-0.17,-3.014%,"72,005,931"
OKYO,OKYO Pharma Limited Ordinary Shares,$1.37,-0.01,-0.725%,"71,896,952"
DTCX,"Datacentrex, Inc. Common Stock",$1.79,-0.12,-6.283%,"71,857,091"
BZAI,"Blaize Holdings, Inc. Common Stock",$0.4957,-0.0182,-3.542%,"71,793,242"
CLST,"Catalyst Bancorp, Inc. Common Stock",$17.7844,-0.1156,-0.646%,"71,738,553"
GECC,Great Elm Capital Corp. Common Stock,$5.16,-0.12,-2.273%,"71,671,110"
CPSH,CPS Technologies Corp. Common Stock,$3.69,-0.16,-4.156%,"71,541,506"
ORIQU,Origin Investment Corp I Units,$10.35,UNCH,--,"71,415,000"
THRY,"Thryv Holdings, Inc. Common Stock",$1.605,-0.185,-10.335%,"71,324,773"
CABO,"Cable One, Inc. Common Stock",$12.57,-2.08,-14.198%,"71,321,237"
AEC,Anfield Energy Inc. Common Shares,$3.57,-0.07,-1.923%,"71,221,414"
KBSX,FST Corp. Ordinary Shares,$1.58,-0.10,-5.952%,"70,730,285"
AIFC,AI Financial Corporation Common Stock,$0.5058,-0.0116,-2.242%,"70,729,307"
INTG,Intergroup Corporation (The) Common Stock,$32.90,-0.43,-1.29%,"70,695,915"
DGNX,Diginex Limited Ordinary Shares,$1.41,0.06,4.444%,"70,683,483"
GOSS,"Gossamer Bio, Inc. Common Stock",$11.52,0.58,5.302%,"70,460,824"
PSIG,PS International Group Ltd. Ordinary Shares,$4.58,0.01,0.219%,"70,444,165"
WATT,Energous Corporation Common Stock,$12.74,-1.21,-8.674%,"70,414,885"
AUROW,"Aurora Innovation, Inc. Warrant",$0.035,-0.0041,-10.486%,"70,145,434"
RGS,Regis Corporation Common Stock,$28.05,-0.315,-1.111%,"70,129,404"
CING,Cingulate Inc. Common Stock,$4.82,-0.01,-0.207%,"70,091,601"
OPTXW,"Syntec Optics Holdings, Inc. Warrant",$1.74,0.09,5.455%,"70,086,988"
ALDX,"Aldeyra Therapeutics, Inc. Common Stock",$1.16,-0.045,-3.734%,"69,978,648"
RNXT,"RenovoRx, Inc. Common Stock",$1.55,-0.11,-6.627%,"69,950,737"
AMTD,"AMTD IDEA Group American Depositary Shares, each representing six (6) Class A Ordinary Shares",$0.7275,-0.0043,-0.588%,"69,625,791"
SPRO,"Spero Therapeutics, Inc. Common Stock",$1.19,-0.04,-3.252%,"69,299,444"
CEV,Eaton Vance California Municipal Income Trust Shares of Beneficial Interest,$9.85,-0.14,-1.401%,"69,280,714"
TENX,"Tenax Therapeutics, Inc. Common Stock",$1.85,0.04,2.21%,"69,234,246"
COE,"51Talk Online Education Group American depositary shares, each representing 60 Class A ordinary shares",$11.52,-0.15,-1.285%,"69,204,269"
APLM,Apollomics Inc. Class A Ordinary Shares,$23.845,1.495,6.689%,"69,056,384"
CVRX,"CVRx, Inc. Common Stock",$2.59,-0.11,-4.074%,"69,001,736"
WKEY,WISeKey International Holding Ltd American Depositary Shares,$6.05,0.06,1.002%,"68,838,921"
CSBR,"Champions Oncology, Inc. Common Stock",$4.93,0.03,0.612%,"68,618,545"
MHLA,"Maiden Holdings, Ltd. 6.625% Notes due 2046",$8.86,-0.09,-1.006%,"68,593,615"
PAAI,"Paradium.AI, Inc. Common Stock",$1.44,-0.31,-17.714%,"68,559,340"
MB,MasterBeef Group Ordinary Shares,$3.99,-0.01,-0.25%,"68,448,450"
PCLA,PicoCELA Inc. American Depositary Shares,$7.11,-0.36,-4.819%,"68,354,154"
CNTB,Connect Biopharma Holdings Limited Ordinary Shares,$1.08,UNCH,--,"68,012,254"
UEIC,Universal Electronics Inc. Common Stock,$5.27,0.15,2.93%,"67,904,277"
TMSWW,Teamshares Inc. Warrants,$0.92,-0.05,-5.155%,"67,767,675"
KLRS,"Kalaris Therapeutics, Inc. Common Stock",$2.845,-0.075,-2.568%,"67,725,171"
AIRG,"Airgain, Inc. Common Stock",$5.15,0.01,0.195%,"67,466,205"
HOUR,"Hour Loop, Inc. Common Stock",$1.915,0.175,10.057%,"67,407,655"
CVU,"CPI Aerostructures, Inc. Common Stock",$5.08,UNCH,--,"67,308,649"
PXS,Pyxis Tankers Inc. Common Stock,$6.52,-0.01,-0.153%,"66,993,906"
USIO,"Usio, Inc. Common Stock",$2.35,0.02,0.858%,"66,964,223"
PLRX,"Pliant Therapeutics, Inc. Common Stock",$1.08,UNCH,--,"66,875,649"
WWR,"Westwater Resources, Inc. Common Stock",$0.5201,-0.0052,-0.99%,"66,866,570"
GEG,"Great Elm Group, Inc. Common Stock",$2.15,-0.01,-0.463%,"66,854,014"
TRT,Trio-Tech International Common Stock,$6.42,0.205,3.298%,"66,669,761"
ALPS,ALPS Group Inc Ordinary Share,$0.40,0.004,1.01%,"66,560,126"
KDKRW,"Kodiak AI, Inc. Warrants",$0.3312,0.0011,0.333%,"66,444,738"
YIBO,Planet Image International Limited Class A Ordinary Shares,$1.12,0.01,0.901%,"66,342,328"
DXR,Daxor Corporation Common Stock,$11.35,0.34,3.088%,"66,263,842"
GNSS,Genasys Inc. Common Stock,$1.45,-0.03,-2.027%,"66,035,913"
STKE,Sol Strategies Inc. Common Shares,$1.67,0.02,1.212%,"65,943,088"
DIT,AMCON Distributing Company Common Stock,$67.56,UNCH,--,"65,940,452"
SHMDW,SCHMID Group N.V. Warrants,$1.08,-0.28,-20.588%,"65,835,615"
DRIO,DarioHealth Corp. Common Stock,$6.71,0.08,1.207%,"65,754,518"
PRTS,"CarParts.com, Inc. Common Stock",$8.15,-0.41,-4.79%,"65,733,271"
RML,Resolution Minerals Ltd American Depositary Shares,$5.86,-0.52,-8.15%,"65,621,768"
XBIT,XBiotech Inc. Common Stock,$2.15,-0.02,-0.922%,"65,548,622"
WBX,Wallbox N.V. Class A Ordinary Shares,$2.73,-0.12,-4.211%,"65,222,700"
GGR,Gogoro Inc. Ordinary Shares,$3.16,0.11,3.607%,"65,145,034"
IPWR,Ideal Power Inc. Common Stock,$3.95,-0.08,-1.985%,"64,916,887"
BOF,BranchOut Food Inc. Common Stock,$3.96,0.25,6.739%,"64,388,436"
FRMM,"Forum Markets, Incorporated Common Stock",$4.86,-0.18,-3.571%,"64,146,887"
NTWK,NetSol Technologies Inc. Common  Stock,$5.37,0.47,9.592%,"63,776,343"
ATHE,Alterity Therapeutics Limited American Depositary Shares,$3.50,-0.17,-4.632%,"63,729,288"
ZONE,Zone Frontier Inc. Class B Common Stock,$0.1269,-0.003,-2.309%,"63,715,254"
GEOS,Geospace Technologies Corporation Common Stock (Texas),$4.89,-0.10,-2.004%,"63,255,099"
WNW,Meiwu Technology Company Limited Ordinary Shares,$2.40,-0.12,-4.762%,"63,193,130"
HYFT,MindWalk Holdings Corp. Common Stock,$1.34,-0.04,-2.899%,"63,129,635"
TYGO,"Tigo Energy, Inc. Common Stock",$0.82,-0.0398,-4.629%,"62,954,443"
NPT,Texxon Holding Limited Ordinary shares,$2.83,-0.04,-1.394%,"62,783,550"
SGLD,Scorpio Gold Corporation American Depositary Shares ,$3.62,-0.30,-7.653%,"62,655,720"
PODC,"PodcastOne, Inc. Common Stock",$2.07,-0.13,-5.909%,"62,623,081"
PEW,GrabAGun Digital Holdings Inc. Common Stock,$2.11,-0.05,-2.315%,"62,273,354"
RNTX,"Rein Therapeutics, Inc. Common Stock",$0.721,-0.0274,-3.661%,"62,198,530"
AISP,"Airship AI Holdings, Inc. Class A Common Stock",$1.80,-0.02,-1.099%,"61,991,212"
INKT,"MiNK Therapeutics, Inc. Common Stock",$12.11,-0.07,-0.575%,"61,797,354"
MYO,Myomo Inc. Common Stock,$1.56,-0.05,-3.106%,"61,788,252"
SMJF,SMJ International Holdings Inc. Class A Ordinary Shares,$2.23,0.63,39.375%,"61,782,150"
TLPH,"Talphera, Inc. Common Stock",$1.19,0.01,0.847%,"61,767,897"
ROLR,"High Roller Technologies, Inc. Common Stock",$5.60,-0.30,-5.085%,"61,764,153"
CLSKW,"CleanSpark, Inc. Warrant",$0.2401,-0.009,-3.613%,"61,661,779"
ZYBT,Zhengye Biotechnology Holding Limited Class A Ordinary Shares,$1.30,-0.005,-0.383%,"61,608,789"
MBAI,MBody AI Ltd. Ordinary Share,$4.02,-0.57,-12.418%,"61,480,208"
YTRA,"Yatra Online, Inc. Ordinary Shares",$0.9572,-0.0328,-3.313%,"61,233,315"
UAVS,"AgEagle Aerial Systems, Inc. Common Stock",$0.968,-0.0246,-2.478%,"60,892,723"
ZOOZ,ZOOZ Strategy Ltd. Ordinary Shares,$7.60,-0.11,-1.427%,"60,873,021"
HYPD,"Hyperion DeFi, Inc. Common Stock",$3.915,-0.125,-3.094%,"60,836,884"
YOUL,Youlife Group Inc. American Depositary Shares,$0.4349,-0.0536,-10.972%,"60,760,316"
ODYS,Odysight.ai Inc. Common Stock,$3.00,-0.02,-0.662%,"60,733,215"
BATL,Battalion Oil Corporation Common Stock,$1.06,0.01,0.952%,"60,719,084"
TTEC,"TTEC Holdings, Inc. Common Stock",$1.23,UNCH,--,"60,634,006"
ELOX,"Eloxx Pharmaceuticals, Inc. Common Stock",$15.00,-0.03,-0.20%,"60,546,885"
ASPS,Altisource Portfolio Solutions S.A. Common Stock,$5.30,-0.19,-3.461%,"60,527,092"
INCR,Intercure Ltd. Ordinary Shares,$5.09,-0.12,-2.303%,"60,294,669"
DOMH,Dominari Holdings Inc. Common Stock,$2.48,0.145,6.21%,"60,124,242"
PVL,Permianville Royalty Trust Units of Beneficial Interest,$1.82,0.01,0.552%,"60,060,000"
NAMM,Namib Minerals Ordinary Shares,$1.07,-0.075,-6.55%,"59,762,074"
XLO,"Xilio Therapeutics, Inc. Common Stock",$9.05,0.01,0.111%,"59,550,348"
ACET,"Adicet Bio, Inc. Common Stock",$6.35,-2.67,-29.601%,"59,445,462"
BOLD,"Boundless Bio, Inc. Common Stock",$2.61,-0.05,-1.88%,"59,372,241"
INSG,Inseego Corp. Common Stock,$3.605,-0.155,-4.122%,"59,196,234"
WYY,WidePoint Corporation Common Stock,$5.90,0.43,7.861%,"58,989,705"
LITB,"LightInTheBox Holding Co., Ltd. American Depositary Shares, each representing twelve ordinary shares",$2.99,-0.075,-2.447%,"58,982,480"
ANVS,"Annovis Bio, Inc. Common Stock",$1.38,0.07,5.344%,"58,897,101"
IH,"iHuman Inc. American depositary shares, each representing five Class A ordinary shares",$1.15,UNCH,--,"58,779,791"
SLSN,"Solesence, Inc. Common Stock",$0.832,0.0066,0.80%,"58,778,341"
JZXN,"Jiuzi Holdings, Inc. Ordinary Shares",$1.14,0.01,0.885%,"58,724,545"
FLL,"Full House Resorts, Inc. Common Stock",$1.60,-0.10,-5.882%,"58,631,168"
MCHX,"Marchex, Inc. Class B Common Stock",$1.32,0.01,0.763%,"58,526,015"
MOB,Mobilicom Limited Ordinary Shares,$4.63,-0.17,-3.542%,"58,492,508"
VOC,VOC Energy Trust Units of Beneficial Interest,$3.44,0.03,0.88%,"58,480,000"
INV,"Innventure, Inc. Common Stock",$0.6902,-0.0366,-5.036%,"58,399,656"
STI,"Solidion Technology, Inc. Common Stock",$6.68,0.16,2.454%,"58,295,077"
AACG,ATA Creativity Global American Depositary Shares,$0.85,-0.01,-1.163%,"58,194,417"
NMAD,"Nomad Power Solutions, Inc. Common Stock",$3.60,0.02,0.559%,"57,963,845"
INVE,"INVE Technologies, Inc. Common Stock",$2.39,-0.06,-2.449%,"57,923,450"
NVX,NOVONIX Limited American Depository Shares,$2.69,0.01,0.373%,"57,896,410"
CTM,"Castellum, Inc. Common Stock",$0.61,-0.0188,-2.99%,"57,816,584"
CLNN,Clene Inc. Common Stock,$4.06,-0.24,-5.581%,"57,708,763"
WFCF,"Where Food Comes From, Inc. Common Stock",$11.58,0.7881,7.303%,"57,664,498"
COPR,Idaho Copper Corporation Common Stock,$3.07,UNCH,--,"57,650,314"
HIT,"Health In Tech, Inc. Class A Common Stock",$0.8811,0.0211,2.453%,"57,626,274"
MREO,Mereo BioPharma Group plc American Depositary Shares,$0.37,UNCH,--,"57,403,875"
SAIH,SAIHEAT Limited Class A Ordinary Shares,$31.70,1.155,3.781%,"57,388,412"
ZEPP,"Zepp Health Corporation American depositary shares, each representing sixteen Class A ordinary shares",$3.89,-0.25,-6.039%,"57,046,776"
SPCB,"SuperCom, Ltd. Ordinary Shares (Israel)",$9.06,-0.21,-2.265%,"56,900,895"
ELBM,Electra Battery Materials Corporation Common Stock,$0.5298,-0.0084,-1.561%,"56,582,713"
NCEW,New Century Logistics (BVI) Limited Ordinary Shares,$17.63,UNCH,--,"56,416,000"
GENK,"GEN Restaurant Group, Inc. Class A Common Stock",$1.71,-0.03,-1.724%,"56,369,497"
TOUR,Tuniu Corporation American Depositary Shares,$5.18,0.10,1.969%,"56,274,261"
TZOO,Travelzoo Common Stock,$5.51,-0.07,-1.254%,"56,214,877"
CAST,"FreeCast, Inc. Class A Common Stock",$1.18,-0.01,-0.84%,"56,145,653"
BBBYW,"Neighborhood Intelligence, Inc. Warrants",$0.5874,0.0624,11.886%,"56,095,339"
LFS,"LEIFRAS Co., Ltd. American Depositary Shares  ",$2.14,UNCH,--,"55,983,725"
XPL,Solitario Resources Corp. Common Stock,$0.59,-0.0439,-6.925%,"55,863,833"
FBDT,First Breach Inc. Common Stock,$1.00,-0.14,-12.281%,"55,776,201"
EXOZ,eXoZymes Inc. Common Stock,$6.00,-0.245,-3.923%,"55,688,154"
OM,"Outset Medical, Inc. Common Stock",$2.96,-0.09,-2.951%,"55,639,605"
TELA,"TELA Bio, Inc. Common Stock",$1.23,-0.03,-2.381%,"55,526,394"
PDSB,PDS Biotechnology Corporation Common Stock,$0.7659,-0.0312,-3.914%,"55,507,996"
INMB,INmune Bio Inc. Common stock,$2.00,-0.03,-1.478%,"55,507,578"
HRTX,"Heron Therapeutics, Inc. Common Stock",$0.2918,-0.0024,-0.816%,"55,398,903"
LIDR,"AEye, Inc. Class A Common Stock",$1.185,-0.025,-2.066%,"55,306,520"
MYPS,"PLAYSTUDIOS, Inc.  Class A Common Stock",$0.4603,-0.016,-3.359%,"55,291,872"
SELF,"Global Self Storage, Inc. Common Stock",$4.82,-0.23,-4.554%,"55,051,244"
RPID,"Rapid Micro Biosystems, Inc. Class A Common Stock",$1.095,-0.015,-1.351%,"54,924,714"
APWC,"Asia Pacific Wire & Cable Corporation, Ltd. Ordinary Shares (Bermuda)",$1.33,-0.01,-0.746%,"54,839,164"
ELTK,Eltek Ltd. Ordinary Shares,$8.15,0.03,0.369%,"54,766,590"
SKIL,Skillsoft Corp. Class A Common Stock,$6.01,0.06,1.008%,"54,693,668"
VHUB,"VenHub Global, Inc. Common Stock",$0.56,0.0216,4.012%,"54,559,600"
AIFU,AIFU Inc. Class A Ordinary Share,$8.81,-3.21,-26.705%,"54,407,970"
GRSD,Grandstand Limited Ordinary Shares,$1.55,-0.02,-1.274%,"54,400,645"
RENT,"Rent the Runway, Inc. Class A Common Stock",$1.61,-0.06,-3.593%,"54,376,335"
AGIG,Abundia Global Impact Group Inc. Common stock,$1.23,-0.11,-8.209%,"54,304,895"
WATR,Air Water Ventures Limited Ordinary Shares,$1.71,-0.17,-9.043%,"54,103,466"
ADBT,"Advasa Holdings, Inc. Common Stock",$0.1109,-0.0021,-1.858%,"54,015,586"
REKR,"Rekor Systems, Inc. Common Stock",$0.3899,-0.0141,-3.49%,"53,664,469"
COCH,"Envoy Medical, Inc. Class A Common Stock",$0.6921,-0.0229,-3.203%,"53,426,379"
GLNDW,Greenland Energy Company Warrant,$1.2199,-0.3201,-20.786%,"53,346,464"
CLPR,Clipper Realty Inc. Common Stock,$3.28,-0.04,-1.205%,"52,996,816"
SDA,SunCar Technology Group Inc. Class A Ordinary Shares,$0.5016,-0.0224,-4.275%,"52,992,995"
STKS,"The ONE Group Hospitality, Inc. Common Stock",$1.67,0.03,1.829%,"52,920,670"
TPCS,TechPrecision Corporation Common stock,$5.22,-0.04,-0.76%,"52,895,622"
CRGO,Freightos Limited Ordinary shares,$1.015,-0.035,-3.333%,"52,854,587"
KXIN,Kaixin Holdings Ordinary Shares,$1.32,-0.10,-7.042%,"52,844,727"
SGA,"Saga Communications, Inc. Class A Common Stock (FL)",$8.31,-0.29,-3.372%,"52,834,880"
AVD,American Vanguard Corporation Common Stock ($0.10 Par Value),$1.79,-0.08,-4.278%,"52,806,131"
IMA,"ImageneBio, Inc. Common Stock",$4.64,-0.08,-1.695%,"52,670,756"
MKDW,MKDWELL Tech Inc. Ordinary Share,$1.54,0.03,1.987%,"52,665,601"
LASE,Laser Photonics Corporation Common Stock,$0.8677,0.0052,0.603%,"52,650,054"
BGSF,"BGSF, Inc. Common Stock",$4.91,-0.09,-1.80%,"52,437,646"
MDXH,MDxHealth SA Ordinary Shares,$0.548,-0.0172,-3.043%,"52,288,725"
SCWO,374Water Inc. Common Stock,$2.94,-0.07,-2.326%,"52,091,393"
BRID,Bridgford Foods Corporation Common Stock,$5.725,-0.10,-1.717%,"51,964,863"
LGO,Largo Inc. Common Shares,$0.5031,-0.0309,-5.787%,"51,886,715"
MDAI,"Spectral AI, Inc. Class A Common Stock",$1.61,0.02,1.258%,"51,817,734"
SORA,AsiaStrategy Ordinary Shares,$2.08,0.08,4.00%,"51,717,120"
KAZR,Skyline Builders Group Holding Limited Class A Ordinary Shares,$2.88,0.20,7.463%,"51,673,231"
FTEK,"Fuel Tech, Inc. Common Stock",$1.65,-0.065,-3.79%,"51,507,702"
APT,"Alpha Pro Tech, Ltd. Common Stock",$5.04,-0.10,-1.946%,"51,439,339"
SER,"Serina Therapeutics, Inc. Common Stock",$2.01,-0.08,-3.828%,"51,054,951"
VRM,"Vroom, Inc. Common Stock",$9.75,0.09,0.932%,"51,034,942"
NCTY,The9 Limited American Depository Shares,$3.34,-0.31,-8.493%,"51,012,378"
ACFN,"Acorn Energy, Inc. Common Stock",$20.30,-0.685,-3.264%,"50,945,245"
NA,Nano Labs Ltd Class A Ordinary Shares,$2.19,-0.19,-7.983%,"50,838,857"
VGAS,"Verde Clean Fuels, Inc. Class A Common Stock",$1.14,-0.02,-1.724%,"50,786,568"
FNUC,Frontier Nuclear and Minerals Inc. Common Shares,$1.41,-0.05,-3.425%,"50,617,655"
AIRTP,"Air T, Inc. Air T Funding Alpha Income Trust Preferred Securities",$18.80,-0.042,-0.223%,"50,416,862"
PIII,P3 Health Partners Inc. Class A Common Stock,$6.94,-0.11,-1.56%,"50,391,215"
YDESW,YD Bio Limited Warrants,$0.7099,0.1366,23.827%,"50,283,173"
SOGP,Sound Group Inc. American Depositary Shares,$12.03,-0.14,-1.15%,"50,214,976"
DLHC,DLH Holdings Corp.,$3.46,-0.09,-2.535%,"50,145,901"
ACH,"Accendra Health, Inc. Common Stock",$0.65,-0.058,-8.192%,"49,988,058"
XTNT,"Xtant Medical Holdings, Inc. Common Stock",$0.3558,-0.0199,-5.297%,"49,914,456"
TLSIW,"TriSalus Life Sciences, Inc. Warrant",$0.8099,UNCH,--,"49,869,269"
NNOX,NANO-X IMAGING LTD Ordinary Shares,$0.6321,-0.0081,-1.265%,"49,675,878"
NEOVW,NeoVolta Inc. Warrant,$0.84,0.025,3.067%,"49,571,127"
POCI,"Precision Optics Corporation, Inc. Common stock",$4.525,-0.105,-2.268%,"49,525,532"
SRTS,"Sensus Healthcare, Inc. Common Stock",$2.995,0.055,1.871%,"49,303,867"
EDSA,"Edesa Biotech, Inc. Common Shares",$3.65,-0.36,-8.978%,"49,288,589"
NXB,NextBoat Inc. Common Stcok,$1.96,-0.06,-2.97%,"49,280,074"
OFS,OFS Capital Corporation Common Stock,$3.66,0.07,1.95%,"49,036,965"
MATH,Metalpha Technology Holding Limited Ordinary Shares,$1.03,0.0492,5.016%,"48,964,126"
SFWL,Shengfeng Development Limited Class A Ordinary Shares,$8.90,-0.47,-5.016%,"48,948,523"
DSWL,"Deswell Industries, Inc. Common Shares",$3.08,-0.02,-0.645%,"48,926,536"
TCBS,"Texas Community Bancshares, Inc. Common Stock",$17.03,0.03,0.176%,"48,922,541"
TC,Token Cat Limited American Depositary Shares,$1.85,-0.02,-1.07%,"48,863,719"
TACT,TransAct Technologies Incorporated Common Stock,$4.71,-0.16,-3.285%,"48,628,258"
ELTX,"Elicio Therapeutics, Inc. Common Stock",$1.85,0.01,0.543%,"48,621,482"
EUDA,EUDA Health Holdings Limited Ordinary Shares,$16.20,-1.6615,-9.302%,"48,508,065"
CNVS,Cineverse Corp. Class A Common Stock,$2.04,0.02,0.99%,"48,493,629"
ZDGE,"Zedge, Inc. Class B Common Stock ",$3.09,0.09,3.00%,"48,466,891"
SLMT,Brera Holdings PLC Class B Ordinary Shares,$4.39,-0.39,-8.159%,"48,330,801"
CATO,Cato Corporation (The) Class A Common Stock,$2.42,-0.03,-1.224%,"48,186,917"
PFXNZ,PhenixFIN Corporation  5.25% Notes due 2028,$24.04,UNCH,--,"48,173,011"
IBO,"Impact BioMedical, Inc. Common Stock",$5.61,-0.08,-1.406%,"47,930,039"
TIL,"Instil Bio, Inc. Common Stock",$7.04,-0.13,-1.813%,"47,745,111"
RSF,RiverNorth Capital and Income Fund Common Stock,$14.28,UNCH,--,"47,717,720"
CULP,"Culp, Inc. Common Stock",$3.74,0.18,5.056%,"47,630,112"
HCMAW,HCM III Acquisition Corp. Warrants,$0.5986,-0.0164,-2.667%,"47,434,784"
IDN,"Intellicheck, Inc. Common Stock",$2.34,-0.05,-2.092%,"47,424,179"
RYM,"RYTHM, Inc. Common Stock",$21.44,-0.32,-1.471%,"47,168,000"
PLCE,"Children's Place, Inc. (The) Common Stock",$2.11,-0.05,-2.315%,"46,920,211"
SNSC,SunScout Holding Limited Class A Ordinary Shares,$1.23,-0.07,-5.385%,"46,863,000"
AVX,Avax One Technology Ltd. Common Shares,$6.32,0.28,4.636%,"46,751,461"
DWTX,"Dogwood Therapeutics, Inc. Common Stock",$1.36,UNCH,--,"46,229,872"
BYSI,BeyondSpring Inc. Ordinary Shares,$1.12,0.3428,44.107%,"46,054,198"
SCYX,"SCYNEXIS, Inc. Common Stock",$4.62,0.23,5.239%,"45,967,194"
PROP,Prairie Operating Co. Common Stock,$0.4066,-0.0194,-4.554%,"45,863,671"
GROV,"Grove Collaborative Holdings, Inc. Class A Common Stock",$1.07,0.01,0.943%,"45,690,119"
SPWH,"Sportsman's Warehouse Holdings, Inc. Common Stock",$1.165,-0.015,-1.271%,"45,599,807"
KFFB,Kentucky First Federal Bancorp Common Stock,$5.6367,0.0567,1.016%,"45,582,386"
MBBC,"Marathon Bancorp, Inc. Common Stock",$15.122,-0.158,-1.034%,"45,515,753"
HGBL,Heritage Global Inc. Common Stock,$1.31,-0.02,-1.504%,"45,377,673"
XBP,"XBP Global Holdings, Inc. Common Stock",$3.1982,-0.1318,-3.958%,"45,275,587"
HOWL,"Werewolf Therapeutics, Inc. Common Stock",$0.93,-0.0299,-3.115%,"45,197,131"
CIRC,"Circle8 Group, Inc. Common Stock",$0.395,0.053,15.497%,"45,190,735"
RDI,Reading International Inc Class A Common Stock,$1.97,-0.02,-1.005%,"45,093,550"
YMT,Yimutian Inc. American Depositary Shares,$1.77,-0.04,-2.21%,"44,936,884"
BNAI,Brand Engagement Network Inc. Common Stock,$5.97,-0.20,-3.241%,"44,794,008"
GRCE,"Grace Therapeutics, Inc. Common Stock",$2.12,UNCH,--,"44,596,172"
HAIN,"Hain Celestial Group, Inc. (The) Common Stock",$0.4899,-0.0076,-1.528%,"44,582,012"
AIOS,AIOS Tech Inc. Class A Common Shares,$13.71,1.21,9.68%,"44,547,286"
ELWT,"Elauwit Connection, Inc. Common Stock",$6.70,-0.425,-5.965%,"44,352,633"
LOAN,"Manhattan Bridge Capital, Inc",$3.88,-0.02,-0.513%,"44,330,975"
SEAT,Vivid Seats Inc. Class A Common Stock,$3.78,0.08,2.162%,"44,271,953"
SOWG,Sow Good Inc. Common Stock,$2.20,-0.06,-2.655%,"44,219,765"
BTMD,Biote Corp. Class A Common Stock,$1.23,0.01,0.82%,"44,190,786"
BAER,"Bridger Aerospace Group Holdings, Inc. Common Stock",$0.75,-0.0432,-5.446%,"44,119,605"
MVIS,"MicroVision, Inc. Common Stock",$1.46,-0.14,-8.75%,"44,019,039"
TVGN,Tevogen Inc. Common Stock,$6.76,-0.49,-6.759%,"44,018,010"
IZEA,"IZEA Worldwide, Inc. Common Stock",$2.52,-0.07,-2.703%,"43,889,041"
STEM,"Stem, Inc. Class A Common Stock",$4.55,0.07,1.563%,"43,801,685"
NEPH,"Nephros, Inc. Common Stock",$4.03,-0.20,-4.728%,"43,766,284"
AURE,Aurelion Inc. Class A Ordinary Shares,$1.16,0.02,1.754%,"43,616,000"
GPMT,Granite Point Mortgage Trust Inc. Common Stock,$0.8998,-0.0153,-1.672%,"43,368,710"
LITS,"Lite Strategy, Inc. Common Stock",$1.36,-0.08,-5.556%,"43,360,401"
SACH,Sachem Capital Corp. Common Shares,$0.9025,-0.0124,-1.355%,"43,279,055"
PRPO,"Precipio, Inc.  Common Stock",$24.11,0.46,1.945%,"43,161,433"
VHC,VirnetX Holding Corp Common Stock,$10.23,-0.13,-1.255%,"43,136,156"
MGX,"Metagenomi Therapeutics, Inc. Common Stock",$1.14,-0.01,-0.87%,"43,065,900"
VERU,Veru Inc. Common Stock,$2.525,-0.015,-0.591%,"43,052,058"
RYOJ,"rYojbaba Co., Ltd. Common Shares",$3.70,-0.03,-0.804%,"42,735,000"
ATHR,"Aether Holdings, Inc. Common Stock",$3.4898,-0.2102,-5.681%,"42,708,378"
BRIA,BrilliA Inc Class A Ordinary Shares,$1.39,-0.01,-0.714%,"42,568,750"
AXIL,"AXIL Brands, Inc. Common Stock",$6.21,-0.06,-0.957%,"42,368,849"
PTLE,PTL LTD Class A Ordinary Shares,$6.74,-0.41,-5.734%,"42,334,762"
BRAG,Bragg Gaming Group Inc. Common Shares,$1.36,-0.02,-1.449%,"42,246,229"
PXLW,"Pixelworks, Inc.  Common Stock",$6.98,0.05,0.722%,"42,224,763"
TEAD,Teads Holding Co. Common Stock,$0.4301,-0.0129,-2.912%,"42,177,826"
NSRX,Nasus Pharma Ltd. Ordinary Shares,$3.59,0.11,3.161%,"42,041,801"
THCH,TH International Limited Ordinary shares,$1.26,-0.045,-3.448%,"41,886,913"
CMTL,Comtech Telecommunications Corp. Common Stock,$1.39,UNCH,--,"41,646,389"
MAMO,Massimo Group Common Stock,$0.999,0.0614,6.549%,"41,599,309"
YSXT,"YSX Tech. Co., Ltd Class A Ordinary Shares",$1.30,UNCH,--,"41,447,250"
AHMA,Ambitions Enterprise Management Co. L.L.C Class A Ordinary Shares,$1.39,0.02,1.46%,"41,317,750"
BCHT,Birchtech Corp. Common Stock,$1.57,-0.04,-2.484%,"41,300,367"
FLNA,"Filana Therapeutics, Inc. Common Stock",$0.8532,0.1051,14.049%,"41,216,297"
TGE,The Generation Essentials Group Class A Ordinary Shares,$0.8441,0.0241,2.939%,"41,146,168"
VTIX,Virtuix Holdings Inc. Class A Common Stock,$1.21,0.04,3.419%,"41,105,332"
PHUN,"Phunware, Inc. Common Stock",$2.00,0.03,1.523%,"40,925,350"
INDO,Indonesia Energy Corporation Limited Ordinary Shares,$2.65,-0.16,-5.694%,"40,775,126"
SQNS,Sequans Communications S.A. American Depositary Shares (each representing one hundred (100) Ordinary Shares),$2.72,-0.13,-4.561%,"40,739,249"
GAME,"GameSquare Holdings, Inc. Common Stock",$3.11,UNCH,--,"40,630,041"
JG,Aurora Mobile Limited American Depositary Shares,$6.80,0.01,0.147%,"40,538,764"
CELU,Celularity Inc. Class A Common Stock,$1.40,0.02,1.449%,"40,524,345"
CRVO,CervoMed Inc. Common Stock,$2.67,0.13,5.118%,"40,367,986"
ZBAO,Zhibao Technology Inc. Class A Ordinary Shares,$0.0866,-0.0052,-5.664%,"40,362,642"
OMEX,"Odyssey Marine Exploration, Inc. Common Stock",$0.6859,-0.0176,-2.502%,"40,256,424"
KG,"Kestrel Group, Ltd.",$5.13,0.09,1.786%,"40,137,274"
YQ,17 Education & Technology Group Inc. American Depositary Shares,$3.69,UNCH,--,"40,057,489"
SNWV,"SANUWAVE Health, Inc. Common Stock",$4.65,-0.39,-7.738%,"40,000,737"
MLCI,Mount Logan Capital Inc. Common Stock,$3.56,0.07,2.006%,"39,832,014"
GMHS,Gamehaus Holdings Inc. Class A Ordinary Shares,$0.70,0.01,1.449%,"39,760,805"
IXHL,Incannex Healthcare Inc. Common Stock,$3.15,-0.17,-5.12%,"39,515,575"
XRXDW,Xerox Holdings Corporation Warrants,$0.3007,-0.0009,-0.298%,"39,486,273"
FTCI,"FTC Solar, Inc. Common Stock",$2.38,-0.28,-10.526%,"39,320,922"
FTFT,Future FinTech Group Inc. Common Stock,$4.19,-0.19,-4.338%,"39,281,250"
SYPR,"Sypris Solutions, Inc. Common Stock",$1.70,-0.04,-2.299%,"39,144,936"
STG,"Sunlands Technology Group American Depositary Shares, representing Class A ordinary shares",$2.92,UNCH,--,"39,107,548"
WPRT,Westport Fuel Systems Inc Common Shares,$2.05,0.02,0.985%,"38,941,255"
RMCO,Royalty Management Holding Corporation Class A Common Stock,$2.56,-0.05,-1.916%,"38,842,132"
MLGO,"MicroAlgo, Inc. Class A Ordinary Shares",$3.12,-0.19,-5.74%,"38,804,878"
NWGL,CL Workshop Group Limited American Depositary Shares,$1.34,-0.08,-5.634%,"38,663,241"
PN,PN Smart Energy Limited Class A Ordinary Shares,$2.62,-0.21,-7.42%,"38,655,546"
MIND,"MIND Technology, Inc. Common Stock (DE)",$4.25,-0.095,-2.186%,"38,628,484"
KOSS,Koss Corporation Common Stock,$4.08,0.08,2.00%,"38,623,067"
QTEX,QTREX Quantum Ltd. Ordinary Shares,$0.6879,-0.0881,-11.353%,"38,497,590"
NNVC,"NanoViricides, Inc. Common Stock",$1.50,0.06,4.167%,"38,291,030"
SNT,Senstar Technologies Corporation Common Shares,$1.64,0.03,1.863%,"38,263,911"
ACCL,Acco Group Holdings Limited Class A Ordinary Shares,$2.75,0.25,10.00%,"38,225,000"
LSF,"Laird Superfood, Inc. Common Stock",$3.41,-0.04,-1.159%,"38,167,734"
SCLX,Scilex Holding Company Common Stock,$4.49,-0.40,-8.18%,"38,133,570"
MIRA,"MIRA Pharmaceuticals, Inc. Common Stock",$0.9033,0.0033,0.367%,"37,958,551"
AERT,"Aeries Technology, Inc. Class A Ordinary Share",$7.225,0.125,1.761%,"37,915,731"
WAVE,Eco Wave Power Global AB (publ) American Depositary Shares,$6.05,UNCH,--,"37,749,967"
ONMD,OneMedNet Corp Class A Common Stock,$0.633,-0.017,-2.615%,"37,528,323"
KNRX,KNOREX LTD. Class A Ordinary Shares,$1.23,0.926,304.605%,"37,420,429"
COSM,Cosmos Health Inc. Common Stock,$0.3702,0.0186,5.29%,"37,254,623"
XOS,"Xos, Inc. Common Stock",$2.62,UNCH,--,"37,250,772"
MLSS,"Milestone Scientific, Inc. Common Stock",$0.41,-0.0007,-0.17%,"37,164,205"
TREO,Tactical Resources Corp. Common Shares,$2.73,-0.82,-23.099%,"37,160,853"
HOLO,MicroCloud Hologram Inc. Ordinary Shares,$1.62,-0.05,-2.994%,"37,118,023"
ATNM,"Actinium Pharmaceuticals, Inc. (Delaware) Common Stock",$1.18,-0.02,-1.667%,"37,100,894"
KPTI,Karyopharm Therapeutics Inc. Common Stock,$1.62,UNCH,--,"36,743,965"
PPSI,"Pioneer Power Solutions, Inc. Common Stock",$3.30,UNCH,--,"36,627,578"
STRR,"Star Equity Holdings, Inc. Common Stock",$9.85,-0.32,-3.147%,"36,340,620"
HBIO,"Harvard Bioscience, Inc. Common Stock",$7.98,0.02,0.251%,"36,327,394"
BCTX,BriaCell Therapeutics Corp. Common Shares,$4.155,-0.16,-3.708%,"36,147,615"
DCGO,DocGo Inc. Common Stock,$0.365,0.0205,5.951%,"36,108,855"
GAIA,"Gaia, Inc. Class A Common Stock",$1.42,0.12,9.231%,"36,104,626"
SBCWW,SBC Medical Group Holdings Incorporated Warrants,$0.35,UNCH,--,"35,996,430"
IMMP,Immutep Limited American Depositary Shares,$4.88,-0.39,-7.40%,"35,958,802"
GROW,"U.S. Global Investors, Inc. Class A Common Stock",$2.92,-0.06,-2.013%,"35,910,732"
ELUT,Elutia Inc. Class A Common Stock,$0.81,-0.0098,-1.195%,"35,874,276"
QTI,"QT Imaging Holdings, Inc. Common Stock",$2.45,UNCH,--,"35,859,484"
ARAY,Accuray Incorporated Common Stock,$0.2998,0.0847,39.377%,"35,807,904"
SVIAW,"Silvia, Inc. Warrant",$0.4234,-0.0559,-11.663%,"35,697,040"
TOON,"Kartoon Studios, Inc. Common Stock",$0.5732,-0.0053,-0.916%,"35,655,393"
FSP,Franklin Street Properties Corp. Common Stock,$0.3421,-0.0079,-2.257%,"35,582,405"
NTIP,"Network-1 Technologies, Inc. Common Stock",$1.55,-0.04,-2.516%,"35,437,931"
CNF,"CNFinance Holdings Limited American Depositary Shares, each representing two hundred (200) Ordinary Shares",$1.99,0.02,1.015%,"35,417,791"
XTIA,"XTI Aerospace, Inc. Common Stock",$0.9202,-0.0609,-6.207%,"35,407,261"
MCRB,"Seres Therapeutics, Inc. Common Stock",$3.52,UNCH,--,"35,357,629"
AIXC,"AIxCrypto Holdings, Inc. Common Stock",$1.66,-0.07,-4.046%,"35,040,747"
SPRU,Spruce Power Holding Corporation Class A Common Stock,$1.81,-0.13,-6.701%,"34,846,457"
RMTI,"Rockwell Medical, Inc. Common Stock",$8.63,0.26,3.106%,"34,782,913"
ALGS,"Aligos Therapeutics, Inc. Common Stock",$5.54,0.03,0.544%,"34,594,851"
GETY,"Getty Images Holdings, Inc. Class A Common Stock",$0.0829,-0.0575,-40.954%,"34,387,857"
BODI,"The Beachbody Company, Inc. Class A Common Stock",$4.735,0.175,3.838%,"34,380,750"
ANGH,Anghami Inc. Ordinary Shares,$3.7907,-0.0884,-2.279%,"34,361,968"
HHS,"Harte Hanks, Inc. Common Stock",$4.60,UNCH,--,"34,289,504"
STRRP,"Star Equity Holdings, Inc. 10% Series A Cumulative Perpetual Preferred Stock",$9.26,-0.02,-0.216%,"34,163,872"
EHLD,Euroholdings Ltd. Common Stock ,$12.115,0.165,1.381%,"34,123,291"
ENRDW,Einride AB Warrants,$0.2302,-0.0498,-17.786%,"33,767,879"
SPHL,Springview Holdings Ltd Class A Ordinary Shares,$2.74,-0.38,-12.179%,"33,597,825"
CCEL,"Cryo-Cell International, Inc. Common Stock",$4.16,-0.08,-1.887%,"33,540,624"
LVLU,"Lulu's Fashion Lounge Holdings, Inc. Common Stock",$11.64,0.10,0.867%,"33,425,145"
RAVE,"Rave Restaurant Group, Inc. Common Stock",$2.35,0.06,2.62%,"33,397,180"
FUFUW,BitFuFu Inc. Warrant,$0.1999,0.0199,11.056%,"33,314,054"
ITOC,iTonic Holdings Ltd Class A Ordinary Shares,$0.2845,-0.0063,-2.166%,"33,300,725"
GNTA,Genenta Science S.p.A. American Depositary Shares,$0.6903,0.005,0.73%,"33,284,097"
CREX,"Creative Realities, Inc. Common Stock",$2.455,-0.025,-1.008%,"33,207,572"
SLND,"Southland Holdings, Inc. Common Stock",$0.61,-0.0492,-7.464%,"33,205,507"
RYET,Ruanyun Edai Technology Inc. Ordinary shares,$0.8899,0.0309,3.597%,"33,175,476"
BOSC,B.O.S. Better Online Solutions Common Stock,$4.67,-0.07,-1.477%,"32,922,613"
BHST,BioHarvest Sciences Inc. Common Stock,$1.45,-0.01,-0.685%,"32,868,371"
UG,"United-Guardian, Inc. Common Stock",$7.1004,0.0204,0.288%,"32,621,503"
BDMD,Baird Medical Investment Holdings Ltd Ordinary Share,$0.7725,0.006,0.783%,"32,606,269"
BHM,"Bluerock Homes Trust, Inc. Class A Common Stock",$7.933,-0.1983,-2.439%,"32,588,986"
TAOX,Tao Synergies Inc. Common Stock,$4.35,-0.08,-1.806%,"32,552,103"
PFAI,Pinnacle Food Group Limited Class A Common Shares,$2.77,-0.22,-7.358%,"32,510,327"
PLUT,Plutus Financial Group Limited Ordinary Shares,$2.11,UNCH,--,"32,388,500"
KLXE,"KLX Energy Services Holdings, Inc. Common Stock",$1.52,-0.09,-5.59%,"32,335,050"
NSPR,InspireMD Inc. Common Stock,$0.6895,-0.0105,-1.50%,"32,054,247"
QNTM,Quantum Biopharma Ltd. Class B Subordinate Voting Shares,$3.96,0.11,2.857%,"32,026,583"
SRXH,SRX Global Inc. Common Stock,$1.58,-0.12,-7.059%,"32,019,318"
VTSI,"VirTra, Inc. Common Stock",$2.82,-0.04,-1.399%,"31,921,340"
WKHS,"Workhorse Group, Inc. Common Stock",$2.90,0.03,1.045%,"31,692,897"
LVO,"LiveOne, Inc. Common Stock",$2.30,-0.04,-1.709%,"31,537,115"
NSYS,Nortech Systems Incorporated Common Stock,$11.00,-0.28,-2.482%,"31,391,426"
FIEE,"FiEE, Inc Common Stock",$3.64,-0.21,-5.455%,"31,044,097"
COHN,Cohen & Company Inc.,$9.60,-0.51,-5.045%,"30,998,112"
YI,"111, Inc. American Depositary Shares",$3.52,-0.08,-2.222%,"30,965,313"
CPHI,"China Pharma Holdings, Inc. Common Stock",$0.715,-0.0366,-4.87%,"30,760,731"
EDHL,Everbright Digital Holding Limited Ordinary Shares,$5.14,0.14,2.80%,"30,630,674"
PETS,"PetMed Express, Inc. Common Stock",$1.405,-0.125,-8.17%,"30,458,874"
PAVM,PAVmed Inc. Common Stock,$3.795,-0.05,-1.30%,"30,344,509"
CLPS,CLPS Incorporation Common Stock,$1.0202,-0.0052,-0.507%,"30,344,270"
AEI,Alset Inc. Common Stock (TX),$0.7796,-0.0047,-0.599%,"30,323,189"
JFU,9F Inc. American Depositary Shares,$2.5701,-0.0999,-3.742%,"30,258,643"
ARBK,Argo Blockchain plc American Depositary Shares,$2.26,-0.08,-3.419%,"30,193,677"
DRK,DarkHorse Technologies Inc. Common Shares,$2.90,-0.17,-5.537%,"30,077,283"
BGDE,"Big Digital Energy, Inc. Common Stock",$5.26,-0.50,-8.681%,"30,076,943"
MNY,MoneyHero Limited Class A Ordinary Shares,$0.675,0.0016,0.238%,"29,992,422"
VAI,Valor Energy Incorporated Common Stock,$2.06,-0.16,-7.207%,"29,988,427"
CNTX,Context Therapeutics Inc. Common Stock,$0.3263,-0.0194,-5.612%,"29,980,175"
GPUS,"Hyperscale Data, Inc. Common Stock",$0.1692,0.0039,2.359%,"29,941,146"
CVM,Cel-Sci Corporation Common Stock,$1.70,0.03,1.796%,"29,901,278"
RAND,Rand Capital Corporation Common Stock,$10.00,UNCH,--,"29,698,140"
CVV,CVD Equipment Corporation Common Stock,$4.27,-0.13,-2.955%,"29,681,637"
VIP,Vulcan Infrastructure and Power Inc. Class A Common Stock,$1.61,-0.02,-1.227%,"29,672,142"
DAIO,Data I/O Corporation Common Stock,$2.85,UNCH,--,"29,627,537"
CNTY,"Century Casinos, Inc. Common Stock",$1.05,-0.05,-4.545%,"29,544,577"
AXG,Solowin Holdings Class A Ordinary Share,$0.1469,-0.0531,-26.55%,"29,528,498"
QNCX,"Quince Therapeutics, Inc. Common Stock",$29.00,-2.00,-6.452%,"29,494,827"
ANPA,Rich Sparkle Holdings Limited Ordinary Shares,$1.95,-0.05,-2.50%,"29,448,422"
LFT,"Lument Finance Trust, Inc. Common Stock",$5.61,0.42,8.092%,"29,444,719"
EVAX,Evaxion A/S American Depositary Share,$3.24,-0.10,-2.994%,"29,229,605"
ATYR,"aTyr Pharma, Inc. Common Stock",$0.2977,-0.0073,-2.393%,"29,200,626"
BLNE,"Beeline Holdings, Inc. Common Stock",$0.88,-0.0086,-0.968%,"28,976,770"
RNAZ,"TransCode Therapeutics, Inc. Common Stock",$1.71,0.02,1.183%,"28,951,564"
QRHC,Quest Resource Holding Corporation Common Stock,$1.37,UNCH,--,"28,897,213"
GNS,Genius Group Limited Ordinary Shares,$0.15,-0.0073,-4.641%,"28,792,126"
DFDVW,DeFi Development Corp. Warrant,$0.88,-0.03,-3.297%,"28,706,295"
FKWL,Franklin Wireless Corp. Common Stock,$2.42,-0.01,-0.412%,"28,517,958"
NTRP,"NextTrip, Inc. Common Stock",$1.89,-0.04,-2.073%,"28,512,731"
SST,"System1, Inc. Class A Common Stock",$2.71,-0.11,-3.901%,"28,424,239"
IGC,"IGC Pharma, Inc. Common Stock",$0.274,-0.0084,-2.975%,"28,327,218"
JAGU,Jaguar Uranium Corp. Class A Common Shares,$1.40,-0.04,-2.778%,"28,271,288"
RCON,"Recon Technology, Ltd. Class A Ordinary Shares",$1.34,-0.06,-4.286%,"28,090,720"
FLD,"Fold Holdings, Inc. Class A Common Stock",$0.5101,-0.0266,-4.956%,"27,988,385"
ABVC,"ABVC BioPharma, Inc. Common Stock",$1.05,-0.08,-7.08%,"27,987,083"
KYNB,"Kyntra Bio, Inc. Common Stock",$6.90,-0.04,-0.576%,"27,938,956"
ATCH,"AtlasClear Holdings, Inc. Common Stock",$0.183,-0.0048,-2.556%,"27,786,490"
OPTH,Optimi Health Corp. Common Shares,$4.85,0.03,0.622%,"27,770,455"
SJ,Scienjoy Holding Corporation Class A Ordinary Shares ,$0.65,-0.04,-5.797%,"27,600,799"
BIRD,"Smartbird, Inc. Class A Common Stock",$2.33,0.01,0.431%,"27,515,420"
BRLS,Borealis Foods Inc. Class A Common Shares,$1.28,-0.11,-7.914%,"27,473,032"
ZTG,Zenta Group Company Limited Class A Ordinary Shares,$1.135,-0.205,-15.299%,"27,338,948"
CRWS,Crown Crafts Inc Common Stock,$2.54,0.04,1.60%,"27,331,129"
PDC,Perpetuals.com Ltd American Depositary Shares,$3.35,0.07,2.134%,"27,182,362"
MCRP,Micropolis AI Robotics Ordinary Shares,$0.7771,-0.0019,-0.244%,"27,111,812"
LONA,"LeonaBio, Inc. Common Stock",$2.87,-0.38,-11.692%,"27,040,173"
BBGI,"Beasley Broadcast Group, Inc. Class A Common Stock",$14.59,-0.70,-4.578%,"27,031,637"
REFR,Research Frontiers Incorporated Common Stock,$0.7744,-0.017,-2.148%,"27,001,613"
AIFA,"All In FutureTech Alliance, Inc. Common Stock",$4.18,0.22,5.556%,"26,836,921"
AAME,Atlantic American Corporation Common Stock,$1.31,-0.05,-3.676%,"26,720,369"
ASTI,"Ascent Solar Technologies, Inc. Common Stock",$2.72,-0.20,-6.849%,"26,700,692"
AIFF,"Firefly Neuroscience, Inc. Common Stock",$1.69,-0.32,-15.92%,"26,516,634"
DXLG,"Destination XL Group, Inc. Common Stock",$0.4742,-0.025,-5.008%,"26,296,073"
SWAG,"Stran & Company, Inc. Common Stock",$1.40,-0.16,-10.256%,"26,095,425"
OCCI,"OFS Credit Company, Inc. Common Stock",$2.23,-0.04,-1.762%,"25,904,817"
BEEM,Beam Global Common Stock,$1.14,-0.05,-4.202%,"25,801,979"
EONR,EON Resources Inc. Class A Common Stock,$0.514,0.0211,4.281%,"25,683,729"
GRAN,Grande Group Limited Class A Ordinary Shares,$1.02,-0.09,-8.108%,"25,404,375"
QNRX,"Quoin Pharmaceuticals, Ltd. American Depositary Shares",$5.26,-1.17,-18.196%,"25,269,887"
MF,MindForge Inc. Class A Ordinary Shares,$13.91,0.5029,3.751%,"25,266,124"
PRHI,"Presurance Holdings, Inc. Common Stock",$6.72,-0.73,-9.799%,"25,173,738"
JOB,GEE Group Inc. Common Stock,$0.229,-0.0062,-2.636%,"25,160,387"
BLIV,BeLive Holdings Ordinary Share,$2.315,UNCH,--,"25,152,017"
NOMA,NOMADAR Corp. Class A Common Stock,$1.645,0.105,6.818%,"25,141,405"
NXPL,NextPlat Corp Common Stock,$9.20,0.19,2.109%,"24,961,642"
PLRZ,Polyrizon Ltd. Ordinary Shares,$10.36,-0.415,-3.852%,"24,885,414"
CCG,Cheche Group Inc. Class A Ordinary Shares,$9.92,-1.38,-12.212%,"24,853,826"
CLIR,ClearSign Technologies Corporation Common Stock (DE),$3.65,0.1995,5.782%,"24,847,211"
GRDX,GridAI Technologies Corp. Common Stock,$3.47,0.04,1.166%,"24,744,997"
USEA,United Maritime Corporation Common Stock,$2.59,-0.13,-4.779%,"24,703,780"
PAPL,Pineapple Financial Inc. Common Stock,$0.97,-0.03,-3.00%,"24,513,061"
MBNKO,"Medallion Bank Fixed-Rate Reset Non-Cumulative Perpetual Preferred Stock, Series G, par value $1.00 per share",$24.50,-0.12,-0.487%,"24,500,000"
JDZG,JIADE LIMITED Class A Ordinary Shares,$4.48,0.17,3.944%,"24,333,044"
LOCL,Local Bounti Corporation Common Stock,$1.04,-0.05,-4.587%,"24,315,324"
ORIO,Orion Digital Corp. Common Shares,$1.02,UNCH,--,"24,256,620"
TXMD,"TherapeuticsMD, Inc. Common Stock",$2.09,0.04,1.951%,"24,190,417"
UPC,Universe Pharmaceuticals Inc. Class A Ordinary Shares,$4.80,0.05,1.053%,"24,117,072"
AWRE,"Aware, Inc. Common Stock",$1.10,-0.08,-6.78%,"23,993,901"
PRT,PermRock Royalty Trust Units of Beneficial Interest,$1.97,-0.04,-1.99%,"23,966,492"
VIDA,VIDA Global Inc. Class A Common Stock,$1.64,-0.09,-5.202%,"23,916,008"
GTEC,Greenland Technologies Holding Corporation Class A Ordinary Shares,$0.90,-0.19,-17.431%,"23,889,800"
MRNO,Murano Global Investments PLC Ordinary Shares,$0.30,0.0099,3.413%,"23,772,862"
DUO,Fangdd Network Group Ltd. Class A Ordinary Shares,$0.6145,-0.0334,-5.155%,"23,688,000"
AYTU,"Aytu BioPharma, Inc.  Common Stock",$2.17,-0.11,-4.825%,"23,580,756"
COCP,"Cocrystal Pharma, Inc. Common Stock",$1.21,0.04,3.419%,"23,308,472"
NXTC,"NextCure, Inc. Common Stock",$5.08,UNCH,--,"23,252,984"
KTCC,Key Tronic Corporation Common Stock,$2.10,-0.07,-3.226%,"23,238,363"
EHTH,"eHealth, Inc. Common Stock",$0.7253,-0.0303,-4.01%,"23,233,284"
INLX,"Intellinetics, Inc. Common Stock",$5.15,UNCH,--,"23,149,219"
HKIT,Hitek Global Inc. Class A Ordinary Share,$2.57,-0.31,-10.764%,"23,109,080"
LIVE,Live Ventures Incorporated Common Stock,$7.50,-0.35,-4.459%,"23,037,420"
SKYQ,Sky Quarry Inc. Common Stock,$2.60,-0.07,-2.622%,"22,966,814"
STAK,STAK Inc. Class A Ordinary Shares,$1.19,0.02,1.709%,"22,860,315"
BIOX,Bioceres Crop Solutions Corp. Ordinary Shares,$0.358,-0.0163,-4.355%,"22,846,089"
FEDU,"Four Seasons Education (Cayman) Inc. American Depositary Shares, each ADS representing 10 ordinary shares",$10.00,UNCH,--,"22,614,380"
VNTG,Vantage Corp Class A Ordinary Shares,$0.7313,0.0023,0.316%,"22,422,309"
JVA,"Coffee Holding Co., Inc. Common Stock",$3.92,-0.14,-3.448%,"22,377,708"
QNME,"Quanome Technologies, Inc. Common Stock",$0.6499,-0.0886,-11.997%,"22,374,471"
UTSI,UTStarcom Holdings Corp. Ordinary Shares,$2.355,0.035,1.509%,"22,358,629"
CHOW,ChowChow Cloud International Holdings Limited Ordinary Shares,$0.6234,-0.0446,-6.677%,"22,124,466"
RADX,Radiopharm Theranostics Limited American Depositary Shares,$1.52,-0.13,-7.879%,"21,976,917"
CKX,"CKX Lands, Inc. Common Stock",$10.70,-0.115,-1.063%,"21,968,480"
BENF,Beneficient Class A Common Stock,$1.42,-0.04,-2.74%,"21,947,125"
AZIO,"Azio AI Holdings, Inc. Common Stock",$1.27,-0.01,-0.781%,"21,853,967"
PSHG,Performance Shipping Inc. Common Shares,$1.755,-0.015,-0.847%,"21,817,209"
MWYN,"Marwynn Holdings, Inc. Common stock",$1.075,0.1097,11.364%,"21,709,414"
SNAL,"Snail, Inc. Class A Common Stock",$2.42,-0.08,-3.20%,"21,673,063"
GIFT,"Giftify, Inc. Common Stock",$0.6112,-0.0553,-8.297%,"21,651,868"
PBM,Psyence Biomedical Ltd. Common Shares,$5.665,0.105,1.888%,"21,608,168"
TCRX,"TScan Therapeutics, Inc. Common Stock",$0.34,UNCH,--,"21,590,907"
LOOP,"Loop Industries, Inc. Common Stock",$0.4441,-0.0169,-3.666%,"21,485,723"
HOVRW,New Horizon Aircraft Ltd. Warrant,$0.32,UNCH,--,"21,479,661"
HSCS,HeartSciences Inc. Common Stock,$4.43,-0.30,-6.342%,"21,458,521"
ZEO,Zeo Energy Corporation Class A Common Stock,$0.3432,-0.038,-9.969%,"21,341,373"
MERC,Mercer International Inc. Common Stock,$0.318,-0.0021,-0.656%,"21,311,734"
TLF,"Tandy Leather Factory, Inc. Common Stock",$2.59,-0.04,-1.521%,"21,217,474"
RECT,Rectitude Holdings Ltd Ordinary Shares,$1.369,-0.011,-0.797%,"21,195,885"
BEAT,"Heartbeam, Inc. Common Stock",$0.373,0.0132,3.669%,"21,018,241"
JSPR,"Jasper Therapeutics, Inc. Common Stock",$0.626,0.0169,2.775%,"20,829,875"
WHLRD,"Wheeler Real Estate Investment Trust, Inc. Series D Cumulative Preferred Stock",$36.25,UNCH,--,"20,597,649"
RVP,"Retractable Technologies, Inc. Common Stock",$0.687,-0.0128,-1.829%,"20,566,828"
DFNS,T3 Defense Inc. Common Stock,$7.21,-0.58,-7.445%,"20,478,534"
MXC,Mexco Energy Corporation Common Stock,$9.97,-0.34,-3.298%,"20,398,620"
MSGM,Motorsport Games Inc. Class A Common Stock,$4.42,0.14,3.271%,"20,282,505"
PMEC,Primech Holdings Ltd. Ordinary Shares,$0.5259,-0.0866,-14.139%,"20,204,019"
CTRM,Castor Maritime Inc. Common Shares,$2.09,-0.05,-2.336%,"20,194,320"
MNDO,MIND C.T.I. Ltd. Ordinary Shares,$1.00,UNCH,--,"20,185,166"
NTRBW,Nutriband Inc. Warrant,$1.66,0.35,26.718%,"20,178,434"
SPPL,SIMPPLE LTD. Ordinary Shares,$2.06,-0.03,-1.435%,"20,159,539"
FMST,Foremost Clean Energy Ltd. Common Shares,$0.67,-0.0532,-7.356%,"20,156,711"
TGHL,The GrowHub Limited Class A Ordinary Shares,$0.795,0.063,8.607%,"20,113,349"
NYC,American Strategic Investment Co. Class A Common Stock,$6.33,-0.17,-2.615%,"20,025,791"
TRSG,Tungray Technologies Inc Class A Ordinary Shares,$1.22,-0.1618,-11.709%,"19,951,252"
FEMY,Femasys Inc. Common Stock,$2.38,-0.10,-4.032%,"19,932,564"
RETO,"ReTo Eco-Solutions, Inc. Class A Shares",$0.142,-0.0106,-6.946%,"19,865,560"
BNGO,"Bionano Genomics, Inc. Common Stock",$1.68,0.02,1.205%,"19,785,360"
LIQT,"LiqTech International, Inc. Common Stock",$0.6001,-0.0135,-2.20%,"19,771,999"
NEUP,Neuphoria Therapeutics Inc. Common Stock,$3.65,UNCH,--,"19,751,369"
KMRK,K-Tech Solutions Company Limited Class A Ordinary Shares,$0.931,-0.0173,-1.824%,"19,644,100"
BCG,"Binah Capital Group, Inc. Common Stock",$1.15,UNCH,--,"19,619,151"
LFWD,Lifeward Ltd. Ordinary Shares,$6.92,-0.07,-1.001%,"19,597,551"
SHPH,"Shuttle Pharmaceuticals Holdings, Inc. Common Stock",$4.11,0.10,2.494%,"19,582,901"
BMR,Beamr Imaging Ltd. Ordinary Share,$1.26,UNCH,--,"19,567,616"
ATOS,"Atossa Therapeutics, Inc. Common Stock",$1.96,0.06,3.158%,"19,559,424"
UONE,"Urban One, Inc. Class A Common Stock",$4.21,-0.02,-0.473%,"19,428,998"
YFOR,YYForce Inc. Class A Ordinary Shares,$1.51,0.04,2.721%,"19,384,444"
KSCP,"Knightscope, Inc. Class A Common Stock",$0.8189,-0.0909,-9.991%,"19,341,073"
AKTX,Akari Therapeutics plc ADS,$9.81,0.055,0.564%,"19,099,893"
YAAS,Youxin Technology Ltd Class A Ordinary shares,$1.21,-0.03,-2.419%,"19,014,711"
GMM,Global Mofy AI Limited Class A Ordinary Shares,$1.935,-0.03,-1.527%,"18,868,199"
FUSE,Fusemachines Inc. Common stock,$0.65,0.0748,13.004%,"18,840,446"
ESLA,"Estrella Immunopharma, Inc. Common Stock",$0.4314,-0.0496,-10.312%,"18,764,979"
MRKR,"Marker Therapeutics, Inc. Common Stock",$1.125,-0.025,-2.174%,"18,757,268"
LEDS,SemiLEDS Corporation Common Stock,$2.26,0.02,0.893%,"18,697,891"
BESS,Bimergen Energy Corporation Common Stock,$2.63,-0.16,-5.735%,"18,666,617"
MDCXW,Medicus Pharma Ltd. Warrant,$0.31,UNCH,--,"18,652,094"
PSQH,"PSQ Holdings, Inc. Class A Common Stock",$5.00,-0.30,-5.66%,"18,635,840"
DYAI,"Dyadic International, Inc. Common Stock",$0.465,0.049,11.779%,"18,629,622"
CDLX,"Cardlytics, Inc. Common Stock",$3.14,-0.16,-4.848%,"18,490,568"
DUKR,DUKE Robotics Corp. Common Stock,$5.39,0.10,1.89%,"18,466,021"
CCHH,CCH Holdings Ltd Class A Ordinary Shares,$0.9317,-0.0683,-6.83%,"18,462,313"
FTHM,Fathom Holdings Inc. Common Stock,$0.5374,-0.0456,-7.822%,"18,382,970"
RKTO,Rocket One Inc. Common Stock,$0.7383,-0.0295,-3.842%,"18,381,884"
FOXX,Foxx Development Holdings Inc. Common Stock,$2.57,0.0715,2.862%,"18,095,863"
EXYN,"Exyn Technologies, Inc. Common Stock",$2.27,-0.04,-1.732%,"18,055,482"
ANNAW,"AleAnna, Inc. Warrant",$0.2694,-0.0305,-10.17%,"18,032,127"
ACCS,ACCESS Newswire Inc. Common Stock,$4.70,-0.09,-1.879%,"17,988,329"
MDRR,"Medalist Diversified, Inc. Common Stock",$11.0174,-0.8426,-7.105%,"17,941,836"
EPSM,Epsium Enterprise Limited Class A Ordinary Shares,$1.33,0.05,3.906%,"17,872,585"
NUCLW,Eagle Nuclear Energy Corp. Warrants,$0.60,UNCH,--,"17,747,879"
TVRD,"Tvardi Therapeutics, Inc. Common Stock",$1.33,0.06,4.724%,"17,740,794"
ACTU,"Actuate Therapeutics, Inc. Common stock",$0.7362,0.0562,8.265%,"17,679,256"
IDAI,T Stamp Inc. Class A Common Stock,$3.13,0.0901,2.964%,"17,650,981"
XLABW,Exascale Labs Holdings Inc. Warrant,$0.1925,-0.0375,-16.304%,"17,556,000"
LGPS,LogProstyle Inc. Common Shares,$0.743,-0.0471,-5.961%,"17,542,876"
GRNQ,Greenpro Capital Corp. Common Stock,$9.67,-0.88,-8.341%,"17,529,641"
EFOI,"Energy Focus, Inc. Common Stock",$2.75,0.03,1.103%,"17,515,361"
CLRB,"Cellectar Biosciences, Inc.  Common Stock",$1.83,0.03,1.667%,"17,297,358"
ADSEW,ADS-TEC ENERGY PLC Warrant,$0.23,-0.0529,-18.699%,"17,279,838"
JF,J and Friends Holdings Limited American Depositary Shares,$0.9421,-0.0079,-0.832%,"17,278,259"
LPCN,Lipocine Inc. Common Stock,$2.09,-0.01,-0.476%,"17,230,489"
SOAR,"Volato Group, Inc. Class A Common Stock",$0.3188,0.1393,77.604%,"17,098,279"
SCAG,Scage Future American Depositary Shares,$0.2351,-0.0024,-1.011%,"17,070,532"
FENG,"Phoenix New Media Limited American Depositary Shares, each representing 48 Class A ordinary shares.",$1.42,-0.01,-0.699%,"17,055,302"
PTN,"Palatin Technologies, Inc. Common Stock",$9.58,-0.515,-5.102%,"17,045,455"
LHAI,Linkhome Holdings Inc. Common stock,$1.03,0.01,0.98%,"17,025,900"
DSY,Big Tree Cloud Holdings Limited Class A Ordinary Shares,$3.58,-0.03,-0.831%,"17,011,702"
TLIH,Ten-League International Holdings Limited Ordinary Shares,$5.78,UNCH,--,"16,995,714"
LICN,Lichen International Limited Class A Ordinary Shares,$1.03,-0.01,-0.962%,"16,929,930"
NCEL,NewcelX Ltd. Ordinary Shares,$2.92,-0.0265,-0.899%,"16,866,294"
BFRI,Biofrontera Inc. Common Stock,$1.13,-0.05,-4.237%,"16,783,166"
MGIH,Millennium Group International Holdings Limited Ordinary Shares,$1.49,-0.04,-2.614%,"16,762,500"
EDTK,Skillful Craftsman Education Technology Limited Ordinary Share,$1.03,-0.02,-1.905%,"16,685,435"
JL,J-Long Group Limited Class A Ordinary Shares,$4.66,-0.19,-3.918%,"16,613,837"
FABC,"Fabric.AI, Inc. Common Stock",$2.36,-0.05,-2.075%,"16,528,527"
INTZ,Intrusion Inc. Common Stock,$0.6741,-0.0366,-5.15%,"16,520,137"
ARTW,"Art's-Way Manufacturing Co., Inc. Common Stock",$3.145,-0.125,-3.823%,"16,358,359"
IPM,Intelligent Protection Management Corp. Common Stock ,$1.81,0.0199,1.112%,"16,354,669"
MODD,"Modular Medical, Inc. Common Stock",$2.005,-0.105,-4.976%,"16,342,400"
YXT,YXT.COM GROUP HOLDING LIMITED American Depository Shares,$2.46,0.05,2.075%,"16,261,254"
AHT,Ashford Hospitality Trust Inc Common Stock,$2.51,0.02,0.803%,"16,239,233"
LSTA,"Lisata Therapeutics, Inc. Common Stock",$1.50,-0.08,-5.063%,"16,206,099"
ONEG,OneConstruction Group Limited Ordinary Shares,$1.01,-0.01,-0.98%,"16,160,000"
ARKR,Ark Restaurants Corp. Common Stock,$4.47,-0.04,-0.887%,"16,119,522"
UONEK,"Urban One, Inc. Class D Common Stock",$3.49,-0.21,-5.676%,"16,106,224"
KTTA,Pasithea Therapeutics Corp. Common Stock,$0.48,-0.0192,-3.846%,"16,038,935"
ATTT,Atlas Trinity Tech Limited Ordinary Shares,$2.7255,-0.0045,-0.165%,"16,011,612"
DOGZ,Dogness (International) Corporation Class A Common Stock,$0.905,-0.0081,-0.887%,"15,946,695"
MOBBW,Mobilicom Limited Warrants,$1.26,0.041,3.363%,"15,918,047"
GIGM,GigaMedia Limited Ordinary Shares,$1.44,0.0098,0.685%,"15,915,218"
OPAD,Offerpad Solutions Inc. Class A Common Stock,$3.27,-0.09,-2.679%,"15,803,089"
TMDE,TMD Energy Limited Ordinary Shares,$0.67,0.0034,0.51%,"15,788,550"
BCDA,"BioCardia, Inc. Common Stock",$1.04,-0.01,-0.952%,"15,744,333"
GTIM,Good Times Restaurants Inc. Common Stock,$1.48,-0.03,-1.987%,"15,625,686"
FOFO,"Hang Feng Technology Innovation Co., Ltd. Ordinary Shares",$2.06,-0.13,-5.936%,"15,596,421"
PASW,"Ping An Biomedical Co., Ltd. Class A Ordinary Shares",$0.125,-0.002,-1.575%,"15,568,750"
UFG,Uni-Fuels Holdings Limited Class A Ordinary Shares,$0.4793,-0.0208,-4.159%,"15,560,475"
WVVIP,"Willamette Valley Vineyards, Inc. Series A Redeemable Preferred Stock",$3.12,-0.105,-3.256%,"15,536,130"
MOBX,"Mobix Labs, Inc. Class A Common Stock",$0.8642,0.0143,1.683%,"15,514,157"
HTOO,Fusion Fuel Green PLC Class A Ordinary Shares,$2.06,0.02,0.98%,"15,483,494"
SUNE,"SUNation Energy, Inc. Common Stock",$2.37,-0.03,-1.25%,"15,436,066"
IHT,InnSuites Hospitality Trust Shares of Beneficial Interest,$1.375,-0.025,-1.786%,"15,433,782"
ALLR,"Allarity Therapeutics, Inc. Common Stock",$0.9684,-0.0616,-5.981%,"15,407,945"
CCM,Concord Medical Services Holdings Limited American Depositary Shares (Each represents thirty (30) Class A ordinary shares),$3.54,-0.06,-1.667%,"15,369,699"
ASTC,Astrotech Corporation (DE) Common Stock,$7.64,0.485,6.778%,"15,349,142"
CNSY,"Cerenome, Inc. Common Stock ",$2.02,0.03,1.508%,"15,331,043"
SDOT,Sadot Group Inc. Common Stock,$10.53,-0.48,-4.36%,"15,319,339"
MOGU,MOGU Inc. American Depositary Shares (each  representing 25 Class A Ordinary Shares),$1.86,-0.01,-0.535%,"15,220,925"
HTCO,High-Trend International Group Class A Ordinary Shares,$2.25,-0.03,-1.316%,"15,199,479"
OPTT,"Ocean Power Technologies, Inc. Common Stock",$1.67,-0.34,-16.915%,"15,187,246"
MTEX,"Mannatech, Incorporated Common Stock",$7.83,0.13,1.688%,"15,109,316"
CTXR,"Citius Pharmaceuticals, Inc. Common Stock",$0.549,-0.0296,-5.116%,"15,071,461"
PRZO,ParaZero Technologies Ltd. Ordinary Shares,$0.581,-0.0005,-0.086%,"15,064,500"
PASG,"Passage Bio, Inc. Common Stock",$4.675,-0.125,-2.604%,"15,043,262"
ICU,SeaStar Medical Holding Corporation Common Stock,$3.40,-0.02,-0.585%,"14,983,259"
BNKK,"Bonk, Inc. Common Stock",$1.87,0.34,22.222%,"14,961,758"
COOT,Australian Oilseeds Holdings Limited Ordinary Shares,$0.4966,0.019,3.978%,"14,932,069"
MYND,"Mynd.ai, Inc. American Depositary Shares",$0.3164,-0.0336,-9.60%,"14,916,553"
HODO,House of Doge Inc. Common Stock,$0.1671,-0.0026,-1.532%,"14,897,464"
NEON,Neonode Inc. Common Stock,$0.8876,-0.0284,-3.10%,"14,896,522"
ATCX,Atlas Critical Minerals Corporation Common Stock,$2.93,-0.17,-5.484%,"14,894,174"
FGI,FGI Industries Ltd. Ordinary Shares,$7.70,0.04,0.522%,"14,870,787"
LRE,"Lead Real Estate Co., Ltd American Depositary Shares",$1.09,-0.01,-0.909%,"14,869,671"
NXXT,"NextNRG, Inc. Common Stock",$0.8815,0.0306,3.596%,"14,820,964"
SMSI,"Smith Micro Software, Inc. Common Stock",$2.65,-0.06,-2.214%,"14,813,182"
PLSM,Pulsenmore Ltd. Ordinary Shares,$2.276,-0.134,-5.56%,"14,800,473"
UUU,"Universal Safety Products, Inc. Common Stock",$4.88,-0.23,-4.501%,"14,778,899"
DARE,"Dare Bioscience, Inc. Common Stock",$0.75,-0.0255,-3.288%,"14,751,812"
ENGNW,enGene Therapeutics Inc. Warrants,$0.2201,UNCH,--,"14,750,291"
SKK,SKK Holdings Limited Class A Ordinary Shares,$4.57,0.1301,2.93%,"14,581,024"
EQS,"Equus Total Return, Inc. Common Stock",$1.04,0.041,4.104%,"14,525,364"
AUST,Austin Gold Corp. Common Shares,$1.06,-0.0155,-1.441%,"14,514,581"
MDAIW,"Spectral AI, Inc. Warrants",$0.4502,-0.0296,-6.169%,"14,489,655"
DCX,Digital Currency X Technology Inc. Class A Ordinary Shares,$6.17,-1.734,-21.938%,"14,475,949"
PETZ,"TDH Holdings, Inc. Common Shares",$1.39,0.04,2.963%,"14,349,343"
MIMI,Mint Incorporation Limited Class A Ordinary Shares,$0.9018,0.1306,16.935%,"14,331,966"
HIND,"Vyome Holdings, Inc. Common Stock",$2.03,-0.01,-0.49%,"14,247,612"
BTLN,"Brightline Interactive, Inc. Common Stock",$5.25,0.1308,2.555%,"14,239,848"
OFAL,OFA Group Class A Ordinary Shares,$0.5373,0.0373,7.46%,"14,213,455"
TULP,"Bloomia Holdings, Inc. Common Stock",$2.90,-0.10,-3.333%,"14,009,799"
MDBH,"MDB Capital Holdings, LLC Class A common",$2.57,0.11,4.472%,"13,977,284"
DLPN,"Dolphin Entertainment, Inc. Common Stock",$1.07,-0.015,-1.382%,"13,946,199"
LTRN,Lantern Pharma Inc. Common Stock,$1.09,-0.13,-10.656%,"13,934,719"
ZDAI,"DirectBooking Technology Co., Ltd. Class A Ordinary Shares",$1.65,0.04,2.484%,"13,840,980"
NIKI,"Niki BioSolutions, Inc. Common Stock",$4.70,-0.06,-1.261%,"13,811,538"
TPST,"Tempest Therapeutics, Inc. Common Stock",$0.8316,0.0026,0.314%,"13,754,470"
XCH,XCHG Limited American Depositary Share,$3.10,-0.13,-4.025%,"13,721,945"
CUPR,Cuprina Holdings (Cayman) Limited Class A Ordinary Shares,$1.95,0.08,4.278%,"13,657,328"
CLRO,"ClearOne, Inc. Common Stock",$5.10,1.65,47.826%,"13,644,601"
BRFH,Barfresh Food Group Inc. Common Stock,$0.8301,-0.0943,-10.201%,"13,537,414"
FRTT,Fort Technology Inc. Common Shares,$0.8998,0.0012,0.134%,"13,535,315"
WETH,Wetouch Technology Inc. Common Stock,$1.01,-0.03,-2.885%,"13,515,349"
WIMI,WiMi Hologram Cloud Inc. Class B Ordinary Shares,$0.7329,-0.0571,-7.228%,"13,474,406"
BRN,"Barnwell Industries, Inc. Common Stock",$0.93,-0.0112,-1.19%,"13,423,908"
UCL,uCloudlink Group Inc. American Depositary Shares,$0.3497,-0.0093,-2.591%,"13,320,860"
TOMZ,"TOMI Environmental Solutions, Inc. Common Stock",$1.36,-0.12,-8.108%,"13,317,890"
RGNT,Regentis Biomaterials Ltd. Ordinary Shares,$1.89,-0.09,-4.545%,"13,275,211"
SINT,"SiNtx Technologies, Inc. Common Stock",$1.99,0.11,5.851%,"13,262,423"
EBON,Ebang International Holdings Inc. Class A Ordinary Shares,$2.02,-0.04,-1.942%,"13,218,755"
BTCT,BTC Digital Ltd. Ordinary Shares,$1.12,-0.07,-5.882%,"13,216,635"
VTGN,"Vistagen Therapeutics, Inc. Common Stock",$0.297,0.024,8.791%,"13,179,943"
HUIZ,Huize Holding Limited American Depositary Shares,$1.30,-0.02,-1.515%,"13,137,899"
ALAR,Alarum Technologies Ltd. American Depositary Share,$1.81,0.03,1.685%,"13,123,353"
CJMB,Callan JMB Inc. Common Stock,$2.28,0.07,3.167%,"13,115,399"
AEON,"AEON Biopharma, Inc. Class A Common Stock",$0.2616,-0.002,-0.759%,"13,049,338"
VRME,"VerifyMe, Inc. Common Stock",$0.99,0.0301,3.136%,"13,033,544"
BIVI,BioVie Inc. Class A Common Stock,$1.54,-0.065,-4.05%,"13,014,768"
SLGB,Smart Logistics Global Limited Class A Ordinary Shares,$0.2879,-0.011,-3.68%,"12,955,500"
BIYA,Baiya International Group Inc Class A Ordinary Shares,$2.03,-0.08,-3.791%,"12,952,927"
DAVEW,Dave Inc. Warrants,$1.01,-0.04,-3.81%,"12,883,062"
CABR,"Caring Brands, Inc. Common Stock",$1.24,0.0031,0.251%,"12,856,600"
AIRI,Air Industries Group Common Stock,$2.649,0.049,1.885%,"12,849,393"
DFLI,Dragonfly Energy Holdings Corp. Common Stock (NV),$0.8551,-0.0584,-6.393%,"12,808,374"
NUR,Nuran Wireless Inc. Common Shares,$0.9703,-0.0997,-9.318%,"12,802,817"
RCT,RedCloud Holdings plc Ordinary Shares,$0.1866,-0.0104,-5.279%,"12,759,823"
DTSS,Datasea Intelligent Technology Ltd. Class A Ordinary Shares,$0.8794,0.0009,0.102%,"12,685,240"
CTSO,Cytosorbents Corporation Common Stock,$4.02,-0.36,-8.219%,"12,667,426"
GYGY,"Game Your Game, Inc. Common Stock",$0.8725,0.1329,17.969%,"12,557,020"
TURB,"Turbo Energy, S.A. American Depositary Shares",$1.04,UNCH,--,"12,497,826"
PBK,PowerBank Corporation Common Stock,$0.2649,0.0019,0.722%,"12,438,853"
DETX,"Liberty Defense Holdings, Ltd. Common Shares",$2.185,0.077,3.653%,"12,415,133"
RPGL,Republic Power Group Limited Class A Ordinary Shares,$12.27,-0.73,-5.615%,"12,383,412"
ICMB,"Investcorp Credit Management BDC, Inc. Common Stock",$0.855,-0.005,-0.581%,"12,339,764"
SAGT,SAGTEC GLOBAL LIMITED Class A Ordinary shares,$0.6199,0.0098,1.606%,"12,336,010"
IOTR,iOThree Limited Ordinary Shares,$2.03,UNCH,--,"12,310,728"
GTBP,"GT Biopharma, Inc. Common Stock",$6.80,-0.09,-1.306%,"12,269,777"
REBN,"Reborn Coffee, Inc. Common Stock",$1.42,0.18,14.516%,"12,240,573"
INAB,"IN8bio, Inc. Common Stock",$1.24,0.04,3.333%,"12,224,395"
BFRG,"Bullfrog AI Holdings, Inc. Common Stock",$0.6565,-0.0091,-1.367%,"12,172,594"
EPOW,E-Power Inc. Class A Ordinary Shares,$5.20,-0.46,-8.127%,"12,099,532"
BLRX,BioLineRx Ltd. American Depositary Shares,$2.43,-0.17,-6.538%,"12,097,065"
AISPW,"Airship AI Holdings, Inc. Warrants",$0.3492,-0.0208,-5.622%,"12,026,295"
CETY,"Clean Energy Technologies, Inc. Common Stock",$0.9851,0.0051,0.52%,"11,984,831"
PLUR,Pluri Inc. Common Stock,$0.97,-0.04,-3.96%,"11,974,394"
ASBP,"Aspire-Lakewood Holdings, Inc. Common Stock",$8.50,0.18,2.163%,"11,921,735"
OXBR,Oxbridge Re Holdings Limited Ordinary Shares,$1.4645,0.0045,0.308%,"11,918,946"
INTS,"Intensity Therapeutics, Inc. Common stock",$3.65,-0.15,-3.947%,"11,916,808"
GIXI,Gix Internet Ltd. Ordinary Shares,$4.78,-0.12,-2.449%,"11,913,438"
CMMB,Chemomab Therapeutics Ltd. American Depositary Share,$1.64,-0.52,-24.074%,"11,882,797"
NMTC,NeuroOne Medical Technologies Corporation Common Stock,$1.30,-0.03,-2.256%,"11,837,492"
KPRX,"Kiora Pharmaceuticals, Inc.  Common Stock",$2.67,0.04,1.521%,"11,813,113"
HPAI,Helport AI Limited Ordinary Shares,$0.3135,-0.0011,-0.35%,"11,802,306"
PHIO,Phio Pharmaceuticals Corp. Common Stock,$1.01,UNCH,--,"11,733,423"
XHLD,"TEN Holdings, Inc. Common Stock",$0.978,-11.972,-92.448%,"11,716,384"
BTBD,"BT Brands, Inc. Common Stock",$1.89,-0.05,-2.577%,"11,689,128"
TANH,Tantech Holdings Ltd. Class A Common Shares,$17.50,3.125,21.739%,"11,683,823"
ATER,"Aterian, Inc. Common Stock",$0.6485,-0.0155,-2.334%,"11,651,541"
MBRX,"Moleculin Biotech, Inc. Common Stock",$0.569,-0.0326,-5.419%,"11,599,509"
BZAIW,"Blaize Holdings, Inc. Warrants",$0.08,-0.0012,-1.478%,"11,586,563"
DDC,DDC Enterprise Limited Class A Ordinary Shares,$0.196,-0.0016,-0.81%,"11,483,887"
CALC,"CalciMedica, Inc. Common Stock",$1.68,-0.07,-4.00%,"11,471,531"
MMA,Mixed Martial Arts Group Limited Ordinary Shares,$0.4299,0.0103,2.455%,"11,385,274"
AIMD,"Ainos, Inc. Common Stock",$1.33,-0.01,-0.746%,"11,363,617"
JBDI,JBDI Holdings Limited Ordinary Shares,$1.19,0.045,3.93%,"11,322,293"
STFS,Star Fashion Culture Holdings Limited Class A Ordinary Shares,$3.535,-0.155,-4.201%,"11,289,998"
HCTI,"Healthcare Triangle, Inc. Common Stock",$0.7497,-0.0283,-3.638%,"11,226,249"
BIOT,Instinct Bio Technical Company Holdings Inc. Ordinary Shares,$0.3901,-0.0226,-5.476%,"11,216,877"
BTOC,Armlogi Holding Corp. Common Stock,$0.2463,-0.0122,-4.72%,"11,192,630"
SLE,"Super League Enterprise, Inc. Common Stock",$4.51,-0.52,-10.338%,"11,154,001"
ADVB,Advanced Biomed Inc. Common Stock,$6.73,0.35,5.486%,"11,118,855"
WXM,WF International Limited Ordinary Shares,$3.56,-0.44,-11.00%,"11,098,610"
EDUC,Educational Development Corporation Common Stock,$1.30,UNCH,--,"11,082,453"
SCNX,"Scienture Holdings, Inc. Common Stock",$0.2697,-0.0077,-2.776%,"11,075,000"
SEED,Origin Agritech Limited Common Stock,$0.91,UNCH,--,"11,050,609"
MTVA,MetaVia Inc. Common Stock,$1.67,0.01,0.602%,"11,002,129"
BMRA,"Biomerica, Inc. Common Stock",$2.3899,0.0699,3.013%,"10,991,074"
NVNI,Nvni Group Limited Ordinary Shares,$0.9399,-0.0001,-0.011%,"10,989,436"
GDTC,CytoMed Therapeutics Limited Ordinary Shares,$0.925,-0.03,-3.141%,"10,941,302"
IRIX,IRIDEX Corporation Common Stock,$0.6201,-0.0049,-0.784%,"10,892,002"
VWAV,"VisionWave Holdings, Inc. Common Stock",$4.57,-0.30,-6.16%,"10,848,133"
SMXT,Solarmax Technology Inc. Common Stock,$2.28,-0.04,-1.724%,"10,812,250"
IQST,iQSTEL Inc. Common Stock,$0.99,0.0019,0.192%,"10,806,700"
MEDS,"DataMeds AI, Inc. Common Stock",$3.81,0.70,22.508%,"10,795,765"
PMI,"Picard Medical, Inc. Common Stock",$4.61,-0.01,-0.216%,"10,781,103"
AENTW,Alliance Entertainment Holding Corporation Warrant,$0.21,UNCH,--,"10,705,722"
QH,Quhuo Limited Class A Ordinary Shares,$3.88,-0.10,-2.513%,"10,673,465"
NAII,"Natural Alternatives International, Inc. Common Stock",$1.70,-0.05,-2.857%,"10,667,889"
FNGR,"FingerMotion, Inc. Common Stock",$0.1415,-0.0099,-6.539%,"10,641,455"
RAIN,"Rain Enhancement Technologies Holdco, Inc. Class A Common Stock",$0.9083,-0.0913,-9.134%,"10,630,790"
ADIL,"Adial Pharmaceuticals, Inc Common Stock",$4.04,-0.18,-4.265%,"10,608,596"
HUDI,"Huadi International Group Co., Ltd. Ordinary Shares",$0.7402,0.0134,1.844%,"10,599,059"
PRPL,"Purple Innovation, Inc. Common Stock",$2.43,-0.04,-1.619%,"10,578,055"
GYRO,"Gyrodyne, LLC Common Stock",$4.73,0.10,2.16%,"10,402,727"
IFBD,"Infobird Co., Ltd Ordinary Shares",$1.27,-0.07,-5.224%,"10,399,489"
JCTC,Jewett-Cameron Trading Company Common Shares,$2.95,0.04,1.375%,"10,384,333"
CLWT,Euro Tech Holdings Company Limited Common Stock,$1.40,0.03,2.19%,"10,376,050"
MSAI,"MultiSensor AI Holdings, Inc. Common Stock",$4.70,-0.125,-2.591%,"10,366,546"
BLIN,"Bridgeline Digital, Inc. Common Stock",$0.821,-0.0106,-1.275%,"10,344,501"
LZMH,LZ Technology Holdings Limited Class B Ordinary Shares,$1.15,UNCH,--,"10,325,275"
AZTR,Azitra Inc Common Stock,$0.1695,0.0017,1.013%,"10,272,334"
PLAG,Planet Green Holdings Corp. Common Stock,$0.72,0.04,5.882%,"10,247,554"
AEMD,"Aethlon Medical, Inc. Common Stock",$6.38,0.10,1.592%,"10,234,126"
GFAI,"Guardforce AI Co., Limited Ordinary Shares",$0.323,-0.0072,-2.18%,"10,140,048"
CYN,Cyngn Inc. Common Stock,$0.6575,-0.0324,-4.696%,"10,091,495"
HDRNW,"Hadron Energy, Inc. Warrant",$0.1399,0.0001,0.072%,"10,002,688"
AWX,Avalon Holdings Corporation Common Stock,$2.56,-0.0263,-1.017%,"9,982,543"
TOVX,"Theriva Biologics, Inc. Common Stock",$0.2165,-0.0041,-1.859%,"9,935,763"
ARAI,Arrive AI Inc. Common Stock,$0.1914,-0.0098,-4.871%,"9,929,106"
FLUX,"Flux Power Holdings, Inc. Common Stock",$0.459,-0.0037,-0.80%,"9,924,334"
BON,Bon Natural Life Limited Class A Ordinary Shares,$1.22,0.0179,1.489%,"9,917,148"
VRXAW,Veraxa Biotech AG Warrants,$0.07,UNCH,--,"9,898,547"
APUS,"Apimeds Pharmaceuticals US, Inc. Common Stock",$6.39,-0.86,-11.862%,"9,857,367"
CLIK,Click Holdings Limited Class A Ordinary Share,$1.15,0.01,0.877%,"9,847,488"
CVR,Chicago Rivet & Machine Co. Common Stock,$10.151,-0.0989,-0.965%,"9,807,206"
UPLD,"Upland Software, Inc. Common Stock",$3.29,-0.08,-2.374%,"9,729,158"
NRSN,NeuroSense Therapeutics Ltd. Ordinary Shares,$5.10,-1.85,-26.619%,"9,674,200"
SNTI,"Senti Biosciences Holdings, Inc. Common Stock",$0.31,-0.0193,-5.861%,"9,654,874"
MYSE,"Myseum.AI, Inc. Common Stock",$1.85,-0.01,-0.538%,"9,613,396"
TDTH,Trident Digital Tech Holdings Ltd Class B Ordinary Shares,$1.11,-0.35,-23.973%,"9,586,794"
BCTXL,BriaCell Therapeutics Corp. Warrant expiring 2031,$1.10,0.035,3.286%,"9,569,766"
INEO,INNEOVA Holdings Limited Class A Ordinary Shares,$0.59,-0.0456,-7.174%,"9,540,668"
SQFTP,"Presidio Property Trust, Inc. 9.375% Series D Cumulative Redeemable Perpetual Preferred Stock, $0.01 par value per share",$6.64,-0.225,-3.277%,"9,524,628"
TDIC,Dreamland Limited Class A Ordinary Shares,$2.73,-0.43,-13.608%,"9,515,642"
AMS,American Shared Hospital Services Common Stock,$1.43,0.01,0.704%,"9,509,500"
MPU,Mega Matrix Inc. Class A Ordinary Shares,$2.77,-0.0105,-0.378%,"9,476,979"
CISO,"CISO Global, Inc. Common Stock",$0.208,-0.0331,-13.729%,"9,469,336"
APRE,"Aprea Therapeutics, Inc. Common stock",$0.7518,-0.009,-1.183%,"9,466,016"
MTEK,Maris-Tech Ltd. Ordinary Shares,$0.9706,-0.1244,-11.361%,"9,413,486"
BANL,CBL International Limited Class B Ordinary Shares,$4.465,-0.635,-12.451%,"9,371,847"
IMRN,Immuron Limited American Depositary Shares,$1.16,UNCH,--,"9,362,594"
INUV,"Inuvo, Inc.",$0.568,-0.006,-1.045%,"9,362,389"
SFHG,Samfine Creation Holdings Group Limited Class A Ordinary Share,$2.30,-0.06,-2.542%,"9,338,000"
MDCX,Medicus Pharma Ltd. Common Stock  ,$0.1521,-0.0003,-0.197%,"9,151,559"
NIXX,"Nixxy, Inc. Common Stock",$0.3161,-0.026,-7.60%,"9,138,084"
GLE,Global Engine Group Holding Limited Class A Ordinary Shares,$0.4957,0.0019,0.385%,"9,071,310"
FBLG,"FibroBiologics, Inc. Common Stock",$1.36,-0.03,-2.158%,"9,055,142"
TPET,Trio Petroleum Corp. Common Stock,$1.70,-0.01,-0.585%,"9,050,642"
MARPS,Marine Petroleum Trust Units of Beneficial Interest,$4.5216,0.2616,6.141%,"9,043,200"
ENLV,Enlivex Ltd. Ordinary Shares,$0.514,-0.0835,-13.975%,"8,987,527"
AQMS,"Aqua Metals, Inc. Common Stock",$2.52,-0.10,-3.817%,"8,980,098"
CYCU,"Cycurion, Inc. Common Stock",$2.77,-0.04,-1.423%,"8,947,216"
TRAW,"Traws Pharma, Inc. Common Stock",$0.579,0.0158,2.805%,"8,898,232"
VEEA,Veea Inc. Common Stock,$2.86,-0.22,-7.143%,"8,896,625"
BURU,"Nuburu, Inc. Common Stock",$0.9545,-0.0355,-3.586%,"8,840,908"
WVVI,"Willamette Valley Vineyards, Inc. Common Stock",$1.77,-0.17,-8.763%,"8,813,766"
KALA,"KALA BIO, Inc. Common Stock",$0.4502,-0.0254,-5.341%,"8,706,772"
NDRA,ENDRA Life Sciences Inc. Common Stock,$5.80,-0.24,-3.974%,"8,699,060"
GITS,"Global Interactive Technologies, Inc. Common Stock",$2.06,0.0325,1.603%,"8,658,394"
BIAF,"bioAffinity Technologies, Inc. Common Stock",$7.41,-0.52,-6.557%,"8,644,691"
FFAI,Faraday Future Intelligent Electric Inc. Class A Common Stock,$1.41,-0.20,-12.422%,"8,639,069"
MSN,Emerson Radio Corporation Common Stock,$0.41,-0.021,-4.872%,"8,627,487"
CRMT,America's Car-Mart Inc Common Stock,$1.03,-0.03,-2.83%,"8,588,632"
YJ,Yunji Inc. American Depository Shares,$1.74,-0.08,-4.396%,"8,570,440"
NHTC,Natural Health Trends Corp. Common Stock,$0.99,0.0892,9.902%,"8,492,070"
NCPL,Netcapital Inc. Common Stock,$1.08,-0.28,-20.588%,"8,475,731"
LNAI,Lunai Bioworks Inc. Common Stock,$1.86,-0.07,-3.627%,"8,433,035"
CPOP,"Pop Culture Group Co., Ltd Class A Ordinary Shares",$4.93,-0.15,-2.953%,"8,420,208"
THH,TryHard Holdings Limited Ordinary Shares,$1.68,-0.01,-0.592%,"8,407,770"
LGVN,Longeveron Inc. Class A Common Stock,$2.63,-0.18,-6.406%,"8,384,963"
TWG,Top Wealth Group Holding Limited Class A Ordinary Shares,$0.1336,-0.0304,-18.537%,"8,382,939"
BAOS,Baosheng Media Group Holdings Limited Ordinary shares,$0.2503,-0.0138,-5.225%,"8,352,465"
ALZN,"Alzamend Neuro, Inc. Common Stock",$1.73,-0.10,-5.464%,"8,348,501"
LUCY,"Innovative Eyewear, Inc. Common Stock",$0.9568,0.0069,0.726%,"8,335,893"
ECXWW,ECARX Holdings Inc. Warrants,$0.0218,UNCH,--,"8,307,108"
MGRX,"Mangoceuticals, Inc. Common Stock",$0.3848,-0.0812,-17.425%,"8,299,144"
GRMLW,Greenland Mines Ltd Warrant,$0.9365,-0.1134,-10.801%,"8,266,609"
WOK,WORK Medical Technology Group LTD Class A Ordinary Shares,$1.85,-0.06,-3.141%,"8,265,019"
BYAH,"Park Ha Biological Technology Co., Ltd. Class A Ordinary Shares",$2.41,-0.36,-12.996%,"8,255,520"
BGL,Blue Gold Limited Class A Ordinary Shares,$0.202,-0.0111,-5.209%,"8,249,230"
SNGX,"Soligenix, Inc. Common Stock",$0.3774,-0.0069,-1.795%,"8,214,292"
ALP,Alpha Compute Corp Ordinary Shares,$5.30,-0.28,-5.018%,"8,214,194"
AIRE,reAlpha Tech Corp. Common Stock,$1.36,0.02,1.493%,"8,169,009"
RDZNW,"Roadzen, Inc. Warrants",$0.095,0.0125,15.152%,"8,090,681"
XCUR,"Exicure, Inc. Common Stock",$1.235,0.015,1.23%,"8,084,304"
RMCF,"Rocky Mountain Chocolate Factory, Inc. Common Stock",$0.8525,0.0025,0.294%,"8,047,248"
LOBO,LOBO TECHNOLOGIES LTD. Class A Ordinary Shares,$0.5789,0.019,3.393%,"8,013,098"
SPWRW,SunPower Inc. Warrants,$0.025,-0.0025,-9.091%,"8,007,509"
VEEE,Twin Vee PowerCats Co. Common Stock,$13.69,-0.26,-1.864%,"7,999,354"
DLXY,Delixy Holdings Limited Class A Ordinary Shares,$2.44,-0.0595,-2.38%,"7,978,800"
CURX,Curanex Pharmaceuticals Inc Common Stock,$5.0349,0.2949,6.222%,"7,895,937"
SEGG,Sports Entertainment Gaming Global Corporation Common Stock,$2.42,-0.45,-15.679%,"7,887,959"
MTEN,Mingteng International Corporation Inc. Class A Ordinary Shares,$1.03,0.01,0.98%,"7,879,361"
AMOD,"Alpha Modus Holdings, Inc. Class A Common Stock",$1.57,-0.08,-4.848%,"7,828,434"
ENSC,"Ensysce Biosciences, Inc. Common Stock",$0.4011,-0.0112,-2.716%,"7,804,120"
CODX,"Co-Diagnostics, Inc. Common Stock",$1.11,0.02,1.835%,"7,781,431"
RVSN,Rail Vision Ltd. Ordinary Share,$3.54,-0.07,-1.939%,"7,760,338"
IMNN,"Imunon, Inc. Common Stock",$1.38,-0.03,-2.128%,"7,743,736"
JYD,Jayud Global Logistics Limited Class A Ordinary Shares,$0.9301,-0.0399,-4.113%,"7,718,807"
NXTT,Next Technology Holding Inc. Ordinary Shares,$5.24,-0.43,-7.584%,"7,718,321"
JAGX,"Jaguar Health, Inc. Common Stock",$6.02,-1.68,-21.818%,"7,716,671"
XWEL,"XWELL, Inc. Common Stock",$0.896,0.002,0.224%,"7,695,982"
UCAR,U Power Limited Class A Ordinary Shares,$4.3284,-0.1116,-2.514%,"7,682,642"
CELZ,"Creative Medical Technology Holdings, Inc. Common Stock",$1.01,-0.02,-1.942%,"7,668,483"
DTST,Data Storage Corporation Common Stock,$3.275,0.145,4.633%,"7,656,092"
ZCMD,Zhongchao Inc. Class A Ordinary Shares,$0.8604,-0.06,-6.519%,"7,634,739"
DAIC,"CID HoldCo, Inc. Common Stock",$3.26,0.06,1.875%,"7,621,120"
JCSE,JE Cleantech Holdings Limited Class A Ordinary Shares,$1.44,0.01,0.699%,"7,563,917"
EEIQ,EpicQuest Education Group International Limited Common Stock,$4.58,-0.24,-4.979%,"7,541,533"
ARBB,ARB IOT Group Limited Ordinary Shares,$4.27,-0.20,-4.474%,"7,537,643"
INHD,Inno Holdings Inc. Common Stock,$2.99,-0.11,-3.548%,"7,536,537"
FMSTW,Foremost Clean Energy Ltd. Warrant,$0.2501,0.0001,0.04%,"7,524,169"
AMIX,"Autonomix Medical, Inc. Common Stock",$3.83,-0.19,-4.726%,"7,506,563"
CNET,ZW Data Action Technologies Inc. Common Stock,$2.04,0.19,10.27%,"7,483,595"
INM,InMed Pharmaceuticals Inc. Common Shares,$1.36,-0.02,-1.449%,"7,471,480"
CNSP,"CNS Pharmaceuticals, Inc. Common Stock",$5.11,0.179,3.63%,"7,468,004"
PRSO,Peraso Inc. Common Stock,$0.4947,-0.014,-2.752%,"7,452,396"
ACXP,"Acurx Pharmaceuticals, Inc. Common Stock",$1.34,-0.02,-1.471%,"7,449,603"
SMX,SMX (Security Matters) Public Limited Company Ordinary Shares,$6.82,-1.19,-14.856%,"7,424,307"
REED,"Reed's, Inc. Common Stock",$0.626,-0.025,-3.84%,"7,422,536"
LHSW,Lianhe Sowell International Group Ltd Class A Ordinary Shares,$0.68,-0.04,-5.556%,"7,416,193"
CLGN,CollPlant Biotechnologies Ltd Ordinary Shares,$3.87,-0.38,-8.941%,"7,317,477"
SURG,"SurgePays, Inc. Common Stock",$0.1363,-0.0101,-6.899%,"7,211,418"
SKYE,"Skye Bioscience, Inc. Common Stock",$1.61,-0.06,-3.593%,"7,128,560"
DFSC,DEFSEC Technologies Inc. Common Stock,$1.085,-0.015,-1.364%,"7,127,441"
GWH,"ESS Tech, Inc. Common Stock",$0.1765,-0.0335,-15.952%,"7,108,387"
NAMI,Jinxin Technology Holding Company American Depositary Shares,$2.24,0.65,40.881%,"7,084,797"
VNRX,VolitionRX Limited Common Stock,$0.2529,-0.0061,-2.355%,"7,056,751"
FEBO,Fenbo Holdings Limited Class A Ordinary Shares,$0.6364,-0.0536,-7.768%,"7,040,175"
ACON,"Aclarion, Inc. Common Stock",$2.44,-0.15,-5.792%,"7,032,985"
AUUD,Auddia Inc. Common Stock,$1.21,0.07,6.14%,"7,021,691"
GWAV,"Greenwave Technology Solutions, Inc. Common Stock",$2.35,-0.04,-1.674%,"7,008,837"
WKSP,"Worksport, Ltd. Common Stock",$0.457,0.0155,3.511%,"6,991,338"
CHAI,"Core AI Holdings, Inc. Common Shares",$0.27,-0.002,-0.735%,"6,984,048"
SYNX,Silynxcom Ltd. Ordinary Shares,$1.05,UNCH,--,"6,966,162"
ILLR,Triller Group Inc. Common Stock,$0.3392,-0.0069,-1.994%,"6,949,320"
DSS,"DSS, Inc. Common Stock",$0.69,-0.0176,-2.487%,"6,929,337"
CGTL,Creative Global Technology Holdings Limited Class A Ordinary Shares,$4.03,-0.08,-1.946%,"6,928,598"
TKLF,"Tokyo Lifestyle Co., Ltd. American Depositary Shares",$1.63,-0.01,-0.61%,"6,899,433"
CWD,CaliberCos Inc. Class A Common Stock,$0.6587,0.0345,5.527%,"6,840,371"
QCLS,"Q/C Technologies, Inc. Common Stock",$0.8329,-0.0349,-4.022%,"6,821,316"
LEXX,Lexaria Bioscience Corp. Common Stock,$3.225,-0.055,-1.677%,"6,793,421"
POM,POMDOCTOR LIMITED American Depositary Shares,$0.91,-0.13,-12.50%,"6,784,280"
GAUZ,Gauzy Ltd. Ordinary Shares,$5.89,0.57,10.714%,"6,769,860"
MWG,Multi Ways Holdings Limited Class A Ordinary Shares,$1.30,0.04,3.175%,"6,684,631"
OBAI,"Our Bond, Inc. Common Stock",$0.2228,-0.0063,-2.75%,"6,678,547"
BOLT,"Bolt Biotherapeutics, Inc. Common Stock",$3.4601,-0.1199,-3.349%,"6,665,346"
MSGY,Masonglory Limited Class A Ordinary Shares ,$3.13,-4.94,-61.214%,"6,634,426"
AMST,Amesite Inc. Common Stock,$1.01,-0.03,-2.885%,"6,615,350"
ENVB,"Enveric Biosciences, Inc. Common Stock",$1.47,-0.03,-2.00%,"6,579,549"
AIM,AIM ImmunoTech Inc. Common Stock,$0.1844,-0.0057,-2.998%,"6,547,671"
VSA,VisionSys AI Inc. American Depositary Shares,$2.34,-0.40,-14.599%,"6,535,470"
CCTG,CCSC Technology International Holdings Limited Class A Ordinary Shares,$0.4801,-0.0349,-6.777%,"6,519,847"
GCDT,Green Circle Decarbonize Technology Limited Class A Ordinary Shares,$0.4807,-0.1903,-28.361%,"6,514,064"
BQ,Boqii Holding Limited Class A Ordinary Shares,$0.8221,-0.008,-0.964%,"6,477,831"
SONM,"DNA X, Inc. Common Stock",$4.35,0.435,11.111%,"6,473,966"
AMSS,AMASS Brands Inc. Common Stock,$0.5573,-0.0827,-12.922%,"6,467,512"
VS,Versus Systems Inc. Common Stock,$1.04,-0.03,-2.804%,"6,461,152"
WAFU,Wah Fu Education Group Limited Ordinary Shares,$1.45,-0.04,-2.685%,"6,395,311"
YHGJ,Yunhong Green CTI Ltd. Common Stock,$2.44,UNCH,--,"6,366,555"
YMAT,"J-Star Holding Co., Ltd. Class A Ordinary Shares",$1.57,0.01,0.641%,"6,295,862"
RENX,RenX Enterprises Corp. Common Stock,$2.37,0.17,7.727%,"6,271,515"
ELOG,Eastern International Ltd. Ordinary Shares,$0.4887,0.0087,1.813%,"6,270,998"
HXHX,Haoxin Holdings Limited Class A Ordinary Shares,$0.4227,-0.0072,-1.675%,"6,222,144"
AUID,authID Inc. Common Stock,$0.3707,-0.0932,-20.091%,"6,198,230"
SOS,SOS Limited Class A Ordinary Shares,$0.3374,-0.0215,-5.991%,"6,130,666"
TWAV,"TaoWeave, Inc. Common Stock",$1.58,0.01,0.637%,"6,126,006"
NVNO,enVVeno Medical Corporation Common Stock,$8.81,0.14,1.615%,"6,121,417"
GXAI,Gaxos.ai Inc. Common Stock,$0.5504,-0.0191,-3.354%,"6,083,179"
AMBO,Ambow Education Holding Ltd. American Depository Shares (each representing twenty (20) Class A Ordinary Shares),$2.12,UNCH,--,"6,063,883"
JWEL,Jowell Global Ltd. Ordinary Shares,$2.55,-0.06,-2.299%,"6,059,134"
KRKR,36Kr Holdings Inc. American Depositary Shares,$3.0599,UNCH,--,"6,039,661"
SNOA,"Sonoma Pharmaceuticals, Inc. Common Stock",$1.26,-0.01,-0.787%,"6,033,416"
GLXG,Galaxy Payroll Group Limited Class A Ordinary Shares,$1.01,-0.12,-10.619%,"6,021,130"
BNCWZ,CEA Industries Inc. Warrant,$0.1462,-0.0527,-26.496%,"6,019,617"
EVGN,Evogene Ltd Ordinary Shares,$0.38,-0.0357,-8.588%,"6,004,535"
HCAI,"Huachen AI Parking Management Technology Holding Co., Ltd. Class A Ordinary Shares",$0.549,0.0289,5.557%,"5,991,389"
BGMS,"Bio Green Med Solution, Inc. Common Stock",$0.9035,-0.0165,-1.793%,"5,983,694"
BTTC,Black Titan Corporation Ordinary Shares,$0.4338,-0.0643,-12.909%,"5,942,497"
CXAI,CXApp Inc. Class A Common Stock,$2.53,0.035,1.403%,"5,913,637"
GELS,Gelteq Limited Ordinary Shares,$0.5469,0.0009,0.165%,"5,857,878"
ORKT,Orangekloud Technology Inc. Class A Ordinary Shares,$1.00,-0.01,-0.99%,"5,839,770"
PULM,"Pulmatrix, Inc. Common Stock",$1.59,-0.02,-1.242%,"5,807,133"
CMCT,Creative Media & Community Trust Corporation Common stock,$1.97,-0.06,-2.956%,"5,806,561"
FBGL,FBS Global Limited Ordinary Shares,$4.30,0.461,12.008%,"5,805,000"
ILAG,Intelligent Living Application Group Inc. Ordinary Shares,$2.78,-0.12,-4.138%,"5,773,915"
MITQ,"Moving iMage Technologies, Inc. Common Stock",$0.5771,-0.0434,-6.994%,"5,736,993"
LIMN,"Liminatus Pharma, Inc. Class A Common Stock",$4.27,0.075,1.788%,"5,735,498"
GURE,"Gulf Resources, Inc. (NV) Common Stock",$3.15,-0.11,-3.374%,"5,712,623"
INLF,INLIF LIMITED Class A Ordinary Shares,$5.23,0.13,2.549%,"5,702,259"
JTAI,Jet.AI Inc. Common Stock,$1.60,0.04,2.564%,"5,692,034"
KAPA,"Kairos Pharma, Ltd. Common Stock",$1.68,-0.04,-2.326%,"5,687,443"
NWTG,"Newton Golf Company, Inc. Common Stock",$1.005,-0.035,-3.365%,"5,682,750"
ERNA,Ernexa Therapeutics Inc. Common Stock,$3.47,0.025,0.726%,"5,664,466"
NAMMW,Namib Minerals Warrants,$0.101,-0.055,-35.256%,"5,641,093"
NCI,Neo-Concept International Group Holdings Limited Class A Ordinary Shares,$2.38,-12.27,-83.754%,"5,626,991"
CDIO,Cardio Diagnostics Holdings Inc. Common stock,$1.8938,-0.0562,-2.882%,"5,604,642"
ICCM,IceCure Medical Ltd. Ordinary Shares,$1.63,-0.10,-5.78%,"5,584,991"
GP,GreenPower Motor Company Inc. Common Shares,$0.6299,0.039,6.60%,"5,537,957"
BMGL,Basel Medical Group Ltd Ordinary Shares,$3.47,-0.23,-6.216%,"5,489,925"
XTLB,XTL Biopharmaceuticals Ltd. American Depositary Shares,$2.23,0.0299,1.359%,"5,480,142"
INBS,Intelligent Bio Solutions Inc. Common Stock,$1.65,-0.05,-2.941%,"5,472,725"
TRIB,Trinity Biotech plc American Depositary Shares,$6.72,-0.04,-0.592%,"5,464,247"
XBIO,"Xenetic Biosciences, Inc. Common Stock",$2.33,-0.06,-2.51%,"5,459,612"
POLA,"Polar Power, Inc. Common Stock",$1.26,-0.05,-3.817%,"5,429,742"
DKI,DarkIris Inc. Class A Ordinary Shares,$2.60,-0.13,-4.762%,"5,401,383"
NCNA,NuCana plc American Depositary Share,$1.29,0.01,0.781%,"5,368,943"
HKPD,"Cellyan Biotechnology Co., Ltd Class A Ordinary Shares",$0.11,-0.0018,-1.61%,"5,334,995"
CRE,Cre8 Enterprise Limited Class A Ordinary Shares,$2.62,-0.20,-7.092%,"5,276,641"
SVRE,SaverOne 2014 Ltd. American Depositary Shares,$2.11,-0.04,-1.86%,"5,274,652"
GDC,GD Culture Group Limited Common Stock,$1.26,-0.10,-7.353%,"5,244,750"
POAS,Phaos Technology Holdings (Cayman) Limited Class A Ordinary Shares,$0.166,-0.002,-1.19%,"5,240,952"
AIDX,"20/20 Biolabs, Inc. Common Stock",$0.409,-0.0257,-5.912%,"5,223,054"
YCBD,"cbdMD, Inc. Common Stock",$0.4635,-0.0045,-0.962%,"5,193,538"
PCSA,"Processa Pharmaceuticals, Inc. Common Stock",$1.84,UNCH,--,"5,139,830"
MRM,MEDIROM Healthcare Technologies Inc. American Depositary Share,$0.6501,-0.09,-12.161%,"5,137,058"
YDKG,Yueda Digital Holding Class A Ordinary Share,$0.9167,0.0287,3.232%,"5,080,592"
NTCL,NETCLASS TECHNOLOGY INC Class A Ordinary Shares,$2.085,-0.035,-1.651%,"5,064,169"
TAOP,Taoping Inc. Ordinary Shares ,$0.5238,-0.0361,-6.448%,"5,003,748"
WHLRP,"Wheeler Real Estate Investment Trust, Inc. Class B Preferred Stock",$8.76,0.07,0.806%,"4,977,528"
WBUY,WEBUY GLOBAL LTD. Class A Ordinary Shares,$0.90,0.0679,8.16%,"4,932,994"
FCUV,Focus Universal Inc. Common Stock,$4.98,0.46,10.177%,"4,890,420"
AQB,"AquaBounty Technologies, Inc. Common Stock",$0.9485,-0.0015,-0.158%,"4,882,123"
EZGO,EZGO Technologies Ltd. Ordinary Shares,$0.9197,0.0097,1.066%,"4,879,835"
ONCO,"Onconetix, Inc. Common Stock",$1.11,0.08,7.767%,"4,862,379"
AMPGZ,"Amplitech Group, Inc. Series B Right",$0.1616,UNCH,--,"4,855,092"
CHNR,"China Natural Resources, Inc. Common Stock",$3.92,-0.16,-3.922%,"4,834,226"
VMAR,Vision Marine Technologies Inc. Common Shares,$7.40,-0.43,-5.492%,"4,832,540"
SNTG,Sentage Holdings Inc. Class A Ordinary Shares,$1.72,0.02,1.176%,"4,825,159"
SLDPW,"Solid Power, Inc. Warrant",$0.0211,-0.0009,-4.091%,"4,814,624"
CTNT,Cheetah Net Supply Chain Service Inc Class A Common Stock,$3.60,-1.1248,-23.806%,"4,800,229"
ADXN,Addex Therapeutics Ltd American Depositary Shares,$2.81,-0.84,-23.014%,"4,787,434"
CANF,"Can-Fite Biopharma Ltd American Depositary Shares, each representing two (2) Ordinary Shares",$2.23,0.068,3.145%,"4,777,880"
MNDR,Mobile-health Network Solutions Class A Ordinary Shares,$1.30,-0.06,-4.412%,"4,776,898"
RMSG,Real Messenger Corporation Ordinary Shares,$0.2949,0.0033,1.132%,"4,768,141"
ZNB,Zeta Network Group Class A Ordinary Shares,$1.29,-0.06,-4.444%,"4,740,817"
CNEY,CN Energy Group Inc. Class A Ordinary Shares,$0.5745,0.0141,2.516%,"4,712,800"
HYFM,"Hydrofarm Holdings Group, Inc. Common Stock",$0.973,-0.0002,-0.021%,"4,689,201"
OLB,"The OLB Group, Inc. Common Stock",$0.195,-0.0084,-4.13%,"4,686,421"
XELB,"Xcel Brands, Inc. Common Stock",$0.71,-0.08,-10.127%,"4,657,795"
GVH,Globavend Holdings Limited Ordinary Shares,$1.08,UNCH,--,"4,648,510"
DUKRW,DUKE Robotics Corp. Warrant,$1.35,UNCH,--,"4,625,070"
INTJ,Intelligent Group Limited Class A Ordinary Shares ,$3.00,0.30,11.111%,"4,612,494"
DPU,Top KingWin Ltd Class A Ordinary Shares,$1.53,-0.04,-2.548%,"4,598,993"
GRI,"GRI Bio, Inc. Common Stock",$2.10,0.05,2.439%,"4,590,842"
UZX,Linkage Global Inc. Class A Ordinary Shares,$1.37,-0.105,-7.119%,"4,570,608"
EHGO,Eshallgo Inc. Class A Ordinary Shares,$0.8204,-0.0615,-6.974%,"4,542,208"
SGLY,Singularity Future Technology Ltd. Common Stock,$0.8356,-0.0336,-3.866%,"4,515,405"
PMCB,"PharmaCyte  Biotech, Inc. Common Stock",$0.4199,-0.0211,-4.785%,"4,507,899"
DRMA,"Dermata Therapeutics, Inc. Common Stock",$1.12,-0.02,-1.754%,"4,504,800"
XPON,"Expion Energy, Inc. Common Stock",$4.44,-0.22,-4.721%,"4,495,491"
BRNX,BrenX Ltd. Ordinary Shares,$2.30,-0.19,-7.631%,"4,478,036"
MTR,Mesa Royalty Trust Common Stock,$2.40,-0.03,-1.235%,"4,472,616"
DBGI,"Digital Brands Group, Inc. Common Stock",$4.75,0.02,0.423%,"4,434,168"
LCFY,Locafy Limited Ordinary Share,$2.42,-0.16,-6.202%,"4,427,876"
EZRA,"Reliance Global Group, Inc. Common Stock",$2.62,-0.06,-2.239%,"4,401,432"
SXTP,"60 Degrees Pharmaceuticals, Inc. Common Stock",$1.25,0.08,6.838%,"4,396,235"
SDST,Stardust Power Inc. Common Stock,$0.1079,-0.0019,-1.73%,"4,378,261"
VIVK,"Vivakor, Inc. Common Stock",$0.5298,-0.0053,-0.99%,"4,335,685"
FAMI,"Farmmi, Inc. Class A Ordinary Shares",$0.1343,0.0011,0.826%,"4,300,149"
BJDX,"Bluejay Diagnostics, Inc. Common Stock",$0.9599,0.0386,4.19%,"4,288,882"
CHSN,Chanson International Holding Class A Ordinary Shares,$1.15,-0.02,-1.709%,"4,266,255"
DCOY,Decoy Therapeutics Inc. Common Stock,$2.31,-0.78,-25.243%,"4,249,520"
HIHO,Highway Holdings Limited Common Stock,$0.8964,-0.0134,-1.473%,"4,147,352"
OMH,Ohmyhome Limited Class A Ordinary Shares,$2.45,0.10,4.255%,"4,137,288"
FLDDW,"Fold Holdings, Inc. Warrant",$0.0754,-0.0146,-16.222%,"4,137,079"
NCRA,"Nocera, Inc. Common Stock",$1.72,-0.08,-4.444%,"4,086,975"
KUST,"Kustom Entertainment, Inc. Common Stock",$0.6267,-0.0023,-0.366%,"4,077,849"
ATXG,Addentax Group Corp. Common Stock,$3.41,-0.19,-5.278%,"4,016,891"
CVKD,"Cadrenal Therapeutics, Inc. Common Stock",$1.12,-0.03,-2.609%,"3,995,703"
YYAI,AiRWA Inc. Common Stock,$0.8647,0.0712,8.973%,"3,961,984"
FMFC,Kandal M Venture Limited Class A Ordinary Shares,$0.1857,-0.0101,-5.158%,"3,955,410"
IBG,Innovation Beverage Group Limited Ordinary Shares,$0.935,-0.0201,-2.104%,"3,946,188"
CLDI,"Calidi Biotherapeutics, Inc. Common Stock",$1.07,-0.06,-5.31%,"3,943,858"
GRRRW,Gorilla Technology Group Inc. Warrant,$0.1412,0.0102,7.786%,"3,919,355"
KTWOR,K2 Capital Acquisition Corporation Rights,$0.195,-0.001,-0.51%,"3,908,026"
TRNR,Interactive Strength Inc. Common Stock,$2.41,-0.0001,-0.004%,"3,903,482"
BOXL,Boxlight Corporation Class A Common Stock,$4.595,-0.215,-4.47%,"3,880,680"
ELAB,PMGC Holdings Inc. Common Stock,$4.78,0.21,4.595%,"3,869,788"
EJH,E-Home Household Service Holdings Limited Ordinary Shares,$1.2089,-0.0105,-0.861%,"3,868,666"
MBIO,"Mustang Bio, Inc. Common Stock",$0.5069,-0.0135,-2.594%,"3,841,038"
CHR,"Cheer Holding, Inc. Class A Ordinary Share",$1.635,-0.025,-1.506%,"3,834,816"
BGLC,BioNexus Gene Lab Corp Common stock,$1.30,-0.09,-6.475%,"3,813,475"
PAVS,Paranovus Entertainment Technology Ltd. Class A Ordinary Shares,$4.38,-0.05,-1.129%,"3,809,014"
MKZR,"MacKenzie Realty Capital, Inc. Common Stock",$1.37,0.03,2.239%,"3,801,323"
ADGM,"Adagio Medical Holdings, Inc Common Stock",$0.1707,-0.0243,-12.462%,"3,791,325"
EOCN,Eocene Ltd. Ordinary Shares,$3.63,UNCH,--,"3,780,881"
SCKT,"Socket Mobile, Inc. Common Stock",$0.4515,-0.0309,-6.405%,"3,743,694"
WLDS,Wearable Devices Ltd. Ordinary Share,$1.52,0.04,2.703%,"3,738,806"
IVDA,"Iveda Solutions, Inc. Common Stock",$0.2983,-0.0056,-1.843%,"3,734,426"
ABTS,Abits Group Inc Ordinary Shares,$1.16,-0.02,-1.695%,"3,728,756"
GBR,"New Concept Energy, Inc Common Stock",$0.7182,0.028,4.057%,"3,685,755"
VIVS,"VivoSim Labs, Inc. Common Stock",$0.2202,-0.0038,-1.696%,"3,652,346"
CDTG,CDT Environmental Technology Investment Holdings Limited ordinary shares,$1.20,-0.03,-2.439%,"3,625,200"
MLEC,Moolec Science SA Ordinary Shares,$4.93,-0.6699,-11.963%,"3,579,762"
TOPS,"TOP Ships, Inc. Common Stock",$0.641,-0.0391,-5.749%,"3,552,210"
NXL,"Nexalin Technology, Inc. Common Stock",$4.27,-0.12,-2.733%,"3,541,538"
DXST,Decent Holding Inc Class A Ordinary Shares,$1.95,-0.16,-7.583%,"3,539,500"
AGMH,AGM Group Holdings Inc. Class A Ordinary Shares,$0.7368,-0.0322,-4.187%,"3,533,969"
SBFM,Sunshine Biopharma Inc. Common Stock,$0.8179,-0.0247,-2.931%,"3,525,395"
FRSX,Foresight Autonomous Holdings Ltd. American Depositary Shares,$1.18,0.03,2.609%,"3,516,768"
FGL,Founder Group Limited Class A Ordinary Shares,$4.22,-0.11,-2.54%,"3,505,533"
MGN,Megan Holdings Limited Class A Ordinary Shares,$3.78,-0.20,-5.025%,"3,496,500"
ICON,Icon Energy Corp. Common stock,$0.9299,-0.0701,-7.01%,"3,495,786"
CETX,Cemtrex Inc. Common Stock,$2.03,UNCH,--,"3,493,916"
GOVX,"GeoVax Labs, Inc. Common Stock",$0.3457,-0.0053,-1.51%,"3,492,563"
VBIO,"Valion Bio, Inc. Common Stock",$2.70,-0.33,-10.891%,"3,471,188"
CAPS,Capstone Holding Corp. Common Stock,$0.159,-0.0044,-2.693%,"3,458,250"
APVO,Aptevo Therapeutics Inc. Common Stock,$1.91,0.02,1.058%,"3,441,763"
SNES,"SenesTech, Inc. Common Stock",$0.6321,-0.0819,-11.471%,"3,428,221"
CYAB,"Cyabra, Inc. Common Stock",$0.1946,-0.0226,-10.405%,"3,424,390"
REVB,"Revelation Biosciences, Inc. Common Stock",$0.8593,-0.0109,-1.253%,"3,422,949"
PPCB,"Propanc Biopharma, Inc. Common Stock",$0.5334,-0.0969,-15.374%,"3,377,017"
RIME,"Algorhythm Holdings, Inc. Common Stock",$0.1599,0.0091,6.034%,"3,368,525"
STLNW,"Starling Oncology, Inc. Warrant",$0.0328,-0.0069,-17.38%,"3,342,849"
HCWB,HCW Biologics Inc. Common Stock,$1.82,-0.11,-5.699%,"3,342,110"
TNMG,TNL Mediagene Ordinary Shares,$4.39,UNCH,--,"3,338,915"
TOPP,Toppoint Holdings Inc. Common Stock,$0.135,-0.0032,-2.315%,"3,334,500"
SXTC,"China SXT Pharmaceuticals, Inc. Class A Ordinary Shares",$2.52,-0.05,-1.946%,"3,330,120"
JUNS,"Jupiter Neurosciences, Inc. Common Stock",$2.51,-0.16,-5.993%,"3,309,488"
EXYNW,"Exyn Technologies, Inc. Warrant",$0.41,0.09,28.125%,"3,261,122"
HTCR,"Heartcore Enterprises, Inc. Common Stock",$2.12,-0.0157,-0.735%,"3,212,495"
TRUG,"TruGolf Holdings, Inc. Class A Common Stock",$0.2658,-0.0185,-6.507%,"3,212,223"
BRTX,"BioRestorative Therapies, Inc. Common Stock (NV)",$2.31,-0.24,-9.412%,"3,190,406"
RBNE,Robin Energy Ltd. Common Stock,$2.3581,-0.0119,-0.502%,"3,141,690"
NXAT,Nexus Advanced Technologies Inc. Ordinary Shares,$1.1525,-0.0175,-1.496%,"3,123,567"
VRAX,Virax Biolabs Group Limited Ordinary Shares,$2.3144,-0.0806,-3.365%,"3,112,840"
XRTX,XORTX Therapeutics Inc. Common Shares,$1.71,0.02,1.183%,"3,106,326"
RDHL,Redhill Biopharma Ltd. American Depositary Shares,$0.5055,0.0055,1.10%,"3,073,905"
NCT,Intercont (Cayman) Limited Class A Ordinary shares,$2.50,-1.93,-43.567%,"3,060,270"
ISPC,iSpecimen Inc. Common Stock,$1.21,-0.05,-3.968%,"3,047,494"
MASK,3 E Network Technology Group Ltd Class A Ordinary Shares,$0.8378,-0.0352,-4.032%,"3,032,069"
IZM,ICZOOM Group Inc. Class A Ordinary Shares,$1.26,-0.03,-2.326%,"3,028,564"
LXEH,"Lixiang Education Holding Co., Ltd. American Depositary Shares",$1.58,-0.10,-5.952%,"3,028,334"
SGRX,SANGRIX INC. Class A Ordinary Shares,$1.56,0.12,8.333%,"2,968,646"
PRFX,PRF Technologies Ltd. Ordinary Shares,$0.9717,-0.005,-0.512%,"2,955,746"
TNON,"Tenon Medical, Inc. Common Stock",$2.86,-0.27,-8.626%,"2,953,173"
RDGT,"Ridgetech, Inc. Ordinary Shares",$0.8061,-0.0239,-2.88%,"2,925,772"
TGL,Treasure Global Inc. Common Stock,$1.49,-0.64,-30.047%,"2,912,700"
SILO,"Silo Pharma, Inc. Common Stock",$1.65,-0.10,-5.714%,"2,892,863"
GIPR,Generation Income Properties Inc. Common Stock,$0.404,-0.026,-6.047%,"2,873,450"
OCG,Oriental Culture Holding LTD Ordinary Shares,$1.48,-0.01,-0.671%,"2,868,702"
SPRC,SciSparc Ltd. Ordinary Shares,$4.91,-0.30,-5.758%,"2,852,577"
BDRX,Biodexa Pharmaceuticals plc American Depositary Shs,$0.6796,0.0036,0.533%,"2,850,186"
BFRGW,"Bullfrog AI Holdings, Inc. Warrants",$0.1535,-0.0365,-19.211%,"2,846,143"
ELPW,Elong Power Holding Limited Class A Ordinary Shares,$3.03,-0.16,-5.016%,"2,824,230"
VTAK,"Catheter Precision, Inc. Common Stock",$0.1467,-0.007,-4.554%,"2,783,200"
NUWE,"Nuwellis, Inc. Common Stock",$0.7602,-0.0156,-2.011%,"2,772,650"
SDSTW,Stardust Power Inc. Warrant,$0.0677,UNCH,--,"2,747,064"
SLXN,Silexion Therapeutics Corp Ordinary Shares,$0.2484,-0.0119,-4.572%,"2,741,528"
LABT,Lakewood-Amedex Biotherapeutics Inc. Common Stock,$1.15,-0.52,-31.138%,"2,725,141"
VVOS,"Vivos Therapeutics, Inc. Common Stock",$0.1341,-0.0066,-4.691%,"2,697,827"
VSME,VS Media Holdings Limited Class A Ordinary Shares,$0.98,-0.02,-2.00%,"2,695,768"
RUBI,Rubico Inc. Common Stock,$1.13,UNCH,--,"2,685,646"
ONFO,Onfolio Holdings Inc. Common Stock,$1.06,0.15,16.484%,"2,649,203"
AMZE,"Amaze Holdings, Inc. Common Stock",$0.1267,-0.0093,-6.838%,"2,638,422"
CIIT,"Tianci International, Inc. Common Stock",$2.715,-0.035,-1.273%,"2,626,467"
TCRT,"Alaunos Therapeutics, Inc. Common Stock",$1.02,-0.07,-6.422%,"2,597,599"
IPDN,"Professional Diversity Network, Inc. Common Stock",$3.89,-0.61,-13.556%,"2,590,005"
JEM,707 Cayman Holdings Limited Ordinary Shares,$3.69,-0.10,-2.639%,"2,565,808"
PW,Power REIT (MD) Common Stock,$6.90,-0.16,-2.266%,"2,533,128"
ARBEW,Arbe Robotics Ltd. Warrant,$0.0198,0.0152,330.435%,"2,522,600"
ASPSW,Altisource Portfolio Solutions S.A. Net Settle Stakeholder Warrants,$0.22,0.02,10.00%,"2,512,445"
XAIR,"Beyond Air, Inc. Common Stock",$2.59,-0.26,-9.123%,"2,480,264"
MTNB,"Matinas Biopharma Holdings, Inc. Common Stock",$2.53,0.13,5.417%,"2,478,186"
PMAX,Powell Max Limited Class A Ordinary Shares,$1.26,-0.36,-22.222%,"2,472,076"
IPST,"IP Strategy Holdings, Inc. Common Stock",$3.42,-0.29,-7.817%,"2,467,797"
IMCC,IM Cannabis Corp. Common Shares,$2.48,-0.36,-12.676%,"2,461,385"
PWCM,"PowerCompute, Inc. Common Stock",$1.01,-0.07,-6.481%,"2,445,687"
GMEX,GMEX ROBOTICS CORPORATION Class A Ordinary Shares,$3.24,-0.0504,-1.532%,"2,438,187"
PPBT,Purple Biotech Ltd. American Depositary Shares,$1.49,-0.02,-1.325%,"2,424,032"
BKYI,"BIO-key International, Inc. Common Stock",$1.68,-0.11,-6.145%,"2,413,058"
ITP,"IT Tech Packaging, Inc. Common Stock",$0.142,-0.0135,-8.682%,"2,409,090"
BIVIW,BioVie Inc. Warrant,$0.28,-0.02,-6.667%,"2,366,321"
EDBL,Edible Garden AG Incorporated Common Stock,$1.21,-0.03,-2.419%,"2,361,326"
ARTL,"Artelo Biosciences, Inc. Common Stock",$4.30,-0.24,-5.286%,"2,355,428"
IVF,"INVO Fertility, Inc. Common Stock",$0.9336,-0.0111,-1.175%,"2,340,506"
FLYE,"Fly-E Group, Inc. Common Stock",$1.43,0.02,1.418%,"2,334,312"
WHLR,"Wheeler Real Estate Investment Trust, Inc. Common Stock",$4.09,-1.11,-21.346%,"2,323,983"
GSUN,Golden Sun Technology Group Limited Class A Ordinary Shares,$0.23,0.001,0.437%,"2,306,640"
GNPX,"Genprex, Inc. Common Stock",$2.81,-0.48,-14.59%,"2,303,382"
RMCOW,Royalty Management Holding Corporation Warrant,$0.15,-0.006,-3.846%,"2,275,906"
CSAI,"Cloudastructure, Inc. Class A Common Stock",$2.61,-0.92,-26.062%,"2,264,102"
KITT,"Nauticus Robotics, Inc. Common stock",$1.81,-0.51,-21.983%,"2,254,042"
LESL,"Leslie's, Inc. Common Stock",$0.2392,-0.0531,-18.166%,"2,240,222"
RAINW,"Rain Enhancement Technologies Holdco, Inc. Warrants",$0.1899,-0.0001,-0.053%,"2,222,599"
CHGA,Change Agents Corporation Common Stock,$1.98,-0.12,-5.714%,"2,218,028"
KIDZ,KIDZ AI Inc. Class B Common Stock,$2.57,0.07,2.80%,"2,211,940"
ATPC,Agape ATP Corporation Common Stock,$2.20,-0.04,-1.786%,"2,201,377"
CDT,CDT Equity Inc. Common Stock,$0.076,-0.004,-5.00%,"2,136,579"
NXTS,Nexentis Technologies Inc. Common Stock,$1.465,-0.005,-0.34%,"2,129,133"
OGEN,Oragenics Inc. Common Stock,$0.4716,-0.0162,-3.321%,"2,127,839"
VCIG,VCI Global Limited Ordinary Share,$1.625,-0.075,-4.412%,"2,058,056"
HUBC,Hub Cyber Security Ltd. Ordinary Shares,$1.49,-0.41,-21.579%,"1,992,199"
SCNI,Scinai Immunotherapeutics Ltd. American Depositary Shares,$1.47,-0.08,-5.161%,"1,989,245"
SQFT,"Presidio Property Trust, Inc. Class A Common Stock",$1.34,-0.16,-10.667%,"1,922,139"
BETRW,Better Home & Finance Holding Company Warrant,$0.10,-0.04,-28.571%,"1,899,858"
RAYA,Erayak Power Solution Group Inc. Class A Ordinary Shares,$1.80,-0.12,-6.25%,"1,898,478"
AIIOW,Robo.ai Inc. Warrant,$0.0159,0.0019,13.571%,"1,892,666"
GNLN,"Greenlane Holdings, Inc. Class A Common Stock",$2.71,-0.36,-11.726%,"1,882,214"
STKH,Steakholder Foods Ltd. American Depositary Shares,$1.63,-0.09,-5.233%,"1,815,215"
SMTK,"SmartKem, Inc. Common Stock",$1.75,-0.07,-3.846%,"1,812,648"
ZEOWW,Zeo Energy Corporation Warrants,$0.0291,-0.0015,-4.902%,"1,809,540"
WETO,Wetour Robotics Limited Ordinary Shares,$1.67,-0.04,-2.339%,"1,799,928"
ONMDW,OneMedNet Corp Warrant,$0.0295,UNCH,--,"1,748,950"
CRIS,"Curis, Inc. Common Stock",$0.8314,0.0015,0.181%,"1,737,690"
NXGL,"NexGel, Inc Common Stock",$0.178,0.004,2.299%,"1,735,084"
YHC,LQR House Inc. Common Stock,$1.31,0.01,0.769%,"1,708,053"
BCTXZ,BriaCell Therapeutics Corp. Warrant expiring 2030,$0.195,0.0397,25.563%,"1,696,458"
CMND,Clearmind Medicine Inc. Common Shares,$0.7877,-0.0153,-1.905%,"1,689,783"
IMTE,Integrated Media Technology Limited Ordinary Shares,$0.48,-0.02,-4.00%,"1,654,288"
ASPSZ,Altisource Portfolio Solutions S.A. Cash Exercise Stakeholder Warrants,$0.142,0.002,1.429%,"1,621,669"
DXF,"Eason Technology Limited American Depositary Shares (each representing sixty-thousand (60,000) Ordinary Shares)",$0.4901,-0.0364,-6.914%,"1,585,942"
MOBXW,"Mobix Labs, Inc Warrants",$0.0883,0.0083,10.375%,"1,585,166"
SSM,Sono Group N.V. Ordinary Shares,$1.10,-0.02,-1.786%,"1,567,317"
CISS,C3is Inc. Common Stock,$1.04,-0.07,-6.306%,"1,547,489"
AKAN,Akanda Corp. Common Shares,$2.825,-0.225,-7.377%,"1,527,876"
GCTK,"GlucoTrack, Inc. Common Stock",$1.80,-0.02,-1.099%,"1,527,532"
LNKS,Linkers Industries Limited Class A Ordinary Shares,$0.9302,-0.0404,-4.162%,"1,494,471"
IPW,iPower Inc. Common Stock,$1.26,0.01,0.80%,"1,468,211"
CRGOW,Freightos Limited Warrants,$0.0279,-0.0025,-8.224%,"1,452,850"
FUSEW,Fusemachines Inc. Warrants,$0.05,0.0099,24.688%,"1,449,265"
LRHC,La Rosa Holdings Corp. Common Stock,$2.53,-0.07,-2.692%,"1,441,187"
LBGJ,Li Bang International Corporation Class A Ordinary Shares,$2.00,-0.11,-5.213%,"1,420,852"
MSS,Maison Solutions Inc. Class A Common Stock,$1.66,0.04,2.469%,"1,419,863"
PGYWW,Pagaya Technologies Ltd. Warrants,$0.0167,UNCH,--,"1,393,212"
OLOX,Olenox Industries Inc. Common Stock,$0.835,-0.0299,-3.457%,"1,385,555"
UK,Ucommune International Ltd Class A Ordinary Shares,$2.03,-0.07,-3.333%,"1,376,241"
BBLG,Bone Biologics Corp Common Stock,$0.4963,0.0003,0.06%,"1,367,831"
MYSZ,"My Size, Inc. Common Stock",$1.63,-0.09,-5.233%,"1,364,202"
HLSQ,Tessera Defense and Homeland Security Inc. Common Stock,$0.4751,-0.0529,-10.019%,"1,358,786"
SHFS,"SHF Holdings, Inc. Class A Common Stock",$0.1091,-0.0481,-30.598%,"1,345,525"
OXBRW,Oxbridge Re Holdings Limited Warrant expiring 3/26/2029,$0.1596,UNCH,--,"1,298,917"
FCHL,Fitness Champs Holdings Limited Common Stock,$0.98,-0.02,-2.00%,"1,292,367"
SABSW,"SAB Biotherapeutics, Inc. Warrant",$0.014,-0.0006,-4.11%,"1,273,809"
SUGP,SU Group Holdings Limited Class A Ordinary Shares,$0.5297,-0.0261,-4.696%,"1,232,347"
DRCT,"Direct Digital Holdings, Inc. Class A Common Stock",$1.52,-0.05,-3.185%,"1,220,145"
BGLWW,Blue Gold Limited Warrant,$0.0298,-0.0032,-9.697%,"1,216,966"
SKYAW,"SkyAI, Inc. Warrant",$0.0281,UNCH,--,"1,215,255"
MI,NFT Limited Class A Ordinary Share,$2.37,0.10,4.405%,"1,210,428"
EDVA,"Endovia Health Sciences, Inc. Common Stock",$0.1867,-0.0054,-2.811%,"1,197,218"
BCGWW,"Binah Capital Group, Inc. Warrants",$0.0675,-0.005,-6.897%,"1,151,559"
MNYWW,MoneyHero Limited Warrants,$0.0255,-0.0029,-10.211%,"1,133,047"
HAO,Haoxi Health Technology Limited Class A Ordinary Shares,$2.89,-0.01,-0.345%,"1,058,104"
JZ,Jianzhi Education Technology Group Company Limited American Depositary Shs,$0.4304,-0.0238,-5.24%,"1,036,538"
ASTLW,Algoma Steel Group Inc. Warrant,$0.0098,0.0048,96.00%,"1,032,808"
PFSA,"Profusa, Inc. Common Stock",$1.69,-0.49,-22.477%,"1,023,543"
ABLVW,Able View Global Inc. Warrant,$0.0185,0.0007,3.933%,"1,021,585"
LGCL,Lucas GC Limited Class A Ordinary Shares,$2.89,-0.08,-2.694%,"989,313"
VGASW,"Verde Clean Fuels, Inc. Warrant",$0.022,0.0042,23.596%,"980,092"
HOLOW,MicroCloud Hologram Inc. Warrant,$0.04,UNCH,--,"916,494"
NEXR,Nexera Technologies Ltd Ordinary Shares,$1.55,0.06,4.027%,"864,069"
BRLSW,Borealis Foods Inc. Warrant,$0.0401,-0.0195,-32.718%,"860,679"
NIVF,NewGenIvf Group Limited Class A Ordinary Shares,$0.3448,-0.2153,-38.44%,"833,530"
ILLRW,Triller Group Inc. Warrant,$0.0391,UNCH,--,"801,057"
AIMDW,"Ainos, Inc. Warrants",$0.0879,UNCH,--,"751,024"
SCLXW,Scilex Holding Company Warrant,$0.088,UNCH,--,"747,384"
RKDA,"Arcadia Biosciences, Inc. Common Stock",$0.308,0.0004,0.13%,"742,037"
MRNOW,Murano Global Investments PLC Warrants,$0.0089,0.0037,71.154%,"705,262"
XXII,"22nd Century Group, Inc. Common Stock",$0.9547,-0.3753,-28.218%,"681,650"
WALDW,Waldencast plc Warrant ,$0.005,0.0012,31.579%,"643,005"
XBPEW,"XBP Europe Holdings, Inc. Warrant",$0.04,-0.0001,-0.249%,"566,263"
BZFDW,"BuzzFeed, Inc. Warrant",$0.0065,0.0009,16.071%,"552,726"
RMSGW,Real Messenger Corporation Warrants,$0.0322,UNCH,--,"520,631"
BNCWW,CEA Industries Inc. Warrant,$0.0124,UNCH,--,"510,556"
COOTW,Australian Oilseeds Holdings Limited Warrant,$0.0166,0.0035,26.718%,"499,139"
MTEKW,Maris-Tech Ltd. Warrants,$0.05,-0.01,-16.667%,"484,931"
BEATW,"Heartbeam, Inc. Warrant",$0.007,UNCH,--,"394,444"
TVGNW,Tevogen Inc. Warrant,$0.0601,-0.0049,-7.538%,"391,344"
HPAIW,Helport AI Limited Warrants,$0.01,-0.0099,-49.749%,"376,469"
BNAIW,Brand Engagement Network Inc. Warrant,$0.0501,-0.0149,-22.923%,"375,910"
CDTTW,CDT Equity Inc. Warrant,$0.0117,UNCH,--,"328,921"
BTBDW,"BT Brands, Inc. Warrant",$0.0499,0.01,25.063%,"308,618"
BIAFW,"bioAffinity Technologies, Inc. Warrant",$0.26,-0.06,-18.75%,"303,323"
DFLIW,Dragonfly Energy Holdings Corp. Warrant,$0.0197,-0.0001,-0.505%,"295,082"
LGHL,Lion Group Holding Ltd. American Depositary Share,$5.78,-1.52,-20.822%,"266,712"
GFAIW,"Guardforce AI Co., Limited Warrant",$0.0074,-0.0006,-7.50%,"232,311"
SWVLW,Swvl Holdings Corp Warrant,$0.0072,0.0001,1.408%,"215,998"
HSCSW,HeartSciences Inc. Warrant,$0.0437,UNCH,--,"211,679"
NVNIW,Nvni Group Limited Warrants,$0.018,0.0017,10.429%,"210,458"
AIXI,XIAO-I Corporation American Depositary Shares,$1.60,-0.12,-6.977%,"210,421"
BFRIW,Biofrontera Inc. Warrants,$0.0135,-0.0065,-32.50%,"200,507"
FRGT,"Freight Technologies, Inc. Ordinary Shares",$0.33,-0.02,-5.714%,"188,801"
LNZAW,"LanzaTech Global, Inc. Warrant",$0.0139,0.0037,36.275%,"181,939"
DFNSW,T3 Defense Inc. Warrants,$0.0596,-0.0004,-0.667%,"169,282"
SHFSW,"SHF Holdings, Inc. Warrants",$0.0124,0.0031,33.333%,"152,929"
BENFW,Beneficient Warrant,$0.0086,-0.0023,-21.101%,"132,919"
VWAVW,"VisionWave Holdings, Inc. Warrant",$0.0546,-0.0007,-1.266%,"129,608"
NXGLW,"NexGel, Inc Warrant",$0.0122,-0.0002,-1.613%,"118,921"
SLXNW,Silexion Therapeutics Corp Warrant,$0.0099,UNCH,--,"109,264"
FGIWW,FGI Industries Ltd. Warrant,$0.0544,-0.0349,-39.082%,"105,061"
PBMWW,Psyence Biomedical Ltd. Warrant,$0.0237,-0.0059,-19.932%,"90,400"
AMODW,"Alpha Modus Holdings, Inc. Warrant",$0.0179,UNCH,--,"89,254"
CINGW,Cingulate Inc. Warrants,$0.006,UNCH,--,"87,251"
EUDAW,EUDA Health Holdings Limited Warrant,$0.0288,UNCH,--,"86,237"
CXAIW,CXApp Inc. Warrant,$0.0339,0.0002,0.593%,"79,238"
NRSNW,NeuroSense Therapeutics Ltd. Warrant,$0.0401,UNCH,--,"76,066"
ACONW,"Aclarion, Inc. Warrant",$0.0256,-0.0001,-0.389%,"73,789"
VEEAW,Veea Inc. Warrant,$0.0235,-0.0065,-21.667%,"73,102"
ANGHW,Anghami Inc. Warrants,$0.0076,UNCH,--,"68,893"
ICUCW,SeaStar Medical Holding Corporation Warrant,$0.0154,UNCH,--,"67,865"
DSYWW,Big Tree Cloud Holdings Limited Warrants,$0.0141,UNCH,--,"67,001"
SWAGW,"Stran & Company, Inc. Warrant",$0.0032,-0.0012,-27.273%,"59,647"
EDBLW,Edible Garden AG Incorporated Warrant,$0.0295,-0.0018,-5.751%,"57,570"
MSAIW,"MultiSensor AI Holdings, Inc. Warrant",$0.0244,UNCH,--,"53,818"
SAIHW,SAIHEAT Limited Warrant,$0.0297,-0.0001,-0.336%,"53,768"
CYCUW,"Cycurion, Inc. Warrant",$0.0161,-0.0161,-50.00%,"52,004"
GGROW,Gogoro Inc. Warrant,$0.0023,-0.0026,-53.061%,"47,416"
NIVFW,NewGenIvf Group Limited Warrants,$0.0193,UNCH,--,"46,656"
PIIIW,P3 Health Partners Inc. Warrant,$0.0063,UNCH,--,"45,744"
ONFOW,Onfolio Holdings Inc. Warrant,$0.0175,0.0033,23.239%,"43,737"
PARAW,"Banzai International, Inc. Warrant",$0.0112,-0.0001,-0.885%,"39,771"
APLMW,Apollomics Inc. Warrant,$0.0116,UNCH,--,"33,594"
CDIOW,Cardio Diagnostics Holdings Inc. Warrant,$0.01,UNCH,--,"29,595"
NXATW,Nexus Advanced Technologies Inc. Warrant,$0.0103,-0.0029,-21.97%,"27,916"
RVSNW,Rail Vision Ltd. Warrant,$0.0121,-0.0009,-6.923%,"26,525"
DAICW,"CID HoldCo, Inc. Warrants",$0.0081,-0.0019,-19.00%,"18,936"
ASBPW,"Aspire-Lakewood Holdings, Inc. Warrant",$0.0133,-0.0065,-32.828%,"18,654"
REVBW,"Revelation Biosciences, Inc. Warrant",$0.0045,-0.0005,-10.00%,"17,925"
KITTW,"Nauticus Robotics, Inc. Warrant",$0.0125,0.0015,13.636%,"15,567"
HUBCZ,Hub Cyber Security Ltd. Warrant ,$0.0116,UNCH,--,"15,510"
SQFTW,"Presidio Property Trust, Inc. Series A Common Stock Purchase Warrants",$0.0101,-0.0021,-17.213%,"14,488"
SMXWW,SMX (Security Matters) Public Limited Company Warrant,$0.0133,-0.0029,-17.901%,"14,478"
HUBCW,Hub Cyber Security Ltd. Warrant 2/27/28,$0.0095,0.0004,4.396%,"12,702"
NEXRW,Nexera Technologies Ltd Warrant,$0.0191,-0.0003,-1.546%,"10,648"
LTRYW,Sports Entertainment Gaming Global Corporation Warrants,$0.0031,0.0002,6.897%,"10,104"
MLECW,Moolec Science SA Warrant,$0.0134,-0.0017,-11.258%,"9,730"
KIDZW,KIDZ AI Inc. Warrants,$0.0091,0.0001,1.111%,"7,832"
TNONW,"Tenon Medical, Inc. Warrant",$0.0059,-0.0001,-1.667%,"6,092"
AACI,Armada Acquisition Corp. III Class A Ordinary Share,$10.048,-0.002,-0.02%,NA
AACIW,Armada Acquisition Corp. III Warrant,$0.25,UNCH,--,NA
AACO,Abony Acquisition Corp. I Class A Ordinary Share,$10.00,UNCH,--,NA
AACOW,Abony Acquisition Corp. I Warrants,$0.40,-0.035,-8.046%,NA
AACP,Apogee Acquisition Corp Class A Ordinary Shares,$10.08,-0.02,-0.198%,NA
AACPR,Apogee Acquisition Corp Rights,$0.1799,0.0038,2.158%,NA
AACPW,Apogee Acquisition Corp Warrant,$0.0725,0.0025,3.571%,NA
ABR^D,"Arbor Realty Trust 6.375% Series D Cumulative Redeemable Preferred Stock, Liquidation Preference $25.00 per Share",$14.74,-0.24,-1.602%,NA
ABR^E,Arbor Realty Trust 6.25% Series E Cumulative Redeemable Preferred Stock,$14.54,-0.25,-1.69%,NA
ABR^F,"Arbor Realty Trust 6.25% Series F Fixed-to-Floating Rate Cumulative Redeemable Preferred Stock, Liquidation Preference $25.00 per share",$20.98,-0.06,-0.285%,NA
ACAA,Averin Capital Acquisition Corp. Class A Ordinary Shares,$10.00,UNCH,--,NA
ACGC,ACP Holdings Acquisition Corp. Class A Ordinary Shares,$10.059,0.008,0.08%,NA
ACGCW,ACP Holdings Acquisition Corp. Warrants,$0.45,0.02,4.651%,NA
ACP,abrdn Income Credit Strategies Fund Common Shares,$4.41,-0.07,-1.563%,NA
ACP^A,abrdn Income Credit Strategies Fund 5.250% Series A Perpetual Preferred Stock,$18.05,-0.325,-1.769%,NA
ACR^C,ACRES Commercial Realty Corp. 8.625% Fixed-to-Floating Series C Cumulative Redeemable Preferred Stock ,$23.47,-0.2697,-1.136%,NA
ACR^D,ACRES Commercial Realty Corp. 7.875% Series D Cumulative Redeemable Preferred Stock,$18.31,-0.04,-0.218%,NA
ADAC,American Drive Acquisition Company Class A Ordinary Shares,$10.12,UNCH,--,NA
ADAMG,"Adamas Trust, Inc. 9.125% Senior Notes Due 2030",$24.98,-0.015,-0.06%,NA
ADAMH,"Adamas Trust, Inc. 9.875% Senior Notes Due 2030",$25.09,-0.009,-0.036%,NA
ADAMK,"Adamas Trust, Inc. 9.600% Senior Notes Due 2031 ",$24.98,-0.07,-0.279%,NA
ADAMO,"Adamas Trust, Inc. 9.250% Senior Notes Due 2031",$24.565,-0.136,-0.551%,NA
ADC^A,"Agree Realty Corporation Depositary Shares, each representing 1/1,000th of a 4.250% Series A Cumulative Redeemable Preferred Stock",$15.435,-0.095,-0.612%,NA
ADX,Adams Diversified Equity Fund Inc.,$25.76,-0.22,-0.847%,NA
AEAQ,Activate Energy Acquisition Corp. Class A Ordinary Share,$10.08,UNCH,--,NA
AEFC,Aegon Funding Company LLC 5.10% Subordinated Notes due 2049,$17.73,-0.12,-0.672%,NA
AESP,Aeon Acquisition I Corp. Class A Ordinary Shares,$9.97,UNCH,--,NA
AESPW,Aeon Acquisition I Corp. Warrants,$0.06,UNCH,--,NA
AEXA,American Exceptionalism Acquisition Corp. A Class A Ordinary Shares,$11.15,-0.01,-0.09%,NA
AFB,AllianceBernstein National Municipal Income Fund Inc,$9.49,-0.26,-2.667%,NA
AFJK,"Aimei Health Technology Co., Ltd Ordinary Share",$12.30,0.11,0.902%,NA
AFJKU,"Aimei Health Technology Co., Ltd Unit",$13.09,0.09,0.692%,NA
AGD,abrdn Global Dynamic Dividend Fund Common Shares of Beneficial Interest,$11.55,-0.28,-2.367%,NA
AGM^D,"Federal Agricultural Mortgage Corporation 5.700% Non-Cumulative Preferred Stock, Series D",$20.52,0.44,2.191%,NA
AGM^E,"Federal Agricultural Mortgage Corporation 5.750% Non-Cumulative Preferred Stock, Series E",$19.90,-0.07,-0.351%,NA
AGM^F,"Federal Agricultural Mortgage Corporation 5.250% Non-Cumulative Preferred Stock, Series F",$18.29,0.041,0.225%,NA
AGM^G,"Federal Agricultural Mortgage Corporation 4.875% Non-Cumulative Preferred Stock, Series G",$16.98,-0.08,-0.469%,NA
AGM^H,"Federal Agricultural Mortgage Corporation 6.500% Non-Cumulative Preferred Stock, Series H",$21.91,0.11,0.505%,NA
AGM^I,"Federal Agricultural Mortgage Corporation 6.875% Non-Cumulative Preferred Stock, Series I",$24.15,0.13,0.541%,NA
AGRZ,Agroz Inc. Class A Ordinary Shares,$0.189,-0.0013,-0.683%,NA
AHL^D,Aspen Insurance Holdings Limited 5.625% Perpetual Non-Cumulative Preference Shares,$17.60,-0.19,-1.068%,NA
AHL^E,"Aspen Insurance Holdings Limited Depositary Shares, each representing a 1/1000th interest in a share of 5.625% Perpetual Non-Cumulative Preference Shares",$17.48,-0.03,-0.171%,NA
AHL^F,"Aspen Insurance Holdings Limited Depositary Shares, each representing a 1/1,000th Interest in a 7.00% Perpetual Non-Cumulative Preference Share",$22.34,-0.335,-1.477%,NA
AHRT^A,"AH Realty Trust, Inc. 6.75% Series A Cumulative Redeemable Perpetual Preferred Stock",$20.3529,0.2329,1.158%,NA
AHT^D,Ashford Hospitality Trust Inc 8.45% Series D Cumulative Preferred Stock,$4.625,-0.5418,-10.486%,NA
AHT^F,Ashford Hospitality Trust Inc 7.375% Series F Cumulative Preferred Stock,$4.4357,-0.5643,-11.286%,NA
AHT^G,Ashford Hospitality Trust Inc 7.375% Series G Cumulative Preferred Stock,$4.42,-0.11,-2.428%,NA
AHT^H,Ashford Hospitality Trust Inc 7.50% Series H Cumulative Preferred Stock,$4.44,-0.1871,-4.044%,NA
AHT^I,Ashford Hospitality Trust Inc 7.50% Series I Cumulative Preferred Stock,$4.171,-0.479,-10.301%,NA
AIIA,AI Infrastructure Acquisition Corp. Class A Ordinary Shares,$10.27,0.01,0.097%,NA
AKO/A,Embotelladora Andina S.A.,$25.97,UNCH,--,NA
AKO/B,Embotelladora Andina S.A.,$29.83,-0.87,-2.834%,NA
ALB^A,Albemarle Corporation Depositary Shares each representing a 1/20th of 7.25% Series A Mandatory Convertible Preferred Stock,$45.76,-0.37,-0.802%,NA
ALDF,Aldel Financial II Inc. Class A Ordinary Shares,$10.83,UNCH,--,NA
ALDFW,Aldel Financial II Inc. Warrants,$0.2301,UNCH,--,NA
ALF,Centurion Acquisition Corp. Class A Ordinary Shares,$10.92,UNCH,--,NA
ALIS,Calisa Acquisition Corp Ordinary shares,$10.33,0.04,0.389%,NA
ALISR,Calisa Acquisition Corp Right,$0.66,-0.14,-17.50%,NA
ALL^B,Allstate Corporation (The) 5.100% Fixed-to-Floating Rate Subordinated Debentures due 2053,$25.75,0.04,0.156%,NA
ALL^H,"Allstate Corporation (The) Depositary Shares each representing a 1/1,000th interest in a share of Fixed Rate Noncumulative Perpetual Preferred Stock, Series H",$18.31,-0.17,-0.92%,NA
ALL^I,"Allstate Corporation (The) Depositary Shares each representing a 1/1,000th interest in a share of Fixed Rate Noncumulative Perpetual Preferred Stock, Series I",$17.26,-0.02,-0.116%,NA
ALL^J,"Allstate Corporation (The) Depositary Shares each representing a 1/1,000th interest in a share of Fixed Rate Noncumulative Perpetual Preferred Stock, Series J",$26.14,0.04,0.153%,NA
ALOV,"Aldabra 4 Liquidity Opportunity Vehicle, Inc. Class A Ordinary Shares",$10.00,UNCH,--,NA
ALPX,Alpex Acquisition Corporation Class A Ordinary Shares,$9.95,UNCH,--,NA
ALPXU,Alpex Acquisition Corporation Unit,$10.23,0.0599,0.589%,NA
ALTG^A,Alta Equipment Group Inc. Depositary Shares (each representing 1/1000th in a share of 10% Series A Cumulative Perpetual Preferred Stock),$25.33,0.13,0.516%,NA
ALUB,Alussa Energy Acquisition Corp. II Class A Ordinary Shares,$10.13,0.01,0.099%,NA
AMAC,AMR Resources Acquisition Corp Class A Ordinary Shares,$9.795,-0.005,-0.051%,NA
AMACU,AMR Resources Acquisition Corp Units,$9.92,UNCH,--,NA
AMACW,AMR Resources Acquisition Corp Warrants,$0.26,UNCH,--,NA
AMAN,Amanat Acquisition Corp Class A Ordinary Shares,$10.63,-0.02,-0.188%,NA
AMH^G,American Homes 4 Rent Series G cumulative redeemable perpetual preferred shares of beneficial interest,$20.94,0.27,1.306%,NA
AMH^H,American Homes 4 Rent Series H cumulative redeemable perpetual Preferred Shares of Beneficial Interest,$22.66,0.67,3.047%,NA
ANG^D,"American National Group Inc. Depositary Shares, each representing a 1/1000th interest in a share of 7.375% Fixed-Rate Non-Cumulative Preferred Stock, Series D",$24.09,-0.05,-0.207%,NA
AOD,abrdn Total Dynamic Dividend Fund Common Shares of Beneficial Interest,$10.18,-0.12,-1.165%,NA
AOMD,"Angel Oak Mortgage REIT, Inc. 9.750% Senior Notes due 2030",$24.85,-0.2234,-0.891%,NA
AOMN,"Angel Oak Mortgage REIT, Inc. 9.500% Senior Notes due 2029",$24.96,-0.1601,-0.637%,NA
APAC,StoneBridge Acquisition II Corporation Class A Ordinary Shares,$10.26,UNCH,--,NA
APACR,StoneBridge Acquisition II Corporation Rights,$0.0901,-0.0199,-18.091%,NA
APMC,AmperCap Acquisition Company Ordinary Shares,$9.96,UNCH,--,NA
APMCR,AmperCap Acquisition Company Right,$0.09,-0.0163,-15.334%,NA
APMCU,AmperCap Acquisition Company Unit,$10.03,UNCH,--,NA
APUR,Aperture AC Class A Ordinary Shares,$10.03,UNCH,--,NA
APURR,Aperture AC Rights,$0.3002,UNCH,--,NA
APXT,Apex Treasury Corporation Class A Ordinary Share,$10.14,UNCH,--,NA
APXTU,Apex Treasury Corporation Units,$10.30,UNCH,--,NA
APXTW,Apex Treasury Corporation Warrants,$0.29,UNCH,--,NA
ARCI,Archimedes Tech SPAC Partners III Co. Ordinary Share,$10.10,UNCH,--,NA
ARCIU,Archimedes Tech SPAC Partners III Co. Units,$10.2451,UNCH,--,NA
ARCL,ARC Group Acquisition I Corp Class A Ordinary Shares,$9.99,UNCH,--,NA
ARCLR,ARC Group Acquisition I Corp Right,$0.1301,-0.0057,-4.197%,NA
ARES^B,Ares Management Corporation 6.75% Series B Mandatory Convertible Preferred Stock,$38.51,-0.96,-2.432%,NA
ARR^C,"ARMOUR Residential REIT, Inc. 7% Series C Cumulative Redeemable Preferred Stock (liquidation preference $25.00 per share)",$19.10,-0.50,-2.551%,NA
ARTC,Art Technology Acquisition Corp. Class A Ordinary Shares,$10.0195,0.0495,0.496%,NA
ASB^E,"Associated Banc-Corp Depositary Shares, each representing a 1/40th interest in a share of 5.875% Non-Cumulative Perpetual Preferred Stock, Series E",$19.21,-0.06,-0.311%,NA
ASB^F,"Associated Banc-Corp Depositary Shares, each representing a 1/40th interest in a share of Associated Banc-Corp 5.625% Non-Cumulative Perpetual Preferred Stock, Series F",$18.65,-0.0473,-0.253%,NA
ASG,"Liberty All-Star Growth Fund, Inc.",$5.06,-0.04,-0.784%,NA
ASGI,abrdn Global Infrastructure Income Fund Common Shares of Beneficial Interest,$19.05,-0.21,-1.09%,NA
ASPC,A SPAC III Acquisition Corp. Class A Ordinary Shares,$10.8692,0.0342,0.316%,NA
ASPCR,A SPAC III Acquisition Corp. Right,$0.0998,UNCH,--,NA
ASPCU,A SPAC III Acquisition Corp. Unit,$11.99,UNCH,--,NA
ATH^A,"Athene Holding Ltd. Depositary Shares, Each Representing a 1/1,000th Interest in a 6.35% Fixed-to-Floating Rate Perpetual Non-Cumulative Preference Share, Series A",$23.44,-0.21,-0.888%,NA
ATH^B,"Athene Holding Ltd. Depositary Shares, Each Representing a 1/1,000th Interest in a 5.625% Fixed Rate Perpetual Non- Cumulative Preference Share, Series B, par value $1.00 per share",$17.045,-0.075,-0.438%,NA
ATH^D,"Athene Holding Ltd. Depositary Shares, Each Representing a 1/1,000th Interest in a 4.875% Fixed-Rate Perpetual Non-Cumulative Preference Share, Series D",$15.03,-0.10,-0.661%,NA
ATH^E,"Athene Holding Ltd. Depositary Shares, Each Representing a 1/1,000th Interest in a 7.750% Fixed-Rate Reset Perpetual Non-Cumulative Preference Share, Series E",$24.77,-0.18,-0.721%,NA
ATII,Archimedes Tech SPAC Partners II Co. Ordinary Shares,$10.685,-0.005,-0.047%,NA
ATIIW,Archimedes Tech SPAC Partners II Co. Warrant,$1.30,-0.05,-3.704%,NA
ATLQ,JAB Acquisition Corp I Class A Ordinary Shares,$9.98,UNCH,--,NA
AUB^A,"Atlantic Union Bankshares Corporation Depositary Shares each representing a 1/400th ownership interest in a share of 6.875% Perpetual Non-Cumulative Preferred Stock, Series A",$23.34,-0.24,-1.018%,NA
AVK,Advent Convertible and Income Fund,$11.40,-0.22,-1.893%,NA
AWF,Alliancebernstein Global High Income Fund,$9.70,-0.07,-0.716%,NA
AWP,abrdn Global Premier Properties Fund Common Shares of Beneficial Interest,$10.50,-0.06,-0.568%,NA
AXIN,Axiom Intelligence Acquisition Corp 1 Class A Ordinary Shares,$10.34,UNCH,--,NA
AXINR,Axiom Intelligence Acquisition Corp 1 Right,$0.1849,UNCH,--,NA
AXINU,Axiom Intelligence Acquisition Corp 1 Units,$10.53,UNCH,--,NA
AXS^E,"Axis Capital Holdings Limited Depositary Shares, each representing 1/100th interest in a share of a 5.50% Series E Preferred Shares",$17.82,-0.02,-0.112%,NA
BA^A,"Boeing Company (The) Depositary Shares, each representing a 1/20th interest in a share of 6.00% Series A Mandatory Convertible Preferred Stock, par value $1.00",$58.53,-3.30,-5.337%,NA
BAC^B,"Bank of America Corporation Depositary Shares, each representing a 1/1,000th interest in a share of 6.000% Non-Cumulative Preferred Stock, Series GG",$22.67,-0.13,-0.57%,NA
BAC^E,Bank of America Corporation Depositary Sh repstg 1/1000th Perp Pfd Ser E,$18.72,0.08,0.429%,NA
BAC^K,"Bank of America Corporation Depositary Shares, each representing a 1/1,000th interest in a share of 5.875% Non- Cumulative Preferred Stock, Series HH",$22.01,-0.18,-0.811%,NA
BAC^L,Bank of America Corporation Non Cumulative Perpetual Conv Pfd Ser L,"$1,230.42",-6.13,-0.496%,NA
BAC^M,"Bank of America Corporation Depositary Shares, each representing a 1/1,000th interest in a share of 5.375% Non-Cumulative Preferred Stock, Series KK",$19.48,-0.18,-0.916%,NA
BAC^N,"Bank of America Corporation Depositary shares, each representing 1/1,000th interest in a share of 5.000% Non-Cumulative Preferred Stock, Series LL",$18.28,-0.18,-0.975%,NA
BAC^O,"Bank of America Corporation Depositary shares, each representing 1/1,000th interest in a share of 4.375% Non-Cumulative Preferred Stock, Series NN",$16.01,-0.18,-1.112%,NA
BAC^P,"Bank of America Corporation Depositary Shares, each representing a 1/1,000th interest in a share of 4.125% Non-Cumulative Preferred Stock, Series PP",$15.57,-0.11,-0.702%,NA
BAC^Q,"Bank of America Corporation Depositary shares, each representing 1/1,000th interest in a share of 4.250% Non-Cumulative Preferred Stock, Series QQ",$15.58,-0.12,-0.764%,NA
BAC^S,"Bank of America Corporation Depositary shares, each representing 1/1,000th interest in a share of 4.750% Non-Cumulative Preferred Stock, Series SS",$17.43,-0.09,-0.514%,NA
BACC,Blue Acquisition Corp. Class A Ordinary Shares,$10.48,-0.015,-0.143%,NA
BACCU,Blue Acquisition Corp. Unit,$10.91,0.03,0.276%,NA
BANC^F,"Banc of California, Inc. Depositary Shares, each representing a 1/40th interest in a share of 7.75% non-cumulative perpetual preferred stock, Series F",$24.80,0.08,0.324%,NA
BBN,BlackRock Taxable Municipal Bond Trust Common Shares of Beneficial Interest,$14.32,-0.15,-1.037%,NA
BC^C,Brunswick Corporation 6.375% Notes due 2049,$23.45,-0.52,-2.169%,NA
BCCQ,Bleichroeder Acquisition Corp. III Class A Ordinary Shares,$9.96,-0.0047,-0.047%,NA
BCCQU,Bleichroeder Acquisition Corp. III Units,$10.299,0.049,0.478%,NA
BCCQW,Bleichroeder Acquisition Corp. III Warrant,$0.83,-0.045,-5.143%,NA
BCSS,Bain Capital GSS Investment Corp. Class A Ordinary Shares,$10.29,-0.02,-0.194%,NA
BCV,"Bancroft Fund, Ltd.",$23.05,-0.74,-3.111%,NA
BCV^A,Bancroft Fund Limited 5.375% Series A Cumulative Preferred Shares,$19.15,-0.3699,-1.895%,NA
BDCI,BTC Development Corp. Class A Ordinary Shares,$10.15,-0.005,-0.049%,NA
BDCIU,BTC Development Corp. Unit,$10.30,UNCH,--,NA
BEAG,Bold Eagle Acquisition Corp. Class A Ordinary Shares,$10.69,-0.02,-0.187%,NA
BEAGR,Bold Eagle Acquisition Corp. Right,$0.26,0.0165,6.776%,NA
BEAGU,Bold Eagle Acquisition Corp. Units,$11.22,UNCH,--,NA
BEP^A,"Brookfield Renewable Partners L.P. 5.25% Class A Preferred Limited Partnership Units, Series 17",$16.30,-0.07,-0.428%,NA
BF/A,Brown Forman Corporation,$26.57,-0.12,-0.45%,NA
BF/B,Brown Forman Corporation,$26.03,-0.13,-0.497%,NA
BFH^A,"Bread Financial Holdings, Inc. Depositary Shares, each representing a 1/40th interest in a share of 8.625% Non-Cumulative Perpetual Preferred Stock, Series A",$24.26,0.01,0.041%,NA
BFH^B,"Bread Financial Holdings, Inc. Depositary Shares, each representing a 1/40th interest in a share of 8.875% Fixed Rate Reset Non-Cumulative Perpetual Preferred Stock, Series B",$24.37,-0.30,-1.216%,NA
BFS^D,"Saul Centers, Inc. Depositary Shares, each representing 1/100th of a share of 6.125% Series D Cumulative Redeemable Preferred Stock",$19.00,0.005,0.026%,NA
BFS^E,"Saul Centers, Inc. Depositary shares, each representing a 1/100th fractional interest in a share of 6.000% Series E Cumulative Redeemable Preferred Stock",$18.45,-0.31,-1.652%,NA
BGB,Blackstone Strategic Credit 2027 Term Fund Common Shares of Beneficial Interest,$11.08,-0.03,-0.27%,NA
BGH,Barings Global Short Duration High Yield Fund Common Shares of Beneficial Interests,$13.07,-0.09,-0.684%,NA
BGT,BlackRock Floating Rate Income Trust,$10.36,-0.13,-1.239%,NA
BGX,Blackstone Long Short Credit Income Fund Common Shares,$10.52,-0.09,-0.848%,NA
BGY,Blackrock Enhanced International Dividend Trust,$5.73,-0.04,-0.693%,NA
BHAV,BHAV Acquisition Corp Class A Ordinary Shares,$10.02,-0.015,-0.149%,NA
BHK,Blackrock Core Bond Trust,$8.25,-0.12,-1.434%,NA
BHR^B,"Braemar Hotels & Resorts Inc. 5.50% Series B Cumulative Convertible Preferred Stock, par value $0.01 per share",$12.71,-0.15,-1.166%,NA
BHR^D,"Braemar Hotels & Resorts Inc. 8.25% Series D Cumulative Preferred Stock,  par value $0.01 per share",$16.98,0.35,2.105%,NA
BHV,BlackRock Virginia Municipal Bond Trust,$12.61,-0.0501,-0.396%,NA
BID,Tribeca Strategic Acquisition Corp. Class A Ordinary Shares,$9.91,-0.015,-0.151%,NA
BIII,Black Spade Acquisition III Co Class A Ordinary Shares,$10.05,0.005,0.05%,NA
BIO/B,"Bio-Rad Laboratories, Inc.",$365.08,UNCH,--,NA
BIP^A,"Brookfield Infrastructure Partners LP 5.125% Class A Preferred Limited Partnership Units, Series 13",$16.24,-0.20,-1.217%,NA
BIP^B,"Brookfield Infrastructure Partners LP 5.000% Class A Preferred Limited Partnership Units, Series 14",$16.04,-0.17,-1.049%,NA
BIT,BlackRock Multi-Sector Income Trust Common Shares of Beneficial Interest,$11.14,-0.09,-0.801%,NA
BIXI,Bitcoin Infrastructure Acquisition Corp Ltd. Class A Ordinary Shares,$10.15,UNCH,--,NA
BIXIW,Bitcoin Infrastructure Acquisition Corp Ltd. Warrant,$0.3014,-0.0787,-20.705%,NA
BKHA,Black Hawk Acquisition Corporation Class A Ordinary Shares,$12.31,0.04,0.326%,NA
BKHAR,Black Hawk Acquisition Corporation Rights,$1.70,0.16,10.39%,NA
BKHAU,Black Hawk Acquisition Corporation Units,$12.50,0.21,1.709%,NA
BLRK,Bluerock Acquisition Corp. Class A Ordinary Shares,$10.11,UNCH,--,NA
BLZR,Trailblazer Acquisition Corp. Class A Ordinary Shares,$10.22,UNCH,--,NA
BLZRU,Trailblazer Acquisition Corp. Unit,$10.345,0.055,0.534%,NA
BLZRW,Trailblazer Acquisition Corp. Warrant,$0.33,0.0499,17.815%,NA
BML^G,"Bank of America Corporation Depositary Shares (Each representing a 1/1200th interest in a share of Floating Rate Non-Cumulative Preferred Stock , Series 1)",$18.45,-0.085,-0.459%,NA
BML^H,"Bank of America Corporation Depositary Shares (Each representing a 1/1200th interest in a Share of Floating Rate Non-Cumulative Preferred Stock, Series 2)",$18.46,-0.13,-0.699%,NA
BML^J,"Bank of America Corporation Depositary Shares (Each representing a 1/1200th interest in a Share of Floating Rate Non-Cumulative Preferred Stock, Series 4)",$19.825,0.035,0.177%,NA
BML^L,"Bank of America Corporation Depositary Shares (Each representing a 1/1200th Interest in a Share of Floating Rate Non-Cumulative Preferred Stock, Series 5)",$19.94,0.12,0.605%,NA
BMN,BlackRock 2037 Municipal Target Term Trust Common Shares of Beneficial Interest,$21.98,-0.85,-3.723%,NA
BNY^K,"The Bank Of New York Mellon Corporation  Depositary Shares, each representing a 1/4,000th interest in a share of Series K Noncumulative Perpetual Preferred Stock",$24.18,-0.04,-0.165%,NA
BOE,Blackrock Enhanced Global Dividend Trust Common Shares of Beneficial Interest,$11.84,-0.22,-1.824%,NA
BOH^A,"Bank of Hawaii Corporation Depositary Shares Each Representing a 1/40th Interest in a Share of 4.375% Fixed Rate Non-Cumulative Perpetual Preferred Stock, Series A",$15.15,-0.14,-0.916%,NA
BOH^B,"Bank of Hawaii Corporation Depositary Shares, Each Representing a 1/40th Interest in a Share of 8.000% Fixed Rate Non-Cumulative Perpetual Preferred Stock, Series B",$25.58,-0.22,-0.853%,NA
BOT,"RoboStrategy, Inc. Common Stock",$26.86,-1.76,-6.15%,NA
BPAC,Blueport Acquisition Ltd Class A Ordinary Shares,$10.19,UNCH,--,NA
BPRE,Bluerock Private Real Estate Fund Common Shares of Beneficial Interest,$12.49,0.14,1.134%,NA
BREZ,Breeze Acquisition Corp. II Ordinary Shares,$10.02,UNCH,--,NA
BREZR,Breeze Acquisition Corp. II Right,$0.29,UNCH,--,NA
BRKH,Burtech Acquisition Corp II Class A Ordinary Shares,$10.015,UNCH,--,NA
BRRKU,Bluerock Acquisition Corp. II Units,$9.99,-0.02,-0.20%,NA
BRTM,B&R Technology Merger Corp. Class A Ordinary Shares,$9.8199,0.0199,0.203%,NA
BRTMU,B&R Technology Merger Corp. Units,$9.94,0.0022,0.022%,NA
BRTMW,B&R Technology Merger Corp. Warrants,$0.271,0.0003,0.111%,NA
BRW,Saba Capital Income & Opportunities Fund SBI,$6.00,-0.08,-1.316%,NA
BSAA,BEST SPAC I Acquisition Corp. Class A Ordinary Shares,$11.30,UNCH,--,NA
BSL,Blackstone Senior Floating Rate 2027 Term Fund Common Shares of Beneficial Interest,$12.89,-0.01,-0.078%,NA
BTO,John Hancock Financial Opportunities Fund Common Stock,$36.02,-0.67,-1.826%,NA
BTT,BlackRock Municipal 2030 Target Term Trust,$21.42,-0.32,-1.472%,NA
BUI,"BlackRock Utility, Infrastructure & Power Opportunities Trust",$24.63,-0.32,-1.283%,NA
BW^A,"Babcock & Wilcox Enterprises, Inc. 7.75% Series A Cumulative Perpetual Preferred Stock",$17.25,-1.62,-8.585%,NA
BWG,BrandywineGLOBAL Global Income Opportunities Fund Inc.,$6.96,-0.13,-1.834%,NA
BWIV,Blue Water Acquisition Corp. IV Class A Ordinary Shares,$9.97,-0.03,-0.30%,NA
BXSL,Blackstone Secured Lending Fund Common Shares of Beneficial Interest,$24.39,-0.27,-1.095%,NA
C^N,Citigroup Capital XIII 7.875% Fixed rate Floating Rate trust Preferred Securities (TruPS),$26.55,UNCH,--,NA
C^R,"Citigroup Inc. Depositary Shares, Each Representing a 1/1,000th Interest in a Share of 6.250% Noncumulative Preferred Stock, Series II",$22.76,-0.27,-1.172%,NA
CAES,"Cantor Equity Partners VII, Inc. Class A Ordinary Shares",$10.06,UNCH,--,NA
CAF,Morgan Stanley China A Share Fund Inc. Common Stock,$18.00,-0.4599,-2.491%,NA
CAII,Collective Acquisition Corp. II Class A Ordinary Shares,$10.00,0.01,0.10%,NA
CAIIU,Collective Acquisition Corp. II Units,$10.075,UNCH,--,NA
CAPN,Cayson Acquisition Corp Ordinary shares,$11.25,UNCH,--,NA
CAQ,Cambridge Acquisition Corp. Class A Ordinary Shares,$10.01,0.01,0.10%,NA
CAQUU,Cambridge Acquisition Corp. Unit,$10.07,UNCH,--,NA
CATL, Catalyst Acquisition Corp. Class A Ordinary Share,$9.79,-0.01,-0.102%,NA
CCAQ,Collective Acquisition Corp. Class A Ordinary Shares,$10.69,UNCH,--,NA
CCCT,Columbus Circle Capital Corp III Class A Ordinary Shares,$9.84,UNCH,--,NA
CCD,Calamos Dynamic Convertible & Income Fund Common Stock,$22.41,-0.60,-2.608%,NA
CCID,Carlyle Credit Income Fund 7.375% Series D Term Preferred Shares due 2028,$24.895,-0.085,-0.34%,NA
CCIF,Carlyle Credit Income Fund Shares of Beneficial Interest,$2.39,-0.03,-1.24%,NA
CCII,Cohen Circle Acquisition Corp. II Class A Ordinary Shares,$10.30,UNCH,--,NA
CCXI,Churchill Capital Corp XI Class A Ordinary Shares,$12.05,-0.38,-3.057%,NA
CCXIU,Churchill Capital Corp XI Units,$12.67,-0.23,-1.783%,NA
CCXIW,Churchill Capital Corp XI Warrants,$6.11,-0.19,-3.016%,NA
CDR^B,"Cedar Realty Trust, Inc. 7.25% Series B Cumulative Redeemable Preferred Stock",$16.275,UNCH,--,NA
CDR^C,"Cedar Realty Trust, Inc. 6.50% Series C Cumulative Redeemable Preferred Stock",$15.175,0.03,0.198%,NA
CEE,"The Central and Eastern Europe Fund, Inc. (The) Common Stock",$19.46,0.22,1.143%,NA
CEPF,"Cantor Equity Partners IV, Inc. Class A Ordinary Shares",$10.30,UNCH,--,NA
CEPO,"Cantor Equity Partners I, Inc. Class A Ordinary Shares",$10.76,-0.005,-0.046%,NA
CEPS,"Cantor Equity Partners VI, Inc. Class A Ordinary Shares",$10.30,UNCH,--,NA
CEPV,"Cantor Equity Partners V, Inc. Class A Ordinary Shares",$10.36,UNCH,--,NA
CFG^E,"Citizens Financial Group, Inc. Depositary Shares Each Representing 1/40th Interest in a Share of 5.000% Fixed-Rate Non-Cumulative Perpetual Preferred Stock, Series E",$16.88,-0.20,-1.171%,NA
CFG^H,"Citizens Financial Group, Inc. Depositary Shares Each Representing a 1/40th Interest in a Share of 7.375% Fixed-Rate Non-Cumulative Perpetual Preferred Stock, Series H",$25.13,0.06,0.239%,NA
CFG^I,"Citizens Financial Group, Inc. Depositary Shares, Each Representing a 1/40th Interest in a Share of 6.500% Fixed-Rate Reset Non-Cumulative Perpetual Preferred Stock, Series I",$24.11,-0.13,-0.536%,NA
CFND,C1 Fund Inc. Common Stock,$2.99,-0.11,-3.548%,NA
CFR^B,"Cullen/Frost Bankers, Inc. Depositary Shares, each representing a 1/40th ownership interest in a share of 4.450% non-cumulative perpetual preferred stock, Series B",$15.745,-0.245,-1.532%,NA
CFTR^A,"Cantor Fitzgerald Income Trust, Inc. 9.50% Series A Cumulative Redeemable Preferred Stock",$25.25,-0.14,-0.551%,NA
CGCF,Cartesian Growth Corporation IV Class A Ordinary Shares,$9.80,-0.01,-0.102%,NA
CGCFU,Cartesian Growth Corporation IV Unit,$9.89,UNCH,--,NA
CGO,Calamos Global Total Return Fund Common Stock,$12.84,-0.10,-0.773%,NA
CHAR,Charlton Aria Acquisition Corporation Class A Ordinary Shares,$10.99,UNCH,--,NA
CHARR,Charlton Aria Acquisition Corporation Rights,$0.10,UNCH,--,NA
CHEC,Chenghe Acquisition III Co. Class A Ordinary Share,$10.30,0.02,0.195%,NA
CHECU,Chenghe Acquisition III Co. Units,$10.25,UNCH,--,NA
CHI,Calamos Convertible Opportunities and Income Fund Common Stock,$11.36,-0.54,-4.538%,NA
CHMI^A,Cherry Hill Mortgage Investment Corporation 8.20% Series A Cumulative Redeemable Preferred Stock,$21.1501,-0.1399,-0.657%,NA
CHMI^B,Cherry Hill Mortgage Investment Corporation 8.250% Series B Fixed-to-Floating Rate Cumulative Redeemable Preferred Stock,$23.75,0.0799,0.338%,NA
CHPG,ChampionsGate Acquisition Corporation Class A Ordinary Share,$10.45,UNCH,--,NA
CHPGR,ChampionsGate Acquisition Corporation Rights,$0.1206,0.0005,0.416%,NA
CHW,Calamos Global Dynamic Income Fund Common Stock,$8.14,-0.12,-1.453%,NA
CHY,Calamos Convertible and High Income Fund Common Stock,$11.61,-0.33,-2.764%,NA
CICB,CION Investment Corporation 7.50% Notes due 2029,$24.55,-0.15,-0.607%,NA
CICC,CION Investment Corporation 7.50% Notes due 2031,$24.39,-0.11,-0.449%,NA
CIK,"UBS Asset Management Income Fund, Inc. Common Stock",$2.31,-0.02,-0.858%,NA
CIM^A,Chimera Investment Corporation 8.00% Series A Cumulative Redeemable Preferred Stock,$19.5999,-0.0801,-0.407%,NA
CIM^B,Chimera Investment Corporation 8.00% Series B Fixed-to-Floating Rate Cumulative Redeemable Preferred Stock,$23.15,-0.0901,-0.388%,NA
CIM^C,Chimera Investment Corporation 7.75% Series C Fixed-to-Floating Rate  Cumulative Redeemable  Preferred Stock,$21.03,-0.43,-2.004%,NA
CIM^D,Chimera Investment Corporation 8.00% Series D Fixed-to-Floating Rate Cumulative Redeemable Preferred Stock,$22.95,-0.27,-1.163%,NA
CIMO,Chimera Investment Corporation 9.250% Senior Notes due 2029,$25.19,-0.06,-0.238%,NA
CIMP,Chimera Investment Corporation 8.875% Senior Notes due 2030,$25.00,-0.03,-0.12%,NA
CLBR,Colombier Acquisition Corp. III Class A Ordinary Shares,$10.20,UNCH,--,NA
CLDT^A,Chatham Lodging Trust (REIT) 6.625% Series A Cumulative Redeemable Preferred Shares of Beneficial Interest,$19.40,-0.2774,-1.41%,NA
CLM,"Cornerstone Strategic Investment Fund, Inc. Common Shares",$6.38,-0.05,-0.778%,NA
CMRE^B,Costamare Inc. Perpetual Preferred Stock Series B (Marshall Islands),$25.43,0.12,0.474%,NA
CMRE^C,Costamare Inc. Perpetual Preferred Series C (Marshall Islands),$26.75,0.1168,0.439%,NA
CMRE^D,Costamare Inc. 8.75% Series D Cumulative Redeemable Perpetual Preferred Stock,$26.3399,0.0899,0.342%,NA
CMS^B,CMS Energy Corporation Preferred Stock,$74.92,-1.13,-1.486%,NA
CMS^C,"CMS Energy Corporation Depositary Shares, each representing a 1/1,000th interest in a share of 4.200% Cumulative Redeemable Perpetual Preferred Stock, Series C",$16.60,-0.22,-1.308%,NA
CNO^A,"CNO Financial Group, Inc. 5.125% Subordinated Debentures due 2060",$16.78,0.13,0.781%,NA
CODI^A,Compass Diversified Holdings 7.250% Series A Preferred Shares representing beneficial interest in Compass Diversified Holdings,$18.975,-0.04,-0.21%,NA
CODI^B,Compass Diversified Holdings 7.875% Series B Fixed-to-Floating Rate Cumulative Preferred Shares representing beneficial interests in Compass Diversified Holdings,$22.18,-0.01,-0.045%,NA
CODI^C,Compass Diversified Holdings 7.875% Series C Cumulative Preferred Shares,$21.33,-0.16,-0.745%,NA
COF^I,"Capital One Financial Corporation Depositary shares each representing a 1/40th interest in a share of Fixed Rate Non-Cumulative Perpetual Preferred Stock, Series I of the Issuer",$16.64,-0.13,-0.775%,NA
COF^J,"Capital One Financial Corporation Depositary Shares, Each Representing a 1/40th Interest in a Share of Fixed Rate Non- Cumulative Perpetual Preferred Stock, Series J",$16.03,-0.12,-0.743%,NA
COF^K,"Capital One Financial Corporation Depositary Shares, Each Representing a 1/40th Ownership Interest in a Share of Fixed Rate Non-Cumulative Perpetual Preferred Stock, Series K",$15.53,-0.22,-1.397%,NA
COF^L,"Capital One Financial Corporation Depositary Shares, Each Representing a 1/40th Interest in a Share of Fixed Rate Non-Cumulative Perpetual Preferred Stock, Series L",$14.75,-0.23,-1.535%,NA
COF^N,"Capital One Financial Corporation Depositary Shares, Each Representing a 1/40th Ownership Interest in a Share of Fixed Rate Non-Cumulative Perpetual Preferred Stock, Series N",$14.54,-0.11,-0.751%,NA
COLA,Columbus Acquisition Corp Ordinary Shares,$10.6378,0.1878,1.797%,NA
COLAR,Columbus Acquisition Corp Rights,$0.381,-0.039,-9.286%,NA
COLAU,Columbus Acquisition Corp Unit,$10.80,UNCH,--,NA
COPL,Copley Acquisition Corp Ordinary Shares,$10.555,UNCH,--,NA
CRAC,Crown Reserve Acquisition Corp. I Class A Ordinary Shares,$10.24,UNCH,--,NA
CRACW,Crown Reserve Acquisition Corp. I Warrant,$0.04,-0.0025,-5.882%,NA
CRAN,Crane Harbor Acquisition Corp. II Class A Ordinary Shares,$10.10,UNCH,--,NA
CRANR,Crane Harbor Acquisition Corp. II Rights,$0.17,UNCH,--,NA
CRAQ,Cal Redwood Acquisition Corp. Class A Ordinary Shares,$10.40,UNCH,--,NA
CRBD,Corebridge Financial Inc. 6.375% Junior Subordinated Notes due 2064,$20.69,-0.02,-0.097%,NA
CRD/A,Crawford & Company,$12.60,0.10,0.80%,NA
CRD/B,Crawford & Company,$11.93,0.10,0.845%,NA
CRF,"Cornerstone Total Return Fund, Inc. (The) Common Stock",$6.14,-0.05,-0.808%,NA
CTA^A,"EIDP, Inc. Preferred Stock $3.50 Series",$50.54,-0.30,-0.59%,NA
CTA^B,"EIDP, Inc. Preferred Stock $4.50 Series",$63.75,-0.9503,-1.469%,NA
CTAA,ClearThink 1 Acquisition Corp. Class A Ordinary Shares,$9.95,UNCH,--,NA
CTAAR,ClearThink 1 Acquisition Corp. Rights,$0.18,0.0049,2.798%,NA
CTGG,Qwest Corporation 6.500% Senior Notes due 2051 (denominations of $25),$16.07,-0.06,-0.372%,NA
CTHH,Qwest Corporation 6.750% Senior Notes due 2052 (denominations of $25),$16.51,-0.15,-0.90%,NA
CTO^A,"CTO Realty Growth, Inc. 6.375% Series A Cumulative Redeemable Preferred Stock",$19.60,-0.07,-0.356%,NA
CUBWU,Lionheart Holdings Unit,$11.02,UNCH,--,NA
CUBWW,Lionheart Holdings Warrant,$0.15,UNCH,--,NA
CXII,Churchill Capital Corp XII Class A Ordinary Shares,$10.79,UNCH,--,NA
CXIIW,Churchill Capital Corp XII Warrants,$2.13,UNCH,--,NA
DAAQ,Digital Asset Acquisition Corp. Class A Ordinary shares,$10.46,UNCH,--,NA
DAAQU,Digital Asset Acquisition Corp. Units,$11.54,-0.22,-1.871%,NA
DAAQW,Digital Asset Acquisition Corp. Warrant,$0.1405,-0.0095,-6.333%,NA
DBCA,D. Boral Acquisition I Corp. Class A Ordinary Shares,$10.025,-0.005,-0.05%,NA
DBL,DoubleLine Opportunistic Credit Fund Common Shares of Beneficial Interest,$13.42,-0.14,-1.032%,NA
DBRG^H,"DigitalBridge Group, Inc. 7.125% Series H ",$14.57,-0.155,-1.053%,NA
DBRG^I,"DigitalBridge Group, Inc. 7.15% Series I ",$14.90,-0.005,-0.034%,NA
DBRG^J,"DigitalBridge Group, Inc. 7.125% Series J ",$15.48,0.0999,0.65%,NA
DCOM^,"Dime Commercial Bancshares, Inc. Preferred Stock, Series A",$16.65,0.3499,2.147%,NA
DFP,Flaherty & Crumrine Dynamic Preferred and Income Fund Inc. Common Stock,$18.74,-0.28,-1.472%,NA
DGAC,Disciplined Growth Acquisition Corporation Class A Ordinary Shares,$10.00,UNCH,--,NA
DHF,BNY Mellon High Yield Strategies Fund Common Stock,$2.23,-0.01,-0.446%,NA
DHY,UBS Asset Management High Yield Credit Fund Common Stock,$1.61,-0.01,-0.617%,NA
DLNG^A,Dynagas LNG Partners LP 9.00% Series A Cumulative Redeemable Preferred Units,$25.95,-0.17,-0.651%,NA
DLR^J,"Digital Realty Trust, Inc. 5.250% Series J Cumulative Redeemable Preferred Stock",$18.1699,-0.0138,-0.076%,NA
DLR^K,"Digital Realty Trust, Inc. 5.850% Series K Cumulative Redeemable Preferred Stock, par value $0.01 per share",$20.405,0.075,0.369%,NA
DLR^L,"Digital Realty Trust, Inc. 5.200% Series L Cumulative Redeemable Preferred Stock",$18.115,-0.035,-0.193%,NA
DMA,Destra Multi-Alternative Fund Common Stock,$7.58,-0.02,-0.263%,NA
DMAA,Drugs Made In America Acquisition Corp. Ordinary Shares,$10.88,0.04,0.369%,NA
DMAAR,Drugs Made In America Acquisition Corp. Rights,$0.1249,-0.0001,-0.08%,NA
DMAAU,Drugs Made In America Acquisition Corp. Units,$10.99,UNCH,--,NA
DMB,"BNY Mellon Municipal Bond Infrastructure Fund, Inc. Common Stock",$9.47,-0.05,-0.525%,NA
DMII,Drugs Made In America Acquisition II Corp. Ordinary Shares,$10.16,UNCH,--,NA
DMIIR,Drugs Made In America Acquisition II Corp. Right,$0.0641,0.0041,6.833%,NA
DMO,Western Asset Mortgage Opportunity Fund Inc. Common Stock,$9.47,-0.05,-0.525%,NA
DNMX,Dynamix Corporation III Class A Ordinary Shares,$10.055,UNCH,--,NA
DNMXU,Dynamix Corporation III Unit,$10.1399,-0.01,-0.099%,NA
DNMXW,Dynamix Corporation III Warrants,$0.22,-0.02,-8.333%,NA
DNP,"DNP Select Income Fund, Inc. Common Stock",$9.72,-0.08,-0.816%,NA
DPG,Duff & Phelps Utility and Infrastructure Fund Inc.,$12.79,-0.13,-1.006%,NA
DRDB,Roman DBDR Acquisition Corp. II Ordinary shares,$10.70,-0.01,-0.093%,NA
DRDBU,Roman DBDR Acquisition Corp. II Unit,$10.72,UNCH,--,NA
DRDBW,Roman DBDR Acquisition Corp. II Warrants,$0.0901,-0.0249,-21.652%,NA
DSAC,Daedalus Special Acquisition Corp. Class A Ordinary Shares,$10.14,-0.01,-0.099%,NA
DSACW,Daedalus Special Acquisition Corp. Warrant,$0.6202,-0.0498,-7.433%,NA
DSM,"BNY Mellon Strategic Municipal Bond Fund, Inc. Common Stock",$5.15,-0.11,-2.091%,NA
DSU,"Blackrock Debt Strategies Fund, Inc. Common Stock",$8.88,-0.06,-0.671%,NA
DSX^B,Diana Shipping Inc. Perpetual Preferred Shares Series B (Marshall Islands),$27.13,-0.27,-0.985%,NA
DTK,DTE Energy Company 2025 Series H 6.25% Junior Subordinated Debentures due 2085,$20.94,-0.44,-2.058%,NA
DTSQ,DT Cloud Star Acquisition Corporation Ordinary Shares,$11.50,UNCH,--,NA
DTSQR,DT Cloud Star Acquisition Corporation Right,$0.15,UNCH,--,NA
DUK^A,"Duke Energy Corporation Depositary Shares, each representing a 1/1,000th interest in a share of 5.75% Series A Cumulative Redeemable Perpetual Preferred Stock",$22.10,-0.15,-0.674%,NA
DUKU,Duke Energy Corporation Corporate Units,$47.94,0.47,0.99%,NA
DX^C,"Dynex Capital, Inc. 6.900% Series C Fixed-to-Floating Rate Cumulative Redeemable Preferred Stock",$25.93,0.25,0.974%,NA
DXYZ,Destiny Tech100 Inc. Common Stock,$29.86,-0.76,-2.482%,NA
DYNC,Dynamix Corporation Class A Ordinary Shares,$10.895,UNCH,--,NA
DYNCW,Dynamix Corporation Warrant,$0.1199,-0.0001,-0.083%,NA
DYOR,Insight Digital Partners II Class A Ordinary Shares,$10.13,UNCH,--,NA
DYORW,Insight Digital Partners II Warrants,$0.2365,UNCH,--,NA
EAD,Allspring Income Opportunities Fund Common Shares,$6.00,-0.04,-0.662%,NA
ECC^D,Eagle Point Credit Company 6.75% Series D Preferred Stock,$17.85,0.165,0.933%,NA
ECCU,Eagle Point Credit Company 7.75% Notes due 2030,$24.90,-0.14,-0.559%,NA
ECF,Ellsworth Growth and Income Fund Ltd.,$11.82,-0.10,-0.839%,NA
ECF^A,Ellsworth Growth and Income Fund Ltd. 5.25% Series A Cumulative Preferred Shares (Liquidation Preference $25.00 per share),$18.68,-0.8199,-4.205%,NA
EDD,"Morgan Stanley Emerging Markets Domestic Debt Fund, Inc. Common Stock",$5.58,-0.02,-0.357%,NA
EDF,Virtus Stone Harbor Emerging Markets Income Fund Common Shares of Beneficial Interest,$4.98,-0.07,-1.386%,NA
EEA,"The European Equity Fund, Inc. Common Stock",$10.54,-0.045,-0.425%,NA
EFC^B,Ellington Financial Inc. 6.250% Series B Fixed-Rate Reset Cumulative Redeemable Preferred Stock,$25.10,0.03,0.12%,NA
EFC^C,Ellington Financial Inc. 8.625% Series C Fixed-Rate Reset Cumulative Redeemable Preferred Stock,$25.44,0.04,0.157%,NA
EFC^D,Ellington Financial Inc. 7.00% Series D Cumulative Perpetual Redeemable Preferred Stock,$23.42,UNCH,--,NA
EFR,Eaton Vance Senior Floating-Rate Fund Common Shares of Beneficial Interest,$10.21,-0.09,-0.874%,NA
EGHA,EGH Acquisition Corp. Class A Ordinary Shares,$10.42,0.02,0.192%,NA
EGHAR,EGH Acquisition Corp. Rights,$0.2633,UNCH,--,NA
EHI,Western Asset Global High Income Fund Inc Common Stock,$5.38,-0.01,-0.186%,NA
EIIA,Eagle Point Institutional Income Fund 8.125% Series A Term Preferred Shares Due 2029,$25.11,-0.05,-0.199%,NA
EIM,"Eaton Vance Municipal Bond Fund Common Shares of Beneficial Interest, $.01 par value",$8.74,-0.09,-1.019%,NA
ELLA,Ellington Credit Company 8.50% Notes due 2031,$25.058,-0.0319,-0.127%,NA
EMD,Western Asset Emerging Markets Debt Fund Inc Common Stock,$9.37,-0.27,-2.801%,NA
EMF,Templeton Emerging Markets Fund Common Stock,$22.24,-0.04,-0.18%,NA
EMIS,Emmis Acquisition Corp. Class A Ordinary Shares,$10.27,UNCH,--,NA
EMO,ClearBridge Energy Midstream Opportunity Fund Inc. Common Stock,$51.26,-0.13,-0.253%,NA
EOD,Allspring Global Dividend Opportunity Fund Common Shares of Beneficial Interest,$6.36,-0.05,-0.78%,NA
EOI,Eaton Vance Enhance Equity Income Fund Eaton Vance Enhanced Equity Income Fund Shares of Beneficial Interest,$19.74,-0.20,-1.003%,NA
EOS,Eaton Vance Enhance Equity Income Fund II Common Stock,$21.20,-0.24,-1.119%,NA
EP^C,El Paso Corporation Preferred Stock,$49.64,-0.0185,-0.037%,NA
EPR^C,EPR Properties 5.75% Series C Cumulative Convertible Preferred Shares,$25.26,0.02,0.079%,NA
EPR^E,EPR Properties Series E Cumulative Conv Pfd Shs Ser E,$31.25,-0.35,-1.108%,NA
EPR^G,EPR Properties 5.750% Series G Cumulative Redeemable Preferred Shares,$19.30,-0.15,-0.771%,NA
EQH^A,"Equitable Holdings, Inc. Depositary Shares",$18.09,0.04,0.222%,NA
EQH^C,"Equitable Holdings, Inc. Depositary Shares, each representing a 1/1,000th interest in a share of Fixed Rate Noncumulative Perpetual Preferred Stock, Series C",$15.84,-0.12,-0.752%,NA
ERC,Allspring Multi-Sector Income Fund Common Stock,$8.52,-0.14,-1.617%,NA
ERH,Allspring Utilities and High Income Fund Common Shares,$10.18,-0.06,-0.586%,NA
ET^I,Energy Transfer L.P. Series I Fixed Rate Perpetual Preferred Units,$11.23,-0.09,-0.795%,NA
ETG,Eaton Vance Tax-Advantaged Global Dividend Income Fund Common Shares of Beneficial Interest,$23.08,-0.23,-0.987%,NA
ETI^,"Entergy Texas Inc 5.375% Series A Preferred Stock, Cumulative, No Par Value",$21.10,0.15,0.716%,NA
ETJ,Eaton Vance Risk-Managed Diversified Equity Income Fund Common Shares of Beneficial Interest,$8.18,-0.10,-1.208%,NA
ETSS,Energy Transition Special Opportunities Class A Ordinary Shares,$9.95,UNCH,--,NA
ETY,"Eaton Vance Tax-Managed Diversified Equity Income Fund Common Shares of Beneficial Interest,",$14.07,-0.08,-0.565%,NA
EURK,Eureka Acquisition Corp Class A Ordinary Share,$11.5432,UNCH,--,NA
EURKR,Eureka Acquisition Corp Right,$0.2501,-0.0299,-10.679%,NA
EVAC,EQV Ventures Acquisition Corp. II Class A Ordinary Shares,$10.32,0.01,0.097%,NA
EVG,Eaton Vance Short Diversified Income Fund Eaton Vance Short Duration Diversified Income Fund Common Shares of Beneficial Interest,$9.89,-0.09,-0.902%,NA
EVOX,Evolution Global Acquisition Corp Class A Ordinary Shares,$10.12,0.01,0.099%,NA
EVOXW,Evolution Global Acquisition Corp Warrants,$0.335,-0.015,-4.286%,NA
EVT,Eaton Vance Tax Advantaged Dividend Income Fund Common Shares of Beneficial Interest,$27.90,-0.33,-1.169%,NA
EVV,Eaton Vance Limited Duration Income Fund Common Shares of Beneficial Interest,$8.37,-0.05,-0.594%,NA
EWAV,East West Ave Acquisition Corp. Common Stock,$9.91,0.01,0.101%,NA
EWAVU,East West Ave Acquisition Corp. Units,$10.05,-0.01,-0.099%,NA
EXG,Eaton Vance Tax-Managed Global Diversified Equity Income Fund Common Shares of Beneficial Interest,$9.45,-0.13,-1.357%,NA
F^B,"Ford Motor Company 6.20% Notes due June 1, 2059",$19.51,-0.30,-1.514%,NA
F^C,"Ford Motor Company 6% Notes due December 1, 2059",$18.96,-0.19,-0.992%,NA
F^D,"Ford Motor Company 6.500% Notes due August 15, 2062",$20.2249,-0.1899,-0.93%,NA
FACT,FACT II Acquisition Corp. Class A Ordinary Shares,$10.7211,UNCH,--,NA
FAX,"abrdn Asia-Pacific Income Fund, Inc. Common Stock",$13.19,-0.31,-2.296%,NA
FBRT^E,"Franklin BSP Realty Trust, Inc. 7.50% Series E Cumulative Redeemable Preferred Stock",$18.78,-0.23,-1.21%,NA
FCRS,FutureCrest Acquisition Corp. Class A Ordinary Shares,$10.24,-0.005,-0.049%,NA
FDMM,Freedom Metals Acquisition Corp. Class A Ordinary Shares,$9.835,UNCH,--,NA
FDMMU,Freedom Metals Acquisition Corp. Units,$9.98,UNCH,--,NA
FDMMW,Freedom Metals Acquisition Corp. Warrants,$0.31,UNCH,--,NA
FERA,Fifth Era Acquisition Corp I Class A Ordinary Shares,$10.53,-0.01,-0.095%,NA
FERAR,Fifth Era Acquisition Corp I Rights,$0.27,UNCH,--,NA
FERAU,Fifth Era Acquisition Corp I Units,$10.74,UNCH,--,NA
FFA,First Trust Enhanced Equity Income Fund Common Shares of Beneficial Interest,$22.11,-0.16,-0.718%,NA
FFC,Flaherty & Crumrine Preferred and Income Securities Fund Incorporated,$14.93,-0.19,-1.257%,NA
FGC,FG Communities Holdings Inc. Common Stock ,$7.50,7.50,--,NA
FGII,FG Imperii Acquisition Corp. Class A Ordinary Shares,$10.03,0.01,0.10%,NA
FGSN,"F&G Annuities & Life, Inc. 7.300% Junior Subordinated Notes due 2065",$20.25,-0.08,-0.394%,NA
FHN^E,"First Horizon Corporation Depositary Shares, each representing a 1/4,000th interest in a share of Non-Cumulative Perpetual Preferred Stock, Series E",$22.6705,-0.4794,-2.071%,NA
FHN^F,"First Horizon Corporation Depositary Shares, each representing 1/4000th Interest in a Share of Non-Cumulative Perpetual Preferred Stock, Series F",$15.96,-0.54,-3.273%,NA
FHN^H,"First Horizon Corporation Depositary Shares each representing a 1/4,000th interest in a share of Non-Cumulative Perpetual Preferred Stock, Series H",$22.90,-0.55,-2.345%,NA
FIGX,FIGX Capital Acquisition Corp. Class A Ordinary Share,$10.33,UNCH,--,NA
FIGXU,FIGX Capital Acquisition Corp. Units,$10.3601,UNCH,--,NA
FITB^A,"Fifth Third Bancorp Depositary Shares each representing 1/40th share of Fifth Third 6.00% Non-Cumulative Perpetual Class B Preferred Stock, Series A",$21.15,-0.33,-1.536%,NA
FITB^I,Fifth Third Bancorp Depositary Share repstg 1/1000th Ownership Interest Perp Pfd Series I,$25.25,-0.40,-1.559%,NA
FITB^K,"Fifth Third Bancorp Depositary Shares each representing a 1/1000th ownership interest in a share of Non-Cumulative Perpetual Preferred Stock, Series K",$18.29,-0.12,-0.652%,NA
FITB^M,"Fifth Third Bancorp Depositary Shares Representing a 1/40th Ownership Interest in a Share of 6.875% Fixed-Rate Reset Non-Cumulative Perpetual Preferred Stock, Series M",$25.0273,-0.3027,-1.195%,NA
FJDI,ARC Group Securities Acquisition I Class A Ordinary Shares,$9.85,UNCH,--,NA
FJDIR,ARC Group Securities Acquisition I Rights,$0.152,-0.0138,-8.323%,NA
FJDIU,ARC Group Securities Acquisition I Units,$10.0199,-0.0101,-0.101%,NA
FJDIW,ARC Group Securities Acquisition I Warrants,$0.0382,0.0082,27.333%,NA
FLC,Flaherty & Crumrine Total Return Fund Inc Common Stock,$15.60,-0.16,-1.015%,NA
FLG^A,"Flagstar Bank, N.A. Depositary shares, each representing a 1/40th interest in a share of Fixed-to-Floating Rate Series A Noncumulative Perpetual Preferred Stock",$23.73,0.02,0.084%,NA
FLG^U,"Flagstar Bank, N.A. Bifurcated Option Note Unit SecuritiES",$37.79,UNCH,--,NA
FMAC,Future Money Acquisition Corporation Ordinary Shares,$10.06,-0.03,-0.297%,NA
FMACR,Future Money Acquisition Corporation Rights,$0.16,0.0047,3.026%,NA
FMY,First Trust Mortgage Income Fund Common Shares of Beneficial Interest,$11.275,0.065,0.58%,NA
FOUR^A,"Shift4 Payments, Inc. 6.00% Series A Mandatory Convertible Preferred Stock",$51.26,-1.11,-2.12%,NA
FPF,First Trust Intermediate Duration Preferred & Income Fund Common Shares of Beneficial Interest,$16.04,-0.26,-1.595%,NA
FRT^C,"Federal Realty Investment Trust Depositary Shares, each representing a 1/1000th interest in a 5.000% Series C Cumulative Redeemable Preferred Share",$18.42,-0.187,-1.005%,NA
FSHP,Flag Ship Acquisition Corp. Ordinary Shares,$11.29,0.01,0.089%,NA
FSHPR,Flag Ship Acquisition Corp. Right,$0.0875,UNCH,--,NA
FSSL,FS Specialty Lending Fund Common Shares of Beneficial Interest,$11.48,-0.07,-0.606%,NA
FTHA,Forefront Tech Holdings Acquisition Corp Class A Ordinary Shares,$9.98,0.009,0.09%,NA
FTRA,FutureCorp Space Acquisition 1 Class A Ordinary Shares,$9.865,0.005,0.051%,NA
FVAV,Fortress Value Acquisition Corp. V Class A Ordinary Shares,$10.28,UNCH,--,NA
FVN,Future Vision II Acquisition Corporation Ordinary shares,$9.66,-0.06,-0.617%,NA
FVNNR,Future Vision II Acquisition Corporation Right,$0.19,UNCH,--,NA
FVNNU,Future Vision II Acquisition Corporation Units,$11.00,0.81,7.949%,NA
FWAC,Futurewave Acquisition Corporation Ordinary Shares,$9.94,UNCH,--,NA
FWACR,Futurewave Acquisition Corporation Rights,$0.1325,UNCH,--,NA
FWACW,Futurewave Acquisition Corporation Warrants,$0.04,UNCH,--,NA
FXAC,FortuneX Acquisition Corporation Ordinary shares,$10.08,UNCH,--,NA
FXACU,FortuneX Acquisition Corporation Units,$10.35,-0.01,-0.097%,NA
FXACW,FortuneX Acquisition Corporation Warrant,$0.16,UNCH,--,NA
GAB^G,"Gabelli Equity Trust, Inc. (The) Series G Cumulative Preferred Stock",$18.30,-0.12,-0.651%,NA
GAB^H,"Gabelli Equity Trust, Inc. (The) Pfd Ser H",$18.25,-0.13,-0.707%,NA
GAB^K,"Gabelli Equity Trust, Inc. (The) 5.00% Series K Cumulative Preferred Stock",$18.26,-0.20,-1.083%,NA
GAING,Gladstone Investment Corporation 7.125% Notes due 2031,$25.05,-0.02,-0.08%,NA
GAINI,Gladstone Investment Corporation 7.875% Notes due 2030,$25.392,-0.013,-0.051%,NA
GAM^B,"General American Investors Company, Inc. Cumulative Preferred Stock",$22.6384,-0.0316,-0.139%,NA
GCGR,General Catalyst Global Resilience Merger Corp. Class A Ordinary Shares,$10.12,UNCH,--,NA
GCGRW,General Catalyst Global Resilience Merger Corp. Warrants,$0.65,UNCH,--,NA
GDL,"GDL Fund, The Common Shares of Beneficial Interest",$8.3401,-0.0199,-0.238%,NA
GDO,Western Asset Global Corporate Opportunity Fund Inc. Common Stock,$9.39,-0.13,-1.366%,NA
GDV^H,The Gabelli Dividend & Income Trust 5.375% Series H Cumulative Preferred Shares,$20.50,0.30,1.485%,NA
GDV^K,The Gabelli Dividend & Income Trust 4.250% Series K Cumulative Preferred Shares,$16.07,-0.12,-0.741%,NA
GECCG,Great Elm Capital Corp. 7.75% Notes Due 2030,$24.48,-0.23,-0.931%,NA
GECCH,Great Elm Capital Corp. 8.125% Notes Due 2029,$24.85,-0.30,-1.193%,NA
GECCI,Great Elm Capital Corp. 8.50% NOTES DUE 2029,$24.99,-0.05,-0.20%,NA
GF,"New Germany Fund, Inc. (The) Common Stock",$10.72,-0.03,-0.279%,NA
GGN,"GAMCO Global Gold, Natural Resources & Income Trust",$5.29,-0.13,-2.399%,NA
GGN^B,"GAMCO Global Gold, Natural Reources & Income Trust 5.00% Series B Cumulative 25.00 Liquidation Preference",$18.05,-0.13,-0.715%,NA
GGT^E,Gabelli Multi-Media Trust Inc. (The) 5.125% Series E Cumulative Preferred Stock,$19.9801,-0.0155,-0.078%,NA
GGT^G,Gabelli Multi-Media Trust Inc. (The) 5.125% Series G Cumulative Preferred Shares,$20.03,-0.16,-0.792%,NA
GHXI,"Gores Holdings XI, Inc. Class A Ordinary Shares",$9.9901,-0.0099,-0.099%,NA
GHXIU,"Gores Holdings XI, Inc. Units",$10.18,UNCH,--,NA
GHY,"PGIM Global High Yield Fund, Inc.",$10.91,-0.11,-0.998%,NA
GIW,GigCapital8 Corp. Class A Ordinary Shares,$10.17,0.01,0.098%,NA
GIX,GigCapital9 Corp. Class A Ordinary Share,$10.005,UNCH,--,NA
GIXXR,GigCapital9 Corp. Rights,$0.23,-0.005,-2.128%,NA
GJH,Synthetic Fixed-Income Securities Inc 6.375% (STRATS) Cl A-1,$9.36,-0.07,-0.742%,NA
GJO,"Synthetic Fixed-Income Securities, Inc. on behalf of STRATS(SM) Trust for Wal-Mart Stores, Inc. Securities, Series 2004-5",$24.62,-0.12,-0.485%,NA
GJP,"Synthetic Fixed-Income Securities, Inc. on behalf of STRATS (SM) Trust for Dominion Resources, Inc. Securities, Series 2005-6, Floating Rate Structured Repackaged Asset-Backed Trust Securities (STRATS) Certificates",$24.22,-0.26,-1.062%,NA
GJR,"Synthetic Fixed-Income Securities, Inc. STRATS Trust for Procter&Gamble Securities, Series 2006-1",$24.60,UNCH,--,NA
GJT,"Synthetic Fixed-Income Securities, Inc. Floating Rate Structured Repackaged Asset-Backed Trust Securities Certificates, Series 2006-3",$23.22,-0.015,-0.065%,NA
GL^D,Globe Life Inc. 4.25% Junior Subordinated Debentures due 2061,$14.5999,0.0316,0.217%,NA
GLED,GalaxyEdge Acquisition Corporation Ordinary Shares,$10.02,UNCH,--,NA
GLO,Clough Global Opportunities Fund Common Stock,$5.27,-0.11,-2.045%,NA
GLOP^A,GasLog Partners LP 8.625% Series A Cumulative Redeemable Perpetual Fixed to Floating Rate Preference Units,$25.25,-0.06,-0.237%,NA
GLOP^B,GasLog Partners LP 8.200% Series B Cumulative Redeemable Perpetual Fixed to Floating Rate Preference Units,$25.65,-0.05,-0.195%,NA
GLOP^C,GasLog Partners LP 8.500% Series C Cumulative Redeemable Perpetual Fixed to Floating Rate Preference Units,$25.58,0.08,0.314%,NA
GLQ,Clough Global Equity Fund Clough Global Equity Fund Common Shares of Beneficial Interest,$7.50,-0.22,-2.85%,NA
GLU^A,The Gabelli Global Utility and Income Trust Series A Cumulative Puttable and Callable Preferred Shares,$50.50,UNCH,--,NA
GNL^A,"Global Net Lease, Inc. 7.25% Series A Cumulative Redeemable Preferred Stock, $0.01 par value per share",$22.40,-0.0703,-0.313%,NA
GNL^B,"Global Net Lease, Inc. 6.875% Series B Cumulative Redeemable Perpetual Preferred Stock",$21.1899,UNCH,--,NA
GNL^D,"Global Net Lease, Inc. 7.50% Series D Cumulative Redeemable Perpetual Preferred Stock",$22.4999,-0.0001,0.00%,NA
GNL^E,"Global Net Lease, Inc. 7.375% Series E Cumulative Redeemable Perpetual Preferred Stock",$22.34,-0.01,-0.045%,NA
GNT^A,"GAMCO Natural Resources, Gold & Income Tust  5.20% Series A Cumulative Preferred Shares (Liquidation Preference $25.00 per share)",$19.40,0.0457,0.236%,NA
GOF,Guggenheim Strategic Opportunities Fund Common Shares of Beneficial Interest,$8.49,-0.06,-0.702%,NA
GPAC,General Purpose Acquisition Corp. Class A Ordinary Shares,$10.09,UNCH,--,NA
GPAT,GP-Act III Acquisition Corp. Class A Ordinary Share,$11.02,-0.06,-0.542%,NA
GPATU,GP-Act III Acquisition Corp. Units,$10.99,UNCH,--,NA
GPMT^A,Granite Point Mortgage Trust Inc. 7.00% Series A Fixed-to-Floating Rate Cumulative Redeemable Preferred Stock,$14.42,-0.54,-3.61%,NA
GPUS^D,"Hyperscale Data, Inc. 13.00% Series D Cumulative Redeemable Perpetual Preferred Stock",$19.05,2.30,13.731%,NA
GRBK^A,"Green Brick Partners, Inc. Depositary Shares (each representing a 1/1000th fractional interest in a share of 5.75% Series A Cumulative Perpetual Preferred Stock)",$20.70,-0.15,-0.719%,NA
GRF,"Eagle Capital Growth Fund, Inc. Common Stock",$9.7238,-0.4462,-4.387%,NA
GS^A,"Goldman Sachs Group, Inc. (The) Depositary Shares each representing 1/1000th Interest in a Share of Floating Rate Non-Cumulative Preferred Stock Series A",$19.125,-0.035,-0.183%,NA
GS^C,"Goldman Sachs Group, Inc. (The) Depositary Share repstg 1/1000th Preferred Series C",$19.40,-0.206,-1.051%,NA
GS^D,"Goldman Sachs Group, Inc. (The) Dep Shs repstg 1/1000 Pfd Ser D Fltg",$18.90,-0.10,-0.526%,NA
GSHR,Gesher Acquisition Corp. II Class A Ordinary Shares,$10.57,UNCH,--,NA
GSL^B,"Global Ship Lease, Inc. Depository Shares Representing 1/100th Perpetual Preferred Series B% (Marshall Island)",$26.00,-0.3978,-1.507%,NA
GSRF,GSR IV Acquisition Corp. Class A ordinary share,$10.23,UNCH,--,NA
GSRFU,GSR IV Acquisition Corp. Units,$10.58,UNCH,--,NA
GSRV,GSR V Acquisition Corp. Class A ordinary shares,$9.89,UNCH,--,NA
GTEN,"Gores Holdings X, Inc. Class A ordinary shares",$10.49,UNCH,--,NA
GTERA,Globa Terra Acquisition Corporation Class A Ordinary Shares,$10.45,0.03,0.288%,NA
GTERR,Globa Terra Acquisition Corporation Rights,$0.0502,UNCH,--,NA
GTERU,Globa Terra Acquisition Corporation Units,$10.45,-0.05,-0.476%,NA
GTERW,Globa Terra Acquisition Corporation Warrants,$0.037,-0.001,-2.632%,NA
GUAC,Berto Acquisition Corp. II Ordinary Shares,$9.91,0.009,0.091%,NA
GUG,Guggenheim Active Allocation Fund Common Shares of Beneficial Interest,$13.82,-0.11,-0.79%,NA
GUT^C,Gabelli Utility Trust (The) 5.375% Series C Cumulative Preferred Shares,$19.9523,-0.0277,-0.139%,NA
HACQ,HCM IV Acquisition Corp. Class A Ordinary Share,$10.035,UNCH,--,NA
HACQU,HCM IV Acquisition Corp. Unit,$10.15,UNCH,--,NA
HAVA,Harvard Ave Acquisition Corporation Class A Ordinary Share,$10.24,0.02,0.196%,NA
HAVAU,Harvard Ave Acquisition Corporation Unit,$10.30,0.07,0.684%,NA
HCAC,Hall Chadwick Acquisition Corp Class A Ordinary Shares,$10.11,-0.01,-0.099%,NA
HCIC,Hennessy Capital Investment Corp. VIII Class A Ordinary Shares,$9.98,UNCH,--,NA
HCICR,Hennessy Capital Investment Corp. VIII Share Rights,$0.0959,-0.0091,-8.667%,NA
HCMAU,HCM III Acquisition Corp. Units,$10.47,UNCH,--,NA
HEI/A,Heico Corporation,$230.63,-1.39,-0.599%,NA
HEQ,John Hancock Diversified Income Fund Common Shares of Beneficial Interest,$11.20,0.01,0.089%,NA
HERZ,"Herzfeld Credit Income Fund, Inc. Common Stock",$15.40,-0.14,-0.901%,NA
HFRO,Highland Opportunities and Income Fund Common Shares of Beneficial Interest,$6.64,-0.15,-2.209%,NA
HFRO^A,Highland Opportunities and Income Fund 5.375% Series A Cumulative Preferred Shares,$15.6101,-0.2099,-1.327%,NA
HFRO^B,Highland Opportunities and Income Fund 5.375% Series B Cumulative Preferred Shares,$15.5564,-0.0536,-0.343%,NA
HGLB,Highland Global Allocation Fund Common Stock,$6.62,-0.26,-3.779%,NA
HIG^G,"The Hartford Insurance Group, Inc. Depositary Shares each representing a 1/1000th interest in a share of 6.000% Non-Cumulative Preferred Stock, Series G",$22.16,-0.445,-1.969%,NA
HIO,"Western Asset High Income Opportunity Fund, Inc. Common Stock",$3.27,-0.01,-0.305%,NA
HIX,Western Asset High Income Fund II Inc. Common Stock,$3.52,-0.05,-1.401%,NA
HL^B,Hecla Mining Company Preferred Stock,$72.00,UNCH,--,NA
HLXC,Helix Acquisition Corp. III Class A Ordinary Shares,$10.75,-0.19,-1.737%,NA
HPE^C,Hewlett Packard Enterprise Company 7.625% Series C Mandatory Convertible Preferred Stock,$160.50,-0.73,-0.453%,NA
HPF,John Hancock Pfd Income Fund II Pfd Income Fund II,$13.38,-0.40,-2.903%,NA
HPI,John Hancock Preferred Income Fund Common Shares of Beneficial Interest,$13.87,-0.44,-3.075%,NA
HPP^C,"Hudson Pacific Properties, Inc. 4.750% Series C Cumulative Redeemable Preferred Stock",$14.25,UNCH,--,NA
HPS,John Hancock Preferred Income Fund III Preferred Income Fund III,$12.10,-0.32,-2.576%,NA
HTD,John Hancock Tax Advantaged Dividend Income Fund Common Shares of Beneficial Interest,$22.11,-0.38,-1.69%,NA
HVMC,Highview Merger Corp. Class A Ordinary Share,$10.26,UNCH,--,NA
HVMCW,Highview Merger Corp. Warrants,$0.22,UNCH,--,NA
HVT/A,"Haverty Furniture Companies, Inc.",$28.09,UNCH,--,NA
HYI,Western Asset High Yield Opportunity Fund Inc. Common Stock,$9.83,-0.06,-0.607%,NA
HYT,"Blackrock Corporate High Yield Fund, Inc. Common Stock",$7.77,-0.02,-0.257%,NA
IACO,Idea Acquisition Corp. Class A Ordinary Shares,$10.00,UNCH,--,NA
IACOU,Idea Acquisition Corp. Units,$10.05,UNCH,--,NA
IACOW,Idea Acquisition Corp. Warrants,$0.275,UNCH,--,NA
IACQ,Irenic Acquisition Corp. Class A Ordinary Shares,$9.9181,0.008,0.081%,NA
IAE,Voya Asia Pacific High Dividend Equity Income Fund ING Asia Pacific High Dividend Equity Income Fund Common Shares of Beneficial Interest,$8.85,-0.03,-0.338%,NA
IAF,"abrdn Australia Equity Fund, Inc. Common Stock",$12.68,0.06,0.475%,NA
IBAC,IB Acquisition Corp. Common Stock,$11.30,UNCH,--,NA
IBACR,IB Acquisition Corp. Right,$0.12,0.01,9.091%,NA
ICR^A,"InPoint Commercial Real Estate Income, Inc. 6.75% Series A Cumulative Redeemable Preferred Stock",$21.82,-0.2196,-0.996%,NA
IDAC,Iron Dome Acquisition I Corp. Class A Ordinary Shares,$9.99,-0.01,-0.10%,NA
IDACW,Iron Dome Acquisition I Corp. Warrant,$0.32,UNCH,--,NA
IDE,"Voya Infrastructure, Industrials and Materials Fund Common Shares of Beneficial Interest",$12.15,-0.13,-1.059%,NA
IEAG,Infinite Eagle Acquisition Corp. Class A Ordinary Shares,$10.22,UNCH,--,NA
IEAGR,Infinite Eagle Acquisition Corp. Rights,$0.20,UNCH,--,NA
IEAGU,Infinite Eagle Acquisition Corp. Unit,$10.37,UNCH,--,NA
IFN,"Aberdeen India Fund, Inc. Common Stock",$10.65,-0.23,-2.114%,NA
IGA,Voya Global Advantage and Premium Opportunity Fund Common Shares of Beneficial Interest,$10.13,-0.17,-1.65%,NA
IGAC,Invest Green Acquisition Corporation Class A Ordinary Shares,$10.11,-0.03,-0.296%,NA
IGACU,Invest Green Acquisition Corporation Units,$10.1801,UNCH,--,NA
IGD,Voya Global Equity Dividend and Premium Opportunity Fund,$6.27,-0.10,-1.57%,NA
IGI,Western Asset Investment Grade Opportunity Trust Inc. Common Stock,$15.80,0.0499,0.317%,NA
IGR,CBRE Global Real Estate Income Fund Common Shares of Beneficial Interest,$11.73,-0.16,-1.346%,NA
IHD,Voya Emerging Markets High Income Dividend Equity Fund Common Shares,$7.64,-0.03,-0.391%,NA
IIF,"Morgan Stanley India Investment Fund, Inc. Common Stock",$21.69,-0.33,-1.499%,NA
IIPR^A,"Innovative Industrial Properties, Inc. 9.00% Series A Cumulative Redeemable Preferred Stock",$24.845,-0.0651,-0.261%,NA
INAC,Indigo Acquisition Corp. Ordinary Shares,$10.33,UNCH,--,NA
INACR,Indigo Acquisition Corp. Right,$0.10,UNCH,--,NA
INN^E,"Summit Hotel Properties, Inc. 6.250% Series E Cumulative Redeemable Preferred Stock",$16.9446,-0.1254,-0.735%,NA
INN^F,"Summit Hotel Properties, Inc. 5.875% Series F Cumulative Redeemable Preferred Stock, $0.01 par value per share",$16.39,0.02,0.122%,NA
IPFX,Inflection Point Acquisition Corp. VI Class A Ordinary Shares,$10.055,0.005,0.05%,NA
IPFXW,Inflection Point Acquisition Corp. VI Warrant,$0.7769,-0.0031,-0.397%,NA
IPHXU,Inflection Point Acquisition Corp. VIII Unit,$10.07,-0.0099,-0.098%,NA
IPVV,"InterPrivate Investment Partners V, Inc. Class A Ordinary Shares",$9.86,UNCH,--,NA
IPXG,Inflection Point Acquisition Corp. VII Class A Ordinary Shares,$10.045,UNCH,--,NA
IPXGW,Inflection Point Acquisition Corp. VII Warrant,$0.672,0.0119,1.803%,NA
IRAB,Iris Acquisition Corp II Class A Ordinary Shares,$10.00,UNCH,--,NA
IRHO,Iron Horse Acquisitions II Corp. Common Stock,$10.07,0.01,0.099%,NA
IRHOR,Iron Horse Acquisitions Corp. II Rights,$0.1583,-0.0217,-12.056%,NA
ISD,"PGIM High Yield Bond Fund, Inc.",$11.61,-0.07,-0.599%,NA
ISNR,Snow Rothschild Acquisition Corp. Class A Ordinary Shares,$9.83,UNCH,--,NA
ISNRU,Snow Rothschild Acquisition Corp. Units,$9.92,-0.04,-0.402%,NA
ISNRW,Snow Rothschild Acquisition Corp. Warrants,$0.26,UNCH,--,NA
ITHA,ITHAX Acquisition Corp III Class A Ordinary Shares,$10.06,UNCH,--,NA
IVR^C,"INVESCO MORTGAGE CAPITAL INC 7.5% Fixed-to-Floating Series C Cumulative Redeemable Preferred Stock, Liquation Preference $25.00 per Share",$24.02,0.07,0.292%,NA
JACS,Jackson Acquisition Company II Class A Ordinary Shares,$10.83,UNCH,--,NA
JATT,JATT II Acquisition Corp Ordinary Shares,$11.25,0.10,0.897%,NA
JBK,Lehman ABS 3.50 3.50% Adjustable Corp Backed Tr Certs GS Cap I,$25.32,UNCH,--,NA
JCE,Nuveen Core Equity Alpha Fund Common Shares of Beneficial Interest,$16.79,-0.02,-0.119%,NA
JENA,Jena Acquisition Corporation II Class A Ordinary Shares,$10.43,0.04,0.385%,NA
JFR,Nuveen Floating Rate Income Fund Common Stock,$7.26,-0.07,-0.955%,NA
JGH,Nuveen Global High Income Fund Common Shares of Beneficial Interest,$11.53,-0.13,-1.115%,NA
JLS,Nuveen Mortgage and Income Fund,$16.13,-0.02,-0.124%,NA
JMM,Nuveen Multi-Market Income Fund (MA),$5.48,-0.075,-1.35%,NA
JOF,Japan Smaller Capitalization Fund Inc Common Stock,$12.65,-0.01,-0.079%,NA
JONE,Jones Ventures INTL Acquisition1 Corp Class A Ordinary Shares,$9.82,-0.01,-0.102%,NA
JONER,Jones Ventures INTL Acquisition1 Corp Rights,$0.15,UNCH,--,NA
JONEU,Jones Ventures INTL Acquisition1 Corp Units,$9.99,-0.01,-0.10%,NA
JPC,Nuveen Preferred & Income Opportunities Fund,$6.76,-0.06,-0.88%,NA
JPM^C,"J P Morgan Chase & Co Depositary Shares, each representing a 1/400th interest in a share of 6.00% Non-Cumulative  Preferred Stock, Series EE",$22.88,-0.17,-0.738%,NA
JPM^D,"J P Morgan Chase & Co Depositary Shares, each representing a 1/400th  interest in a share of 5.75% Non-Cumulative  Preferred Stock, Series DD",$21.68,-0.20,-0.914%,NA
JPM^J,"J P Morgan Chase & Co Depositary Shares, each representing a 1/400th interest in a share of JPMorgan Chase & Co. 4.75% Non-Cumulative Preferred Stock, Series GG",$17.60,-0.12,-0.677%,NA
JPM^K,"J P Morgan Chase & Co Depositary Shares, each representing a 1/400th interest in a share of 4.55% Non-Cumulative Preferred Stock, Series JJ",$16.91,-0.08,-0.471%,NA
JPM^L,"J P Morgan Chase & Co Depositary Shares, each representing a 1/400th interest in a share of 4.625% Non-Cumulative Preferred Stock, Series LL",$17.20,-0.12,-0.693%,NA
JPM^M,"J P Morgan Chase & Co Depositary Shares, each representing a 1/400th interest in a share of 4.20% Non-Cumulative Preferred Stock, Series MM",$15.97,-0.05,-0.312%,NA
JQC,Nuveen Credit Strategies Income Fund Shares of Beneficial Interest,$4.69,-0.02,-0.425%,NA
JRI,Nuveen Real Asset Income and Growth Fund Common Shares of Beneficial Interest,$10.77,-0.25,-2.269%,NA
JRS,Nuveen Real Estate Income Fund Common Shares of Beneficial Interest,$7.29,-0.13,-1.752%,NA
JTTT,JATT III Acquisition Corp Ordinary Shares,$10.88,-0.06,-0.548%,NA
JXN^A,"Jackson Financial Inc. Depositary Shares, each representing a 1/1,000th interest in a share of Fixed-Rate Reset Noncumulative Perpetual Preferred Stock, Series A",$25.45,-0.02,-0.079%,NA
KBON,Karbon Capital Partners Corp. Class A Ordinary Shares,$10.07,UNCH,--,NA
KBONU,Karbon Capital Partners Corp. Units,$10.30,UNCH,--,NA
KBONW,Karbon Capital Partners Corp. Warrant,$0.62,UNCH,--,NA
KCHV,Kochav Defense Acquisition Corp. Class A Ordinary Shares,$10.45,UNCH,--,NA
KCHVR,Kochav Defense Acquisition Corp. Right,$0.10,-0.0199,-16.597%,NA
KCHVU,Kochav Defense Acquisition Corp. Units,$10.52,UNCH,--,NA
KEY^I,"KeyCorp Depositary Shares Each Representing a 1/40th Ownership Interest in a Share of Fixed-to-Floating Rate Perpetual Non-Cumulative Preferred Stock, Series E",$24.98,-0.03,-0.12%,NA
KEY^J,"KeyCorp Depositary Shares each representing a 1/40th ownership interest in a share of Fixed Rate Perpetual Non-Cumulative Preferred Stock, Series F",$19.59,-0.20,-1.011%,NA
KEY^K,"KeyCorp Depositary Shares, each representing a 1/40th ownership interest in a share of Fixed Rate Perpetual Non-Cumulative Preferred Stock, Series G",$19.565,-0.195,-0.987%,NA
KEY^L,"KeyCorp Depositary Shares each representing a 1/40th ownership interest in a share of Fixed Rate Perpetual Non-Cumulative Preferred Stock, Series H",$24.75,0.01,0.04%,NA
KEYY,Keystone Acquisition Corp. Class A Ordinary Shares,$9.915,0.005,0.05%,NA
KEYYW,Keystone Acquisition Corp. Warrants,$0.37,-0.03,-7.50%,NA
KF,"Korea Fund, Inc. (The) New Common Stock",$65.82,-1.29,-1.922%,NA
KFII,K&F Growth Acquisition Corp. II Class A Ordinary shares,$10.67,UNCH,--,NA
KFIIR,K&F Growth Acquisition Corp. II Rights,$0.10,UNCH,--,NA
KIM^L,"Kimco Realty Corporation Class L Depositary Shares, each of which represents a one-one thousandth fractional interest in a share of 5.125% Class L Cumulative Redeemable Preferred Stock, liquidation preference $25,000.00 per share",$19.73,-0.13,-0.655%,NA
KIM^M,"Kimco Realty Corporation Class M Depositary Shares, each of which represents a one-one thousandth fractional interest in a share of 5.25% Class M Cumulative Redeemable Preferred Stock, liquidation preference $25,000.00 per share",$19.90,-0.19,-0.946%,NA
KIM^N,"Kimco Realty Corporation Depositary Shares, each representing 1/1,000th interest in a share of 7.25% Class N Cumulative Convertible Perpetual Preferred Stock",$61.08,-0.005,-0.008%,NA
KIO,KKR Income Opportunities Fund Common Shares,$10.22,-0.22,-2.107%,NA
KKR^D,KKR & Co. Inc. 6.25% Series D Mandatory Convertible Preferred Stock,$41.54,-1.32,-3.08%,NA
KKRT,KKR & Co. Inc. 6.875% Subordinated Notes due 2065,$22.79,-0.33,-1.427%,NA
KOYN,CSLM Digital Asset Acquisition Corp III Class A Ordinary Shares,$10.245,0.015,0.147%,NA
KOYNU,CSLM Digital Asset Acquisition Corp III Units,$10.33,0.04,0.389%,NA
KOYNW,CSLM Digital Asset Acquisition Corp III Warrants,$0.18,UNCH,--,NA
KPET,KPET Ultra Paceline Corporation Class A Ordinary Shares,$9.99,UNCH,--,NA
KRAQ,KRAKacquisition Corp Class A Ordinary Shares,$10.01,-0.0094,-0.094%,NA
KRAQW,KRAKacquisition Corp Warrants,$0.41,-0.0001,-0.024%,NA
KREF^A,KKR Real Estate Finance Trust Inc. 6.50% Series A Cumulative Redeemable Preferred Stock,$18.39,0.21,1.155%,NA
KRSP,Rice Acquisition Corporation 3 Class A Ordinary Shares,$10.80,-0.20,-1.818%,NA
KTH,Structures Products Cp 8% CorTS Issued by Peco Energy Cap Tr II Preferred Stock,$28.40,-0.1001,-0.351%,NA
KTN,Structured Products Corp 8.205% CorTS 8.205% Corporate Backed Trust Securities (CorTS),$25.62,0.02,0.078%,NA
LAFA,LaFayette Acquisition Corp. Ordinary Share,$10.20,0.01,0.098%,NA
LAFAR,LaFayette Acquisition Corp. Rights,$0.0702,-0.0098,-12.25%,NA
LAFAU,LaFayette Acquisition Corp. Unit,$10.22,UNCH,--,NA
LATA,Galata Acquisition Corp. II Class A Ordinary Shares,$10.19,UNCH,--,NA
LATAU,Galata Acquisition Corp. II Units,$10.30,UNCH,--,NA
LATAW,Galata Acquisition Corp. II Warrant,$0.215,UNCH,--,NA
LCCC,Lakeshore Acquisition III Corp. Ordinary Shares,$10.52,UNCH,--,NA
LDP,"Cohen & Steers Limited Duration Preferred and Income Fund, Inc.",$18.92,-0.37,-1.918%,NA
LEDRU,Leader's Advantage Acquisition Corp. Units,$9.97,UNCH,--,NA
LFAC,Leapfrog Acquisition Corporation Class A Ordinary Shares,$10.09,UNCH,--,NA
LFT^A,"Lument Finance Trust, Inc. 7.875% Series A Cumulative Redeemable Preferred Stock",$16.48,0.1124,0.687%,NA
LGI,Lazard Global Total Return and Income Fund Common Stock,$17.09,-0.09,-0.524%,NA
LKSP,Lake Superior Acquisition Corp. Class A Ordinary Shares,$10.24,-0.01,-0.098%,NA
LKSPR,Lake Superior Acquisition Corp. Rights,$1.20,UNCH,--,NA
LKSPU,Lake Superior Acquisition Corp. Units,$10.37,-0.03,-0.288%,NA
LNC^D,"Lincoln National Corporation Depositary Shares Each Representing a 1/1,000th Interest in a Share of 9.000% Non-Cumulative Preferred Stock, Series D",$25.69,-0.16,-0.619%,NA
LOB^A,"Live Oak Bancshares, Inc. Depositary Shares, Each Representing a 1/40th Interest in a Share of 8.375% Fixed Rate Series A Non-Cumulative Perpetual Preferred Stock",$25.015,-0.135,-0.537%,NA
LOVIU,Live Oak Acquisition Corp. VI Units,$10.01,UNCH,--,NA
LPAA,Launch One Acquisition Corp. Class A Ordinary shares,$10.76,UNCH,--,NA
LPBB,Launch Two Acquisition Corp. Class A Ordinary Shares,$10.83,UNCH,--,NA
LPBBU,Launch Two Acquisition Corp. Unit,$10.87,0.02,0.184%,NA
LPBBW,Launch Two Acquisition Corp. Warrant,$0.1401,-0.03,-17.637%,NA
LPCV,Launchpad Cadenza Acquisition Corp I Class A Ordinary Share,$10.08,UNCH,--,NA
LTGR,Long Table Growth Corp. Class A Ordinary Shares,$9.99,UNCH,--,NA
LTGRW,Long Table Growth Corp. Warrants,$0.26,UNCH,--,NA
LWAC,LightWave Acquisition Corp. Class A Ordinary Shares,$10.3821,UNCH,--,NA
LWACW,LightWave Acquisition Corp. Warrants,$0.1349,UNCH,--,NA
LXP^C,LXP Industrial Trust 6.5% Series C Cumulative Convertible Preferred Stock,$49.49,0.155,0.314%,NA
MAA^I,"Mid-America Apartment Communities, Inc. 8.50% Series I Cumulative Redeemable Preferred Stock",$50.15,UNCH,--,NA
MACI,Melar Acquisition Corp. I Class A Ordinary Shares,$11.0899,0.0399,0.361%,NA
MBVI,M3-Brigade Acquisition VI Corp. Class A Ordinary Shares,$10.24,UNCH,--,NA
MCAH,Mountain Crest Acquisition 6 Corp. Ordinary Shares,$10.03,UNCH,--,NA
MCAHU,Mountain Crest Acquisition 6 Corp. Units,$10.2599,0.0299,0.292%,NA
MCGA,Yorkville Acquisition Corp. Class A Ordinary Share,$10.35,-0.005,-0.048%,NA
MCGAU,Yorkville Acquisition Corp. Unit,$10.335,UNCH,--,NA
MCGAW,Yorkville Acquisition Corp. Warrant,$0.332,UNCH,--,NA
MCN,XAI Madison Equity Premium Income Fund Common Shares,$5.27,UNCH,--,NA
MEGI,NYLIM CBRE Global Infrastructure Megatrends Term Fund Common Shares,$13.31,-0.29,-2.132%,NA
MER^K,"Bank of America Corporation Income Capital Obligation Notes initially due December 15, 2066",$23.53,-0.05,-0.212%,NA
MESH,Meshflow Acquisition Corp. Class A Ordinary Shares,$10.08,0.005,0.05%,NA
MESHW,Meshflow Acquisition Corp. Warrants,$0.24,UNCH,--,NA
MET^A,"MetLife, Inc. Preferred Series A Floating Rate",$21.44,0.02,0.093%,NA
MET^E,"MetLife, Inc. Depositary Shares ",$20.14,-0.07,-0.346%,NA
MET^F,"MetLife, Inc. Depositary Shares, each representing a 1/1,000th interest in a share of 4.75% Non-Cumulative Preferred Stock, Series F",$16.91,-0.10,-0.588%,NA
METCI,"Ramaco Resources, Inc. 8.250% Senior Notes due 2030",$25.25,-0.1001,-0.395%,NA
METCZ,"Ramaco Resources, Inc. 8.375% Senior Notes due 2029",$25.29,-0.1101,-0.433%,NA
MEVO,M Evo Global Acquisition Corp II Class A Ordinary Shares,$10.00,UNCH,--,NA
MEVOW,M Evo Global Acquisition Corp II Warrants,$0.2527,-0.0473,-15.767%,NA
MFA^B,"MFA Financial, Inc. Preferred Series B",$18.239,-0.221,-1.197%,NA
MFA^C,"MFA Financial, Inc. 6.50% Series C Fixed-to-Floating Rate Cumulative Redeemable Preferred Stock",$22.00,-0.3831,-1.712%,NA
MHF,"Western Asset Municipal High Income Fund, Inc. Common Stock",$6.02,-0.12,-1.954%,NA
MIAC,Meridian3 Industrials Acquisition Corp Class A Ordinary Shares,$9.81,UNCH,--,NA
MITT^A,"TPG Mortgage Investment Trust, Inc. 8.25% Series A Cumulative Redeemable Preferred Stock",$20.22,-0.67,-3.207%,NA
MITT^B,"TPG Mortgage Investment Trust, Inc. 8.00% Series B Cumulative Redeemable Preferred Stock",$19.09,-0.2001,-1.037%,NA
MITT^C,"TPG Mortgage Investment Trust, Inc. 8.00% Series C Fixed-to-Floating Rate Cumulative Redeemable Preferred Stock, $0.01 par value per share",$24.78,-0.0373,-0.15%,NA
MKLY,McKinley Acquisition Corporation Class A Ordinary Shares,$10.26,-0.02,-0.195%,NA
MKLYR,McKinley Acquisition Corporation Rights,$0.24,-0.0025,-1.031%,NA
MLAA,Mountain Lake Acquisition Corp. II Class A Ordinary Shares,$10.01,UNCH,--,NA
MLCIL,Mount Logan Capital Inc. 8.00% Notes Due 2031,$22.40,0.19,0.855%,NA
MMD,NYLIM MacKay DefinedTerm Muni Opportunities Fund Common Shares,$13.38,-0.43,-3.114%,NA
MMTX,Miluna Acquisition Corp Class A Ordinary Share,$10.20,UNCH,--,NA
MMTXW,Miluna Acquisition Corp Warrant,$0.1056,UNCH,--,NA
MMU,"Western Asset Managed Municipals Fund, Inc. Common Stock",$8.83,-0.15,-1.67%,NA
MPA,Blackrock MuniYield Pennsylvania Quality Fund Common Stock,$9.70,-0.13,-1.322%,NA
MRCO,Mercator Acquisition Corp. Class A Ordinary Shares,$9.86,UNCH,--,NA
MRCOW,Mercator Acquisition Corp. Warrant,$0.31,UNCH,--,NA
MS^A,Morgan Stanley Dep Shs repstg 1/1000 Pfd Ser A,$19.20,UNCH,--,NA
MS^E,Morgan Stanley DEPOSITARY SHARES REP 1/1000TH SHARES FIXED/FLTG PREFERRED STOCK SERIES E,$25.38,-0.04,-0.157%,NA
MS^F,Morgan Stanley Dep Shs Rpstg 1/1000th Int Prd Ser F Fxd to Flag,$25.17,0.01,0.04%,NA
MS^I,Morgan Stanley Depository Shares Representing 1/1000th Preferred Series 1 Fixed to Floating Non (Cum),$23.50,-0.05,-0.212%,NA
MS^K,"Morgan Stanley Depositary Shares, each representing 1/1,000th of a share of Fixed-to-Floating Rate Non-Cumulative Preferred Stock,  Series K",$21.57,-0.08,-0.37%,NA
MS^L,"Morgan Stanley Depositary Shares, each representing 1/1,000th of a share of 4.875% Non-Cumulative Preferred Stock, Series L",$18.23,-0.11,-0.60%,NA
MS^O,"Morgan Stanley Depositary Shares, each representing 1/1,000th of a share of 4.250% Non-Cumulative Preferred Stock, Series O",$15.72,0.02,0.127%,NA
MS^P,"Morgan Stanley Depositary Shares, each representing 1/1,000th of a share of 6.500% Non-Cumulative Preferred Stock, Series P",$24.32,-0.19,-0.775%,NA
MS^Q,"Morgan Stanley Depositary Shares, each representing 1/1,000th of a share of 6.625% Non-Cumulative Preferred Stock, Series Q",$24.69,-0.19,-0.764%,NA
MSD,"Morgan Stanley Emerging Markets Debt Fund, Inc. Common Stock",$6.88,-0.12,-1.714%,NA
MSDL,Morgan Stanley Direct Lending Fund Common Stock,$14.16,-0.13,-0.91%,NA
MTAK,Market Technology Acquisition Corp Class A Ordinary Shares,$9.85,UNCH,--,NA
MTAKU,Market Technology Acquisition Corp Unit,$9.92,-0.01,-0.101%,NA
MTAKW,Market Technology Acquisition Corp Warrants,$0.18,UNCH,--,NA
MTB^H,"M&T Bank Corporation Perpetual Fixed-to-Floating Rate Non-Cumulative Preferred Stock, Series H",$25.06,0.08,0.32%,NA
MTB^J,"M&T Bank Corporation Depositary Shares each representing a 1/400th ownership interest in a share of Perpetual 7.500% Non-Cumulative Preferred Stock, Series J",$25.23,-0.15,-0.591%,NA
MTB^K,"M&T Bank Corporation Depositary Shares each representing a 1/400th interest in a share of Perpetual 6.350% Non-Cumulative Preferred Stock, Series K",$22.56,-0.14,-0.617%,NA
MTB^L,"M&T Bank Corporation Depositary Shares each representing a 1/400th ownership interest in a share of Perpetual 6.625% Non-Cumulative Preferred Stock, Series L",$23.50,-0.21,-0.886%,NA
MTNE,CH4 Natural Solutions Corporation Class A Ordinary Shares,$9.92,UNCH,--,NA
MUZE,Muzero Acquisition Corp Class A Ordinary Shares,$10.00,UNCH,--,NA
MXE,"Mexico Equity and Income Fund, Inc. (The) Common Stock",$12.90,-0.10,-0.769%,NA
MXF,"Mexico Fund, Inc. (The) Common Stock",$20.70,-0.01,-0.048%,NA
MYN,"Blackrock MuniYield New York Quality Fund, Inc.Common Stock",$8.77,-0.16,-1.792%,NA
MYX,Maywood Acquisition Corp. 2 Class A Ordinary Share,$10.04,UNCH,--,NA
MYXXR,Maywood Acquisition Corp. 2 Rights,$0.207,UNCH,--,NA
MZYX,MOZAYYX Acquisition Corp. Class A Ordinary Shares,$10.00,UNCH,--,NA
NAC,Nuveen California Quality Municipal Income Fund,$10.27,-0.26,-2.469%,NA
NAD,Nuveen Quality Municipal Income Fund Common Stock,$9.87,-0.23,-2.277%,NA
NAZ,Nuveen Arizona Quality Municipal Income Fund Common Stock,$10.39,-0.59,-5.373%,NA
NBB,Nuveen Taxable Municipal Income Fund Common Shares of Beneficial Interest,$14.05,-0.11,-0.777%,NA
NBH,Neuberger Municipal Fund Inc. Common Stock,$9.13,-0.09,-0.976%,NA
NBRG,Newbridge Acquisition Limited Class A Ordinary Share,$10.06,UNCH,--,NA
NBRGR,Newbridge Acquisition Limited Rights,$0.45,UNCH,--,NA
NBRGU,Newbridge Acquisition Limited Unit,$10.39,UNCH,--,NA
NBXG,Neuberger Next Generation Connectivity Fund Inc. Common Stock,$15.33,-0.28,-1.794%,NA
NCA,Nuveen California Municipal Value Fund,$8.29,-0.06,-0.719%,NA
NCO,Southern Cross Acquisition I Corp. Ordinary Shares,$9.92,0.01,0.101%,NA
NCV^A,Virtus Convertible & Income Fund 5.625% Series A Cumulative Preferred Shares,$19.10,-0.20,-1.036%,NA
NCZ^A,Virtus Convertible & Income Fund II 5.50% Series A Cumulative Preferred Shares,$18.50,-0.165,-0.884%,NA
NEA,Nuveen AMT-Free Quality Municipal Income Fund Common Shares of Beneficial Interest Par Value $.01,$9.72,-0.28,-2.80%,NA
NEE^N,"NextEra Energy Capital Holdings Inc. Series N Junior Subordinated Debentures due March 1, 2079",$19.21,-0.22,-1.132%,NA
NEE^S,"NextEra Energy, Inc. 7.299% Corporate Units",$48.62,-0.18,-0.369%,NA
NEE^T,"NextEra Energy, Inc. 7.234% Corporate Units",$45.33,-0.17,-0.374%,NA
NEE^U,"NextEra Energy, Inc. Series U Junior Subordinated Debentures due June 1, 2085",$22.47,-0.07,-0.311%,NA
NEE^V,"NextEra Energy, Inc. 7.375% Corporate Units",$43.00,-0.09,-0.209%,NA
NEE^W,"NextEra Energy Capital Holdings Inc. Series Z Junior Subordinated Debentures due April 15, 2086",$22.52,-0.025,-0.111%,NA
NEWTH,"NewtekOne, Inc. 8.625% Fixed Rate Senior Notes due 2029",$25.03,-0.105,-0.418%,NA
NEWTO,"NewtekOne, Inc. 8.50% Fixed Rate Senior Notes due 2031",$25.995,UNCH,--,NA
NFJ,"Virtus Dividend, Interest & Premium Strategy Fund Common Shares of Beneficial Interest",$15.14,UNCH,--,NA
NGL^B,NGL ENERGY PARTNERS LP 9.00% Class B Fixed-to-Floating Rate Cumulative Redeemable Perpetual Preferred Units representing limited partnership interests,$25.9061,-0.0032,-0.012%,NA
NGL^C,NGL ENERGY PARTNERS LP 9.625% Class C Fixed-to-Floating Rate Cumulative  Redeemable Perpetual Preferred Units representing  limited partner interests,$25.9901,0.1401,0.542%,NA
NHIV,NewHold Investment Corp IV Class A Ordinary Shares,$10.05,UNCH,--,NA
NHS,Neuberger High Yield Strategies Fund Inc. Common Stock,$5.40,-0.07,-1.28%,NA
NIM,Nuveen Select Maturities Municipal Fund Common Stock,$8.65,-0.17,-1.927%,NA
NKX,Nuveen California AMT-Free Quality Municipal Income Fund,$10.64,-0.19,-1.754%,NA
NLY^F,Annaly Capital Management Inc 6.95% Series F,$25.25,-0.02,-0.079%,NA
NLY^G,Annaly Capital Management Inc 6.50% Series G Fixed-to-Floating Rate Cumulative Redeemable Preferred Stock,$25.12,UNCH,--,NA
NLY^I,Annaly Capital Management Inc 6.750% Series I Fixed-to-Floating Rate Cumulative Redeemable Preferred Stock,$24.97,0.01,0.04%,NA
NLY^J,Annaly Capital Management Inc. 8.875% Series J Fixed-Rate Cumulative Redeemable Preferred Stock,$25.43,-0.10,-0.392%,NA
NMAI,Nuveen Multi-Asset Income Fund Common Shares of Beneficial Interest,$14.00,-0.09,-0.639%,NA
NMI,"Nuveen Municipal Income Fund, Inc. Common Stock",$9.71,-0.01,-0.103%,NA
NML,Neuberger Energy Infrastructure and Income Fund Inc. Common Stock,$10.14,-0.09,-0.88%,NA
NMP,NMP Acquisition Corp. Class A Ordinary Shares,$10.38,0.01,0.096%,NA
NMPAR,NMP Acquisition Corp. Right,$0.2499,0.0165,7.069%,NA
NMS,Nuveen Minnesota Quality Municipal Income Fund ,$9.74,-0.17,-1.715%,NA
NMT,Nuveen Massachusetts Quality Municipal Income Fund Common Stock,$10.23,-0.14,-1.35%,NA
NMZ,"Nuveen Municipal High Income Opportunity Fund Common Stock, $0.01 par value, per share",$8.77,-0.25,-2.772%,NA
NNY,Nuveen New York Municipal Value Fund Common Stock,$7.63,-0.14,-1.802%,NA
NOEM,CO2 Energy Transition Corp. Common Stock,$10.58,UNCH,--,NA
NOEMR,CO2 Energy Transition Corp. Right,$0.176,UNCH,--,NA
NOEMW,CO2 Energy Transition Corp. Warrant,$0.115,-0.0067,-5.505%,NA
NPAC,New Providence Acquisition Corp. III Class A Ordinary Shares,$10.49,UNCH,--,NA
NPACU,New Providence Acquisition Corp. III Units,$10.51,0.01,0.095%,NA
NPCT,Nuveen Core Plus Impact Fund Common Shares of Beneficial Interest,$9.17,-0.20,-2.134%,NA
NPFD,Nuveen Variable Rate Preferred & Income Fund Common Shares,$17.21,-0.07,-0.405%,NA
NPV,Nuveen Virginia Quality Municipal Income Fund Common Stock,$9.21,-0.28,-2.95%,NA
NREF^A,"NexPoint Real Estate Finance, Inc. 8.50% Series A Cumulative Redeemable Preferred Stock",$25.31,0.105,0.417%,NA
NRK,Nuveen New York AMT-Free Quality Municipal Income Fund ,$9.12,-0.23,-2.46%,NA
NRO,Neuberger Real Estate Securities Income Fund Inc. Common Stock,$2.58,-0.06,-2.273%,NA
NRUC,National Rural Utilities Cooperative Finance Corporation 5.500% Subordinated Notes due 2064 (Subordinated Deferrable Interest Notes),$20.86,-0.06,-0.287%,NA
NSAI,NorthStrive Acquisition Corp I. Class A Ordinary Shares,$9.87,-0.01,-0.101%,NA
NSAIR,NorthStrive Acquisition Corp I. Rights,$0.14,UNCH,--,NA
NSAIU,NorthStrive Acquisition Corp I. Units,$10.02,-0.0001,-0.001%,NA
NSAIW,NorthStrive Acquisition Corp I. Warrants,$0.05,UNCH,--,NA
NTWO,Newbury Street II Acquisition Corp Class A Ordinary Shares,$10.825,-0.035,-0.322%,NA
NTWOU,Newbury Street II Acquisition Corp Unit,$11.40,-0.10,-0.87%,NA
NTWOW,Newbury Street II Acquisition Corp Warrant,$0.95,-0.2099,-18.096%,NA
NUV,"Nuveen Municipal Value Fund, Inc. Common Stock",$8.15,-0.03,-0.367%,NA
NUW,Nuveen AMT-Free Municipal Value Fund,$12.79,-0.19,-1.464%,NA
NVG,Nuveen AMT-Free Municipal Credit Income Fund ,$10.48,-0.32,-2.963%,NA
NWAX,New America Acquisition I Corp. Class A Common Stock,$10.075,0.005,0.05%,NA
NXDT^A,NexPoint Diversified Real Estate Trust 5.50% Series A Cumulative Preferred Shares ($25.00 liquidation preference per share),$12.62,-0.18,-1.406%,NA
NZF,Nuveen Municipal Credit Income Fund ,$10.72,-0.32,-2.899%,NA
OACC,Oaktree Acquisition Corp. III Life Sciences Class A Ordinary Share,$10.78,UNCH,--,NA
OAK^A,"Brookfield Oaktree Holdings, LLC 6.625% Series A Preferred Units",$20.31,-0.39,-1.884%,NA
OAK^B,"Brookfield Oaktree Holdings, LLC 6.550% Series B Preferred Units",$20.27,0.01,0.049%,NA
OBA,Oxley Bridge Acquisition Limited Class A Ordinary Shares,$10.34,UNCH,--,NA
OBAWU,Oxley Bridge Acquisition Limited Unit,$10.42,-0.01,-0.096%,NA
OCAC,Ocean Capital Acquisition Corporation Ordinary Shares,$9.98,UNCH,--,NA
OCCIM,"OFS Credit Company, Inc. 7.875% Series F Term Preferred Stock",$24.85,-0.12,-0.481%,NA
OCLT,OceanLight Acquisition Corporation Ordinary Shares,$9.89,UNCH,--,NA
OCLTR,OceanLight Acquisition Corporation Rights,$0.15,-0.02,-11.765%,NA
OCLTU,OceanLight Acquisition Corporation Units,$10.20,0.02,0.196%,NA
OHAC,Oceanhawk Acquisition Corp. Class A Ordinary Shares,$10.00,UNCH,--,NA
OHACU,Oceanhawk Acquisition Corp. Units,$10.2499,UNCH,--,NA
OIM,OneIM Acquisition Corp. Class A Ordinary Shares,$10.15,UNCH,--,NA
OIMAU,OneIM Acquisition Corp. Units,$10.21,UNCH,--,NA
OIMAW,OneIM Acquisition Corp. Warrant,$0.655,UNCH,--,NA
ONCH,1RT Acquisition Corp. Class A Ordinary Share,$10.33,0.01,0.097%,NA
ONEN,ONE Nuclear Energy Inc. Common Stock  ,$2.15,-0.35,-14.00%,NA
OPP,"RiverNorth/DoubleLine Strategic Opportunity Fund, Inc. Common Stock",$6.87,-0.07,-1.009%,NA
OPP^A,"RiverNorth/DoubleLine Strategic Opportunity Fund, Inc. 4.375% Series A Cumulative Preferred Stock",$15.05,-0.10,-0.66%,NA
OPP^B,"RiverNorth/DoubleLine Strategic Opportunity Fund, Inc. 4.75% Series B Cumulative Preferred Stock",$16.31,-0.04,-0.245%,NA
OPP^C,"RiverNorth/DoubleLine Strategic Opportunity Fund, Inc. 6.00% Series C Term Preferred Stock (Liquidation Preference $10.00 per share)",$10.1301,-0.0175,-0.172%,NA
ORCL^D,"Oracle Corporation Depositary Shares, each representing a 1/2,000th interest in a sh of 6.50% Series D Mandatory Convertible Preferred Stock",$42.68,-1.22,-2.779%,NA
ORIQ,Origin Investment Corp I Ordinary Shares,$10.41,-0.0299,-0.286%,NA
OSPR,Osprey Acquisition Corp. III Class A Ordinary Shares,$9.82,-0.01,-0.102%,NA
OSPRU,Osprey Acquisition Corp. III Units,$9.99,UNCH,--,NA
OTAI,Starlink AI Acquisition Corporation Ordinary Shares,$9.9915,-0.0035,-0.035%,NA
OTGA,OTG Acquisition Corp. I Class A Ordinary Share ,$10.26,UNCH,--,NA
OTGAU,OTG Acquisition Corp. I Unit,$10.36,-0.0001,-0.001%,NA
OXLCG,Oxford Lane Capital Corp. 7.95% Notes due 2032,$24.8301,-0.0749,-0.301%,NA
OXLCI,Oxford Lane Capital Corp. 8.75% Notes due 2030,$25.25,-0.02,-0.079%,NA
OXSQH,Oxford Square Capital Corp. 7.75% Notes due 2030,$25.04,0.07,0.28%,NA
OYSE,Oyster Enterprises II Acquisition Corp Class A Ordinary Shares,$10.3975,UNCH,--,NA
OYSER,Oyster Enterprises II Acquisition Corp Rights,$0.0921,UNCH,--,NA
OYSEU,Oyster Enterprises II Acquisition Corp Units,$10.66,UNCH,--,NA
PAACU,Proem Acquisition Corp I Units,$10.635,0.485,4.778%,NA
PAACW,Proem Acquisition Corp I Warrants,$0.50,UNCH,--,NA
PACH,Pioneer Acquisition I Corp Class A Ordinary Shares,$10.33,UNCH,--,NA
PACHW,Pioneer Acquisition I Corp Warrants,$0.1284,0.0043,3.465%,NA
PAI,Western Asset Investment Grade Income Fund Inc.,$11.42,-0.07,-0.609%,NA
PAII,Pyrophyte Acquisition Corp. II Class A Ordinary Shares,$10.33,0.03,0.291%,NA
PALO,Paloma Acquisition Corp I Class A Ordinary Shares,$9.97,UNCH,--,NA
PARA,"Banzai International, Inc. Class A Common Stock",$0.704,0.004,0.571%,NA
PAXS,PIMCO Access Income Fund Common Shares of Beneficial Interest,$13.11,-0.12,-0.907%,NA
PBI^B,Pitney Bowes Inc 6.70% Notes Due 2043,$20.75,-0.03,-0.144%,NA
PCAP,ProCap Acquisition Corp Class A Ordinary Shares,$10.39,0.01,0.096%,NA
PCAPU,ProCap Acquisition Corp Unit,$10.46,0.02,0.192%,NA
PCAPW,ProCap Acquisition Corp Warrant,$0.2999,UNCH,--,NA
PCF,High Income Securities Fund Common Stock,$5.18,-0.09,-1.708%,NA
PCG^A,Pacific Gas & Electric Co. 6% Preferred Stock,$20.20,-0.01,-0.049%,NA
PCG^B,Pacific Gas & Electric Co. 5 1/2% Preferred Stock,$18.50,-0.20,-1.07%,NA
PCG^C,Pacific Gas & Electric Co. 5% 1st Preferred Stock,$16.8764,UNCH,--,NA
PCG^D,Pacific Gas & Electric Co. 5% 1st  Red. Preferred Stock,$16.40,-0.12,-0.726%,NA
PCG^E,Pacific Gas & Electric Co. 5% 1st A Preferred Stock,$16.6955,0.2955,1.802%,NA
PCG^G,Pacific Gas & Electric Co. 4.80% 1st Preferred Stock,$16.11,-0.04,-0.248%,NA
PCG^H,Pacific Gas & Electric Co. 4.50% 1st Preferred Stock,$15.51,UNCH,--,NA
PCG^I,Pacific Gas & Electric Co. 4.36% 1st Preferred Stock,$15.175,0.245,1.641%,NA
PCG^X,PG&E Corp 6.000% Series A Mandatory Convertible Preferred Stock,$31.05,-0.67,-2.112%,NA
PCM,"PCM Fund, Inc. Common Stock",$4.92,-0.04,-0.806%,NA
PCN,Pimco Corporate & Income Strategy Fund Common Stock,$10.60,-0.18,-1.67%,NA
PCQ,PIMCO California Municipal Income Fund Common Stock,$7.68,-0.17,-2.166%,NA
PDCC,Pearl Diver Credit Company Inc. Common Stock,$8.6715,-0.0287,-0.33%,NA
PDPA,Pearl Diver Credit Company Inc. 8.00% Series A Preferred Stock Due 2029,$24.952,0.002,0.008%,NA
PDT,John Hancock Premium Dividend Fund,$11.58,-0.20,-1.698%,NA
PEB^E,Pebblebrook Hotel Trust 6.375% Series E Cumulative Redeemable Preferred Shares of Beneficial Interest,$19.64,-0.1004,-0.509%,NA
PEB^F,Pebblebrook Hotel Trust 6.3% Series F Cumulative Redeemable Preferred Shares of Beneficial Interest,$19.57,-0.09,-0.458%,NA
PEB^G,Pebblebrook Hotel Trust 6.375% Series G Cumulative Redeemable Preferred Shares of Beneficial Interest,$19.71,-0.22,-1.104%,NA
PEB^H,Pebblebrook Hotel Trust 5.700% Series H Cumulative Redeemable Preferred Shares of Beneficial Interest,$18.25,-0.12,-0.653%,NA
PECE,Peace Acquisition Corp Ordinary Shares,$10.005,UNCH,--,NA
PEO,"Adams Natural Resources Fund, Inc. Common Stock",$27.70,-0.29,-1.036%,NA
PFD,Flaherty & Crumrine Preferred and Income Fund Incorporated,$10.67,-0.16,-1.477%,NA
PFL,PIMCO Income Strategy Fund Shares of Beneficial Interest,$6.83,-0.10,-1.443%,NA
PFLA,PennantPark Floating Rate Capital Ltd. 7.375% Notes Due 2031,$24.87,-0.13,-0.52%,NA
PFN,PIMCO Income Strategy Fund II,$6.20,-0.05,-0.80%,NA
PFO,Flaherty & Crumrine Preferred and Income Opportunity Fund Incorporated,$8.56,-0.14,-1.609%,NA
PGAC,Pantages Capital Acquisition Corporation Class A Ordinary Shares,$10.78,0.07,0.654%,NA
PGP,Pimco Global StocksPlus & Income Fund Common Shares of Beneficial Interest,$8.12,-0.18,-2.169%,NA
PGZ,Principal Real Estate Income Fund Common Shares of Beneficial Interest,$8.95,-0.145,-1.594%,NA
PHK,Pimco High Income Fund,$4.07,-0.06,-1.453%,NA
PHXE^,"Phoenix Energy One, LLC Series A Cumulative Redeemable Preferred Shares",$26.25,-1.8213,-6.488%,NA
PINE^A,"Alpine Income Property Trust, Inc. 8.00% Series A Cumulative Redeemable Preferred Stock",$25.31,0.1664,0.662%,NA
PLCI,Pelican Acquisition II Corporation Ordinary Shares,$9.8901,UNCH,--,NA
PLMK,Plum Acquisition Corp. IV Class A Ordinary Shares,$10.72,UNCH,--,NA
PLMKU,Plum Acquisition Corp. IV Unit,$10.76,UNCH,--,NA
PLUN,Plutonian Acquisition Corp II Class A Ordinary Shares,$10.08,UNCH,--,NA
PML,Pimco Municipal Income Fund II Common Shares of Beneficial Interest,$6.50,-0.06,-0.915%,NA
PMT^A,PennyMac Mortgage Investment Trust 8.125% Series A Fixed-to-Floating Rate Cumulative Redeemable Preferred Shares of Beneficial Interest,$21.51,-0.22,-1.012%,NA
PMT^B,PennyMac Mortgage Investment Trust 8.00% Series B Fixed-to-Floating Rate Cumulative Redeemable Preferred Shares of Beneficial Interest,$21.32,-0.24,-1.113%,NA
PMT^C,PennyMac Mortgage Investment Trust 6.75% Series C Cumulative Redeemable Preferred Shares of Beneficial Interest,$16.79,-0.14,-0.827%,NA
PMTR,Perimeter Acquisition Corp. I Class A Ordinary Shares,$10.42,UNCH,--,NA
PMTV,PennyMac Mortgage Investment Trust 9.00% Senior Notes due 2030,$25.21,-0.10,-0.395%,NA
PMTW,PennyMac Mortgage Investment Trust 9.00% Senior Notes due 2030,$25.0708,-0.1009,-0.401%,NA
PNAQ,Pinnacle Acquisition Corporation Class A Ordinary Shares,$9.825,-0.125,-1.256%,NA
PNFP^A,"Pinnacle Financial Partners, Inc. Fixed-to-Floating Rate Non-Cumulative Perpetual Preferred Stock, Series A",$25.1749,-0.0751,-0.297%,NA
PNFP^B,"Pinnacle Financial Partners, Inc. Fixed-to-Floating Rate Non-Cumulative Perpetual Preferred Stock, Series B",$25.71,UNCH,--,NA
PNFP^C,"Pinnacle Financial Partners, Inc. Fixed-to-Floating Rate Non-Cumulative Perpetual Preferred Stock, Series C",$24.41,0.03,0.123%,NA
PNI,Pimco New York Municipal Income Fund II Common Shares of Beneficial Interest,$6.19,-0.10,-1.59%,NA
POLE,Andretti Acquisition Corp. II Class A Ordinary Shares,$10.73,UNCH,--,NA
POLEW,Andretti Acquisition Corp. II Warrant,$0.1101,-0.01,-8.326%,NA
PONO,"Pono Capital Four, Inc. Class A Ordinary Shares",$10.02,UNCH,--,NA
PRIF^D,"Priority Income Fund, Inc. 7.00% Series D Term Preferred Stock due 2029",$24.56,-0.07,-0.284%,NA
PRIF^K,"Priority Income Fund, Inc. 7.000% Series K Cumulative Preferred Stock",$20.60,-0.76,-3.558%,NA
PRIF^L,"Priority Income Fund, Inc. 6.375% Series L Term Preferred Stock Due 2029",$24.98,UNCH,--,NA
PSA^F,"Public Storage Depositary Shares Each Representing 1/1,000 of a 5.15% Cumulative Preferred Share of Beneficial Interest, Series F, par value $0.01 per share",$18.0958,-0.0842,-0.463%,NA
PSA^G,"Public Storage Depositary Shares, Each Representing 1/1,000 of a 5.05% Cumulative Preferred Share of Beneficial Interest, Series G",$17.76,-0.17,-0.948%,NA
PSA^H,"Public Storage Depositary Shares Each Representing 1/1,000 of a  5.60% Cumulative Preferred  Share of Beneficial Interest, Series H",$19.73,-0.17,-0.854%,NA
PSA^I,"Public Storage Depositary Shares Each Representing 1/1,000 of a 4.875% Cumulative Preferred Share of Beneficial Interest, Series I, par value $0.01 per share",$17.12,-0.24,-1.382%,NA
PSA^J,"Public Storage Depositary Shares Each Representing 1/1,000 of a 4.700% Cumulative Preferred Share of Beneficial Interest, Series J, par value $0.01 per share",$16.65,-0.11,-0.656%,NA
PSA^K,"Public Storage Depositary Shares Each Representing 1/1,000 of a 4.75% Cumulative Preferred Share of Beneficial Interest, Series K",$16.64,-0.1799,-1.07%,NA
PSA^L,"Public Storage Depositary Shares Each Representing 1/1,000 of a 4.625% Cumulative Preferred Share of Beneficial Interest, Series L, par value $0.01 per share",$16.16,-0.20,-1.222%,NA
PSA^M,"Public Storage Depositary Shares Each Representing 1/1,000 of a 4.125% Cumulative Preferred Share of Beneficial Interest, Series M",$14.50,-0.04,-0.275%,NA
PSA^N,"Public Storage Depositary Shares Each Representing 1/1,000 of a 3.875% Cumulative Preferred Share of Beneficial Interest, Series N",$13.61,-0.14,-1.018%,NA
PSA^O,"Public Storage Depositary Shares Each Representing 1/1,000 of a 3.900% Cumulative Preferred Share of Beneficial Interest, Series O",$13.65,-0.11,-0.799%,NA
PSA^P,"Public Storage Depositary Shares Each Representing 1/1,000 of a 4.000% Cumulative Preferred Share of Bene cial Interest, Series P",$13.98,-0.14,-0.992%,NA
PSA^Q,"Public Storage Depositary Shares Each Representing 1/1,000 of a 3.950% Cumulative Preferred Share of Beneficial Interest, Series Q, par value $0.01 per share",$13.83,-0.12,-0.86%,NA
PSA^R,"Public Storage Depositary Shares Each Representing 1/1,000 of a 4.00% Cumulative Preferred Share of Bene cial Interest, Series R",$14.015,-0.105,-0.744%,NA
PSA^S,"Public Storage Depositary Shares Each Representing 1/1,000 of a 4.100% Cumulative Preferred Share of Beneficial Interest, Series S",$14.52,-0.1489,-1.015%,NA
PSA^T,"Public Storage 6.000% Cumulative Preferred Shares of beneficial interest, Series T",$21.28,-0.30,-1.39%,NA
PSA^U,"Public Storage 6.000% Cumulative Preferred Shares of Beneficial Interest, Series U",$21.67,0.07,0.324%,NA
PSBD,Palmer Square Capital BDC Inc. Common Stock,$9.78,-0.05,-0.509%,NA
PSEC^A,Prospect Capital Corporation 5.35% Series A Fixed Rate Cumulative Perpetual Preferred Stock,$15.525,0.075,0.485%,NA
PTAC,Patriot Acquisition Corp. Class A Ordinary Shares,$9.96,UNCH,--,NA
PTOR,Praetorian Acquisition Corp. Class A Ordinary Shares,$9.95,-0.01,-0.10%,NA
PTY,Pimco Corporate & Income Opportunity Fund,$10.77,-0.16,-1.464%,NA
PW^A,Power REIT 7.75% Series A Cumulative Perpetual Preferred Stock,$8.25,-0.65,-7.303%,NA
PWRL,Powerlaw Corp. Common Stock,$10.76,-0.25,-2.271%,NA
PYT,PPlus Tr GSC-2 Tr Ctf Fltg Rate,$23.77,UNCH,--,NA
QADR,QDRO Acquisition Corp. Class A Ordinary Shares,$10.00,0.01,0.10%,NA
QETA,Quetta Acquisition Corporation Common Stock,$11.81,-0.04,-0.338%,NA
QETAR,Quetta Acquisition Corporation Right,$0.4102,UNCH,--,NA
QLEP,Quantum Leap Acquisition Corp Class A Ordinary Shares,$10.05,0.05,0.50%,NA
QQQX,Nuveen NASDAQ 100 Dynamic Overwrite Fund Shares of Beneficial Interest,$30.33,-0.35,-1.141%,NA
QRED,QuasarEdge Acquisition Corporation Ordinary Shares,$10.05,UNCH,--,NA
QSEA,Quartzsea Acquisition Corporation Ordinary Shares,$10.66,0.02,0.188%,NA
QSEAR,Quartzsea Acquisition Corporation Rights,$0.225,0.02,9.756%,NA
QSEAU,Quartzsea Acquisition Corporation Units,$10.98,UNCH,--,NA
QUMS,Quantumsphere Acquisition Corp. Ordinary Shares,$10.34,UNCH,--,NA
QUMSR,Quantumsphere Acquisition Corp. Rights,$0.0603,-0.0004,-0.659%,NA
QXO^B,"QXO, Inc.  Depositary Shares, each representing a 1/20th interest in a share of 5.50% Series B Mandatory Convertible Preferred Stock",$42.52,1.25,3.029%,NA
RA,Brookfield Real Assets Income Fund Inc. Common Stock,$11.54,-0.17,-1.452%,NA
RAC,Rithm Acquisition Corp. Class A Ordinary Shares,$10.55,-0.015,-0.142%,NA
RACC,Research Alliance Corporation III Class A Ordinary Shares,$10.71,-0.21,-1.923%,NA
RACD,Research Alliance Corporation IV Class A Ordinary Shares,$12.10,0.09,0.749%,NA
RANG,Range Capital Acquisition Corp. Ordinary Shares,$10.86,UNCH,--,NA
RANGR,Range Capital Acquisition Corp. Rights,$0.2742,0.0042,1.556%,NA
RC^C,Ready Capital Corporation 6.25% Series C Cumulative Convertible Preferred Stock,$10.805,-0.255,-2.306%,NA
RC^E,Ready Capital Corporation 6.50% Series E Cumulative Redeemable Preferred Stock,$11.715,-0.06,-0.51%,NA
RCD,Ready Capital Corporation 9.00% Senior Notes due 2029,$23.039,-0.061,-0.264%,NA
RCG,"RENN Fund, Inc Common Stock",$3.03,0.01,0.331%,NA
RCS,"PIMCO Strategic Income Fund, Inc.",$4.93,UNCH,--,NA
RDAC,Rising Dragon Acquisition Corp. Ordinary Shares,$5.32,-0.24,-4.317%,NA
RDACR,Rising Dragon Acquisition Corp. Rights,$0.103,0.023,28.75%,NA
RDAG,Republic Digital Acquisition Company Class A Ordinary Shares,$10.44,0.01,0.096%,NA
RDAGU,Republic Digital Acquisition Company Unit,$10.53,0.03,0.286%,NA
RDAGW,Republic Digital Acquisition Company Warrants,$0.25,-0.0054,-2.114%,NA
REXR^B,"Rexford Industrial Realty, Inc. 5.875% Series B Cumulative Redeemable Preferred Stock",$20.75,-0.25,-1.19%,NA
REXR^C,"Rexford Industrial Realty, Inc. 5.625% Series C Cumulative Redeemable Preferred Stock, par value $0.01 per share",$19.6576,0.0076,0.039%,NA
RF^C,"Regions Financial Corporation Depositary Shares, each Representing a 1/40th Interest in a  Share of 5.700% Fixed-to-Floating Rate Non-Cumulative  Perpetual Preferred Stock, Series C",$24.09,-0.07,-0.29%,NA
RF^E,"Regions Financial Corporation Depositary Shares, Each Representing a 1/40th Interest in a Share of 4.45% Non-Cumulative Perpetual Preferred Stock, Series E",$15.46,-0.12,-0.77%,NA
RF^F,"Regions Financial Corporation Depositary Shares Each Representing a 1/40th Interest in a Share of Non-Cumulative Perpetual Preferred Stock, Series F",$25.04,0.12,0.482%,NA
RFAI,RF Acquisition Corp II Ordinary Shares,$37.00,4.25,12.977%,NA
RFAIR,RF Acquisition Corp II Right,$0.153,-0.002,-1.29%,NA
RFAIU,RF Acquisition Corp II Unit,$44.48,-2.02,-4.344%,NA
RFAM,RF Acquisition Corp III Ordinary Shares,$9.99,-0.015,-0.15%,NA
RFAMR,RF Acquisition Corp III Rights,$0.14,UNCH,--,NA
RFAMU,RF Acquisition Corp III Units,$10.0801,0.08,0.80%,NA
RIBB,Ribbon Acquisition Corp Class A Ordinary Shares,$8.52,0.005,0.059%,NA
RITM^A,Rithm Capital Corp. 7.50% Series A Fixed-to-Floating Rate Cumulative Redeemable Preferred Stock,$25.45,0.07,0.276%,NA
RITM^B,Rithm Capital Corp. 7.125% Series B Fixed-to-Floating Rate Cumulative Redeemable Preferred Stock,$25.35,0.02,0.079%,NA
RITM^C,Rithm Capital Corp. 6.375% Series C Fixed-to-Floating Rate Cumulative Redeemable Preferred Stock,$24.30,-0.06,-0.246%,NA
RITM^D,Rithm Capital Corp. 7.00% Fixed-Rate Reset Series D Cumulative Redeemable Preferred Stock,$25.29,0.04,0.158%,NA
RITM^E,Rithm Capital Corp. 8.75% Series E Fixed-Rate Cumulative Redeemable Preferred Stock,$23.47,-0.15,-0.635%,NA
RITM^F,Rithm Capital Corp. 8.750% Series F Fixed-Rate Reset Cumulative Redeemable Preferred Stock,$24.31,0.01,0.041%,NA
RIV,"RiverNorth Opportunities Fund, Inc. Common Stock",$10.38,-0.02,-0.192%,NA
RIV^A,"RiverNorth Opportunities Fund, Inc. 6.00% Series A Perpetual Preferred Stock",$20.93,0.03,0.144%,NA
RLJ^A,RLJ Lodging Trust $1.95 Series A Cumulative Convertible  Preferred Shares,$24.69,-0.18,-0.724%,NA
RLTY,Cohen & Steers Real Estate Opportunities and Income Fund Common Shares of Beneficial Interest,$13.95,-0.16,-1.134%,NA
RNAQ,Rainier Acquisition Corporation Class A Ordinary Shares,$10.09,UNCH,--,NA
RNAQU,Rainier Acquisition Corporation Units,$10.179,-0.001,-0.01%,NA
RNAQW,Rainier Acquisition Corporation Warrants,$0.4399,UNCH,--,NA
RNGT,Range Capital Acquisition Corp II Class A Ordinary Shares,$10.17,UNCH,--,NA
RNR^F,"RenaissanceRe Holdings Ltd. Depositary Shares, each Representing a 1/1,000th Interest in a 5.750% Series F Preference Share",$19.68,-0.21,-1.056%,NA
RNR^G,"RenaissanceRe Holdings Ltd. Depositary Shares, each representing a 1/1,000th interest in a share of 4.20% Series G Preference Shares",$14.23,-0.02,-0.14%,NA
RPT^C,Rithm Property Trust Inc. 9.875% Series C Fixed-to-Floating Rate Cumulative Redeemable Preferred Stock,$24.90,0.10,0.403%,NA
RREV,RRE Ventures Acquisition Corp. Class A Ordinary Shares,$9.92,UNCH,--,NA
RTAC,Renatus Tactical Acquisition Corp I Class A Ordinary Shares,$10.44,0.01,0.096%,NA
RTACU,Renatus Tactical Acquisition Corp I Unit,$10.74,-0.01,-0.093%,NA
RTACW,Renatus Tactical Acquisition Corp I Warrant,$0.55,-0.0449,-7.547%,NA
RVI,Robinhood Ventures Fund I Common Shares of Beneficial Interest,$28.33,0.41,1.468%,NA
RWAYI,Runway Growth Finance Corp. 7.25% Notes due 2031,$24.47,-0.08,-0.326%,NA
RWT^A,"Redwood Trust, Inc. 10.00% Series A Fixed-Rate Reset Cumulative Redeemable Preferred Stock",$22.425,-0.245,-1.081%,NA
RWTP,"Redwood Trust, Inc. 9.125% Senior Notes Due 2030",$22.55,-0.05,-0.221%,NA
RWTQ,"Redwood Trust, Inc. 9.500% Senior Notes Due 2030",$20.50,-0.2716,-1.308%,NA
RWTS,"Redwood Trust, Inc. 9.75% Senior Notes Due 2031",$20.9201,0.1201,0.577%,NA
SAAQ,Space Asset Acquisition Corp. Class A Ordinary Shares,$10.05,-0.02,-0.199%,NA
SAAQU,Space Asset Acquisition Corp. Units,$10.24,UNCH,--,NA
SAAQW,Space Asset Acquisition Corp. Warrants,$0.54,-0.0563,-9.442%,NA
SABA,Saba Capital Income & Opportunities Fund II Shares of Beneficial Interest,$7.96,-0.09,-1.118%,NA
SAC,Safeguard Acquisition Corp. Class A Ordinary Shares,$10.10,0.02,0.198%,NA
SACH^A,Sachem Capital Corp. 7.75% Series A Cumulative Redeemable Preferred Stock,$20.75,-0.2452,-1.168%,NA
SAGU,Shreya Acquisition Group Class A Ordinary Shares,$10.01,0.07,0.704%,NA
SAMO,Samos Energy Acquisition Corporation Class A Ordinary Shares,$9.83,0.03,0.306%,NA
SAV,Saratoga Investment Corp 7.50% Notes due 2031,$24.46,-0.05,-0.204%,NA
SAX,Saratoga Investment Corp 8.00% Notes due 2031,$24.96,0.0101,0.04%,NA
SB^C,"Safe Bulkers, Inc Cumulative Redeemable Perpetual Preferred Series C (Marshall Islands)",$26.095,-0.055,-0.21%,NA
SB^D,"Safe Bulkers, Inc Perpetual Preferred Series D (Marshall Islands)",$25.75,-0.205,-0.79%,NA
SBI,Western Asset Intermediate Muni Fund Inc Common Stock,$6.91,-0.09,-1.286%,NA
SBXE,SilverBox Corp V Class A Ordinary Shares,$10.10,UNCH,--,NA
SCATU,Southern Cross Acquisition II Corp. Units,$10.04,UNCH,--,NA
SCD,LMP Capital and Income Fund Inc. Common Stock,$14.62,-0.23,-1.549%,NA
SCE^G,SCE Trust II Trust Preferred Securities,$16.37,-0.07,-0.426%,NA
SCE^L,SCE TRUST VI,$16.1914,-0.2086,-1.272%,NA
SCE^M,SCE Trust VII 7.50% Trust Preference Securities,$22.42,-0.26,-1.146%,NA
SCE^N,SCE Trust VIII 6.95% Trust Preference Securities,$20.815,-0.255,-1.21%,NA
SCHW^D,"The Charles Schwab Corporation Depositary Shares each representing 1/40th interest in a share of 5.95% Non-Cumulative Perpetual Preferred Stock, Series D",$21.49,-0.13,-0.601%,NA
SCHW^J,"The Charles Schwab Corporation Depositary Shares, Each Representing a 1/40th Interest in a Share of 4.450% Non-Cumulative Perpetual Preferred Stock, Series J",$15.95,-0.105,-0.654%,NA
SCII,SC II Acquisition Corp. Class A ordinary share,$10.17,0.02,0.197%,NA
SCIIR,SC II Acquisition Corp. Rights,$0.1503,UNCH,--,NA
SCIIU,SC II Acquisition Corp. Units,$10.27,UNCH,--,NA
SCPQ,Social Commerce Partners Corporation Class A Ordinary Shares,$10.05,UNCH,--,NA
SCPQU,Social Commerce Partners Corporation Unit,$10.28,UNCH,--,NA
SDHI,Siddhi Acquisition Corp Class A Common stock,$10.55,0.02,0.19%,NA
SDHIR,Siddhi Acquisition Corp Right,$0.14,-0.01,-6.667%,NA
SEAL^A,Seapeak LLC 9.00% Series A Cumulative Redeemable Perpetual Preferred Units,$25.65,-0.05,-0.195%,NA
SEAL^B,Seapeak LLC 8.50% Series B Fixed-to-Floating Rate Cumulative Redeemable Perpetual Preferred Units,$25.70,-0.0401,-0.156%,NA
SF^B,"Stifel Financial Corporation Depositary Shares, Each Representing 1/1,000th  Interest in a Share of 6.25% Non-Cumulative  Preferred Stock, Series B",$23.56,0.03,0.127%,NA
SF^C,"Stifel Financial Corporation Depositary Shares, Each Representing 1/1,000th Interest in a Share of 6.125% Non Cumulative Preferred Stock, Series C",$21.44,-0.22,-1.016%,NA
SF^D,"Stifel Financial Corporation Depositary Shares, Each Representing 1/1,000th Interest in a Share of 4.50% Non-Cumulative Preferred Stock, Series D",$15.6024,-0.0676,-0.431%,NA
SHO^H,"Sunstone Hotel Investors, Inc. 6.125% Series H Cumulative Redeemable Preferred Stock",$22.355,-0.045,-0.201%,NA
SHO^I,"Sunstone Hotel Investors, Inc. 5.70% Series I Cumulative Redeemable Preferred Stock",$21.77,0.02,0.092%,NA
SHOT,RMG ML Sports Holdings Class A Ordinary Shares,$9.855,UNCH,--,NA
SHOTU,RMG ML Sports Holdings Unit,$9.965,-0.005,-0.05%,NA
SIMA,SIM Acquisition Corp. I Class A Ordinary Shares,$10.93,UNCH,--,NA
SIMAW,SIM Acquisition Corp. I Warrant,$0.20,0.0401,25.078%,NA
SLG^I,SL Green Realty Corporation Preferred Series I,$21.35,0.01,0.047%,NA
SNUS^H,"Santander Holdings USA, Inc. Depositary Shares, Each Representing a 1/1,000th Interest in a Share of Fixed-Rate Reset Non-Cumulative Perpetual Preferred Stock, Series H",$20.92,-0.15,-0.712%,NA
SNUS^I,"Santander Holdings USA, Inc. Depositary Shares, Each Representing a 1/40th Interest in a Share of Fixed-Rate Reset Non-Cumulative Perpetual Preferred Stock, Series I",$25.34,-0.07,-0.275%,NA
SOCA,Solarius Capital Acquisition Corp. Class A Ordinary Share,$10.34,UNCH,--,NA
SOCAW,Solarius Capital Acquisition Corp. Warrant,$0.1753,UNCH,--,NA
SOJF,"Southern Company (The) Series 2025A 6.50% Junior Subordinated Notes due March 15, 2085",$23.16,-0.32,-1.363%,NA
SORN,Soren Acquisition Corp. Class A Ordinary Shares,$10.02,UNCH,--,NA
SOUL,Soulpower Acquisition Corporation Class A Ordinary Shares,$10.48,0.0099,0.095%,NA
SPE,"Special Opportunities Fund, Inc Common Stock",$12.81,-0.12,-0.928%,NA
SPE^C,"Special Opportunities Fund Inc. 2.75% Convertible Preferred Stock, Series C",$24.7501,0.0901,0.365%,NA
SPEG,Silver Pegasus Acquisition Corp Class A Ordinary Shares,$10.38,UNCH,--,NA
SPEGR,Silver Pegasus Acquisition Corp Rights.,$0.1699,UNCH,--,NA
SPG^J,"Simon Property Group, Inc. Simon Property Group 8 3/8% Series J Cumulative Redeemable Preferred Stock",$54.334,-0.586,-1.067%,NA
SPKL,Spark I Acquisition Corp. Class A Ordinary Share,$11.56,-0.025,-0.216%,NA
SPMA,"Sound Point Meridian Capital, Inc. 8.00% Series A Preferred Shares Due 2029",$24.91,0.01,0.04%,NA
SPMC,"Sound Point Meridian Capital, Inc. Common Stock",$8.32,-0.05,-0.597%,NA
SPME,"Sound Point Meridian Capital, Inc. 7.875% Series B Preferred Shares due 2030",$24.85,0.05,0.202%,NA
SPXX,Nuveen S&P 500 Dynamic Overwrite Fund,$18.40,-0.26,-1.393%,NA
SRG^A,Seritage Growth Properties 7.00% Series A Cumulative Redeemable Preferred Shares of Beneficial Interest,$21.155,-0.095,-0.447%,NA
SRJN,Spire Inc. 6.375% Junior Subordinated Notes due 2086,$21.48,-0.05,-0.232%,NA
SRV,NXG Cushing Midstream Energy Fund Common Shares of Beneficial Interest,$41.65,-0.73,-1.723%,NA
SSAC,SPACSphere Acquisition Corp. Class A Ordinary Shares,$10.12,UNCH,--,NA
SSACU,SPACSphere Acquisition Corp. Unit,$10.31,0.0099,0.096%,NA
SSACW,SPACSphere Acquisition Corp. Warrant,$0.0765,0.0079,11.516%,NA
SSEA,Starry Sea Acquisition Corp	Ordinary Shares,$10.35,UNCH,--,NA
SSEAR,Starry Sea Acquisition Corp Rights,$0.10,-0.0001,-0.10%,NA
STEW,"SRH Total Return Fund, Inc. Common Stock",$17.57,-0.15,-0.847%,NA
STK,Columbia Seligman Premium Technology Growth Fund Inc,$51.99,-1.18,-2.219%,NA
STT^G,"State Street Corporation Depositary shares, each representing a 1/4,000th ownership interest in a share of Fixed-to-Floating Rate Non-Cumulative",$19.71,-0.16,-0.805%,NA
SUMA,SUMA Acquisition Corporation Class A Ordinary Shares,$9.95,UNCH,--,NA
SUMAR,SUMA Acquisition Corporation Rights,$0.235,-0.005,-2.083%,NA
SUMAU,SUMA Acquisition Corporation Units,$10.24,0.035,0.343%,NA
SVAQ,Silicon Valley Acquisition Corp. Class A Ordinary Shares,$10.11,UNCH,--,NA
SVAQU,Silicon Valley Acquisition Corp. Units,$10.48,UNCH,--,NA
SVAQW,Silicon Valley Acquisition Corp. Warrants,$0.385,0.005,1.316%,NA
SVCC,Stellar V Capital Corp. Class A Ordinary Shares,$10.72,UNCH,--,NA
SVIV,Spring Valley Acquisition Corp. IV Class A Ordinary Shares,$10.08,-0.03,-0.297%,NA
SVIVU,Spring Valley Acquisition Corp. IV Units,$10.55,UNCH,--,NA
SVIVW,Spring Valley Acquisition Corp. IV Warrants,$0.61,UNCH,--,NA
SWZ,Total Return Securities Fund Common Stock,$5.78,-0.04,-0.687%,NA
SYF^A,"Synchrony Financial Depositary Shares, each Representing a 1/40th Interest in a Share of 5.625% Fixed Rate Non-Cumulative Perpetual Preferred Stock, Series A",$18.04,-0.11,-0.606%,NA
SYF^B,"Synchrony Financial Depositary Shares Each Representing a 1/40th Interest in a Share of 8.250% Fixed Rate Reset Non-Cumulative Perpetual Preferred Stock, Series B",$25.35,-0.16,-0.627%,NA
SZZL,Sizzle Acquisition Corp. II Class A ordinary shares,$10.49,UNCH,--,NA
T^A,"AT&T Inc. Depositary Shares, each representing a 1/1,000th interest in a share of 5.000% Perpetual Preferred Stock, Series A",$17.50,-0.12,-0.681%,NA
T^C,"AT&T Inc. Depositary Shares, each representing a 1/1,000th interest in a share of 4.750% Perpetual Preferred Stock, Series C",$16.45,-0.10,-0.604%,NA
TACH,Titan Acquisition Corp. Class A Ordinary Shares,$10.525,0.015,0.143%,NA
TACHU,Titan Acquisition Corp. Units,$10.75,UNCH,--,NA
TACHW,Titan Acquisition Corp. Warrants,$0.5584,-0.0001,-0.018%,NA
TACOW,Berto Acquisition Corp. Warrant,$0.65,-0.02,-2.985%,NA
TAVI,Tavia Acquisition Corp. Ordinary Shares,$10.77,0.005,0.046%,NA
TAVIU,Tavia Acquisition Corp. Unit,$10.80,UNCH,--,NA
TBCVU,"Thunder Bridge Capital Partners V, Ltd. Units",$9.92,UNCH,--,NA
TCGX,TCGX Acquisition Corp. Class A Ordinary Shares,$13.65,-0.45,-3.191%,NA
TCPA,TransCanada PipeLines Limited 6.250% Junior Subordinated Notes due 2085,$20.69,-0.20,-0.957%,NA
TDAC,Translational Development Acquisition Corp. Ordinary Shares,$10.85,-0.02,-0.184%,NA
TDACW,Translational Development Acquisition Corp. Warrants,$1.50,-0.0268,-1.755%,NA
TDF,"Templeton Dragon Fund, Inc. Common Stock",$9.69,-0.10,-1.021%,NA
TDS^U,"Telephone and Data Systems, Inc. Depositary Shares, Each Representing a 1/1,000th Interest in a 6.625% Series UU Cumulative Redeemable Perpetual Preferred Stock",$19.79,-0.07,-0.352%,NA
TDS^V,"Telephone and Data Systems, Inc. Depositary Shares, Each Representing a 1/1,000th Interest in a 6.000% Series VV Cumulative Redeemable Perpetual Preferred Stock",$17.965,0.015,0.084%,NA
TDWD,Tailwind 2.0 Acquisition Corp. Class A Ordinary Shares,$10.13,UNCH,--,NA
TDWDR,Tailwind 2.0 Acquisition Corp. Rights,$0.1101,UNCH,--,NA
TEI,"Templeton Emerging Markets Income Fund, Inc. Common Stock",$6.15,-0.15,-2.381%,NA
TEN^E,"Tsakos Energy Navigation Ltd Series E Fixed-to-Floating Rate Cumulative Redeemable Perpetual Preferred Shares, par value $1.00",$25.5899,-0.0901,-0.351%,NA
TEN^F,"Tsakos Energy Navigation Ltd Series F Fixed-to-Floating Rate Cumulative Redeemable Perpetual Preferred Shares, par value $1.00",$26.47,-0.15,-0.563%,NA
TFC^I,Truist Financial Corporation Depositary Shares,$18.22,0.10,0.552%,NA
TFC^O,"Truist Financial Corporation Depositary Shares, Each Representing a 1/1,000th Interest in a Share of Series O Non-Cumulative Perpetual Preferred Stock",$18.70,-0.04,-0.213%,NA
TFC^R,"Truist Financial Corporation Depositary Shares, each representing 1/1,000th interest in a share of Series R Non-Cumulative Perpetual Preferred Stock",$16.71,-0.23,-1.358%,NA
TFIN^,"Triumph Financial, Inc. Depositary Shares, Each Representing a 1/40th Interest in a Share of 7.125% Series C Fixed-Rate Non-Cumulative Perpetual Preferred Stock",$21.8499,-0.0501,-0.229%,NA
THEO,BOA Acquisition Corp. II Class A Ordinary Shares,$9.89,UNCH,--,NA
THEOR,BOA Acquisition Corp. II Rights,$0.29,UNCH,--,NA
THQ,abrdn Healthcare Opportunities Fund Shares of Beneficial Interest,$18.49,-0.18,-0.964%,NA
THW,abrdn World Healthcare Fund Shares of Beneficial Interest,$13.19,-0.04,-0.302%,NA
TLAC,Three Lions Acquisition Corp. Ordinary Shares,$9.84,-0.01,-0.102%,NA
TLACU,Three Lions Acquisition Corp. Units,$10.16,0.03,0.296%,NA
TLNC,Talon Capital Corp. Class A Ordinary Shares,$10.24,UNCH,--,NA
TMTS,Spartacus Acquisition Corp. II Class A Ordinary Shares,$10.025,UNCH,--,NA
TMUSI,"T-Mobile US, Inc. 5.500% Senior Notes due June 2070",$18.98,-0.03,-0.158%,NA
TMUSL,"T-Mobile US, Inc. 6.250% Senior Notes due 2069",$21.175,-0.215,-1.005%,NA
TMUSZ,"T-Mobile US, Inc. 5.500% Senior Notes due March 2070",$18.96,-0.12,-0.629%,NA
TONT,Graf Global Corp. Class A ordinary shares,$10.9099,0.0099,0.091%,NA
TPTS,"Terra Property Trust, Inc. 7.00% Senior Secured Notes due 2029",$14.58,-0.95,-6.117%,NA
TRAD,APEX Tech Acquisition Inc. Ordinary Shares,$10.05,UNCH,--,NA
TRGS,TRG Latin America Acquisitions Corp. Class A Ordinary Shares,$9.96,UNCH,--,NA
TRTN^A,Triton International Limited 8.50% Series A Cumulative Redeemable Perpetual  Preference Shares,$25.39,-0.14,-0.548%,NA
TRTN^B,Triton International Limited 8.00% Series B Cumulative Redeemable Perpetual Preference Shares,$24.51,-0.26,-1.05%,NA
TRTN^C,Triton International Limited 7.375% Series C Cumulative Redeemable Perpetual Preference Shares,$22.78,-0.33,-1.428%,NA
TRTN^D,Triton International Limited 6.875% Series D Cumulative Redeemable Perpetual Preference Shares,$21.50,-0.1898,-0.875%,NA
TRTN^E,Triton International Limited 5.75% Series E Cumulative Redeemable Perpetual Preference Shares,$18.00,-0.05,-0.277%,NA
TRTN^F,Triton International Limited 7.625% Series F Cumulative Redeemable Perpetual Preference Shares,$23.2901,-0.27,-1.146%,NA
TRTN^G,Triton International Limited 7.500% Series G Cumulative Redeemable Perpetual Preference Shares,$23.14,-0.34,-1.448%,NA
TRTX^C,"TPG RE Finance Trust, Inc. 6.25% Series C Cumulative Redeemable Preferred Stock, $0.001 par value per share",$16.49,-0.09,-0.543%,NA
TSI,"TCW Strategic Income Fund, Inc. Common Stock",$4.27,0.03,0.708%,NA
TVA,Texas Ventures Acquisition III Corp Class A Ordinary Share,$10.57,UNCH,--,NA
TVACW,Texas Ventures Acquisition III Corp Warrants,$0.21,-0.01,-4.545%,NA
TVAI,Thayer Ventures Acquisition Corporation II Class A Ordinary Shares,$10.40,UNCH,--,NA
TVC,Tennessee Valley Authority Common Stock,$23.70,-0.10,-0.42%,NA
TVE,Tennessee Valley Authority,$23.12,-0.10,-0.431%,NA
TVIV,Texas Ventures Acquisition IV Corp Class A Ordinary Shares,$9.95,UNCH,--,NA
TVIVU,Texas Ventures Acquisition IV Corp Units,$10.05,UNCH,--,NA
TWLV,Twelve Seas Investment Company III Class A Ordinary Shares,$10.06,UNCH,--,NA
TWLVR,Twelve Seas Investment Company III Rights,$0.1196,-0.0104,-8.00%,NA
TWN,"Taiwan Fund, Inc. (The) Common Stock",$102.10,-1.06,-1.028%,NA
TWOD,Two Harbors Investments Corp 9.375% Senior Notes due 2030,$26.30,0.01,0.038%,NA
TY^,Tri Continental Corporation Preferred Stock,$39.50,-0.16,-0.403%,NA
UAC,United Acquisition Corp. I Class A Ordinary Shares,$10.00,0.015,0.15%,NA
UMH^D,"UMH Properties, Inc. 6.375% Series D Cumulative Redeemable Preferred Stock, Liquidation Preference $25 per share",$20.65,-0.05,-0.242%,NA
USA,Liberty All-Star Equity Fund Common Stock,$5.83,-0.04,-0.681%,NA
USB^A,"U.S. Bancorp Depositary Shares, Each representing a 1/100th interest in a share of Series A Non-CumulativePerpetual Pfd Stock",$775.00,2.02,0.261%,NA
USB^H,U.S. Bancorp Depositary Shares repstg 1/1000th Pfd Ser B,$18.65,UNCH,--,NA
USB^P,"U.S. Bancorp Depositary Shares each representing a 1/1,000th interest in a share of Series K Non-Cumulative Perpetual Preferred Stock",$20.52,-0.04,-0.195%,NA
USB^Q,"U.S. Bancorp Depositary Shares, Each Representing a 1/1,000th Interest in a Share of Series L Non-Cumulative Perpetual Preferred Stock",$13.96,-0.14,-0.993%,NA
USB^R,"U.S. Bancorp Depositary Shares, Each Representing a 1/1,000th Interest in a Share of Series M Non-Cumulative Perpetual Preferred Stock",$14.79,-0.10,-0.672%,NA
USB^S,"U.S. Bancorp Depositary Shares, each representing a 1/1,000th interest in a share of Series O Non-Cumulative Perpetual Preferred Stock",$16.48,-0.19,-1.14%,NA
UTF,"Cohen & Steers Infrastructure Fund, Inc Common Stock",$23.90,-0.28,-1.158%,NA
UTG,Reaves Utility Income Fund Common Shares of Beneficial Interest,$33.90,-0.92,-2.642%,NA
UYSC,UY Scuti Acquisition Corp. Ordinary Shares,$11.00,UNCH,--,NA
UYSCR,UY Scuti Acquisition Corp. Rights,$0.1099,0.0299,37.375%,NA
VACI,Viking Acquisition Corp. I Class A Ordinary Shares,$6.26,-0.67,-9.668%,NA
VBF,Invesco Bond Fund Common Stock,$14.20,0.02,0.141%,NA
VCX,"Fundrise Innovation Fund, LLC Common Shares of Limited Liability Company Interests",$28.17,-2.01,-6.66%,NA
VECA,Vernal Capital Acquisition Corp. Ordinary Shares,$10.02,UNCH,--,NA
VGI,Virtus Global Multi-Sector Income Fund Common Shares of Beneficial Interest,$6.67,-0.11,-1.622%,NA
VHCP,Vine Hill Capital Investment Corp. II Class A Ordinary Shares,$10.06,UNCH,--,NA
VII,Viking Acquisition Corp. II Class A Ordinary Shares,$9.84,0.0022,0.022%,NA
VLOS,Velos Acquisition I Corp. Class A Ordinary shares,$10.68,UNCH,--,NA
VLOSU,Velos Acquisition I Corp. Units,$10.81,-0.09,-0.826%,NA
VLT,Invesco High Income Trust II,$9.07,-0.07,-0.766%,NA
VNME,Vendome Acquisition Corporation I Class A Ordinary Shares,$10.31,0.04,0.389%,NA
VNMEW,Vendome Acquisition Corporation I Warrant,$0.2015,-0.0784,-28.01%,NA
VNO^L,Vornado Realty Trust Pfd Ser L %,$16.2101,-0.2899,-1.757%,NA
VNO^M,"Vornado Realty Trust 5.25% Series M Cumulative Redeemable Preferred Shares of Beneficial Interest, liquidation preference $25.00 per share, no par value per share",$16.16,-0.20,-1.222%,NA
VNO^N,"Vornado Realty Trust 5.25% Series N Cumulative Redeemable Preferred Shares of Beneficial Interest, liquidation preference $25.00 per share",$15.80,-0.28,-1.741%,NA
VNO^O,"Vornado Realty Trust 4.45% Series O Cumulative Redeemable Preferred Shares, Liquidation Preference $25.00 Per Share",$13.35,-0.23,-1.694%,NA
VOYA^B,"Voya Financial, Inc. Depositary Shares, each representing a 1/40th interest in a share of 5.35% Fixed-Rate Reset Non-Cumulative Preferred Stock, Series B",$23.24,-0.15,-0.641%,NA
VVR,Invesco Senior Income Trust Common Stock (DE),$2.87,-0.02,-0.692%,NA
WAL^A,"Western Alliance Bancorporation Depositary Shares, Each Representing a 1/400th Interest in a Share of 4.250% Fixed-Rate Non-Cumulative Perpetual Preferred Stock, Series A",$24.87,UNCH,--,NA
WDI,Western Asset Diversified Income Fund Common Shares of Beneficial Interest,$11.82,-0.09,-0.756%,NA
WEA,Western Asset Bond Fund Share of Beneficial Interest,$9.83,-0.05,-0.506%,NA
WENC,West Enclave Merger Corp. Ordinary Shares,$10.00,UNCH,--,NA
WENN,Wen Acquisition Corp Class A Ordinary Shares,$10.41,UNCH,--,NA
WFC^A,"Wells Fargo & Company Depositary Shares, each representing a 1/1,000th interest in a share of Non-Cumulative Perpetual Class A Preferred Stock, Series AA",$16.85,-0.14,-0.824%,NA
WFC^C,"Wells Fargo & Company Depositary Shares, each representing a 1/1,000th interest in a share of Non-Cumulative Perpetual Class A Preferred Stock, Series CC",$15.54,-0.16,-1.019%,NA
WFC^D,"Wells Fargo & Company Depositary Shares, each representing a 1/1,000th interest in  a share of Non-Cumulative Perpetual Class A Preferred Stock, Series DD",$15.28,-0.24,-1.546%,NA
WFC^L,"Wells Fargo & Company 7.50% Non-Cumulative Perpetual Convertible Class A Preferred Stock, Series L","$1,071.07",-4.95,-0.46%,NA
WFC^Y,"Wells Fargo & Company Depositary Shares, each representing a 1/1,000th interest in a share of Non-Cumulative Perpetual Class A Preferred Stock, Series Y",$20.04,-0.24,-1.183%,NA
WFC^Z,"Wells Fargo & Company Depositary Shares, each representing a 1/1,000th interest in a share of Non-Cumulative Perpetual Class A Preferred Stock, Series Z",$16.84,-0.13,-0.766%,NA
WHR^A,"Whirlpool Corporation Depositary Shares, each representing a 1/20th interest in a share of 8.50% Series A Mandatory Convertible Preferred Stock",$28.72,-0.28,-0.966%,NA
WIA,Western Asset Inflation-Linked Income Fund,$7.60,-0.04,-0.524%,NA
WIW,Western Asset Inflation-Linked Opportunities & Income Fund,$7.91,-0.01,-0.126%,NA
WLCO,Wilco 63 Corporation Class A Ordinary Shares,$9.82,UNCH,--,NA
WLII,Willow Lane Acquisition Corp. II Class A Ordinary Shares,$10.25,UNCH,--,NA
WLIIW,Willow Lane Acquisition Corp. II Warrants,$0.75,UNCH,--,NA
WPAC,White Pearl Acquisition Corp. Class A Ordinary Shares,$10.061,UNCH,--,NA
WRB^E,W.R. Berkley Corporation 5.70% Subordinated Debentures due 2058,$20.10,-0.25,-1.229%,NA
WRB^F,W.R. Berkley Corporation 5.10% Subordinated Debentures due 2059,$18.12,-0.1249,-0.685%,NA
WRB^G,W.R. Berkley Corporation 4.25% Subordinated Debentures due 2060,$15.39,-0.39,-2.471%,NA
WRB^H,W.R. Berkley Corporation 4.125% Subordinated Debentures due 2061,$15.00,0.02,0.134%,NA
WSO/B,"Watsco, Inc.",$310.90,-15.8053,-4.838%,NA
WTG,Wintergreen Acquisition Corp. Ordinary Shares,$10.62,0.04,0.378%,NA
WTGUR,Wintergreen Acquisition Corp. Rights,$0.13,-0.01,-7.143%,NA
XCBE,X3 Acquisition Corp. Ltd. Class A Ordinary Shares,$10.02,0.01,0.10%,NA
XELLL,"Xcel Energy Inc. 6.25% Junior Subordinated Notes, Series due 2085",$21.21,-0.31,-1.441%,NA
XFLH,XFLH Capital Corporation Ordinary Shares,$10.04,UNCH,--,NA
XIII,Churchill Capital Corp XIII Class A Ordinary Shares,$10.25,0.03,0.294%,NA
XIIIU,Churchill Capital Corp XIII Units,$10.61,0.01,0.094%,NA
XIIIW,Churchill Capital Corp XIII Warrants,$1.84,0.17,10.18%,NA
XRN^A,Chiron Real Estate Inc. Series A Cumulative Redeemable Preferred Stock,$24.81,0.03,0.121%,NA
XRN^B,"Chiron Real Estate Inc. 8.00% Series B Cumulative Redeemable Preferred Stock, $0.001 par value per share",$25.44,-0.11,-0.431%,NA
XRPN,Armada Acquisition Corp. II Class A Ordinary Shares,$10.575,-0.005,-0.047%,NA
XRPNU,Armada Acquisition Corp. II Units,$11.41,0.05,0.44%,NA
XRPNW,Armada Acquisition Corp. II Warrant,$1.20,-0.09,-6.977%,NA
XSLL,Xsolla SPAC 1 Class A Ordinary Shares,$9.98,UNCH,--,NA
XSLLW,Xsolla SPAC 1 Warrants,$0.20,-0.05,-20.00%,NA
XTER,Karman Line Acquisition Corp. Class A Ordinary Shares,$9.79,0.005,0.051%,NA
XTERU,Karman Line Acquisition Corp. Units,$9.9001,0.0001,0.001%,NA
YCY,AA Mission Acquisition Corp. II Class A Ordinary Shares,$10.23,-0.06,-0.583%,NA
YHNA,YHN Acquisition I Limited Ordinary Shares,$11.20,0.16,1.449%,NA
YICC,Yorkville International Capital Corp. Class A Ordinary Shares,$9.92,UNCH,--,NA
ZKP,Lafayette Digital Acquisition Corp. I Class A Ordinary Shares,$10.03,UNCH,--,NA
ZKPU,Lafayette Digital Acquisition Corp. I Unit,$10.08,UNCH,--,NA
ZTR,Virtus Total Return Fund Inc.,$5.96,-0.08,-1.325%,NA
