Symbol,Name,Last Sale,Net Change,% Change,Market Cap
NVDA,NVIDIA Corporation Common Stock,$225.51,-3.36,-1.468%,"5,434,791,000,000"
AAPL,Apple Inc. Common Stock,$337.02,-2.73,-0.804%,"4,918,530,543,600"
GOOGL,Alphabet Inc. Class A Common Stock,$337.83,-13.33,-3.796%,"4,131,660,900,000"
GOOG,Alphabet Inc. Class C Capital Stock,$334.98,-12.43,-3.578%,"4,096,805,400,000"
MSFT,Microsoft Corporation Common Stock,$500.59,2.59,0.52%,"3,717,153,817,340"
AMZN,"Amazon.com, Inc. Common Stock",$249.27,-5.71,-2.239%,"2,688,704,384,092"
TSM,Taiwan Semiconductor Manufacturing Company Ltd.,$446.57,-5.43,-1.201%,"2,316,137,494,979"
SPCX,Space Exploration Technologies Corp. Class A Common Stock,$148.36,-6.36,-4.111%,"2,013,663,816,285"
META,"Meta Platforms, Inc. Class A Common Stock",$744.10,7.505,1.019%,"1,895,599,382,023"
AVGO,Broadcom Inc. Common Stock,$354.99,-9.55,-2.62%,"1,694,590,865,776"
TSLA,"Tesla, Inc. Common Stock",$380.12,1.22,0.322%,"1,501,301,955,407"
SKHY,SK hynix Inc. American Depositary Shares,$189.28,-6.09,-3.117%,"1,379,596,618,400"
MU,"Micron Technology, Inc. Common Stock","$1,071.88",-24.28,-2.215%,"1,210,573,930,694"
BRK/A,Berkshire Hathaway Inc.,"$765,020.00","9,370.94",1.24%,"1,125,248,027,480"
BRK/B,Berkshire Hathaway Inc.,$507.17,3.68,0.731%,"1,118,974,938,030"
LLY,Eli Lilly and Company Common Stock,"$1,150.99",-19.15,-1.637%,"1,083,492,568,244"
AMD,"Advanced Micro Devices, Inc. Common Stock",$614.61,-9.16,-1.468%,"1,003,335,485,564"
JPM,JP Morgan Chase & Co. Common Stock,$337.53,-2.47,-0.726%,"897,217,586,398"
WMT,Walmart Inc. Common Stock,$110.53,0.41,0.372%,"876,916,972,018"
ASML,ASML Holding N.V. New York Registry Shares,"$1,744.61",-3.29,-0.188%,"672,403,512,536"
XOM,ExxonMobil Holdings Corporation Common Stock,$161.23,2.52,1.588%,"662,963,565,311"
JNJ,Johnson & Johnson Common Stock,$269.17,-0.02,-0.007%,"648,672,405,354"
INTC,Intel Corporation Common Stock,$122.60,-1.26,-1.017%,"647,949,522,049"
V,Visa Inc.,$361.52,-0.52,-0.144%,"645,947,748,942"
GOOGM,Alphabet Inc. Depositary Shares representing a 1/20th Interest in a Share of Series A Mandatory Convertible Preferred Stock,$48.25,-1.22,-2.466%,"590,097,500,000"
GOOGN,Alphabet Inc. Depositary Shares representing a 1/20th Interest in a Share of Series B Mandatory Convertible Preferred Stock,$48.00,-1.23,-2.498%,"587,040,000,000"
MA,Mastercard Incorporated Common Stock,$559.92,4.03,0.725%,"490,495,485,605"
ABBV,AbbVie Inc. Common Stock,$265.08,-0.13,-0.049%,"468,427,449,908"
PLTR,Palantir Technologies Inc. Class A Common Stock,$191.79,6.80,3.676%,"460,689,836,929"
ORCL,Oracle Corporation Common Stock,$144.56,-4.64,-3.11%,"437,111,276,160"
CSCO,"Cisco Systems, Inc. Common Stock (DE)",$106.43,-0.01,-0.009%,"419,609,520,893"
CVX,Chevron Corporation Common Stock,$205.51,3.10,1.532%,"406,040,754,520"
COST,Costco Wholesale Corporation Common Stock,$904.70,5.29,0.588%,"401,215,273,979"
BAC,Bank of America Corporation Common Stock,$56.00,-0.20,-0.356%,"391,593,908,440"
LRCX,Lam Research Corporation Common Stock,$307.28,-3.35,-1.078%,"384,505,916,880"
KO,Coca-Cola Company (The) Common Stock,$88.09,-0.52,-0.587%,"379,011,562,816"
AMAT,"Applied Materials, Inc. Common Stock",$474.38,1.92,0.406%,"376,466,755,010"
CAT,"Caterpillar, Inc. Common Stock",$812.02,4.01,0.496%,"373,265,203,366"
MRK,"Merck & Company, Inc. Common Stock (new)",$148.08,-2.83,-1.875%,"365,338,776,155"
ARM,Arm Holdings plc American Depositary Shares,$332.56,-0.64,-0.192%,"353,862,214,605"
DELL,Dell Technologies Inc. Class C Common Stock ,$549.83,0.91,0.166%,"349,588,924,333"
HSBC,"HSBC Holdings, plc. Common Stock",$100.25,-1.34,-1.319%,"344,192,170,289"
PG,Procter & Gamble Company (The) Common Stock,$147.39,-0.83,-0.56%,"342,598,188,713"
UNH,UnitedHealth Group Incorporated Common Stock (DE),$371.29,-1.66,-0.445%,"333,267,990,743"
GE,GE Aerospace Common Stock,$319.80,0.58,0.182%,"331,812,491,657"
PANW,"Palo Alto Networks, Inc. Common Stock",$393.30,18.73,5.00%,"321,719,400,000"
MS,Morgan Stanley Common Stock,$198.39,-1.79,-0.894%,"311,584,646,670"
PM,Philip Morris International Inc Common Stock,$190.84,0.61,0.321%,"297,445,788,699"
NFLX,"Netflix, Inc. Common Stock",$71.36,-0.80,-1.109%,"297,138,735,279"
HD,"Home Depot, Inc. (The) Common Stock",$296.72,-8.63,-2.826%,"296,034,465,827"
RY,Royal Bank Of Canada Common Stock,$199.45,-4.38,-2.149%,"276,124,523,411"
GS,"Goldman Sachs Group, Inc. (The) Common Stock",$936.36,-13.13,-1.383%,"272,641,259,595"
NVS,Novartis AG Common Stock,$142.71,1.43,1.012%,"272,312,326,110"
MUFG,"Mitsubishi UFJ Financial Group, Inc. Common Stock",$22.82,-0.27,-1.169%,"270,821,163,194"
CRWD,"CrowdStrike Holdings, Inc. Class A Common Stock",$262.49,12.43,4.971%,"268,772,656,677"
BABA,Alibaba Group Holding Limited American Depositary Shares each representing eight Ordinary share,$110.80,-5.51,-4.737%,"268,411,450,794"
SNDK,Sandisk Corporation Common Stock,"$1,816.57",-70.47,-3.734%,"265,980,364,647"
SHEL,Shell PLC American Depositary Shares (each representing two (2) Ordinary Shares) ,$95.41,1.48,1.576%,"263,911,009,569"
RTX,RTX Corporation Common Stock,$192.19,1.20,0.628%,"259,025,637,695"
SAP,SAP  SE ADS,$210.62,-0.06,-0.028%,"258,747,561,344"
ANET,"Arista Networks, Inc. Common Stock",$203.47,-1.72,-0.838%,"256,621,379,129"
GEV,GE Vernova Inc. Common Stock,$951.82,1.54,0.162%,"253,501,629,067"
AZN,AstraZeneca PLC Ordinary Shares,$163.33,-5.04,-2.993%,"253,280,056,184"
TXN,Texas Instruments Incorporated Common Stock,$272.62,1.21,0.446%,"248,969,584,157"
TM,Toyota Motor Corporation Common Stock,$190.36,-1.70,-0.885%,"248,113,928,981"
WFC,Wells Fargo & Company Common Stock,$81.90,-1.25,-1.503%,"247,665,545,618"
TMO,Thermo Fisher Scientific Inc Common Stock,$665.30,6.78,1.03%,"245,992,869,376"
KLAC,KLA Corporation Common Stock,$187.86,-0.46,-0.244%,"245,158,519,587"
CCZ,Comcast Holdings ZONES,$64.67,UNCH,--,"229,490,327,176"
MRVL,"Marvell Technology, Inc. Common Stock",$260.90,-1.46,-0.556%,"228,783,210,000"
C,"Citigroup, Inc. Common Stock",$131.93,-0.54,-0.408%,"221,304,234,781"
AMGN,Amgen Inc. Common Stock,$406.09,-4.15,-1.012%,"219,545,250,910"
IBM,International Business Machines Corporation Common Stock,$232.76,1.38,0.596%,"219,291,200,616"
LIN,Linde plc Ordinary Shares,$469.72,4.81,1.035%,"216,531,602,164"
BHP,BHP Group Limited American Depositary Shares (Each representing two Ordinary Shares),$84.95,-2.88,-3.279%,"215,950,647,865"
STX,Seagate Technology Holdings PLC Ordinary Shares (Ireland),$923.86,4.02,0.437%,"211,303,920,527"
QCOM,QUALCOMM Incorporated Common Stock,$197.24,-1.03,-0.519%,"207,148,138,578"
SAN,"Banco Santander, S.A. Sponsored ADR (Spain)",$14.20,-0.29,-2.001%,"205,540,859,777"
AXP,American Express Company Common Stock,$301.96,-3.11,-1.019%,"203,916,557,173"
APH,Amphenol Corporation Common Stock,$82.19,-0.65,-0.785%,"202,677,820,662"
TTE,TotalEnergies SE Ordinary Shares,$91.67,1.82,2.026%,"200,011,271,573"
TD,Toronto Dominion Bank (The) Common Stock,$119.41,-3.24,-2.642%,"195,640,985,770"
CRM,"Salesforce, Inc. Common Stock",$237.58,4.30,1.843%,"195,528,340,000"
VZ,Verizon Communications Inc. Common Stock,$46.52,0.07,0.151%,"193,280,142,397"
DE,Deere & Company Common Stock,$709.48,6.36,0.905%,"191,293,837,306"
GILD,"Gilead Sciences, Inc. Common Stock",$151.37,-1.30,-0.852%,"187,692,011,812"
ADI,"Analog Devices, Inc. Common Stock",$385.23,-5.14,-1.317%,"186,669,154,082"
SHOP,Shopify Inc. Class A Subordinate Voting Shares,$142.34,-5.40,-3.655%,"184,445,741,299"
ABT,Abbott Laboratories Common Stock,$103.49,-0.20,-0.193%,"179,077,367,303"
DIS,Walt Disney Company (The) Common Stock,$103.46,-0.36,-0.347%,"178,643,026,881"
TMUS,"T-Mobile US, Inc. Common Stock",$165.66,3.25,2.001%,"177,698,779,410"
PEP,"PepsiCo, Inc. Common Stock",$130.18,-1.01,-0.77%,"177,681,583,020"
T,AT&T Inc.,$25.30,0.20,0.797%,"173,365,356,945"
SCHW,Charles Schwab Corporation (The) Common Stock,$99.50,-0.85,-0.847%,"172,068,903,543"
WDC,Western Digital Corporation Common Stock,$473.69,9.09,1.957%,"170,784,639,763"
ETN,"Eaton Corporation, PLC Ordinary Shares",$438.76,-3.73,-0.843%,"170,414,384,000"
NVO,Novo Nordisk A/S Common Stock,$38.17,-1.23,-3.122%,"169,014,107,948"
MCD,McDonald's Corporation Common Stock,$238.32,-12.03,-4.805%,"168,645,129,668"
SCCO,Southern Copper Corporation Common Stock,$201.94,-4.20,-2.037%,"168,484,944,710"
WELL,Welltower Inc. Common Stock,$229.87,-0.52,-0.226%,"165,677,641,886"
BLK,"BlackRock, Inc. Common Stock","$1,060.89",-5.77,-0.541%,"164,299,248,181"
UNP,Union Pacific Corporation Common Stock,$275.53,1.12,0.408%,"163,685,621,964"
NEE,"NextEra Energy, Inc. Common Stock",$77.02,-2.24,-2.826%,"160,662,041,657"
PFE,"Pfizer, Inc. Common Stock",$28.18,0.25,0.895%,"160,616,801,738"
BBVA,Banco Bilbao Vizcaya Argentaria S.A. Common Stock,$28.09,-0.58,-2.023%,"160,364,930,783"
BA,Boeing Company (The) Common Stock,$199.93,2.21,1.118%,"158,018,678,099"
DHR,Danaher Corporation Common Stock,$221.56,0.47,0.213%,"155,753,590,124"
COP,ConocoPhillips Common Stock,$128.09,2.82,2.251%,"153,879,317,685"
BUD,Anheuser-Busch Inbev SA Sponsored ADR (Belgium),$77.06,-1.14,-1.458%,"151,972,573,141"
UBS,UBS Group AG Registered Ordinary Shares,$47.74,-1.45,-2.948%,"148,157,999,265"
NOW,"ServiceNow, Inc. Common Stock",$140.78,3.78,2.759%,"145,566,520,000"
TJX,"TJX Companies, Inc. (The) Common Stock",$131.59,0.80,0.612%,"144,745,586,687"
UBER,"Uber Technologies, Inc. Common Stock",$69.42,-0.47,-0.672%,"141,794,523,600"
ISRG,"Intuitive Surgical, Inc. Common Stock",$398.30,-3.79,-0.943%,"140,710,642,535"
TBB,AT&T Inc. 5.350% Global Notes due 2066,$19.35,-0.05,-0.258%,"138,359,959,038"
SONY,Sony Group Corporation American Depositary Shares ,$23.20,-0.22,-0.939%,"136,788,419,253"
PBR,Petroleo Brasileiro S.A. Petrobras ADS,$21.14,0.38,1.83%,"136,233,905,294"
UL,Unilever PLC American Depositary Shares (each representing One Ordinary Share),$62.16,-0.77,-1.224%,"133,912,987,703"
MFG,"Mizuho Financial Group, Inc. Sponosred ADR (Japan)",$10.74,-0.13,-1.196%,"133,704,869,498"
GLW,Corning Incorporated Common Stock,$154.48,-5.21,-3.263%,"133,067,269,373"
FTNT,"Fortinet, Inc. Common Stock",$178.74,4.48,2.571%,"131,143,978,337"
VRTX,Vertex Pharmaceuticals Incorporated Common Stock,$516.34,1.35,0.262%,"130,872,013,498"
NEM,Newmont Corporation,$123.55,-3.71,-2.915%,"130,183,680,082"
CB,Chubb Limited  Common Stock,$335.21,-0.56,-0.167%,"129,323,970,735"
MNST,Monster Beverage Corporation,$43.91,-0.36,-0.813%,"129,033,073,487"
PLD,"Prologis, Inc. Common Stock",$133.96,-1.92,-1.413%,"127,004,260,960"
NET,"Cloudflare, Inc. Class A Common Stock",$352.33,-0.67,-0.19%,"125,457,565,986"
BMY,Bristol-Myers Squibb Company Common Stock,$61.15,-1.10,-1.767%,"124,912,001,214"
ACN,Accenture plc Class A Ordinary Shares (Ireland),$183.52,-0.20,-0.109%,"122,501,473,739"
PH,Parker-Hannifin Corporation Common Stock,$971.21,6.36,0.659%,"122,481,638,572"
LMT,Lockheed Martin Corporation Common Stock,$524.68,2.34,0.448%,"121,091,292,284"
BTI,"British American Tobacco  Industries, p.l.c. Common Stock ADR",$55.85,0.10,0.179%,"120,654,629,047"
COF,Capital One Financial Corporation Common Stock,$196.10,-4.45,-2.219%,"120,304,376,340"
SPGI,S&P Global Inc. Common Stock,$406.50,4.06,1.009%,"119,836,200,000"
RIO,Rio Tinto Plc Common Stock,$95.25,-2.24,-2.298%,"119,637,675,126"
BMO,Bank Of Montreal Common Stock,$170.37,-3.98,-2.283%,"118,422,864,418"
SNOW,Snowflake Inc. Common Stock,$334.81,-1.78,-0.529%,"118,120,968,000"
PGR,Progressive Corporation (The) Common Stock,$203.13,-3.81,-1.841%,"118,094,047,640"
SMFG,Sumitomo Mitsui Financial Group Inc Unsponsored American Depositary Shares (Japan),$25.85,-0.29,-1.109%,"117,910,894,191"
BKNG,Booking Holdings Inc. Common Stock,$155.90,-8.32,-5.066%,"117,140,219,950"
HDB,HDFC Bank Limited Common Stock,$22.79,-0.62,-2.648%,"116,938,288,065"
BP,BP p.l.c. Common Stock,$44.49,1.39,3.225%,"116,471,723,540"
MO,"Altria Group, Inc.",$68.95,0.31,0.452%,"115,128,843,698"
MDT,Medtronic plc. Ordinary Shares,$89.30,-1.47,-1.619%,"114,227,013,577"
BNS,Bank Nova Scotia Halifax Pfd 3 Ordinary Shares,$92.25,-1.81,-1.924%,"113,171,133,960"
PDD,PDD Holdings Inc. American Depositary Shares,$79.20,-1.15,-1.431%,"112,732,999,790"
HOOD,"Robinhood Markets, Inc. Class A Common Stock",$122.70,-1.55,-1.247%,"110,317,394,897"
CVS,CVS Health Corporation Common Stock,$85.86,-1.24,-1.424%,"109,812,395,882"
MPC,Marathon Petroleum Corporation Common Stock,$388.38,-1.30,-0.334%,"109,066,721,454"
VLO,Valero Energy Corporation Common Stock,$375.84,-1.30,-0.345%,"108,214,656,942"
LOW,"Lowe's Companies, Inc. Common Stock",$191.36,-4.72,-2.407%,"107,363,297,076"
SBUX,Starbucks Corporation Common Stock,$94.14,-0.97,-1.02%,"107,319,600,000"
EQNR,Equinor ASA,$42.90,1.09,2.607%,"107,261,627,187"
APP,Applovin Corporation Class A Common Stock,$315.25,-13.48,-4.101%,"105,498,727,750"
SPOT,Spotify Technology S.A. Ordinary Shares,$510.40,9.10,1.815%,"105,056,921,781"
SYK,Stryker Corporation Common Stock,$273.40,-1.69,-0.614%,"104,868,870,776"
ADP,"Automatic Data Processing, Inc. Common Stock",$263.68,-5.96,-2.21%,"104,750,238,492"
ENB,Enbridge Inc Common Stock,$47.85,-0.05,-0.104%,"104,509,598,376"
ING,"ING Group, N.V. Common Stock",$35.92,-0.49,-1.346%,"104,255,561,753"
FCX,"Freeport-McMoRan, Inc. Common Stock",$72.58,-1.77,-2.381%,"104,226,151,819"
MCK,McKesson Corporation Common Stock,$880.50,-10.73,-1.204%,"102,657,814,622"
EQIX,"Equinix, Inc. Common Stock REIT","$1,037.66",-21.60,-2.039%,"102,387,661,695"
PSX,Phillips 66 Common Stock,$256.48,-0.30,-0.117%,"102,340,884,536"
SNY,Sanofi ADS,$41.66,-0.85,-2.00%,"101,602,665,639"
BNY,The Bank of New York Mellon Corporation Common Stock,$149.51,-0.66,-0.44%,"101,443,154,270"
CM,Canadian Imperial Bank of Commerce Common Stock,$111.45,-3.31,-2.884%,"101,191,711,580"
GSK,GSK plc American Depositary Shares (Each representing two Ordinary Shares),$49.71,-1.01,-1.991%,"100,548,696,519"
IBN,ICICI Bank Limited Common Stock,$27.91,-0.13,-0.464%,"99,919,370,914"
AEM,Agnico Eagle Mines Limited Common Stock,$195.57,-7.98,-3.92%,"99,263,704,379"
CNQ,Canadian Natural Resources Limited Common Stock,$47.64,-0.13,-0.272%,"98,559,537,600"
ASX,"ASE Technology Holding Co., Ltd. American Depositary Shares (each representing Two Common Shares) ",$43.93,-1.27,-2.81%,"97,827,663,889"
CME,CME Group Inc. Class A Common Stock,$270.80,3.59,1.344%,"97,374,064,420"
RACE,Ferrari N.V. Common Shares,$413.05,-0.27,-0.065%,"96,630,789,769"
TT,Trane Technologies plc,$437.09,-0.73,-0.167%,"96,169,930,435"
SO,Southern Company (The) Common Stock,$83.47,-1.68,-1.973%,"96,020,796,772"
VRT,"Vertiv Holdings, LLC Class A Common Stock",$248.78,-4.68,-1.846%,"95,777,357,679"
HCA,"HCA Healthcare, Inc. Common Stock",$436.48,-1.64,-0.374%,"94,498,574,720"
ADBE,Adobe Inc. Common Stock,$240.69,2.44,1.024%,"93,676,548,000"
PWR,"Quanta Services, Inc. Common Stock",$634.90,-7.73,-1.203%,"93,539,676,687"
CEG,Constellation Energy Corporation Common Stock ,$263.88,0.42,0.159%,"93,494,631,171"
GD,General Dynamics Corporation Common Stock,$343.33,-0.06,-0.017%,"92,890,401,759"
MAR,Marriott International Class A Common Stock,$351.66,3.60,1.034%,"91,701,072,838"
HWM,Howmet Aerospace Inc. Common Stock,$228.78,3.42,1.518%,"91,237,784,063"
MELI,"MercadoLibre, Inc. Common Stock","$1,799.24",-27.34,-1.497%,"91,215,714,030"
USB,U.S. Bancorp Common Stock,$58.48,-0.96,-1.615%,"91,114,848,562"
BN,Brookfield Corporation Class A Limited Voting Shares,$37.09,-0.76,-2.008%,"90,898,305,075"
DDOG,"Datadog, Inc. Class A Common Stock",$251.49,4.015,1.622%,"90,303,777,786"
ITUB,Itau Unibanco Banco Holding SA American Depositary Shares (Each repstg 500 Preferred shares),$8.18,-0.25,-2.966%,"90,196,970,655"
ABNB,"Airbnb, Inc. Class A Common Stock",$149.58,-12.23,-7.558%,"89,566,362,314"
BX,Blackstone Inc. Common Stock,$119.27,-4.74,-3.822%,"89,527,057,347"
PNC,"PNC Financial Services Group, Inc. (The) Common Stock",$224.03,-3.93,-1.724%,"89,375,349,718"
DUK,Duke Energy Corporation (Holding Company) Common Stock,$114.17,-2.14,-1.84%,"89,018,599,375"
JCI,Johnson Controls International plc Ordinary Share,$145.90,-0.54,-0.369%,"88,377,680,473"
MMM,3M Company Common Stock,$170.30,1.00,0.591%,"87,827,527,615"
ICE,Intercontinental Exchange Inc. Common Stock,$156.35,3.42,2.236%,"87,774,028,042"
CSX,CSX Corporation Common Stock,$47.19,0.60,1.288%,"87,418,291,333"
KKR,KKR & Co. Inc. Common Stock,$97.21,-1.23,-1.249%,"87,259,156,773"
WMB,"Williams Companies, Inc. (The) Common Stock",$71.11,0.13,0.183%,"86,979,438,934"
ELV,"Elevance Health, Inc. Common Stock",$398.56,-3.87,-0.962%,"86,435,424,222"
E,ENI S.p.A. Common Stock,$54.83,1.57,2.948%,"86,268,565,600"
EMR,Emerson Electric Company Common Stock,$154.59,0.40,0.259%,"86,230,302,000"
CDNS,"Cadence Design Systems, Inc. Common Stock",$309.09,6.14,2.027%,"85,121,222,370"
LITE,Lumentum Holdings Inc. Common Stock,$937.00,-8.67,-0.917%,"84,048,900,000"
LYG,Lloyds Banking Group Plc American Depositary Shares,$5.64,-0.14,-2.422%,"83,590,518,475"
WM,"Waste Management, Inc. Common Stock",$207.88,0.20,0.096%,"83,092,792,450"
HPE,Hewlett Packard Enterprise Company Common Stock,$62.33,1.30,2.13%,"82,740,879,675"
REGN,"Regeneron Pharmaceuticals, Inc. Common Stock",$801.82,-2.08,-0.259%,"82,551,368,478"
MCO,Moody's Corporation Common Stock,$473.85,4.60,0.98%,"82,070,820,000"
DASH,"DoorDash, Inc. Class A Common Stock",$189.27,-2.94,-1.53%,"82,010,300,536"
BCS,Barclays PLC Common Stock,$24.29,-0.68,-2.723%,"81,620,920,529"
UPS,"United Parcel Service, Inc. Common Stock",$95.82,-0.05,-0.052%,"81,521,891,187"
MRSH,Marsh Common Stock,$170.38,0.37,0.218%,"81,307,255,842"
EPD,Enterprise Products Partners L.P. Common Stock,$37.57,-0.44,-1.158%,"81,131,557,239"
BE,Bloom Energy Corporation Class A Common Stock,$275.19,-1.34,-0.485%,"81,050,980,346"
CMCSA,Comcast Corporation Class A Common Stock,$22.55,0.13,0.58%,"80,021,754,721"
AMT,American Tower Corporation (REIT) Common Stock,$170.78,-4.47,-2.551%,"79,576,656,997"
SU,Suncor Energy  Inc. Common Stock,$67.98,1.04,1.554%,"79,511,421,024"
SHW,Sherwin-Williams Company (The) Common Stock,$326.46,-1.89,-0.576%,"79,250,825,975"
SNPS,"Synopsys, Inc. Common Stock",$413.06,3.82,0.933%,"79,157,432,997"
NGG,"National Grid Transco, PLC National Grid PLC (NEW) American Depositary Shares",$75.25,-1.61,-2.095%,"79,009,965,430"
CP,Canadian Pacific Kansas City Limited Common Shares,$88.28,0.29,0.33%,"78,769,056,827"
MDLZ,"Mondelez International, Inc. Class A Common Stock",$61.44,0.36,0.589%,"78,416,367,022"
ITW,Illinois Tool Works Inc. Common Stock,$273.42,2.95,1.091%,"77,870,016,000"
ECL,Ecolab Inc. Common Stock,$276.72,0.50,0.181%,"77,572,531,022"
WBD,"Warner Bros. Discovery, Inc. Series A Common Stock ",$30.76,-0.07,-0.227%,"77,229,233,939"
SLB,SLB Limited Common Shares,$51.87,-0.25,-0.48%,"76,982,509,392"
CTAS,Cintas Corporation Common Stock,$191.97,-6.83,-3.436%,"76,695,233,761"
INTU,Intuit Inc. Common Stock,$286.80,-5.55,-1.898%,"76,643,284,800"
MSI,"Motorola Solutions, Inc. Common Stock",$460.44,3.74,0.819%,"76,199,959,747"
TRV,"The Travelers Companies, Inc. Common Stock",$360.39,-1.62,-0.448%,"75,168,352,179"
ROST,"Ross Stores, Inc. Common Stock",$233.98,1.47,0.632%,"74,745,638,678"
NTES,"NetEase, Inc. American Depositary Shares",$117.02,-1.74,-1.465%,"74,673,750,847"
EOG,"EOG Resources, Inc. Common Stock",$141.84,2.32,1.663%,"74,399,218,324"
GM,General Motors Company Common Stock,$83.77,0.32,0.383%,"73,504,115,590"
APO,"Apollo Global Management, Inc. (New) Common Stock",$124.36,0.21,0.169%,"73,439,947,253"
NOC,Northrop Grumman Corporation Common Stock,$514.42,4.56,0.894%,"73,080,061,835"
MFC,Manulife Financial Corporation Common Stock,$43.60,-0.57,-1.29%,"72,763,626,410"
MRNA,"Moderna, Inc. Common Stock",$182.11,-0.45,-0.246%,"72,704,847,746"
BAM,Brookfield Asset Management Inc Class A Limited Voting Shares,$45.26,-0.75,-1.63%,"72,290,947,435"
CMI,Cummins Inc. Common Stock,$524.65,-1.48,-0.281%,"72,225,673,105"
CNI,Canadian National Railway Company Common Stock,$119.49,-0.03,-0.025%,"72,183,909,000"
NWG,"NatWest Group plc American Depositary Shares, (each representing two (2) Ordinary Shares)",$17.91,-0.66,-3.554%,"71,192,869,561"
TGT,Target Corporation Common Stock,$156.26,-2.76,-1.736%,"70,988,407,967"
CI,The Cigna Group Common Stock,$268.27,-5.47,-1.998%,"70,887,795,179"
NSC,Norfolk Southern Corporation Common Stock,$315.01,1.01,0.322%,"70,753,883,579"
ET,Energy Transfer LP Common Units ,$20.49,0.09,0.441%,"70,553,208,824"
CVNA,Carvana Co. Class A Common Stock,$63.95,-1.45,-2.217%,"70,374,658,092"
B,Barrick Mining Corporation Common Shares,$42.49,-1.39,-3.168%,"69,933,628,963"
KMI,"Kinder Morgan, Inc. Common Stock",$31.37,0.10,0.32%,"69,854,781,532"
ORLY,"O'Reilly Automotive, Inc. Common Stock",$85.90,0.08,0.093%,"69,489,732,033"
HLT,Hilton Worldwide Holdings Inc. Common Stock ,$307.22,-1.22,-0.396%,"69,144,441,650"
FDX,FedEx Corporation Common Stock,$291.50,-4.44,-1.50%,"68,989,431,803"
CL,Colgate-Palmolive Company Common Stock,$85.93,-1.12,-1.287%,"68,501,061,196"
DB,Deutsche Bank AG Common Stock,$35.87,-1.69,-4.499%,"67,485,818,000"
HON,Honeywell International Inc. Common Stock,$212.57,0.72,0.34%,"67,371,937,926"
DLR,"Digital Realty Trust, Inc. Common Stock",$181.45,-4.20,-2.262%,"67,143,064,135"
BRKRP,"Bruker Corporation 6.375% Mandatory Convertible Preferred Stock, Series A",$439.16,-15.34,-3.375%,"66,910,117,215"
MPWR,"Monolithic Power Systems, Inc. Common Stock","$1,355.47",-25.15,-1.822%,"66,611,862,210"
AMX,"America Movil, S.A.B. de C.V. American Depositary Shares (each representing the right to receive twenty (20) Series B Shares",$22.08,-0.21,-0.942%,"66,455,280,000"
NU,Nu Holdings Ltd. Class A Ordinary Shares,$13.62,-0.54,-3.814%,"66,134,274,868"
WPM,Wheaton Precious Metals Corp Common Shares (Canada),$145.45,-8.36,-5.435%,"66,057,567,346"
SPG,"Simon Property Group, Inc. Common Stock",$204.16,-1.79,-0.869%,"66,056,277,302"
RSG,"Republic Services, Inc. Common Stock",$213.10,-0.78,-0.365%,"65,253,985,612"
BSX,Boston Scientific Corporation Common Stock,$44.62,-0.30,-0.668%,"64,664,621,450"
AEP,"American Electric Power Company, Inc. Common Stock",$118.40,-1.87,-1.555%,"64,456,646,477"
URI,"United Rentals, Inc. Common Stock","$1,031.99",-11.05,-1.059%,"64,233,626,223"
APD,"Air Products and Chemicals, Inc. Common Stock",$286.97,-0.89,-0.309%,"63,904,066,544"
SE,"Sea Limited American Depositary Shares, each representing one Class A Ordinary Share",$103.29,-0.38,-0.367%,"63,263,526,277"
ALAB,"Astera Labs, Inc. Common Stock",$360.46,-3.00,-0.825%,"62,534,440,588"
MSTR,Strategy Inc Common Stock Class A,$162.20,-5.13,-3.066%,"62,321,416,812"
UMC,United Microelectronics Corporation (NEW) Common Stock,$24.68,-1.09,-4.23%,"62,135,139,719"
TEL,TE Connectivity plc Ordinary Shares,$214.39,0.91,0.426%,"62,068,740,951"
MET,"MetLife, Inc. Common Stock",$97.20,1.28,1.334%,"61,768,357,304"
NBIS,Nebius Group N.V. Class A Ordinary Shares,$226.61,-9.51,-4.028%,"61,605,110,951"
RCL,Royal Caribbean Cruises Ltd. Common Stock,$230.30,-4.59,-1.954%,"61,594,214,945"
TDG,Transdigm Group Incorporated Common Stock,"$1,105.28",-7.14,-0.642%,"61,096,037,552"
NOK,Nokia Corporation Sponsored American Depositary Shares,$10.63,-0.19,-1.756%,"61,040,007,968"
TER,"Teradyne, Inc. Common Stock",$389.14,-9.55,-2.395%,"60,838,439,455"
TRGP,"Targa Resources, Inc. Common Stock",$283.01,0.86,0.305%,"60,686,123,253"
IMO,Imperial Oil Limited Common Stock,$124.75,0.47,0.378%,"60,328,226,750"
TRP,TC Energy Corporation Common Stock,$60.20,0.42,0.703%,"60,200,000,000"
KEYS,Keysight Technologies Inc. Common Stock,$353.36,6.04,1.739%,"60,157,683,093"
BMNP,"BitMine Immersion Technologies, Inc. 9.5% Series A Perpetual Preferred Stock",$99.4979,0.1379,0.139%,"60,019,759,428"
GWW,"W.W. Grainger, Inc. Common Stock","$1,270.67",2.05,0.162%,"59,849,753,971"
AON,Aon plc Class A Ordinary Shares (Ireland),$281.60,-4.50,-1.573%,"59,734,522,214"
MPLX,MPLX LP Common Units Representing Limited Partner Interests,$58.81,-0.35,-0.592%,"59,625,003,741"
COR,"Cencora, Inc. Common Stock",$312.28,-2.15,-0.684%,"59,591,507,086"
TAK,Takeda Pharmaceutical Company Limited American Depositary Shares (each representing 1/2 of a share of Common Stock),$18.81,-0.14,-0.739%,"59,436,677,076"
NXPI,NXP Semiconductors N.V. Common Stock,$235.44,-2.13,-0.897%,"59,369,533,127"
VALE,VALE S.A.  American Depositary Shares Each Representing one common share,$13.82,-0.37,-2.607%,"59,004,688,358"
PCAR,PACCAR Inc. Common Stock,$112.09,-1.81,-1.589%,"59,000,247,582"
COHR,Coherent Corp. Common Stock,$300.60,-9.79,-3.154%,"58,867,173,148"
AJG,Arthur J. Gallagher & Co. Common Stock,$229.64,-0.81,-0.351%,"58,856,732,000"
ARGX,argenx SE American Depositary Shares,$945.82,-17.97,-1.865%,"58,700,320,728"
FAST,Fastenal Company Common Stock,$50.99,0.91,1.817%,"58,510,901,247"
CVE,Cenovus Energy Inc Common Stock,$31.08,-0.24,-0.766%,"58,275,000,000"
RELX,RELX PLC PLC American Depositary Shares (Each representing One Ordinary Share),$33.22,0.24,0.728%,"58,053,958,548"
AFL,AFLAC Incorporated Common Stock,$115.23,0.63,0.55%,"57,769,788,229"
BKR,Baker Hughes Company Class A Common Stock,$58.03,0.77,1.345%,"57,604,876,340"
TFC,Truist Financial Corporation Common Stock,$47.00,-1.07,-2.226%,"57,416,430,836"
OXY,Occidental Petroleum Corporation Common Stock,$57.36,1.05,1.865%,"57,339,199,601"
FIX,"Comfort Systems USA, Inc. Common Stock","$1,625.90",0.77,0.047%,"57,222,459,521"
OKE,"ONEOK, Inc. Common Stock",$90.54,0.45,0.50%,"57,073,669,650"
ALL,Allstate Corporation (The) Common Stock,$225.66,-3.84,-1.673%,"57,059,924,997"
CRH,CRH PLC Ordinary Shares,$85.23,-2.81,-3.192%,"57,047,799,789"
LNG,"Cheniere Energy, Inc. Common Stock",$273.61,0.65,0.238%,"56,509,810,970"
AME,"AMETEK, Inc.",$246.45,1.04,0.424%,"56,501,433,584"
NTRA,"Natera, Inc. Common Stock",$390.79,-0.11,-0.028%,"56,330,100,194"
NUE,Nucor Corporation Common Stock,$246.98,1.32,0.537%,"56,033,754,458"
GRMN,Garmin Ltd. Common Stock (Switzerland),$287.58,2.91,1.022%,"55,460,532,303"
MT,Arcelor Mittal NY Registry Shares NEW,$71.92,-1.86,-2.521%,"54,740,168,902"
D,"Dominion Energy, Inc. Common Stock",$61.17,-1.26,-2.018%,"53,800,602,300"
DAL,"Delta Air Lines, Inc. Common Stock",$81.75,-2.17,-2.586%,"53,760,682,703"
CTVA,"Corteva, Inc. Common Stock ",$80.42,0.08,0.10%,"53,655,902,320"
NKE,"Nike, Inc. Common Stock",$36.05,-0.05,-0.139%,"53,480,128,243"
NDAQ,"Nasdaq, Inc. Common Stock",$95.44,0.94,0.995%,"53,348,800,384"
DVN,Devon Energy Corporation Common Stock,$48.04,1.11,2.365%,"52,844,000,000"
O,Realty Income Corporation Common Stock,$55.61,-0.92,-1.627%,"52,619,184,815"
COIN,"Coinbase Global, Inc. Class A Common Stock",$198.13,-2.94,-1.462%,"52,274,009,554"
FANG,"Diamondback Energy, Inc. Common Stock",$185.65,1.15,0.623%,"51,986,521,134"
HONA,Honeywell Aerospace Inc. Common Stock ,$163.33,-3.99,-2.385%,"51,767,888,574"
SOMN,Southern Company (The) 2025 Series A Corporate Units,$44.92,-0.78,-1.707%,"51,674,304,433"
SRE,DBA Sempra Common Stock,$79.00,-1.98,-2.445%,"51,658,127,492"
CAH,"Cardinal Health, Inc. Common Stock",$221.27,-0.77,-0.347%,"51,237,136,268"
F,Ford Motor Company Common Stock,$12.94,-0.16,-1.221%,"50,682,662,068"
HBANL,"Huntington Bancshares Incorporated Depositary Shares, Each Representing a 1/40th Interest in a Share of 6.875% Series J Non-Cumulative Perpetual Preferred Stock",$25.07,-0.08,-0.318%,"50,651,799,688"
CIEN,Ciena Corporation Common Stock,$355.91,-12.65,-3.432%,"50,471,072,133"
PSA,Public Storage Common Stock,$286.73,-2.98,-1.029%,"50,355,847,752"
FNV,Franco-Nevada Corporation,$260.91,-6.29,-2.354%,"50,322,705,767"
EW,Edwards Lifesciences Corporation Common Stock,$86.82,-1.96,-2.208%,"50,043,048,000"
AU,AngloGold Ashanti PLC Ordinary Shares,$98.74,-5.86,-5.602%,"49,939,656,337"
BDX,"Becton, Dickinson and Company Common Stock",$182.52,-0.48,-0.262%,"49,716,038,736"
STT,State Street Corporation Common Stock,$179.95,-0.30,-0.166%,"49,432,582,612"
TEAM,Atlassian Corporation Class A Common Stock,$195.08,6.43,3.408%,"49,382,320,030"
WAB,Westinghouse Air Brake Technologies Corporation Common Stock,$292.22,2.51,0.866%,"49,359,128,879"
CBRS,Cerebras Systems Inc. Class A Common Stock,$205.24,-7.17,-3.376%,"48,757,643,775"
EBAY,eBay Inc. Common Stock,$109.09,-0.19,-0.174%,"48,545,050,000"
VMRK,Vivmark Residential Common Shares of Beneficial Interest,$61.29,-1.06,-1.70%,"48,265,875,000"
ROK,"Rockwell Automation, Inc. Common Stock",$432.89,5.70,1.334%,"48,169,381,514"
DEO,Diageo plc Common Stock,$86.11,-1.26,-1.442%,"47,933,126,850"
CRWV,"CoreWeave, Inc. Class A Common Stock",$86.90,0.14,0.161%,"47,928,530,714"
FITB,Fifth Third Bancorp Common Stock,$51.69,-1.07,-2.028%,"46,877,276,633"
STM,STMicroelectronics N.V. Common Stock,$52.46,-0.95,-1.779%,"46,822,921,559"
A,"Agilent Technologies, Inc. Common Stock",$165.32,-1.94,-1.16%,"46,608,478,143"
AZO,"AutoZone, Inc. Common Stock","$2,843.34",-51.39,-1.775%,"46,418,534,886"
WDAY,"Workday, Inc. Class A Common Stock",$192.38,4.15,2.205%,"46,363,580,000"
VST,Vistra Corp. Common Stock,$137.97,-2.44,-1.738%,"46,307,587,854"
ETR,Entergy Corporation Common Stock,$99.23,-1.93,-1.908%,"46,303,843,547"
ABEV,Ambev S.A. American Depositary Shares (Each representing 1 Common Share),$2.93,-0.08,-2.658%,"46,181,601,555"
SMCIP,"Super Micro Computer, Inc. Depositary Shares representing a 1/20th Interest in a Share of 7% Series A Mandatory Convertible Preferred Stock",$69.34,0.02,0.029%,"45,553,979,727"
TEVA,Teva Pharmaceutical Industries Limited Ordinary Shares,$39.01,-0.51,-1.29%,"45,458,200,237"
CARR,Carrier Global Corporation Common Stock ,$55.10,-0.16,-0.29%,"45,420,310,641"
ADSK,"Autodesk, Inc. Common Stock",$217.15,-2.47,-1.125%,"45,384,350,000"
CCEP,Coca-Cola Europacific Partners plc Ordinary Shares,$99.69,-2.62,-2.561%,"45,257,508,746"
AMP,"Ameriprise Financial, Inc. Common Stock",$502.79,-9.58,-1.87%,"45,199,354,864"
MDLN,Medline Inc. Class A Common Stock,$34.30,-0.13,-0.378%,"45,094,466,976"
HUM,Humana Inc. Common Stock,$374.78,2.78,0.747%,"45,003,697,832"
KB,KB Financial Group Inc,$125.39,-3.83,-2.964%,"44,963,314,462"
PYPL,"PayPal Holdings, Inc. Common Stock",$52.51,-0.38,-0.718%,"44,920,250,494"
XYZ,"Block, Inc. Class A Common Stock,",$74.68,-2.85,-3.676%,"44,867,370,600"
TWLO,Twilio Inc. Class A Common Stock,$290.70,6.17,2.168%,"44,644,316,454"
LHX,"L3Harris Technologies, Inc. Common Stock",$239.21,-0.68,-0.283%,"44,544,398,293"
SLF,Sun Life Financial Inc. Common Stock,$79.96,-0.75,-0.929%,"44,526,909,728"
VTR,"Ventas, Inc. Common Stock",$86.64,-0.22,-0.253%,"44,441,672,544"
RKLB,Rocket Lab Corporation Common Stock,$70.31,-1.67,-2.32%,"44,137,787,249"
XEL,Xcel Energy Inc. Common Stock,$70.66,-1.40,-1.943%,"44,136,660,062"
IQV,"IQVIA Holdings, Inc. Common Stock",$267.86,-2.23,-0.826%,"44,089,756,000"
IX,ORIX Corporation American Depositary Shares,$39.10,-0.43,-1.088%,"43,952,568,998"
VEEV,Veeva Systems Inc. Class A Common Stock,$270.75,9.84,3.771%,"43,836,821,138"
INFY,Infosys Limited American Depositary Shares,$10.75,-0.01,-0.093%,"43,605,870,978"
HEI,Heico Corporation Common Stock,$310.57,2.80,0.91%,"43,404,457,271"
KDP,Keurig Dr Pepper Inc. Common Stock,$31.76,0.25,0.793%,"43,219,834,967"
FERG,Ferguson Enterprises Inc. Common Stock,$221.17,UNCH,--,"42,785,937,419"
TRI,Thomson Reuters Corporation Common Shares,$98.45,2.79,2.917%,"42,648,540,000"
BSBR,"Banco Santander Brasil SA American Depositary Shares, each representing one unit",$5.70,-0.14,-2.397%,"42,585,829,347"
WDS,"Woodside Energy Group Limited American Depositary Shares, each representing one Ordinary Share",$22.18,-0.11,-0.493%,"42,166,401,172"
EXC,Exelon Corporation Common Stock,$40.69,-1.11,-2.656%,"42,002,413,917"
HMC,"Honda Motor Company, Ltd. Common Stock",$32.15,-0.27,-0.833%,"41,715,487,070"
CLS,"Celestica, Inc. Common Stock",$361.84,5.75,1.615%,"41,601,869,037"
ONC,BeOne Medicines Ltd. American Depositary Shares,$365.00,-3.08,-0.837%,"41,501,185,105"
FLEX,Flex Ltd. Ordinary Shares,$112.30,-2.15,-1.879%,"41,483,954,429"
IBKR,"Interactive Brokers Group, Inc. Class A Common Stock",$91.56,-0.32,-0.348%,"41,483,837,337"
CMG,"Chipotle Mexican Grill, Inc. Common Stock",$32.71,0.08,0.245%,"41,391,822,780"
WAT,Waters Corporation Common Stock,$420.57,-5.17,-1.214%,"41,320,208,043"
IDXX,"IDEXX Laboratories, Inc. Common Stock",$522.02,0.52,0.10%,"41,125,318,174"
MCHP,Microchip Technology Incorporated Common Stock,$75.53,-0.29,-0.382%,"41,013,446,431"
RVMD,"Revolution Medicines, Inc. Common Stock",$190.74,-2.12,-1.099%,"40,882,528,369"
FMX,Fomento Economico Mexicano S.A.B. de C.V. Common Stock,$119.72,-2.31,-1.893%,"40,786,385,349"
PRU,"Prudential Financial, Inc. Common Stock",$117.59,-0.07,-0.059%,"40,568,550,000"
HBANM,Huntington Bancshares Incorporated Depositary Shares each representing a 1/1000th interest in a share of Huntington Series I Preferred Stock,$20.01,-0.06,-0.299%,"40,428,500,668"
MSCI,MSCI Inc. Common Stock,$555.70,6.82,1.243%,"40,399,390,000"
ARES,Ares Management Corporation Class A Common Stock,$121.48,-3.24,-2.598%,"40,122,077,779"
HLN,Haleon plc American Depositary Shares (Each representing two Ordinary Shares),$9.11,-0.14,-1.514%,"40,068,279,711"
STRF,Strategy Inc 10.00% Series A Perpetual Strife Preferred Stock,$103.80,0.29,0.28%,"39,882,632,954"
LYV,"Live Nation Entertainment, Inc. Common Stock",$169.03,-0.81,-0.477%,"39,829,191,356"
FER,Ferrovial N.V. Ordinary Shares,$55.28,-1.02,-1.812%,"39,771,624,531"
WCN,"Waste Connections, Inc. Common Shares",$155.41,-0.01,-0.006%,"39,664,521,601"
ADM,Archer-Daniels-Midland Company Common Stock,$82.15,-0.19,-0.231%,"39,592,979,743"
CCJ,Cameco Corporation Common Stock,$90.80,-3.79,-4.007%,"39,546,394,402"
AIG,"American International Group, Inc. New Common Stock",$75.58,0.40,0.532%,"39,520,265,713"
CBRE,CBRE Group Inc Common Stock Class A,$136.41,-4.64,-3.29%,"39,500,966,400"
DHI,"D.R. Horton, Inc. Common Stock",$140.17,-3.94,-2.734%,"39,205,726,595"
BBD,Banco Bradesco Sa American Depositary Shares,$3.46,-0.11,-3.081%,"38,700,772,036"
TTWO,"Take-Two Interactive Software, Inc. Common Stock",$206.32,0.79,0.384%,"38,577,805,000"
NTAP,"NetApp, Inc. Common Stock",$196.33,3.42,1.773%,"38,562,943,252"
ILMN,"Illumina, Inc. Common Stock",$255.38,7.92,3.201%,"38,562,380,000"
HBANZ,"Huntington Bancshares Incorporated Depositary Shares, Each Representing a 1/1000th Interest in a Share of 5.50% Series L Non-Cumulative Perpetual Preferred Stock",$19.07,-0.0123,-0.064%,"38,529,310,732"
YUM,"Yum! Brands, Inc.",$140.63,0.92,0.659%,"38,378,079,584"
STRC,Strategy Inc Variable Rate Series A Perpetual Stretch Preferred Stock,$98.91,-0.15,-0.151%,"38,003,769,031"
ED,"Consolidated Edison, Inc. Common Stock",$102.61,-1.23,-1.185%,"37,948,116,032"
SYY,Sysco Corporation Common Stock,$77.14,-1.53,-1.945%,"37,946,242,874"
SHG,Shinhan Financial Group Co Ltd American Depositary Shares,$79.83,-2.93,-3.54%,"37,891,657,639"
VOD,Vodafone Group Plc American Depositary Shares,$16.35,-0.27,-1.625%,"37,838,741,480"
PAYX,"Paychex, Inc. Common Stock",$104.49,-10.04,-8.766%,"37,196,399,624"
BTSGU,"BrightSpring Health Services, Inc. Tangible Equity Unit",$187.63,UNCH,--,"37,125,267,539"
ODFL,"Old Dominion Freight Line, Inc. Common Stock",$177.72,0.41,0.231%,"36,851,418,862"
AXON,"Axon Enterprise, Inc. Common Stock",$450.61,-8.71,-1.896%,"36,606,391,573"
P,"Everpure, Inc. Class A common stock",$109.65,-1.24,-1.118%,"36,538,368,072"
GFI,Gold Fields Limited American Depositary Shares,$40.82,-2.14,-4.981%,"36,534,889,763"
JD,"JD.com, Inc. American Depositary Shares",$27.16,-0.22,-0.804%,"36,503,040,000"
CRDO,Credo Technology Group Holding Ltd Ordinary Shares,$193.87,1.31,0.68%,"36,438,238,343"
BAP,Credicorp Ltd. Common Stock,$385.38,-7.84,-1.994%,"36,373,057,325"
ROP,"Roper Technologies, Inc. Common Stock",$366.36,2.51,0.69%,"36,233,324,199"
NTR,Nutrien Ltd. Common Shares,$75.13,-0.30,-0.398%,"36,209,822,565"
UAL,"United Airlines Holdings, Inc. Common Stock",$110.72,-4.49,-3.897%,"35,937,915,236"
OKTA,"Okta, Inc. Class A Common Stock",$205.36,8.74,4.445%,"35,901,225,774"
CHT,"Chunghwa Telecom Co., Ltd.",$46.20,0.09,0.195%,"35,839,403,015"
VIK,Viking Holdings Ltd Ordinary Shares,$80.30,-0.72,-0.889%,"35,796,618,932"
TKO,"TKO Group Holdings, Inc. Class A Common Stock",$189.08,0.21,0.111%,"35,787,117,334"
EL,"Estee Lauder Companies, Inc. (The) Common Stock",$98.83,-1.46,-1.456%,"35,756,552,377"
MCHPP,Microchip Technology Incorporated Depositary Shares Each Representing a 1/20th Interest in a Share of 7.50% Series A Mandatory Convertible Preferred Stock,$64.71,0.01,0.015%,"35,138,092,395"
RBLX,Roblox Corporation Class A Common Stock,$48.99,-0.88,-1.765%,"34,997,277,350"
ZS,"Zscaler, Inc. Common Stock",$214.45,4.27,2.032%,"34,967,079,986"
BBDO,Banco Bradesco Sa American Depositary Shares (each representing one Common Share),$3.11,-0.09,-2.813%,"34,785,954,055"
UI,Ubiquiti Inc. Common Stock,$573.40,-7.48,-1.288%,"34,706,973,665"
ESLT,Elbit Systems Ltd. Ordinary Shares,$742.49,-2.26,-0.303%,"34,532,417,663"
MDB,"MongoDB, Inc. Class A Common Stock",$428.36,0.67,0.157%,"34,507,114,231"
RKT,"Rocket Companies, Inc. Class A Common Stock",$12.15,-0.59,-4.631%,"34,404,455,415"
EC,Ecopetrol S.A. American Depositary Shares,$16.69,-0.22,-1.301%,"34,311,881,727"
HIG,"The Hartford Insurance Group, Inc. Common Stock",$126.59,-2.14,-1.662%,"34,289,686,733"
IRM,Iron Mountain Incorporated (Delaware)Common Stock REIT,$115.09,-3.04,-2.573%,"34,262,616,633"
KR,Kroger Company (The) Common Stock,$57.64,-0.92,-1.571%,"34,041,532,668"
KVUE,Kenvue Inc. Common Stock,$17.67,-0.19,-1.064%,"33,940,067,162"
HSY,The Hershey Company Common Stock,$168.45,-0.01,-0.006%,"33,845,926,922"
BIIB,Biogen Inc. Common Stock,$227.53,2.17,0.963%,"33,618,467,165"
STLD,"Steel Dynamics, Inc.",$234.29,0.30,0.128%,"33,580,337,738"
PEG,Public Service Enterprise Group Incorporated Common Stock,$67.31,-1.81,-2.619%,"33,548,652,219"
PPLC,PPL Corporation Corporate Units,$44.41,-0.48,-1.069%,"33,420,516,389"
HBANP,Huntington Bancshares Incorporated Depositary Shares 4.500% Series H Non-Cumulative Perpetual Preferred Stock,$16.48,-0.03,-0.182%,"33,296,436,332"
PCG,Pacific Gas & Electric Co. Common Stock,$12.41,-0.47,-3.649%,"33,260,171,255"
VG,"Venture Global, Inc. Class A common stock",$13.27,0.36,2.789%,"33,176,232,133"
EME,"EMCOR Group, Inc. Common Stock",$751.80,-4.70,-0.621%,"33,161,823,572"
RPRX,Royalty Pharma plc Class A Ordinary Shares ,$57.65,-0.87,-1.487%,"33,148,819,411"
DXCM,"DexCom, Inc. Common Stock",$87.73,-1.80,-2.01%,"33,105,859,913"
ALNY,"Alnylam Pharmaceuticals, Inc. Common Stock",$246.51,-5.14,-2.043%,"32,985,285,678"
KGC,Kinross Gold Corporation Common Stock,$27.62,-1.08,-3.763%,"32,981,042,000"
WEC,"WEC Energy Group, Inc. Common Stock",$101.17,-1.66,-1.614%,"32,966,182,078"
ERIC,Ericsson American Depositary Shares,$9.73,-0.09,-0.916%,"32,803,252,382"
TECK,Teck Resources Ltd Ordinary Shares,$66.80,-2.08,-3.02%,"32,701,461,044"
ALC,Alcon Inc. Ordinary Shares,$65.39,-0.20,-0.305%,"32,675,383,000"
QSR,Restaurant Brands International Inc. Common Shares,$71.66,-0.25,-0.348%,"32,570,107,272"
KMB,Kimberly-Clark Corporation Common Stock,$97.70,-1.21,-1.223%,"32,492,972,013"
ACGL,Arch Capital Group Ltd. Common Stock,$95.16,0.21,0.221%,"32,471,363,630"
JBL,Jabil Inc. Common Stock,$308.75,-0.23,-0.074%,"32,353,013,729"
RMD,ResMed Inc. Common Stock,$222.30,0.33,0.149%,"32,067,287,624"
EQT,EQT Corporation Common Stock,$51.06,0.25,0.492%,"31,938,846,960"
NTRS,Northern Trust Corporation Common Stock,$173.99,0.59,0.34%,"31,832,454,065"
MTB,M&T Bank Corporation Common Stock,$219.58,-3.84,-1.719%,"31,710,922,810"
VMC,Vulcan Materials Company (Holding Company) Common Stock,$244.40,-3.47,-1.40%,"31,669,043,812"
PUK,Prudential Public Limited Company Common Stock,$25.26,-0.59,-2.282%,"31,569,893,034"
CQP,"Cheniere Energy Partners, LP Common Units",$64.29,-1.78,-2.694%,"31,120,069,790"
HBAN,Huntington Bancshares Incorporated Common Stock,$15.38,-0.31,-1.976%,"31,073,980,024"
CNC,Centene Corporation Common Stock,$62.08,-1.22,-1.927%,"30,667,209,600"
AGNCN,"AGNC Investment Corp. Depositary Shares Each Representing a 1/1,000th Interest in a Share of 7.00% Series C Fixed-To-Floating Rate Cumulative Redeemable Preferred Stock",$25.79,UNCH,--,"30,573,566,518"
BIDU,"Baidu, Inc. ADS",$89.78,-2.65,-2.867%,"30,547,883,725"
RJF,"Raymond James Financial, Inc. Common Stock",$158.23,-1.16,-0.728%,"30,437,393,532"
AGNCO,"AGNC Investment Corp. Depositary Shares, each representing a 1/1,000th interest in a share of 6.50% Series E Fixed-to-Floating Cumulative Redeemable Preferred Stock",$25.60,-0.04,-0.156%,"30,348,325,043"
SUNB,"Sunbelt Rentals Holdings, Inc. Common Stock",$73.78,-1.89,-2.498%,"30,232,454,101"
AGNCL,"AGNC Investment Corp. Depositary Shares Each Representing a 1/1,000th Interest in a Share of 7.75% Series G Fixed-Rate Reset Cumulative Redeemable Preferred Stock",$25.37,0.04,0.158%,"30,075,664,310"
CBOE,"Cboe Global Markets, Inc. Common Stock",$268.87,2.04,0.765%,"30,064,707,313"
AGNCP,"AGNC Investment Corp. Depositary Shares Each Representing a 1/1,000th Interest in a Share of 6.125% Series F Fixed-to-Floating Rate Cumulative Redeemable Preferred Stock",$25.32,-0.07,-0.276%,"30,016,390,238"
MTD,"Mettler-Toledo International, Inc. Common Stock","$1,492.34",1.58,0.106%,"29,901,358,458"
CCI,Crown Castle Inc. Common Stock,$70.23,-2.14,-2.957%,"29,879,735,481"
CCL,Carnival Corporation Ltd. Common Shares,$21.80,-0.48,-2.154%,"29,858,350,794"
AGNCZ,"AGNC Investment Corp. Depositary Shares Each Representing a 1/1,000th Interest in a Share of 8.75% Series H Fixed-Rate Cumulative Redeemable Preferred Stock",$25.185,-0.065,-0.257%,"29,856,350,243"
GEHC,GE HealthCare Technologies Inc. Common Stock ,$66.09,-0.18,-0.272%,"29,851,944,395"
AGNCM,AGNC Investment Corp. Depositary Shares rep 6.875% Series D Fixed-to-Floating Cumulative Redeemable Preferred Stock,$25.18,-0.19,-0.749%,"29,850,422,835"
EXPE,"Expedia Group, Inc. Common Stock",$259.04,-21.66,-7.716%,"29,659,015,605"
ZTS,Zoetis Inc. Class A Common Stock,$71.61,-1.25,-1.716%,"29,590,942,139"
IR,Ingersoll Rand Inc. Common Stock,$76.22,2.37,3.209%,"29,573,316,478"
TS,Tenaris S.A. American Depositary Shares,$55.77,0.35,0.632%,"29,527,444,960"
MLM,"Martin Marietta Materials, Inc. Common Stock",$490.45,-8.89,-1.78%,"29,459,290,738"
RDDT,"Reddit, Inc. Class A Common Stock",$151.98,-3.69,-2.37%,"29,240,421,590"
HPQ,HP Inc. Common Stock,$32.16,0.12,0.375%,"29,001,597,563"
ON,ON Semiconductor Corporation Common Stock,$74.10,0.50,0.679%,"28,848,509,223"
TDY,Teledyne Technologies Incorporated Common Stock,$621.05,8.31,1.356%,"28,789,190,717"
RYAAY,Ryanair Holdings plc American Depositary Shares,$54.69,-1.16,-2.077%,"28,779,725,920"
NMR,Nomura Holdings Inc ADR American Depositary Shares,$9.84,-0.12,-1.205%,"28,549,158,284"
EXR,Extra Space Storage Inc Common Stock,$133.84,-1.15,-0.852%,"28,276,317,643"
KHC,The Kraft Heinz Company Common Stock,$23.79,-0.21,-0.875%,"28,210,747,203"
STRK,Strategy Inc 8.00% Series A Perpetual Strike Preferred Stock,$73.25,-1.36,-1.823%,"28,144,536,261"
STRD,Strategy Inc 10.00% Series A Perpetual Stride Preferred Stock,$73.20,-0.02,-0.027%,"28,125,324,973"
FTI,TechnipFMC plc Ordinary Share,$71.24,0.42,0.593%,"27,937,791,001"
WTW,Willis Towers Watson Public Limited Company Ordinary Shares,$298.99,-2.74,-0.908%,"27,767,780,444"
AEE,Ameren Corporation Common Stock,$99.74,-1.92,-1.889%,"27,612,345,855"
HAL,Halliburton Company Common Stock,$33.01,0.16,0.487%,"27,501,633,415"
FTS,Fortis Inc. Common Shares,$53.30,-0.54,-1.003%,"27,230,970,000"
SMCI,"Super Micro Computer, Inc. Common Stock",$41.44,-0.10,-0.241%,"27,224,645,513"
CFG,"Citizens Financial Group, Inc. Common Stock",$64.61,-0.88,-1.344%,"27,212,232,273"
FOXA,Fox Corporation Class A Common Stock,$63.96,-0.29,-0.451%,"26,970,244,863"
ECHO,EchoStar  Corporation Common Stock,$92.72,-2.74,-2.87%,"26,964,445,056"
WSM,"Williams-Sonoma, Inc. Common Stock (DE)",$227.83,-4.86,-2.089%,"26,833,628,985"
ZM,"Zoom Communications, Inc. Class A Common Stock",$91.90,0.95,1.045%,"26,814,923,041"
CPRT,"Copart, Inc. (DE) Common Stock",$28.865,0.07,0.243%,"26,723,548,428"
PBA,Pembina Pipeline Corp. Ordinary Shares (Canada),$45.83,-0.09,-0.196%,"26,652,665,650"
CTSH,Cognizant Technology Solutions Corporation Class A Common Stock,$59.14,0.46,0.784%,"26,639,270,520"
DG,Dollar General Corporation Common Stock,$120.60,-2.03,-1.655%,"26,606,384,874"
ROIV,Roivant Sciences Ltd. Common Shares,$36.82,-1.40,-3.663%,"26,595,933,412"
VRSN,"VeriSign, Inc. Common Stock",$293.28,-6.14,-2.051%,"26,483,184,000"
WST,"West Pharmaceutical Services, Inc. Common Stock",$375.87,4.78,1.288%,"26,452,137,663"
AWK,"American Water Works Company, Inc. Common Stock",$133.06,-0.76,-0.568%,"26,442,879,276"
SYM,Symbotic Inc. Class A Common Stock,$43.69,-1.38,-3.062%,"26,423,786,623"
ATO,Atmos Energy Corporation Common Stock,$156.24,-1.10,-0.699%,"26,402,771,521"
NVT,nVent Electric plc Ordinary Shares ,$162.85,0.20,0.123%,"26,358,565,366"
SYF,Synchrony Financial Common Stock,$70.67,-2.00,-2.752%,"26,293,306,917"
VICI,VICI Properties Inc. Common Stock,$23.70,-0.28,-1.168%,"26,095,538,219"
TSEM,Tower Semiconductor Ltd. Ordinary Shares,$230.50,-6.11,-2.582%,"26,053,645,500"
Q,"Qnity Electronics, Inc. Common Stock",$124.50,-0.36,-0.288%,"26,046,463,604"
OTIS,Otis Worldwide Corporation Common Stock ,$68.32,0.24,0.353%,"26,007,329,240"
CPAY,"Corpay, Inc. Common Stock",$395.16,2.21,0.562%,"25,946,047,141"
GFS,GlobalFoundries Inc. Ordinary Shares,$46.42,-1.41,-2.948%,"25,875,371,551"
INSM,Insmed Incorporated Common Stock,$118.34,-2.48,-2.053%,"25,843,267,065"
FFIV,"F5, Inc. Common Stock",$455.99,2.66,0.587%,"25,821,428,720"
DGX,Quest Diagnostics Incorporated Common Stock,$233.00,-1.76,-0.75%,"25,716,992,880"
CPNG,"Coupang, Inc. Class A Common Stock",$14.28,-0.33,-2.259%,"25,668,467,105"
TCOM,Trip.com Group Limited American Depositary Shares,$40.63,-0.22,-0.539%,"25,584,923,170"
DTE,DTE Energy Company Common Stock,$122.89,-2.52,-2.009%,"25,571,942,799"
DOV,Dover Corporation Common Stock,$189.03,2.49,1.335%,"25,458,602,932"
LVS,Las Vegas Sands Corp. Common Stock,$39.19,-0.51,-1.285%,"25,383,409,401"
XYL,Xylem Inc. Common Stock New,$108.64,0.79,0.732%,"25,366,007,256"
INCY,Incyte Corp. Common Stock,$124.64,-2.29,-1.804%,"25,264,247,061"
FE,FirstEnergy Corp. Common Stock,$43.65,-1.08,-2.414%,"25,257,633,032"
WRB,W.R. Berkley Corporation Common Stock,$67.67,-0.50,-0.733%,"25,120,966,887"
ATI,ATI Inc. Common Stock,$184.18,-2.38,-1.276%,"25,079,861,141"
CINF,Cincinnati Financial Corporation Common Stock,$162.57,-2.32,-1.407%,"24,950,925,776"
BNTX,BioNTech SE American Depositary Share,$98.46,-2.41,-2.389%,"24,733,581,876"
LH,Labcorp Holdings Inc. Common Stock,$303.98,-7.56,-2.427%,"24,652,778,000"
HUBB,Hubbell Inc Common Stock,$463.70,4.87,1.061%,"24,498,463,173"
CNP,"CenterPoint Energy, Inc (Holding Co) Common Stock",$37.16,-0.69,-1.823%,"24,478,045,902"
ES,Eversource Energy (D/B/A) Common Stock,$64.91,-1.47,-2.215%,"24,449,958,282"
EXPD,"Expeditors International of Washington, Inc. Common Stock",$188.03,0.52,0.277%,"24,442,136,655"
FISV,"Fiserv, Inc. Common Stock",$45.95,-0.15,-0.325%,"24,434,680,830"
PFG,Principal Financial Group Inc Common Stock,$113.92,0.33,0.291%,"24,390,800,703"
SW,Smurfit WestRock plc Ordinary Shares,$46.49,0.04,0.086%,"24,385,069,993"
DRI,"Darden Restaurants, Inc. Common Stock",$213.69,0.15,0.07%,"24,377,321,196"
PPL,PPL Corporation Common Stock,$32.25,-0.63,-1.916%,"24,269,571,122"
PHG,Koninklijke Philips N.V. NY Registry Shares,$24.45,-0.52,-2.082%,"24,031,533,042"
FOX,Fox Corporation Class B Common Stock,$56.96,-0.36,-0.628%,"24,018,529,509"
RBRK,"Rubrik, Inc. Class A Common Stock",$115.57,3.70,3.307%,"23,958,173,322"
BSP,Bending Spoons S.p.A. Ordinary Shares,$34.64,-1.53,-4.23%,"23,841,994,952"
PPG,"PPG Industries, Inc. Common Stock",$107.20,-0.57,-0.529%,"23,830,560,000"
LPLA,LPL Financial Holdings Inc. Common Stock,$302.47,-5.03,-1.636%,"23,817,180,456"
SN,"SharkNinja, Inc. Ordinary Shares",$168.49,-0.52,-0.308%,"23,735,447,796"
GH,"Guardant Health, Inc. Common Stock",$176.31,-0.85,-0.48%,"23,660,126,733"
TW,Tradeweb Markets Inc. Class A Common Stock,$100.23,0.49,0.491%,"23,456,652,700"
FWONK,Liberty Media Corporation Series C Common Stock,$93.25,-1.37,-1.448%,"23,378,566,226"
VLTO,Veralto Corp Common Stock ,$95.88,0.09,0.094%,"23,374,905,823"
ASTS,"AST SpaceMobile, Inc. Class A Common Stock",$59.98,-3.71,-5.825%,"23,342,266,290"
RF,Regions Financial Corporation Common Stock,$27.39,-0.52,-1.863%,"23,334,349,169"
CRCL,"Circle Internet Group, Inc. Class A Common Stock",$91.72,-2.87,-3.034%,"23,285,495,805"
ULTA,"Ulta Beauty, Inc. Common Stock",$543.81,-10.05,-1.815%,"23,251,940,305"
TPL,Texas Pacific Land Corporation Common Stock,$335.74,-19.50,-5.489%,"23,157,560,070"
ENTG,"Entegris, Inc. Common Stock",$150.93,-0.18,-0.119%,"23,062,104,000"
FCNCA,"First Citizens BancShares, Inc. Class A Common Stock","$2,039.32",-28.69,-1.387%,"23,030,285,478"
SNX,TD SYNNEX Corporation Common Stock,$287.89,4.64,1.638%,"23,019,325,113"
AFRM,"Affirm Holdings, Inc. Class A Common Stock",$68.09,-3.68,-5.127%,"22,975,013,321"
IOT,Samsara Inc. Class A Common Stock,$39.08,0.82,2.143%,"22,885,451,568"
CIB,Grupo Cibest S.A. American Depositary Shares each representing four Preferred Shares,$95.65,-2.31,-2.358%,"22,793,745,653"
ROKU,"Roku, Inc. Class A Common Stock",$153.49,-0.76,-0.493%,"22,780,827,552"
CHD,"Church & Dwight Company, Inc. Common Stock",$96.02,-0.10,-0.104%,"22,776,319,150"
BNH,"Brookfield Finance Inc. 4.625% Subordinated Notes due October 16, 2080",$14.90,-0.04,-0.268%,"22,466,174,764"
VRSK,"Verisk Analytics, Inc. Common Stock",$171.80,-0.14,-0.081%,"22,360,802,862"
AER,AerCap Holdings N.V. Ordinary Shares,$144.76,0.54,0.374%,"22,355,296,209"
TROW,"T. Rowe Price Group, Inc. Common Stock",$104.57,0.40,0.384%,"22,306,438,435"
IHG,Intercontinental Hotels Group American Depositary Shares (Each representing one Ordinary Share),$156.13,1.28,0.827%,"22,284,486,579"
PHM,"PulteGroup, Inc. Common Stock",$118.71,-3.58,-2.927%,"22,252,491,023"
GPN,Global Payments Inc. Common Stock,$84.00,-0.78,-0.92%,"22,227,944,760"
CASY,"Casey's General Stores, Inc. Common Stock",$597.31,12.48,2.134%,"22,076,677,351"
JBHT,"J.B. Hunt Transport Services, Inc. Common Stock",$234.63,-2.78,-1.171%,"22,035,262,138"
TPR,"Tapestry, Inc. Common Stock",$110.51,-2.08,-1.847%,"22,034,774,336"
IFF,"International Flavors & Fragrances, Inc. Common Stock",$85.71,-0.08,-0.093%,"21,868,903,329"
RIVN,"Rivian Automotive, Inc. Class A Common Stock",$15.02,-0.12,-0.793%,"21,746,866,663"
BNJ,Brookfield Finance Inc. 4.50% Perpetual Subordinated Notes,$14.39,UNCH,--,"21,697,198,312"
KEY,KeyCorp Common Stock,$20.24,-0.24,-1.172%,"21,598,681,933"
MKL,Markel Group Inc. Common Stock,"$1,741.87",-21.49,-1.219%,"21,581,696,141"
L,Loews Corporation Common Stock,$105.04,-0.87,-0.821%,"21,473,087,709"
PKG,Packaging Corporation of America Common Stock,$240.98,2.75,1.154%,"21,470,908,093"
FWONA,Liberty Media Corporation Series A Common Stock,$85.60,-1.07,-1.235%,"21,460,646,316"
RGLD,"Royal Gold, Inc. Common Stock",$252.78,-5.51,-2.133%,"21,417,507,692"
BG,Bunge Limited Common Shares,$111.48,1.48,1.345%,"21,417,439,832"
SOFI,"SoFi Technologies, Inc. Common Stock  ",$16.55,-0.61,-3.555%,"21,375,488,862"
ARXS,"Arxis, Inc. Class A Common Stock",$51.16,0.14,0.274%,"21,357,988,769"
DLTR,Dollar Tree Inc. Common Stock,$113.16,-1.88,-1.634%,"21,232,244,635"
YPF,YPF Sociedad Anonima American Depositary Shares,$53.93,0.58,1.087%,"21,211,358,926"
NRG,"NRG Energy, Inc. Common Stock",$100.72,-2.03,-1.976%,"21,172,399,848"
BCH,Banco De Chile ADS,$41.80,-0.49,-1.159%,"21,112,569,971"
XPO,"XPO, Inc. Common Stock",$179.92,2.25,1.266%,"21,066,196,783"
MTSI,"MACOM Technology Solutions Holdings, Inc. Common Stock",$275.84,-3.85,-1.377%,"21,066,157,607"
UTHR,United Therapeutics Corporation Common Stock,$489.42,-8.17,-1.642%,"20,991,562,479"
AMRZ,Amrize Ltd Ordinary Shares,$37.90,-1.10,-2.821%,"20,728,481,908"
OMC,Omnicom Group Inc. Common Stock,$75.49,0.15,0.199%,"20,710,377,049"
DOW,Dow Inc. Common Stock ,$28.65,0.45,1.596%,"20,695,061,370"
THC,Tenet Healthcare Corporation Common Stock,$256.44,-5.62,-2.145%,"20,648,292,360"
BRO,"Brown & Brown, Inc. Common Stock",$61.70,-0.74,-1.185%,"20,645,459,027"
FSLR,"First Solar, Inc. Common Stock",$191.97,-8.81,-4.388%,"20,630,975,202"
EIX,Edison International Common Stock,$53.51,-1.54,-2.797%,"20,591,396,016"
SOJC,"Southern Company (The) Series 2017B 5.25% Junior Subordinated Notes due December 1, 2077",$18.66,-0.24,-1.27%,"20,526,884,615"
STE,STERIS plc (Ireland) Ordinary Shares,$209.98,1.19,0.57%,"20,473,073,098"
USFD,US Foods Holding Corp. Common Stock,$93.93,-0.27,-0.287%,"20,319,944,811"
BPYPM,"Brookfield Property Partners L.P. 6.25% Class A Cumulative Redeemable Preferred Units, Series 1",$16.30,-0.13,-0.791%,"20,191,258,283"
BCE,"BCE, Inc. Common Stock",$21.61,-0.09,-0.415%,"20,151,882,905"
EXE,Expand Energy Corporation Common Stock,$87.04,0.01,0.011%,"20,150,089,795"
CW,Curtiss-Wright Corporation Common Stock,$545.15,-5.12,-0.93%,"20,134,812,147"
RL,Ralph Lauren Corporation Common Stock,$337.47,-8.59,-2.482%,"20,107,218,195"
LUV,Southwest Airlines Company Common Stock,$41.04,-1.04,-2.471%,"20,077,104,569"
AQNB,"Algonquin Power & Utilities Corp. 6.20% Fixed-to-Floating Subordinated Notes Series 2019-A due July 1, 2079",$26.12,-0.07,-0.267%,"20,060,813,026"
PS,Pershing Square Inc. Common Stock,$49.99,-1.39,-2.705%,"19,996,000,000"
PAAS,Pan American Silver Corp. Common Stock,$48.11,-2.74,-5.388%,"19,947,271,980"
STZ,"Constellation Brands, Inc. Common Stock",$116.57,-1.02,-0.867%,"19,907,642,051"
CDE,"Coeur Mining, Inc. Common Stock",$19.32,-1.17,-5.71%,"19,859,704,161"
CMS,CMS Energy Corporation Common Stock,$63.15,-1.12,-1.743%,"19,802,396,138"
AMCR,Amcor plc Ordinary Shares,$42.80,-0.44,-1.018%,"19,788,395,532"
BEP,Brookfield Renewable Partners L.P. Limited Partnership Units,$29.08,-0.70,-2.351%,"19,780,181,831"
SQM,Sociedad Quimica y Minera S.A. Common Stock,$69.08,-1.11,-1.581%,"19,731,859,777"
VTRS,Viatris Inc. Common Stock,$17.12,-0.06,-0.349%,"19,663,875,592"
LEN,Lennar Corporation Class A Common Stock,$81.52,-1.54,-1.854%,"19,637,771,976"
RS,"Reliance, Inc. Common Stock",$384.63,-2.32,-0.60%,"19,637,113,490"
CRS,Carpenter Technology Corporation Common Stock,$395.03,-4.99,-1.247%,"19,577,120,327"
SOJD,"Southern Company (The) Series 2020A 4.95% Junior Subordinated Notes due January 30, 2080",$17.67,-0.21,-1.174%,"19,437,837,682"
U,Unity Software Inc. Common Stock,$44.10,0.99,2.296%,"19,407,921,945"
LYB,LyondellBasell Industries NV Ordinary Shares Class A (Netherlands),$59.97,0.73,1.232%,"19,372,585,981"
WWD,"Woodward, Inc. Common Stock",$326.23,0.09,0.028%,"19,262,517,859"
SNA,Snap-On Incorporated Common Stock,$370.25,-1.55,-0.417%,"19,151,967,661"
GIS,"General Mills, Inc. Common Stock",$35.82,0.37,1.044%,"19,150,427,687"
FTAI,FTAI Aviation Ltd. Common Stock,$186.01,-3.73,-1.966%,"19,104,545,997"
BBY,"Best Buy Co., Inc. Common Stock",$90.80,-4.02,-4.24%,"19,043,274,978"
BPYPP,Brookfield Property Partners L.P. 6.50% Class A Cumulative Redeemable Perpetual Preferred Units,$15.3599,-0.2301,-1.476%,"19,026,730,558"
FICO,Fair Isaac Corporation Common Stock,$879.62,-34.86,-3.812%,"18,997,711,699"
ITT,ITT Inc. Common Stock ,$211.94,3.31,1.587%,"18,947,436,000"
IP,International Paper Company Common Stock,$35.70,-0.01,-0.028%,"18,905,645,252"
DINO,HF Sinclair Corporation Common Stock,$106.14,-0.55,-0.516%,"18,869,977,733"
WF,Woori Financial Group Inc. American Depositary Shares (each representing three (3) shares of Common Stock),$77.43,-1.44,-1.826%,"18,868,112,667"
WES,"Western Midstream Partners, LP Common Units Representing Limited Partner Interests",$45.65,-0.41,-0.89%,"18,861,420,170"
NTNX,"Nutanix, Inc. Class A Common Stock",$69.68,0.43,0.621%,"18,853,330,073"
NI,NiSource Inc Common Stock,$39.25,-0.63,-1.58%,"18,822,733,925"
GFL,"GFL Environmental Inc. Subordinate voting shares, no par value",$41.90,-0.44,-1.039%,"18,816,467,042"
BEKE,KE Holdings Inc American Depositary Shares (each representing three Class A Ordinary Shares),$16.59,0.21,1.282%,"18,744,044,173"
SSNC,"SS&C Technologies Holdings, Inc. Common Stock",$79.72,0.46,0.58%,"18,706,696,281"
BR,"Broadridge Financial Solutions, Inc. Common Stock",$163.45,0.43,0.264%,"18,636,862,883"
VIV,Telefonica Brasil S.A. American Depositary Shares (Each representing One Common Share),$11.65,-0.29,-2.429%,"18,614,407,000"
IREN,IREN Limited Ordinary Shares,$47.05,-1.50,-3.09%,"18,540,459,388"
SITM,SiTime Corporation Common Stock,$608.91,-24.81,-3.915%,"18,310,554,531"
BPYPO,"Brookfield Property Partners L.P. 6.375% Class A Cumulative Redeemable Perpetual Preferred Units, Series 2",$14.7669,-0.0831,-0.56%,"18,292,165,149"
CDW,CDW Corporation Common Stock,$146.16,-1.27,-0.861%,"18,272,546,984"
CF,"CF Industries Holdings, Inc. Common Stock",$120.64,0.05,0.041%,"18,257,432,003"
EFX,"Equifax, Inc. Common Stock",$155.32,-4.46,-2.791%,"18,247,754,047"
SBS,Companhia de saneamento Basico Do Estado De Sao Paulo - Sabesp American Depositary Shares (Each repstg 250 Common Shares),$5.17,-0.22,-4.082%,"18,221,840,909"
PKX,POSCO HOLDINGS INC. American Depositary Shares (Each representing 1/4th of a share of Common Stock),$56.27,-2.78,-4.708%,"18,216,388,836"
ONON,On Holding AG Class A Ordinary Shares,$30.16,0.77,2.62%,"18,199,481,071"
PR,Permian Resources Corporation Class A Common Stock,$21.68,0.39,1.832%,"18,158,236,389"
SBAC,SBA Communications Corporation Class A Common Stock,$170.53,-5.31,-3.02%,"18,091,205,398"
EVRG,"Evergy, Inc. Common Stock",$78.42,-0.85,-1.072%,"18,081,077,628"
TSN,"Tyson Foods, Inc. Common Stock",$51.36,-0.46,-0.888%,"18,068,525,656"
RCI,"Rogers Communication, Inc. Common Stock",$33.28,0.01,0.03%,"17,978,663,972"
NDSN,Nordson Corporation Common Stock,$321.42,1.75,0.547%,"17,902,890,220"
FIS,"Fidelity National Information Services, Inc. Common Stock",$34.67,-0.29,-0.83%,"17,879,524,142"
WCC,"WESCO International, Inc. Common Stock",$365.85,3.77,1.041%,"17,828,914,636"
FDXF,"FedEx Freight Holding Company, Inc. Common Stock",$119.22,0.22,0.185%,"17,825,551,816"
KSPI,Joint Stock Company Kaspi.kz American Depository Shares,$93.86,-2.59,-2.685%,"17,770,839,025"
MKSI,MKS Inc. Common Stock,$262.72,2.35,0.903%,"17,764,484,838"
GPC,Genuine Parts Company Common Stock,$128.76,-0.83,-0.64%,"17,750,822,440"
DD,"DuPont de Nemours, Inc. Common Stock",$130.88,-0.92,-0.698%,"17,674,424,568"
ESS,"Essex Property Trust, Inc. Common Stock",$273.47,-1.29,-0.47%,"17,575,490,013"
ZBRA,Zebra Technologies Corporation Class A Common Stock,$371.02,9.41,2.602%,"17,553,201,073"
SOJE,"Southern Company (The) Series 2020C 4.20% Junior Subordinated Notes due October 15, 2060",$16.00,-0.11,-0.683%,"17,513,051,792"
CHRW,"C.H. Robinson Worldwide, Inc. Common Stock",$149.67,0.11,0.074%,"17,489,127,785"
MTZ,"MasTec, Inc. Common Stock",$217.52,-4.17,-1.881%,"17,467,932,289"
ZBH,"Zimmer Biomet Holdings, Inc. Common Stock",$90.88,-3.10,-3.299%,"17,334,241,176"
LSCC,Lattice Semiconductor Corporation Common Stock,$121.66,-0.87,-0.71%,"17,279,402,892"
PAA,"Plains All American Pipeline, L.P. Common Units representing Limited Partner Interests",$24.44,-0.11,-0.448%,"17,244,044,282"
TOST,"Toast, Inc. Class A Common Stock",$29.81,0.16,0.54%,"17,230,180,000"
MEDP,"Medpace Holdings, Inc. Common Stock",$617.15,-13.04,-2.069%,"17,225,677,883"
EWBC,"East West Bancorp, Inc. Common Stock",$124.49,-1.05,-0.836%,"17,056,605,953"
AKAM,"Akamai Technologies, Inc. Common Stock",$118.44,0.10,0.085%,"17,021,795,170"
CNH,CNH Industrial N.V. Common Shares,$13.75,0.08,0.585%,"17,018,731,923"
FTV,Fortive Corporation Common Stock ,$56.26,0.31,0.554%,"16,991,479,346"
TPG,TPG Inc. Class A Common Stock,$44.93,-0.69,-1.512%,"16,979,890,156"
IEX,IDEX Corporation Common Stock,$229.67,3.98,1.763%,"16,931,248,514"
MGA,"Magna International, Inc. Common Stock",$63.73,-0.06,-0.094%,"16,917,405,471"
DT,"Dynatrace, Inc. Common Stock",$58.51,1.31,2.29%,"16,909,514,509"
NWS,News Corporation Class B Common Stock,$31.22,-1.16,-3.582%,"16,891,663,358"
OVV,Ovintiv Inc. (DE),$59.73,0.91,1.547%,"16,885,671,000"
TSCO,Tractor Supply Company Common Stock,$32.29,-0.55,-1.675%,"16,824,386,024"
WIT,Wipro Limited Common Stock,$1.69,UNCH,--,"16,736,999,157"
AEG,Aegon Ltd. New York Registry Shares,$8.75,-0.20,-2.235%,"16,703,316,963"
NVR,"NVR, Inc. Common Stock","$6,241.61",-97.31,-1.535%,"16,633,016,825"
BEN,"Franklin Templeton, Inc. Common Stock",$32.71,-0.42,-1.268%,"16,619,195,726"
DOCN,"DigitalOcean Holdings, Inc. Common Stock",$141.21,-4.79,-3.281%,"16,603,408,256"
BMNR,"BitMine Immersion Technologies, Inc. Common Stock",$27.46,-1.30,-4.52%,"16,564,596,779"
CLH,"Clean Harbors, Inc. Common Stock",$313.15,0.30,0.096%,"16,530,326,711"
J,Jacobs Solutions Inc. Common Stock,$141.12,-2.00,-1.397%,"16,516,488,784"
LNT,Alliant Energy Corporation Common Stock,$63.69,-0.93,-1.439%,"16,513,842,479"
BPYPN,"Brookfield Property Partners L.P. 5.750% Class A Cumulative Redeemable Perpetual Preferred Units, Series 3",$13.27,-0.13,-0.97%,"16,437,913,952"
APG,APi Group Corporation Common Stock,$37.82,0.06,0.159%,"16,344,302,433"
IONQ,"IonQ, Inc. Common Stock",$42.54,1.80,4.418%,"16,207,838,438"
BURL,"Burlington Stores, Inc. Common Stock",$257.33,0.48,0.187%,"16,164,234,129"
BSAC,Banco Santander - Chile ADS,$34.30,-0.77,-2.196%,"16,159,255,373"
BIP,Brookfield Infrastructure Partners LP Limited Partnership Units,$35.22,-0.56,-1.565%,"16,120,704,584"
RGA,"Reinsurance Group of America, Incorporated Common Stock",$246.75,0.93,0.378%,"16,113,185,839"
GIB,CGI Inc. Common Stock,$69.13,-0.35,-0.504%,"16,030,443,779"
DUKB,Duke Energy Corporation 5.625% Junior Subordinated Debentures due 2078,$20.40,-0.29,-1.402%,"15,905,924,737"
INVH,Invitation Homes Inc. Common Stock,$26.93,-0.21,-0.774%,"15,905,483,476"
NLY,Annaly Capital Management Inc. Common Stock,$21.04,-0.40,-1.866%,"15,858,151,860"
RVTY,"Revvity, Inc. Common Stock",$142.11,-1.20,-0.837%,"15,857,543,446"
RBC,RBC Bearings Incorporated Common Stock,$500.26,0.38,0.076%,"15,837,853,904"
SMTC,Semtech Corporation Common Stock,$169.33,-5.00,-2.868%,"15,802,828,251"
GEN,Gen Digital Inc. Common Stock,$26.23,-1.06,-3.884%,"15,700,937,849"
STRL,"Sterling Infrastructure, Inc. Common Stock",$512.00,-4.57,-0.885%,"15,661,321,216"
LDOS,"Leidos Holdings, Inc. Common Stock",$124.69,1.38,1.119%,"15,647,623,540"
ROL,"Rollins, Inc. Common Stock",$32.49,-0.37,-1.126%,"15,632,414,176"
JHX,James Hardie Industries plc. Ordinary Shares,$26.85,-0.49,-1.792%,"15,587,028,803"
BALL,Ball Corporation Common Stock,$58.82,-1.15,-1.918%,"15,569,851,459"
FUTU,Futu Holdings Limited American Depositary Shares,$109.99,-4.33,-3.788%,"15,417,037,294"
TIGO,Millicom International Cellular S.A. Common Stock,$91.90,-2.48,-2.628%,"15,397,002,185"
SUN,Sunoco LP Common Units representing limited partner interests,$75.06,1.94,2.653%,"15,374,136,653"
APA,APA Corporation Common Stock,$43.70,1.40,3.31%,"15,310,360,987"
WY,Weyerhaeuser Company Common Stock,$21.17,-0.37,-1.718%,"15,257,981,120"
JAZZ,Jazz Pharmaceuticals plc Common Stock (Ireland),$234.88,-5.69,-2.365%,"15,247,135,846"
PTC,PTC Inc. Common Stock,$140.40,0.40,0.286%,"15,234,279,044"
NWSA,News Corporation Class A Common Stock,$28.12,-1.13,-3.863%,"15,214,400,181"
HST,"Host Hotels & Resorts, Inc. Common Stock",$22.15,-0.13,-0.583%,"15,175,505,438"
WPC,W. P. Carey Inc. REIT,$66.49,-0.40,-0.598%,"15,147,544,285"
CRBG,Corebridge Financial Inc. Common Stock,$33.89,0.05,0.148%,"15,107,230,771"
ZTO,"ZTO Express (Cayman) Inc. American Depositary Shares, each representing one Class A ordinary share.",$19.61,-0.23,-1.159%,"15,097,752,590"
LTM,"LATAM Airlines Group S.A. American Depositary Shares (each representing two thousand (2,000) shares of Common Stock)",$52.46,-0.99,-1.852%,"15,061,685,260"
FLUT,Flutter Entertainment plc Ordinary Shares,$85.89,-2.73,-3.081%,"15,046,305,881"
SOLV,Solventum Corporation Common Stock,$88.37,-0.38,-0.428%,"15,042,670,932"
RBA,"RB Global, Inc. Common Stock",$82.83,-0.53,-0.636%,"15,036,668,543"
AS,"Amer Sports, Inc. Ordinary Shares",$26.90,-0.75,-2.712%,"15,001,252,710"
INIO,INNIO N.V. Ordinary Shares,$19.99,0.48,2.46%,"14,992,500,000"
LOGI,Logitech International S.A. Ordinary Shares,$104.65,-1.17,-1.106%,"14,984,658,944"
OWL,Blue Owl Capital Inc. Class A Common Stock,$9.60,-0.28,-2.834%,"14,967,285,341"
UNM,Unum Group Common Stock,$94.46,1.14,1.222%,"14,953,660,139"
KIM,Kimco Realty Corporation (HC) Common Stock,$22.21,-0.34,-1.508%,"14,898,231,974"
JLL,Jones Lang LaSalle Incorporated Common Stock,$324.06,-11.30,-3.37%,"14,850,607,531"
H,Hyatt Hotels Corporation Class A Common Stock,$157.28,-0.52,-0.33%,"14,816,027,805"
EMA,Emera Incorporated Common Shares,$48.20,-0.56,-1.148%,"14,807,040,000"
CX,"Cemex, S.A.B. de C.V. Sponsored ADR",$9.76,-0.48,-4.688%,"14,795,341,282"
ARMK,Aramark Common Stock,$55.77,-0.82,-1.449%,"14,702,368,704"
VNOM,"Viper Energy, Inc. Class A Common Stock",$40.93,0.16,0.392%,"14,701,846,970"
ASND,Ascendis Pharma A/S Ordinary Share,$223.13,-14.44,-6.078%,"14,653,679,859"
LAMR,Lamar Advertising Company Class A Common Stock,$144.22,-0.91,-0.627%,"14,645,495,426"
AGI,Alamos Gold Inc. Class A Common Shares,$34.49,-1.80,-4.96%,"14,484,607,025"
SGI,Somnigroup International Inc. Common Stock,$62.87,-1.86,-2.873%,"14,475,137,875"
LECO,"Lincoln Electric Holdings, Inc. Common Shares",$265.40,2.41,0.916%,"14,465,827,908"
APOS,"Apollo Global Management, Inc. 7.625% Fixed-Rate Resettable Junior Subordinated Notes due 2053",$25.33,-0.06,-0.236%,"14,426,303,084"
CHKP,Check Point Software Technologies Ltd. Ordinary Shares,$141.16,4.03,2.939%,"14,412,525,495"
TLN,Talen Energy Corporation Common Stock,$300.34,5.80,1.969%,"14,390,568,548"
FN,Fabrinet Ordinary Shares,$400.85,-2.95,-0.731%,"14,364,405,234"
PFGC,Performance Food Group Company Common Stock,$90.79,-1.40,-1.519%,"14,302,423,975"
EG,"Everest Group, Ltd. Common Stock",$372.36,1.40,0.377%,"14,277,300,432"
EQH,"Equitable Holdings, Inc. Common Stock",$52.27,0.07,0.134%,"14,271,547,656"
CG,The Carlyle Group Inc. Common Stock,$39.92,-0.31,-0.771%,"14,224,805,296"
WMG,Warner Music Group Corp. Class A Common Stock,$27.16,-0.23,-0.84%,"14,207,661,326"
NBIX,"Neurocrine Biosciences, Inc. Common Stock",$139.49,-2.76,-1.94%,"14,179,044,258"
VLYPN,"Valley National Bancorp 8.250% Fixed-Rate Reset Non-Cumulative Perpetual Preferred Stock, Series C",$25.58,-0.08,-0.312%,"14,135,641,681"
DOC,"Healthpeak Properties, Inc. Common Stock",$20.48,-0.12,-0.583%,"14,121,518,285"
PNFP,"Pinnacle Financial Partners, Inc. Common stock",$93.40,-1.20,-1.268%,"14,113,920,576"
EQX,Equinox Gold Corp. Common Shares,$12.05,-0.71,-5.564%,"14,067,890,855"
KKRS,KKR Group Finance Co. IX LLC 4.625% Subordinated Notes due 2061,$15.67,0.14,0.901%,"14,065,949,868"
EXEL,"Exelixis, Inc. Common Stock",$56.73,-1.42,-2.442%,"14,056,655,387"
OHI,"Omega Healthcare Investors, Inc. Common Stock",$46.17,-0.30,-0.646%,"13,990,110,210"
YUMC,"Yum China Holdings, Inc. Common Stock",$40.85,-0.73,-1.756%,"13,989,414,856"
KEP,Korea Electric Power Corporation Common Stock,$10.89,-0.41,-3.628%,"13,981,977,597"
WSE,Wise Group plc Class A Ordinary Shares,$11.35,-0.16,-1.39%,"13,954,862,580"
SLMBP,"SLM Corporation Floating Rate Non-Cumulative Preferred Stock, Series B",$73.99,-0.0099,-0.013%,"13,906,195,422"
TEM,"Tempus AI, Inc. Class A Common Stock",$76.59,-0.60,-0.777%,"13,905,385,911"
SWK,"Stanley Black & Decker, Inc. Common Stock",$91.76,-0.37,-0.402%,"13,857,286,978"
ONTO,Onto Innovation Inc. Common Stock,$282.31,-1.50,-0.529%,"13,854,150,671"
TRMB,Trimble Inc. Common Stock,$59.32,0.02,0.034%,"13,832,228,583"
VLYPP,"Valley National Bancorp 6.25% Fixed-to-Floating Rate Non-Cumulative Perpetual Preferred Stock, Series A",$24.97,-0.0572,-0.229%,"13,798,552,493"
PAG,"Penske Automotive Group, Inc. Common Stock",$209.66,-0.20,-0.095%,"13,766,877,953"
SWKS,"Skyworks Solutions, Inc. Common Stock",$91.45,1.49,1.656%,"13,760,735,914"
SKM,"SK Telecom Co., Ltd. Common Stock",$35.85,-0.50,-1.376%,"13,751,343,000"
ARCC,Ares Capital Corporation Common Stock,$19.15,-0.21,-1.085%,"13,750,137,482"
VLYPO,"Valley National Bancorp 5.50% Fixed-to-Floating Rate Non-Cumulative Perpetual Preferred Stock, Series B",$24.87,-0.03,-0.12%,"13,743,291,971"
SUI,"Sun Communities, Inc. Common Stock",$112.32,-1.45,-1.275%,"13,680,683,490"
MAA,"Mid-America Apartment Communities, Inc. Common Stock",$117.78,-1.37,-1.15%,"13,665,066,095"
RNR,RenaissanceRe Holdings Ltd. Common Stock,$328.80,2.90,0.89%,"13,662,262,418"
CET,Central Securities Corporation Common Stock,$56.44,-0.55,-0.965%,"13,659,902,288"
EMBJ,Embraer S.A. Common Stock,$75.43,-1.50,-1.95%,"13,629,562,485"
CACI,"CACI International, Inc. Class A Common Stock",$616.68,3.46,0.564%,"13,628,379,478"
W,Wayfair Inc. Class A Common Stock,$99.50,-7.85,-7.313%,"13,628,322,965"
TYL,"Tyler Technologies, Inc. Common Stock",$332.53,1.48,0.447%,"13,617,859,673"
TRU,TransUnion Common Stock,$70.95,-0.92,-1.28%,"13,594,020,000"
IVZ,Invesco Ltd Common Stock,$30.74,-0.11,-0.357%,"13,571,703,237"
TU,Telus Corporation Ordinary Shares,$8.50,-0.08,-0.932%,"13,506,500,000"
MAS,Masco Corporation Common Stock,$68.16,-1.80,-2.573%,"13,440,295,229"
WSO,"Watsco, Inc. Common Stock",$325.37,-0.21,-0.065%,"13,422,226,362"
ALB,Albemarle Corporation Common Stock,$113.47,-3.33,-2.851%,"13,390,033,818"
STLA,Stellantis N.V. Common Shares,$4.62,-0.21,-4.348%,"13,386,372,366"
CHTR,"Charter Communications, Inc. Class A Common Stock New",$116.61,-0.65,-0.554%,"13,360,881,342"
MLI,"Mueller Industries, Inc. Common Stock",$60.33,0.43,0.718%,"13,343,873,138"
TLK,"PT Telekomunikasi Indonesia, Tbk",$13.47,-0.20,-1.463%,"13,343,680,576"
REG,Regency Centers Corporation Common Stock,$72.73,-0.80,-1.088%,"13,318,357,383"
TTMI,"TTM Technologies, Inc. Common Stock",$125.82,-1.65,-1.294%,"13,254,994,068"
AMKR,"Amkor Technology, Inc. Common Stock",$53.32,-1.27,-2.326%,"13,247,485,807"
CRL,"Charles River Laboratories International, Inc. Common Stock",$277.33,-7.78,-2.729%,"13,239,421,372"
TXT,Textron Inc. Common Stock,$76.81,-1.07,-1.374%,"13,210,315,095"
ULS,UL Solutions Inc. Class A Common Stock,$65.38,-1.27,-1.905%,"13,200,102,551"
MKC,"McCormick & Company, Incorporated Common Stock",$49.09,-0.33,-0.668%,"13,197,922,688"
QNT,Quantinuum Inc. Class A Common Stock,$50.11,-1.28,-2.491%,"13,194,370,996"
AIZ,"Assurant, Inc. Common Stock",$266.97,-4.11,-1.516%,"13,167,966,076"
HTHT,H World Group Limited American Depositary Shares,$42.78,-0.55,-1.269%,"13,155,868,977"
SMMT,Summit Therapeutics Inc. Common Stock ,$16.45,-0.67,-3.914%,"13,122,980,953"
GRAB,Grab Holdings Limited Class A Ordinary Shares,$3.20,0.03,0.946%,"13,121,541,706"
ALLE,Allegion plc Ordinary Shares,$154.09,0.14,0.091%,"13,103,318,355"
AVY,Avery Dennison Corporation Common Stock,$172.66,0.57,0.331%,"13,085,580,598"
SJM,The J.M. Smucker Company Common Stock,$122.41,1.30,1.073%,"13,076,225,831"
VICR,Vicor Corporation Common Stock,$283.16,14.82,5.523%,"13,055,582,233"
BWXT,"BWX Technologies, Inc. Common Stock",$141.81,-2.70,-1.868%,"12,992,912,984"
DOCU,"DocuSign, Inc. Common Stock",$69.49,2.73,4.089%,"12,987,851,389"
GL,Globe Life Inc. Common Stock,$168.75,-0.68,-0.401%,"12,968,344,181"
TME,"Tencent Music Entertainment Group American Depositary Shares, each representing two Class A Ordinary Shares",$8.22,-0.06,-0.725%,"12,937,494,990"
LII,"Lennox International, Inc. Common Stock",$372.34,0.66,0.178%,"12,868,321,730"
CSL,Carlisle Companies Incorporated Common Stock,$323.96,-4.59,-1.397%,"12,865,790,527"
BBIO,"BridgeBio Pharma, Inc. Common Stock",$65.71,-3.52,-5.085%,"12,845,481,917"
DTM,"DT Midstream, Inc. Common Stock ",$125.83,0.87,0.696%,"12,836,584,696"
RPM,RPM International Inc. Common Stock,$100.06,-0.97,-0.96%,"12,781,805,685"
HALO,"Halozyme Therapeutics, Inc. Common Stock",$112.44,-2.69,-2.336%,"12,761,715,120"
CNA,CNA Financial Corporation Common Stock,$47.11,-0.36,-0.758%,"12,748,009,718"
IESC,"IES Holdings, Inc. Common Stock",$319.73,-1.34,-0.417%,"12,740,828,688"
QXO,"QXO, Inc. Common Stock",$12.28,-0.50,-3.912%,"12,740,385,907"
GGG,Graco Inc. Common Stock,$78.37,0.73,0.94%,"12,692,321,187"
MAIR,Madison Air Solutions Corporation Class A Common Stock,$25.26,0.21,0.838%,"12,673,513,179"
AUR,"Aurora Innovation, Inc. Class A Common Stock",$6.32,-0.14,-2.167%,"12,666,261,294"
HUT,Hut 8 Corp. Common Stock,$102.46,-4.15,-3.893%,"12,629,165,091"
PEN,"Penumbra, Inc. Common Stock",$319.44,0.05,0.016%,"12,582,556,964"
SEIC,SEI Investments Company Common Stock,$104.83,1.07,1.031%,"12,581,610,849"
ICLR,ICON plc Ordinary Shares,$163.90,-3.21,-1.921%,"12,549,384,568"
GWRE,"Guidewire Software, Inc. Common Stock",$152.89,2.43,1.615%,"12,535,859,163"
BNT,Brookfield Wealth Solutions Ltd. Class A Exchangeable Limited Voting Shares,$37.08,-0.75,-1.983%,"12,533,569,873"
FIVE,"Five Below, Inc. Common Stock",$227.41,-4.87,-2.097%,"12,519,838,099"
FMS,Fresenius Medical Care AG American Depositary Shares (Each representing 1/2 of an Ordinary Share),$22.41,-0.09,-0.40%,"12,517,727,826"
COKE,"Coca-Cola Consolidated, Inc. Common Stock",$187.49,-3.49,-1.827%,"12,480,139,482"
TOL,"Toll Brothers, Inc. Common Stock",$135.27,-2.30,-1.672%,"12,464,724,690"
NXT,Nextpower Inc. Common Stock,$81.81,-0.71,-0.86%,"12,412,992,031"
SREA,DBA Sempra 5.750% Junior Subordinated Notes due 2079,$19.55,-0.18,-0.912%,"12,378,001,856"
PAC,"Grupo Aeroportuario Del Pacifico, S.A. B. de C.V. Grupo Aeroportuario Del Pacifico, S.A. de C.V. (each representing 10 Series B shares)",$207.41,-0.04,-0.019%,"12,341,272,486"
BWA,BorgWarner Inc. Common Stock,$60.55,-0.56,-0.916%,"12,331,997,735"
JBS,JBS N.V. Class A Common Shares,$11.51,-0.39,-3.277%,"12,326,394,942"
HL,Hecla Mining Company Common Stock,$18.27,-0.76,-3.994%,"12,273,209,234"
MANH,"Manhattan Associates, Inc. Common Stock",$210.37,3.28,1.584%,"12,265,616,960"
AIT,"Applied Industrial Technologies, Inc. Common Stock",$333.47,3.68,1.116%,"12,249,651,966"
SAIL,"SailPoint, Inc. Common Stock",$21.41,0.04,0.187%,"12,223,218,063"
GME,GameStop Corporation Common Stock,$24.20,0.17,0.707%,"12,208,923,958"
CORT,Corcept Therapeutics Incorporated Common Stock,$112.94,-4.565,-3.885%,"12,208,632,957"
GDDY,GoDaddy Inc. Class A Common Stock,$96.38,-1.86,-1.893%,"12,206,305,712"
HAS,"Hasbro, Inc. Common Stock",$86.52,-0.39,-0.449%,"12,203,167,285"
BAX,Baxter International Inc. Common Stock,$23.49,-0.19,-0.802%,"12,144,236,017"
FPS,"Forgent Power Solutions, Inc. Class A Common Stock",$39.88,1.36,3.531%,"12,140,624,093"
EHC,Encompass Health Corporation Common Stock,$122.21,-0.55,-0.448%,"12,056,430,059"
AHR,"American Healthcare REIT, Inc. Common Stock",$51.70,0.01,0.019%,"12,055,674,840"
BMRN,BioMarin Pharmaceutical Inc. Common Stock,$62.21,-1.16,-1.831%,"12,042,223,547"
UHAL,U-Haul Holding Company Common Stock,$61.58,-0.49,-0.789%,"11,970,751,422"
CCK,"Crown Holdings, Inc.",$109.73,0.09,0.082%,"11,934,290,872"
WTS,"Watts Water Technologies, Inc. Class A Common Stock",$357.29,3.00,0.847%,"11,927,429,935"
HBM,Hudbay Minerals Inc. Ordinary Shares (Canada),$26.79,-0.95,-3.425%,"11,898,638,120"
SANM,Sanmina Corporation Common Stock,$221.89,6.12,2.836%,"11,892,717,323"
HMY,Harmony Gold Mining Company Limited,$18.73,-1.09,-5.499%,"11,889,199,471"
MDGL,"Madrigal Pharmaceuticals, Inc. Common Stock",$513.02,-5.81,-1.12%,"11,852,878,721"
CR,Crane Company Common Stock,$204.33,2.06,1.018%,"11,810,346,741"
DKS,Dick's Sporting Goods Inc Common Stock,$132.36,-1.58,-1.18%,"11,770,318,952"
GNRC,Generac Holdlings Inc. Common Stock,$199.42,-6.75,-3.274%,"11,767,048,511"
AGNC,AGNC Investment Corp. Common Stock,$9.91,-0.18,-1.784%,"11,748,121,140"
ALLY,Ally Financial Inc. Common Stock,$38.58,-0.49,-1.254%,"11,736,024,156"
DVA,DaVita Inc. Common Stock,$183.14,-0.58,-0.316%,"11,684,332,000"
MICC,The Magnum Ice Cream Company N.V. Ordinary Shares,$19.06,-0.26,-1.346%,"11,669,670,625"
SUZ,Suzano S.A. American Depositary Shares (each representing One Ordinary Share),$9.21,-0.34,-3.56%,"11,642,523,234"
NVMI,Nova Ltd. Ordinary Shares,$365.73,-4.22,-1.141%,"11,623,986,350"
AA,Alcoa Corporation Common Stock ,$44.02,-0.69,-1.543%,"11,617,293,769"
FIG,"Figma, Inc. Class A Common Stock",$21.76,-0.04,-0.183%,"11,598,294,706"
ELS,"Equity Lifestyle Properties, Inc. Common Stock",$59.68,-0.58,-0.962%,"11,581,776,462"
AFG,"American Financial Group, Inc. Common Stock",$139.64,-0.83,-0.591%,"11,579,153,512"
ARW,"Arrow Electronics, Inc. Common Stock",$226.82,4.99,2.249%,"11,546,368,045"
CSGP,"CoStar Group, Inc. Common Stock",$28.26,-0.51,-1.773%,"11,450,883,837"
GLPI,"Gaming and Leisure Properties, Inc. Common Stock",$39.25,-0.67,-1.678%,"11,418,611,688"
WTRG,"Essential Utilities, Inc. Common Stock",$40.18,-0.20,-0.495%,"11,402,224,349"
FROG,JFrog Ltd. Ordinary Shares,$92.33,2.38,2.646%,"11,384,410,045"
TECH,Bio-Techne Corp Common Stock,$72.52,-0.03,-0.041%,"11,372,458,620"
BJ,"BJ's Wholesale Club Holdings, Inc. Common Stock",$89.98,-0.99,-1.088%,"11,365,795,986"
IAG,Iamgold Corporation Ordinary Shares,$19.89,-1.00,-4.787%,"11,357,190,000"
ELAN,Elanco Animal Health Incorporated Common Stock,$22.57,-0.36,-1.57%,"11,276,464,703"
IT,"Gartner, Inc. Common Stock",$178.52,-0.23,-0.129%,"11,273,355,196"
HUBS,"HubSpot, Inc. Common Stock",$226.03,8.15,3.741%,"11,271,257,412"
SNN,"Smith & Nephew SNATS, Inc. Common Stock",$26.82,-0.68,-2.473%,"11,229,763,686"
FNF,"Fidelity National Financial, Inc. Common Stock",$41.85,-0.70,-1.645%,"11,223,869,810"
RMBS,Rambus Inc. Common Stock,$103.47,-1.77,-1.682%,"11,222,522,062"
EGO,Eldorado Gold Corporation Ordinary Shares,$42.84,-2.01,-4.482%,"11,194,942,931"
AEIS,"Advanced Energy Industries, Inc. Common Stock",$279.43,6.00,2.194%,"11,191,295,008"
PSKY,Paramount Skydance Corporation Class B Common Stock,$9.96,-0.15,-1.484%,"11,174,579,959"
PNW,Pinnacle West Capital Corporation Common Stock,$92.05,-1.11,-1.191%,"11,156,205,390"
PAYP,PayPay Corporation American Depository Shares,$16.42,-0.53,-3.127%,"11,118,690,277"
AMH,American Homes 4 Rent Common Shares of Beneficial Interest,$30.93,-0.35,-1.119%,"11,109,435,668"
BTSG,"BrightSpring Health Services, Inc. Common Stock",$55.78,-0.77,-1.362%,"11,036,867,363"
FRHC,Freedom Holding Corp. Common Stock,$172.73,1.57,0.917%,"11,018,043,548"
BEPC,Brookfield Renewable Corporation Brookfield Renewable Corporation Class A Subordinate Voting Shares,$29.22,-0.78,-2.60%,"11,012,615,757"
TX,"Ternium S.A. Ternium S.A. American Depositary Shares (each representing ten shares, USD1.00 par value)",$55.99,-0.44,-0.78%,"10,991,266,891"
HRL,Hormel Foods Corporation Common Stock,$19.92,-0.41,-2.017%,"10,962,987,936"
AR,Antero Resources Corporation Common Stock,$35.65,1.23,3.574%,"10,960,200,350"
KNX,Knight-Swift Transportation Holdings Inc.,$67.17,0.08,0.119%,"10,932,320,520"
FHN,First Horizon Corporation Common Stock,$23.02,-0.32,-1.371%,"10,906,350,177"
EGP,"EastGroup Properties, Inc. Common Stock",$202.60,-0.84,-0.413%,"10,894,474,024"
SF,Stifel Financial Corporation Common Stock,$71.93,-1.25,-1.708%,"10,861,554,727"
UDR,"UDR, Inc. Common Stock",$33.79,-0.31,-0.909%,"10,855,518,061"
XP,XP Inc. Class A Common Stock,$20.88,-0.33,-1.556%,"10,822,353,286"
TXRH,"Texas Roadhouse, Inc. Common Stock",$164.84,-1.28,-0.771%,"10,820,250,242"
LULU,lululemon athletica inc. Common Stock,$102.28,-1.45,-1.398%,"10,800,160,866"
RTO,Rentokil Initial plc American Depositary Shares (each representing five (5) Ordinary Shares),$21.41,0.04,0.187%,"10,799,204,000"
BIPJ,Brookfield Infrastructure Corporation 7.250% Subordinated Notes due 2084,$23.375,-0.025,-0.107%,"10,783,915,346"
LFUS,"Littelfuse, Inc. Common Stock",$422.43,3.55,0.847%,"10,729,192,695"
DECK,Deckers Outdoor Corporation Common Stock,$78.59,-1.24,-1.553%,"10,720,794,100"
UHS,"Universal Health Services, Inc. Common Stock",$181.39,2.10,1.171%,"10,690,494,456"
GSAT,"Globalstar, Inc. Common Stock",$82.50,-0.02,-0.024%,"10,688,979,675"
COO,"The Cooper Companies, Inc. Common Stock",$56.07,0.78,1.411%,"10,662,007,335"
LI,Li Auto Inc. American Depositary Shares,$11.70,0.04,0.343%,"10,637,201,894"
SCI,Service Corporation International Common Stock,$77.85,-0.26,-0.333%,"10,635,826,051"
HII,"Huntington Ingalls Industries, Inc. Common Stock",$269.80,-1.15,-0.424%,"10,631,360,540"
FRO,Frontline Plc Ordinary Shares,$47.56,-0.36,-0.751%,"10,587,944,601"
AES,The AES Corporation Common Stock,$14.81,-0.01,-0.067%,"10,566,026,110"
QRVO,"Qorvo, Inc. Common Stock",$119.59,1.15,0.971%,"10,550,425,090"
DKNG,DraftKings Inc. Class A Common Stock,$21.25,-0.55,-2.523%,"10,549,648,520"
ALGN,"Align Technology, Inc. Common Stock",$148.17,-5.12,-3.34%,"10,525,974,871"
TWST,Twist Bioscience Corporation Common Stock,$158.50,-6.10,-3.706%,"10,508,736,079"
PINS,"Pinterest, Inc. Class A Common Stock",$18.45,0.06,0.326%,"10,448,475,348"
ERIE,Erie Indemnity Company Class A Common Stock,$225.77,-8.61,-3.674%,"10,428,105,882"
JKHY,"Jack Henry & Associates, Inc. Common Stock",$148.33,-0.77,-0.516%,"10,399,803,145"
RDY,Dr. Reddy's Laboratories Ltd Common Stock,$12.39,-0.18,-1.432%,"10,341,399,858"
TFII,TFI International Inc. Common Shares,$124.96,-0.08,-0.064%,"10,270,466,274"
MOD,Modine Manufacturing Company Common Stock,$193.11,-2.85,-1.454%,"10,256,595,042"
FORM,"FormFactor, Inc. FormFactor, Inc. Common Stock",$131.26,5.25,4.166%,"10,254,126,364"
ENSG,"The Ensign Group, Inc. Common Stock",$175.46,-0.86,-0.488%,"10,226,235,870"
UMBF,UMB Financial Corporation Common Stock,$133.85,-0.36,-0.268%,"10,165,911,516"
CLX,Clorox Company (The) Common Stock,$83.94,-3.21,-3.683%,"10,150,948,560"
RRX,Regal Rexnord Corporation Common Stock,$152.42,-0.23,-0.151%,"10,149,932,368"
VSAT,"ViaSat, Inc. Common Stock",$73.68,-1.31,-1.747%,"10,149,848,081"
AM,Antero Midstream Corporation Common Stock,$21.38,0.26,1.231%,"10,148,530,120"
BPOP,"Popular, Inc. Common Stock",$158.88,-1.31,-0.818%,"10,133,128,239"
AXSM,"Axsome Therapeutics, Inc. Common Stock",$193.45,-9.65,-4.751%,"10,133,069,242"
BIO,"Bio-Rad Laboratories, Inc. Class A Common Stock",$378.88,-0.69,-0.182%,"10,130,559,744"
KRYS,"Krystal Biotech, Inc. Common Stock",$341.75,-9.13,-2.602%,"10,115,402,203"
ENLT,Enlight Renewable Energy Ltd. Ordinary Shares,$72.51,-1.02,-1.387%,"10,111,088,791"
DDS,"Dillard's, Inc. Common Stock",$645.66,-4.51,-0.694%,"10,084,854,733"
GLXY,Galaxy Digital Inc. Class A Common Stock,$25.79,-1.38,-5.079%,"10,081,029,631"
DCI,"Donaldson Company, Inc. Common Stock",$86.74,0.69,0.802%,"10,054,124,997"
CHYM,"Chime Financial, Inc. Class A Common Stock",$26.46,-2.16,-7.547%,"10,017,362,037"
EVR,Evercore Inc. Class A Common Stock,$259.89,-3.31,-1.258%,"9,994,791,924"
PAYC,"Paycom Software, Inc. Common Stock",$221.68,-2.93,-1.304%,"9,991,476,500"
DRS,"Leonardo DRS, Inc. Common Stock",$37.41,0.26,0.70%,"9,984,411,576"
AVTR,"Avantor, Inc. Common Stock",$14.76,-0.18,-1.205%,"9,983,056,478"
BXP,"BXP, Inc. Common Stock",$62.36,-1.95,-3.032%,"9,956,494,632"
CART,Maplebear Inc. Common Stock,$42.96,-1.45,-3.265%,"9,945,242,878"
FDS,FactSet Research Systems Inc. Common Stock,$279.43,3.01,1.089%,"9,938,079,680"
NYT,New York Times Company (The) Common Stock,$61.89,-3.56,-5.439%,"9,933,522,129"
GMED,"Globus Medical, Inc. Class A Common Stock",$73.96,-1.23,-1.636%,"9,930,011,159"
MOH,Molina Healthcare Inc Common Stock,$189.37,-1.82,-0.952%,"9,885,114,000"
BSY,"Bentley Systems, Incorporated Class B Common Stock",$32.72,0.86,2.699%,"9,884,479,328"
XPEV,"XPeng Inc. American depositary shares, each representing two Class A ordinary shares",$10.29,-0.19,-1.813%,"9,858,542,049"
SSB,SouthState Bank Corporation Common Stock,$101.62,-0.75,-0.733%,"9,854,552,145"
TXG,"10x Genomics, Inc. Class A Common Stock",$75.62,-5.08,-6.295%,"9,852,618,124"
CPT,Camden Property Trust Common Stock,$97.68,-1.63,-1.641%,"9,820,683,708"
FLS,Flowserve Corporation Common Stock,$77.18,1.19,1.566%,"9,810,564,360"
DPZ,Domino's Pizza Inc Common Stock,$296.43,-0.685,-0.231%,"9,806,418,706"
CGNX,Cognex Corporation Common Stock,$58.19,-0.78,-1.323%,"9,788,945,366"
WMS,"Advanced Drainage Systems, Inc. Common Stock",$129.74,-0.99,-0.757%,"9,783,089,071"
MGM,MGM Resorts International Common Stock,$37.85,-1.05,-2.699%,"9,777,530,963"
OC,Owens Corning Inc Common Stock New,$122.88,-3.78,-2.984%,"9,713,502,167"
SATA,"Strive, Inc. Variable Rate Series A Perpetual Preferred Stock",$100.01,0.0516,0.052%,"9,701,234,926"
WTFC,Wintrust Financial Corporation Common Stock,$143.71,-0.99,-0.684%,"9,695,534,118"
DAR,Darling Ingredients Inc. Common Stock,$61.36,-0.27,-0.438%,"9,682,786,926"
GGB,Gerdau S.A. Common Stock,$4.88,-0.14,-2.789%,"9,652,728,079"
KYMR,"Kymera Therapeutics, Inc. Common Stock",$115.47,-6.59,-5.399%,"9,601,401,860"
CFR,"Cullen/Frost Bankers, Inc. Common Stock",$154.26,-1.89,-1.21%,"9,587,071,574"
ESTC,Elastic N.V. Ordinary Shares,$91.28,2.06,2.309%,"9,583,604,038"
PSO,"Pearson, Plc Common Stock",$15.89,-0.03,-0.188%,"9,561,329,100"
ONBPO,"Old National Bancorp Depositary Shares, Each Representing a 1/40th Interest in a Share of Series C Preferred Stock",$24.89,-0.05,-0.20%,"9,522,167,300"
ONBPP,"Old National Bancorp Depositary Shares, Each Representing a 1/40th Interest in a Share of Series A Preferred Stock",$24.89,0.18,0.728%,"9,522,167,300"
MSGS,Madison Square Garden Sports Corp. Class A Common Stock (New),$394.80,-1.82,-0.459%,"9,506,760,707"
FRT,Federal Realty Investment Trust Common Stock,$109.39,-1.07,-0.969%,"9,504,802,259"
HSIC,"Henry Schein, Inc. Common Stock",$85.05,-2.38,-2.722%,"9,478,528,397"
AMG,"Affiliated Managers Group, Inc. Common Stock",$366.17,5.89,1.635%,"9,469,131,667"
PODD,Insulet Corporation Common Stock,$136.49,-2.89,-2.073%,"9,466,154,622"
ONB,Old National Bancorp Common Stock,$24.74,-0.29,-1.159%,"9,464,781,800"
ALSN,"Allison Transmission Holdings, Inc. Common Stock",$114.59,-0.79,-0.685%,"9,462,617,374"
ARWR,"Arrowhead Pharmaceuticals, Inc. Common Stock",$66.96,-4.90,-6.819%,"9,458,399,110"
OSCR,"Oscar Health, Inc. Class A Common Stock",$30.53,-0.14,-0.456%,"9,422,931,850"
AG,First Majestic Silver Corp. Ordinary Shares (Canada),$19.05,-1.27,-6.25%,"9,389,866,596"
FCFS,"FirstCash Holdings, Inc. Common Stock",$216.47,-4.40,-1.992%,"9,388,693,546"
APTV,Aptiv PLC Ordinary Shares,$45.17,0.56,1.255%,"9,378,797,561"
KT,KT Corporation Common Stock,$19.45,-0.05,-0.256%,"9,378,597,951"
SIMO,Silicon Motion Technology Corporation American Depositary Shares,$276.53,-6.73,-2.376%,"9,376,644,225"
MUSA,Murphy USA Inc. Common Stock,$506.24,-1.90,-0.374%,"9,304,866,865"
MTCH,"Match Group, Inc. Common Stock",$40.48,-1.23,-2.949%,"9,292,223,873"
RIOT,"Riot Platforms, Inc. Common Stock ",$24.69,-0.24,-0.963%,"9,265,143,105"
SSL,Sasol Ltd. American Depositary Shares,$14.29,0.50,3.626%,"9,256,514,264"
RYAN,"Ryan Specialty Holdings, Inc. Class A Common Stock",$36.17,-2.27,-5.905%,"9,252,820,773"
ORI,Old Republic International Corporation Common Stock,$38.26,-0.52,-1.341%,"9,237,223,596"
OGE,OGE Energy Corp Common Stock,$44.71,-0.40,-0.887%,"9,236,249,342"
SOLS,Solstice Advanced Materials Inc. Common Stock ,$57.98,-0.91,-1.545%,"9,209,970,455"
NIO,"NIO Inc. American depositary shares, each  representing one Class A ordinary share",$3.67,-0.05,-1.344%,"9,195,797,971"
JAN,"Janus Living, Inc. Class A-1 Common Stock",$29.56,-0.21,-0.705%,"9,172,195,339"
SAIA,"Saia, Inc. Common Stock",$343.85,-4.53,-1.30%,"9,172,078,403"
AYI,Acuity Inc. Common Stock,$306.06,-4.71,-1.516%,"9,162,073,515"
CYTK,"Cytokinetics, Incorporated Common Stock",$65.81,-1.78,-2.634%,"9,149,131,139"
IBRX,"ImmunityBio, Inc. Common Stock",$8.63,-0.66,-7.104%,"9,146,387,036"
ZION,Zions Bancorporation N.A. Common Stock,$62.65,-1.00,-1.571%,"9,143,977,691"
TTC,Toro Company (The) Common Stock,$96.58,2.06,2.179%,"9,142,589,047"
ELPC,Companhia Paranaense de Energia (COPEL) American Depositary Shares (each representing four (4) Common Shares),$12.25,-0.46,-3.619%,"9,134,857,438"
KLAR,Klarna Group plc Ordinary Shares,$12.94,-0.73,-5.34%,"9,131,039,817"
R,"Ryder System, Inc. Common Stock",$238.00,1.50,0.634%,"9,126,554,584"
JEF,Jefferies Financial Group Inc. Common Stock,$46.98,-0.41,-0.865%,"9,102,031,576"
BAH,Booz Allen Hamilton Holding Corporation Common Stock,$75.65,-0.63,-0.826%,"9,099,558,207"
VMI,"Valmont Industries, Inc. Common Stock",$471.01,3.00,0.641%,"9,092,781,167"
BRKR,Bruker Corporation Common Stock,$59.67,-1.54,-2.516%,"9,091,280,386"
HLI,"Houlihan Lokey, Inc. Class A Common Stock",$129.94,-1.03,-0.786%,"9,081,051,810"
RRC,Range Resources Corporation Common Stock,$38.77,0.45,1.174%,"9,059,754,797"
GKOS,Glaukos Corporation Common Stock,$153.49,-6.37,-3.985%,"9,053,444,490"
ARE,"Alexandria Real Estate Equities, Inc. Common Stock",$51.86,-1.99,-3.695%,"9,036,478,980"
LLYVK,"Liberty Live Holdings, Inc. Series C Liberty Live Group Common Stock",$98.16,-0.60,-0.608%,"9,031,247,708"
RGEN,Repligen Corporation Common Stock,$184.53,-2.22,-1.189%,"9,027,822,638"
EMP,"Entergy Mississippi, LLC First Mortgage Bonds, 4.90% Series Due October 1, 2066",$19.345,-0.325,-1.652%,"9,026,986,329"
QGEN,Qiagen N.V. Common Shares,$43.71,0.02,0.046%,"9,007,527,454"
VIAV,Viavi Solutions Inc. Common Stock,$36.43,0.03,0.082%,"8,989,096,234"
PTGX,"Protagonist Therapeutics, Inc. Common Stock",$138.70,-6.37,-4.391%,"8,975,039,130"
SNAP,Snap Inc. Class A Common Stock,$5.29,-0.33,-5.872%,"8,946,435,896"
CAI,"Caris Life Sciences, Inc. Common Stock",$31.65,0.18,0.572%,"8,944,137,637"
TTEK,"Tetra Tech, Inc. Common Stock",$34.90,-0.56,-1.579%,"8,935,950,537"
EAI,"Entergy Arkansas, LLC First Mortgage Bonds, 4.875% Series Due September 1, 2066",$19.08,-0.26,-1.344%,"8,903,328,982"
LTH,"Life Time Group Holdings, Inc. Common Stock",$39.67,1.48,3.875%,"8,864,735,477"
SIRI,SiriusXM Holdings Inc. Common Stock,$26.28,-0.25,-0.942%,"8,858,117,895"
AAL,American Airlines Group Inc. Common Stock,$13.35,-0.26,-1.91%,"8,837,298,846"
VOYA,"Voya Financial, Inc. Common Stock",$97.37,-0.67,-0.683%,"8,821,366,502"
ENJ,"Entergy New Orleans, LLC First Mortgage Bonds, 5.0% Series due December 1, 2052",$18.9039,-0.3761,-1.951%,"8,821,155,175"
PNR,Pentair plc. Ordinary Share,$55.25,-0.24,-0.433%,"8,819,996,738"
EAT,"Brinker International, Inc. Common Stock",$210.80,3.99,1.929%,"8,804,064,108"
JXN,Jackson Financial Inc. Class A Common Stock ,$129.73,0.16,0.123%,"8,786,449,959"
CTRE,"CareTrust REIT, Inc. Common Stock",$37.17,-0.26,-0.695%,"8,783,018,207"
TIMB,TIM S.A. American Depositary Shares (Each representing 5 Common Shares) ,$18.34,-0.60,-3.168%,"8,774,317,765"
WLK,Westlake Corporation Common Stock,$68.42,-0.38,-0.552%,"8,743,839,814"
LLYVA,"Liberty Live Holdings, Inc. Series A Liberty Live Group Common Stock",$94.99,-0.45,-0.472%,"8,739,590,666"
MP,MP Materials Corp. Common Stock,$48.89,-2.15,-4.212%,"8,707,386,637"
SPXC,"SPX Technologies, Inc. Common Stock",$173.60,-1.05,-0.601%,"8,694,905,296"
EDU,"New Oriental Education & Technology Group, Inc. Sponsored ADR representing 10 Ordinary Share (Cayman Islands)",$56.08,1.34,2.448%,"8,694,058,846"
KTOS,"Kratos Defense & Security Solutions, Inc. Common Stock",$46.16,-0.81,-1.725%,"8,665,216,454"
YMM,Full Truck Alliance Co. Ltd. American Depositary Shares (each representing 20 Class A Ordinary Shares),$8.34,-0.11,-1.302%,"8,653,119,704"
ESI,Element Solutions Inc. Common Stock,$35.47,0.28,0.796%,"8,643,716,720"
KNTK,Kinetik Holdings Inc. Class A Common Stock,$52.92,0.53,1.012%,"8,593,103,507"
CUBE,CubeSmart Common Shares,$38.14,-0.42,-1.089%,"8,587,688,329"
AAOI,"Applied Optoelectronics, Inc. Common Stock",$101.06,-5.94,-5.551%,"8,580,629,566"
TGTX,"TG Therapeutics, Inc. Common Stock",$56.00,-2.11,-3.631%,"8,571,866,968"
GIL,"Gildan Activewear, Inc. Class A Sub. Vot. Common Stock",$46.19,-0.82,-1.744%,"8,554,011,459"
UGP,Ultrapar Participacoes S.A. (New) American Depositary Shares (Each representing one Common Share),$7.66,-0.03,-0.39%,"8,524,126,071"
AGCO,AGCO Corporation Common Stock,$121.68,1.03,0.854%,"8,521,460,785"
REXR,"Rexford Industrial Realty, Inc. Common Stock",$38.15,-0.08,-0.209%,"8,506,996,931"
BVN,Buenaventura Mining Company Inc.,$33.42,-1.28,-3.689%,"8,488,241,095"
BRX,Brixmor Property Group Inc. Common Stock,$27.64,-0.32,-1.144%,"8,481,950,814"
DY,"Dycom Industries, Inc. Common Stock",$280.94,-1.08,-0.383%,"8,473,419,260"
PRI,"Primerica, Inc. Common Stock",$274.71,-0.94,-0.341%,"8,454,845,819"
ALV,"Autoliv, Inc. Common Stock",$115.40,-3.37,-2.837%,"8,451,574,842"
IDCC,"InterDigital, Inc. Common Stock",$326.55,-7.21,-2.16%,"8,426,951,586"
PCVX,"Vaxcyte, Inc. Common Stock",$56.495,-2.525,-4.278%,"8,406,754,181"
S,"SentinelOne, Inc. Class A Common Stock",$24.10,0.25,1.048%,"8,387,983,720"
WYNN,"Wynn Resorts, Limited Common stock",$81.45,-1.06,-1.285%,"8,387,223,422"
OSK,Oshkosh Corporation (Holding Company)Common Stock,$135.49,-2.55,-1.847%,"8,365,118,592"
PBF,PBF Energy Inc. Class A Common Stock,$70.47,-0.97,-1.358%,"8,353,290,974"
ADC,Agree Realty Corporation Common Stock,$67.12,-0.20,-0.297%,"8,348,339,287"
RHP,"Ryman Hospitality Properties, Inc. (REIT)",$120.74,-0.81,-0.666%,"8,329,050,283"
AVT,"Avnet, Inc. Common Stock",$101.15,2.90,2.952%,"8,301,681,826"
LINE,"Lineage, Inc. Common Stock",$36.32,-1.08,-2.888%,"8,270,427,636"
WAL,Western Alliance Bancorporation Common Stock (DE),$75.60,-2.15,-2.765%,"8,248,025,318"
VIRT,"Virtu Financial, Inc. Class A Common Stock",$53.01,-1.48,-2.716%,"8,227,164,033"
NEU,NewMarket Corp Common Stock,$889.75,0.97,0.109%,"8,182,502,239"
SNEX,StoneX Group Inc. Common Stock,$67.78,-1.50,-2.165%,"8,175,402,298"
GTLB,GitLab Inc. Class A Common Stock,$49.01,0.19,0.389%,"8,165,066,000"
COLB,"Columbia Banking System, Inc. Common Stock",$28.85,-0.49,-1.67%,"8,161,730,432"
SM,SM Energy Company Common Stock,$34.31,0.39,1.15%,"8,160,773,073"
WULF,TeraWulf Inc. Common Stock,$16.35,-0.98,-5.655%,"8,158,137,869"
KMX,CarMax Inc,$57.46,0.62,1.091%,"8,154,211,576"
TKR,Timken Company (The) Common Stock,$117.64,2.12,1.835%,"8,152,080,140"
CNM,"Core & Main, Inc. Class A Common Stock",$42.76,-0.25,-0.581%,"8,145,525,578"
MHK,"Mohawk Industries, Inc. Common Stock",$119.65,-1.58,-1.303%,"8,104,869,049"
ABVX,Abivax SA American Depositary Shares,$94.13,-4.16,-4.232%,"8,104,078,580"
FR,"First Industrial Realty Trust, Inc. Common Stock",$61.07,-0.82,-1.325%,"8,096,229,812"
PB,"Prosperity Bancshares, Inc. Common Stock",$67.27,-1.59,-2.309%,"8,084,291,385"
CBSH,"Commerce Bancshares, Inc. Common Stock",$55.59,-0.09,-0.162%,"7,973,394,775"
STN,Stantec Inc Common Stock,$70.68,-0.39,-0.549%,"7,944,411,008"
APLD,Applied Digital Corporation Common Stock,$27.23,-1.31,-4.59%,"7,936,703,920"
BOKF,BOK Financial Corporation Common Stock,$130.58,-0.47,-0.359%,"7,934,937,493"
NNN,"NNN REIT, Inc. Common Stock",$41.33,-0.27,-0.649%,"7,932,524,762"
ATR,"AptarGroup, Inc. Common Stock",$124.74,-0.71,-0.566%,"7,931,110,031"
AVAV,"AeroVironment, Inc. Common Stock",$155.94,-0.21,-0.134%,"7,924,980,270"
ACM,AECOM Common Stock,$61.45,-0.82,-1.317%,"7,908,395,316"
PRAX,"Praxis Precision Medicines, Inc. Common Stock",$282.12,-18.53,-6.163%,"7,876,787,015"
LNC,Lincoln National Corporation Common Stock,$41.08,0.07,0.171%,"7,864,656,563"
UGI,UGI Corporation Common Stock,$36.62,-0.23,-0.624%,"7,854,805,692"
CAE,CAE Inc. Common Shares,$24.41,-0.16,-0.651%,"7,848,026,391"
AOS,A.O. Smith Corporation Common Stock,$57.74,-0.42,-0.722%,"7,847,361,005"
VIST,"Vista Energy S.A.B. de C.V. American Depositary Shares, each representing one series A share, with no par value",$70.25,0.83,1.196%,"7,820,047,491"
FIGR,"Figure Technology Solutions, Inc. Class A Common Stock",$34.66,-2.45,-6.602%,"7,776,937,044"
SYRE,"Spyre Therapeutics, Inc. Common Stock",$88.17,-3.80,-4.132%,"7,774,280,596"
ZWS,Zurn Elkay Water Solutions Corporation Common Stock,$46.78,-0.13,-0.277%,"7,759,122,458"
PCOR,"Procore Technologies, Inc. Common Stock",$51.06,0.21,0.413%,"7,758,839,558"
MOS,Mosaic Company (The) Common Stock,$24.37,-0.36,-1.456%,"7,747,116,893"
RAL,Ralliant Corporation Common Stock,$69.99,0.99,1.435%,"7,743,694,160"
KNSL,"Kinsale Capital Group, Inc. Common Stock",$339.38,-12.45,-3.539%,"7,730,541,877"
DBX,"Dropbox, Inc. Class A Common Stock",$34.22,0.32,0.944%,"7,723,771,733"
TPGXL,"TPG Operating Group II, L.P. 6.950% Fixed-Rate Junior Subordinated Notes due 2064",$21.11,-0.30,-1.401%,"7,701,472,110"
MXL,"MaxLinear, Inc. Common Stock",$84.32,-3.11,-3.557%,"7,647,249,865"
EMN,Eastman Chemical Company Common Stock,$66.80,-0.27,-0.403%,"7,640,411,723"
PCTY,Paylocity Holding Corporation Common Stock,$143.58,-2.13,-1.462%,"7,617,918,748"
CIFR,Cipher Digital Inc. Common Stock,$18.35,-0.74,-3.876%,"7,615,813,749"
NTSK,"Netskope, Inc. Class A Common Stock",$18.57,0.02,0.108%,"7,587,474,480"
THG,Hanover Insurance Group Inc,$217.57,-0.84,-0.385%,"7,575,835,483"
LEVI,Levi Strauss & Co Class A Common Stock,$19.63,-0.43,-2.144%,"7,554,616,532"
CHRD,Chord Energy Corporation Common Stock,$137.72,1.83,1.347%,"7,532,990,932"
MORN,"Morningstar, Inc. Common Stock",$200.32,5.09,2.607%,"7,514,718,543"
CBC,"Central Bancompany, Inc. Class A Common Stock",$31.37,-0.32,-1.01%,"7,513,276,022"
PRH,"Prudential Financial, Inc. 5.950% Junior Subordinated Notes due 2062",$21.27,-0.09,-0.421%,"7,487,040,000"
ZETA,Zeta Global Holdings Corp. Class A Common Stock,$29.79,-0.34,-1.128%,"7,477,695,293"
HQY,"HealthEquity, Inc. Common Stock",$90.39,-1.36,-1.482%,"7,476,635,605"
GAP,"Gap, Inc. (The) Common Stock",$21.28,-0.18,-0.839%,"7,475,028,515"
VFS,VinFast Auto Ltd. Ordinary Shares,$3.195,-0.035,-1.084%,"7,474,817,552"
SARO,"StandardAero, Inc. Common Stock",$22.58,-0.20,-0.878%,"7,472,160,752"
NFG,National Fuel Gas Company Common Stock,$78.61,-1.39,-1.738%,"7,471,495,232"
SBSW,D/B/A Sibanye-Stillwater Limited ADS,$10.55,-0.86,-7.537%,"7,465,621,159"
NFEGP,New Fortress Energy Inc. Series A Mandatorily Convertible Preferred Stock,$457.00,-33.00,-6.735%,"7,458,978,055"
CHWY,"Chewy, Inc. Class A Common Stock",$18.55,-1.11,-5.646%,"7,455,750,469"
SFD,"Smithfield Foods, Inc. Common Stock",$18.93,-0.63,-3.221%,"7,454,017,469"
HNGE,"Hinge Health, Inc. Class A Common Stock",$92.28,-1.87,-1.986%,"7,446,480,801"
IDA,"IDACORP, Inc. Common Stock",$128.66,-1.67,-1.281%,"7,441,957,252"
APPF,"AppFolio, Inc. Class A Common Stock",$210.01,3.74,1.813%,"7,437,922,490"
SSRM,SSR Mining Inc. Common Stock,$36.30,-2.00,-5.222%,"7,401,908,026"
CELH,"Celsius Holdings, Inc. Common Stock",$29.18,-0.205,-0.698%,"7,383,562,671"
SLAB,"Silicon Laboratories, Inc. Common Stock",$221.25,-0.72,-0.324%,"7,382,395,871"
CLF,Cleveland-Cliffs Inc. Common Stock,$12.87,0.34,2.713%,"7,342,850,405"
IONS,"Ionis Pharmaceuticals, Inc. Common Stock",$43.93,-1.82,-3.978%,"7,300,477,265"
GJS,"Goldman Sachs Group Securities STRATS Trust for Goldman Sachs Group Securities, Series 2006-2",$23.3346,UNCH,--,"7,281,306,019"
NOV,NOV Inc. Common Stock,$20.28,0.10,0.496%,"7,229,376,375"
OKLO,Oklo Inc. Class A common stock,$38.82,-1.63,-4.03%,"7,221,205,173"
TRNO,Terreno Realty Corporation Common Stock,$66.02,-0.38,-0.572%,"7,194,219,866"
ACA,"Arcosa, Inc. Common Stock ",$146.50,-0.10,-0.068%,"7,194,147,519"
ASR,"Grupo Aeroportuario del Sureste, S.A. de C.V. Common Stock",$239.49,-5.22,-2.133%,"7,184,700,000"
SSD,"Simpson Manufacturing Company, Inc. Common Stock",$175.02,-1.68,-0.951%,"7,173,139,044"
SOBO,South Bow Corporation Common Shares,$34.38,-0.22,-0.636%,"7,171,139,476"
PRMB,Primo Brands Corporation Class A Common Stock,$19.75,0.11,0.56%,"7,156,492,389"
CMC,Commercial Metals Company Common Stock,$64.66,-0.34,-0.523%,"7,152,969,501"
PRS,"Prudential Financial, Inc. 5.625% Junior Subordinated Notes due 2058",$20.315,-0.055,-0.27%,"7,150,880,000"
AUGO,Aura Minerals Inc. Common Shares,$85.34,-7.43,-8.009%,"7,150,572,291"
BIPH,Brookfield Infrastructure Corporation 5.000% Subordinated Notes due 2081,$15.49,-0.025,-0.161%,"7,146,218,126"
IMVT,"Immunovant, Inc. Common Stock",$34.54,-2.75,-7.375%,"7,134,329,636"
NE,Noble Corporation plc A Ordinary Shares,$44.62,-0.42,-0.933%,"7,123,235,767"
VLY,Valley National Bancorp Common Stock,$12.87,-0.25,-1.905%,"7,112,029,259"
STAG,"Stag Industrial, Inc. Common Stock",$36.83,-0.49,-1.313%,"7,101,130,757"
FLR,Fluor Corporation Common Stock,$53.06,-0.97,-1.795%,"7,096,301,015"
CAG,"ConAgra Brands, Inc. Common Stock",$14.78,UNCH,--,"7,095,399,438"
ALKS,Alkermes plc Ordinary Shares,$42.13,-1.16,-2.68%,"7,067,866,649"
BTG,B2Gold Corp Common shares (Canada),$5.35,-0.23,-4.122%,"7,067,728,577"
MSA,MSA Safety Incorporated Common Stock,$182.84,3.93,2.197%,"7,053,654,361"
PLXS,Plexus Corp. Common Stock,$263.90,0.57,0.216%,"7,033,488,926"
POWL,"Powell Industries, Inc. Common Stock",$192.62,0.72,0.375%,"7,017,640,478"
NICE,NICE Ltd American Depositary Shares,$117.79,-0.50,-0.423%,"6,997,147,688"
AXS,Axis Capital Holdings Limited Common Stock,$95.31,-0.97,-1.007%,"6,954,419,673"
FAF,First American Corporation (New) Common Stock,$68.09,-1.15,-1.661%,"6,951,989,000"
AXTA,Axalta Coating Systems Ltd. Common Shares,$32.43,-0.61,-1.846%,"6,940,668,503"
COMP,"Compass, Inc. Class A Common Stock",$9.16,-0.51,-5.274%,"6,938,903,325"
MSM,"MSC Industrial Direct Company, Inc. Common Stock",$124.10,2.73,2.249%,"6,930,525,582"
AWI,Armstrong World Industries Inc Common Stock,$163.97,0.16,0.098%,"6,929,835,579"
FSS,Federal Signal Corporation Common Stock,$113.25,-2.44,-2.109%,"6,912,962,446"
GLBE,Global-E Online Ltd. Ordinary Shares,$41.24,-0.31,-0.746%,"6,910,516,197"
ESE,ESCO Technologies Inc. Common Stock,$266.19,4.38,1.673%,"6,896,335,260"
KEX,Kirby Corporation Common Stock,$130.04,-2.43,-1.834%,"6,866,112,000"
DSGX,Descartes Systems Group Inc. (The) Common Stock,$80.24,1.38,1.75%,"6,864,415,893"
CAMT,Camtek Ltd. Ordinary Shares,$147.06,-4.30,-2.841%,"6,845,438,145"
ICL,ICL Group Ltd. Ordinary Shares,$5.30,-0.10,-1.852%,"6,840,565,464"
DUOL,"Duolingo, Inc. Class A Common Stock",$145.98,-1.73,-1.171%,"6,829,859,549"
TAP,Molson Coors Beverage Company Class B Common Stock,$36.62,-0.26,-0.705%,"6,827,943,026"
PATH,"UiPath, Inc. Class A Common Stock",$13.04,-0.21,-1.585%,"6,795,866,533"
BLTE,"Belite Bio, Inc American Depositary Shares",$168.67,-6.68,-3.81%,"6,792,702,528"
AAON,"AAON, Inc. Common Stock",$82.36,3.09,3.898%,"6,790,881,708"
ETSY,"Etsy, Inc. Common Stock",$73.70,-1.44,-1.916%,"6,764,314,828"
RYTM,"Rhythm Pharmaceuticals, Inc. Common Stock",$98.24,-1.03,-1.038%,"6,764,028,536"
OR,OR Royalties Inc. Common Shares,$36.07,-1.48,-3.941%,"6,762,975,814"
LAD,"Lithia Motors, Inc. Common Stock",$307.02,-5.30,-1.697%,"6,749,256,274"
AMRX,"Amneal Pharmaceuticals, Inc. Class A Common Stock",$19.33,-0.17,-0.872%,"6,732,562,009"
TFPM,Triple Flag Precious Metals Corp. Common Shares,$32.52,-1.21,-3.587%,"6,718,759,218"
BROS,Dutch Bros Inc. Class A Common Stock,$38.43,-0.33,-0.851%,"6,713,018,346"
GTES,Gates Industrial Corporation Ltd. Common Shares,$26.36,0.21,0.803%,"6,673,064,841"
BZ,KANZHUN LIMITED American Depository Shares,$14.41,-0.41,-2.767%,"6,669,030,180"
MAAS,Maase Inc. Class A Ordinary Shares,$15.06,0.16,1.074%,"6,659,164,205"
XE,"X-Energy, Inc. Class A Common Stock",$16.38,0.02,0.122%,"6,656,276,849"
TEX,Terex Corporation Common Stock,$58.21,-0.58,-0.987%,"6,653,403,000"
VSXY,Victorias Secret & Co. Common Stock ,$83.34,-0.48,-0.573%,"6,647,535,010"
TAL,TAL Education Group American Depositary Shares,$11.98,0.11,0.927%,"6,645,321,023"
MATX,"Matson, Inc. Common Stock",$221.91,-4.87,-2.147%,"6,635,876,365"
GDS,GDS Holdings Limited ADS,$33.11,-0.64,-1.896%,"6,634,502,766"
HIMS,"Hims & Hers Health, Inc. Class A Common Stock",$28.39,-2.04,-6.704%,"6,623,767,795"
RNG,"RingCentral, Inc. Class A Common Stock",$79.23,-0.50,-0.627%,"6,616,193,215"
ZG,"Zillow Group, Inc. Class A Common Stock",$29.35,-2.24,-7.091%,"6,600,079,900"
OMF,"OneMain Holdings, Inc. Common Stock",$57.25,-1.83,-3.097%,"6,586,124,100"
PPC,Pilgrim's Pride Corporation Common Stock,$27.63,-1.35,-4.658%,"6,578,938,518"
ACT,"Enact Holdings, Inc. Common Stock",$47.75,0.14,0.294%,"6,564,845,290"
GATX,GATX Corporation Common Stock,$185.70,2.69,1.47%,"6,555,210,000"
MGY,Magnolia Oil & Gas Corporation Class A Common Stock,$24.42,0.40,1.665%,"6,544,714,383"
ALGM,"Allegro MicroSystems, Inc. Common Stock",$35.11,-0.40,-1.126%,"6,544,575,835"
VCTR,"Victory Capital Holdings, Inc. Class A Common Stock",$106.31,1.35,1.286%,"6,539,082,599"
LNTH,"Lantheus Holdings, Inc. Common Stock",$99.97,-0.03,-0.03%,"6,525,278,729"
HXL,Hexcel Corporation Common Stock,$86.12,0.14,0.163%,"6,512,691,686"
NCLH,Norwegian Cruise Line Holdings Ltd. Ordinary Shares,$14.18,-0.04,-0.281%,"6,511,283,656"
CHE,Chemed Corp,$498.09,1.47,0.296%,"6,510,016,874"
CGON,"CG Oncology, Inc. Common stock",$73.36,-4.38,-5.634%,"6,502,657,910"
PACS,"PACS Group, Inc. Common Stock",$41.05,-0.48,-1.156%,"6,499,676,873"
ENS,EnerSys Common Stock,$179.49,-0.27,-0.15%,"6,473,347,056"
BEPJ,Brookfield BRP Holdings (Canada) Inc. 7.250% Perpetual Subordinated Notes,$22.54,-0.02,-0.089%,"6,472,684,224"
MBLY,Mobileye Global Inc. Class A Common Stock,$7.61,-0.07,-0.911%,"6,469,927,621"
NPO,Enpro Inc. Common Stock,$305.46,4.70,1.563%,"6,465,879,838"
NXE,Nexgen Energy Ltd. Common Shares,$9.63,-0.34,-3.41%,"6,456,973,753"
MTDR,Matador Resources Company Common Stock,$52.12,0.26,0.501%,"6,450,069,738"
Z,"Zillow Group, Inc. Class C Capital Stock",$28.65,-2.30,-7.431%,"6,442,667,432"
MAC,Macerich Company (The) Common Stock,$22.67,-0.13,-0.57%,"6,428,291,031"
GGAL,Grupo Financiero Galicia S.A. American Depositary Shares,$39.99,-1.26,-3.055%,"6,423,408,666"
TXNM,"TXNM Energy, Inc. Common Stock",$58.32,-0.31,-0.529%,"6,422,534,148"
URBN,"Urban Outfitters, Inc. Common Stock",$74.82,-0.20,-0.267%,"6,409,094,742"
BLSH,Bullish Ordinary Shares,$40.11,-0.59,-1.45%,"6,403,209,414"
ACGLO,"Arch Capital Group Ltd. Depositary Shares Each Representing 1/1,000th Interest in a Share of 5.45% Non-Cumulative Preferred Shares, Series F",$18.76,0.04,0.214%,"6,401,458,404"
RUSHB,"Rush Enterprises, Inc. Class B",$54.82,0.36,0.661%,"6,399,158,171"
QLYS,"Qualys, Inc. Common Stock",$184.79,1.47,0.802%,"6,392,810,235"
QBTS,D-Wave Quantum Inc. Common Stock,$16.81,-0.75,-4.271%,"6,381,523,617"
VNO,Vornado Realty Trust Common Stock,$34.16,-1.12,-3.175%,"6,378,373,339"
BLDR,"Builders FirstSource, Inc. Common Stock",$59.16,-1.71,-2.809%,"6,365,406,396"
LB,LandBridge Company LLC Class A Shares Representing Limited Liability Company Interests,$82.11,-4.80,-5.523%,"6,329,483,179"
LUMN,"Lumen Technologies, Inc. Common Stock",$6.13,-0.25,-3.918%,"6,322,760,327"
DOX,Amdocs Limited Ordinary Shares,$58.36,-0.43,-0.731%,"6,299,935,096"
INGM,Ingram Micro Holding Corporation Common Stock,$27.31,0.07,0.257%,"6,299,376,598"
UBSI,"United Bankshares, Inc. Common Stock",$46.22,-0.31,-0.666%,"6,295,745,032"
WEX,WEX Inc. common stock,$184.54,3.31,1.826%,"6,289,420,494"
OGC,OceanaGold Corporation Common Shares,$27.95,-1.12,-3.853%,"6,266,893,743"
DPC,DPC Holdings PLC Ordinary Shares,$41.93,1.28,3.149%,"6,264,049,161"
BILI,Bilibili Inc. American Depositary Shares,$15.01,-0.28,-1.831%,"6,253,520,941"
JOBY,"Joby Aviation, Inc. Common Stock",$6.25,-0.19,-2.95%,"6,211,715,281"
CAVA,"CAVA Group, Inc. Common Stock",$53.10,0.44,0.836%,"6,202,409,114"
CVLT,"Commvault Systems, Inc. Common Stock",$149.43,3.02,2.063%,"6,193,061,199"
LW,"Lamb Weston Holdings, Inc. Common Stock ",$45.04,-1.32,-2.847%,"6,192,144,735"
SFM,"Sprouts Farmers Market, Inc. Common Stock",$66.07,-2.61,-3.80%,"6,160,870,584"
HR,Healthcare Realty Trust Incorporated Common Stock,$17.96,-0.22,-1.21%,"6,155,246,890"
CMSC,CMS Energy Corporation 5.875% Junior Subordinated Notes due 2078,$20.508,-0.102,-0.495%,"6,138,771,634"
PJT,PJT Partners Inc. Class A Common Stock,$149.33,-0.90,-0.599%,"6,124,263,572"
SGHC,Super Group (SGHC) Limited Ordinary Shares,$12.03,-0.32,-2.591%,"6,112,163,760"
RIG,Transocean Ltd (Switzerland) Common Stock,$5.47,-0.02,-0.364%,"6,109,334,065"
FNB,F.N.B. Corporation Common Stock,$17.30,-0.32,-1.816%,"6,106,916,816"
INGR,Ingredion Incorporated Common Stock,$96.82,-1.09,-1.113%,"6,105,854,447"
IFS,Intercorp Financial Services Inc. Common Shares,$55.29,-0.83,-1.479%,"6,103,889,109"
TBBB,BBB Foods Inc. Class A Common Shares,$51.73,0.35,0.681%,"6,096,750,318"
ANDG,Andersen Group Inc. Class A Common Stock,$53.95,0.78,1.467%,"6,095,727,039"
BLCO,Bausch + Lomb Corporation Common Shares,$17.05,-0.27,-1.559%,"6,089,667,444"
CMSD,CMS Energy Corporation 5.875% Junior Subordinated Notes due 2079,$20.34,-0.08,-0.392%,"6,088,483,277"
SRRK,Scholar Rock Holding Corporation Common Stock,$49.85,-1.34,-2.618%,"6,070,996,308"
CPB,The Campbell's Company Common Stock,$20.34,0.13,0.643%,"6,065,514,983"
POOL,Pool Corporation Common Stock,$166.61,-1.99,-1.18%,"6,054,731,858"
WFRD,Weatherford International plc Ordinary Shares,$84.66,0.66,0.786%,"6,054,214,725"
CMBT,CMB.TECH NV Ordinary Shares,$19.16,-0.18,-0.931%,"6,054,131,717"
ST,Sensata Technologies Holding plc Ordinary Shares,$41.51,-0.65,-1.542%,"6,041,193,632"
LQDA,Liquidia Corporation Common Stock,$67.49,-1.15,-1.675%,"6,040,955,054"
CRUS,"Cirrus Logic, Inc. Common Stock",$120.45,0.07,0.058%,"6,036,660,222"
CZR,"Caesars Entertainment, Inc. Common Stock",$29.61,-0.01,-0.034%,"6,032,160,215"
TEO,Telecom Argentina SA,$13.98,-0.20,-1.41%,"6,021,711,676"
XMTR,"Xometry, Inc. Class A Common Stock",$105.01,-0.12,-0.114%,"6,019,548,401"
MTG,MGIC Investment Corporation Common Stock,$29.30,0.01,0.034%,"6,010,157,812"
ENIC,Enel Chile S.A. American Depositary Shares (Each representing 50 shares of Common Stock),$4.34,-0.08,-1.81%,"6,003,657,165"
LEA,Lear Corporation Common Stock,$121.69,-0.71,-0.58%,"6,002,330,531"
TTD,"The Trade Desk, Inc. Class A Common Stock",$12.68,-0.50,-3.794%,"5,995,041,919"
CIG,Comp En De Mn Cemig ADS American Depositary Shares,$2.09,-0.09,-4.128%,"5,981,124,161"
CROX,"Crocs, Inc. Common Stock",$124.62,0.04,0.032%,"5,974,915,247"
AVAL,Grupo Aval Acciones y Valores S.A. ADR (Each representing 20 preferred shares),$5.03,-0.07,-1.373%,"5,971,484,154"
SWX,"Southwest Gas Holdings, Inc. Common Stock (DE)",$82.34,-1.15,-1.377%,"5,965,191,536"
LOAR,Loar Holdings Inc. Common Stock,$63.65,-0.52,-0.81%,"5,963,271,179"
PL,Planet Labs PBC Class A Common Stock,$16.38,-0.53,-3.134%,"5,959,830,060"
ORKA,"Oruka Therapeutics, Inc. Common Stock",$89.925,-4.625,-4.892%,"5,953,907,183"
LGND,Ligand Pharmaceuticals Incorporated Common Stock,$298.41,-0.09,-0.03%,"5,948,985,082"
TTAN,"ServiceTitan, Inc. Class A Common Stock",$61.65,0.09,0.146%,"5,947,246,220"
ELF,"e.l.f. Beauty, Inc. Common Stock",$100.78,-1.34,-1.312%,"5,946,825,837"
VIPS,"Vipshop Holdings Limited American Depositary Shares, each representing two ordinary shares",$12.37,-0.30,-2.368%,"5,940,946,580"
USAR,"USA Rare Earth, Inc. Class A Common Stock",$15.83,-1.16,-6.828%,"5,937,462,056"
KNSA,"Kiniksa Pharmaceuticals International, plc Class A Ordinary Shares",$76.08,-1.92,-2.462%,"5,936,066,909"
LKQ,LKQ Corporation Common Stock,$23.43,-0.16,-0.678%,"5,927,838,875"
STVN,Stevanato Group S.p.A. Ordinary Shares,$21.69,-0.01,-0.046%,"5,921,450,123"
RYN,Rayonier Inc. REIT Common Stock,$19.86,-0.38,-1.877%,"5,909,686,399"
ORA,"Ormat Technologies, Inc. Common Stock",$95.83,-1.45,-1.491%,"5,893,251,856"
ESNT,Essent Group Ltd. Common Shares,$65.45,-0.25,-0.381%,"5,882,416,467"
JBTM,JBT Marel Corporation Common Stock,$113.28,-0.07,-0.062%,"5,876,605,830"
ECG,"Everus Construction Group, Inc. Common Stock",$114.98,-1.29,-1.109%,"5,871,319,863"
CORZZ,"Core Scientific, Inc. Tranche 2 Warrants",$18.2201,-0.5199,-2.774%,"5,854,854,969"
CORZ,"Core Scientific, Inc. Common Stock",$18.10,-0.69,-3.672%,"5,816,261,982"
EPRT,"Essential Properties Realty Trust, Inc. Common Stock",$26.87,-0.18,-0.665%,"5,811,255,617"
M,Macy's Inc Common Stock,$22.24,-0.54,-2.371%,"5,808,568,607"
HWC,Hancock Whitney Corporation Common Stock,$72.39,-1.18,-1.604%,"5,807,347,169"
KOF,"Coca Cola Femsa S.A.B. de C.V.  American Depositary Shares, each representing 10 Units (each Unit consists of 3 Series B Shares and 5 Series L Shares)",$110.57,-1.32,-1.18%,"5,807,225,630"
MIRM,"Mirum Pharmaceuticals, Inc. Common Stock",$89.32,-2.07,-2.265%,"5,799,744,372"
OTEX,Open Text Corporation Common Shares,$23.08,0.09,0.391%,"5,783,912,093"
PEGA,Pegasystems Inc. Common Stock,$35.18,0.475,1.369%,"5,783,765,965"
CMSA,CMS Energy Corporation 5.625% Junior Subordinated Notes due 2078,$19.32,-0.18,-0.923%,"5,783,161,107"
JMKE,Jersey Mike's Subs Inc. Class A Common Stock,$18.20,-0.22,-1.194%,"5,781,027,980"
MMED,"MiniMed Group, Inc. Common Stock",$20.54,-0.66,-3.113%,"5,778,927,583"
HOMB,"Home BancShares, Inc. Common Stock",$28.84,-0.30,-1.03%,"5,769,431,329"
CACC,Credit Acceptance Corporation Common Stock,$555.13,-7.21,-1.282%,"5,762,571,375"
MKTX,"MarketAxess Holdings, Inc. Common Stock",$163.71,0.28,0.171%,"5,761,428,186"
RDNT,"RadNet, Inc. Common Stock",$73.21,-0.72,-0.974%,"5,761,426,185"
BGC,"BGC Group, Inc. Class A Common Stock",$12.10,-0.17,-1.385%,"5,753,144,916"
GBCI,"Glacier Bancorp, Inc. Common Stock",$44.13,-0.03,-0.068%,"5,746,253,486"
VAL,Valaris Limited Common Shares,$82.57,-0.15,-0.181%,"5,733,314,584"
WFG,West Fraser Timber Co. Ltd Common stock,$73.07,-1.25,-1.682%,"5,721,660,274"
LGN,Legence Corp. Class A Common stock,$52.92,-1.33,-2.452%,"5,719,354,402"
BETA,"Beta Technologies, Inc. Class A Common Stock",$24.34,1.06,4.553%,"5,694,125,400"
G,Genpact Limited Common Stock,$33.85,-0.04,-0.118%,"5,687,964,677"
ACI,"Albertsons Companies, Inc. Class A Common Stock",$11.70,-0.37,-3.065%,"5,678,310,491"
EPAM,"EPAM Systems, Inc. Common Stock",$110.06,-1.48,-1.327%,"5,677,663,129"
CGABL,The Carlyle Group Inc. 4.625% Subordinated Notes due 2061,$15.67,-0.045,-0.286%,"5,667,915,893"
LSTR,"Landstar System, Inc. Common Stock",$166.98,-1.70,-1.008%,"5,666,787,737"
FSV,FirstService Corporation Common Shares,$129.57,-3.77,-2.827%,"5,658,292,099"
SNDR,"Schneider National, Inc. Common Stock",$32.22,-0.28,-0.862%,"5,648,194,966"
TVTX,"Travere Therapeutics, Inc. Common Stock",$59.83,-0.45,-0.747%,"5,639,640,536"
ACMR,"ACM Research, Inc. Class A Common Stock",$80.67,4.87,6.425%,"5,618,600,641"
ANF,Abercrombie & Fitch Company Common Stock,$132.25,-3.96,-2.907%,"5,611,946,358"
CHDN,"Churchill Downs, Incorporated Common Stock",$80.46,0.97,1.22%,"5,608,081,552"
RUSHA,"Rush Enterprises, Inc. Common Stock Cl A",$48.04,-0.23,-0.476%,"5,607,726,350"
LYFT,"Lyft, Inc. Class A Common Stock",$14.77,-0.13,-0.872%,"5,591,039,478"
SAIC,Science Applications International Corporation Common Stock,$132.96,3.27,2.521%,"5,570,709,550"
MBGL,Mobility Global Inc. Common Stock,$18.88,-0.21,-1.10%,"5,566,226,522"
VRNS,"Varonis Systems, Inc. Common Stock",$48.35,1.06,2.241%,"5,553,504,450"
PFH,"Prudential Financial, Inc. 4.125% Junior Subordinated Notes due 2060",$15.50,0.13,0.846%,"5,533,500,000"
POR,Portland General Electric Co Common Stock,$46.92,-0.45,-0.95%,"5,518,155,161"
SXT,Sensient Technologies Corporation Common Stock,$128.85,-1.96,-1.498%,"5,484,218,197"
ABCB,Ameris Bancorp Common Stock,$81.63,-1.06,-1.282%,"5,477,963,920"
EXP,Eagle Materials Inc Common Stock,$178.34,-4.82,-2.632%,"5,470,637,461"
AUB,Atlantic Union Bankshares Corporation Common Stock,$38.25,-0.41,-1.061%,"5,462,669,772"
NOVT,Novanta Inc. Common Stock,$144.43,0.26,0.18%,"5,462,020,521"
AN,"AutoNation, Inc. Common Stock",$165.05,-4.56,-2.689%,"5,456,686,030"
COGT,"Cogent Biosciences, Inc. Common Stock",$31.41,-1.22,-3.739%,"5,450,419,685"
STWD,"STARWOOD PROPERTY TRUST, INC. Starwood Property Trust Inc.",$14.70,-0.40,-2.649%,"5,441,483,565"
DLB,Dolby Laboratories Common Stock,$58.03,-0.37,-0.634%,"5,435,600,174"
STEP,StepStone Group Inc. Class A Common Stock,$45.03,-1.54,-3.307%,"5,434,070,360"
WPP,WPP plc American Depositary Shares,$25.12,-0.59,-2.295%,"5,419,903,057"
MCY,Mercury General Corporation Common Stock,$97.84,-0.09,-0.092%,"5,419,223,266"
ASB,Associated Banc-Corp Common Stock,$28.68,-0.34,-1.172%,"5,416,208,220"
PI,"Impinj, Inc. Common Stock",$177.20,-4.55,-2.503%,"5,414,241,984"
AROC,"Archrock, Inc. Common Stock",$30.84,0.44,1.447%,"5,407,429,625"
OBDC,Blue Owl Capital Corporation Common Stock,$10.95,-0.19,-1.706%,"5,399,911,131"
BLLN,"BillionToOne, Inc. Class A Common Stock",$114.42,-1.65,-1.422%,"5,399,140,888"
CWST,"Casella Waste Systems, Inc. Class A Common Stock",$84.80,-0.96,-1.119%,"5,396,675,901"
CRSP,CRISPR Therapeutics AG Common Shares,$55.76,-3.27,-5.54%,"5,391,582,331"
IBP,"Installed Building Products, Inc. Common Stock",$202.79,-9.15,-4.317%,"5,389,991,304"
KGS,"Kodiak Gas Services, Inc. Common Stock",$53.30,-1.39,-2.542%,"5,388,844,852"
BKH,Black Hills Corporation Common Stock,$70.51,-1.26,-1.756%,"5,376,608,972"
BCPC,Balchem Corporation Common Stock,$168.24,-0.16,-0.095%,"5,363,158,253"
ROAD,"Construction Partners, Inc. Class A Common Stock",$93.44,-3.27,-3.381%,"5,361,078,419"
RRR,"Red Rock Resorts, Inc. Class A Common Stock",$50.90,2.14,4.389%,"5,345,324,020"
CPA,"Copa Holdings, S.A. Class A Common Stock",$129.93,-5.20,-3.848%,"5,345,132,191"
RGTI,"Rigetti Computing, Inc. Common Stock",$16.005,-0.515,-3.117%,"5,341,968,796"
PSMT,"PriceSmart, Inc. Common Stock",$172.64,-0.17,-0.098%,"5,327,760,863"
CE,Celanese Corporation Common Stock,$48.49,1.05,2.213%,"5,321,725,422"
OCTV,Octave Intelligence plc Class B Ordinary Shares,$19.82,0.45,2.323%,"5,320,436,958"
VFC,V.F. Corporation Common Stock,$13.52,-0.03,-0.221%,"5,315,179,386"
BBUC,Brookfield Business Corporation Class A Subordinate Voting Shares,$25.53,-0.69,-2.632%,"5,307,687,000"
MRX,Marex Group Limited Ordinary Shares,$71.59,-1.06,-1.459%,"5,307,169,801"
MTRN,Materion Corporation,$254.73,1.43,0.565%,"5,306,974,769"
NJR,NewJersey Resources Corporation Common Stock,$52.22,-0.50,-0.948%,"5,298,656,140"
WHD,"Cactus, Inc. Class A Common Stock",$66.03,-0.30,-0.452%,"5,294,246,905"
PAGP,"Plains GP Holdings, L.P. Class A Units representing Limited Partner Interests",$26.69,-0.18,-0.67%,"5,282,061,070"
EXLS,"ExlService Holdings, Inc. Common Stock",$34.83,-0.19,-0.543%,"5,280,663,340"
YOU,"Clear Secure, Inc. Class A Common Stock",$38.90,-0.13,-0.333%,"5,262,706,390"
RITM,Rithm Capital Corp. Common Stock,$9.42,-0.22,-2.282%,"5,260,194,232"
AGX,"Argan, Inc. Common Stock",$374.40,3.15,0.848%,"5,252,772,845"
HRB,"H&R Block, Inc. Common Stock",$42.54,-0.32,-0.747%,"5,243,732,322"
DNTH,"Dianthus Therapeutics, Inc. Common Stock",$93.44,-4.91,-4.992%,"5,226,508,280"
NIQ,NIQ Global Intelligence plc Ordinary Shares,$17.71,-0.25,-1.392%,"5,223,668,351"
ACGLN,"Arch Capital Group Ltd. Depositary Shares, each Representing a 1/1,000th Interest in a 4.550% Non-Cumulative Preferred Share, Series G",$15.30,-0.03,-0.196%,"5,220,805,628"
SHC,Sotera Health Company Common Stock,$18.29,-0.40,-2.14%,"5,219,505,001"
RLI,RLI Corp. Common Stock (DE),$56.85,-1.28,-2.202%,"5,217,293,345"
OZK,Bank OZK Common Stock,$46.09,-0.93,-1.978%,"5,214,444,324"
BYD,Boyd Gaming Corporation Common Stock,$71.74,-0.34,-0.472%,"5,212,299,400"
CVI,CVR Energy Inc. Common Stock,$51.80,-0.33,-0.633%,"5,207,485,028"
PTCT,"PTC Therapeutics, Inc. Common Stock",$62.34,-3.62,-5.488%,"5,202,946,397"
MMSI,"Merit Medical Systems, Inc. Common Stock",$87.07,-0.19,-0.218%,"5,198,986,269"
CAKE,Cheesecake Factory Incorporated (The) Common Stock,$104.41,1.37,1.33%,"5,195,507,796"
MUR,Murphy Oil Corporation Common Stock,$36.21,0.83,2.346%,"5,191,830,536"
BIRK,Birkenstock Holding plc Ordinary Shares,$31.42,-0.26,-0.821%,"5,188,265,330"
GXO,"GXO Logistics, Inc. Common Stock ",$45.23,-0.54,-1.18%,"5,187,183,508"
SEI,"Solaris Energy Infrastructure, Inc. Class A Common Stock",$67.43,1.76,2.68%,"5,162,871,813"
TFX,Teleflex Incorporated Common Stock,$121.75,-3.15,-2.522%,"5,158,839,335"
MARA,"MARA Holdings, Inc. Common Stock",$13.35,-0.28,-2.054%,"5,157,095,615"
MWH,"SOLV Energy, Inc. Class A Common Stock",$25.45,-1.02,-3.853%,"5,150,742,075"
MAIN,Main Street Capital Corporation Common Stock,$55.08,-0.92,-1.643%,"5,150,446,032"
WH,"Wyndham Hotels & Resorts, Inc. Common Stock ",$69.31,1.45,2.137%,"5,143,572,866"
SIGI,"Selective Insurance Group, Inc. Common Stock",$86.33,-1.35,-1.54%,"5,142,602,043"
MDA,MDA Space Ltd. Common Shares,$31.59,0.26,0.83%,"5,121,711,877"
NAVN,"Navan, Inc. Class A Common Stock",$19.66,-1.305,-6.225%,"5,119,670,292"
PIPR,Piper Sandler Companies Common Stock,$72.42,-0.32,-0.44%,"5,117,942,474"
IRDM,Iridium Communications Inc Common Stock,$48.30,-0.35,-0.719%,"5,117,886,499"
FLG,"Flagstar Bank, N.A. Common Stock",$12.30,-0.24,-1.914%,"5,105,641,883"
NXST,"Nexstar Media Group, Inc. Common Stock",$165.57,-1.96,-1.17%,"5,100,930,397"
FTDR,"Frontdoor, Inc. Common Stock",$73.95,-3.24,-4.197%,"5,094,660,718"
GLNG,Golar Lng Ltd,$49.94,-0.48,-0.952%,"5,073,368,044"
DFTX,"Definium Therapeutics, Inc. Common Shares",$37.65,-2.67,-6.622%,"5,058,915,668"
LAUR,"Laureate Education, Inc. Common Stock",$36.72,0.59,1.633%,"5,058,156,499"
INSW,"International Seaways, Inc. Common Stock ",$101.96,-1.99,-1.914%,"5,050,212,470"
FND,"Floor & Decor Holdings, Inc. Common Stock",$47.39,-1.70,-3.463%,"5,046,559,441"
IEP,"Icahn Enterprises, L.P. Common Stock",$7.095,-0.025,-0.351%,"5,043,942,585"
MRCY,Mercury Systems Inc Common Stock,$82.72,-1.16,-1.383%,"5,034,635,834"
MIDD,Middleby Corporation (The) Common Stock,$111.24,-1.55,-1.374%,"5,030,534,103"
SBRA,"Sabra Health Care REIT, Inc. Common Stock",$19.69,-0.12,-0.606%,"5,030,061,666"
VSEC,VSE Corporation Common Stock,$178.54,-4.88,-2.661%,"5,010,720,101"
SON,Sonoco Products Company Common Stock,$50.63,-0.06,-0.118%,"5,006,041,402"
VSH,"Vishay Intertechnology, Inc. Common Stock",$32.60,-0.54,-1.629%,"5,000,160,844"
CNO,"CNO Financial Group, Inc. Common Stock",$54.02,0.06,0.111%,"4,998,004,461"
MTN,"Vail Resorts, Inc. Common Stock",$140.05,1.07,0.77%,"4,990,475,316"
ATHS,Athene Holding Ltd. 7.250% Fixed-Rate Reset Junior Subordinated Debentures due 2064,$24.4701,-0.2199,-0.891%,"4,987,128,731"
HESM,Hess Midstream LP Class A Representing Limited Partner Interests,$38.78,-0.39,-0.996%,"4,977,447,165"
AX,"Axos Financial, Inc. Common Stock",$87.61,-1.52,-1.705%,"4,970,539,508"
ACIW,"ACI Worldwide, Inc. Common Stock",$49.22,0.03,0.061%,"4,969,016,962"
OUT,OUTFRONT Media Inc. Common Stock,$28.21,0.02,0.071%,"4,968,775,431"
GRFS,"Grifols, S.A. American Depositary Shares",$7.195,-0.245,-3.293%,"4,946,957,563"
KRG,Kite Realty Group Trust Common Stock,$24.69,-0.40,-1.594%,"4,946,565,776"
GBTG,"Global Business Travel Group, Inc. Class A Common Stock",$9.46,UNCH,--,"4,941,652,771"
CWEN,"Clearway Energy, Inc. Class C Common Stock",$30.12,-0.53,-1.729%,"4,937,080,945"
GVA,Granite Construction Incorporated Common Stock,$112.65,-1.68,-1.469%,"4,930,072,052"
UEC,Uranium Energy Corp. Common Stock,$9.95,-0.38,-3.679%,"4,923,980,042"
BB,BlackBerry Limited Common Stock,$8.38,-0.24,-2.784%,"4,911,194,591"
OLLI,"Ollie's Bargain Outlet Holdings, Inc. Common Stock",$82.61,0.13,0.158%,"4,907,232,512"
OMAB,Grupo Aeroportuario del Centro Norte S.A.B. de C.V. ADS,$101.30,-1.15,-1.122%,"4,889,870,331"
CNX,CNX Resources Corporation Common Stock,$33.00,0.19,0.579%,"4,882,140,021"
SPHR,Sphere Entertainment Co. Class A Common Stock,$135.89,-6.02,-4.242%,"4,880,300,055"
ERAS,"Erasca, Inc. Common Stock",$13.945,-1.605,-10.322%,"4,877,431,578"
HAE,Haemonetics Corporation Common Stock,$106.82,-1.70,-1.567%,"4,859,994,988"
GHC,Graham Holdings Company Common Stock,"$1,147.27",-2.76,-0.24%,"4,858,605,847"
VKTX,"Viking Therapeutics, Inc. Common Stock",$41.65,0.80,1.958%,"4,858,594,826"
CSW,"CSW Industrials, Inc. Common Stock",$297.93,-5.19,-1.712%,"4,854,318,582"
WTM,"White Mountains Insurance Group, Ltd. Common Stock","$2,032.01",-21.63,-1.053%,"4,849,840,939"
GRAL,"GRAIL, Inc. Common Stock ",$108.52,UNCH,--,"4,847,179,714"
VEON,VEON Ltd. ADS,$70.36,0.99,1.427%,"4,845,073,680"
GOLF,Acushnet Holdings Corp. Common Stock,$82.95,-0.25,-0.30%,"4,844,698,400"
MANE,"Veradermics, Incorporated Common Stock",$115.78,-2.36,-1.998%,"4,837,304,146"
EBC,"Eastern Bankshares, Inc. Common Stock",$21.14,-0.23,-1.076%,"4,830,734,209"
FRVO,Fervo Energy Company Class A common stock,$16.35,-0.09,-0.547%,"4,819,378,304"
AMTM,"Amentum Holdings, Inc. Common Stock",$19.71,0.01,0.051%,"4,819,221,400"
AIR,AAR Corp. Common Stock,$119.46,1.71,1.452%,"4,809,321,026"
AXTI,AXT Inc Common Stock,$72.98,-4.81,-6.183%,"4,785,533,012"
CLMT,"Calumet, Inc. Common Stock",$54.38,-2.04,-3.616%,"4,779,905,965"
KVYO,"Klaviyo, Inc. Series A Common Stock",$16.78,0.91,5.734%,"4,777,726,393"
RSI,"Rush Street Interactive, Inc. Class A Common Stock",$20.56,-0.66,-3.11%,"4,765,260,240"
HCC,"Warrior Met Coal, Inc. Common Stock",$90.24,-1.86,-2.02%,"4,764,860,331"
OTF,Blue Owl Technology Finance Corp. Common Stock,$10.39,-0.10,-0.953%,"4,760,546,192"
LPX,Louisiana-Pacific Corporation Common Stock,$68.02,UNCH,--,"4,756,190,348"
GTX,Garrett Motion Inc. Common Stock,$25.50,-0.45,-1.734%,"4,755,582,057"
KLIC,"Kulicke and Soffa Industries, Inc. Common Stock",$90.85,1.31,1.463%,"4,754,100,098"
WAY,Waystar Holding Corp. Common Stock,$24.76,-0.87,-3.394%,"4,747,690,780"
DOCS,"Doximity, Inc. Class A Common Stock",$26.57,0.06,0.226%,"4,735,995,689"
PECO,"Phillips Edison & Company, Inc. Common Stock",$36.72,-0.37,-0.998%,"4,725,864,000"
FSLY,"Fastly, Inc. Class A Common Stock",$29.65,3.57,13.689%,"4,723,245,000"
HLNE,Hamilton Lane Incorporated Class A Common Stock,$85.70,-1.90,-2.169%,"4,722,981,677"
HGTY,"Hagerty, Inc. Class A Common Stock",$13.70,0.15,1.107%,"4,707,630,702"
PSN,Parsons Corporation Common Stock,$43.82,-0.27,-0.612%,"4,680,212,365"
GNTX,Gentex Corporation Common Stock,$22.18,-0.12,-0.538%,"4,672,956,282"
CIGI,Colliers International Group Inc. Subordinate Voting Shares,$91.31,-1.14,-1.233%,"4,666,289,896"
FBIN,"Fortune Brands Innovations, Inc. Common Stock",$39.03,-1.19,-2.959%,"4,659,068,747"
UNF,Unifirst Corporation Common Stock,$257.62,-7.40,-2.792%,"4,658,844,648"
HASI,"HA Sustainable Infrastructure Capital, Inc. Common Stock",$36.21,-1.00,-2.687%,"4,652,832,556"
CUZ,Cousins Properties Incorporated Common Stock,$28.25,-0.65,-2.249%,"4,650,008,139"
NSIT,"Insight Enterprises, Inc. Common Stock",$158.25,2.00,1.28%,"4,644,455,513"
SKY,"Champion Homes, Inc. Common Stock",$85.46,-3.38,-3.805%,"4,638,780,252"
ADT,ADT Inc. Common Stock,$6.34,-0.20,-3.058%,"4,631,745,632"
PRM,"Perimeter Solutions, SA Common Stock",$28.28,-1.49,-5.005%,"4,629,066,182"
CRC,California Resources Corporation Common Stock,$52.10,0.07,0.135%,"4,627,516,425"
TFSL,TFS Financial Corporation Common Stock,$16.50,-0.20,-1.198%,"4,627,305,458"
REYN,Reynolds Consumer Products Inc. Common Stock,$21.94,-0.23,-1.037%,"4,624,754,145"
LFST,"LifeStance Health Group, Inc. Common Stock",$12.08,-0.47,-3.745%,"4,616,422,096"
IOVA,"Iovance Biotherapeutics, Inc. Common Stock",$10.19,-0.45,-4.229%,"4,615,778,892"
BMA,Banco Macro S.A.  ADR (representing Ten Class B Common Shares),$72.00,-2.60,-3.485%,"4,603,610,160"
OII,"Oceaneering International, Inc. Common Stock",$46.24,0.13,0.282%,"4,602,250,785"
MYRG,"MYR Group, Inc. Common Stock",$295.18,6.13,2.121%,"4,595,731,215"
CHH,"Choice Hotels International, Inc. Common Stock",$101.64,1.32,1.316%,"4,592,038,282"
HRI,Herc Holdings Inc. Common Stock ,$137.23,-6.84,-4.748%,"4,587,797,060"
VSNT,"Versant Media Group, Inc. Class A Common Stock ",$33.04,-0.47,-1.403%,"4,585,697,691"
BEPI,Brookfield BRP Holdings (Canada) Inc. 4.875% Perpetual Subordinated Notes,$15.965,-0.025,-0.156%,"4,584,578,688"
EQPT,EquipmentShare.com Inc Class A Common Stock,$18.08,-0.50,-2.691%,"4,581,037,411"
MEOH,Methanex Corporation Common Stock,$59.15,1.34,2.318%,"4,576,096,156"
FFIN,"First Financial Bankshares, Inc. Common Stock",$31.92,-0.39,-1.207%,"4,575,014,023"
SR,Spire Inc. Common Stock,$77.39,-1.11,-1.414%,"4,574,740,134"
CNR,"Core Natural Resources, Inc. Common Stock",$92.15,-1.78,-1.895%,"4,573,981,083"
RDN,Radian Group Inc. Common Stock,$34.54,-0.15,-0.432%,"4,569,687,524"
SIM,"Grupo Simec, S.A.B. de C.V. American Depositary Shares",$27.45,UNCH,--,"4,554,039,299"
MC,Moelis & Company Class A Common Stock,$58.18,-0.70,-1.189%,"4,553,694,376"
HAFN,Hafnia Limited Common Shares,$9.10,-0.13,-1.408%,"4,548,009,876"
OGS,"ONE Gas, Inc. Common Stock",$72.29,-1.28,-1.74%,"4,543,879,758"
HCXY,"Hercules Capital, Inc. 6.25% Notes due 2033",$25.00,-0.13,-0.517%,"4,541,892,075"
TKC,Turkcell Iletisim Hizmetleri AS Common Stock,$5.16,-0.03,-0.578%,"4,540,800,000"
DHCNL,Diversified Healthcare Trust 6.25% Senior Notes Due 2046,$18.755,-0.075,-0.398%,"4,527,726,266"
CGAU,Centerra Gold Inc. Common Shares,$22.61,-0.86,-3.664%,"4,515,450,358"
UFPI,"UFP Industries, Inc. Common Stock",$81.78,-1.24,-1.494%,"4,511,106,734"
SFBS,"ServisFirst Bancshares, Inc. Common Stock",$41.17,-0.58,-1.389%,"4,501,734,473"
BOX,"Box, Inc. Class A Common Stock",$32.76,-0.11,-0.335%,"4,494,697,323"
NNI,"Nelnet, Inc. Common Stock",$125.03,-0.99,-0.786%,"4,473,503,133"
GMAB,Genmab A/S ADS,$34.75,-0.47,-1.334%,"4,464,569,356"
BDC,Belden Inc Common Stock,$114.13,1.11,0.982%,"4,459,993,939"
EWTX,"Edgewise Therapeutics, Inc. Common Stock",$41.05,-3.46,-7.774%,"4,458,199,495"
KBR,"KBR, Inc. Common Stock",$35.34,0.33,0.943%,"4,455,234,462"
MRP,"Millrose Properties, Inc. Class A Common Stock",$26.81,-1.92,-6.683%,"4,451,744,923"
ADPT,Adaptive Biotechnologies Corporation Common Stock,$27.89,-0.17,-0.606%,"4,451,128,033"
ACHR,Archer Aviation Inc. Class A Common Stock,$5.71,0.02,0.351%,"4,444,007,767"
TREX,"Trex Company, Inc. Common Stock",$43.62,-0.51,-1.156%,"4,443,359,588"
BWIN,"The Baldwin Insurance Group, Inc. Class A Common Stock",$31.85,-0.10,-0.313%,"4,443,021,938"
CHEF,"The Chefs' Warehouse, Inc. Common Stock",$108.89,0.53,0.489%,"4,442,285,478"
SLM,SLM Corporation Common Stock,$23.61,-0.64,-2.639%,"4,437,427,678"
CON,"Concentra Group Holdings Parent, Inc. Common Stock",$34.79,-0.09,-0.258%,"4,436,342,035"
TPC,Tutor Perini Corporation Common Stock,$84.36,-1.41,-1.644%,"4,434,730,710"
ALK,"Alaska Air Group, Inc. Common Stock",$39.70,-2.21,-5.273%,"4,430,643,864"
DK,"Delek US Holdings, Inc. Common Stock",$72.26,-1.08,-1.473%,"4,424,636,893"
ENO,"Entergy New Orleans, LLC First Mortgage Bonds, 5.50% Series due April 1, 2066",$20.595,-0.205,-0.986%,"4,403,846,273"
MMYT,MakeMyTrip Limited Ordinary Shares,$46.79,-1.55,-3.206%,"4,401,004,795"
DIOD,Diodes Incorporated Common Stock,$95.51,-0.43,-0.448%,"4,398,398,345"
CECO,CECO Environmental Corp. Common Stock,$74.985,1.275,1.73%,"4,391,858,703"
ATAT,Atour Lifestyle Holdings Limited American Depositary Shares,$32.27,-0.94,-2.83%,"4,390,113,935"
ACAD,ACADIA Pharmaceuticals Inc. Common Stock,$25.43,-0.98,-3.711%,"4,381,729,323"
PAM,Pampa Energia S.A.,$80.33,-0.36,-0.446%,"4,381,263,669"
KRMN,Karman Holdings Inc. Common Stock,$33.05,-0.45,-1.343%,"4,380,239,049"
GFF,Griffon Corporation Common Stock,$96.59,-0.87,-0.893%,"4,375,016,618"
ENPH,"Enphase Energy, Inc. Common Stock",$33.07,-1.35,-3.922%,"4,370,023,509"
BIPC,Brookfield Infrastructure Corporation Brookfield Infrastructure Corporation,$35.48,-0.53,-1.472%,"4,364,593,382"
EPR,EPR Properties Common Stock,$56.92,-0.92,-1.591%,"4,360,579,840"
OXLCM,"Oxford Lane Capital Corp. Preferred Stock Shares, 8.25% Series 2031",$25.1101,0.0401,0.16%,"4,359,113,360"
CRGY,Crescent Energy Company Class A Common Stock,$13.18,0.17,1.307%,"4,354,720,713"
FULT,Fulton Financial Corporation Common Stock,$22.75,-0.27,-1.173%,"4,343,306,308"
BCO,Brinks Company (The) Common Stock,$104.96,-2.16,-2.016%,"4,323,263,985"
OXLCZ,Oxford Lane Capital Corp. 5.00% Notes due 2027,$24.90,-0.02,-0.08%,"4,322,640,000"
IBOC,International Bancshares Corporation Common Stock,$69.11,-0.64,-0.918%,"4,298,055,533"
FHI,"Federated Hermes, Inc. Common Stock",$57.56,0.64,1.124%,"4,297,445,774"
DHCNI,Diversified Healthcare Trust 5.625% Senior Notes due 2042,$17.80,-0.22,-1.221%,"4,297,175,555"
ITGR,Integer Holdings Corporation Common Stock,$126.32,-0.01,-0.008%,"4,293,875,503"
BC,Brunswick Corporation Common Stock,$66.23,-0.36,-0.541%,"4,291,533,656"
ARX,Accelerant Holdings Class A Common Shares,$19.72,-0.07,-0.354%,"4,282,958,245"
BEPH,Brookfield BRP Holdings (Canada) Inc. 4.625% Perpetual Subordinated Notes,$14.90,0.0899,0.607%,"4,278,748,666"
TDW,Tidewater Inc. Common Stock,$85.91,-1.25,-1.434%,"4,274,557,805"
RELY,"Remitly Global, Inc. Common Stock",$20.19,-1.09,-5.122%,"4,273,901,050"
FELE,"Franklin Electric Co., Inc. Common Stock",$96.30,0.31,0.323%,"4,257,563,983"
OXLCN,Oxford Lane Capital Corp. 7.125% Series 2029 Term Preferred Stock,$24.52,0.035,0.143%,"4,256,672,000"
LIVN,LivaNova PLC Ordinary Shares,$77.16,-1.33,-1.694%,"4,251,015,000"
INDV,"Indivior Pharmaceuticals, Inc. Common Stock",$35.91,-0.28,-0.774%,"4,238,526,750"
VNT,Vontier Corporation Common Stock ,$31.32,-0.10,-0.318%,"4,234,464,000"
LBTYB,Liberty Global Ltd. Class B Common Shares,$12.41,0.06,0.486%,"4,232,896,694"
ONDS,Ondas Inc. Common Stock,$7.40,-0.32,-4.145%,"4,229,848,961"
NWE,"NorthWestern Energy Group, Inc. Common Stock",$68.70,-1.17,-1.675%,"4,226,276,295"
PTEN,"Patterson-UTI Energy, Inc. Common Stock",$11.07,-0.07,-0.628%,"4,221,930,555"
STNG,Scorpio Tankers Inc. Common Shares,$81.25,-1.08,-1.312%,"4,205,726,688"
CVSA,Covista Inc. Common Shares,$123.19,0.19,0.154%,"4,193,242,236"
TDS,"Telephone and Data Systems, Inc. Common Shares",$36.43,-0.26,-0.709%,"4,193,093,000"
ENVA,"Enova International, Inc. Common Stock",$168.37,-0.61,-0.361%,"4,192,138,725"
ALH,Alliance Laundry Holdings Inc. Common Stock,$21.07,-0.52,-2.409%,"4,188,486,253"
ESAB,ESAB Corporation Common Stock,$67.33,-1.11,-1.622%,"4,185,758,647"
OPLN,"OPENLANE, Inc. Common Stock",$34.19,-0.44,-1.271%,"4,173,568,684"
CVCO,"Cavco Industries, Inc. Common Stock When Issued",$541.84,-16.55,-2.964%,"4,166,425,580"
MTH,Meritage Homes Corporation Common Stock,$63.86,-2.54,-3.825%,"4,162,017,579"
DAVE,Dave Inc. Class A Common Stock,$326.19,-27.38,-7.744%,"4,160,718,828"
JOYY,JOYY Inc. American Depositary Shares,$80.38,-0.67,-0.827%,"4,157,413,717"
OXLCL,Oxford Lane Capital Corp. 6.75% Notes due 2031,$23.9308,-0.0724,-0.302%,"4,154,386,880"
CNK,"Cinemark Holdings Inc Cinemark Holdings, Inc. Common Stock",$35.79,-0.09,-0.251%,"4,148,485,290"
DLO,DLocal Limited Class A Common Shares,$14.06,-0.20,-1.403%,"4,146,743,301"
AZZ,AZZ Inc.,$137.80,0.96,0.702%,"4,141,096,838"
BULL,Webull Corporation Class A Ordinary Shares,$7.65,-0.44,-5.439%,"4,134,709,370"
REGCP,Regency Centers Corporation 6.25% Series A Cumulative Redeemable Preferred Stock,$22.56,-0.3701,-1.614%,"4,131,199,540"
TGS,Transportadora de Gas del Sur SA TGS Common Stock,$27.41,-0.38,-1.367%,"4,126,636,131"
TNGX,"Tango Therapeutics, Inc.",$24.45,-1.08,-4.23%,"4,122,523,473"
HTFL,"Heartflow, Inc. Common Stock",$47.39,-2.78,-5.541%,"4,120,732,384"
SRAD,Sportradar Group AG Class A Ordinary Shares,$13.17,-0.43,-3.162%,"4,105,844,484"
OXLCO,"Oxford Lane Capital Corp. Preferred Stock Shares, 6.00% Series 2029",$23.6492,-0.1008,-0.424%,"4,105,501,120"
COLD,"Americold Realty Trust, Inc. Common Stock",$14.37,-0.18,-1.237%,"4,102,355,518"
RUM,RUM Group Inc. Class A Common Stock,$8.27,-0.69,-7.701%,"4,100,350,304"
TCBI,"Texas Capital Bancshares, Inc. Common Stock",$94.17,-0.30,-0.318%,"4,093,981,329"
SITE,"SiteOne Landscape Supply, Inc. Common Stock",$93.77,-0.62,-0.657%,"4,093,565,920"
ICUI,"ICU Medical, Inc. Common Stock",$163.32,2.34,1.454%,"4,084,149,446"
MIR,"Mirion Technologies, Inc. Class A Common Stock",$16.38,-0.11,-0.667%,"4,079,236,658"
FBP,First BanCorp. New Common Stock,$26.69,-0.22,-0.818%,"4,074,716,073"
CBT,Cabot Corporation Common Stock,$78.80,-0.67,-0.843%,"4,068,523,352"
PBLS,"Parabilis Medicines, Inc. Common Stock",$33.31,-4.86,-12.733%,"4,062,222,119"
AYA,Aya Gold & Silver Inc. Common Shares,$28.19,-2.19,-7.209%,"4,060,379,576"
LILAP,Liberty Latin America Ltd. 9.0% Fixed Rate Cumulative Perpetual Redeemable Series A Preference Shares,$20.72,0.07,0.339%,"4,059,048,000"
DOO,BRP Inc. Common Subordinate Voting Shares,$56.84,-1.06,-1.831%,"4,044,183,166"
UCB,"United Community Banks, Inc. Common Stock",$33.51,-0.68,-1.989%,"4,040,485,106"
SKT,Tanger Inc. Common Stock,$35.13,-0.47,-1.32%,"4,035,698,884"
KFY,Korn Ferry Common Stock,$73.96,-1.90,-2.505%,"4,035,172,620"
CATY,Cathay General Bancorp Common Stock,$60.47,-0.23,-0.379%,"4,034,184,695"
GEO,Geo Group Inc (The) REIT,$30.62,0.88,2.959%,"4,030,191,662"
ELC,"Entergy Louisiana, Inc. Collateral Trust Mortgage Bonds, 4.875 % Series due September 1, 2066",$18.8804,-0.2596,-1.356%,"4,026,010,277"
ITRI,"Itron, Inc. Common Stock",$91.32,-2.01,-2.154%,"3,998,606,284"
TENB,"Tenable Holdings, Inc. Common Stock",$36.23,0.32,0.891%,"3,990,371,584"
PRIM,Primoris Services Corporation Common Stock,$74.12,-2.20,-2.883%,"3,990,052,077"
NWCL,newcleo plc Ordinary Shares,$7.83,-0.315,-3.867%,"3,988,437,022"
ABCL,AbCellera Biologics Inc. Common Shares,$12.31,-0.34,-2.688%,"3,987,277,062"
SUNC,"SunocoCorp LLC Common Units, representing limited liability company interests",$77.30,1.53,2.019%,"3,982,279,405"
KRC,Kilroy Realty Corporation Common Stock,$34.04,-0.70,-2.015%,"3,959,157,952"
SKE,Skeena Resources Limited Common Shares,$31.53,-1.73,-5.201%,"3,955,839,089"
HP,"Helmerich & Payne, Inc. Common Stock",$39.56,-0.23,-0.578%,"3,953,584,664"
RLAY,"Relay Therapeutics, Inc. Common Stock",$18.03,-1.32,-6.822%,"3,951,123,607"
CRK,"Comstock Resources, Inc. Common Stock",$13.45,0.13,0.976%,"3,949,196,371"
REGCO,Regency Centers Corporation 5.875% Series B Cumulative Redeemable Preferred Stock,$21.51,-0.14,-0.647%,"3,938,922,966"
WSFS,WSFS Financial Corporation Common Stock,$76.99,0.10,0.13%,"3,933,465,679"
BRC,Brady Corporation Common Stock,$83.82,0.43,0.516%,"3,931,092,117"
ALM,Almonty Industries Inc. Common Shares,$13.62,-0.73,-5.087%,"3,929,107,815"
LOPE,"Grand Canyon Education, Inc. Common Stock",$150.64,3.86,2.63%,"3,926,437,174"
SLGN,Silgan Holdings Inc. Common Stock,$37.15,-0.30,-0.801%,"3,926,087,043"
CCC,CCC Intelligent Solutions Holdings Inc. Common Stock,$6.66,0.09,1.37%,"3,922,704,729"
CAAP,Corporacion America Airports SA Common Shares,$23.73,-0.29,-1.207%,"3,920,650,335"
BILL,"BILL Holdings, Inc. Common Stock",$45.92,-0.57,-1.226%,"3,915,909,829"
CELC,Celcuity Inc. Common Stock,$79.99,-4.11,-4.887%,"3,914,063,321"
DTW,DTE Energy Company 2017 Series E 5.25% Junior Subordinated Debentures due 2077,$18.78,-0.19,-1.002%,"3,907,893,936"
ARIS,Aris Mining Corporation Common Shares,$18.89,-0.95,-4.788%,"3,898,896,000"
IOND,Ionic Digital Inc. Class A Common Stock,$86.64,0.23,0.266%,"3,898,468,602"
AQN,Algonquin Power & Utilities Corp. Common Shares,$5.06,-0.15,-2.879%,"3,894,923,281"
SYNA,Synaptics Incorporated Common Stock $0.001 Par Value,$98.10,0.46,0.471%,"3,893,825,715"
GEF,Greif Inc. Class A Common Stock,$84.31,-0.28,-0.331%,"3,892,451,144"
CNS,Cohen & Steers Inc Common Stock,$75.44,0.90,1.207%,"3,879,240,450"
CVBF,CVB Financial Corporation Common Stock,$22.01,-0.15,-0.677%,"3,873,703,544"
BWLP,BW LPG Limited Common Shares,$24.30,-0.14,-0.573%,"3,870,552,600"
MDU,"MDU Resources Group, Inc. Common Stock (Holding Company)",$18.39,-0.17,-0.916%,"3,868,326,496"
TNL,Travel   Leisure Co. Common  Stock,$63.09,0.22,0.35%,"3,861,374,997"
PARR,"Par Pacific Holdings, Inc.  Common Stock",$76.97,-2.14,-2.705%,"3,856,168,290"
BMI,"Badger Meter, Inc. Common Stock",$133.00,0.74,0.56%,"3,855,250,651"
SKYW,"SkyWest, Inc. Common Stock",$99.27,-1.93,-1.907%,"3,854,487,823"
EE,"Excelerate Energy, Inc. Class A Common Stock",$33.97,-0.49,-1.422%,"3,852,269,507"
WK,Workiva Inc. Class A Common Stock,$70.79,0.96,1.375%,"3,852,143,186"
CENX,Century Aluminum Company Common Stock,$38.82,-0.58,-1.472%,"3,842,919,712"
AMLX,"Amylyx Pharmaceuticals, Inc. Common Stock",$30.605,-2.395,-7.258%,"3,839,650,751"
SIG,Signet Jewelers Limited Common Shares,$100.12,-0.30,-0.299%,"3,836,322,369"
CDP,COPT Defense Properties Common Shares of Beneficial Interest,$33.77,-0.57,-1.66%,"3,829,871,167"
NVST,Envista Holdings Corporation Common Stock,$23.82,-0.36,-1.489%,"3,825,913,828"
RHI,Robert Half Inc. Common Stock,$37.36,-0.22,-0.585%,"3,824,237,894"
XXI,"Twenty One Capital, Inc. Class A Common Stock",$6.80,-0.08,-1.163%,"3,824,131,110"
TLX,Telix Pharmaceuticals Limited American Depositary Shares,$11.27,-0.68,-5.69%,"3,818,017,342"
BFH,"Bread Financial Holdings, Inc. Common Stock",$99.19,-3.50,-3.408%,"3,810,807,193"
NP,Neptune Insurance Holdings Inc. Class A Common Stock,$27.76,0.21,0.762%,"3,809,590,578"
HHH,Howard Hughes Holdings Inc. Common Stock,$63.75,-2.34,-3.541%,"3,807,216,045"
SEB,Seaboard Corporation Common Stock,"$3,974.05",-150.04,-3.638%,"3,806,321,246"
ERO,Ero Copper Corp. Common Shares,$36.48,-0.81,-2.172%,"3,804,060,273"
INDB,Independent Bank Corp. Common Stock,$79.79,-0.51,-0.635%,"3,779,580,409"
TAC,TransAlta Corporation Ordinary Shares,$11.95,0.02,0.168%,"3,776,200,000"
PHI,PLDT Inc. Sponsored ADR,$17.46,-0.26,-1.467%,"3,772,333,832"
PAY,"Paymentus Holdings, Inc. Class A Common Stock",$29.95,-2.35,-7.276%,"3,771,892,428"
BOOT,"Boot Barn Holdings, Inc. Common Stock",$124.49,-4.79,-3.705%,"3,770,160,230"
IPAR,"Interparfums, Inc. Common Stock",$117.40,-0.89,-0.752%,"3,759,826,689"
AVNT,Avient Corporation Common Stock,$40.97,-0.27,-0.655%,"3,757,749,964"
ASBA,Associated Banc-Corp 6.625% Fixed-Rate Reset Subordinated Notes due 2033,$24.89,0.01,0.04%,"3,755,921,285"
JOE,St. Joe Company (The) Common Stock,$65.85,-0.36,-0.544%,"3,748,870,198"
USAC,"USA Compression Partners, LP Common Units Representing Limited Partner Interests",$25.83,0.28,1.096%,"3,743,886,601"
OTTR,Otter Tail Corporation Common Stock,$89.15,-1.08,-1.197%,"3,743,014,457"
APLE,"Apple Hospitality REIT, Inc. Common Shares",$15.83,0.05,0.317%,"3,737,189,109"
MAT,"Mattel, Inc. Common Stock",$13.08,-0.13,-0.984%,"3,736,956,000"
CAR,"Avis Budget Group, Inc. Common Stock",$105.67,-2.06,-1.912%,"3,732,872,425"
THO,"Thor Industries, Inc. Common Stock",$72.31,-1.49,-2.019%,"3,732,234,444"
SMR,NuScale Power Corporation Class A Common Stock,$8.68,-0.21,-2.362%,"3,729,998,001"
BATRA,"Atlanta Braves Holdings, Inc. Series A Common Stock",$58.09,0.35,0.606%,"3,727,513,137"
CLSK,"CleanSpark, Inc. Common Stock",$14.46,-0.68,-4.491%,"3,713,574,876"
MSGE,Madison Square Garden Entertainment Corp. Class A Common Stock,$78.49,-1.68,-2.096%,"3,712,987,817"
MNDY,monday.com Ltd. Ordinary Shares,$86.46,1.51,1.778%,"3,709,734,378"
PLSE,"Pulse Biosciences, Inc Common Stock (DE)",$51.98,-0.71,-1.348%,"3,707,349,112"
CRVL,CorVel Corp. Common Stock,$73.30,-0.29,-0.394%,"3,702,864,654"
FCN,"FTI Consulting, Inc. Common Stock",$133.49,-1.21,-0.898%,"3,685,869,147"
IRTC,"iRhythm Holdings, Inc. Common Stock",$111.75,1.22,1.104%,"3,683,615,585"
UNMA,Unum Group 6.250% Junior Subordinated Notes due 2058,$21.62,-0.16,-0.735%,"3,682,172,249"
BELFB,Bel Fuse Inc. Class B Common Stock,$254.08,4.52,1.811%,"3,668,775,456"
VVV,Valvoline Inc. Common Stock,$28.75,0.08,0.279%,"3,668,109,518"
ATMU,Atmus Filtration Technologies Inc. Common Stock,$44.94,-0.46,-1.013%,"3,666,902,983"
FLY,Firefly Aerospace Inc. Common Stock,$21.90,-1.445,-6.19%,"3,666,161,726"
ACLS,"Axcelis Technologies, Inc. Common Stock",$118.43,2.69,2.324%,"3,657,294,742"
WSBC,"WesBanco, Inc. Common Stock",$38.09,-0.40,-1.039%,"3,653,055,312"
CORZW,"Core Scientific, Inc. Tranche 1 Warrants",$11.36,-0.69,-5.726%,"3,650,427,410"
GNW,Genworth Financial Inc Common Stock,$9.63,-0.13,-1.332%,"3,638,705,486"
RNST,Renasant Corporation Common Stock,$39.70,-0.06,-0.151%,"3,628,757,261"
BNL,"Broadstone Net Lease, Inc. Common Stock",$18.91,-0.21,-1.098%,"3,628,696,082"
ZIM,ZIM Integrated Shipping Services Ltd. Ordinary Shares,$30.09,-0.42,-1.377%,"3,624,819,172"
IDYA,"IDEAYA Biosciences, Inc. Common Stock",$37.46,-2.25,-5.666%,"3,614,496,071"
OGN,Organon & Co. Common Stock ,$13.73,0.03,0.219%,"3,605,627,515"
DORM,"Dorman Products, Inc. Common Stock",$121.41,0.60,0.497%,"3,602,916,781"
SEZL,Sezzle Inc. Common Stock,$106.89,-3.11,-2.827%,"3,599,522,246"
BANF,BancFirst Corporation Common Stock,$106.98,-1.26,-1.164%,"3,594,393,740"
WT,"WisdomTree, Inc. Common Stock",$23.72,-0.01,-0.042%,"3,593,867,273"
CII,"BlackRock Enhanced Large Cap Core Fund, Inc. Common Stock",$24.14,-0.13,-0.536%,"3,591,126,050"
KTB,"Kontoor Brands, Inc. Common Stock ",$65.69,-2.13,-3.141%,"3,590,196,298"
LXP,LXP Industrial Trust Common Stock (Maryland REIT),$60.88,0.01,0.016%,"3,589,318,232"
LEGN,Legend Biotech Corporation American Depositary Shares,$18.45,-0.19,-1.019%,"3,588,311,220"
LAZ,"Lazard, Inc. Common Stock",$36.82,0.22,0.601%,"3,588,130,061"
WBI,WaterBridge Infrastructure LLC Class A Shares Representing Limited Liability Company Interests,$28.86,-0.70,-2.368%,"3,562,946,192"
MIAX,"Miami International Holdings, Inc. Common Stock",$35.89,-0.87,-2.367%,"3,561,396,929"
FSM,Fortuna Mining Corp. Common Shares,$11.66,-0.55,-4.505%,"3,551,139,132"
SLG,SL Green Realty Corp Common Stock,$49.98,-2.50,-4.764%,"3,541,078,352"
XENE,Xenon Pharmaceuticals Inc. Common Shares,$36.56,-2.53,-6.472%,"3,540,486,194"
MANU,Manchester United Ltd. Class A Ordinary Shares,$20.49,-0.02,-0.098%,"3,533,067,321"
OLED,Universal Display Corporation Common Stock,$76.71,-1.41,-1.805%,"3,526,115,913"
VCYT,"Veracyte, Inc. Common Stock",$43.82,0.46,1.061%,"3,522,721,832"
NHC,National HealthCare Corporation Common Stock,$224.87,2.01,0.902%,"3,521,777,894"
UCTT,"Ultra Clean Holdings, Inc. Common Stock",$77.29,0.74,0.967%,"3,499,461,571"
OPCH,"Option Care Health, Inc. Common Stock",$23.34,-0.56,-2.343%,"3,495,987,572"
TRMD,TORM plc Class A Common Stock,$34.42,-0.21,-0.606%,"3,493,209,869"
GPGI,"GPGI, Inc. Class A Common Stock",$12.04,-0.56,-4.444%,"3,490,276,587"
LUNR,"Intuitive Machines, Inc. Class A Common Stock",$15.24,-1.00,-6.158%,"3,488,802,796"
MHO,"M/I Homes, Inc. Common Stock",$137.77,-4.90,-3.434%,"3,483,243,181"
PVH,PVH Corp. Common Stock,$75.39,-0.50,-0.659%,"3,478,331,230"
TARS,"Tarsus Pharmaceuticals, Inc. Common Stock",$74.29,-2.79,-3.62%,"3,476,154,502"
QTWO,"Q2 Holdings, Inc. Common Stock",$55.66,-1.20,-2.11%,"3,470,662,324"
VAC,Marriott Vacations Worldwide Corporation Common Stock,$100.85,1.70,1.715%,"3,468,768,022"
NIC,Nicolet Bankshares Inc. Common Stock,$164.78,-0.87,-0.525%,"3,453,378,992"
MGNI,"Magnite, Inc. Common Stock",$24.06,-0.74,-2.984%,"3,450,785,217"
IRT,"Independence Realty Trust, Inc. Common Stock",$14.58,-0.18,-1.22%,"3,437,155,787"
FA,First Advantage Corporation Common Stock,$20.00,-0.34,-1.672%,"3,435,073,820"
PTRN,Pattern Group Inc. Series A Common Stock,$19.36,-1.05,-5.145%,"3,434,446,363"
LMND,"Lemonade, Inc. Common Stock",$44.36,-3.33,-6.983%,"3,433,313,841"
FIBK,"First Interstate BancSystem, Inc. Common Stock (DE)",$36.02,-0.52,-1.423%,"3,432,871,944"
BBWI,"Bath & Body Works, Inc.",$17.02,-0.16,-0.931%,"3,432,003,227"
DHT,"DHT Holdings, Inc.",$21.28,-0.11,-0.514%,"3,426,966,035"
BATRK,"Atlanta Braves Holdings, Inc. Series C Common Stock",$53.32,0.485,0.918%,"3,421,432,268"
KEN,Kenon Holdings Ltd. Ordinary Shares,$65.60,-0.28,-0.425%,"3,418,310,843"
FULTP,"Fulton Financial Corporation Depositary Shares, Each Representing a 1/40th Interest in a Share of Fixed Rate Non-Cumulative Perpetual Preferred Stock, Series A",$17.88,0.07,0.393%,"3,413,552,386"
PFSI,"PennyMac Financial Services, Inc. Common Stock",$65.61,-1.35,-2.016%,"3,408,542,639"
HNI,HNI Corporation Common Stock,$47.16,-0.63,-1.318%,"3,404,093,688"
COCO,"The Vita Coco Company, Inc. Common Stock",$57.98,-1.62,-2.718%,"3,403,089,600"
SXI,Standex International Corporation Common Stock,$276.91,5.77,2.128%,"3,400,860,473"
MWA,MUELLER WATER PRODUCTS Common Stock,$21.72,-0.30,-1.362%,"3,391,049,748"
SBLK,Star Bulk Carriers Corp. Common Shares,$30.40,-0.54,-1.745%,"3,390,516,560"
CSTM,Constellium SE Ordinary Shares (France),$24.96,-0.37,-1.461%,"3,382,772,091"
NATL,NCR Atleos Corporation Common Stock,$45.77,-0.45,-0.974%,"3,382,262,669"
ELVN,"Enliven Therapeutics, Inc. Common Stock",$46.09,-2.10,-4.358%,"3,377,049,374"
PDI,PIMCO Dynamic Income Fund Common Stock,$13.86,-0.18,-1.282%,"3,369,227,400"
SA,"Seabridge Gold, Inc. Common Shares New",$31.20,-1.36,-4.177%,"3,365,581,939"
CALM,"Cal-Maine Foods, Inc. Common Stock",$71.73,-1.40,-1.914%,"3,365,277,148"
RCUS,"Arcus Biosciences, Inc. Common Stock",$26.39,-0.48,-1.786%,"3,360,327,793"
FRSH,Freshworks Inc. Class A Common Stock,$12.87,0.45,3.623%,"3,358,050,336"
PLMR,"Palomar Holdings, Inc. Common stock",$127.21,-4.33,-3.292%,"3,347,872,454"
BTDR,Bitdeer Technologies Group Class A Ordinary Shares,$12.31,-0.79,-6.031%,"3,345,639,436"
ZGN,Ermenegildo Zegna N.V. Ordinary Shares,$12.44,-0.07,-0.56%,"3,337,801,902"
AB,AllianceBernstein Holding L.P.  Units,$35.82,-0.37,-1.022%,"3,333,954,345"
POST,"Post Holdings, Inc. Common Stock",$75.81,-0.16,-0.211%,"3,332,365,387"
NTRSO,"Northern Trust Corporation Depositary Shares Each Representing a 1/1,000th Interest in a Share of Series E Non-Cumulative Perpetual Preferred Stock",$18.15,0.085,0.471%,"3,320,645,102"
LIF,"Life360, Inc. Common Stock",$40.75,-0.23,-0.561%,"3,320,325,037"
LION,Lionsgate Studios Corp Common Shares,$11.15,-0.21,-1.849%,"3,317,790,432"
PURR,Hyperliquid Strategies Inc Common Stock,$13.94,-0.01,-0.072%,"3,316,594,875"
TGB,Trekor Metals Limited Common Shares,$9.06,-0.30,-3.205%,"3,316,171,261"
ARQT,"Arcutis Biotherapeutics, Inc. Common Stock",$26.38,-1.40,-5.04%,"3,315,753,931"
NESR,National Energy Services Reunited Corp Ordinary Shares,$32.81,-0.28,-0.846%,"3,308,946,049"
SFNC,Simmons First National Corporation Class A Common Stock,$22.89,0.39,1.733%,"3,307,920,630"
MCHB,Mechanics Bancorp Class A Common Stock,$15.00,-0.19,-1.251%,"3,304,680,915"
NHI,"National Health Investors, Inc. Common Stock",$67.20,-0.21,-0.312%,"3,300,221,165"
AWR,American States Water Company Common Stock,$83.24,-1.15,-1.363%,"3,299,269,508"
CSQ,Calamos Strategic Total Return Common Stock,$20.75,-0.31,-1.472%,"3,296,918,157"
ARLP,"Alliance Resource Partners, L.P. Common Units representing Limited Partners Interests",$25.55,-0.31,-1.199%,"3,287,232,366"
KAI,Kadant Inc Common Stock,$278.35,6.24,2.293%,"3,287,067,717"
IPGP,IPG Photonics Corporation Common Stock,$77.18,-1.02,-1.304%,"3,282,815,720"
RXO,"RXO, Inc. Common Stock",$19.88,0.09,0.455%,"3,278,731,425"
FFBC,First Financial Bancorp. Common Stock,$31.22,-0.11,-0.351%,"3,277,130,307"
TNK,Teekay Tankers Ltd.,$94.54,-1.06,-1.109%,"3,275,230,335"
HIW,"Highwoods Properties, Inc. Common Stock",$29.69,-1.06,-3.447%,"3,274,991,405"
VGNT,Versigent PLC Ordinary Shares,$46.20,-0.89,-1.89%,"3,272,589,243"
DNLI,Denali Therapeutics Inc. Common Stock,$20.46,-1.14,-5.278%,"3,270,477,865"
LRN,"Stride, Inc. Common Stock",$78.53,-0.16,-0.203%,"3,263,694,628"
ABG,Asbury Automotive Group Inc Common Stock,$181.52,-5.54,-2.962%,"3,258,631,974"
DTG,DTE Energy Company 2021 Series E 4.375% Junior Subordinated Debentures,$15.61,-0.25,-1.576%,"3,248,254,757"
AAMI,Acadian Asset Management Inc. Common Stock,$91.51,-0.39,-0.424%,"3,247,701,613"
BTE,Baytex Energy Corp Common Shares,$4.58,UNCH,--,"3,246,707,040"
WSC,WillScot Holdings Corporation Class A Common Stock,$17.90,-0.45,-2.452%,"3,243,318,148"
CURB,Curbline Properties Corp. Common Stock,$28.16,-0.64,-2.222%,"3,239,470,784"
PRK,Park National Corporation Common Stock,$179.22,-2.44,-1.343%,"3,237,458,934"
OSIS,"OSI Systems, Inc. Common Stock (DE)",$203.00,2.16,1.075%,"3,236,219,504"
BFAM,Bright Horizons Family Solutions Inc. Common Stock,$66.51,1.55,2.386%,"3,234,734,202"
SII,Sprott Inc. Common Shares,$125.34,-6.22,-4.728%,"3,233,772,000"
LBTYA,Liberty Global Ltd. Class A Common Shares,$9.48,-0.49,-4.915%,"3,233,510,126"
GBDC,"Golub Capital BDC, Inc. Common Stock",$12.45,-0.08,-0.638%,"3,232,662,283"
BTU,Peabody Energy Corporation Common Stock ,$26.41,-0.38,-1.418%,"3,219,379,000"
WIX,Wix.com Ltd. Ordinary Shares,$76.80,-3.30,-4.12%,"3,214,042,445"
DTB,DTE Energy Company 2020 Series G 4.375% Junior Subordinated Debentures due 2080,$15.395,-0.195,-1.251%,"3,203,515,822"
DAN,Dana Incorporated Common Stock ,$29.70,-0.51,-1.688%,"3,195,027,366"
CBU,"Community Financial System, Inc. Common Stock",$60.69,-0.45,-0.736%,"3,193,259,274"
CXW,"CoreCivic, Inc. Common Stock",$32.28,0.81,2.574%,"3,192,281,825"
ATKR,Atkore Inc. Common Stock,$94.51,0.01,0.011%,"3,191,843,701"
NG,Novagold Resources Inc.,$7.26,-0.51,-6.564%,"3,185,547,258"
AEHR,Aehr Test Systems Common Stock,$97.38,-3.22,-3.201%,"3,180,386,589"
HTGC,"Hercules Capital, Inc. Common Stock",$16.97,-0.25,-1.452%,"3,176,173,080"
SHOO,"Steven Madden, Ltd. Common Stock",$43.40,-1.05,-2.362%,"3,175,885,923"
NMIH,NMI Holdings Inc. Common Stock,$42.19,-0.23,-0.542%,"3,173,441,134"
ASH,Ashland Inc. Common Stock,$69.01,-0.65,-0.933%,"3,160,200,464"
LBTYK,Liberty Global Ltd. Class C Common Shares,$9.24,-0.49,-5.036%,"3,151,649,110"
PONY,Pony AI Inc. American Depositary Shares ,$7.26,-0.03,-0.412%,"3,147,511,675"
SLNHP,"Soluna Holdings, Inc 9.0% Series A Cumulative Perpetual Preferred Stock ",$12.75,0.75,6.25%,"3,145,451,099"
SBCF,Seacoast Banking Corporation of Florida Common Stock,$32.42,-0.41,-1.249%,"3,138,995,144"
USLM,"United States Lime & Minerals, Inc. Common Stock",$109.41,-4.37,-3.841%,"3,138,793,796"
KN,Knowles Corporation Common Stock,$36.73,-0.18,-0.488%,"3,137,121,274"
CPK,Chesapeake Utilities Corporation Common Stock,$129.64,-2.28,-1.728%,"3,125,160,826"
AAUC,Allied Gold Corporation Common Shares,$22.38,-0.57,-2.484%,"3,118,605,845"
INFQ,"Infleqtion, Inc. Common Stock",$13.83,-0.23,-1.636%,"3,116,688,029"
RWTN,"Redwood Trust, Inc. 9.125% Senior Notes Due 2029",$24.105,-0.045,-0.186%,"3,114,931,600"
EXPO,"Exponent, Inc. Common Stock",$65.41,-0.81,-1.223%,"3,109,989,354"
BSM,"Black Stone Minerals, L.P. Common units representing limited partner interests",$14.56,-0.20,-1.355%,"3,097,065,914"
NVTS,Navitas Semiconductor Corporation Common Stock,$11.84,-0.62,-4.976%,"3,091,346,898"
BKU,"BankUnited, Inc. Common Stock",$43.36,-0.42,-0.959%,"3,088,630,317"
CSQR,"Csquare, Inc. Common Stock",$18.53,-0.34,-1.802%,"3,087,727,724"
FRMI,Fermi Inc. Common Stock,$4.82,-0.32,-6.226%,"3,087,052,617"
FSK,FS KKR Capital Corp. Common Stock,$11.17,-0.14,-1.238%,"3,086,720,928"
PLNT,"Planet Fitness, Inc. Common Stock",$41.00,-1.60,-3.756%,"3,083,895,565"
SMG,Scotts Miracle-Gro Company (The) Common Stock,$52.83,0.15,0.285%,"3,075,777,075"
FGN,"F&G Annuities & Life, Inc. 7.950% Senior Notes due 2053",$24.37,-0.29,-1.176%,"3,073,021,615"
YETI,"YETI Holdings, Inc. Common Stock",$41.86,-1.72,-3.947%,"3,055,311,001"
COHU,"Cohu, Inc. Common Stock",$64.48,-0.06,-0.093%,"3,052,382,160"
ATRC,"AtriCure, Inc. Common Stock",$59.955,1.125,1.912%,"3,049,688,657"
RWTO,"Redwood Trust, Inc. 9.00% Senior Notes Due 2029",$23.59,-0.01,-0.042%,"3,048,381,516"
ECO,Okeanis Eco Tankers Corp. Common Stock,$78.03,0.49,0.632%,"3,046,654,430"
QS,QuantumScape Corporation Class A Common Stock,$4.91,-0.14,-2.772%,"3,039,847,319"
FOUR,"Shift4 Payments, Inc. Class A Common Stock",$38.46,-0.61,-1.561%,"3,036,806,215"
PK,Park Hotels & Resorts Inc. Common Stock ,$15.07,-0.12,-0.79%,"3,034,168,633"
AGO,Assured Guaranty Ltd. Common Stock,$68.99,-1.75,-2.474%,"3,034,125,560"
DYN,"Dyne Therapeutics, Inc. Common Stock",$16.23,-0.91,-5.309%,"3,030,894,575"
NAN,Nuveen New York Quality Municipal Income Fund Common Stock,$10.01,-0.17,-1.67%,"3,026,181,158"
AD,"Array Digital Infrastructure, Inc. Common Shares",$34.94,-0.44,-1.244%,"3,022,310,000"
KYIV,Kyivstar Group Ltd. Common Shares,$13.02,-0.02,-0.153%,"3,018,864,384"
TMDX,"TransMedics Group, Inc. Common Stock",$87.00,-1.07,-1.215%,"3,016,737,615"
FHB,"First Hawaiian, Inc. Common Stock",$24.78,-0.40,-1.589%,"3,015,263,903"
PII,Polaris Inc. Common Stock,$52.94,-1.03,-1.908%,"3,012,472,561"
DBRG,"DigitalBridge Group, Inc.",$15.99,0.01,0.063%,"2,998,049,543"
TNET,"TriNet Group, Inc. Common Stock",$65.24,-1.47,-2.204%,"2,994,825,107"
BHF,"Brighthouse Financial, Inc. Common Stock",$51.99,0.09,0.173%,"2,990,026,160"
CHRN,ChronoScale Holdings Corporation Common Stock,$20.51,-0.69,-3.255%,"2,987,024,141"
LEU,Centrus Energy Corp. Class A Common Stock,$151.31,-6.52,-4.131%,"2,985,937,619"
BHE,"Benchmark Electronics, Inc. Common Stock",$83.11,0.88,1.07%,"2,985,305,632"
AMBA,"Ambarella, Inc. Ordinary Shares",$67.62,0.56,0.835%,"2,984,812,459"
LBRT,Liberty Energy Inc. Class A common stock,$18.27,0.23,1.275%,"2,981,507,170"
ASO,"Academy Sports and Outdoors, Inc. Common Stock",$48.31,-1.19,-2.404%,"2,974,876,224"
ATRO,Astronics Corporation Common Stock,$69.14,-0.56,-0.803%,"2,973,646,685"
AVA,Avista Corporation Common Stock,$35.45,-0.55,-1.528%,"2,969,037,824"
ZLAB,Zai Lab Limited American Depositary Shares,$26.44,0.03,0.114%,"2,968,319,068"
QURE,uniQure N.V. Ordinary Shares,$42.76,-2.52,-5.565%,"2,966,107,777"
CBZ,"CBIZ, Inc. Common Stock",$54.66,-0.02,-0.037%,"2,966,063,626"
DXPE,"DXP Enterprises, Inc. Common Stock",$191.08,1.23,0.648%,"2,965,016,640"
NEOG,Neogen Corporation Common Stock,$13.57,-0.41,-2.933%,"2,959,698,488"
RGC,Regencell Bioscience Holdings Limited Ordinary Shares,$5.98,-0.25,-4.013%,"2,957,043,670"
SPNT,SiriusPoint Ltd. Common Shares,$25.42,-0.06,-0.235%,"2,952,914,707"
GPI,"Group 1 Automotive, Inc. Common Stock",$247.51,-6.24,-2.459%,"2,950,869,910"
BELFA,Bel Fuse Inc. Class A Common Stock,$204.16,0.95,0.467%,"2,947,958,112"
LPL,"LG Display Co, Ltd AMERICAN DEPOSITORY SHARES",$2.94,-0.10,-3.289%,"2,940,000,000"
BRZE,"Braze, Inc. Class A Common Stock",$25.87,0.35,1.371%,"2,938,429,126"
ARCB,ArcBest Corporation Common Stock,$131.08,-0.63,-0.478%,"2,929,815,482"
SPSC,"SPS Commerce, Inc. Common Stock",$81.29,-0.19,-0.233%,"2,926,454,144"
DKL,"Delek Logistics Partners, L.P. Common Units representing Limited Partner Interests",$54.97,0.81,1.496%,"2,924,255,636"
PFS,"Provident Financial Services, Inc Common Stock",$22.42,-0.23,-1.015%,"2,924,075,096"
IMAX,Imax Corporation Common Stock,$53.30,-0.29,-0.541%,"2,923,084,676"
WOR,"Worthington Enterprises, Inc. Common Shares",$59.70,0.76,1.289%,"2,920,929,005"
KNF,Knife Riv Holding Co. Common Stock,$51.43,-4.39,-7.865%,"2,919,342,691"
PPTA,Perpetua Resources Corp. Common Shares,$23.32,-1.44,-5.816%,"2,917,234,126"
ABM,ABM Industries Incorporated Common Stock,$49.69,-0.25,-0.501%,"2,912,559,076"
EXTR,"Extreme Networks, Inc. Common Stock",$22.03,-0.08,-0.362%,"2,911,720,411"
DX,"Dynex Capital, Inc. Common Stock",$11.73,-0.37,-3.058%,"2,910,997,936"
COLM,Columbia Sportswear Company Common Stock,$56.78,-1.65,-2.824%,"2,906,749,555"
EROK,"EagleRock Land, LLC Class A shares representing limited liability company interests",$22.09,-0.23,-1.03%,"2,905,267,301"
SDRL,Seadrill Limited Common Shares,$46.43,-0.42,-0.896%,"2,903,799,198"
VTMX,"Corporacion Inmobiliaria Vesta, S.A.B de C.V. American Depositary Shares, each representing ten (10) Common Shares",$32.83,UNCH,--,"2,903,768,983"
UUUU,Energy Fuels Inc Ordinary Shares (Canada),$11.60,-0.54,-4.448%,"2,898,457,200"
KC,Kingsoft Cloud Holdings Limited American Depositary Shares,$9.68,-0.44,-4.348%,"2,897,898,348"
CWK,Cushman & Wakefield Ltd. Common Shares,$12.33,-0.53,-4.121%,"2,894,020,020"
SOUN,"SoundHound AI, Inc Class A Common Stock",$6.01,-0.11,-1.797%,"2,890,838,145"
KBH,KB Home Common Stock,$47.15,-1.44,-2.964%,"2,890,753,675"
GRBK,"Green Brick Partners, Inc. Common Stock",$67.21,-1.59,-2.311%,"2,890,748,878"
CLBT,Cellebrite DI Ltd. Ordinary Shares,$11.50,-0.16,-1.372%,"2,890,422,190"
APAM,Artisan Partners Asset Management Inc. Class A Common Stock,$35.62,-0.31,-0.863%,"2,887,808,470"
WRBY,Warby Parker Inc. Class A Common Stock,$23.35,0.41,1.787%,"2,886,248,061"
FIZZ,National Beverage Corp. Common Stock,$30.65,-0.47,-1.51%,"2,869,309,006"
GPK,Graphic Packaging Holding Company,$9.66,0.09,0.94%,"2,860,051,395"
DGII,Digi International Inc. Common Stock,$75.30,0.46,0.615%,"2,857,493,662"
NTCT,"NetScout Systems, Inc. Common Stock",$39.28,0.14,0.358%,"2,855,943,215"
AGYS,"Agilysys, Inc. Common Stock (DE)",$101.18,0.81,0.807%,"2,853,861,630"
POWI,"Power Integrations, Inc. Common Stock",$51.05,-0.41,-0.797%,"2,852,331,863"
TR,"Tootsie Roll Industries, Inc. Common Stock",$37.97,0.44,1.172%,"2,850,470,475"
PLUG,"Plug Power, Inc. Common Stock",$2.04,-0.07,-3.318%,"2,850,278,367"
CWT,California Water Service Group Common Stock,$46.07,-1.22,-2.58%,"2,848,927,383"
FRPT,"Freshpet, Inc. Common Stock",$59.21,-0.92,-1.53%,"2,845,518,562"
DNOW,DNOW Inc. Common Stock,$15.71,0.15,0.964%,"2,840,146,348"
FG,"F&G Annuities & Life, Inc. Common Stock",$21.69,-0.53,-2.385%,"2,839,984,683"
OUST,"Ouster, Inc. Common Stock",$39.38,-0.87,-2.161%,"2,839,783,674"
REZI,"Resideo Technologies, Inc. Common Stock ",$18.68,-0.20,-1.059%,"2,836,509,021"
IHS,IHS Holding Limited Ordinary Shares,$8.42,-0.02,-0.237%,"2,825,088,689"
GPOR,Gulfport Energy Corporation Common Shares,$159.72,1.22,0.77%,"2,824,467,078"
EFXT,Enerflex Ltd Common Shares,$23.11,0.72,3.216%,"2,821,797,626"
RDW,Redwire Corporation Common Stock,$11.27,-0.49,-4.167%,"2,817,416,703"
MMS,"Maximus, Inc. Common Stock",$53.79,-1.39,-2.519%,"2,816,324,072"
POWWP,Outdoor Holding Company 8.75% Series A Cumulative Redeemable Perpetual Preferred Stock,$24.26,-0.24,-0.98%,"2,815,638,186"
FIVN,"Five9, Inc. Common Stock",$37.68,-0.97,-2.51%,"2,815,582,648"
ASST,"Strive, Inc. Class A Common Stock",$28.99,-0.36,-1.227%,"2,812,106,795"
DAC,Danaos Corporation Common Stock,$154.42,-1.58,-1.013%,"2,810,980,610"
CDNA,"CareDx, Inc. Common Stock",$54.31,-2.18,-3.859%,"2,809,685,651"
VECO,Veeco Instruments Inc. Common Stock,$45.92,1.56,3.517%,"2,807,073,069"
BANC,"Banc of California, Inc. Common Stock",$17.72,-0.38,-2.099%,"2,798,883,374"
FTAIM,FTAI Aviation Ltd. 9.500% Fixed-Rate Reset Series D Cumulative Perpetual Redeemable Preferred Shares,$27.2321,-0.1579,-0.576%,"2,796,929,773"
BBAR,Banco BBVA Argentina S.A. ADS,$13.67,-0.46,-3.255%,"2,791,915,593"
AVAH,Aveanna Healthcare Holdings Inc. Common Stock,$12.79,-0.43,-3.253%,"2,791,029,912"
INTA,"Intapp, Inc. Common Stock",$36.46,0.37,1.025%,"2,789,596,456"
MBX,"MBX Biosciences, Inc. Common Stock",$57.89,-4.09,-6.599%,"2,787,987,957"
CXT,"Crane NXT, Co. Common Stock",$48.42,-0.02,-0.041%,"2,787,118,340"
MZTI,The Marzetti Company Common Stock,$102.12,-1.44,-1.39%,"2,786,956,920"
HG,"Hamilton Insurance Group, Ltd. Class B Common Shares",$33.47,-0.27,-0.80%,"2,785,063,367"
MNSO,"MINISO Group Holding Limited American Depositary Shares, each representing four Ordinary Shares",$8.98,-0.10,-1.101%,"2,778,331,575"
AVPT,"AvePoint, Inc. Class A Common Stock",$13.12,0.02,0.153%,"2,775,738,389"
BOH,Bank of Hawaii Corporation Common Stock,$70.34,-1.15,-1.609%,"2,774,940,855"
HGV,Hilton Grand Vacations Inc. Common Stock ,$35.60,0.03,0.084%,"2,766,979,562"
MGRC,McGrath RentCorp Common Stock,$113.24,-0.23,-0.203%,"2,765,962,078"
TALO,"Talos Energy, Inc. Common Stock",$16.56,0.47,2.921%,"2,764,948,150"
ADEA,Adeia Inc. Common Stock,$25.05,-0.78,-3.02%,"2,762,517,758"
PENG,"Penguin Solutions, Inc. Common Stock",$53.88,-2.70,-4.772%,"2,760,956,622"
VCRE,Vicore Pharma Holding AB American Depositary Shares,$9.80,-0.36,-3.543%,"2,758,950,811"
IMNM,"Immunome, Inc. Common Stock",$24.24,-1.51,-5.864%,"2,753,121,727"
EROC,"ERock, Inc. Class A Common Stock",$12.52,-0.31,-2.416%,"2,746,889,002"
EXK,Endeavour Silver Corporation Ordinary Shares (Canada),$9.26,-1.25,-11.893%,"2,741,597,107"
GRDN,"Guardian Pharmacy Services, Inc. Class A Common Stock",$43.26,-1.41,-3.156%,"2,740,188,071"
KWR,Quaker Houghton Common Stock,$158.86,-0.61,-0.383%,"2,733,615,540"
LFTO,"Liftoff Mobile, Inc. Common Stock",$16.09,-0.26,-1.59%,"2,724,544,269"
CARG,"CarGurus, Inc. Class A Common Stock ",$30.57,-1.37,-4.289%,"2,722,976,222"
APPN,Appian Corporation Class A Common Stock,$37.96,1.06,2.873%,"2,718,983,582"
TDC,Teradata Corporation Common Stock,$29.21,-0.20,-0.68%,"2,716,530,000"
BCC,"Boise Cascade, L.L.C. Common Stock",$77.76,-1.24,-1.57%,"2,713,151,454"
NAMS,NewAmsterdam Pharma Company N.V. Ordinary Shares,$22.68,-0.64,-2.744%,"2,711,102,993"
HAYW,"Hayward Holdings, Inc. Common Stock",$12.75,-0.17,-1.316%,"2,704,524,671"
HOG,"Harley-Davidson, Inc. Common Stock",$25.98,-0.05,-0.192%,"2,703,803,732"
FUL,H. B. Fuller Company Common Stock,$50.21,-0.86,-1.684%,"2,700,665,906"
NMFCZ,New Mountain Finance Corporation 8.250% Notes due 2028,$25.39,-0.01,-0.039%,"2,700,504,800"
TOWN,TowneBank Common Stock,$36.07,-0.29,-0.798%,"2,691,447,093"
GRND,Grindr Inc. Common Stock,$15.44,-0.52,-3.258%,"2,683,790,481"
SLDE,"Slide Insurance Holdings, Inc. Common Stock",$22.96,-0.91,-3.812%,"2,681,997,068"
PPLI,People Incorporated Common Stock,$35.97,-1.01,-2.731%,"2,678,467,382"
MGEE,"MGE Energy, Inc",$70.86,-1.84,-2.531%,"2,677,375,090"
WDFC,WD-40 Company Common Stock,$199.34,5.11,2.631%,"2,675,361,277"
WTTR,"Select Water Solutions, Inc. Class A common stock",$19.29,-0.98,-4.835%,"2,671,295,269"
MAN,ManpowerGroup Common Stock,$57.37,-0.26,-0.451%,"2,668,024,551"
AEO,"American Eagle Outfitters, Inc. Common Stock",$15.92,UNCH,--,"2,667,767,461"
BKD,Brookdale Senior Living Inc. Common Stock,$11.17,-0.22,-1.932%,"2,667,588,705"
WING,Wingstop Inc. Common Stock,$97.88,-4.50,-4.395%,"2,666,500,402"
PGEN,"Precigen, Inc. Common Stock",$7.44,-0.45,-5.703%,"2,663,782,238"
AMBP,Ardagh Metal Packaging S.A. Ordinary Shares,$4.45,-0.07,-1.549%,"2,659,763,158"
ACHC,"Acadia Healthcare Company, Inc. Common Stock",$28.51,-0.86,-2.928%,"2,654,288,840"
TRMK,Trustmark Corporation Common Stock,$45.69,-0.25,-0.544%,"2,653,244,663"
PAGS,PagSeguro Digital Ltd. Class A Common Shares,$9.09,-0.31,-3.298%,"2,642,260,375"
UNFI,"United Natural Foods, Inc. Common Stock",$43.74,-2.12,-4.623%,"2,638,269,254"
KD,"Kyndryl Holdings, Inc. Common Stock",$12.11,0.05,0.415%,"2,637,779,165"
FBK,FB Financial Corporation Common Stock,$52.64,-0.56,-1.053%,"2,630,849,184"
MH,"McGraw Hill, Inc. Common Stock",$13.75,0.21,1.551%,"2,630,496,193"
AKR,Acadia Realty Trust Common Stock,$19.11,-0.26,-1.342%,"2,624,428,317"
NBTB,NBT Bancorp Inc. Common Stock,$50.48,-0.37,-0.728%,"2,622,943,879"
GCMG,GCM Grosvenor Inc. Class A Common Stock,$12.93,-0.30,-2.268%,"2,622,101,853"
ALRM,"Alarm.com Holdings, Inc. Common Stock",$53.35,0.19,0.357%,"2,618,963,664"
CHTRP,"Charter Communications, Inc. Series A Cumulative Redeemable Preferred Stock",$22.76,-0.125,-0.546%,"2,607,783,718"
ZIONP,"Zions Bancorporation, N.A. Depositary Shares (Each representing 1/40th Interest in a Share of Series A Floating-Rate Non-Cumulative Perpetual Preferred Stock)",$17.86,1.10,6.563%,"2,606,726,920"
DCO,Ducommun Incorporated Common Stock,$172.51,6.06,3.641%,"2,604,862,875"
CALY,Callaway Golf Company Common Stock,$14.59,-0.22,-1.485%,"2,604,468,501"
HTO,H2O America Common Stock,$62.20,-0.72,-1.144%,"2,603,493,209"
GDV,Gabelli Dividend & Income Trust Common Shares of Beneficial Interest,$28.84,-0.30,-1.03%,"2,601,036,080"
MFAO,"MFA Financial, Inc. 9.000% Senior Notes due 2029",$25.2801,-0.0399,-0.158%,"2,595,475,053"
CUBI,"Customers Bancorp, Inc Common Stock",$76.72,-0.63,-0.814%,"2,591,893,059"
HWKN,"Hawkins, Inc. Common Stock",$123.99,-0.56,-0.45%,"2,588,305,757"
MFAN,"MFA Financial, Inc. 8.875% Senior Notes due 2029",$25.20,-0.03,-0.119%,"2,587,251,290"
FBNC,First Bancorp Common Stock,$62.22,-0.80,-1.269%,"2,574,304,031"
NMM,Navios Maritime Partners LP Common Units Representing Limited Partner Interests,$87.94,-0.17,-0.193%,"2,565,060,918"
GPCR,Structure Therapeutics Inc. American Depositary Shares,$35.95,-0.96,-2.601%,"2,563,589,359"
HSAI,Hesai Group American Depositary Share,$16.31,-0.79,-4.62%,"2,562,989,461"
AMC,"AMC Entertainment Holdings, Inc. Class A Common Stock",$2.87,-0.10,-3.367%,"2,561,775,311"
KALU,Kaiser Aluminum Corporation Common Stock,$156.26,2.41,1.566%,"2,554,709,116"
DNN,Denison Mines Corp Ordinary Shares (Canada),$2.82,-0.11,-3.754%,"2,552,709,478"
BKV,BKV Corporation Common Stock,$23.27,0.37,1.616%,"2,546,618,304"
SVM,Silvercorp Metals Inc. Common Shares,$11.51,-0.83,-6.726%,"2,546,180,529"
HURN,Huron Consulting Group Inc. Common Stock,$159.91,2.05,1.299%,"2,544,179,614"
AXGN,"Axogen, Inc. Common Stock",$43.32,-1.22,-2.739%,"2,541,649,943"
WGS,GeneDx Holdings Corp. Class A Common Stock,$85.20,-5.60,-6.167%,"2,540,880,493"
IRON,"Disc Medicine, Inc. Common Stock",$66.09,-2.39,-3.49%,"2,537,383,060"
NVA,Nova Minerals Corp Common Stock,$5.60,-0.36,-6.04%,"2,525,757,937"
SUPN,"Supernus Pharmaceuticals, Inc. Common Stock",$43.39,-0.36,-0.823%,"2,522,131,094"
DJT,Trump Media & Technology Group Corp. Common Stock,$9.06,-0.32,-3.412%,"2,518,147,942"
BEAM,Beam Therapeutics Inc. Common Stock,$24.37,-1.56,-6.016%,"2,517,120,396"
FRME,First Merchants Corporation Common Stock,$40.03,-0.62,-1.525%,"2,513,940,963"
HCM,HUTCHMED (China) Limited American Depositary Shares,$14.37,0.30,2.132%,"2,507,069,580"
OPEN,Opendoor Technologies Inc Common Stock,$2.58,-0.18,-6.522%,"2,505,414,909"
DRH,Diamondrock Hospitality Company Common Stock,$12.24,-0.07,-0.569%,"2,504,373,535"
SHAK,"Shake Shack, Inc. Class A Common Stock",$58.47,0.38,0.654%,"2,502,453,905"
UE,Urban Edge Properties Common Shares of Beneficial Interest,$19.78,-0.33,-1.641%,"2,497,115,537"
BANR,Banner Corporation Common Stock,$68.07,-0.81,-1.176%,"2,494,048,859"
RNW,ReNew Energy Global plc Class A Ordinary Shares,$6.84,UNCH,--,"2,492,514,386"
ROG,Rogers Corporation Common Stock,$139.44,1.48,1.073%,"2,491,560,632"
HIMX,"Himax Technologies, Inc. American Depositary Shares",$14.28,-0.43,-2.923%,"2,490,802,052"
TTAM,Titan America SA Common Shares,$13.50,-0.58,-4.119%,"2,488,893,278"
VC,Visteon Corporation Common Stock,$93.03,1.04,1.131%,"2,483,475,760"
AAP,Advance Auto Parts Inc.,$41.10,-1.56,-3.657%,"2,482,440,000"
LCLN,"Lincoln International, Inc. Class A Common Stock",$23.95,-0.08,-0.333%,"2,481,830,462"
NRIX,"Nurix Therapeutics, Inc. Common stock",$23.88,-1.79,-6.973%,"2,478,306,590"
KEEL,Keel Infrastructure Corp. Common Stock,$4.01,-0.14,-3.373%,"2,476,468,580"
INOD,Innodata Inc. Common Stock,$71.99,2.02,2.887%,"2,475,207,045"
CENT,Central Garden & Pet Company Common Stock,$39.49,-0.74,-1.839%,"2,471,781,695"
NGVT,Ingevity Corporation Common Stock ,$71.75,0.48,0.673%,"2,466,615,904"
BUSE,First Busey Corporation Class A Common Stock,$29.64,-0.07,-0.236%,"2,465,736,810"
NOG,"Northern Oil and Gas, Inc. Common Stock",$23.14,0.33,1.447%,"2,465,546,822"
ATHM,"Autohome Inc. American Depositary Shares, each representing four class A ordinary shares.",$21.35,0.04,0.188%,"2,458,898,950"
BFLY,"Butterfly Network, Inc. Class A Common Stock",$9.20,-0.73,-7.351%,"2,449,823,684"
CLDX,"Celldex Therapeutics, Inc.",$31.12,-2.39,-7.132%,"2,443,839,036"
FCPT,"Four Corners Property Trust, Inc. Common Stock",$22.24,-0.20,-0.891%,"2,440,982,469"
PRVA,"Privia Health Group, Inc. Common Stock",$19.10,-0.36,-1.85%,"2,439,723,354"
ARR,"ARMOUR Residential REIT, Inc.",$14.60,-0.39,-2.602%,"2,439,622,011"
SKWD,"Skyward Specialty Insurance Group, Inc. Common Stock",$54.84,-1.07,-1.914%,"2,434,703,676"
WSBCO,"WesBanco, Inc. Depositary Shares each representing 1/40th interest in a share of 7.375% Fixed-Rate Reset Non-Cumulative Perpetual Preferred Stock, Series B",$25.33,0.05,0.198%,"2,429,296,168"
NN,NextNav Inc. Common Stock,$14.39,-0.94,-6.132%,"2,429,174,605"
VRDN,"Viridian Therapeutics, Inc. Common Stock",$21.43,-0.69,-3.119%,"2,427,853,325"
CLOV,"Clover Health Investments, Corp. Class A Common Stock",$4.57,-0.10,-2.141%,"2,427,384,122"
WLYB,"John Wiley & Sons, Inc. Common Stock",$47.76,0.61,1.294%,"2,420,664,497"
WLY,"John Wiley & Sons, Inc. Common Stock",$47.75,0.73,1.553%,"2,420,157,658"
PAYO,Payoneer Global Inc. Common Stock,$7.14,0.01,0.14%,"2,419,394,969"
NWL,Newell Brands Inc. Common Stock,$5.68,-0.09,-1.56%,"2,419,112,000"
EEFT,"Euronet Worldwide, Inc. Common Stock",$64.64,-1.05,-1.598%,"2,417,768,381"
TRLV,Trulieve Cannabis Corp. Subordinate Voting Shares,$12.54,0.07,0.561%,"2,414,768,887"
VIA,"Via Transportation, Inc. Class A Common Stock",$29.54,1.17,4.124%,"2,407,675,808"
PLUS,ePlus inc. Common Stock,$92.03,0.45,0.491%,"2,401,101,169"
SYBT,"Stock Yards Bancorp, Inc. Common Stock",$77.22,-0.91,-1.165%,"2,398,966,172"
VERA,"Vera Therapeutics, Inc. Class A Common Stock",$33.05,-3.21,-8.853%,"2,381,693,222"
NMRK,"Newmark Group, Inc. Class A Common Stock",$13.13,-0.81,-5.811%,"2,379,531,873"
IOSP,Innospec Inc. Common Stock,$96.60,0.52,0.541%,"2,379,359,140"
UPST,"Upstart Holdings, Inc. Common stock",$24.45,-1.52,-5.853%,"2,379,303,975"
MLYS,"Mineralys Therapeutics, Inc. Common Stock",$26.89,-2.51,-8.537%,"2,377,261,138"
CDLR,Cadeler A/S American Depositary Share (each representing four (4) Ordinary Shares),$24.58,-0.94,-3.683%,"2,371,744,773"
IVT,InvenTrust Properties Corp. Common Stock,$30.34,-0.32,-1.044%,"2,365,865,597"
LASR,"nLIGHT, Inc. Common Stock",$40.98,-0.22,-0.534%,"2,364,144,273"
MBIN,Merchants Bancorp Common Stock,$51.37,-0.77,-1.477%,"2,359,838,913"
RH,RH Common Stock,$124.59,-6.05,-4.631%,"2,358,882,280"
NEO,"NeoGenomics, Inc. Common Stock",$18.36,-0.53,-2.806%,"2,358,809,078"
IMOS,ChipMOS TECHNOLOGIES INC. American Depositary Shares,$67.37,-0.55,-0.81%,"2,357,893,140"
HRMY,"Harmony Biosciences Holdings, Inc. Common Stock",$40.48,-1.05,-2.528%,"2,357,409,189"
AGM,Federal Agricultural Mortgage Corporation Common Stock,$217.17,-1.66,-0.759%,"2,356,991,616"
VVX,"V2X, Inc. Common Stock",$74.94,1.99,2.728%,"2,349,021,129"
SECZ,Securitize Corp. Common Stock,$14.36,1.36,10.462%,"2,344,495,237"
MFICL,MidCap Financial Investment Corporation 8.00% Notes due 2028,$25.125,-0.035,-0.139%,"2,344,253,503"
STNE,StoneCo Ltd. Class A Common Shares,$9.49,-0.37,-3.753%,"2,341,322,190"
BBT,Beacon Financial Corporation Common stock,$27.91,-0.51,-1.795%,"2,339,306,960"
NOVTU,Novanta Inc. Tangible Equity Units,$61.55,0.94,1.551%,"2,327,683,744"
SLS,"SELLAS Life Sciences Group, Inc. Common Stock",$11.52,-0.50,-4.16%,"2,326,414,568"
BGR,BlackRock Energy and Resources Trust,$17.15,0.10,0.587%,"2,325,303,227"
COTY,Coty Inc. Class A Common Stock,$2.64,-0.03,-1.124%,"2,325,012,265"
NTB,Bank of N.T. Butterfield & Son Limited (The) Voting Ordinary Shares,$58.11,-0.44,-0.751%,"2,324,400,000"
INTR,Inter & Co. Inc. Class A Common Shares,$5.24,-0.30,-5.415%,"2,312,525,514"
ADAMM,"Adamas Trust, Inc. 7.875% Series E Fixed-to-Floating Rate Cumulative Redeemable Preferred Stock",$25.705,0.025,0.097%,"2,310,359,899"
AERO,"Grupo Aeromexico, S.A.B. de C.V. American Depositary Shares (each representing ten (10) Common Shares)",$15.80,-0.63,-3.834%,"2,305,273,862"
PHVS,Pharvaris N.V. Ordinary Shares,$33.07,-2.13,-6.051%,"2,303,869,601"
LTC,"LTC Properties, Inc. Common Stock",$42.54,0.12,0.283%,"2,293,142,650"
HLIO,"Helios Technologies, Inc. Common Stock",$69.52,0.86,1.253%,"2,290,724,113"
ANDE,"Andersons, Inc. (The) Common Stock",$67.39,0.45,0.672%,"2,289,613,662"
AMR,"Alpha Metallurgical Resources, Inc. Common Stock",$180.40,-8.17,-4.333%,"2,287,299,718"
KMT,Kennametal Inc. Common Stock,$29.94,0.34,1.149%,"2,287,117,528"
RAMP,"LiveRamp Holdings, Inc. Common Stock",$37.44,-0.11,-0.293%,"2,276,164,126"
LPG,Dorian LPG Ltd. Common Stock,$53.16,-0.38,-0.71%,"2,274,327,322"
WAFD,"WaFd, Inc. Common Stock",$30.70,-0.81,-2.571%,"2,271,653,807"
ADAMI,"Adamas Trust, Inc. 9.125% Senior Notes Due 2029",$25.05,UNCH,--,"2,269,015,197"
ALVO,Alvotech Ordinary Shares,$5.81,-0.03,-0.514%,"2,268,406,899"
SIND,Sinda Ltd. Common Stock,$14.26,-0.19,-1.315%,"2,264,358,020"
SSMR,Sunshine Silver Mining & Refining Company Common Stock,$15.73,-1.26,-7.416%,"2,260,819,465"
OSW,OneSpaWorld Holdings Limited Common Shares,$22.26,-0.32,-1.417%,"2,259,361,329"
ADAML,"Adamas Trust, Inc. 6.875% Series F Fixed-to-Floating Rate Cumulative Redeemable Preferred Stock, $0.01 par value per share",$25.0604,0.0204,0.081%,"2,252,423,389"
CNXN,"PC Connection, Inc. Common Stock",$88.57,1.73,1.992%,"2,235,338,428"
TRN,"Trinity Industries, Inc. Common Stock",$28.05,0.23,0.827%,"2,234,729,082"
PBI,Pitney Bowes Inc. Common Stock,$16.27,-0.31,-1.87%,"2,230,457,749"
ALMR,"Alamar Biosciences, Inc. Common Stock",$32.14,-1.08,-3.251%,"2,230,283,499"
UFPT,"UFP Technologies, Inc. Common Stock",$287.38,2.18,0.764%,"2,225,985,130"
UNIT,Uniti Group Inc. Common Stock,$9.16,-0.41,-4.284%,"2,223,362,237"
PATK,"Patrick Industries, Inc. Common Stock",$69.18,-1.88,-2.646%,"2,221,941,504"
CC,Chemours Company (The) Common Stock,$14.74,-0.24,-1.602%,"2,218,355,186"
BGSI,Boyd Group Services Inc. Common Shares,$79.61,-1.24,-1.534%,"2,216,058,590"
PHIN,PHINIA Inc. Common Stock,$60.39,-0.15,-0.248%,"2,212,574,134"
PMTU,PennyMac Mortgage Investment Trust 8.50% Senior Notes due 2028,$25.33,0.01,0.039%,"2,208,835,829"
ADAMN,"Adamas Trust, Inc. 8.00% Series D Fixed-to-Floating Rate Cumulative Redeemable Preferred Stock",$24.55,-0.09,-0.365%,"2,206,548,746"
DRD,DRDGOLD Limited American Depositary Shares,$25.49,-1.04,-3.92%,"2,203,836,622"
RGTIW,"Rigetti Computing, Inc. Warrants",$6.60,-0.36,-5.172%,"2,202,873,730"
NWBI,"Northwest Bancshares, Inc. Common Stock",$15.04,-0.17,-1.118%,"2,202,745,195"
OCUL,"Ocular Therapeutix, Inc. Common Stock",$10.00,-0.50,-4.762%,"2,196,158,680"
PLBL,Polibeli Group Ltd Class A Ordinary Shares,$5.99,0.19,3.276%,"2,194,660,945"
HCI,"HCI Group, Inc. Common Stock",$176.12,-4.10,-2.275%,"2,190,733,256"
BCRX,"BioCryst Pharmaceuticals, Inc. Common Stock",$8.57,-0.21,-2.392%,"2,189,935,850"
PRCH,"Porch Group, Inc. Common Stock",$16.61,-0.46,-2.695%,"2,189,730,251"
ETOR,eToro Group Ltd. Class A Common Shares,$27.18,-1.00,-3.549%,"2,189,249,331"
AADX,"Applied Aerospace & Defense, Inc. Common Stock",$12.69,0.03,0.237%,"2,187,673,743"
ICHR,Ichor Holdings Ordinary Shares,$58.40,0.96,1.671%,"2,187,326,974"
HTH,Hilltop Holdings Inc.,$38.17,-0.21,-0.547%,"2,186,622,537"
SDGR,"Schrodinger, Inc. Common Stock",$29.23,-1.47,-4.788%,"2,186,568,506"
AUPH,Aurinia Pharmaceuticals Inc Ordinary Shares,$16.40,-0.27,-1.62%,"2,182,039,155"
OFG,OFG Bancorp Common Stock,$51.56,-0.14,-0.271%,"2,179,208,871"
PBH,Prestige Consumer Healthcare Inc. Common Stock,$45.92,-1.81,-3.792%,"2,175,438,050"
CALX,"Calix, Inc Common Stock",$34.54,-0.61,-1.735%,"2,174,776,180"
ADMA,ADMA Biologics Inc Common Stock,$9.70,-0.11,-1.121%,"2,172,651,396"
ASAN,"Asana, Inc. Class A Common Stock",$9.47,0.39,4.295%,"2,168,347,008"
EFSC,Enterprise Financial Services Corporation Common Stock,$59.845,-0.545,-0.902%,"2,165,941,359"
CTOS,"Custom Truck One Source, Inc. Common Stock",$9.51,-0.12,-1.246%,"2,163,577,638"
LIFE,Ethos Technologies Inc. Class A Common Stock,$33.91,-2.28,-6.30%,"2,162,083,085"
PVLA,"Palvella Therapeutics, Inc. Common Stock",$149.56,-8.57,-5.42%,"2,154,921,351"
CHA,Chagee Holdings Limited American Depositary Shares,$11.28,-0.38,-3.259%,"2,151,810,317"
WHR,Whirlpool Corporation Common Stock,$32.93,-0.63,-1.877%,"2,147,015,518"
BUSEP,"First Busey Corporation Depositary Shares, Each Representing a 1/40thInterest in a Share of 8.25% Fixed-Rate Series B Non-Cumulative Perpetual Preferred Stock, $0.001 par value",$25.80,-0.09,-0.348%,"2,146,289,126"
ADUS,Addus HomeCare Corporation Common Stock,$114.93,0.69,0.604%,"2,146,237,299"
MPT,"Medical Properties Trust, Inc. common stock",$3.59,-0.05,-1.374%,"2,143,948,000"
DBD,Diebold Nixdorf Incorporated Common stock,$63.04,-1.35,-2.097%,"2,139,992,908"
CENTA,Central Garden & Pet Company Class A Common Stock Nonvoting,$34.16,-0.54,-1.556%,"2,138,163,148"
BHC,Bausch Health Companies Inc. Common Stock,$5.71,-0.10,-1.721%,"2,135,486,103"
BKE,"Buckle, Inc. (The) Common Stock",$41.44,-0.31,-0.743%,"2,134,675,265"
PRLB,"Proto Labs, Inc. Common stock",$89.13,-0.33,-0.369%,"2,132,158,680"
SBET,"Sharplink, Inc. Common Stock",$9.81,-0.42,-4.106%,"2,130,963,555"
GENB,"Generate Biomedicines, Inc. Common Stock",$16.52,-0.94,-5.384%,"2,120,382,243"
BXMT,"Blackstone Mortgage Trust, Inc. Common Stock",$12.57,-0.57,-4.338%,"2,118,592,939"
BTX,BlackRock Technology and Private Equity Term Trust Common Shares of Beneficial Interest,$8.98,-0.07,-0.773%,"2,117,449,643"
ALGT,Allegiant Travel Company Common Stock,$77.26,-4.40,-5.388%,"2,112,114,951"
TH,Target Hospitality Corp. Common Stock,$21.20,0.01,0.047%,"2,112,016,568"
MCRI,"Monarch Casino & Resort, Inc. Common Stock",$117.57,0.33,0.281%,"2,107,150,794"
PTON,"Peloton Interactive, Inc. Class A Common Stock",$4.80,-0.22,-4.382%,"2,106,584,645"
BVC,BitVentures Limited Ordinary Shares,$12.53,-0.27,-2.109%,"2,105,040,000"
RVMDW,"Revolution Medicines, Inc. Warrant",$9.82,-0.21,-2.094%,"2,104,783,625"
RLX,"RLX Technology Inc. American Depositary Shares, each representing the right to receive one (1) Class A ordinary share",$1.72,-0.03,-1.714%,"2,102,277,850"
MD,"Pediatrix Medical Group, Inc. Common Stock",$25.86,-0.49,-1.86%,"2,101,209,588"
PLPC,Preformed Line Products Company Common Stock,$427.28,2.08,0.489%,"2,088,844,163"
PENN,"PENN Entertainment, Inc. Common Stock",$15.56,-0.34,-2.138%,"2,086,076,156"
EMAT,Evolution Metals & Technologies Corp. Common Stock,$3.335,-0.385,-10.349%,"2,084,260,556"
FCF,First Commonwealth Financial Corporation Common Stock,$20.62,-0.12,-0.579%,"2,083,773,174"
MTX,Minerals Technologies Inc. Common Stock,$66.88,-0.43,-0.639%,"2,081,891,603"
BLX,"Bladex, Inc. Class E Common Stock",$55.25,-0.30,-0.54%,"2,077,340,275"
DV,"DoubleVerify Holdings, Inc. Common Stock",$13.40,UNCH,--,"2,076,823,750"
STGW,Stagwell Inc. Class A Common Stock,$8.48,-0.03,-0.353%,"2,073,151,824"
PLGO,Pelagos Insurance Capital Limited Common Shares,$23.91,0.35,1.486%,"2,067,740,267"
LCII,LCI Industries,$85.03,-2.89,-3.287%,"2,067,207,440"
SHAZ,"SharonAI Holdings, Inc. Class A Common Stock",$57.73,-5.48,-8.67%,"2,066,936,344"
BHVN,Biohaven Ltd. Common Shares ,$13.67,-1.18,-7.946%,"2,064,768,486"
QUBT,Quantum Computing Inc. Common Stock,$9.12,0.04,0.441%,"2,064,283,372"
WERN,"Werner Enterprises, Inc. Common Stock",$34.41,-0.38,-1.092%,"2,063,813,938"
TRVI,"Trevi Therapeutics, Inc. Common Stock",$14.46,-0.78,-5.118%,"2,060,200,661"
CCU,"Compania Cervecerias Unidas, S.A. Common Stock",$11.13,-0.04,-0.358%,"2,056,283,483"
PEB,Pebblebrook Hotel Trust Common Shares of Beneficial Interest,$18.22,-0.04,-0.219%,"2,055,994,286"
SEDG,"SolarEdge Technologies, Inc. Common Stock",$33.35,-2.73,-7.567%,"2,051,883,696"
FLYW,Flywire Corporation Voting Common Stock,$16.86,-0.38,-2.204%,"2,051,316,984"
SHO,"Sunstone Hotel Investors, Inc. Sunstone Hotel Investors, Inc. Common Shares",$11.03,-0.06,-0.541%,"2,050,961,669"
UTZ,Utz Brands Inc Class A Common Stock ,$14.23,UNCH,--,"2,048,582,291"
PDFS,"PDF Solutions, Inc. Common Stock",$48.43,-0.01,-0.021%,"2,045,064,071"
AGIO,"Agios Pharmaceuticals, Inc. Common Stock",$34.19,-0.78,-2.23%,"2,041,207,346"
CTRI,"Centuri Holdings, Inc. Common Stock",$20.17,0.14,0.699%,"2,036,424,779"
DRVN,Driven Brands Holdings Inc. Common Stock,$12.335,0.065,0.53%,"2,035,026,030"
URGN,UroGen Pharma Ltd. Ordinary Shares,$41.63,-1.13,-2.643%,"2,034,897,879"
NCNO,"nCino, Inc. Common Stock",$19.23,-0.44,-2.237%,"2,033,306,626"
CEPU,Central Puerto S.A. American Depositary Shares (each represents ten Common Shares),$13.43,-0.12,-0.886%,"2,032,993,405"
SRCE,1st Source Corporation Common Stock,$84.38,-0.98,-1.148%,"2,032,024,478"
STUB,"StubHub Holdings, Inc. Class A Common Stock",$5.31,-0.43,-7.491%,"2,028,897,719"
CIMN,Chimera Investment Corporation 9.000% Senior Notes due 2029,$25.1756,-0.0044,-0.017%,"2,027,408,590"
MFP,"Midera Food Processing, Inc. Common Stock",$44.80,0.06,0.134%,"2,026,324,384"
LKFT,Lakefront Biotherapeutics American Depositary Shares,$30.72,0.53,1.756%,"2,024,358,021"
SONO,"Sonos, Inc. Common Stock",$17.10,0.25,1.484%,"2,022,827,041"
TBBK,The Bancorp Inc Common Stock,$49.54,-1.05,-2.076%,"2,020,578,518"
TILE,"Interface, Inc. Common Stock",$34.94,-0.29,-0.823%,"2,019,548,072"
ESTA,Establishment Labs Holdings Inc. Common Shares,$67.76,-2.48,-3.531%,"2,019,376,134"
STDN,"Standard Nuclear, Inc. Class A Common Stock",$12.85,-0.17,-1.306%,"2,011,677,202"
RUN,Sunrun Inc. Common Stock,$8.35,-0.44,-5.006%,"2,011,072,300"
GNL,"Global Net Lease, Inc. Common Stock",$8.67,-0.04,-0.459%,"2,005,525,820"
NUVB,Nuvation Bio Inc. Class A Common Stock,$5.71,-0.39,-6.393%,"2,004,913,660"
ALG,"Alamo Group, Inc. Common Stock",$164.64,-0.87,-0.526%,"2,003,827,678"
ECPG,Encore Capital Group Inc Common Stock,$94.47,-3.82,-3.886%,"2,003,648,806"
SRPT,"Sarepta Therapeutics, Inc. Common Stock (DE)",$18.95,-1.86,-8.938%,"2,001,632,048"
INSP,"Inspire Medical Systems, Inc. Common Stock",$69.06,-2.24,-3.142%,"1,996,550,498"
NGL,NGL ENERGY PARTNERS LP Common Units representing Limited Partner Interests,$15.94,-0.21,-1.30%,"1,989,539,767"
MESO,Mesoblast Limited American Depositary Shares,$15.29,-0.63,-3.957%,"1,988,996,760"
FIGS,"FIGS, Inc. Class A Common Stock",$11.97,-0.98,-7.568%,"1,988,698,697"
SPB,"Spectrum Brands Holdings, Inc. Common Stock",$86.48,-1.54,-1.75%,"1,988,659,142"
NWN,Northwest Natural Holding Company Common Stock,$47.23,-0.55,-1.151%,"1,988,077,800"
INVX,"Innovex International, Inc. Common Stock",$28.42,0.45,1.609%,"1,987,576,203"
GRC,Gorman-Rupp Company (The) Common Stock,$75.25,0.66,0.885%,"1,987,370,786"
VCEL,Vericel Corporation Common Stock,$38.79,-1.43,-3.555%,"1,986,304,557"
KARO,Karooooo Ltd. Ordinary Shares,$64.21,0.62,0.975%,"1,983,658,793"
PGNY,"Progyny, Inc. Common Stock",$25.83,-0.41,-1.563%,"1,981,853,192"
HYMC,Hycroft Mining Holding Corporation Class A Common Stock,$21.26,-1.43,-6.302%,"1,981,042,538"
KOD,Kodiak Sciences Inc Common Stock,$31.52,-2.28,-6.746%,"1,981,014,885"
RXRX,"Recursion Pharmaceuticals, Inc. Class A Common Stock",$3.70,-0.35,-8.642%,"1,980,766,029"
UMBFO,"UMB Financial Corporation Depositary Shares Each Representing a 1/400th Interest in a Share of 7.750% Fixed-Rate Reset Non-Cumulative Perpetual Preferred Stock, Series B",$25.98,0.12,0.464%,"1,973,181,779"
SAH,"Sonic Automotive, Inc. Common Stock",$62.37,-2.97,-4.545%,"1,971,815,201"
VNET,"VNET Group, Inc. American Depositary Shares",$6.92,-0.23,-3.217%,"1,971,012,943"
NKTR,Nektar Therapeutics  Common Stock,$57.66,-3.31,-5.429%,"1,968,685,034"
DHC,Diversified Healthcare Trust Common Shares of Beneficial Interest,$8.13,-0.04,-0.49%,"1,968,508,672"
PRDO,Perdoceo Education Corporation Common Stock,$31.44,0.21,0.672%,"1,967,422,609"
WRD,WeRide Inc. American Depositary Shares,$5.85,-0.07,-1.182%,"1,961,250,379"
UWMC,UWM Holdings Corporation Class A Common Stock,$1.22,-0.04,-3.175%,"1,959,949,099"
CHCO,City Holding Company Common Stock,$139.25,-0.34,-0.244%,"1,955,788,530"
SFB,Stifel Financial Corporation 5.20% Senior Notes due 2047,$19.105,-0.085,-0.443%,"1,952,022,922"
ZYME,Zymeworks Inc. Common Stock,$27.50,-0.065,-0.236%,"1,951,379,128"
IQMX,IQM Quantum Computers Oyj American Depositary Shares,$10.29,-0.42,-3.922%,"1,949,916,083"
XRAY,DENTSPLY SIRONA Inc. Common Stock,$9.78,-0.17,-1.709%,"1,949,680,907"
TIC,"TIC Solutions, Inc. Common Stock",$8.93,-0.30,-3.25%,"1,948,707,779"
BLKB,"Blackbaud, Inc. Common Stock",$42.89,0.76,1.804%,"1,946,781,260"
UAA,"Under Armour, Inc. Class A Common Stock",$4.53,-0.21,-4.43%,"1,945,841,301"
ZD,"Ziff Davis, Inc. Common Stock",$56.75,-1.45,-2.491%,"1,945,799,054"
VOYG,"Voyager Technologies, Inc. Class A Common Stock",$31.40,-6.13,-16.334%,"1,945,787,601"
BXDC,Blackstone Digital Infrastructure Trust Inc. Common Stock,$19.32,-0.21,-1.075%,"1,944,556,165"
ATEN,"A10 Networks, Inc. Common Stock",$26.75,0.05,0.187%,"1,942,291,312"
BRVE,"Braveheart Bio, Inc. Common Stock",$21.46,-2.15,-9.106%,"1,932,236,275"
KSS,Kohl's Corporation Common Stock,$17.04,-1.23,-6.732%,"1,931,934,623"
ALNT,Allient Inc. Common Stock,$113.60,5.54,5.127%,"1,931,485,250"
ZBIO,"Zenas BioPharma, Inc. Common Stock",$29.63,-3.42,-10.348%,"1,931,186,302"
KYN,"Kayne Anderson Energy Infrastructure Fund, Inc.",$14.18,-0.01,-0.07%,"1,930,345,095"
PRGO,Perrigo Company plc Ordinary Shares,$13.84,-0.47,-3.284%,"1,920,566,351"
HUBG,"Hub Group, Inc. Class A Common Stock",$31.40,-0.66,-2.059%,"1,920,220,214"
MRVI,"Maravai LifeSciences Holdings, Inc. Class A Common Stock",$7.37,-0.09,-1.206%,"1,913,794,616"
OLN,Olin Corporation Common Stock,$16.77,-0.05,-0.297%,"1,911,486,357"
UA,"Under Armour, Inc. Class C Common Stock",$4.45,-0.18,-3.888%,"1,911,477,657"
SGRY,"Surgery Partners, Inc. Common Stock",$14.56,-1.24,-7.848%,"1,906,169,866"
CMPS,COMPASS Pathways Plc American Depository Shares,$13.75,-1.03,-6.969%,"1,904,056,303"
BAND,Bandwidth Inc. Class A Common Stock,$59.13,0.73,1.25%,"1,902,849,994"
VERX,"Vertex, Inc. Class A Common Stock",$11.72,-0.07,-0.594%,"1,901,194,726"
WU,Western Union Company (The) Common Stock,$6.09,-0.13,-2.09%,"1,899,342,994"
CMPR,Cimpress plc Ordinary Shares (Ireland),$77.99,-1.46,-1.838%,"1,899,015,633"
BRSL,"Brightstar Lottery PLC Trading under the Legal Name to begin at the market open on July 21, 2025. Ordinary Shares",$10.26,-0.16,-1.536%,"1,892,970,000"
NVCR,NovoCure Limited Ordinary Shares,$16.25,-0.42,-2.519%,"1,892,244,900"
STC,Stewart Information Services Corporation Common Stock,$61.98,-0.91,-1.447%,"1,891,765,894"
ABXL,"Abacus Global Management, Inc. 9.875% Fixed Rate Senior Notes due 2028",$25.3099,-0.0902,-0.355%,"1,889,418,127"
TOP,TOP Financial Group Limited Class A Ordinary Shares,$15.00,-0.40,-2.597%,"1,885,582,695"
HMN,Horace Mann Educators Corporation Common Stock,$46.54,-0.67,-1.419%,"1,884,919,053"
TY,Tri Continental Corporation Common Stock,$34.60,-0.36,-1.03%,"1,880,542,351"
VIR,"Vir Biotechnology, Inc. Common Stock",$11.09,-0.41,-3.565%,"1,876,604,974"
AVEX,AEVEX Corp. Class A Common Stock,$16.44,0.54,3.396%,"1,874,845,548"
GCT,GigaCloud Technology Inc Class A Ordinary Shares,$52.50,-0.62,-1.167%,"1,874,787,443"
XPRO,Expro Ltd Ordinary Shares,$16.51,0.13,0.794%,"1,872,156,122"
RVT,"Royce Small-Cap Trust, Inc. Common Stock",$17.32,-0.30,-1.703%,"1,869,810,304"
NSP,"Insperity, Inc. Common Stock",$48.85,-1.41,-2.805%,"1,865,838,940"
NTST,NetSTREIT Corp. Common Stock,$18.37,0.06,0.328%,"1,865,069,323"
ATS,ATS Corporation Common Shares,$19.21,0.10,0.523%,"1,863,513,710"
LIME,"Neutron Holdings, Inc. Common Stock",$28.60,0.24,0.846%,"1,858,547,834"
MLCO,Melco Resorts & Entertainment Limited American Depositary Shares,$4.72,-0.06,-1.255%,"1,857,155,753"
FTRE,Fortrea Holdings Inc. Common Stock,$19.52,-0.91,-4.454%,"1,856,352,000"
HOS,"Hornbeck Offshore Services, Inc. Common Stock",$8.35,-0.06,-0.713%,"1,855,091,001"
EZPW,"EZCORP, Inc. Class A Non Voting Common Stock",$30.19,-0.52,-1.693%,"1,854,975,552"
NHPBP,"National Healthcare Properties, Inc. 7.125% Series B Cumulative Redeemable Perpetual Preferred Stock",$25.38,0.015,0.059%,"1,850,325,753"
BLFS,"BioLife Solutions, Inc. Common Stock",$37.74,-0.33,-0.867%,"1,845,739,009"
WKC,World Kinect Corporation Common Stock,$36.04,0.20,0.558%,"1,843,504,385"
CNXC,Concentrix Corporation Common Stock,$30.21,-0.30,-0.983%,"1,843,364,354"
LMAT,"LeMaitre Vascular, Inc. Common Stock",$80.58,-0.40,-0.494%,"1,842,804,729"
CDZIP,"Cadiz, Inc. Depositary Shares",$21.75,-0.25,-1.136%,"1,841,726,381"
EPAC,Enerpac Tool Group Corp. Common Stock,$36.01,0.24,0.671%,"1,841,466,632"
BLBD,Blue Bird Corporation Common Stock,$58.09,-1.08,-1.825%,"1,840,061,106"
VSTS,Vestis Corporation Common Stock,$13.87,-0.56,-3.881%,"1,833,060,656"
RBCAA,"Republic Bancorp, Inc. Class A Common Stock",$93.33,-0.39,-0.416%,"1,832,455,313"
AFGB,"American Financial Group, Inc. 5.875% Subordinated Debentures due 2059",$22.04,0.20,0.916%,"1,827,589,111"
GABC,"German American Bancorp, Inc. Common Stock",$48.62,-0.37,-0.755%,"1,827,081,645"
SNDA,"Sonida Senior Living, Inc. Common Stock",$37.77,-0.35,-0.918%,"1,814,772,582"
XNCR,"Xencor, Inc. Common Stock",$24.26,-0.90,-3.577%,"1,803,813,411"
SEPN,"Septerna, Inc. Common Stock",$38.45,-1.93,-4.78%,"1,794,728,612"
HWCPZ,Hancock Whitney Corporation 6.25% Subordinated Notes due 2060,$21.16,-0.14,-0.657%,"1,793,415,334"
WMK,"Weis Markets, Inc. Common Stock",$72.47,-0.25,-0.344%,"1,793,240,945"
TMC,TMC the metals company Inc. Common Stock,$4.065,-0.345,-7.823%,"1,793,215,734"
GEL,"Genesis Energy, L.P. Common Units",$14.66,0.02,0.137%,"1,791,075,546"
PLAB,"Photronics, Inc. Common Stock",$30.35,-0.07,-0.23%,"1,790,564,018"
GTY,Getty Realty Corporation Common Stock,$28.91,-0.54,-1.834%,"1,790,474,328"
NBTX,Nanobiotix S.A. American Depositary Shares,$35.24,0.09,0.256%,"1,790,470,502"
VET,Vermilion Energy Inc. Common (Canada),$11.68,0.06,0.516%,"1,789,376,000"
FSUN,FirstSun Capital Bancorp Common Stock,$38.37,-0.98,-2.49%,"1,787,427,044"
LIND,Lindblad Expeditions Holdings Inc. Common Stock,$27.23,-0.09,-0.329%,"1,786,824,131"
AFGD,"American Financial Group, Inc. 5.625% Subordinated Debentures due 2060",$21.47,0.03,0.14%,"1,780,323,875"
GHRS,GH Research PLC Ordinary Shares,$25.96,-1.90,-6.82%,"1,779,744,237"
NEXT,NextDecade Corporation Common Stock,$6.68,-0.09,-1.329%,"1,778,118,692"
NBHC,National Bank Holdings Corporation Common Stock,$39.86,-0.28,-0.698%,"1,775,346,343"
BOBS,"Bob's Discount Furniture, Inc. Common Stock",$13.57,-1.72,-11.249%,"1,773,423,621"
ACVA,ACV Auctions Inc. Class A Common Stock,$10.43,-0.02,-0.191%,"1,771,097,231"
CMRE,Costamare Inc. Common Stock $0.0001 par value,$14.68,-0.19,-1.278%,"1,770,242,982"
WS,"Worthington Steel, Inc. Common Shares",$34.71,-0.19,-0.544%,"1,768,357,145"
DCOM,"Dime Commercial Bancshares, Inc. Common Stock",$39.95,-0.59,-1.455%,"1,764,055,970"
DAO,"Youdao, Inc. American Depositary Shares, each representing one Class A Ordinary Share",$14.62,-0.12,-0.814%,"1,763,678,305"
TRNZ,Trinity Capital Inc. 7.875% Notes due 2029,$25.02,-0.04,-0.16%,"1,759,260,283"
TRNI,Trinity Capital Inc. 7.875% Notes Due 2029,$25.01,-0.01,-0.04%,"1,758,557,142"
WTFCN,"Wintrust Financial Corporation Depositary Shares, Each Representing a 1/1,000th Interest in a Share of 7.875% Fixed-Rate Reset Non-Cumulative Perpetual Preferred StocK",$26.05,-0.02,-0.077%,"1,757,488,440"
SMA,"SmartStop Self Storage REIT, Inc. Common Stock",$31.68,-0.76,-2.343%,"1,754,086,847"
CPRI,Capri Holdings Limited Ordinary Shares,$15.43,0.24,1.58%,"1,753,644,466"
MNR,Mach Natural Resources LP Common Units representing Limited Partner Interests,$10.48,-0.40,-3.676%,"1,749,616,025"
MIY,"Blackrock MuniYield Michigan Quality Fund, Inc. Common Stock",$11.76,-0.26,-2.163%,"1,749,446,659"
FLOC,Flowco Holdings Inc. Class A Common Stock,$19.36,0.28,1.468%,"1,749,238,494"
HAPN,"Happen, Inc. Common Stock",$15.15,-0.86,-5.372%,"1,748,423,080"
FORTY,Formula Systems (1985) Ltd. American Depositary Shares,$114.00,UNCH,--,"1,746,214,038"
PSNL,"Personalis, Inc. Common Stock",$16.35,-0.01,-0.061%,"1,746,177,907"
AI,"C3.ai, Inc. Class A Common Stock",$10.86,0.01,0.092%,"1,746,069,236"
CCS,"Century Communities, Inc. Common Stock",$61.40,-2.47,-3.867%,"1,745,780,060"
PDO,PIMCO Dynamic Income Opportunities Fund Common Shares of Beneficial Interest,$11.68,-0.19,-1.601%,"1,744,309,865"
NVAX,"Novavax, Inc. Common Stock",$10.55,-0.28,-2.585%,"1,740,177,409"
TSLX,"Sixth Street Specialty Lending, Inc. Common Stock",$18.25,-0.10,-0.545%,"1,740,012,287"
HOPE,"Hope Bancorp, Inc. Common Stock",$13.62,-0.16,-1.161%,"1,739,843,806"
JSM,"Navient Corporation 6% Senior Notes due December 15, 2043",$17.495,-0.115,-0.653%,"1,739,546,010"
DXC,DXC Technology Company Common Stock ,$10.88,-0.05,-0.457%,"1,738,392,136"
STRA,"Strategic Education, Inc. Common Stock",$78.24,1.77,2.315%,"1,737,519,416"
STBA,"S&T Bancorp, Inc. Common Stock",$49.10,-0.15,-0.305%,"1,731,535,657"
NTLA,"Intellia Therapeutics, Inc. Common Stock",$12.33,-0.36,-2.837%,"1,727,762,125"
AIN,Albany International Corporation Common Stock,$60.77,0.55,0.913%,"1,725,868,000"
SAM,"Boston Beer Company, Inc. (The) Common Stock",$167.69,-0.56,-0.333%,"1,725,811,987"
AMPL,"Amplitude, Inc. Class A Common Stock",$13.755,0.615,4.68%,"1,718,220,488"
LOB,"Live Oak Bancshares, Inc. Common Stock",$37.09,-0.78,-2.06%,"1,716,659,466"
COAG,"Hemab Therapeutics Holdings, Inc. Common Stock",$36.73,-1.52,-3.974%,"1,715,736,057"
ANIP,"ANI Pharmaceuticals, Inc.",$74.43,-3.48,-4.467%,"1,708,874,692"
OZKAP,Bank OZK 4.625% Series A Non-Cumulative Perpetual Preferred Stock,$15.10,-0.14,-0.919%,"1,708,355,593"
ASTH,Astrana Health Inc. Common Stock,$34.34,-0.77,-2.193%,"1,703,413,928"
TSAT,Telesat Corporation Class A Common Shares and Class B Variable Voting Shares ,$47.11,-1.68,-3.443%,"1,703,403,757"
KLRA,"Kailera Therapeutics, Inc. Common Stock",$13.13,0.34,2.658%,"1,702,221,466"
NEXA,Nexa Resources S.A. Common Shares,$12.78,-0.51,-3.837%,"1,692,570,420"
CTS,CTS Corporation Common Stock,$59.24,0.29,0.492%,"1,691,668,992"
SFL,SFL Corporation Ltd,$12.72,-0.07,-0.547%,"1,691,668,212"
BDJ,Blackrock Enhanced Equity Dividend Trust,$9.55,-0.07,-0.728%,"1,690,244,549"
MUJ,"Blackrock MuniHoldings New Jersey Quality Fund, Inc. Common Stock",$11.36,-0.24,-2.069%,"1,689,941,671"
IDT,IDT Corporation Class B Common Stock,$67.87,-1.03,-1.495%,"1,687,829,574"
FRNM,"Freenome, Inc. Common stock",$15.70,-0.755,-4.588%,"1,686,914,980"
STOK,"Stoke Therapeutics, Inc. Common Stock",$26.11,-3.09,-10.582%,"1,684,780,179"
PRGS,Progress Software Corporation Common Stock (DE),$41.03,0.41,1.009%,"1,682,761,010"
ETV,Eaton Vance Corporation Eaton Vance Tax-Managed Buy-Write Opportunities Fund Common Shares of Beneficial Interest,$15.36,-0.07,-0.454%,"1,678,361,841"
MQ,"Marqeta, Inc. Class A Common Stock",$16.10,0.18,1.131%,"1,675,991,227"
FLNG,FLEX LNG Ltd. Ordinary Shares,$30.96,-0.42,-1.338%,"1,674,699,961"
ABSI,Absci Corporation Common Stock,$9.745,-0.965,-9.01%,"1,672,378,527"
AMBQ,"Ambiq Micro, Inc. Common Stock",$69.13,-1.92,-2.702%,"1,671,876,974"
LILA,Liberty Latin America Ltd. Class A Common Stock,$8.52,-0.27,-3.072%,"1,669,068,000"
UROY,Uranium Royalty Corp. Common Stock,$4.42,-0.09,-1.996%,"1,667,270,954"
BY,"Byline Bancorp, Inc. Common Stock",$36.88,-0.12,-0.324%,"1,666,475,170"
RLJ,RLJ Lodging Trust Common Shares of Beneficial Interest $0.01 par value,$10.91,-0.12,-1.088%,"1,662,420,764"
RZC,"Reinsurance Group of America, Incorporated 7.125% Fixed-Rate Reset Subordinated Debentures due 2052",$25.45,-0.08,-0.313%,"1,661,927,374"
TRIN,Trinity Capital Inc. Common Stock,$17.55,-0.29,-1.626%,"1,661,872,224"
PAX,Patria Investments Limited Class A Common Shares,$10.24,-0.26,-2.476%,"1,661,816,023"
IE,Ivanhoe Electric Inc. Common Stock,$10.40,-0.34,-3.166%,"1,659,738,694"
DEI,"Douglas Emmett, Inc. Common Stock",$9.89,-0.48,-4.629%,"1,656,429,291"
JBLU,JetBlue Airways Corporation Common Stock,$4.39,-0.16,-3.516%,"1,656,400,475"
CNOB,"ConnectOne Bancorp, Inc. Common Stock",$30.50,-0.70,-2.244%,"1,656,009,090"
LILAK,Liberty Latin America Ltd. Class C Common Stock,$8.44,-0.26,-2.989%,"1,653,396,000"
KRP,Kimbell Royalty Partners Common Units Representing Limited Partner Interests,$14.41,0.12,0.84%,"1,652,878,732"
MGRT,Mega Fortune Company Limited Ordinary Shares,$120.00,0.50,0.418%,"1,650,000,000"
EVTC,"Evertec, Inc. Common Stock",$27.57,-0.33,-1.183%,"1,647,377,583"
ATEX,Anterix Inc. Common Stock,$83.98,-1.26,-1.478%,"1,646,829,828"
ELE,Elemental Royalty Corporation Common Stock,$20.43,-1.00,-4.666%,"1,645,003,701"
BFC,Bank First Corporation Common Stock,$148.39,-1.84,-1.225%,"1,644,993,223"
TCBK,TriCo Bancshares Common Stock,$51.44,-0.88,-1.682%,"1,644,363,447"
XHR,"Xenia Hotels & Resorts, Inc. Common Stock",$17.82,-0.07,-0.391%,"1,643,820,780"
OCFC,OceanFirst Financial Corp. Common Stock,$17.00,-0.37,-2.13%,"1,642,968,723"
CBL,"CBL & Associates Properties, Inc. Common Stock",$53.06,-0.91,-1.686%,"1,641,822,686"
USAS,"Americas Gold and Silver Corporation Common Shares, no par value",$4.85,-0.41,-7.795%,"1,640,064,428"
LCID,"Lucid Group, Inc. Common Stock",$4.16,-0.16,-3.704%,"1,639,331,932"
ADAMZ,"Adamas Trust, Inc. 7.000% Series G Cumulative Redeemable Preferred Stock, $0.01 par value per share",$18.2264,-0.0736,-0.402%,"1,638,184,932"
GLP,Global Partners LP Common Units representing Limited Partner Interests,$48.18,-1.07,-2.173%,"1,637,906,225"
GENI,Genius Sports Limited Ordinary Shares,$6.12,0.04,0.658%,"1,637,876,977"
RAPP,"Rapport Therapeutics, Inc. Common Stock",$34.13,-7.34,-17.70%,"1,637,498,901"
BL,"BlackLine, Inc. Common Stock",$28.13,0.28,1.005%,"1,635,063,845"
ALHC,"Alignment Healthcare, Inc. Common Stock",$7.86,-0.13,-1.627%,"1,630,440,271"
OBK,"Origin Bancorp, Inc. Common Stock",$52.81,-0.36,-0.677%,"1,629,171,495"
IMCR,Immunocore Holdings plc American Depositary Shares,$31.54,-0.88,-2.714%,"1,624,266,380"
QCRH,"QCR Holdings, Inc. Common Stock",$99.17,-0.19,-0.191%,"1,623,969,640"
XNDU,Xanadu Quantum Technologies Limited Class B Subordinate Voting Shares,$5.33,-0.45,-7.785%,"1,621,514,048"
DSGR,"Distribution Solutions Group, Inc. Common Stock",$34.95,-0.01,-0.029%,"1,616,626,999"
XNET,Xunlei Limited American Depositary Shares,$5.07,0.015,0.297%,"1,613,623,429"
NAT,Nordic American Tankers Limited Common Stock,$7.62,-0.04,-0.522%,"1,613,540,052"
WB,Weibo Corporation American Depositary Share,$6.56,-0.13,-1.943%,"1,611,612,072"
BPOPM,"Popular, Inc. Popular Capital Trust II - 6.125% Cumulative Monthly Income Trust Preferred Securities",$25.09,-0.04,-0.159%,"1,600,202,590"
TSHA,"Taysha Gene Therapies, Inc. Common Stock",$4.91,-0.25,-4.845%,"1,599,842,706"
GSL,Global Ship Lease Inc New Class A Common Shares,$44.54,-0.30,-0.669%,"1,599,798,588"
EFC,Ellington Financial Inc. Common Stock ,$12.41,-0.29,-2.283%,"1,599,492,460"
TYRA,"Tyra Biosciences, Inc. Common Stock",$23.23,-2.34,-9.151%,"1,597,200,463"
HUN,Huntsman Corporation Common Stock,$9.10,0.05,0.552%,"1,595,945,406"
OPRA,Opera Limited American Depositary Shares,$17.73,-0.21,-1.171%,"1,593,581,495"
NYAX,Nayax Ltd. Ordinary Shares,$42.63,-0.70,-1.616%,"1,592,622,483"
HE,"Hawaiian Electric Industries, Inc. Common Stock",$9.22,-0.41,-4.258%,"1,592,552,197"
ETON,"Eton Pharmaceuticals, Inc. Common Stock",$55.61,-1.48,-2.592%,"1,589,508,137"
GIC,Global Industrial Company Common Stock,$41.70,-0.15,-0.358%,"1,589,117,820"
PSQL,Pasqal Holding SA Ordinary Share,$7.47,0.07,0.946%,"1,585,833,872"
FRMEP,First Merchants Corporation Depository Shares,$25.20,UNCH,--,"1,582,595,860"
MHD,"Blackrock MuniHoldings Fund, Inc. Common Stock",$10.62,-0.29,-2.658%,"1,579,857,442"
XERS,"Xeris Biopharma Holdings, Inc. Common Stock",$8.66,-0.07,-0.802%,"1,578,893,850"
KOS,Kosmos Energy Ltd. Common Shares (DE),$2.65,0.08,3.113%,"1,578,042,275"
IMKTA,"Ingles Markets, Incorporated Class A Common Stock",$83.07,-0.77,-0.918%,"1,577,862,814"
SNDX,"Syndax Pharmaceuticals, Inc. Common Stock",$17.64,-0.545,-2.997%,"1,575,200,597"
UZD,"Array Digital Infrastructure, Inc. 6.250% Senior Notes due 2069",$18.31,-0.145,-0.786%,"1,574,660,000"
FRA,Blackrock Floating Rate Income Strategies Fund Inc  Common Stock,$10.57,-0.08,-0.751%,"1,572,419,318"
ADIG,ADI Global Distribution Inc. Common Stock,$20.68,-0.34,-1.618%,"1,570,091,735"
WWW,"Wolverine World Wide, Inc. Common Stock",$19.11,-0.76,-3.825%,"1,568,287,738"
SBH,"Sally Beauty Holdings, Inc. (Name to be changed from Sally Holdings, Inc.) Common Stock",$16.75,-0.21,-1.238%,"1,568,173,391"
AGRO,Adecoagro S.A. Common Shares,$10.85,-0.08,-0.732%,"1,565,746,856"
TGLS,Tecnoglass Holdings Inc. Common Stock,$35.24,-1.74,-4.705%,"1,563,409,068"
GAB,"Gabelli Equity Trust, Inc. (The) Common Stock",$5.32,-0.11,-2.026%,"1,563,107,573"
PGY,Pagaya Technologies Ltd. Class A Ordinary Shares,$18.72,-2.05,-9.87%,"1,561,731,781"
ALKT,"Alkami Technology, Inc. Common Stock",$14.60,-3.49,-19.292%,"1,561,352,908"
ARCO,Arcos Dorados Holdings Inc. Class A Shares,$7.41,-0.21,-2.756%,"1,561,013,252"
MAZE,"Maze Therapeutics, Inc. Common Stock",$28.09,-0.29,-1.022%,"1,560,376,129"
OXSQG,Oxford Square Capital Corp. 5.50% Notes due 2028,$24.40,0.01,0.041%,"1,555,691,784"
GAM,"General American Investors, Inc. Common Stock",$64.80,-0.66,-1.008%,"1,553,619,528"
HAWK,"HawkEye 360, Inc. Common Stock",$15.83,-0.14,-0.877%,"1,550,794,688"
ATEC,"Alphatec Holdings, Inc. Common Stock",$10.03,-0.30,-2.904%,"1,549,144,292"
AFGC,"American Financial Group, Inc. 5.125% Subordinated Debentures due 2059",$18.67,0.09,0.484%,"1,548,143,770"
GSHD,"Goosehead Insurance, Inc. Class A Common Stock",$43.52,-2.24,-4.895%,"1,545,652,186"
PBT,Permian Basin Royalty Trust Common Stock,$33.12,0.09,0.272%,"1,543,683,324"
ECAT,BlackRock ESG Capital Allocation Term Trust Common Shares of Beneficial Interest,$14.27,-0.28,-1.924%,"1,543,086,450"
GT,The Goodyear Tire & Rubber Company Common Stock,$5.34,-0.15,-2.732%,"1,537,379,256"
WLTH,Wealthfront Corporation Common Stock,$9.84,-0.10,-1.006%,"1,536,776,170"
OXLC,Oxford Lane Capital Corp. Common Stock,$8.80,-0.19,-2.113%,"1,527,680,000"
RQI,Cohen & Steers Quality Income Realty Fund Inc Common Shares,$11.35,-0.19,-1.646%,"1,524,309,631"
IIPR,"Innovative Industrial Properties, Inc. Common Stock",$55.28,-1.46,-2.573%,"1,524,144,173"
KMPR,Kemper Corporation,$25.85,-0.35,-1.336%,"1,523,163,531"
CASH,"Pathward Financial, Inc. Common Stock",$73.27,-1.29,-1.73%,"1,522,064,234"
NOMD,Nomad Foods Limited Ordinary Shares,$10.71,0.21,2.00%,"1,521,742,045"
SAFT,"Safety Insurance Group, Inc. Common Stock",$103.51,-0.09,-0.087%,"1,519,576,692"
KMTS,"Kestra Medical Technologies, Ltd. Common Stock",$25.51,-0.58,-2.223%,"1,519,421,390"
PFBC,Preferred Bank Common Stock,$105.80,-0.49,-0.461%,"1,518,939,918"
MQY,"Blackrock MuniYield Quality Fund, Inc. Common Stock",$10.21,-0.22,-2.109%,"1,518,864,829"
ECCC,Eagle Point Credit Company 6.50% Series C Term Preferred Stock due 2031,$25.02,0.02,0.08%,"1,517,776,350"
IAUX,i-80 Gold Corp. Common Shares,$1.75,-0.12,-6.417%,"1,515,327,945"
SID,Companhia Siderurgica Nacional S.A. Common Stock,$1.14,-0.04,-3.39%,"1,511,747,100"
BCAT,BlackRock Capital Allocation Term Trust Common Shares of Beneficial Interest,$13.95,-0.23,-1.622%,"1,508,483,250"
ENR,"Energizer Holdings, Inc. Common Stock",$22.00,-0.35,-1.566%,"1,506,640,014"
LYNX,Lyntris Inc. Common Stock,$12.98,-0.32,-2.406%,"1,505,023,004"
OMCL,"Omnicell, Inc. Common Stock ($0.001 par value)",$32.99,-0.18,-0.543%,"1,504,835,023"
AMSC,American Superconductor Corporation Common Stock,$31.05,-0.19,-0.608%,"1,504,128,540"
ANAB,"AnaptysBio, Inc. Common Stock",$50.77,-3.15,-5.842%,"1,503,222,580"
OMER,Omeros Corporation Common Stock,$20.74,-0.31,-1.473%,"1,501,333,674"
ARDT,"Ardent Health, Inc. Common Stock",$10.64,-0.31,-2.831%,"1,500,728,450"
ICFI,"ICF International, Inc. Common Stock",$83.68,0.10,0.12%,"1,500,707,413"
TV,Grupo Televisa S.A.B. Common Stock,$2.43,-0.05,-2.016%,"1,499,707,548"
DJTWW,Trump Media & Technology Group Corp. Warrants,$5.39,0.09,1.698%,"1,498,103,467"
AVBP,"ArriVent BioPharma, Inc. Common Stock",$30.30,-0.02,-0.066%,"1,494,024,189"
MUC,"Blackrock MuniHoldings California Quality Fund, Inc.  Common Stock",$10.04,-0.07,-0.692%,"1,493,575,209"
AZTA,"Azenta, Inc.",$34.09,-0.19,-0.554%,"1,493,428,117"
PRKS,United Parks & Resorts Inc. Common Stock,$32.81,-0.79,-2.351%,"1,487,648,348"
VISN,"Vistance Networks, Inc. Common Stock",$6.45,-0.03,-0.463%,"1,487,540,357"
GLOB,Globant S.A. Common Shares,$34.45,-0.56,-1.60%,"1,487,535,704"
INBX,"Inhibrx Biosciences, Inc. Common Stock",$100.33,-10.34,-9.343%,"1,476,622,828"
SCL,Stepan Company Common Stock,$64.87,0.49,0.761%,"1,474,659,870"
RVLV,"Revolve Group, Inc. Class A Common Stock",$20.72,-0.78,-3.628%,"1,472,889,902"
ARLO,"Arlo Technologies, Inc. Common Stock",$13.66,0.25,1.864%,"1,469,997,733"
EVCM,EverCommerce Inc. Common Stock,$8.32,0.26,3.226%,"1,469,854,847"
ESQ,"Esquire Financial Holdings, Inc. Common Stock",$121.36,0.31,0.256%,"1,469,012,193"
MBC,"MasterBrand, Inc. Common Stock",$7.21,-0.03,-0.414%,"1,467,166,433"
RARE,Ultragenyx Pharmaceutical Inc. Common Stock,$14.88,-0.735,-4.707%,"1,467,002,430"
TFIN,"Triumph Financial, Inc. Common Stock",$61.37,-0.89,-1.429%,"1,466,407,736"
FOIL,"Londian Wason New Energy Tech Inc. American Depositary Shares, each representing five Ordinary Shares",$18.72,-1.02,-5.167%,"1,463,125,941"
CRSR,"Corsair Gaming, Inc. Common Stock",$13.52,-0.06,-0.442%,"1,462,552,486"
INVA,"Innoviva, Inc. Common Stock",$20.24,-0.74,-3.527%,"1,462,248,616"
GFR,Greenfire Resources Ltd. Common Shares,$6.08,-0.23,-3.645%,"1,461,715,247"
KMPB,Kemper Corporation 5.875% Fixed-Rate Reset Junior Subordinated Debentures due 2062,$24.79,-0.01,-0.04%,"1,460,704,988"
REX,REX American Resources Corporation,$44.01,-0.24,-0.542%,"1,460,059,916"
MYI,"Blackrock MuniYield Quality Fund III, Inc Common Stock",$9.81,-0.19,-1.90%,"1,459,359,841"
HCSG,"Healthcare Services Group, Inc. Common Stock",$21.25,-0.32,-1.484%,"1,458,434,293"
WBTN,WEBTOON Entertainment Inc. Common stock,$10.74,-0.46,-4.107%,"1,457,536,892"
SLVM,Sylvamo Corporation Common Stock,$36.64,-0.23,-0.624%,"1,456,815,304"
JJSF,J & J Snack Foods Corp. Common Stock,$77.93,-0.79,-1.004%,"1,455,857,711"
AAPG,Ascentage Pharma Group International American Depository Shares,$15.58,-0.29,-1.827%,"1,454,089,938"
LKFN,Lakeland Financial Corporation Common Stock,$58.36,-0.89,-1.502%,"1,450,703,542"
DMC,Del Monte Corporation Ordinary Shares,$30.68,-0.88,-2.788%,"1,446,445,968"
ECCV,Eagle Point Credit Company 5.375% Notes due 2029,$23.81,-0.0699,-0.293%,"1,444,374,696"
AESI,Atlas Energy Solutions Inc. Common Stock,$11.52,-0.48,-4.00%,"1,440,039,756"
CSWC,Capital Southwest Corporation Common Stock,$23.15,-0.19,-0.814%,"1,438,557,807"
WOLF,"Wolfspeed, Inc. Common Stock New",$27.14,-0.85,-3.037%,"1,436,535,643"
VZLA,Vizsla Silver Corp. Common Shares,$4.04,-0.26,-6.047%,"1,434,429,763"
BKT,BlackRock Income Trust Inc. (The),$9.61,-0.08,-0.826%,"1,429,607,346"
DMLP,"Dorchester Minerals, L.P. Common Units Representing Limited Partnership Interests",$29.11,0.01,0.034%,"1,429,050,887"
NRP,Natural Resource Partners LP Limited Partnership,$107.58,-2.18,-1.986%,"1,425,479,323"
NVGS,Navigator Holdings Ltd. Ordinary Shares (Marshall Islands),$23.04,-0.52,-2.207%,"1,421,567,332"
AMPX,"Amprius Technologies, Inc. Common Stock",$9.73,-0.25,-2.505%,"1,421,364,413"
AGL,"agilon health, inc. Common Stock",$84.56,-2.28,-2.626%,"1,419,864,718"
MUA,"Blackrock MuniAssets Fund, Inc Common Stock",$9.54,-0.15,-1.548%,"1,419,193,973"
TEN,Tsakos Energy Navigation Ltd Common Shares,$47.00,-1.27,-2.631%,"1,415,997,341"
NCV,Virtus Convertible & Income Fund Common Shares of Beneficial Interest,$15.59,-0.28,-1.764%,"1,408,923,941"
NMAX,"Newsmax, Inc. Class B Common Stock",$10.90,-0.31,-2.765%,"1,407,851,031"
TRS,TriMas Corporation Common Stock,$39.20,0.50,1.292%,"1,406,255,822"
UZF,"Array Digital Infrastructure, Inc. 5.500% Senior Notes due 2070",$16.35,-0.02,-0.122%,"1,406,100,000"
UZE,"Array Digital Infrastructure, Inc. 5.500% Senior Notes due 2070",$16.34,-0.09,-0.548%,"1,405,240,000"
FLNC,"Fluence Energy, Inc. Class A Common Stock",$7.58,0.31,4.264%,"1,399,240,477"
AFGE,"American Financial Group, Inc. 4.500% Subordinated Debentures due 2060",$16.86,0.06,0.357%,"1,398,055,917"
APPS,"Digital Turbine, Inc. Common Stock",$11.54,-0.65,-5.332%,"1,396,527,525"
AMAL,Amalgamated Financial Corp. Common Stock (DE),$46.56,-0.73,-1.544%,"1,392,150,844"
TMP,Tompkins Financial Corporation Common Stock,$96.69,-1.13,-1.155%,"1,390,683,084"
NBR,Nabors Industries Ltd.,$83.02,-0.40,-0.48%,"1,390,119,092"
SVV,"Savers Value Village, Inc. Common Stock",$9.01,-0.25,-2.70%,"1,389,847,776"
BHRB,Burke & Herbert Financial Services Corp. Common Stock,$68.84,-0.61,-0.878%,"1,389,675,352"
HLMN,Hillman Solutions Corp. Common Stock,$7.14,-0.11,-1.517%,"1,389,051,293"
PNTG,"The Pennant Group, Inc. Common Stock ",$39.65,0.24,0.609%,"1,384,937,784"
PAHC,Phibro Animal Health Corporation Class A Common Stock,$34.10,-1.05,-2.987%,"1,384,514,662"
NUTX,Nutex Health Inc. Common Stock,$201.86,-6.96,-3.333%,"1,382,331,830"
ORIC,"Oric Pharmaceuticals, Inc. Common Stock",$13.33,-0.17,-1.259%,"1,381,689,904"
PEBO,Peoples Bancorp Inc. Common Stock,$38.43,-0.41,-1.056%,"1,381,263,165"
ATLC,Atlanticus Holdings Corporation Common Stock,$90.97,-1.08,-1.173%,"1,380,018,357"
XZO,"Exzeo Group, Inc. Common Stock",$15.31,-1.22,-7.381%,"1,379,215,405"
ADNT,Adient plc Ordinary Shares ,$17.88,-0.42,-2.295%,"1,378,493,144"
UFCS,"United Fire Group, Inc. Common Stock",$53.59,-0.09,-0.168%,"1,377,554,476"
MLKN,"MillerKnoll, Inc. Common Stock",$20.04,-0.25,-1.232%,"1,377,410,583"
FCEL,"FuelCell Energy, Inc. Common Stock",$17.18,-0.68,-3.807%,"1,373,613,087"
NAMSW,NewAmsterdam Pharma Company N.V. Warrant,$11.49,UNCH,--,"1,373,482,072"
CNMD,CONMED Corporation Common Stock,$45.80,-0.37,-0.801%,"1,371,767,158"
CNOBP,"ConnectOne Bancorp, Inc. Depositary Shares, each representing a 1/40th interest in a share of 5.25% Fixed-Rate Reset Non-Cumulative Perpetual Preferred Stock, Series A",$25.2501,-0.1399,-0.551%,"1,370,963,775"
WABC,Westamerica Bancorporation Common Stock,$59.23,0.19,0.322%,"1,368,873,592"
FOR,Forestar Group Inc Common Stock ,$26.74,-0.47,-1.727%,"1,364,211,346"
BBAI,"BigBear.ai, Inc. Common Stock",$2.84,-0.05,-1.73%,"1,361,764,360"
CDNL,Cardinal Infrastructure Group Inc. Class A Common Stock,$28.68,-1.43,-4.749%,"1,361,527,332"
EFOR,"Everforth, Inc. Common Stock",$33.15,0.87,2.695%,"1,359,150,000"
KARD,"Kardigan, Inc. Common Stock",$14.52,-1.92,-11.679%,"1,357,673,709"
BCAX,Bicara Therapeutics Inc. Common Stock,$20.485,-2.295,-10.075%,"1,355,552,553"
COUR,"Coursera, Inc. Common Stock",$5.12,-0.02,-0.389%,"1,353,728,000"
CTBI,"Community Trust Bancorp, Inc. Common Stock",$74.40,-0.69,-0.919%,"1,351,695,778"
UAN,"CVR Partners, LP Common Units representing Limited Partner Interests",$127.83,-1.02,-0.792%,"1,351,116,698"
POET,POET Technologies Inc. Common Shares,$7.80,-0.37,-4.529%,"1,349,853,086"
DCH,Dauch Corporation Common Stock,$5.68,-0.23,-3.892%,"1,349,594,139"
ULCC,"Frontier Group Holdings, Inc. Common Stock",$5.84,-0.36,-5.806%,"1,344,460,103"
DRTS,Alpha Tau Medical Ltd. Ordinary Shares,$14.52,-0.62,-4.095%,"1,342,782,796"
BORR,Borr Drilling Limited Common Shares,$4.36,-0.10,-2.242%,"1,341,576,687"
LQDT,"Liquidity Services, Inc. Common Stock",$42.72,-0.21,-0.489%,"1,338,486,721"
TWFG,"TWFG, Inc. Class A Common Stock",$24.71,0.42,1.729%,"1,335,619,830"
GBX,"Greenbrier Companies, Inc. (The) Common Stock",$43.04,UNCH,--,"1,331,644,085"
LTGO,"Latigo Biotherapeutics, Inc. Common Stock",$19.97,-0.85,-4.083%,"1,323,997,960"
YSS,York Space Systems Inc. Common Stock,$9.61,-0.30,-3.027%,"1,320,006,584"
AAT,"American Assets Trust, Inc. Common Stock",$21.49,-0.52,-2.363%,"1,319,576,537"
CERT,"Certara, Inc. Common Stock",$8.64,-0.19,-2.152%,"1,317,935,059"
AVLN,Avalyn Pharma Inc. Common Stock,$29.67,-2.78,-8.567%,"1,315,362,929"
UMH,"UMH Properties, Inc. Common Stock",$15.40,-0.40,-2.532%,"1,314,938,240"
BULLW,Webull Corporation Warrants,$2.43,-0.23,-8.647%,"1,313,378,271"
AMN,AMN Healthcare Services Inc,$33.91,-0.63,-1.824%,"1,313,333,995"
BRUN,Boost Run Inc. Class A Common Stock,$16.51,-0.58,-3.394%,"1,312,337,651"
PRSU,"Pursuit Attractions and Hospitality, Inc. Common Stock",$48.08,0.26,0.544%,"1,310,860,572"
CCEC,Capital Clean Energy Carriers Corp. Common Share,$21.74,0.07,0.323%,"1,310,699,774"
TRAX,"First Tracks Biotherapeutics, Inc. Ordinary Shares ",$36.66,-4.37,-10.651%,"1,309,892,704"
BJRI,"BJ's Restaurants, Inc. Common Stock",$61.54,-0.01,-0.016%,"1,309,187,498"
VSECU,VSE Corporation Tangible Equity Units,$46.61,-1.45,-3.017%,"1,308,108,345"
ODC,Oil-Dri Corporation Of America Common Stock,$90.07,-0.74,-0.815%,"1,304,964,333"
EOSE,"Eos Energy Enterprises, Inc. Class A Common Stock",$3.58,-0.48,-11.823%,"1,303,720,524"
EOSEW,"Eos Energy Enterprises, Inc. Warrant",$3.58,-0.39,-9.824%,"1,303,720,524"
PWP,Perella Weinberg Partners Class A Common Stock,$13.39,0.05,0.375%,"1,302,998,655"
CYD,China Yuchai International Limited Common Stock,$34.60,-0.45,-1.284%,"1,298,133,941"
SHLS,"Shoals Technologies Group, Inc. Class A Common Stock",$7.71,-0.44,-5.399%,"1,297,592,615"
RES,"RPC, Inc. Common Stock",$5.85,0.13,2.273%,"1,296,693,520"
FMBH,"First Mid Bancshares, Inc. Common Stock",$48.71,-0.50,-1.016%,"1,295,779,134"
EYE,"National Vision Holdings, Inc. Common Stock",$16.36,-0.24,-1.446%,"1,293,573,961"
RDWR,Radware Ltd. Ordinary Shares,$30.44,0.80,2.699%,"1,287,824,167"
IMTX,Immatics N.V. Ordinary Shares,$8.60,-0.27,-3.044%,"1,286,832,414"
NSSC,"NAPCO Security Technologies, Inc. Common Stock",$35.96,0.08,0.223%,"1,286,232,995"
PRG,"PROG Holdings, Inc. Common Stock",$32.27,-1.93,-5.643%,"1,285,366,797"
WEN,Wendy's Company (The) Common Stock,$6.73,-0.08,-1.175%,"1,283,208,629"
ARHS,"Arhaus, Inc. Class A Common Stock",$9.02,-0.27,-2.906%,"1,278,600,632"
LSPD,Lightspeed Commerce Inc. Subordinate Voting Shares,$9.59,-0.02,-0.208%,"1,278,485,739"
HBT,"HBT Financial, Inc. Common Stock",$35.11,-0.31,-0.875%,"1,276,796,637"
AFYA,Afya Limited Class A Common Shares,$13.58,0.09,0.667%,"1,272,756,045"
FUN,Six Flags Entertainment Corporation Common Stock New,$12.43,0.13,1.057%,"1,271,791,758"
ASIC,Ategrity Specialty Insurance Company Holdings Common Stock,$26.52,-0.50,-1.85%,"1,271,022,131"
VTOL,"Bristow Group, Inc. Common Stock",$42.81,0.02,0.047%,"1,268,974,020"
ITG,"ITG, Inc. Class A Common Stock",$10.22,-0.80,-7.26%,"1,268,886,778"
SENEB,Seneca Foods Corp. Class B Common Stock,$187.42,-0.80,-0.425%,"1,268,780,360"
OPK,"OPKO Health, Inc. Common Stock",$1.70,-0.03,-1.734%,"1,268,757,983"
WD,"Walker & Dunlop, Inc Common Stock",$36.96,-1.36,-3.549%,"1,268,679,535"
GOLD,"Gold.com, Inc. Common Stock",$43.48,-1.17,-2.62%,"1,267,648,791"
OMDA,"Omada Health, Inc. Common Stock",$20.69,-0.68,-3.182%,"1,266,573,585"
ALX,"Alexander's, Inc. Common Stock",$247.87,-0.53,-0.213%,"1,265,943,972"
LBRX,LB Pharmaceuticals Inc Common Stock,$39.19,-3.50,-8.199%,"1,264,237,068"
DMRA,"Damora Therapeutics, Inc. Ordinary Shares",$20.44,-1.97,-8.791%,"1,261,874,008"
CXM,"Sprinklr, Inc. Class A Common Stock",$5.43,0.05,0.929%,"1,260,690,376"
HROW,"Harrow, Inc. Common Stock",$33.60,-0.85,-2.467%,"1,259,591,760"
HLF,Herbalife Ltd. Common Shares,$11.99,-0.24,-1.962%,"1,256,592,526"
CRON,Cronos Group Inc. Common Share,$3.40,-0.03,-0.875%,"1,252,603,738"
OSBC,"Old Second Bancorp, Inc. Common Stock",$24.55,-0.10,-0.406%,"1,248,998,828"
EPC,Edgewell Personal Care Company Common Stock,$27.08,-0.88,-3.147%,"1,248,087,818"
TBN,Tamboran Resources Corporation Common stock,$35.76,0.34,0.96%,"1,246,465,293"
LUXE,"LuxExperience B.V. American Depositary Shares, each representing one Ordinary Share",$8.92,-0.47,-5.005%,"1,246,122,493"
FMC,FMC Corporation Common Stock,$9.90,-0.67,-6.339%,"1,239,745,706"
WLDN,"Willdan Group, Inc. Common Stock",$81.36,1.47,1.84%,"1,239,282,924"
YSWY,"Yesway, Inc. Class A Common Stock",$19.57,-0.43,-2.15%,"1,236,721,179"
OPY,"Oppenheimer Holdings, Inc. Class A Common Stock (DE)",$115.35,2.41,2.134%,"1,235,168,377"
RYZ,Ryerson Holding Corporation Common Stock,$23.79,-0.38,-1.572%,"1,234,668,955"
CRCT,"Cricut, Inc. Class A Common Stock",$5.89,0.08,1.377%,"1,233,627,610"
USPH,"U.S. Physical Therapy, Inc. Common Stock",$82.65,-0.52,-0.625%,"1,233,360,990"
FLO,"Flowers Foods, Inc. Common Stock",$5.81,-0.07,-1.19%,"1,232,053,599"
INNV,InnovAge Holding Corp. Common Stock,$9.00,-1.655,-15.533%,"1,228,062,825"
XPEL,"XPEL, Inc. Common Stock",$44.52,-1.77,-3.824%,"1,227,449,701"
CNL,Collective Mining Ltd. Common Shares,$13.23,-0.45,-3.289%,"1,226,986,014"
IRS,IRSA Inversiones Y Representaciones S.A. Global Depositary Shares (Each representing ten shares of Common Stock),$15.11,-0.28,-1.819%,"1,225,114,448"
RDVT,"Red Violet, Inc. Common Stock ",$76.20,2.79,3.801%,"1,222,779,495"
REPL,"Replimune Group, Inc. Common Stock",$12.96,-0.51,-3.786%,"1,221,086,457"
DOLE,Dole plc Ordinary Shares,$12.92,-0.28,-2.121%,"1,220,407,786"
TPB,"Turning Point Brands, Inc. Common Stock",$60.50,0.22,0.365%,"1,212,959,781"
SENEA,Seneca Foods Corp. Class A Common Stock,$179.15,-4.66,-2.535%,"1,212,794,801"
NEWP,New Pacific Metals Corp. Common Shares,$6.53,-0.38,-5.499%,"1,211,915,068"
IART,Integra LifeSciences Holdings Corporation Common Stock,$15.53,-0.49,-3.059%,"1,207,807,018"
AMRC,"Ameresco, Inc. Class A Common Stock",$22.73,-1.49,-6.152%,"1,206,194,976"
SLSR,Solaris Resources Inc. Common Shares,$7.22,-0.48,-6.234%,"1,205,995,068"
PICS,PicS N.V. Class A Common Shares,$9.30,-0.26,-2.72%,"1,205,164,150"
WAFDP,"WaFd, Inc. Depositary Shares",$16.28,-0.04,-0.245%,"1,204,642,475"
PUMP,ProPetro Holding Corp. Common Stock,$9.80,-0.23,-2.293%,"1,203,674,387"
LZB,La-Z-Boy Incorporated Common Stock,$30.01,-0.65,-2.12%,"1,201,983,658"
AIIR,Air Global PLC Ordinary Shares,$7.49,UNCH,--,"1,201,295,649"
HLIT,Harmonic Inc. Common Stock,$10.99,-0.30,-2.657%,"1,198,640,231"
MYE,"Myers Industries, Inc. Common Stock",$31.83,0.27,0.856%,"1,197,383,168"
CCO,"Clear Channel Outdoor Holdings, Inc. Common Stock",$2.35,-0.03,-1.261%,"1,196,370,536"
DFIN,"Donnelley Financial Solutions, Inc. Common Stock ",$48.61,0.12,0.247%,"1,195,095,468"
ROCK,"Gibraltar Industries, Inc. Common Stock",$40.24,-2.36,-5.54%,"1,194,479,693"
TE,T1 Energy Inc. Common Stock,$4.04,-0.32,-7.339%,"1,189,685,161"
AIP,"Arteris, Inc. Common Stock",$24.19,-0.59,-2.381%,"1,188,989,347"
ORC,"Orchid Island Capital, Inc. Common Stock",$5.94,-0.18,-2.941%,"1,185,644,422"
UVE,UNIVERSAL INSURANCE HOLDINGS INC Common Stock,$42.47,-0.56,-1.301%,"1,181,955,177"
NHP,"National Healthcare Properties, Inc. Class A Common Stock",$16.18,-0.12,-0.736%,"1,179,600,894"
PSNY,Polestar Automotive Holding UK PLC Class A ADS,$7.18,-0.27,-3.624%,"1,179,531,326"
SCSC,"ScanSource, Inc. Common Stock",$58.485,0.735,1.273%,"1,178,052,360"
LNN,Lindsay Corporation Common Stock,$115.84,0.93,0.809%,"1,177,963,638"
IMPPP,Imperial Petroleum Inc. 8.75% Series A Cumulative Redeemable Perpetual Preferred Shares,$26.00,-0.0999,-0.383%,"1,175,555,108"
TK,Teekay Corporation Ltd. Common Stock,$13.52,-0.24,-1.744%,"1,173,245,753"
SCCD,Sachem Capital Corp. 6.00% Notes due 2026,$24.76,0.04,0.162%,"1,172,195,051"
CLVT,Clarivate Plc Ordinary Shares,$1.83,-0.06,-3.175%,"1,170,585,125"
SCCG,Sachem Capital Corp. 8.00% Notes due 2027,$24.725,-0.125,-0.503%,"1,170,538,071"
SCCE,Sachem Capital Corp. 6.00% Notes due 2027,$24.70,0.0499,0.202%,"1,169,354,514"
BBNX,"Beta Bionics, Inc. Common Stock",$22.19,-0.62,-2.718%,"1,168,122,940"
SCCF,Sachem Capital Corp. 7.125% Notes due 2027,$24.66,0.035,0.142%,"1,167,460,822"
PD,"PagerDuty, Inc. Common Stock",$14.83,0.35,2.417%,"1,166,377,617"
MBINM,"Merchants Bancorp Depositary Shares, Each Representing a 1/40th Interest in a Share of 8.25% Fixed-Rate Reset Series D Non-Cumulative Perpetual Preferred Stock",$25.37,0.08,0.316%,"1,165,448,963"
CLBK,"Columbia Financial, Inc. Common Stock",$11.18,-0.20,-1.757%,"1,163,250,703"
PSEC,Prospect Capital Corporation Common Stock,$2.17,-0.03,-1.364%,"1,158,382,562"
BRAI,Braiin Limited Common Stock,$5.62,-0.03,-0.531%,"1,158,215,841"
HZO,"MarineMax, Inc.  (FL) Common Stock",$52.42,0.01,0.019%,"1,157,787,225"
GIII,"G-III Apparel Group, LTD. Common Stock",$26.94,-1.28,-4.536%,"1,155,093,126"
MUX,McEwen Inc. Common Stock,$18.82,-1.27,-6.322%,"1,154,768,212"
GNK,Genco Shipping & Trading Limited Ordinary Shares New (Marshall Islands),$26.44,-0.29,-1.085%,"1,152,429,836"
AZUL,"Azul S.A. American Depositary Shares, each representing two (2) Common Shares",$6.25,-0.37,-5.589%,"1,151,743,513"
LADR,Ladder Capital Corp Class A Common Stock,$9.07,-0.34,-3.613%,"1,150,668,298"
WLFC,Willis Lease Finance Corporation Common Stock,$54.38,-0.51,-0.929%,"1,149,816,756"
AORT,"Artivion, Inc. Common Stock",$23.53,-0.60,-2.487%,"1,147,233,880"
VOR,Vor Biopharma Inc. Common Stock,$19.37,-2.63,-11.955%,"1,145,973,635"
PDM,"Piedmont Realty Trust, Inc. Class A Common Stock",$9.15,-0.22,-2.348%,"1,144,965,349"
BVS,Bioventus Inc. Class A Common Stock,$13.61,-0.04,-0.293%,"1,144,490,487"
HFWA,Heritage Financial Corporation Common Stock,$27.95,-0.27,-0.957%,"1,143,589,846"
CDRE,"Cadre Holdings, Inc. Common Stock",$26.70,-0.18,-0.67%,"1,143,313,598"
UVSP,Univest Financial Corporation Common Stock,$41.41,-0.43,-1.028%,"1,142,119,603"
SGML,Sigma Lithium Corporation Common Shares,$10.14,-0.44,-4.159%,"1,141,442,694"
TNDM,"Tandem Diabetes Care, Inc. Common Stock",$16.38,-1.12,-6.40%,"1,139,699,221"
SPTX,"Seaport Therapeutics, Inc. Common Stock",$21.29,-1.10,-4.913%,"1,139,665,410"
MMI,"Marcus & Millichap, Inc. Common Stock",$30.07,-0.86,-2.78%,"1,138,781,060"
GTM,ZoomInfo Technologies Inc Common Stock,$3.90,0.02,0.515%,"1,135,329,179"
CRML,Critical Metals Corp. Ordinary Shares,$7.72,-0.82,-9.602%,"1,133,981,173"
UMAC,"Unusual Machines, Inc. Common Stock",$22.69,-1.34,-5.576%,"1,133,513,098"
GDRX,"GoodRx Holdings, Inc. Class A Common Stock",$3.32,-0.12,-3.488%,"1,132,602,688"
ECVT,Ecovyst Inc. Common Stock,$10.33,-0.12,-1.148%,"1,130,808,551"
LGIH,"LGI Homes, Inc. Common Stock",$48.60,-3.605,-6.905%,"1,129,866,019"
MGTX,MeiraGTx Holdings plc Ordinary Shares,$11.75,-0.60,-4.858%,"1,128,505,203"
UTI,Universal Technical Institute Inc Common Stock,$20.42,0.01,0.049%,"1,125,044,617"
TNC,Tennant Company Common Stock,$65.95,-0.77,-1.154%,"1,124,401,533"
AMTB,Amerant Bancorp Inc. Class A Common Stock,$28.69,-0.50,-1.713%,"1,124,357,026"
NCZ,Virtus Convertible & Income Fund II Common Shares of Beneficial Interest,$14.73,-0.30,-1.996%,"1,121,184,983"
HBNB,Hotel101 Global Holdings Corp. Class A Ordinary Shares,$4.7831,0.073,1.55%,"1,119,400,305"
GENVR,Gen Digital Inc. Contingent Value Rights,$1.87,-0.63,-25.20%,"1,119,357,750"
LFMDP,"LifeMD, Inc. 8.875% Series A Cumulative Perpetual Preferred Stock",$23.2142,-0.1358,-0.582%,"1,118,943,870"
BOW,Bowhead Specialty Holdings Inc. Common Stock,$33.84,-0.02,-0.059%,"1,114,791,289"
REAL,"The RealReal, Inc. Common Stock",$9.155,-0.745,-7.525%,"1,113,899,058"
TDOC,"Teladoc Health, Inc. Common Stock",$6.13,-0.22,-3.465%,"1,113,723,049"
AVO,"Mission Produce, Inc. Common Stock",$12.70,0.04,0.316%,"1,113,515,731"
MBINL,"Merchants Bancorp Depositary Shares, Each Representing a 1/40thInterest in a Share of 7.25% Fixed Rate Series E Non-CumulativePerpetual Preferred Stock, without par value",$24.15,-0.03,-0.124%,"1,109,404,511"
HSLV,Highlander Silver Corp. Common Shares,$5.45,-0.38,-6.518%,"1,109,202,628"
GO,Grocery Outlet Holding Corp. Common Stock,$11.16,-0.33,-2.872%,"1,105,782,931"
SPH,"Suburban Propane Partners, L.P. Common Stock",$16.57,-0.25,-1.486%,"1,105,424,253"
IRMD,iRadimed Corporation Common Stock,$86.35,-0.16,-0.185%,"1,104,156,673"
LOMA,Loma Negra Compania Industrial Argentina Sociedad Anonima ADS,$9.46,-0.13,-1.356%,"1,103,950,120"
FTK,"Flotek Industries, Inc. Common Stock",$30.43,-0.43,-1.393%,"1,102,187,654"
KYIVW,Kyivstar Group Ltd. Warrant,$4.75,-0.155,-3.16%,"1,101,352,214"
MLTX,MoonLake Immunotherapeutics Class A Ordinary Shares,$12.90,-0.48,-3.587%,"1,097,876,237"
AKTS,"Aktis Oncology, Inc. Common stock",$19.72,-2.39,-10.81%,"1,096,816,520"
JCAP,"Jefferson Capital, Inc. Common Stock",$19.08,-0.81,-4.072%,"1,095,679,227"
BST,BlackRock Science and Technology Trust Common Shares of Beneficial Interest,$49.43,-0.58,-1.16%,"1,095,261,537"
DLX,Deluxe Corporation Common Stock,$23.88,0.07,0.294%,"1,095,048,205"
CRI,"Carter's, Inc. Common Stock",$29.77,-1.09,-3.532%,"1,092,891,977"
CFFN,"Capitol Federal Financial, Inc. Common Stock",$8.69,-0.14,-1.586%,"1,092,318,079"
PCTTU,"PureCycle Technologies, Inc. Unit",$5.42,UNCH,--,"1,088,904,070"
MCB,Metropolitan Bank Holding Corp. Common Stock,$87.73,-0.63,-0.713%,"1,087,657,064"
CGEM,"Cullinan Therapeutics, Inc. Common Stock",$16.87,-4.80,-22.15%,"1,085,663,688"
GSBD,"Goldman Sachs BDC, Inc. Common Stock",$9.64,-0.09,-0.925%,"1,085,165,806"
THRM,Gentherm Inc Common Stock,$35.25,-1.47,-4.003%,"1,082,362,424"
PSIX,"Power Solutions International, Inc. Common Stock",$46.88,0.47,1.013%,"1,081,308,296"
ANRO,"Alto Neuroscience, Inc. Common Stock",$27.50,-3.28,-10.656%,"1,079,157,860"
GOODN,Gladstone Commercial Corporation 6.625% Series E Cumulative Redeemable Preferred Stock,$22.2713,0.0213,0.096%,"1,078,097,977"
MRTN,"Marten Transport, Ltd. Common Stock",$13.17,-0.17,-1.274%,"1,075,484,181"
DEA,"Easterly Government Properties, Inc. Common Stock",$22.70,-0.62,-2.659%,"1,074,200,706"
MNKD,MannKind Corporation Common Stock,$3.34,-0.15,-4.298%,"1,073,958,577"
OCSL,Oaktree Specialty Lending Corporation Common Stock,$12.16,-0.21,-1.698%,"1,071,119,960"
DEC,Diversified Energy Company Common Stock,$13.89,-0.01,-0.072%,"1,066,144,882"
UVV,Universal Corporation Common Stock,$42.81,-0.67,-1.541%,"1,065,937,192"
CSTL,"Castle Biosciences, Inc. Common Stock",$34.88,0.03,0.086%,"1,065,566,804"
FSBC,Five Star Bancorp Common Stock,$43.40,-0.77,-1.743%,"1,064,889,048"
CBRL,"Cracker Barrel Old Country Store, Inc Common Stock",$47.52,2.04,4.485%,"1,062,141,379"
AMPH,"Amphastar Pharmaceuticals, Inc. Common Stock",$24.96,0.64,2.632%,"1,061,747,082"
TUYA,"Tuya Inc. American Depositary Shares, each representing one Class A Ordinary Share",$1.73,-0.05,-2.809%,"1,060,984,960"
AEVA,"Aeva Technologies, Inc. Common Stock",$15.22,-0.19,-1.233%,"1,060,921,637"
GPRE,Green Plains Inc. Common Stock,$15.11,0.04,0.265%,"1,059,140,406"
KRT,Karat Packaging Inc. Common Stock,$53.05,0.85,1.628%,"1,057,377,799"
LU,"Lufax Holding Ltd American Depositary Shares, each representing two (2) Ordinary Shares",$1.22,0.07,6.087%,"1,057,360,448"
HTFC,Horizon Technology Finance Corporation 6.25% Notes due 2027,$24.81,-0.1692,-0.677%,"1,055,559,288"
ETW,Eaton Vance Corporation Eaton Vance Tax-Managed Global Buy-Write Opportunites Fund Common Shares of Beneficial Interest,$9.63,-0.06,-0.619%,"1,055,426,679"
CRVS,"Corvus Pharmaceuticals, Inc. Common Stock",$12.54,-0.90,-6.696%,"1,054,876,638"
SBR,Sabine Royalty Trust Common Stock,$72.33,-0.04,-0.055%,"1,054,524,024"
DFH,"Dream Finders Homes, Inc. Class A Common Stock",$11.63,-0.63,-5.139%,"1,052,923,422"
LAC,Lithium Americas Corp. Common Shares,$2.90,-0.10,-3.333%,"1,052,824,535"
ENOV,Enovis Corporation Common Stock,$18.24,-0.15,-0.816%,"1,051,891,571"
FUBO,FuboTV Inc. Class A Common Stock,$9.63,-0.50,-4.936%,"1,051,565,136"
IGIC,International General Insurance Holdings Ltd. Ordinary Share,$24.49,-0.36,-1.449%,"1,049,205,870"
NBN,Northeast Bank Common Stock,$129.01,-2.85,-2.161%,"1,048,851,300"
WINA,Winmark Corporation Common Stock,$291.26,-2.66,-0.905%,"1,046,255,143"
FSCO,FS Credit Opportunities Corp. Common Stock,$5.27,-0.25,-4.529%,"1,045,335,593"
CPAC,Cementos Pacasmayo S.A.A. American Depositary Shares (Each representing five Common Shares),$12.31,-0.08,-0.646%,"1,043,564,124"
BCX,BlackRock Resources Common Shares of Beneficial Interest,$12.29,-0.09,-0.727%,"1,042,904,943"
NPK,"National Presto Industries, Inc. Common Stock",$146.07,-4.88,-3.233%,"1,042,365,307"
ITRN,Ituran Location and Control Ltd. Ordinary Shares,$52.39,-0.21,-0.399%,"1,042,224,656"
PDS,Precision Drilling Corporation Common Stock,$82.67,-0.66,-0.792%,"1,040,606,145"
DCBG,"Dime Commercial Bancshares, Inc. 9.000% Junior Subordinated Notes",$26.57,UNCH,--,"1,040,179,285"
ASA,ASA  Gold and Precious Metals Limited,$57.09,-2.44,-4.099%,"1,040,005,276"
PRCT,PROCEPT BioRobotics Corporation Common Stock,$18.09,-0.34,-1.845%,"1,036,080,491"
PCT,"PureCycle Technologies, Inc. Common stock",$5.15,-0.44,-7.871%,"1,034,659,772"
RXT,"Rackspace Technology, Inc. Common Stock",$4.05,-0.08,-1.937%,"1,032,235,043"
GHM,Graham Corporation Common Stock,$87.80,0.86,0.989%,"1,030,511,497"
AEF,"abrdn Emerging Markets ex-China Fund, Inc. Common Stock",$9.59,-0.24,-2.442%,"1,029,606,375"
SVRA,Savara Inc. Common Stock,$5.00,-0.30,-5.66%,"1,027,300,075"
EDN,Empresa Distribuidora Y Comercializadora Norte S.A. (Edenor) American Depositary Shares,$22.69,-0.59,-2.534%,"1,026,561,900"
SVREW,SaverOne 2014 Ltd. Warrant,$0.0095,UNCH,--,"1,025,932,415"
ASM,Avino Silver & Gold Mines Ltd. Common Shares (Canada),$6.04,-0.45,-6.934%,"1,025,925,837"
QMCO,Quantum Corporation Common Stock,$25.97,0.32,1.248%,"1,023,477,726"
HQH,abrdn Healthcare Investors Shares of Beneficial Interest,$21.60,-0.43,-1.952%,"1,022,624,482"
UPWK,Upwork Inc. Common Stock,$8.18,-0.17,-2.036%,"1,021,709,526"
BTZ,BlackRock Credit Allocation Income Trust,$9.43,-0.16,-1.668%,"1,019,713,050"
CRAI,"CRA International, Inc. Common Stock",$162.02,3.28,2.066%,"1,016,976,857"
DSL,DoubleLine Income Solutions Fund Common Shares of Beneficial Interests,$9.97,-0.13,-1.287%,"1,016,908,375"
GLUE,"Monte Rosa Therapeutics, Inc. Common Stock",$11.89,-0.71,-5.635%,"1,014,376,338"
MBWM,Mercantile Bank Corporation Common Stock,$58.68,-0.44,-0.744%,"1,014,338,314"
ANL,Adlai Nortye Group Ltd. American Depositary Shares,$15.75,-0.85,-5.12%,"1,014,267,524"
MSEX,Middlesex Water Company Common Stock,$53.65,-1.27,-2.312%,"1,010,977,703"
ODD,ODDITY Tech Ltd. Class A Ordinary Shares,$17.83,-0.95,-5.059%,"1,010,188,694"
JANX,"Janux Therapeutics, Inc. Common Stock",$16.52,-0.95,-5.438%,"1,009,979,490"
PSUS,"Pershing Square USA, Ltd. Common Shares",$38.55,-0.64,-1.633%,"1,008,082,500"
RCAT,"Red Cat Holdings, Inc. Common Stock",$6.59,-0.35,-5.043%,"1,006,387,646"
XIFR,"XPLR Infrastructure, LP Common Units representing limited partner interests",$10.67,-0.15,-1.386%,"1,005,890,723"
TRUP,"Trupanion, Inc. Common Stock",$22.88,-0.75,-3.174%,"1,003,805,340"
VMET,Versamet Royalties Corporation Common Stock,$9.22,-0.59,-6.014%,"1,003,408,055"
HPK,"HighPeak Energy, Inc. Common Stock",$7.89,0.10,1.284%,"997,712,624"
ODTX,"Odyssey Therapeutics, Inc. Common Stock",$20.76,-2.58,-11.054%,"997,695,021"
SIFY,Sify Technologies Limited American Depositary Shares,$13.73,-0.24,-1.718%,"994,527,264"
NPKI,NPK International Inc. Common Stock,$11.71,-0.03,-0.256%,"994,294,859"
STAA,STAAR Surgical Company Common Stock,$19.80,-0.85,-4.116%,"992,850,883"
LZ,"LegalZoom.com, Inc. Common Stock",$5.79,-0.12,-2.03%,"991,623,261"
RUMBW,RUM Group Inc. Warrant,$2.00,-0.10,-4.762%,"991,620,388"
MCBS,"MetroCity Bankshares, Inc. Common Stock",$34.45,-0.65,-1.852%,"991,513,339"
CCNE,CNB Financial Corporation Common Stock,$33.43,-0.29,-0.86%,"990,226,186"
BW,"Babcock & Wilcox Enterprises, Inc. Common Stock",$6.64,-0.70,-9.537%,"989,128,038"
NWPX,"NWPX Infrastructure, Inc. Common Stock",$102.62,-0.71,-0.687%,"988,969,669"
BFST,"Business First Bancshares, Inc. Common Stock",$30.35,-0.32,-1.043%,"987,888,949"
VYX,NCR Voyix Corporation Common Stock,$7.13,-0.27,-3.649%,"984,438,373"
EQBK,"Equity Bancshares, Inc. Class A Common Stock",$47.80,-0.76,-1.565%,"984,321,022"
HRTG,"Heritage Insurance Holdings, Inc. Common Stock",$33.07,-0.43,-1.284%,"983,250,997"
KURA,"Kura Oncology, Inc. Common Stock",$11.04,-0.69,-5.882%,"982,125,234"
RHLD,Resolute Holdings Management Common Stock ,$125.59,1.51,1.217%,"982,062,936"
PCRX,"Pacira BioSciences, Inc. Common Stock",$24.63,-0.07,-0.283%,"981,798,252"
BRBR,"BellRing Brands, Inc. Common Stock ",$8.44,-0.55,-6.118%,"981,387,957"
NBBK,"NB Bancorp, Inc. Common Stock",$22.39,-0.39,-1.712%,"981,095,991"
GOODO,"Gladstone Commercial Corporation 6.00% Series G Cumulative Redeemable Preferred Stock, par value $0.001 per share",$20.1946,0.0096,0.048%,"977,570,120"
HBNC,"Horizon Bancorp, Inc. Common Stock",$19.02,-0.16,-0.834%,"976,572,751"
IQ,"iQIYI, Inc. American Depositary Shares",$1.01,-0.02,-1.942%,"974,674,982"
PTA,Cohen & Steers Tax-Advantaged Preferred Securities and Income Fund Common Shares of Beneficial Interest,$17.63,-0.28,-1.563%,"974,471,047"
LMRI,"Lumexa Imaging Holdings, Inc. Common Stock",$10.14,-0.38,-3.612%,"974,200,257"
CMP,Compass Minerals Intl Inc Common Stock,$23.20,-0.60,-2.521%,"973,956,277"
RSKD,Riskified Ltd. Class A Ordinary Shares,$7.14,0.13,1.854%,"970,798,725"
KRO,Kronos Worldwide Inc Common Stock,$8.43,-0.15,-1.748%,"970,272,060"
OIG,Orion180 Insurance Group Inc. Class A common stock,$9.75,-0.75,-7.143%,"965,566,407"
ALMS,Alumis Inc. Common Stock,$7.44,-0.67,-8.261%,"962,998,178"
YELP,Yelp Inc. Common Stock,$17.73,-1.23,-6.487%,"962,094,000"
BXBL,"BOXABL, Inc. Common stock",$3.98,-0.22,-5.238%,"961,143,505"
ABUS,Arbutus Biopharma Corporation Common Stock,$4.85,-0.16,-3.194%,"959,562,000"
SB,"Safe Bulkers, Inc Common Stock ($0.001 par value)",$8.37,-0.11,-1.297%,"956,228,825"
IBTA,"Ibotta, Inc. Class A Common Stock",$41.21,0.57,1.403%,"954,819,793"
ASTE,"Astec Industries, Inc. Common Stock",$41.38,-0.90,-2.129%,"952,789,686"
CAC,Camden National Corporation Common Stock,$56.35,-0.51,-0.897%,"952,148,711"
BTGO,"BitGo Holdings, Inc. Class A Common Stock",$8.10,-0.18,-2.174%,"952,119,538"
FEIM,"Frequency Electronics, Inc. Common Stock",$84.22,-0.83,-0.976%,"949,436,231"
FET,"Forum Energy Technologies, Inc. Common Stock",$82.68,1.73,2.137%,"948,562,753"
LAR,Lithium Argentina AG Common Shares,$5.78,-0.29,-4.778%,"948,498,000"
CEVA,"CEVA, Inc. Common Stock",$33.62,0.26,0.779%,"946,539,901"
GLIBK,Liberty Capital Corporation Series C GCI Group Common Stock,$23.70,-0.71,-2.909%,"945,748,358"
TRST,TrustCo Bank Corp NY Common Stock,$55.54,-0.42,-0.751%,"945,720,680"
KODK,Eastman Kodak Company Common New,$9.66,-0.01,-0.103%,"945,714,000"
OBX,"Obsidian Therapeutics, Inc. Common Stock",$15.26,-1.74,-10.235%,"942,654,088"
PXED,"Phoenix Education Partners, Inc. Common Stock",$26.15,-0.16,-0.608%,"942,638,882"
TRIP,"TripAdvisor, Inc. Common Stock",$8.04,-0.51,-5.965%,"942,282,710"
SGP,"SpyGlass Pharma, Inc. Common Stock",$28.16,-0.53,-1.847%,"941,895,089"
BV,"BrightView Holdings, Inc. Common Stock",$10.14,-0.53,-4.967%,"938,964,000"
MTA,Metalla Royalty & Streaming Ltd. Common Shares,$10.04,-0.36,-3.462%,"938,698,575"
TDAY,"USA TODAY Co., Inc. Common Stock",$6.39,-0.17,-2.591%,"938,166,643"
RNP,"Cohen & Steers REIT and Preferred and Income Fund, Inc. Common Shares",$19.06,-0.37,-1.904%,"936,582,250"
HAFC,Hanmi Financial Corporation Common Stock,$31.58,-0.40,-1.251%,"936,323,473"
APMD,"Apnimed, Inc. Common Stock",$22.49,-3.02,-11.838%,"936,276,220"
JBIO,"Jade Biosciences, Inc. Common Stock",$14.71,-2.05,-12.232%,"935,517,563"
RMIX,"Suncrete, Inc. Class A Common Stock",$12.73,-0.69,-5.142%,"935,474,667"
GLIBA,Liberty Capital Corporation Series A GCI Group Common Stock,$23.44,-0.90,-3.698%,"935,373,059"
CPF,Central Pacific Financial Corp New,$36.32,-0.44,-1.197%,"935,146,730"
AGBK,AGI Inc Class A Common Shares,$5.83,-0.21,-3.477%,"933,587,470"
OI,"O-I Glass, Inc. Common Stock",$6.07,-0.12,-1.939%,"932,714,664"
KFRC,"Kforce, Inc. Common Stock",$52.07,0.08,0.154%,"932,521,630"
UPBD,"Upbound Group, Inc. Common Stock",$15.99,-0.79,-4.708%,"932,207,486"
SLBT,SL Science Holding Limited Ordinary Shares,$1.66,-0.02,-1.19%,"930,861,197"
SBGI,"Sinclair, Inc. Class A Common Stock",$12.87,-0.30,-2.278%,"930,733,432"
VPG,"Vishay Precision Group, Inc. Common Stock",$69.83,-0.08,-0.114%,"930,165,627"
JMIA,"Jumia Technologies AG American Depositary Shares, each representing two Ordinary Shares",$6.94,-0.08,-1.14%,"927,363,337"
UTL,UNITIL Corporation Common Stock,$50.85,-0.79,-1.53%,"927,334,873"
QFIN,"Qfin Holdings, Inc. American Depositary Shares",$7.61,-0.26,-3.304%,"926,531,837"
CSR,D/B/A Centerspace Common Stock,$55.08,-0.86,-1.537%,"925,021,837"
GAINZ,Gladstone Investment Corporation 4.875% Notes due 2028,$24.195,-0.04,-0.165%,"924,714,270"
HIVE,HIVE Digital Technologies Ltd. Common Shares,$3.37,-0.17,-4.802%,"924,314,629"
SANA,"Sana Biotechnology, Inc. Common Stock",$3.08,-0.25,-7.508%,"922,030,762"
NXDR,"Nextdoor Holdings, Inc. Class A Common Stock",$2.38,-0.12,-4.80%,"920,699,197"
AIZN,"Assurant, Inc. 5.25% Subordinated Notes due 2061",$18.22,0.03,0.165%,"919,366,824"
SG,"Sweetgreen, Inc. Class A Common Stock",$7.71,0.04,0.522%,"917,808,539"
LXRX,"Lexicon Pharmaceuticals, Inc. Common Stock",$2.06,-0.12,-5.505%,"916,609,224"
SBSI,"Southside Bancshares, Inc. Common Stock",$30.71,-0.46,-1.476%,"915,403,066"
BHFAL,"Brighthouse Financial, Inc. 6.25% Junior Subordinated Debentures due 2058",$15.90,0.30,1.923%,"914,433,852"
SAFE,Safehold Inc. New Common Stock ,$12.91,-0.54,-4.015%,"914,238,175"
NNE,Nano Nuclear Energy Inc. Common Stock,$17.01,-0.31,-1.79%,"913,405,463"
RZLV,Rezolve AI PLC Ordinary Shares,$2.28,-0.06,-2.564%,"912,893,226"
BKSY,BlackSky Technology Inc. Class A Common Stock,$22.25,-0.94,-4.053%,"910,577,824"
PLOW,"Douglas Dynamics, Inc. Common Stock",$39.45,-0.44,-1.103%,"910,389,465"
REPX,"Riley Exploration Permian, Inc. Common Stock",$41.07,0.87,2.164%,"909,855,950"
RWAYL,Runway Growth Finance Corp. 7.50% Notes due 2027,$25.115,-0.005,-0.02%,"909,580,713"
MPB,Mid Penn Bancorp Common Stock,$35.90,-0.58,-1.59%,"909,534,219"
NX,Quanex Building Products Corporation Common Stock,$19.83,-0.83,-4.017%,"908,733,705"
DJCO,Daily Journal Corp. (S.C.) Common Stock,$659.40,2.39,0.364%,"908,621,549"
SIGIP,"Selective Insurance Group, Inc. Depositary Shares, each representing a 1/1,000th interest in a share of 4.60% Non-Cumulative Preferred Stock, Series B",$15.252,-0.088,-0.574%,"908,548,203"
FRBT,"Forbright, Inc. Class A Common Stock",$17.87,-0.52,-2.828%,"907,159,471"
BBDC,"Barings BDC, Inc. Common Stock",$8.66,-0.10,-1.142%,"906,761,615"
PSF,"Cohen & Steers Select Preferred and Income Fund, Inc. Common Stock",$18.45,-0.235,-1.258%,"906,607,687"
CBLL,"CeriBell, Inc. Common Stock",$23.62,-0.63,-2.598%,"906,490,746"
ANGX,"Angel Studios, Inc. Class A Common Stock",$4.85,-0.25,-4.902%,"905,768,147"
KOPN,Kopin Corporation Common Stock,$4.87,-0.07,-1.417%,"905,199,630"
PDX,PIMCO Dynamic Income Strategy Fund Common Shares of Beneficial Interest,$20.21,-0.19,-0.931%,"903,528,470"
HTLD,"Heartland Express, Inc. Common Stock",$11.68,-0.15,-1.268%,"903,244,896"
BANFP,BancFirst Corporation - BFC Capital Trust II Cumulative Trust Preferred Securities,$26.86,-0.39,-1.431%,"902,462,291"
CRESY,Cresud S.A.C.I.F. y A. American Depositary Shares,$12.71,0.31,2.50%,"901,459,241"
MBINN,Merchants Bancorp Depositary Shares Preferred Series C,$19.61,-0.09,-0.457%,"900,845,651"
HEPS,D-Market Electronic Services & Trading American Depositary Shares,$2.52,-0.04,-1.563%,"900,207,504"
AEBI,Aebi Schmidt Holding AG Common Stock ,$11.60,-0.41,-3.414%,"900,152,854"
CIM,Chimera Investment Corporation Common Stock,$10.75,-0.40,-3.587%,"899,902,044"
ACEL,"Accel Entertainment, Inc. ",$11.08,-0.11,-0.983%,"899,623,703"
FMNB,Farmers National Banc Corp. Common Stock,$15.18,-0.14,-0.914%,"899,378,143"
RIGL,"Rigel Pharmaceuticals, Inc. Common Stock",$48.13,-0.69,-1.413%,"899,061,854"
DC,Dakota Gold Corp. Common Stock,$6.64,-0.26,-3.768%,"890,908,660"
BZH,"Beazer Homes USA, Inc. Common Stock",$33.35,-0.01,-0.03%,"889,765,427"
THFF,First Financial Corporation Common Stock,$74.50,-1.22,-1.611%,"885,946,252"
CYRX,"CryoPort, Inc. Common Stock",$17.49,-0.08,-0.455%,"885,852,759"
BUUU,BUUU Group Limited Class A Ordinary Share,$46.975,-1.215,-2.521%,"885,361,313"
FMN,Federated Hermes Premier Municipal Income Fund,$10.26,-0.16,-1.536%,"884,974,761"
FCBC,"First Community Bankshares, Inc. (VA) Common Stock",$46.76,-0.51,-1.079%,"884,246,984"
TTI,"Tetra Technologies, Inc. Common Stock",$5.97,-0.05,-0.831%,"883,994,491"
EVLV,"Evolv Technologies Holdings, Inc. Class A Common Stock",$4.88,-0.03,-0.611%,"883,895,592"
SABR,Sabre Corporation Common Stock,$2.19,-0.08,-3.524%,"883,847,239"
RPD,"Rapid7, Inc. Common Stock",$13.09,0.24,1.868%,"882,274,378"
MAKO,Mako Mining Corp Common Stock,$10.07,-0.33,-3.173%,"882,191,504"
HSTM,"HealthStream, Inc. Common Stock",$28.76,-0.25,-0.862%,"879,937,710"
RJET,Republic Airways Holdings Inc. Common Stock,$18.72,-0.56,-2.905%,"876,461,040"
KOP,Koppers Holdings Inc. Common Stock,$46.26,0.16,0.347%,"874,849,136"
RERE,ATRenew Inc. American Depositary Shares (every three of which representing two Class A ordinary shares),$3.98,-0.05,-1.241%,"872,674,684"
NNNN,Anbio Biotechnology Class A Ordinary Shares,$6.06,0.48,8.602%,"871,980,672"
BLZE,"Backblaze, Inc. Class A Common Stock",$14.06,-0.24,-1.678%,"870,314,000"
ARDX,"Ardelyx, Inc. Common Stock",$3.48,-0.14,-3.867%,"867,172,751"
CVLG,"Covenant Logistics Group, Inc. Class A Common Stock",$34.15,-0.19,-0.553%,"866,651,119"
CADL,"Candel Therapeutics, Inc. Common Stock",$11.29,-0.56,-4.726%,"863,894,599"
KBDC,"Kayne Anderson BDC, Inc. Common Stock",$13.08,-0.06,-0.457%,"863,774,555"
SLDB,Solid Biosciences Inc. Common Stock,$8.02,-0.90,-10.09%,"859,946,409"
LANDP,Gladstone Land Corporation 6.00% Series C Cumulative Redeemable Preferred Stock,$19.93,0.04,0.201%,"859,711,900"
NAVI,Navient Corporation Common Stock,$9.16,-0.32,-3.376%,"859,059,864"
EIG,Employers Holdings Inc Common Stock,$47.79,-0.43,-0.892%,"858,332,582"
LANDO,Gladstone Land Corporation 6.00% Series B Cumulative Redeemable Preferred Stock,$19.89,-0.05,-0.251%,"857,986,437"
TBLA,Taboola.com Ltd. Ordinary Shares,$3.40,-0.18,-5.028%,"857,193,564"
MCS,Marcus Corporation (The) Common Stock,$27.80,-0.01,-0.036%,"857,134,020"
AIO,Virtus Artificial Intelligence & Technology Opportunities Fund Common Shares of Beneficial Interest,$24.95,-0.42,-1.655%,"856,807,251"
EGBN,"Eagle Bancorp, Inc. Common Stock",$28.06,0.04,0.143%,"855,380,282"
CODI,D/B/A Compass Diversified Holdings Shares of Beneficial Interest,$11.35,0.02,0.177%,"853,928,214"
SMBK,"SmartFinancial, Inc. Common Stock",$49.92,-1.01,-1.983%,"853,555,772"
IMMX,"Immix Biopharma, Inc. Common Stock",$11.92,-0.91,-7.093%,"852,748,623"
RPC,"Ridgepost Capital, Inc. Class A Common Stock",$7.72,-0.20,-2.525%,"851,040,757"
GSBC,"Great Southern Bancorp, Inc. Common Stock",$78.01,-0.41,-0.523%,"850,114,521"
HSHP,Himalaya Shipping Ltd. Common Shares,$18.18,0.04,0.221%,"849,915,000"
DAKT,"Daktronics, Inc. Common Stock",$17.65,-0.33,-1.835%,"848,835,273"
SMPL,The Simply Good Foods Company Common Stock,$9.59,-0.42,-4.196%,"848,336,627"
SVC,Service Properties Trust Common Shares of Beneficial Interest,$6.55,-0.19,-2.819%,"848,287,146"
VRTS,"Virtus Investment Partners, Inc. Common Stock",$128.00,-2.31,-1.773%,"847,704,320"
SATL,Satellogic Inc. Class A Common Stock,$5.51,-0.23,-4.007%,"847,106,910"
ATTO,"Attovia Therapeutics, Inc. Common Stock",$18.52,-2.31,-11.09%,"845,461,372"
ACDC,ProFrac Holding Corp. Class A Common Stock,$4.64,-0.08,-1.695%,"845,049,616"
SXC,"SunCoke Energy, Inc. Common Stock",$9.95,0.12,1.221%,"844,504,758"
TIGR,UP Fintech Holding Ltd American Depositary Share representing fifteen Class A Ordinary Shares,$4.71,-0.17,-3.484%,"841,680,113"
MFA,"MFA Financial, Inc.",$8.32,-0.24,-2.804%,"841,051,644"
PLTK,Playtika Holding Corp. Common Stock,$2.20,-0.12,-5.172%,"839,120,009"
MTAL,Metals Acquisition Corp. II Class A Ordinary Shares,$10.17,0.01,0.098%,"838,638,886"
BHFAO,"Brighthouse Financial, Inc. Depositary Shares 6.75% Non-Cumulative Preferred Stock, Series B",$14.58,0.47,3.331%,"838,518,589"
AOSL,Alpha and Omega Semiconductor Limited Common Shares,$27.71,-0.57,-2.016%,"838,483,956"
CAPL,CrossAmerica Partners LP Common Units representing limited partner interests,$21.93,-0.02,-0.091%,"837,139,482"
TRNS,"Transcat, Inc. Common Stock",$89.05,-2.78,-3.027%,"836,027,581"
CCBG,Capital City Bank Group Common Stock,$48.75,-0.98,-1.971%,"834,273,229"
BUR,Burford Capital Limited Ordinary Shares,$3.81,-0.29,-7.073%,"833,672,162"
SIBN,"SI-BONE, Inc. Common Stock",$18.60,-0.21,-1.116%,"833,625,495"
SMP,"Standard Motor Products, Inc. Common Stock",$37.31,-0.38,-1.008%,"833,516,332"
YALA,"Yalla Group Limited American Depositary Shares, each representing one Class A Ordinary Share",$5.46,-0.10,-1.799%,"828,986,269"
FDMT,"4D Molecular Therapeutics, Inc. Common Stock",$15.00,-0.88,-5.542%,"828,663,165"
INR,"Infinity Natural Resources, Inc. Class A Common Stock",$13.03,UNCH,--,"826,392,022"
SCZM,Santacruz Silver Mining Ltd. Common Shares,$8.88,-0.67,-7.016%,"825,753,722"
GYRE,"Gyre Therapeutics, Inc. Common Stock",$7.40,-0.09,-1.202%,"825,172,883"
ADSE,ADS-TEC ENERGY PLC Ordinary Shares,$10.98,-0.01,-0.091%,"824,924,435"
TCBIO,"Texas Capital Bancshares, Inc. Depositary Shares 5.75% Fixed Rate Non-Cumulative Perpetual Preferred Stock Series B",$18.965,-0.31,-1.608%,"824,491,408"
OGG,Osisko Gold Group Inc. Common Shares,$2.69,-0.05,-1.825%,"822,703,782"
BHFAP,"Brighthouse Financial, Inc. Depositary Shares 6.6% Non-Cumulative Preferred Stock, Series A",$14.28,0.46,3.329%,"821,265,120"
AVTX,"Avalo Therapeutics, Inc. Common Stock",$15.30,-1.21,-7.329%,"820,538,832"
DSP,Viant Technology Inc. Class A Common Stock,$12.29,-0.55,-4.283%,"817,270,461"
QNST,"QuinStreet, Inc. Common Stock",$14.28,-1.00,-6.545%,"817,150,038"
INMD,InMode Ltd. Ordinary Shares,$14.19,-0.26,-1.799%,"815,652,155"
FTH,"Faeth Therapeutics, Inc. Common Stock",$31.55,-1.85,-5.539%,"815,265,409"
IVA,Inventiva S.A. American Depository Shares,$3.45,-0.20,-5.479%,"815,166,697"
HMH,HMH Holding Inc. Class A Common Stock,$18.55,-0.03,-0.161%,"814,980,838"
GRPN,"Groupon, Inc. Common Stock",$20.04,-1.24,-5.827%,"814,932,532"
LWLG,"Lightwave Logic, Inc. Common Stock",$5.27,-0.25,-4.529%,"812,461,434"
SKYH,Sky Harbour Group Corporation Class A Common Stock,$9.95,-0.15,-1.485%,"812,213,605"
SPFI,"South Plains Financial, Inc. Common Stock",$43.10,-0.95,-2.157%,"811,965,426"
CRTO,Criteo S.A. Ordinary Shares,$16.55,-0.30,-1.78%,"810,909,601"
MTW,"Manitowoc Company, Inc. (The) Common Stock",$22.48,-0.13,-0.575%,"810,673,063"
FBYD,"Falcon's Beyond Global, Inc. Class A Common Stock",$6.68,-0.32,-4.571%,"810,011,777"
ORRF,"Orrstown Financial Services, Inc. Common Stock",$41.04,-0.52,-1.251%,"807,241,451"
BH,Biglari Holdings Inc. Class B Common Stock,$346.96,0.66,0.191%,"807,219,788"
HELP,Cybin Inc. Common Stock,$13.02,-0.69,-5.033%,"807,032,696"
DQ,"DAQO New Energy Corp. American Depositary Shares, each representing five ordinary shares",$11.91,-0.40,-3.249%,"805,903,692"
ACHV,"Achieve Life Sciences, Inc. Common Shares",$7.83,-0.29,-3.571%,"805,726,497"
NRGV,"Energy Vault Holdings, Inc. Common Stock",$4.43,-0.34,-7.128%,"805,549,295"
ARI,"Apollo Commercial Real Estate Finance, Inc",$6.26,-0.15,-2.34%,"802,607,702"
HQ,Horizon Quantum Holdings Ltd. Class A Ordinary Shares,$14.87,-0.87,-5.527%,"802,564,830"
MITK,"Mitek Systems, Inc. Common Stock",$17.69,0.22,1.259%,"798,214,796"
GERN,Geron Corporation Common Stock,$1.24,-0.07,-5.344%,"796,667,027"
SOC,Sable Offshore Corp. Common Stock,$4.15,-0.16,-3.712%,"796,258,724"
ETRA,"Electra Therapeutics, Inc. Common stock",$12.67,-0.95,-6.975%,"795,257,320"
PUBM,"PubMatic, Inc. Class A Common Stock",$17.455,-0.315,-1.773%,"795,076,315"
JBGS,JBG SMITH Properties Common Shares ,$10.65,-0.36,-3.27%,"794,686,471"
WRLD,World Acceptance Corporation Common Stock,$170.07,-2.92,-1.688%,"793,067,023"
NAK,"Northern Dynasty Minerals, Ltd. Common Stock",$1.41,-0.04,-2.759%,"792,591,543"
ALRS,Alerus Financial Corporation Common Stock,$31.77,-0.43,-1.335%,"791,947,501"
JBSS,"John B. Sanfilippo & Son, Inc. Common Stock",$67.69,-0.04,-0.059%,"791,531,729"
BBSI,"Barrett Business Services, Inc. Common Stock",$32.61,-0.65,-1.954%,"790,309,220"
MNTN,"MNTN, Inc. Class A Common Stock",$10.56,-0.65,-5.798%,"789,921,401"
WEST,Westrock Coffee Company Common Stock,$8.08,-0.09,-1.102%,"788,829,287"
TXO,"TXO Partners, L.P. Common Units Representing Limited Partner Interests",$14.20,-0.05,-0.351%,"787,338,979"
PGC,Peapack-Gladstone Financial Corporation Common Stock,$44.38,-0.30,-0.671%,"786,766,510"
SMBC,"Southern Missouri Bancorp, Inc. Common Stock",$71.33,-0.12,-0.168%,"785,577,191"
FOXF,Fox Factory Holding Corp. Common Stock,$18.66,-0.23,-1.218%,"784,298,479"
HIPO,Hippo Holdings Inc. Common Stock,$29.71,-1.66,-5.292%,"784,028,510"
NABL,"N-able, Inc. Common Stock",$4.15,0.04,0.973%,"783,960,108"
IBCP,Independent Bank Corporation Common Stock,$35.30,-0.32,-0.898%,"783,635,114"
GSM,Ferroglobe PLC Ordinary Shares,$4.19,-0.12,-2.784%,"782,945,566"
VLRS,"Controladora Vuela Compania de Aviacion, S.A.B. de C.V. American Depositary Shares, each representing ten (10) Ordinary Participation Certificates",$6.73,-0.20,-2.886%,"781,998,548"
ABR,Arbor Realty Trust Common Stock,$4.19,-0.20,-4.556%,"781,678,200"
FISI,"Financial Institutions, Inc. Common Stock",$39.66,-0.66,-1.637%,"781,554,238"
WVE,"Wave Life Sciences, Inc. Common Stock",$3.95,-0.40,-9.195%,"778,340,291"
AHCO,AdaptHealth Corp. Common Stock,$5.70,-0.07,-1.213%,"777,161,917"
VREX,Varex Imaging Corporation Common Stock,$18.45,-0.03,-0.162%,"776,745,000"
MTUS,Metallus Inc. Common Shares,$18.72,-0.34,-1.784%,"775,930,596"
WGO,"Winnebago Industries, Inc. Common Stock",$27.43,-0.83,-2.937%,"775,415,735"
KELYB,"Kelly Services, Inc. Class B Common Stock",$22.31,UNCH,--,"774,869,648"
ACRS,"Aclaris Therapeutics, Inc. Common Stock",$5.26,-0.46,-8.042%,"774,266,177"
DSGN,"Design Therapeutics, Inc. Common Stock",$12.36,-0.80,-6.079%,"773,509,206"
OLMA,"Olema Pharmaceuticals, Inc. Common Stock",$8.83,-0.81,-8.402%,"772,603,870"
CSHR,CoinShares PLC Ordinary Shares,$5.86,-0.06,-1.014%,"772,232,025"
CGBD,"Carlyle Secured Lending, Inc. Common Stock",$11.22,-0.25,-2.18%,"771,987,399"
TASK,"TaskUs, Inc. Class A Common Stock",$8.41,-0.24,-2.775%,"771,087,847"
RILYN,"BRC Group Holdings, Inc. 6.50% Senior Notes Due 2026",$25.23,UNCH,--,"769,440,975"
CSIQ,Canadian Solar Inc. Common Shares (ON),$11.34,-0.43,-3.653%,"769,041,650"
BLDP,"Ballard Power Systems, Inc. Common Shares",$2.19,-0.05,-2.232%,"768,888,646"
APOG,"Apogee Enterprises, Inc. Common Stock",$36.78,-0.80,-2.129%,"767,535,853"
ABX,"Abacus Global Management, Inc. Class A Common Stock",$7.82,-0.20,-2.494%,"764,735,387"
LINC,Lincoln Educational Services Corporation Common Stock,$24.09,-0.13,-0.537%,"764,170,429"
HDL,SUPER HI INTERNATIONAL HOLDING LTD. American Depositary Shares,$11.745,-0.085,-0.719%,"763,776,176"
PMT,PennyMac Mortgage Investment Trust Common Shares of Beneficial Interest,$8.73,-0.28,-3.108%,"761,276,620"
PHAR,"Pharming Group N.V. ADS, each representing 10 ordinary shares",$10.77,-0.49,-4.352%,"760,633,727"
CTO,"CTO Realty Growth, Inc. Common Stock",$20.25,-0.13,-0.638%,"759,080,444"
SHBI,Shore Bancshares Inc Common Stock,$22.74,-0.26,-1.13%,"758,885,556"
ADAM,"Adamas Trust, Inc. Common Stock",$8.43,-0.37,-4.205%,"757,686,596"
APEI,"American Public Education, Inc. Common Stock",$41.38,0.80,1.971%,"757,317,849"
PRAA,"PRA Group, Inc. Common Stock",$20.11,-0.47,-2.284%,"757,101,401"
RILYG,"BRC Group Holdings, Inc. 5.00% Senior Notes due 2026",$24.7594,-0.0156,-0.063%,"755,089,056"
HTB,"HomeTrust Bancshares, Inc. Common Stock",$45.21,-0.92,-1.994%,"754,698,668"
LYTS,LSI Industries Inc. Common Stock,$20.24,-0.32,-1.556%,"754,169,441"
GILT,Gilat Satellite Networks Ltd. Ordinary Shares,$9.98,-0.03,-0.30%,"753,200,061"
FINV,FinVolution Group American Depositary Shares,$3.19,-0.07,-2.147%,"753,139,866"
WLKP,Westlake Chemical Partners LP Common Units representing limited partner interests,$21.35,-0.03,-0.14%,"752,499,517"
QVCG,"QVC Group, Inc. Common Stock",$15.03,-0.86,-5.412%,"751,498,452"
MITN,"TPG Mortgage Investment Trust, Inc. 9.500% Senior Notes due 2029",$25.43,0.0056,0.022%,"750,006,583"
MITP,"TPG Mortgage Investment Trust, Inc. 9.500% Senior Notes due 2029",$25.42,-0.0101,-0.04%,"749,711,653"
OBE,Obsidian Energy Ltd. Common Shares,$11.21,0.06,0.538%,"747,993,640"
VBNK,VersaBank Common Shares,$23.06,-0.12,-0.518%,"747,583,962"
SMWB,Similarweb Ltd. Ordinary Shares,$8.58,0.08,0.941%,"746,172,158"
SWIM,"Latham Group, Inc. Common Stock",$6.34,-0.29,-4.374%,"745,876,185"
NUAI,"New Era Energy & Digital, Inc. Common Stock",$6.99,0.015,0.215%,"744,849,780"
MLAB,"Mesa Laboratories, Inc. Common Stock",$133.01,-1.62,-1.203%,"744,306,536"
IMC,IMC Rare Earths Ltd Ordinary Shares,$7.08,-0.96,-11.94%,"744,108,000"
ELVR,Elevra Lithium Limited American Depository Shares,$43.90,-0.61,-1.37%,"743,564,020"
AVR,Anteris Technologies Global Corp. Common Stock,$7.62,-0.51,-6.273%,"742,633,572"
GDOT,"Green Dot Corporation Class A Common Stock, $0.001 par value",$13.02,-0.19,-1.438%,"741,947,031"
MOV,Movado Group Inc. Common Stock,$33.24,-0.04,-0.12%,"741,659,024"
VSTM,"Verastem, Inc. Common Stock",$8.18,-0.19,-2.27%,"740,808,947"
CCNEP,"CNB Financial Corporation Depositary Shares, each representing a 1/40th ownership interest in a share of 7.125% Series A Fixed-Rate Non-Cumulative Perpetual Preferred Stock",$25.00,0.05,0.20%,"740,522,125"
WYFI,"WhiteFiber, Inc. Ordinary Shares",$19.05,-1.18,-5.833%,"740,056,648"
LXU,"LSB Industries, Inc. Common Stock",$10.27,-0.24,-2.284%,"739,414,366"
HYLN,Hyliion Holdings Corp. Class A Common Stock,$4.14,-0.33,-7.383%,"739,392,483"
CTKB,"Cytek Biosciences, Inc. Common Stock",$5.68,-0.03,-0.525%,"738,304,877"
BWMN,Bowman Consulting Group Ltd. Common Stock,$42.56,UNCH,--,"737,799,391"
REF,Reformation Inc. Common Stock,$12.47,-1.13,-8.309%,"736,719,120"
BFS,"Saul Centers, Inc. Common Stock",$29.79,-0.44,-1.456%,"736,322,439"
THM,"International Tower Hill Mines, Ltd. Ordinary Shares (Canada)",$2.81,-0.14,-4.746%,"735,201,299"
GOOS,Canada Goose Holdings Inc. Subordinate Voting Shares,$7.52,-0.10,-1.312%,"734,415,984"
GROY,Gold Royalty Corp. Common Shares,$3.18,-0.17,-5.075%,"733,973,259"
ANNX,"Annexon, Inc. Common Stock",$3.87,-0.31,-7.416%,"733,671,249"
MFIC,MidCap Financial Investment Corporation Common Stock,$8.90,-0.16,-1.766%,"733,116,389"
BLMN,"Bloomin' Brands, Inc. Common Stock",$8.55,UNCH,--,"732,058,840"
COLL,"Collegium Pharmaceutical, Inc. Common Stock",$22.45,-0.33,-1.449%,"730,873,512"
GEMI,"Gemini Space Station, Inc. Class A Common Stock",$5.63,-0.32,-5.378%,"729,941,897"
WHK,WhiteHawk Minerals Corp Class A Common Stock,$26.48,0.30,1.146%,"729,403,516"
WASH,"Washington Trust Bancorp, Inc. Common Stock",$38.24,-0.67,-1.722%,"729,402,035"
MOMO,Hello Group Inc. American Depositary Shares,$4.93,-0.10,-1.988%,"728,394,687"
EVC,Entravision Communications Corporation Common Stock,$7.88,-0.22,-2.716%,"727,231,843"
EVEX,"Eve Holding, Inc. Common Stock",$2.08,-0.07,-3.256%,"724,851,573"
RCBC,River City Bank Common stock,$51.02,-0.70,-1.353%,"724,468,898"
ROOT,"Root, Inc. Class A Common Stock",$46.76,-1.79,-3.687%,"724,464,464"
FDUS,Fidus Investment Corporation Common Stock,$19.08,-0.225,-1.166%,"724,169,265"
ABTC,American Bitcoin Corp. Class A Common Stock,$9.91,-0.36,-3.505%,"721,643,356"
GPRK,Geopark Ltd Common Shares,$11.11,0.21,1.927%,"720,991,816"
GEGGL,"Great Elm Group, Inc.  7.25% Notes due 2027",$24.845,UNCH,--,"720,425,173"
DBVT,DBV Technologies S.A. American Depositary Shares,$12.17,-0.46,-3.642%,"720,257,536"
DGICB,"Donegal Group, Inc. Class B Common Stock",$19.40,1.51,8.44%,"720,114,071"
LUCK,Lucky Strike Entertainment Corporation Class A Common Stock,$5.28,-0.04,-0.752%,"719,811,946"
CLYM,"Climb Bio, Inc. Common Stock",$12.52,-1.69,-11.893%,"719,101,913"
ASC,Ardmore Shipping Corporation Common Stock,$17.61,-0.16,-0.90%,"718,534,033"
BCSF,"Bain Capital Specialty Finance, Inc. Common Stock",$11.07,-0.15,-1.337%,"718,094,372"
NEWTP,"NewtekOne, Inc. Depositary Shares, Non-Cumulative Perpetual Preferred Stock, Series B",$24.825,-0.365,-1.449%,"717,063,447"
PAYS,"Paysign, Inc. Common Stock",$12.67,-0.24,-1.859%,"715,375,517"
TCBX,"Third Coast Bancshares, Inc. Common Stock",$42.93,-0.63,-1.446%,"714,997,862"
AAC,Ares Acquisition Corporation III Class A Ordinary Shares,$10.08,-0.01,-0.099%,"711,690,941"
INDI,"indie Semiconductor, Inc. Class A Common Stock",$3.07,-0.13,-4.063%,"711,653,271"
ESRT,"Empire State Realty Trust, Inc. Class A Common Stock",$4.13,0.03,0.732%,"711,044,106"
BLSM,"BlossomHill Therapeutics, Inc. Common Stock",$22.34,-2.91,-11.525%,"710,074,867"
QDEL,QuidelOrtho Corporation Common Stock,$10.34,-0.60,-5.484%,"709,069,915"
PSNYW,Polestar Automotive Holding UK PLC Class C-1 ADS (ADW),$4.3101,0.0101,0.235%,"708,063,784"
PSTL,"Postal Realty Trust, Inc. Class A Common Stock",$23.40,-0.54,-2.256%,"707,823,628"
VTS,"Vitesse Energy, Inc. Common Stock",$16.78,-0.07,-0.415%,"706,510,439"
IRWD,"Ironwood Pharmaceuticals, Inc. Class A Common Stock",$4.27,-0.255,-5.635%,"705,574,574"
NIE,Virtus Equity & Convertible Income Fund Common Shares of Beneficial Interest,$25.41,-0.31,-1.205%,"704,084,801"
FPH,"Five Point Holdings, LLC Class A Common Shares",$4.72,-0.20,-4.065%,"697,992,014"
MPLT,"MapLight Therapeutics, Inc. Common Stock",$10.77,-0.09,-0.829%,"697,611,737"
TRON,Tron Inc. Common Stock,$1.47,-0.06,-3.922%,"697,341,634"
PFLT,PennantPark Floating Rate Capital Ltd. Common Stock,$7.02,-0.09,-1.266%,"696,509,630"
OABI,"OmniAb, Inc. Common Stock",$4.79,-0.13,-2.642%,"696,420,006"
IVR,INVESCO MORTGAGE CAPITAL INC Common Stock,$6.46,-0.16,-2.417%,"695,357,094"
MDXG,"MiMedx Group, Inc Common Stock",$4.77,-0.16,-3.245%,"695,277,432"
SUPV,Grupo Supervielle S.A. American Depositary Shares each Representing five Class B shares,$7.61,-0.31,-3.914%,"695,131,371"
STLN,"Starling Oncology, Inc. Common Stock",$6.82,-0.23,-3.262%,"695,067,904"
SSYS,"Stratasys, Ltd. Ordinary Shares (Israel)",$8.03,-0.11,-1.351%,"691,965,488"
CASS,"Cass Information Systems, Inc Common Stock",$54.03,-0.79,-1.441%,"691,916,230"
BCAL,California BanCorp Common Stock,$21.52,0.02,0.093%,"691,879,642"
NFGC,New Found Gold Corp Common Shares,$1.80,-0.06,-3.226%,"691,843,588"
GLAS,Glass House Brands Inc. Subordinate Voting Shares,$7.85,-0.16,-1.998%,"690,784,174"
CWBC,Community West Bancshares Common Stock,$25.42,-0.32,-1.243%,"689,672,003"
FAC,Factorial Energy Inc. Class A Common Stock,$6.44,0.29,4.715%,"689,229,698"
MTC,"MMTec, Inc. Common Shares",$6.92,0.89,14.76%,"689,147,652"
XFLT,XAI Floating Rate & Alternative Income Trust Common Shares of Beneficial Interest,$19.42,-0.09,-0.461%,"688,798,891"
UAMY,United States Antimony Corporation Common Stock,$4.60,-0.20,-4.167%,"688,479,166"
LEGH,Legacy Housing Corporation Common Stock (TX),$28.94,-0.04,-0.138%,"688,281,120"
SOPH,SOPHiA GENETICS SA Ordinary Shares,$8.08,0.01,0.124%,"687,832,826"
HELE,Helen of Troy Limited Common Stock,$29.53,0.04,0.136%,"687,814,561"
NVCT,"Nuvectis Pharma, Inc. Common Stock",$21.07,-1.93,-8.391%,"687,178,371"
LPTH,"LightPath Technologies, Inc. Class A Common Stock",$9.81,-0.34,-3.35%,"687,055,632"
HOV,"Hovnanian Enterprises, Inc. Class A Common Stock",$115.24,-3.72,-3.127%,"686,817,724"
TROX,Tronox Holdings plc Ordinary Shares (UK),$4.30,-0.10,-2.273%,"686,710,125"
PFIS,Peoples Financial Services Corp. Common Stock,$68.51,-1.22,-1.75%,"685,810,243"
CNNE,"Cannae Holdings, Inc. Common Stock",$15.79,0.15,0.959%,"684,879,044"
AROW,Arrow Financial Corporation Common Stock,$36.97,-0.49,-1.308%,"684,822,039"
HNRG,Hallador Energy Company Common Stock,$14.51,-0.56,-3.716%,"684,050,110"
NGVC,"Natural Grocers by Vitamin Cottage, Inc. Common Stock",$29.66,-0.42,-1.396%,"683,547,771"
OFRM,"Once Upon a Farm, PBC Common Stock",$16.18,-0.16,-0.979%,"679,408,766"
MATV,"Mativ Holdings, Inc. Common Stock",$12.29,-0.27,-2.15%,"678,286,304"
PKOH,Park-Ohio Holdings Corp. Common Stock,$46.81,-0.36,-0.763%,"678,277,368"
BHFAN,"Brighthouse Financial, Inc. Depositary shares, each representing a 1/1,000th interest in a share of 5.375% Non-Cumulative Preferred Stock, Series C",$11.775,0.465,4.111%,"677,198,654"
DGICA,"Donegal Group, Inc. Class A Common Stock",$18.13,-0.45,-2.422%,"672,972,583"
ZVRA,"Zevra Therapeutics, Inc. Common Stock",$11.32,-0.26,-2.245%,"672,224,401"
MSBI,"Midland States Bancorp, Inc. Common Stock",$32.39,-0.49,-1.49%,"672,160,908"
CCB,Coastal Financial Corporation Common Stock,$43.91,-1.18,-2.617%,"671,222,619"
CUBB,"Customers Bancorp, Inc 5.375% Subordinated Notes Due 2034",$21.22,-0.08,-0.376%,"671,050,458"
IPX,IperionX Limited American Depositary Share,$19.77,-1.70,-7.918%,"670,962,306"
SCHL,Scholastic Corporation Common Stock,$35.36,0.12,0.341%,"670,594,055"
RGR,"Sturm, Ruger & Company, Inc. Common Stock",$41.90,-0.04,-0.095%,"669,488,926"
MG,Mistras Group Inc Common Stock,$20.94,0.07,0.335%,"666,936,759"
NMFC,New Mountain Finance Corporation Common Stock,$7.06,-0.04,-0.563%,"666,833,873"
NEWTI,"NewtekOne, Inc. 8.00% Fixed Rate Senior Notes due 2028",$25.225,0.175,0.699%,"663,968,717"
OSPN,OneSpan Inc. Common Stock,$18.01,0.58,3.328%,"663,707,636"
PZZA,"Papa John's International, Inc. Common Stock",$20.15,-0.25,-1.225%,"663,371,993"
CARE,"Carter Bankshares, Inc. Common Stock",$29.93,-0.35,-1.156%,"663,366,455"
RRBI,"Red River Bancshares, Inc. Common Stock",$100.555,-0.655,-0.647%,"662,064,779"
WOOF,"Petco Health and Wellness Company, Inc. Class A Common Stock",$2.31,-0.08,-3.347%,"661,628,715"
NSLRL,Neostellar Capital Corp. 6.00% Notes due 2026,$24.99,-0.0048,-0.019%,"661,565,818"
NEWTG,"NewtekOne, Inc. 8.50% Fixed Rate Senior Notes due 2029",$25.13,0.0199,0.079%,"661,468,141"
VLGEA,"Village Super Market, Inc. Class A Common Stock",$44.66,-0.52,-1.151%,"661,391,868"
BHB,"Bar Harbor Bankshares, Inc. Common Stock",$39.41,-0.72,-1.794%,"660,751,213"
AHG,Akso Health Group ADS,$0.7699,0.0298,4.026%,"659,576,546"
TBLD,Thornburg Income Builder Opportunities Trust Common Stock,$20.48,-0.26,-1.254%,"657,036,964"
CCSI,"Consensus Cloud Solutions, Inc. Common Stock",$35.80,-0.67,-1.837%,"656,032,208"
BSTZ,BlackRock Science and Technology Term Trust Common Shares of Beneficial Interest,$29.60,-0.32,-1.07%,"655,871,768"
BWMX,"Betterware de Mexico, S.A.P.I. de C.V. Ordinary Shares",$16.51,-0.24,-1.433%,"651,898,225"
KRNT,Kornit Digital Ltd. Ordinary Shares,$15.17,-0.175,-1.14%,"651,802,321"
KE,"Kimball Electronics, Inc. Common Stock",$27.12,0.46,1.725%,"650,662,904"
OIO,OIO Group Ordinary Shares,$1.865,-0.045,-2.356%,"649,061,231"
SHEN,Shenandoah Telecommunications Co Common Stock,$12.09,-0.22,-1.787%,"645,178,981"
ENVX,Enovix Corporation Common Stock,$2.94,-0.115,-3.764%,"645,178,693"
CGNT,Cognyte Software Ltd. Ordinary Shares,$8.73,0.10,1.159%,"645,150,326"
TIPT,Tiptree Inc. Common Stock,$17.32,-0.15,-0.859%,"644,991,465"
DDI,"DoubleDown Interactive Co., Ltd. American Depository Shares",$13.00,-0.10,-0.763%,"644,194,720"
PRTH,"Priority Technology Holdings, Inc. Common Stock",$7.80,UNCH,--,"643,034,902"
PKE,Park Aerospace Corp. Common Stock,$29.55,-0.39,-1.303%,"642,748,285"
SLRC,SLR Investment Corp. Common Stock,$11.77,-0.18,-1.506%,"642,108,042"
SGMT,Sagimet Biosciences Inc. Series A Common Stock,$10.42,-0.67,-6.041%,"641,779,877"
ANGO,"AngioDynamics, Inc. Common Stock",$15.51,-0.16,-1.021%,"641,065,353"
ACNB,ACNB Corporation Common Stock,$62.87,-1.07,-1.673%,"639,383,499"
ISOU,IsoEnergy Ltd. Common Shares,$9.80,-0.39,-3.827%,"639,365,318"
BTBT,"Bit Digital, Inc. Ordinary Shares",$1.77,-0.09,-4.839%,"638,321,300"
STTK,"Shattuck Labs, Inc. Common Stock",$6.36,-0.14,-2.154%,"638,310,289"
YEXT,"Yext, Inc. Common Stock",$6.44,0.07,1.099%,"637,422,854"
SMC,Summit Midstream Corporation Common Stock,$31.35,-0.39,-1.229%,"636,658,465"
HPP,"Hudson Pacific Properties, Inc. Common Stock",$11.69,-0.39,-3.228%,"634,401,582"
WCCB,West Coast Community Bancorp Common Stock,$60.11,-0.14,-0.232%,"632,602,629"
RILYT,"BRC Group Holdings, Inc. 6.00% Senior Notes Due 2028",$20.7001,-0.1999,-0.956%,"631,292,316"
RSVR,"Reservoir Media, Inc. Common Stock",$9.56,-0.01,-0.104%,"630,297,903"
FWRG,"First Watch Restaurant Group, Inc. Common Stock",$10.20,-0.12,-1.163%,"629,466,837"
HIFS,Hingham Institution for Savings Common Stock,$292.63,-11.57,-3.803%,"628,393,662"
DLY,DoubleLine Yield Opportunities Fund Common Shares of Beneficial Interest,$13.09,-0.14,-1.058%,"627,610,247"
BXC,Bluelinx Holdings Inc. Common Stock,$79.81,-2.68,-3.249%,"627,323,919"
MAMA,"Mama's Creations, Inc. Common Stock",$13.30,-0.50,-3.623%,"627,061,338"
SWBI,"Smith & Wesson Brands, Inc. Common Stock",$13.98,-0.08,-0.569%,"626,858,726"
ELMT,The Elmet Group Co. Common Stock,$20.58,-0.24,-1.153%,"626,856,469"
TMS,Teamshares Inc. Common Stock,$8.50,0.26,3.155%,"626,114,386"
RMT,"Royce Micro-Cap Trust, Inc. Common Stock",$13.52,-0.10,-0.734%,"625,558,327"
GDYN,"Grid Dynamics Holdings, Inc. Class A Common Stock",$7.70,-0.08,-1.028%,"624,676,984"
VEL,"Velocity Financial, Inc. Common Stock",$15.82,-0.46,-2.826%,"624,596,650"
VTEX,VTEX Class A Common Shares,$3.61,-0.02,-0.551%,"624,506,459"
AURA,"Aura Biosciences, Inc. Common Stock",$6.02,-0.43,-6.667%,"624,302,950"
SSII,SS Innovations International Inc. Common Stock,$3.11,-0.19,-5.758%,"623,198,703"
GAIN,Gladstone Investment Corporation Business Development Company,$15.64,-0.16,-1.013%,"622,815,564"
EVER,"EverQuote, Inc. Class A Common Stock",$17.63,-1.92,-9.821%,"621,276,810"
ALT,"Altimmune, Inc. Common Stock",$3.19,-0.22,-6.452%,"620,511,466"
HTZ,"Hertz Global Holdings, Inc Common Stock",$1.74,-0.11,-5.946%,"620,225,424"
FBRT,"Franklin BSP Realty Trust, Inc. Common Stock",$7.46,-0.29,-3.742%,"619,518,803"
NGNE,Neurogene Inc. Common Stock ,$30.93,-2.67,-7.946%,"618,952,045"
RYAM,Rayonier Advanced Materials Inc. Common Stock,$9.14,-0.02,-0.218%,"618,268,061"
MGRE,"Affiliated Managers Group, Inc. 6.750% Junior Subordinated Notes due 2064",$21.75,-0.23,-1.046%,"617,962,370"
NXP,Nuveen Select Tax Free Income Portfolio Common Stock,$13.18,-0.30,-2.226%,"616,812,309"
BALY,Bally's Corporation Common Stock,$12.21,-0.10,-0.812%,"616,232,864"
MATW,Matthews International Corporation Class A Common Stock,$19.71,-0.20,-1.005%,"615,211,640"
MLR,"Miller Industries, Inc. Common Stock",$54.19,-0.18,-0.331%,"615,174,851"
CTGO,Contango Silver & Gold Inc. Common Stock,$18.38,-1.44,-7.265%,"614,639,901"
EGY,"VAALCO Energy, Inc.  Common Stock",$5.84,UNCH,--,"614,319,984"
BAK,Braskem SA ADR,$1.54,-0.13,-7.784%,"613,850,032"
INN,"Summit Hotel Properties, Inc. Common Stock",$5.67,-0.04,-0.701%,"611,529,135"
VINP,Vinci Compass Investments Ltd. Class A Common Shares,$9.33,-0.14,-1.478%,"610,388,174"
LMB,"Limbach Holdings, Inc. Common Stock",$51.12,-0.96,-1.843%,"609,605,642"
CLDT,Chatham Lodging Trust (REIT) Common Shares of Beneficial Interest,$13.08,-0.16,-1.208%,"609,078,231"
OOMA,"Ooma, Inc. Common Stock",$22.05,-0.17,-0.765%,"608,580,000"
GOOD,Gladstone Commercial Corporation Real Estate Investment Trust,$12.57,-0.20,-1.566%,"608,482,288"
TLRY,"Tilray Brands, Inc. Common Stock ",$4.11,-0.12,-2.837%,"607,384,600"
PAR,PAR Technology Corporation Common Stock,$14.68,-0.47,-3.102%,"607,204,553"
KRNY,Kearny Financial Corp Common Stock,$9.34,-0.21,-2.199%,"606,440,428"
FOF,"Cohen & Steers Closed-End Opportunity Fund, Inc. Common Stock",$12.33,-0.18,-1.439%,"605,879,283"
CTMX,"CytomX Therapeutics, Inc. Common Stock",$2.78,-0.16,-5.442%,"605,760,010"
NTGR,"NETGEAR, Inc. Common Stock",$22.24,-0.14,-0.626%,"604,461,427"
EFSCP,"Enterprise Financial Services Corporation Depositary Shares Each Representing a 1/40th Interest in a Share of 5% Fixed Rate Non-Cumulative Perpetual Preferred Stock, Series A",$16.70,-0.205,-1.213%,"604,415,084"
RMR,The RMR Group Inc. Class A Common Stock,$18.82,-0.50,-2.588%,"603,749,853"
SPT,"Sprout Social, Inc Class A Common Stock",$9.955,0.075,0.759%,"603,195,470"
VALN,Valneva SE American Depositary Shares,$6.35,-0.24,-3.642%,"602,523,681"
KPLT,"Katapult Holdings, Inc. Common Stock",$7.10,-1.23,-14.766%,"602,428,291"
ALOY,REalloys Inc. Common Stock,$8.67,-0.36,-3.987%,"601,862,132"
PHR,"Phreesia, Inc. Common Stock",$9.68,-0.42,-4.158%,"600,846,738"
MNPR,Monopar Therapeutics Inc. Common Stock,$89.38,-7.25,-7.503%,"599,933,933"
RILYZ,"BRC Group Holdings, Inc. 5.25% Senior Notes due 2028",$19.67,-0.04,-0.203%,"599,877,288"
CRMD,CorMedix Inc. Common Stock,$7.69,-0.09,-1.157%,"599,391,852"
ONT,"Onterris, Inc. Common Stock",$17.02,0.08,0.472%,"597,698,556"
VMO,Invesco Municipal Opportunity Trust Common Stock,$8.85,-0.29,-3.173%,"596,850,062"
KDK,"Kodiak AI, Inc. Common Stock ",$2.97,-0.23,-7.188%,"595,835,965"
FWDI,"Forward Industries, Inc. Common Stock",$8.06,-0.54,-6.279%,"595,205,877"
BME,Blackrock Health Sciences Trust,$44.62,-0.37,-0.822%,"594,919,263"
GRNT,"Granite Ridge Resources, Inc. Common Stock",$4.51,-0.04,-0.879%,"594,870,091"
ARRY,"Array Technologies, Inc. Common Stock",$3.86,-0.10,-2.525%,"594,469,691"
GMRS,GMR Solutions Inc. Class A Common Stock,$11.00,-0.31,-2.741%,"594,238,821"
AGNT,"AGNT, Inc. Common Stock",$3.54,-0.29,-7.572%,"591,597,497"
METC,"Ramaco Resources, Inc. Class A Common Stock",$9.28,-0.42,-4.33%,"590,980,783"
AQST,"Aquestive Therapeutics, Inc. Common Stock",$4.70,-0.25,-5.051%,"589,904,746"
HY,"Hyster-Yale, Inc. Class A common stock",$32.89,-0.31,-0.934%,"589,730,428"
WEAV,"Weave Communications, Inc. Common Stock",$7.36,0.02,0.272%,"588,793,516"
GCBC,"Greene County Bancorp, Inc. Common Stock",$34.58,-0.69,-1.956%,"588,741,271"
BHFAM,"Brighthouse Financial, Inc. Depositary shares each representing a 1/1,000th Interest in a Share of 4.625% Non-Cumulative Preferred Stock, Series D",$10.23,0.24,2.402%,"588,343,289"
FLGT,"Fulgent Genetics, Inc. Common Stock",$21.27,-0.38,-1.755%,"585,250,282"
DDD,3D Systems Corporation Common Stock,$3.51,-0.08,-2.228%,"583,176,065"
KIDS,OrthoPediatrics Corp. Common Stock,$22.33,-0.43,-1.889%,"583,031,566"
WHFCL,"WhiteHorse Finance, Inc. 7.875% Notes due 2028",$25.08,0.0001,0.00%,"582,936,647"
NCDL,Nuveen Churchill Direct Lending Corp. Common Stock,$11.79,-0.28,-2.32%,"582,273,496"
JBI,"Janus International Group, Inc. Common Stock",$4.26,-0.21,-4.698%,"581,216,465"
CBNK,"Capital Bancorp, Inc. Common Stock",$35.62,-0.33,-0.918%,"580,266,043"
FBIZ,"First Business Financial Services, Inc. Common Stock",$69.32,-0.92,-1.31%,"580,091,942"
ADTN,"ADTRAN Holdings, Inc. Common Stock",$7.11,-0.18,-2.469%,"579,332,804"
OCS,Oculis Holding AG Ordinary shares,$9.99,-0.72,-6.723%,"579,264,536"
ALLO,"Allogene Therapeutics, Inc. Common Stock",$1.67,-0.04,-2.339%,"576,969,771"
MAX,"MediaAlpha, Inc. Class A Common Stock",$9.39,-0.59,-5.912%,"575,268,753"
VFSWW,VinFast Auto Ltd. Warrant,$0.245,0.0149,6.475%,"573,186,322"
UNTY,"Unity Bancorp, Inc. Common Stock",$57.06,-0.78,-1.349%,"573,029,501"
TMQ,Trilogy Metals Inc. Common Stock,$3.31,-0.12,-3.499%,"571,788,065"
IIIN,"Insteel Industries, Inc. Common Stock",$29.53,-0.56,-1.861%,"571,649,034"
CLMB,"Climb Global Solutions, Inc. Common Stock",$30.63,-0.17,-0.552%,"571,575,373"
KELYA,"Kelly Services, Inc. Class A Common Stock",$16.45,-0.21,-1.261%,"571,340,462"
DRUG,Bright Minds Biosciences Inc. Common Stock,$57.92,-2.75,-4.533%,"571,326,413"
BWB,"Bridgewater Bancshares, Inc. Common Stock",$20.48,-0.35,-1.68%,"571,060,695"
TITN,Titan Machinery Inc. Common Stock,$24.22,0.05,0.207%,"569,966,765"
ENRD,Einride AB American Depositary Shares,$3.88,0.23,6.301%,"569,154,519"
FBIOP,"Fortress Biotech, Inc. 9.375% Series A Cumulative Redeemable Perpetual Preferred Stock",$17.05,-0.10,-0.583%,"568,634,431"
PRME,"Prime Medicine, Inc. Common Stock",$3.13,-0.41,-11.582%,"567,709,559"
SFST,"Southern First Bancshares, Inc. Common Stock",$59.85,-0.66,-1.091%,"566,884,537"
IBEX,IBEX Limited Common Shares,$42.66,1.08,2.597%,"566,466,526"
ITRG,Integra Resources Corp. Common Shares,$2.79,-0.09,-3.125%,"566,015,865"
PHAT,"Phathom Pharmaceuticals, Inc. Common Stock",$6.985,-0.775,-9.987%,"565,093,024"
WTI,"W&T Offshore, Inc. Common Stock",$3.74,0.09,2.466%,"564,526,640"
DCBO,Docebo Inc. Common Shares,$22.59,-0.37,-1.611%,"563,566,148"
BRBI,BRBI BR Partners S.A. ADSs,$11.24,UNCH,--,"563,534,777"
LOT,Lotus Technology Inc. American Depositary Shares,$0.877,-0.0326,-3.584%,"563,112,820"
MSIF,"MSC Income Fund, Inc. Common Stock",$12.41,-0.19,-1.508%,"562,734,292"
YB,Yuanbao Inc. American Depositary Shares,$12.21,0.05,0.411%,"562,639,254"
XMAX,"XMAX, Inc. Common Stock",$8.71,-0.16,-1.804%,"561,999,040"
AUXX,Gold X2 Mining Inc. Common Shares,$5.53,-0.30,-5.146%,"559,551,988"
EBF,"Ennis, Inc. Common Stock",$22.11,0.03,0.136%,"559,344,794"
MGR,"Affiliated Managers Group, Inc. 5.875% Junior Subordinated Notes due 2059",$19.57,0.08,0.41%,"556,024,073"
HNST,"The Honest Company, Inc. Common Stock",$5.18,-0.23,-4.251%,"555,733,083"
CARS,Cars.com Inc. Common Stock ,$10.35,-0.45,-4.167%,"554,063,590"
DCTH,"Delcath Systems, Inc. Common Stock",$15.96,-0.44,-2.683%,"553,792,768"
CWH,"Camping World Holdings, Inc. Class A Common Stock",$5.36,-0.34,-5.965%,"553,660,750"
ENHA,Enhanced Group Inc. Class A Common Stock,$1.40,-0.09,-6.04%,"553,526,487"
GOTU,Gaotu Techedu Inc. American Depositary Shares,$2.32,0.02,0.87%,"553,185,073"
CIVB,"Civista Bancshares, Inc. Common Stock",$26.59,-0.44,-1.628%,"552,918,788"
DNA,"Ginkgo Bioworks Holdings, Inc. Class A Common Stock",$8.58,-0.79,-8.431%,"552,039,577"
GFUZ,General Fusion Group Ltd. Common Shares,$8.68,0.43,5.212%,"551,602,898"
BMM,Blue Moon Metals Inc. Common Shares,$5.26,-0.515,-8.918%,"551,579,385"
ITIC,Investors Title Company Common Stock,$290.86,-2.00,-0.683%,"549,142,517"
EVO,Evotec SE American Depositary Shares,$1.54,-0.04,-2.532%,"547,863,569"
NVRI,Enviri Corporation Common Stock,$19.43,-1.17,-5.68%,"547,734,012"
NRIM,Northrim BanCorp Inc Common Stock,$24.53,-0.57,-2.271%,"545,664,110"
BWBBP,"Bridgewater Bancshares, Inc. Depositary Shares, Each Representing a 1/100th Interest in a Share of 5.875% Non-Cumulative Perpetual Preferred Stock, Series A",$19.54,-0.02,-0.102%,"544,849,901"
ARQQ,Arqit Quantum Inc. Ordinary Shares,$22.54,-0.50,-2.17%,"543,001,786"
WRN,Western Copper and Gold Corporation Common Stock,$2.39,-0.13,-5.159%,"540,559,268"
CMDB,Costamare Bulkers Holdings Limited Common Stock,$22.32,-0.43,-1.89%,"539,708,135"
IIM,Invesco Value Municipal Income Trust Common Stock,$11.45,-0.46,-3.862%,"538,933,627"
GAU,Galiano Gold Inc.,$2.06,-0.12,-5.505%,"538,879,034"
SLN,Silence Therapeutics Plc American Depository Share,$11.51,-0.78,-6.347%,"538,668,000"
DDL,Dingdong (Cayman) Limited American Depositary Shares (each two representing three Ordinary Shares),$2.28,-0.04,-1.724%,"538,599,122"
BWAY,BrainsWay Ltd. American Depositary Shares,$13.45,-0.18,-1.321%,"538,444,200"
PANL,Pangaea Logistics Solutions Ltd. Common Shares,$8.22,-0.16,-1.909%,"538,194,406"
NPB,"Northpointe Bancshares, Inc. Common Stock",$15.53,-0.38,-2.388%,"537,056,006"
EPRX,Eupraxia Pharmaceuticals Inc. Common Stock,$8.14,-0.44,-5.128%,"536,479,984"
NOAH,Noah Holdings Limited American Depositary Shares,$8.00,-0.21,-2.558%,"536,413,256"
SLDP,"Solid Power, Inc. Class A Common Stock",$2.35,-0.14,-5.622%,"536,225,848"
OPFI,OppFi Inc. Class A Common Stock,$6.28,-0.14,-2.181%,"535,107,791"
UHT,Universal Health Realty Income Trust Common Stock,$38.40,-0.53,-1.361%,"533,709,466"
ROMA,Roma Green Finance Limited Class A Ordinary Shares,$8.92,-0.08,-0.889%,"531,315,973"
AGMB,AgomAb Therapeutics NV American Depositary Shares,$10.765,-0.725,-6.31%,"530,154,451"
NXRT,"NexPoint Residential Trust, Inc. Common Stock",$20.74,-0.98,-4.512%,"529,903,122"
AGCC,Agencia Comercial Spirits Ltd Class A Ordinary Shares,$14.21,0.2101,1.501%,"529,841,165"
HUYA,"HUYA Inc. American depositary shares, each  representing one Class A ordinary share",$2.32,-0.05,-2.11%,"529,809,336"
ETD,Ethan Allen Interiors Inc. Common Stock,$21.02,-0.31,-1.453%,"529,756,613"
HBCP,"Home Bancorp, Inc. Common Stock",$67.17,-0.94,-1.38%,"528,678,278"
NDMO,Nuveen Dynamic Municipal Opportunities Fund Common Shares of Beneficial Interest,$8.89,-0.24,-2.629%,"528,645,930"
MEI,"Methode Electronics, Inc. Common Stock",$14.83,1.31,9.689%,"528,616,136"
EOLS,"Evolus, Inc. Common Stock",$8.00,-0.25,-3.03%,"528,403,520"
SLI,Standard Lithium Ltd. Common Shares,$2.14,-0.07,-3.167%,"528,118,107"
SENS,"Senseonics Holdings, Inc. Common Stock",$9.975,-0.085,-0.845%,"527,418,679"
CBIO,"Crescent Biopharma, Inc. Common Stock",$14.19,-2.25,-13.686%,"527,072,509"
NVEC,NVE Corporation Common Stock,$108.82,0.99,0.918%,"526,380,404"
MSBIP,"Midland States Bancorp, Inc. Depositary Shares Each Representing a 1/40th Interest in a Share of 7.750% Fixed-Rate Reset Non-Cumulative Perpetual Preferred Stock, Series A",$25.305,-0.06,-0.237%,"525,132,194"
BSVN,Bank7 Corp. Common stock,$55.10,0.56,1.027%,"524,874,666"
SDHC,Smith Douglas Homes Corp. Class A Common Stock,$10.32,-0.03,-0.29%,"524,548,892"
DNUT,"Krispy Kreme, Inc. Common Stock",$3.02,-0.05,-1.629%,"523,970,000"
CERS,Cerus Corporation Common Stock,$2.60,-0.07,-2.622%,"523,964,735"
TRTX,"TPG RE Finance Trust, Inc. Common Stock",$6.82,-0.37,-5.146%,"523,564,641"
BWFG,"Bankwell Financial Group, Inc. Common Stock",$65.46,-0.70,-1.058%,"521,845,287"
RFI,"Cohen & Steers Total Return Realty Fund, Inc. Common Stock",$10.61,-0.21,-1.941%,"521,360,843"
SD,"SandRidge Energy, Inc. Common Stock",$14.03,-0.03,-0.213%,"520,166,403"
AUTL,Autolus Therapeutics plc American Depositary Share,$1.95,-0.08,-3.941%,"519,016,953"
JKS,JinkoSolar Holding Company Limited American Depositary Shares (each representing 4 Common Shares),$9.91,-0.57,-5.439%,"518,988,563"
NRDS,"NerdWallet, Inc. Class A Common Stock",$8.10,-0.43,-5.041%,"517,777,709"
VRRM,Verra Mobility Corporation Class A Common Stock,$3.38,-0.06,-1.744%,"513,701,878"
BRSP,"BrightSpire Capital, Inc. Class A Common Stock",$4.05,-0.23,-5.374%,"512,422,929"
LAES,SEALSQ Corp Ordinary Shares,$2.30,-0.05,-2.128%,"512,380,198"
ARVN,"Arvinas, Inc. Common Stock",$7.83,-0.68,-7.991%,"511,973,876"
NB,NioCorp Developments Ltd. Common Stock,$3.51,-0.22,-5.898%,"511,010,538"
SWRD,Stewards Inc Common Stock,$2.42,0.24,11.009%,"510,982,910"
BSRR,Sierra Bancorp Common Stock,$39.40,-0.61,-1.525%,"510,757,842"
FWRD,Forward Air Corporation Common Stock,$15.06,-0.08,-0.528%,"508,739,782"
NMCO,Nuveen Municipal Credit Opportunities Fund Common Shares,$9.28,-0.27,-2.827%,"508,279,279"
TCMD,"Tactile Systems Technology, Inc. Common Stock",$22.43,-0.25,-1.102%,"508,090,775"
BDN,Brandywine Realty Trust Common Stock,$2.91,-0.04,-1.356%,"508,018,770"
KMDA,Kamada Ltd. Ordinary Shares,$8.77,-0.10,-1.127%,"506,119,375"
VGM,Invesco Trust for Investment Grade Municipals Common Stock (DE),$9.32,-0.34,-3.52%,"505,441,942"
ESEA,Euroseas Ltd. Common Stock (Marshall Islands),$71.57,-1.61,-2.20%,"504,989,403"
CAPR,"Capricor Therapeutics, Inc. Common Stock",$8.67,-0.67,-7.173%,"504,065,035"
RILYL,"BRC Group Holdings, Inc. Depositary Shares each representing 1/1000th in a share of 7.375% Series B Cumulative Perpetual Preferred Stock, par value $0.0001",$12.535,-0.085,-0.674%,"503,903,929"
CSV,"Carriage Services, Inc. Common Stock",$31.72,-0.14,-0.439%,"503,786,429"
INDP,"Indaptus Therapeutics, Inc. Common Stock",$3.77,-0.22,-5.514%,"502,323,561"
HQL,abrdn Life Sciences Investors Shares of Beneficial Interest,$19.56,-0.42,-2.102%,"502,293,680"
SCTX,Scribe Therapeutics Inc. Common Stock,$26.53,-1.54,-5.486%,"502,257,470"
YORW,York Water Company (The) Common Stock,$30.93,-0.66,-2.089%,"501,950,010"
OVID,Ovid Therapeutics Inc. Common Stock,$2.57,-0.19,-6.884%,"501,915,492"
OIS,"Oil States International, Inc. Common Stock",$8.31,0.08,0.972%,"501,280,964"
OBT,"Orange County Bancorp, Inc. Common Stock",$37.38,-0.06,-0.16%,"501,189,657"
PBAM,"Private Bancorp of America, Inc. Common Stock",$87.25,-1.20,-1.357%,"499,924,003"
ETO,Eaton Vance Tax-Advantage Global Dividend Opp Common Stock,$30.45,-0.40,-1.297%,"499,018,802"
PROK,ProKidney Corp. Class A Ordinary Shares,$1.65,-0.18,-9.836%,"498,832,381"
SBC,SBC Medical Group Holdings Incorporated Common Stock,$4.85,-0.19,-3.77%,"498,807,674"
ILPT,Industrial Logistics Properties Trust Common Shares of Beneficial Interest,$7.47,-0.21,-2.734%,"498,591,731"
SPIR,"Spire Global, Inc. Class A Common Stock",$12.21,UNCH,--,"495,999,150"
VKQ,Invesco Municipal Trust Common Stock,$8.96,-0.18,-1.969%,"495,806,214"
TATT,TAT Technologies Ltd. Ordinary Shares,$38.17,0.12,0.315%,"495,566,339"
GORO,Goldgroup Mining Inc. Common Shares,$3.65,0.10,2.817%,"495,102,859"
RGNX,REGENXBIO Inc. Common Stock,$7.50,-0.65,-7.975%,"495,098,940"
AMCX,AMC Global Media Inc. Class A Common Stock,$12.00,-0.08,-0.662%,"494,999,652"
OLP,"One Liberty Properties, Inc. Common Stock",$22.65,-0.34,-1.479%,"494,336,794"
IPI,"Intrepid Potash, Inc Common Stock",$36.72,-0.49,-1.317%,"494,129,069"
IQI,Invesco Quality Municipal Income Trust Common Stock,$9.34,-0.39,-4.008%,"493,934,664"
GLRE,"Greenlight Capital Re, Ltd. Class A Ordinary Shares",$15.01,-0.10,-0.662%,"489,946,573"
AII,"American Integrity Insurance Group, Inc. Common Stock",$24.97,-0.99,-3.814%,"489,247,872"
ENTX,Entera Bio Ltd. Ordinary Shares,$2.81,-0.17,-5.705%,"488,474,302"
TECX,"Tectonic Therapeutic, Inc. Common Stock",$24.98,-1.52,-5.736%,"488,343,163"
PDLB,"Ponce Financial Group, Inc. Common Stock",$20.18,-0.26,-1.272%,"488,111,842"
BBCP,"Concrete Pumping Holdings, Inc. Common Stock",$9.685,-0.335,-3.343%,"488,060,273"
ASMB,"Assembly Biosciences, Inc. Common Stock",$23.97,-1.48,-5.815%,"488,043,486"
CLB,Core Laboratories Inc. Common Stock,$10.63,-0.31,-2.834%,"487,752,681"
NPCE,"Neuropace, Inc. Common Stock",$14.21,-0.50,-3.399%,"487,747,934"
RILYP,"BRC Group Holdings, Inc. Depositary Shares, each representing a 1/1000th fractional interest in a share of Series A Cumulative Perpetual Preferred Stock",$12.125,-0.075,-0.615%,"487,422,029"
WTBA,West Bancorporation Common Stock,$28.52,-0.69,-2.362%,"486,087,550"
COFS,"ChoiceOne Financial Services, Inc. Common Stock",$32.44,-0.43,-1.308%,"485,157,069"
NWCLW,newcleo plc Warrants,$0.95,-0.05,-5.00%,"483,909,984"
TYG,Tortoise Energy Infrastructure Corporation Common Stock,$40.38,-2.10,-4.944%,"481,648,723"
NEXN,Nexxen International Ltd. Ordinary Shares,$8.63,-0.25,-2.815%,"480,870,323"
TKNO,"Alpha Teknova, Inc. Common Stock",$8.93,0.16,1.824%,"479,436,037"
WNC,Wabash National Corporation Common Stock,$11.76,-0.36,-2.97%,"479,069,154"
PBYI,Puma Biotechnology Inc Common Stock,$9.28,-0.54,-5.499%,"479,034,212"
NRC,NRC Health Common Stock,$21.57,-0.29,-1.327%,"477,119,039"
MCFT,"MasterCraft Boat Holdings, Inc. Common Stock",$19.60,-0.87,-4.25%,"477,051,672"
FTHY,First Trust High Yield Opportunities 2027 Term Fund Common Stock,$12.97,-0.04,-0.307%,"476,945,667"
CMCO,Columbus McKinnon Corporation Common Stock,$16.51,0.07,0.426%,"476,548,668"
FMAO,"Farmers & Merchants Bancorp, Inc. Common Stock",$34.58,-0.79,-2.234%,"476,275,942"
QUAD,"Quad Graphics, Inc Class A Common Stock",$9.25,-0.37,-3.846%,"476,017,044"
SRTA,"Strata Critical Medical, Inc. Class A Common Stock",$5.38,-0.10,-1.825%,"475,951,416"
IDR,"Idaho Strategic Resources, Inc. Common Stock",$30.02,-1.02,-3.286%,"475,101,623"
ARKO,ARKO Corp. Common Stock,$4.23,-0.12,-2.759%,"474,545,600"
ALTI,"AlTi Global, Inc. Class A Common Stock",$3.04,-0.12,-3.797%,"474,068,033"
SPCE,"Virgin Galactic Holdings, Inc. Common Stock",$3.12,-0.20,-6.024%,"472,979,217"
MTLS,Materialise NV American Depositary Shares,$7.99,0.15,1.913%,"471,946,816"
GTN,"Gray Media, Inc. Common Stock",$4.58,-0.07,-1.505%,"471,668,474"
MFI,mF International Limited Class A Ordinary Shares,$9.40,-0.10,-1.053%,"471,658,959"
ASPN,"Aspen Aerogels, Inc. Common Stock",$5.68,0.20,3.65%,"471,376,293"
XRN,Chiron Real Estate Inc. Common Stock,$35.57,-0.97,-2.655%,"470,869,613"
CD,Chaince Digital Holdings Inc. Ordinary Shares,$4.28,-0.345,-7.459%,"470,816,264"
FPI,Farmland Partners Inc. Common Stock,$10.79,-0.13,-1.19%,"470,775,490"
CTNM,"Contineum Therapeutics, Inc. Class A Common Stock",$12.51,-0.89,-6.642%,"470,640,361"
IMSR,Terrestrial Energy Inc. Common Stock  ,$4.43,-0.20,-4.32%,"469,293,175"
GRVY,"GRAVITY Co., Ltd. American Depository Shares",$67.47,-1.21,-1.762%,"468,842,283"
SGHT,"Sight Sciences, Inc. Common Stock",$8.50,-0.09,-1.048%,"468,247,915"
TWI,"Titan International, Inc. (DE) Common Stock",$7.24,-0.25,-3.338%,"467,286,628"
RWT,"Redwood Trust, Inc. Common Stock",$3.72,-0.39,-9.489%,"467,278,247"
CMCL,Caledonia Mining Corporation Plc Common Shares,$24.13,-0.81,-3.248%,"466,555,456"
HBB,Hamilton Beach Brands Holding Company Class A Common Stock ,$34.58,0.52,1.527%,"464,835,841"
OPTU,"Optimum Communications, Inc. Class A common stock",$1.02,-0.11,-9.735%,"464,696,552"
VHI,"Valhi, Inc. Common Stock",$16.33,-0.46,-2.74%,"462,485,082"
LXFR,Luxfer Holdings PLC Ordinary Shares,$17.27,-0.02,-0.116%,"462,132,092"
URG,Ur Energy Inc Common Shares (Canada),$1.16,-0.05,-4.132%,"461,521,915"
ASPI,ASP Isotopes Inc. Common Stock,$3.01,-0.17,-5.346%,"461,461,234"
JOUT,Johnson Outdoors Inc. Class A Common Stock,$44.03,-0.92,-2.047%,"461,419,870"
ASTL,Algoma Steel Group Inc. Common Shares,$4.36,-0.07,-1.58%,"459,494,379"
FISN,"Deep Fission, Inc. Common Stock",$7.80,-0.32,-3.941%,"459,466,316"
MGRB,"Affiliated Managers Group, Inc. 4.750% Junior Subordinated Notes due 2060",$16.12,-0.045,-0.278%,"458,002,456"
MBUU,"Malibu Boats, Inc. Class A Common Stock",$23.21,-0.82,-3.412%,"456,709,576"
CLPT,"ClearPoint Neuro, Inc. Common Stock",$14.97,-0.82,-5.193%,"456,648,278"
XRX,Xerox Holdings Corporation Common Stock,$3.47,-0.02,-0.573%,"455,661,353"
ORBS,Eightco Holdings Inc. Common Stock,$1.06,-0.11,-9.402%,"455,564,044"
ETB,Eaton Vance Tax-Managed Buy-Write Income Fund Eaton Vance Tax-Managed Buy-Write Income Fund Common Shares of Beneficial Interest,$15.50,-0.11,-0.705%,"455,256,669"
ADUR,Aduro Clean Technologies Inc. Common Stock,$12.68,0.01,0.079%,"452,736,205"
CZNC,Citizens & Northern Corp Common Stock,$25.22,-0.46,-1.791%,"452,317,346"
MASS,908 Devices Inc. Common Stock,$10.94,-0.24,-2.147%,"452,190,733"
KRUS,"Kura Sushi USA, Inc. Class A Common Stock",$37.20,-0.15,-0.402%,"451,973,899"
AMSF,"AMERISAFE, Inc. Common Stock",$24.37,-0.19,-0.774%,"451,723,733"
CWCO,Consolidated Water Co. Ltd. Ordinary Shares,$28.09,-0.50,-1.749%,"449,801,378"
ATNI,"ATN International, Inc. Common Stock",$29.08,-0.54,-1.823%,"447,929,622"
VCV,Invesco California Value Municipal Income Trust Common Stock,$9.35,-0.19,-1.992%,"447,776,409"
BMRC,Bank of Marin Bancorp Common Stock,$27.58,-0.42,-1.50%,"446,637,360"
ZKH,"ZKH Group Limited American Depositary Shares, each representing thirty-five (35) Class A Ordinary Shares",$2.81,-0.08,-2.768%,"446,563,281"
ASIX,AdvanSix Inc. Common Stock ,$16.53,-0.19,-1.136%,"446,329,605"
PRTA,Prothena Corporation plc Ordinary Shares,$8.68,-0.31,-3.448%,"445,604,934"
QNC,Quantum eMotion Corp. Common Shares,$2.03,0.27,15.341%,"445,421,930"
MEC,"Mayville Engineering Company, Inc. Common Stock",$17.45,0.11,0.634%,"444,980,776"
RBB,RBB Bancorp Common Stock,$26.28,-0.51,-1.904%,"444,551,534"
NMG,Nouveau Monde Graphite Inc. Common Shares,$1.35,-0.06,-4.255%,"444,361,721"
AHRT,"AH Realty Trust, Inc. Common Stock",$5.95,-0.24,-3.877%,"443,828,302"
VITL,"Vital Farms, Inc. Common Stock",$10.31,-0.94,-8.356%,"442,623,992"
GUT,Gabelli Utility Trust (The) Common Stock,$6.01,-0.06,-0.988%,"441,128,164"
FVR,"FrontView REIT, Inc. Common Stock",$18.02,-0.20,-1.098%,"440,696,273"
EIKN,"Eikon Therapeutics, Inc. Common Stock",$8.13,-0.85,-9.465%,"440,361,694"
FRBA,First Bank Common Stock,$17.51,-0.23,-1.297%,"440,103,397"
WEYS,"Weyco Group, Inc. Common Stock",$46.07,-0.80,-1.707%,"440,013,787"
CIX,CompX International Inc. Common Stock,$35.66,-2.69,-7.014%,"439,925,189"
TRC,Tejon Ranch Co Common Stock,$16.26,-0.25,-1.514%,"439,368,679"
GLOO,"Gloo Holdings, Inc. Class A Common Stock",$4.80,0.02,0.418%,"439,348,997"
MNRO,"Monro, Inc. Common Stock",$14.02,-0.27,-1.889%,"438,322,121"
PACB,"Pacific Biosciences of California, Inc. Common Stock",$1.41,-0.06,-4.082%,"438,271,370"
KYTX,"Kyverna Therapeutics, Inc. Common Stock",$7.07,-0.44,-5.859%,"437,233,149"
TRX,TRX Gold Corporation Common Stock,$1.33,-0.10,-6.993%,"435,540,432"
LOCO,"El Pollo Loco Holdings, Inc. Common Stock",$14.28,-0.13,-0.902%,"434,582,340"
GLAD,Gladstone Capital Corporation Common Stock,$19.22,-0.14,-0.723%,"434,238,786"
CBAN,"Colony Bankcorp, Inc. Common Stock",$20.44,-0.41,-1.966%,"433,756,525"
PBFS,"Pioneer Bancorp, Inc. Common Stock",$17.45,-0.54,-3.002%,"433,487,019"
GMTL,Guardian Metal Resources PLC ADS,$10.87,-0.58,-5.066%,"432,184,700"
AVBC,"Avidia Bancorp, Inc. Common Stock",$21.63,-0.15,-0.689%,"431,957,719"
CBK,"Commercial Bancgroup, Inc. Common Stock",$31.47,-0.89,-2.75%,"431,178,967"
ACIC,American Coastal Insurance Corporation Common Stock,$9.11,-0.10,-1.086%,"430,646,353"
ADV,Advantage Solutions Inc. Class A Common Stock,$33.54,0.495,1.498%,"430,057,594"
HVT,"Haverty Furniture Companies, Inc. Common Stock",$27.50,-0.77,-2.724%,"428,824,715"
ULH,"Universal Logistics Holdings, Inc. Common Stock",$16.25,-0.23,-1.396%,"428,476,831"
NGS,"Natural Gas Services Group, Inc. Common Stock",$33.18,-0.12,-0.36%,"427,965,096"
PHOE,Phoenix Asia Holdings Limited Ordinary Shares,$19.81,0.06,0.304%,"427,896,000"
DGXX,Digi Power X Inc. Subordinate Voting Shares,$4.22,-0.14,-3.211%,"427,879,958"
EVGO,EVgo Inc. Class A Common Stock,$1.36,-0.11,-7.483%,"427,741,379"
CAL,"Caleres, Inc. Common Stock",$12.36,-0.43,-3.362%,"426,481,516"
CYH,"Community Health Systems, Inc. Common Stock",$3.01,-0.01,-0.331%,"424,438,165"
CTEV,Claritev Corporation Class A Common Stock,$25.04,-4.41,-14.975%,"424,364,474"
PLBC,Plumas Bancorp,$60.98,-0.93,-1.502%,"424,360,796"
AVIR,"Atea Pharmaceuticals, Inc. Common Stock",$5.28,-0.36,-6.383%,"423,480,811"
MAGN,Magnera Corporation Common Stock,$11.82,-0.27,-2.233%,"423,156,000"
CRMLW,Critical Metals Corp. Warrants,$2.875,-0.47,-14.051%,"422,305,165"
CLFD,"Clearfield, Inc. Common Stock",$31.07,-0.76,-2.388%,"422,053,482"
CTRN,"Citi Trends, Inc. Common Stock",$50.56,-3.47,-6.422%,"421,642,440"
ACTG,Acacia Research Corporation (Acacia Tech) Common Stock,$4.32,-0.02,-0.461%,"421,574,998"
CDRO,"Codere Online Luxembourg, S.A. Ordinary Shares",$9.23,0.23,2.556%,"419,687,315"
SGU,Star Group L.P. Common Stock,$12.79,-0.09,-0.699%,"419,655,453"
BLW,Blackrock Limited Duration Income Trust,$11.68,-0.13,-1.101%,"417,107,435"
GNE,Genie Energy Ltd. Class B Common Stock Stock,$15.84,-0.28,-1.737%,"416,902,828"
CCOI,"Cogent Communications Holdings, Inc.",$8.13,-1.18,-12.675%,"416,383,934"
MRAM,"Everspin Technologies, Inc. Common Stock",$17.09,-0.59,-3.337%,"416,141,654"
SPRY,"ARS Pharmaceuticals, Inc. Common Stock",$4.18,-0.30,-6.696%,"415,689,894"
ZURA,Zura Bio Limited Class A Ordinary Shares,$4.33,-0.18,-3.991%,"414,940,163"
MGRD,"Affiliated Managers Group, Inc. 4.200% Junior Subordinated Notes due 2061",$14.60,0.01,0.069%,"414,816,120"
USCB,"USCB Financial Holdings, Inc. Class A Common Stock",$22.44,-0.48,-2.094%,"414,567,107"
ALLT,Allot Ltd. Ordinary Shares,$8.47,0.16,1.925%,"414,378,649"
EDIT,"Editas Medicine, Inc. Common Stock",$2.69,-0.23,-7.877%,"413,130,294"
LAND,Gladstone Land Corporation Common Stock,$9.53,-0.195,-2.005%,"411,091,541"
DDT,Dillard's Capital Trust I,$26.27,0.09,0.344%,"410,322,978"
RDIB,Reading International Inc Class B Common Stock,$17.89,1.44,8.754%,"409,504,372"
EVH,"Evolent Health, Inc Class A Common Stock",$3.62,-0.18,-4.737%,"409,274,793"
CHCT,Community Healthcare Trust Incorporated Common Stock,$14.27,-0.16,-1.109%,"408,890,325"
CPS,Cooper-Standard Holdings Inc. Common Stock,$23.01,-0.95,-3.965%,"408,869,476"
GALT,Galectin Therapeutics Inc. Common Stock,$4.05,-0.09,-2.174%,"408,441,058"
DMAC,DiaMedica Therapeutics Inc. Common Stock,$7.56,-0.22,-2.828%,"407,678,269"
RLGT,"Radiant Logistics, Inc. Common Stock",$8.67,-0.03,-0.345%,"406,573,321"
FRPH,"FRP Holdings, Inc. Common Stock",$21.08,-0.34,-1.587%,"404,700,185"
ISTR,Investar Holding Corporation Common Stock,$29.36,-0.53,-1.773%,"404,493,483"
ECX,ECARX Holdings Inc. Class A Ordinary shares,$1.06,-0.04,-3.636%,"403,923,583"
NKLR,Terra Innovatum Global N.V. Ordinary shares,$3.65,-0.39,-9.653%,"403,328,314"
RLMD,"Relmada Therapeutics, Inc. Common Stock",$3.78,-0.46,-10.849%,"403,212,018"
BOC,Boston Omaha Corporation Class A Common Stock,$13.38,-0.11,-0.815%,"403,093,453"
CARL,"Carlsmed, Inc. Common Stock",$14.76,-0.66,-4.28%,"402,988,487"
TTRX,Turn Therapeutics Inc. Common Stock,$13.51,-1.78,-11.642%,"402,436,420"
IRD,"Opus Genetics, Inc. Common Stock",$4.83,-0.33,-6.395%,"401,835,825"
BTQ,BTQ Technologies Corp. Common Stock,$2.73,0.05,1.866%,"401,530,248"
LRMR,"Larimar Therapeutics, Inc. Common Stock",$3.865,0.045,1.178%,"401,507,552"
RMNI,"Rimini Street, Inc. (DE) Common Stock",$4.30,-0.08,-1.826%,"401,430,800"
STRZ,Starz Entertainment Corp. Common Shares,$23.41,-2.30,-8.946%,"400,876,843"
VGZ,Vista Gold Corp Common Stock,$2.74,-0.08,-2.837%,"399,961,488"
HCMA,HCM III Acquisition Corp. Class A Ordinary Share,$10.30,0.01,0.097%,"399,768,750"
VOGX,Vogenx Inc Common Stock,$26.86,0.29,1.091%,"399,007,637"
IIIV,"i3 Verticals, Inc. Class A Common Stock",$15.10,-0.05,-0.33%,"397,462,336"
BKKT,"Bakkt, Inc. Class A Common Stock",$8.81,-0.92,-9.455%,"397,061,925"
GREEL,Vulcan Infrastructure and Power Inc. 8.50% Senior Notes due 2026,$25.30,0.0168,0.066%,"396,537,450"
SAZ,Saratoga Investment Corp 8.50% Notes due 2028,$25.27,0.12,0.477%,"395,933,670"
CGC,Canopy Growth Corporation Common Shares,$0.9354,-0.0318,-3.288%,"395,709,441"
FCBM,"First Carolina Financial Services, Inc. Common Stock",$12.73,-0.18,-1.394%,"395,506,486"
SAJ,Saratoga Investment Corp 8.00% Notes due 2027,$25.19,0.0316,0.126%,"394,680,220"
OXM,"Oxford Industries, Inc. Common Stock",$26.34,-1.77,-6.297%,"394,527,737"
SAY,Saratoga Investment Corp 8.125% Notes due 2027,$25.15,UNCH,--,"394,053,495"
EVN,Eaton Vance Municipal Income Trust Common Stock,$9.90,-0.31,-3.036%,"392,704,914"
ACCO,Acco Brands Corporation Common Stock,$4.25,-0.08,-1.848%,"392,307,164"
PKBK,"Parke Bancorp, Inc. Common Stock",$33.35,-0.59,-1.738%,"392,245,025"
FSTR,L.B. Foster Company Common Stock,$37.27,-0.50,-1.324%,"392,071,567"
CINT,CI&T Inc Class A Common Shares,$3.04,-0.03,-0.977%,"391,824,849"
CHMG,Chemung Financial Corp Common Stock,$81.22,-0.75,-0.915%,"391,599,956"
GRRR,Gorilla Technology Group Inc. Ordinary shares,$14.07,-0.33,-2.292%,"390,547,659"
OPRT,Oportun Financial Corporation Common Stock,$8.48,0.19,2.292%,"389,971,905"
AIOT,"PowerFleet, Inc. Common Stock",$2.90,-0.08,-2.685%,"389,255,162"
ATLCZ,Atlanticus Holdings Corporation 9.25% Senior Notes due 2029,$25.73,0.08,0.312%,"389,177,803"
CYPH,Cypherpunk Technologies Inc. Common Stock,$3.61,-0.12,-3.217%,"389,029,419"
BNED,"Barnes & Noble Education, Inc Common Stock",$11.21,0.08,0.719%,"388,594,426"
VOXR,Vox Royalty Corp. Common Stock,$5.57,-0.19,-3.299%,"387,088,732"
NATH,"Nathan's Famous, Inc. Common Stock",$94.40,-2.52,-2.60%,"386,819,198"
OTLY,Oatly Group AB American Depositary Shares,$12.12,-0.19,-1.543%,"386,776,567"
OPI,Office Properties Income Trust Common shares of beneficial interest,$17.59,-0.09,-0.509%,"386,163,419"
RZLT,"Rezolute, Inc. Common Stock (NV)",$4.00,-0.04,-0.99%,"385,169,324"
MVBF,MVB Financial Corp. Common Stock,$29.69,-0.76,-2.496%,"385,005,283"
PRE,Prenetics Global Limited Class A Ordinary Share,$22.71,-0.19,-0.83%,"384,655,621"
NPWR,NET Power Inc. Class A Common Stock,$1.71,-0.10,-5.525%,"384,508,139"
FRST,Primis Financial Corp. Common Stock,$15.49,-0.32,-2.024%,"384,137,625"
MYGN,"Myriad Genetics, Inc. Common Stock",$4.01,-0.01,-0.249%,"383,555,076"
FNLC,"First Bancorp, Inc  (ME) Common Stock",$33.98,-0.66,-1.905%,"383,373,913"
PCB,PCB Bancorp Common Stock,$27.16,-0.50,-1.808%,"381,451,390"
ATLCL,Atlanticus Holdings Corporation 6.125% Senior Notes due 2026,$25.21,-0.0101,-0.04%,"381,312,569"
AUNA,Auna SA Class A Ordinary Shares,$5.15,-0.07,-1.341%,"381,166,770"
TACO,Berto Acquisition Corp. Ordinary Shares,$10.45,-0.01,-0.096%,"380,821,324"
SOR,"Source Capital, Inc. Cmn Shs of BI",$45.61,0.01,0.022%,"380,591,870"
SHIP,Seanergy Maritime Holdings Corp. Common Stock,$17.56,-0.27,-1.514%,"380,493,557"
MCI,Barings Corporate Investors Common Stock,$18.73,-0.13,-0.689%,"379,501,997"
AGEN,Agenus Inc. Common Stock,$8.40,-0.30,-3.448%,"379,360,094"
CCCC,"C4 Therapeutics, Inc. Common Stock",$3.08,-0.23,-6.949%,"378,917,419"
HTT,"High Templar Tech Limited American depositary shares, each representing one Class A ordinary share",$2.44,-0.05,-2.008%,"378,891,750"
ARCT,Arcturus Therapeutics Holdings Inc. Common Stock,$13.30,-1.08,-7.51%,"378,026,818"
ARTV,"Artiva Biotherapeutics, Inc. Common Stock",$7.72,-0.37,-4.574%,"377,431,734"
WDH,Waterdrop Inc. American Depositary Shares (each representing the right to receive 10 Class A Ordinary Shares),$1.05,UNCH,--,"377,267,051"
CZFS,"Citizens Financial Services, Inc. Common Stock",$78.28,-2.25,-2.794%,"376,515,449"
CABA,"Cabaletta Bio, Inc. Common Stock",$2.22,-0.28,-11.20%,"376,390,888"
SFIX,"Stitch Fix, Inc. Class A Common Stock",$2.82,-0.17,-5.686%,"376,260,914"
SDHY,PGIM Short Duration High Yield Opportunities Fund Common Shares,$15.24,-0.21,-1.359%,"376,017,373"
TWIN,"Twin Disc, Incorporated Common Stock",$25.85,-0.08,-0.309%,"375,830,979"
OFIX,Orthofix Medical Inc. Common Stock (DE),$9.18,0.20,2.227%,"373,925,341"
SERV,Serve Robotics Inc. Common Stock,$4.31,-0.24,-5.275%,"373,709,355"
SLP,"Simulations Plus, Inc. Common Stock",$18.42,0.01,0.054%,"372,541,516"
HQWWW,Horizon Quantum Holdings Ltd. Warrant,$6.89,-1.06,-13.333%,"371,867,631"
TRVG,trivago N.V. American Depositary Shares,$5.26,-1.08,-17.035%,"371,459,485"
RR,Richtech Robotics Inc. Class B Common Stock,$1.65,-0.08,-4.624%,"371,418,206"
VFF,"Village Farms International, Inc. Common Shares",$3.035,0.055,1.846%,"371,138,911"
DRTSW,Alpha Tau Medical Ltd. Warrant,$4.00,-0.14,-3.382%,"369,912,616"
GCO,Genesco Inc. Common Stock,$34.16,-0.92,-2.623%,"369,616,392"
FENC,Fennec Pharmaceuticals Inc. Common Stock,$10.51,-0.50,-4.541%,"368,207,340"
RNGR,"Ranger Energy Services, Inc. Class A Common Stock",$15.65,0.12,0.773%,"366,241,660"
WSBF,"Waterstone Financial, Inc. Common Stock (MD)",$20.33,-0.41,-1.977%,"365,472,979"
FIP,FTAI Infrastructure Inc. Common Stock ,$3.09,-0.17,-5.215%,"365,181,567"
CRNC,Cerence Inc. Common Stock,$8.07,-0.16,-1.944%,"365,008,174"
FOSL,"Fossil Group, Inc. Common Stock",$6.17,-0.24,-3.744%,"364,881,781"
TCI,"Transcontinental Realty Investors, Inc. Common Stock",$41.56,0.52,1.267%,"364,645,985"
ORN,"Orion Group Holdings, Inc. Common",$9.00,-0.03,-0.332%,"364,457,610"
ATLCP,"Atlanticus Holdings Corporation 7.625% Series B Cumulative Perpetual Preferred Stock, no par value per share",$23.9954,-0.0296,-0.123%,"364,011,130"
LND,Brasilagro Brazilian Agric Real Estate Co Sponsored ADR (Brazil),$3.54,-0.07,-1.939%,"363,499,392"
NWFL,Norwood Financial Corp. Common Stock,$33.34,-0.99,-2.884%,"363,475,147"
KNOP,KNOT Offshore Partners LP Common Units representing Limited Partner Interests,$10.79,-0.15,-1.371%,"363,195,090"
NECB,"NorthEast Community Bancorp, Inc. Common Stock",$26.38,-0.46,-1.714%,"363,148,636"
DIN,"Dine Brands Global, Inc. Common Stock",$28.68,0.10,0.35%,"363,064,422"
BCBP,"BCB Bancorp, Inc. (NJ) Common Stock",$8.69,0.02,0.231%,"362,823,333"
API,"Agora, Inc. American Depositary Shares",$4.33,-0.06,-1.367%,"362,745,750"
SWMR,"Swarmer, Inc Common Stock",$22.74,0.09,0.397%,"362,406,948"
VKI,Invesco Advantage Municipal Income Trust II Common Shares of Beneficial Interest (DE),$8.16,-0.25,-2.973%,"362,353,123"
BIOA,"BioAge Labs, Inc. Common Stock",$7.89,-0.57,-6.738%,"362,126,612"
SI,"Shoulder Innovations, Inc. Common Stock",$17.37,-0.24,-1.363%,"361,625,283"
LSAK,"Lesaka Technologies, Inc. Common Stock",$4.21,-0.02,-0.473%,"361,319,436"
GBLI,"Global Indemnity Group, LLC Class A Common Stock ",$24.65,-0.95,-3.711%,"360,891,135"
MOVE,"Corvex, Inc. Common Stock",$11.42,0.51,4.675%,"360,326,981"
JILL,"J. Jill, Inc. Common Stock",$24.15,-0.40,-1.629%,"358,940,895"
GEVO,"Gevo, Inc. Common Stock",$1.45,-0.11,-7.051%,"358,493,801"
PACK,Ranpak Holdings Corp Class A Common Stock,$4.18,-0.04,-0.948%,"358,469,648"
DSX,Diana Shipping inc. common stock,$2.88,-0.04,-1.37%,"358,311,459"
VALU,"Value Line, Inc. Common Stock",$38.17,-0.53,-1.37%,"358,114,681"
CLNE,Clean Energy Fuels Corp. Common Stock,$1.62,-0.06,-3.571%,"357,120,924"
BRCB,"Black Rock Coffee Bar, Inc. Class A Common Stock",$7.12,-0.03,-0.42%,"356,517,474"
OBIO,"Orchestra BioMed Holdings, Inc. Ordinary Shares",$5.93,-0.29,-4.662%,"356,422,941"
SHOE,"Shoe Station Group, Inc. Common Stock",$13.11,-0.27,-2.018%,"356,379,815"
CCAP,"Crescent Capital BDC, Inc. Common stock",$9.67,-0.09,-0.922%,"356,300,356"
LZM,Lifezone Metals Limited Ordinary Shares,$3.96,-0.15,-3.65%,"356,061,646"
KREF,KKR Real Estate Finance Trust Inc. Common Stock,$6.06,-0.56,-8.459%,"354,982,365"
LEO,"BNY Mellon Strategic Municipals, Inc. Common Stock",$5.69,-0.11,-1.897%,"354,434,959"
BMBL,Bumble Inc. Class A Common Stock,$2.68,-0.15,-5.30%,"353,675,082"
CION,CION Investment Corporation Common Stock,$7.18,-0.02,-0.278%,"353,275,415"
GTE,Gran Tierra Energy Inc. Common Stock,$9.97,0.18,1.839%,"352,742,877"
VELO,"Velo3D, Inc. Common stock",$10.97,-0.55,-4.774%,"352,675,824"
PPHC,"Public Policy Holding Company, Inc. Common Stock",$11.72,-0.31,-2.577%,"350,372,787"
USDE,StablecoinX Inc. Class A Common Stock,$12.87,-0.67,-4.948%,"349,898,350"
FLXS,"Flexsteel Industries, Inc. Common Stock",$85.23,1.07,1.271%,"348,739,085"
ARTNA,Artesian Resources Corporation Class A Common Stock,$33.75,-0.55,-1.603%,"348,540,334"
TSBK,"Timberland Bancorp, Inc. Common Stock",$44.82,-0.72,-1.581%,"348,505,440"
ENTA,"Enanta Pharmaceuticals, Inc. Common Stock",$11.95,-0.47,-3.784%,"348,048,554"
EH,EHang Holdings Limited ADS,$4.58,-0.15,-3.171%,"347,371,758"
ERII,"Energy Recovery, Inc. Common Stock",$6.80,-0.32,-4.494%,"347,105,150"
CURR,Currenc Group Inc. Ordinary Shares,$3.09,0.03,0.98%,"346,951,025"
REI,"Ring Energy, Inc. Common Stock",$1.33,-0.01,-0.746%,"346,517,677"
NOA,North American Construction Group Ltd. Common Shares (no par),$12.50,UNCH,--,"346,380,775"
CUB,Lionheart Holdings Class A Ordinary Shares,$10.89,0.01,0.092%,"345,959,793"
IMXI,"International Money Express, Inc. Common Stock",$11.43,-0.61,-5.066%,"345,318,897"
CLW,Clearwater Paper Corporation Common Stock,$21.38,-0.53,-2.419%,"344,811,594"
SNDL,SNDL Inc. Common Shares,$1.40,-0.01,-0.709%,"344,569,180"
PRLD,Prelude Therapeutics Incorporated Common Stock,$4.31,-0.54,-11.134%,"343,953,020"
CVEO,Civeo Corporation (Canada) Common Shares,$33.20,-0.89,-2.611%,"343,183,719"
BNTC,Benitec Biopharma Inc. Common Stock,$9.83,-1.12,-10.228%,"342,897,197"
EBS,Emergent BioSolutions Inc. Common Stock,$6.67,-0.09,-1.331%,"341,993,151"
AVBH,"Avidbank Holdings, Inc. Common stock",$31.12,-0.68,-2.138%,"341,805,898"
SOHU,Sohu.com Limited American Depositary Shares,$13.11,-0.13,-0.982%,"341,764,878"
BRBS,"Blue Ridge Bankshares, Inc. Common Stock",$3.81,-0.06,-1.55%,"341,714,530"
FSBW,"FS Bancorp, Inc. Common Stock",$43.46,-0.55,-1.25%,"341,688,952"
RPAY,Repay Holdings Corporation Class A Common Stock,$3.80,-0.09,-2.314%,"341,470,459"
PERI,Perion Network Ltd. Ordinary Shares,$8.64,-0.09,-1.031%,"339,813,956"
SVIA,"Silvia, Inc. Common Stock",$4.03,-0.63,-13.519%,"339,771,073"
OEC,Orion S.A. Common Shares,$6.01,-0.05,-0.825%,"339,701,421"
NL,"NLI Holdings, Inc. Common Stock",$6.94,-0.13,-1.839%,"339,357,214"
OCGN,"Ocugen, Inc. Common Stock",$1.00,-0.04,-3.846%,"339,110,401"
TCPC,BlackRock TCP Capital Corp. Common Stock,$4.04,-0.04,-0.98%,"338,967,211"
RCEL,"Avita Medical, Inc. Common Stock",$10.95,-0.54,-4.70%,"338,648,975"
ALIT,"Alight, Inc. Class A Common Stock",$12.54,-0.37,-2.866%,"337,816,226"
LWAY,"Lifeway Foods, Inc. Common Stock",$22.31,-1.21,-5.145%,"337,031,526"
TREE,"LendingTree, Inc. Common Stock",$24.00,-2.05,-7.869%,"336,949,464"
PSFE,Paysafe Limited Common Shares,$6.45,-0.26,-3.875%,"336,789,794"
RCKY,"Rocky Brands, Inc. Common Stock",$44.82,-0.33,-0.731%,"335,787,451"
DSC,DSC Holdings Ltd. American Depositary Shares,$6.70,0.31,4.851%,"335,485,696"
VMD,"Viemed Healthcare, Inc. Common Shares",$8.80,-0.16,-1.786%,"335,176,406"
PESI,"Perma-Fix Environmental Services, Inc. Common Stock",$15.79,-0.74,-4.477%,"335,037,762"
GASS,"StealthGas, Inc. Common Stock",$9.00,-0.09,-0.99%,"334,671,174"
NUAIW,"New Era Energy & Digital, Inc. Warrants",$3.14,0.03,0.965%,"334,596,324"
BBOT,"BridgeBio Oncology Therapeutics, Inc. Common Stock  ",$4.16,-0.50,-10.73%,"333,524,951"
REAX,Real REMAX Group Inc. Common Stock,$15.13,-2.00,-11.675%,"331,649,600"
RCKT,"Rocket Pharmaceuticals, Inc. Common Stock",$3.02,-0.33,-9.851%,"331,519,283"
NNDM,Nano Dimension Ltd. American Depositary Shares,$1.57,-0.01,-0.633%,"331,017,247"
EGHT,8x8 Inc Common Stock,$2.29,0.30,15.075%,"330,757,297"
IQMXW,IQM Quantum Computers Oyj Warrants to purchase American Depositary Shares,$1.74,-0.11,-5.946%,"329,723,419"
AXG,Solowin Holdings Class A Ordinary Share,$1.64,0.005,0.306%,"329,657,840"
ABAT,American Battery Technology Company Common Stock,$2.31,-0.08,-3.347%,"329,354,621"
KTF,DWS Municipal Income Trust,$8.30,-0.14,-1.659%,"327,857,785"
NEWT,"NewtekOne, Inc. Common Stock",$11.33,-0.35,-2.997%,"327,264,002"
PPT,Franklin Premier Income Trust Shares of Beneficial Interest,$3.27,-0.05,-1.506%,"325,457,420"
OPAL,OPAL Fuels Inc. Class A Common Stock,$1.86,-0.10,-5.102%,"324,923,400"
IA,"Innovative Solutions and Support, Inc. Common Stock",$18.13,UNCH,--,"324,512,006"
MNTK,"Montauk Renewables, Inc. Common Stock",$2.275,-0.325,-12.50%,"323,826,091"
BCML,BayCom Corp Common Stock,$29.64,-0.29,-0.969%,"323,672,268"
ELA,Envela Corporation Common Stock,$12.46,-0.38,-2.96%,"323,504,911"
CDZI,"CADIZ, Inc. Common Stock",$3.82,0.13,3.523%,"323,466,427"
SMTI,Sanara MedTech Inc. Common Stock,$35.15,-0.13,-0.368%,"322,959,430"
ELVA,Electrovaya Inc. Common Shares,$6.45,-0.28,-4.16%,"322,492,886"
CNCK,Coincheck Group N.V. Ordinary Shares,$1.68,-0.12,-6.667%,"322,220,595"
MLP,"Maui Land & Pineapple Company, Inc. Common Stock",$16.21,-0.04,-0.246%,"321,916,903"
RBBN,Ribbon Communications Inc. Common Stock,$1.80,-0.04,-2.174%,"321,882,034"
CV,"CapsoVision, Inc. Common Stock",$6.05,-0.25,-3.968%,"321,833,332"
JMSB,"John Marshall Bancorp, Inc. Common Stock",$22.79,-0.47,-2.021%,"321,615,534"
EYPT,"EyePoint, Inc. Common Stock",$3.72,-0.35,-8.60%,"320,709,153"
PMO,Franklin Municipal Opportunities Trust Shares of Beneficial Interest,$9.42,-0.17,-1.773%,"320,106,361"
NXH,"Neighborhood Intelligence, Inc. Common Stock",$3.35,-0.19,-5.367%,"319,917,238"
BBW,"Build-A-Bear Workshop, Inc. Common Stock",$25.96,-0.41,-1.555%,"319,809,937"
AIV,Apartment Investment and Management Company Common Stock,$2.20,0.04,1.852%,"319,521,176"
MPTI,"M-tron Industries, Inc. Common Stock",$73.51,-0.78,-1.05%,"319,509,451"
FVCB,"FVCBankcorp, Inc. Common Stock",$17.68,-0.40,-2.212%,"318,844,744"
NNBR,"NN, Inc. Common Stock",$3.86,0.49,14.54%,"318,762,135"
IPSC,"Century Therapeutics, Inc. Common Stock",$1.76,-0.13,-6.878%,"318,692,565"
EVMN,"Evommune, Inc. Common Stock",$8.77,-0.83,-8.646%,"318,281,831"
DBI,Designer Brands Inc. Class A Common Stock,$6.22,-0.17,-2.66%,"317,987,573"
CBNA,"Chain Bridge Bancorp, Inc. Class A Common Stock",$48.46,-0.85,-1.724%,"317,985,652"
FTW,Presidio Production Company Class A Common Stock,$10.14,-0.15,-1.458%,"317,643,764"
CHSCP,CHS Inc. 8%  Cumulative Redeemable Preferred Stock,$25.88,-0.12,-0.462%,"317,599,438"
ABEO,Abeona Therapeutics Inc. Common Stock,$5.53,-0.29,-4.983%,"316,227,614"
EMBC,Embecta Corp. Common Stock,$5.58,-0.01,-0.179%,"316,160,562"
TII,Titan Mining Corporation Common Shares,$3.19,0.07,2.244%,"315,747,240"
SUPX,SuperX AI Technology Limited Ordinary Shares,$7.29,-0.27,-3.571%,"315,048,540"
CHSCO,CHS Inc. Class B Cumulative Redeemable Preferred Stock,$25.65,0.02,0.078%,"314,776,877"
COSO,"CoastalSouth Bancshares, Inc. Common Stock",$26.31,-0.35,-1.313%,"314,521,474"
IHRT,"iHeartMedia, Inc. Class A Common Stock",$2.35,-0.06,-2.49%,"314,192,948"
FDBC,"Fidelity D & D Bancorp, Inc. Common Stock",$53.97,-2.33,-4.139%,"313,485,177"
SUJA,"Suja Life, Inc. Class A Common Stock",$8.07,-0.14,-1.705%,"311,703,847"
GOGO,Gogo Inc. Common Stock,$2.30,-0.17,-6.883%,"311,668,083"
AIRJ,AirJoule Technologies Corporation Class A Common Stock,$4.14,-0.22,-5.046%,"311,356,558"
PNRG,PrimeEnergy Resources Corporation Common Stock,$196.67,-2.68,-1.344%,"311,249,942"
ZH,"Zhihu Inc. American Depositary Shares, each representing three (3) Class A Ordinary Shares",$3.50,-0.02,-0.568%,"310,746,674"
BDSX,"Biodesix, Inc. Common Stock",$29.29,1.14,4.05%,"309,042,246"
HRZN,Horizon Technology Finance Corporation Common Stock,$4.61,-0.04,-0.86%,"309,026,320"
HTZWW,"Hertz Global Holdings, Inc Warrant",$0.866,-0.0326,-3.628%,"308,686,906"
SABS,"SAB Biotherapeutics, Inc. Common Stock",$3.39,-0.11,-3.143%,"308,443,788"
XFOR,"X4 Pharmaceuticals, Inc. Common Stock",$3.11,-0.32,-9.329%,"308,346,371"
CHSCL,"CHS Inc Class B Cumulative Redeemable Preferred Stock, Series 4",$25.095,-0.074,-0.294%,"307,965,915"
TLSI,"TriSalus Life Sciences, Inc. Common Stock",$5.00,0.07,1.42%,"307,873,000"
SOUNW,"SoundHound AI, Inc. Warrant",$0.64,-0.01,-1.538%,"307,842,997"
FVRR,"Fiverr International Ltd. Ordinary Shares, no par value",$8.52,-0.15,-1.73%,"306,300,203"
SLNH,"Soluna Holdings, Inc. Common Stock",$1.24,-0.04,-3.125%,"305,910,538"
TLS,Telos Corporation Common Stock,$4.09,-0.01,-0.244%,"305,673,467"
OPTX,"Syntec Optics Holdings, Inc. Class A Common Stock",$7.58,0.24,3.27%,"305,321,475"
SEG,Seaport Entertainment Group Inc. Common Stock,$23.83,-0.17,-0.708%,"305,251,243"
MOBI,"Mobia Medical, Inc. Common Stock",$9.16,-0.40,-4.184%,"304,946,439"
SWKHL,SWK Holdings Corporation 9.00% Senior Notes due 2027,$25.09,0.01,0.04%,"304,778,040"
VNDA,Vanda Pharmaceuticals Inc. Common Stock,$5.04,-0.17,-3.263%,"304,731,942"
CHSCN,CHS Inc Preferred Class B Series 2 Reset Rate,$24.78,-0.04,-0.161%,"304,100,234"
EFT,Eaton Vance Floating Rate Income Trust Common Shares of Beneficial Interest,$10.45,-0.10,-0.948%,"303,994,837"
LE,"Lands' End, Inc. Common Stock",$10.28,-0.43,-4.015%,"303,713,903"
FCCO,First Community Corporation Common Stock,$32.25,-0.86,-2.597%,"303,141,325"
LEGO,Legato Merger Corp. IV Ordinary Shares,$10.00,0.01,0.10%,"303,070,360"
ELLO,Ellomay Capital Ltd Ordinary Shares (Israel),$21.98,1.08,5.167%,"302,955,395"
NEGG,"Newegg Commerce, Inc. Common Shares",$14.43,-0.28,-1.903%,"302,646,494"
NODK,"NI Holdings, Inc. Common Stock",$14.76,-0.21,-1.403%,"301,173,711"
HLLY,Holley Inc. Common Stock,$2.48,-0.19,-7.116%,"300,660,675"
METCB,"Ramaco Resources, Inc. Class B Common Stock",$4.72,-0.42,-8.171%,"300,585,053"
FINS,Angel Oak Financial Strategies Income Term Trust Common Shares of Beneficial Interest,$11.99,-0.22,-1.802%,"300,501,030"
LTRX,"Lantronix, Inc. Common Stock",$6.40,0.15,2.40%,"300,028,160"
IKT,"Inhibikase Therapeutics, Inc. Common Stock",$2.15,-0.16,-6.926%,"300,002,185"
TDUP,ThredUp Inc. Class A Common Stock,$2.28,-0.17,-6.939%,"299,440,722"
CATX,"Perspective Therapeutics, Inc. Common Stock",$2.62,-0.34,-11.486%,"299,077,357"
FXHO,UTime Limited Class A Ordinary Shares,$10.96,-0.05,-0.454%,"298,948,588"
TBI,"TrueBlue, Inc. Common Stock",$9.81,-0.13,-1.308%,"298,659,015"
NREF,"NexPoint Real Estate Finance, Inc. Common Stock",$15.81,-0.58,-3.539%,"297,987,338"
FNKO,"Funko, Inc. Class A Common Stock",$5.32,-0.30,-5.338%,"297,897,475"
AFRI,Forafric Global PLC Ordinary Shares,$11.04,-0.03,-0.271%,"297,680,518"
PINE,"Alpine Income Property Trust, Inc. Common Stock",$16.88,-0.45,-2.597%,"297,437,619"
CFFI,C&F Financial Corporation Common Stock,$91.39,-2.55,-2.714%,"297,172,040"
EAF,GrafTech International Ltd. Common Stock,$11.36,0.15,1.338%,"296,406,983"
PHOS,First Phosphate Corp. American Depositary Shares,$15.65,-0.92,-5.552%,"296,011,189"
MKTW,"MarketWise, Inc. Class A Common Stock",$18.75,0.54,2.965%,"295,771,594"
FGBIP,"First Guaranty Bancshares, Inc. 6.75% Series A Fixed-Rate Non-Cumulative Perpetual Preferred Stock",$17.88,-0.135,-0.749%,"295,719,001"
MYFW,"First Western Financial, Inc. Common Stock",$30.28,-0.63,-2.038%,"295,688,106"
CHSCM,"CHS Inc Class B Reset Rate Cumulative Redeemable Preferred Stock, Series 3",$24.0902,-0.0098,-0.041%,"295,635,007"
FUND,"Sprott Focus Trust, Inc. Common Stock",$9.95,-0.10,-0.995%,"294,853,892"
ZIP,"ZipRecruiter, Inc. Class A Common Stock",$3.58,-0.14,-3.763%,"294,369,664"
TMCI,"Treace Medical Concepts, Inc. Common Stock",$4.51,-0.08,-1.743%,"293,305,830"
RFMZ,"RiverNorth Flexible Municipal Income Fund II, Inc. Common Stock",$12.04,-0.21,-1.714%,"293,195,142"
ALCO,"Alico, Inc. Common Stock",$39.42,-0.31,-0.78%,"292,439,675"
LAB,Standard BioTools Inc. Common Stock,$0.742,-0.0078,-1.04%,"291,293,476"
FATE,"Fate Therapeutics, Inc. Common Stock",$2.43,-0.15,-5.814%,"291,163,849"
FULC,"Fulcrum Therapeutics, Inc. Common Stock",$3.81,-0.03,-0.781%,"290,692,549"
CHAD,DeFi Development Corp. Variable Rate Series C Perpetual Preferred Stock,$8.90,0.09,1.022%,"290,325,031"
OCCIN,"OFS Credit Company, Inc. 5.25% Series E Term Preferred Stock Due 2026",$24.98,0.11,0.442%,"290,180,420"
BPRN,"Princeton Bancorp, Inc. Common Stock (PA)",$42.56,-1.06,-2.43%,"289,969,835"
CUVL,Clinuvel Pharmaceuticals Limited American Depositary Shares,$5.79,-0.01,-0.172%,"289,851,453"
AMRN,Amarin Corporation plc,$13.72,-0.03,-0.218%,"289,805,282"
ALTO,"Alto Ingredients, Inc. Common Stock",$3.73,-0.09,-2.356%,"289,327,014"
IFRX,InflaRx N.V. Common Stock,$1.96,-0.12,-5.769%,"288,841,713"
LXEO,"Lexeo Therapeutics, Inc. Common Stock",$3.52,-0.55,-13.514%,"288,802,818"
ACIU,AC Immune SA Common Stock,$2.83,0.10,3.663%,"288,019,212"
GBAB,Guggenheim Taxable Municipal Bond & Investment Grade Debt Trust Common Shares of Beneficial Interest,$12.83,-0.13,-1.003%,"287,352,291"
RCMT,"RCM Technologies, Inc. Common Stock",$40.33,-0.47,-1.152%,"286,776,910"
PSQLW,Pasqal Holding SA Warrant,$1.35,0.075,5.882%,"286,596,483"
XYF,"X Financial American Depositary Shares, each representing six Class A Ordinary Shares",$5.23,-0.08,-1.507%,"286,514,253"
AIBZ,Bitzero Holdings Inc. Common Shares,$4.58,-0.16,-3.376%,"284,921,763"
SY,So-Young International Inc. American Depository Shares,$2.84,0.04,1.429%,"284,858,166"
QTTB,Q32 Bio Inc. Common Stock,$9.56,-1.01,-9.555%,"284,596,095"
UPB,"Upstream Bio, Inc. Common Stock",$5.19,-0.30,-5.464%,"284,261,703"
FRD,Friedman Industries Inc. Common Stock,$39.41,-0.98,-2.426%,"284,256,093"
ISBA,Isabella Bank Corporation Common stock,$37.26,-0.98,-2.563%,"284,251,808"
RM,Regional Management Corp. Common Stock,$30.72,-0.56,-1.79%,"283,416,392"
IMRX,Immuneering Corporation Class A Common Stock,$4.38,-0.23,-4.989%,"283,374,621"
OVLY,Oak Valley Bancorp (CA) Common Stock,$33.61,-0.81,-2.353%,"282,751,116"
PMTS,CPI Card Group Inc. Common Stock,$24.39,-0.56,-2.244%,"282,728,441"
DUOT,"Duos Technologies Group, Inc. Common Stock",$8.98,-0.20,-2.179%,"282,623,041"
RWAY,Runway Growth Finance Corp. Common Stock,$6.74,0.02,0.298%,"282,472,753"
BKTI,BK Technologies Corporation Common Stock,$74.50,0.98,1.333%,"280,819,481"
SAR,Saratoga Investment Corp New,$17.46,-0.29,-1.634%,"280,772,793"
FNRN,First Northern Community Bancorp Common stock,$17.08,-0.31,-1.783%,"280,031,775"
SVCO,"Silvaco Group, Inc. Common Stock",$8.26,0.22,2.736%,"279,896,361"
SSP,E.W. Scripps Company (The) Class A Common Stock,$3.02,-0.10,-3.205%,"279,860,353"
JAKK,"JAKKS Pacific, Inc. Common Stock",$24.42,-0.39,-1.572%,"279,487,193"
LVWR,"LiveWire Group, Inc. Common Stock",$1.36,-0.09,-6.207%,"279,360,942"
SILC,Silicom Ltd Ordinary Shares,$48.58,-1.00,-2.017%,"279,218,942"
PALI,"Palisade Bio, Inc. Common Stock",$1.60,-0.09,-5.325%,"278,832,893"
TMCR,The Metals Royalty Company Inc. Common Stock,$4.42,-0.25,-5.353%,"278,676,328"
PTLO,Portillo's Inc. Class A Common Stock,$3.65,-0.10,-2.667%,"277,192,768"
MGPI,"MGP Ingredients, Inc.",$12.94,-0.56,-4.148%,"277,098,143"
MTRX,Matrix Service Company Common Stock,$9.78,-0.20,-2.004%,"276,694,987"
LAW,"CS Disco, Inc. Common Stock",$4.26,0.05,1.188%,"276,558,199"
FUNC,First United Corporation Common Stock,$42.76,-0.91,-2.084%,"275,966,027"
FRAF,Franklin Financial Services Corporation Common Stock,$61.22,-1.55,-2.469%,"275,464,410"
ATLO,Ames National Corporation Common Stock,$31.09,-0.96,-2.995%,"275,370,970"
OSUR,"OraSure Technologies, Inc. Common Stock",$3.99,UNCH,--,"275,184,822"
QNBC,QNB Corp. Common Stock,$45.45,-0.10,-0.22%,"274,908,370"
PMM,Franklin Managed Municipal Income Trust Shares of Beneficial Interest,$5.64,-0.12,-2.083%,"274,886,883"
CAN,Canaan Inc. American Depositary Shares,$0.3864,-0.0254,-6.168%,"274,873,041"
WNEB,"Western New England Bancorp, Inc. Common Stock",$13.71,-0.23,-1.65%,"274,828,905"
NC,"NACCO Industries, Inc. Common Stock",$36.34,-0.41,-1.116%,"274,246,896"
NXDT,NexPoint Diversified Real Estate Trust Common Stock,$5.16,-0.16,-3.008%,"274,027,099"
REFI,"Chicago Atlantic Real Estate Finance, Inc. Common Stock",$10.69,-0.15,-1.384%,"273,890,051"
TTGT,"TechTarget, Inc. Common Stock",$3.77,-0.08,-2.078%,"272,694,128"
ANIK,Anika Therapeutics Inc. Common Stock,$20.375,-0.515,-2.465%,"272,677,932"
IVVD,"Invivyd, Inc. Common Stock",$0.9231,-0.0409,-4.243%,"272,091,798"
ZNTL,"Zentalis Pharmaceuticals, Inc. Common Stock",$2.87,-0.21,-6.818%,"271,698,790"
GBFH,GBank Financial Holdings Inc. Common Stock,$18.68,-0.39,-2.045%,"271,167,417"
MIN,Aberdeen Intermediate Income Fund Common Shares of Beneficial Interest,$2.36,-0.01,-0.422%,"271,158,740"
ASYS,"Amtech Systems, Inc. Common Stock",$15.43,0.13,0.85%,"270,149,998"
KINS,"Kingstone Companies, Inc. Common Stock",$18.57,-0.46,-2.417%,"268,821,790"
PYXS,"Pyxis Oncology, Inc. Common Stock",$3.22,-0.135,-4.024%,"268,573,921"
CMRC,"Commerce.com, Inc. Series 1 Common Stock",$3.24,-0.13,-3.858%,"268,463,131"
PDYN,Palladyne AI Corp. Common Stock,$5.44,-0.24,-4.225%,"268,401,494"
XPER,Xperi Inc. Common Stock ,$5.50,-0.11,-1.961%,"268,245,021"
MVST,"Microvast Holdings, Inc. Common Stock",$0.697,-0.0208,-2.898%,"268,020,537"
RMMZ,"RiverNorth Managed Duration Municipal Income Fund II, Inc. Common Stock",$13.57,-0.11,-0.804%,"267,866,752"
ARDC,"Ares Dynamic Credit Allocation Fund, Inc. Common Shares",$11.68,-0.16,-1.351%,"267,646,488"
POWW,Outdoor Holding Company Common Stock,$2.30,-0.07,-2.954%,"266,940,141"
STRT,STRATTEC SECURITY CORPORATION Common Stock,$66.98,-0.38,-0.564%,"266,916,171"
FXNC,First National Corporation Common Stock,$29.40,-1.06,-3.48%,"265,853,293"
PCYO,Pure Cycle Corporation Common Stock,$11.00,-0.10,-0.901%,"265,071,070"
MFIN,Medallion Financial Corp. Common Stock,$11.54,-0.56,-4.628%,"264,961,273"
BLND,"Blend Labs, Inc. Class A Common Stock",$1.12,-0.05,-4.274%,"264,894,917"
OIA,Invesco Municipal Income Opportunities Trust Common Stock,$5.56,-0.13,-2.285%,"264,687,075"
MSB,Mesabi Trust Common Stock,$20.17,-0.56,-2.701%,"264,630,602"
NKSH,"National Bankshares, Inc. Common Stock",$41.49,-1.34,-3.129%,"264,317,024"
LCNB,LCNB Corporation Common Stock,$18.53,-0.42,-2.216%,"264,144,928"
FCNCN,"First Citizens BancShares, Inc. Depositary Shares, each representing a 1/40th interest in a share of 6.625% Non-Cumulative Perpetual Preferred Stock, Series E",$23.29,-0.58,-2.43%,"263,016,765"
ONIT,Onity Group Inc. Common Stock,$31.48,-0.57,-1.778%,"263,000,290"
HWBK,"Hawthorn Bancshares, Inc. Common Stock",$38.11,-0.76,-1.955%,"262,984,839"
KWY,Kingsway Corporation Common Stock,$9.09,-0.41,-4.316%,"262,982,790"
ESCA,"Escalade, Incorporated Common Stock",$19.08,-0.38,-1.953%,"262,656,692"
TSSI,"TSS, Inc. Common Stock",$9.28,-0.02,-0.215%,"261,872,970"
ACV,Virtus Diversified Income & Convertible Fund Common Shares of Beneficial Interest,$25.25,-0.38,-1.483%,"261,664,589"
ASLE,AerSale Corporation Common Stock,$5.48,-0.06,-1.083%,"261,542,661"
ACB,Aurora Cannabis Inc. Common Shares,$4.22,-0.05,-1.171%,"261,458,219"
STRO,"Sutro Biopharma, Inc. Common Stock",$15.73,-0.40,-2.48%,"260,821,820"
KLC,"KinderCare Learning Companies, Inc. Common Stock",$2.20,-0.12,-5.172%,"260,737,473"
BRT,BRT Apartments Corp. (MD) Common Stock,$13.84,-0.29,-2.052%,"260,098,954"
USNA,"USANA Health Sciences, Inc. Common Stock",$14.04,-0.74,-5.007%,"259,410,537"
YARW,"Yarrow Bioscience, Inc. Common Stock",$27.88,-0.80,-2.789%,"259,405,585"
YSG,"Yatsen Holding Limited American Depositary Shares, each representing twenty (20) Class A Ordinary Shares",$2.76,0.03,1.099%,"259,068,510"
III,Information Services Group Inc. Common Stock,$5.35,UNCH,--,"259,012,022"
USAU,U.S. Gold Corp. Common Stock,$15.65,-0.50,-3.096%,"258,673,576"
AKBA,"Akebia Therapeutics, Inc. Common Stock",$0.9326,-0.0474,-4.837%,"258,429,284"
JACK,Jack In The Box Inc. Common Stock,$13.46,0.06,0.448%,"258,153,782"
LYEL,"Lyell Immunopharma, Inc. Common Stock",$10.53,-0.62,-5.561%,"258,039,135"
RMM,"RiverNorth Managed Duration Municipal Income Fund, Inc. Common Stock",$13.07,-0.19,-1.433%,"257,996,938"
HCKT,Hackett Group Inc (The). Common Stock,$10.35,-0.10,-0.957%,"257,485,986"
FBLA,"FB Bancorp, Inc. Common Stock",$16.12,-0.20,-1.225%,"257,084,629"
GLSI,"Greenwich LifeSciences, Inc. Common Stock",$17.51,-1.97,-10.113%,"257,015,422"
OFLX,"Omega Flex, Inc. Common Stock",$25.46,-0.82,-3.12%,"257,001,438"
MMT,Aberdeen Multi-Market Income Fund Common Shares of Beneficial Interest,$4.31,-0.02,-0.462%,"256,653,195"
RELL,"Richardson Electronics, Ltd. Common Stock",$17.26,0.03,0.174%,"256,556,403"
VPV,Invesco Pennsylvania Value Municipal Income Trust Common Stock (DE),$10.75,-0.07,-0.647%,"256,167,598"
AVNW,"Aviat Networks, Inc. Common Stock",$19.86,-0.18,-0.898%,"255,372,412"
PCTTW,"PureCycle Technologies, Inc. Warrant",$1.27,UNCH,--,"255,149,109"
VABK,Virginia National Bankshares Corporation Common Stock,$47.01,-0.99,-2.063%,"255,042,507"
AUDC,AudioCodes Ltd. Common Stock,$10.365,-0.045,-0.432%,"254,884,150"
GENC,"Gencor Industries, Inc. Common Stock",$17.37,-0.49,-2.744%,"254,604,284"
HQI,"HireQuest, Inc. Common Stock (DE)",$18.30,1.23,7.206%,"254,370,000"
EVI,"EVI Industries, Inc.  Common Stock",$19.73,0.06,0.305%,"254,093,436"
ALMU,"Aeluma, Inc. Common Stock",$13.18,-0.72,-5.18%,"253,921,544"
AENT,Alliance Entertainment Holding Corporation Class A Common Stock,$4.98,-0.07,-1.386%,"253,878,557"
AZ,A2Z Cust2Mate Solutions Corp. Common Shares,$5.75,-0.26,-4.326%,"253,152,185"
TRDA,"Entrada Therapeutics, Inc. Common Stock",$6.50,-0.21,-3.13%,"253,088,349"
INFU,"InfuSystems Holdings, Inc. Common Stock",$12.70,-0.41,-3.127%,"252,948,199"
PPIH,"Perma-Pipe International Holdings, Inc. Common Stock",$30.84,0.51,1.682%,"252,739,320"
RMBI,"Richmond Mutual Bancorporation, Inc. Common Stock",$15.04,-0.65,-4.143%,"252,056,052"
BCYC,Bicycle Therapeutics plc American Depositary Shares,$3.60,-0.13,-3.485%,"251,974,336"
LTBR,Lightbridge Corporation Common Stock,$6.72,-0.13,-1.898%,"251,718,372"
BNC,CEA Industries Inc. Common Stock,$6.11,-0.23,-3.628%,"251,572,224"
CPZ,Calamos Long/Short Equity & Dynamic Income Trust Common Stock,$12.81,-0.14,-1.081%,"251,488,405"
XLAB,Exascale Labs Holdings Inc. Class A Common Stock,$2.75,0.005,0.182%,"250,800,000"
FOA,Finance of America Companies Inc. Class A Common Stock,$14.48,-0.63,-4.169%,"250,603,767"
SION,"Sionna Therapeutics, Inc. Common Stock",$5.51,-0.51,-8.472%,"249,120,318"
CNDT,Conduent Incorporated Common Stock ,$1.60,-0.05,-3.03%,"248,833,280"
CHPT,"ChargePoint Holdings, Inc. Common Stock",$9.23,-0.62,-6.294%,"247,828,491"
IONR,ioneer Ltd American Depositary Shares,$3.21,-0.04,-1.231%,"246,739,375"
PAMT,PAMT CORP Common Stock,$11.76,0.05,0.427%,"246,280,942"
EFSI,Eagle Financial Services Inc Common Stock,$45.36,-0.97,-2.094%,"245,470,856"
TG,Tredegar Corporation Common Stock,$7.01,-0.13,-1.821%,"244,958,590"
IMMR,Immersion Corporation Common Stock,$7.37,-0.06,-0.808%,"244,728,522"
EOT,Eaton Vance Municipal Income Trust EATON VANCE NATIONAL MUNICIPAL OPPORTUNITIES TRUST,$15.61,-0.24,-1.514%,"243,905,017"
SBMT,Silver Bow Mining Corp. Common Shares,$8.24,-0.29,-3.40%,"243,314,840"
RAIL,"FreightCar America, Inc. Common Stock",$7.40,-0.01,-0.135%,"242,655,472"
HITI,High Tide Inc. Common Shares,$2.72,-0.04,-1.449%,"242,467,910"
BGS,"B&G Foods, Inc. Common Stock",$2.98,-0.06,-1.974%,"242,201,500"
MGNX,"MacroGenics, Inc. Common Stock",$3.80,-0.32,-7.767%,"242,060,711"
LCTX,"Lineage Cell Therapeutics, Inc. Common Stock",$0.9567,-0.0833,-8.01%,"241,956,571"
GWRS,"Global Water Resources, Inc. Common Stock",$8.08,-0.21,-2.533%,"241,796,392"
GPRO,"GoPro, Inc. Class A Common Stock",$1.31,0.04,3.15%,"241,700,776"
RC,Ready Capital Corporation Common Stock,$1.46,-0.20,-12.048%,"241,178,848"
ACU,Acme United Corporation. Common Stock,$62.76,-0.63,-0.994%,"240,610,731"
VUZI,Vuzix Corporation Common Stock,$2.85,-0.11,-3.716%,"240,580,556"
PRQR,ProQR Therapeutics N.V. Ordinary Shares,$1.70,-0.20,-10.526%,"239,906,509"
UXIN,Uxin Limited ADS,$1.09,-0.01,-0.909%,"239,778,484"
IMPP,Imperial Petroleum Inc. Common Shares,$5.30,-0.13,-2.394%,"239,632,387"
SMHI,SEACOR Marine Holdings Inc. Common Stock ,$8.83,-0.18,-1.998%,"239,582,854"
UTMD,"Utah Medical Products, Inc. Common Stock",$75.01,-1.65,-2.152%,"238,818,188"
QMLS,"QumulusAI, Inc. Common Stock",$7.12,-0.94,-11.663%,"238,224,627"
RNAC,"Cartesian Therapeutics, Inc. Common Stock",$7.87,-0.21,-2.599%,"238,109,620"
NAGE,"Niagen Bioscience, Inc. Common Stock",$3.00,-0.09,-2.913%,"237,378,006"
CURV,Torrid Holdings Inc. Common Stock,$2.38,-0.04,-1.653%,"237,332,255"
PLAY,"Dave & Buster's Entertainment, Inc. Common Stock",$6.81,-0.31,-4.354%,"237,196,686"
EU,enCore Energy Corp. Common Shares,$1.22,0.01,0.826%,"237,022,785"
LIEN,"Chicago Atlantic BDC, Inc. Common Stock",$10.35,0.08,0.779%,"236,193,107"
RDNW,"RideNow Group, Inc. Class B Common Stock",$6.05,-0.10,-1.626%,"236,017,082"
SNFCA,Security National Financial Corporation Class A Common Stock,$8.62,-0.18,-2.045%,"235,992,231"
EXOD,"Exodus Movement, Inc. Class A Common Stock",$7.81,-0.35,-4.289%,"235,887,445"
TJGC,TJGC Group Limited Class A Ordinary Shares,$23.28,6.38,37.751%,"235,128,535"
ACRE,Ares Commercial Real Estate Corporation Common Stock,$4.22,-0.23,-5.169%,"234,130,297"
CAMP,CAMP4 Therapeutics Corporation Common Stock,$3.72,-0.43,-10.361%,"233,441,904"
PEBK,"Peoples Bancorp of North Carolina, Inc. Common Stock",$42.66,-1.19,-2.714%,"232,987,163"
KGEI,Kolibri Global Energy Inc. Common stock,$6.47,-0.115,-1.746%,"232,606,173"
RILY,"BRC Group Holdings, Inc. Common Stock",$5.78,-0.35,-5.71%,"232,354,584"
ARL,"American Realty Investors, Inc. Common Stock",$14.36,-1.53,-9.629%,"231,943,337"
AIAI,AIAI Holdings Corporation Class A Common Stock,$3.27,-0.23,-6.571%,"231,665,400"
BETR,Better Home & Finance Holding Company Class A Common Stock,$12.16,-0.98,-7.458%,"231,022,721"
ELMD,"Electromed, Inc. Common Stock",$27.57,UNCH,--,"230,655,114"
KROS,"Keros Therapeutics, Inc. Common Stock",$11.63,-0.10,-0.853%,"230,590,196"
PDEX,"Pro-Dex, Inc. Common Stock",$71.94,-0.47,-0.649%,"230,447,848"
CUE,"Cue Biopharma, Inc. Common Stock",$31.71,0.81,2.621%,"230,354,568"
MBI,MBIA Inc. Common Stock,$4.51,-0.02,-0.442%,"230,084,162"
FUFU,BitFuFu Inc. Class A Ordinary Shares,$1.38,-0.09,-6.122%,"229,981,965"
FHTX,Foghorn Therapeutics Inc. Common Stock,$3.87,-0.37,-8.726%,"229,821,169"
OSS,"One Stop Systems, Inc. Common Stock",$9.18,-0.27,-2.857%,"228,950,393"
YDES,YD Bio Limited Ordinary Shares,$3.23,0.41,14.539%,"228,785,248"
TBCH,Turtle Beach Corporation Common Stock,$12.77,-0.03,-0.234%,"228,707,009"
MRBK,Meridian Corporation Common Stock,$19.14,-0.30,-1.543%,"228,321,979"
ASUR,"Asure Software, Inc Common Stock",$7.90,-0.27,-3.305%,"228,146,691"
NATR,"Nature's Sunshine Products, Inc. Common Stock",$12.95,-0.27,-2.042%,"227,861,984"
SIGA,SIGA Technologies Inc. Common Stock,$3.17,-0.09,-2.761%,"227,763,600"
INBK,First Internet Bancorp Common Stock,$26.07,-1.46,-5.303%,"227,684,274"
FF,FutureFuel Corp.  Common shares,$5.19,-0.10,-1.89%,"227,650,620"
LDI,"loanDepot, Inc. Class A Common Stock",$0.6728,-0.059,-8.062%,"227,510,864"
AIRO,"AIRO Group Holdings, Inc. Common Stock",$7.16,-0.08,-1.105%,"225,940,366"
HOST,Host Digital Inc. Class A Common Stock,$8.00,-0.06,-0.744%,"225,602,568"
PLX,"Protalix BioTherapeutics, Inc. (DE) Common Stock",$2.80,-0.04,-1.408%,"225,600,598"
ALEC,"Alector, Inc. Common Stock",$2.02,0.01,0.498%,"225,546,976"
AMWL,American Well Corporation Class A Common Stock,$13.21,UNCH,--,"224,685,693"
BRCC,BRC Inc. Class A Common Stock,$8.97,-0.32,-3.445%,"224,507,852"
NUS,"Nu Skin Enterprises, Inc. Common Stock",$4.61,-0.25,-5.144%,"224,399,283"
SHMD,SCHMID Group N.V. Class A Ordinary Shares,$3.68,0.09,2.507%,"224,328,763"
FORR,"Forrester Research, Inc. Common Stock",$11.78,0.03,0.255%,"224,279,420"
BAFN,BayFirst Financial Corp. Common Stock,$8.31,-0.67,-7.461%,"224,060,993"
TROO,"TROOPS, Inc. Ordinary Shares ",$1.83,-0.21,-10.294%,"223,553,104"
BMEZ,BlackRock Health Sciences Term Trust Common Shares of Beneficial Interest,$16.70,-0.17,-1.008%,"222,661,401"
PNNT,PennantPark Investment Corporation Common Stock,$3.41,-0.03,-0.872%,"222,659,681"
FCNCO,"First Citizens BancShares, Inc. 5.625% Non-Cumulative Perpetual Preferred Stock, Series C",$19.71,-0.09,-0.455%,"222,587,395"
TONX,TON Strategy Company Common Stock,$4.04,-0.03,-0.737%,"222,490,836"
SCM,Stellus Capital Investment Corporation Common Stock,$7.81,-0.09,-1.139%,"222,428,308"
SMRT,"SmartRent, Inc. Class A Common Stock",$1.16,-0.03,-2.521%,"222,269,687"
EICA,Eagle Point Income Company 5.00% Series A Term Preferred Shares due 2026,$24.95,-0.02,-0.08%,"222,257,295"
OPBK,OP Bancorp Common Stock,$14.88,-0.49,-3.188%,"222,197,311"
CGEN,Compugen Ltd. Ordinary Shares,$2.34,-0.15,-6.024%,"221,328,048"
ELDN,"Eledon Pharmaceuticals, Inc. Common Stock",$2.72,-0.17,-5.882%,"221,030,333"
INBKZ,First Internet Bancorp 6.0% Fixed-to-Floating Rate Subordinated Notes Due 2029,$25.29,0.2982,1.193%,"220,354,147"
CMTV,Community Bancorp. Common Stock,$39.20,-1.06,-2.633%,"219,555,358"
NSLR,Neostellar Capital Corp. Common Stock,$8.29,-0.01,-0.12%,"219,463,010"
STIM,"Neuronetics, Inc. Common Stock",$2.88,-0.03,-1.031%,"219,447,999"
LMNR,Limoneira Co Common Stock,$12.09,-0.60,-4.728%,"219,215,965"
REA,"Rare Earths Americas, Inc. Common Stock",$10.98,-0.15,-1.348%,"219,093,734"
FTF,Franklin Limited Duration Income Trust Common Shares of Beneficial Interest,$5.41,-0.17,-3.047%,"218,593,073"
AVXL,Anavex Life Sciences Corp. Common Stock,$2.35,-0.12,-4.858%,"217,837,579"
WHWK,"Whitehawk Therapeutics, Inc. Common Stock",$3.82,-0.22,-5.446%,"217,774,418"
FIRY,Firy Inc. Class A Common Stock,$13.10,0.50,3.968%,"217,751,567"
CFBK,CF Bankshares Inc. Common Stock,$33.91,-0.49,-1.424%,"217,550,012"
SPOK,"Spok Holdings, Inc. Common Stock",$10.40,-0.13,-1.235%,"217,548,625"
ECC           ,Eagle Point Credit Company Common Share of Beneficial Interest,$3.57,-0.04,-1.108%,"216,565,211"
HDSN,"Hudson Technologies, Inc. Common Stock",$5.14,-0.09,-1.721%,"216,335,132"
GLDG,GoldMining Inc. Common Shares,$1.01,-0.03,-2.885%,"216,247,260"
GSIT,GSI Technology Common Stock,$5.625,-0.235,-4.01%,"216,183,319"
RGCO,RGC Resources Inc. Common Stock,$20.65,-0.49,-2.318%,"215,163,831"
SND,"Smart Sand, Inc. Common Stock",$5.07,-0.01,-0.197%,"214,963,239"
HKD,AMTD Digital Inc. American Depositary Shares (every five of which represent two Class A Ordinary Shares),$1.70,-0.02,-1.163%,"214,478,751"
EXFY,"Expensify, Inc. Class A Common Stock",$2.35,UNCH,--,"214,288,660"
CRDL,Cardiol Therapeutics Inc. Class A Common Shares,$1.77,-0.12,-6.349%,"213,568,988"
APC,ARKO Petroleum Corp. Class A Common Stock,$16.97,-0.60,-3.415%,"213,316,684"
BGIN,Bgin Blockchain Limited Class A Ordinary Shares,$1.885,-0.025,-1.309%,"213,261,249"
FCNCP,"First Citizens BancShares, Inc. Depositary Shares",$18.86,-0.14,-0.737%,"212,988,243"
PMA,PMA Graphene Technology Group Inc. Class A Ordinary Shares,$1.30,-0.02,-1.515%,"211,867,500"
RZLVW,Rezolve AI PLC Warrants,$0.5291,-0.0134,-2.47%,"211,847,283"
OWLS,OBOOK Holdings Inc. Class A Common Shares,$5.59,-0.03,-0.534%,"211,444,047"
ZUMZ,Zumiez Inc. Common Stock,$13.75,-0.73,-5.041%,"210,795,929"
CMPX,"Compass Therapeutics, Inc. Common Stock",$1.17,-0.07,-5.645%,"210,702,861"
RICK,"RCI Hospitality Holdings, Inc. Common Stock",$27.41,-0.98,-3.452%,"209,535,745"
PROF,Profound Medical Corp. Common Stock,$5.735,-0.155,-2.632%,"209,514,427"
TARA,"Protara Therapeutics, Inc.  Common Stock",$3.54,-0.14,-3.804%,"209,198,028"
LOVE,The Lovesac Company Common Stock,$14.49,-0.13,-0.889%,"208,995,544"
NGEN,NervGen Pharma Corp. Common stock,$1.96,-0.105,-5.085%,"208,568,761"
AOUT,"American Outdoor Brands, Inc. Common Stock ",$16.51,-0.17,-1.019%,"208,376,425"
DEFT,"Defi Technologies, Inc. Common Stock",$0.534,-0.0444,-7.676%,"207,241,782"
XGN,Exagen Inc. Common Stock,$8.55,-0.19,-2.174%,"207,126,648"
NCMI,"National CineMedia, Inc. Common Stock",$2.20,-0.02,-0.901%,"206,954,975"
FCAP,"First Capital, Inc. Common Stock",$61.84,-1.19,-1.888%,"206,831,610"
MFM,Aberdeen Municipal Income Fund Common Shares of Beneficial Interest,$5.02,-0.09,-1.761%,"206,761,908"
QUIK,QuickLogic Corporation Common Stock,$11.23,0.25,2.277%,"205,708,231"
OVBC,Ohio Valley Banc Corp. Common Stock,$43.61,-1.59,-3.518%,"205,446,754"
CZWI,"Citizens Community Bancorp, Inc. Common Stock",$21.23,-0.40,-1.849%,"204,874,404"
ANGI,Angi Inc. Class A Common Stock,$5.05,-0.49,-8.845%,"204,809,068"
LODE,Comstock Inc. Common Stock,$2.68,-0.08,-2.899%,"203,661,366"
SIDU,"Sidus Space, Inc. Class A Common Stock",$2.01,-0.12,-5.634%,"203,462,905"
ALXO,ALX Oncology Holdings Inc. Common Stock,$1.47,-0.13,-8.125%,"203,267,186"
GDEV,GDEV Inc. Ordinary Shares,$11.19,-0.08,-0.71%,"203,103,972"
CMT,Core Molding Technologies Inc Common Stock,$22.94,-0.86,-3.613%,"202,996,840"
KLTR,"Kaltura, Inc. Common Stock",$1.33,-0.03,-2.206%,"202,893,127"
TAYD,"Taylor Devices, Inc. Common Stock",$62.88,0.78,1.256%,"202,810,951"
CHCI,"Comstock Holding Companies, Inc. Class A Common Stock",$19.70,-0.84,-4.09%,"202,554,454"
KTWO,K2 Capital Acquisition Corporation Class A Ordinary Share,$10.10,UNCH,--,"202,415,716"
VLN,Valens Semiconductor Ltd. Ordinary Shares,$1.92,UNCH,--,"202,161,984"
RXST,"RxSight, Inc. Common Stock",$4.85,-0.08,-1.623%,"201,727,292"
AREC,American Resources Corporation Class A Common Stock,$1.885,-0.145,-7.143%,"201,640,848"
ESOA,Energy Services of America Corporation Common Stock,$10.80,-0.03,-0.277%,"201,519,155"
CPSS,"Consumer Portfolio Services, Inc. Common Stock",$9.34,-0.30,-3.112%,"201,321,029"
RBKB,"Rhinebeck Bancorp, Inc. Common Stock",$12.81,-0.29,-2.214%,"200,296,724"
TPVG,TriplePoint Venture Growth BDC Corp. Common Stock,$4.92,0.01,0.204%,"200,291,837"
MPAA,"Motorcar Parts  of America, Inc. Common Stock",$10.56,-0.29,-2.673%,"199,934,666"
CRNT,Ceragon Networks Ltd. Ordinary Shares,$2.19,0.08,3.791%,"199,904,321"
SGC,"Superior Group of Companies, Inc. Common Stock",$12.53,-0.09,-0.713%,"199,793,369"
DHX,"DHI Group, Inc. Common Stock",$4.60,-0.11,-2.335%,"199,751,274"
SRI,"Stoneridge, Inc. Common Stock",$7.00,-0.17,-2.371%,"199,660,118"
LCUT,"Lifetime Brands, Inc. Common Stock",$8.65,-0.03,-0.346%,"198,853,431"
GCTS,"GCT Semiconductor Holding, Inc. Common Stock",$2.16,-0.04,-1.818%,"198,654,608"
TORO,Toro Corp. Common Stock,$5.74,UNCH,--,"198,370,554"
DPRO,Draganfly Inc. Common Shares,$5.36,-0.18,-3.249%,"198,320,000"
NKTX,"Nkarta, Inc. Common Stock",$2.76,-0.19,-6.441%,"197,684,423"
MITT,"TPG Mortgage Investment Trust, Inc. Common Stock",$6.19,-0.25,-3.882%,"196,863,510"
IPHA,Innate Pharma S.A. ADS,$1.76,-0.04,-2.222%,"196,592,611"
VRXA,Veraxa Biotech AG Ordinary Shares,$1.39,-0.02,-1.418%,"196,556,860"
ORMP,Oramed Pharmaceuticals Inc. Common Stock,$4.72,-0.03,-0.632%,"196,339,511"
ALTG,Alta Equipment Group Inc. Class A Common Stock,$6.01,-0.27,-4.299%,"196,327,901"
ADAG,Adagene Inc. American Depositary Shares,$2.97,-0.26,-8.05%,"196,173,234"
PERF,Perfect Corp. Class A Ordinary Share,$1.92,-0.01,-0.518%,"195,549,448"
SLGL,Sol-Gel Technologies Ltd. Ordinary Shares,$59.71,-1.24,-2.034%,"195,490,480"
CHRS,"Coherus Oncology, Inc. Common Stock",$1.26,-0.04,-3.077%,"194,671,217"
SES,SES AI Corporation Class A Common Stock,$0.5232,-0.0342,-6.136%,"194,257,568"
FC,Franklin Covey Company Common Stock,$17.20,-0.36,-2.05%,"194,254,616"
AUC,ATIF Holdings Limited Ordinary Shares,$8.77,-0.43,-4.674%,"194,065,875"
USBC,"USBC, Inc. Common Stock",$0.4985,-0.0305,-5.766%,"193,489,998"
CXDO,"Crexendo, Inc. Common Stock",$5.80,-0.01,-0.172%,"192,871,982"
STRW,"Strawberry Fields REIT, Inc. Common Stock",$13.60,-0.02,-0.147%,"192,539,770"
ACOG,Alpha Cognition Inc. Common Stock,$8.78,-0.17,-1.899%,"191,176,633"
MINE,Mayfair Gold Corp. Common Shares,$2.84,-0.06,-2.069%,"190,673,329"
ETX           ,Eaton Vance Municipal Income 2028 Term Trust Common Shares of Beneficial Interest,$17.49,-0.16,-0.907%,"190,377,880"
SRZN,"Surrozen, Inc. Common Stock",$16.16,-1.44,-8.182%,"189,937,497"
CBFV,"CB Financial Services, Inc. Common Stock",$37.11,-0.76,-2.007%,"188,577,582"
PEPG,PepGen Inc. Common Stock,$2.72,-0.26,-8.725%,"188,385,886"
SBFG,"SB Financial Group, Inc. Common Stock",$30.12,0.05,0.166%,"188,340,119"
ESP,Espey Mfg. & Electronics Corp. Common Stock,$62.84,-1.46,-2.271%,"188,263,738"
DFDV,DeFi Development Corp. Common Stock,$5.77,-0.51,-8.121%,"188,221,958"
LARK,Landmark Bancorp Inc. Common Stock,$30.81,-1.16,-3.628%,"187,957,453"
OSG,"Octave Specialty Group, Inc. Common Stock",$4.15,-0.23,-5.251%,"186,963,667"
NEOV,NeoVolta Inc. Common Stock,$3.17,-0.19,-5.655%,"186,596,493"
ORGO,Organogenesis Holdings Inc. Class A Common Stock,$1.45,-0.03,-2.027%,"186,578,095"
CMTG,"Claros Mortgage Trust, Inc. Common Stock",$1.32,-0.06,-4.348%,"186,231,152"
VTN,Invesco Trust for Investment Grade New York Municipals Common Stock,$9.51,-0.28,-2.86%,"185,311,660"
HNVR,"Hanover Bancorp, Inc. Common Stock",$26.15,-0.60,-2.243%,"184,499,338"
IMSRW,Terrestrial Energy Inc. Warrant,$1.74,-0.0355,-1.999%,"184,327,342"
ANNA,"AleAnna, Inc. Class A Common Stock",$2.75,0.01,0.365%,"184,069,600"
NUCL,Eagle Nuclear Energy Corp. Common stock,$6.22,-0.16,-2.508%,"183,986,344"
DERM,Journey Medical Corporation Common Stock,$6.50,-0.75,-10.345%,"183,458,568"
XPOF,"Xponential Fitness, Inc. Class A Common Stock",$3.70,-0.30,-7.50%,"182,498,800"
ANTX,"AN2 Therapeutics, Inc. Common Stock",$4.83,UNCH,--,"182,266,025"
AMBR,Amber International Holding Limited American Depositary Shares,$1.92,0.03,1.587%,"181,008,482"
FLWS,"1-800-FLOWERS.COM, Inc. Common Stock",$2.82,-0.02,-0.704%,"181,001,971"
OMSE,OMS Energy Technologies Inc. Ordinary Shares,$4.2604,-0.0696,-1.607%,"180,848,459"
FNWD,Finward Bancorp Common Stock,$41.66,-0.49,-1.163%,"180,512,863"
FT,Franklin Universal Trust Common Stock,$7.16,-0.15,-2.052%,"179,944,361"
OZ,"Belpointe PREP, LLC Class A Units",$44.2999,-0.1601,-0.36%,"179,576,998"
MRLN,"Merlin, Inc. Common Stock",$1.77,-0.15,-7.813%,"178,889,978"
RVII,Robinhood Ventures Fund II Common Shares of Beneficial Interest,$22.36,-0.38,-1.671%,"178,880,000"
CIA,"Citizens, Inc. Class A Common Stock ($1.00 Par)",$3.53,-0.18,-4.852%,"178,770,171"
CEPL,"Capstone Energy Plus, Inc. Common Stock",$5.48,-0.47,-7.899%,"178,711,508"
AIIO,Robo.ai Inc. Class B Ordinary Shares,$1.50,-0.06,-3.846%,"178,553,364"
CNTN,"Canton Strategic Holdings, Inc. Common Stock",$2.24,-0.21,-8.571%,"178,486,249"
MSLE,Satellos Bioscience Inc. Common Stock,$8.41,-0.46,-5.186%,"178,430,252"
WHG,Westwood Holdings Group Inc Common Stock,$18.64,-0.19,-1.009%,"177,884,353"
FOCL,EDAP TMS S.A. American Depositary Shares,$4.74,0.47,11.007%,"177,882,483"
MNSBP,"MainStreet Bancshares, Inc. Depositary Shares",$24.97,-0.04,-0.16%,"177,813,268"
EPSN,Epsilon Energy Ltd. Common Share,$5.87,-0.19,-3.135%,"177,765,783"
VYGR,"Voyager Therapeutics, Inc. Common Stock",$2.87,-0.27,-8.599%,"176,843,511"
GPJA,"Georgia Power Company Series 2017A 5.00% Junior Subordinated Notes due October 1, 2077",$19.0809,-0.2291,-1.186%,"176,717,755"
SAFX,"XCF Global, Inc. Class A Common Stock",$0.4253,-0.0333,-7.261%,"176,625,770"
MNSB,"MainStreet Bancshares, Inc. Common Stock",$24.80,-0.30,-1.195%,"176,602,685"
NBP,NovaBridge Biosciences American Depositary Shares,$1.53,-0.06,-3.774%,"176,533,989"
PED,Pedevco Corp. Common Stock,$13.26,-0.17,-1.266%,"176,252,092"
MDWD,MediWound Ltd. Ordinary Shares,$13.65,-0.30,-2.151%,"176,225,295"
BVFL,"BV Financial, Inc. Common Stock",$20.80,-0.53,-2.485%,"176,188,563"
AOMR,"Angel Oak Mortgage REIT, Inc. Common Stock",$7.58,-0.35,-4.414%,"175,968,768"
TNXP,Tonix Pharmaceuticals Holding Corp. Common Stock,$10.24,-0.35,-3.305%,"175,626,486"
DTIL,"Precision BioSciences, Inc. Common Stock",$6.36,-0.83,-11.544%,"175,545,883"
AMPY,Amplify Energy Corp. Common Stock,$4.23,UNCH,--,"175,360,784"
ECBK,"ECB Bancorp, Inc. Common Stock",$20.05,-1.05,-4.976%,"175,190,925"
BZUN,Baozun Inc. American Depositary Shares,$3.00,0.01,0.334%,"174,385,167"
HSDT,Solana Company Class A Common Stock (DE),$2.88,-0.39,-11.927%,"174,121,065"
MPV,Barings Participation Investors Common Stock,$16.415,-0.09,-0.545%,"174,026,906"
OCSAW,Oculis Holding AG Warrants,$3.00,-0.14,-4.459%,"173,953,314"
AP,Ampco-Pittsburgh Corporation Common Stock,$8.42,-0.25,-2.884%,"173,945,589"
PLG,Platinum Group Metals Ltd. Ordinary Shares (Canada),$1.36,-0.08,-5.556%,"173,923,752"
UIS,Unisys Corporation New Common Stock,$2.37,-0.08,-3.265%,"172,810,813"
BYND,"Beyond Meat, Inc. Common Stock",$10.03,-1.48,-12.858%,"172,455,479"
RDCM,Radcom Ltd. Ordinary Shares,$10.30,-0.23,-2.184%,"171,911,707"
CURI,CuriosityStream Inc. Class A Common Stock,$2.88,0.02,0.699%,"170,893,521"
LUCD,Lucid Diagnostics Inc. Common Stock,$0.8389,-0.0537,-6.016%,"170,501,366"
MRT,"Marti Technologies, Inc. Class A Ordinary Shares",$1.98,-0.01,-0.503%,"170,364,597"
MRDN,Meridian Holdings Inc. Common Stock,$13.42,-0.23,-1.685%,"170,024,408"
EBMT,"Eagle Bancorp Montana, Inc. Common Stock",$21.20,-0.46,-2.124%,"168,867,137"
MSC,"Studio City International Holdings Limited American depositary shares, each representing four  Class A ordinary shares",$0.7991,-0.0332,-3.989%,"168,383,247"
ATOM,Atomera Incorporated Common Stock,$4.31,-0.17,-3.795%,"168,193,621"
SKYX,SKYX Platforms Corp. Common Stock,$1.24,-0.04,-3.125%,"167,934,433"
GRX,The Gabelli Healthcare & Wellness Trust Common Shares of Beneficial Interest,$9.80,0.08,0.823%,"167,511,135"
ADCT,ADC Therapeutics SA Common Shares,$1.31,0.08,6.504%,"167,244,680"
NIU,Niu Technologies American Depositary Shares,$2.13,0.025,1.188%,"167,068,867"
ABOS,"Acumen Pharmaceuticals, Inc. Common Stock",$2.305,-0.345,-13.019%,"166,691,342"
NERV,"Minerva Neurosciences, Inc Common Stock",$3.49,-0.32,-8.399%,"166,638,981"
LFCR,"Lifecore Biomedical, Inc. Common Stock",$4.40,-0.095,-2.113%,"166,553,464"
QSI,Quantum-Si Incorporated Class A Common Stock,$0.7587,-0.026,-3.313%,"166,067,224"
JRVR,"James River Group Holdings, Inc. Common Stock",$3.59,-0.15,-4.011%,"166,034,046"
TOYO,"TOYO Co., Ltd Ordinary Shares",$4.34,-0.14,-3.125%,"165,672,955"
ONEW,OneWater Marine Inc. Class A Common Stock,$9.94,-0.32,-3.119%,"165,656,253"
NAKA,Nakamoto Inc. Common Stock,$9.195,-0.675,-6.839%,"164,544,001"
SEVN,Seven Hills Realty Trust Common Stock,$7.25,-0.21,-2.815%,"164,260,394"
GNT,"GAMCO Natural Resources, Gold & Income Trust",$8.85,-0.15,-1.667%,"163,507,635"
MENS,Jyong Biotech Ltd. Ordinary Shares,$2.14,-0.24,-10.084%,"162,699,207"
MOLN,Molecular Partners AG American Depositary Shares,$4.30,0.04,0.939%,"161,298,001"
OTLK,"Outlook Therapeutics, Inc. Common Stock",$0.6617,-0.0345,-4.955%,"161,089,246"
ZJYL,JIN MEDICAL INTERNATIONAL LTD. Class A Ordinary Shares,$2.05,-0.03,-1.442%,"160,786,594"
HTLM,HomesToLife Ltd Ordinary Shares,$1.78,-0.03,-1.657%,"159,643,750"
BNR,Burning Rock Biotech Limited American Depositary Shares,$15.075,-1.375,-8.359%,"158,986,121"
SSTK,"Shutterstock, Inc. Common Stock",$4.30,-0.21,-4.656%,"158,875,041"
EARN,Ellington Credit Company Common Shares of Beneficial Interest,$4.21,-0.05,-1.174%,"158,124,211"
FINW,FinWise Bancorp Common Stock,$11.39,-0.45,-3.801%,"158,123,725"
HUMA,"Humacyte, Inc. Common Stock",$0.5657,-0.0171,-2.934%,"157,150,388"
ZSQR,Z Squared Inc. Common Stock,$2.96,0.17,6.093%,"156,881,175"
JELD,"JELD-WEN Holding, Inc. Common Stock",$1.80,-0.04,-2.174%,"156,174,088"
AEHL,Antelope Enterprise Holdings Limited Class A Ordinary Shares,$8.225,0.495,6.404%,"155,985,941"
SITC,SITE Centers Corp. Common Stock,$2.97,-0.09,-2.941%,"155,851,757"
AIRS,"AirSculpt Technologies, Inc. Common Stock",$2.16,-0.37,-14.625%,"155,725,651"
EGAN,eGain Corporation Common Stock,$5.93,0.12,2.065%,"155,196,799"
ENGS,Energys Group Limited Ordinary Shares,$2.86,0.01,0.351%,"154,944,893"
DLTH,Duluth Holdings Inc. Class B Common Stock,$4.065,-0.115,-2.751%,"154,490,329"
EML,Eastern Company (The) Common Stock,$25.58,0.29,1.147%,"153,929,134"
OGI,Organigram Global Inc. Common Shares,$1.09,-0.02,-1.802%,"153,697,082"
CAAS,"China Automotive Systems, Inc. Ordinary Share",$5.08,0.01,0.197%,"153,267,166"
GSIW,Garden Stage Limited Class A Ordinary Shares,$14.30,-1.05,-6.84%,"153,187,306"
SRBK,"SR Bancorp, Inc. Common stock",$19.24,-0.38,-1.937%,"152,657,009"
WHF,"WhiteHorse Finance, Inc. Common Stock",$7.10,-0.16,-2.204%,"152,482,944"
BSET,"Bassett Furniture Industries, Incorporated Common Stock",$17.60,0.02,0.114%,"152,385,534"
OWLT,"Owlet, Inc. Class A Common Stock",$5.21,-0.32,-5.787%,"152,244,937"
BIPI,BIP Bermuda Holdings I Limited 5.125% Perpetual Subordinated Notes,$16.05,0.13,0.817%,"152,104,245"
HLP,Hongli Group Inc. Class A Ordinary Shares,$2.035,0.035,1.75%,"152,093,356"
ELME,Elme Communities Common Stock,$1.71,-0.03,-1.724%,"151,946,980"
NLOP,Net Lease Office Properties Common Shares of Beneficial Interest,$10.24,-0.37,-3.487%,"151,696,128"
LEE,"Lee Enterprises, Incorporated Common Stock",$6.79,-0.56,-7.619%,"151,362,979"
PIM,Franklin Master Intermediate Income Trust Shares of Beneficial Interest,$3.01,-0.05,-1.634%,"151,262,716"
CDXS,"Codexis, Inc. Common Stock",$1.38,-0.01,-0.719%,"151,117,956"
KRMD,"KORU Medical Systems, Inc. Common Stock (DE)",$3.27,-0.04,-1.208%,"150,982,120"
HUHU,HUHUTECH International Group Inc. Ordinary Shares,$5.90,-0.215,-3.516%,"150,413,119"
WW,"WW International, Inc.  Common Stock",$15.03,-1.41,-8.577%,"150,281,363"
CRBP,"Corbus Pharmaceuticals Holdings, Inc. Common Stock",$7.74,-0.135,-1.714%,"149,701,608"
QTRX,Quanterix Corporation Common Stock,$3.16,-0.03,-0.94%,"149,446,085"
GRO,Brazil Potash Corp. Common Shares,$2.41,-0.04,-1.633%,"149,290,378"
KZIA,Kazia Therapeutics Limited American Depositary Shares,$9.60,-1.32,-12.088%,"149,269,229"
BANX,ArrowMark Financial Corp. Common Stock,$21.015,-0.055,-0.261%,"149,261,685"
TRAK,"ReposiTrak, Inc. Common Stock",$8.18,-0.04,-0.487%,"148,659,762"
TNYA,"Tenaya Therapeutics, Inc. Common Stock",$0.6613,-0.0209,-3.064%,"148,283,307"
INTT,inTest Corporation Common Stock,$11.49,0.17,1.502%,"147,368,281"
RTB,"RTB Digital, Inc. Common Stock",$9.84,0.29,3.037%,"147,193,352"
EDRY,EuroDry Ltd. Common Shares ,$51.34,-2.74,-5.067%,"147,170,782"
ASBH,"American Savings Bank, N.A. Common Stock",$18.25,-0.50,-2.667%,"147,044,630"
LFMD,"LifeMD, Inc. Common Stock",$3.05,-0.25,-7.576%,"147,012,553"
DVLT,Datavault AI Inc. Common Stock,$0.1543,-0.012,-7.216%,"146,543,124"
DH,Definitive Healthcare Corp. Class A Common Stock,$1.01,0.12,13.483%,"146,419,746"
RRGB,"Red Robin Gourmet Burgers, Inc. Common Stock",$7.73,0.26,3.481%,"146,126,003"
WYHG,Wing Yip Food Holdings Group Limited American Depositary Shares,$4.10,-0.10,-2.381%,"145,889,201"
PAAC,Proem Acquisition Corp I Ordinary Shares,$10.07,UNCH,--,"145,682,690"
BRLT,"Brilliant Earth Group, Inc. Class A Common Stock",$1.43,0.02,1.418%,"145,606,597"
NXG,NXG NextGen Infrastructure Income Fund Common Shares of Beneficial Interest,$55.84,-0.24,-0.428%,"145,279,710"
CLLS,Cellectis S.A. American Depositary Shares,$1.44,-0.12,-7.692%,"144,759,277"
KRRO,"Korro Bio, Inc. Common Stock",$9.83,-0.51,-4.932%,"144,753,100"
INVZ,Innoviz Technologies Ltd. Ordinary shares,$0.4081,0.0581,16.60%,"144,752,526"
XHLD,"TEN Holdings, Inc. Common Stock",$12.08,0.35,2.984%,"144,717,711"
EPM,"Evolution Petroleum Corporation, Inc. Common Stock",$3.60,-0.06,-1.639%,"144,620,014"
NEN,New England Realty Associates Limited Partnership Class A Depositary Receipts Evidencing Units of Limited Partnership,$52.00,0.03,0.058%,"144,261,208"
VNCE,Vince Holding Corp. Common Stock,$11.11,0.97,9.566%,"143,816,161"
OPRX,OptimizeRx Corporation Common Stock,$7.60,-0.02,-0.262%,"143,153,228"
HOFT,Hooker Furnishings Corporation Common Stock,$13.34,0.10,0.755%,"142,633,908"
RNA,"Atrium Therapeutics, Inc. Common Stock",$8.33,-0.89,-9.653%,"142,490,006"
SPRB,"Spruce Biosciences, Inc. Common Stock",$49.415,-0.575,-1.15%,"142,019,352"
ONL,Orion Properties Inc. Common Stock,$2.48,-0.09,-3.502%,"141,470,891"
SHIM,Shimmick Corporation Common Stock,$3.42,-0.08,-2.286%,"141,368,515"
LSBK,"Lake Shore Bancorp, Inc. Common Stock",$18.00,-0.265,-1.451%,"141,368,184"
BMHL,Bluemount Holdings Limited Class B Ordinary Shares,$5.53,UNCH,--,"141,126,413"
CSHRW,CoinShares PLC Warrants,$1.07,-0.01,-0.926%,"141,004,824"
DOYU,DouYu International Holdings Limited ADS,$4.67,-0.04,-0.849%,"140,935,272"
SJT,San Juan Basin Royalty Trust Common Stock,$3.02,-0.08,-2.581%,"140,758,564"
TUSK,"Mammoth Energy Services, Inc. Common Stock",$2.92,-0.09,-2.99%,"140,532,548"
GHI,Greystone Housing Impact Investors LP Beneficial Unit Certificates representing assignments of limited partnership interests,$5.96,-0.08,-1.325%,"140,432,560"
WSHP,WeShop Holdings Limited Class A Ordinary Shares,$5.78,-0.17,-2.857%,"139,975,029"
DOUG,Douglas Elliman Inc. Common Stock,$1.54,-0.02,-1.282%,"139,971,328"
UP,Wheels Up Experience Inc. Class A Common Stock,$3.83,-0.06,-1.542%,"138,936,471"
RYDE,Ryde Group Ltd. Class A Ordinary Shares,$0.77,0.0749,10.775%,"138,774,256"
GGZ,Gabelli Global Small and Mid Cap Value Trust (The) Common Shares of Beneficial Interest,$15.60,-0.13,-0.826%,"138,402,685"
CRBU,"Caribou Biosciences, Inc. Common Stock",$1.29,-0.05,-3.731%,"138,297,692"
MNOV,Medicinova Inc Common Stock,$2.80,-0.10,-3.448%,"137,819,489"
NMRA,"Neumora Therapeutics, Inc. Common Stock",$0.7313,-0.0472,-6.063%,"137,408,280"
HURC,"Hurco Companies, Inc. Common Stock",$21.20,-0.53,-2.439%,"137,298,026"
AMTX,"Aemetis, Inc. (DE) Common Stock",$1.90,-0.215,-10.165%,"137,122,229"
NRXP,"NRX Pharmaceuticals, Inc. Common Stock",$3.16,-0.16,-4.819%,"136,814,624"
OXSQ,Oxford Square Capital Corp. Common Stock,$1.27,0.01,0.794%,"136,788,874"
ARMP,"Armata Pharmaceuticals, Inc. Common Stock",$3.64,-0.56,-13.333%,"135,342,404"
DIBS,"1stdibs.com, Inc. Common Stock",$4.02,-0.20,-4.739%,"135,133,478"
INGN,"Inogen, Inc Common Stock",$5.09,-0.14,-2.677%,"135,080,135"
RGP,"Resources Connection, Inc. Common Stock",$3.89,-0.095,-2.384%,"134,988,065"
COOK,"Traeger, Inc. Common Stock",$48.18,-1.20,-2.43%,"134,818,432"
ZJK,"ZJK Industrial Co., Ltd. Class A Ordinary Shares",$2.09,-0.04,-1.878%,"134,433,500"
SIF,"SIFCO Industries, Inc. Common Stock",$21.46,-0.11,-0.51%,"134,213,587"
ENGN,enGene Therapeutics Inc. Common Stock,$2.00,-0.05,-2.439%,"134,032,632"
OPENW,"Opendoor Technologies Inc  Series K Warrants, each whole warrant exercisable to purchase one share of Common Stock at an exercise price of $9.00 per warrant",$0.138,UNCH,--,"134,010,565"
CLAR,Clarus Corporation Common Stock,$3.50,-0.07,-1.961%,"134,008,543"
UNCY,"Unicycive Therapeutics, Inc. Common Stock",$4.81,-0.15,-3.024%,"133,983,786"
TLSA,Tiziana Life Sciences Ltd. Common Shares,$1.05,0.1601,17.991%,"133,622,088"
MED,MEDIFAST INC Common Stock,$11.95,-0.13,-1.076%,"133,609,401"
AGPU,Axe Compute Inc. Common Stock,$11.495,-0.995,-7.966%,"133,239,970"
HYNE,"Hoyne Bancorp, Inc. Common Stock",$16.44,-0.06,-0.364%,"133,113,661"
NYXH,Nyxoah SA Ordinary Shares,$1.33,-0.07,-5.00%,"133,096,844"
CTW,CTW Class A Ordinary Shares,$2.13,0.01,0.472%,"132,912,000"
TISI,"Team, Inc. Common Stock",$28.90,0.35,1.226%,"132,454,740"
ACNT,Ascent Industries Co. Common Stock,$14.70,-0.115,-0.776%,"132,438,959"
STXS,"Stereotaxis, Inc. Common Stock",$1.32,-0.08,-5.714%,"132,266,875"
WALD,Waldencast plc Class A Ordinary Share,$1.02,-0.05,-4.673%,"131,172,931"
HURA,"TuHURA Biosciences, Inc. Common Stock",$2.05,-0.08,-3.756%,"130,639,565"
LGCY,Legacy Education Inc. Common Stock,$10.31,0.31,3.10%,"130,442,512"
DLNG,Dynagas LNG Partners LP Common Units,$3.58,-0.04,-1.105%,"130,247,599"
KVHI,"KVH Industries, Inc. Common Stock",$7.16,0.03,0.421%,"129,889,288"
VERI,"Veritone, Inc. Common Stock",$1.29,0.01,0.781%,"129,589,618"
HCAT,"Health Catalyst, Inc Common Stock",$1.72,-0.17,-8.995%,"129,440,975"
CBAT,CBAK Energy Technology Limited Ordinary Shares,$1.46,0.17,13.178%,"129,422,921"
PLBY,"Playboy, Inc. Common Stock",$1.08,-0.02,-1.818%,"129,392,303"
LANV,Lanvin Group Holdings Limited Ordinary Shares,$1.03,0.03,3.00%,"129,363,791"
INO,"Inovio Pharmaceuticals, Inc. Common Stock",$1.25,-0.04,-3.101%,"129,246,898"
BEBE,TGE Value Creative Solutions Corp Class A Ordinary Shares,$10.04,UNCH,--,"129,214,800"
SMID,Smith-Midland Corporation Common Stock,$24.17,-0.22,-0.902%,"128,212,327"
ZENA,"ZenaTech, Inc. Common Stock",$1.49,-0.05,-3.247%,"128,011,905"
IMDX,Insight Molecular Diagnostics Inc. Common Stock,$3.91,-0.23,-5.556%,"127,951,950"
IMUX,"Immunic, Inc. Common Stock",$9.37,-1.47,-13.561%,"127,848,656"
GLND,Greenland Energy Company Common Stock,$2.91,0.40,15.936%,"127,254,865"
FGNXP,FG Nexus Inc. 8.00% Cumulative Preferred Stock,$24.90,UNCH,--,"126,882,631"
TLYS,"Tilly's, Inc. Common Stock",$4.13,-0.22,-5.057%,"126,325,404"
FGBI,"First Guaranty Bancshares, Inc. Common Stock",$7.62,-0.75,-8.961%,"126,027,896"
OCC,Optical Cable Corporation Common Stock,$14.16,UNCH,--,"125,203,060"
NINE,"Nine Energy Service, Inc. Common Stock",$8.96,-0.18,-1.969%,"124,991,910"
UFI,"Unifi, Inc. New Common Stock",$6.71,0.12,1.821%,"124,731,096"
APYX,Apyx Medical Corporation Common Stock,$2.95,UNCH,--,"124,265,868"
MGYR,"Magyar Bancorp, Inc. Common Stock",$19.23,-0.05,-0.259%,"124,137,015"
CODA,"Coda Octopus Group, Inc. Common stock",$10.97,-0.19,-1.703%,"123,775,618"
FLYX,"flyExclusive, Inc. Class A Common Stock",$1.21,-0.02,-1.626%,"123,518,915"
VIVO,VivoPower PLC Class A Ordinary Shares,$3.86,0.01,0.26%,"123,495,122"
CVGI,"Commercial Vehicle Group, Inc. Common Stock",$3.03,UNCH,--,"123,117,026"
MXCT,"MaxCyte, Inc. Common Stock",$1.19,-0.05,-4.032%,"122,815,385"
MX,Magnachip Semiconductor Corporation Common Stock,$3.22,0.02,0.625%,"122,270,159"
AXR,AMREP Corporation Common Stock,$22.91,0.31,1.372%,"121,992,291"
SFBC,"Sound Financial Bancorp, Inc. Common Stock",$47.40,-0.77,-1.599%,"121,725,238"
AARD,"Aardvark Therapeutics, Inc. Common Stock",$5.56,-0.19,-3.304%,"121,679,744"
BOOM,DMC Global Inc. Common Stock,$5.92,-0.15,-2.471%,"121,602,418"
NAUT,"Nautilus Biotechnology, Inc. Common Stock",$0.9539,-0.0455,-4.553%,"121,388,757"
JHS,John Hancock Income Securities Trust Common Stock,$10.415,-0.105,-0.998%,"121,299,183"
VTVT,vTv Therapeutics Inc. Class A Common Stock,$30.58,-0.52,-1.672%,"120,911,118"
BHR,Braemar Hotels & Resorts Inc. Common Stock,$1.76,-0.06,-3.297%,"120,875,600"
ICG,Intchains Group Limited American Depositary Shares,$1.00,0.0714,7.689%,"120,782,902"
JLHL,Julong Holding Limited Class A Ordinary Shares,$5.63,0.06,1.077%,"120,755,798"
BOTJ,"Bank of the James Financial Group, Inc. Common Stock",$26.50,-0.20,-0.749%,"120,398,457"
AKA,a.k.a. Brands Holding Corp. Common Stock,$10.89,-0.11,-1.00%,"119,692,633"
LX,LexinFintech Holdings Ltd. American Depositary Shares,$0.7238,-0.0449,-5.841%,"119,273,753"
RVSB,Riverview Bancorp Inc Common Stock,$5.91,-0.08,-1.336%,"119,149,223"
WSBK,"Winchester Bancorp, Inc. Common Stock",$12.81,-0.10,-0.775%,"119,073,767"
OKUR,"OnKure Therapeutics, Inc. Class A Common Stock",$2.94,-0.16,-5.161%,"119,059,148"
CPIX,Cumberland Pharmaceuticals Inc. Common Stock,$7.94,-0.26,-3.171%,"118,965,870"
INSE,"Inspired Entertainment, Inc. Common Stock",$4.51,-0.005,-0.111%,"118,876,258"
CNXU,Conexeu Sciences Inc. Common Stock,$4.21,-0.19,-4.318%,"118,750,199"
QXL,Quantum X Labs Inc. Common Stock,$5.50,-0.18,-3.169%,"118,623,043"
COYA,"Coya Therapeutics, Inc. Common Stock",$5.04,-0.26,-4.906%,"118,227,559"
LENZ,"LENZ Therapeutics, Inc. Common Stock",$3.76,-0.37,-8.959%,"118,140,490"
JYNT,The Joint Corp. Common Stock,$8.34,-0.04,-0.477%,"117,953,904"
TRT,Trio-Tech International Common Stock,$11.45,0.21,1.868%,"117,917,241"
CBUS,"Cibus, Inc. Class A Common Stock",$1.54,-0.05,-3.145%,"117,700,605"
XHG,XChange TEC.INC American Depositary Shares ,$2.28,-0.05,-2.146%,"117,529,271"
SANG,Sangoma Technologies Corporation Common Shares,$3.525,0.0026,0.074%,"117,307,735"
TCX,Tucows Inc. Class A Common Stock,$10.49,-0.07,-0.663%,"117,300,355"
BEEP,Mobile Infrastructure Corporation Common Stock,$2.84,0.01,0.353%,"117,292,000"
PZG,Paramount Gold Nevada Corp. Common Stock,$1.36,-0.01,-0.73%,"117,252,918"
EVTL,Vertical Aerospace Ltd. Ordinary Shares,$0.6825,-0.0551,-7.47%,"117,201,385"
ANTA,Antalpha Platform Holding Company Class A Ordinary Shares,$3.10,-0.10,-3.125%,"116,560,000"
BSBK,Bogota Financial Corp. Common Stock,$9.125,-0.0729,-0.793%,"116,446,981"
WTF,Waton Financial Limited Ordinary Shares,$2.41,-0.13,-5.118%,"116,252,308"
OESX,"Orion Energy Systems, Inc. Common Stock",$28.42,-0.62,-2.135%,"116,217,508"
SAMG,Silvercrest Asset Management Group Inc. Class A Common Stock,$9.80,0.48,5.15%,"116,108,117"
PMN,ProMIS Neurosciences Inc. Common Shares (ON),$12.94,-0.64,-4.713%,"116,041,947"
VRA,"Vera Bradley, Inc. Common Stock",$4.04,-0.25,-5.828%,"115,902,203"
UNB,"Union Bankshares, Inc. Common Stock",$23.40,-0.10,-0.426%,"115,733,311"
SWVL,Swvl Holdings Corp Class A Common Shares,$3.83,-0.22,-5.432%,"114,899,127"
HOVNP,Hovnanian Enterprises Inc Dep Shr Srs A Pfd,$19.24,-0.11,-0.568%,"114,668,284"
NICM,Nicola Mining Inc. American Depositary Shares,$5.78,0.025,0.434%,"114,568,773"
PROV,"Provident Financial Holdings, Inc. Common Stock",$18.36,-0.21,-1.131%,"114,455,469"
GNLX,Genelux Corporation Common Stock,$2.515,-0.095,-3.64%,"113,792,018"
NIPG,NIP Group Inc. American Depositary Shares,$13.33,0.02,0.15%,"113,592,741"
NIOBW,NioCorp Developments Ltd. Warrant,$0.78,-0.03,-3.704%,"113,557,897"
HOVR,New Horizon Aircraft Ltd. Class A Ordinary Share,$1.69,-0.08,-4.52%,"113,439,460"
SUIG,Sui Group Holdings Limited Common Stock,$1.47,-0.07,-4.545%,"112,900,222"
OPHC,"OptimumBank Holdings, Inc. Common Stock",$8.93,-0.30,-3.25%,"112,718,657"
WYY,WidePoint Corporation Common Stock,$11.17,-0.02,-0.179%,"111,680,508"
PNBK,Patriot National Bancorp Inc. Common Stock,$0.9404,-0.0296,-3.052%,"111,665,165"
KULR,"KULR Technology Group, Inc. Common Stock",$2.41,-0.03,-1.23%,"111,535,576"
QUCY,Quantum Cyber N.V. Ordinary Shares,$1.32,UNCH,--,"110,970,013"
EQ,"Equillium, Inc. Common Stock",$1.75,-0.18,-9.326%,"110,964,144"
VANI,"Vivani Medical, Inc. Common Stock (DE)",$1.23,-0.04,-3.15%,"110,950,128"
AIB,AIB Data Centers Inc. Common Stock,$1.46,0.10,7.353%,"110,930,020"
DMRC,Digimarc Corporation Common Stock,$4.93,-0.18,-3.523%,"110,803,372"
GGT,"Gabelli Multi-Media Trust, Inc. (The) Common Stock",$4.02,-0.04,-0.985%,"110,693,719"
MWC,"Micware Co., Ltd. American Depositary Shares",$1.80,-0.06,-3.226%,"110,397,582"
BYFC,Broadway Financial Corporation Class A Common Stock,$11.8914,-0.1086,-0.905%,"110,334,890"
FEAM,"5E Advanced Materials, Inc. Common Stock",$2.64,-0.30,-10.204%,"109,949,059"
NRDY,Nerdy Inc. Class A Common Stock,$8.58,-0.13,-1.493%,"109,600,860"
GLU,Gabelli Global Utility Common Shares of Beneficial Ownership,$18.36,-0.37,-1.975%,"109,589,206"
SRFM,Surf Air Mobility Inc. Common Stock,$0.8839,0.1139,14.792%,"109,289,146"
BDTX,"Black Diamond Therapeutics, Inc. Common Stock",$1.90,-0.08,-4.04%,"109,162,119"
HMR,Heidmar Maritime Holdings Corp. Common Stock,$1.85,UNCH,--,"109,135,194"
FLNT,"Fluent, Inc. Common Stock",$3.45,-0.05,-1.429%,"109,044,447"
DAVA,Endava plc American Depositary Shares (each representing one Class A Ordinary Share),$2.00,-0.11,-5.213%,"108,655,206"
STHO,Star Holdings Shares of Beneficial Interest,$8.99,-0.06,-0.663%,"108,611,184"
PAL,"Proficient Auto Logistics, Inc. Common Stock",$3.86,-0.10,-2.525%,"108,284,283"
JHI,John Hancock Investors Trust Common Stock,$12.30,-0.11,-0.886%,"107,557,928"
MIST,Milestone Pharmaceuticals Inc. Common Shares,$0.862,-0.059,-6.406%,"107,317,259"
PYPD,PolyPid Ltd. Ordinary Shares,$5.27,-0.18,-3.303%,"107,043,007"
RANI,"Rani Therapeutics Holdings, Inc. Class A Common Stock",$0.767,-0.0109,-1.401%,"106,916,210"
PLYX,"Polaryx Therapeutics, Inc. Common Stock",$2.14,-0.01,-0.465%,"106,670,425"
FURY,Fury Gold Mines Limited Common Shares,$0.561,-0.0214,-3.674%,"106,664,161"
TP,Ticketplus Ltd. Ordinary Shares,$8.23,-0.17,-2.024%,"105,161,919"
RFL,"Rafael Holdings, Inc. Class B Common Stock",$2.02,0.02,1.00%,"105,039,992"
VATE,INNOVATE Corp. Common Stock,$7.68,-0.50,-6.112%,"104,769,531"
NFE,New Fortress Energy Inc. Class A Common Stock,$6.40,-1.75,-21.472%,"104,458,336"
BMEA,"Biomea Fusion, Inc. Common Stock",$1.44,-0.26,-15.294%,"104,376,747"
SRG,Seritage Growth Properties Class A Common Stock,$1.85,-0.01,-0.538%,"104,200,523"
VIRC,Virco Manufacturing Corporation Common Stock,$6.57,-0.11,-1.647%,"103,568,265"
CITR,CitroTech Inc. Common Stock,$4.59,-0.01,-0.217%,"103,520,446"
PMVP,"PMV Pharmaceuticals, Inc. Common Stock",$1.37,-0.14,-9.272%,"103,456,142"
ECOR,"electroCore, Inc. Common Stock",$11.42,-0.87,-7.079%,"102,961,407"
FJET,"Starfighters Space, Inc. Common Stock",$1.87,-0.07,-3.608%,"102,842,556"
ILLU,Illumination Acquisition Corp I Class A Ordinary Shares,$9.98,UNCH,--,"102,442,145"
PUSA,Aureus Greenway Holdings Inc. Common Stock,$3.70,-0.12,-3.141%,"102,281,253"
BWEN,"Broadwind, Inc. Common Stock",$4.32,-0.09,-2.041%,"102,199,851"
BGM,BGM Group Ltd. Class A Ordinary Shares,$0.255,-0.0029,-1.124%,"102,158,956"
CHMI,Cherry Hill Mortgage Investment Corporation Common Stock,$2.76,-0.09,-3.158%,"101,974,807"
CRDF,"Cardiff Oncology, Inc. Common Stock",$1.31,-0.02,-1.504%,"101,911,776"
AMPG,"Amplitech Group, Inc. Common Stock",$3.38,-0.025,-0.734%,"101,548,338"
LAKE,"Lakeland Industries, Inc. Common Stock",$10.20,-0.025,-0.244%,"101,299,729"
GHG,"GreenTree Hospitality Group Ltd. American depositary shares, each representing one Class A ordinary share",$1.00,-0.02,-1.961%,"100,897,325"
HDRN,"Hadron Energy, Inc. Common Stock  ",$1.40,-0.08,-5.405%,"100,098,379"
ZVIA,Zevia PBC Class A Common Stock,$1.29,-0.05,-3.731%,"99,775,567"
SEER,"Seer, Inc. Class A Common Stock",$1.80,-0.06,-3.226%,"99,669,627"
RDZN,"Roadzen, Inc. Ordinary Shares",$1.17,-0.04,-3.306%,"99,643,124"
USGO,U.S. GoldMining Inc. Common stock,$7.08,-0.12,-1.667%,"99,373,011"
SUNS,"Sunrise Realty Trust, Inc. Common Stock",$7.35,-0.26,-3.417%,"99,341,505"
KEQU,Kewaunee Scientific Corporation Common Stock,$34.03,-0.07,-0.205%,"98,528,658"
ULBI,Ultralife Corporation Common Stock,$5.90,0.20,3.509%,"98,313,287"
SLNG,"Stabilis Solutions, Inc. Common Stock",$5.24,-0.09,-1.689%,"97,444,617"
ZKIN,"ZK International Group Co., Ltd Ordinary Share",$1.70,0.25,17.241%,"97,430,924"
STEX,Streamex Corp. Common Stock,$0.8339,0.0217,2.672%,"97,120,511"
AVAT,Avalanche Treasury Corporation Class A Common Stock,$2.21,-0.05,-2.212%,"96,622,181"
CSTE,Caesarstone Ltd. Ordinary Shares,$2.79,-0.04,-1.413%,"96,470,039"
GRABW,Grab Holdings Limited Warrant,$0.0235,0.004,20.513%,"96,361,322"
SPWR,SunPower Inc. Common Stock,$0.30,-0.01,-3.226%,"96,090,104"
UPXI,"Upexi, Inc. Common Stock",$1.17,-0.08,-6.40%,"96,059,895"
PARK,"Park Dental Partners, Inc. Common Stock",$20.18,-0.12,-0.591%,"95,961,591"
GFUZW,General Fusion Group Ltd. Warrant,$1.51,-0.02,-1.307%,"95,958,569"
NTHI,"NeOnc Technologies Holdings, Inc. Common Stock",$3.22,-0.23,-6.667%,"95,846,826"
LPA,Logistic Properties of the Americas Ordinary Shares,$3.02,-0.21,-6.502%,"95,729,878"
ANIX,"Anixa Biosciences, Inc. Common Stock",$2.75,-0.04,-1.434%,"95,600,456"
FNWB,First Northwest Bancorp Common Stock,$10.05,-0.18,-1.76%,"95,591,731"
CIGL,Concorde International Group Ltd Class A Ordinary Shares,$0.4209,0.0007,0.167%,"95,538,183"
FACWW,Factorial Energy Inc. Warrant,$0.89,-0.03,-3.261%,"95,250,688"
WRAP,"Wrap Technologies, Inc. Common Stock",$1.475,-0.015,-1.007%,"95,250,444"
TRBG,TurboGen Ltd. Ordinary Shares,$3.74,0.16,4.469%,"95,205,403"
TGEN,Tecogen Inc. Common Stock,$3.15,-0.17,-5.12%,"95,091,639"
FDSB,"Fifth District Bancorp, Inc. Common Stock",$18.15,-0.19,-1.036%,"95,027,193"
BUDA,"Buda Juice, Inc. Common Stock",$7.55,0.08,1.071%,"94,878,328"
GRWG,GrowGeneration Corp. Common Stock,$1.61,0.03,1.899%,"94,861,923"
LUD,Luda Technology Group Limited Ordinary Shares,$4.175,UNCH,--,"94,730,750"
CTOR,"Citius Oncology, Inc. Common Stock",$1.01,-0.06,-5.607%,"93,911,016"
LSE,"Leishen Energy Holding Co., Ltd. Class A Ordinary Shares",$5.50,0.5794,11.775%,"93,637,500"
MNTS,Momentus Inc. Class A Common Stock,$4.23,-0.12,-2.759%,"92,905,186"
TSQ,"Townsquare Media, Inc. Class A Common Stock",$5.09,0.07,1.394%,"92,799,043"
MDIA,Mediaco Holding Inc. Class A Common Stock ,$1.10,-0.02,-1.786%,"92,421,844"
SPAI,Safe Pro Group Inc. Common Stock,$4.53,-0.04,-0.875%,"92,243,765"
DWSN,Dawson Geophysical Company Common Stock,$2.97,-0.11,-3.571%,"92,235,185"
NRXS,"Neuraxis, Inc. Common Stock",$7.31,UNCH,--,"91,797,262"
AUBN,"Auburn National Bancorporation, Inc. Common Stock",$26.282,-0.628,-2.334%,"91,574,162"
ATGL,Alpha Technology Group Limited Class A Ordinary Shares,$5.55,0.05,0.909%,"91,366,875"
GETY,"Getty Images Holdings, Inc. Class A Common Stock",$0.2197,-0.0206,-8.573%,"91,134,044"
RGT,"Royce Global Trust, Inc. Common Stock",$14.505,-0.1458,-0.995%,"90,902,008"
RFIL,"RF Industries, Ltd. Common Stock",$8.37,-0.07,-0.829%,"90,795,760"
ICCC,ImmuCell Corporation Common Stock,$9.99,UNCH,--,"90,731,148"
FUSB,"First US Bancshares, Inc. Common Stock",$16.46,-0.05,-0.303%,"90,607,510"
PFX,PhenixFIN Corporation Common Stock,$46.8622,1.2033,2.635%,"90,503,702"
JXG,JX Luxventure Group Inc. Common Stock,$7.50,0.87,13.122%,"90,449,078"
CGTX,"Cognition Therapeutics, Inc. Common Stock",$0.95,-0.0313,-3.19%,"90,339,059"
HERE,Here Group Limited American Depositary Shares,$1.66,0.01,0.606%,"90,278,461"
EP,Empire Petroleum Corporation Common Stock,$2.17,-0.06,-2.691%,"90,277,080"
PTHS,Pelthos Therapeutics Inc. Common Stock,$23.52,0.28,1.205%,"90,045,591"
CABO,"Cable One, Inc. Common Stock",$15.83,-1.23,-7.21%,"89,818,233"
AEYE,"AudioEye, Inc. Common Stock",$7.14,-0.15,-2.058%,"89,747,472"
USDEW,StablecoinX Inc. Warrants,$3.30,-0.21,-5.983%,"89,717,526"
SIEB,Siebert Financial Corp. Common Stock,$2.18,0.15,7.389%,"89,600,040"
PBHC,"Pathfinder Bancorp, Inc. Common Stock (MD)",$18.29,0.99,5.723%,"89,591,004"
RLYB,Rallybio Corporation Common Stock,$16.86,-0.06,-0.355%,"89,535,013"
NTRB,Nutriband Inc. Common Stock,$7.35,0.59,8.728%,"89,344,270"
RMI,"RiverNorth Opportunistic Municipal Income Fund, Inc. Common Stock",$14.01,-0.53,-3.645%,"89,289,485"
ARQ,"Arq, Inc. Common Stock",$2.04,-0.03,-1.449%,"89,083,705"
ACR,ACRES Commercial Realty Corp. Common Stock,$11.87,-0.54,-4.351%,"88,769,344"
MGF,Aberdeen Government Markets Income Fund Common Shares of Beneficial Interest,$2.71,-0.04,-1.455%,"88,338,935"
ACRV,"Acrivon Therapeutics, Inc. Common Stock",$2.06,-0.09,-4.186%,"88,277,926"
KDKRW,"Kodiak AI, Inc. Warrants",$0.44,-0.045,-9.278%,"88,271,995"
FTLF,"FitLife Brands, Inc. Common Stock",$9.39,0.08,0.859%,"88,182,166"
SKIN,SkinHealth Systems Inc. Class A Common Stock,$0.6767,0.0035,0.52%,"88,066,254"
UBCP,"United Bancorp, Inc. Common Stock",$15.3501,-0.6299,-3.942%,"88,040,775"
MBOT,Microbot Medical Inc. Common Stock,$1.31,-0.07,-5.072%,"87,985,889"
BCIC,BCP Investment Corporation Common Stock,$7.10,0.01,0.141%,"87,923,929"
LNSR,"LENSAR, Inc. Common Stock",$7.15,-0.10,-1.379%,"87,843,935"
MHH,"Mastech Digital, Inc Common Stock",$7.30,0.15,2.098%,"87,691,841"
LGL,"LGL Group, Inc. (The) Common Stock",$6.95,-0.30,-4.138%,"87,661,386"
BZFD,"BuzzFeed, Inc. Class A Common Stock",$1.03,-0.06,-5.505%,"87,585,775"
CCLD,"CareCloud, Inc. Common Stock",$2.06,-0.09,-4.186%,"87,537,350"
VIOT,"Viomi Technology Co., Ltd American Depositary Shares",$1.30,-0.02,-1.515%,"87,518,249"
YRD,"Yiren Digital Ltd. American Depositary Shares, each representing two ordinary shares",$1.00,-0.01,-0.99%,"87,488,461"
WFF,WF Holding Limited Ordinary Shares,$2.07,0.01,0.485%,"86,774,263"
MMLP,Martin Midstream Partners L.P. Limited Partnership,$2.2152,-0.0148,-0.664%,"86,669,004"
OPENZ,"Opendoor Technologies Inc  Series Z Warrants, each whole warrant exercisable to purchase one share of Common Stock at an exercise price of $17.00 per warrant",$0.0892,-0.0083,-8.513%,"86,621,322"
VENU,Venu Holding Corporation Common Stock,$1.47,-0.09,-5.769%,"86,537,928"
RPT,Rithm Property Trust Inc. Common stock,$11.13,-0.17,-1.504%,"86,508,637"
ONCY,"Oncolytics Biotech, Inc. Common Stock",$0.6765,-0.0368,-5.159%,"86,260,857"
DTI,Drilling Tools International Corporation Common Stock,$2.44,0.01,0.412%,"86,088,627"
ATRA,"Atara Biotherapeutics, Inc. Common Stock",$8.56,-0.37,-4.143%,"85,922,798"
LUNG,Pulmonx Corporation Common Stock,$2.00,-0.06,-2.913%,"85,896,538"
HFFG,HF Foods Group Inc. Common Stock,$1.54,0.02,1.316%,"85,628,337"
ARBE,Arbe Robotics Ltd. Ordinary Shares,$0.6719,-0.0157,-2.283%,"85,602,788"
ZSTK,ZeroStack Corp. Common Stock,$3.92,-0.13,-3.21%,"85,536,466"
EVF,Eaton Vance Senior Income Trust Common Stock,$4.87,0.02,0.412%,"85,414,238"
GCL,GCL Global Holdings Ltd Ordinary Shares,$0.6553,-0.0325,-4.725%,"85,277,749"
EIC,Eagle Point Income Company Common Shares of Beneficial Interest,$9.55,-0.01,-0.105%,"85,072,431"
BYRN,"Byrna Technologies, Inc. Common Stock",$3.62,0.15,4.323%,"84,725,209"
GCV,"Gabelli Convertible and Income Securities Fund, Inc. (The) Common Stock",$4.43,-0.02,-0.449%,"84,347,328"
CPBI,"Central Plains Bancshares, Inc. Common Stock",$20.15,0.15,0.75%,"84,070,555"
NAAS,NaaS Technology Inc. American Depositary Shares,$3.42,0.19,5.882%,"84,005,012"
EMPD,Empery Digital Inc. Common stock,$2.985,-0.055,-1.809%,"83,908,681"
TELO,"Telomir Pharmaceuticals, Inc. Common Stock",$1.22,-0.03,-2.40%,"83,905,446"
GIBO,GIBO Holdings Limited Class A Ordinary Shares,$32.20,-0.70,-2.128%,"83,871,501"
HYPR,"Hyperfine, Inc. Class A Common Stock",$0.79,-0.0151,-1.876%,"83,778,449"
MBAI,MBody AI Ltd. Ordinary Share,$5.47,-0.91,-14.263%,"83,655,904"
LINK,"Interlink Electronics, Inc. Common Stock",$5.295,-0.065,-1.213%,"83,414,301"
ATLX,Atlas Lithium Corporation Common Stock,$2.75,-0.31,-10.131%,"82,774,464"
CMCM,"Cheetah Mobile Inc. American Depositary Shares, each representing fifty (50) Class A Ordinary Shares",$2.65,-0.01,-0.376%,"82,615,971"
CANG,Cango Inc. Class A Ordinary Shares,$2.01,-0.21,-9.459%,"82,454,154"
SSBI,Summit State Bank Common Stock,$12.3386,-0.4614,-3.605%,"82,337,082"
BTCS,BTCS Inc. Common Stock,$1.565,-0.085,-5.152%,"82,118,588"
WSTN,Westin Acquisition Corp Class A Ordinary Share,$10.185,UNCH,--,"82,040,175"
HNNA,"Hennessy Advisors, Inc. Common Stock",$10.37,-0.11,-1.05%,"81,968,732"
MAYS,"J. W. Mays, Inc. Common Stock",$40.65,-0.20,-0.49%,"81,941,457"
BLNK,Blink Charging Co. Common Stock,$0.5652,-0.0211,-3.599%,"81,919,362"
YDDL,One and One Green Technologies. Inc Class A Ordinary Shares,$1.46,-0.03,-2.013%,"81,808,666"
CPHC,Canterbury Park Holding Corporation 'New' Common Stock,$15.78,0.13,0.831%,"81,793,957"
THRY,"Thryv Holdings, Inc. Common Stock",$1.84,-0.14,-7.071%,"81,767,964"
AZI,Autozi Internet Technology (Global) Ltd. Class A Ordinary Shares,$1.23,0.05,4.237%,"81,610,579"
ALDX,"Aldeyra Therapeutics, Inc. Common Stock",$1.35,-0.045,-3.226%,"81,440,668"
RFM,"RiverNorth Flexible Municipal Income Fund, Inc. Common Stock",$13.315,-0.125,-0.93%,"81,417,217"
CHGG,"Chegg, Inc. Common Stock",$0.7328,-0.016,-2.137%,"81,360,939"
SERA,"Sera Prognostics, Inc. Class A Common Stock",$2.06,-0.07,-3.286%,"81,265,900"
NRT,North European Oil Royality Trust Common Stock,$8.83,0.06,0.684%,"81,152,910"
JFIN,Jiayin Group Inc. American Depositary Shares,$1.55,-0.02,-1.274%,"81,110,796"
DTCX,"Datacentrex, Inc. Common Stock",$2.02,-0.05,-2.415%,"81,090,125"
BDL,"Flanigan's Enterprises, Inc. Common Stock",$43.62,1.22,2.877%,"81,074,182"
FSEA,"First Seacoast Bancorp, Inc. Common Stock",$17.18,-0.01,-0.058%,"80,822,022"
WCT,Wellchange Holdings Company Limited Class A Ordinary shares,$7.52,-0.23,-2.968%,"80,772,816"
BZAI,"Blaize Holdings, Inc. Common Stock",$0.5553,-0.0196,-3.409%,"80,425,231"
GANX,"Gain Therapeutics, Inc. Common Stock",$1.84,-0.11,-5.641%,"80,304,259"
MAIA,"MAIA Biotechnology, Inc. Common Stock",$1.32,-0.05,-3.65%,"80,301,152"
IBIO,"iBio, Inc. Common Stock",$1.245,-0.085,-6.391%,"80,062,534"
XTND,"Xtend AI Robotics, Inc. Common Stock",$3.95,-0.02,-0.504%,"79,910,092"
ASRV,AmeriServ Financial Inc. Common Stock,$4.70,0.17,3.753%,"79,802,555"
ROC,Rank One Computing Corporation Common stock,$4.18,-0.07,-1.647%,"79,754,931"
SRL,Scully Royalty Ltd.,$5.23,-0.10,-1.876%,"79,633,816"
ACET,"Adicet Bio, Inc. Common Stock",$8.49,-0.655,-7.162%,"79,479,050"
SEV,Aptera Motors Corp. Class B Common Stock,$1.96,-0.11,-5.314%,"79,464,525"
DTF,DTF Tax-Free Income 2028 Term Fund Inc. Common Stock,$11.30,-0.01,-0.088%,"79,434,107"
VRCA,Verrica Pharmaceuticals Inc. Common Stock,$4.62,-0.10,-2.119%,"79,365,991"
AFCG,Advanced Flower Capital Inc. Common Stock,$3.50,UNCH,--,"79,351,717"
CENN,Cenntro Inc. Common Stock,$4.51,-0.01,-0.221%,"79,269,799"
MHNC,"Maiden Holdings North America, Ltd. 7.75% Notes due 2043",$10.20,-0.015,-0.147%,"78,967,819"
AIRT,"Air T, Inc. Common Stock",$29.38,-2.15,-6.819%,"78,789,756"
SKYA,"SkyAI, Inc. Common Stock",$1.81,0.03,1.685%,"78,277,986"
INTG,Intergroup Corporation (The) Common Stock,$36.33,-0.89,-2.391%,"78,066,340"
LFVN,Lifevantage Corporation Common Stock (Delaware),$6.20,-0.02,-0.322%,"78,054,553"
NDLS,Noodles & Company Class A Common Stock,$13.08,-0.24,-1.802%,"78,043,913"
FBIO,"Fortress Biotech, Inc. Common Stock",$2.34,-0.11,-4.49%,"78,041,324"
SLQT,"SelectQuote, Inc. Common Stock",$0.4329,-0.0207,-4.563%,"77,602,434"
ETS,Elite Express Holding Inc. Class A Common Stock,$1.59,-0.06,-3.636%,"77,459,508"
NEXM,NexMetals Mining Corp. Common Shares,$2.17,0.01,0.463%,"77,356,516"
GUTS,"Fractyl Health, Inc. Common Stock",$0.4856,-0.0674,-12.188%,"77,297,734"
GOAI,Eva Live Inc. Common Stock,$1.93,-0.20,-9.39%,"77,188,690"
BSIN,Big Sky Industrial Inc. Common Stock,$1.47,-0.05,-3.289%,"77,165,339"
LNZA,"LanzaTech Global, Inc. Common Stock",$5.89,-0.31,-5.00%,"77,095,170"
GLBS,Globus Maritime Limited Common Stock,$3.57,-0.12,-3.252%,"77,048,815"
AIFC,AI Financial Corporation Common Stock,$0.5505,0.0405,7.941%,"76,979,999"
OPENL,"Opendoor Technologies Inc  Series A Warrants, each whole warrant exercisable to purchase one share of Common Stock at an exercise price of $13.00 per warrant",$0.0791,-0.0024,-2.945%,"76,813,302"
OSTX,OS Therapies Incorporated Common Stock,$1.65,-0.12,-6.78%,"76,676,804"
ISPR,Ispire Technology Inc. Common Stock,$1.325,0.08,6.426%,"76,524,674"
SOTK,Sono-Tek Corporation Common Stock,$4.86,0.14,2.966%,"76,383,274"
HFBL,"Home Federal Bancorp, Inc. of Louisiana Common Stock",$25.00,-0.27,-1.068%,"76,347,225"
EGG,Enigmatig Limited Class A Ordinary Shares,$2.71,-0.14,-4.912%,"75,460,492"
GDHG,Golden Heaven Group Holdings Ltd. Class A Ordinary Shares,$1.15,-0.01,-0.862%,"75,314,535"
BLUW,Blue Water Acquisition Corp. III Class A Ordinary Shares,$10.3601,0.0001,0.001%,"75,058,925"
CPSH,CPS Technologies Corp. Common Stock,$3.87,-0.11,-2.764%,"75,031,336"
SCOR,"comScore, Inc. Common Stock",$4.94,0.10,2.066%,"75,010,570"
AMCI,AMC Robotics Corporation Common Stock,$3.23,0.05,1.572%,"74,956,746"
CSPI,CSP Inc. Common Stock,$7.42,-0.34,-4.381%,"74,798,386"
LGO,Largo Inc. Common Shares,$0.725,0.0765,11.796%,"74,772,150"
SSTI,"SoundThinking, Inc. Common Stock",$5.68,-0.10,-1.73%,"74,770,327"
NTIC,Northern Technologies International Corporation Common Stock,$7.86,-0.09,-1.132%,"74,642,011"
TMSWW,Teamshares Inc. Warrants,$1.01,-0.18,-15.126%,"74,397,121"
BARK,"BARK, Inc. Class A Common Stock",$8.23,-0.37,-4.302%,"74,345,351"
FSI,Flexible Solutions International Inc. Common Stock (CDA),$5.82,-0.13,-2.185%,"74,335,938"
NSTS,"NSTS Bancorp, Inc. Common Stock",$14.1457,-0.0143,-0.101%,"74,309,215"
KLRS,"Kalaris Therapeutics, Inc. Common Stock",$3.12,-0.12,-3.704%,"74,271,541"
GLV,Clough Global Dividend and Income Fund Common Shares of beneficial interest,$5.84,-0.07,-1.184%,"74,223,965"
FATN,"FatPipe, Inc. Common Stock",$5.25,-0.24,-4.372%,"74,174,457"
IOR,"Income Opportunity Realty Investors, Inc. Common Stock",$18.23,0.12,0.663%,"74,126,425"
PAAI,"Paradium.AI, Inc. Common Stock",$1.55,0.25,19.231%,"73,796,512"
OPTXW,"Syntec Optics Holdings, Inc. Warrant",$1.83,0.13,7.647%,"73,712,177"
DGNX,Diginex Limited Ordinary Shares,$1.47,-0.06,-3.922%,"73,691,291"
GECC,Great Elm Capital Corp. Common Stock,$5.30,-0.10,-1.852%,"73,615,675"
NEOVW,NeoVolta Inc. Warrant,$1.25,0.2499,24.988%,"73,579,059"
RNXT,"RenovoRx, Inc. Common Stock",$1.63,-0.07,-4.118%,"73,561,098"
SPRO,"Spero Therapeutics, Inc. Common Stock",$1.26,-0.10,-7.353%,"73,375,882"
AEC,Anfield Energy Inc. Common Shares,$3.67,-0.16,-4.178%,"73,216,412"
JRSH,"Jerash Holdings (US), Inc. Common Stock",$5.76,0.02,0.348%,"73,151,654"
MEGL,Magic Empire Global Limited Class A Ordinary Shares,$1.1201,-0.0399,-3.44%,"72,878,242"
ZONE,Zone Frontier Inc. Class B Common Stock,$0.145,0.009,6.618%,"72,803,088"
CLST,"Catalyst Bancorp, Inc. Common Stock",$18.04,-0.0099,-0.055%,"72,769,590"
CVRX,"CVRx, Inc. Common Stock",$2.72,-0.17,-5.882%,"72,465,144"
CING,Cingulate Inc. Common Stock,$4.98,-0.165,-3.207%,"72,418,293"
OPXS,"Optex Systems Holdings, Inc. Common Stock",$10.40,-0.08,-0.763%,"72,382,679"
CEV,Eaton Vance California Municipal Income Trust Shares of Beneficial Interest,$10.20,0.12,1.19%,"71,742,465"
WATT,Energous Corporation Common Stock,$12.98,0.01,0.077%,"71,741,382"
RSSS,"Research Solutions, Inc Common Stock",$2.12,0.02,0.952%,"71,576,858"
SATLW,Satellogic Inc. Warrant,$0.465,-0.135,-22.50%,"71,489,059"
TENX,"Tenax Therapeutics, Inc. Common Stock",$1.90,-0.04,-2.062%,"71,105,442"
CRT,Cross Timbers Royalty Trust Common Stock,$11.83,-0.41,-3.35%,"70,980,000"
AIRJW,AirJoule Technologies Corporation Warrant,$0.94,-0.0266,-2.752%,"70,694,484"
INV,"Innventure, Inc. Common Stock",$0.8296,-0.0505,-5.738%,"70,194,660"
MB,MasterBeef Group Ordinary Shares,$4.08,UNCH,--,"69,992,400"
RML,Resolution Minerals Ltd American Depositary Shares,$6.24,UNCH,--,"69,877,105"
CSBR,"Champions Oncology, Inc. Common Stock",$5.02,-0.27,-5.104%,"69,871,216"
NAMM,Namib Minerals Ordinary Shares,$1.25,-0.16,-11.348%,"69,815,508"
PCLA,PicoCELA Inc. American Depositary Shares,$7.25,0.04,0.555%,"69,700,086"
PLRX,"Pliant Therapeutics, Inc. Common Stock",$1.125,-0.015,-1.316%,"69,662,134"
COE,"51Talk Online Education Group American depositary shares, each representing 60 Class A ordinary shares",$11.57,0.06,0.521%,"69,504,635"
SGLD,Scorpio Gold Corporation American Depositary Shares ,$4.01,0.01,0.25%,"69,405,922"
MHLA,"Maiden Holdings, Ltd. 6.625% Notes due 2046",$8.96,-0.28,-3.03%,"69,367,809"
CLSKW,"CleanSpark, Inc. Warrant",$0.27,-0.0049,-1.782%,"69,340,610"
YIBO,Planet Image International Limited Class A Ordinary Shares,$1.17,UNCH,--,"69,304,039"
OKYO,OKYO Pharma Limited Ordinary Shares,$1.32,-0.03,-2.222%,"69,272,976"
AMTD,"AMTD IDEA Group American Depositary Shares, each representing six (6) Class A Ordinary Shares",$0.7198,-0.0002,-0.028%,"68,888,858"
RGS,Regis Corporation Common Stock,$27.55,0.55,2.037%,"68,879,325"
PXS,Pyxis Tankers Inc. Common Stock,$6.70,0.04,0.601%,"68,843,431"
AIRG,"Airgain, Inc. Common Stock",$5.24,-0.09,-1.689%,"68,645,226"
ESYN,EnerSyn Global Inc. Common Stock,$2.30,UNCH,--,"68,370,720"
TYGO,"Tigo Energy, Inc. Common Stock",$0.89,-0.0851,-8.727%,"68,328,603"
GNSS,Genasys Inc. Common Stock,$1.50,-0.07,-4.459%,"68,313,014"
WWR,"Westwater Resources, Inc. Common Stock",$0.53,-0.0352,-6.228%,"68,139,361"
FRMM,"Forum Markets, Incorporated Common Stock",$5.14,0.11,2.187%,"67,842,593"
BSEM,"BioStem Technologies, Inc. Common Stock",$3.80,-0.18,-4.523%,"67,827,990"
UEIC,Universal Electronics Inc. Common Stock,$5.26,0.06,1.154%,"67,775,426"
APLM,Apollomics Inc. Class A Ordinary Shares,$23.40,-0.32,-1.349%,"67,767,640"
WKEY,WISeKey International Holding Ltd American Depositary Shares,$5.95,-0.12,-1.977%,"67,701,087"
WBX,Wallbox N.V. Class A Ordinary Shares,$2.83,-0.11,-3.741%,"67,611,810"
CVU,"CPI Aerostructures, Inc. Common Stock",$5.10,-0.02,-0.391%,"67,573,643"
GEG,"Great Elm Group, Inc. Common Stock",$2.17,0.02,0.93%,"67,475,911"
CNTB,Connect Biopharma Holdings Limited Ordinary Shares,$1.07,-0.145,-11.934%,"67,382,511"
PRTS,"CarParts.com, Inc. Common Stock",$8.34,-0.10,-1.185%,"67,265,703"
INSG,Inseego Corp. Common Stock,$4.095,-0.135,-3.191%,"67,242,324"
GOSS,"Gossamer Bio, Inc. Common Stock",$10.99,-0.70,-5.988%,"67,219,137"
PSIG,PS International Group Ltd. Ordinary Shares,$4.35,-0.12,-2.685%,"66,906,576"
PODC,"PodcastOne, Inc. Common Stock",$2.21,0.14,6.763%,"66,858,458"
AISP,"Airship AI Holdings, Inc. Class A Common Stock",$1.94,-0.035,-1.772%,"66,812,750"
IPWR,Ideal Power Inc. Common Stock,$4.06,-0.20,-4.695%,"66,724,699"
ALPS,ALPS Group Inc Ordinary Share,$0.40,0.0001,0.025%,"66,560,126"
YTRA,"Yatra Online, Inc. Ordinary Shares",$1.04,-0.01,-0.952%,"66,530,137"
GEOS,Geospace Technologies Corporation Common Stock (Texas),$5.14,-0.20,-3.745%,"66,488,999"
XBIT,XBiotech Inc. Common Stock,$2.18,UNCH,--,"66,463,254"
RNTX,"Rein Therapeutics, Inc. Common Stock",$0.7703,-0.0244,-3.07%,"66,451,495"
ROLR,"High Roller Technologies, Inc. Common Stock",$6.01,-0.17,-2.751%,"66,286,171"
NPT,Texxon Holding Limited Ordinary shares,$2.98,UNCH,--,"66,111,300"
DRIO,DarioHealth Corp. Common Stock,$6.74,-0.15,-2.177%,"66,048,502"
YOUL,Youlife Group Inc. American Depositary Shares,$0.472,0.0213,4.726%,"65,943,594"
DIT,AMCON Distributing Company Common Stock,$67.56,UNCH,--,"65,940,452"
HYFT,MindWalk Holdings Corp. Common Stock,$1.39,-0.09,-6.081%,"65,485,219"
GRML,Greenland Mines Ltd. Common Stock,$11.19,-2.96,-20.919%,"65,466,782"
FLX,BingEx Limited American Depositary Shares,$0.8939,0.044,5.177%,"65,370,827"
FLL,"Full House Resorts, Inc. Common Stock",$1.78,-0.15,-7.772%,"65,227,174"
MYO,Myomo Inc. Common Stock,$1.64,UNCH,--,"64,956,881"
ZYBT,Zhengye Biotechnology Holding Limited Class A Ordinary Shares,$1.37,0.09,7.031%,"64,926,185"
INCR,Intercure Ltd. Ordinary Shares,$5.47,0.08,1.484%,"64,796,039"
USIO,"Usio, Inc. Common Stock",$2.27,-0.02,-0.873%,"64,684,590"
ATHE,Alterity Therapeutics Limited American Depositary Shares,$3.55,-0.23,-6.085%,"64,639,706"
KXIN,Kaixin Holdings Ordinary Shares,$1.60,-0.06,-3.614%,"64,054,214"
MOB,Mobilicom Limited Ordinary Shares,$5.05,-0.38,-6.998%,"63,798,524"
PEW,GrabAGun Digital Holdings Inc. Common Stock,$2.16,-0.04,-1.818%,"63,749,026"
WNW,Meiwu Technology Company Limited Ordinary Shares,$2.41,0.06,2.553%,"63,456,435"
AUROW,"Aurora Innovation, Inc. Warrant",$0.0316,-0.0084,-21.00%,"63,331,306"
DXR,Daxor Corporation Common Stock,$10.815,-0.415,-3.695%,"63,140,393"
INKT,"MiNK Therapeutics, Inc. Common Stock",$12.35,0.24,1.982%,"63,022,075"
BATL,Battalion Oil Corporation Common Stock,$1.10,0.01,0.917%,"63,010,371"
AIFU,AIFU Inc. Class A Ordinary Share,$10.17,1.62,18.947%,"62,806,930"
ODYS,Odysight.ai Inc. Common Stock,$3.10,-0.15,-4.615%,"62,757,656"
ASPS,Altisource Portfolio Solutions S.A. Common Stock,$5.49,-0.13,-2.313%,"62,696,931"
CAST,"FreeCast, Inc. Class A Common Stock",$1.31,-0.08,-5.755%,"62,331,191"
ELOX,"Eloxx Pharmaceuticals, Inc. Common Stock",$15.435,-1.295,-7.741%,"62,302,745"
ZEPP,"Zepp Health Corporation American depositary shares, each representing sixteen Class A ordinary shares",$4.24,-0.06,-1.395%,"62,179,519"
UAVS,"AgEagle Aerial Systems, Inc. Common Stock",$0.983,-0.017,-1.70%,"61,836,309"
KBSX,FST Corp. Ordinary Shares,$1.375,0.145,11.789%,"61,553,254"
BOLD,"Boundless Bio, Inc. Common Stock",$2.70,-0.18,-6.25%,"61,419,560"
LITB,"LightInTheBox Holding Co., Ltd. American Depositary Shares, each representing twelve ordinary shares",$3.11,0.05,1.634%,"61,349,670"
HOUR,"Hour Loop, Inc. Common Stock",$1.74,-0.09,-4.918%,"61,247,687"
GGR,Gogoro Inc. Ordinary Shares,$2.97,0.12,4.211%,"61,228,085"
SVRN,"SVRN, Inc. Common Stock",$32.55,-1.38,-4.067%,"61,057,811"
ZOOZ,ZOOZ Strategy Ltd. Ordinary Shares,$7.62,-0.24,-3.053%,"61,033,213"
CLNN,Clene Inc. Common Stock,$4.29,-0.09,-2.055%,"60,977,978"
HYPD,"Hyperion DeFi, Inc. Common Stock",$3.92,-0.07,-1.754%,"60,914,581"
PVL,Permianville Royalty Trust Units of Beneficial Interest,$1.84,0.015,0.822%,"60,720,000"
TTEC,"TTEC Holdings, Inc. Common Stock",$1.23,-0.02,-1.60%,"60,634,006"
XPL,Solitario Resources Corp. Common Stock,$0.6402,-0.0162,-2.468%,"60,616,993"
STKE,Sol Strategies Inc. Common Shares,$1.53,-0.10,-6.135%,"60,414,925"
IH,"iHuman Inc. American depositary shares, each representing five Class A ordinary shares",$1.18,0.04,3.509%,"60,313,177"
NVX,NOVONIX Limited American Depository Shares,$2.8013,-0.0487,-1.709%,"60,291,901"
SPCB,"SuperCom, Ltd. Ordinary Shares (Israel)",$9.59,-0.02,-0.208%,"60,229,535"
TLPH,"Talphera, Inc. Common Stock",$1.16,-0.01,-0.855%,"60,210,723"
CTM,"Castellum, Inc. Common Stock",$0.6326,-0.0074,-1.156%,"59,958,642"
AVD,American Vanguard Corporation Common Stock ($0.10 Par Value),$2.03,-0.06,-2.871%,"59,886,283"
PDSB,PDS Biotechnology Corporation Common Stock,$0.8239,-0.0861,-9.462%,"59,711,500"
DOMH,Dominari Holdings Inc. Common Stock,$2.45,-0.12,-4.669%,"59,396,933"
EXOZ,eXoZymes Inc. Common Stock,$6.38,0.19,3.069%,"59,215,070"
BOF,BranchOut Food Inc. Common Stock,$3.64,-0.04,-1.087%,"59,185,330"
REKR,"Rekor Systems, Inc. Common Stock",$0.4289,-0.0317,-6.882%,"59,032,293"
MCHX,"Marchex, Inc. Class B Common Stock",$1.33,-0.09,-6.338%,"58,969,394"
XLO,"Xilio Therapeutics, Inc. Common Stock",$8.94,-0.10,-1.106%,"58,826,532"
COPR,Idaho Copper Corporation Common Stock,$3.13,0.02,0.643%,"58,777,031"
TELA,"TELA Bio, Inc. Common Stock",$1.30,-0.11,-7.801%,"58,686,433"
ADBT,"Advasa Holdings, Inc. Common Stock",$0.12,-0.0048,-3.846%,"58,447,884"
INVE,"INVE Technologies, Inc. Common Stock",$2.40,-0.09,-3.614%,"58,165,807"
OM,"Outset Medical, Inc. Common Stock",$3.09,-0.20,-6.079%,"58,083,237"
ELBM,Electra Battery Materials Corporation Common Stock,$0.5436,-0.0319,-5.543%,"58,056,555"
SLSN,"Solesence, Inc. Common Stock",$0.82,0.014,1.737%,"57,930,577"
MDXH,MDxHealth SA Ordinary Shares,$0.6055,0.0056,0.933%,"57,775,225"
HIT,"Health In Tech, Inc. Class A Common Stock",$0.8825,0.0359,4.24%,"57,717,838"
ACH,"Accendra Health, Inc. Common Stock",$0.7501,-0.0999,-11.753%,"57,686,218"
RENT,"Rent the Runway, Inc. Class A Common Stock",$1.70,-0.18,-9.574%,"57,416,006"
STI,"Solidion Technology, Inc. Common Stock",$6.74,-0.12,-1.749%,"57,376,077"
VOC,VOC Energy Trust Units of Beneficial Interest,$3.37,-0.02,-0.59%,"57,290,000"
SELF,"Global Self Storage, Inc. Common Stock",$5.01,0.04,0.805%,"57,221,314"
WATR,Air Water Ventures Limited Ordinary Shares,$1.80,-0.07,-3.743%,"56,951,017"
TZOO,Travelzoo Common Stock,$5.58,-0.09,-1.587%,"56,929,040"
NMAD,"Nomad Power Solutions, Inc. Common Stock",$3.525,-0.295,-7.723%,"56,756,265"
SDEV,Stablecoin Development Corporation Common Stock,$1.12,-0.15,-11.811%,"56,689,289"
JZXN,"Jiuzi Holdings, Inc. Ordinary Shares",$1.10,-0.03,-2.655%,"56,664,035"
IBO,"Impact BioMedical, Inc. Common Stock",$6.63,-0.0283,-0.425%,"56,644,592"
WFCF,"Where Food Comes From, Inc. Common Stock",$11.37,-0.33,-2.821%,"56,618,768"
AGIG,Abundia Global Impact Group Inc. Common stock,$1.28,0.06,4.918%,"56,512,411"
LFS,"LEIFRAS Co., Ltd. American Depositary Shares  ",$2.16,0.02,0.935%,"56,506,937"
AACG,ATA Creativity Global American Depositary Shares,$0.825,0.025,3.125%,"56,482,817"
NCTY,The9 Limited American Depository Shares,$3.66,-0.22,-5.67%,"55,899,791"
GENK,"GEN Restaurant Group, Inc. Class A Common Stock",$1.695,0.015,0.893%,"55,875,028"
DLHC,DLH Holdings Corp.,$3.85,-0.12,-3.023%,"55,798,185"
CLPR,Clipper Realty Inc. Common Stock,$3.45,UNCH,--,"55,743,603"
COCH,"Envoy Medical, Inc. Class A Common Stock",$0.722,0.0066,0.923%,"55,734,498"
SORA,AsiaStrategy Ordinary Shares,$2.24,0.07,3.226%,"55,695,360"
RPID,"Rapid Micro Biosystems, Inc. Class A Common Stock",$1.11,-0.03,-2.632%,"55,677,107"
SER,"Serina Therapeutics, Inc. Common Stock",$2.19,-0.12,-5.195%,"55,627,036"
KNDI,"Kandi Technologies Group, Inc. Ordinary Shares",$0.553,-0.008,-1.426%,"55,529,697"
INMB,INmune Bio Inc. Common stock,$2.00,-0.16,-7.407%,"55,507,578"
LONA,"LeonaBio, Inc. Common Stock",$5.89,-0.16,-2.645%,"55,493,595"
SGA,"Saga Communications, Inc. Class A Common Stock (FL)",$8.69,-0.21,-2.36%,"55,250,916"
HRTX,"Heron Therapeutics, Inc. Common Stock",$0.291,-0.008,-2.676%,"55,247,021"
LIDR,"AEye, Inc. Class A Common Stock",$1.18,-0.04,-3.279%,"55,073,159"
TOUR,Tuniu Corporation American Depositary Shares,$5.065,-0.185,-3.524%,"55,024,929"
ELTK,Eltek Ltd. Ordinary Shares,$8.1777,-0.0823,-0.996%,"54,952,729"
IMA,"ImageneBio, Inc. Common Stock",$4.84,-0.01,-0.206%,"54,941,047"
APWC,"Asia Pacific Wire & Cable Corporation, Ltd. Ordinary Shares (Bermuda)",$1.33,UNCH,--,"54,839,164"
NNOX,NANO-X IMAGING LTD Ordinary Shares,$0.6978,-0.0341,-4.659%,"54,839,152"
NCEW,New Century Logistics (BVI) Limited Ordinary Shares,$17.00,-0.22,-1.278%,"54,400,000"
SCWO,374Water Inc. Common Stock,$3.07,0.09,3.02%,"54,394,754"
FNUC,Frontier Nuclear and Minerals Inc. Common Shares,$1.51,-0.04,-2.581%,"54,207,559"
ANVS,"Annovis Bio, Inc. Common Stock",$1.27,0.01,0.794%,"54,202,405"
TREO,Tactical Resources Corp. Common Shares,$3.98,UNCH,--,"54,175,895"
CRGO,Freightos Limited Ordinary shares,$1.04,0.005,0.483%,"54,156,424"
SKIL,Skillsoft Corp. Class A Common Stock,$5.92,-0.02,-0.337%,"53,874,628"
SAIH,SAIHEAT Limited Class A Ordinary Shares,$29.74,2.74,10.148%,"53,840,106"
GRSD,Grandstand Limited Ordinary Shares,$1.53,-0.05,-3.165%,"53,698,701"
NA,Nano Labs Ltd Class A Ordinary Shares,$2.31,-0.05,-2.119%,"53,624,548"
EDSA,"Edesa Biotech, Inc. Common Shares",$3.97,-0.10,-2.457%,"53,609,780"
TPCS,TechPrecision Corporation Common stock,$5.29,-0.02,-0.377%,"53,604,951"
ABLV,Able View Global Inc. Class B Ordinary Shares,$0.9699,-0.0401,-3.97%,"53,558,679"
BRID,Bridgford Foods Corporation Common Stock,$5.895,UNCH,--,"53,507,925"
BBBYW,"Neighborhood Intelligence, Inc. Warrants",$0.56,-0.005,-0.885%,"53,478,702"
MDAI,"Spectral AI, Inc. Class A Common Stock",$1.66,UNCH,--,"53,426,980"
MKDW,MKDWELL Tech Inc. Ordinary Share,$1.56,-0.16,-9.302%,"53,349,570"
VHC,VirnetX Holding Corp Common Stock,$12.65,0.25,2.016%,"53,340,407"
BGSF,"BGSF, Inc. Common Stock",$4.96,-0.04,-0.80%,"52,971,634"
NTWK,NetSol Technologies Inc. Common  Stock,$4.46,-0.03,-0.668%,"52,968,806"
MYPS,"PLAYSTUDIOS, Inc.  Class A Common Stock",$0.44,-0.021,-4.555%,"52,853,408"
NXB,NextBoat Inc. Common Stcok,$2.10,-0.06,-2.778%,"52,800,080"
MREO,Mereo BioPharma Group plc American Depositary Shares,$0.3403,0.024,7.588%,"52,796,050"
XTNT,"Xtant Medical Holdings, Inc. Common Stock",$0.375,0.021,5.932%,"52,607,985"
APT,"Alpha Pro Tech, Ltd. Common Stock",$5.11,-0.18,-3.403%,"52,153,774"
POCI,"Precision Optics Corporation, Inc. Common stock",$4.755,0.17,3.708%,"52,042,852"
ACFN,"Acorn Energy, Inc. Common Stock",$20.735,-0.345,-1.637%,"52,036,929"
STKS,"The ONE Group Hospitality, Inc. Common Stock",$1.64,UNCH,--,"51,969,999"
EUDA,EUDA Health Holdings Limited Ordinary Shares,$17.33,0.045,0.26%,"51,891,652"
TACT,TransAct Technologies Incorporated Common Stock,$5.01,-0.10,-1.957%,"51,725,600"
BAER,"Bridger Aerospace Group Holdings, Inc. Common Stock",$0.8788,-0.0212,-2.356%,"51,696,412"
VHUB,"VenHub Global, Inc. Common Stock",$0.529,-0.0528,-9.075%,"51,539,336"
FTEK,"Fuel Tech, Inc. Common Stock",$1.65,-0.12,-6.78%,"51,507,702"
PIII,P3 Health Partners Inc. Class A Common Stock,$7.09,-0.43,-5.718%,"51,480,362"
LASE,Laser Photonics Corporation Common Stock,$0.8482,-0.024,-2.752%,"51,466,839"
DWTX,"Dogwood Therapeutics, Inc. Common Stock",$1.51,UNCH,--,"51,328,755"
TC,Token Cat Limited American Depositary Shares,$1.94,0.09,4.865%,"51,240,873"
FBDT,First Breach Inc. Common Stock,$0.9146,-0.0341,-3.594%,"51,012,913"
TVGN,Tevogen Inc. Common Stock,$7.81,UNCH,--,"50,855,127"
AIRTP,"Air T, Inc. Air T Funding Alpha Income Trust Preferred Securities",$18.905,-0.071,-0.374%,"50,698,446"
RYM,"RYTHM, Inc. Common Stock",$23.01,-0.46,-1.96%,"50,622,000"
SOWG,Sow Good Inc. Common Stock,$2.50,-0.20,-7.407%,"50,249,733"
HAIN,"Hain Celestial Group, Inc. (The) Common Stock",$0.55,-0.0113,-2.013%,"50,051,248"
SRTS,"Sensus Healthcare, Inc. Common Stock",$3.03,-0.07,-2.258%,"49,880,039"
DSWL,"Deswell Industries, Inc. Common Shares",$3.14,-0.04,-1.258%,"49,879,650"
SHMDW,SCHMID Group N.V. Warrants,$0.8145,-0.0405,-4.737%,"49,651,026"
TLSIW,"TriSalus Life Sciences, Inc. Warrant",$0.80,-0.08,-9.091%,"49,259,680"
ELTX,"Elicio Therapeutics, Inc. Common Stock",$1.87,UNCH,--,"49,147,119"
PLCE,"Children's Place, Inc. (The) Common Stock",$2.21,0.08,3.756%,"49,143,918"
TIL,"Instil Bio, Inc. Common Stock",$7.235,0.105,1.473%,"49,067,596"
VGAS,"Verde Clean Fuels, Inc. Class A Common Stock",$1.10,-0.13,-10.569%,"49,004,583"
CATO,Cato Corporation (The) Class A Common Stock,$2.46,-0.01,-0.405%,"48,983,395"
VRM,"Vroom, Inc. Common Stock",$9.35,-0.16,-1.682%,"48,941,201"
SOGP,Sound Group Inc. American Depositary Shares,$11.71,UNCH,--,"48,879,250"
MVIS,"MicroVision, Inc. Common Stock",$1.62,-0.06,-3.571%,"48,843,044"
TCBS,"Texas Community Bancshares, Inc. Common Stock",$17.0001,UNCH,--,"48,836,646"
HCMAW,HCM III Acquisition Corp. Warrants,$0.615,UNCH,--,"48,734,367"
BNAI,Brand Engagement Network Inc. Common Stock,$6.49,-0.47,-6.753%,"48,695,664"
KAZR,Skyline Builders Group Holding Limited Class A Ordinary Shares,$2.71,0.06,2.264%,"48,623,075"
SPWH,"Sportsman's Warehouse Holdings, Inc. Common Stock",$1.24,UNCH,--,"48,535,417"
CNVS,Cineverse Corp. Class A Common Stock,$2.04,-0.04,-1.923%,"48,493,629"
PFXNZ,PhenixFIN Corporation  5.25% Notes due 2028,$24.1999,UNCH,--,"48,493,429"
HOWL,"Werewolf Therapeutics, Inc. Common Stock",$0.9894,0.0074,0.754%,"48,083,916"
SNSC,SunScout Holding Limited Class A Ordinary Shares,$1.26,0.04,3.279%,"48,006,000"
RSF,RiverNorth Capital and Income Fund Common Stock,$14.305,0.05,0.351%,"47,801,259"
OFS,OFS Capital Corporation Common Stock,$3.56,-0.10,-2.732%,"47,697,158"
MATH,Metalpha Technology Holding Limited Ordinary Shares,$1.00,UNCH,--,"47,537,986"
ZDGE,"Zedge, Inc. Class B Common Stock ",$3.03,-0.04,-1.303%,"47,525,786"
IDN,"Intellicheck, Inc. Common Stock",$2.34,-0.09,-3.704%,"47,424,179"
ELWT,"Elauwit Connection, Inc. Common Stock",$7.125,-0.115,-1.588%,"47,166,047"
SDA,SunCar Technology Group Inc. Class A Ordinary Shares,$0.4463,-0.0437,-8.918%,"47,150,665"
PROP,Prairie Operating Co. Common Stock,$0.415,0.0148,3.698%,"46,811,174"
BTMD,Biote Corp. Class A Common Stock,$1.30,-0.02,-1.515%,"46,705,708"
SFWL,Shengfeng Development Limited Class A Ordinary Shares,$8.48,-0.345,-3.909%,"46,638,592"
NEPH,"Nephros, Inc. Common Stock",$4.29,0.12,2.878%,"46,589,915"
XBP,"XBP Global Holdings, Inc. Common Stock",$3.265,0.025,0.772%,"46,221,247"
SCYX,"SCYNEXIS, Inc. Common Stock",$4.635,-0.225,-4.63%,"46,116,438"
HGBL,Heritage Global Inc. Common Stock,$1.33,0.01,0.758%,"46,070,462"
SEAT,Vivid Seats Inc. Class A Common Stock,$3.90,-0.02,-0.51%,"45,677,412"
MBBC,"Marathon Bancorp, Inc. Common Stock",$15.155,-0.015,-0.099%,"45,615,080"
CULP,"Culp, Inc. Common Stock",$3.58,-0.02,-0.556%,"45,592,460"
BCHT,Birchtech Corp. Common Stock,$1.73,0.08,4.848%,"45,509,321"
PTLE,PTL LTD Class A Ordinary Shares,$7.20,0.10,1.408%,"45,224,078"
ZBAO,Zhibao Technology Inc. Class A Ordinary Shares,$0.097,-0.012,-11.009%,"45,209,888"
KFFB,Kentucky First Federal Bancorp Common Stock,$5.5731,UNCH,--,"45,068,071"
GROV,"Grove Collaborative Holdings, Inc. Class A Common Stock",$1.05,0.03,2.941%,"44,836,098"
BENF,Beneficient Class A Common Stock,$2.90,2.3617,438.733%,"44,821,594"
IZEA,"IZEA Worldwide, Inc. Common Stock",$2.57,-0.05,-1.908%,"44,759,855"
YSXT,"YSX Tech. Co., Ltd Class A Ordinary Shares",$1.40,0.045,3.321%,"44,635,500"
GRCE,"Grace Therapeutics, Inc. Common Stock",$2.12,-0.02,-0.935%,"44,596,172"
LOAN,"Manhattan Bridge Capital, Inc",$3.90,0.01,0.257%,"44,559,485"
SQNS,Sequans Communications S.A. American Depositary Shares (each representing one hundred (100) Ordinary Shares),$2.97,-0.07,-2.303%,"44,483,665"
PXLW,"Pixelworks, Inc.  Common Stock",$7.35,0.27,3.814%,"44,463,039"
SMJF,SMJ International Holdings Inc. Class A Ordinary Shares,$1.60,0.36,29.032%,"44,328,000"
ATHR,"Aether Holdings, Inc. Common Stock",$3.62,-0.08,-2.162%,"44,301,774"
TEAD,Teads Holding Co. Common Stock,$0.4513,-0.0028,-0.617%,"44,256,808"
RDI,Reading International Inc Class A Common Stock,$1.93,-0.07,-3.50%,"44,177,945"
BRAG,Bragg Gaming Group Inc. Common Shares,$1.42,UNCH,--,"44,110,034"
INDO,Indonesia Energy Corporation Limited Ordinary Shares,$2.86,UNCH,--,"44,006,362"
SACH,Sachem Capital Corp. Common Shares,$0.9136,-0.0293,-3.107%,"43,811,352"
SCLX,Scilex Holding Company Common Stock,$5.10,-0.25,-4.673%,"43,314,300"
BRIA,BrilliA Inc Class A Ordinary Shares,$1.41,0.01,0.714%,"43,181,250"
CMTL,Comtech Telecommunications Corp. Common Stock,$1.44,-0.02,-1.37%,"43,144,461"
QTEX,QTREX Quantum Ltd. Ordinary Shares,$0.77,-0.01,-1.282%,"43,092,229"
AIOS,AIOS Tech Inc. Class A Common Shares,$13.20,-1.29,-8.903%,"42,890,166"
THCH,TH International Limited Ordinary shares,$1.29,-0.08,-5.839%,"42,884,221"
RYOJ,"rYojbaba Co., Ltd. Common Shares",$3.71,0.04,1.09%,"42,850,500"
MGX,"Metagenomi Therapeutics, Inc. Common Stock",$1.13,-0.01,-0.877%,"42,688,129"
PRPO,"Precipio, Inc.  Common Stock",$23.84,-2.425,-9.233%,"42,678,082"
NSRX,Nasus Pharma Ltd. Ordinary Shares,$3.64,0.07,1.961%,"42,627,341"
SLMT,Brera Holdings PLC Class B Ordinary Shares,$3.87,-0.35,-8.294%,"42,605,968"
GMHS,Gamehaus Holdings Inc. Class A Ordinary Shares,$0.7494,0.0112,1.517%,"42,566,782"
OMEX,"Odyssey Marine Exploration, Inc. Common Stock",$0.7248,-0.0267,-3.553%,"42,539,519"
MLGO,"MicroAlgo, Inc. Class A Ordinary Shares",$3.41,-0.05,-1.445%,"42,411,742"
AXIL,"AXIL Brands, Inc. Common Stock",$6.175,-0.065,-1.042%,"42,130,055"
AURE,Aurelion Inc. Class A Ordinary Shares,$1.12,-0.065,-5.485%,"42,112,000"
TGE,The Generation Essentials Group Class A Ordinary Shares,$0.8629,-0.0068,-0.782%,"42,062,585"
FLNA,"Filana Therapeutics, Inc. Common Stock",$0.8701,-0.1599,-15.524%,"42,032,700"
XRXDW,Xerox Holdings Corporation Warrants,$0.32,-0.01,-3.03%,"42,020,644"
FTCI,"FTC Solar, Inc. Common Stock",$2.54,-0.08,-3.053%,"41,964,346"
VERU,Veru Inc. Common Stock,$2.46,-0.04,-1.60%,"41,943,787"
FGNX,FG Nexus Inc. Common Stock ,$8.205,0.125,1.547%,"41,810,120"
PN,PN Smart Energy Limited Class A Ordinary Shares,$2.825,-0.065,-2.249%,"41,680,121"
ZTG,Zenta Group Company Limited Class A Ordinary Shares,$1.73,UNCH,--,"41,670,820"
FTFT,Future FinTech Group Inc. Common Stock,$4.44,0.42,10.448%,"41,625,000"
IXHL,Incannex Healthcare Inc. Common Stock,$3.445,0.05,1.473%,"41,217,889"
MGLD,"The Marygold Companies, Inc. Common Stock",$0.96,UNCH,--,"41,003,760"
COSM,Cosmos Health Inc. Common Stock,$0.4066,0.0524,14.794%,"40,917,692"
SYPR,"Sypris Solutions, Inc. Common Stock",$1.77,0.04,2.312%,"40,756,786"
NWGL,CL Workshop Group Limited American Depositary Shares,$1.41,0.15,11.905%,"40,682,963"
MIND,"MIND Technology, Inc. Common Stock (DE)",$4.47,0.11,2.523%,"40,628,076"
PHUN,"Phunware, Inc. Common Stock",$1.98,-0.02,-1.00%,"40,516,097"
KG,"Kestrel Group, Ltd.",$5.175,-0.205,-3.81%,"40,489,355"
SNWV,"SANUWAVE Health, Inc. Common Stock",$4.705,0.065,1.401%,"40,473,864"
GPMT,Granite Point Mortgage Trust Inc. Common Stock,$0.837,-0.0106,-1.251%,"40,341,865"
LSF,"Laird Superfood, Inc. Common Stock",$3.59,0.02,0.56%,"40,182,454"
RMCO,Royalty Management Holding Corporation Class A Common Stock,$2.62,UNCH,--,"39,752,495"
KPTI,Karyopharm Therapeutics Inc. Common Stock,$1.75,-0.07,-3.846%,"39,692,555"
MAMO,Massimo Group Common Stock,$0.946,0.0029,0.307%,"39,392,339"
AHMA,Ambitions Enterprise Management Co. L.L.C Class A Ordinary Shares,$1.32,-0.04,-2.941%,"39,237,000"
IMMP,Immutep Limited American Depositary Shares,$0.2661,-0.017,-6.005%,"39,215,724"
GAME,"GameSquare Holdings, Inc. Common Stock",$3.06,-0.25,-7.553%,"39,118,988"
RAVE,"Rave Restaurant Group, Inc. Common Stock",$2.75,-0.07,-2.482%,"39,081,807"
STG,"Sunlands Technology Group American Depositary Shares, representing Class A ordinary shares",$2.91,-0.02,-0.683%,"38,973,618"
HOLO,MicroCloud Hologram Inc. Ordinary Shares,$1.70,-0.08,-4.494%,"38,951,012"
CIRC,"Circle8 Group, Inc. Common Stock",$0.34,-0.0561,-14.163%,"38,898,354"
ONMD,OneMedNet Corp Class A Common Stock,$0.6545,0.0045,0.692%,"38,802,982"
SVIAW,"Silvia, Inc. Warrant",$0.46,-0.1088,-19.128%,"38,782,802"
YQ,17 Education & Technology Group Inc. American Depositary Shares,$3.555,-0.135,-3.659%,"38,591,971"
NNVC,"NanoViricides, Inc. Common Stock",$1.51,-0.02,-1.307%,"38,546,303"
ELUT,Elutia Inc. Class A Common Stock,$0.8683,0.0581,7.171%,"38,456,338"
VTIX,Virtuix Holdings Inc. Class A Common Stock,$1.13,0.01,0.893%,"38,387,624"
GLNDW,Greenland Energy Company Warrant,$0.8749,0.1149,15.118%,"38,259,547"
STRR,"Star Equity Holdings, Inc. Common Stock",$10.325,0.425,4.293%,"38,093,086"
MCRB,"Seres Therapeutics, Inc. Common Stock",$3.79,-0.23,-5.721%,"38,069,720"
CRVO,CervoMed Inc. Common Stock,$2.51,-0.02,-0.791%,"37,948,931"
JG,Aurora Mobile Limited American Depositary Shares,$6.35,-0.11,-1.703%,"37,856,052"
ITOC,iTonic Holdings Ltd Class A Ordinary Shares,$0.3229,0.0024,0.749%,"37,795,445"
QTI,"QT Imaging Holdings, Inc. Common Stock",$2.58,-0.02,-0.769%,"37,762,232"
MLSS,"Milestone Scientific, Inc. Common Stock",$0.416,0.0188,4.733%,"37,708,072"
LITS,"Lite Strategy, Inc. Common Stock",$1.18,-0.12,-9.231%,"37,621,525"
WPRT,Westport Fuel Systems Inc Common Shares,$1.98,UNCH,--,"37,611,553"
KOSS,Koss Corporation Common Stock,$3.95,0.45,12.857%,"37,392,430"
MLCI,Mount Logan Capital Inc. Common Stock,$3.33,0.065,1.991%,"37,258,597"
ATNM,"Actinium Pharmaceuticals, Inc. (Delaware) Common Stock",$1.18,0.01,0.855%,"37,100,894"
SPRU,Spruce Power Holding Corporation Class A Common Stock,$1.92,-0.09,-4.478%,"36,964,197"
XTIA,"XTI Aerospace, Inc. Common Stock",$0.9585,-0.0465,-4.627%,"36,880,961"
AERT,"Aeries Technology, Inc. Class A Ordinary Share",$7.02,0.12,1.739%,"36,839,921"
ENRDW,Einride AB Warrants,$0.251,-0.039,-13.448%,"36,819,017"
ATYR,"aTyr Pharma, Inc. Common Stock",$0.3752,0.0188,5.275%,"36,802,402"
STEM,"Stem, Inc. Class A Common Stock",$3.82,-0.21,-5.211%,"36,774,162"
HBIO,"Harvard Bioscience, Inc. Common Stock",$8.05,0.13,1.641%,"36,646,055"
ACCL,Acco Group Holdings Limited Class A Ordinary Shares,$2.63,-0.15,-5.396%,"36,557,000"
GROW,"U.S. Global Investors, Inc. Class A Common Stock",$2.97,-0.04,-1.329%,"36,525,642"
WLDSW,Wearable Devices Ltd. Warrant,$14.82,UNCH,--,"36,453,362"
AFRIW,Forafric Global PLC Warrants,$1.35,0.05,3.846%,"36,401,150"
XOS,"Xos, Inc. Common Stock",$2.55,0.03,1.19%,"36,255,523"
TOON,"Kartoon Studios, Inc. Common Stock",$0.5801,0.0021,0.363%,"36,084,601"
MIRA,"MIRA Pharmaceuticals, Inc. Common Stock",$0.8577,-0.0483,-5.331%,"36,042,344"
SBCWW,SBC Medical Group Holdings Incorporated Warrants,$0.35,UNCH,--,"35,996,430"
PPSI,"Pioneer Power Solutions, Inc. Common Stock",$3.24,-0.17,-4.985%,"35,961,622"
WAVE,Eco Wave Power Global AB (publ) American Depositary Shares,$5.75,-0.76,-11.674%,"35,878,068"
SNT,Senstar Technologies Corporation Common Shares,$1.5375,0.0475,3.188%,"35,872,416"
DCGO,DocGo Inc. Common Stock,$0.3622,0.0039,1.088%,"35,831,855"
STRRP,"Star Equity Holdings, Inc. 10% Series A Cumulative Perpetual Preferred Stock",$9.68,-0.05,-0.514%,"35,713,421"
NTIP,"Network-1 Technologies, Inc. Common Stock",$1.56,-0.01,-0.637%,"35,666,562"
BODI,"The Beachbody Company, Inc. Class A Common Stock",$4.90,-0.08,-1.606%,"35,578,812"
BHM,"Bluerock Homes Trust, Inc. Class A Common Stock",$8.6316,0.4316,5.263%,"35,458,854"
FSP,Franklin Street Properties Corp. Common Stock,$0.34,0.007,2.102%,"35,363,981"
ANGH,Anghami Inc. Ordinary Shares,$3.8945,-0.0203,-0.519%,"35,302,895"
PFAI,Pinnacle Food Group Limited Class A Common Shares,$3.00,0.1333,4.65%,"35,209,740"
CNTX,Context Therapeutics Inc. Common Stock,$0.3826,-0.0065,-1.671%,"35,152,973"
AIXC,"AIxCrypto Holdings, Inc. Common Stock",$1.66,0.25,17.73%,"35,040,747"
NSPR,InspireMD Inc. Common Stock,$0.751,-0.0079,-1.041%,"34,913,328"
BCTX,BriaCell Therapeutics Corp. Common Shares,$4.01,-0.08,-1.956%,"34,886,146"
PLUT,Plutus Financial Group Limited Ordinary Shares,$2.27,-0.10,-4.219%,"34,844,500"
BGDE,"Big Digital Energy, Inc. Common Stock",$6.15,-0.05,-0.806%,"34,835,685"
ALGS,"Aligos Therapeutics, Inc. Common Stock",$5.56,-0.12,-2.113%,"34,719,742"
RMTI,"Rockwell Medical, Inc. Common Stock",$8.57,-0.285,-3.219%,"34,541,085"
NCI,Neo-Concept International Group Holdings Limited Class A Ordinary Shares,$14.60,0.29,2.027%,"34,518,517"
HHS,"Harte Hanks, Inc. Common Stock",$4.63,0.01,0.216%,"34,513,131"
SRXH,SRX Global Inc. Common Stock,$1.70,-0.08,-4.494%,"34,451,165"
CREX,"Creative Realities, Inc. Common Stock",$2.54,-0.06,-2.308%,"34,357,325"
PETS,"PetMed Express, Inc. Common Stock",$1.55,-0.02,-1.274%,"33,602,317"
EHLD,Euroholdings Ltd. Common Stock ,$11.925,0.725,6.473%,"33,588,134"
LVO,"LiveOne, Inc. Common Stock",$2.44,-0.44,-15.278%,"33,456,765"
BOSC,B.O.S. Better Online Solutions Common Stock,$4.73,UNCH,--,"33,345,601"
BDMD,Baird Medical Investment Holdings Ltd Ordinary Share,$0.79,-0.0001,-0.013%,"33,344,923"
CELU,Celularity Inc. Class A Common Stock,$1.15,-0.03,-2.542%,"33,287,855"
SLND,"Southland Holdings, Inc. Common Stock",$0.6102,-0.0158,-2.524%,"33,216,394"
ARBK,Argo Blockchain plc American Depositary Shares,$2.48,-0.12,-4.615%,"33,132,884"
COHN,Cohen & Company Inc.,$10.25,0.10,0.985%,"33,096,943"
BHST,BioHarvest Sciences Inc. Common Stock,$1.46,-0.05,-3.311%,"33,095,049"
FIEE,"FiEE, Inc Common Stock",$3.88,-0.01,-0.257%,"33,090,960"
WKHS,"Workhorse Group, Inc. Common Stock",$3.02,-0.01,-0.33%,"33,004,327"
SST,"System1, Inc. Class A Common Stock",$3.14,-0.33,-9.51%,"32,934,358"
UG,"United-Guardian, Inc. Common Stock",$7.12,-0.13,-1.793%,"32,711,551"
YI,"111, Inc. American Depositary Shares",$3.71,0.16,4.507%,"32,636,736"
VTSI,"VirTra, Inc. Common Stock",$2.88,UNCH,--,"32,600,517"
JFU,9F Inc. American Depositary Shares,$2.76,0.195,7.602%,"32,494,399"
DXLG,"Destination XL Group, Inc. Common Stock",$0.5855,-0.0257,-4.205%,"32,468,054"
PDC,Perpetuals.com Ltd American Depositary Shares,$4.00,0.14,3.627%,"32,456,552"
QNRX,"Quoin Pharmaceuticals, Ltd. American Depositary Shares",$6.75,-0.26,-3.709%,"32,428,087"
CCG,Cheche Group Inc. Class A Ordinary Shares,$12.94,-0.06,-0.462%,"32,420,212"
TAOX,Tao Synergies Inc. Common Stock,$4.325,-0.165,-3.675%,"32,365,022"
RYET,Ruanyun Edai Technology Inc. Ordinary shares,$0.8673,0.0453,5.511%,"32,332,947"
NSYS,Nortech Systems Incorporated Common Stock,$11.32,-0.155,-1.351%,"32,304,631"
CCEL,"Cryo-Cell International, Inc. Common Stock",$3.99,-0.17,-4.087%,"32,169,974"
VIP,Vulcan Infrastructure and Power Inc. Class A Common Stock,$1.74,-0.13,-6.952%,"32,068,029"
DFDVW,DeFi Development Corp. Warrant,$0.98,-0.09,-8.411%,"31,968,374"
PAVM,PAVmed Inc. Common Stock,$3.9875,-0.195,-4.662%,"31,883,723"
BLNE,"Beeline Holdings, Inc. Common Stock",$0.9657,-0.008,-0.822%,"31,798,713"
GAIA,"Gaia, Inc. Class A Common Stock",$1.24,-0.05,-3.876%,"31,527,983"
MNY,MoneyHero Limited Class A Ordinary Shares,$0.709,0.0036,0.51%,"31,503,152"
QNTM,Quantum Biopharma Ltd. Class B Subordinate Voting Shares,$3.88,0.18,4.865%,"31,379,581"
GTEC,Greenland Technologies Holding Corporation Class A Ordinary Shares,$1.18,-0.02,-1.667%,"31,322,182"
JAGU,Jaguar Uranium Corp. Class A Common Shares,$1.55,-0.01,-0.641%,"31,300,354"
VAI,Valor Energy Incorporated Common Stock,$2.15,0.05,2.381%,"31,298,601"
GNTA,Genenta Science S.p.A. American Depositary Shares,$0.6491,-0.0549,-7.798%,"31,297,563"
KLXE,"KLX Energy Services Holdings, Inc. Common Stock",$1.47,-0.03,-2.00%,"31,271,397"
CNTY,"Century Casinos, Inc. Common Stock",$1.11,-0.045,-3.896%,"31,232,838"
CPHI,"China Pharma Holdings, Inc. Common Stock",$0.7199,0.0499,7.448%,"30,971,539"
CNF,"CNFinance Holdings Limited American Depositary Shares, each representing two hundred (200) Ordinary Shares",$1.74,-0.08,-4.396%,"30,968,320"
CVV,CVD Equipment Corporation Common Stock,$4.43,UNCH,--,"30,793,829"
BBGI,"Beasley Broadcast Group, Inc. Class A Common Stock",$16.60,-0.31,-1.833%,"30,755,667"
FLD,"Fold Holdings, Inc. Class A Common Stock",$0.5592,-0.0231,-3.967%,"30,682,424"
QNCX,"Quince Therapeutics, Inc. Common Stock",$30.15,-1.20,-3.828%,"30,664,449"
EDHL,Everbright Digital Holding Limited Ordinary Shares,$5.13,0.135,2.703%,"30,571,081"
GPUS,"Hyperscale Data, Inc. Common Stock",$0.1727,-0.0052,-2.923%,"30,560,496"
ABVC,"ABVC BioPharma, Inc. Common Stock",$1.14,-0.02,-1.724%,"30,385,976"
AVX,Avax One Technology Ltd. Common Shares,$4.10,-0.31,-7.029%,"30,329,270"
LVLU,"Lulu's Fashion Lounge Holdings, Inc. Common Stock",$10.56,-0.73,-6.466%,"30,323,843"
AEI,Alset Inc. Common Stock (TX),$0.7736,-0.0533,-6.446%,"30,089,814"
CLPS,CLPS Incorporation Common Stock,$1.01,0.005,0.498%,"30,040,887"
FUFUW,BitFuFu Inc. Warrant,$0.18,-0.02,-10.00%,"29,997,648"
BYSI,BeyondSpring Inc. Ordinary Shares,$0.7266,-0.0137,-1.851%,"29,877,661"
GNS,Genius Group Limited Ordinary Shares,$0.155,UNCH,--,"29,751,864"
ANPA,Rich Sparkle Holdings Limited Ordinary Shares,$1.97,UNCH,--,"29,750,457"
DAIO,Data I/O Corporation Common Stock,$2.86,-0.02,-0.694%,"29,731,493"
RAND,Rand Capital Corporation Common Stock,$9.99,-0.33,-3.198%,"29,668,442"
EVAX,Evaxion A/S American Depositary Share,$3.2801,0.0101,0.309%,"29,591,366"
IGC,"IGC Pharma, Inc. Common Stock",$0.2861,0.0031,1.095%,"29,578,165"
CVM,Cel-Sci Corporation Common Stock,$1.68,-0.02,-1.176%,"29,549,498"
ATCH,"AtlasClear Holdings, Inc. Common Stock",$0.1965,0.0041,2.131%,"29,541,373"
DRK,DarkHorse Technologies Inc. Common Shares,$2.84,-0.02,-0.699%,"29,454,995"
KYNB,"Kyntra Bio, Inc. Common Stock",$7.25,-0.03,-0.412%,"29,356,149"
NTRP,"NextTrip, Inc. Common Stock",$1.94,UNCH,--,"29,267,036"
QRHC,Quest Resource Holding Corporation Common Stock,$1.38,-0.025,-1.779%,"29,108,141"
MCRP,Micropolis AI Robotics Ordinary Shares,$0.8285,-0.0015,-0.181%,"28,905,078"
USEA,United Maritime Corporation Common Stock,$3.03,-0.06,-1.942%,"28,900,561"
QNME,"Quanome Technologies, Inc. Common Stock",$0.839,-0.0119,-1.399%,"28,884,722"
SJ,Scienjoy Holding Corporation Class A Ordinary Shares ,$0.68,0.0352,5.459%,"28,874,682"
RCON,"Recon Technology, Ltd. Class A Ordinary Shares",$1.37,0.04,3.008%,"28,719,617"
SWAG,"Stran & Company, Inc. Common Stock",$1.54,0.03,1.987%,"28,704,967"
PRHI,"Presurance Holdings, Inc. Common Stock",$7.64,0.04,0.526%,"28,620,143"
ASTI,"Ascent Solar Technologies, Inc. Common Stock",$2.91,-0.23,-7.325%,"28,565,814"
RNAZ,"TransCode Therapeutics, Inc. Common Stock",$1.68,-0.09,-5.085%,"28,443,642"
OPTH,Optimi Health Corp. Common Shares,$4.96,UNCH,--,"28,400,300"
AAME,Atlantic American Corporation Common Stock,$1.39,0.03,2.206%,"28,352,147"
SPHL,Springview Holdings Ltd Class A Ordinary Shares,$2.306,0.106,4.818%,"28,276,126"
GRAN,Grande Group Limited Class A Ordinary Shares,$1.13,0.11,10.784%,"28,144,063"
BIRD,"Smartbird, Inc. Class A Common Stock",$2.37,0.01,0.424%,"27,987,787"
FKWL,Franklin Wireless Corp. Common Stock,$2.37,-0.04,-1.66%,"27,928,744"
BRLS,Borealis Foods Inc. Class A Common Shares,$1.30,-0.01,-0.763%,"27,902,298"
CRWS,Crown Crafts Inc Common Stock,$2.59,0.01,0.388%,"27,869,143"
XLABW,Exascale Labs Holdings Inc. Warrant,$0.305,0.0341,12.588%,"27,816,000"
BEEM,Beam Global Common Stock,$1.225,-0.055,-4.297%,"27,725,811"
LFT,"Lument Finance Trust, Inc. Common Stock",$5.27,-0.26,-4.702%,"27,660,191"
DCX,Digital Currency X Technology Inc. Class A Ordinary Shares,$0.0734,-0.031,-29.693%,"27,553,465"
GRDX,GridAI Technologies Corp. Common Stock,$3.86,-0.03,-0.771%,"27,526,135"
OCCI,"OFS Credit Company, Inc. Common Stock",$2.34,-0.03,-1.266%,"27,182,633"
EHTH,"eHealth, Inc. Common Stock",$0.844,-0.0369,-4.189%,"27,035,560"
ARAY,Accuray Incorporated Common Stock,$0.2255,-0.0045,-1.957%,"26,933,564"
VIDA,VIDA Global Inc. Class A Common Stock,$1.84,0.02,1.099%,"26,832,595"
PLRZ,Polyrizon Ltd. Ordinary Shares,$11.16,0.50,4.69%,"26,807,068"
JOB,GEE Group Inc. Common Stock,$0.2352,0.0002,0.085%,"25,841,585"
EONR,EON Resources Inc. Class A Common Stock,$0.5116,0.0016,0.314%,"25,563,805"
YDESW,YD Bio Limited Warrants,$0.36,UNCH,--,"25,499,285"
AWRE,"Aware, Inc. Common Stock",$1.16,-0.01,-0.855%,"25,302,659"
BLIV,BeLive Holdings Ordinary Share,$2.315,0.165,7.674%,"25,152,017"
TXMD,"TherapeuticsMD, Inc. Common Stock",$2.17,0.01,0.463%,"25,116,366"
BIOX,Bioceres Crop Solutions Corp. Ordinary Shares,$0.392,0.0321,8.919%,"25,015,829"
HKIT,Hitek Global Inc. Class A Ordinary Share,$2.78,0.32,13.008%,"24,997,371"
MBNKO,"Medallion Bank Fixed-Rate Reset Non-Cumulative Perpetual Preferred Stock, Series G, par value $1.00 per share",$24.99,-0.27,-1.069%,"24,990,000"
REFR,Research Frontiers Incorporated Common Stock,$0.7138,-0.0656,-8.417%,"24,888,626"
AYTU,"Aytu BioPharma, Inc.  Common Stock",$2.28,0.05,2.242%,"24,776,094"
NXPL,NextPlat Corp Common Stock,$9.10,-0.26,-2.778%,"24,690,320"
ZEO,Zeo Energy Corporation Class A Common Stock,$0.3967,-0.0931,-19.008%,"24,668,190"
PRT,PermRock Royalty Trust Units of Beneficial Interest,$2.02,UNCH,--,"24,574,779"
ORIO,Orion Digital Corp. Common Shares,$1.03,-0.015,-1.435%,"24,494,430"
LIVE,Live Ventures Incorporated Common Stock,$7.93,0.245,3.188%,"24,358,232"
KTCC,Key Tronic Corporation Common Stock,$2.24,-0.09,-3.863%,"24,324,763"
MF,MindForge Inc. Class A Ordinary Shares,$13.336,-0.164,-1.215%,"24,223,510"
CLIR,ClearSign Technologies Corporation Common Stock (DE),$3.54,-0.21,-5.60%,"24,098,391"
GIFT,"Giftify, Inc. Common Stock",$0.68,-0.001,-0.147%,"24,089,120"
PBM,Psyence Biomedical Ltd. Common Shares,$6.31,0.21,3.443%,"24,068,410"
INLX,"Intellinetics, Inc. Common Stock",$5.31,UNCH,--,"23,868,418"
LOCL,Local Bounti Corporation Common Stock,$1.02,-0.05,-4.673%,"23,847,721"
NOMA,NOMADAR Corp. Class A Common Stock,$1.56,0.01,0.645%,"23,842,305"
SNAL,"Snail, Inc. Class A Common Stock",$2.66,0.02,0.758%,"23,822,457"
UPC,Universe Pharmaceuticals Inc. Class A Ordinary Shares,$4.6905,0.0255,0.547%,"23,566,901"
RADX,Radiopharm Theranostics Limited American Depositary Shares,$1.625,-0.025,-1.515%,"23,495,059"
ADSEW,ADS-TEC ENERGY PLC Warrant,$0.31,0.0399,14.772%,"23,290,216"
CHOW,ChowChow Cloud International Holdings Limited Ordinary Shares,$0.655,0.03,4.80%,"23,245,950"
PAPL,Pineapple Financial Inc. Common Stock,$0.918,-0.042,-4.375%,"23,198,959"
FEDU,"Four Seasons Education (Cayman) Inc. American Depositary Shares, each ADS representing 10 ordinary shares",$10.2226,UNCH,--,"23,117,776"
TCRX,"TScan Therapeutics, Inc. Common Stock",$0.364,0.0092,2.593%,"23,114,971"
KSCP,"Knightscope, Inc. Class A Common Stock",$0.9781,-0.1169,-10.676%,"23,101,115"
JVA,"Coffee Holding Co., Inc. Common Stock",$4.04,-0.10,-2.415%,"23,062,740"
LOOP,"Loop Industries, Inc. Common Stock",$0.4751,-0.0035,-0.731%,"22,985,514"
COCP,"Cocrystal Pharma, Inc. Common Stock",$1.19,UNCH,--,"22,923,208"
PMEC,Primech Holdings Ltd. Ordinary Shares,$0.5964,-0.0189,-3.072%,"22,912,487"
TRSG,Tungray Technologies Inc Class A Ordinary Shares,$1.3999,-0.0556,-3.82%,"22,893,244"
FMST,Foremost Clean Energy Ltd. Common Shares,$0.7584,-0.0612,-7.467%,"22,816,193"
ENGNW,enGene Therapeutics Inc. Warrants,$0.34,0.0901,36.054%,"22,785,547"
LIQT,"LiqTech International, Inc. Common Stock",$0.6902,0.0202,3.015%,"22,740,600"
DUO,Fangdd Network Group Ltd. Class A Ordinary Shares,$0.5894,-0.024,-3.913%,"22,720,435"
AIFA,"All In FutureTech Alliance, Inc. Common Stock",$3.53,0.29,8.951%,"22,663,715"
CKX,"CKX Lands, Inc. Common Stock",$10.955,-0.02,-0.182%,"22,492,028"
JDZG,JIADE LIMITED Class A Ordinary Shares,$4.14,0.16,4.02%,"22,486,340"
SKYQ,Sky Quarry Inc. Common Stock,$2.54,-0.06,-2.308%,"22,436,811"
PSHG,Performance Shipping Inc. Common Shares,$1.80,-0.02,-1.099%,"22,376,624"
AZIO,"Azio AI Holdings, Inc. Common Stock",$1.30,-0.05,-3.704%,"22,370,202"
DFNS,T3 Defense Inc. Common Stock,$7.87,-0.48,-5.749%,"22,353,130"
UTSI,UTStarcom Holdings Corp. Ordinary Shares,$2.34,-0.08,-3.306%,"22,216,217"
VNTG,Vantage Corp Class A Ordinary Shares,$0.7224,-0.0042,-0.578%,"22,149,427"
NXTC,"NextCure, Inc. Common Stock",$4.82,-0.36,-6.95%,"22,062,870"
BEAT,"Heartbeam, Inc. Common Stock",$0.3889,-0.0448,-10.33%,"21,914,193"
MXC,Mexco Energy Corporation Common Stock,$10.64,-0.29,-2.653%,"21,769,440"
ATOS,"Atossa Therapeutics, Inc. Common Stock",$2.18,-0.08,-3.54%,"21,754,870"
HSCS,HeartSciences Inc. Common Stock,$4.52,-0.09,-1.952%,"21,696,777"
MERC,Mercer International Inc. Common Stock,$0.3227,0.0003,0.093%,"21,626,719"
FEMY,Femasys Inc. Common Stock,$2.58,0.02,0.781%,"21,607,570"
KRSA,"Korsana Biosciences, Inc. Common Stock",$32.30,-2.68,-7.662%,"21,601,077"
MWYN,"Marwynn Holdings, Inc. Common stock",$1.06,0.01,0.952%,"21,406,492"
TLF,"Tandy Leather Factory, Inc. Common Stock",$2.61,0.02,0.772%,"21,381,316"
SPPL,SIMPPLE LTD. Ordinary Shares,$2.17,-0.17,-7.265%,"21,236,019"
YFOR,YYForce Inc. Class A Ordinary Shares,$1.65,-0.11,-6.25%,"21,181,677"
BMR,Beamr Imaging Ltd. Ordinary Share,$1.35,0.01,0.746%,"20,965,303"
TGHL,The GrowHub Limited Class A Ordinary Shares,$0.8257,-0.0045,-0.542%,"20,890,053"
RVP,"Retractable Technologies, Inc. Common Stock",$0.6947,-0.0003,-0.043%,"20,797,344"
WHLRD,"Wheeler Real Estate Investment Trust, Inc. Series D Cumulative Preferred Stock",$36.50,-0.50,-1.351%,"20,739,702"
MRKR,"Marker Therapeutics, Inc. Common Stock",$1.24,0.02,1.639%,"20,674,677"
MNDO,MIND C.T.I. Ltd. Ordinary Shares,$1.02,0.0399,4.071%,"20,588,869"
YAAS,Youxin Technology Ltd Class A Ordinary shares,$1.31,-0.07,-5.072%,"20,586,174"
CTRM,Castor Maritime Inc. Common Shares,$2.13,-0.04,-1.843%,"20,580,814"
ESLA,"Estrella Immunopharma, Inc. Common Stock",$0.472,-0.013,-2.68%,"20,530,992"
CCHH,CCH Holdings Ltd Class A Ordinary Shares,$1.035,0.035,3.50%,"20,509,277"
CDLX,"Cardlytics, Inc. Common Stock",$3.44,-0.14,-3.911%,"20,257,183"
HOVRW,New Horizon Aircraft Ltd. Warrant,$0.3001,-0.0099,-3.194%,"20,143,895"
BCG,"Binah Capital Group, Inc. Common Stock",$1.18,-0.05,-4.065%,"20,130,955"
KMRK,K-Tech Solutions Company Limited Class A Ordinary Shares,$0.952,-0.0609,-6.012%,"20,087,200"
GRNQ,Greenpro Capital Corp. Common Stock,$11.05,0.895,8.813%,"20,031,285"
BNGO,"Bionano Genomics, Inc. Common Stock",$1.70,-0.12,-6.593%,"20,020,900"
EXYN,"Exyn Technologies, Inc. Common Stock",$2.51,-0.08,-3.089%,"19,964,432"
MSGM,Motorsport Games Inc. Class A Common Stock,$4.35,0.12,2.837%,"19,961,289"
NEUP,Neuphoria Therapeutics Inc. Common Stock,$3.68,-0.055,-1.473%,"19,913,709"
UONE,"Urban One, Inc. Class A Common Stock",$4.31,-0.08,-1.822%,"19,890,495"
BESS,Bimergen Energy Corporation Common Stock,$2.80,UNCH,--,"19,873,204"
LFWD,Lifeward Ltd. Ordinary Shares,$7.01,0.07,1.009%,"19,852,432"
OPTT,"Ocean Power Technologies, Inc. Common Stock",$2.20,0.08,3.774%,"19,810,182"
MRNO,Murano Global Investments PLC Ordinary Shares,$0.2496,-0.0656,-20.812%,"19,779,021"
NYC,American Strategic Investment Co. Class A Common Stock,$6.25,0.20,3.306%,"19,772,700"
CLRB,"Cellectar Biosciences, Inc.  Common Stock",$2.09,-0.14,-6.278%,"19,754,906"
RECT,Rectitude Holdings Ltd Ordinary Shares,$1.27,-0.08,-5.926%,"19,663,093"
PSQH,"PSQ Holdings, Inc. Class A Common Stock",$5.26,-0.19,-3.486%,"19,604,904"
LGPS,LogProstyle Inc. Common Shares,$0.8281,-0.0271,-3.169%,"19,552,161"
MDRR,"Medalist Diversified, Inc. Common Stock",$11.86,1.19,11.153%,"19,314,010"
EPSM,Epsium Enterprise Limited Class A Ordinary Shares,$1.43,-0.18,-11.18%,"19,216,389"
LEDS,SemiLEDS Corporation Common Stock,$2.30,-0.10,-4.167%,"19,028,827"
GMM,Global Mofy AI Limited Class A Ordinary Shares,$1.94,-0.03,-1.523%,"18,916,954"
JSPR,"Jasper Therapeutics, Inc. Common Stock",$0.5668,-0.0561,-9.006%,"18,860,021"
MOBBW,Mobilicom Limited Warrants,$1.49,UNCH,--,"18,823,723"
AKTX,Akari Therapeutics plc ADS,$9.66,-0.39,-3.881%,"18,807,846"
RKTO,Rocket One Inc. Common Stock,$0.7521,-0.0293,-3.75%,"18,725,471"
MDCXW,Medicus Pharma Ltd. Warrant,$0.31,-0.045,-12.676%,"18,652,094"
NUCLW,Eagle Nuclear Energy Corp. Warrants,$0.63,-0.04,-5.97%,"18,635,273"
INTZ,Intrusion Inc. Common Stock,$0.76,0.009,1.198%,"18,625,284"
ACCS,ACCESS Newswire Inc. Common Stock,$4.85,-0.08,-1.623%,"18,562,424"
PTN,"Palatin Technologies, Inc. Common Stock",$10.27,UNCH,--,"18,273,154"
DUKR,DUKE Robotics Corp. Common Stock,$5.33,-0.06,-1.113%,"18,260,463"
MODD,"Modular Medical, Inc. Common Stock",$2.22,UNCH,--,"18,094,827"
UONEK,"Urban One, Inc. Class D Common Stock",$3.92,-0.11,-2.73%,"18,090,659"
FTHM,Fathom Holdings Inc. Common Stock,$0.5279,-0.0311,-5.564%,"18,058,001"
STAK,STAK Inc. Class A Ordinary Shares,$0.94,-0.11,-10.476%,"18,057,728"
AIFF,"Firefly Neuroscience, Inc. Common Stock",$1.15,-0.05,-4.167%,"18,043,863"
LTRN,Lantern Pharma Inc. Common Stock,$1.39,0.03,2.206%,"17,769,963"
MGIH,Millennium Group International Holdings Limited Ordinary Shares,$1.575,0.065,4.305%,"17,718,750"
SCAG,Scage Future American Depositary Shares,$0.2436,-0.0034,-1.377%,"17,687,714"
LHAI,Linkhome Holdings Inc. Common stock,$1.07,-0.03,-2.727%,"17,687,100"
BFRG,"Bullfrog AI Holdings, Inc. Common Stock",$0.95,0.35,58.333%,"17,614,568"
TVRD,"Tvardi Therapeutics, Inc. Common Stock",$1.32,-0.25,-15.924%,"17,607,405"
ACTU,"Actuate Therapeutics, Inc. Common stock",$0.7316,-0.0758,-9.388%,"17,568,790"
JF,J and Friends Holdings Limited American Depositary Shares,$0.9578,-0.0122,-1.258%,"17,566,200"
LPCN,Lipocine Inc. Common Stock,$2.12,-0.04,-1.852%,"17,477,816"
FENG,"Phoenix New Media Limited American Depositary Shares, each representing 48 Class A ordinary shares.",$1.45,0.02,1.399%,"17,415,625"
DSY,Big Tree Cloud Holdings Limited Class A Ordinary Shares,$3.66,0.09,2.521%,"17,391,852"
FOXX,Foxx Development Holdings Inc. Common Stock,$2.47,-0.16,-6.084%,"17,391,744"
KTTA,Pasithea Therapeutics Corp. Common Stock,$0.5127,-0.0014,-0.272%,"17,131,587"
LICN,Lichen International Limited Class A Ordinary Shares,$1.04,UNCH,--,"17,094,298"
ARKR,Ark Restaurants Corp. Common Stock,$4.74,0.2199,4.865%,"17,093,184"
BFRI,Biofrontera Inc. Common Stock,$1.15,-0.02,-1.709%,"17,080,213"
EDTK,Skillful Craftsman Education Technology Limited Ordinary Share,$1.05,0.02,1.942%,"17,009,424"
BRFH,Barfresh Food Group Inc. Common Stock,$1.04,-0.06,-5.455%,"16,960,499"
TWG,Top Wealth Group Holding Limited Class A Ordinary Shares,$0.2696,-0.0205,-7.067%,"16,916,470"
TLIH,Ten-League International Holdings Limited Ordinary Shares,$5.75,-0.03,-0.519%,"16,907,501"
FUSE,Fusemachines Inc. Common stock,$0.5825,-0.0074,-1.254%,"16,883,938"
EFOI,"Energy Focus, Inc. Common Stock",$2.65,-0.03,-1.119%,"16,878,438"
HTOO,Fusion Fuel Green PLC Class A Ordinary Shares,$2.23,0.24,12.06%,"16,761,258"
MYND,"Mynd.ai, Inc. American Depositary Shares",$0.3555,0.0155,4.559%,"16,759,907"
SUNE,"SUNation Energy, Inc. Common Stock",$2.57,0.10,4.049%,"16,738,688"
ANNAW,"AleAnna, Inc. Warrant",$0.2499,-0.0201,-7.444%,"16,726,907"
CCM,Concord Medical Services Holdings Limited American Depositary Shares (Each represents thirty (30) Class A ordinary shares),$3.85,0.14,3.774%,"16,715,634"
JL,J-Long Group Limited Class A Ordinary Shares,$4.68,0.11,2.407%,"16,685,141"
DYAI,"Dyadic International, Inc. Common Stock",$0.4149,0.0149,3.725%,"16,622,430"
IDAI,T Stamp Inc. Class A Common Stock,$2.94,-0.06,-2.00%,"16,579,516"
AHT,Ashford Hospitality Trust Inc Common Stock,$2.56,-0.10,-3.759%,"16,562,724"
ALLR,"Allarity Therapeutics, Inc. Common Stock",$1.04,-0.07,-6.306%,"16,547,153"
PRZO,ParaZero Technologies Ltd. Ordinary Shares,$0.6372,-0.043,-6.322%,"16,521,686"
CMMB,Chemomab Therapeutics Ltd. American Depositary Share,$2.28,-0.10,-4.202%,"16,519,986"
NCEL,NewcelX Ltd. Ordinary Shares,$2.86,-0.1757,-5.788%,"16,519,726"
TMDE,TMD Energy Limited Ordinary Shares,$0.7001,-0.0014,-0.20%,"16,497,857"
ARTW,"Art's-Way Manufacturing Co., Inc. Common Stock",$3.17,-0.02,-0.627%,"16,488,394"
OPAD,Offerpad Solutions Inc. Class A Common Stock,$3.41,-0.06,-1.729%,"16,479,674"
ATTT,Atlas Trinity Tech Limited Ordinary Shares,$2.80,-0.04,-1.408%,"16,449,280"
VTGN,"Vistagen Therapeutics, Inc. Common Stock",$0.3684,0.117,46.539%,"16,348,454"
ONEG,OneConstruction Group Limited Ordinary Shares,$1.02,UNCH,--,"16,320,000"
IPM,Intelligent Protection Management Corp. Common Stock ,$1.8035,-0.0041,-0.227%,"16,295,937"
UFG,Uni-Fuels Holdings Limited Class A Ordinary Shares,$0.5018,-0.0159,-3.071%,"16,290,937"
WIMI,WiMi Hologram Cloud Inc. Class B Ordinary Shares,$0.885,-0.025,-2.747%,"16,270,773"
FGI,FGI Industries Ltd. Ordinary Shares,$8.41,0.15,1.816%,"16,241,989"
RPGL,Republic Power Group Limited Class A Ordinary Shares,$1.0037,-0.4213,-29.565%,"16,207,636"
MOGU,MOGU Inc. American Depositary Shares (each  representing 25 Class A Ordinary Shares),$1.9753,0.1153,6.199%,"16,164,459"
TDTH,Trident Digital Tech Holdings Ltd Class B Ordinary Shares,$1.87,0.135,7.781%,"16,150,724"
SDOT,Sadot Group Inc. Common Stock,$11.09,-0.69,-5.857%,"16,134,043"
PASG,"Passage Bio, Inc. Common Stock",$5.00,0.05,1.01%,"16,089,050"
IHT,InnSuites Hospitality Trust Shares of Beneficial Interest,$1.43,UNCH,--,"16,051,134"
FABC,"Fabric.AI, Inc. Common Stock",$2.29,0.11,5.046%,"16,038,274"
HTCO,High-Trend International Group Class A Ordinary Shares,$2.36,0.16,7.273%,"15,942,565"
BZAIW,"Blaize Holdings, Inc. Warrants",$0.11,0.002,1.852%,"15,931,524"
BCDA,"BioCardia, Inc. Common Stock",$1.05,UNCH,--,"15,895,721"
GTIM,Good Times Restaurants Inc. Common Stock,$1.505,-0.005,-0.331%,"15,889,633"
DARE,"Dare Bioscience, Inc. Common Stock",$0.8074,-0.0426,-5.012%,"15,880,818"
PASW,"Ping An Biomedical Co., Ltd. Class A Ordinary Shares",$0.1274,-0.0028,-2.151%,"15,867,670"
PLSM,Pulsenmore Ltd. Ordinary Shares,$2.44,0.07,2.954%,"15,866,939"
DOGZ,Dogness (International) Corporation Class A Common Stock,$0.90,-0.01,-1.099%,"15,858,592"
ATCX,Atlas Critical Minerals Corporation Common Stock,$3.10,-0.08,-2.516%,"15,758,342"
YXT,YXT.COM GROUP HOLDING LIMITED American Depository Shares,$2.38,0.01,0.422%,"15,732,433"
ASTC,Astrotech Corporation (DE) Common Stock,$7.42,0.46,6.609%,"15,638,362"
HODO,House of Doge Inc. Common Stock,$0.1753,0.0054,3.178%,"15,628,518"
CTXR,"Citius Pharmaceuticals, Inc. Common Stock",$0.5686,-0.0296,-4.948%,"15,609,531"
OFAL,OFA Group Class A Ordinary Shares,$0.59,-0.004,-0.673%,"15,607,554"
ICU,SeaStar Medical Holding Corporation Common Stock,$3.53,UNCH,--,"15,556,149"
WVVIP,"Willamette Valley Vineyards, Inc. Series A Redeemable Preferred Stock",$3.12,-0.28,-8.235%,"15,536,130"
LSTA,"Lisata Therapeutics, Inc. Common Stock",$1.435,-0.045,-3.041%,"15,503,835"
CTSO,Cytosorbents Corporation Common Stock,$4.91,-0.41,-7.707%,"15,471,906"
AUST,Austin Gold Corp. Common Shares,$1.12,-0.01,-0.885%,"15,336,161"
TULP,"Bloomia Holdings, Inc. Common Stock",$3.17,-0.13,-3.939%,"15,314,159"
UUU,"Universal Safety Products, Inc. Common Stock",$5.05,0.33,6.992%,"15,293,738"
NXXT,"NextNRG, Inc. Common Stock",$0.9078,0.0454,5.264%,"15,263,155"
TPST,"Tempest Therapeutics, Inc. Common Stock",$0.922,-0.078,-7.80%,"15,249,665"
GIGM,GigaMedia Limited Ordinary Shares,$1.3797,UNCH,--,"15,248,769"
VRME,"VerifyMe, Inc. Common Stock",$1.15,0.11,10.577%,"15,139,975"
SMSI,"Smith Micro Software, Inc. Common Stock",$2.67,UNCH,--,"14,924,980"
LRE,"Lead Real Estate Co., Ltd American Depositary Shares",$1.09,0.03,2.83%,"14,869,671"
CNSY,"Cerenome, Inc. Common Stock ",$1.95,-0.08,-3.941%,"14,799,769"
NEON,Neonode Inc. Common Stock,$0.8816,-0.0574,-6.113%,"14,795,824"
MTEX,"Mannatech, Incorporated Common Stock",$7.66,-0.34,-4.25%,"14,781,272"
RGNT,Regentis Biomaterials Ltd. Ordinary Shares,$2.10,0.01,0.478%,"14,750,234"
GWH,"ESS Tech, Inc. Common Stock",$0.3659,-0.0288,-7.297%,"14,736,311"
BTLN,"Brightline Interactive, Inc. Common Stock",$0.678,0.0429,6.755%,"14,711,795"
EPOW,E-Power Inc. Class A Ordinary Shares,$6.315,-0.5861,-8.493%,"14,693,950"
NUR,Nuran Wireless Inc. Common Shares,$1.11,-0.06,-5.128%,"14,646,117"
HUIZ,Huize Holding Limited American Depositary Shares,$1.43,0.03,2.143%,"14,451,689"
MOBX,"Mobix Labs, Inc. Class A Common Stock",$0.8002,-0.035,-4.191%,"14,365,226"
DLPN,"Dolphin Entertainment, Inc. Common Stock",$1.10,0.02,1.852%,"14,328,106"
BRN,"Barnwell Industries, Inc. Common Stock",$0.99,0.0198,2.041%,"14,289,967"
COOT,Australian Oilseeds Holdings Limited Ordinary Shares,$0.4751,0.0131,2.835%,"14,285,594"
BTCT,BTC Digital Ltd. Ordinary Shares,$1.20,-0.12,-9.091%,"14,160,680"
TOMZ,"TOMI Environmental Solutions, Inc. Common Stock",$1.4437,-0.0163,-1.116%,"14,137,528"
HIND,"Vyome Holdings, Inc. Common Stock",$2.01,0.06,3.077%,"14,107,241"
NRSN,NeuroSense Therapeutics Ltd. Ordinary Shares,$7.40,0.22,3.064%,"14,037,075"
XCH,XCHG Limited American Depositary Share,$3.16,0.12,3.947%,"13,987,531"
CRMT,America's Car-Mart Inc Common Stock,$1.67,-0.03,-1.765%,"13,925,258"
WETH,Wetouch Technology Inc. Common Stock,$1.04,0.01,0.971%,"13,916,795"
PETZ,"TDH Holdings, Inc. Common Shares",$1.34,-0.01,-0.741%,"13,833,179"
AISPW,"Airship AI Holdings, Inc. Warrants",$0.40,-0.01,-2.439%,"13,775,825"
BIVI,BioVie Inc. Class A Common Stock,$1.63,UNCH,--,"13,775,371"
NIKI,"Niki BioSolutions, Inc. Common Stock",$4.68,-0.14,-2.905%,"13,752,765"
SLGB,Smart Logistics Global Limited Class A Ordinary Shares,$0.3053,0.0143,4.914%,"13,738,500"
FRTT,Fort Technology Inc. Common Shares,$0.9108,-0.0093,-1.011%,"13,700,784"
EQS,"Equus Total Return, Inc. Common Stock",$0.9799,0.0299,3.147%,"13,685,965"
HCTI,"Healthcare Triangle, Inc. Common Stock",$0.9111,0.0464,5.366%,"13,643,105"
UCL,uCloudlink Group Inc. American Depositary Shares,$0.3571,-0.0059,-1.625%,"13,602,742"
MDBH,"MDB Capital Holdings, LLC Class A common",$2.50,-0.135,-5.123%,"13,596,580"
ZDAI,"DirectBooking Technology Co., Ltd. Class A Ordinary Shares",$1.62,-0.04,-2.41%,"13,589,326"
VWAV,"VisionWave Holdings, Inc. Common Stock",$5.72,-0.49,-7.89%,"13,577,970"
INTS,"Intensity Therapeutics, Inc. Common stock",$4.10,0.09,2.244%,"13,386,004"
FOFO,"Hang Feng Technology Innovation Co., Ltd. Ordinary Shares",$1.76,-0.07,-3.825%,"13,325,097"
DFLI,Dragonfly Energy Holdings Corp. Common Stock (NV),$0.8875,0.0174,2.00%,"13,293,688"
RCT,RedCloud Holdings plc Ordinary Shares,$0.194,0.004,2.105%,"13,265,839"
SKK,SKK Holdings Limited Class A Ordinary Shares,$4.15,0.13,3.234%,"13,240,973"
BIYA,Baiya International Group Inc Class A Ordinary Shares,$2.07,-0.02,-0.957%,"13,208,157"
CUPR,Cuprina Holdings (Cayman) Limited Class A Ordinary Shares,$1.88,-0.11,-5.528%,"13,167,065"
AEON,"AEON Biopharma, Inc. Class A Common Stock",$0.2639,0.0019,0.725%,"13,164,068"
EBON,Ebang International Holdings Inc. Class A Ordinary Shares,$2.01,-0.15,-6.944%,"13,153,315"
ALAR,Alarum Technologies Ltd. American Depositary Share,$1.81,-0.21,-10.396%,"13,123,353"
PLUR,Pluri Inc. Common Stock,$1.06,-0.04,-3.636%,"13,085,420"
DTSS,Datasea Intelligent Technology Ltd. Class A Ordinary Shares,$0.9034,0.0016,0.177%,"13,031,437"
SLE,"Super League Enterprise, Inc. Common Stock",$5.26,-0.14,-2.593%,"13,008,879"
CABR,"Caring Brands, Inc. Common Stock",$1.25,-0.06,-4.58%,"12,960,283"
GTBP,"GT Biopharma, Inc. Common Stock",$7.10,-0.08,-1.114%,"12,811,091"
GIXI,Gix Internet Ltd. Ordinary Shares,$5.13,-0.01,-0.195%,"12,785,761"
AIRI,Air Industries Group Common Stock,$2.63,-0.03,-1.128%,"12,757,231"
AENTW,Alliance Entertainment Holding Corporation Warrant,$0.25,0.0001,0.04%,"12,744,908"
IOTR,iOThree Limited Ordinary Shares,$2.0788,0.1388,7.155%,"12,606,671"
ARAI,Arrive AI Inc. Common Stock,$0.2427,-0.0072,-2.881%,"12,590,356"
ICMB,"Investcorp Credit Management BDC, Inc. Common Stock",$0.8701,0.0076,0.881%,"12,557,694"
DDC,DDC Enterprise Limited Class A Ordinary Shares,$0.214,-0.02,-8.547%,"12,538,530"
TURB,"Turbo Energy, S.A. American Depositary Shares",$1.04,0.01,0.971%,"12,497,826"
WXM,WF International Limited Ordinary Shares,$4.00,-0.12,-2.913%,"12,470,348"
MIMI,Mint Incorporation Limited Class A Ordinary Shares,$0.7829,-0.0272,-3.358%,"12,442,333"
BLRX,BioLineRx Ltd. American Depositary Shares,$2.56,0.13,5.35%,"12,413,417"
PBK,PowerBank Corporation Common Stock,$0.2642,-0.0074,-2.725%,"12,405,983"
CETY,"Clean Energy Technologies, Inc. Common Stock",$1.01,UNCH,--,"12,287,767"
DAVEW,Dave Inc. Warrants,$0.96,-0.44,-31.429%,"12,245,287"
CALC,"CalciMedica, Inc. Common Stock",$1.79,-0.08,-4.278%,"12,222,643"
NMTC,NeuroOne Medical Technologies Corporation Common Stock,$1.34,-0.04,-2.899%,"12,201,722"
CJMB,Callan JMB Inc. Common Stock,$2.12,0.11,5.473%,"12,195,020"
SAGT,SAGTEC GLOBAL LIMITED Class A Ordinary shares,$0.611,-0.0276,-4.322%,"12,158,900"
BMRA,"Biomerica, Inc. Common Stock",$2.605,-0.175,-6.295%,"11,954,262"
AIMD,"Ainos, Inc. Common Stock",$1.395,-0.015,-1.064%,"11,918,982"
SCNX,"Scienture Holdings, Inc. Common Stock",$0.2897,0.0046,1.613%,"11,896,283"
SINT,"SiNtx Technologies, Inc. Common Stock",$1.78,-0.05,-2.732%,"11,862,871"
PHIO,Phio Pharmaceuticals Corp. Common Stock,$1.02,0.02,2.00%,"11,849,595"
BIOT,Instinct Bio Technical Company Holdings Inc. Ordinary Shares,$0.4112,-0.0239,-5.493%,"11,823,583"
RAIN,"Rain Enhancement Technologies Holdco, Inc. Class A Common Stock",$1.01,-0.01,-0.98%,"11,821,092"
CYN,Cyngn Inc. Common Stock,$0.7698,-0.0068,-0.876%,"11,815,107"
ASBP,"Aspire-Lakewood Holdings, Inc. Common Stock",$8.33,0.13,1.585%,"11,683,300"
DETX,"Liberty Defense Holdings, Ltd. Common Shares",$2.05,-0.11,-5.093%,"11,648,065"
BTOC,Armlogi Holding Corp. Common Stock,$0.2555,-0.0045,-1.731%,"11,610,707"
NAII,"Natural Alternatives International, Inc. Common Stock",$1.85,-0.05,-2.632%,"11,609,174"
KPRX,"Kiora Pharmaceuticals, Inc.  Common Stock",$2.62,-0.09,-3.321%,"11,591,894"
SMXT,Solarmax Technology Inc. Common Stock,$2.44,0.15,6.55%,"11,571,005"
MMA,Mixed Martial Arts Group Limited Ordinary Shares,$0.4334,-0.0047,-1.073%,"11,477,967"
GYGY,"Game Your Game, Inc. Common Stock",$0.795,-0.0358,-4.309%,"11,441,640"
BNKK,"Bonk, Inc. Common Stock",$1.43,-0.09,-5.921%,"11,441,344"
ATER,"Aterian, Inc. Common Stock",$0.635,-0.0222,-3.378%,"11,408,988"
BTBD,"BT Brands, Inc. Common Stock",$1.84,0.07,3.955%,"11,379,892"
OXBR,Oxbridge Re Holdings Limited Ordinary Shares,$1.39,-0.03,-2.113%,"11,312,622"
CLRO,"ClearOne, Inc. Common Stock",$4.22,-0.06,-1.402%,"11,290,239"
HPAI,Helport AI Limited Ordinary Shares,$0.2989,0.0081,2.785%,"11,252,661"
IQST,iQSTEL Inc. Common Stock,$1.03,0.0305,3.052%,"11,243,335"
PRPL,"Purple Innovation, Inc. Common Stock",$2.58,-0.09,-3.371%,"11,231,021"
ENLV,Enlivex Ltd. Ordinary Shares,$0.64,-0.0064,-0.99%,"11,190,696"
SEED,Origin Agritech Limited Common Stock,$0.92,-0.011,-1.182%,"11,172,044"
CLWT,Euro Tech Holdings Company Limited Common Stock,$1.505,-0.005,-0.331%,"11,154,253"
IRIX,IRIDEX Corporation Common Stock,$0.634,-0.0015,-0.236%,"11,136,154"
EDUC,Educational Development Corporation Common Stock,$1.30,UNCH,--,"11,082,453"
GYRO,"Gyrodyne, LLC Common Stock",$5.02,-0.03,-0.594%,"11,040,526"
CISO,"CISO Global, Inc. Common Stock",$0.2412,-0.0073,-2.938%,"10,980,788"
BANL,CBL International Limited Class B Ordinary Shares,$5.23,-0.14,-2.607%,"10,977,550"
NVNI,Nvni Group Limited Ordinary Shares,$0.9374,0.0073,0.785%,"10,960,205"
AEMD,"Aethlon Medical, Inc. Common Stock",$6.81,0.24,3.653%,"10,923,887"
QH,Quhuo Limited Class A Ordinary Shares,$3.9661,-0.0139,-0.349%,"10,910,317"
STFS,Star Fashion Culture Holdings Limited Class A Ordinary Shares,$3.41,-0.25,-6.831%,"10,890,776"
MEDS,"DataMeds AI, Inc. Common Stock",$3.83,-0.445,-10.409%,"10,852,435"
INAB,"IN8bio, Inc. Common Stock",$1.10,-0.04,-3.509%,"10,844,221"
FLUX,"Flux Power Holdings, Inc. Common Stock",$0.5013,-0.0329,-6.159%,"10,838,929"
KALA,"KALA BIO, Inc. Common Stock",$0.56,-0.039,-6.511%,"10,830,280"
LZMH,LZ Technology Holdings Limited Class B Ordinary Shares,$1.20,0.02,1.695%,"10,774,200"
TOVX,"Theriva Biologics, Inc. Common Stock",$0.2347,0.0039,1.69%,"10,771,009"
GDTC,CytoMed Therapeutics Limited Ordinary Shares,$0.91,UNCH,--,"10,763,876"
MTVA,MetaVia Inc. Common Stock,$1.63,-0.05,-2.976%,"10,738,605"
PMI,"Picard Medical, Inc. Common Stock",$4.55,0.22,5.081%,"10,640,785"
MSAI,"MultiSensor AI Holdings, Inc. Common Stock",$4.8212,-0.1087,-2.205%,"10,633,870"
ADIL,"Adial Pharmaceuticals, Inc Common Stock",$4.04,-0.16,-3.81%,"10,608,596"
GFAI,"Guardforce AI Co., Limited Ordinary Shares",$0.3365,-0.0032,-0.942%,"10,563,858"
JBDI,JBDI Holdings Limited Ordinary Shares,$1.11,-0.08,-6.723%,"10,561,131"
SNTI,"Senti Biosciences Holdings, Inc. Common Stock",$0.338,0.0224,7.098%,"10,526,927"
HUDI,"Huadi International Group Co., Ltd. Ordinary Shares",$0.735,-0.025,-3.289%,"10,524,599"
SMX,SMX (Security Matters) Public Limited Company Ordinary Shares,$9.64,0.07,0.731%,"10,494,181"
UPLD,"Upland Software, Inc. Common Stock",$3.54,-0.16,-4.324%,"10,468,456"
FNGR,"FingerMotion, Inc. Common Stock",$0.139,UNCH,--,"10,453,444"
ADVB,Advanced Biomed Inc. Common Stock,$6.32,-0.06,-0.94%,"10,441,481"
NIXX,"Nixxy, Inc. Common Stock",$0.3608,-0.0092,-2.486%,"10,430,309"
BLIN,"Bridgeline Digital, Inc. Common Stock",$0.8269,-0.0181,-2.142%,"10,418,840"
MBRX,"Moleculin Biotech, Inc. Common Stock",$0.5279,-0.0371,-6.566%,"10,282,109"
PLAG,Planet Green Holdings Corp. Common Stock,$0.7178,-0.0452,-5.924%,"10,216,242"
JCTC,Jewett-Cameron Trading Company Common Shares,$2.90,-0.03,-1.024%,"10,208,328"
VSA,VisionSys AI Inc. American Depositary Shares,$3.64,1.66,83.838%,"10,166,287"
AWX,Avalon Holdings Corporation Common Stock,$2.60,-0.0201,-0.767%,"10,138,521"
AZTR,Azitra Inc Common Stock,$0.1655,-0.0051,-2.989%,"10,029,919"
CLIK,Click Holdings Limited Class A Ordinary Share,$1.17,-0.02,-1.681%,"10,018,749"
VEEA,Veea Inc. Common Stock,$3.22,-0.37,-10.306%,"10,016,480"
SQFTP,"Presidio Property Trust, Inc. 9.375% Series D Cumulative Redeemable Perpetual Preferred Stock, $0.01 par value per share",$6.95,0.45,6.923%,"9,969,302"
SOAR,"Volato Group, Inc. Class A Common Stock",$0.1834,-0.0008,-0.434%,"9,836,338"
INUV,"Inuvo, Inc.",$0.596,0.0247,4.323%,"9,823,915"
APRE,"Aprea Therapeutics, Inc. Common stock",$0.78,0.0476,6.499%,"9,821,086"
BURU,"Nuburu, Inc. Common Stock",$1.06,0.02,1.923%,"9,818,086"
GLE,Global Engine Group Holding Limited Class A Ordinary Shares,$0.5364,0.0163,3.134%,"9,816,120"
NAMMW,Namib Minerals Warrants,$0.1755,-0.02,-10.23%,"9,802,097"
CVR,Chicago Rivet & Machine Co. Common Stock,$10.099,0.0192,0.19%,"9,756,967"
NDRA,ENDRA Life Sciences Inc. Common Stock,$6.50,0.27,4.334%,"9,748,947"
KNRX,KNOREX LTD. Class A Ordinary Shares,$0.3198,0.0178,5.894%,"9,729,312"
CYCU,"Cycurion, Inc. Common Stock",$3.01,-0.22,-6.811%,"9,722,426"
BON,Bon Natural Life Limited Class A Ordinary Shares,$1.195,-0.015,-1.24%,"9,713,928"
LNAI,Lunai Bioworks Inc. Common Stock,$2.14,-0.09,-4.036%,"9,702,525"
MGRX,"Mangoceuticals, Inc. Common Stock",$0.4489,0.0178,4.129%,"9,681,616"
TANH,Tantech Holdings Ltd. Class A Common Shares,$14.45,-0.60,-3.987%,"9,647,499"
AMS,American Shared Hospital Services Common Stock,$1.45,-0.02,-1.361%,"9,642,500"
MTEK,Maris-Tech Ltd. Ordinary Shares,$0.9924,-0.0176,-1.743%,"9,624,916"
MDCX,Medicus Pharma Ltd. Common Stock  ,$0.1594,-0.0046,-2.805%,"9,590,786"
MPU,Mega Matrix Inc. Class A Ordinary Shares,$2.80,-0.055,-1.926%,"9,579,618"
MYSE,"Myseum.AI, Inc. Common Stock",$1.83,-0.01,-0.543%,"9,509,467"
MSN,Emerson Radio Corporation Common Stock,$0.4506,-0.0148,-3.18%,"9,481,819"
IMRN,Immuron Limited American Depositary Shares,$1.17,-0.085,-6.773%,"9,443,306"
WVVI,"Willamette Valley Vineyards, Inc. Common Stock",$1.89,-0.08,-4.061%,"9,411,310"
REBN,"Reborn Coffee, Inc. Common Stock",$1.09,0.1552,16.602%,"9,395,933"
TPET,Trio Petroleum Corp. Common Stock,$1.76,0.06,3.529%,"9,370,076"
ALZN,"Alzamend Neuro, Inc. Common Stock",$1.94,UNCH,--,"9,361,903"
SEGG,Sports Entertainment Gaming Global Corporation Common Stock,$2.87,-0.13,-4.333%,"9,354,728"
BIAF,"bioAffinity Technologies, Inc. Common Stock",$7.94,-0.615,-7.189%,"9,263,003"
SFHG,Samfine Creation Holdings Group Limited Class A Ordinary Share,$2.24,UNCH,--,"9,094,400"
BYAH,"Park Ha Biological Technology Co., Ltd. Class A Ordinary Shares",$2.64,0.12,4.762%,"9,043,391"
FMSTW,Foremost Clean Energy Ltd. Warrant,$0.2999,-0.0001,-0.033%,"9,022,384"
NHTC,Natural Health Trends Corp. Common Stock,$1.05,-0.05,-4.545%,"9,006,740"
NTRBW,Nutriband Inc. Warrant,$0.7408,0.0203,2.817%,"9,004,930"
AQMS,"Aqua Metals, Inc. Common Stock",$2.5049,0.0248,1.00%,"8,926,289"
BGL,Blue Gold Limited Class A Ordinary Shares,$0.2181,-0.0085,-3.751%,"8,906,718"
BAOS,Baosheng Media Group Holdings Limited Ordinary shares,$0.2669,-0.0129,-4.61%,"8,906,404"
FBLG,"FibroBiologics, Inc. Common Stock",$1.33,-0.01,-0.746%,"8,855,397"
YJ,Yunji Inc. American Depository Shares,$1.79,-0.10,-5.291%,"8,816,717"
BCTXL,BriaCell Therapeutics Corp. Warrant expiring 2031,$1.0101,0.0601,6.326%,"8,787,655"
ZCMD,Zhongchao Inc. Class A Ordinary Shares,$0.9875,-0.0425,-4.126%,"8,762,558"
MARPS,Marine Petroleum Trust Units of Beneficial Interest,$4.37,-0.08,-1.798%,"8,740,000"
BRNX,BrenX Ltd. Ordinary Shares,$2.38,0.05,2.146%,"8,667,958"
HDRNW,"Hadron Energy, Inc. Warrant",$0.12,0.0038,3.27%,"8,579,861"
JYD,Jayud Global Logistics Limited Class A Ordinary Shares,$1.03,UNCH,--,"8,547,867"
FFAI,Faraday Future Intelligent Electric Inc. Class A Common Stock,$1.39,-0.03,-2.113%,"8,516,529"
ACON,"Aclarion, Inc. Common Stock",$2.94,0.31,11.787%,"8,474,171"
GITS,"Global Interactive Technologies, Inc. Common Stock",$2.01,-0.29,-12.609%,"8,448,239"
AMSS,AMASS Brands Inc. Common Stock,$0.7259,-0.0594,-7.564%,"8,424,128"
NXTT,Next Technology Holding Inc. Ordinary Shares,$5.70,-0.55,-8.80%,"8,395,883"
SNGX,"Soligenix, Inc. Common Stock",$0.3851,0.0001,0.026%,"8,381,886"
INEO,INNEOVA Holdings Limited Class A Ordinary Shares,$0.5176,-0.0141,-2.652%,"8,369,915"
LHSW,Lianhe Sowell International Group Ltd Class A Ordinary Shares,$0.7659,-0.1232,-13.857%,"8,353,033"
WOK,WORK Medical Technology Group LTD Class A Ordinary Shares,$1.86,-0.04,-2.105%,"8,309,695"
ECXWW,ECARX Holdings Inc. Warrants,$0.0218,-0.0013,-5.628%,"8,307,108"
LGVN,Longeveron Inc. Class A Common Stock,$2.60,-0.12,-4.412%,"8,289,317"
AIRE,reAlpha Tech Corp. Common Stock,$1.38,-0.05,-3.497%,"8,289,141"
AMOD,"Alpha Modus Holdings, Inc. Class A Common Stock",$1.66,-0.24,-12.632%,"8,277,198"
IMNN,"Imunon, Inc. Common Stock",$1.47,-0.04,-2.649%,"8,248,762"
DLXY,Delixy Holdings Limited Class A Ordinary Shares,$0.503,-0.017,-3.269%,"8,224,050"
RVSN,Rail Vision Ltd. Ordinary Share,$3.75,-0.01,-0.266%,"8,220,698"
UCAR,U Power Limited Class A Ordinary Shares,$4.60,0.25,5.747%,"8,164,715"
NCPL,Netcapital Inc. Common Stock,$1.04,0.07,7.216%,"8,161,815"
XCUR,"Exicure, Inc. Common Stock",$1.24,-0.05,-3.876%,"8,117,034"
IFBD,"Infobird Co., Ltd Ordinary Shares",$0.9855,0.0355,3.737%,"8,069,840"
ENSC,"Ensysce Biosciences, Inc. Common Stock",$0.4145,-0.0145,-3.38%,"8,064,841"
RMCF,"Rocky Mountain Chocolate Factory, Inc. Common Stock",$0.85,UNCH,--,"8,023,649"
LOBO,LOBO TECHNOLOGIES LTD. Class A Ordinary Shares,$0.5777,-0.0404,-6.536%,"7,996,488"
SURG,"SurgePays, Inc. Common Stock",$0.1508,-0.0106,-6.568%,"7,978,590"
SKYE,"Skye Bioscience, Inc. Common Stock",$1.80,0.09,5.263%,"7,969,819"
INHD,Inno Holdings Inc. Common Stock,$3.15,-0.19,-5.689%,"7,939,830"
LUCY,"Innovative Eyewear, Inc. Common Stock",$0.922,-0.0169,-1.80%,"7,937,679"
ILLR,Triller Group Inc. Common Stock,$0.385,-0.045,-10.465%,"7,887,642"
CHAI,"Core AI Holdings, Inc. Common Shares",$0.3049,0.0154,5.32%,"7,886,801"
GWAV,"Greenwave Technology Solutions, Inc. Common Stock",$2.64,0.06,2.326%,"7,873,758"
CWD,CaliberCos Inc. Class A Common Stock,$0.754,0.0257,3.529%,"7,830,028"
AMIX,"Autonomix Medical, Inc. Common Stock",$3.98,-0.15,-3.632%,"7,800,553"
SPWRW,SunPower Inc. Warrants,$0.0243,0.0028,13.023%,"7,783,298"
XWEL,"XWELL, Inc. Common Stock",$0.9025,0.01,1.12%,"7,751,813"
TRAW,"Traws Pharma, Inc. Common Stock",$0.5036,0.0036,0.72%,"7,739,464"
MTEN,Mingteng International Corporation Inc. Class A Ordinary Shares,$1.01,-0.04,-3.81%,"7,726,364"
CODX,"Co-Diagnostics, Inc. Common Stock",$1.10,0.02,1.852%,"7,711,328"
THH,TryHard Holdings Limited Ordinary Shares,$1.54,-0.04,-2.532%,"7,707,123"
RETO,"ReTo Eco-Solutions, Inc. Class A Shares",$0.1586,-0.0174,-9.886%,"7,696,538"
DFSC,DEFSEC Technologies Inc. Common Stock,$1.17,-0.02,-1.681%,"7,685,812"
OGGWZ,Osisko Gold Group Inc. Warrant expiring 5/27/2027,$0.0251,-0.0248,-49.699%,"7,676,530"
GAUZ,Gauzy Ltd. Ordinary Shares,$6.67,0.26,4.056%,"7,666,378"
CLGN,CollPlant Biotechnologies Ltd Ordinary Shares,$4.04,0.19,4.935%,"7,638,917"
ACXP,"Acurx Pharmaceuticals, Inc. Common Stock",$1.37,0.01,0.735%,"7,616,385"
AUUD,Auddia Inc. Common Stock,$1.31,-0.02,-1.504%,"7,601,996"
JCSE,JE Cleantech Holdings Limited Class A Ordinary Shares,$1.445,0.035,2.482%,"7,590,180"
INM,InMed Pharmaceuticals Inc. Common Shares,$1.38,-0.01,-0.719%,"7,581,354"
CNSP,"CNS Pharmaceuticals, Inc. Common Stock",$5.15,-0.0892,-1.703%,"7,526,462"
BTTC,Black Titan Corporation Ordinary Shares,$0.549,-0.0168,-2.969%,"7,520,588"
OBAI,"Our Bond, Inc. Common Stock",$0.25,-0.0011,-0.438%,"7,493,882"
VEEE,Twin Vee PowerCats Co. Common Stock,$12.78,-2.21,-14.743%,"7,467,622"
AIM,AIM ImmunoTech Inc. Common Stock,$0.21,-0.0056,-2.597%,"7,456,676"
REED,"Reed's, Inc. Common Stock",$0.6274,-0.0025,-0.397%,"7,439,136"
PRSO,Peraso Inc. Common Stock,$0.4938,-0.0064,-1.279%,"7,438,838"
ARBB,ARB IOT Group Limited Ordinary Shares,$4.20,-0.36,-7.895%,"7,414,075"
FEBO,Fenbo Holdings Limited Class A Ordinary Shares,$0.6513,-0.0453,-6.503%,"7,205,006"
QCLS,"Q/C Technologies, Inc. Common Stock",$0.8794,-0.0132,-1.479%,"7,202,144"
EVGN,Evogene Ltd Ordinary Shares,$0.4523,-0.0412,-8.349%,"7,146,976"
TKLF,"Tokyo Lifestyle Co., Ltd. American Depositary Shares",$1.68,0.005,0.299%,"7,111,072"
WAFU,Wah Fu Education Group Limited Ordinary Shares,$1.60,0.21,15.108%,"7,056,894"
ALP,Alpha Compute Corp Ordinary Shares,$4.54,0.19,4.368%,"7,036,310"
BOLT,"Bolt Biotherapeutics, Inc. Common Stock",$3.65,-0.06,-1.617%,"7,031,159"
YHGJ,Yunhong Green CTI Ltd. Common Stock,$2.6899,-0.0402,-1.472%,"7,018,605"
CURX,Curanex Pharmaceuticals Inc Common Stock,$4.475,-0.105,-2.293%,"7,017,878"
ENVB,"Enveric Biosciences, Inc. Common Stock",$1.565,0.025,1.623%,"7,004,758"
DSS,"DSS, Inc. Common Stock",$0.6948,-0.0179,-2.512%,"6,977,542"
CCTG,CCSC Technology International Holdings Limited Class A Ordinary Shares,$0.5131,-0.0053,-1.022%,"6,967,993"
GCDT,Green Circle Decarbonize Technology Limited Class A Ordinary Shares,$0.511,0.1704,50.029%,"6,924,666"
VS,Versus Systems Inc. Common Stock,$1.11,0.015,1.37%,"6,896,037"
VNRX,VolitionRX Limited Common Stock,$0.247,-0.0162,-6.155%,"6,892,122"
SDAWW,SunCar Technology Group Inc. Warrant,$0.065,-0.009,-12.162%,"6,867,115"
AUID,authID Inc. Common Stock,$0.4102,0.0002,0.049%,"6,858,683"
LEXX,Lexaria Bioscience Corp. Common Stock,$3.235,0.015,0.466%,"6,814,485"
AMST,Amesite Inc. Common Stock,$1.04,-0.03,-2.804%,"6,811,845"
WKSP,"Worksport, Ltd. Common Stock",$0.4443,0.0095,2.185%,"6,797,049"
TDIC,Dreamland Limited Class A Ordinary Shares,$1.92,-0.03,-1.538%,"6,692,319"
BQ,Boqii Holding Limited Class A Ordinary Shares,$0.848,0.027,3.289%,"6,681,913"
NCT,Intercont (Cayman) Limited Class A Ordinary shares,$5.43,-0.57,-9.50%,"6,646,906"
MWG,Multi Ways Holdings Limited Class A Ordinary Shares,$1.29,0.03,2.381%,"6,633,211"
BNCWZ,CEA Industries Inc. Warrant,$0.1601,-0.0416,-20.625%,"6,591,933"
DTST,Data Storage Corporation Common Stock,$2.80,-0.12,-4.11%,"6,545,666"
DAIC,"CID HoldCo, Inc. Common Stock",$3.33,-0.135,-3.896%,"6,535,471"
GDC,GD Culture Group Limited Common Stock,$1.57,-0.03,-1.875%,"6,535,125"
GURE,"Gulf Resources, Inc. (NV) Common Stock",$3.60,-0.11,-2.965%,"6,528,712"
EEIQ,EpicQuest Education Group International Limited Common Stock,$3.95,0.03,0.765%,"6,504,161"
CMCT,Creative Media & Community Trust Corporation Common stock,$2.205,-0.345,-13.529%,"6,499,222"
GP,GreenPower Motor Company Inc. Common Shares,$0.7392,-0.0503,-6.371%,"6,498,901"
CGTL,Creative Global Technology Holdings Limited Class A Ordinary Shares,$3.78,0.12,3.279%,"6,498,784"
BMGL,Basel Medical Group Ltd Ordinary Shares,$4.09,-0.10,-2.387%,"6,470,834"
ILAG,Intelligent Living Application Group Inc. Ordinary Shares,$3.10,0.11,3.679%,"6,438,539"
GELS,Gelteq Limited Ordinary Shares,$0.6009,-0.0091,-1.492%,"6,436,275"
GXAI,Gaxos.ai Inc. Common Stock,$0.5811,0.001,0.172%,"6,422,485"
CELZ,"Creative Medical Technology Holdings, Inc. Common Stock",$0.9738,0.0338,3.596%,"6,419,832"
ICCM,IceCure Medical Ltd. Ordinary Shares,$1.87,-0.08,-4.103%,"6,407,321"
BGMS,"Bio Green Med Solution, Inc. Common Stock",$0.9622,0.0345,3.719%,"6,372,452"
ELOG,Eastern International Ltd. Ordinary Shares,$0.491,-0.0189,-3.707%,"6,300,512"
SOS,SOS Limited Class A Ordinary Shares,$0.3444,-0.0042,-1.205%,"6,257,858"
SYNX,Silynxcom Ltd. Ordinary Shares,$0.94,-0.0405,-4.131%,"6,236,374"
NVNO,enVVeno Medical Corporation Common Stock,$8.96,-0.14,-1.538%,"6,225,641"
NWTG,"Newton Golf Company, Inc. Common Stock",$1.145,-0.025,-2.137%,"6,208,506"
GLXG,Galaxy Payroll Group Limited Class A Ordinary Shares,$1.04,0.0447,4.491%,"6,199,976"
ORKT,Orangekloud Technology Inc. Class A Ordinary Shares,$1.06,0.04,3.922%,"6,190,156"
TWAV,"TaoWeave, Inc. Common Stock",$1.59,0.08,5.298%,"6,164,778"
PULM,"Pulmatrix, Inc. Common Stock",$1.685,-0.015,-0.882%,"6,154,100"
MITQ,"Moving iMage Technologies, Inc. Common Stock",$0.6189,-0.0181,-2.841%,"6,152,529"
AMBO,Ambow Education Holding Ltd. American Depository Shares (each representing twenty (20) Class A Ordinary Shares),$2.1401,0.0351,1.667%,"6,121,375"
KRKR,36Kr Holdings Inc. American Depositary Shares,$3.10,-0.07,-2.208%,"6,118,811"
TAOP,Taoping Inc. Ordinary Shares ,$0.6371,0.026,4.255%,"6,086,078"
HCAI,"Huachen AI Parking Management Technology Holding Co., Ltd. Class A Ordinary Shares",$0.5497,0.0108,2.004%,"5,999,028"
SNOA,"Sonoma Pharmaceuticals, Inc. Common Stock",$1.25,-0.045,-3.475%,"5,985,531"
POM,POMDOCTOR LIMITED American Depositary Shares,$0.8001,0.0011,0.138%,"5,964,948"
ERNA,Ernexa Therapeutics Inc. Common Stock,$3.65,-0.15,-3.947%,"5,958,300"
XBIO,"Xenetic Biosciences, Inc. Common Stock",$2.52,-0.05,-1.946%,"5,904,816"
ADXN,Addex Therapeutics Ltd American Depositary Shares,$3.45,-0.05,-1.429%,"5,877,810"
INBS,Intelligent Bio Solutions Inc. Common Stock,$1.77,-0.03,-1.667%,"5,870,741"
CRE,Cre8 Enterprise Limited Class A Ordinary Shares,$2.91,-0.04,-1.356%,"5,860,696"
KAPA,"Kairos Pharma, Ltd. Common Stock",$1.73,-0.05,-2.809%,"5,856,713"
CXAI,CXApp Inc. Class A Common Stock,$2.50,-0.02,-0.794%,"5,843,515"
HXHX,Haoxin Holdings Limited Class A Ordinary Shares,$0.3965,0.0032,0.814%,"5,836,480"
MRM,MEDIROM Healthcare Technologies Inc. American Depositary Share,$0.735,-0.0351,-4.558%,"5,807,933"
RDZNW,"Roadzen, Inc. Warrants",$0.0681,-0.0171,-20.07%,"5,799,741"
HKPD,"Cellyan Biotechnology Co., Ltd Class A Ordinary Shares",$0.1192,-0.0028,-2.295%,"5,781,195"
JTAI,Jet.AI Inc. Common Stock,$1.62,-0.18,-10.00%,"5,763,184"
TRIB,Trinity Biotech plc American Depositary Shares,$7.01,-0.39,-5.27%,"5,700,055"
POLA,"Polar Power, Inc. Common Stock",$1.32,-0.02,-1.493%,"5,688,301"
CDIO,Cardio Diagnostics Holdings Inc. Common stock,$1.92,UNCH,--,"5,682,180"
SGLY,Singularity Future Technology Ltd. Common Stock,$1.04,-0.03,-2.804%,"5,619,940"
JWEL,Jowell Global Ltd. Ordinary Shares,$2.34,-0.01,-0.426%,"5,560,147"
XELB,"Xcel Brands, Inc. Common Stock",$0.845,-0.016,-1.858%,"5,543,432"
SVRE,SaverOne 2014 Ltd. American Depositary Shares,$2.19,-0.61,-21.786%,"5,474,639"
NCNA,NuCana plc American Depositary Share,$1.31,-0.02,-1.504%,"5,452,182"
AIDX,"20/20 Biolabs, Inc. Common Stock",$0.4266,-0.0439,-9.33%,"5,447,811"
FBGL,FBS Global Limited Ordinary Shares,$0.405,-0.0547,-11.899%,"5,416,182"
LIMN,"Liminatus Pharma, Inc. Class A Common Stock",$4.03,-0.04,-0.983%,"5,413,128"
XTLB,XTL Biopharmaceuticals Ltd. American Depositary Shares,$2.2001,-0.1783,-7.497%,"5,406,664"
SONM,"DNA X, Inc. Common Stock",$3.6101,-0.7799,-17.765%,"5,372,796"
DKI,DarkIris Inc. Class A Ordinary Shares,$2.58,0.04,1.575%,"5,359,834"
AQB,"AquaBounty Technologies, Inc. Common Stock",$1.04,-0.05,-4.587%,"5,353,092"
WHLRP,"Wheeler Real Estate Investment Trust, Inc. Class B Preferred Stock",$9.40,0.15,1.622%,"5,341,183"
DBGI,"Digital Brands Group, Inc. Common Stock",$5.71,1.00,21.231%,"5,330,336"
PCSA,"Processa Pharmaceuticals, Inc. Common Stock",$1.89,0.01,0.532%,"5,279,500"
POAS,Phaos Technology Holdings (Cayman) Limited Class A Ordinary Shares,$0.167,-0.003,-1.765%,"5,272,524"
CPOP,"Pop Culture Group Co., Ltd Class A Ordinary Shares",$5.17,0.46,9.766%,"5,213,873"
YMAT,"J-Star Holding Co., Ltd. Class A Ordinary Shares",$1.28,-0.04,-3.03%,"5,132,932"
RMSG,Real Messenger Corporation Ordinary Shares,$0.317,0.0296,10.299%,"5,125,468"
YCBD,"cbdMD, Inc. Common Stock",$0.4574,-0.0426,-8.52%,"5,125,188"
AMPGZ,"Amplitech Group, Inc. Series B Right",$0.1699,0.0279,19.648%,"5,104,456"
NAMI,Jinxin Technology Holding Company American Depositary Shares,$1.61,-0.16,-9.04%,"5,092,198"
OLB,"The OLB Group, Inc. Common Stock",$0.2117,-0.0014,-0.657%,"5,087,771"
ZNB,Zeta Network Group Class A Ordinary Shares,$1.38,UNCH,--,"5,071,572"
ADGM,"Adagio Medical Holdings, Inc Common Stock",$0.228,-0.2575,-53.038%,"5,063,985"
BAERW,"Bridger Aerospace Group Holdings, Inc. Warrant",$0.085,-0.0175,-17.073%,"5,000,222"
NTCL,NETCLASS TECHNOLOGY INC Class A Ordinary Shares,$2.05,0.06,3.015%,"4,979,159"
EHGO,Eshallgo Inc. Class A Ordinary Shares,$0.8973,-0.0309,-3.329%,"4,967,971"
AGRZ,Agroz Inc. Class A Ordinary Shares,$0.2425,0.0032,1.337%,"4,952,695"
VMAR,Vision Marine Technologies Inc. Common Shares,$7.46,-0.55,-6.866%,"4,871,723"
YDKG,Yueda Digital Holding Class A Ordinary Share,$0.8759,-0.001,-0.114%,"4,854,467"
CNET,ZW Data Action Technologies Inc. Common Stock,$1.31,UNCH,--,"4,805,642"
RENX,RenX Enterprises Corp. Common Stock,$1.81,0.06,3.429%,"4,789,638"
BFRGW,"Bullfrog AI Holdings, Inc. Warrants",$0.2582,0.1505,139.74%,"4,787,454"
LCFY,Locafy Limited Ordinary Share,$2.61,0.16,6.531%,"4,775,520"
XPON,"Expion Energy, Inc. Common Stock",$4.71,-0.59,-11.132%,"4,768,866"
CNEY,CN Energy Group Inc. Class A Ordinary Shares,$0.5798,-0.0003,-0.052%,"4,756,277"
SNTG,Sentage Holdings Inc. Class A Ordinary Shares,$1.69,0.01,0.595%,"4,740,999"
FCUV,Focus Universal Inc. Common Stock,$4.82,0.16,3.433%,"4,733,298"
HYFM,"Hydrofarm Holdings Group, Inc. Common Stock",$0.9801,-0.0249,-2.478%,"4,723,418"
DPU,Top KingWin Ltd Class A Ordinary Shares,$1.57,0.01,0.641%,"4,719,228"
CVKD,"Cadrenal Therapeutics, Inc. Common Stock",$1.32,0.20,17.857%,"4,709,221"
GRI,"GRI Bio, Inc. Common Stock",$2.15,0.10,4.878%,"4,700,147"
CHNR,"China Natural Resources, Inc. Common Stock",$3.81,0.04,1.061%,"4,698,572"
SDST,Stardust Power Inc. Common Stock,$0.1157,-0.0066,-5.397%,"4,694,761"
GVH,Globavend Holdings Limited Ordinary Shares,$1.09,-0.05,-4.386%,"4,691,552"
UZX,Linkage Global Inc. Class A Ordinary Shares,$1.63,-0.11,-6.322%,"4,687,184"
JAGX,"Jaguar Health, Inc. Common Stock",$8.91,-25.55,-74.144%,"4,634,447"
CANF,"Can-Fite Biopharma Ltd American Depositary Shares, each representing two (2) Ordinary Shares",$2.16,-0.07,-3.139%,"4,627,902"
PMCB,"PharmaCyte  Biotech, Inc. Common Stock",$0.4285,-0.03,-6.543%,"4,600,226"
SLDPW,"Solid Power, Inc. Warrant",$0.02,0.0005,2.564%,"4,563,624"
DXST,Decent Holding Inc Class A Ordinary Shares,$2.51,-0.09,-3.462%,"4,555,971"
MLEC,Moolec Science SA Ordinary Shares,$6.26,0.71,12.793%,"4,545,499"
EZRA,"Reliance Global Group, Inc. Common Stock",$2.69,UNCH,--,"4,519,028"
DRMA,"Dermata Therapeutics, Inc. Common Stock",$1.12,-0.03,-2.609%,"4,504,800"
CYAB,"Cyabra, Inc. Common Stock",$0.2551,-0.013,-4.849%,"4,489,013"
EZGO,EZGO Technologies Ltd. Ordinary Shares,$0.8451,0.0065,0.775%,"4,484,015"
DUKRW,DUKE Robotics Corp. Warrant,$1.30,0.20,18.182%,"4,453,771"
CAPS,Capstone Holding Corp. Common Stock,$0.2038,0.0253,14.174%,"4,432,650"
MTR,Mesa Royalty Trust Common Stock,$2.37,-0.06,-2.469%,"4,416,708"
WBUY,WEBUY GLOBAL LTD. Class A Ordinary Shares,$0.804,-0.056,-6.512%,"4,406,808"
FLDDW,"Fold Holdings, Inc. Warrant",$0.08,UNCH,--,"4,389,474"
NCRA,"Nocera, Inc. Common Stock",$1.84,-0.23,-11.111%,"4,372,112"
VIVK,"Vivakor, Inc. Common Stock",$0.5315,-0.0152,-2.78%,"4,349,597"
BJDX,"Bluejay Diagnostics, Inc. Common Stock",$0.9688,-0.0312,-3.12%,"4,328,648"
HIHO,Highway Holdings Limited Common Stock,$0.935,0.0248,2.725%,"4,325,942"
FMFC,Kandal M Venture Limited Class A Ordinary Shares,$0.203,UNCH,--,"4,323,900"
BGLC,BioNexus Gene Lab Corp Common stock,$1.47,0.01,0.685%,"4,312,160"
MSGY,Masonglory Limited Class A Ordinary Shares ,$2.03,0.01,0.495%,"4,302,839"
TRNR,Interactive Strength Inc. Common Stock,$2.65,-0.31,-10.473%,"4,292,210"
HUBC,Hub Cyber Security Ltd. Ordinary Shares,$3.21,-1.03,-24.292%,"4,291,918"
KUST,"Kustom Entertainment, Inc. Common Stock",$0.655,-0.0027,-0.411%,"4,261,993"
SCKT,"Socket Mobile, Inc. Common Stock",$0.5135,-0.0228,-4.251%,"4,257,778"
FAMI,"Farmmi, Inc. Class A Ordinary Shares",$0.1323,-0.0107,-7.483%,"4,236,111"
SNES,"SenesTech, Inc. Common Stock",$0.7794,-0.0016,-0.205%,"4,227,109"
OMH,Ohmyhome Limited Class A Ordinary Shares,$2.50,0.10,4.167%,"4,221,723"
LABT,Lakewood-Amedex Biotherapeutics Inc. Common Stock,$1.78,-0.21,-10.553%,"4,218,045"
BOXL,Boxlight Corporation Class A Common Stock,$4.93,0.11,2.282%,"4,163,602"
ABTS,Abits Group Inc Ordinary Shares,$1.27,-0.02,-1.55%,"4,082,345"
SXTP,"60 Degrees Pharmaceuticals, Inc. Common Stock",$1.16,0.12,11.538%,"4,079,706"
ATXG,Addentax Group Corp. Common Stock,$3.44,0.05,1.475%,"4,052,231"
WLDS,Wearable Devices Ltd. Ordinary Share,$1.64,0.06,3.797%,"4,033,975"
INTJ,Intelligent Group Limited Class A Ordinary Shares ,$2.62,-0.13,-4.727%,"4,028,245"
CLDI,"Calidi Biotherapeutics, Inc. Common Stock",$1.09,-0.02,-1.802%,"4,017,575"
IBG,Innovation Beverage Group Limited Ordinary Shares,$0.9501,-0.0099,-1.031%,"4,009,918"
ARTL,"Artelo Biosciences, Inc. Common Stock",$7.31,3.16,76.145%,"4,004,228"
EJH,E-Home Household Service Holdings Limited Ordinary Shares,$1.2483,0.0683,5.788%,"3,994,752"
NXL,"Nexalin Technology, Inc. Common Stock",$4.812,0.182,3.931%,"3,991,073"
TGL,Treasure Global Inc. Common Stock,$2.04,-0.05,-2.392%,"3,987,857"
ONCO,"Onconetix, Inc. Common Stock",$0.91,0.2269,33.216%,"3,986,275"
CHSN,Chanson International Holding Class A Ordinary Shares,$1.07,-0.025,-2.283%,"3,969,472"
TOPS,"TOP Ships, Inc. Common Stock",$0.7094,-0.1606,-18.46%,"3,931,261"
RIME,"Algorhythm Holdings, Inc. Common Stock",$0.1862,0.0027,1.471%,"3,922,572"
LESL,"Leslie's, Inc. Common Stock",$0.4185,-0.0233,-5.274%,"3,919,451"
JUNS,"Jupiter Neurosciences, Inc. Common Stock",$2.97,-0.01,-0.336%,"3,916,007"
KITT,"Nauticus Robotics, Inc. Common stock",$0.5236,-0.1023,-16.344%,"3,912,318"
KTWOR,K2 Capital Acquisition Corporation Rights,$0.195,UNCH,--,"3,908,026"
IVDA,"Iveda Solutions, Inc. Common Stock",$0.31,-0.0008,-0.257%,"3,880,898"
MBIO,"Mustang Bio, Inc. Common Stock",$0.5114,-0.0196,-3.691%,"3,875,137"
GOVX,"GeoVax Labs, Inc. Common Stock",$0.378,0.0147,4.046%,"3,818,885"
MKZR,"MacKenzie Realty Capital, Inc. Common Stock",$1.37,0.04,3.008%,"3,801,323"
VIVS,"VivoSim Labs, Inc. Common Stock",$0.2291,-0.0062,-2.635%,"3,799,966"
SBFM,Sunshine Biopharma Inc. Common Stock,$0.8758,-0.0305,-3.365%,"3,774,962"
EOCN,Eocene Ltd. Ordinary Shares,$3.62,-0.005,-0.138%,"3,770,465"
GIPR,Generation Income Properties Inc. Common Stock,$0.5281,-0.0417,-7.318%,"3,756,111"
AGMH,AGM Group Holdings Inc. Class A Ordinary Shares,$0.7815,-0.0248,-3.076%,"3,748,367"
ICON,Icon Energy Corp. Common stock,$0.99,-0.015,-1.493%,"3,721,721"
REVB,"Revelation Biosciences, Inc. Common Stock",$0.9343,-0.0457,-4.663%,"3,721,706"
SHPH,"Shuttle Pharmaceuticals Holdings, Inc. Common Stock",$3.59,-0.17,-4.521%,"3,687,698"
CHR,"Cheer Holding, Inc. Class A Ordinary Share",$1.57,UNCH,--,"3,682,361"
FGL,Founder Group Limited Class A Ordinary Shares,$4.43,-0.21,-4.526%,"3,679,979"
ELAB,PMGC Holdings Inc. Common Stock,$4.53,0.27,6.338%,"3,667,393"
CDTG,CDT Environmental Technology Investment Holdings Limited ordinary shares,$1.21,-0.03,-2.419%,"3,655,410"
MGN,Megan Holdings Limited Class A Ordinary Shares,$3.95,-0.19,-4.589%,"3,653,750"
PAVS,Paranovus Entertainment Technology Ltd. Class A Ordinary Shares,$4.19,0.13,3.202%,"3,643,783"
IPDN,"Professional Diversity Network, Inc. Common Stock",$5.42,1.52,38.974%,"3,608,696"
BRTX,"BioRestorative Therapies, Inc. Common Stock (NV)",$2.60,0.05,1.961%,"3,590,933"
CETX,Cemtrex Inc. Common Stock,$2.08,-0.05,-2.347%,"3,579,973"
BKYI,"BIO-key International, Inc. Common Stock",$2.49,0.11,4.622%,"3,576,497"
GBR,"New Concept Energy, Inc Common Stock",$0.6907,-0.0239,-3.345%,"3,544,627"
FRSX,Foresight Autonomous Holdings Ltd. American Depositary Shares,$1.18,-0.01,-0.84%,"3,516,768"
VBIO,"Valion Bio, Inc. Common Stock",$2.73,0.24,9.639%,"3,509,756"
TOPP,Toppoint Holdings Inc. Common Stock,$0.142,0.0008,0.567%,"3,507,400"
APUS,"Apimeds Pharmaceuticals US, Inc. Common Stock",$2.29,0.44,23.784%,"3,455,880"
TNMG,TNL Mediagene Ordinary Shares,$4.54,0.63,16.113%,"3,453,001"
VRAX,Virax Biolabs Group Limited Ordinary Shares,$2.55,0.05,2.00%,"3,429,719"
MASK,3 E Network Technology Group Ltd Class A Ordinary Shares,$0.945,0.038,4.19%,"3,420,035"
APVO,Aptevo Therapeutics Inc. Common Stock,$1.89,0.04,2.162%,"3,405,723"
YYAI,AiRWA Inc. Common Stock,$0.7379,-0.0221,-2.908%,"3,380,997"
TNON,"Tenon Medical, Inc. Common Stock",$3.27,-0.16,-4.665%,"3,376,530"
RDGT,"Ridgetech, Inc. Ordinary Shares",$0.9251,0.0051,0.554%,"3,357,687"
SXTC,"China SXT Pharmaceuticals, Inc. Class A Ordinary Shares",$2.51,0.04,1.619%,"3,316,905"
RDHL,Redhill Biopharma Ltd. American Depositary Shares,$0.5431,0.0021,0.388%,"3,302,548"
SDSTW,Stardust Power Inc. Warrant,$0.0792,-0.0166,-17.328%,"3,213,700"
INLF,INLIF LIMITED Class A Ordinary Shares,$2.91,0.11,3.929%,"3,172,767"
NXAT,Nexus Advanced Technologies Inc. Ordinary Shares,$1.17,-0.01,-0.847%,"3,170,996"
RBNE,Robin Energy Ltd. Common Stock,$2.37,-0.03,-1.25%,"3,157,544"
SGRX,SANGRIX INC. Class A Ordinary Shares,$1.59,-0.10,-5.917%,"3,131,737"
SILO,"Silo Pharma, Inc. Common Stock",$1.77,0.05,2.907%,"3,103,253"
NUWE,"Nuwellis, Inc. Common Stock",$0.849,0.0227,2.747%,"3,096,527"
WHLR,"Wheeler Real Estate Investment Trust, Inc. Common Stock",$5.44,3.57,190.909%,"3,091,068"
XRTX,XORTX Therapeutics Inc. Common Shares,$1.70,-0.16,-8.602%,"3,088,161"
HTCR,"Heartcore Enterprises, Inc. Common Stock",$2.0308,-0.0292,-1.417%,"3,077,328"
GNPX,"Genprex, Inc. Common Stock",$3.75,0.21,5.932%,"3,073,909"
STLNW,"Starling Oncology, Inc. Warrant",$0.03,0.0095,46.341%,"3,057,483"
IZM,ICZOOM Group Inc. Class A Ordinary Shares,$1.27,0.05,4.098%,"3,052,600"
HCWB,HCW Biologics Inc. Common Stock,$1.66,-0.15,-8.287%,"3,048,298"
LXEH,"Lixiang Education Holding Co., Ltd. American Depositary Shares",$1.59,0.22,16.058%,"3,047,501"
ISPC,iSpecimen Inc. Common Stock,$1.21,-0.04,-3.20%,"3,047,494"
PRFX,PRF Technologies Ltd. Ordinary Shares,$1.00,0.0695,7.469%,"3,041,830"
OCG,Oriental Culture Holding LTD Ordinary Shares,$1.56,-0.0265,-1.67%,"3,023,767"
CSAI,"Cloudastructure, Inc. Class A Common Stock",$3.47,-0.01,-0.287%,"3,010,128"
VTAK,"Catheter Precision, Inc. Common Stock",$0.1586,0.007,4.617%,"3,008,967"
VVOS,"Vivos Therapeutics, Inc. Common Stock",$0.1489,-0.0077,-4.917%,"2,995,574"
TCRT,"Alaunos Therapeutics, Inc. Common Stock",$1.15,-0.12,-9.449%,"2,928,666"
SPRC,SciSparc Ltd. Ordinary Shares,$5.01,0.44,9.628%,"2,910,675"
XAIR,"Beyond Air, Inc. Common Stock",$3.01,-0.19,-5.938%,"2,882,469"
EXYNW,"Exyn Technologies, Inc. Warrant",$0.36,-0.016,-4.255%,"2,863,425"
AMZE,"Amaze Holdings, Inc. Common Stock",$0.1368,-0.0028,-2.006%,"2,848,746"
BETRW,Better Home & Finance Holding Company Warrant,$0.1499,0.0169,12.707%,"2,847,887"
GRRRW,Gorilla Technology Group Inc. Warrant,$0.10,-0.053,-34.641%,"2,775,747"
ITP,"IT Tech Packaging, Inc. Common Stock",$0.1623,-0.0036,-2.17%,"2,753,488"
PWCM,"PowerCompute, Inc. Common Stock",$1.10,-0.03,-2.655%,"2,663,619"
NXGL,"NexGel, Inc Common Stock",$0.2682,-0.0066,-2.402%,"2,614,323"
ESLAW,"Estrella Immunopharma, Inc. Warrant",$0.06,-0.01,-14.286%,"2,609,872"
CDT,CDT Equity Inc. Common Stock,$0.1349,-0.0074,-5.20%,"2,599,283"
MTNB,"Matinas Biopharma Holdings, Inc. Common Stock",$0.175,-0.002,-1.13%,"2,571,239"
IVF,"INVO Fertility, Inc. Common Stock",$1.02,0.0205,2.051%,"2,557,108"
RUBI,Rubico Inc. Common Stock,$1.15,0.01,0.877%,"2,548,113"
ASPSW,Altisource Portfolio Solutions S.A. Net Settle Stakeholder Warrants,$0.223,0.003,1.364%,"2,546,706"
BIVIW,BioVie Inc. Warrant,$0.30,UNCH,--,"2,535,344"
CIIT,"Tianci International, Inc. Common Stock",$2.615,0.095,3.77%,"2,529,727"
DCOY,Decoy Therapeutics Inc. Common Stock,$3.85,0.75,24.194%,"2,522,462"
PW,Power REIT (MD) Common Stock,$6.86,-0.06,-0.867%,"2,518,443"
JEM,707 Cayman Holdings Limited Ordinary Shares,$3.75,-0.125,-3.226%,"2,516,059"
FLYE,"Fly-E Group, Inc. Common Stock",$1.53,0.18,13.333%,"2,497,551"
ELPW,Elong Power Holding Limited Class A Ordinary Shares,$2.67,0.12,4.706%,"2,488,678"
CHGA,Change Agents Corporation Common Stock,$2.22,0.15,7.246%,"2,486,880"
GSUN,Golden Sun Technology Group Limited Class A Ordinary Shares,$0.242,0.0027,1.128%,"2,426,987"
KIDZ,KIDZ AI Inc. Class B Common Stock,$2.815,-0.16,-5.378%,"2,422,806"
PPBT,Purple Biotech Ltd. American Depositary Shares,$1.485,0.025,1.712%,"2,415,897"
RMCOW,Royalty Management Holding Corporation Warrant,$0.156,-0.0103,-6.194%,"2,366,942"
EDBL,Edible Garden AG Incorporated Common Stock,$1.20,-0.07,-5.512%,"2,341,811"
VSME,VS Media Holdings Limited Class A Ordinary Shares,$0.8307,0.019,2.341%,"2,285,076"
GRMLW,Greenland Mines Ltd Warrant,$0.39,0.06,18.182%,"2,281,684"
ATPC,Agape ATP Corporation Common Stock,$2.24,0.03,1.357%,"2,241,402"
PPCB,"Propanc Biopharma, Inc. Common Stock",$0.628,-0.023,-3.533%,"2,200,585"
OGEN,Oragenics Inc. Common Stock,$0.486,-0.034,-6.538%,"2,192,811"
NXTS,Nexentis Technologies Inc. Common Stock,$1.455,0.045,3.191%,"2,114,600"
TRUG,"TruGolf Holdings, Inc. Class A Common Stock",$0.455,0.0304,7.16%,"2,098,668"
VCIG,VCI Global Limited Ordinary Share,$1.64,0.01,0.613%,"2,077,053"
IPST,"IP Strategy Holdings, Inc. Common Stock",$2.86,0.03,1.06%,"2,063,713"
SHFS,"SHF Holdings, Inc. Class A Common Stock",$0.1658,-0.0107,-6.062%,"2,044,804"
STKH,Steakholder Foods Ltd. American Depositary Shares,$1.83,-0.07,-3.684%,"2,037,941"
ONFO,Onfolio Holdings Inc. Common Stock,$0.815,-0.0011,-0.135%,"2,036,887"
RAYA,Erayak Power Solution Group Inc. Class A Ordinary Shares,$1.91,0.09,4.945%,"2,014,496"
RAINW,"Rain Enhancement Technologies Holdco, Inc. Warrants",$0.171,-0.0184,-9.715%,"2,001,393"
CRIS,"Curis, Inc. Common Stock",$0.9519,-0.0481,-4.81%,"1,989,544"
SQFT,"Presidio Property Trust, Inc. Class A Common Stock",$1.37,0.12,9.60%,"1,965,172"
BLUWW,Blue Water Acquisition Corp. III Warrant.,$0.27,-0.01,-3.571%,"1,956,150"
GNLN,"Greenlane Holdings, Inc. Class A Common Stock",$2.71,0.15,5.859%,"1,882,214"
CMND,Clearmind Medicine Inc. Common Shares,$0.85,0.0688,8.807%,"1,823,429"
SLXN,Silexion Therapeutics Corp Ordinary Shares,$0.3153,-0.077,-19.628%,"1,814,826"
MSS,Maison Solutions Inc. Class A Common Stock,$2.10,0.54,34.615%,"1,796,212"
PMAX,Powell Max Limited Class A Ordinary Shares,$0.9135,-0.084,-8.421%,"1,792,255"
IMCC,IM Cannabis Corp. Common Shares,$2.91,-1.23,-29.71%,"1,757,413"
ZEOWW,Zeo Energy Corporation Warrants,$0.0282,-0.0014,-4.73%,"1,753,574"
IMTE,Integrated Media Technology Limited Ordinary Shares,$0.507,-0.0005,-0.099%,"1,747,342"
SMTK,"SmartKem, Inc. Common Stock",$1.68,-0.01,-0.592%,"1,740,142"
BCTXZ,BriaCell Therapeutics Corp. Warrant expiring 2030,$0.20,UNCH,--,"1,739,957"
AIIOW,Robo.ai Inc. Warrant,$0.0145,0.0015,11.538%,"1,726,016"
ASPSZ,Altisource Portfolio Solutions S.A. Cash Exercise Stakeholder Warrants,$0.15,-0.0196,-11.557%,"1,713,031"
YHC,LQR House Inc. Common Stock,$1.30,-0.11,-7.801%,"1,695,014"
AKAN,Akanda Corp. Common Shares,$3.11,-0.12,-3.715%,"1,682,016"
XXII,"22nd Century Group, Inc. Common Stock",$2.34,0.53,29.282%,"1,670,746"
SSM,Sono Group N.V. Ordinary Shares,$1.17,-0.10,-7.874%,"1,667,056"
MNDR,Mobile-health Network Solutions Class A Ordinary Shares,$1.39,UNCH,--,"1,660,406"
MOBXW,"Mobix Labs, Inc Warrants",$0.0921,UNCH,--,"1,653,383"
LNKS,Linkers Industries Limited Class A Ordinary Shares,$1.02,-0.01,-0.971%,"1,638,745"
CISS,C3is Inc. Common Stock,$1.10,-0.04,-3.509%,"1,636,767"
OXBRW,Oxbridge Re Holdings Limited Warrant expiring 3/26/2029,$0.20,UNCH,--,"1,627,715"
GCTK,"GlucoTrack, Inc. Common Stock",$2.03,-0.19,-8.559%,"1,620,732"
DXF,"Eason Technology Limited American Depositary Shares (each representing sixty-thousand (60,000) Ordinary Shares)",$0.49,0.0175,3.704%,"1,585,618"
MYSZ,"My Size, Inc. Common Stock",$1.88,0.20,11.905%,"1,573,436"
HLSQ,Tessera Defense and Homeland Security Inc. Common Stock,$0.55,-0.118,-17.665%,"1,573,000"
WETO,Wetour Robotics Limited Ordinary Shares,$1.45,-0.20,-12.121%,"1,562,811"
LRHC,La Rosa Holdings Corp. Common Stock,$2.67,0.24,9.877%,"1,520,936"
SKYAW,"SkyAI, Inc. Warrant",$0.035,UNCH,--,"1,513,663"
LBGJ,Li Bang International Corporation Class A Ordinary Shares,$2.15,0.10,4.878%,"1,477,534"
CRGOW,Freightos Limited Warrants,$0.0281,-0.0019,-6.333%,"1,463,265"
IPW,iPower Inc. Common Stock,$1.24,0.04,3.333%,"1,444,906"
NIVF,NewGenIvf Group Limited Class A Ordinary Shares,$0.5898,-0.2239,-27.516%,"1,425,800"
BBLG,Bone Biologics Corp Common Stock,$0.5063,0.0214,4.413%,"1,395,392"
OLOX,Olenox Industries Inc. Common Stock,$0.8354,-0.0846,-9.196%,"1,386,218"
ASTLW,Algoma Steel Group Inc. Warrant,$0.013,0.0051,64.557%,"1,370,052"
PGYWW,Pagaya Technologies Ltd. Warrants,$0.0164,0.0006,3.797%,"1,368,184"
FCHL,Fitness Champs Holdings Limited Common Stock,$1.02,0.01,0.99%,"1,345,117"
UK,Ucommune International Ltd Class A Ordinary Shares,$1.97,-0.1258,-6.002%,"1,335,563"
EDVA,"Endovia Health Sciences, Inc. Common Stock",$0.2051,-0.0255,-11.058%,"1,315,208"
DRCT,"Direct Digital Holdings, Inc. Class A Common Stock",$1.61,-0.01,-0.617%,"1,292,390"
SABSW,"SAB Biotherapeutics, Inc. Warrant",$0.014,-0.001,-6.667%,"1,273,809"
BDMDW,Baird Medical Investment Holdings Ltd Warrant,$0.0301,-0.0009,-2.903%,"1,270,484"
MNYWW,MoneyHero Limited Warrants,$0.0281,-0.0045,-13.804%,"1,248,573"
PFSA,"Profusa, Inc. Common Stock",$2.05,-0.12,-5.53%,"1,241,576"
BCGWW,"Binah Capital Group, Inc. Warrants",$0.0725,-0.0075,-9.375%,"1,236,859"
MI,NFT Limited Class A Ordinary Share,$2.41,0.03,1.261%,"1,230,857"
BGLWW,Blue Gold Limited Warrant,$0.03,0.0002,0.671%,"1,225,133"
JZ,Jianzhi Education Technology Group Company Limited American Depositary Shs,$0.4936,-0.0564,-10.255%,"1,188,743"
FUSEW,Fusemachines Inc. Warrants,$0.0401,UNCH,--,"1,162,311"
VGASW,"Verde Clean Fuels, Inc. Warrant",$0.026,0.0024,10.169%,"1,158,290"
HAO,Haoxi Health Technology Limited Class A Ordinary Shares,$3.16,0.31,10.877%,"1,156,958"
SUGP,SU Group Holdings Limited Class A Ordinary Shares,$0.4795,-0.0074,-1.52%,"1,115,556"
LGCL,Lucas GC Limited Class A Ordinary Shares,$3.16,0.39,14.079%,"1,081,741"
RKDA,"Arcadia Biosciences, Inc. Common Stock",$0.426,-0.022,-4.911%,"1,026,324"
HOLOW,MicroCloud Hologram Inc. Warrant,$0.0447,-0.0016,-3.456%,"1,024,182"
SCNI,Scinai Immunotherapeutics Ltd. American Depositary Shares,$1.98,0.07,3.665%,"992,665"
ILLRW,Triller Group Inc. Warrant,$0.0446,-0.0251,-36.011%,"913,737"
YMT,Yimutian Inc. American Depositary Shares,$1.84,-0.19,-9.36%,"876,891"
NEXR,Nexera Technologies Ltd Ordinary Shares,$1.49,-0.06,-3.871%,"830,621"
ARBEW,Arbe Robotics Ltd. Warrant,$0.0064,-0.0009,-12.329%,"815,386"
ABLVW,Able View Global Inc. Warrant,$0.0131,-0.0044,-25.143%,"723,393"
BDRX,Biodexa Pharmaceuticals plc American Depositary Shs,$0.6894,0.0084,1.233%,"709,438"
WALDW,Waldencast plc Warrant ,$0.0054,-0.0015,-21.739%,"694,445"
MTEKW,Maris-Tech Ltd. Warrants,$0.0701,-0.0424,-37.689%,"679,874"
AIMDW,"Ainos, Inc. Warrants",$0.0745,UNCH,--,"636,533"
BEATW,"Heartbeam, Inc. Warrant",$0.0097,UNCH,--,"546,587"
SCAGW,Scage Future Warrants,$0.0075,0.0002,2.74%,"544,572"
RMSGW,Real Messenger Corporation Warrants,$0.0322,UNCH,--,"520,631"
BIOTW,Instinct Bio Technical Company Holdings Inc. Warrants,$0.018,0.0028,18.421%,"517,569"
BNCWW,CEA Industries Inc. Warrant,$0.0124,UNCH,--,"510,556"
FOXXW,Foxx Development Holdings Inc. Warrant,$0.0653,UNCH,--,"459,790"
BNAIW,Brand Engagement Network Inc. Warrant,$0.0599,-0.0201,-25.125%,"449,441"
BZFDW,"BuzzFeed, Inc. Warrant",$0.005,-0.0019,-27.536%,"425,174"
TVGNW,Tevogen Inc. Warrant,$0.0607,0.0058,10.565%,"395,250"
GMEX,GMEX ROBOTICS CORPORATION Class A Ordinary Shares,$0.4275,-0.003,-0.697%,"386,649"
BIAFW,"bioAffinity Technologies, Inc. Warrant",$0.32,UNCH,--,"373,320"
LGHL,Lion Group Holding Ltd. American Depositary Share,$7.15,-0.61,-7.861%,"329,930"
BTBDW,"BT Brands, Inc. Warrant",$0.0499,-0.0049,-8.942%,"308,618"
BFRIW,Biofrontera Inc. Warrants,$0.02,-0.0006,-2.913%,"297,047"
FRGT,"Freight Technologies, Inc. Ordinary Shares",$0.49,-0.0052,-1.05%,"280,341"
SEATW,Vivid Seats Inc. Warrant,$0.022,UNCH,--,"257,667"
NCPLW,Netcapital Inc. Warrants,$0.0328,0.0018,5.806%,"257,411"
DFLIW,Dragonfly Energy Holdings Corp. Warrant,$0.0169,0.0001,0.595%,"253,142"
AIXI,XIAO-I Corporation American Depositary Shares,$1.90,-0.14,-6.863%,"249,875"
CDTTW,CDT Equity Inc. Warrant,$0.0128,0.0029,29.293%,"246,633"
SWVLW,Swvl Holdings Corp Warrant,$0.0076,-0.0013,-14.607%,"227,998"
BENFW,Beneficient Warrant,$0.0139,0.0056,67.47%,"214,835"
HSCSW,HeartSciences Inc. Warrant,$0.0437,UNCH,--,"209,768"
NVNIW,Nvni Group Limited Warrants,$0.0173,0.001,6.135%,"202,274"
PRENW,Prenetics Global Limited Warrant,$0.0106,-0.0005,-4.505%,"179,540"
FGIWW,FGI Industries Ltd. Warrant,$0.0893,UNCH,--,"172,463"
DFNSW,T3 Defense Inc. Warrants,$0.0604,-0.0002,-0.33%,"171,554"
SHFSW,"SHF Holdings, Inc. Warrants",$0.013,0.0017,15.044%,"160,328"
CYCUW,"Cycurion, Inc. Warrant",$0.048,-0.002,-4.00%,"155,042"
LNZAW,"LanzaTech Global, Inc. Warrant",$0.0102,-0.0041,-28.671%,"133,509"
ZOOZW,ZOOZ Strategy Ltd. Warrant,$0.0166,-0.0055,-24.887%,"132,959"
NRSNW,NeuroSense Therapeutics Ltd. Warrant,$0.0699,0.0256,57.788%,"132,593"
PBMWW,Psyence Biomedical Ltd. Warrant,$0.0342,0.0054,18.75%,"130,450"
NXGLW,"NexGel, Inc Warrant",$0.013,UNCH,--,"126,720"
CTNT,Cheetah Net Supply Chain Service Inc Class A Common Stock,$0.0384,-0.0058,-13.122%,"121,321"
VEEAW,Veea Inc. Warrant,$0.0357,0.0102,40.00%,"111,052"
DFSCW,DEFSEC Technologies Inc. Warrant,$0.0155,UNCH,--,"101,821"
AERTW,"Aeries Technology, Inc. Warrant",$0.0183,0.002,12.27%,"96,036"
VWAVW,"VisionWave Holdings, Inc. Warrant",$0.0404,-0.0002,-0.493%,"95,900"
KITTW,"Nauticus Robotics, Inc. Warrant",$0.0128,0.0005,4.065%,"95,641"
SXTPW,"60 Degrees Pharmaceuticals, Inc. Warrant",$0.027,-0.008,-22.857%,"94,959"
GGROW,Gogoro Inc. Warrant,$0.0045,0.0002,4.651%,"92,770"
EUDAW,EUDA Health Holdings Limited Warrant,$0.0299,UNCH,--,"89,530"
AMODW,"Alpha Modus Holdings, Inc. Warrant",$0.0179,-0.0005,-2.717%,"89,254"
CINGW,Cingulate Inc. Warrants,$0.006,-0.0007,-10.448%,"87,251"
LIMNW,"Liminatus Pharma, Inc. Warrants",$0.0599,0.0162,37.071%,"80,458"
ACONW,"Aclarion, Inc. Warrant",$0.0279,-0.0017,-5.743%,"80,418"
DSYWW,Big Tree Cloud Holdings Limited Warrants,$0.0155,0.0013,9.155%,"73,654"
ICUCW,SeaStar Medical Holding Corporation Warrant,$0.0164,UNCH,--,"72,272"
ANGHW,Anghami Inc. Warrants,$0.0076,-0.0013,-14.607%,"68,893"
SWAGW,"Stran & Company, Inc. Warrant",$0.0035,0.0003,9.375%,"65,239"
EDBLW,Edible Garden AG Incorporated Warrant,$0.0314,0.0034,12.143%,"61,277"
SAIHW,SAIHEAT Limited Warrant,$0.0297,-0.0001,-0.336%,"53,768"
NIVFW,NewGenIvf Group Limited Warrants,$0.0193,0.0103,114.444%,"46,656"
PIIIW,P3 Health Partners Inc. Warrant,$0.0062,-0.0011,-15.068%,"45,018"
MSAIW,"MultiSensor AI Holdings, Inc. Warrant",$0.02,0.0053,36.054%,"44,113"
SLXNW,Silexion Therapeutics Corp Warrant,$0.0076,UNCH,--,"43,745"
JSPRW,"Japer Therapeutics, Inc. Warrants",$0.0013,-0.0017,-56.667%,"43,257"
PDYNW,Palladyne AI Corp Warrants,$0.0008,-0.0004,-33.333%,"39,471"
ONFOW,Onfolio Holdings Inc. Warrant,$0.0156,0.0029,22.835%,"38,988"
CCGWW,Cheche Group Inc. Warrant,$0.015,0.0004,2.74%,"37,581"
NXATW,Nexus Advanced Technologies Inc. Warrant,$0.0136,-0.0027,-16.564%,"36,859"
REVBW,"Revelation Biosciences, Inc. Warrant",$0.009,UNCH,--,"35,851"
KLXER,"KLX Energy Services Holdings, Inc.  Rights ",$0.0016,-0.0006,-27.273%,"34,286"
APLMW,Apollomics Inc. Warrant,$0.0116,UNCH,--,"33,594"
RVSNW,Rail Vision Ltd. Warrant,$0.015,UNCH,--,"32,883"
CDIOW,Cardio Diagnostics Holdings Inc. Warrant,$0.01,-0.0003,-2.913%,"29,595"
HUBCZ,Hub Cyber Security Ltd. Warrant ,$0.016,UNCH,--,"21,393"
SMXWW,SMX (Security Matters) Public Limited Company Warrant,$0.016,-0.001,-5.882%,"17,418"
SQFTW,"Presidio Property Trust, Inc. Series A Common Stock Purchase Warrants",$0.012,UNCH,--,"17,213"
DAICW,"CID HoldCo, Inc. Warrants",$0.0075,0.0005,7.143%,"14,720"
MLECW,Moolec Science SA Warrant,$0.0173,0.004,30.075%,"12,562"
HUBCW,Hub Cyber Security Ltd. Warrant 2/27/28,$0.0093,0.0001,1.087%,"12,435"
LTRYW,Sports Entertainment Gaming Global Corporation Warrants,$0.0033,0.0001,3.125%,"10,756"
KIDZW,KIDZ AI Inc. Warrants,$0.0087,-0.0012,-12.121%,"7,488"
TNONW,"Tenon Medical, Inc. Warrant",$0.0056,-0.001,-15.152%,"5,782"
AACI,Armada Acquisition Corp. III Class A Ordinary Share,$10.04,UNCH,--,NA
AACIU,Armada Acquisition Corp. III Units,$10.14,UNCH,--,NA
AACIW,Armada Acquisition Corp. III Warrant,$0.2281,-0.0073,-3.101%,NA
AACO,Abony Acquisition Corp. I Class A Ordinary Share,$10.00,0.01,0.10%,NA
AACOW,Abony Acquisition Corp. I Warrants,$0.435,UNCH,--,NA
AACP,Apogee Acquisition Corp Class A Ordinary Shares,$10.10,0.02,0.198%,NA
AACPR,Apogee Acquisition Corp Rights,$0.1761,-0.0139,-7.316%,NA
AACPW,Apogee Acquisition Corp Warrant,$0.07,UNCH,--,NA
ABR^D,"Arbor Realty Trust 6.375% Series D Cumulative Redeemable Preferred Stock, Liquidation Preference $25.00 per Share",$15.27,-0.11,-0.715%,NA
ABR^E,Arbor Realty Trust 6.25% Series E Cumulative Redeemable Preferred Stock,$15.13,-0.04,-0.264%,NA
ABR^F,"Arbor Realty Trust 6.25% Series F Fixed-to-Floating Rate Cumulative Redeemable Preferred Stock, Liquidation Preference $25.00 per share",$21.82,-0.30,-1.356%,NA
ACAA,Averin Capital Acquisition Corp. Class A Ordinary Shares,$9.9801,UNCH,--,NA
ACGC,ACP Holdings Acquisition Corp. Class A Ordinary Shares,$10.06,0.01,0.10%,NA
ACGCW,ACP Holdings Acquisition Corp. Warrants,$0.42,-0.015,-3.448%,NA
ACP,abrdn Income Credit Strategies Fund Common Shares,$4.50,-0.05,-1.099%,NA
ACP^A,abrdn Income Credit Strategies Fund 5.250% Series A Perpetual Preferred Stock,$18.28,-0.10,-0.544%,NA
ACR^C,ACRES Commercial Realty Corp. 8.625% Fixed-to-Floating Series C Cumulative Redeemable Preferred Stock ,$23.885,-0.015,-0.063%,NA
ACR^D,ACRES Commercial Realty Corp. 7.875% Series D Cumulative Redeemable Preferred Stock,$19.25,-0.2399,-1.231%,NA
ADAC,American Drive Acquisition Company Class A Ordinary Shares,$10.12,UNCH,--,NA
ADACW,American Drive Acquisition Company Warrant,$0.37,UNCH,--,NA
ADAMG,"Adamas Trust, Inc. 9.125% Senior Notes Due 2030",$25.00,0.06,0.241%,NA
ADAMH,"Adamas Trust, Inc. 9.875% Senior Notes Due 2030",$25.16,-0.0704,-0.279%,NA
ADAMK,"Adamas Trust, Inc. 9.600% Senior Notes Due 2031 ",$25.082,-0.018,-0.072%,NA
ADAMO,"Adamas Trust, Inc. 9.250% Senior Notes Due 2031",$24.86,-0.0999,-0.40%,NA
ADC^A,"Agree Realty Corporation Depositary Shares, each representing 1/1,000th of a 4.250% Series A Cumulative Redeemable Preferred Stock",$15.76,-0.29,-1.807%,NA
ADX,Adams Diversified Equity Fund Inc.,$25.92,-0.24,-0.917%,NA
AEAQ,Activate Energy Acquisition Corp. Class A Ordinary Share,$10.08,UNCH,--,NA
AEAQU,Activate Energy Acquisition Corp. Unit,$10.19,UNCH,--,NA
AEFC,Aegon Funding Company LLC 5.10% Subordinated Notes due 2049,$18.04,-0.03,-0.166%,NA
AESP,Aeon Acquisition I Corp. Class A Ordinary Shares,$9.97,UNCH,--,NA
AEXA,American Exceptionalism Acquisition Corp. A Class A Ordinary Shares,$11.20,-0.05,-0.444%,NA
AFB,AllianceBernstein National Municipal Income Fund Inc,$9.87,-0.16,-1.595%,NA
AFJK,"Aimei Health Technology Co., Ltd Ordinary Share",$12.14,0.12,0.998%,NA
AFJKR,"Aimei Health Technology Co., Ltd Right",$0.09,-0.04,-30.769%,NA
AGD,abrdn Global Dynamic Dividend Fund Common Shares of Beneficial Interest,$11.84,-0.11,-0.921%,NA
AGM^D,"Federal Agricultural Mortgage Corporation 5.700% Non-Cumulative Preferred Stock, Series D",$20.4199,-0.3501,-1.686%,NA
AGM^E,"Federal Agricultural Mortgage Corporation 5.750% Non-Cumulative Preferred Stock, Series E",$20.20,-0.1388,-0.682%,NA
AGM^F,"Federal Agricultural Mortgage Corporation 5.250% Non-Cumulative Preferred Stock, Series F",$18.37,-0.035,-0.19%,NA
AGM^G,"Federal Agricultural Mortgage Corporation 4.875% Non-Cumulative Preferred Stock, Series G",$16.94,-0.11,-0.645%,NA
AGM^H,"Federal Agricultural Mortgage Corporation 6.500% Non-Cumulative Preferred Stock, Series H",$22.12,-0.67,-2.94%,NA
AGM^I,"Federal Agricultural Mortgage Corporation 6.875% Non-Cumulative Preferred Stock, Series I",$24.37,-0.3646,-1.474%,NA
AHL^D,Aspen Insurance Holdings Limited 5.625% Perpetual Non-Cumulative Preference Shares,$17.85,-0.13,-0.723%,NA
AHL^E,"Aspen Insurance Holdings Limited Depositary Shares, each representing a 1/1000th interest in a share of 5.625% Perpetual Non-Cumulative Preference Shares",$17.58,-0.22,-1.236%,NA
AHL^F,"Aspen Insurance Holdings Limited Depositary Shares, each representing a 1/1,000th Interest in a 7.00% Perpetual Non-Cumulative Preference Share",$22.70,-0.13,-0.569%,NA
AHRT^A,"AH Realty Trust, Inc. 6.75% Series A Cumulative Redeemable Perpetual Preferred Stock",$20.8601,-0.5999,-2.795%,NA
AHT^D,Ashford Hospitality Trust Inc 8.45% Series D Cumulative Preferred Stock,$5.40,UNCH,--,NA
AHT^F,Ashford Hospitality Trust Inc 7.375% Series F Cumulative Preferred Stock,$5.25,UNCH,--,NA
AHT^G,Ashford Hospitality Trust Inc 7.375% Series G Cumulative Preferred Stock,$4.63,UNCH,--,NA
AHT^H,Ashford Hospitality Trust Inc 7.50% Series H Cumulative Preferred Stock,$4.62,UNCH,--,NA
AHT^I,Ashford Hospitality Trust Inc 7.50% Series I Cumulative Preferred Stock,$4.67,UNCH,--,NA
AIIA,AI Infrastructure Acquisition Corp. Class A Ordinary Shares,$10.28,0.02,0.195%,NA
AKO/A,Embotelladora Andina S.A.,$23.21,UNCH,--,NA
AKO/B,Embotelladora Andina S.A.,$30.60,-0.82,-2.61%,NA
ALB^A,Albemarle Corporation Depositary Shares each representing a 1/20th of 7.25% Series A Mandatory Convertible Preferred Stock,$47.37,-1.46,-2.99%,NA
ALDF,Aldel Financial II Inc. Class A Ordinary Shares,$10.82,-0.01,-0.092%,NA
ALDFU,Aldel Financial II Inc. Units,$10.90,UNCH,--,NA
ALF,Centurion Acquisition Corp. Class A Ordinary Shares,$10.92,UNCH,--,NA
ALFUW,Centurion Acquisition Corp. Warrant,$0.27,0.07,35.00%,NA
ALIS,Calisa Acquisition Corp Ordinary shares,$10.34,UNCH,--,NA
ALISR,Calisa Acquisition Corp Right,$0.80,UNCH,--,NA
ALL^B,Allstate Corporation (The) 5.100% Fixed-to-Floating Rate Subordinated Debentures due 2053,$25.80,-0.08,-0.309%,NA
ALL^H,"Allstate Corporation (The) Depositary Shares each representing a 1/1,000th interest in a share of Fixed Rate Noncumulative Perpetual Preferred Stock, Series H",$18.46,-0.18,-0.966%,NA
ALL^I,"Allstate Corporation (The) Depositary Shares each representing a 1/1,000th interest in a share of Fixed Rate Noncumulative Perpetual Preferred Stock, Series I",$17.30,-0.24,-1.368%,NA
ALL^J,"Allstate Corporation (The) Depositary Shares each representing a 1/1,000th interest in a share of Fixed Rate Noncumulative Perpetual Preferred Stock, Series J",$26.12,-0.03,-0.115%,NA
ALOV,"Aldabra 4 Liquidity Opportunity Vehicle, Inc. Class A Ordinary Shares",$10.04,UNCH,--,NA
ALOVW,"Aldabra 4 Liquidity Opportunity Vehicle, Inc. Warrants",$0.3684,UNCH,--,NA
ALPX,Alpex Acquisition Corporation Class A Ordinary Shares,$9.95,UNCH,--,NA
ALPXR,Alpex Acquisition Corporation Rights,$0.18,UNCH,--,NA
ALPXW,Alpex Acquisition Corporation Warrants,$0.06,UNCH,--,NA
ALTG^A,Alta Equipment Group Inc. Depositary Shares (each representing 1/1000th in a share of 10% Series A Cumulative Perpetual Preferred Stock),$25.6618,-0.2833,-1.092%,NA
ALUB,Alussa Energy Acquisition Corp. II Class A Ordinary Shares,$10.12,UNCH,--,NA
AMAC,AMR Resources Acquisition Corp Class A Ordinary Shares,$9.80,0.01,0.102%,NA
AMACU,AMR Resources Acquisition Corp Units,$9.92,UNCH,--,NA
AMACW,AMR Resources Acquisition Corp Warrants,$0.26,0.0262,11.206%,NA
AMAN,Amanat Acquisition Corp Class A Ordinary Shares,$10.68,-0.04,-0.373%,NA
AMH^G,American Homes 4 Rent Series G cumulative redeemable perpetual preferred shares of beneficial interest,$21.1519,-0.1731,-0.812%,NA
AMH^H,American Homes 4 Rent Series H cumulative redeemable perpetual Preferred Shares of Beneficial Interest,$22.17,0.05,0.226%,NA
ANG^D,"American National Group Inc. Depositary Shares, each representing a 1/1000th interest in a share of 7.375% Fixed-Rate Non-Cumulative Preferred Stock, Series D",$23.89,0.11,0.463%,NA
AOD,abrdn Total Dynamic Dividend Fund Common Shares of Beneficial Interest,$10.35,-0.13,-1.24%,NA
AOMD,"Angel Oak Mortgage REIT, Inc. 9.750% Senior Notes due 2030",$25.175,-0.12,-0.474%,NA
AOMN,"Angel Oak Mortgage REIT, Inc. 9.500% Senior Notes due 2029",$25.36,UNCH,--,NA
APAC,StoneBridge Acquisition II Corporation Class A Ordinary Shares,$10.26,UNCH,--,NA
APACR,StoneBridge Acquisition II Corporation Rights,$0.115,UNCH,--,NA
APMC,AmperCap Acquisition Company Ordinary Shares,$9.96,UNCH,--,NA
APUR,Aperture AC Class A Ordinary Shares,$10.03,0.01,0.10%,NA
APURR,Aperture AC Rights,$0.3141,-0.0235,-6.961%,NA
APXT,Apex Treasury Corporation Class A Ordinary Share,$10.13,UNCH,--,NA
APXTU,Apex Treasury Corporation Units,$10.30,UNCH,--,NA
APXTW,Apex Treasury Corporation Warrants,$0.2901,UNCH,--,NA
ARCI,Archimedes Tech SPAC Partners III Co. Ordinary Share,$10.10,UNCH,--,NA
ARCL,ARC Group Acquisition I Corp Class A Ordinary Shares,$9.99,UNCH,--,NA
ARCLR,ARC Group Acquisition I Corp Right,$0.1516,-0.008,-5.013%,NA
ARCLU,ARC Group Acquisition I Corp Unit,$10.22,UNCH,--,NA
ARES^B,Ares Management Corporation 6.75% Series B Mandatory Convertible Preferred Stock,$39.38,-0.93,-2.307%,NA
ARR^C,"ARMOUR Residential REIT, Inc. 7% Series C Cumulative Redeemable Preferred Stock (liquidation preference $25.00 per share)",$20.07,0.0301,0.15%,NA
ARTC,Art Technology Acquisition Corp. Class A Ordinary Shares,$9.972,UNCH,--,NA
ASB^E,"Associated Banc-Corp Depositary Shares, each representing a 1/40th interest in a share of 5.875% Non-Cumulative Perpetual Preferred Stock, Series E",$19.275,-0.025,-0.13%,NA
ASB^F,"Associated Banc-Corp Depositary Shares, each representing a 1/40th interest in a share of Associated Banc-Corp 5.625% Non-Cumulative Perpetual Preferred Stock, Series F",$18.76,0.01,0.053%,NA
ASG,"Liberty All-Star Growth Fund, Inc.",$5.07,-0.03,-0.588%,NA
ASGI,abrdn Global Infrastructure Income Fund Common Shares of Beneficial Interest,$19.31,-0.39,-1.98%,NA
ASPC,A SPAC III Acquisition Corp. Class A Ordinary Shares,$10.8101,-0.0099,-0.091%,NA
ASPCR,A SPAC III Acquisition Corp. Right,$0.0998,-0.0002,-0.20%,NA
ATH^A,"Athene Holding Ltd. Depositary Shares, Each Representing a 1/1,000th Interest in a 6.35% Fixed-to-Floating Rate Perpetual Non-Cumulative Preference Share, Series A",$23.80,-0.05,-0.21%,NA
ATH^B,"Athene Holding Ltd. Depositary Shares, Each Representing a 1/1,000th Interest in a 5.625% Fixed Rate Perpetual Non- Cumulative Preference Share, Series B, par value $1.00 per share",$17.6199,-0.2001,-1.123%,NA
ATH^D,"Athene Holding Ltd. Depositary Shares, Each Representing a 1/1,000th Interest in a 4.875% Fixed-Rate Perpetual Non-Cumulative Preference Share, Series D",$15.34,-0.14,-0.904%,NA
ATH^E,"Athene Holding Ltd. Depositary Shares, Each Representing a 1/1,000th Interest in a 7.750% Fixed-Rate Reset Perpetual Non-Cumulative Preference Share, Series E",$24.95,-0.04,-0.16%,NA
ATII,Archimedes Tech SPAC Partners II Co. Ordinary Shares,$10.68,-0.02,-0.187%,NA
ATIIU,Archimedes Tech SPAC Partners II Co. Unit,$11.30,-0.0001,-0.001%,NA
ATIIW,Archimedes Tech SPAC Partners II Co. Warrant,$1.345,-0.105,-7.241%,NA
ATLQ,JAB Acquisition Corp I Class A Ordinary Shares,$9.96,UNCH,--,NA
ATLQR,JAB Acquisition Corp I Rights,$0.14,0.009,6.87%,NA
ATLQW,JAB Acquisition Corp I Warrants,$0.0499,0.0098,24.439%,NA
AUB^A,"Atlantic Union Bankshares Corporation Depositary Shares each representing a 1/400th ownership interest in a share of 6.875% Perpetual Non-Cumulative Preferred Stock, Series A",$23.64,-0.26,-1.088%,NA
AVK,Advent Convertible and Income Fund,$11.85,-0.26,-2.147%,NA
AWF,Alliancebernstein Global High Income Fund,$9.79,-0.10,-1.011%,NA
AWP,abrdn Global Premier Properties Fund Common Shares of Beneficial Interest,$10.69,-0.19,-1.746%,NA
AXIN,Axiom Intelligence Acquisition Corp 1 Class A Ordinary Shares,$10.35,0.02,0.194%,NA
AXINR,Axiom Intelligence Acquisition Corp 1 Right,$0.1873,-0.0027,-1.421%,NA
AXINU,Axiom Intelligence Acquisition Corp 1 Units,$10.53,-0.215,-2.001%,NA
AXS^E,"Axis Capital Holdings Limited Depositary Shares, each representing 1/100th interest in a share of a 5.50% Series E Preferred Shares",$17.86,0.01,0.056%,NA
BA^A,"Boeing Company (The) Depositary Shares, each representing a 1/20th interest in a share of 6.00% Series A Mandatory Convertible Preferred Stock, par value $1.00",$61.73,-0.19,-0.307%,NA
BAC^B,"Bank of America Corporation Depositary Shares, each representing a 1/1,000th interest in a share of 6.000% Non-Cumulative Preferred Stock, Series GG",$22.91,-0.145,-0.629%,NA
BAC^E,Bank of America Corporation Depositary Sh repstg 1/1000th Perp Pfd Ser E,$18.61,-0.12,-0.641%,NA
BAC^K,"Bank of America Corporation Depositary Shares, each representing a 1/1,000th interest in a share of 5.875% Non- Cumulative Preferred Stock, Series HH",$22.43,-0.25,-1.102%,NA
BAC^L,Bank of America Corporation Non Cumulative Perpetual Conv Pfd Ser L,"$1,230.02",-6.38,-0.516%,NA
BAC^M,"Bank of America Corporation Depositary Shares, each representing a 1/1,000th interest in a share of 5.375% Non-Cumulative Preferred Stock, Series KK",$19.75,-0.11,-0.554%,NA
BAC^N,"Bank of America Corporation Depositary shares, each representing 1/1,000th interest in a share of 5.000% Non-Cumulative Preferred Stock, Series LL",$18.5086,-0.1014,-0.545%,NA
BAC^O,"Bank of America Corporation Depositary shares, each representing 1/1,000th interest in a share of 4.375% Non-Cumulative Preferred Stock, Series NN",$16.34,-0.09,-0.548%,NA
BAC^P,"Bank of America Corporation Depositary Shares, each representing a 1/1,000th interest in a share of 4.125% Non-Cumulative Preferred Stock, Series PP",$15.63,-0.12,-0.762%,NA
BAC^Q,"Bank of America Corporation Depositary shares, each representing 1/1,000th interest in a share of 4.250% Non-Cumulative Preferred Stock, Series QQ",$15.86,-0.22,-1.368%,NA
BAC^S,"Bank of America Corporation Depositary shares, each representing 1/1,000th interest in a share of 4.750% Non-Cumulative Preferred Stock, Series SS",$17.79,-0.14,-0.781%,NA
BACC,Blue Acquisition Corp. Class A Ordinary Shares,$10.50,UNCH,--,NA
BANC^F,"Banc of California, Inc. Depositary Shares, each representing a 1/40th interest in a share of 7.75% non-cumulative perpetual preferred stock, Series F",$24.85,-0.10,-0.401%,NA
BBN,BlackRock Taxable Municipal Bond Trust Common Shares of Beneficial Interest,$14.65,-0.34,-2.268%,NA
BC^C,Brunswick Corporation 6.375% Notes due 2049,$23.75,-0.0728,-0.306%,NA
BCCQ,Bleichroeder Acquisition Corp. III Class A Ordinary Shares,$9.995,0.015,0.15%,NA
BCCQU,Bleichroeder Acquisition Corp. III Units,$10.25,UNCH,--,NA
BCSS,Bain Capital GSS Investment Corp. Class A Ordinary Shares,$10.31,-0.03,-0.29%,NA
BCV,"Bancroft Fund, Ltd.",$24.1499,-0.2001,-0.822%,NA
BCV^A,Bancroft Fund Limited 5.375% Series A Cumulative Preferred Shares,$19.30,0.11,0.573%,NA
BDCI,BTC Development Corp. Class A Ordinary Shares,$10.15,-0.005,-0.049%,NA
BDCIW,BTC Development Corp. Warrant,$0.39,-0.0351,-8.257%,NA
BEAG,Bold Eagle Acquisition Corp. Class A Ordinary Shares,$10.72,-0.1001,-0.925%,NA
BEAGR,Bold Eagle Acquisition Corp. Right,$0.24,0.04,20.00%,NA
BEP^A,"Brookfield Renewable Partners L.P. 5.25% Class A Preferred Limited Partnership Units, Series 17",$16.49,-0.01,-0.061%,NA
BF/A,Brown Forman Corporation,$26.62,-0.32,-1.188%,NA
BF/B,Brown Forman Corporation,$26.29,-0.27,-1.017%,NA
BFH^A,"Bread Financial Holdings, Inc. Depositary Shares, each representing a 1/40th interest in a share of 8.625% Non-Cumulative Perpetual Preferred Stock, Series A",$24.33,-0.099,-0.405%,NA
BFH^B,"Bread Financial Holdings, Inc. Depositary Shares, each representing a 1/40th interest in a share of 8.875% Fixed Rate Reset Non-Cumulative Perpetual Preferred Stock, Series B",$24.69,-0.08,-0.323%,NA
BFS^D,"Saul Centers, Inc. Depositary Shares, each representing 1/100th of a share of 6.125% Series D Cumulative Redeemable Preferred Stock",$19.74,-0.51,-2.519%,NA
BFS^E,"Saul Centers, Inc. Depositary shares, each representing a 1/100th fractional interest in a share of 6.000% Series E Cumulative Redeemable Preferred Stock",$19.23,-0.96,-4.755%,NA
BGB,Blackstone Strategic Credit 2027 Term Fund Common Shares of Beneficial Interest,$11.22,-0.10,-0.883%,NA
BGH,Barings Global Short Duration High Yield Fund Common Shares of Beneficial Interests,$13.44,-0.10,-0.739%,NA
BGT,BlackRock Floating Rate Income Trust,$10.64,-0.11,-1.023%,NA
BGX,Blackstone Long Short Credit Income Fund Common Shares,$10.52,-0.19,-1.774%,NA
BGY,Blackrock Enhanced International Dividend Trust,$5.76,-0.09,-1.538%,NA
BHAV,BHAV Acquisition Corp Class A Ordinary Shares,$10.03,0.01,0.10%,NA
BHAVR,BHAV Acquisition Corp Rights,$0.1514,0.0013,0.866%,NA
BHK,Blackrock Core Bond Trust,$8.32,-0.17,-2.002%,NA
BHR^B,"Braemar Hotels & Resorts Inc. 5.50% Series B Cumulative Convertible Preferred Stock, par value $0.01 per share",$13.17,-0.23,-1.716%,NA
BHR^D,"Braemar Hotels & Resorts Inc. 8.25% Series D Cumulative Preferred Stock,  par value $0.01 per share",$17.17,-0.17,-0.98%,NA
BHV,BlackRock Virginia Municipal Bond Trust,$12.6168,-0.0503,-0.397%,NA
BID,Tribeca Strategic Acquisition Corp. Class A Ordinary Shares,$9.925,0.025,0.253%,NA
BIII,Black Spade Acquisition III Co Class A Ordinary Shares,$10.05,UNCH,--,NA
BIO/B,"Bio-Rad Laboratories, Inc.",$365.08,UNCH,--,NA
BIP^A,"Brookfield Infrastructure Partners LP 5.125% Class A Preferred Limited Partnership Units, Series 13",$16.6023,-0.0527,-0.316%,NA
BIP^B,"Brookfield Infrastructure Partners LP 5.000% Class A Preferred Limited Partnership Units, Series 14",$16.3401,0.0666,0.409%,NA
BIT,BlackRock Multi-Sector Income Trust Common Shares of Beneficial Interest,$11.27,-0.26,-2.255%,NA
BIXI,Bitcoin Infrastructure Acquisition Corp Ltd. Class A Ordinary Shares,$10.15,UNCH,--,NA
BIXIW,Bitcoin Infrastructure Acquisition Corp Ltd. Warrant,$0.3801,0.08,26.658%,NA
BKHA,Black Hawk Acquisition Corporation Class A Ordinary Shares,$12.10,UNCH,--,NA
BLRK,Bluerock Acquisition Corp. Class A Ordinary Shares,$10.12,0.01,0.099%,NA
BLRKW,Bluerock Acquisition Corp. Warrants,$0.2321,UNCH,--,NA
BLZR,Trailblazer Acquisition Corp. Class A Ordinary Shares,$10.22,0.01,0.098%,NA
BLZRU,Trailblazer Acquisition Corp. Unit,$10.31,0.02,0.194%,NA
BLZRW,Trailblazer Acquisition Corp. Warrant,$0.3199,-0.0001,-0.031%,NA
BML^G,"Bank of America Corporation Depositary Shares (Each representing a 1/1200th interest in a share of Floating Rate Non-Cumulative Preferred Stock , Series 1)",$18.41,0.01,0.054%,NA
BML^H,"Bank of America Corporation Depositary Shares (Each representing a 1/1200th interest in a Share of Floating Rate Non-Cumulative Preferred Stock, Series 2)",$18.46,0.035,0.19%,NA
BML^J,"Bank of America Corporation Depositary Shares (Each representing a 1/1200th interest in a Share of Floating Rate Non-Cumulative Preferred Stock, Series 4)",$19.53,UNCH,--,NA
BML^L,"Bank of America Corporation Depositary Shares (Each representing a 1/1200th Interest in a Share of Floating Rate Non-Cumulative Preferred Stock, Series 5)",$19.50,-0.08,-0.409%,NA
BMN,BlackRock 2037 Municipal Target Term Trust Common Shares of Beneficial Interest,$24.07,0.06,0.25%,NA
BNY^K,"The Bank Of New York Mellon Corporation  Depositary Shares, each representing a 1/4,000th interest in a share of Series K Noncumulative Perpetual Preferred Stock",$24.26,-0.31,-1.262%,NA
BOE,Blackrock Enhanced Global Dividend Trust Common Shares of Beneficial Interest,$12.16,-0.13,-1.058%,NA
BOH^A,"Bank of Hawaii Corporation Depositary Shares Each Representing a 1/40th Interest in a Share of 4.375% Fixed Rate Non-Cumulative Perpetual Preferred Stock, Series A",$15.40,-0.10,-0.645%,NA
BOH^B,"Bank of Hawaii Corporation Depositary Shares, Each Representing a 1/40th Interest in a Share of 8.000% Fixed Rate Non-Cumulative Perpetual Preferred Stock, Series B",$25.65,-0.17,-0.658%,NA
BOT,"RoboStrategy, Inc. Common Stock",$28.385,0.105,0.371%,NA
BPAC,Blueport Acquisition Ltd Class A Ordinary Shares,$10.19,UNCH,--,NA
BPACR,Blueport Acquisition Ltd Rights,$0.14,0.0101,7.775%,NA
BPRE,Bluerock Private Real Estate Fund Common Shares of Beneficial Interest,$12.37,0.20,1.643%,NA
BREZ,Breeze Acquisition Corp. II Ordinary Shares,$10.02,UNCH,--,NA
BREZR,Breeze Acquisition Corp. II Right,$0.28,UNCH,--,NA
BRKH,Burtech Acquisition Corp II Class A Ordinary Shares,$10.03,0.02,0.20%,NA
BRKHU,Burtech Acquisition Corp II Unit,$10.09,UNCH,--,NA
BRKHW,Burtech Acquisition Corp II Warrants,$0.14,UNCH,--,NA
BRTM,B&R Technology Merger Corp. Class A Ordinary Shares,$9.83,0.01,0.102%,NA
BRTMU,B&R Technology Merger Corp. Units,$9.9401,-0.0099,-0.099%,NA
BRTMW,B&R Technology Merger Corp. Warrants,$0.2999,-0.0001,-0.033%,NA
BRW,Saba Capital Income & Opportunities Fund SBI,$6.13,-0.03,-0.487%,NA
BSAA,BEST SPAC I Acquisition Corp. Class A Ordinary Shares,$11.30,UNCH,--,NA
BSL,Blackstone Senior Floating Rate 2027 Term Fund Common Shares of Beneficial Interest,$12.95,-0.09,-0.69%,NA
BTO,John Hancock Financial Opportunities Fund Common Stock,$36.68,-0.34,-0.918%,NA
BTT,BlackRock Municipal 2030 Target Term Trust,$21.78,-0.37,-1.67%,NA
BUI,"BlackRock Utility, Infrastructure & Power Opportunities Trust",$25.25,-0.32,-1.251%,NA
BW^A,"Babcock & Wilcox Enterprises, Inc. 7.75% Series A Cumulative Perpetual Preferred Stock",$20.93,-0.96,-4.386%,NA
BWG,BrandywineGLOBAL Global Income Opportunities Fund Inc.,$7.10,-0.18,-2.473%,NA
BWIV,Blue Water Acquisition Corp. IV Class A Ordinary Shares,$10.00,0.04,0.402%,NA
BXSL,Blackstone Secured Lending Fund Common Shares of Beneficial Interest,$24.61,-0.11,-0.445%,NA
C^N,Citigroup Capital XIII 7.875% Fixed rate Floating Rate trust Preferred Securities (TruPS),$26.45,-0.03,-0.113%,NA
C^R,"Citigroup Inc. Depositary Shares, Each Representing a 1/1,000th Interest in a Share of 6.250% Noncumulative Preferred Stock, Series II",$23.14,-0.11,-0.473%,NA
CAES,"Cantor Equity Partners VII, Inc. Class A Ordinary Shares",$10.0604,-0.0146,-0.145%,NA
CAF,Morgan Stanley China A Share Fund Inc. Common Stock,$18.70,-0.13,-0.69%,NA
CAII,Collective Acquisition Corp. II Class A Ordinary Shares,$9.99,0.01,0.10%,NA
CAIIU,Collective Acquisition Corp. II Units,$10.05,-0.0389,-0.386%,NA
CAIIW,Collective Acquisition Corp. II Warrants,$0.16,-0.0149,-8.519%,NA
CAPN,Cayson Acquisition Corp Ordinary shares,$11.30,0.13,1.164%,NA
CAPNR,Cayson Acquisition Corp Right,$0.0739,UNCH,--,NA
CAPNU,Cayson Acquisition Corp Unit,$11.35,0.10,0.889%,NA
CAQ,Cambridge Acquisition Corp. Class A Ordinary Shares,$10.00,0.01,0.10%,NA
CAQUW,Cambridge Acquisition Corp. Warrants,$0.3156,0.0156,5.20%,NA
CATL, Catalyst Acquisition Corp. Class A Ordinary Share,$9.85,0.02,0.203%,NA
CATLR,Catalyst Acquisition Corp. Rights,$0.1883,-0.0017,-0.895%,NA
CCAQ,Collective Acquisition Corp. Class A Ordinary Shares,$10.70,UNCH,--,NA
CCAQU,Collective Acquisition Corp. Units,$10.68,UNCH,--,NA
CCAQW,Collective Acquisition Corp. Warrants,$0.20,0.02,11.111%,NA
CCCT,Columbus Circle Capital Corp III Class A Ordinary Shares,$9.84,UNCH,--,NA
CCCTU,Columbus Circle Capital Corp III Units,$10.03,-0.03,-0.298%,NA
CCD,Calamos Dynamic Convertible & Income Fund Common Stock,$23.645,-0.335,-1.397%,NA
CCID,Carlyle Credit Income Fund 7.375% Series D Term Preferred Shares due 2028,$24.80,-0.17,-0.681%,NA
CCIF,Carlyle Credit Income Fund Shares of Beneficial Interest,$2.33,-0.10,-4.115%,NA
CCII,Cohen Circle Acquisition Corp. II Class A Ordinary Shares,$10.31,0.01,0.097%,NA
CCIIW,Cohen Circle Acquisition Corp. II Warrant,$0.68,-0.0086,-1.249%,NA
CCXI,Churchill Capital Corp XI Class A Ordinary Shares,$12.72,-0.42,-3.196%,NA
CCXIU,Churchill Capital Corp XI Units,$13.25,-0.74,-5.289%,NA
CCXIW,Churchill Capital Corp XI Warrants,$6.26,-0.44,-6.567%,NA
CDR^B,"Cedar Realty Trust, Inc. 7.25% Series B Cumulative Redeemable Preferred Stock",$16.50,0.30,1.852%,NA
CDR^C,"Cedar Realty Trust, Inc. 6.50% Series C Cumulative Redeemable Preferred Stock",$15.25,0.0154,0.101%,NA
CEE,"The Central and Eastern Europe Fund, Inc. (The) Common Stock",$19.39,-0.27,-1.373%,NA
CEPF,"Cantor Equity Partners IV, Inc. Class A Ordinary Shares",$10.28,-0.035,-0.339%,NA
CEPO,"Cantor Equity Partners I, Inc. Class A Ordinary Shares",$10.76,-0.03,-0.278%,NA
CEPS,"Cantor Equity Partners VI, Inc. Class A Ordinary Shares",$10.30,UNCH,--,NA
CEPV,"Cantor Equity Partners V, Inc. Class A Ordinary Shares",$10.36,UNCH,--,NA
CFG^E,"Citizens Financial Group, Inc. Depositary Shares Each Representing 1/40th Interest in a Share of 5.000% Fixed-Rate Non-Cumulative Perpetual Preferred Stock, Series E",$17.26,-0.31,-1.764%,NA
CFG^H,"Citizens Financial Group, Inc. Depositary Shares Each Representing a 1/40th Interest in a Share of 7.375% Fixed-Rate Non-Cumulative Perpetual Preferred Stock, Series H",$25.29,-0.35,-1.365%,NA
CFG^I,"Citizens Financial Group, Inc. Depositary Shares, Each Representing a 1/40th Interest in a Share of 6.500% Fixed-Rate Reset Non-Cumulative Perpetual Preferred Stock, Series I",$24.2501,-0.1699,-0.696%,NA
CFND,C1 Fund Inc. Common Stock,$3.17,-0.08,-2.462%,NA
CFR^B,"Cullen/Frost Bankers, Inc. Depositary Shares, each representing a 1/40th ownership interest in a share of 4.450% non-cumulative perpetual preferred stock, Series B",$16.1837,0.0637,0.395%,NA
CFTR^A,"Cantor Fitzgerald Income Trust, Inc. 9.50% Series A Cumulative Redeemable Preferred Stock",$25.52,-0.18,-0.70%,NA
CGCF,Cartesian Growth Corporation IV Class A Ordinary Shares,$9.80,0.02,0.204%,NA
CGCFW,Cartesian Growth Corporation IV Warrants,$0.30,UNCH,--,NA
CGO,Calamos Global Total Return Fund Common Stock,$12.80,-0.195,-1.501%,NA
CHAR,Charlton Aria Acquisition Corporation Class A Ordinary Shares,$11.015,0.055,0.502%,NA
CHEC,Chenghe Acquisition III Co. Class A Ordinary Share,$10.27,UNCH,--,NA
CHECW,Chenghe Acquisition III Co. Warrants,$0.0738,-0.0161,-17.909%,NA
CHI,Calamos Convertible Opportunities and Income Fund Common Stock,$12.05,-0.27,-2.192%,NA
CHMI^A,Cherry Hill Mortgage Investment Corporation 8.20% Series A Cumulative Redeemable Preferred Stock,$21.615,-0.145,-0.666%,NA
CHMI^B,Cherry Hill Mortgage Investment Corporation 8.250% Series B Fixed-to-Floating Rate Cumulative Redeemable Preferred Stock,$23.71,-0.1201,-0.504%,NA
CHPG,ChampionsGate Acquisition Corporation Class A Ordinary Share,$10.45,0.01,0.096%,NA
CHPGR,ChampionsGate Acquisition Corporation Rights,$0.162,0.0519,47.139%,NA
CHW,Calamos Global Dynamic Income Fund Common Stock,$8.32,-0.12,-1.422%,NA
CHY,Calamos Convertible and High Income Fund Common Stock,$12.40,-0.26,-2.054%,NA
CICB,CION Investment Corporation 7.50% Notes due 2029,$24.96,-0.14,-0.558%,NA
CICC,CION Investment Corporation 7.50% Notes due 2031,$24.43,-0.13,-0.529%,NA
CIK,"UBS Asset Management Income Fund, Inc. Common Stock",$2.34,-0.02,-0.847%,NA
CIM^A,Chimera Investment Corporation 8.00% Series A Cumulative Redeemable Preferred Stock,$20.0579,-0.2221,-1.095%,NA
CIM^B,Chimera Investment Corporation 8.00% Series B Fixed-to-Floating Rate Cumulative Redeemable Preferred Stock,$23.61,-0.08,-0.338%,NA
CIM^C,Chimera Investment Corporation 7.75% Series C Fixed-to-Floating Rate  Cumulative Redeemable  Preferred Stock,$22.145,-0.225,-1.006%,NA
CIM^D,Chimera Investment Corporation 8.00% Series D Fixed-to-Floating Rate Cumulative Redeemable Preferred Stock,$23.40,-0.14,-0.595%,NA
CIMO,Chimera Investment Corporation 9.250% Senior Notes due 2029,$25.32,-0.05,-0.197%,NA
CIMP,Chimera Investment Corporation 8.875% Senior Notes due 2030,$24.95,-0.15,-0.598%,NA
CLBR,Colombier Acquisition Corp. III Class A Ordinary Shares,$10.215,-0.01,-0.098%,NA
CLDT^A,Chatham Lodging Trust (REIT) 6.625% Series A Cumulative Redeemable Preferred Shares of Beneficial Interest,$20.0801,-0.0514,-0.255%,NA
CLM,"Cornerstone Strategic Investment Fund, Inc. Common Shares",$6.37,0.01,0.157%,NA
CMRE^B,Costamare Inc. Perpetual Preferred Stock Series B (Marshall Islands),$25.40,UNCH,--,NA
CMRE^C,Costamare Inc. Perpetual Preferred Series C (Marshall Islands),$26.66,-0.169,-0.63%,NA
CMRE^D,Costamare Inc. 8.75% Series D Cumulative Redeemable Perpetual Preferred Stock,$26.44,0.0486,0.184%,NA
CMS^B,CMS Energy Corporation Preferred Stock,$75.75,-0.73,-0.954%,NA
CMS^C,"CMS Energy Corporation Depositary Shares, each representing a 1/1,000th interest in a share of 4.200% Cumulative Redeemable Perpetual Preferred Stock, Series C",$16.60,0.13,0.789%,NA
CNO^A,"CNO Financial Group, Inc. 5.125% Subordinated Debentures due 2060",$16.54,-0.02,-0.121%,NA
CODI^A,Compass Diversified Holdings 7.250% Series A Preferred Shares representing beneficial interest in Compass Diversified Holdings,$19.31,-0.19,-0.974%,NA
CODI^B,Compass Diversified Holdings 7.875% Series B Fixed-to-Floating Rate Cumulative Preferred Shares representing beneficial interests in Compass Diversified Holdings,$22.26,-0.01,-0.045%,NA
CODI^C,Compass Diversified Holdings 7.875% Series C Cumulative Preferred Shares,$21.80,-0.11,-0.502%,NA
COF^I,"Capital One Financial Corporation Depositary shares each representing a 1/40th interest in a share of Fixed Rate Non-Cumulative Perpetual Preferred Stock, Series I of the Issuer",$17.19,-0.17,-0.979%,NA
COF^J,"Capital One Financial Corporation Depositary Shares, Each Representing a 1/40th Interest in a Share of Fixed Rate Non- Cumulative Perpetual Preferred Stock, Series J",$16.44,-0.21,-1.261%,NA
COF^K,"Capital One Financial Corporation Depositary Shares, Each Representing a 1/40th Ownership Interest in a Share of Fixed Rate Non-Cumulative Perpetual Preferred Stock, Series K",$15.8701,-0.2099,-1.305%,NA
COF^L,"Capital One Financial Corporation Depositary Shares, Each Representing a 1/40th Interest in a Share of Fixed Rate Non-Cumulative Perpetual Preferred Stock, Series L",$15.1379,-0.0771,-0.507%,NA
COF^N,"Capital One Financial Corporation Depositary Shares, Each Representing a 1/40th Ownership Interest in a Share of Fixed Rate Non-Cumulative Perpetual Preferred Stock, Series N",$14.882,-0.179,-1.189%,NA
COLA,Columbus Acquisition Corp Ordinary Shares,$10.70,-0.04,-0.372%,NA
COLAR,Columbus Acquisition Corp Rights,$0.398,-0.062,-13.478%,NA
COLAU,Columbus Acquisition Corp Unit,$10.80,UNCH,--,NA
COPL,Copley Acquisition Corp Ordinary Shares,$10.555,0.015,0.142%,NA
CRAC,Crown Reserve Acquisition Corp. I Class A Ordinary Shares,$10.23,UNCH,--,NA
CRAN,Crane Harbor Acquisition Corp. II Class A Ordinary Shares,$10.10,UNCH,--,NA
CRANR,Crane Harbor Acquisition Corp. II Rights,$0.17,0.0061,3.722%,NA
CRAQ,Cal Redwood Acquisition Corp. Class A Ordinary Shares,$10.40,0.0199,0.192%,NA
CRBD,Corebridge Financial Inc. 6.375% Junior Subordinated Notes due 2064,$21.16,-0.30,-1.398%,NA
CRD/A,Crawford & Company,$12.38,-0.46,-3.583%,NA
CRD/B,Crawford & Company,$11.81,-0.62,-4.988%,NA
CRF,"Cornerstone Total Return Fund, Inc. (The) Common Stock",$6.10,-0.04,-0.651%,NA
CTA^A,"EIDP, Inc. Preferred Stock $3.50 Series",$51.0001,-0.9599,-1.847%,NA
CTA^B,"EIDP, Inc. Preferred Stock $4.50 Series",$65.78,0.24,0.366%,NA
CTAA,ClearThink 1 Acquisition Corp. Class A Ordinary Shares,$9.95,UNCH,--,NA
CTGG,Qwest Corporation 6.500% Senior Notes due 2051 (denominations of $25),$16.22,-0.08,-0.491%,NA
CTHH,Qwest Corporation 6.750% Senior Notes due 2052 (denominations of $25),$16.79,0.07,0.419%,NA
CTO^A,"CTO Realty Growth, Inc. 6.375% Series A Cumulative Redeemable Preferred Stock",$20.05,-0.0572,-0.284%,NA
CUBWW,Lionheart Holdings Warrant,$0.1799,0.0239,15.321%,NA
CXII,Churchill Capital Corp XII Class A Ordinary Shares,$10.6995,-0.1005,-0.931%,NA
CXIIW,Churchill Capital Corp XII Warrants,$1.69,-0.38,-18.357%,NA
DAAQ,Digital Asset Acquisition Corp. Class A Ordinary shares,$10.45,UNCH,--,NA
DAAQW,Digital Asset Acquisition Corp. Warrant,$0.1401,0.0201,16.75%,NA
DBCA,D. Boral Acquisition I Corp. Class A Ordinary Shares,$10.04,-0.01,-0.10%,NA
DBCAW,D. Boral Acquisition I Corp. Warrants,$0.35,-0.0199,-5.38%,NA
DBL,DoubleLine Opportunistic Credit Fund Common Shares of Beneficial Interest,$13.65,-0.05,-0.365%,NA
DBRG^H,"DigitalBridge Group, Inc. 7.125% Series H ",$14.85,-0.20,-1.329%,NA
DBRG^I,"DigitalBridge Group, Inc. 7.15% Series I ",$15.0001,-0.1149,-0.76%,NA
DBRG^J,"DigitalBridge Group, Inc. 7.125% Series J ",$15.475,-0.095,-0.61%,NA
DCOM^,"Dime Commercial Bancshares, Inc. Preferred Stock, Series A",$16.52,-0.21,-1.255%,NA
DFP,Flaherty & Crumrine Dynamic Preferred and Income Fund Inc. Common Stock,$19.01,-0.54,-2.762%,NA
DGAC,Disciplined Growth Acquisition Corporation Class A Ordinary Shares,$9.9901,-0.0099,-0.099%,NA
DHF,BNY Mellon High Yield Strategies Fund Common Stock,$2.23,-0.04,-1.762%,NA
DHY,UBS Asset Management High Yield Credit Fund Common Stock,$1.63,-0.02,-1.212%,NA
DLNG^A,Dynagas LNG Partners LP 9.00% Series A Cumulative Redeemable Preferred Units,$26.20,-0.0221,-0.084%,NA
DLR^J,"Digital Realty Trust, Inc. 5.250% Series J Cumulative Redeemable Preferred Stock",$18.39,-0.21,-1.129%,NA
DLR^K,"Digital Realty Trust, Inc. 5.850% Series K Cumulative Redeemable Preferred Stock, par value $0.01 per share",$20.65,-0.37,-1.76%,NA
DLR^L,"Digital Realty Trust, Inc. 5.200% Series L Cumulative Redeemable Preferred Stock",$18.33,-0.04,-0.218%,NA
DMA,Destra Multi-Alternative Fund Common Stock,$7.60,-0.07,-0.913%,NA
DMAA,Drugs Made In America Acquisition Corp. Ordinary Shares,$10.85,UNCH,--,NA
DMAAR,Drugs Made In America Acquisition Corp. Rights,$0.1262,-0.0002,-0.158%,NA
DMB,"BNY Mellon Municipal Bond Infrastructure Fund, Inc. Common Stock",$9.76,-0.08,-0.813%,NA
DMII,Drugs Made In America Acquisition II Corp. Ordinary Shares,$10.16,0.005,0.049%,NA
DMIIR,Drugs Made In America Acquisition II Corp. Right,$0.068,0.0019,2.874%,NA
DMIIU,Drugs Made In America Acquisition II Corp. Unit,$10.24,0.0399,0.391%,NA
DMO,Western Asset Mortgage Opportunity Fund Inc. Common Stock,$9.49,-0.26,-2.667%,NA
DNMX,Dynamix Corporation III Class A Ordinary Shares,$10.06,0.005,0.05%,NA
DNMXU,Dynamix Corporation III Unit,$10.14,0.01,0.099%,NA
DNMXW,Dynamix Corporation III Warrants,$0.2001,0.0001,0.05%,NA
DNP,"DNP Select Income Fund, Inc. Common Stock",$9.97,-0.13,-1.287%,NA
DPG,Duff & Phelps Utility and Infrastructure Fund Inc.,$13.00,-0.37,-2.767%,NA
DRDB,Roman DBDR Acquisition Corp. II Ordinary shares,$10.72,0.04,0.375%,NA
DRDBU,Roman DBDR Acquisition Corp. II Unit,$10.72,UNCH,--,NA
DRDBW,Roman DBDR Acquisition Corp. II Warrants,$0.1302,UNCH,--,NA
DSAC,Daedalus Special Acquisition Corp. Class A Ordinary Shares,$10.145,-0.02,-0.197%,NA
DSM,"BNY Mellon Strategic Municipal Bond Fund, Inc. Common Stock",$5.32,-0.09,-1.664%,NA
DSU,"Blackrock Debt Strategies Fund, Inc. Common Stock",$8.95,-0.09,-0.996%,NA
DSX^B,Diana Shipping Inc. Perpetual Preferred Shares Series B (Marshall Islands),$27.2501,UNCH,--,NA
DTK,DTE Energy Company 2025 Series H 6.25% Junior Subordinated Debentures due 2085,$21.39,-0.27,-1.247%,NA
DTSQ,DT Cloud Star Acquisition Corporation Ordinary Shares,$11.50,UNCH,--,NA
DTSQR,DT Cloud Star Acquisition Corporation Right,$0.15,0.0201,15.473%,NA
DUK^A,"Duke Energy Corporation Depositary Shares, each representing a 1/1,000th interest in a share of 5.75% Series A Cumulative Redeemable Perpetual Preferred Stock",$22.09,-0.18,-0.808%,NA
DUKU,Duke Energy Corporation Corporate Units,$48.015,-0.695,-1.427%,NA
DX^C,"Dynex Capital, Inc. 6.900% Series C Fixed-to-Floating Rate Cumulative Redeemable Preferred Stock",$25.79,0.16,0.624%,NA
DXYZ,Destiny Tech100 Inc. Common Stock,$29.73,-0.62,-2.043%,NA
DYNC,Dynamix Corporation Class A Ordinary Shares,$10.92,UNCH,--,NA
DYNCW,Dynamix Corporation Warrant,$0.13,UNCH,--,NA
DYOR,Insight Digital Partners II Class A Ordinary Shares,$10.13,UNCH,--,NA
EAD,Allspring Income Opportunities Fund Common Shares,$6.06,-0.09,-1.463%,NA
ECC^D,Eagle Point Credit Company 6.75% Series D Preferred Stock,$18.10,-0.17,-0.93%,NA
ECCU,Eagle Point Credit Company 7.75% Notes due 2030,$25.11,0.19,0.762%,NA
ECF,Ellsworth Growth and Income Fund Ltd.,$12.35,-0.13,-1.042%,NA
ECF^A,Ellsworth Growth and Income Fund Ltd. 5.25% Series A Cumulative Preferred Shares (Liquidation Preference $25.00 per share),$19.17,-0.27,-1.389%,NA
EDD,"Morgan Stanley Emerging Markets Domestic Debt Fund, Inc. Common Stock",$5.65,-0.14,-2.418%,NA
EDF,Virtus Stone Harbor Emerging Markets Income Fund Common Shares of Beneficial Interest,$5.23,-0.14,-2.607%,NA
EEA,"The European Equity Fund, Inc. Common Stock",$10.58,-0.18,-1.673%,NA
EFC^B,Ellington Financial Inc. 6.250% Series B Fixed-Rate Reset Cumulative Redeemable Preferred Stock,$25.10,-0.05,-0.199%,NA
EFC^C,Ellington Financial Inc. 8.625% Series C Fixed-Rate Reset Cumulative Redeemable Preferred Stock,$25.4099,-0.3401,-1.321%,NA
EFC^D,Ellington Financial Inc. 7.00% Series D Cumulative Perpetual Redeemable Preferred Stock,$23.50,-0.3208,-1.347%,NA
EFR,Eaton Vance Senior Floating-Rate Fund Common Shares of Beneficial Interest,$10.27,-0.11,-1.06%,NA
EGHA,EGH Acquisition Corp. Class A Ordinary Shares,$10.40,UNCH,--,NA
EGHAR,EGH Acquisition Corp. Rights,$0.26,0.0099,3.958%,NA
EHI,Western Asset Global High Income Fund Inc Common Stock,$5.43,-0.15,-2.688%,NA
EIIA,Eagle Point Institutional Income Fund 8.125% Series A Term Preferred Shares Due 2029,$25.03,-0.23,-0.911%,NA
EIM,"Eaton Vance Municipal Bond Fund Common Shares of Beneficial Interest, $.01 par value",$8.90,-0.14,-1.549%,NA
ELLA,Ellington Credit Company 8.50% Notes due 2031,$25.0501,-0.0099,-0.04%,NA
EMD,Western Asset Emerging Markets Debt Fund Inc Common Stock,$9.68,-0.35,-3.49%,NA
EMF,Templeton Emerging Markets Fund Common Stock,$22.52,-0.62,-2.679%,NA
EMIS,Emmis Acquisition Corp. Class A Ordinary Shares,$10.25,0.01,0.098%,NA
EMO,ClearBridge Energy Midstream Opportunity Fund Inc. Common Stock,$52.88,-0.55,-1.029%,NA
EOD,Allspring Global Dividend Opportunity Fund Common Shares of Beneficial Interest,$6.36,-0.15,-2.304%,NA
EOI,Eaton Vance Enhance Equity Income Fund Eaton Vance Enhanced Equity Income Fund Shares of Beneficial Interest,$19.78,-0.17,-0.852%,NA
EOS,Eaton Vance Enhance Equity Income Fund II Common Stock,$21.38,-0.19,-0.881%,NA
EP^C,El Paso Corporation Preferred Stock,$49.61,-0.1519,-0.305%,NA
EPR^C,EPR Properties 5.75% Series C Cumulative Convertible Preferred Shares,$25.28,-0.40,-1.558%,NA
EPR^E,EPR Properties Series E Cumulative Conv Pfd Shs Ser E,$31.58,-0.12,-0.379%,NA
EPR^G,EPR Properties 5.750% Series G Cumulative Redeemable Preferred Shares,$19.845,-0.105,-0.526%,NA
EQH^A,"Equitable Holdings, Inc. Depositary Shares",$17.77,0.04,0.226%,NA
EQH^C,"Equitable Holdings, Inc. Depositary Shares, each representing a 1/1,000th interest in a share of Fixed Rate Noncumulative Perpetual Preferred Stock, Series C",$15.90,-0.04,-0.251%,NA
ERC,Allspring Multi-Sector Income Fund Common Stock,$8.73,-0.09,-1.02%,NA
ERH,Allspring Utilities and High Income Fund Common Shares,$10.50,-0.17,-1.593%,NA
ET^I,Energy Transfer L.P. Series I Fixed Rate Perpetual Preferred Units,$11.375,-0.114,-0.992%,NA
ETG,Eaton Vance Tax-Advantaged Global Dividend Income Fund Common Shares of Beneficial Interest,$23.18,-0.24,-1.025%,NA
ETI^,"Entergy Texas Inc 5.375% Series A Preferred Stock, Cumulative, No Par Value",$21.99,0.11,0.503%,NA
ETJ,Eaton Vance Risk-Managed Diversified Equity Income Fund Common Shares of Beneficial Interest,$8.28,-0.09,-1.075%,NA
ETSS,Energy Transition Special Opportunities Class A Ordinary Shares,$9.92,UNCH,--,NA
ETY,"Eaton Vance Tax-Managed Diversified Equity Income Fund Common Shares of Beneficial Interest,",$14.05,-0.14,-0.987%,NA
EURK,Eureka Acquisition Corp Class A Ordinary Share,$11.50,UNCH,--,NA
EVAC,EQV Ventures Acquisition Corp. II Class A Ordinary Shares,$10.31,0.005,0.049%,NA
EVG,Eaton Vance Short Diversified Income Fund Eaton Vance Short Duration Diversified Income Fund Common Shares of Beneficial Interest,$10.02,-0.15,-1.475%,NA
EVOX,Evolution Global Acquisition Corp Class A Ordinary Shares,$10.12,UNCH,--,NA
EVOXW,Evolution Global Acquisition Corp Warrants,$0.32,-0.0499,-13.49%,NA
EVT,Eaton Vance Tax Advantaged Dividend Income Fund Common Shares of Beneficial Interest,$28.27,-0.14,-0.493%,NA
EVV,Eaton Vance Limited Duration Income Fund Common Shares of Beneficial Interest,$8.48,-0.11,-1.281%,NA
EWAV,East West Ave Acquisition Corp. Common Stock,$9.90,UNCH,--,NA
EWAVR,East West Ave Acquisition Corp. Rights,$0.1201,-0.0099,-7.615%,NA
EWAVU,East West Ave Acquisition Corp. Units,$10.06,UNCH,--,NA
EXG,Eaton Vance Tax-Managed Global Diversified Equity Income Fund Common Shares of Beneficial Interest,$9.56,-0.14,-1.443%,NA
F^B,"Ford Motor Company 6.20% Notes due June 1, 2059",$19.95,-0.10,-0.499%,NA
F^C,"Ford Motor Company 6% Notes due December 1, 2059",$19.35,-0.11,-0.565%,NA
F^D,"Ford Motor Company 6.500% Notes due August 15, 2062",$20.73,-0.145,-0.695%,NA
FACT,FACT II Acquisition Corp. Class A Ordinary Shares,$10.735,UNCH,--,NA
FAX,"abrdn Asia-Pacific Income Fund, Inc. Common Stock",$13.70,-0.23,-1.651%,NA
FBRT^E,"Franklin BSP Realty Trust, Inc. 7.50% Series E Cumulative Redeemable Preferred Stock",$19.61,-0.1701,-0.86%,NA
FCRS,FutureCrest Acquisition Corp. Class A Ordinary Shares,$10.24,-0.005,-0.049%,NA
FDMM,Freedom Metals Acquisition Corp. Class A Ordinary Shares,$9.8401,-0.0099,-0.101%,NA
FERA,Fifth Era Acquisition Corp I Class A Ordinary Shares,$10.52,UNCH,--,NA
FERAR,Fifth Era Acquisition Corp I Rights,$0.24,-0.03,-11.111%,NA
FFA,First Trust Enhanced Equity Income Fund Common Shares of Beneficial Interest,$22.37,-0.38,-1.67%,NA
FFC,Flaherty & Crumrine Preferred and Income Securities Fund Incorporated,$15.21,-0.34,-2.186%,NA
FGII,FG Imperii Acquisition Corp. Class A Ordinary Shares,$10.03,UNCH,--,NA
FGIIW,FG Imperii Acquisition Corp. Warrants,$0.178,UNCH,--,NA
FGSN,"F&G Annuities & Life, Inc. 7.300% Junior Subordinated Notes due 2065",$20.52,-0.05,-0.243%,NA
FHN^E,"First Horizon Corporation Depositary Shares, each representing a 1/4,000th interest in a share of Non-Cumulative Perpetual Preferred Stock, Series E",$23.30,-0.13,-0.555%,NA
FHN^F,"First Horizon Corporation Depositary Shares, each representing 1/4000th Interest in a Share of Non-Cumulative Perpetual Preferred Stock, Series F",$16.5112,-0.0388,-0.234%,NA
FHN^H,"First Horizon Corporation Depositary Shares each representing a 1/4,000th interest in a share of Non-Cumulative Perpetual Preferred Stock, Series H",$23.4195,-0.1805,-0.765%,NA
FIGX,FIGX Capital Acquisition Corp. Class A Ordinary Share,$10.33,0.01,0.097%,NA
FITB^A,"Fifth Third Bancorp Depositary Shares each representing 1/40th share of Fifth Third 6.00% Non-Cumulative Perpetual Class B Preferred Stock, Series A",$21.5724,-0.1876,-0.862%,NA
FITB^I,Fifth Third Bancorp Depositary Share repstg 1/1000th Ownership Interest Perp Pfd Series I,$25.6001,0.0001,0.00%,NA
FITB^K,"Fifth Third Bancorp Depositary Shares each representing a 1/1000th ownership interest in a share of Non-Cumulative Perpetual Preferred Stock, Series K",$18.155,-0.065,-0.357%,NA
FITB^M,"Fifth Third Bancorp Depositary Shares Representing a 1/40th Ownership Interest in a Share of 6.875% Fixed-Rate Reset Non-Cumulative Perpetual Preferred Stock, Series M",$25.31,-0.29,-1.133%,NA
FJDIU,ARC Group Securities Acquisition I Units,$10.02,0.01,0.10%,NA
FLC,Flaherty & Crumrine Total Return Fund Inc Common Stock,$15.87,-0.22,-1.367%,NA
FLG^A,"Flagstar Bank, N.A. Depositary shares, each representing a 1/40th interest in a share of Fixed-to-Floating Rate Series A Noncumulative Perpetual Preferred Stock",$23.85,-0.13,-0.542%,NA
FLG^U,"Flagstar Bank, N.A. Bifurcated Option Note Unit SecuritiES",$38.555,-0.445,-1.141%,NA
FMAC,Future Money Acquisition Corporation Ordinary Shares,$10.0899,UNCH,--,NA
FMACR,Future Money Acquisition Corporation Rights,$0.17,UNCH,--,NA
FMY,First Trust Mortgage Income Fund Common Shares of Beneficial Interest,$11.575,0.1114,0.972%,NA
FOUR^A,"Shift4 Payments, Inc. 6.00% Series A Mandatory Convertible Preferred Stock",$52.50,0.50,0.962%,NA
FPF,First Trust Intermediate Duration Preferred & Income Fund Common Shares of Beneficial Interest,$16.40,-0.11,-0.666%,NA
FRT^C,"Federal Realty Investment Trust Depositary Shares, each representing a 1/1000th interest in a 5.000% Series C Cumulative Redeemable Preferred Share",$18.7264,-0.2036,-1.076%,NA
FSHP,Flag Ship Acquisition Corp. Ordinary Shares,$11.28,-0.025,-0.221%,NA
FSHPR,Flag Ship Acquisition Corp. Right,$0.0875,UNCH,--,NA
FSSL,FS Specialty Lending Fund Common Shares of Beneficial Interest,$11.69,-0.18,-1.516%,NA
FTHA,Forefront Tech Holdings Acquisition Corp Class A Ordinary Shares,$9.971,0.001,0.01%,NA
FTRA,FutureCorp Space Acquisition 1 Class A Ordinary Shares,$9.87,-0.01,-0.101%,NA
FVAV,Fortress Value Acquisition Corp. V Class A Ordinary Shares,$10.28,UNCH,--,NA
FVN,Future Vision II Acquisition Corporation Ordinary shares,$9.31,-0.29,-3.021%,NA
FVNNR,Future Vision II Acquisition Corporation Right,$0.1701,UNCH,--,NA
FVNNU,Future Vision II Acquisition Corporation Units,$11.99,0.01,0.083%,NA
FWAC,Futurewave Acquisition Corporation Ordinary Shares,$9.94,UNCH,--,NA
FXAC,FortuneX Acquisition Corporation Ordinary shares,$10.06,-0.01,-0.099%,NA
FXACW,FortuneX Acquisition Corporation Warrant,$0.16,UNCH,--,NA
GAB^G,"Gabelli Equity Trust, Inc. (The) Series G Cumulative Preferred Stock",$18.4252,-0.0347,-0.188%,NA
GAB^H,"Gabelli Equity Trust, Inc. (The) Pfd Ser H",$18.46,0.01,0.054%,NA
GAB^K,"Gabelli Equity Trust, Inc. (The) 5.00% Series K Cumulative Preferred Stock",$18.40,-0.1251,-0.675%,NA
GAING,Gladstone Investment Corporation 7.125% Notes due 2031,$25.05,-0.09,-0.358%,NA
GAINI,Gladstone Investment Corporation 7.875% Notes due 2030,$25.38,0.02,0.079%,NA
GAM^B,"General American Investors Company, Inc. Cumulative Preferred Stock",$22.72,-0.38,-1.645%,NA
GCGR,General Catalyst Global Resilience Merger Corp. Class A Ordinary Shares,$10.16,UNCH,--,NA
GCGRW,General Catalyst Global Resilience Merger Corp. Warrants,$0.6624,UNCH,--,NA
GDL,"GDL Fund, The Common Shares of Beneficial Interest",$8.3601,-0.0299,-0.356%,NA
GDO,Western Asset Global Corporate Opportunity Fund Inc. Common Stock,$9.61,-0.16,-1.638%,NA
GDV^H,The Gabelli Dividend & Income Trust 5.375% Series H Cumulative Preferred Shares,$20.47,-0.07,-0.341%,NA
GDV^K,The Gabelli Dividend & Income Trust 4.250% Series K Cumulative Preferred Shares,$16.18,-0.11,-0.675%,NA
GECCG,Great Elm Capital Corp. 7.75% Notes Due 2030,$24.65,UNCH,--,NA
GECCH,Great Elm Capital Corp. 8.125% Notes Due 2029,$24.902,UNCH,--,NA
GECCI,Great Elm Capital Corp. 8.50% NOTES DUE 2029,$25.00,UNCH,--,NA
GF,"New Germany Fund, Inc. (The) Common Stock",$10.83,-0.15,-1.366%,NA
GGN,"GAMCO Global Gold, Natural Resources & Income Trust",$5.46,-0.08,-1.444%,NA
GGN^B,"GAMCO Global Gold, Natural Reources & Income Trust 5.00% Series B Cumulative 25.00 Liquidation Preference",$18.42,0.095,0.518%,NA
GGT^E,Gabelli Multi-Media Trust Inc. (The) 5.125% Series E Cumulative Preferred Stock,$19.98,UNCH,--,NA
GGT^G,Gabelli Multi-Media Trust Inc. (The) 5.125% Series G Cumulative Preferred Shares,$19.9701,-0.0499,-0.249%,NA
GHXI,"Gores Holdings XI, Inc. Class A Ordinary Shares",$9.99,-0.01,-0.10%,NA
GHXIW,"Gores Holdings XI, Inc. Warrant",$0.5101,-0.04,-7.271%,NA
GHY,"PGIM Global High Yield Fund, Inc.",$11.01,-0.22,-1.959%,NA
GIW,GigCapital8 Corp. Class A Ordinary Shares,$10.155,0.005,0.049%,NA
GIWWR,GigCapital8 Corp. Rights,$0.271,0.0067,2.535%,NA
GIX,GigCapital9 Corp. Class A Ordinary Share,$10.01,UNCH,--,NA
GIXXR,GigCapital9 Corp. Rights,$0.22,-0.0147,-6.263%,NA
GIXXU,GigCapital9 Corp. Units,$10.2101,UNCH,--,NA
GJH,Synthetic Fixed-Income Securities Inc 6.375% (STRATS) Cl A-1,$9.52,0.065,0.687%,NA
GJO,"Synthetic Fixed-Income Securities, Inc. on behalf of STRATS(SM) Trust for Wal-Mart Stores, Inc. Securities, Series 2004-5",$24.74,UNCH,--,NA
GJP,"Synthetic Fixed-Income Securities, Inc. on behalf of STRATS (SM) Trust for Dominion Resources, Inc. Securities, Series 2005-6, Floating Rate Structured Repackaged Asset-Backed Trust Securities (STRATS) Certificates",$24.4706,0.0106,0.043%,NA
GJR,"Synthetic Fixed-Income Securities, Inc. STRATS Trust for Procter&Gamble Securities, Series 2006-1",$24.22,UNCH,--,NA
GJT,"Synthetic Fixed-Income Securities, Inc. Floating Rate Structured Repackaged Asset-Backed Trust Securities Certificates, Series 2006-3",$23.235,UNCH,--,NA
GL^D,Globe Life Inc. 4.25% Junior Subordinated Debentures due 2061,$14.545,-0.145,-0.987%,NA
GLED,GalaxyEdge Acquisition Corporation Ordinary Shares,$10.03,0.01,0.10%,NA
GLO,Clough Global Opportunities Fund Common Stock,$5.41,-0.04,-0.734%,NA
GLOP^A,GasLog Partners LP 8.625% Series A Cumulative Redeemable Perpetual Fixed to Floating Rate Preference Units,$25.4311,0.1811,0.717%,NA
GLOP^B,GasLog Partners LP 8.200% Series B Cumulative Redeemable Perpetual Fixed to Floating Rate Preference Units,$25.66,-0.14,-0.543%,NA
GLOP^C,GasLog Partners LP 8.500% Series C Cumulative Redeemable Perpetual Fixed to Floating Rate Preference Units,$25.40,-0.0201,-0.079%,NA
GLQ,Clough Global Equity Fund Clough Global Equity Fund Common Shares of Beneficial Interest,$7.705,-0.015,-0.194%,NA
GLU^A,The Gabelli Global Utility and Income Trust Series A Cumulative Puttable and Callable Preferred Shares,$50.50,UNCH,--,NA
GLU^B,The Gabelli Global Utility and Income Trust Series B Cumulative Puttable and Callable Preferred Shares,$50.735,UNCH,--,NA
GNL^A,"Global Net Lease, Inc. 7.25% Series A Cumulative Redeemable Preferred Stock, $0.01 par value per share",$22.41,-0.18,-0.797%,NA
GNL^B,"Global Net Lease, Inc. 6.875% Series B Cumulative Redeemable Perpetual Preferred Stock",$21.70,-0.05,-0.23%,NA
GNL^D,"Global Net Lease, Inc. 7.50% Series D Cumulative Redeemable Perpetual Preferred Stock",$22.87,-0.0658,-0.287%,NA
GNL^E,"Global Net Lease, Inc. 7.375% Series E Cumulative Redeemable Perpetual Preferred Stock",$22.56,-0.07,-0.309%,NA
GNT^A,"GAMCO Natural Resources, Gold & Income Tust  5.20% Series A Cumulative Preferred Shares (Liquidation Preference $25.00 per share)",$19.15,-0.03,-0.156%,NA
GOF,Guggenheim Strategic Opportunities Fund Common Shares of Beneficial Interest,$8.54,-0.14,-1.613%,NA
GPAC,General Purpose Acquisition Corp. Class A Ordinary Shares,$10.08,UNCH,--,NA
GPACU,General Purpose Acquisition Corp. Units,$10.17,-0.02,-0.196%,NA
GPACW,General Purpose Acquisition Corp. Warrant,$0.2199,0.0377,20.692%,NA
GPAT,GP-Act III Acquisition Corp. Class A Ordinary Share,$10.99,0.0099,0.09%,NA
GPATU,GP-Act III Acquisition Corp. Units,$10.99,UNCH,--,NA
GPATW,GP-Act III Acquisition Corp. Warrants,$0.0699,0.0299,74.75%,NA
GPMT^A,Granite Point Mortgage Trust Inc. 7.00% Series A Fixed-to-Floating Rate Cumulative Redeemable Preferred Stock,$14.97,-0.17,-1.123%,NA
GPUS^D,"Hyperscale Data, Inc. 13.00% Series D Cumulative Redeemable Perpetual Preferred Stock",$16.661,-2.669,-13.808%,NA
GRBK^A,"Green Brick Partners, Inc. Depositary Shares (each representing a 1/1000th fractional interest in a share of 5.75% Series A Cumulative Perpetual Preferred Stock)",$21.39,0.25,1.183%,NA
GRF,"Eagle Capital Growth Fund, Inc. Common Stock",$10.17,UNCH,--,NA
GS^A,"Goldman Sachs Group, Inc. (The) Depositary Shares each representing 1/1000th Interest in a Share of Floating Rate Non-Cumulative Preferred Stock Series A",$19.17,0.05,0.262%,NA
GS^C,"Goldman Sachs Group, Inc. (The) Depositary Share repstg 1/1000th Preferred Series C",$19.535,0.085,0.437%,NA
GS^D,"Goldman Sachs Group, Inc. (The) Dep Shs repstg 1/1000 Pfd Ser D Fltg",$19.15,0.23,1.216%,NA
GSHR,Gesher Acquisition Corp. II Class A Ordinary Shares,$10.56,UNCH,--,NA
GSHRU,Gesher Acquisition Corp. II Units,$10.61,UNCH,--,NA
GSL^B,"Global Ship Lease, Inc. Depository Shares Representing 1/100th Perpetual Preferred Series B% (Marshall Island)",$26.77,-0.17,-0.631%,NA
GSRF,GSR IV Acquisition Corp. Class A ordinary share,$10.23,UNCH,--,NA
GSRFR,GSR IV Acquisition Corp. Rights,$2.20,0.10,4.762%,NA
GSRV,GSR V Acquisition Corp. Class A ordinary shares,$9.88,-0.01,-0.101%,NA
GTEN,"Gores Holdings X, Inc. Class A ordinary shares",$10.52,UNCH,--,NA
GTENW,"Gores Holdings X, Inc. Warrants",$0.6513,UNCH,--,NA
GTERA,Globa Terra Acquisition Corporation Class A Ordinary Shares,$10.43,UNCH,--,NA
GUAC,Berto Acquisition Corp. II Ordinary Shares,$10.00,0.10,1.01%,NA
GUACU,Berto Acquisition Corp. II Unit,$10.05,-0.025,-0.248%,NA
GUG,Guggenheim Active Allocation Fund Common Shares of Beneficial Interest,$13.96,-0.34,-2.378%,NA
GUT^C,Gabelli Utility Trust (The) 5.375% Series C Cumulative Preferred Shares,$19.96,-0.27,-1.335%,NA
HACQ,HCM IV Acquisition Corp. Class A Ordinary Share,$10.035,-0.025,-0.249%,NA
HAVA,Harvard Ave Acquisition Corporation Class A Ordinary Share,$10.22,UNCH,--,NA
HCAC,Hall Chadwick Acquisition Corp Class A Ordinary Shares,$10.12,UNCH,--,NA
HCIC,Hennessy Capital Investment Corp. VIII Class A Ordinary Shares,$9.99,0.01,0.10%,NA
HCICR,Hennessy Capital Investment Corp. VIII Share Rights,$0.1206,0.0006,0.50%,NA
HEI/A,Heico Corporation,$231.11,1.89,0.825%,NA
HEQ,John Hancock Diversified Income Fund Common Shares of Beneficial Interest,$11.25,-0.12,-1.055%,NA
HERZ,"Herzfeld Credit Income Fund, Inc. Common Stock",$15.70,-0.075,-0.475%,NA
HFRO,Highland Opportunities and Income Fund Common Shares of Beneficial Interest,$7.02,-0.21,-2.905%,NA
HFRO^A,Highland Opportunities and Income Fund 5.375% Series A Cumulative Preferred Shares,$15.92,-0.30,-1.85%,NA
HFRO^B,Highland Opportunities and Income Fund 5.375% Series B Cumulative Preferred Shares,$15.72,-0.34,-2.117%,NA
HGLB,Highland Global Allocation Fund Common Stock,$7.12,-0.20,-2.732%,NA
HIG^G,"The Hartford Insurance Group, Inc. Depositary Shares each representing a 1/1000th interest in a share of 6.000% Non-Cumulative Preferred Stock, Series G",$22.6301,-0.2999,-1.308%,NA
HIO,"Western Asset High Income Opportunity Fund, Inc. Common Stock",$3.29,-0.11,-3.235%,NA
HIX,Western Asset High Income Fund II Inc. Common Stock,$3.60,-0.16,-4.255%,NA
HL^B,Hecla Mining Company Preferred Stock,$72.00,UNCH,--,NA
HLXC,Helix Acquisition Corp. III Class A Ordinary Shares,$10.77,0.17,1.604%,NA
HPE^C,Hewlett Packard Enterprise Company 7.625% Series C Mandatory Convertible Preferred Stock,$159.53,3.27,2.093%,NA
HPF,John Hancock Pfd Income Fund II Pfd Income Fund II,$13.74,-0.39,-2.76%,NA
HPI,John Hancock Preferred Income Fund Common Shares of Beneficial Interest,$14.08,-0.30,-2.086%,NA
HPP^C,"Hudson Pacific Properties, Inc. 4.750% Series C Cumulative Redeemable Preferred Stock",$14.48,-0.135,-0.924%,NA
HPS,John Hancock Preferred Income Fund III Preferred Income Fund III,$12.32,-0.32,-2.532%,NA
HTD,John Hancock Tax Advantaged Dividend Income Fund Common Shares of Beneficial Interest,$22.88,-0.56,-2.389%,NA
HVMC,Highview Merger Corp. Class A Ordinary Share,$10.26,UNCH,--,NA
HVT/A,"Haverty Furniture Companies, Inc.",$28.09,UNCH,--,NA
HYI,Western Asset High Yield Opportunity Fund Inc. Common Stock,$9.96,-0.18,-1.775%,NA
HYT,"Blackrock Corporate High Yield Fund, Inc. Common Stock",$7.83,-0.12,-1.509%,NA
IACO,Idea Acquisition Corp. Class A Ordinary Shares,$9.995,UNCH,--,NA
IACQ,Irenic Acquisition Corp. Class A Ordinary Shares,$9.99,UNCH,--,NA
IACQW,Irenic Acquisition Corp. Warrants,$0.39,UNCH,--,NA
IAE,Voya Asia Pacific High Dividend Equity Income Fund ING Asia Pacific High Dividend Equity Income Fund Common Shares of Beneficial Interest,$8.86,-0.10,-1.116%,NA
IAF,"abrdn Australia Equity Fund, Inc. Common Stock",$12.68,-0.25,-1.933%,NA
IBAC,IB Acquisition Corp. Common Stock,$11.40,-0.10,-0.87%,NA
IBACR,IB Acquisition Corp. Right,$0.115,UNCH,--,NA
ICR^A,"InPoint Commercial Real Estate Income, Inc. 6.75% Series A Cumulative Redeemable Preferred Stock",$22.245,-0.135,-0.603%,NA
IDAC,Iron Dome Acquisition I Corp. Class A Ordinary Shares,$10.025,UNCH,--,NA
IDACU,Iron Dome Acquisition I Corp. Units,$10.06,UNCH,--,NA
IDE,"Voya Infrastructure, Industrials and Materials Fund Common Shares of Beneficial Interest",$12.36,-0.16,-1.278%,NA
IEAG,Infinite Eagle Acquisition Corp. Class A Ordinary Shares,$10.22,0.04,0.393%,NA
IFN,"Aberdeen India Fund, Inc. Common Stock",$10.97,-0.02,-0.182%,NA
IGA,Voya Global Advantage and Premium Opportunity Fund Common Shares of Beneficial Interest,$10.39,-0.31,-2.897%,NA
IGAC,Invest Green Acquisition Corporation Class A Ordinary Shares,$10.10,-0.015,-0.148%,NA
IGD,Voya Global Equity Dividend and Premium Opportunity Fund,$6.32,-0.11,-1.711%,NA
IGI,Western Asset Investment Grade Opportunity Trust Inc. Common Stock,$15.95,-0.31,-1.907%,NA
IGR,CBRE Global Real Estate Income Fund Common Shares of Beneficial Interest,$12.05,-0.20,-1.633%,NA
IHD,Voya Emerging Markets High Income Dividend Equity Fund Common Shares,$7.65,-0.11,-1.418%,NA
IIF,"Morgan Stanley India Investment Fund, Inc. Common Stock",$22.16,-0.13,-0.583%,NA
IIPR^A,"Innovative Industrial Properties, Inc. 9.00% Series A Cumulative Redeemable Preferred Stock",$24.98,0.02,0.08%,NA
INAC,Indigo Acquisition Corp. Ordinary Shares,$10.36,UNCH,--,NA
INN^E,"Summit Hotel Properties, Inc. 6.250% Series E Cumulative Redeemable Preferred Stock",$17.1135,-0.3365,-1.928%,NA
INN^F,"Summit Hotel Properties, Inc. 5.875% Series F Cumulative Redeemable Preferred Stock, $0.01 par value per share",$16.3827,-0.0973,-0.59%,NA
IPEX,Inflection Point Acquisition Corp. V Class A Ordinary Shares,$9.30,-0.30,-3.125%,NA
IPEXU,Inflection Point Acquisition Corp. V Units,$10.00,-0.99,-9.008%,NA
IPFX,Inflection Point Acquisition Corp. VI Class A Ordinary Shares,$10.05,0.01,0.10%,NA
IPFXU,Inflection Point Acquisition Corp. VI Units,$10.37,UNCH,--,NA
IPFXW,Inflection Point Acquisition Corp. VI Warrant,$0.918,-0.132,-12.571%,NA
IPHXU,Inflection Point Acquisition Corp. VIII Unit,$10.09,0.01,0.099%,NA
IPVV,"InterPrivate Investment Partners V, Inc. Class A Ordinary Shares",$9.85,UNCH,--,NA
IPXG,Inflection Point Acquisition Corp. VII Class A Ordinary Shares,$10.05,0.01,0.10%,NA
IRAB,Iris Acquisition Corp II Class A Ordinary Shares,$10.00,UNCH,--,NA
IRHO,Iron Horse Acquisitions II Corp. Common Stock,$10.06,0.005,0.05%,NA
ISD,"PGIM High Yield Bond Fund, Inc.",$11.61,-0.36,-3.008%,NA
ISNR,Snow Rothschild Acquisition Corp. Class A Ordinary Shares,$9.83,UNCH,--,NA
ISNRU,Snow Rothschild Acquisition Corp. Units,$9.9201,-0.0349,-0.351%,NA
ITHA,ITHAX Acquisition Corp III Class A Ordinary Shares,$10.07,0.01,0.099%,NA
IVR^C,"INVESCO MORTGAGE CAPITAL INC 7.5% Fixed-to-Floating Series C Cumulative Redeemable Preferred Stock, Liquation Preference $25.00 per Share",$24.00,-0.02,-0.083%,NA
JACS,Jackson Acquisition Company II Class A Ordinary Shares,$10.78,0.01,0.093%,NA
JATT,JATT II Acquisition Corp Ordinary Shares,$11.34,-0.365,-3.118%,NA
JBK,Lehman ABS 3.50 3.50% Adjustable Corp Backed Tr Certs GS Cap I,$25.32,UNCH,--,NA
JCE,Nuveen Core Equity Alpha Fund Common Shares of Beneficial Interest,$16.85,-0.10,-0.59%,NA
JENA,Jena Acquisition Corporation II Class A Ordinary Shares,$10.39,-0.09,-0.859%,NA
JFR,Nuveen Floating Rate Income Fund Common Stock,$7.31,-0.12,-1.615%,NA
JGH,Nuveen Global High Income Fund Common Shares of Beneficial Interest,$11.75,-0.14,-1.177%,NA
JLS,Nuveen Mortgage and Income Fund,$16.30,-0.08,-0.488%,NA
JMM,Nuveen Multi-Market Income Fund (MA),$5.58,-0.03,-0.535%,NA
JOF,Japan Smaller Capitalization Fund Inc Common Stock,$12.36,-0.20,-1.592%,NA
JONE,Jones Ventures INTL Acquisition1 Corp Class A Ordinary Shares,$9.85,UNCH,--,NA
JONER,Jones Ventures INTL Acquisition1 Corp Rights,$0.13,-0.02,-13.333%,NA
JPC,Nuveen Preferred & Income Opportunities Fund,$6.84,-0.13,-1.865%,NA
JPM^C,"J P Morgan Chase & Co Depositary Shares, each representing a 1/400th interest in a share of 6.00% Non-Cumulative  Preferred Stock, Series EE",$23.31,-0.43,-1.811%,NA
JPM^D,"J P Morgan Chase & Co Depositary Shares, each representing a 1/400th  interest in a share of 5.75% Non-Cumulative  Preferred Stock, Series DD",$22.17,-0.48,-2.119%,NA
JPM^J,"J P Morgan Chase & Co Depositary Shares, each representing a 1/400th interest in a share of JPMorgan Chase & Co. 4.75% Non-Cumulative Preferred Stock, Series GG",$17.93,-0.21,-1.158%,NA
JPM^K,"J P Morgan Chase & Co Depositary Shares, each representing a 1/400th interest in a share of 4.55% Non-Cumulative Preferred Stock, Series JJ",$17.22,-0.12,-0.692%,NA
JPM^L,"J P Morgan Chase & Co Depositary Shares, each representing a 1/400th interest in a share of 4.625% Non-Cumulative Preferred Stock, Series LL",$17.50,-0.08,-0.455%,NA
JPM^M,"J P Morgan Chase & Co Depositary Shares, each representing a 1/400th interest in a share of 4.20% Non-Cumulative Preferred Stock, Series MM",$16.24,-0.23,-1.396%,NA
JQC,Nuveen Credit Strategies Income Fund Shares of Beneficial Interest,$4.62,-0.07,-1.493%,NA
JRI,Nuveen Real Asset Income and Growth Fund Common Shares of Beneficial Interest,$11.25,-0.235,-2.046%,NA
JRS,Nuveen Real Estate Income Fund Common Shares of Beneficial Interest,$7.56,-0.12,-1.563%,NA
JTTT,JATT III Acquisition Corp Ordinary Shares,$11.01,0.02,0.182%,NA
JXN^A,"Jackson Financial Inc. Depositary Shares, each representing a 1/1,000th interest in a share of Fixed-Rate Reset Noncumulative Perpetual Preferred Stock, Series A",$25.55,0.09,0.353%,NA
KBON,Karbon Capital Partners Corp. Class A Ordinary Shares,$10.075,UNCH,--,NA
KCHV,Kochav Defense Acquisition Corp. Class A Ordinary Shares,$10.45,0.0051,0.049%,NA
KCHVR,Kochav Defense Acquisition Corp. Right,$0.1005,-0.0045,-4.286%,NA
KEY^I,"KeyCorp Depositary Shares Each Representing a 1/40th Ownership Interest in a Share of Fixed-to-Floating Rate Perpetual Non-Cumulative Preferred Stock, Series E",$24.96,-0.05,-0.20%,NA
KEY^J,"KeyCorp Depositary Shares each representing a 1/40th ownership interest in a share of Fixed Rate Perpetual Non-Cumulative Preferred Stock, Series F",$20.12,0.10,0.50%,NA
KEY^K,"KeyCorp Depositary Shares, each representing a 1/40th ownership interest in a share of Fixed Rate Perpetual Non-Cumulative Preferred Stock, Series G",$19.985,0.055,0.276%,NA
KEY^L,"KeyCorp Depositary Shares each representing a 1/40th ownership interest in a share of Fixed Rate Perpetual Non-Cumulative Preferred Stock, Series H",$24.90,UNCH,--,NA
KEYY,Keystone Acquisition Corp. Class A Ordinary Shares,$9.91,UNCH,--,NA
KEYYW,Keystone Acquisition Corp. Warrants,$0.40,UNCH,--,NA
KF,"Korea Fund, Inc. (The) New Common Stock",$66.28,-2.14,-3.128%,NA
KFII,K&F Growth Acquisition Corp. II Class A Ordinary shares,$10.67,UNCH,--,NA
KFIIR,K&F Growth Acquisition Corp. II Rights,$0.1098,0.0199,22.136%,NA
KIM^L,"Kimco Realty Corporation Class L Depositary Shares, each of which represents a one-one thousandth fractional interest in a share of 5.125% Class L Cumulative Redeemable Preferred Stock, liquidation preference $25,000.00 per share",$20.09,-0.12,-0.594%,NA
KIM^M,"Kimco Realty Corporation Class M Depositary Shares, each of which represents a one-one thousandth fractional interest in a share of 5.25% Class M Cumulative Redeemable Preferred Stock, liquidation preference $25,000.00 per share",$20.31,0.08,0.395%,NA
KIM^N,"Kimco Realty Corporation Depositary Shares, each representing 1/1,000th interest in a share of 7.25% Class N Cumulative Convertible Perpetual Preferred Stock",$61.085,UNCH,--,NA
KIO,KKR Income Opportunities Fund Common Shares,$10.44,-0.16,-1.509%,NA
KKR^D,KKR & Co. Inc. 6.25% Series D Mandatory Convertible Preferred Stock,$43.20,-0.52,-1.189%,NA
KKRT,KKR & Co. Inc. 6.875% Subordinated Notes due 2065,$23.01,UNCH,--,NA
KOYN,CSLM Digital Asset Acquisition Corp III Class A Ordinary Shares,$10.23,0.005,0.049%,NA
KOYNU,CSLM Digital Asset Acquisition Corp III Units,$10.31,UNCH,--,NA
KPET,KPET Ultra Paceline Corporation Class A Ordinary Shares,$9.99,UNCH,--,NA
KRAQ,KRAKacquisition Corp Class A Ordinary Shares,$10.01,UNCH,--,NA
KRAQU,KRAKacquisition Corp Unit,$10.12,-0.0001,-0.001%,NA
KRAQW,KRAKacquisition Corp Warrants,$0.41,-0.0001,-0.024%,NA
KREF^A,KKR Real Estate Finance Trust Inc. 6.50% Series A Cumulative Redeemable Preferred Stock,$18.00,-0.35,-1.907%,NA
KRSP,Rice Acquisition Corporation 3 Class A Ordinary Shares,$10.59,0.06,0.57%,NA
KTH,Structures Products Cp 8% CorTS Issued by Peco Energy Cap Tr II Preferred Stock,$28.6486,UNCH,--,NA
KTN,Structured Products Corp 8.205% CorTS 8.205% Corporate Backed Trust Securities (CorTS),$25.6372,0.0001,0.00%,NA
KTWOU,K2 Capital Acquisition Corporation Units,$10.255,UNCH,--,NA
LAFA,LaFayette Acquisition Corp. Ordinary Share,$10.16,UNCH,--,NA
LATA,Galata Acquisition Corp. II Class A Ordinary Shares,$10.17,-0.03,-0.294%,NA
LATAW,Galata Acquisition Corp. II Warrant,$0.215,-0.0028,-1.286%,NA
LCCC,Lakeshore Acquisition III Corp. Ordinary Shares,$10.52,UNCH,--,NA
LDP,"Cohen & Steers Limited Duration Preferred and Income Fund, Inc.",$19.32,-0.23,-1.176%,NA
LEDRU,Leader's Advantage Acquisition Corp. Units,$9.97,UNCH,--,NA
LFAC,Leapfrog Acquisition Corporation Class A Ordinary Shares,$10.075,-0.005,-0.05%,NA
LFT^A,"Lument Finance Trust, Inc. 7.875% Series A Cumulative Redeemable Preferred Stock",$16.75,0.25,1.515%,NA
LGI,Lazard Global Total Return and Income Fund Common Stock,$17.26,-0.14,-0.805%,NA
LKSP,Lake Superior Acquisition Corp. Class A Ordinary Shares,$10.24,0.005,0.049%,NA
LKSPR,Lake Superior Acquisition Corp. Rights,$1.15,0.1504,15.046%,NA
LNC^D,"Lincoln National Corporation Depositary Shares Each Representing a 1/1,000th Interest in a Share of 9.000% Non-Cumulative Preferred Stock, Series D",$25.78,0.01,0.039%,NA
LOB^A,"Live Oak Bancshares, Inc. Depositary Shares, Each Representing a 1/40th Interest in a Share of 8.375% Fixed Rate Series A Non-Cumulative Perpetual Preferred Stock",$25.045,-0.245,-0.969%,NA
LOVIU,Live Oak Acquisition Corp. VI Units,$10.01,0.01,0.10%,NA
LPAA,Launch One Acquisition Corp. Class A Ordinary shares,$10.76,UNCH,--,NA
LPAAW,Launch One Acquisition Corp. Warrant,$0.1306,UNCH,--,NA
LPBB,Launch Two Acquisition Corp. Class A Ordinary Shares,$10.83,-0.01,-0.092%,NA
LPBBW,Launch Two Acquisition Corp. Warrant,$0.1751,-0.0049,-2.722%,NA
LPCV,Launchpad Cadenza Acquisition Corp I Class A Ordinary Share,$10.07,0.01,0.099%,NA
LTGR,Long Table Growth Corp. Class A Ordinary Shares,$9.965,UNCH,--,NA
LTGRU,Long Table Growth Corp. Units,$10.19,UNCH,--,NA
LTGRW,Long Table Growth Corp. Warrants,$0.26,UNCH,--,NA
LWAC,LightWave Acquisition Corp. Class A Ordinary Shares,$10.3821,UNCH,--,NA
LWACU,LightWave Acquisition Corp. Units,$10.36,UNCH,--,NA
LWACW,LightWave Acquisition Corp. Warrants,$0.13,UNCH,--,NA
LXP^C,LXP Industrial Trust 6.5% Series C Cumulative Convertible Preferred Stock,$49.25,-0.01,-0.02%,NA
MAA^I,"Mid-America Apartment Communities, Inc. 8.50% Series I Cumulative Redeemable Preferred Stock",$50.2499,0.1899,0.379%,NA
MACI,Melar Acquisition Corp. I Class A Ordinary Shares,$11.05,UNCH,--,NA
MBVI,M3-Brigade Acquisition VI Corp. Class A Ordinary Shares,$10.24,0.01,0.098%,NA
MBVIW,M3-Brigade Acquisition VI Corp. Warrant,$0.33,-0.005,-1.493%,NA
MCAH,Mountain Crest Acquisition 6 Corp. Ordinary Shares,$10.03,UNCH,--,NA
MCAHU,Mountain Crest Acquisition 6 Corp. Units,$10.42,UNCH,--,NA
MCGA,Yorkville Acquisition Corp. Class A Ordinary Share,$10.36,0.01,0.097%,NA
MCGAU,Yorkville Acquisition Corp. Unit,$10.335,UNCH,--,NA
MCGAW,Yorkville Acquisition Corp. Warrant,$0.332,UNCH,--,NA
MCN,XAI Madison Equity Premium Income Fund Common Shares,$5.33,-0.06,-1.113%,NA
MEGI,NYLIM CBRE Global Infrastructure Megatrends Term Fund Common Shares,$13.93,-0.22,-1.555%,NA
MER^K,"Bank of America Corporation Income Capital Obligation Notes initially due December 15, 2066",$23.83,-0.05,-0.209%,NA
MESH,Meshflow Acquisition Corp. Class A Ordinary Shares,$10.08,0.01,0.099%,NA
MESHW,Meshflow Acquisition Corp. Warrants,$0.21,-0.03,-12.50%,NA
MET^A,"MetLife, Inc. Preferred Series A Floating Rate",$21.35,0.21,0.993%,NA
MET^E,"MetLife, Inc. Depositary Shares ",$20.36,-0.05,-0.245%,NA
MET^F,"MetLife, Inc. Depositary Shares, each representing a 1/1,000th interest in a share of 4.75% Non-Cumulative Preferred Stock, Series F",$17.12,-0.08,-0.465%,NA
METCI,"Ramaco Resources, Inc. 8.250% Senior Notes due 2030",$25.45,-0.01,-0.039%,NA
METCZ,"Ramaco Resources, Inc. 8.375% Senior Notes due 2029",$25.54,0.0153,0.06%,NA
MEVO,M Evo Global Acquisition Corp II Class A Ordinary Shares,$10.015,0.005,0.05%,NA
MFA^B,"MFA Financial, Inc. Preferred Series B",$18.96,-0.45,-2.318%,NA
MFA^C,"MFA Financial, Inc. 6.50% Series C Fixed-to-Floating Rate Cumulative Redeemable Preferred Stock",$22.74,-0.12,-0.525%,NA
MHF,"Western Asset Municipal High Income Fund, Inc. Common Stock",$6.27,-0.16,-2.488%,NA
MIAC,Meridian3 Industrials Acquisition Corp Class A Ordinary Shares,$9.82,0.01,0.102%,NA
MIACW,Meridian3 Industrials Acquisition Corp Warrant,$0.34,-0.05,-12.821%,NA
MITT^A,"TPG Mortgage Investment Trust, Inc. 8.25% Series A Cumulative Redeemable Preferred Stock",$21.13,0.04,0.19%,NA
MITT^B,"TPG Mortgage Investment Trust, Inc. 8.00% Series B Cumulative Redeemable Preferred Stock",$19.66,-0.14,-0.707%,NA
MITT^C,"TPG Mortgage Investment Trust, Inc. 8.00% Series C Fixed-to-Floating Rate Cumulative Redeemable Preferred Stock, $0.01 par value per share",$25.0401,0.0101,0.04%,NA
MKLY,McKinley Acquisition Corporation Class A Ordinary Shares,$10.25,-0.0026,-0.025%,NA
MKLYR,McKinley Acquisition Corporation Rights,$0.25,0.01,4.167%,NA
MLAA,Mountain Lake Acquisition Corp. II Class A Ordinary Shares,$10.01,-0.01,-0.10%,NA
MLAAU,Mountain Lake Acquisition Corp. II Units,$10.0801,UNCH,--,NA
MLAAW,Mountain Lake Acquisition Corp. II Warrants,$0.175,-0.0075,-4.11%,NA
MLCIL,Mount Logan Capital Inc. 8.00% Notes Due 2031,$22.50,UNCH,--,NA
MMD,NYLIM MacKay DefinedTerm Muni Opportunities Fund Common Shares,$13.93,-0.19,-1.346%,NA
MMTX,Miluna Acquisition Corp Class A Ordinary Share,$10.19,UNCH,--,NA
MMU,"Western Asset Managed Municipals Fund, Inc. Common Stock",$9.14,-0.25,-2.662%,NA
MPA,Blackrock MuniYield Pennsylvania Quality Fund Common Stock,$9.97,-0.18,-1.773%,NA
MRCO,Mercator Acquisition Corp. Class A Ordinary Shares,$9.86,0.01,0.102%,NA
MRCOW,Mercator Acquisition Corp. Warrant,$0.31,UNCH,--,NA
MS^A,Morgan Stanley Dep Shs repstg 1/1000 Pfd Ser A,$19.21,UNCH,--,NA
MS^E,Morgan Stanley DEPOSITARY SHARES REP 1/1000TH SHARES FIXED/FLTG PREFERRED STOCK SERIES E,$25.54,UNCH,--,NA
MS^F,Morgan Stanley Dep Shs Rpstg 1/1000th Int Prd Ser F Fxd to Flag,$25.20,-0.15,-0.592%,NA
MS^I,Morgan Stanley Depository Shares Representing 1/1000th Preferred Series 1 Fixed to Floating Non (Cum),$23.82,-0.17,-0.709%,NA
MS^K,"Morgan Stanley Depositary Shares, each representing 1/1,000th of a share of Fixed-to-Floating Rate Non-Cumulative Preferred Stock,  Series K",$21.90,-0.20,-0.905%,NA
MS^L,"Morgan Stanley Depositary Shares, each representing 1/1,000th of a share of 4.875% Non-Cumulative Preferred Stock, Series L",$18.47,-0.12,-0.646%,NA
MS^O,"Morgan Stanley Depositary Shares, each representing 1/1,000th of a share of 4.250% Non-Cumulative Preferred Stock, Series O",$15.92,-0.26,-1.607%,NA
MS^P,"Morgan Stanley Depositary Shares, each representing 1/1,000th of a share of 6.500% Non-Cumulative Preferred Stock, Series P",$24.72,-0.24,-0.962%,NA
MS^Q,"Morgan Stanley Depositary Shares, each representing 1/1,000th of a share of 6.625% Non-Cumulative Preferred Stock, Series Q",$25.01,-0.24,-0.95%,NA
MSD,"Morgan Stanley Emerging Markets Debt Fund, Inc. Common Stock",$6.91,-0.20,-2.813%,NA
MSDL,Morgan Stanley Direct Lending Fund Common Stock,$14.40,-0.24,-1.639%,NA
MTAK,Market Technology Acquisition Corp Class A Ordinary Shares,$9.87,0.009,0.091%,NA
MTAKU,Market Technology Acquisition Corp Unit,$9.93,-0.03,-0.301%,NA
MTAKW,Market Technology Acquisition Corp Warrants,$0.18,UNCH,--,NA
MTB^H,"M&T Bank Corporation Perpetual Fixed-to-Floating Rate Non-Cumulative Preferred Stock, Series H",$24.97,-0.05,-0.20%,NA
MTB^J,"M&T Bank Corporation Depositary Shares each representing a 1/400th ownership interest in a share of Perpetual 7.500% Non-Cumulative Preferred Stock, Series J",$25.37,-0.15,-0.588%,NA
MTB^K,"M&T Bank Corporation Depositary Shares each representing a 1/400th interest in a share of Perpetual 6.350% Non-Cumulative Preferred Stock, Series K",$23.10,-0.30,-1.282%,NA
MTB^L,"M&T Bank Corporation Depositary Shares each representing a 1/400th ownership interest in a share of Perpetual 6.625% Non-Cumulative Preferred Stock, Series L",$23.81,-0.26,-1.08%,NA
MTNE,CH4 Natural Solutions Corporation Class A Ordinary Shares,$9.91,UNCH,--,NA
MUZE,Muzero Acquisition Corp Class A Ordinary Shares,$10.01,0.01,0.10%,NA
MXE,"Mexico Equity and Income Fund, Inc. (The) Common Stock",$13.28,0.135,1.027%,NA
MXF,"Mexico Fund, Inc. (The) Common Stock",$20.94,-0.08,-0.381%,NA
MYN,"Blackrock MuniYield New York Quality Fund, Inc.Common Stock",$8.94,-0.18,-1.974%,NA
MYX,Maywood Acquisition Corp. 2 Class A Ordinary Share,$10.0499,UNCH,--,NA
MYXXR,Maywood Acquisition Corp. 2 Rights,$0.207,UNCH,--,NA
MZYX,MOZAYYX Acquisition Corp. Class A Ordinary Shares,$10.0001,0.0101,0.101%,NA
NAC,Nuveen California Quality Municipal Income Fund,$10.68,0.18,1.714%,NA
NAD,Nuveen Quality Municipal Income Fund Common Stock,$10.39,-0.12,-1.142%,NA
NAZ,Nuveen Arizona Quality Municipal Income Fund Common Stock,$11.28,-0.15,-1.312%,NA
NBB,Nuveen Taxable Municipal Income Fund Common Shares of Beneficial Interest,$14.43,-0.29,-1.97%,NA
NBH,Neuberger Municipal Fund Inc. Common Stock,$9.50,-0.09,-0.938%,NA
NBRG,Newbridge Acquisition Limited Class A Ordinary Share,$10.06,-0.03,-0.297%,NA
NBRGU,Newbridge Acquisition Limited Unit,$10.35,0.06,0.583%,NA
NBXG,Neuberger Next Generation Connectivity Fund Inc. Common Stock,$15.57,-0.17,-1.08%,NA
NCA,Nuveen California Municipal Value Fund,$8.46,-0.11,-1.284%,NA
NCO,Southern Cross Acquisition I Corp. Ordinary Shares,$9.91,-0.01,-0.101%,NA
NCOOU,Southern Cross Acquisition I Corp. Units,$10.275,UNCH,--,NA
NCOOW,Southern Cross Acquisition I Corp. Warrants,$0.031,0.0004,1.307%,NA
NCV^A,Virtus Convertible & Income Fund 5.625% Series A Cumulative Preferred Shares,$19.39,-0.34,-1.723%,NA
NCZ^A,Virtus Convertible & Income Fund II 5.50% Series A Cumulative Preferred Shares,$18.70,-0.60,-3.109%,NA
NEA,Nuveen AMT-Free Quality Municipal Income Fund Common Shares of Beneficial Interest Par Value $.01,$10.09,-0.13,-1.272%,NA
NEE^N,"NextEra Energy Capital Holdings Inc. Series N Junior Subordinated Debentures due March 1, 2079",$19.65,-0.19,-0.958%,NA
NEE^S,"NextEra Energy, Inc. 7.299% Corporate Units",$49.13,-0.85,-1.701%,NA
NEE^T,"NextEra Energy, Inc. 7.234% Corporate Units",$45.70,-0.91,-1.952%,NA
NEE^U,"NextEra Energy, Inc. Series U Junior Subordinated Debentures due June 1, 2085",$22.52,-0.15,-0.662%,NA
NEE^V,"NextEra Energy, Inc. 7.375% Corporate Units",$43.34,-0.93,-2.101%,NA
NEE^W,"NextEra Energy Capital Holdings Inc. Series Z Junior Subordinated Debentures due April 15, 2086",$22.48,-0.24,-1.056%,NA
NEWTH,"NewtekOne, Inc. 8.625% Fixed Rate Senior Notes due 2029",$25.32,-0.01,-0.039%,NA
NEWTO,"NewtekOne, Inc. 8.50% Fixed Rate Senior Notes due 2031",$25.995,UNCH,--,NA
NFJ,"Virtus Dividend, Interest & Premium Strategy Fund Common Shares of Beneficial Interest",$15.04,-0.19,-1.248%,NA
NGL^B,NGL ENERGY PARTNERS LP 9.00% Class B Fixed-to-Floating Rate Cumulative Redeemable Perpetual Preferred Units representing limited partnership interests,$25.84,-0.0401,-0.155%,NA
NGL^C,NGL ENERGY PARTNERS LP 9.625% Class C Fixed-to-Floating Rate Cumulative  Redeemable Perpetual Preferred Units representing  limited partner interests,$25.85,-0.10,-0.385%,NA
NHIV,NewHold Investment Corp IV Class A Ordinary Shares,$10.06,-0.10,-0.984%,NA
NHS,Neuberger High Yield Strategies Fund Inc. Common Stock,$5.47,-0.10,-1.795%,NA
NIM,Nuveen Select Maturities Municipal Fund Common Stock,$8.86,-0.13,-1.446%,NA
NKX,Nuveen California AMT-Free Quality Municipal Income Fund,$11.05,-0.16,-1.427%,NA
NLY^F,Annaly Capital Management Inc 6.95% Series F,$25.19,-0.05,-0.198%,NA
NLY^G,Annaly Capital Management Inc 6.50% Series G Fixed-to-Floating Rate Cumulative Redeemable Preferred Stock,$25.15,-0.04,-0.159%,NA
NLY^I,Annaly Capital Management Inc 6.750% Series I Fixed-to-Floating Rate Cumulative Redeemable Preferred Stock,$24.95,UNCH,--,NA
NLY^J,Annaly Capital Management Inc. 8.875% Series J Fixed-Rate Cumulative Redeemable Preferred Stock,$25.6001,-0.2199,-0.852%,NA
NMAI,Nuveen Multi-Asset Income Fund Common Shares of Beneficial Interest,$14.18,-0.24,-1.664%,NA
NMI,"Nuveen Municipal Income Fund, Inc. Common Stock",$9.705,0.105,1.094%,NA
NML,Neuberger Energy Infrastructure and Income Fund Inc. Common Stock,$10.40,0.10,0.971%,NA
NMP,NMP Acquisition Corp. Class A Ordinary Shares,$10.371,UNCH,--,NA
NMS,Nuveen Minnesota Quality Municipal Income Fund ,$10.03,-0.14,-1.377%,NA
NMT,Nuveen Massachusetts Quality Municipal Income Fund Common Stock,$11.01,-0.175,-1.565%,NA
NMZ,"Nuveen Municipal High Income Opportunity Fund Common Stock, $0.01 par value, per share",$9.08,-0.25,-2.68%,NA
NNY,Nuveen New York Municipal Value Fund Common Stock,$7.79,-0.03,-0.384%,NA
NOEM,CO2 Energy Transition Corp. Common Stock,$10.58,UNCH,--,NA
NOEMW,CO2 Energy Transition Corp. Warrant,$0.1348,0.0258,23.67%,NA
NPAC,New Providence Acquisition Corp. III Class A Ordinary Shares,$10.49,UNCH,--,NA
NPACU,New Providence Acquisition Corp. III Units,$10.50,UNCH,--,NA
NPCT,Nuveen Core Plus Impact Fund Common Shares of Beneficial Interest,$9.43,-0.05,-0.527%,NA
NPFD,Nuveen Variable Rate Preferred & Income Fund Common Shares,$17.36,-0.35,-1.976%,NA
NPV,Nuveen Virginia Quality Municipal Income Fund Common Stock,$9.65,-0.12,-1.228%,NA
NREF^A,"NexPoint Real Estate Finance, Inc. 8.50% Series A Cumulative Redeemable Preferred Stock",$25.05,0.176,0.708%,NA
NRK,Nuveen New York AMT-Free Quality Municipal Income Fund ,$9.59,-0.20,-2.043%,NA
NRO,Neuberger Real Estate Securities Income Fund Inc. Common Stock,$2.70,-0.05,-1.818%,NA
NRUC,National Rural Utilities Cooperative Finance Corporation 5.500% Subordinated Notes due 2064 (Subordinated Deferrable Interest Notes),$20.81,-0.25,-1.187%,NA
NSAI,NorthStrive Acquisition Corp I. Class A Ordinary Shares,$9.88,0.0096,0.097%,NA
NSAIR,NorthStrive Acquisition Corp I. Rights,$0.14,UNCH,--,NA
NSAIU,NorthStrive Acquisition Corp I. Units,$10.06,0.02,0.199%,NA
NSAIW,NorthStrive Acquisition Corp I. Warrants,$0.05,UNCH,--,NA
NTWO,Newbury Street II Acquisition Corp Class A Ordinary Shares,$10.905,-0.025,-0.229%,NA
NTWOW,Newbury Street II Acquisition Corp Warrant,$1.14,-0.03,-2.564%,NA
NUV,"Nuveen Municipal Value Fund, Inc. Common Stock",$8.24,-0.14,-1.671%,NA
NUW,Nuveen AMT-Free Municipal Value Fund,$13.06,-0.14,-1.061%,NA
NVG,Nuveen AMT-Free Municipal Credit Income Fund ,$11.19,-0.25,-2.185%,NA
NWAX,New America Acquisition I Corp. Class A Common Stock,$10.08,-0.02,-0.198%,NA
NXDT^A,NexPoint Diversified Real Estate Trust 5.50% Series A Cumulative Preferred Shares ($25.00 liquidation preference per share),$12.7393,-0.4857,-3.673%,NA
NZF,Nuveen Municipal Credit Income Fund ,$11.24,-0.16,-1.404%,NA
OACC,Oaktree Acquisition Corp. III Life Sciences Class A Ordinary Share,$10.75,UNCH,--,NA
OACCU,Oaktree Acquisition Corp. III Life Sciences Unit,$10.9988,UNCH,--,NA
OAK^A,"Brookfield Oaktree Holdings, LLC 6.625% Series A Preferred Units",$20.495,-0.065,-0.316%,NA
OAK^B,"Brookfield Oaktree Holdings, LLC 6.550% Series B Preferred Units",$20.19,-0.11,-0.542%,NA
OBA,Oxley Bridge Acquisition Limited Class A Ordinary Shares,$10.33,0.01,0.097%,NA
OBAWW,Oxley Bridge Acquisition Limited Warrants,$0.25,-0.0009,-0.359%,NA
OCAC,Ocean Capital Acquisition Corporation Ordinary Shares,$9.98,UNCH,--,NA
OCCIM,"OFS Credit Company, Inc. 7.875% Series F Term Preferred Stock",$24.88,-0.15,-0.599%,NA
OCLT,OceanLight Acquisition Corporation Ordinary Shares,$9.90,0.01,0.101%,NA
OCLTR,OceanLight Acquisition Corporation Rights,$0.155,-0.005,-3.125%,NA
OCLTU,OceanLight Acquisition Corporation Units,$10.1497,0.0697,0.691%,NA
OHAC,Oceanhawk Acquisition Corp. Class A Ordinary Shares,$9.98,UNCH,--,NA
OIM,OneIM Acquisition Corp. Class A Ordinary Shares,$10.15,UNCH,--,NA
OIMAW,OneIM Acquisition Corp. Warrant,$0.70,UNCH,--,NA
ONCH,1RT Acquisition Corp. Class A Ordinary Share,$10.32,UNCH,--,NA
ONCHU,1RT Acquisition Corp. Units,$10.43,UNCH,--,NA
ONCHW,1RT Acquisition Corp. Warrant,$0.40,UNCH,--,NA
OPP,"RiverNorth/DoubleLine Strategic Opportunity Fund, Inc. Common Stock",$6.97,-0.09,-1.275%,NA
OPP^A,"RiverNorth/DoubleLine Strategic Opportunity Fund, Inc. 4.375% Series A Cumulative Preferred Stock",$15.24,-0.018,-0.118%,NA
OPP^B,"RiverNorth/DoubleLine Strategic Opportunity Fund, Inc. 4.75% Series B Cumulative Preferred Stock",$16.32,-0.2117,-1.281%,NA
OPP^C,"RiverNorth/DoubleLine Strategic Opportunity Fund, Inc. 6.00% Series C Term Preferred Stock (Liquidation Preference $10.00 per share)",$10.1161,UNCH,--,NA
ORCL^D,"Oracle Corporation Depositary Shares, each representing a 1/2,000th interest in a sh of 6.50% Series D Mandatory Convertible Preferred Stock",$46.52,-0.48,-1.021%,NA
ORIQ,Origin Investment Corp I Ordinary Shares,$10.4399,0.0349,0.335%,NA
ORIQW,Origin Investment Corp I Warrant.,$0.1739,UNCH,--,NA
OSPR,Osprey Acquisition Corp. III Class A Ordinary Shares,$9.82,-0.01,-0.102%,NA
OSPRU,Osprey Acquisition Corp. III Units,$9.99,UNCH,--,NA
OSPRW,Osprey Acquisition Corp. III Warrants,$0.35,0.0275,8.527%,NA
OTAI,Starlink AI Acquisition Corporation Ordinary Shares,$9.99,UNCH,--,NA
OTGA,OTG Acquisition Corp. I Class A Ordinary Share ,$10.25,UNCH,--,NA
OTGAU,OTG Acquisition Corp. I Unit,$10.40,-0.01,-0.096%,NA
OXLCG,Oxford Lane Capital Corp. 7.95% Notes due 2032,$24.945,UNCH,--,NA
OXLCI,Oxford Lane Capital Corp. 8.75% Notes due 2030,$25.35,0.04,0.158%,NA
OXSQH,Oxford Square Capital Corp. 7.75% Notes due 2030,$25.18,0.01,0.04%,NA
OYSE,Oyster Enterprises II Acquisition Corp Class A Ordinary Shares,$10.39,UNCH,--,NA
OYSER,Oyster Enterprises II Acquisition Corp Rights,$0.1001,0.0001,0.10%,NA
PACH,Pioneer Acquisition I Corp Class A Ordinary Shares,$10.34,0.01,0.097%,NA
PACHW,Pioneer Acquisition I Corp Warrants,$0.1241,0.0041,3.417%,NA
PAI,Western Asset Investment Grade Income Fund Inc.,$11.55,-0.11,-0.943%,NA
PAII,Pyrophyte Acquisition Corp. II Class A Ordinary Shares,$10.30,UNCH,--,NA
PALO,Paloma Acquisition Corp I Class A Ordinary Shares,$10.02,0.02,0.20%,NA
PARA,"Banzai International, Inc. Class A Common Stock",$0.8853,0.0007,0.079%,NA
PAXS,PIMCO Access Income Fund Common Shares of Beneficial Interest,$13.06,-0.19,-1.434%,NA
PBI^B,Pitney Bowes Inc 6.70% Notes Due 2043,$21.15,0.04,0.189%,NA
PCAP,ProCap Acquisition Corp Class A Ordinary Shares,$10.37,UNCH,--,NA
PCAPU,ProCap Acquisition Corp Unit,$10.47,-0.13,-1.226%,NA
PCAPW,ProCap Acquisition Corp Warrant,$0.2999,-0.02,-6.252%,NA
PCF,High Income Securities Fund Common Stock,$5.33,-0.04,-0.745%,NA
PCG^A,Pacific Gas & Electric Co. 6% Preferred Stock,$20.305,-0.105,-0.514%,NA
PCG^B,Pacific Gas & Electric Co. 5 1/2% Preferred Stock,$18.75,UNCH,--,NA
PCG^C,Pacific Gas & Electric Co. 5% 1st Preferred Stock,$16.8764,UNCH,--,NA
PCG^D,Pacific Gas & Electric Co. 5% 1st  Red. Preferred Stock,$16.33,-0.60,-3.544%,NA
PCG^E,Pacific Gas & Electric Co. 5% 1st A Preferred Stock,$16.855,-0.655,-3.741%,NA
PCG^G,Pacific Gas & Electric Co. 4.80% 1st Preferred Stock,$16.50,0.02,0.121%,NA
PCG^H,Pacific Gas & Electric Co. 4.50% 1st Preferred Stock,$15.5001,-0.1599,-1.021%,NA
PCG^I,Pacific Gas & Electric Co. 4.36% 1st Preferred Stock,$15.25,-0.35,-2.244%,NA
PCG^X,PG&E Corp 6.000% Series A Mandatory Convertible Preferred Stock,$31.85,-0.86,-2.629%,NA
PCM,"PCM Fund, Inc. Common Stock",$4.93,-0.06,-1.202%,NA
PCN,Pimco Corporate & Income Strategy Fund Common Stock,$10.75,-0.18,-1.647%,NA
PCQ,PIMCO California Municipal Income Fund Common Stock,$8.06,-0.09,-1.104%,NA
PDCC,Pearl Diver Credit Company Inc. Common Stock,$8.6792,-0.1707,-1.929%,NA
PDPA,Pearl Diver Credit Company Inc. 8.00% Series A Preferred Stock Due 2029,$24.95,-0.11,-0.439%,NA
PDT,John Hancock Premium Dividend Fund,$11.83,-0.27,-2.231%,NA
PEB^E,Pebblebrook Hotel Trust 6.375% Series E Cumulative Redeemable Preferred Shares of Beneficial Interest,$19.90,0.04,0.201%,NA
PEB^F,Pebblebrook Hotel Trust 6.3% Series F Cumulative Redeemable Preferred Shares of Beneficial Interest,$19.90,-0.05,-0.251%,NA
PEB^G,Pebblebrook Hotel Trust 6.375% Series G Cumulative Redeemable Preferred Shares of Beneficial Interest,$19.89,-0.01,-0.05%,NA
PEB^H,Pebblebrook Hotel Trust 5.700% Series H Cumulative Redeemable Preferred Shares of Beneficial Interest,$18.415,-0.085,-0.459%,NA
PECE,Peace Acquisition Corp Ordinary Shares,$10.00,UNCH,--,NA
PECER,Peace Acquisition Corp Right,$0.3601,UNCH,--,NA
PEO,"Adams Natural Resources Fund, Inc. Common Stock",$28.08,0.08,0.286%,NA
PFD,Flaherty & Crumrine Preferred and Income Fund Incorporated,$10.91,-0.14,-1.267%,NA
PFL,PIMCO Income Strategy Fund Shares of Beneficial Interest,$6.90,-0.06,-0.862%,NA
PFLA,PennantPark Floating Rate Capital Ltd. 7.375% Notes Due 2031,$25.20,-0.05,-0.198%,NA
PFN,PIMCO Income Strategy Fund II,$6.26,-0.08,-1.262%,NA
PFO,Flaherty & Crumrine Preferred and Income Opportunity Fund Incorporated,$8.79,-0.11,-1.236%,NA
PGAC,Pantages Capital Acquisition Corporation Class A Ordinary Shares,$10.71,UNCH,--,NA
PGACR,Pantages Capital Acquisition Corporation Right,$0.1703,0.0403,31.00%,NA
PGP,Pimco Global StocksPlus & Income Fund Common Shares of Beneficial Interest,$8.27,-0.07,-0.839%,NA
PGZ,Principal Real Estate Income Fund Common Shares of Beneficial Interest,$9.18,-0.07,-0.757%,NA
PHK,Pimco High Income Fund,$4.11,-0.04,-0.964%,NA
PHXE^,"Phoenix Energy One, LLC Series A Cumulative Redeemable Preferred Shares",$26.22,0.30,1.157%,NA
PINE^A,"Alpine Income Property Trust, Inc. 8.00% Series A Cumulative Redeemable Preferred Stock",$25.315,-0.135,-0.53%,NA
PLCI,Pelican Acquisition II Corporation Ordinary Shares,$9.8901,UNCH,--,NA
PLCIR,Pelican Acquisition II Corporation Right,$0.13,UNCH,--,NA
PLCIU,Pelican Acquisition II Corporation Unit,$10.03,-0.08,-0.791%,NA
PLMK,Plum Acquisition Corp. IV Class A Ordinary Shares,$10.72,0.01,0.093%,NA
PLUN,Plutonian Acquisition Corp II Class A Ordinary Shares,$10.07,0.01,0.099%,NA
PML,Pimco Municipal Income Fund II Common Shares of Beneficial Interest,$6.70,-0.08,-1.18%,NA
PMT^A,PennyMac Mortgage Investment Trust 8.125% Series A Fixed-to-Floating Rate Cumulative Redeemable Preferred Shares of Beneficial Interest,$21.80,-0.13,-0.593%,NA
PMT^B,PennyMac Mortgage Investment Trust 8.00% Series B Fixed-to-Floating Rate Cumulative Redeemable Preferred Shares of Beneficial Interest,$21.92,0.11,0.504%,NA
PMT^C,PennyMac Mortgage Investment Trust 6.75% Series C Cumulative Redeemable Preferred Shares of Beneficial Interest,$17.09,-0.285,-1.64%,NA
PMTR,Perimeter Acquisition Corp. I Class A Ordinary Shares,$10.425,-0.005,-0.048%,NA
PMTRU,Perimeter Acquisition Corp. I Unit,$11.00,UNCH,--,NA
PMTRW,Perimeter Acquisition Corp. I Warrant,$0.65,-0.0499,-7.13%,NA
PMTV,PennyMac Mortgage Investment Trust 9.00% Senior Notes due 2030,$25.385,0.005,0.02%,NA
PMTW,PennyMac Mortgage Investment Trust 9.00% Senior Notes due 2030,$25.07,-0.16,-0.634%,NA
PNFP^A,"Pinnacle Financial Partners, Inc. Fixed-to-Floating Rate Non-Cumulative Perpetual Preferred Stock, Series A",$25.085,-0.0151,-0.06%,NA
PNFP^B,"Pinnacle Financial Partners, Inc. Fixed-to-Floating Rate Non-Cumulative Perpetual Preferred Stock, Series B",$25.85,0.04,0.155%,NA
PNFP^C,"Pinnacle Financial Partners, Inc. Fixed-to-Floating Rate Non-Cumulative Perpetual Preferred Stock, Series C",$24.05,-0.155,-0.64%,NA
PNI,Pimco New York Municipal Income Fund II Common Shares of Beneficial Interest,$6.36,-0.09,-1.395%,NA
POLE,Andretti Acquisition Corp. II Class A Ordinary Shares,$10.73,-0.02,-0.186%,NA
POLEW,Andretti Acquisition Corp. II Warrant,$0.1257,UNCH,--,NA
PONO,"Pono Capital Four, Inc. Class A Ordinary Shares",$10.02,UNCH,--,NA
PONOR,"Pono Capital Four, Inc. Rights",$0.23,0.0145,6.729%,NA
PRIF^D,"Priority Income Fund, Inc. 7.00% Series D Term Preferred Stock due 2029",$24.66,-0.6824,-2.693%,NA
PRIF^K,"Priority Income Fund, Inc. 7.000% Series K Cumulative Preferred Stock",$21.63,-0.14,-0.643%,NA
PRIF^L,"Priority Income Fund, Inc. 6.375% Series L Term Preferred Stock Due 2029",$24.97,-0.4063,-1.601%,NA
PSA^F,"Public Storage Depositary Shares Each Representing 1/1,000 of a 5.15% Cumulative Preferred Share of Beneficial Interest, Series F, par value $0.01 per share",$18.18,-0.22,-1.196%,NA
PSA^G,"Public Storage Depositary Shares, Each Representing 1/1,000 of a 5.05% Cumulative Preferred Share of Beneficial Interest, Series G",$18.09,-0.125,-0.686%,NA
PSA^H,"Public Storage Depositary Shares Each Representing 1/1,000 of a  5.60% Cumulative Preferred  Share of Beneficial Interest, Series H",$19.88,-0.10,-0.501%,NA
PSA^I,"Public Storage Depositary Shares Each Representing 1/1,000 of a 4.875% Cumulative Preferred Share of Beneficial Interest, Series I, par value $0.01 per share",$17.26,-0.12,-0.69%,NA
PSA^J,"Public Storage Depositary Shares Each Representing 1/1,000 of a 4.700% Cumulative Preferred Share of Beneficial Interest, Series J, par value $0.01 per share",$16.79,-0.08,-0.474%,NA
PSA^K,"Public Storage Depositary Shares Each Representing 1/1,000 of a 4.75% Cumulative Preferred Share of Beneficial Interest, Series K",$16.805,-0.135,-0.797%,NA
PSA^L,"Public Storage Depositary Shares Each Representing 1/1,000 of a 4.625% Cumulative Preferred Share of Beneficial Interest, Series L, par value $0.01 per share",$16.48,-0.08,-0.483%,NA
PSA^M,"Public Storage Depositary Shares Each Representing 1/1,000 of a 4.125% Cumulative Preferred Share of Beneficial Interest, Series M",$14.56,-0.23,-1.555%,NA
PSA^N,"Public Storage Depositary Shares Each Representing 1/1,000 of a 3.875% Cumulative Preferred Share of Beneficial Interest, Series N",$13.82,-0.06,-0.432%,NA
PSA^O,"Public Storage Depositary Shares Each Representing 1/1,000 of a 3.900% Cumulative Preferred Share of Beneficial Interest, Series O",$13.805,-0.09,-0.648%,NA
PSA^P,"Public Storage Depositary Shares Each Representing 1/1,000 of a 4.000% Cumulative Preferred Share of Bene cial Interest, Series P",$14.26,-0.04,-0.28%,NA
PSA^Q,"Public Storage Depositary Shares Each Representing 1/1,000 of a 3.950% Cumulative Preferred Share of Beneficial Interest, Series Q, par value $0.01 per share",$13.9893,-0.1206,-0.855%,NA
PSA^R,"Public Storage Depositary Shares Each Representing 1/1,000 of a 4.00% Cumulative Preferred Share of Bene cial Interest, Series R",$14.16,-0.17,-1.186%,NA
PSA^S,"Public Storage Depositary Shares Each Representing 1/1,000 of a 4.100% Cumulative Preferred Share of Beneficial Interest, Series S",$14.59,-0.24,-1.618%,NA
PSA^T,"Public Storage 6.000% Cumulative Preferred Shares of beneficial interest, Series T",$21.50,-0.30,-1.376%,NA
PSA^U,"Public Storage 6.000% Cumulative Preferred Shares of Beneficial Interest, Series U",$21.987,-0.3866,-1.728%,NA
PSBD,Palmer Square Capital BDC Inc. Common Stock,$10.37,-0.08,-0.766%,NA
PSEC^A,Prospect Capital Corporation 5.35% Series A Fixed Rate Cumulative Perpetual Preferred Stock,$15.59,-0.50,-3.108%,NA
PTAC,Patriot Acquisition Corp. Class A Ordinary Shares,$10.02,UNCH,--,NA
PTACU,Patriot Acquisition Corp. Units,$10.05,UNCH,--,NA
PTACW,Patriot Acquisition Corp. Warrants,$0.1802,-0.0097,-5.108%,NA
PTOR,Praetorian Acquisition Corp. Class A Ordinary Shares,$9.98,UNCH,--,NA
PTORW,Praetorian Acquisition Corp. Warrant,$0.305,UNCH,--,NA
PTY,Pimco Corporate & Income Opportunity Fund,$10.86,-0.20,-1.808%,NA
PW^A,Power REIT 7.75% Series A Cumulative Perpetual Preferred Stock,$8.96,-0.04,-0.444%,NA
PWRL,Powerlaw Corp. Common Stock,$11.41,0.09,0.795%,NA
PYT,PPlus Tr GSC-2 Tr Ctf Fltg Rate,$23.77,UNCH,--,NA
QADR,QDRO Acquisition Corp. Class A Ordinary Shares,$9.98,UNCH,--,NA
QETA,Quetta Acquisition Corporation Common Stock,$11.85,UNCH,--,NA
QLEP,Quantum Leap Acquisition Corp Class A Ordinary Shares,$10.05,0.06,0.601%,NA
QQQX,Nuveen NASDAQ 100 Dynamic Overwrite Fund Shares of Beneficial Interest,$30.53,-0.29,-0.941%,NA
QRED,QuasarEdge Acquisition Corporation Ordinary Shares,$10.045,UNCH,--,NA
QSEA,Quartzsea Acquisition Corporation Ordinary Shares,$10.65,0.01,0.094%,NA
QUMS,Quantumsphere Acquisition Corp. Ordinary Shares,$10.34,UNCH,--,NA
QUMSR,Quantumsphere Acquisition Corp. Rights,$0.09,0.0295,48.76%,NA
QXO^B,"QXO, Inc.  Depositary Shares, each representing a 1/20th interest in a share of 5.50% Series B Mandatory Convertible Preferred Stock",$40.57,-0.23,-0.564%,NA
RA,Brookfield Real Assets Income Fund Inc. Common Stock,$11.85,-0.09,-0.754%,NA
RAC,Rithm Acquisition Corp. Class A Ordinary Shares,$10.57,0.01,0.095%,NA
RACC,Research Alliance Corporation III Class A Ordinary Shares,$11.06,UNCH,--,NA
RACD,Research Alliance Corporation IV Class A Ordinary Shares,$12.00,0.20,1.695%,NA
RANG,Range Capital Acquisition Corp. Ordinary Shares,$10.8301,UNCH,--,NA
RANGR,Range Capital Acquisition Corp. Rights,$0.2741,0.0001,0.036%,NA
RC^C,Ready Capital Corporation 6.25% Series C Cumulative Convertible Preferred Stock,$11.1201,-0.1899,-1.679%,NA
RC^E,Ready Capital Corporation 6.50% Series E Cumulative Redeemable Preferred Stock,$11.90,-0.31,-2.539%,NA
RCD,Ready Capital Corporation 9.00% Senior Notes due 2029,$23.04,0.04,0.174%,NA
RCG,"RENN Fund, Inc Common Stock",$3.02,-0.02,-0.658%,NA
RCS,"PIMCO Strategic Income Fund, Inc.",$4.94,-0.02,-0.403%,NA
RDAC,Rising Dragon Acquisition Corp. Ordinary Shares,$5.54,0.01,0.181%,NA
RDACR,Rising Dragon Acquisition Corp. Rights,$0.10,UNCH,--,NA
RDAG,Republic Digital Acquisition Company Class A Ordinary Shares,$10.42,UNCH,--,NA
RDAGW,Republic Digital Acquisition Company Warrants,$0.26,0.0049,1.921%,NA
REXR^B,"Rexford Industrial Realty, Inc. 5.875% Series B Cumulative Redeemable Preferred Stock",$21.62,-0.15,-0.689%,NA
REXR^C,"Rexford Industrial Realty, Inc. 5.625% Series C Cumulative Redeemable Preferred Stock, par value $0.01 per share",$20.06,-0.4841,-2.356%,NA
RF^C,"Regions Financial Corporation Depositary Shares, each Representing a 1/40th Interest in a  Share of 5.700% Fixed-to-Floating Rate Non-Cumulative  Perpetual Preferred Stock, Series C",$24.12,0.04,0.166%,NA
RF^E,"Regions Financial Corporation Depositary Shares, Each Representing a 1/40th Interest in a Share of 4.45% Non-Cumulative Perpetual Preferred Stock, Series E",$15.65,-0.19,-1.199%,NA
RF^F,"Regions Financial Corporation Depositary Shares Each Representing a 1/40th Interest in a Share of Non-Cumulative Perpetual Preferred Stock, Series F",$25.0699,0.0199,0.079%,NA
RFAI,RF Acquisition Corp II Ordinary Shares,$34.225,-1.775,-4.931%,NA
RFAIR,RF Acquisition Corp II Right,$0.1549,-0.0021,-1.338%,NA
RFAIU,RF Acquisition Corp II Unit,$46.50,3.50,8.14%,NA
RFAM,RF Acquisition Corp III Ordinary Shares,$10.015,UNCH,--,NA
RIBB,Ribbon Acquisition Corp Class A Ordinary Shares,$8.18,0.0567,0.698%,NA
RIBBR,Ribbon Acquisition Corp Rights,$0.2495,-0.0494,-16.527%,NA
RIBBU,Ribbon Acquisition Corp Unit,$11.49,UNCH,--,NA
RITM^A,Rithm Capital Corp. 7.50% Series A Fixed-to-Floating Rate Cumulative Redeemable Preferred Stock,$25.36,-0.155,-0.607%,NA
RITM^B,Rithm Capital Corp. 7.125% Series B Fixed-to-Floating Rate Cumulative Redeemable Preferred Stock,$25.305,-0.13,-0.511%,NA
RITM^C,Rithm Capital Corp. 6.375% Series C Fixed-to-Floating Rate Cumulative Redeemable Preferred Stock,$24.56,-0.19,-0.768%,NA
RITM^D,Rithm Capital Corp. 7.00% Fixed-Rate Reset Series D Cumulative Redeemable Preferred Stock,$25.2832,0.0032,0.013%,NA
RITM^E,Rithm Capital Corp. 8.75% Series E Fixed-Rate Cumulative Redeemable Preferred Stock,$23.95,-0.25,-1.033%,NA
RITM^F,Rithm Capital Corp. 8.750% Series F Fixed-Rate Reset Cumulative Redeemable Preferred Stock,$24.5099,-0.2001,-0.81%,NA
RIV,"RiverNorth Opportunities Fund, Inc. Common Stock",$10.56,-0.05,-0.471%,NA
RIV^A,"RiverNorth Opportunities Fund, Inc. 6.00% Series A Perpetual Preferred Stock",$20.90,UNCH,--,NA
RLJ^A,RLJ Lodging Trust $1.95 Series A Cumulative Convertible  Preferred Shares,$24.85,-0.17,-0.679%,NA
RLTY,Cohen & Steers Real Estate Opportunities and Income Fund Common Shares of Beneficial Interest,$14.41,-0.27,-1.839%,NA
RNAQ,Rainier Acquisition Corporation Class A Ordinary Shares,$10.07,-0.01,-0.099%,NA
RNAQU,Rainier Acquisition Corporation Units,$10.20,UNCH,--,NA
RNGT,Range Capital Acquisition Corp II Class A Ordinary Shares,$10.17,UNCH,--,NA
RNGTU,Range Capital Acquisition Corp II Units,$10.46,UNCH,--,NA
RNGTW,Range Capital Acquisition Corp II Warrants,$0.31,0.01,3.333%,NA
RNR^F,"RenaissanceRe Holdings Ltd. Depositary Shares, each Representing a 1/1,000th Interest in a 5.750% Series F Preference Share",$19.77,-0.08,-0.403%,NA
RNR^G,"RenaissanceRe Holdings Ltd. Depositary Shares, each representing a 1/1,000th interest in a share of 4.20% Series G Preference Shares",$14.27,0.01,0.07%,NA
RPT^C,Rithm Property Trust Inc. 9.875% Series C Fixed-to-Floating Rate Cumulative Redeemable Preferred Stock,$25.04,-0.0901,-0.359%,NA
RREV,RRE Ventures Acquisition Corp. Class A Ordinary Shares,$9.91,UNCH,--,NA
RREVU,RRE Ventures Acquisition Corp. Units,$10.065,-0.035,-0.347%,NA
RREVW,RRE Ventures Acquisition Corp. Warrants,$0.4001,-0.0499,-11.089%,NA
RTAC,Renatus Tactical Acquisition Corp I Class A Ordinary Shares,$10.43,-0.03,-0.287%,NA
RTACU,Renatus Tactical Acquisition Corp I Unit,$10.75,UNCH,--,NA
RTACW,Renatus Tactical Acquisition Corp I Warrant,$0.58,UNCH,--,NA
RVI,Robinhood Ventures Fund I Common Shares of Beneficial Interest,$28.18,-0.27,-0.949%,NA
RWAYI,Runway Growth Finance Corp. 7.25% Notes due 2031,$24.59,-0.11,-0.445%,NA
RWT^A,"Redwood Trust, Inc. 10.00% Series A Fixed-Rate Reset Cumulative Redeemable Preferred Stock",$22.60,UNCH,--,NA
RWTP,"Redwood Trust, Inc. 9.125% Senior Notes Due 2030",$22.775,-0.325,-1.407%,NA
RWTQ,"Redwood Trust, Inc. 9.500% Senior Notes Due 2030",$21.45,-0.13,-0.602%,NA
RWTS,"Redwood Trust, Inc. 9.75% Senior Notes Due 2031",$21.37,-0.447,-2.049%,NA
SAAQ,Space Asset Acquisition Corp. Class A Ordinary Shares,$10.07,0.01,0.099%,NA
SAAQU,Space Asset Acquisition Corp. Units,$10.24,0.04,0.392%,NA
SAAQW,Space Asset Acquisition Corp. Warrants,$0.5963,0.0463,8.418%,NA
SABA,Saba Capital Income & Opportunities Fund II Shares of Beneficial Interest,$7.97,-0.07,-0.871%,NA
SAC,Safeguard Acquisition Corp. Class A Ordinary Shares,$10.09,UNCH,--,NA
SACH^A,Sachem Capital Corp. 7.75% Series A Cumulative Redeemable Preferred Stock,$20.94,-0.21,-0.993%,NA
SAGU,Shreya Acquisition Group Class A Ordinary Shares,$10.02,UNCH,--,NA
SAMO,Samos Energy Acquisition Corporation Class A Ordinary Shares,$9.81,0.01,0.102%,NA
SAV,Saratoga Investment Corp 7.50% Notes due 2031,$24.77,-0.0799,-0.322%,NA
SAX,Saratoga Investment Corp 8.00% Notes due 2031,$24.93,-0.23,-0.914%,NA
SB^C,"Safe Bulkers, Inc Cumulative Redeemable Perpetual Preferred Series C (Marshall Islands)",$26.0257,-0.0866,-0.332%,NA
SB^D,"Safe Bulkers, Inc Perpetual Preferred Series D (Marshall Islands)",$25.77,-0.05,-0.194%,NA
SBI,Western Asset Intermediate Muni Fund Inc Common Stock,$7.11,-0.14,-1.931%,NA
SBXD,SilverBox Corp IV Class A Ordinary Shares,$11.29,0.40,3.673%,NA
SBXE,SilverBox Corp V Class A Ordinary Shares,$10.10,UNCH,--,NA
SCATU,Southern Cross Acquisition II Corp. Units,$10.03,UNCH,--,NA
SCD,LMP Capital and Income Fund Inc. Common Stock,$14.89,-0.31,-2.039%,NA
SCE^G,SCE Trust II Trust Preferred Securities,$16.75,0.06,0.359%,NA
SCE^L,SCE TRUST VI,$16.62,0.06,0.362%,NA
SCE^M,SCE Trust VII 7.50% Trust Preference Securities,$23.43,-0.16,-0.678%,NA
SCE^N,SCE Trust VIII 6.95% Trust Preference Securities,$21.89,-0.19,-0.861%,NA
SCHW^D,"The Charles Schwab Corporation Depositary Shares each representing 1/40th interest in a share of 5.95% Non-Cumulative Perpetual Preferred Stock, Series D",$21.66,-0.17,-0.779%,NA
SCHW^J,"The Charles Schwab Corporation Depositary Shares, Each Representing a 1/40th Interest in a Share of 4.450% Non-Cumulative Perpetual Preferred Stock, Series J",$16.14,-0.23,-1.405%,NA
SCII,SC II Acquisition Corp. Class A ordinary share,$10.15,UNCH,--,NA
SCPQ,Social Commerce Partners Corporation Class A Ordinary Shares,$10.05,UNCH,--,NA
SCPQU,Social Commerce Partners Corporation Unit,$10.28,UNCH,--,NA
SDHI,Siddhi Acquisition Corp Class A Common stock,$10.53,-0.03,-0.284%,NA
SDHIR,Siddhi Acquisition Corp Right,$0.1474,-0.0077,-4.965%,NA
SEAL^A,Seapeak LLC 9.00% Series A Cumulative Redeemable Perpetual Preferred Units,$25.81,-0.01,-0.039%,NA
SEAL^B,Seapeak LLC 8.50% Series B Fixed-to-Floating Rate Cumulative Redeemable Perpetual Preferred Units,$25.77,-0.06,-0.232%,NA
SF^B,"Stifel Financial Corporation Depositary Shares, Each Representing 1/1,000th  Interest in a Share of 6.25% Non-Cumulative  Preferred Stock, Series B",$23.05,0.15,0.655%,NA
SF^C,"Stifel Financial Corporation Depositary Shares, Each Representing 1/1,000th Interest in a Share of 6.125% Non Cumulative Preferred Stock, Series C",$21.80,0.156,0.721%,NA
SF^D,"Stifel Financial Corporation Depositary Shares, Each Representing 1/1,000th Interest in a Share of 4.50% Non-Cumulative Preferred Stock, Series D",$15.84,-0.09,-0.565%,NA
SHO^H,"Sunstone Hotel Investors, Inc. 6.125% Series H Cumulative Redeemable Preferred Stock",$22.34,-0.14,-0.623%,NA
SHO^I,"Sunstone Hotel Investors, Inc. 5.70% Series I Cumulative Redeemable Preferred Stock",$21.765,0.015,0.069%,NA
SHOT,RMG ML Sports Holdings Class A Ordinary Shares,$9.8501,UNCH,--,NA
SHOTU,RMG ML Sports Holdings Unit,$9.99,UNCH,--,NA
SIMA,SIM Acquisition Corp. I Class A Ordinary Shares,$10.93,-0.01,-0.091%,NA
SIMAU,SIM Acquisition Corp. I Unit,$11.25,UNCH,--,NA
SIMAW,SIM Acquisition Corp. I Warrant,$0.1599,-0.0001,-0.063%,NA
SLG^I,SL Green Realty Corporation Preferred Series I,$21.34,-0.08,-0.373%,NA
SNUS^H,"Santander Holdings USA, Inc. Depositary Shares, Each Representing a 1/1,000th Interest in a Share of Fixed-Rate Reset Non-Cumulative Perpetual Preferred Stock, Series H",$20.88,0.05,0.24%,NA
SNUS^I,"Santander Holdings USA, Inc. Depositary Shares, Each Representing a 1/40th Interest in a Share of Fixed-Rate Reset Non-Cumulative Perpetual Preferred Stock, Series I",$25.3225,0.0125,0.049%,NA
SOCA,Solarius Capital Acquisition Corp. Class A Ordinary Share,$10.35,UNCH,--,NA
SOCAU,Solarius Capital Acquisition Corp. Units,$10.40,UNCH,--,NA
SOCAW,Solarius Capital Acquisition Corp. Warrant,$0.2299,0.0349,17.897%,NA
SOJF,"Southern Company (The) Series 2025A 6.50% Junior Subordinated Notes due March 15, 2085",$23.55,-0.18,-0.759%,NA
SORN,Soren Acquisition Corp. Class A Ordinary Shares,$10.01,-0.01,-0.10%,NA
SOUL,Soulpower Acquisition Corporation Class A Ordinary Shares,$10.47,UNCH,--,NA
SPE,"Special Opportunities Fund, Inc Common Stock",$13.00,-0.14,-1.065%,NA
SPE^C,"Special Opportunities Fund Inc. 2.75% Convertible Preferred Stock, Series C",$24.7001,-0.0499,-0.202%,NA
SPEG,Silver Pegasus Acquisition Corp Class A Ordinary Shares,$10.39,UNCH,--,NA
SPEGR,Silver Pegasus Acquisition Corp Rights.,$0.1288,UNCH,--,NA
SPEGU,Silver Pegasus Acquisition Corp Unit,$10.48,UNCH,--,NA
SPG^J,"Simon Property Group, Inc. Simon Property Group 8 3/8% Series J Cumulative Redeemable Preferred Stock",$55.38,1.03,1.895%,NA
SPKL,Spark I Acquisition Corp. Class A Ordinary Share,$11.605,0.015,0.129%,NA
SPKLW,Spark I Acquisition Corp. Warrant,$1.095,0.0749,7.342%,NA
SPMA,"Sound Point Meridian Capital, Inc. 8.00% Series A Preferred Shares Due 2029",$24.947,-0.013,-0.052%,NA
SPMC,"Sound Point Meridian Capital, Inc. Common Stock",$8.4001,-0.3599,-4.108%,NA
SPME,"Sound Point Meridian Capital, Inc. 7.875% Series B Preferred Shares due 2030",$24.92,0.021,0.084%,NA
SPXX,Nuveen S&P 500 Dynamic Overwrite Fund,$18.74,-0.15,-0.794%,NA
SRG^A,Seritage Growth Properties 7.00% Series A Cumulative Redeemable Preferred Shares of Beneficial Interest,$21.00,-0.1397,-0.661%,NA
SRJN,Spire Inc. 6.375% Junior Subordinated Notes due 2086,$21.70,-0.11,-0.504%,NA
SRV,NXG Cushing Midstream Energy Fund Common Shares of Beneficial Interest,$43.59,-0.20,-0.457%,NA
SSAC,SPACSphere Acquisition Corp. Class A Ordinary Shares,$10.11,0.01,0.099%,NA
SSACR,SPACSphere Acquisition Corp. Rights,$0.19,UNCH,--,NA
SSACU,SPACSphere Acquisition Corp. Unit,$10.25,0.04,0.392%,NA
SSACW,SPACSphere Acquisition Corp. Warrant,$0.0813,UNCH,--,NA
SSEA,Starry Sea Acquisition Corp	Ordinary Shares,$10.39,0.03,0.29%,NA
SSEAR,Starry Sea Acquisition Corp Rights,$0.15,UNCH,--,NA
STEW,"SRH Total Return Fund, Inc. Common Stock",$17.80,-0.12,-0.67%,NA
STK,Columbia Seligman Premium Technology Growth Fund Inc,$53.70,-0.45,-0.831%,NA
STT^G,"State Street Corporation Depositary shares, each representing a 1/4,000th ownership interest in a share of Fixed-to-Floating Rate Non-Cumulative",$19.82,-0.07,-0.352%,NA
SUMA,SUMA Acquisition Corporation Class A Ordinary Shares,$9.95,-0.02,-0.201%,NA
SUMAR,SUMA Acquisition Corporation Rights,$0.2381,UNCH,--,NA
SVAQ,Silicon Valley Acquisition Corp. Class A Ordinary Shares,$10.10,-0.02,-0.198%,NA
SVAQW,Silicon Valley Acquisition Corp. Warrants,$0.41,UNCH,--,NA
SVCC,Stellar V Capital Corp. Class A Ordinary Shares,$10.66,UNCH,--,NA
SVIV,Spring Valley Acquisition Corp. IV Class A Ordinary Shares,$10.15,UNCH,--,NA
SVIVW,Spring Valley Acquisition Corp. IV Warrants,$0.62,-0.155,-20.00%,NA
SWZ,Total Return Securities Fund Common Stock,$5.855,-0.045,-0.763%,NA
SYF^A,"Synchrony Financial Depositary Shares, each Representing a 1/40th Interest in a Share of 5.625% Fixed Rate Non-Cumulative Perpetual Preferred Stock, Series A",$18.31,-0.14,-0.759%,NA
SYF^B,"Synchrony Financial Depositary Shares Each Representing a 1/40th Interest in a Share of 8.250% Fixed Rate Reset Non-Cumulative Perpetual Preferred Stock, Series B",$25.80,-0.10,-0.386%,NA
SZZL,Sizzle Acquisition Corp. II Class A ordinary shares,$10.48,0.02,0.191%,NA
T^A,"AT&T Inc. Depositary Shares, each representing a 1/1,000th interest in a share of 5.000% Perpetual Preferred Stock, Series A",$17.69,-0.04,-0.226%,NA
T^C,"AT&T Inc. Depositary Shares, each representing a 1/1,000th interest in a share of 4.750% Perpetual Preferred Stock, Series C",$16.67,-0.13,-0.774%,NA
TACH,Titan Acquisition Corp. Class A Ordinary Shares,$10.51,UNCH,--,NA
TACHW,Titan Acquisition Corp. Warrants,$0.519,0.019,3.80%,NA
TACOU,Berto Acquisition Corp. Unit,$10.775,-0.08,-0.737%,NA
TACOW,Berto Acquisition Corp. Warrant,$0.65,-0.06,-8.451%,NA
TAVI,Tavia Acquisition Corp. Ordinary Shares,$10.76,UNCH,--,NA
TAVIU,Tavia Acquisition Corp. Unit,$10.80,UNCH,--,NA
TBCVU,"Thunder Bridge Capital Partners V, Ltd. Units",$9.93,UNCH,--,NA
TCGX,TCGX Acquisition Corp. Class A Ordinary Shares,$14.73,0.18,1.237%,NA
TCPA,TransCanada PipeLines Limited 6.250% Junior Subordinated Notes due 2085,$21.12,-0.47,-2.177%,NA
TDAC,Translational Development Acquisition Corp. Ordinary Shares,$10.88,0.02,0.184%,NA
TDACU,Translational Development Acquisition Corp. Units,$12.57,UNCH,--,NA
TDACW,Translational Development Acquisition Corp. Warrants,$1.55,-0.02,-1.274%,NA
TDF,"Templeton Dragon Fund, Inc. Common Stock",$10.00,-0.34,-3.288%,NA
TDS^U,"Telephone and Data Systems, Inc. Depositary Shares, Each Representing a 1/1,000th Interest in a 6.625% Series UU Cumulative Redeemable Perpetual Preferred Stock",$20.02,-0.10,-0.497%,NA
TDS^V,"Telephone and Data Systems, Inc. Depositary Shares, Each Representing a 1/1,000th Interest in a 6.000% Series VV Cumulative Redeemable Perpetual Preferred Stock",$18.22,-0.11,-0.60%,NA
TDWD,Tailwind 2.0 Acquisition Corp. Class A Ordinary Shares,$10.13,UNCH,--,NA
TDWDR,Tailwind 2.0 Acquisition Corp. Rights,$0.1101,-0.0001,-0.091%,NA
TEI,"Templeton Emerging Markets Income Fund, Inc. Common Stock",$6.35,-0.22,-3.349%,NA
TEN^E,"Tsakos Energy Navigation Ltd Series E Fixed-to-Floating Rate Cumulative Redeemable Perpetual Preferred Shares, par value $1.00",$25.636,-0.014,-0.055%,NA
TEN^F,"Tsakos Energy Navigation Ltd Series F Fixed-to-Floating Rate Cumulative Redeemable Perpetual Preferred Shares, par value $1.00",$26.57,-0.0699,-0.262%,NA
TFC^I,Truist Financial Corporation Depositary Shares,$18.11,0.01,0.055%,NA
TFC^O,"Truist Financial Corporation Depositary Shares, Each Representing a 1/1,000th Interest in a Share of Series O Non-Cumulative Perpetual Preferred Stock",$19.28,0.04,0.208%,NA
TFC^R,"Truist Financial Corporation Depositary Shares, each representing 1/1,000th interest in a share of Series R Non-Cumulative Perpetual Preferred Stock",$17.24,-0.03,-0.174%,NA
TFIN^,"Triumph Financial, Inc. Depositary Shares, Each Representing a 1/40th Interest in a Share of 7.125% Series C Fixed-Rate Non-Cumulative Perpetual Preferred Stock",$21.9299,0.0299,0.137%,NA
THEO,BOA Acquisition Corp. II Class A Ordinary Shares,$9.895,0.006,0.061%,NA
THQ,abrdn Healthcare Opportunities Fund Shares of Beneficial Interest,$18.86,-0.38,-1.975%,NA
THW,abrdn World Healthcare Fund Shares of Beneficial Interest,$13.37,-0.53,-3.813%,NA
TLAC,Three Lions Acquisition Corp. Ordinary Shares,$9.86,UNCH,--,NA
TLACU,Three Lions Acquisition Corp. Units,$9.95,UNCH,--,NA
TLACW,Three Lions Acquisition Corp. Warrants,$0.151,UNCH,--,NA
TLNC,Talon Capital Corp. Class A Ordinary Shares,$10.21,UNCH,--,NA
TMTS,Spartacus Acquisition Corp. II Class A Ordinary Shares,$10.025,-0.005,-0.05%,NA
TMTSW,Spartacus Acquisition Corp. II Warrants,$0.3916,-0.0084,-2.10%,NA
TMUSI,"T-Mobile US, Inc. 5.500% Senior Notes due June 2070",$19.3131,-0.0469,-0.242%,NA
TMUSL,"T-Mobile US, Inc. 6.250% Senior Notes due 2069",$21.62,-0.088,-0.405%,NA
TMUSZ,"T-Mobile US, Inc. 5.500% Senior Notes due March 2070",$19.4001,-0.1999,-1.02%,NA
TONT,Graf Global Corp. Class A ordinary shares,$10.905,0.005,0.046%,NA
TPTS,"Terra Property Trust, Inc. 7.00% Senior Secured Notes due 2029",$14.70,-0.40,-2.649%,NA
TRAD,APEX Tech Acquisition Inc. Ordinary Shares,$10.05,0.01,0.10%,NA
TRGS,TRG Latin America Acquisitions Corp. Class A Ordinary Shares,$9.96,UNCH,--,NA
TRTN^A,Triton International Limited 8.50% Series A Cumulative Redeemable Perpetual  Preference Shares,$25.4501,-0.0799,-0.313%,NA
TRTN^B,Triton International Limited 8.00% Series B Cumulative Redeemable Perpetual Preference Shares,$25.08,0.09,0.36%,NA
TRTN^C,Triton International Limited 7.375% Series C Cumulative Redeemable Perpetual Preference Shares,$23.665,-0.165,-0.692%,NA
TRTN^D,Triton International Limited 6.875% Series D Cumulative Redeemable Perpetual Preference Shares,$21.655,-0.335,-1.523%,NA
TRTN^E,Triton International Limited 5.75% Series E Cumulative Redeemable Perpetual Preference Shares,$18.11,-0.19,-1.038%,NA
TRTN^F,Triton International Limited 7.625% Series F Cumulative Redeemable Perpetual Preference Shares,$23.78,-0.02,-0.084%,NA
TRTN^G,Triton International Limited 7.500% Series G Cumulative Redeemable Perpetual Preference Shares,$23.40,-0.03,-0.128%,NA
TRTX^C,"TPG RE Finance Trust, Inc. 6.25% Series C Cumulative Redeemable Preferred Stock, $0.001 par value per share",$16.81,-0.39,-2.267%,NA
TSI,"TCW Strategic Income Fund, Inc. Common Stock",$4.28,-0.02,-0.465%,NA
TVA,Texas Ventures Acquisition III Corp Class A Ordinary Share,$10.56,-0.005,-0.047%,NA
TVACU,Texas Ventures Acquisition III Corp Unit,$10.65,-0.12,-1.114%,NA
TVACW,Texas Ventures Acquisition III Corp Warrants,$0.2211,0.0001,0.045%,NA
TVAI,Thayer Ventures Acquisition Corporation II Class A Ordinary Shares,$10.40,0.01,0.096%,NA
TVAIR,Thayer Ventures Acquisition Corporation II Rights,$0.0882,UNCH,--,NA
TVC,Tennessee Valley Authority Common Stock,$23.77,-0.04,-0.168%,NA
TVE,Tennessee Valley Authority,$23.20,-0.07,-0.301%,NA
TVIV,Texas Ventures Acquisition IV Corp Class A Ordinary Shares,$9.96,UNCH,--,NA
TWLV,Twelve Seas Investment Company III Class A Ordinary Shares,$10.07,UNCH,--,NA
TWN,"Taiwan Fund, Inc. (The) Common Stock",$100.20,-2.08,-2.034%,NA
TWO^A,Two Harbors Investments Corp 8.125% Series A Fixed-to-Floating Rate Cumulative Redeemable Preferred Stock ($25.00 liquidation preference per share),$25.31,-0.0001,0.00%,NA
TWO^B,Two Harbors Investments Corp 7.625% Series B Fixed-to-Floating Rate Cumulative Redeemable Preferred Stock,$25.295,-0.005,-0.02%,NA
TWO^C,Two Harbors Investments Corp 7.25% Series C Fixed-to-Floating Rate Cumulative Redeemable Preferred Stock,$25.365,UNCH,--,NA
TWOD,Two Harbors Investments Corp 9.375% Senior Notes due 2030,$26.28,0.01,0.038%,NA
TY^,Tri Continental Corporation Preferred Stock,$40.40,-0.57,-1.391%,NA
UAC,United Acquisition Corp. I Class A Ordinary Shares,$9.97,UNCH,--,NA
UMH^D,"UMH Properties, Inc. 6.375% Series D Cumulative Redeemable Preferred Stock, Liquidation Preference $25 per share",$21.12,-0.085,-0.401%,NA
USA,Liberty All-Star Equity Fund Common Stock,$5.86,-0.04,-0.678%,NA
USB^A,"U.S. Bancorp Depositary Shares, Each representing a 1/100th interest in a share of Series A Non-CumulativePerpetual Pfd Stock",$763.50,-1.61,-0.21%,NA
USB^H,U.S. Bancorp Depositary Shares repstg 1/1000th Pfd Ser B,$18.45,-0.10,-0.539%,NA
USB^P,"U.S. Bancorp Depositary Shares each representing a 1/1,000th interest in a share of Series K Non-Cumulative Perpetual Preferred Stock",$20.55,-0.05,-0.243%,NA
USB^Q,"U.S. Bancorp Depositary Shares, Each Representing a 1/1,000th Interest in a Share of Series L Non-Cumulative Perpetual Preferred Stock",$14.00,-0.08,-0.568%,NA
USB^R,"U.S. Bancorp Depositary Shares, Each Representing a 1/1,000th Interest in a Share of Series M Non-Cumulative Perpetual Preferred Stock",$14.88,-0.12,-0.80%,NA
USB^S,"U.S. Bancorp Depositary Shares, each representing a 1/1,000th interest in a share of Series O Non-Cumulative Perpetual Preferred Stock",$16.69,-0.04,-0.239%,NA
UTF,"Cohen & Steers Infrastructure Fund, Inc Common Stock",$24.60,-0.20,-0.806%,NA
UTG,Reaves Utility Income Fund Common Shares of Beneficial Interest,$35.24,-0.90,-2.49%,NA
UYSC,UY Scuti Acquisition Corp. Ordinary Shares,$11.00,UNCH,--,NA
UYSCR,UY Scuti Acquisition Corp. Rights,$0.08,UNCH,--,NA
VACI,Viking Acquisition Corp. I Class A Ordinary Shares,$7.42,-0.67,-8.282%,NA
VBF,Invesco Bond Fund Common Stock,$14.26,-0.08,-0.558%,NA
VCX,"Fundrise Innovation Fund, LLC Common Shares of Limited Liability Company Interests",$30.60,-0.23,-0.746%,NA
VECA,Vernal Capital Acquisition Corp. Ordinary Shares,$10.02,UNCH,--,NA
VGI,Virtus Global Multi-Sector Income Fund Common Shares of Beneficial Interest,$6.95,0.01,0.144%,NA
VHCP,Vine Hill Capital Investment Corp. II Class A Ordinary Shares,$10.06,-0.005,-0.05%,NA
VII,Viking Acquisition Corp. II Class A Ordinary Shares,$9.83,UNCH,--,NA
VLOS,Velos Acquisition I Corp. Class A Ordinary shares,$10.78,0.13,1.221%,NA
VLT,Invesco High Income Trust II,$9.28,-0.12,-1.277%,NA
VNME,Vendome Acquisition Corporation I Class A Ordinary Shares,$10.28,UNCH,--,NA
VNMEW,Vendome Acquisition Corporation I Warrant,$0.2799,UNCH,--,NA
VNO^L,Vornado Realty Trust Pfd Ser L %,$16.83,-0.195,-1.145%,NA
VNO^M,"Vornado Realty Trust 5.25% Series M Cumulative Redeemable Preferred Shares of Beneficial Interest, liquidation preference $25.00 per share, no par value per share",$16.7836,-0.2064,-1.215%,NA
VNO^N,"Vornado Realty Trust 5.25% Series N Cumulative Redeemable Preferred Shares of Beneficial Interest, liquidation preference $25.00 per share",$16.42,-0.23,-1.381%,NA
VNO^O,"Vornado Realty Trust 4.45% Series O Cumulative Redeemable Preferred Shares, Liquidation Preference $25.00 Per Share",$13.76,-0.23,-1.644%,NA
VOYA^B,"Voya Financial, Inc. Depositary Shares, each representing a 1/40th interest in a share of 5.35% Fixed-Rate Reset Non-Cumulative Preferred Stock, Series B",$23.40,-0.05,-0.213%,NA
VVR,Invesco Senior Income Trust Common Stock (DE),$2.86,-0.03,-1.038%,NA
WAL^A,"Western Alliance Bancorporation Depositary Shares, Each Representing a 1/400th Interest in a Share of 4.250% Fixed-Rate Non-Cumulative Perpetual Preferred Stock, Series A",$24.73,-0.02,-0.081%,NA
WDI,Western Asset Diversified Income Fund Common Shares of Beneficial Interest,$11.97,-0.33,-2.683%,NA
WEA,Western Asset Bond Fund Share of Beneficial Interest,$9.96,-0.09,-0.896%,NA
WENC,West Enclave Merger Corp. Ordinary Shares,$10.01,-0.01,-0.10%,NA
WENN,Wen Acquisition Corp Class A Ordinary Shares,$10.41,0.0038,0.037%,NA
WENNU,Wen Acquisition Corp Unit,$10.5099,0.0099,0.094%,NA
WENNW,Wen Acquisition Corp Warrant,$0.26,-0.0008,-0.307%,NA
WFC^A,"Wells Fargo & Company Depositary Shares, each representing a 1/1,000th interest in a share of Non-Cumulative Perpetual Class A Preferred Stock, Series AA",$17.05,-0.08,-0.467%,NA
WFC^C,"Wells Fargo & Company Depositary Shares, each representing a 1/1,000th interest in a share of Non-Cumulative Perpetual Class A Preferred Stock, Series CC",$15.85,-0.12,-0.751%,NA
WFC^D,"Wells Fargo & Company Depositary Shares, each representing a 1/1,000th interest in  a share of Non-Cumulative Perpetual Class A Preferred Stock, Series DD",$15.42,-0.09,-0.58%,NA
WFC^L,"Wells Fargo & Company 7.50% Non-Cumulative Perpetual Convertible Class A Preferred Stock, Series L","$1,090.00",-13.20,-1.197%,NA
WFC^Y,"Wells Fargo & Company Depositary Shares, each representing a 1/1,000th interest in a share of Non-Cumulative Perpetual Class A Preferred Stock, Series Y",$20.56,-0.34,-1.627%,NA
WFC^Z,"Wells Fargo & Company Depositary Shares, each representing a 1/1,000th interest in a share of Non-Cumulative Perpetual Class A Preferred Stock, Series Z",$17.14,-0.18,-1.039%,NA
WHR^A,"Whirlpool Corporation Depositary Shares, each representing a 1/20th interest in a share of 8.50% Series A Mandatory Convertible Preferred Stock",$29.80,-0.25,-0.832%,NA
WIA,Western Asset Inflation-Linked Income Fund,$7.65,-0.14,-1.797%,NA
WIW,Western Asset Inflation-Linked Opportunities & Income Fund,$7.96,-0.13,-1.607%,NA
WLCO,Wilco 63 Corporation Class A Ordinary Shares,$9.865,UNCH,--,NA
WLCOU,Wilco 63 Corporation Units,$10.09,0.09,0.90%,NA
WLII,Willow Lane Acquisition Corp. II Class A Ordinary Shares,$10.26,UNCH,--,NA
WLIIW,Willow Lane Acquisition Corp. II Warrants,$0.75,UNCH,--,NA
WPAC,White Pearl Acquisition Corp. Class A Ordinary Shares,$10.061,UNCH,--,NA
WRB^E,W.R. Berkley Corporation 5.70% Subordinated Debentures due 2058,$20.36,0.07,0.345%,NA
WRB^F,W.R. Berkley Corporation 5.10% Subordinated Debentures due 2059,$18.14,0.025,0.138%,NA
WRB^G,W.R. Berkley Corporation 4.25% Subordinated Debentures due 2060,$15.8001,0.0651,0.414%,NA
WRB^H,W.R. Berkley Corporation 4.125% Subordinated Debentures due 2061,$14.98,0.02,0.134%,NA
WSO/B,"Watsco, Inc.",$326.7053,14.2453,4.559%,NA
WTG,Wintergreen Acquisition Corp. Ordinary Shares,$10.588,0.008,0.076%,NA
WTGUR,Wintergreen Acquisition Corp. Rights,$0.10,UNCH,--,NA
WTGUU,Wintergreen Acquisition Corp. Unit,$10.7762,UNCH,--,NA
XCBE,X3 Acquisition Corp. Ltd. Class A Ordinary Shares,$10.01,UNCH,--,NA
XELLL,"Xcel Energy Inc. 6.25% Junior Subordinated Notes, Series due 2085",$21.99,0.03,0.137%,NA
XFLH,XFLH Capital Corporation Ordinary Shares,$10.04,UNCH,--,NA
XIII,Churchill Capital Corp XIII Class A Ordinary Shares,$10.34,UNCH,--,NA
XIIIU,Churchill Capital Corp XIII Units,$10.64,UNCH,--,NA
XIIIW,Churchill Capital Corp XIII Warrants,$2.16,0.06,2.857%,NA
XRN^A,Chiron Real Estate Inc. Series A Cumulative Redeemable Preferred Stock,$24.82,-0.18,-0.72%,NA
XRN^B,"Chiron Real Estate Inc. 8.00% Series B Cumulative Redeemable Preferred Stock, $0.001 par value per share",$25.85,UNCH,--,NA
XRPN,Armada Acquisition Corp. II Class A Ordinary Shares,$10.57,UNCH,--,NA
XRPNU,Armada Acquisition Corp. II Units,$11.36,UNCH,--,NA
XRPNW,Armada Acquisition Corp. II Warrant,$1.29,UNCH,--,NA
XSLL,Xsolla SPAC 1 Class A Ordinary Shares,$9.98,-0.005,-0.05%,NA
XTER,Karman Line Acquisition Corp. Class A Ordinary Shares,$9.79,UNCH,--,NA
XTERU,Karman Line Acquisition Corp. Units,$9.94,0.0268,0.27%,NA
YCY,AA Mission Acquisition Corp. II Class A Ordinary Shares,$10.23,UNCH,--,NA
YHNA,YHN Acquisition I Limited Ordinary Shares,$11.05,UNCH,--,NA
YICC,Yorkville International Capital Corp. Class A Ordinary Shares,$9.925,UNCH,--,NA
ZKP,Lafayette Digital Acquisition Corp. I Class A Ordinary Shares,$10.03,UNCH,--,NA
ZKPU,Lafayette Digital Acquisition Corp. I Unit,$10.24,UNCH,--,NA
ZTR,Virtus Total Return Fund Inc.,$6.08,-0.11,-1.777%,NA
