Symbol,Name,Last Sale,Net Change,% Change,Market Cap
NVDA,NVIDIA Corporation Common Stock,$216.85,-0.71,-0.326%,"5,247,770,000,000"
AAPL,Apple Inc. Common Stock,$311.30,-5.53,-1.745%,"4,543,168,234,000"
GOOGL,Alphabet Inc. Class A Common Stock,$340.67,-4.05,-1.175%,"4,166,394,100,000"
GOOG,Alphabet Inc. Class C Capital Stock,$338.20,-3.50,-1.024%,"4,136,186,000,000"
MSFT,Microsoft Corporation Common Stock,$481.15,-2.25,-0.465%,"3,572,801,212,995"
AMZN,"Amazon.com, Inc. Common Stock",$260.11,-5.73,-2.155%,"2,805,628,023,213"
TSM,Taiwan Semiconductor Manufacturing Company Ltd.,$416.00,3.91,0.949%,"2,157,586,040,064"
SPCX,Space Exploration Technologies Corp. Class A Common Stock,$134.00,-5.65,-4.046%,"1,818,758,097,750"
AVGO,Broadcom Inc. Common Stock,$364.03,1.55,0.428%,"1,731,901,919,478"
META,"Meta Platforms, Inc. Class A Common Stock",$545.83,-0.20,-0.037%,"1,390,505,322,792"
TSLA,"Tesla, Inc. Common Stock",$345.13,-5.99,-1.706%,"1,363,107,292,091"
SKHY,SK hynix Inc. American Depositary Shares,$163.08,6.92,4.431%,"1,188,633,857,400"
LLY,Eli Lilly and Company Common Stock,"$1,244.40",-35.94,-2.807%,"1,171,424,731,686"
MU,"Micron Technology, Inc. Common Stock",$974.33,37.225,3.972%,"1,100,401,628,814"
BRK/B,Berkshire Hathaway Inc.,$496.86,-2.76,-0.552%,"1,096,227,867,795"
BRK/A,Berkshire Hathaway Inc.,"$744,600.00","-5,570.00",-0.742%,"1,095,212,780,400"
JPM,JP Morgan Chase & Co. Common Stock,$351.55,-5.71,-1.598%,"934,485,356,852"
WMT,Walmart Inc. Common Stock,$103.84,-10.46,-9.151%,"826,366,939,455"
AMD,"Advanced Micro Devices, Inc. Common Stock",$469.455,3.035,0.651%,"766,373,570,842"
XOM,ExxonMobil Holdings Corporation Common Stock,$166.15,1.38,0.838%,"683,194,172,154"
ASML,ASML Holding N.V. New York Registry Shares,"$1,750.31",-1.42,-0.081%,"674,600,393,226"
V,Visa Inc.,$365.73,0.19,0.052%,"653,469,988,439"
JNJ,Johnson & Johnson Common Stock,$267.37,-6.04,-2.209%,"644,334,587,880"
GOOGM,Alphabet Inc. Depositary Shares representing a 1/20th Interest in a Share of Series A Mandatory Convertible Preferred Stock,$48.62,-0.34,-0.694%,"594,622,600,000"
GOOGN,Alphabet Inc. Depositary Shares representing a 1/20th Interest in a Share of Series B Mandatory Convertible Preferred Stock,$48.31,-0.37,-0.76%,"590,831,300,000"
MA,Mastercard Incorporated Common Stock,$573.85,0.13,0.023%,"502,698,304,069"
INTC,Intel Corporation Common Stock,$92.13,-0.67,-0.722%,"486,913,454,048"
ABBV,AbbVie Inc. Common Stock,$261.83,-4.14,-1.557%,"462,684,318,732"
BAC,Bank of America Corporation Common Stock,$61.86,-1.31,-2.074%,"432,571,413,859"
CSCO,"Cisco Systems, Inc. Common Stock (DE)",$109.59,-0.96,-0.868%,"431,941,824,937"
PLTR,Palantir Technologies Inc. Class A Common Stock,$173.96,-1.23,-0.702%,"417,861,223,381"
COST,Costco Wholesale Corporation Common Stock,$933.51,-23.48,-2.454%,"413,991,898,322"
ORCL,Oracle Corporation Common Stock,$142.07,-1.74,-1.21%,"409,228,514,970"
CVX,Chevron Corporation Common Stock,$205.77,0.01,0.005%,"406,554,455,051"
AMAT,"Applied Materials, Inc. Common Stock",$496.21,0.57,0.115%,"393,970,608,760"
KO,Coca-Cola Company (The) Common Stock,$90.50,0.15,0.166%,"389,380,706,492"
LRCX,Lam Research Corporation Common Stock,$310.53,3.36,1.094%,"388,572,710,130"
CAT,"Caterpillar, Inc. Common Stock",$815.39,-0.76,-0.093%,"374,814,307,742"
MRK,"Merck & Company, Inc. Common Stock (new)",$148.99,-3.21,-2.109%,"367,583,902,346"
GE,GE Aerospace Common Stock,$344.64,-11.59,-3.254%,"357,585,544,480"
HSBC,"HSBC Holdings, plc. Common Stock",$102.33,0.03,0.029%,"351,678,817,549"
UNH,UnitedHealth Group Incorporated Common Stock (DE),$384.85,-3.76,-0.968%,"345,439,376,868"
NFLX,"Netflix, Inc. Common Stock",$80.14,-0.08,-0.10%,"333,698,125,635"
HD,"Home Depot, Inc. (The) Common Stock",$334.49,-9.81,-2.849%,"333,525,558,962"
PG,Procter & Gamble Company (The) Common Stock,$142.97,-1.41,-0.977%,"332,324,194,588"
MS,Morgan Stanley Common Stock,$207.45,-6.78,-3.165%,"325,813,977,275"
BABA,Alibaba Group Holding Limited American Depositary Shares each representing eight Ordinary share,$130.53,1.63,1.265%,"304,622,562,430"
TM,Toyota Motor Corporation Common Stock,$192.24,3.46,1.833%,"303,642,838,931"
PM,Philip Morris International Inc Common Stock,$191.52,1.59,0.837%,"298,505,645,837"
NVS,Novartis AG Common Stock,$156.24,-4.07,-2.539%,"298,129,618,327"
GS,"Goldman Sachs Group, Inc. (The) Common Stock","$1,001.95",-19.70,-1.928%,"291,739,192,246"
RTX,RTX Corporation Common Stock,$212.29,-8.06,-3.658%,"286,115,576,390"
RY,Royal Bank Of Canada Common Stock,$205.21,-2.41,-1.161%,"285,196,197,065"
PANW,"Palo Alto Networks, Inc. Common Stock",$349.56,-10.20,-2.835%,"284,891,400,000"
DELL,Dell Technologies Inc. Class C Common Stock ,$434.78,-2.77,-0.633%,"281,784,392,327"
ARM,Arm Holdings plc American Depositary Shares,$250.72,1.38,0.553%,"266,779,932,781"
SAP,SAP  SE ADS,$217.09,1.49,0.691%,"266,695,983,725"
SHEL,Shell PLC American Depositary Shares (each representing two (2) Ordinary Shares) ,$93.65,0.88,0.949%,"266,429,177,448"
GEV,GE Vernova Inc. Common Stock,$966.01,-21.45,-2.172%,"257,280,902,582"
MUFG,"Mitsubishi UFJ Financial Group, Inc. Common Stock",$21.56,UNCH,--,"255,867,847,435"
AZN,AstraZeneca PLC Ordinary Shares,$164.49,-0.46,-0.279%,"255,078,898,192"
WFC,Wells Fargo & Company Common Stock,$83.70,-2.24,-2.606%,"253,108,744,423"
KLAC,KLA Corporation Common Stock,$185.86,-1.41,-0.753%,"242,834,785,088"
TXN,Texas Instruments Incorporated Common Stock,$265.60,-1.85,-0.692%,"242,558,585,402"
BHP,BHP Group Limited American Depositary Shares (Each representing two Ordinary Shares),$93.63,1.34,1.452%,"237,885,352,716"
CCZ,Comcast Holdings ZONES,$66.4499,UNCH,--,"235,806,545,412"
AMGN,Amgen Inc. Common Stock,$433.73,-8.63,-1.951%,"234,488,319,529"
SNDK,Sandisk Corporation Common Stock,"$1,600.62",31.75,2.024%,"234,361,181,381"
TMO,Thermo Fisher Scientific Inc Common Stock,$627.55,14.01,2.283%,"232,034,909,329"
ANET,"Arista Networks, Inc. Common Stock",$183.75,-2.70,-1.448%,"231,750,029,070"
AXP,American Express Company Common Stock,$331.15,-8.75,-2.574%,"223,628,851,198"
LIN,Linde plc Ordinary Shares,$481.29,0.16,0.033%,"221,865,142,650"
IBM,International Business Machines Corporation Common Stock,$233.69,-3.47,-1.463%,"220,167,385,599"
MRVL,"Marvell Technology, Inc. Common Stock",$251.01,13.74,5.791%,"219,826,129,837"
C,"Citigroup, Inc. Common Stock",$129.67,-3.22,-2.423%,"217,513,227,652"
SAN,"Banco Santander, S.A. Sponsored ADR (Spain)",$14.21,0.04,0.282%,"208,735,230,123"
VZ,Verizon Communications Inc. Common Stock,$49.19,-0.17,-0.344%,"204,373,392,186"
NVO,Novo Nordisk A/S Common Stock,$46.14,-0.34,-0.731%,"204,304,714,193"
TTE,TotalEnergies SE Ordinary Shares,$90.90,0.83,0.922%,"198,331,237,984"
ABT,Abbott Laboratories Common Stock,$114.14,-0.29,-0.253%,"197,505,949,405"
TMUS,"T-Mobile US, Inc. Common Stock",$181.22,-1.14,-0.625%,"194,389,549,708"
PEP,"PepsiCo, Inc. Common Stock",$142.08,-0.50,-0.351%,"193,923,792,561"
CRWD,"CrowdStrike Holdings, Inc. Class A Common Stock",$190.34,-11.29,-5.599%,"193,815,471,355"
TD,Toronto Dominion Bank (The) Common Stock,$116.85,-1.50,-1.267%,"193,085,277,000"
STX,Seagate Technology Holdings PLC Ordinary Shares (Ireland),$850.24,17.68,2.124%,"192,702,234,984"
SHOP,Shopify Inc. Class A Subordinate Voting Shares,$147.18,0.60,0.409%,"190,717,466,660"
MCD,McDonald's Corporation Common Stock,$269.13,1.68,0.628%,"190,447,565,238"
SCHW,Charles Schwab Corporation (The) Common Stock,$109.79,-1.09,-0.983%,"189,863,768,040"
APH,Amphenol Corporation Common Stock,$153.11,-2.93,-1.878%,"188,782,097,101"
DIS,Walt Disney Company (The) Common Stock,$107.32,0.39,0.365%,"185,308,038,323"
UNP,Union Pacific Corporation Common Stock,$303.97,2.17,0.719%,"180,581,129,127"
ADI,"Analog Devices, Inc. Common Stock",$370.24,-3.02,-0.809%,"180,339,105,690"
GILD,"Gilead Sciences, Inc. Common Stock",$143.44,-4.16,-2.818%,"177,859,167,433"
NEE,"NextEra Energy, Inc. Common Stock",$85.03,-0.88,-1.024%,"177,370,727,111"
BLK,"BlackRock, Inc. Common Stock","$1,139.82",-19.10,-1.648%,"176,523,078,793"
T,AT&T Inc.,$25.15,0.03,0.119%,"172,337,499,098"
WELL,Welltower Inc. Common Stock,$237.40,1.67,0.708%,"171,104,851,367"
BA,Boeing Company (The) Common Stock,$215.10,-7.10,-3.195%,"170,008,591,302"
WDC,Western Digital Corporation Common Stock,$469.05,6.96,1.506%,"169,111,729,783"
QCOM,QUALCOMM Incorporated Common Stock,$160.74,-1.17,-0.723%,"168,814,600,462"
CRM,"Salesforce, Inc. Common Stock",$205.43,-0.66,-0.32%,"168,247,170,000"
DE,Deere & Company Common Stock,$620.94,40.31,6.942%,"167,614,944,680"
SCCO,Southern Copper Corporation Common Stock,$198.73,4.05,2.08%,"165,806,739,933"
UBS,UBS Group AG Registered Ordinary Shares,$53.20,0.07,0.132%,"165,102,755,779"
BBVA,Banco Bilbao Vizcaya Argentaria S.A. Common Stock,$28.63,0.10,0.351%,"163,447,773,881"
COP,ConocoPhillips Common Stock,$134.89,4.31,3.301%,"162,048,412,542"
ETN,"Eaton Corporation, PLC Ordinary Shares",$415.29,-9.38,-2.209%,"161,298,636,000"
UBER,"Uber Technologies, Inc. Common Stock",$78.55,0.51,0.654%,"160,443,097,505"
PFE,"Pfizer, Inc. Common Stock",$27.79,-0.45,-1.593%,"158,393,929,038"
BKNG,Booking Holdings Inc. Common Stock,$209.87,-3.13,-1.469%,"157,692,225,535"
TJX,"TJX Companies, Inc. (The) Common Stock",$140.69,-3.81,-2.637%,"155,420,868,508"
BUD,Anheuser-Busch Inbev SA Sponsored ADR (Belgium),$77.92,-0.21,-0.269%,"153,668,607,568"
DHR,Danaher Corporation Common Stock,$215.91,4.41,2.085%,"151,781,718,919"
MNST,Monster Beverage Corporation,$47.49,0.06,0.127%,"139,553,191,982"
SONY,Sony Group Corporation American Depositary Shares ,$23.58,0.09,0.383%,"139,302,758,479"
TBB,AT&T Inc. 5.350% Global Notes due 2066,$19.45,-0.02,-0.103%,"139,074,997,586"
UL,Unilever PLC American Depositary Shares (each representing One Ordinary Share),$63.40,0.22,0.348%,"138,542,012,660"
VRTX,Vertex Pharmaceuticals Incorporated Common Stock,$540.26,-11.80,-2.137%,"136,934,798,800"
NEM,Newmont Corporation,$127.64,2.56,2.047%,"134,493,281,470"
NOW,"ServiceNow, Inc. Common Stock",$129.75,2.55,2.005%,"134,161,500,000"
BMY,Bristol-Myers Squibb Company Common Stock,$65.47,-2.14,-3.165%,"133,736,528,528"
PLD,"Prologis, Inc. Common Stock",$140.68,-0.62,-0.439%,"133,375,331,680"
ISRG,"Intuitive Surgical, Inc. Common Stock",$374.48,-23.24,-5.843%,"132,295,559,670"
CB,Chubb Limited  Common Stock,$342.87,1.95,0.572%,"132,279,197,655"
LMT,Lockheed Martin Corporation Common Stock,$571.48,-17.67,-2.999%,"131,892,299,524"
GLW,Corning Incorporated Common Stock,$151.45,-1.01,-0.662%,"130,457,262,730"
COF,Capital One Financial Corporation Common Stock,$212.48,-8.25,-3.738%,"130,353,257,953"
RIO,Rio Tinto Plc Common Stock,$102.17,1.73,1.722%,"128,329,462,127"
PGR,Progressive Corporation (The) Common Stock,$220.34,3.07,1.413%,"128,099,455,802"
PDD,PDD Holdings Inc. American Depositary Shares,$89.52,-0.68,-0.754%,"127,422,451,278"
SPGI,S&P Global Inc. Common Stock,$432.16,5.50,1.289%,"127,400,768,000"
MFG,"Mizuho Financial Group, Inc. Sponosred ADR (Japan)",$10.13,-0.01,-0.099%,"126,110,831,286"
PH,Parker-Hannifin Corporation Common Stock,"$1,000.13",-23.12,-2.259%,"126,102,780,231"
SYK,Stryker Corporation Common Stock,$327.70,-12.28,-3.612%,"125,696,887,174"
BTI,"British American Tobacco  Industries, p.l.c. Common Stock ADR",$56.70,0.72,1.286%,"122,918,248,902"
PBR,Petroleo Brasileiro S.A. Petrobras ADS,$19.01,0.47,2.535%,"122,507,404,903"
BMO,Bank Of Montreal Common Stock,$172.90,-2.83,-1.61%,"121,880,652,958"
LOW,"Lowe's Companies, Inc. Common Stock",$217.34,-2.66,-1.209%,"121,864,068,291"
ACN,Accenture plc Class A Ordinary Shares (Ireland),$181.35,-1.82,-0.994%,"121,052,976,584"
CVS,CVS Health Corporation Common Stock,$93.65,UNCH,--,"119,775,575,057"
HDB,HDFC Bank Limited Common Stock,$23.34,0.18,0.777%,"119,760,405,592"
SBUX,Starbucks Corporation Common Stock,$103.99,-0.99,-0.943%,"118,548,600,000"
BP,BP p.l.c. Common Stock,$45.14,1.41,3.224%,"118,173,378,301"
MDT,Medtronic plc. Ordinary Shares,$92.30,-1.83,-1.944%,"118,142,233,470"
SMFG,Sumitomo Mitsui Financial Group Inc Unsponsored American Depositary Shares (Japan),$24.54,-0.03,-0.122%,"111,935,525,859"
MO,"Altria Group, Inc.",$66.94,0.91,1.378%,"111,772,658,406"
SNOW,Snowflake Inc. Common Stock,$321.29,-3.72,-1.145%,"111,359,114,000"
ENB,Enbridge Inc Common Stock,$50.99,0.74,1.473%,"111,341,656,870"
ADP,"Automatic Data Processing, Inc. Common Stock",$279.21,1.99,0.718%,"110,919,728,798"
ABNB,"Airbnb, Inc. Class A Common Stock",$185.00,-1.39,-0.746%,"110,775,351,170"
FTNT,"Fortinet, Inc. Common Stock",$150.79,-2.06,-1.348%,"110,636,681,736"
SNY,Sanofi ADS,$45.15,-0.68,-1.484%,"110,114,266,769"
SPOT,Spotify Technology S.A. Ordinary Shares,$533.13,-0.24,-0.045%,"109,735,495,120"
HWM,Howmet Aerospace Inc. Common Stock,$273.64,-9.84,-3.471%,"109,128,014,822"
ADBE,Adobe Inc. Common Stock,$272.22,-0.25,-0.092%,"108,207,450,000"
AEM,Agnico Eagle Mines Limited Common Stock,$212.04,4.32,2.08%,"107,623,234,016"
EQNR,Equinor ASA,$42.86,0.83,1.975%,"107,161,616,346"
EQIX,"Equinix, Inc. Common Stock REIT","$1,082.61",5.53,0.513%,"106,822,953,980"
BNY,The Bank of New York Mellon Corporation Common Stock,$157.24,-2.52,-1.577%,"106,687,991,288"
IBN,ICICI Bank Limited Common Stock,$29.67,0.23,0.781%,"106,220,269,976"
BX,Blackstone Inc. Common Stock,$141.35,-3.74,-2.578%,"106,100,859,864"
BNS,Bank Nova Scotia Halifax Pfd 3 Ordinary Shares,$86.44,-1.25,-1.425%,"106,043,499,398"
CM,Canadian Imperial Bank of Commerce Common Stock,$115.69,-2.15,-1.825%,"105,834,077,477"
CNQ,Canadian Natural Resources Limited Common Stock,$51.03,1.53,3.091%,"105,572,905,200"
GSK,GSK plc American Depositary Shares (Each representing two Ordinary Shares),$51.96,-0.92,-1.74%,"105,225,653,686"
SO,Southern Company (The) Common Stock,$91.43,-0.76,-0.824%,"105,177,685,981"
GD,General Dynamics Corporation Common Stock,$386.07,-6.27,-1.598%,"104,454,016,274"
APP,Applovin Corporation Class A Common Stock,$308.77,-2.02,-0.65%,"103,330,189,270"
FCX,"Freeport-McMoRan, Inc. Common Stock",$71.22,2.13,3.083%,"102,273,167,988"
VRT,"Vertiv Holdings, LLC Class A Common Stock",$264.63,3.63,1.391%,"101,879,420,221"
BN,Brookfield Corporation Class A Limited Voting Shares,$41.37,-0.78,-1.851%,"101,387,513,641"
MPC,Marathon Petroleum Corporation Common Stock,$358.23,-2.52,-0.699%,"100,599,854,849"
RACE,Ferrari N.V. Common Shares,$428.37,3.19,0.75%,"100,214,820,030"
ING,"ING Group, N.V. Common Stock",$34.50,-0.19,-0.548%,"100,134,100,236"
NET,"Cloudflare, Inc. Class A Common Stock",$278.91,-12.97,-4.444%,"99,314,193,311"
TT,Trane Technologies plc,$451.10,-4.38,-0.962%,"99,252,455,145"
INTU,Intuit Inc. Common Stock,$361.87,-0.60,-0.166%,"98,984,834,190"
VLO,Valero Energy Corporation Common Stock,$341.51,-4.75,-1.372%,"98,330,107,206"
MCK,McKesson Corporation Common Stock,$838.75,-14.96,-1.752%,"97,790,166,966"
PWR,"Quanta Services, Inc. Common Stock",$662.47,-14.94,-2.205%,"97,601,558,694"
MELI,"MercadoLibre, Inc. Common Stock","$1,921.96",13.31,0.697%,"97,437,225,572"
CME,CME Group Inc. Class A Common Stock,$270.87,3.93,1.472%,"97,399,234,969"
CEG,Constellation Energy Corporation Common Stock ,$272.92,-1.25,-0.456%,"96,697,569,877"
PNC,"PNC Financial Services Group, Inc. (The) Common Stock",$241.62,-4.84,-1.964%,"96,392,768,821"
DASH,"DoorDash, Inc. Class A Common Stock",$222.36,2.14,0.972%,"96,348,129,271"
USB,U.S. Bancorp Common Stock,$61.78,-1.04,-1.656%,"96,256,418,334"
KKR,KKR & Co. Inc. Common Stock,$107.02,-3.44,-3.114%,"96,064,962,019"
PSX,Phillips 66 Common Stock,$240.00,-2.29,-0.945%,"95,765,019,840"
DUK,Duke Energy Corporation (Holding Company) Common Stock,$122.69,-0.91,-0.736%,"95,661,662,059"
CSX,CSX Corporation Common Stock,$50.97,0.29,0.572%,"94,420,646,519"
CMCSA,Comcast Corporation Class A Common Stock,$26.42,-0.17,-0.639%,"93,754,978,259"
MAR,Marriott International Class A Common Stock,$356.60,-2.62,-0.729%,"92,989,258,301"
BCS,Barclays PLC Common Stock,$26.49,-0.38,-1.414%,"92,093,095,224"
MMM,3M Company Common Stock,$178.09,-2.57,-1.423%,"91,845,005,244"
MRSH,Marsh Common Stock,$190.21,1.01,0.534%,"90,770,355,286"
E,ENI S.p.A. Common Stock,$57.35,1.38,2.466%,"90,233,489,644"
WM,"Waste Management, Inc. Common Stock",$224.92,-0.16,-0.071%,"89,903,939,185"
ICE,Intercontinental Exchange Inc. Common Stock,$158.61,1.37,0.871%,"89,042,779,583"
HCA,"HCA Healthcare, Inc. Common Stock",$406.27,-0.78,-0.192%,"87,958,064,405"
WMB,"Williams Companies, Inc. (The) Common Stock",$71.68,-1.56,-2.13%,"87,676,644,393"
LYG,Lloyds Banking Group Plc American Depositary Shares,$5.90,-0.04,-0.673%,"87,443,982,093"
UPS,"United Parcel Service, Inc. Common Stock",$102.58,-0.28,-0.272%,"87,273,174,682"
JCI,Johnson Controls International plc Ordinary Share,$143.16,-1.78,-1.228%,"86,717,948,845"
MCO,Moody's Corporation Common Stock,$498.77,1.74,0.35%,"86,386,964,000"
CDNS,"Cadence Design Systems, Inc. Common Stock",$313.59,-1.39,-0.441%,"86,360,490,870"
EMR,Emerson Electric Company Common Stock,$154.72,-2.88,-1.827%,"86,302,816,000"
ELV,"Elevance Health, Inc. Common Stock",$396.28,-2.17,-0.545%,"85,940,962,241"
HOOD,"Robinhood Markets, Inc. Class A Common Stock",$95.10,-0.67,-0.70%,"85,502,724,162"
REGN,"Regeneron Pharmaceuticals, Inc. Common Stock",$826.64,-14.20,-1.689%,"85,106,711,280"
CP,Canadian Pacific Kansas City Limited Common Shares,$94.83,0.39,0.413%,"84,613,385,353"
SHW,Sherwin-Williams Company (The) Common Stock,$346.91,-6.68,-1.889%,"84,215,230,163"
DDOG,"Datadog, Inc. Class A Common Stock",$232.55,-0.97,-0.415%,"83,502,896,831"
EPD,Enterprise Products Partners L.P. Common Stock,$38.43,0.31,0.813%,"82,988,707,605"
BAM,Brookfield Asset Management Inc Class A Limited Voting Shares,$51.52,-1.13,-2.146%,"82,289,651,167"
AMT,American Tower Corporation (REIT) Common Stock,$175.72,1.23,0.705%,"81,878,499,635"
MDLZ,"Mondelez International, Inc. Class A Common Stock",$64.14,-0.02,-0.031%,"81,862,398,776"
CMI,Cummins Inc. Common Stock,$593.24,-15.13,-2.487%,"81,668,080,268"
CTAS,Cintas Corporation Common Stock,$203.52,0.44,0.217%,"81,442,509,055"
ASX,"ASE Technology Holding Co., Ltd. American Depositary Shares (each representing Two Common Shares) ",$36.51,0.85,2.384%,"81,304,074,859"
ITW,Illinois Tool Works Inc. Common Stock,$282.74,-1.51,-0.531%,"80,524,352,000"
NOC,Northrop Grumman Corporation Common Stock,$563.86,-18.98,-3.256%,"80,103,657,840"
NGG,"National Grid Transco, PLC National Grid PLC (NEW) American Depositary Shares",$80.62,-0.04,-0.05%,"79,999,949,726"
EOG,"EOG Resources, Inc. Common Stock",$152.19,2.71,1.813%,"79,828,095,295"
SLB,SLB Limited Common Shares,$53.55,UNCH,--,"79,475,870,020"
SU,Suncor Energy  Inc. Common Stock,$67.94,0.47,0.697%,"79,464,635,839"
ITUB,Itau Unibanco Banco Holding SA American Depositary Shares (Each repstg 500 Preferred shares),$7.17,-0.20,-2.714%,"79,060,180,880"
ECL,Ecolab Inc. Common Stock,$281.48,-4.14,-1.449%,"78,906,895,172"
LITE,Lumentum Holdings Inc. Common Stock,$879.28,51.68,6.245%,"78,871,416,000"
CVNA,Carvana Co. Class A Common Stock,$71.52,1.08,1.533%,"78,705,168,830"
MSI,"Motorola Solutions, Inc. Common Stock",$473.63,-7.21,-1.499%,"78,382,822,810"
NSC,Norfolk Southern Corporation Common Stock,$346.62,0.91,0.263%,"77,853,754,249"
CNI,Canadian National Railway Company Common Stock,$128.23,0.59,0.462%,"77,463,743,000"
FDX,FedEx Corporation Common Stock,$326.04,-2.34,-0.713%,"77,164,028,627"
RCL,Royal Caribbean Cruises Ltd. Common Stock,$287.62,-12.94,-4.305%,"76,924,568,400"
APO,"Apollo Global Management, Inc. (New) Common Stock",$129.98,-3.65,-2.731%,"76,758,799,807"
NTES,"NetEase, Inc. American Depositary Shares",$119.81,-7.44,-5.847%,"76,454,128,260"
SNPS,"Synopsys, Inc. Common Stock",$397.92,-3.32,-0.827%,"76,193,453,004"
B,Barrick Mining Corporation Common Shares,$46.27,1.14,2.526%,"76,155,072,067"
TRV,"The Travelers Companies, Inc. Common Stock",$364.49,2.27,0.627%,"76,023,509,769"
GM,General Motors Company Common Stock,$86.15,1.19,1.401%,"75,592,450,257"
NWG,"NatWest Group plc American Depositary Shares, (each representing two (2) Ordinary Shares)",$18.31,-0.10,-0.543%,"75,318,567,294"
AON,Aon plc Class A Ordinary Shares (Ireland),$351.93,3.50,1.005%,"74,653,303,988"
HLT,Hilton Worldwide Holdings Inc. Common Stock ,$329.61,-5.12,-1.53%,"74,183,644,985"
ROST,"Ross Stores, Inc. Common Stock",$228.99,-5.70,-2.429%,"73,455,658,593"
ET,Energy Transfer LP Common Units ,$21.21,0.03,0.142%,"73,032,384,537"
CI,The Cigna Group Common Stock,$274.41,-3.04,-1.096%,"72,510,231,763"
ORLY,"O'Reilly Automotive, Inc. Common Stock",$89.08,-2.12,-2.325%,"72,062,227,351"
DLR,"Digital Realty Trust, Inc. Common Stock",$194.30,1.95,1.014%,"71,898,028,997"
TGT,Target Corporation Common Stock,$158.25,-0.75,-0.472%,"71,875,743,474"
SE,"Sea Limited American Depositary Shares, each representing one Class A Ordinary Share",$117.24,-1.86,-1.562%,"71,807,685,359"
BSX,Boston Scientific Corporation Common Stock,$49.37,-2.64,-5.076%,"71,548,461,699"
CL,Colgate-Palmolive Company Common Stock,$89.70,-1.17,-1.288%,"71,506,402,761"
SPG,"Simon Property Group, Inc. Common Stock",$219.90,-3.28,-1.47%,"71,148,978,149"
MFC,Manulife Financial Corporation Common Stock,$42.47,-0.95,-2.188%,"70,877,780,130"
WBD,"Warner Bros. Discovery, Inc. Series A Common Stock ",$28.23,-0.30,-1.052%,"70,877,154,554"
DB,Deutsche Bank AG Common Stock,$37.56,-0.47,-1.236%,"70,665,384,000"
AMX,"America Movil, S.A.B. de C.V. American Depositary Shares (each representing the right to receive twenty (20) Series B Shares",$23.39,-0.16,-0.679%,"70,398,052,500"
KMI,"Kinder Morgan, Inc. Common Stock",$31.61,-0.47,-1.465%,"70,389,214,033"
HPE,Hewlett Packard Enterprise Company Common Stock,$52.89,-0.24,-0.452%,"70,037,124,226"
HON,Honeywell International Inc. Common Stock,$218.32,-3.41,-1.538%,"69,194,342,983"
NU,Nu Holdings Ltd. Class A Ordinary Shares,$14.21,-0.40,-2.738%,"68,999,122,311"
AEP,"American Electric Power Company, Inc. Common Stock",$125.70,-0.57,-0.451%,"68,430,747,146"
WPM,Wheaton Precious Metals Corp Common Shares (Canada),$150.25,2.82,1.913%,"68,237,535,192"
URI,"United Rentals, Inc. Common Stock","$1,095.26",-21.78,-1.95%,"68,171,708,502"
PCAR,PACCAR Inc. Common Stock,$128.94,1.47,1.153%,"67,869,497,040"
RSG,"Republic Services, Inc. Common Stock",$219.50,-1.54,-0.697%,"67,213,748,671"
BRKRP,"Bruker Corporation 6.375% Mandatory Convertible Preferred Stock, Series A",$440.61,6.41,1.476%,"67,131,038,223"
APD,"Air Products and Chemicals, Inc. Common Stock",$300.33,-2.89,-0.953%,"66,879,145,225"
AJG,Arthur J. Gallagher & Co. Common Stock,$259.61,2.16,0.839%,"66,538,043,000"
IMO,Imperial Oil Limited Common Stock,$136.86,0.74,0.544%,"66,184,537,980"
TDG,Transdigm Group Incorporated Common Stock,"$1,180.40",-42.51,-3.476%,"65,248,410,110"
TRGP,"Targa Resources, Inc. Common Stock",$302.25,5.16,1.737%,"64,811,776,097"
RELX,RELX PLC PLC American Depositary Shares (Each representing One Ordinary Share),$35.38,0.28,0.798%,"64,532,323,773"
ARGX,argenx SE American Depositary Shares,"$1,038.12",5.26,0.509%,"64,428,725,291"
MPWR,"Monolithic Power Systems, Inc. Common Stock","$1,310.60",10.46,0.805%,"64,406,815,800"
ALL,Allstate Corporation (The) Common Stock,$254.54,-5.20,-2.002%,"64,362,462,593"
TRP,TC Energy Corporation Common Stock,$63.03,0.66,1.058%,"63,030,000,000"
BKR,Baker Hughes Company Class A Common Stock,$62.78,-1.70,-2.636%,"62,320,078,177"
CRH,CRH PLC Ordinary Shares,$93.09,-1.65,-1.742%,"62,308,807,725"
OXY,Occidental Petroleum Corporation Common Stock,$61.52,1.43,2.38%,"61,497,691,064"
TFC,Truist Financial Corporation Common Stock,$50.23,-0.74,-1.452%,"61,362,283,423"
GWW,"W.W. Grainger, Inc. Common Stock","$1,300.34",-6.61,-0.506%,"61,247,238,920"
CVE,Cenovus Energy Inc Common Stock,$32.48,UNCH,--,"60,900,000,000"
VALE,VALE S.A.  American Depositary Shares Each Representing one common share,$14.23,0.33,2.374%,"60,755,189,243"
COR,"Cencora, Inc. Common Stock",$314.69,-2.41,-0.76%,"60,051,400,554"
TER,"Teradyne, Inc. Common Stock",$383.15,3.50,0.922%,"59,901,958,363"
NBIS,Nebius Group N.V. Class A Ordinary Shares,$220.11,-3.79,-1.693%,"59,838,052,034"
O,Realty Income Corporation Common Stock,$63.17,0.22,0.349%,"59,772,593,145"
NKE,"Nike, Inc. Common Stock",$40.21,-0.84,-2.046%,"59,651,482,848"
BE,Bloom Energy Corporation Class A Common Stock,$202.48,-4.15,-2.008%,"59,635,897,018"
OKE,"ONEOK, Inc. Common Stock",$94.60,-1.41,-1.469%,"59,632,970,498"
MPLX,MPLX LP Common Units Representing Limited Partner Interests,$58.60,-0.09,-0.153%,"59,412,093,509"
MET,"MetLife, Inc. Common Stock",$93.46,-1.65,-1.735%,"59,391,673,597"
D,"Dominion Energy, Inc. Common Stock",$67.47,-0.82,-1.201%,"59,341,615,779"
FANG,"Diamondback Energy, Inc. Common Stock",$211.02,2.47,1.184%,"59,090,738,970"
FIX,"Comfort Systems USA, Inc. Common Stock","$1,672.94",-23.12,-1.363%,"58,878,000,757"
NOK,Nokia Corporation Sponsored American Depositary Shares,$10.15,0.02,0.197%,"58,283,732,914"
AFL,AFLAC Incorporated Common Stock,$116.17,-0.34,-0.292%,"58,241,050,929"
AU,AngloGold Ashanti PLC Ordinary Shares,$115.14,6.60,6.081%,"58,234,272,136"
FAST,Fastenal Company Common Stock,$50.66,-0.78,-1.516%,"58,132,227,048"
TEL,TE Connectivity plc Ordinary Shares,$200.54,-3.03,-1.488%,"58,058,982,743"
LNG,"Cheniere Energy, Inc. Common Stock",$279.17,4.87,1.775%,"57,658,140,889"
TAK,Takeda Pharmaceutical Company Limited American Depositary Shares (each representing 1/2 of a share of Common Stock),$18.13,-0.21,-1.145%,"57,287,982,743"
SRE,DBA Sempra Common Stock,$87.38,1.79,2.091%,"57,137,812,408"
COHR,Coherent Corp. Common Stock,$290.03,2.56,0.891%,"56,797,226,307"
PSA,Public Storage Common Stock,$322.74,-2.39,-0.735%,"56,679,964,787"
GRMN,Garmin Ltd. Common Stock (Switzerland),$293.09,-2.58,-0.873%,"56,523,149,776"
SOMN,Southern Company (The) 2025 Series A Corporate Units,$48.93,-0.16,-0.326%,"56,287,259,926"
NXPI,NXP Semiconductors N.V. Common Stock,$222.97,-3.05,-1.349%,"56,225,045,877"
CIEN,Ciena Corporation Common Stock,$392.48,-6.99,-1.75%,"55,556,690,827"
BMNP,"BitMine Immersion Technologies, Inc. 9.5% Series A Perpetual Preferred Stock",$91.90,0.50,0.547%,"55,436,505,609"
AME,"AMETEK, Inc.",$239.08,-4.14,-1.702%,"54,811,778,216"
F,Ford Motor Company Common Stock,$13.99,-0.51,-3.517%,"54,795,242,838"
NUE,Nucor Corporation Common Stock,$240.48,-8.26,-3.321%,"54,559,062,564"
NDAQ,"Nasdaq, Inc. Common Stock",$97.55,1.20,1.245%,"54,528,242,639"
DVN,Devon Energy Corporation Common Stock,$49.30,1.11,2.303%,"54,230,000,000"
MT,Arcelor Mittal NY Registry Shares NEW,$71.11,-3.48,-4.666%,"54,123,656,989"
KEYS,Keysight Technologies Inc. Common Stock,$316.51,-2.94,-0.92%,"54,090,092,926"
DAL,"Delta Air Lines, Inc. Common Stock",$81.06,-2.23,-2.677%,"53,306,922,812"
PYPL,"PayPal Holdings, Inc. Common Stock",$62.30,1.05,1.714%,"53,295,212,450"
MRNA,"Moderna, Inc. Common Stock",$133.32,-41.06,-23.546%,"53,226,128,721"
CAH,"Cardinal Health, Inc. Common Stock",$228.46,-6.39,-2.721%,"53,134,250,819"
CTVA,"Corteva, Inc. Common Stock ",$79.46,0.89,1.133%,"53,015,394,160"
ADSK,"Autodesk, Inc. Common Stock",$251.02,-0.27,-0.107%,"52,965,220,000"
HONA,Honeywell Aerospace Inc. Common Stock ,$165.89,-4.48,-2.63%,"52,579,287,550"
DEO,Diageo plc Common Stock,$93.85,0.95,1.023%,"52,237,205,158"
EW,Edwards Lifesciences Corporation Common Stock,$89.83,-2.45,-2.655%,"51,778,012,000"
VMRK,Vivmark Residential Common Shares of Beneficial Interest,$65.14,0.79,1.228%,"51,297,750,000"
HBANL,"Huntington Bancshares Incorporated Depositary Shares, Each Representing a 1/40th Interest in a Share of 6.875% Series J Non-Cumulative Perpetual Preferred Stock",$25.36,0.04,0.158%,"51,237,719,987"
BDX,"Becton, Dickinson and Company Common Stock",$187.62,0.02,0.011%,"51,105,211,416"
ALAB,"Astera Labs, Inc. Common Stock",$290.52,1.50,0.519%,"50,400,892,414"
LHX,"L3Harris Technologies, Inc. Common Stock",$270.44,-6.67,-2.407%,"50,359,880,751"
STT,State Street Corporation Common Stock,$183.07,-2.74,-1.475%,"50,289,652,119"
ETR,Entergy Corporation Common Stock,$107.34,-0.62,-0.574%,"50,088,224,995"
AXON,"Axon Enterprise, Inc. Common Stock",$614.26,-31.46,-4.872%,"49,900,894,538"
CBRS,Cerebras Systems Inc. Class A Common Stock,$209.85,-5.84,-2.708%,"49,852,814,004"
FNV,Franco-Nevada Corporation,$258.14,7.07,2.816%,"49,788,445,313"
CARR,Carrier Global Corporation Common Stock ,$60.15,-1.05,-1.716%,"49,583,152,179"
CRWV,"CoreWeave, Inc. Class A Common Stock",$89.76,-1.11,-1.222%,"49,505,925,396"
FITB,Fifth Third Bancorp Common Stock,$54.50,-0.46,-0.837%,"49,425,644,738"
WAB,Westinghouse Air Brake Technologies Corporation Common Stock,$292.31,0.08,0.027%,"49,374,330,856"
AMP,"Ameriprise Financial, Inc. Common Stock",$547.09,-12.69,-2.267%,"49,181,795,686"
XEL,Xcel Energy Inc. Common Stock,$78.71,-0.70,-0.882%,"49,164,966,225"
HEI,Heico Corporation Common Stock,$350.58,-12.84,-3.533%,"48,989,245,671"
WDAY,"Workday, Inc. Class A Common Stock",$197.32,-1.10,-0.554%,"48,738,040,000"
CCEP,Coca-Cola Europacific Partners plc Ordinary Shares,$106.85,0.17,0.159%,"48,508,022,966"
AZO,"AutoZone, Inc. Common Stock","$2,961.99",-114.90,-3.734%,"48,355,538,256"
PCG,Pacific Gas & Electric Co. Common Stock,$17.96,0.31,1.756%,"48,134,784,508"
XYZ,"Block, Inc. Class A Common Stock,",$80.08,-0.85,-1.05%,"48,111,663,600"
ROK,"Rockwell Automation, Inc. Common Stock",$431.45,-1.82,-0.42%,"48,009,147,022"
INFY,Infosys Limited American Depositary Shares,$11.83,-0.20,-1.663%,"47,986,739,877"
VTR,"Ventas, Inc. Common Stock",$92.68,0.83,0.904%,"47,539,868,552"
NTRA,"Natera, Inc. Common Stock",$324.84,-0.23,-0.071%,"46,823,792,183"
VST,Vistra Corp. Common Stock,$138.94,-3.76,-2.635%,"46,633,153,993"
EBAY,eBay Inc. Common Stock,$104.61,1.97,1.919%,"46,551,450,000"
EXC,Exelon Corporation Common Stock,$45.06,-0.24,-0.53%,"46,513,363,753"
FERG,Ferguson Enterprises Inc. Common Stock,$239.44,-3.75,-1.542%,"46,320,318,558"
ARES,Ares Management Corporation Class A Common Stock,$140.23,-2.87,-2.006%,"46,314,775,823"
TRI,Thomson Reuters Corporation Common Shares,$105.88,0.93,0.886%,"45,867,216,000"
WDS,"Woodside Energy Group Limited American Depositary Shares, each representing one Ordinary Share",$24.12,0.23,0.963%,"45,854,535,449"
HUM,Humana Inc. Common Stock,$380.73,2.71,0.717%,"45,718,175,665"
COIN,"Coinbase Global, Inc. Class A Common Stock",$172.35,12.15,7.584%,"45,472,293,679"
FER,Ferrovial N.V. Ordinary Shares,$63.15,-1.49,-2.305%,"45,433,757,039"
RVMD,"Revolution Medicines, Inc. Common Stock",$211.735,-2.925,-1.363%,"45,382,521,465"
UMC,United Microelectronics Corporation (NEW) Common Stock,$18.00,-0.12,-0.662%,"45,317,362,842"
TTWO,"Take-Two Interactive Software, Inc. Common Stock",$240.15,3.11,1.312%,"44,903,353,386"
CMG,"Chipotle Mexican Grill, Inc. Common Stock",$35.29,0.63,1.818%,"44,656,601,220"
ABEV,Ambev S.A. American Depositary Shares (Each representing 1 Common Share),$2.83,0.02,0.712%,"44,605,437,679"
STM,STMicroelectronics N.V. Common Stock,$49.92,-0.49,-0.972%,"44,555,856,733"
TEAM,Atlassian Corporation Class A Common Stock,$174.91,0.68,0.39%,"44,276,510,132"
A,"Agilent Technologies, Inc. Common Stock",$156.30,0.89,0.573%,"44,144,112,847"
CBRE,CBRE Group Inc Common Stock Class A,$151.79,-3.28,-2.115%,"43,954,634,483"
HLN,Haleon plc American Depositary Shares (Each representing two Ordinary Shares),$9.87,UNCH,--,"43,953,436,803"
PAYX,"Paychex, Inc. Common Stock",$122.91,0.41,0.335%,"43,716,980,323"
RKLB,Rocket Lab Corporation Common Stock,$72.95,-2.89,-3.811%,"43,657,637,960"
SLF,Sun Life Financial Inc. Common Stock,$78.26,-1.23,-1.547%,"43,580,239,561"
MSTR,Strategy Inc Common Stock Class A,$112.39,8.14,7.808%,"43,183,132,155"
CRDO,Credo Technology Group Holding Ltd Ordinary Shares,$231.35,-3.47,-1.478%,"43,141,661,702"
KDP,Keurig Dr Pepper Inc. Common Stock,$31.66,0.60,1.932%,"43,083,752,363"
IDXX,"IDEXX Laboratories, Inc. Common Stock",$545.86,-16.34,-2.906%,"43,003,459,980"
WCN,"Waste Connections, Inc. Common Shares",$168.33,-0.42,-0.249%,"42,962,028,963"
TEVA,Teva Pharmaceutical Industries Limited American Depositary Shares,$36.81,-0.66,-1.761%,"42,894,548,852"
LYV,"Live Nation Entertainment, Inc. Common Stock",$182.02,-2.17,-1.178%,"42,890,075,197"
MDLN,Medline Inc. Class A Common Stock,$32.58,-1.33,-3.922%,"42,833,170,089"
ODFL,"Old Dominion Freight Line, Inc. Common Stock",$204.52,-0.56,-0.273%,"42,408,576,331"
HMC,"Honda Motor Company, Ltd. Common Stock",$32.60,0.69,2.162%,"42,299,374,136"
IX,ORIX Corporation American Depositary Shares,$37.54,0.03,0.08%,"42,198,962,665"
IQV,"IQVIA Holdings, Inc. Common Stock",$256.05,6.77,2.716%,"42,145,830,000"
ONC,BeOne Medicines Ltd. American Depositary Shares,$369.16,-7.70,-2.043%,"41,974,184,913"
CCJ,Cameco Corporation Common Stock,$95.59,-2.39,-2.439%,"41,632,597,367"
BSBR,"Banco Santander Brasil SA American Depositary Shares, each representing one unit",$5.57,UNCH,--,"41,614,573,590"
PRU,"Prudential Financial, Inc. Common Stock",$120.59,-1.63,-1.334%,"41,603,550,000"
YUM,"Yum! Brands, Inc.",$152.33,6.40,4.386%,"41,571,022,278"
MSCI,MSCI Inc. Common Stock,$568.75,3.48,0.616%,"41,348,125,000"
DHI,"D.R. Horton, Inc. Common Stock",$147.33,-4.53,-2.983%,"41,208,387,667"
HBANM,Huntington Bancshares Incorporated Depositary Shares each representing a 1/1000th interest in a share of Huntington Series I Preferred Stock,$20.395,0.085,0.419%,"41,206,360,376"
MCHP,Microchip Technology Incorporated Common Stock,$75.81,-1.27,-1.648%,"41,165,488,865"
VEEV,Veeva Systems Inc. Class A Common Stock,$250.53,-0.47,-0.187%,"40,886,169,810"
FLEX,Flex Ltd. Ordinary Shares,$110.32,-2.71,-2.398%,"40,752,536,533"
IBKR,"Interactive Brokers Group, Inc. Class A Common Stock",$89.85,-0.69,-0.762%,"40,709,073,664"
GFI,Gold Fields Limited American Depositary Shares,$45.45,1.60,3.649%,"40,678,852,026"
KB,KB Financial Group Inc,$113.24,-2.80,-2.413%,"40,606,473,639"
ROP,"Roper Technologies, Inc. Common Stock",$410.45,3.13,0.768%,"40,593,863,733"
FMX,Fomento Economico Mexicano S.A.B. de C.V. Common Stock,$118.71,-0.01,-0.008%,"40,442,297,066"
VIK,Viking Holdings Ltd Ordinary Shares,$90.53,-0.24,-0.264%,"40,357,010,111"
ED,"Consolidated Edison, Inc. Common Stock",$108.31,0.31,0.287%,"40,056,139,240"
RKT,"Rocket Companies, Inc. Class A Common Stock",$14.06,-0.57,-3.896%,"39,812,892,439"
WAT,Waters Corporation Common Stock,$404.69,-11.15,-2.681%,"39,760,028,041"
SYY,Sysco Corporation Common Stock,$83.06,0.60,0.728%,"39,717,847,420"
AIG,"American International Group, Inc. New Common Stock",$75.75,0.05,0.066%,"39,609,157,552"
JD,"JD.com, Inc. American Depositary Shares",$29.41,0.06,0.204%,"39,527,040,000"
ADM,Archer-Daniels-Midland Company Common Stock,$81.70,0.94,1.164%,"39,376,097,931"
HBANZ,"Huntington Bancshares Incorporated Depositary Shares, Each Representing a 1/1000th Interest in a Share of 5.50% Series L Non-Cumulative Perpetual Preferred Stock",$19.31,0.02,0.104%,"39,014,210,290"
BTSGU,"BrightSpring Health Services, Inc. Tangible Equity Unit",$196.43,0.81,0.414%,"38,866,472,860"
VOD,Vodafone Group Plc American Depositary Shares,$16.01,-0.16,-0.989%,"38,038,172,416"
HSY,The Hershey Company Common Stock,$188.31,-0.48,-0.254%,"37,836,310,470"
NTAP,"NetApp, Inc. Common Stock",$192.81,-1.67,-0.859%,"37,835,928,635"
KGC,Kinross Gold Corporation Common Stock,$31.43,1.53,5.117%,"37,530,563,000"
STRF,Strategy Inc 10.00% Series A Perpetual Strife Preferred Stock,$97.65,0.75,0.774%,"37,519,644,585"
PEG,Public Service Enterprise Group Incorporated Common Stock,$74.62,-0.71,-0.943%,"37,192,102,639"
SMCIP,"Super Micro Computer, Inc. Depositary Shares representing a 1/20th Interest in a Share of 7% Series A Mandatory Convertible Preferred Stock",$61.78,-0.14,-0.226%,"37,155,633,818"
HIG,"The Hartford Insurance Group, Inc. Common Stock",$137.12,-0.41,-0.298%,"37,141,968,914"
EXPE,"Expedia Group, Inc. Common Stock",$324.17,-2.10,-0.644%,"37,116,132,985"
TKO,"TKO Group Holdings, Inc. Class A Common Stock",$195.45,-6.24,-3.094%,"36,992,765,406"
IRM,Iron Mountain Incorporated (Delaware)Common Stock REIT,$122.94,0.86,0.704%,"36,599,583,707"
STRC,Strategy Inc Variable Rate Series A Perpetual Stretch Preferred Stock,$95.25,-0.06,-0.063%,"36,597,502,783"
P,"Everpure, Inc. Class A common stock",$109.98,-2.02,-1.804%,"36,557,894,421"
ALC,Alcon Inc. Ordinary Shares,$72.93,-1.33,-1.791%,"36,443,121,000"
KVUE,Kenvue Inc. Common Stock,$18.93,-0.20,-1.045%,"36,360,241,730"
EC,Ecopetrol S.A. American Depositary Shares,$17.65,-0.24,-1.342%,"36,285,483,073"
UAL,"United Airlines Holdings, Inc. Common Stock",$111.71,-4.07,-3.515%,"36,259,253,170"
QSR,Restaurant Brands International Inc. Common Shares,$79.55,2.45,3.178%,"36,156,182,438"
KMB,Kimberly-Clark Corporation Common Stock,$108.69,-1.19,-1.083%,"36,148,015,640"
VG,"Venture Global, Inc. Class A common stock",$14.29,0.50,3.626%,"35,726,326,841"
MCHPP,Microchip Technology Incorporated Depositary Shares Each Representing a 1/20th Interest in a Share of 7.50% Series A Mandatory Convertible Preferred Stock,$65.47,-0.82,-1.237%,"35,550,779,000"
WEC,"WEC Energy Group, Inc. Common Stock",$108.51,-0.83,-0.759%,"35,357,916,549"
NTR,Nutrien Ltd. Common Shares,$73.12,2.62,3.716%,"35,241,078,477"
PUK,Prudential Public Limited Company Common Stock,$27.57,-0.29,-1.041%,"35,223,969,091"
PPLC,PPL Corporation Corporate Units,$46.74,-0.34,-0.722%,"35,173,945,868"
VMC,Vulcan Materials Company (Holding Company) Common Stock,$270.67,-5.63,-2.038%,"35,073,077,285"
BAP,Credicorp Ltd. Common Stock,$370.21,1.23,0.333%,"34,941,277,577"
RPRX,Royalty Pharma plc Class A Ordinary Shares ,$60.58,-1.15,-1.863%,"34,833,572,938"
EL,"Estee Lauder Companies, Inc. (The) Common Stock",$96.15,-1.86,-1.898%,"34,786,581,077"
CCL,Carnival Corporation Ltd. Common Shares,$25.37,-1.32,-4.946%,"34,747,998,149"
UI,Ubiquiti Inc. Common Stock,$573.87,-16.81,-2.846%,"34,731,808,919"
EME,"EMCOR Group, Inc. Common Stock",$787.39,-18.39,-2.282%,"34,731,694,948"
CLS,"Celestica, Inc. Common Stock",$302.00,0.64,0.212%,"34,721,878,314"
ESLT,Elbit Systems Ltd. Ordinary Shares,$743.67,-8.63,-1.147%,"34,587,298,204"
KR,Kroger Company (The) Common Stock,$56.32,0.05,0.089%,"34,504,294,922"
MTB,M&T Bank Corporation Common Stock,$238.25,-6.30,-2.576%,"34,407,174,422"
HBAN,Huntington Bancshares Incorporated Common Stock,$17.01,-0.16,-0.932%,"34,367,256,190"
ERIC,Ericsson American Depositary Shares,$10.11,-0.04,-0.394%,"34,084,366,041"
DXCM,"DexCom, Inc. Common Stock",$90.22,0.34,0.378%,"34,045,488,218"
SHG,Shinhan Financial Group Co Ltd American Depositary Shares,$71.71,-1.85,-2.515%,"34,037,464,227"
ACGL,Arch Capital Group Ltd. Common Stock,$99.31,0.78,0.792%,"33,887,464,503"
MDB,"MongoDB, Inc. Class A Common Stock",$420.37,-20.16,-4.576%,"33,811,169,153"
TWLO,Twilio Inc. Class A Common Stock,$219.89,-1.98,-0.892%,"33,769,655,126"
EQT,EQT Corporation Common Stock,$53.89,0.25,0.466%,"33,709,057,240"
CHT,"Chunghwa Telecom Co., Ltd.",$43.36,0.36,0.837%,"33,636,288,197"
HBANP,Huntington Bancshares Incorporated Depositary Shares 4.500% Series H Non-Cumulative Perpetual Preferred Stock,$16.63,0.21,1.279%,"33,599,498,556"
GEHC,GE HealthCare Technologies Inc. Common Stock ,$74.06,-0.56,-0.75%,"33,451,883,823"
NTRS,Northern Trust Corporation Common Stock,$182.51,-2.89,-1.559%,"33,391,236,229"
CQP,"Cheniere Energy Partners, LP Common Units",$68.67,0.95,1.403%,"33,240,242,534"
JBL,Jabil Inc. Common Stock,$316.65,-6.12,-1.896%,"33,180,831,732"
RJF,"Raymond James Financial, Inc. Common Stock",$172.35,-5.58,-3.136%,"33,153,540,891"
RMD,ResMed Inc. Common Stock,$228.44,-2.21,-0.958%,"32,952,996,783"
CBOE,"Cboe Global Markets, Inc. Common Stock",$294.11,13.36,4.759%,"32,887,012,563"
TECK,Teck Resources Ltd Ordinary Shares,$66.16,0.21,0.318%,"32,388,153,633"
ILMN,"Illumina, Inc. Common Stock",$213.24,8.24,4.02%,"32,199,240,000"
CCI,Crown Castle Inc. Common Stock,$75.39,0.74,0.991%,"32,075,085,546"
BBDO,Banco Bradesco Sa American Depositary Shares (each representing one Common Share),$3.02,0.06,2.027%,"31,942,576,325"
CPRT,"Copart, Inc. (DE) Common Stock",$34.33,0.48,1.418%,"31,783,108,177"
CNC,Centene Corporation Common Stock,$64.14,-0.56,-0.866%,"31,684,839,300"
WTW,Willis Towers Watson Public Limited Company Ordinary Shares,$341.15,5.69,1.696%,"31,683,261,308"
BIIB,Biogen Inc. Common Stock,$214.35,-7.21,-3.254%,"31,671,069,471"
SUNB,"Sunbelt Rentals Holdings, Inc. Common Stock",$77.10,-2.73,-3.42%,"31,592,541,026"
MLM,"Martin Marietta Materials, Inc. Common Stock",$525.27,-10.26,-1.916%,"31,550,783,252"
BBD,Banco Bradesco Sa American Depositary Shares,$2.98,-0.07,-2.295%,"31,519,495,843"
STLD,"Steel Dynamics, Inc.",$219.00,-12.01,-5.199%,"31,388,851,272"
BIDU,"Baidu, Inc. ADS",$91.97,-0.90,-0.969%,"31,293,037,048"
ZM,"Zoom Communications, Inc. Class A Common Stock",$106.30,-1.17,-1.089%,"31,170,584,773"
EXR,Extra Space Storage Inc Common Stock,$147.26,-0.65,-0.439%,"31,111,555,111"
ZTS,Zoetis Inc. Class A Common Stock,$75.02,-1.66,-2.165%,"31,000,034,622"
IR,Ingersoll Rand Inc. Common Stock,$79.33,-1.81,-2.231%,"30,779,994,703"
AGNCN,"AGNC Investment Corp. Depositary Shares Each Representing a 1/1,000th Interest in a Share of 7.00% Series C Fixed-To-Floating Rate Cumulative Redeemable Preferred Stock",$25.90,-0.05,-0.193%,"30,703,969,477"
ALNY,"Alnylam Pharmaceuticals, Inc. Common Stock",$229.30,-13.31,-5.486%,"30,682,430,757"
CASY,"Casey's General Stores, Inc. Common Stock",$828.38,-7.77,-0.929%,"30,654,130,659"
FTI,TechnipFMC plc Ordinary Share,$77.62,0.60,0.779%,"30,439,799,797"
AGNCO,"AGNC Investment Corp. Depositary Shares, each representing a 1/1,000th interest in a share of 6.50% Series E Fixed-to-Floating Cumulative Redeemable Preferred Stock",$25.65,-0.0023,-0.009%,"30,407,599,116"
AGNCZ,"AGNC Investment Corp. Depositary Shares Each Representing a 1/1,000th Interest in a Share of 8.75% Series H Fixed-Rate Cumulative Redeemable Preferred Stock",$25.58,0.05,0.196%,"30,324,615,414"
KHC,The Kraft Heinz Company Common Stock,$25.57,-0.11,-0.428%,"30,321,513,492"
AEE,Ameren Corporation Common Stock,$108.79,-0.49,-0.448%,"30,117,777,276"
AGNCP,"AGNC Investment Corp. Depositary Shares Each Representing a 1/1,000th Interest in a Share of 6.125% Series F Fixed-to-Floating Rate Cumulative Redeemable Preferred Stock",$25.37,-0.01,-0.039%,"30,075,664,310"
AGNCM,AGNC Investment Corp. Depositary Shares rep 6.875% Series D Fixed-to-Floating Cumulative Redeemable Preferred Stock,$25.24,0.0206,0.082%,"29,921,551,722"
AGNCL,"AGNC Investment Corp. Depositary Shares Each Representing a 1/1,000th Interest in a Share of 7.75% Series G Fixed-Rate Reset Cumulative Redeemable Preferred Stock",$25.15,0.1486,0.594%,"29,814,858,392"
LVS,Las Vegas Sands Corp. Common Stock,$45.97,-0.61,-1.31%,"29,774,823,428"
HAL,Halliburton Company Common Stock,$35.69,0.67,1.913%,"29,734,422,798"
TDY,Teledyne Technologies Incorporated Common Stock,$633.95,-14.68,-2.263%,"29,387,178,898"
CFG,"Citizens Financial Group, Inc. Common Stock",$69.71,-1.05,-1.484%,"29,360,233,891"
VICI,VICI Properties Inc. Common Stock,$26.57,0.20,0.758%,"29,255,630,822"
TCOM,Trip.com Group Limited American Depositary Shares,$46.43,-0.08,-0.172%,"29,237,213,457"
CPNG,"Coupang, Inc. Class A Common Stock",$16.26,-0.40,-2.401%,"29,227,540,275"
ON,ON Semiconductor Corporation Common Stock,$74.71,-1.87,-2.442%,"29,085,478,676"
RDDT,"Reddit, Inc. Class A Common Stock",$150.31,-1.40,-0.923%,"28,919,119,418"
ATO,Atmos Energy Corporation Common Stock,$170.52,-0.79,-0.461%,"28,815,928,058"
DTE,DTE Energy Company Common Stock,$138.15,-1.03,-0.74%,"28,747,366,732"
FTS,Fortis Inc. Common Shares,$56.24,0.01,0.018%,"28,733,016,000"
EIX,Edison International Common Stock,$74.66,1.22,1.661%,"28,730,211,672"
RYAAY,Ryanair Holdings plc American Depositary Shares,$54.51,-0.28,-0.511%,"28,685,003,838"
PBA,Pembina Pipeline Corp. Ordinary Shares (Canada),$49.17,0.65,1.34%,"28,595,059,350"
SYF,Synchrony Financial Common Stock,$76.71,-2.91,-3.655%,"28,540,534,507"
FOXA,Fox Corporation Class A Common Stock,$67.96,UNCH,--,"28,519,424,126"
ATI,ATI Inc. Common Stock,$209.22,-6.77,-3.134%,"28,489,567,531"
ZS,"Zscaler, Inc. Common Stock",$174.95,-9.65,-5.228%,"28,291,081,399"
TS,Tenaris S.A. American Depositary Shares,$52.68,-0.41,-0.772%,"28,236,346,456"
Q,"Qnity Electronics, Inc. Common Stock",$133.52,7.48,5.935%,"27,933,524,661"
MTD,"Mettler-Toledo International, Inc. Common Stock","$1,393.23",-31.86,-2.236%,"27,915,535,096"
LPLA,LPL Financial Holdings Inc. Common Stock,$354.02,-5.21,-1.45%,"27,876,345,506"
BNTX,BioNTech SE American Depositary Share,$110.89,-2.23,-1.971%,"27,856,052,146"
WSM,"Williams-Sonoma, Inc. Common Stock (DE)",$235.70,-6.61,-2.728%,"27,752,876,213"
RBLX,Roblox Corporation Class A Common Stock,$38.63,-0.06,-0.155%,"27,596,342,601"
CTSH,Cognizant Technology Solutions Corporation Class A Common Stock,$60.92,-0.01,-0.016%,"27,441,061,212"
NMR,Nomura Holdings Inc ADR American Depositary Shares,$9.45,-0.06,-0.631%,"27,417,636,767"
FISV,"Fiserv, Inc. Common Stock",$51.38,-0.70,-1.344%,"27,322,174,125"
OTIS,Otis Worldwide Corporation Common Stock ,$71.77,-0.18,-0.25%,"27,320,638,460"
INSM,Insmed Incorporated Common Stock,$125.08,-5.58,-4.271%,"27,315,158,395"
FE,FirstEnergy Corp. Common Stock,$47.18,-0.07,-0.148%,"27,300,231,992"
AWK,"American Water Works Company, Inc. Common Stock",$137.21,-1.50,-1.081%,"27,267,604,581"
STRD,Strategy Inc 10.00% Series A Perpetual Stride Preferred Stock,$70.80,1.55,2.238%,"27,203,183,171"
ES,Eversource Energy (D/B/A) Common Stock,$72.15,0.16,0.222%,"27,177,083,501"
CPAY,"Corpay, Inc. Common Stock",$412.00,4.92,1.209%,"27,051,754,788"
PHG,Koninklijke Philips N.V. NY Registry Shares,$27.50,-0.12,-0.434%,"27,029,331,643"
LH,Labcorp Holdings Inc. Common Stock,$332.81,2.37,0.717%,"26,990,891,000"
HPQ,HP Inc. Common Stock,$29.47,-0.47,-1.57%,"26,950,983,674"
DOV,Dover Corporation Common Stock,$199.88,-2.50,-1.235%,"26,919,883,373"
BSP,Bending Spoons S.p.A. Ordinary Shares,$39.93,-1.53,-3.69%,"26,894,506,505"
STRK,Strategy Inc 8.00% Series A Perpetual Strike Preferred Stock,$69.71,1.48,2.169%,"26,784,377,102"
DGX,Quest Diagnostics Incorporated Common Stock,$241.30,-0.46,-0.19%,"26,633,091,768"
ROIV,Roivant Sciences Ltd. Common Shares,$36.84,-0.56,-1.497%,"26,610,379,873"
DG,Dollar General Corporation Common Stock,$120.58,-1.73,-1.414%,"26,598,337,895"
PPL,PPL Corporation Common Stock,$35.20,-0.29,-0.817%,"26,489,578,403"
XYL,Xylem Inc. Common Stock New,$113.44,-2.77,-2.384%,"26,486,743,953"
CNP,"CenterPoint Energy, Inc (Holding Co) Common Stock",$40.20,-0.20,-0.495%,"26,480,555,578"
GFS,GlobalFoundries Inc. Ordinary Shares,$47.33,-1.25,-2.573%,"26,335,228,726"
AER,AerCap Holdings N.V. Ordinary Shares,$146.79,-1.41,-0.951%,"26,281,830,448"
FWONK,Liberty Media Corporation Series C Liberty Formula One Common Stock,$104.16,-0.68,-0.649%,"26,113,795,798"
TPR,"Tapestry, Inc. Common Stock",$129.82,-1.90,-1.442%,"25,885,027,638"
CINF,Cincinnati Financial Corporation Common Stock,$168.19,-0.30,-0.178%,"25,813,472,389"
INCY,Incyte Corp. Common Stock,$127.22,-1.25,-0.973%,"25,787,207,246"
JBHT,"J.B. Hunt Transport Services, Inc. Common Stock",$274.47,2.05,0.753%,"25,776,833,307"
RF,Regions Financial Corporation Common Stock,$30.22,-0.37,-1.21%,"25,745,309,671"
WRB,W.R. Berkley Corporation Common Stock,$69.18,-0.43,-0.618%,"25,681,520,456"
TPL,Texas Pacific Land Corporation Common Stock,$369.56,-3.62,-0.97%,"25,490,283,849"
FOX,Fox Corporation Class B Common Stock,$60.45,0.06,0.099%,"25,367,851,507"
SN,"SharkNinja, Inc. Ordinary Shares",$179.98,-1.26,-0.695%,"25,354,061,929"
ASTS,"AST SpaceMobile, Inc. Class A Common Stock",$65.06,-1.37,-2.062%,"25,319,237,160"
TSEM,Tower Semiconductor Ltd. Ordinary Shares,$223.78,-2.68,-1.183%,"25,294,077,180"
SW,Smurfit WestRock plc Ordinary Shares,$48.19,-0.52,-1.068%,"25,276,758,937"
ECHO,EchoStar  Corporation Common Stock,$86.92,-1.515,-1.713%,"25,249,452,339"
AFRM,"Affirm Holdings, Inc. Class A Common Stock",$75.05,-2.28,-2.948%,"25,134,137,303"
SYM,Symbotic Inc. Class A Common Stock,$41.46,-0.56,-1.333%,"25,075,078,814"
VRSN,"VeriSign, Inc. Common Stock",$276.90,3.87,1.417%,"25,004,070,000"
PPG,"PPG Industries, Inc. Common Stock",$112.44,-1.48,-1.299%,"24,995,412,000"
NVT,nVent Electric plc Ordinary Shares ,$154.30,-2.58,-1.645%,"24,974,679,988"
WST,"West Pharmaceutical Services, Inc. Common Stock",$353.77,0.98,0.278%,"24,896,833,323"
DRI,"Darden Restaurants, Inc. Common Stock",$217.95,-3.94,-1.776%,"24,863,293,344"
FICO,Fair Isaac Corporation Common Stock,"$1,149.75",-11.84,-1.019%,"24,831,880,841"
TW,Tradeweb Markets Inc. Class A Common Stock,$106.10,2.80,2.711%,"24,830,398,598"
HUBB,Hubbell Inc Common Stock,$469.76,-5.88,-1.236%,"24,818,628,553"
DLTR,Dollar Tree Inc. Common Stock,$128.45,-3.39,-2.571%,"24,684,825,829"
VRSK,"Verisk Analytics, Inc. Common Stock",$187.68,1.23,0.66%,"24,427,680,332"
GPN,Global Payments Inc. Common Stock,$92.28,0.54,0.589%,"24,418,985,029"
AMRZ,Amrize Ltd Ordinary Shares,$44.62,-0.64,-1.414%,"24,403,822,235"
FCNCA,"First Citizens BancShares, Inc. Class A Common Stock","$2,151.23",-19.49,-0.898%,"24,294,098,538"
NRG,"NRG Energy, Inc. Common Stock",$115.36,-5.22,-4.329%,"24,249,881,319"
VLTO,Veralto Corp Common Stock ,$99.46,-0.64,-0.639%,"24,247,685,994"
CRS,Carpenter Technology Corporation Common Stock,$489.08,-20.88,-4.094%,"24,238,103,459"
EXPD,"Expeditors International of Washington, Inc. Common Stock",$186.40,-0.04,-0.021%,"24,230,251,941"
IHG,Intercontinental Hotels Group American Depositary Shares (Each representing one Ordinary Share),$159.74,-1.82,-1.127%,"24,183,294,663"
BRO,"Brown & Brown, Inc. Common Stock",$72.08,0.59,0.825%,"24,118,714,533"
FWONA,Liberty Media Corporation Series A Liberty Formula One Common Stock,$95.60,-0.40,-0.417%,"23,967,731,166"
CW,Curtiss-Wright Corporation Common Stock,$648.28,-25.06,-3.722%,"23,943,861,356"
PHM,"PulteGroup, Inc. Common Stock",$127.67,-3.01,-2.303%,"23,932,065,782"
TROW,"T. Rowe Price Group, Inc. Common Stock",$112.19,-0.04,-0.036%,"23,931,905,212"
OMC,Omnicom Group Inc. Common Stock,$87.07,-0.36,-0.412%,"23,887,303,347"
DOW,Dow Inc. Common Stock ,$32.90,1.15,3.622%,"23,765,009,392"
PFG,Principal Financial Group Inc Common Stock,$110.54,-1.10,-0.985%,"23,667,127,016"
CIB,Grupo Cibest S.A. American Depositary Shares each representing four Preferred Shares,$98.65,-1.02,-1.023%,"23,508,656,651"
USFD,US Foods Holding Corp. Common Stock,$108.46,0.94,0.874%,"23,463,230,217"
ROKU,"Roku, Inc. Class A Common Stock",$157.12,0.32,0.204%,"23,319,588,409"
OKTA,"Okta, Inc. Class A Common Stock",$134.16,-7.05,-4.993%,"23,317,996,088"
KEY,KeyCorp Common Stock,$21.85,-0.25,-1.131%,"23,316,758,905"
RIVN,"Rivian Automotive, Inc. Class A Common Stock",$16.01,0.28,1.78%,"23,180,248,686"
SOFI,"SoFi Technologies, Inc. Common Stock  ",$17.92,-0.50,-2.714%,"23,144,940,206"
CHD,"Church & Dwight Company, Inc. Common Stock",$97.41,-1.60,-1.616%,"23,106,032,581"
XPO,"XPO, Inc. Common Stock",$196.84,-0.59,-0.299%,"23,047,299,771"
FSLR,"First Solar, Inc. Common Stock",$214.06,-8.34,-3.75%,"23,004,982,819"
STE,STERIS plc (Ireland) Ordinary Shares,$235.74,-1.17,-0.494%,"22,984,675,931"
STZ,"Constellation Brands, Inc. Common Stock",$134.14,0.62,0.464%,"22,908,219,137"
BNJ,Brookfield Finance Inc. 4.50% Perpetual Subordinated Notes,$15.11,-0.03,-0.198%,"22,782,812,126"
BNH,"Brookfield Finance Inc. 4.625% Subordinated Notes due October 16, 2080",$15.10,-0.04,-0.264%,"22,767,734,156"
IOT,Samsara Inc. Class A Common Stock,$38.98,-0.22,-0.561%,"22,714,038,996"
L,Loews Corporation Common Stock,$110.70,-0.49,-0.441%,"22,630,148,604"
EFX,"Equifax, Inc. Common Stock",$192.41,0.31,0.161%,"22,605,268,839"
GH,"Guardant Health, Inc. Common Stock",$167.88,4.54,2.779%,"22,528,853,020"
ARXS,"Arxis, Inc. Class A Common Stock",$53.70,-2.01,-3.608%,"22,418,373,669"
SQM,Sociedad Quimica y Minera S.A. Common Stock,$78.45,3.07,4.073%,"22,408,286,038"
BG,Bunge Limited Common Shares,$116.57,2.57,2.254%,"22,395,326,168"
BEP,Brookfield Renewable Partners L.P. Limited Partnership Units,$32.92,-0.60,-1.79%,"22,392,145,319"
UTHR,United Therapeutics Corporation Common Stock,$521.00,-8.14,-1.538%,"22,346,050,532"
EXE,Expand Energy Corporation Common Stock,$96.07,0.04,0.042%,"22,240,569,009"
PKG,Packaging Corporation of America Common Stock,$249.56,-3.35,-1.325%,"22,235,371,498"
RL,Ralph Lauren Corporation Common Stock,$372.52,-5.44,-1.439%,"22,195,575,672"
BCE,"BCE, Inc. Common Stock",$23.78,0.08,0.338%,"22,175,463,928"
MKL,Markel Group Inc. Common Stock,"$1,788.29",-6.75,-0.376%,"22,156,837,992"
ULTA,"Ulta Beauty, Inc. Common Stock",$515.14,-12.71,-2.408%,"22,145,513,669"
AMCR,Amcor plc Ordinary Shares,$47.81,0.36,0.759%,"22,104,747,439"
ENTG,"Entegris, Inc. Common Stock",$144.63,0.35,0.243%,"22,099,464,000"
LYB,LyondellBasell Industries NV Ordinary Shares Class A (Netherlands),$68.10,2.04,3.088%,"21,998,884,531"
SMCI,"Super Micro Computer, Inc. Common Stock",$36.50,-0.08,-0.219%,"21,951,774,593"
THC,Tenet Healthcare Corporation Common Stock,$272.60,4.08,1.519%,"21,949,479,400"
CMS,CMS Energy Corporation Common Stock,$69.83,-0.78,-1.105%,"21,897,091,407"
MTZ,"MasTec, Inc. Common Stock",$271.86,-0.21,-0.077%,"21,831,703,163"
SOJC,"Southern Company (The) Series 2017B 5.25% Junior Subordinated Notes due December 1, 2077",$19.77,-0.14,-0.703%,"21,747,937,236"
CDE,"Coeur Mining, Inc. Common Stock",$21.11,0.18,0.86%,"21,699,707,808"
PAAS,Pan American Silver Corp. Common Stock,$51.92,1.62,3.221%,"21,526,966,560"
FFIV,"F5, Inc. Common Stock",$377.79,-4.84,-1.265%,"21,393,183,088"
RGLD,"Royal Gold, Inc. Common Stock",$252.36,4.22,1.701%,"21,381,921,993"
IP,International Paper Company Common Stock,$40.36,-0.70,-1.705%,"21,373,440,962"
IFF,"International Flavors & Fragrances, Inc. Common Stock",$83.39,0.06,0.072%,"21,276,955,415"
CRCL,"Circle Internet Group, Inc. Class A Common Stock",$83.66,5.07,6.451%,"21,239,256,204"
GIS,"General Mills, Inc. Common Stock",$39.61,-0.38,-0.95%,"21,176,673,386"
BURL,"Burlington Stores, Inc. Common Stock",$333.23,-4.27,-1.265%,"20,974,231,305"
FIS,"Fidelity National Information Services, Inc. Common Stock",$40.58,-0.08,-0.197%,"20,927,346,112"
BCH,Banco De Chile ADS,$41.05,-0.71,-1.70%,"20,733,755,916"
LEN,Lennar Corporation Class A Common Stock,$85.42,-1.88,-2.153%,"20,577,263,030"
TSN,"Tyson Foods, Inc. Common Stock",$58.40,-0.15,-0.256%,"20,545,208,301"
U,Unity Software Inc. Common Stock,$46.54,-0.57,-1.21%,"20,481,738,942"
BPYPM,"Brookfield Property Partners L.P. 6.25% Class A Cumulative Redeemable Preferred Units, Series 1",$16.505,-0.005,-0.03%,"20,445,197,421"
TOST,"Toast, Inc. Class A Common Stock",$35.32,0.16,0.455%,"20,414,960,000"
FDXF,"FedEx Freight Holding Company, Inc. Common Stock",$136.40,-1.77,-1.281%,"20,394,273,341"
BR,"Broadridge Financial Solutions, Inc. Common Stock",$178.50,2.47,1.403%,"20,352,890,943"
MTSI,"MACOM Technology Solutions Holdings, Inc. Common Stock",$266.18,-3.80,-1.408%,"20,328,414,414"
FTAI,FTAI Aviation Ltd. Common Stock,$197.81,-13.10,-6.211%,"20,316,489,671"
BPYPP,Brookfield Property Partners L.P. 6.50% Class A Cumulative Redeemable Perpetual Preferred Units,$16.38,0.01,0.061%,"20,290,356,483"
SNA,Snap-On Incorporated Common Stock,$391.27,-2.66,-0.675%,"20,239,271,807"
WWD,"Woodward, Inc. Common Stock",$342.20,-17.43,-4.847%,"20,205,479,604"
SOJD,"Southern Company (The) Series 2020A 4.95% Junior Subordinated Notes due January 30, 2080",$18.29,-0.08,-0.435%,"20,119,867,074"
WES,"Western Midstream Partners, LP Common Units Representing Limited Partner Interests",$48.65,-0.36,-0.735%,"20,100,943,949"
RBRK,"Rubrik, Inc. Class A Common Stock",$97.52,-2.26,-2.265%,"20,072,401,756"
SNX,TD SYNNEX Corporation Common Stock,$250.77,-1.01,-0.401%,"20,051,256,239"
WIT,Wipro Limited Common Stock,$1.91,-0.04,-2.051%,"20,032,867,795"
YPF,YPF Sociedad Anonima American Depositary Shares,$50.92,0.86,1.718%,"20,027,487,420"
AQNB,"Algonquin Power & Utilities Corp. 6.20% Fixed-to-Floating Subordinated Notes Series 2019-A due July 1, 2079",$26.07,-0.08,-0.306%,"20,022,411,776"
PR,Permian Resources Corporation Class A Common Stock,$23.87,0.85,3.692%,"19,992,486,282"
NI,NiSource Inc Common Stock,$41.64,0.01,0.024%,"19,968,882,564"
RCI,"Rogers Communication, Inc. Common Stock",$36.35,-0.18,-0.493%,"19,637,152,505"
KSPI,Joint Stock Company Kaspi.kz American Depository Shares,$103.70,2.22,2.188%,"19,633,880,321"
LUV,Southwest Airlines Company Common Stock,$39.89,-1.53,-3.694%,"19,514,515,138"
TPG,TPG Inc. Class A Common Stock,$51.57,-1.61,-3.027%,"19,489,270,763"
RS,"Reliance, Inc. Common Stock",$380.31,-19.00,-4.758%,"19,416,557,812"
SSNC,"SS&C Technologies Holdings, Inc. Common Stock",$82.12,-0.16,-0.194%,"19,269,868,272"
BEKE,KE Holdings Inc American Depositary Shares (each representing three Class A Ordinary Shares),$16.99,-0.39,-2.244%,"19,195,980,139"
EVRG,"Evergy, Inc. Common Stock",$83.16,-0.42,-0.503%,"19,173,966,024"
SBAC,SBA Communications Corporation Class A Common Stock,$180.54,-0.64,-0.353%,"19,153,147,379"
MKSI,MKS Inc. Common Stock,$281.88,0.28,0.099%,"19,060,037,249"
CF,"CF Industries Holdings, Inc. Common Stock",$125.70,6.68,5.613%,"19,023,202,941"
BPYPO,"Brookfield Property Partners L.P. 6.375% Class A Cumulative Redeemable Perpetual Preferred Units, Series 2",$15.35,-0.01,-0.065%,"19,014,467,156"
ZBH,"Zimmer Biomet Holdings, Inc. Common Stock",$98.97,-1.77,-1.757%,"18,877,309,080"
OVV,Ovintiv Inc. (DE),$66.70,1.14,1.739%,"18,856,090,000"
DD,"DuPont de Nemours, Inc. Common Stock",$138.46,-1.22,-0.873%,"18,698,050,319"
MGA,"Magna International, Inc. Common Stock",$70.39,-0.62,-0.873%,"18,685,331,415"
NDSN,Nordson Corporation Common Stock,$334.70,24.78,7.996%,"18,648,797,196"
ITT,ITT Inc. Common Stock ,$208.15,-5.40,-2.529%,"18,608,610,000"
PKX,POSCO HOLDINGS INC. American Depositary Shares (Each representing 1/4th of a share of Common Stock),$57.28,-0.79,-1.36%,"18,543,357,962"
VTRS,Viatris Inc. Common Stock,$16.12,-0.125,-0.769%,"18,515,284,728"
ESS,"Essex Property Trust, Inc. Common Stock",$287.71,0.35,0.122%,"18,490,672,585"
GPC,Genuine Parts Company Common Stock,$132.92,-1.62,-1.204%,"18,324,319,033"
NWS,News Corporation Class B Common Stock,$33.78,0.25,0.746%,"18,276,758,112"
TSCO,Tractor Supply Company Common Stock,$35.05,-0.39,-1.10%,"18,262,456,802"
AS,"Amer Sports, Inc. Ordinary Shares",$32.53,-1.49,-4.38%,"18,140,920,099"
APG,APi Group Corporation Common Stock,$41.93,-0.58,-1.364%,"18,120,481,253"
BBY,"Best Buy Co., Inc. Common Stock",$85.73,-3.48,-3.901%,"18,069,065,712"
ONON,On Holding AG Class A Ordinary Shares,$29.90,-1.36,-4.351%,"18,042,588,993"
LNT,Alliant Energy Corporation Common Stock,$69.46,-0.69,-0.984%,"18,009,915,193"
SITM,SiTime Corporation Common Stock,$598.81,-19.90,-3.216%,"18,006,837,067"
VIV,Telefonica Brasil S.A. American Depositary Shares (Each representing One Common Share),$11.23,-0.26,-2.263%,"17,943,329,666"
FTV,Fortive Corporation Common Stock ,$59.40,0.50,0.849%,"17,939,812,889"
NTNX,"Nutanix, Inc. Class A Common Stock",$66.33,0.91,1.391%,"17,930,359,362"
INVH,Invitation Homes Inc. Common Stock,$30.27,0.07,0.232%,"17,878,165,051"
BIP,Brookfield Infrastructure Partners LP Limited Partnership Units,$38.94,-0.48,-1.218%,"17,823,167,199"
EWBC,"East West Bancorp, Inc. Common Stock",$129.89,-0.51,-0.391%,"17,796,469,976"
OWL,Blue Owl Capital Inc. Class A Common Stock,$11.40,-0.37,-3.144%,"17,773,651,342"
WY,Weyerhaeuser Company Common Stock,$24.62,UNCH,--,"17,744,520,320"
LDOS,"Leidos Holdings, Inc. Common Stock",$141.37,-4.94,-3.376%,"17,740,833,586"
JLL,Jones Lang LaSalle Incorporated Common Stock,$384.30,-5.91,-1.515%,"17,680,760,263"
CHTR,"Charter Communications, Inc. Class A Common Stock New",$147.76,-4.71,-3.089%,"17,624,442,218"
SOJE,"Southern Company (The) Series 2020C 4.20% Junior Subordinated Notes due October 15, 2060",$16.07,-0.10,-0.618%,"17,589,671,394"
NLY,Annaly Capital Management Inc. Common Stock,$23.29,-0.45,-1.896%,"17,554,009,354"
ROL,"Rollins, Inc. Common Stock",$36.38,0.12,0.331%,"17,504,069,798"
FLUT,Flutter Entertainment plc Ordinary Shares,$99.57,0.41,0.413%,"17,442,783,521"
JHX,James Hardie Industries plc. Ordinary Shares,$30.03,-0.17,-0.563%,"17,433,090,315"
DUKB,Duke Energy Corporation 5.625% Junior Subordinated Debentures due 2078,$22.28,0.02,0.09%,"17,371,764,860"
PAA,"Plains All American Pipeline, L.P. Common Units representing Limited Partner Interests",$24.59,0.60,2.501%,"17,349,879,251"
BPYPN,"Brookfield Property Partners L.P. 5.750% Class A Cumulative Redeemable Perpetual Preferred Units, Series 3",$14.00,0.0073,0.052%,"17,342,185,028"
J,Jacobs Solutions Inc. Common Stock,$147.94,0.57,0.387%,"17,314,692,111"
BEN,"Franklin Templeton, Inc. Common Stock",$33.97,-0.01,-0.029%,"17,259,372,633"
INIO,INNIO N.V. Ordinary Shares,$23.00,-2.22,-8.803%,"17,250,000,000"
IEX,IDEX Corporation Common Stock,$233.75,-0.70,-0.299%,"17,232,025,690"
GIB,CGI Inc. Common Stock,$74.26,-0.67,-0.894%,"17,220,031,173"
AEG,Aegon Ltd. New York Registry Shares,$9.01,-0.27,-2.909%,"17,199,644,095"
CG,The Carlyle Group Inc. Common Stock,$47.99,-1.41,-2.854%,"17,100,410,976"
MEDP,"Medpace Holdings, Inc. Common Stock",$612.64,4.37,0.718%,"17,099,796,319"
ZBRA,Zebra Technologies Corporation Class A Common Stock,$360.52,5.87,1.655%,"17,056,439,143"
CLH,"Clean Harbors, Inc. Common Stock",$321.95,-3.27,-1.005%,"16,994,854,494"
H,Hyatt Hotels Corporation Class A Common Stock,$179.48,-3.53,-1.929%,"16,913,609,377"
GEN,Gen Digital Inc. Common Stock,$28.175,0.635,2.306%,"16,865,189,627"
CHRW,"C.H. Robinson Worldwide, Inc. Common Stock",$143.83,-0.69,-0.477%,"16,806,716,438"
NVR,"NVR, Inc. Common Stock","$6,300.00",-118.86,-1.852%,"16,788,618,000"
YUMC,"Yum China Holdings, Inc. Common Stock",$48.88,1.30,2.732%,"16,739,353,688"
LSCC,Lattice Semiconductor Corporation Common Stock,$117.56,-0.12,-0.102%,"16,697,078,776"
CDW,CDW Corporation Common Stock,$133.54,-3.66,-2.668%,"16,694,827,068"
PTC,PTC Inc. Common Stock,$153.52,1.08,0.708%,"16,657,881,189"
BALL,Ball Corporation Common Stock,$62.61,-0.01,-0.016%,"16,573,077,182"
DINO,HF Sinclair Corporation Common Stock,$92.72,-1.90,-2.008%,"16,484,118,479"
WCC,"WESCO International, Inc. Common Stock",$338.09,-5.76,-1.675%,"16,476,090,609"
ZTO,"ZTO Express (Cayman) Inc. American Depositary Shares, each representing one Class A ordinary share.",$21.38,-0.13,-0.604%,"16,460,476,816"
WPC,W. P. Carey Inc. REIT,$72.01,0.06,0.083%,"16,405,093,457"
PFGC,Performance Food Group Company Common Stock,$103.98,0.64,0.619%,"16,380,284,667"
RBA,"RB Global, Inc. Common Stock",$87.39,1.21,1.404%,"16,333,191,000"
TRU,TransUnion Common Stock,$85.11,1.57,1.879%,"16,307,076,000"
BSAC,Banco Santander - Chile ADS,$34.57,-0.31,-0.889%,"16,286,456,509"
WF,Woori Financial Group Inc. American Depositary Shares (each representing three (3) shares of Common Stock),$66.81,-3.76,-5.328%,"16,280,235,145"
BBIO,"BridgeBio Pharma, Inc. Common Stock",$82.94,-1.01,-1.203%,"16,213,731,094"
KIM,Kimco Realty Corporation (HC) Common Stock,$24.16,-0.16,-0.658%,"16,206,271,252"
VNOM,"Viper Energy, Inc. Class A Common Stock",$45.03,1.15,2.621%,"16,174,546,032"
JAZZ,Jazz Pharmaceuticals plc Common Stock (Ireland),$248.70,-3.46,-1.372%,"16,144,255,300"
PS,Pershing Square Inc. Common Stock,$40.23,0.42,1.055%,"16,092,000,000"
CX,"Cemex, S.A.B. de C.V. Sponsored ADR",$10.60,-0.06,-0.563%,"16,068,710,819"
DKS,Dick's Sporting Goods Inc Common Stock,$179.34,-11.95,-6.247%,"16,051,384,986"
NWSA,News Corporation Class A Common Stock,$29.65,0.20,0.679%,"16,042,210,717"
RBC,RBC Bearings Incorporated Common Stock,$504.61,-15.93,-3.06%,"15,975,571,619"
FN,Fabrinet Ordinary Shares,$444.87,-9.68,-2.13%,"15,941,855,948"
STRL,"Sterling Infrastructure, Inc. Common Stock",$520.53,-13.87,-2.595%,"15,922,241,275"
TU,Telus Corporation Ordinary Shares,$10.02,-0.01,-0.10%,"15,921,780,000"
EMA,Emera Incorporated Common Shares,$51.78,0.15,0.291%,"15,906,816,000"
RGA,"Reinsurance Group of America, Incorporated Common Stock",$242.55,1.85,0.769%,"15,838,918,846"
ALB,Albemarle Corporation Common Stock,$134.19,-0.09,-0.067%,"15,835,098,599"
IONQ,"IonQ, Inc. Common Stock",$41.53,-1.83,-4.22%,"15,823,026,100"
AKAM,"Akamai Technologies, Inc. Common Stock",$110.09,-2.75,-2.437%,"15,821,761,485"
HST,"Host Hotels & Resorts, Inc. Common Stock",$23.09,-0.06,-0.259%,"15,819,522,373"
FUTU,Futu Holdings Limited American Depositary Shares,$112.73,3.31,3.025%,"15,801,096,592"
ASND,Ascendis Pharma A/S Ordinary Share,$254.81,-4.81,-1.853%,"15,792,463,332"
SBS,Companhia de saneamento Basico Do Estado De Sao Paulo - Sabesp American Depositary Shares (Each repstg 250 Common Shares),$4.46,-0.11,-2.407%,"15,719,421,752"
ARMK,Aramark Common Stock,$59.37,-0.41,-0.686%,"15,651,418,862"
APA,APA Corporation Common Stock,$44.39,0.94,2.163%,"15,552,103,529"
NBIX,"Neurocrine Biosciences, Inc. Common Stock",$152.93,-2.61,-1.678%,"15,545,209,250"
SUN,Sunoco LP Common Units representing limited partner interests,$75.41,-1.48,-1.925%,"15,445,825,273"
PNFP,"Pinnacle Financial Partners, Inc. Common stock",$101.99,0.32,0.315%,"15,411,978,154"
AGI,Alamos Gold Inc. Class A Common Shares,$36.69,0.95,2.658%,"15,408,530,930"
GFL,"GFL Environmental Inc. Subordinate voting shares, no par value",$41.17,-0.35,-0.843%,"15,395,688,362"
WSE,Wise Group plc Class A Ordinary Shares,$12.52,0.01,0.08%,"15,393,381,454"
LAMR,Lamar Advertising Company Class A Common Stock,$151.01,-2.97,-1.929%,"15,335,017,781"
MAA,"Mid-America Apartment Communities, Inc. Common Stock",$132.06,0.59,0.449%,"15,321,859,641"
STLA,Stellantis N.V. Common Shares,$5.26,-0.17,-3.131%,"15,240,761,611"
HTHT,H World Group Limited American Depositary Shares,$49.54,0.95,1.955%,"15,234,729,993"
IREN,IREN Limited Ordinary Shares,$42.60,-0.24,-0.56%,"15,224,331,512"
ULS,UL Solutions Inc. Class A Common Stock,$75.26,-0.78,-1.026%,"15,194,856,500"
TLN,Talen Energy Corporation Common Stock,$316.99,-5.36,-1.663%,"15,188,340,960"
TIGO,Millicom International Cellular S.A. Common Stock,$90.47,1.72,1.938%,"15,157,418,800"
GWRE,"Guidewire Software, Inc. Common Stock",$181.79,0.61,0.337%,"15,135,174,412"
LECO,"Lincoln Electric Holdings, Inc. Common Shares",$276.88,-2.68,-0.959%,"15,091,553,998"
SOLV,Solventum Corporation Common Stock,$88.61,0.80,0.911%,"15,083,524,627"
SWK,"Stanley Black & Decker, Inc. Common Stock",$98.85,-0.95,-0.952%,"14,927,994,963"
SUI,"Sun Communities, Inc. Common Stock",$122.29,0.23,0.188%,"14,895,039,032"
COO,"The Cooper Companies, Inc. Common Stock",$76.16,-0.57,-0.743%,"14,853,532,781"
MKC,"McCormick & Company, Incorporated Common Stock",$55.22,-1.26,-2.231%,"14,845,982,701"
SKM,"SK Telecom Co., Ltd. Common Stock",$38.31,-0.43,-1.11%,"14,694,949,800"
ONTO,Onto Innovation Inc. Common Stock,$298.84,-0.66,-0.22%,"14,665,347,973"
DOC,"Healthpeak Properties, Inc. Common Stock",$21.20,0.44,2.119%,"14,617,977,912"
TLK,"PT Telekomunikasi Indonesia, Tbk",$14.70,-0.04,-0.271%,"14,562,145,840"
FIG,"Figma, Inc. Class A Common Stock",$27.31,0.52,1.941%,"14,556,499,468"
KKRS,KKR Group Finance Co. IX LLC 4.625% Subordinated Notes due 2061,$16.19,-0.01,-0.062%,"14,532,720,380"
JBS,JBS N.V. Class A Common Shares,$13.55,-0.20,-1.455%,"14,511,090,484"
TXT,Textron Inc. Common Stock,$84.37,-1.92,-2.225%,"14,510,536,187"
LTM,"LATAM Airlines Group S.A. American Depositary Shares (each representing two thousand (2,000) shares of Common Stock)",$50.49,-0.90,-1.751%,"14,496,082,516"
APOS,"Apollo Global Management, Inc. 7.625% Fixed-Rate Resettable Junior Subordinated Notes due 2053",$25.43,-0.13,-0.509%,"14,483,256,512"
MAS,Masco Corporation Common Stock,$73.33,-1.92,-2.551%,"14,459,754,242"
QNT,Quantinuum Inc. Class A Common Stock,$54.90,-1.10,-1.964%,"14,455,616,996"
KEP,Korea Electric Power Corporation Common Stock,$11.23,0.05,0.447%,"14,418,513,169"
GRAB,Grab Holdings Limited Class A Ordinary Shares,$3.51,-0.03,-0.847%,"14,392,691,058"
BWXT,"BWX Technologies, Inc. Common Stock",$156.44,-5.82,-3.587%,"14,333,342,551"
CACI,"CACI International, Inc. Class A Common Stock",$646.35,-16.33,-2.464%,"14,284,037,033"
TYL,"Tyler Technologies, Inc. Common Stock",$348.14,1.26,0.363%,"14,257,124,670"
PAG,"Penske Automotive Group, Inc. Common Stock",$216.55,-1.31,-0.601%,"14,219,295,148"
DT,"Dynatrace, Inc. Common Stock",$49.18,-0.42,-0.847%,"14,213,124,655"
VLYPN,"Valley National Bancorp 8.250% Fixed-Rate Reset Non-Cumulative Perpetual Preferred Stock, Series C",$25.71,0.035,0.136%,"14,207,480,360"
ARCC,Ares Capital Corporation Common Stock,$19.78,-0.02,-0.101%,"14,202,491,874"
CSL,Carlisle Companies Incorporated Common Stock,$357.55,-8.08,-2.21%,"14,199,788,254"
CRBG,Corebridge Financial Inc. Common Stock,$31.81,-0.76,-2.333%,"14,180,023,925"
WMG,Warner Music Group Corp. Class A Common Stock,$27.10,0.09,0.333%,"14,176,274,740"
OHI,"Omega Healthcare Investors, Inc. Common Stock",$46.75,-0.17,-0.362%,"14,165,857,750"
W,Wayfair Inc. Class A Common Stock,$103.31,-4.49,-4.165%,"14,150,171,312"
EG,"Everest Group, Ltd. Common Stock",$368.36,4.43,1.217%,"14,123,929,496"
SLMBP,"SLM Corporation Floating Rate Non-Cumulative Preferred Stock, Series B",$75.00,0.025,0.033%,"14,096,021,850"
RPM,RPM International Inc. Common Stock,$110.31,-1.35,-1.209%,"14,091,155,158"
LII,"Lennox International, Inc. Common Stock",$406.05,-13.29,-3.169%,"14,033,362,084"
BNT,Brookfield Wealth Solutions Ltd. Class A Exchangeable Limited Voting Shares,$41.48,-0.71,-1.683%,"14,020,832,749"
REG,Regency Centers Corporation Common Stock,$76.51,0.11,0.144%,"14,010,553,051"
HL,Hecla Mining Company Common Stock,$20.82,0.28,1.363%,"13,986,218,733"
HMY,Harmony Gold Mining Company Limited,$22.02,0.93,4.41%,"13,977,585,282"
TME,"Tencent Music Entertainment Group American Depositary Shares, each representing two Class A Ordinary Shares",$8.85,-0.17,-1.885%,"13,929,054,825"
TRMB,Trimble Inc. Common Stock,$59.68,0.43,0.726%,"13,916,173,329"
CRL,"Charles River Laboratories International, Inc. Common Stock",$291.45,1.45,0.50%,"13,913,494,244"
AIZ,"Assurant, Inc. Common Stock",$282.00,3.69,1.326%,"13,909,302,294"
UHAL,U-Haul Holding Company Common Stock,$71.55,-1.12,-1.541%,"13,908,854,567"
VLYPP,"Valley National Bancorp 6.25% Fixed-to-Floating Rate Non-Cumulative Perpetual Preferred Stock, Series A",$25.15,0.05,0.199%,"13,898,021,434"
RVTY,"Revvity, Inc. Common Stock",$124.13,4.68,3.918%,"13,851,219,956"
IVZ,Invesco Ltd Common Stock,$31.36,-0.85,-2.639%,"13,845,433,101"
AVY,Avery Dennison Corporation Common Stock,$182.68,-0.48,-0.262%,"13,844,977,781"
QXO,"QXO, Inc. Common Stock",$13.34,-0.77,-5.457%,"13,840,126,058"
LI,Li Auto Inc. American Depositary Shares,$12.92,0.21,1.652%,"13,801,861,099"
UNM,Unum Group Common Stock,$86.95,-0.69,-0.787%,"13,764,776,086"
ALLE,Allegion plc Ordinary Shares,$161.72,-1.04,-0.639%,"13,752,149,032"
VLYPO,"Valley National Bancorp 5.50% Fixed-to-Floating Rate Non-Cumulative Perpetual Preferred Stock, Series B",$24.86,-0.04,-0.161%,"13,737,765,918"
MLI,"Mueller Industries, Inc. Common Stock",$61.96,-0.77,-1.227%,"13,704,398,800"
BAX,Baxter International Inc. Common Stock,$26.41,-0.23,-0.863%,"13,653,864,334"
LOGI,Logitech International S.A. Ordinary Shares,$95.34,-5.13,-5.106%,"13,651,575,573"
IESC,"IES Holdings, Inc. Common Stock",$683.27,-14.11,-2.023%,"13,613,714,724"
EMBJ,Embraer S.A. Common Stock,$75.08,-2.67,-3.434%,"13,566,320,448"
TOL,"Toll Brothers, Inc. Common Stock",$145.12,-3.46,-2.329%,"13,564,511,520"
CNH,CNH Industrial N.V. Common Shares,$10.95,0.66,6.414%,"13,553,099,240"
SGI,Somnigroup International Inc. Common Stock,$64.26,-1.76,-2.666%,"13,518,086,452"
DOCN,"DigitalOcean Holdings, Inc. Common Stock",$114.35,-2.31,-1.98%,"13,445,221,543"
CNA,CNA Financial Corporation Common Stock,$49.48,-0.36,-0.722%,"13,389,333,917"
RNR,RenaissanceRe Holdings Ltd. Common Stock,$322.15,4.91,1.548%,"13,385,942,330"
ICLR,ICON plc Ordinary Shares,$174.265,1.775,1.029%,"13,343,004,891"
AA,Alcoa Corporation Common Stock ,$50.55,-0.99,-1.921%,"13,340,622,445"
NXT,Nextpower Inc. Class A Common Stock,$87.86,-4.26,-4.624%,"13,330,955,627"
EQH,"Equitable Holdings, Inc. Common Stock",$48.75,-1.21,-2.422%,"13,310,463,904"
CHKP,Check Point Software Technologies Ltd. Ordinary Shares,$130.32,-2.03,-1.534%,"13,305,754,623"
EXEL,"Exelixis, Inc. Common Stock",$53.69,-0.70,-1.287%,"13,303,399,043"
DTM,"DT Midstream, Inc. Common Stock ",$129.99,-2.53,-1.909%,"13,260,968,327"
HRL,Hormel Foods Corporation Common Stock,$24.08,-0.33,-1.352%,"13,251,584,213"
GGG,Graco Inc. Common Stock,$81.71,-0.98,-1.185%,"13,233,246,959"
TXRH,"Texas Roadhouse, Inc. Common Stock",$201.19,-1.74,-0.857%,"13,206,297,902"
BWA,BorgWarner Inc. Common Stock,$64.80,-1.43,-2.159%,"13,197,579,739"
HAS,"Hasbro, Inc. Common Stock",$93.56,0.23,0.246%,"13,196,120,333"
MAIR,Madison Air Solutions Corporation Class A Common Stock,$26.25,-1.81,-6.45%,"13,170,218,565"
PINS,"Pinterest, Inc. Class A Common Stock",$23.23,-0.16,-0.684%,"13,155,451,617"
SJM,The J.M. Smucker Company Common Stock,$123.05,0.21,0.171%,"13,151,668,905"
CET,Central Securities Corporation Common Stock,$54.21,-0.49,-0.896%,"13,120,186,092"
GL,Globe Life Inc. Common Stock,$170.49,-0.97,-0.566%,"13,102,062,219"
BMRN,BioMarin Pharmaceutical Inc. Common Stock,$67.68,-1.65,-2.38%,"13,101,072,009"
FMS,Fresenius Medical Care AG American Depositary Shares (Each representing 1/2 of an Ordinary Share),$23.43,-0.41,-1.72%,"13,087,477,151"
CORT,Corcept Therapeutics Incorporated Common Stock,$121.05,2.03,1.706%,"13,085,310,957"
CSGP,"CoStar Group, Inc. Common Stock",$32.26,-1.47,-4.358%,"13,071,674,189"
FIVE,"Five Below, Inc. Common Stock",$236.31,-5.77,-2.384%,"13,066,844,395"
BMNR,"BitMine Immersion Technologies, Inc. Common Stock",$21.57,1.33,6.571%,"13,011,593,319"
SREA,DBA Sempra 5.750% Junior Subordinated Notes due 2079,$20.50,-0.05,-0.243%,"12,979,490,438"
WSO,"Watsco, Inc. Common Stock",$314.45,-5.19,-1.624%,"12,971,752,403"
AGNC,AGNC Investment Corp. Common Stock,$10.92,-0.16,-1.444%,"12,945,457,401"
SEIC,SEI Investments Company Common Stock,$107.60,0.24,0.224%,"12,914,063,983"
ALLY,Ally Financial Inc. Common Stock,$42.29,-0.82,-1.902%,"12,864,605,017"
CLX,Clorox Company (The) Common Stock,$106.04,-1.86,-1.724%,"12,823,523,770"
PEN,"Penumbra, Inc. Common Stock",$323.76,-3.08,-0.942%,"12,752,719,267"
CCK,"Crown Holdings, Inc.",$117.15,0.23,0.197%,"12,741,293,864"
FNF,"Fidelity National Financial, Inc. Common Stock",$47.44,-0.98,-2.024%,"12,723,067,713"
GLPI,"Gaming and Leisure Properties, Inc. Common Stock",$43.71,0.81,1.888%,"12,716,115,080"
ELS,"Equity Lifestyle Properties, Inc. Common Stock",$65.44,-0.29,-0.441%,"12,699,588,667"
AMKR,"Amkor Technology, Inc. Common Stock",$50.86,-0.03,-0.059%,"12,636,292,726"
BEPC,Brookfield Renewable Corporation Brookfield Renewable Corporation Class A Subordinate Voting Shares,$33.44,-0.62,-1.82%,"12,603,075,665"
LULU,lululemon athletica inc. Common Stock,$115.69,-3.76,-3.148%,"12,545,187,245"
HBM,Hudbay Minerals Inc. Ordinary Shares (Canada),$28.15,0.68,2.475%,"12,502,674,994"
AIT,"Applied Industrial Technologies, Inc. Common Stock",$340.34,-5.85,-1.69%,"12,490,088,651"
COKE,"Coca-Cola Consolidated, Inc. Common Stock",$187.60,0.76,0.407%,"12,487,461,554"
PAC,"Grupo Aeroportuario Del Pacifico, S.A. B. de C.V. Grupo Aeroportuario Del Pacifico, S.A. de C.V. (each representing 10 Series B shares)",$209.45,3.10,1.502%,"12,462,656,199"
GDDY,GoDaddy Inc. Class A Common Stock,$98.19,1.35,1.394%,"12,435,538,056"
DKNG,DraftKings Inc. Class A Common Stock,$25.03,-0.28,-1.106%,"12,426,244,821"
ARWR,"Arrowhead Pharmaceuticals, Inc. Common Stock",$87.47,-1.94,-2.17%,"12,355,528,228"
WTS,"Watts Water Technologies, Inc. Class A Common Stock",$369.90,-4.82,-1.286%,"12,348,390,195"
AMH,American Homes 4 Rent Common Shares of Beneficial Interest,$34.37,0.04,0.117%,"12,345,014,675"
SNN,"Smith & Nephew SNATS, Inc. Common Stock",$29.04,-0.27,-0.921%,"12,337,992,770"
MANH,"Manhattan Associates, Inc. Common Stock",$211.21,5.22,2.534%,"12,314,593,136"
AUR,"Aurora Innovation, Inc. Class A Common Stock",$6.12,-0.075,-1.211%,"12,265,430,240"
IT,"Gartner, Inc. Common Stock",$193.68,0.86,0.446%,"12,230,693,672"
NVMI,Nova Ltd. Ordinary Shares,$383.87,-1.46,-0.379%,"12,200,529,462"
GNRC,Generac Holdlings Inc. Common Stock,$206.75,-4.06,-1.926%,"12,199,565,137"
AHR,"American Healthcare REIT, Inc. Common Stock",$55.77,0.57,1.033%,"12,157,791,682"
DECK,Deckers Outdoor Corporation Common Stock,$88.86,-2.71,-2.959%,"12,121,768,211"
ERIE,Erie Indemnity Company Class A Common Stock,$262.29,-5.09,-1.904%,"12,114,930,646"
UDR,"UDR, Inc. Common Stock",$37.69,0.18,0.48%,"12,108,448,527"
CHYM,"Chime Financial, Inc. Class A Common Stock",$31.95,-1.12,-3.387%,"12,095,794,296"
MICC,The Magnum Ice Cream Company N.V. Ordinary Shares,$19.74,0.33,1.70%,"12,086,007,248"
SF,Stifel Financial Corporation Common Stock,$79.88,-2.84,-3.433%,"12,062,018,512"
TTMI,"TTM Technologies, Inc. Common Stock",$114.38,-2.00,-1.719%,"12,049,803,064"
PNW,Pinnacle West Capital Corporation Common Stock,$99.38,-0.05,-0.05%,"12,044,581,115"
HALO,"Halozyme Therapeutics, Inc. Common Stock",$106.12,-1.50,-1.394%,"12,044,407,760"
TEM,"Tempus AI, Inc. Class A Common Stock",$66.65,5.40,8.816%,"12,025,976,487"
DY,"Dycom Industries, Inc. Common Stock",$400.23,-2.53,-0.628%,"12,019,489,235"
MDGL,"Madrigal Pharmaceuticals, Inc. Common Stock",$519.09,-21.07,-3.901%,"11,993,120,765"
HUBS,"HubSpot, Inc. Common Stock",$239.86,-1.79,-0.741%,"11,960,906,972"
CR,Crane Company Common Stock,$206.50,-2.46,-1.177%,"11,935,773,514"
EHC,Encompass Health Corporation Common Stock,$120.91,-0.83,-0.682%,"11,928,180,659"
AFG,"American Financial Group, Inc. Common Stock",$143.65,0.36,0.251%,"11,911,668,591"
DOCU,"DocuSign, Inc. Common Stock",$62.28,0.17,0.274%,"11,892,030,186"
HII,"Huntington Ingalls Industries, Inc. Common Stock",$301.40,-10.36,-3.323%,"11,876,545,837"
CART,Maplebear Inc. Common Stock,$51.07,0.40,0.789%,"11,822,708,422"
BTSG,"BrightSpring Health Services, Inc. Common Stock",$59.53,0.20,0.337%,"11,778,858,267"
RTO,Rentokil Initial plc American Depositary Shares (each representing five (5) Ordinary Shares),$23.34,-0.20,-0.85%,"11,772,696,000"
ELAN,Elanco Animal Health Incorporated Common Stock,$23.56,-0.94,-3.837%,"11,771,090,315"
JKHY,"Jack Henry & Associates, Inc. Common Stock",$165.08,2.02,1.239%,"11,729,062,762"
AEIS,"Advanced Energy Industries, Inc. Common Stock",$292.62,-1.69,-0.574%,"11,719,560,338"
IAG,Iamgold Corporation Ordinary Shares,$20.50,0.78,3.955%,"11,705,500,000"
FHN,First Horizon Corporation Common Stock,$24.68,-0.19,-0.764%,"11,692,820,259"
BJ,"BJ's Wholesale Club Holdings, Inc. Common Stock",$91.30,-0.49,-0.534%,"11,658,461,013"
OC,Owens Corning Inc Common Stock New,$147.16,-4.07,-2.691%,"11,632,804,190"
SMTC,Semtech Corporation Common Stock,$124.88,-0.48,-0.383%,"11,632,717,860"
AR,Antero Resources Corporation Common Stock,$37.66,0.59,1.592%,"11,578,152,740"
PSKY,Paramount Skydance Corporation Class B Common Stock,$10.29,-0.31,-2.925%,"11,544,822,066"
GMED,"Globus Medical, Inc. Class A Common Stock",$85.67,-2.67,-3.022%,"11,502,218,172"
XPEV,"XPeng Inc. American depositary shares, each representing two Class A ordinary shares",$12.00,0.01,0.083%,"11,469,951,600"
WTRG,"Essential Utilities, Inc. Common Stock",$40.41,-0.64,-1.559%,"11,467,493,428"
TFII,TFI International Inc. Common Shares,$139.52,1.01,0.729%,"11,467,153,125"
SCI,Service Corporation International Common Stock,$83.37,0.16,0.192%,"11,389,965,547"
NIO,"NIO Inc. American depositary shares, each  representing one Class A ordinary share",$4.53,-0.05,-1.092%,"11,350,671,610"
TECH,Bio-Techne Corp Common Stock,$72.28,-0.20,-0.276%,"11,316,789,322"
KNX,Knight-Swift Transportation Holdings Inc.,$69.41,-0.33,-0.473%,"11,296,893,960"
ALGN,"Align Technology, Inc. Common Stock",$158.94,-4.10,-2.515%,"11,291,074,077"
DVA,DaVita Inc. Common Stock,$175.24,-2.03,-1.145%,"11,180,312,000"
MGM,MGM Resorts International Common Stock,$43.17,-0.05,-0.116%,"11,151,810,083"
BIPJ,Brookfield Infrastructure Corporation 7.250% Subordinated Notes due 2084,$24.09,-0.41,-1.673%,"11,113,776,285"
ENLT,Enlight Renewable Energy Ltd. Ordinary Shares,$79.59,-0.99,-1.229%,"11,098,352,735"
UMBF,UMB Financial Corporation Common Stock,$145.86,-0.24,-0.164%,"11,078,071,376"
FROG,JFrog Ltd. Ordinary Shares,$89.72,-1.49,-1.634%,"11,062,593,623"
DPZ,Domino's Pizza Inc Common Stock,$334.37,-2.15,-0.639%,"11,061,539,732"
RRX,Regal Rexnord Corporation Common Stock,$165.85,-3.64,-2.148%,"11,044,261,142"
EVR,Evercore Inc. Class A Common Stock,$287.09,-11.29,-3.784%,"11,040,843,486"
RYAN,"Ryan Specialty Holdings, Inc. Class A Common Stock",$43.04,0.83,1.966%,"11,010,268,346"
BSY,"Bentley Systems, Incorporated Class B Common Stock",$36.40,0.48,1.336%,"10,996,181,160"
DRS,"Leonardo DRS, Inc. Common Stock",$41.00,-1.56,-3.665%,"10,942,552,115"
HUT,Hut 8 Corp. Common Stock,$88.65,6.57,8.004%,"10,926,951,838"
AAOI,"Applied Optoelectronics, Inc. Common Stock",$129.10,6.91,5.655%,"10,917,888,497"
GKOS,Glaukos Corporation Common Stock,$184.89,-4.66,-2.458%,"10,905,540,112"
AXSM,"Axsome Therapeutics, Inc. Common Stock",$208.03,-10.17,-4.661%,"10,896,781,569"
CPT,Camden Property Trust Common Stock,$107.92,-0.48,-0.443%,"10,850,206,652"
BXP,"BXP, Inc. Common Stock",$67.78,0.56,0.833%,"10,821,860,266"
SUZ,Suzano S.A. American Depositary Shares (each representing One Ordinary Share),$8.50,0.16,1.918%,"10,744,999,728"
WMS,"Advanced Drainage Systems, Inc. Common Stock",$142.44,-3.97,-2.712%,"10,740,736,914"
CYTK,"Cytokinetics, Incorporated Common Stock",$77.18,-0.56,-0.72%,"10,729,827,401"
BPOP,"Popular, Inc. Common Stock",$168.22,-2.35,-1.378%,"10,728,819,438"
DCI,"Donaldson Company, Inc. Common Stock",$92.44,-0.36,-0.388%,"10,714,818,017"
DAR,Darling Ingredients Inc. Common Stock,$67.84,0.90,1.344%,"10,705,349,821"
FDS,FactSet Research Systems Inc. Common Stock,$300.06,1.96,0.657%,"10,671,796,833"
ALSN,"Allison Transmission Holdings, Inc. Common Stock",$129.12,4.30,3.445%,"10,662,476,267"
TX,"Ternium S.A. Ternium S.A. American Depositary Shares (each representing ten shares, USD1.00 par value)",$54.21,0.21,0.389%,"10,641,839,224"
GSAT,"Globalstar, Inc. Common Stock",$82.00,-0.46,-0.558%,"10,624,197,980"
AM,Antero Midstream Corporation Common Stock,$22.26,-0.16,-0.714%,"10,566,243,240"
KTOS,"Kratos Defense & Security Solutions, Inc. Common Stock",$56.18,-4.38,-7.232%,"10,546,184,151"
AES,The AES Corporation Common Stock,$14.77,0.07,0.476%,"10,537,488,565"
ARW,"Arrow Electronics, Inc. Common Stock",$206.64,1.08,0.525%,"10,519,096,609"
SAIL,"SailPoint, Inc. Common Stock",$18.51,-0.68,-3.544%,"10,498,557,274"
ENSG,"The Ensign Group, Inc. Common Stock",$179.85,-2.64,-1.447%,"10,482,095,755"
NYT,New York Times Company (The) Common Stock,$65.30,-0.66,-1.001%,"10,480,836,889"
MUSA,Murphy USA Inc. Common Stock,$570.20,1.96,0.345%,"10,480,473,859"
LFUS,"Littelfuse, Inc. Common Stock",$411.97,-2.10,-0.507%,"10,463,521,802"
AG,First Majestic Silver Corp. Ordinary Shares (Canada),$21.19,0.34,1.631%,"10,444,686,256"
FRHC,Freedom Holding Corp. Common Stock,$163.69,4.54,2.853%,"10,441,403,048"
WTFC,Wintrust Financial Corporation Common Stock,$152.61,-0.80,-0.521%,"10,295,981,224"
MOH,Molina Healthcare Inc Common Stock,$196.94,-4.23,-2.103%,"10,280,268,000"
GIL,"Gildan Activewear, Inc. Class A Sub. Vot. Common Stock",$55.45,-1.58,-2.77%,"10,268,887,972"
SSB,SouthState Bank Corporation Common Stock,$105.78,-1.31,-1.223%,"10,257,966,207"
WYNN,"Wynn Resorts, Limited Common stock",$99.60,-0.50,-0.50%,"10,256,199,544"
CFR,"Cullen/Frost Bankers, Inc. Common Stock",$164.81,0.11,0.067%,"10,242,741,256"
SPXC,"SPX Technologies, Inc. Common Stock",$204.48,-3.38,-1.626%,"10,241,556,653"
AYI,Acuity Inc. Common Stock,$341.65,-7.18,-2.058%,"10,227,479,633"
SWKS,"Skyworks Solutions, Inc. Common Stock",$67.94,-0.54,-0.789%,"10,223,120,809"
SANM,Sanmina Corporation Common Stock,$190.72,-3.81,-1.959%,"10,222,087,736"
PAYC,"Paycom Software, Inc. Common Stock",$226.72,4.56,2.053%,"10,218,637,460"
PSO,"Pearson, Plc Common Stock",$16.07,0.01,0.062%,"10,216,871,114"
APGE,"Apogee Therapeutics, Inc. Common Stock",$134.75,0.04,0.03%,"10,198,922,291"
VSAT,"ViaSat, Inc. Common Stock",$74.03,-2.64,-3.443%,"10,198,062,614"
UHS,"Universal Health Services, Inc. Common Stock",$172.87,0.54,0.313%,"10,188,355,348"
FRT,Federal Realty Investment Trust Common Stock,$117.25,-0.31,-0.264%,"10,187,750,844"
PODD,Insulet Corporation Common Stock,$146.87,-4.64,-3.063%,"10,186,051,207"
PNR,Pentair plc. Ordinary Share,$63.78,-1.81,-2.76%,"10,181,708,451"
PRAX,"Praxis Precision Medicines, Inc. Common Stock",$364.58,-21.61,-5.596%,"10,179,069,225"
ABVX,Abivax SA American Depositary Shares,$118.195,-2.365,-1.962%,"10,175,943,564"
RGEN,Repligen Corporation Common Stock,$180.29,3.93,2.228%,"10,174,778,110"
EQX,Equinox Gold Corp. Common Shares,$12.88,0.22,1.738%,"10,163,687,006"
FPS,"Forgent Power Solutions, Inc. Class A Common Stock",$33.36,-1.10,-3.192%,"10,155,747,737"
MOD,Modine Manufacturing Company Common Stock,$190.74,-4.40,-2.255%,"10,130,717,924"
RDY,Dr. Reddy's Laboratories Ltd Common Stock,$12.11,UNCH,--,"10,107,695,907"
KYMR,"Kymera Therapeutics, Inc. Common Stock",$121.50,-5.81,-4.564%,"10,102,800,087"
ORI,Old Republic International Corporation Common Stock,$41.80,-0.08,-0.191%,"10,091,896,140"
WLK,Westlake Corporation Common Stock,$78.85,-0.60,-0.755%,"10,076,757,810"
BIO,"Bio-Rad Laboratories, Inc. Class A Common Stock",$376.46,12.20,3.349%,"10,065,853,361"
CGNX,Cognex Corporation Common Stock,$59.73,-0.825,-1.362%,"10,048,010,083"
JEF,Jefferies Financial Group Inc. Common Stock,$51.78,-1.77,-3.305%,"10,031,996,488"
EAT,"Brinker International, Inc. Common Stock",$233.10,-0.36,-0.154%,"9,997,143,849"
RMBS,Rambus Inc. Common Stock,$92.15,1.30,1.431%,"9,994,736,716"
LTH,"Life Time Group Holdings, Inc. Common Stock",$44.72,0.07,0.157%,"9,993,218,315"
KRYS,"Krystal Biotech, Inc. Common Stock",$337.02,-6.32,-1.841%,"9,975,399,709"
FLS,Flowserve Corporation Common Stock,$78.10,0.21,0.27%,"9,927,508,118"
SMMT,Summit Therapeutics Inc. Common Stock ,$12.43,-0.68,-5.187%,"9,916,027,553"
ZION,Zions Bancorporation N.A. Common Stock,$67.89,-0.40,-0.586%,"9,908,773,271"
ONB,Old National Bancorp Common Stock,$25.83,-0.08,-0.309%,"9,881,783,100"
KLAR,Klarna Group plc Ordinary Shares,$14.00,-0.73,-4.956%,"9,879,022,986"
HSIC,"Henry Schein, Inc. Common Stock",$88.46,-0.83,-0.93%,"9,858,561,105"
MP,MP Materials Corp. Common Stock,$55.04,-1.64,-2.893%,"9,802,711,404"
CHWY,"Chewy, Inc. Class A Common Stock",$23.88,-0.11,-0.459%,"9,777,050,063"
APTV,Aptiv PLC Ordinary Shares,$47.03,-1.89,-3.863%,"9,764,995,557"
IONS,"Ionis Pharmaceuticals, Inc. Common Stock",$58.76,-2.04,-3.355%,"9,764,990,761"
PTGX,"Protagonist Therapeutics, Inc. Common Stock",$150.69,-4.25,-2.743%,"9,750,891,467"
OSCR,"Oscar Health, Inc. Class A Common Stock",$31.57,-0.73,-2.26%,"9,743,922,650"
LLYVK,"Liberty Live Holdings, Inc. Series C Liberty Live Group Common Stock",$105.45,-1.39,-1.301%,"9,701,966,899"
FRO,Frontline Plc Ordinary Shares,$43.56,-0.89,-2.002%,"9,697,453,045"
PAYP,PayPay Corporation American Depository Shares,$14.29,-0.39,-2.657%,"9,676,375,399"
OGE,OGE Energy Corp Common Stock,$46.73,-0.20,-0.426%,"9,653,543,542"
AVTR,"Avantor, Inc. Common Stock",$14.25,0.29,2.077%,"9,638,113,470"
PCOR,"Procore Technologies, Inc. Common Stock",$63.28,0.36,0.572%,"9,615,733,789"
MSGS,Madison Square Garden Sports Corp. Class A Common Stock (New),$398.52,-4.38,-1.087%,"9,596,338,087"
SAIA,"Saia, Inc. Common Stock",$359.63,0.44,0.122%,"9,593,004,380"
VICR,Vicor Corporation Common Stock,$207.64,-9.71,-4.467%,"9,573,601,832"
SIRI,SiriusXM Holdings Inc. Common Stock,$28.39,-0.28,-0.977%,"9,569,329,035"
VIAV,Viavi Solutions Inc. Common Stock,$38.56,-0.18,-0.465%,"9,514,673,368"
ONBPP,"Old National Bancorp Depositary Shares, Each Representing a 1/40th Interest in a Share of Series A Preferred Stock",$24.86,0.14,0.566%,"9,510,690,200"
ONBPO,"Old National Bancorp Depositary Shares, Each Representing a 1/40th Interest in a Share of Series C Preferred Stock",$24.85,0.07,0.282%,"9,506,864,500"
R,"Ryder System, Inc. Common Stock",$247.85,-2.69,-1.074%,"9,504,271,234"
SYRE,"Spyre Therapeutics, Inc. Common Stock",$107.79,-1.13,-1.037%,"9,504,249,806"
RRC,Range Resources Corporation Common Stock,$40.67,0.35,0.868%,"9,503,745,875"
VIRT,"Virtu Financial, Inc. Class A Common Stock",$61.19,1.21,2.017%,"9,496,701,890"
JAN,"Janus Living, Inc. Class A-1 Common Stock",$30.59,0.03,0.098%,"9,491,794,838"
LINE,"Lineage, Inc. Common Stock",$41.46,-0.31,-0.742%,"9,440,857,098"
OSK,Oshkosh Corporation (Holding Company)Common Stock,$152.73,2.88,1.922%,"9,429,511,865"
CTRE,"CareTrust REIT, Inc. Common Stock",$39.76,-0.06,-0.151%,"9,395,017,592"
LLYVA,"Liberty Live Holdings, Inc. Series A Liberty Live Group Common Stock",$101.90,-1.56,-1.508%,"9,375,347,814"
TTEK,"Tetra Tech, Inc. Common Stock",$36.57,-0.03,-0.082%,"9,363,544,732"
DDS,"Dillard's, Inc. Common Stock",$597.94,-17.93,-2.911%,"9,339,506,490"
TTC,Toro Company (The) Common Stock,$97.79,0.36,0.369%,"9,312,496,130"
VMI,"Valmont Industries, Inc. Common Stock",$481.67,-2.66,-0.549%,"9,298,570,953"
CUBE,CubeSmart Common Shares,$41.18,-0.28,-0.675%,"9,272,181,579"
EAI,"Entergy Arkansas, LLC First Mortgage Bonds, 4.875% Series Due September 1, 2066",$19.86,0.05,0.252%,"9,267,301,550"
MTCH,"Match Group, Inc. Common Stock",$40.35,0.65,1.637%,"9,262,382,245"
ADC,Agree Realty Corporation Common Stock,$74.45,0.06,0.081%,"9,260,039,630"
QGEN,Qiagen N.V. Common Shares,$44.90,0.40,0.899%,"9,252,756,410"
EMP,"Entergy Mississippi, LLC First Mortgage Bonds, 4.90% Series Due October 1, 2066",$19.80,UNCH,--,"9,239,303,660"
ARE,"Alexandria Real Estate Equities, Inc. Common Stock",$52.94,2.39,4.728%,"9,224,666,356"
ENJ,"Entergy New Orleans, LLC First Mortgage Bonds, 5.0% Series due December 1, 2052",$19.70,-0.46,-2.282%,"9,192,640,511"
BAH,Booz Allen Hamilton Holding Corporation Common Stock,$76.36,-2.48,-3.146%,"9,184,960,538"
GLXY,Galaxy Digital Inc. Class A Common Stock,$23.47,1.57,7.169%,"9,174,166,942"
PRI,"Primerica, Inc. Common Stock",$297.86,-3.11,-1.033%,"9,167,341,471"
IMVT,"Immunovant, Inc. Common Stock",$44.35,-0.61,-1.357%,"9,160,611,447"
BRKR,Bruker Corporation Common Stock,$59.92,1.27,2.165%,"9,129,370,215"
PCVX,"Vaxcyte, Inc. Common Stock",$61.34,-1.96,-3.096%,"9,127,715,753"
JMKE,Jersey Mike's Subs Inc. Class A Common Stock,$22.66,-0.15,-0.658%,"9,119,372,497"
AMG,"Affiliated Managers Group, Inc. Common Stock",$352.61,-2.80,-0.788%,"9,118,470,975"
BRX,Brixmor Property Group Inc. Common Stock,$29.48,-0.26,-0.874%,"9,046,595,876"
MHK,"Mohawk Industries, Inc. Common Stock",$133.47,-1.77,-1.309%,"9,041,010,213"
FORM,"FormFactor, Inc. FormFactor, Inc. Common Stock",$115.71,0.76,0.661%,"9,039,349,090"
TWST,Twist Bioscience Corporation Common Stock,$136.33,-6.06,-4.256%,"9,038,839,051"
COMP,"Compass, Inc. Class A Common Stock",$11.92,-0.88,-6.875%,"9,029,664,588"
KT,KT Corporation Common Stock,$18.67,-0.33,-1.737%,"9,002,489,652"
SOLS,Solstice Advanced Materials Inc. Common Stock ,$56.62,-0.72,-1.256%,"8,993,938,033"
CRNX,"Crinetics Pharmaceuticals, Inc. Common Stock",$84.69,UNCH,--,"8,982,664,244"
SM,SM Energy Company Common Stock,$37.64,1.50,4.151%,"8,952,827,120"
AAL,American Airlines Group Inc. Common Stock,$13.52,-0.34,-2.453%,"8,949,833,738"
HLI,"Houlihan Lokey, Inc. Class A Common Stock",$128.06,-2.03,-1.56%,"8,949,665,190"
YMM,Full Truck Alliance Co. Ltd. American Depositary Shares (each representing 20 Class A Ordinary Shares),$8.62,-0.08,-0.92%,"8,943,632,116"
FCFS,"FirstCash Holdings, Inc. Common Stock",$205.91,-6.07,-2.863%,"8,930,687,338"
ESTC,Elastic N.V. Ordinary Shares,$85.90,-1.44,-1.649%,"8,929,445,275"
ALV,"Autoliv, Inc. Common Stock",$121.69,-0.58,-0.474%,"8,912,236,937"
RHP,"Ryman Hospitality Properties, Inc. (REIT)",$128.64,0.30,0.234%,"8,874,018,787"
NNN,"NNN REIT, Inc. Common Stock",$46.09,-0.15,-0.324%,"8,846,118,226"
VOYA,"Voya Financial, Inc. Common Stock",$97.49,-0.61,-0.622%,"8,832,238,064"
KNTK,Kinetik Holdings Inc. Class A Common Stock,$54.39,-0.32,-0.585%,"8,831,800,826"
TTAN,"ServiceTitan, Inc. Class A Common Stock",$92.57,-2.45,-2.578%,"8,830,953,888"
IDCC,"InterDigital, Inc. Common Stock",$341.93,-2.93,-0.85%,"8,823,847,974"
SNAP,Snap Inc. Class A Common Stock,$5.21,-0.03,-0.573%,"8,811,140,080"
SFD,"Smithfield Foods, Inc. Common Stock",$22.28,-0.27,-1.197%,"8,773,138,363"
JXN,Jackson Financial Inc. Class A Common Stock ,$129.14,-1.90,-1.45%,"8,746,490,000"
EDU,"New Oriental Education & Technology Group, Inc. Sponsored ADR representing 10 Ordinary Share (Cayman Islands)",$54.91,-1.97,-3.463%,"8,738,692,968"
COLB,"Columbia Banking System, Inc. Common Stock",$30.84,-0.23,-0.74%,"8,724,705,945"
PB,"Prosperity Bancshares, Inc. Common Stock",$72.58,-0.32,-0.439%,"8,722,430,039"
HQY,"HealthEquity, Inc. Common Stock",$104.27,0.32,0.308%,"8,717,196,910"
KNSL,"Kinsale Capital Group, Inc. Common Stock",$381.15,1.73,0.456%,"8,681,996,689"
BVN,Buenaventura Mining Company Inc.,$34.16,0.18,0.53%,"8,676,191,377"
KMX,CarMax Inc,$61.05,2.10,3.562%,"8,663,672,411"
ESI,Element Solutions Inc. Common Stock,$35.54,-0.64,-1.769%,"8,660,775,084"
WAL,Western Alliance Bancorporation Common Stock (DE),$79.15,-1.25,-1.555%,"8,635,333,386"
TKR,Timken Company (The) Common Stock,$124.52,-1.15,-0.915%,"8,628,842,392"
BROS,Dutch Bros Inc. Class A Common Stock,$49.37,-0.90,-1.79%,"8,624,036,319"
CNM,"Core & Main, Inc. Class A Common Stock",$44.46,-0.83,-1.833%,"8,603,900,756"
GGB,Gerdau S.A. Common Stock,$4.33,-0.13,-2.915%,"8,564,818,152"
SATA,"Strive, Inc. Variable Rate Series A Perpetual Preferred Stock",$99.91,0.0216,0.022%,"8,536,500,529"
NEU,NewMarket Corp Common Stock,$927.61,-3.21,-0.345%,"8,530,678,170"
BOKF,BOK Financial Corporation Common Stock,$139.84,-0.51,-0.363%,"8,497,638,681"
QRVO,"Qorvo, Inc. Common Stock",$96.31,-0.50,-0.516%,"8,496,625,474"
AOS,A.O. Smith Corporation Common Stock,$62.43,-1.37,-2.147%,"8,484,772,212"
SIMO,Silicon Motion Technology Corporation American Depositary Shares,$249.65,6.85,2.821%,"8,465,091,008"
ATR,"AptarGroup, Inc. Common Stock",$132.96,0.03,0.023%,"8,453,746,912"
EMN,Eastman Chemical Company Common Stock,$73.79,-1.37,-1.823%,"8,439,909,896"
CBSH,"Commerce Bancshares, Inc. Common Stock",$58.80,-0.07,-0.119%,"8,433,812,066"
CAVA,"CAVA Group, Inc. Common Stock",$72.03,0.46,0.643%,"8,413,550,442"
ACM,AECOM Common Stock,$65.18,0.14,0.215%,"8,388,432,982"
PRMB,Primo Brands Corporation Class A Common Stock,$23.10,-0.55,-2.326%,"8,370,378,440"
SBSW,D/B/A Sibanye-Stillwater Limited ADS,$11.82,0.23,1.984%,"8,364,326,265"
TIMB,TIM S.A. American Depositary Shares (Each representing 5 Common Shares) ,$17.47,-0.31,-1.744%,"8,358,087,860"
APLD,Applied Digital Corporation Common Stock,$28.65,0.42,1.488%,"8,350,590,059"
SARO,"StandardAero, Inc. Common Stock",$25.23,-1.17,-4.432%,"8,349,097,244"
TXG,"10x Genomics, Inc. Class A Common Stock",$63.87,1.68,2.701%,"8,321,696,900"
TPGXL,"TPG Operating Group II, L.P. 6.950% Fixed-Rate Junior Subordinated Notes due 2064",$22.79,-0.08,-0.35%,"8,314,379,412"
IBRX,"ImmunityBio, Inc. Common Stock",$7.84,-0.29,-3.567%,"8,309,116,380"
STN,Stantec Inc Common Stock,$73.88,-0.92,-1.23%,"8,304,090,058"
FR,"First Industrial Realty Trust, Inc. Common Stock",$62.62,-0.14,-0.223%,"8,301,717,879"
XP,XP Inc. Class A Common Stock,$15.99,-0.54,-3.267%,"8,287,807,905"
REXR,"Rexford Industrial Realty, Inc. Common Stock",$37.05,-0.51,-1.358%,"8,261,709,994"
PATH,"UiPath, Inc. Class A Common Stock",$15.92,0.14,0.887%,"8,248,474,635"
PBF,PBF Energy Inc. Class A Common Stock,$69.56,-4.35,-5.886%,"8,245,422,451"
CELH,"Celsius Holdings, Inc. Common Stock",$32.54,0.28,0.868%,"8,233,760,429"
ZG,"Zillow Group, Inc. Class A Common Stock",$36.57,-0.87,-2.324%,"8,223,677,068"
WULF,TeraWulf Inc. Common Stock,$16.45,0.95,6.129%,"8,208,034,737"
LEVI,Levi Strauss & Co Class A Common Stock,$21.23,-0.77,-3.50%,"8,170,377,431"
MORN,"Morningstar, Inc. Common Stock",$217.49,3.84,1.797%,"8,158,826,557"
LAD,"Lithia Motors, Inc. Common Stock",$370.67,-0.84,-0.226%,"8,148,481,608"
CHRD,Chord Energy Corporation Common Stock,$148.81,2.28,1.556%,"8,139,590,332"
UGI,UGI Corporation Common Stock,$37.89,-0.66,-1.712%,"8,127,214,300"
AVAV,"AeroVironment, Inc. Common Stock",$159.79,-12.95,-7.497%,"8,120,945,651"
IDA,"IDACORP, Inc. Common Stock",$140.11,-0.65,-0.462%,"8,104,248,645"
ZWS,Zurn Elkay Water Solutions Corporation Common Stock,$48.82,-0.77,-1.553%,"8,097,485,216"
GME,GameStop Corporation Common Stock,$18.04,0.01,0.055%,"8,094,390,276"
FIGR,"Figure Technology Solutions, Inc. Class A Common Stock",$36.06,-0.79,-2.144%,"8,091,066,064"
PCTY,Paylocity Holding Corporation Common Stock,$152.36,3.05,2.043%,"8,083,758,883"
ALKS,Alkermes plc Ordinary Shares,$48.02,-2.16,-4.305%,"8,055,992,321"
LNC,Lincoln National Corporation Common Stock,$41.98,-1.50,-3.45%,"8,036,959,165"
CAE,CAE Inc. Common Shares,$24.99,-0.99,-3.811%,"8,034,501,413"
Z,"Zillow Group, Inc. Class C Capital Stock",$35.72,-0.86,-2.351%,"8,032,533,357"
ELPC,Companhia Paranaense de Energia (COPEL) American Depositary Shares (each representing four (4) Common Shares),$10.77,0.18,1.70%,"8,031,217,519"
SOBO,South Bow Corporation Common Shares,$38.41,0.80,2.127%,"8,011,735,523"
SNEX,StoneX Group Inc. Common Stock,$66.19,0.04,0.06%,"7,983,621,690"
NFG,National Fuel Gas Company Common Stock,$83.94,0.36,0.431%,"7,978,085,610"
SSL,Sasol Ltd. American Depositary Shares,$12.27,0.17,1.405%,"7,967,832,526"
TAP,Molson Coors Beverage Company Class B Common Stock,$42.61,0.12,0.282%,"7,944,802,085"
PL,Planet Labs PBC Class A Common Stock,$22.17,-0.45,-1.989%,"7,901,444,001"
RIOT,"Riot Platforms, Inc. Common Stock ",$20.98,1.60,8.256%,"7,872,932,456"
VIST,"Vista Energy S.A.B. de C.V. American Depositary Shares, each representing one series A share, with no par value",$70.50,2.08,3.04%,"7,847,876,841"
CAG,"ConAgra Brands, Inc. Common Stock",$16.27,0.05,0.308%,"7,810,700,194"
VLY,Valley National Bancorp Common Stock,$14.12,-0.32,-2.216%,"7,802,785,791"
ASR,"Grupo Aeroportuario del Sureste, S.A. de C.V. Common Stock",$259.16,-0.28,-0.108%,"7,774,800,000"
THG,Hanover Insurance Group Inc,$223.11,4.20,1.919%,"7,768,739,507"
APPF,"AppFolio, Inc. Class A Common Stock",$218.85,3.63,1.687%,"7,751,008,699"
OKLO,Oklo Inc. Class A common stock,$41.66,-1.28,-2.981%,"7,749,495,299"
TGTX,"TG Therapeutics, Inc. Common Stock",$50.56,-1.13,-2.186%,"7,739,171,320"
SSD,"Simpson Manufacturing Company, Inc. Common Stock",$187.88,-5.34,-2.764%,"7,700,202,054"
NCLH,Norwegian Cruise Line Holdings Ltd. Ordinary Shares,$16.75,-0.59,-3.403%,"7,691,396,421"
CBC,"Central Bancompany, Inc. Class A Common Stock",$32.09,0.79,2.524%,"7,685,719,718"
DBX,"Dropbox, Inc. Class A Common Stock",$34.00,0.01,0.029%,"7,674,115,690"
PRH,"Prudential Financial, Inc. 5.950% Junior Subordinated Notes due 2062",$21.64,0.02,0.093%,"7,617,280,000"
AXTA,Axalta Coating Systems Ltd. Common Shares,$35.50,-0.77,-2.123%,"7,597,709,894"
BLDR,"Builders FirstSource, Inc. Common Stock",$70.32,-2.23,-3.074%,"7,566,182,856"
MBLY,Mobileye Global Inc. Class A Common Stock,$8.88,-0.22,-2.418%,"7,549,665,870"
AWI,Armstrong World Industries Inc Common Stock,$178.11,-0.49,-0.274%,"7,527,431,939"
SSRM,SSR Mining Inc. Common Stock,$36.83,1.45,4.098%,"7,509,979,961"
NE,Noble Corporation plc A Ordinary Shares,$46.98,1.11,2.42%,"7,499,991,402"
RYTM,"Rhythm Pharmaceuticals, Inc. Common Stock",$108.92,-6.81,-5.884%,"7,499,368,771"
JOBY,"Joby Aviation, Inc. Common Stock",$7.58,-0.14,-1.813%,"7,497,561,716"
ETSY,"Etsy, Inc. Common Stock",$81.21,0.75,0.932%,"7,453,595,755"
TRNO,Terreno Realty Corporation Common Stock,$68.40,-0.19,-0.277%,"7,453,569,204"
FSS,Federal Signal Corporation Common Stock,$121.99,-0.64,-0.522%,"7,446,466,126"
PPC,Pilgrim's Pride Corporation Common Stock,$31.24,-0.04,-0.128%,"7,438,510,290"
HIMS,"Hims & Hers Health, Inc. Class A Common Stock",$31.86,0.77,2.477%,"7,433,365,338"
XE,"X-Energy, Inc. Class A Common Stock",$18.29,-1.56,-7.859%,"7,432,436,115"
MOS,Mosaic Company (The) Common Stock,$23.35,1.12,5.038%,"7,422,863,334"
ESE,ESCO Technologies Inc. Common Stock,$284.57,-6.20,-2.132%,"7,372,516,341"
BIPH,Brookfield Infrastructure Corporation 5.000% Subordinated Notes due 2081,$15.96,0.04,0.251%,"7,363,049,793"
LW,"Lamb Weston Holdings, Inc. Common Stock ",$53.47,-0.39,-0.724%,"7,351,109,658"
KEX,Kirby Corporation Common Stock,$139.22,0.55,0.397%,"7,350,816,000"
FAF,First American Corporation (New) Common Stock,$71.99,-0.79,-1.085%,"7,350,179,000"
TEX,Terex Corporation Common Stock,$64.20,-0.40,-0.619%,"7,338,060,000"
GJS,"Goldman Sachs Group Securities STRATS Trust for Goldman Sachs Group Securities, Series 2006-2",$23.47,UNCH,--,"7,323,556,105"
SFM,"Sprouts Farmers Market, Inc. Common Stock",$78.38,-0.95,-1.198%,"7,308,748,848"
BZ,KANZHUN LIMITED American Depository Shares,$15.78,-0.30,-1.866%,"7,303,073,993"
VFS,VinFast Auto Ltd. Ordinary Shares,$3.12,-0.02,-0.637%,"7,299,352,351"
UGP,Ultrapar Participacoes S.A. (New) American Depositary Shares (Each representing one Common Share),$6.55,UNCH,--,"7,288,906,758"
AGCO,AGCO Corporation Common Stock,$104.02,4.50,4.522%,"7,284,700,451"
SLAB,"Silicon Laboratories, Inc. Common Stock",$218.10,-0.82,-0.375%,"7,277,290,574"
MSA,MSA Safety Incorporated Common Stock,$188.44,-0.99,-0.523%,"7,269,692,779"
NAVN,"Navan, Inc. Class A Common Stock",$28.56,-0.62,-2.125%,"7,263,700,843"
AUGO,Aura Minerals Inc. Common Shares,$86.69,1.69,1.988%,"7,263,687,742"
PRS,"Prudential Financial, Inc. 5.625% Junior Subordinated Notes due 2058",$20.63,-0.02,-0.097%,"7,261,760,000"
AGX,"Argan, Inc. Common Stock",$516.58,-11.43,-2.165%,"7,242,062,615"
MTDR,Matador Resources Company Common Stock,$58.42,0.42,0.724%,"7,229,721,299"
NOV,NOV Inc. Common Stock,$20.27,-0.42,-2.03%,"7,225,811,594"
CMC,Commercial Metals Company Common Stock,$65.28,-2.88,-4.225%,"7,221,556,589"
VNO,Vornado Realty Trust Common Stock,$38.66,0.28,0.73%,"7,218,615,728"
KRMN,Karman Holdings Inc. Common Stock,$54.36,-3.84,-6.598%,"7,204,532,367"
AXS,Axis Capital Holdings Limited Common Stock,$98.60,0.05,0.051%,"7,194,478,856"
POWL,"Powell Industries, Inc. Common Stock",$197.40,-0.81,-0.409%,"7,191,788,134"
S,"SentinelOne, Inc. Class A Common Stock",$20.94,-0.38,-1.782%,"7,178,309,960"
CIFR,Cipher Digital Inc. Common Stock,$17.21,1.32,8.307%,"7,142,678,726"
ACA,"Arcosa, Inc. Common Stock ",$145.40,0.15,0.103%,"7,140,130,029"
AVT,"Avnet, Inc. Common Stock",$86.89,-1.45,-1.641%,"7,131,321,145"
ICL,ICL Group Ltd. Ordinary Shares,$5.52,0.02,0.364%,"7,124,513,464"
HXL,Hexcel Corporation Common Stock,$94.11,-3.68,-3.763%,"7,116,923,068"
BTG,B2Gold Corp Common shares (Canada),$5.38,0.11,2.087%,"7,107,360,700"
GTLB,GitLab Inc. Class A Common Stock,$42.08,-0.52,-1.221%,"7,107,312,000"
OMF,"OneMain Holdings, Inc. Common Stock",$61.70,-2.51,-3.909%,"7,098,058,637"
CPB,The Campbell's Company Common Stock,$23.77,-0.04,-0.168%,"7,088,362,396"
GAP,"Gap, Inc. (The) Common Stock",$19.65,-0.45,-2.239%,"7,073,586,033"
RAL,Ralliant Corporation Common Stock,$63.93,-2.58,-3.879%,"7,073,215,711"
STAG,"Stag Industrial, Inc. Common Stock",$36.37,-0.06,-0.165%,"7,012,438,926"
PJT,PJT Partners Inc. Class A Common Stock,$170.79,-2.20,-1.272%,"7,004,372,701"
MAC,Macerich Company (The) Common Stock,$24.69,-0.21,-0.843%,"7,001,080,969"
CHE,Chemed Corp,$534.88,-0.82,-0.153%,"6,990,860,740"
ZETA,Zeta Global Holdings Corp. Class A Common Stock,$27.85,-0.94,-3.265%,"6,990,728,899"
FLR,Fluor Corporation Common Stock,$52.16,-1.90,-3.515%,"6,975,934,055"
LOAR,Loar Holdings Inc. Common Stock,$74.37,-2.12,-2.772%,"6,967,611,588"
VCTR,"Victory Capital Holdings, Inc. Class A Common Stock",$113.08,-2.73,-2.357%,"6,955,502,402"
CAI,"Caris Life Sciences, Inc. Common Stock",$24.58,1.82,7.996%,"6,946,189,672"
ORKA,"Oruka Therapeutics, Inc. Common Stock",$104.86,-4.83,-4.403%,"6,942,749,037"
QBTS,D-Wave Quantum Inc. Common Stock,$18.80,-0.52,-2.692%,"6,942,160,136"
BILI,Bilibili Inc. American Depositary Shares,$16.66,-0.65,-3.755%,"6,940,949,959"
ALGM,"Allegro MicroSystems, Inc. Common Stock",$37.19,-1.16,-3.025%,"6,932,292,091"
POOL,Pool Corporation Common Stock,$190.33,-5.66,-2.888%,"6,916,734,377"
CAMT,Camtek Ltd. Ordinary Shares,$148.51,-2.145,-1.424%,"6,912,933,626"
MAAS,Maase Inc. Class A Ordinary Shares,$15.63,-0.30,-1.883%,"6,911,204,284"
HNGE,"Hinge Health, Inc. Class A Common Stock",$85.62,-2.84,-3.21%,"6,909,055,984"
PACS,"PACS Group, Inc. Common Stock",$43.58,-0.68,-1.536%,"6,900,265,971"
VSXY,Victorias Secret & Co. Common Stock ,$86.80,-1.81,-2.043%,"6,899,881,296"
OGC,OceanaGold Corporation Common Shares,$30.72,0.50,1.655%,"6,887,977,667"
CGON,"CG Oncology, Inc. Common stock",$77.61,-3.07,-3.805%,"6,879,379,504"
DUOL,"Duolingo, Inc. Class A Common Stock",$147.03,1.00,0.685%,"6,878,985,131"
TFPM,Triple Flag Precious Metals Corp. Common Shares,$33.29,0.56,1.711%,"6,877,844,230"
VIPS,"Vipshop Holdings Limited American Depositary Shares, each representing two ordinary shares",$14.30,-0.15,-1.038%,"6,867,868,722"
NXE,Nexgen Energy Ltd. Common Shares,$10.22,-0.34,-3.22%,"6,852,572,352"
ENS,EnerSys Common Stock,$189.97,-3.98,-2.052%,"6,851,310,603"
DPC,DPC Holdings PLC Ordinary Shares,$45.76,-1.50,-3.174%,"6,836,224,412"
GLBE,Global-E Online Ltd. Ordinary Shares,$40.79,-0.45,-1.091%,"6,835,110,468"
BEPJ,Brookfield BRP Holdings (Canada) Inc. 7.250% Perpetual Subordinated Notes,$23.60,-0.65,-2.68%,"6,777,078,424"
STVN,Stevanato Group S.p.A. Ordinary Shares,$22.35,0.64,2.948%,"6,768,530,680"
ACT,"Enact Holdings, Inc. Common Stock",$49.12,-0.35,-0.707%,"6,753,197,920"
INGR,Ingredion Incorporated Common Stock,$107.02,-0.13,-0.121%,"6,749,107,033"
WEX,WEX Inc. common stock,$197.85,2.43,1.243%,"6,743,046,736"
EPRT,"Essential Properties Realty Trust, Inc. Common Stock",$31.17,0.07,0.225%,"6,741,229,535"
SRRK,Scholar Rock Holding Corporation Common Stock,$55.25,-1.26,-2.23%,"6,728,636,831"
SGHC,Super Group (SGHC) Limited Ordinary Shares,$13.22,0.06,0.456%,"6,716,775,137"
RIG,Transocean Ltd (Switzerland) Common Stock,$6.01,0.17,2.911%,"6,712,449,311"
LB,LandBridge Company LLC Class A Shares Representing Limited Liability Company Interests,$87.03,4.83,5.876%,"6,708,743,406"
MGY,Magnolia Oil & Gas Corporation Class A Common Stock,$28.22,0.73,2.656%,"6,687,253,666"
DSGX,Descartes Systems Group Inc. (The) Common Stock,$77.83,0.25,0.322%,"6,669,317,065"
AAON,"AAON, Inc. Common Stock",$80.84,-0.15,-0.185%,"6,665,552,177"
ORA,"Ormat Technologies, Inc. Common Stock",$108.30,-2.02,-1.831%,"6,660,118,710"
HR,Healthcare Realty Trust Incorporated Common Stock,$19.41,0.09,0.466%,"6,652,190,542"
NPO,Enpro Inc. Common Stock,$312.75,-6.84,-2.14%,"6,620,192,233"
OR,OR Royalties Inc. Common Shares,$35.29,0.39,1.117%,"6,616,729,041"
AN,"AutoNation, Inc. Common Stock",$200.09,-0.43,-0.214%,"6,615,136,673"
SWX,"Southwest Gas Holdings, Inc. Common Stock (DE)",$91.30,-0.45,-0.49%,"6,614,306,379"
LYFT,"Lyft, Inc. Class A Common Stock",$17.40,-0.03,-0.172%,"6,586,600,333"
GGAL,Grupo Financiero Galicia S.A. American Depositary Shares,$41.00,-0.47,-1.133%,"6,585,640,293"
GDS,GDS Holdings Limited ADS,$32.85,-0.49,-1.47%,"6,582,404,587"
ACGLO,"Arch Capital Group Ltd. Depositary Shares Each Representing 1/1,000th Interest in a Share of 5.45% Non-Cumulative Preferred Shares, Series F",$19.27,-0.04,-0.207%,"6,575,485,258"
DOX,Amdocs Limited Ordinary Shares,$60.90,0.69,1.146%,"6,574,126,925"
MSM,"MSC Industrial Direct Company, Inc. Common Stock",$117.70,-2.63,-2.186%,"6,573,109,275"
LKQ,LKQ Corporation Common Stock,$25.98,0.42,1.643%,"6,572,994,194"
GTES,Gates Industrial Corporation Ltd. Common Shares,$25.89,-0.34,-1.296%,"6,554,083,791"
LNTH,"Lantheus Holdings, Inc. Common Stock",$100.24,-0.24,-0.239%,"6,542,902,269"
FNB,F.N.B. Corporation Common Stock,$18.53,-0.04,-0.215%,"6,541,108,011"
WFRD,Weatherford International plc Ordinary Shares,$91.24,-1.02,-1.106%,"6,540,579,819"
HRB,"H&R Block, Inc. Common Stock",$53.04,0.79,1.512%,"6,538,024,503"
BLTE,"Belite Bio, Inc American Depositary Shares",$161.94,-6.61,-3.922%,"6,521,670,999"
IBP,"Installed Building Products, Inc. Common Stock",$244.61,-5.09,-2.038%,"6,501,532,486"
UBSI,"United Bankshares, Inc. Common Stock",$47.70,0.01,0.021%,"6,497,339,637"
ROAD,"Construction Partners, Inc. Class A Common Stock",$113.19,-2.42,-2.093%,"6,494,225,880"
LGN,Legence Corp. Class A Common stock,$60.08,-2.41,-3.857%,"6,493,174,838"
CHDN,"Churchill Downs, Incorporated Common Stock",$93.12,1.37,1.493%,"6,490,486,628"
MATX,"Matson, Inc. Common Stock",$216.77,-1.49,-0.683%,"6,482,172,591"
PLXS,Plexus Corp. Common Stock,$241.91,-2.35,-0.962%,"6,447,409,269"
AVAL,Grupo Aval Acciones y Valores S.A. ADR (Each representing 20 preferred shares),$5.43,-0.07,-1.273%,"6,446,353,669"
RRR,"Red Rock Resorts, Inc. Class A Common Stock",$61.09,-0.16,-0.261%,"6,415,438,986"
ECG,"Everus Construction Group, Inc. Common Stock",$125.32,-4.24,-3.273%,"6,399,319,928"
CMSC,CMS Energy Corporation 5.875% Junior Subordinated Notes due 2078,$21.28,-0.0184,-0.086%,"6,369,858,610"
TAL,TAL Education Group American Depositary Shares,$11.47,-0.65,-5.363%,"6,362,423,383"
LQDA,Liquidia Corporation Common Stock,$71.05,-4.28,-5.682%,"6,359,606,706"
RYN,Rayonier Inc. REIT Common Stock,$21.28,-0.19,-0.885%,"6,332,231,952"
CMSD,CMS Energy Corporation 5.875% Junior Subordinated Notes due 2079,$21.12,-0.03,-0.142%,"6,321,964,936"
QLYS,"Qualys, Inc. Common Stock",$182.21,-4.47,-2.394%,"6,303,555,132"
MIRM,"Mirum Pharmaceuticals, Inc. Common Stock",$97.07,-5.17,-5.057%,"6,302,968,945"
FSV,FirstService Corporation Common Shares,$143.45,-3.08,-2.102%,"6,300,688,363"
MTG,MGIC Investment Corporation Common Stock,$30.71,-0.17,-0.551%,"6,299,383,836"
INGM,Ingram Micro Holding Corporation Common Stock,$27.28,0.22,0.813%,"6,292,456,741"
TTD,"The Trade Desk, Inc. Class A Common Stock",$13.32,-0.22,-1.625%,"6,258,804,184"
GATX,GATX Corporation Common Stock,$176.70,0.54,0.307%,"6,237,510,000"
AMRX,"Amneal Pharmaceuticals, Inc. Class A Common Stock",$17.90,-0.21,-1.16%,"6,234,498,704"
EXP,Eagle Materials Inc Common Stock,$202.92,-3.46,-1.677%,"6,224,636,949"
URBN,"Urban Outfitters, Inc. Common Stock",$72.65,-1.73,-2.326%,"6,221,388,780"
G,Genpact Limited Common Stock,$36.93,0.53,1.456%,"6,205,510,651"
IFS,Intercorp Financial Services Inc. Common Shares,$53.74,-0.16,-0.297%,"6,204,159,667"
LUMN,"Lumen Technologies, Inc. Common Stock",$6.01,-0.12,-1.958%,"6,198,986,878"
LSTR,"Landstar System, Inc. Common Stock",$182.42,-2.60,-1.405%,"6,190,773,859"
LEA,Lear Corporation Common Stock,$125.43,1.38,1.112%,"6,186,805,149"
VAL,Valaris Limited Common Shares,$89.00,2.08,2.393%,"6,179,786,823"
OTEX,Open Text Corporation Common Shares,$24.60,0.09,0.367%,"6,164,828,314"
SNDR,"Schneider National, Inc. Common Stock",$35.14,0.15,0.429%,"6,160,073,591"
ESNT,Essent Group Ltd. Common Shares,$68.53,-0.51,-0.739%,"6,159,236,065"
GBCI,"Glacier Bancorp, Inc. Common Stock",$47.25,-0.70,-1.46%,"6,152,514,779"
BIRK,Birkenstock Holding plc Ordinary Shares,$34.55,-1.58,-4.373%,"6,146,024,077"
BLCO,Bausch + Lomb Corporation Common Shares,$17.20,-0.25,-1.433%,"6,143,242,231"
CLF,Cleveland-Cliffs Inc. Common Stock,$10.74,-0.43,-3.85%,"6,127,600,105"
COGT,"Cogent Biosciences, Inc. Common Stock",$35.31,-1.54,-4.179%,"6,127,167,114"
KGS,"Kodiak Gas Services, Inc. Common Stock",$60.60,0.57,0.95%,"6,126,904,279"
DNTH,"Dianthus Therapeutics, Inc. Common Stock",$109.51,-4.19,-3.685%,"6,125,373,735"
KNSA,"Kiniksa Pharmaceuticals International, plc Class A Ordinary Shares",$78.47,-2.33,-2.884%,"6,122,544,300"
ST,Sensata Technologies Holding plc Ordinary Shares,$41.93,-0.84,-1.964%,"6,102,318,694"
ENIC,Enel Chile S.A. American Depositary Shares (Each representing 50 shares of Common Stock),$4.41,-0.11,-2.434%,"6,100,490,345"
DFTX,"Definium Therapeutics, Inc. Common Shares",$45.40,-0.42,-0.917%,"6,100,259,530"
CACC,Credit Acceptance Corporation Common Stock,$585.88,2.83,0.485%,"6,081,774,210"
CMSA,CMS Energy Corporation 5.625% Junior Subordinated Notes due 2078,$20.30,-0.045,-0.221%,"6,076,509,858"
TVTX,"Travere Therapeutics, Inc. Common Stock",$64.46,-1.50,-2.274%,"6,076,069,346"
STWD,"STARWOOD PROPERTY TRUST, INC. Starwood Property Trust Inc.",$16.41,-0.15,-0.906%,"6,074,472,470"
HWC,Hancock Whitney Corporation Common Stock,$75.66,-0.47,-0.617%,"6,069,676,568"
RDNT,"RadNet, Inc. Common Stock",$77.05,1.51,1.999%,"6,063,623,652"
HOMB,"Home BancShares, Inc. Common Stock",$30.19,-0.22,-0.723%,"6,039,498,330"
CZR,"Caesars Entertainment, Inc. Common Stock",$29.64,0.05,0.169%,"6,038,271,826"
RUSHB,"Rush Enterprises, Inc. Class B",$77.57,-0.99,-1.26%,"6,036,518,887"
JBTM,JBT Marel Corporation Common Stock,$116.16,1.13,0.982%,"6,026,011,063"
VSEC,VSE Corporation Common Stock,$214.51,-15.91,-6.905%,"6,020,217,144"
DLB,Dolby Laboratories Common Stock,$64.19,1.49,2.376%,"6,012,599,951"
RUSHA,"Rush Enterprises, Inc. Common Stock Cl A",$77.11,-1.22,-1.558%,"6,000,721,559"
RLI,RLI Corp. Common Stock (DE),$65.10,0.79,1.228%,"5,974,420,347"
ERAS,"Erasca, Inc. Common Stock",$17.08,-0.99,-5.479%,"5,973,935,558"
NICE,NICE Ltd American Depositary Shares,$100.37,-0.56,-0.555%,"5,962,337,325"
BETA,"Beta Technologies, Inc. Class A Common Stock",$25.48,-0.92,-3.485%,"5,960,818,209"
MBGL,Mobility Global Inc. Common Stock,$20.20,-0.49,-2.368%,"5,955,390,664"
KOF,"Coca Cola Femsa S.A.B. de C.V.  American Depositary Shares, each representing 10 Units (each Unit consists of 3 Series B Shares and 5 Series L Shares)",$113.24,0.01,0.009%,"5,947,456,185"
M,Macy's Inc Common Stock,$22.58,-0.82,-3.504%,"5,939,397,001"
RSI,"Rush Street Interactive, Inc. Class A Common Stock",$25.61,-0.11,-0.428%,"5,935,715,698"
CWST,"Casella Waste Systems, Inc. Class A Common Stock",$93.05,0.20,0.215%,"5,921,706,280"
TXNM,"TXNM Energy, Inc. Common Stock",$57.46,-0.14,-0.243%,"5,921,029,538"
MXL,"MaxLinear, Inc. Common Stock",$65.28,-1.15,-1.731%,"5,920,451,508"
ENVA,"Enova International, Inc. Common Stock",$237.39,-16.99,-6.679%,"5,910,624,292"
CORZ,"Core Scientific, Inc. Common Stock",$18.39,-0.33,-1.763%,"5,909,450,710"
CROX,"Crocs, Inc. Common Stock",$123.09,-2.64,-2.10%,"5,901,559,282"
POR,Portland General Electric Co Common Stock,$50.17,0.03,0.06%,"5,900,380,316"
STEP,StepStone Group Inc. Class A Common Stock,$48.84,-1.04,-2.085%,"5,893,848,465"
PTCT,"PTC Therapeutics, Inc. Common Stock",$70.52,-3.15,-4.276%,"5,885,655,757"
BYD,Boyd Gaming Corporation Common Stock,$80.95,-1.73,-2.092%,"5,881,455,763"
TBBB,BBB Foods Inc. Class A Common Shares,$49.77,0.25,0.505%,"5,865,750,306"
CORZZ,"Core Scientific, Inc. Tranche 2 Warrants",$18.24,-0.09,-0.491%,"5,861,249,644"
CRUS,"Cirrus Logic, Inc. Common Stock",$116.90,-1.17,-0.991%,"5,858,742,881"
AUB,Atlantic Union Bankshares Corporation Common Stock,$41.02,-0.34,-0.822%,"5,858,267,034"
MWH,"SOLV Energy, Inc. Class A Common Stock",$28.92,-1.05,-3.504%,"5,853,024,000"
BBUC,Brookfield Business Corporation Class A Subordinate Voting Shares,$28.02,-0.90,-3.112%,"5,825,358,000"
FND,"Floor & Decor Holdings, Inc. Common Stock",$54.70,-2.72,-4.737%,"5,825,001,086"
ACI,"Albertsons Companies, Inc. Class A Common Stock",$11.98,-0.14,-1.155%,"5,814,201,682"
ELF,"e.l.f. Beauty, Inc. Common Stock",$98.46,-1.19,-1.194%,"5,809,927,286"
ASB,Associated Banc-Corp Common Stock,$30.76,-0.05,-0.162%,"5,809,015,511"
NTSK,"Netskope, Inc. Class A Common Stock",$14.38,-0.32,-2.177%,"5,808,422,073"
YOU,"Clear Secure, Inc. Class A Common Stock",$42.90,-1.40,-3.16%,"5,803,858,718"
CGABL,The Carlyle Group Inc. 4.625% Subordinated Notes due 2061,$16.02,-0.02,-0.125%,"5,794,512,610"
XENE,Xenon Pharmaceuticals Inc. Common Shares,$59.73,-2.59,-4.156%,"5,784,279,003"
ABCB,Ameris Bancorp Common Stock,$86.12,-0.63,-0.726%,"5,779,275,423"
NXST,"Nexstar Media Group, Inc. Common Stock",$187.29,-0.08,-0.043%,"5,770,086,694"
SON,Sonoco Products Company Common Stock,$58.33,0.43,0.743%,"5,767,378,925"
MCY,Mercury General Corporation Common Stock,$103.87,-0.44,-0.422%,"5,753,216,686"
HLNE,Hamilton Lane Incorporated Class A Common Stock,$104.06,-0.80,-0.763%,"5,734,812,990"
LGND,Ligand Pharmaceuticals Incorporated Common Stock,$287.39,-3.32,-1.142%,"5,729,294,671"
BCPC,Balchem Corporation Common Stock,$179.63,-0.56,-0.311%,"5,726,248,912"
TFX,Teleflex Incorporated Common Stock,$134.96,-0.90,-0.662%,"5,718,578,699"
MMYT,MakeMyTrip Limited Ordinary Shares,$60.79,-0.45,-0.735%,"5,717,826,063"
MKTX,"MarketAxess Holdings, Inc. Common Stock",$161.90,0.16,0.099%,"5,697,729,053"
TEO,Telecom Argentina SA,$13.20,-0.01,-0.076%,"5,685,736,346"
ANDG,Andersen Group Inc. Class A Common Stock,$50.32,5.30,11.773%,"5,685,578,955"
RITM,Rithm Capital Corp. Common Stock,$10.16,-0.22,-2.119%,"5,673,415,435"
WPP,WPP plc American Depositary Shares,$26.27,-0.43,-1.61%,"5,668,027,599"
MMED,"MiniMed Group, Inc. Common Stock",$20.18,-0.04,-0.198%,"5,667,408,612"
MRCY,Mercury Systems Inc Common Stock,$94.23,-7.02,-6.933%,"5,666,627,813"
AROC,"Archrock, Inc. Common Stock",$32.28,-0.01,-0.031%,"5,659,916,612"
FTDR,"Frontdoor, Inc. Common Stock",$81.94,-0.34,-0.413%,"5,645,118,313"
SXT,Sensient Technologies Corporation Common Stock,$132.58,-0.64,-0.48%,"5,642,977,482"
CRSP,CRISPR Therapeutics AG Common Shares,$58.12,-1.69,-2.826%,"5,619,776,992"
EXLS,"ExlService Holdings, Inc. Common Stock",$37.05,0.03,0.081%,"5,617,243,088"
SPHR,Sphere Entertainment Co. Class A Common Stock,$156.23,-3.56,-2.228%,"5,610,782,822"
FLG,"Flagstar Bank, N.A. Common Stock",$13.49,-0.20,-1.461%,"5,599,602,358"
WH,"Wyndham Hotels & Resorts, Inc. Common Stock ",$75.31,-0.54,-0.712%,"5,588,839,598"
BKH,Black Hills Corporation Common Stock,$73.29,0.10,0.137%,"5,588,592,704"
OZK,Bank OZK Common Stock,$49.28,-0.20,-0.404%,"5,575,348,585"
ACGLN,"Arch Capital Group Ltd. Depositary Shares, each Representing a 1/1,000th Interest in a 4.550% Non-Cumulative Preferred Share, Series G",$16.32,-0.04,-0.244%,"5,568,859,336"
CMBT,CMB.TECH NV Ordinary Shares,$17.62,-0.24,-1.344%,"5,567,526,140"
NJR,NewJersey Resources Corporation Common Stock,$54.84,-0.24,-0.436%,"5,564,502,159"
OBDC,Blue Owl Capital Corporation Common Stock,$11.28,-0.05,-0.441%,"5,562,648,178"
PEGA,Pegasystems Inc. Common Stock,$33.61,-0.22,-0.65%,"5,525,650,201"
WHD,"Cactus, Inc. Class A Common Stock",$68.85,-4.88,-6.619%,"5,520,352,860"
UEC,Uranium Energy Corp. Common Stock,$11.15,-0.48,-4.127%,"5,517,826,881"
EPAM,"EPAM Systems, Inc. Common Stock",$106.76,-0.61,-0.568%,"5,507,426,092"
NOVT,Novanta Inc. Common Stock,$145.52,-0.42,-0.288%,"5,503,241,890"
GRFS,"Grifols, S.A. American Depositary Shares",$7.99,-0.26,-3.152%,"5,493,563,715"
MUR,Murphy Oil Corporation Common Stock,$38.28,1.41,3.824%,"5,488,629,465"
SHC,Sotera Health Company Common Stock,$19.22,0.22,1.158%,"5,484,903,560"
VFC,V.F. Corporation Common Stock,$13.95,-0.42,-2.923%,"5,484,227,252"
RNG,"RingCentral, Inc. Class A Common Stock",$65.58,-0.36,-0.546%,"5,476,334,104"
ACMR,"ACM Research, Inc. Class A Common Stock",$78.52,0.93,1.199%,"5,468,854,870"
PFH,"Prudential Financial, Inc. 4.125% Junior Subordinated Notes due 2060",$15.30,-0.13,-0.843%,"5,462,100,000"
MAIN,Main Street Capital Corporation Common Stock,$58.40,0.23,0.395%,"5,460,894,122"
AX,"Axos Financial, Inc. Common Stock",$95.96,-0.19,-0.198%,"5,458,649,575"
HCC,"Warrior Met Coal, Inc. Common Stock",$103.36,-1.69,-1.609%,"5,457,623,712"
CVLT,"Commvault Systems, Inc. Common Stock",$131.63,-5.69,-4.144%,"5,455,347,959"
CIGI,Colliers International Group Inc. Subordinate Voting Shares,$106.70,-3.03,-2.761%,"5,452,777,701"
SIGI,"Selective Insurance Group, Inc. Common Stock",$90.81,0.98,1.091%,"5,409,471,696"
HRI,Herc Holdings Inc. Common Stock ,$161.66,-6.44,-3.831%,"5,404,527,237"
WFG,West Fraser Timber Co. Ltd Common stock,$68.92,-2.16,-3.039%,"5,396,699,412"
CNX,CNX Resources Corporation Common Stock,$36.46,0.64,1.787%,"5,394,025,005"
MMSI,"Merit Medical Systems, Inc. Common Stock",$90.27,-1.71,-1.859%,"5,390,059,613"
ADT,ADT Inc. Common Stock,$7.37,-0.02,-0.271%,"5,384,221,658"
GVA,Granite Construction Incorporated Common Stock,$122.97,-3.11,-2.467%,"5,381,721,795"
CIG,Comp En De Mn Cemig ADS American Depositary Shares,$1.88,-0.05,-2.591%,"5,380,149,963"
REYN,Reynolds Consumer Products Inc. Common Stock,$25.50,-0.58,-2.224%,"5,375,170,041"
FBIN,"Fortune Brands Innovations, Inc. Common Stock",$44.98,-1.51,-3.248%,"5,369,329,035"
RGTI,"Rigetti Computing, Inc. Common Stock",$16.065,-0.935,-5.50%,"5,361,994,921"
VSNT,"Versant Media Group, Inc. Class A Common Stock ",$38.63,-0.63,-1.605%,"5,361,546,665"
NIQ,NIQ Global Intelligence plc Ordinary Shares,$18.15,-0.16,-0.874%,"5,353,448,932"
MTN,"Vail Resorts, Inc. Common Stock",$150.22,-2.83,-1.849%,"5,352,868,276"
CWEN,"Clearway Energy, Inc. Class C Common Stock",$32.64,-1.02,-3.03%,"5,350,143,494"
SAIC,Science Applications International Corporation Common Stock,$126.29,-2.42,-1.88%,"5,339,139,472"
AIR,AAR Corp. Common Stock,$132.39,-6.78,-4.872%,"5,329,867,828"
PAGP,"Plains GP Holdings, L.P. Class A Units representing Limited Partner Interests",$26.80,0.705,2.702%,"5,303,830,523"
CAKE,Cheesecake Factory Incorporated (The) Common Stock,$106.53,0.71,0.671%,"5,301,000,340"
GLNG,Golar Lng Ltd,$52.14,-0.10,-0.191%,"5,296,864,434"
CPA,"Copa Holdings, S.A. Class A Common Stock",$128.29,-1.49,-1.148%,"5,277,664,964"
KRG,Kite Realty Group Trust Common Stock,$26.27,-0.17,-0.643%,"5,263,113,930"
CSW,"CSW Industrials, Inc. Common Stock",$322.62,-5.59,-1.703%,"5,256,604,776"
BC,Brunswick Corporation Common Stock,$81.06,-0.55,-0.674%,"5,252,479,514"
OUT,OUTFRONT Media Inc. Common Stock,$29.78,-0.55,-1.813%,"5,245,307,775"
SBRA,"Sabra Health Care REIT, Inc. Common Stock",$20.53,-0.01,-0.049%,"5,244,650,381"
MC,Moelis & Company Class A Common Stock,$66.87,-1.69,-2.465%,"5,233,852,577"
RELY,"Remitly Global, Inc. Common Stock",$24.71,-0.35,-1.397%,"5,230,712,974"
PSMT,"PriceSmart, Inc. Common Stock",$169.46,-6.15,-3.502%,"5,229,624,397"
OII,"Oceaneering International, Inc. Common Stock",$52.49,-0.20,-0.38%,"5,224,311,066"
UNF,Unifirst Corporation Common Stock,$288.65,-0.70,-0.242%,"5,219,996,536"
HASI,"HA Sustainable Infrastructure Capital, Inc. Common Stock",$40.62,-1.26,-3.009%,"5,219,498,990"
GOLF,Acushnet Holdings Corp. Common Stock,$89.25,-0.31,-0.346%,"5,212,650,177"
ACIW,"ACI Worldwide, Inc. Common Stock",$51.57,-0.40,-0.77%,"5,206,261,778"
GXO,"GXO Logistics, Inc. Common Stock ",$45.37,-1.00,-2.157%,"5,203,239,349"
EBC,"Eastern Bankshares, Inc. Common Stock",$22.74,-0.27,-1.173%,"5,196,352,692"
LAUR,"Laureate Education, Inc. Common Stock",$37.56,-0.82,-2.137%,"5,173,865,962"
BGC,"BGC Group, Inc. Class A Common Stock",$10.88,0.08,0.741%,"5,173,075,759"
LBRDK,Liberty Broadband Corporation Class C Common Stock,$36.02,1.01,2.885%,"5,168,788,235"
LBRDA,Liberty Broadband Corporation Class A Common Stock,$35.99,0.99,2.829%,"5,164,483,303"
MRX,Marex Group Limited Ordinary Shares,$69.59,-0.60,-0.855%,"5,158,904,127"
LPX,Louisiana-Pacific Corporation Common Stock,$73.75,-2.24,-2.948%,"5,156,851,488"
KVYO,"Klaviyo, Inc. Series A Common Stock",$18.11,-0.09,-0.495%,"5,156,413,884"
CE,Celanese Corporation Common Stock,$46.98,0.72,1.556%,"5,156,004,543"
PIPR,Piper Sandler Companies Common Stock,$72.86,-1.97,-2.633%,"5,149,037,402"
IRDM,Iridium Communications Inc Common Stock,$48.45,-0.26,-0.534%,"5,133,780,556"
OGS,"ONE Gas, Inc. Common Stock",$81.39,UNCH,--,"5,115,871,815"
ALM,Almonty Industries Inc. Common Shares,$17.69,1.51,9.333%,"5,096,648,281"
OTF,Blue Owl Technology Finance Corp. Common Stock,$11.11,-0.05,-0.448%,"5,090,439,672"
MIDD,Middleby Corporation (The) Common Stock,$112.52,0.09,0.08%,"5,088,418,709"
CAR,"Avis Budget Group, Inc. Common Stock",$143.98,2.52,1.781%,"5,086,202,061"
PRM,"Perimeter Solutions, SA Common Stock",$31.07,0.62,2.036%,"5,085,752,698"
MRP,"Millrose Properties, Inc. Class A Common Stock",$30.58,0.06,0.197%,"5,077,745,608"
ATHS,Athene Holding Ltd. 7.250% Fixed-Rate Reset Junior Subordinated Debentures due 2064,$24.90,-0.04,-0.16%,"5,074,744,500"
PECO,"Phillips Edison & Company, Inc. Common Stock",$39.43,-0.45,-1.128%,"5,074,641,000"
ENPH,"Enphase Energy, Inc. Common Stock",$38.36,-1.01,-2.565%,"5,069,068,697"
WTM,"White Mountains Insurance Group, Ltd. Common Stock","$2,117.70",-11.50,-0.54%,"5,054,359,062"
AMTM,"Amentum Holdings, Inc. Common Stock",$20.61,-0.42,-1.997%,"5,039,277,172"
HESM,Hess Midstream LP Class A Representing Limited Partner Interests,$39.10,-0.65,-1.635%,"5,018,519,447"
FRVO,Fervo Energy Company Class A common stock,$17.00,-0.83,-4.655%,"5,010,974,383"
ACAD,ACADIA Pharmaceuticals Inc. Common Stock,$29.04,-1.17,-3.873%,"5,003,752,243"
GNTX,Gentex Corporation Common Stock,$23.59,-0.05,-0.212%,"4,970,019,778"
MYRG,"MYR Group, Inc. Common Stock",$318.00,-7.99,-2.451%,"4,951,021,500"
GBTG,"Global Business Travel Group, Inc. Class A Common Stock",$9.46,0.01,0.106%,"4,941,652,771"
CHH,"Choice Hotels International, Inc. Common Stock",$109.25,0.04,0.037%,"4,935,853,820"
DOO,BRP Inc. Common Subordinate Voting Shares,$66.79,-1.39,-2.039%,"4,932,216,618"
SR,Spire Inc. Common Stock,$83.30,-0.22,-0.263%,"4,924,096,823"
HAE,Haemonetics Corporation Common Stock,$108.22,-0.19,-0.175%,"4,923,690,859"
GTX,Garrett Motion Inc. Common Stock,$26.40,-0.75,-2.762%,"4,923,426,130"
OMAB,Grupo Aeroportuario del Centro Norte S.A.B. de C.V. ADS,$101.96,-0.06,-0.059%,"4,921,729,309"
INSW,"International Seaways, Inc. Common Stock ",$99.36,-0.35,-0.351%,"4,921,431,061"
PSN,Parsons Corporation Common Stock,$46.06,-1.06,-2.25%,"4,919,456,448"
CNO,"CNO Financial Group, Inc. Common Stock",$53.11,-0.19,-0.356%,"4,913,810,014"
TFSL,TFS Financial Corporation Common Stock,$17.50,0.19,1.098%,"4,907,748,213"
FFIN,"First Financial Bankshares, Inc. Common Stock",$34.23,0.11,0.322%,"4,906,100,565"
ESAB,ESAB Corporation Common Stock,$78.58,-0.31,-0.393%,"4,885,146,510"
SKY,"Champion Homes, Inc. Common Stock",$89.95,-2.63,-2.841%,"4,882,498,053"
VSH,"Vishay Intertechnology, Inc. Common Stock",$31.83,-0.13,-0.407%,"4,882,058,886"
GHC,Graham Holdings Company Common Stock,"$1,152.50",-21.25,-1.81%,"4,880,754,520"
PI,"Impinj, Inc. Common Stock",$159.73,-5.25,-3.182%,"4,880,456,388"
BIPC,Brookfield Infrastructure Corporation Brookfield Infrastructure Corporation,$39.60,-0.47,-1.173%,"4,871,013,286"
OCTV,Octave Intelligence plc Class B Ordinary Shares,$18.14,-0.33,-1.787%,"4,869,461,474"
CUZ,Cousins Properties Incorporated Common Stock,$29.58,0.23,0.784%,"4,868,928,876"
UFPI,"UFP Industries, Inc. Common Stock",$88.12,-2.30,-2.544%,"4,860,830,587"
SLM,SLM Corporation Common Stock,$25.85,-0.74,-2.783%,"4,858,428,864"
BOOT,"Boot Barn Holdings, Inc. Common Stock",$160.22,-8.95,-5.291%,"4,852,237,706"
DYN,"Dyne Therapeutics, Inc. Common Stock",$25.98,-0.80,-2.987%,"4,851,672,277"
RDN,Radian Group Inc. Common Stock,$36.66,0.30,0.825%,"4,850,166,318"
MTRN,Materion Corporation,$232.72,-12.50,-5.097%,"4,848,424,482"
BDC,Belden Inc Common Stock,$123.89,-4.54,-3.535%,"4,841,397,083"
PAY,"Paymentus Holdings, Inc. Class A Common Stock",$38.42,-1.15,-2.906%,"4,838,601,238"
LFST,"LifeStance Health Group, Inc. Common Stock",$12.65,-0.18,-1.403%,"4,833,003,454"
PBLS,"Parabilis Medicines, Inc. Common Stock",$39.58,-1.74,-4.211%,"4,826,861,347"
TREX,"Trex Company, Inc. Common Stock",$47.30,-0.99,-2.05%,"4,818,223,487"
TDW,Tidewater Inc. Common Stock,$96.49,1.86,1.966%,"4,800,978,729"
AXTI,AXT Inc Common Stock,$73.12,-0.31,-0.422%,"4,794,713,261"
ONDS,Ondas Inc. Common Stock,$8.38,-0.52,-5.843%,"4,781,228,618"
KBR,"KBR, Inc. Common Stock",$37.90,-0.07,-0.184%,"4,777,967,915"
SFBS,"ServisFirst Bancshares, Inc. Common Stock",$87.28,-0.50,-0.57%,"4,771,816,673"
BB,BlackBerry Limited Common Stock,$8.14,-0.20,-2.398%,"4,770,539,853"
XMTR,"Xometry, Inc. Class A Common Stock",$83.12,-1.47,-1.738%,"4,764,735,388"
WAY,Waystar Holding Corp. Common Stock,$24.84,UNCH,--,"4,763,030,653"
TKC,Turkcell Iletisim Hizmetleri AS Common Stock,$5.40,-0.03,-0.552%,"4,752,000,000"
TPC,Tutor Perini Corporation Common Stock,$90.36,0.03,0.033%,"4,750,145,412"
CRC,California Resources Corporation Common Stock,$53.41,-0.38,-0.706%,"4,743,870,485"
ACHR,Archer Aviation Inc. Class A Common Stock,$6.09,-0.36,-5.581%,"4,739,756,095"
IEP,"Icahn Enterprises, L.P. Common Stock",$6.65,UNCH,--,"4,727,585,368"
BILL,"BILL Holdings, Inc. Common Stock",$47.40,-0.31,-0.65%,"4,720,884,860"
INDV,"Indivior Pharmaceuticals, Inc. Common Stock",$37.78,-1.26,-3.227%,"4,713,803,800"
FHI,"Federated Hermes, Inc. Common Stock",$63.13,-0.85,-1.329%,"4,713,303,540"
BULL,Webull Corporation Class A Ordinary Shares,$8.85,0.21,2.431%,"4,706,595,185"
EWTX,"Edgewise Therapeutics, Inc. Common Stock",$43.29,-3.15,-6.783%,"4,701,472,744"
VRNS,"Varonis Systems, Inc. Common Stock",$40.85,-1.43,-3.382%,"4,692,050,812"
CGAU,Centerra Gold Inc. Common Shares,$23.49,0.89,3.938%,"4,691,195,440"
EPR,EPR Properties Common Stock,$61.22,0.60,0.99%,"4,689,998,205"
ANF,Abercrombie & Fitch Company Common Stock,$105.02,-0.43,-0.408%,"4,666,218,184"
ATAT,Atour Lifestyle Holdings Limited American Depositary Shares,$34.25,-2.75,-7.432%,"4,659,479,463"
BCO,Brinks Company (The) Common Stock,$113.12,3.94,3.609%,"4,659,371,398"
BMA,Banco Macro S.A.  ADR (representing Ten Class B Common Shares),$72.87,-2.35,-3.124%,"4,659,237,116"
BEPI,Brookfield BRP Holdings (Canada) Inc. 4.875% Perpetual Subordinated Notes,$16.21,0.055,0.34%,"4,654,933,951"
CNR,"Core Natural Resources, Inc. Common Stock",$93.77,0.47,0.504%,"4,654,391,819"
PTEN,"Patterson-UTI Energy, Inc. Common Stock",$12.18,0.12,0.995%,"4,645,267,765"
MTH,Meritage Homes Corporation Common Stock,$71.05,-3.14,-4.232%,"4,630,619,308"
EQPT,EquipmentShare.com Inc Class A Common Stock,$18.27,-1.41,-7.165%,"4,629,178,844"
DOCS,"Doximity, Inc. Class A Common Stock",$25.94,0.19,0.738%,"4,623,700,721"
ALH,Alliance Laundry Holdings Inc. Common Stock,$23.18,-0.76,-3.175%,"4,607,931,245"
FELE,"Franklin Electric Co., Inc. Common Stock",$103.26,-0.81,-0.778%,"4,565,275,773"
ICUI,"ICU Medical, Inc. Common Stock",$182.53,-4.73,-2.526%,"4,564,534,646"
CRGY,Crescent Energy Company Class A Common Stock,$13.81,0.38,2.829%,"4,562,875,042"
SIM,"Grupo Simec, S.A.B. de C.V. American Depositary Shares",$27.50,UNCH,--,"4,562,334,453"
BOX,"Box, Inc. Class A Common Stock",$32.90,-0.22,-0.664%,"4,554,999,243"
MEOH,Methanex Corporation Common Stock,$58.71,2.12,3.746%,"4,542,055,881"
BLSH,Bullish Ordinary Shares,$28.44,1.52,5.646%,"4,540,196,354"
HCXY,"Hercules Capital, Inc. 6.25% Notes due 2033",$24.9899,0.0799,0.321%,"4,540,057,151"
GFF,Griffon Corporation Common Stock,$100.13,-2.77,-2.692%,"4,535,359,913"
WIX,Wix.com Ltd. Ordinary Shares,$82.39,4.50,5.777%,"4,535,359,653"
DHCNL,Diversified Healthcare Trust 6.25% Senior Notes Due 2046,$18.78,0.125,0.67%,"4,533,761,624"
NNI,"Nelnet, Inc. Common Stock",$126.60,0.48,0.381%,"4,529,676,851"
OLLI,"Ollie's Bargain Outlet Holdings, Inc. Common Stock",$74.75,-4.64,-5.845%,"4,518,883,577"
FULT,Fulton Financial Corporation Common Stock,$23.62,-0.03,-0.127%,"4,509,401,978"
BLLN,"BillionToOne, Inc. Class A Common Stock",$95.27,3.60,3.927%,"4,495,509,110"
RHI,Robert Half Inc. Common Stock,$43.88,0.34,0.781%,"4,491,637,013"
ALK,"Alaska Air Group, Inc. Common Stock",$40.18,-1.05,-2.547%,"4,484,213,362"
AQN,Algonquin Power & Utilities Corp. Common Shares,$5.82,UNCH,--,"4,479,931,521"
NP,Neptune Insurance Holdings Inc. Class A Common Stock,$32.56,0.14,0.432%,"4,468,309,410"
ENO,"Entergy New Orleans, LLC First Mortgage Bonds, 5.50% Series due April 1, 2066",$20.89,-0.01,-0.048%,"4,466,926,373"
DHCNI,Diversified Healthcare Trust 5.625% Senior Notes due 2042,$18.49,0.08,0.435%,"4,463,751,461"
EE,"Excelerate Energy, Inc. Class A Common Stock",$39.36,1.22,3.199%,"4,463,506,853"
IBOC,International Bancshares Corporation Common Stock,$71.70,0.17,0.238%,"4,459,131,554"
KLIC,"Kulicke and Soffa Industries, Inc. Common Stock",$85.13,-1.16,-1.344%,"4,454,777,560"
LBTYB,Liberty Global Ltd. Class B Common Shares,$13.05,-0.41,-3.046%,"4,451,192,736"
CVCO,"Cavco Industries, Inc. Common Stock When Issued",$578.86,-19.99,-3.338%,"4,451,087,242"
CHEF,"The Chefs' Warehouse, Inc. Common Stock",$108.84,1.48,1.379%,"4,440,245,674"
CON,"Concentra Group Holdings Parent, Inc. Common Stock",$34.81,0.04,0.115%,"4,438,892,390"
VNT,Vontier Corporation Common Stock ,$32.81,-0.16,-0.485%,"4,435,912,000"
CELC,Celcuity Inc. Common Stock,$90.57,-3.08,-3.289%,"4,431,762,908"
AMLX,"Amylyx Pharmaceuticals, Inc. Common Stock",$39.66,1.06,2.746%,"4,419,038,084"
HP,"Helmerich & Payne, Inc. Common Stock",$44.10,0.34,0.777%,"4,407,307,475"
HGTY,"Hagerty, Inc. Class A Common Stock",$12.81,-0.09,-0.698%,"4,401,806,518"
MANE,"Veradermics, Incorporated Common Stock",$105.32,-5.91,-5.313%,"4,400,283,924"
SKT,Tanger Inc. Common Stock,$38.23,-0.35,-0.907%,"4,391,823,749"
CCC,CCC Intelligent Solutions Holdings Inc. Common Stock,$7.45,0.01,0.134%,"4,388,010,545"
BWIN,"The Baldwin Insurance Group, Inc. Class A Common Stock",$31.45,0.30,0.963%,"4,387,222,604"
CBT,Cabot Corporation Common Stock,$84.93,-0.25,-0.293%,"4,385,021,425"
OXLCM,"Oxford Lane Capital Corp. Preferred Stock Shares, 8.25% Series 2031",$25.175,0.05,0.199%,"4,370,380,000"
SKE,Skeena Resources Limited Common Shares,$34.83,0.70,2.051%,"4,369,866,015"
BEPH,Brookfield BRP Holdings (Canada) Inc. 4.625% Perpetual Subordinated Notes,$15.20,UNCH,--,"4,364,897,968"
CVSA,Covista Inc. Common Shares,$128.04,-3.89,-2.949%,"4,358,330,513"
NWE,"NorthWestern Energy Group, Inc. Common Stock",$70.81,0.23,0.326%,"4,356,078,959"
SLGN,Silgan Holdings Inc. Common Stock,$41.12,-0.07,-0.17%,"4,345,644,662"
KFY,Korn Ferry Common Stock,$84.59,0.19,0.225%,"4,344,215,290"
OXLCZ,Oxford Lane Capital Corp. 5.00% Notes due 2027,$25.00,0.04,0.16%,"4,340,000,000"
MDA,MDA Space Ltd. Common Shares,$31.25,-1.18,-3.639%,"4,339,005,281"
PAM,Pampa Energia S.A.,$79.39,0.15,0.189%,"4,329,995,303"
TNL,Travel   Leisure Co. Common  Stock,$70.74,-2.25,-3.083%,"4,329,587,372"
NVST,Envista Holdings Corporation Common Stock,$26.93,-0.65,-2.357%,"4,325,434,903"
ELVN,"Enliven Therapeutics, Inc. Common Stock",$58.92,-0.47,-0.791%,"4,317,113,238"
RLAY,"Relay Therapeutics, Inc. Common Stock",$19.70,-1.04,-5.014%,"4,317,090,131"
KTB,"Kontoor Brands, Inc. Common Stock ",$78.99,-3.18,-3.87%,"4,317,089,444"
VVV,Valvoline Inc. Common Stock,$33.81,-0.29,-0.85%,"4,313,696,793"
ITRI,"Itron, Inc. Common Stock",$98.43,-0.43,-0.435%,"4,309,930,098"
LIVN,LivaNova PLC Ordinary Shares,$78.21,-2.63,-3.253%,"4,308,863,182"
FBP,First BanCorp. New Common Stock,$28.22,-0.24,-0.843%,"4,308,298,523"
MARA,"MARA Holdings, Inc. Common Stock",$11.15,1.50,15.544%,"4,307,237,162"
CENX,Century Aluminum Company Common Stock,$43.40,-0.18,-0.413%,"4,296,309,003"
NSIT,"Insight Enterprises, Inc. Common Stock",$146.27,-0.99,-0.672%,"4,292,856,290"
GMAB,Genmab A/S ADS,$33.41,-0.70,-2.052%,"4,292,410,423"
COLD,"Americold Realty Trust, Inc. Common Stock",$15.02,-0.06,-0.398%,"4,287,917,876"
OXLCN,Oxford Lane Capital Corp. 7.125% Series 2029 Term Preferred Stock,$24.6999,0.0499,0.202%,"4,287,902,640"
UCB,"United Community Banks, Inc. Common Stock",$35.53,-0.22,-0.615%,"4,284,047,622"
CNK,"Cinemark Holdings Inc Cinemark Holdings, Inc. Common Stock",$36.89,-0.43,-1.152%,"4,275,988,331"
CECO,CECO Environmental Corp. Common Stock,$73.00,-2.22,-2.951%,"4,275,597,590"
KRC,Kilroy Realty Corporation Common Stock,$36.76,UNCH,--,"4,275,518,399"
BRC,Brady Corporation Common Stock,$90.73,-1.28,-1.391%,"4,274,543,437"
DAVE,Dave Inc. Class A Common Stock,$335.01,-10.04,-2.91%,"4,273,222,400"
MDU,"MDU Resources Group, Inc. Common Stock (Holding Company)",$20.31,-0.19,-0.927%,"4,272,197,451"
PRIM,Primoris Services Corporation Common Stock,$79.24,-0.69,-0.863%,"4,265,673,591"
TCBI,"Texas Capital Bancshares, Inc. Common Stock",$98.04,-0.16,-0.163%,"4,262,227,137"
ITGR,Integer Holdings Corporation Common Stock,$125.21,-0.09,-0.072%,"4,256,144,330"
ARX,Accelerant Holdings Class A Common Shares,$19.57,0.02,0.102%,"4,250,379,963"
CLMT,"Calumet, Inc. Common Stock",$48.29,-0.90,-1.83%,"4,244,605,720"
MNDY,monday.com Ltd. Ordinary Shares,$91.30,0.29,0.319%,"4,242,069,252"
FCN,"FTI Consulting, Inc. Common Stock",$153.49,-0.28,-0.182%,"4,238,100,647"
TGS,Transportadora de Gas del Sur SA TGS Common Stock,$28.12,0.51,1.847%,"4,233,528,201"
DLO,DLocal Limited Class A Common Shares,$14.34,0.04,0.28%,"4,229,324,249"
IRTC,"iRhythm Holdings, Inc. Common Stock",$127.98,3.23,2.589%,"4,218,605,124"
ELC,"Entergy Louisiana, Inc. Collateral Trust Mortgage Bonds, 4.875 % Series due September 1, 2066",$19.78,-0.02,-0.101%,"4,217,838,779"
REGCP,Regency Centers Corporation 6.25% Series A Cumulative Redeemable Preferred Stock,$23.005,-0.055,-0.239%,"4,212,688,184"
CDP,COPT Defense Properties Common Shares of Beneficial Interest,$37.12,0.30,0.815%,"4,209,796,201"
TLX,Telix Pharmaceuticals Limited American Depositary Shares,$12.42,0.30,2.475%,"4,207,610,949"
MAT,"Mattel, Inc. Common Stock",$14.72,0.19,1.308%,"4,205,504,000"
OXLCL,Oxford Lane Capital Corp. 6.75% Notes due 2031,$24.17,-0.28,-1.145%,"4,195,912,000"
AZZ,AZZ Inc.,$139.43,-4.08,-2.843%,"4,190,080,784"
USAR,"USA Rare Earth, Inc. Class A Common Stock",$17.11,-0.98,-5.417%,"4,187,160,894"
RUM,RUM Group Inc. Class A Common Stock,$8.43,0.11,1.322%,"4,179,679,935"
DIOD,Diodes Incorporated Common Stock,$90.74,-3.58,-3.796%,"4,178,731,712"
GEO,Geo Group Inc (The) REIT,$31.72,1.04,3.39%,"4,174,973,204"
OPLN,"OPENLANE, Inc. Common Stock",$34.19,-0.23,-0.668%,"4,173,568,684"
OXLCO,"Oxford Lane Capital Corp. Preferred Stock Shares, 6.00% Series 2029",$24.0399,0.0884,0.369%,"4,173,326,640"
SITE,"SiteOne Landscape Supply, Inc. Common Stock",$95.59,-2.51,-2.559%,"4,173,018,730"
SEB,Seaboard Corporation Common Stock,"$4,356.35",-33.65,-0.767%,"4,172,485,892"
LAZ,"Lazard, Inc. Common Stock",$42.77,-2.44,-5.397%,"4,167,960,964"
ARIS,Aris Mining Corporation Common Shares,$20.19,0.58,2.958%,"4,167,216,000"
CATY,Cathay General Bancorp Common Stock,$62.42,-0.09,-0.144%,"4,164,276,644"
PHI,PLDT Inc. Sponsored ADR,$19.24,0.21,1.104%,"4,156,913,111"
CNS,Cohen & Steers Inc Common Stock,$80.79,-0.38,-0.468%,"4,154,345,651"
SEI,"Solaris Energy Infrastructure, Inc. Class A Common Stock",$54.24,-4.56,-7.755%,"4,152,961,102"
MANU,Manchester United Ltd. Class A Ordinary Shares,$24.02,0.09,0.376%,"4,141,741,193"
SLG,SL Green Realty Corp Common Stock,$58.10,0.45,0.781%,"4,116,379,597"
LUNR,"Intuitive Machines, Inc. Class A Common Stock",$17.93,-0.59,-3.186%,"4,104,608,539"
LEGN,Legend Biotech Corporation American Depositary Shares,$21.26,-1.34,-5.929%,"4,103,180,000"
WK,Workiva Inc. Class A Common Stock,$75.39,-0.32,-0.423%,"4,102,459,030"
MIAX,"Miami International Holdings, Inc. Common Stock",$41.32,0.72,1.773%,"4,100,220,705"
THO,"Thor Industries, Inc. Common Stock",$78.74,-1.33,-1.661%,"4,098,997,550"
WSFS,WSFS Financial Corporation Common Stock,$79.90,0.09,0.113%,"4,082,139,340"
IOVA,"Iovance Biotherapeutics, Inc. Common Stock",$8.99,1.00,12.516%,"4,072,213,174"
BNL,"Broadstone Net Lease, Inc. Common Stock",$21.21,0.06,0.284%,"4,070,049,915"
HTFL,"Heartflow, Inc. Common Stock",$46.80,1.27,2.789%,"4,069,429,744"
ADPT,Adaptive Biotechnologies Corporation Common Stock,$25.44,-0.05,-0.196%,"4,060,118,220"
STNG,Scorpio Tankers Inc. Common Shares,$78.40,-0.80,-1.01%,"4,058,202,736"
CRK,"Comstock Resources, Inc. Common Stock",$13.82,0.28,2.068%,"4,057,835,973"
HHH,Howard Hughes Holdings Inc. Common Stock,$67.93,-0.27,-0.396%,"4,056,849,975"
REGCO,Regency Centers Corporation 5.875% Series B Cumulative Redeemable Preferred Stock,$22.12,0.2401,1.097%,"4,050,626,500"
DTW,DTE Energy Company 2017 Series E 5.25% Junior Subordinated Debentures due 2077,$19.37,-0.24,-1.224%,"4,030,665,897"
ATMU,Atmus Filtration Technologies Inc. Common Stock,$49.37,0.21,0.427%,"4,028,371,168"
WBI,WaterBridge Infrastructure LLC Class A Shares Representing Limited Liability Company Interests,$32.49,0.75,2.363%,"4,011,092,230"
AVNT,Avient Corporation Common Stock,$43.73,-0.53,-1.197%,"4,010,895,922"
VKTX,"Viking Therapeutics, Inc. Common Stock",$34.36,-1.62,-4.503%,"4,008,194,915"
PLNT,"Planet Fitness, Inc. Common Stock",$53.12,-0.83,-1.538%,"3,995,525,181"
TDS,"Telephone and Data Systems, Inc. Common Shares",$34.71,0.04,0.115%,"3,995,121,000"
GEF,Greif Inc. Class A Common Stock,$86.43,-1.15,-1.313%,"3,990,327,984"
DNLI,Denali Therapeutics Inc. Common Stock,$24.95,-0.74,-2.88%,"3,988,192,705"
WSC,WillScot Holdings Corporation Class A Common Stock,$22.00,-0.61,-2.698%,"3,986,201,076"
QTWO,"Q2 Holdings, Inc. Common Stock",$63.82,-0.26,-0.406%,"3,979,476,635"
TAC,TransAlta Corporation Ordinary Shares,$12.59,0.21,1.696%,"3,978,440,000"
OLED,Universal Display Corporation Common Stock,$86.50,-0.04,-0.046%,"3,976,131,228"
BFH,"Bread Financial Holdings, Inc. Common Stock",$103.18,-5.33,-4.912%,"3,964,100,072"
TNGX,"Tango Therapeutics, Inc.",$23.51,-1.69,-6.706%,"3,964,029,728"
CVBF,CVB Financial Corporation Common Stock,$22.52,-0.01,-0.044%,"3,963,462,236"
BBWI,"Bath & Body Works, Inc.",$19.64,-0.03,-0.153%,"3,958,673,988"
INDB,Independent Bank Corp. Common Stock,$83.51,0.18,0.216%,"3,955,793,457"
FLY,Firefly Aerospace Inc. Common Stock,$23.63,-1.67,-6.601%,"3,955,771,761"
SEZL,Sezzle Inc. Common Stock,$117.42,-1.55,-1.303%,"3,954,120,144"
SUNC,"SunocoCorp LLC Common Units, representing limited liability company interests",$76.70,-0.33,-0.428%,"3,951,369,087"
HAFN,Hafnia Limited Common Shares,$7.89,-0.02,-0.253%,"3,943,274,496"
LILAP,Liberty Latin America Ltd. 9.0% Fixed Rate Cumulative Perpetual Redeemable Series A Preference Shares,$20.11,-0.19,-0.936%,"3,939,549,000"
PFSI,"PennyMac Financial Services, Inc. Common Stock",$75.74,-1.10,-1.432%,"3,934,812,063"
SRAD,Sportradar Group AG Class A Ordinary Shares,$12.61,-0.44,-3.372%,"3,931,260,360"
LMND,"Lemonade, Inc. Common Stock",$50.71,-0.54,-1.054%,"3,924,782,347"
MWA,MUELLER WATER PRODUCTS Common Stock,$25.13,-0.16,-0.633%,"3,923,438,313"
DK,"Delek US Holdings, Inc. Common Stock",$64.04,-2.29,-3.452%,"3,921,308,423"
WSBC,"WesBanco, Inc. Common Stock",$40.88,-0.28,-0.68%,"3,920,632,742"
IRT,"Independence Realty Trust, Inc. Common Stock",$16.63,0.01,0.06%,"3,920,432,149"
JOE,St. Joe Company (The) Common Stock,$68.81,-1.15,-1.644%,"3,917,384,333"
SKYW,"SkyWest, Inc. Common Stock",$100.785,-1.635,-1.596%,"3,913,312,735"
DORM,"Dorman Products, Inc. Common Stock",$131.37,-2.75,-2.05%,"3,898,485,937"
SMR,NuScale Power Corporation Class A Common Stock,$9.07,-0.22,-2.368%,"3,897,590,077"
APLE,"Apple Hospitality REIT, Inc. Common Shares",$16.50,0.14,0.856%,"3,895,364,517"
VEON,VEON Ltd. ADS,$56.43,0.05,0.089%,"3,885,837,234"
AYA,Aya Gold & Silver Inc. Common Shares,$26.92,-0.33,-1.211%,"3,877,453,643"
CALM,"Cal-Maine Foods, Inc. Common Stock",$82.43,1.88,2.334%,"3,867,277,225"
ABG,Asbury Automotive Group Inc Common Stock,$215.37,2.43,1.141%,"3,866,304,364"
OTTR,Otter Tail Corporation Common Stock,$92.04,-0.30,-0.325%,"3,864,352,783"
ACLS,"Axcelis Technologies, Inc. Common Stock",$124.97,-1.46,-1.155%,"3,859,259,680"
CAAP,Corporacion America Airports SA Common Shares,$23.27,-0.04,-0.172%,"3,844,649,527"
SYNA,Synaptics Incorporated Common Stock $0.001 Par Value,$98.00,-2.98,-2.951%,"3,832,484,628"
COCO,"The Vita Coco Company, Inc. Common Stock",$65.17,-2.40,-3.552%,"3,825,100,884"
FRMI,Fermi Inc. Common Stock,$5.97,0.21,3.646%,"3,823,590,068"
RNST,Renasant Corporation Common Stock,$41.83,-0.21,-0.50%,"3,823,448,771"
USAC,"USA Compression Partners, LP Common Units Representing Limited Partner Interests",$26.36,-0.49,-1.825%,"3,820,706,574"
JOYY,JOYY Inc. American Depositary Shares,$73.77,-1.12,-1.496%,"3,815,531,350"
LOPE,"Grand Canyon Education, Inc. Common Stock",$146.27,-0.65,-0.442%,"3,812,532,962"
NG,Novagold Resources Inc.,$8.66,0.20,2.364%,"3,799,840,117"
VAC,Marriott Vacations Worldwide Corporation Common Stock,$110.28,-5.72,-4.931%,"3,793,115,890"
MIR,"Mirion Technologies, Inc. Class A Common Stock",$15.23,-0.37,-2.372%,"3,792,843,364"
MHO,"M/I Homes, Inc. Common Stock",$149.95,-4.65,-3.008%,"3,791,190,498"
BELFB,Bel Fuse Inc. Class B Common Stock,$262.43,-1.44,-0.546%,"3,789,344,864"
BANF,BancFirst Corporation Common Stock,$112.74,-0.18,-0.159%,"3,787,922,511"
FOUR,"Shift4 Payments, Inc. Class A Common Stock",$47.86,0.73,1.549%,"3,779,031,343"
MSGE,Madison Square Garden Entertainment Corp. Class A Common Stock,$79.83,-2.60,-3.154%,"3,776,376,830"
IDYA,"IDEAYA Biosciences, Inc. Common Stock",$39.11,0.24,0.617%,"3,773,703,719"
BRZE,"Braze, Inc. Class A Common Stock",$30.71,0.06,0.196%,"3,764,425,627"
RCUS,"Arcus Biosciences, Inc. Common Stock",$29.52,-0.83,-2.735%,"3,758,881,260"
TENB,"Tenable Holdings, Inc. Common Stock",$34.11,-1.17,-3.316%,"3,756,874,820"
CORZW,"Core Scientific, Inc. Tranche 1 Warrants",$11.69,-0.325,-2.705%,"3,756,469,755"
ERO,Ero Copper Corp. Common Shares,$36.02,1.94,5.692%,"3,756,092,407"
SXI,Standex International Corporation Common Stock,$309.42,-3.25,-1.039%,"3,750,004,860"
BWLP,BW LPG Limited Common Shares,$23.51,0.19,0.815%,"3,744,719,820"
KNF,Knife Riv Holding Co. Common Stock,$65.96,0.18,0.274%,"3,744,115,183"
LIF,"Life360, Inc. Common Stock",$45.82,2.63,6.089%,"3,733,430,508"
GNW,Genworth Financial Inc Common Stock,$9.86,-0.06,-0.605%,"3,725,611,225"
ASBA,Associated Banc-Corp 6.625% Fixed-Rate Reset Subordinated Notes due 2033,$24.65,0.0774,0.315%,"3,719,705,090"
BMI,"Badger Meter, Inc. Common Stock",$128.13,-2.81,-2.146%,"3,714,084,706"
KAI,Kadant Inc Common Stock,$314.06,-0.31,-0.099%,"3,708,771,285"
NHC,National HealthCare Corporation Common Stock,$236.75,2.71,1.158%,"3,707,835,266"
GPGI,"GPGI, Inc. Class A Common Stock",$12.79,-0.27,-2.067%,"3,707,694,149"
IPAR,"Interparfums, Inc. Common Stock",$114.75,-2.26,-1.931%,"3,674,958,370"
PII,Polaris Inc. Common Stock,$64.43,-1.57,-2.379%,"3,666,294,051"
ZGN,Ermenegildo Zegna N.V. Ordinary Shares,$13.63,-0.14,-1.017%,"3,657,093,242"
BATRA,"Atlanta Braves Holdings, Inc. Series A Common Stock",$56.98,-0.26,-0.454%,"3,656,286,771"
UNMA,Unum Group 6.250% Junior Subordinated Notes due 2058,$21.46,-0.03,-0.14%,"3,654,922,130"
PRK,Park National Corporation Common Stock,$202.14,0.45,0.223%,"3,651,489,505"
FA,First Advantage Corporation Common Stock,$21.23,0.09,0.426%,"3,646,330,860"
PDI,PIMCO Dynamic Income Fund Common Stock,$14.99,-0.20,-1.317%,"3,643,919,100"
NHI,"National Health Investors, Inc. Common Stock",$73.91,-0.17,-0.229%,"3,629,752,177"
PARR,"Par Pacific Holdings, Inc.  Common Stock",$72.45,-4.68,-6.068%,"3,629,717,976"
LBTYA,Liberty Global Ltd. Class A Common Shares,$10.64,-0.06,-0.561%,"3,629,171,702"
FSM,Fortuna Mining Corp. Common Shares,$11.90,0.27,2.322%,"3,624,232,905"
FSLY,"Fastly, Inc. Class A Common Stock",$22.71,-0.95,-4.015%,"3,617,703,000"
OGN,Organon & Co. Common Stock ,$13.74,0.01,0.073%,"3,608,253,609"
MCHB,Mechanics Bancorp Class A Common Stock,$16.37,-0.33,-1.976%,"3,606,508,439"
FIBK,"First Interstate BancSystem, Inc. Common Stock (DE)",$37.81,-0.03,-0.079%,"3,603,467,191"
GPCR,Structure Therapeutics Inc. American Depositary Shares,$50.52,-3.61,-6.669%,"3,602,573,976"
CVI,CVR Energy Inc. Common Stock,$35.83,-0.87,-2.371%,"3,602,011,362"
NIC,Nicolet Bankshares Inc. Common Stock,$171.69,-0.97,-0.562%,"3,598,195,407"
CSTM,Constellium SE Ordinary Shares (France),$26.53,-0.01,-0.038%,"3,595,550,624"
OSIS,"OSI Systems, Inc. Common Stock (DE)",$218.09,-2.83,-1.281%,"3,594,753,480"
LXP,LXP Industrial Trust Common Stock (Maryland REIT),$60.88,0.05,0.082%,"3,589,318,232"
SA,"Seabridge Gold, Inc. Common Shares New",$33.27,-0.28,-0.835%,"3,588,875,356"
CII,"BlackRock Enhanced Large Cap Core Fund, Inc. Common Stock",$24.10,-0.32,-1.31%,"3,585,175,551"
BFAM,Bright Horizons Family Solutions Inc. Common Stock,$73.61,0.50,0.684%,"3,580,044,875"
RXO,"RXO, Inc. Common Stock",$21.67,-0.52,-2.343%,"3,573,949,194"
FRPT,"Freshpet, Inc. Common Stock",$74.13,-0.90,-1.20%,"3,562,545,026"
SMG,Scotts Miracle-Gro Company (The) Common Stock,$61.13,UNCH,--,"3,559,005,350"
PTRN,Pattern Group Inc. Series A Common Stock,$20.04,-0.68,-3.282%,"3,555,077,744"
CRVL,CorVel Corp. Common Stock,$70.21,-0.57,-0.805%,"3,546,768,450"
AWR,American States Water Company Common Stock,$89.31,0.13,0.146%,"3,539,857,758"
QS,QuantumScape Corporation Class A Common Stock,$5.70,-0.18,-3.061%,"3,528,946,990"
OPCH,"Option Care Health, Inc. Common Stock",$23.49,0.14,0.60%,"3,518,455,358"
LEU,Centrus Energy Corp. Class A Common Stock,$176.13,-7.55,-4.11%,"3,514,296,880"
LBTYK,Liberty Global Ltd. Class C Common Shares,$10.30,-0.13,-1.246%,"3,513,201,930"
PVH,PVH Corp. Common Stock,$76.09,-2.90,-3.671%,"3,508,364,720"
CHRN,ChronoScale Holdings Corporation Common Stock,$24.10,0.40,1.688%,"3,499,677,283"
LRN,"Stride, Inc. Common Stock",$84.07,-0.10,-0.119%,"3,493,936,169"
HGV,Hilton Grand Vacations Inc. Common Stock ,$44.82,-0.50,-1.103%,"3,483,596,179"
GRAL,"GRAIL, Inc. Common Stock ",$77.97,4.01,5.422%,"3,482,626,265"
XXI,"Twenty One Capital, Inc. Class A Common Stock",$6.19,0.64,11.532%,"3,481,084,054"
UUUU,Energy Fuels Inc Ordinary Shares (Canada),$13.90,-0.95,-6.397%,"3,473,151,300"
HIW,"Highwoods Properties, Inc. Common Stock",$31.47,0.21,0.672%,"3,471,336,460"
NATL,NCR Atleos Corporation Common Stock,$46.81,0.75,1.628%,"3,459,115,481"
FFBC,First Financial Bancorp. Common Stock,$32.95,0.04,0.122%,"3,458,726,573"
AEHR,Aehr Test Systems Common Stock,$105.97,-1.99,-1.843%,"3,456,789,087"
POST,"Post Holdings, Inc. Common Stock",$78.52,-0.33,-0.419%,"3,451,488,329"
CWK,Cushman & Wakefield Ltd. Common Shares,$14.70,-0.67,-4.359%,"3,450,291,508"
HNI,HNI Corporation Common Stock,$47.80,-0.59,-1.219%,"3,450,290,040"
USLM,"United States Lime & Minerals, Inc. Common Stock",$120.20,0.76,0.636%,"3,448,341,233"
MNSO,"MINISO Group Holding Limited American Depositary Shares, each representing four Ordinary Shares",$11.13,0.01,0.09%,"3,443,522,320"
GPK,Graphic Packaging Holding Company,$11.63,0.23,2.018%,"3,443,312,394"
EROK,"EagleRock Land, LLC Class A shares representing limited liability company interests",$26.16,0.99,3.933%,"3,440,551,951"
WT,"WisdomTree, Inc. Common Stock",$22.65,-0.05,-0.22%,"3,431,749,314"
GBDC,"Golub Capital BDC, Inc. Common Stock",$13.21,0.04,0.304%,"3,429,997,491"
KC,Kingsoft Cloud Holdings Limited American Depositary Shares,$11.42,-0.95,-7.68%,"3,418,801,563"
BTE,Baytex Energy Corp Common Shares,$4.82,0.09,1.903%,"3,416,840,160"
NMIH,NMI Holdings Inc. Common Stock,$45.39,-0.27,-0.591%,"3,414,138,257"
PLSE,"Pulse Biosciences, Inc Common Stock (DE)",$47.85,0.83,1.765%,"3,412,786,745"
LION,Lionsgate Studios Corp Common Shares,$11.46,-0.12,-1.036%,"3,410,033,933"
ABCL,AbCellera Biologics Inc. Common Shares,$11.57,-0.44,-3.664%,"3,409,280,205"
APAM,Artisan Partners Asset Management Inc. Class A Common Stock,$42.05,-0.45,-1.059%,"3,409,105,731"
BATRK,"Atlanta Braves Holdings, Inc. Series C Common Stock",$52.98,-0.58,-1.083%,"3,399,615,183"
KEN,Kenon Holdings Ltd. Ordinary Shares,$65.20,1.14,1.78%,"3,397,467,484"
FRSH,Freshworks Inc. Class A Common Stock,$13.01,-0.06,-0.459%,"3,394,579,244"
WRBY,Warby Parker Inc. Class A Common Stock,$27.46,-1.04,-3.649%,"3,394,277,163"
CSQR,"Csquare, Inc. Common Stock",$20.36,-0.09,-0.44%,"3,392,667,914"
PLMR,"Palomar Holdings, Inc. Common stock",$128.87,1.99,1.568%,"3,391,559,808"
QURE,uniQure N.V. Ordinary Shares,$48.89,0.13,0.267%,"3,391,323,883"
CURB,Curbline Properties Corp. Common Stock,$29.47,-0.50,-1.668%,"3,390,170,597"
NVTS,Navitas Semiconductor Corporation Common Stock,$12.97,0.14,1.091%,"3,386,382,539"
VCRE,Vicore Pharma Holding AB American Depositary Shares,$12.00,UNCH,--,"3,378,307,116"
NTRSO,"Northern Trust Corporation Depositary Shares Each Representing a 1/1,000th Interest in a Share of Series E Non-Cumulative Perpetual Preferred Stock",$18.44,-0.01,-0.054%,"3,373,702,241"
OPEN,Opendoor Technologies Inc Common Stock,$3.47,-0.11,-3.073%,"3,369,685,944"
FULTP,"Fulton Financial Corporation Depositary Shares, Each Representing a 1/40th Interest in a Share of Fixed Rate Non-Cumulative Perpetual Preferred Stock, Series A",$17.64,0.13,0.742%,"3,367,732,891"
SBCF,Seacoast Banking Corporation of Florida Common Stock,$34.74,-0.37,-1.054%,"3,363,624,037"
VCYT,"Veracyte, Inc. Common Stock",$41.79,-0.40,-0.948%,"3,359,528,648"
PONY,Pony AI Inc. American Depositary Shares ,$7.745,-0.085,-1.086%,"3,357,779,328"
ARLP,"Alliance Resource Partners, L.P. Common Units representing Limited Partners Interests",$26.07,UNCH,--,"3,354,134,942"
SBLK,Star Bulk Carriers Corp. Common Shares,$30.06,-0.11,-0.365%,"3,352,596,309"
AB,AllianceBernstein Holding L.P.  Units,$36.02,-0.21,-0.58%,"3,352,569,388"
MGNI,"Magnite, Inc. Common Stock",$23.35,-0.50,-2.096%,"3,348,954,066"
SHOO,"Steven Madden, Ltd. Common Stock",$45.71,-1.63,-3.443%,"3,344,925,012"
KBH,KB Home Common Stock,$54.46,-1.94,-3.44%,"3,338,927,787"
NAN,Nuveen New York Quality Municipal Income Fund Common Stock,$11.04,-0.08,-0.719%,"3,337,566,432"
ASH,Ashland Inc. Common Stock,$72.82,0.35,0.483%,"3,334,673,203"
LPL,"LG Display Co, Ltd AMERICAN DEPOSITORY SHARES",$3.33,-0.04,-1.187%,"3,330,000,000"
DTB,DTE Energy Company 2020 Series G 4.375% Junior Subordinated Debentures due 2080,$15.97,-0.03,-0.188%,"3,323,166,462"
CBU,"Community Financial System, Inc. Common Stock",$63.13,-0.01,-0.016%,"3,321,642,083"
SFNC,Simmons First National Corporation Class A Common Stock,$22.98,-0.07,-0.304%,"3,320,926,871"
NAMS,NewAmsterdam Pharma Company N.V. Ordinary Shares,$27.78,-0.75,-2.629%,"3,320,742,555"
CPK,Chesapeake Utilities Corporation Common Stock,$137.58,0.74,0.541%,"3,316,566,079"
CXW,"CoreCivic, Inc. Common Stock",$33.51,1.52,4.751%,"3,313,920,816"
DTG,DTE Energy Company 2021 Series E 4.375% Junior Subordinated Debentures,$15.91,-0.11,-0.687%,"3,310,681,178"
DAN,Dana Incorporated Common Stock ,$30.75,-0.07,-0.227%,"3,307,982,879"
UCTT,"Ultra Clean Holdings, Inc. Common Stock",$73.01,-2.00,-2.666%,"3,305,675,887"
VGNT,Versigent PLC Ordinary Shares,$46.65,-0.75,-1.582%,"3,304,465,112"
NESR,National Energy Services Reunited Corp Ordinary Shares,$32.72,-0.825,-2.459%,"3,299,869,391"
EXPO,"Exponent, Inc. Common Stock",$69.38,-0.53,-0.758%,"3,298,747,308"
BKU,"BankUnited, Inc. Common Stock",$46.21,-0.62,-1.324%,"3,291,642,226"
FSK,FS KKR Capital Corp. Common Stock,$11.91,-0.15,-1.244%,"3,291,212,735"
DX,"Dynex Capital, Inc. Common Stock",$13.25,-0.08,-0.60%,"3,288,211,650"
CARG,"CarGurus, Inc. Class A Common Stock ",$36.89,-0.15,-0.405%,"3,285,920,603"
CSQ,Calamos Strategic Total Return Common Stock,$20.68,-0.14,-0.672%,"3,285,796,023"
BTU,Peabody Energy Corporation Common Stock ,$26.86,0.01,0.037%,"3,274,234,000"
ZIM,ZIM Integrated Shipping Services Ltd. Ordinary Shares,$27.16,-0.25,-0.912%,"3,271,854,061"
ATRO,Astronics Corporation Common Stock,$76.06,-5.61,-6.869%,"3,271,269,408"
AGO,Assured Guaranty Ltd. Common Stock,$74.28,-0.95,-1.263%,"3,266,775,570"
SII,Sprott Inc. Common Shares,$126.56,5.72,4.734%,"3,265,248,000"
EXK,Endeavour Silver Corporation Ordinary Shares (Canada),$10.97,-0.02,-0.182%,"3,247,874,758"
FHB,"First Hawaiian, Inc. Common Stock",$26.61,-0.16,-0.598%,"3,237,921,671"
CLSK,"CleanSpark, Inc. Common Stock",$12.60,0.93,7.969%,"3,235,895,120"
AAMI,Acadian Asset Management Inc. Common Stock,$90.85,-0.19,-0.209%,"3,224,278,129"
YETI,"YETI Holdings, Inc. Common Stock",$44.00,-0.08,-0.181%,"3,211,507,024"
AVA,Avista Corporation Common Stock,$38.23,-0.11,-0.287%,"3,201,870,691"
AGYS,"Agilysys, Inc. Common Stock (DE)",$113.38,-3.33,-2.853%,"3,197,972,243"
MBX,"MBX Biosciences, Inc. Common Stock",$66.35,-2.05,-2.997%,"3,195,422,370"
AAUC,Allied Gold Corporation Common Shares,$22.92,-0.32,-1.377%,"3,193,853,708"
RWTN,"Redwood Trust, Inc. 9.125% Senior Notes Due 2029",$24.70,0.10,0.407%,"3,191,819,561"
IMNM,"Immunome, Inc. Common Stock",$28.08,-1.745,-5.851%,"3,189,259,822"
DHT,"DHT Holdings, Inc.",$19.80,-0.19,-0.95%,"3,188,624,413"
HTGC,"Hercules Capital, Inc. Common Stock",$17.03,0.13,0.769%,"3,187,402,920"
SIG,Signet Jewelers Limited Common Shares,$81.02,-4.22,-4.951%,"3,186,499,019"
ARQT,"Arcutis Biotherapeutics, Inc. Common Stock",$25.35,-1.11,-4.195%,"3,186,291,211"
PK,Park Hotels & Resorts Inc. Common Stock ,$15.82,-0.01,-0.063%,"3,185,172,381"
FUL,H. B. Fuller Company Common Stock,$59.16,-1.69,-2.777%,"3,182,063,235"
TGB,Trekor Metals Limited Common Shares,$8.69,0.22,2.597%,"3,180,742,633"
RWTO,"Redwood Trust, Inc. 9.00% Senior Notes Due 2029",$24.60,0.192,0.787%,"3,178,897,214"
AMBA,"Ambarella, Inc. Ordinary Shares",$72.45,-2.14,-2.869%,"3,178,250,003"
LBRDP,Liberty Broadband Corporation Series A Cumulative Redeemable Preferred Stock,$22.13,0.0299,0.135%,"3,175,604,765"
IPGP,IPG Photonics Corporation Common Stock,$74.43,-2.14,-2.795%,"3,165,845,738"
SHAK,"Shake Shack, Inc. Class A Common Stock",$73.85,0.58,0.792%,"3,160,701,571"
ATKR,Atkore Inc. Common Stock,$93.49,0.06,0.064%,"3,157,395,700"
TNK,Teekay Tankers Ltd.,$91.12,0.30,0.33%,"3,156,748,341"
TNET,"TriNet Group, Inc. Common Stock",$68.70,-0.91,-1.307%,"3,153,655,501"
BELFA,Bel Fuse Inc. Class A Common Stock,$218.32,-2.10,-0.953%,"3,152,420,724"
TMDX,"TransMedics Group, Inc. Common Stock",$90.85,-3.12,-3.32%,"3,150,236,923"
TRMD,TORM plc Class A Common Stock,$31.06,0.09,0.291%,"3,147,393,879"
GPI,"Group 1 Automotive, Inc. Common Stock",$263.82,-0.05,-0.019%,"3,145,321,400"
BSM,"Black Stone Minerals, L.P. Common units representing limited partner interests",$14.77,0.18,1.234%,"3,141,735,134"
LBRT,Liberty Energy Inc. Class A common stock,$19.24,-0.90,-4.469%,"3,139,802,844"
AMBP,Ardagh Metal Packaging S.A. Ordinary Shares,$5.25,0.02,0.382%,"3,137,922,827"
TARS,"Tarsus Pharmaceuticals, Inc. Common Stock",$71.49,-1.95,-2.655%,"3,137,195,384"
CLDX,"Celldex Therapeutics, Inc.",$39.94,-1.76,-4.221%,"3,136,469,508"
PPTA,Perpetua Resources Corp. Common Shares,$25.05,-0.77,-2.982%,"3,133,649,865"
TR,"Tootsie Roll Industries, Inc. Common Stock",$41.67,0.42,1.018%,"3,128,235,572"
HAYW,"Hayward Holdings, Inc. Common Stock",$14.72,-0.38,-2.517%,"3,122,400,247"
FGN,"F&G Annuities & Life, Inc. 7.950% Senior Notes due 2053",$24.71,-0.06,-0.242%,"3,115,895,121"
LFTO,"Liftoff Mobile, Inc. Common Stock",$18.36,-1.15,-5.894%,"3,108,926,836"
MZTI,The Marzetti Company Common Stock,$112.89,-4.03,-3.447%,"3,095,669,580"
WING,Wingstop Inc. Common Stock,$113.63,-6.90,-5.725%,"3,095,570,502"
SOUN,"SoundHound AI, Inc Class A Common Stock",$6.97,-0.19,-2.654%,"3,095,445,613"
CWT,California Water Service Group Common Stock,$50.02,0.11,0.22%,"3,093,191,832"
PFS,"Provident Financial Services, Inc Common Stock",$23.69,-0.01,-0.042%,"3,089,711,820"
IOND,Ionic Digital Inc. Class A Common Stock,$68.77,1.47,2.184%,"3,089,246,535"
GPOR,Gulfport Energy Corporation Common Shares,$174.35,1.21,0.699%,"3,083,182,037"
XNDU,Xanadu Quantum Technologies Limited Class B Subordinate Voting Shares,$10.11,-0.26,-2.507%,"3,075,704,883"
AD,"Array Digital Infrastructure, Inc. Common Shares",$35.54,0.25,0.708%,"3,074,210,000"
PLUG,"Plug Power, Inc. Common Stock",$2.20,-0.05,-2.222%,"3,073,829,612"
INTA,"Intapp, Inc. Common Stock",$40.17,0.08,0.20%,"3,073,452,815"
POWI,"Power Integrations, Inc. Common Stock",$54.84,-0.95,-1.703%,"3,064,091,662"
BOH,Bank of Hawaii Corporation Common Stock,$77.59,-0.22,-0.283%,"3,060,956,226"
BHF,"Brighthouse Financial, Inc. Common Stock",$53.22,-0.06,-0.113%,"3,060,765,383"
SLNHP,"Soluna Holdings, Inc 9.0% Series A Cumulative Perpetual Preferred Stock ",$12.51,UNCH,--,"3,059,828,093"
VTMX,"Corporacion Inmobiliaria Vesta, S.A.B de C.V. American Depositary Shares, each representing ten (10) Common Shares",$34.50,0.56,1.65%,"3,051,478,218"
GRBK,"Green Brick Partners, Inc. Common Stock",$70.87,-0.48,-0.673%,"3,048,168,026"
COLM,Columbia Sportswear Company Common Stock,$59.44,-0.575,-0.958%,"3,042,923,451"
REZI,"Resideo Technologies, Inc. Common Stock ",$20.03,-1.51,-7.01%,"3,041,502,981"
MGEE,"MGE Energy, Inc",$80.48,-0.76,-0.935%,"3,040,857,286"
ARCB,ArcBest Corporation Common Stock,$135.89,-1.85,-1.343%,"3,037,325,495"
IRON,"Disc Medicine, Inc. Common Stock",$78.84,-1.48,-1.843%,"3,026,891,821"
MMS,"Maximus, Inc. Common Stock",$57.76,-0.64,-1.096%,"3,024,184,391"
FIZZ,National Beverage Corp. Common Stock,$32.21,0.11,0.343%,"3,015,245,805"
SDRL,Seadrill Limited Common Shares,$47.89,1.63,3.524%,"2,995,109,705"
CBZ,"CBIZ, Inc. Common Stock",$55.01,0.14,0.255%,"2,985,055,984"
DBRG,"DigitalBridge Group, Inc.",$15.91,-0.01,-0.063%,"2,983,049,921"
ADEA,Adeia Inc. Common Stock,$26.96,-0.53,-1.928%,"2,973,152,844"
FG,"F&G Annuities & Life, Inc. Common Stock",$22.64,-0.92,-3.905%,"2,964,373,132"
TALO,"Talos Energy, Inc. Common Stock",$17.75,0.58,3.378%,"2,963,637,057"
KYIV,Kyivstar Group Ltd. Common Shares,$12.82,-0.04,-0.311%,"2,959,671,660"
ALMS,Alumis Inc. Common Stock,$22.86,-1.13,-4.71%,"2,958,889,564"
RH,RH Common Stock,$156.41,-13.56,-7.978%,"2,956,300,561"
BANC,"Banc of California, Inc. Common Stock",$18.65,-0.29,-1.531%,"2,945,777,366"
RDW,Redwire Corporation Common Stock,$11.77,-0.63,-5.081%,"2,942,413,008"
BEAM,Beam Therapeutics Inc. Common Stock,$28.39,-0.68,-2.339%,"2,932,336,809"
FBK,FB Financial Corporation Common Stock,$58.54,-0.72,-1.215%,"2,925,720,199"
NN,NextNav Inc. Common Stock,$17.33,-0.93,-5.093%,"2,925,475,740"
ZLAB,Zai Lab Limited American Depositary Shares,$26.02,-0.70,-2.62%,"2,921,167,253"
EXTR,"Extreme Networks, Inc. Common Stock",$22.32,-0.47,-2.062%,"2,912,551,375"
DXPE,"DXP Enterprises, Inc. Common Stock",$187.58,-3.91,-2.042%,"2,910,706,622"
KN,Knowles Corporation Common Stock,$34.01,-0.78,-2.242%,"2,904,805,187"
NMRK,"Newmark Group, Inc. Class A Common Stock",$15.98,-0.44,-2.68%,"2,896,033,459"
HG,"Hamilton Insurance Group, Ltd. Class B Common Shares",$34.77,0.37,1.076%,"2,893,237,325"
IMAX,Imax Corporation Common Stock,$52.74,-0.97,-1.806%,"2,892,373,092"
AKR,Acadia Realty Trust Common Stock,$21.03,-0.15,-0.708%,"2,888,107,144"
VECO,Veeco Instruments Inc. Common Stock,$47.20,-0.22,-0.464%,"2,885,319,008"
BBAR,Banco BBVA Argentina S.A. ADS,$14.08,-0.40,-2.762%,"2,875,652,637"
HOG,"Harley-Davidson, Inc. Common Stock",$27.63,-0.03,-0.108%,"2,875,523,368"
NOG,"Northern Oil and Gas, Inc. Common Stock",$26.91,0.85,3.262%,"2,867,237,034"
SPSC,"SPS Commerce, Inc. Common Stock",$79.43,-1.33,-1.647%,"2,859,493,821"
DKL,"Delek Logistics Partners, L.P. Common Units representing Limited Partner Interests",$53.71,-1.03,-1.882%,"2,857,227,037"
BKV,BKV Corporation Common Stock,$26.10,-0.27,-1.024%,"2,856,327,363"
DCO,Ducommun Incorporated Common Stock,$189.08,-11.08,-5.536%,"2,855,066,213"
EROC,"ERock, Inc. Class A Common Stock",$13.01,-1.35,-9.401%,"2,854,395,041"
BCC,"Boise Cascade, L.L.C. Common Stock",$81.77,-1.36,-1.636%,"2,853,065,771"
CXT,"Crane NXT, Co. Common Stock",$49.46,0.90,1.853%,"2,846,982,096"
WDFC,WD-40 Company Common Stock,$211.92,-11.31,-5.067%,"2,844,198,664"
MGRC,McGrath RentCorp Common Stock,$116.44,-1.89,-1.597%,"2,844,124,200"
DNN,Denison Mines Corp Ordinary Shares (Canada),$3.14,-0.08,-2.484%,"2,842,378,639"
KWR,Quaker Houghton Common Stock,$164.83,-2.22,-1.329%,"2,836,345,521"
BTDR,Bitdeer Technologies Group Class A Ordinary Shares,$10.43,0.80,8.307%,"2,834,688,815"
ASO,"Academy Sports and Outdoors, Inc. Common Stock",$45.65,-1.94,-4.076%,"2,831,138,636"
AVAH,Aveanna Healthcare Holdings Inc. Common Stock,$12.97,-0.19,-1.444%,"2,830,309,457"
UNFI,"United Natural Foods, Inc. Common Stock",$46.76,-0.03,-0.064%,"2,829,874,986"
INFQ,"Infleqtion, Inc. Common Stock",$12.55,0.05,0.40%,"2,828,231,003"
POWWP,Outdoor Holding Company 8.75% Series A Cumulative Redeemable Perpetual Preferred Stock,$24.355,0.195,0.807%,"2,825,554,020"
MAN,ManpowerGroup Common Stock,$60.74,1.32,2.221%,"2,824,748,322"
CLBT,Cellebrite DI Ltd. Ordinary Shares,$11.31,0.07,0.623%,"2,821,164,330"
BKD,Brookdale Senior Living Inc. Common Stock,$11.81,-0.31,-2.558%,"2,820,431,746"
FTAIM,FTAI Aviation Ltd. 9.500% Fixed-Rate Reset Series D Cumulative Perpetual Redeemable Preferred Shares,$27.445,0.05,0.183%,"2,818,796,112"
CALY,Callaway Golf Company Common Stock,$15.79,-0.35,-2.169%,"2,818,681,127"
VC,Visteon Corporation Common Stock,$105.34,-0.52,-0.491%,"2,812,096,491"
DNOW,DNOW Inc. Common Stock,$15.54,-0.07,-0.448%,"2,809,412,746"
UPST,"Upstart Holdings, Inc. Common stock",$28.86,-1.74,-5.686%,"2,808,454,508"
NRIX,"Nurix Therapeutics, Inc. Common stock",$27.05,-0.74,-2.663%,"2,807,294,525"
IHS,IHS Holding Limited Ordinary Shares,$8.36,0.03,0.36%,"2,804,957,416"
RLX,"RLX Technology Inc. American Depositary Shares, each representing the right to receive one (1) Class A ordinary share",$1.81,-0.02,-1.093%,"2,803,581,956"
PPLI,People Incorporated Common Stock,$37.62,-0.725,-1.891%,"2,801,332,859"
ALRM,"Alarm.com Holdings, Inc. Common Stock",$57.06,-0.32,-0.558%,"2,801,088,410"
TOWN,TowneBank Common Stock,$37.49,0.21,0.563%,"2,797,403,702"
SVM,Silvercorp Metals Inc. Common Shares,$12.64,0.03,0.238%,"2,796,047,746"
DGII,Digi International Inc. Common Stock,$73.61,-2.48,-3.259%,"2,793,361,334"
FCPT,"Four Corners Property Trust, Inc. Common Stock",$25.38,0.17,0.674%,"2,785,617,584"
AVPT,"AvePoint, Inc. Class A Common Stock",$13.13,-0.15,-1.13%,"2,777,854,043"
VRDN,"Viridian Therapeutics, Inc. Common Stock",$24.50,-0.30,-1.21%,"2,775,660,591"
NTCT,"NetScout Systems, Inc. Common Stock",$38.04,-0.31,-0.808%,"2,765,786,148"
WTTR,"Select Water Solutions, Inc. Class A common stock",$19.96,-0.49,-2.396%,"2,764,077,427"
ABM,ABM Industries Incorporated Common Stock,$47.10,-0.12,-0.254%,"2,759,161,473"
WOR,"Worthington Enterprises, Inc. Common Shares",$56.39,-0.94,-1.64%,"2,758,981,350"
SUPN,"Supernus Pharmaceuticals, Inc. Common Stock",$47.45,-1.09,-2.246%,"2,758,126,767"
TTAM,Titan America SA Common Shares,$14.95,-0.24,-1.58%,"2,756,218,852"
CENT,Central Garden & Pet Company Common Stock,$43.97,-0.40,-0.902%,"2,752,196,534"
ATAI,AtaiBeckley Inc. Common Stock,$7.42,0.06,0.815%,"2,751,815,844"
PATK,"Patrick Industries, Inc. Common Stock",$85.48,-1.96,-2.242%,"2,745,469,207"
SPNT,SiriusPoint Ltd. Common Shares,$23.60,0.22,0.941%,"2,741,494,378"
OUST,"Ouster, Inc. Common Stock",$37.95,-2.11,-5.267%,"2,736,663,037"
GCMG,GCM Grosvenor Inc. Class A Common Stock,$13.47,-0.31,-2.25%,"2,731,609,587"
LIME,"Neutron Holdings, Inc. Common Stock",$42.03,4.30,11.397%,"2,731,285,506"
TBBK,The Bancorp Inc Common Stock,$66.91,-1.00,-1.473%,"2,729,045,390"
ARR,"ARMOUR Residential REIT, Inc.",$16.32,-0.16,-0.971%,"2,727,029,535"
LASR,"nLIGHT, Inc. Common Stock",$47.19,-0.69,-1.441%,"2,722,400,396"
GRND,Grindr Inc. Common Stock,$15.66,0.07,0.449%,"2,722,031,019"
GDV,Gabelli Dividend & Income Trust Common Shares of Beneficial Interest,$30.14,-0.30,-0.986%,"2,718,281,119"
UE,Urban Edge Properties Common Shares of Beneficial Interest,$21.53,-0.17,-0.783%,"2,718,043,353"
WAFD,"WaFd, Inc. Common Stock",$36.65,-0.07,-0.191%,"2,711,925,473"
PRVA,"Privia Health Group, Inc. Common Stock",$21.20,-0.29,-1.349%,"2,707,965,188"
DAC,Danaos Corporation Common Stock,$148.70,1.10,0.745%,"2,706,856,733"
SLS,"SELLAS Life Sciences Group, Inc. Common Stock",$13.40,-0.45,-3.249%,"2,706,072,501"
TRMK,Trustmark Corporation Common Stock,$46.58,0.07,0.151%,"2,704,927,477"
WLYB,"John Wiley & Sons, Inc. Common Stock",$53.19,UNCH,--,"2,700,115,352"
NBTB,NBT Bancorp Inc. Common Stock,$51.88,0.13,0.251%,"2,695,687,965"
RGC,Regencell Bioscience Holdings Limited Ordinary Shares,$5.44,-0.37,-6.368%,"2,690,019,660"
HTO,H2O America Common Stock,$64.25,0.72,1.133%,"2,689,299,657"
CUBI,"Customers Bancorp, Inc Common Stock",$79.57,0.82,1.041%,"2,688,176,886"
NMFCZ,New Mountain Finance Corporation 8.250% Notes due 2028,$25.22,0.02,0.079%,"2,682,423,436"
ALHC,"Alignment Healthcare, Inc. Common Stock",$12.93,0.15,1.174%,"2,682,136,477"
KD,"Kyndryl Holdings, Inc. Common Stock",$12.31,-0.07,-0.565%,"2,681,342,818"
AEO,"American Eagle Outfitters, Inc. Common Stock",$16.00,-0.67,-4.019%,"2,681,173,328"
AADX,"Applied Aerospace & Defense, Inc. Common Stock",$15.50,-1.77,-10.249%,"2,672,099,529"
APPN,Appian Corporation Class A Common Stock,$37.28,-0.25,-0.666%,"2,670,276,816"
PGEN,"Precigen, Inc. Common Stock",$7.44,0.28,3.911%,"2,663,782,238"
ZIONP,"Zions Bancorporation, N.A. Depositary Shares (Each representing 1/40th Interest in a Share of Series A Floating-Rate Non-Cumulative Perpetual Preferred Stock)",$18.2313,-0.1287,-0.701%,"2,660,919,401"
FBNC,First Bancorp Common Stock,$64.24,-0.23,-0.357%,"2,657,879,957"
OSW,OneSpaWorld Holdings Limited Common Shares,$26.08,-0.31,-1.175%,"2,647,086,409"
BBT,Beacon Financial Corporation Common stock,$31.58,-0.36,-1.127%,"2,646,911,996"
WLY,"John Wiley & Sons, Inc. Common Stock",$52.08,0.11,0.212%,"2,643,767,767"
WHR,Whirlpool Corporation Common Stock,$40.47,0.38,0.948%,"2,638,618,828"
BHE,"Benchmark Electronics, Inc. Common Stock",$73.36,-0.16,-0.218%,"2,635,086,285"
FRME,First Merchants Corporation Common Stock,$41.94,-0.08,-0.19%,"2,633,891,681"
SLDE,"Slide Insurance Holdings, Inc. Common Stock",$22.52,0.04,0.178%,"2,630,599,912"
RVMDW,"Revolution Medicines, Inc. Warrant",$12.27,-0.18,-1.446%,"2,629,907,849"
PHIN,PHINIA Inc. Common Stock,$71.63,-1.68,-2.292%,"2,624,386,243"
PENG,"Penguin Solutions, Inc. Common Stock",$51.14,-1.81,-3.418%,"2,620,551,627"
DRH,Diamondrock Hospitality Company Common Stock,$12.77,0.05,0.393%,"2,612,814,546"
STUB,"StubHub Holdings, Inc. Class A Common Stock",$6.83,-0.11,-1.585%,"2,609,674,468"
VISN,"Vistance Networks, Inc. Common Stock",$11.31,0.11,0.982%,"2,608,384,720"
TRVI,"Trevi Therapeutics, Inc. Common Stock",$18.25,-0.56,-2.977%,"2,600,184,098"
EEFT,"Euronet Worldwide, Inc. Common Stock",$69.38,0.76,1.108%,"2,595,061,421"
IVT,InvenTrust Properties Corp. Common Stock,$33.19,-0.11,-0.33%,"2,588,104,125"
MFAO,"MFA Financial, Inc. 9.000% Senior Notes due 2029",$25.20,-0.03,-0.119%,"2,587,251,290"
HURN,Huron Consulting Group Inc. Common Stock,$162.45,3.47,2.183%,"2,584,591,196"
MFAN,"MFA Financial, Inc. 8.875% Senior Notes due 2029",$25.14,-0.04,-0.159%,"2,581,091,168"
NEOG,Neogen Corporation Common Stock,$11.83,-0.32,-2.634%,"2,579,602,669"
TDC,Teradata Corporation Common Stock,$27.57,-0.33,-1.183%,"2,564,010,000"
LCII,LCI Industries,$105.44,-2.26,-2.098%,"2,563,405,298"
COHU,"Cohu, Inc. Common Stock",$54.11,-1.08,-1.957%,"2,561,482,610"
AAP,Advance Auto Parts Inc.,$42.39,-13.79,-24.546%,"2,559,707,815"
BGSI,Boyd Group Services Inc. Common Shares,$91.90,-2.46,-2.607%,"2,558,168,377"
DRD,DRDGOLD Limited American Depositary Shares,$29.51,1.68,6.037%,"2,551,401,283"
SYBT,"Stock Yards Bancorp, Inc. Common Stock",$82.05,0.11,0.134%,"2,549,018,058"
ATHM,"Autohome Inc. American Depositary Shares, each representing four class A ordinary shares.",$22.12,-0.36,-1.601%,"2,547,580,551"
BHC,Bausch Health Companies Inc. Common Stock,$6.81,-0.08,-1.161%,"2,546,875,720"
NKTR,Nektar Therapeutics  Common Stock,$74.53,-1.55,-2.037%,"2,544,677,343"
CALX,"Calix, Inc Common Stock",$40.38,-0.17,-0.419%,"2,542,485,876"
PHVS,Pharvaris N.V. Ordinary Shares,$36.39,0.12,0.331%,"2,535,162,225"
CSAN,Cosan S.A. ADS,$2.54,UNCH,--,"2,518,772,542"
SIND,Sinda Ltd. Common Stock,$15.85,-0.74,-4.461%,"2,516,835,527"
HLIO,"Helios Technologies, Inc. Common Stock",$76.31,0.13,0.171%,"2,514,458,531"
GSHD,"Goosehead Insurance, Inc. Class A Common Stock",$70.70,2.31,3.378%,"2,510,974,484"
ACHC,"Acadia Healthcare Company, Inc. Common Stock",$26.97,-0.39,-1.425%,"2,510,914,417"
SSMR,Sunshine Silver Mining & Refining Company Common Stock,$17.45,0.35,2.047%,"2,508,029,222"
KOD,Kodiak Sciences Inc Common Stock,$39.84,-0.23,-0.574%,"2,503,922,367"
ECO,Okeanis Eco Tankers Corp. Common Stock,$64.10,-0.14,-0.218%,"2,502,762,386"
AXGN,"Axogen, Inc. Common Stock",$46.44,-2.49,-5.089%,"2,496,684,664"
RARE,Ultragenyx Pharmaceutical Inc. Common Stock,$25.32,-0.92,-3.506%,"2,496,270,264"
BUSE,First Busey Corporation Class A Common Stock,$30.21,-0.03,-0.099%,"2,494,649,841"
HWKN,"Hawkins, Inc. Common Stock",$119.39,-4.53,-3.656%,"2,492,280,219"
NMM,Navios Maritime Partners LP Common Units Representing Limited Partner Interests,$85.32,1.74,2.082%,"2,488,639,953"
MBIN,Merchants Bancorp Common Stock,$54.13,0.63,1.178%,"2,486,628,000"
RNW,ReNew Energy Global plc Class A Ordinary Shares,$6.82,0.02,0.294%,"2,485,226,332"
SKWD,"Skyward Specialty Insurance Group, Inc. Common Stock",$55.86,-0.54,-0.957%,"2,479,988,099"
VVX,"V2X, Inc. Common Stock",$79.01,-3.50,-4.242%,"2,476,596,736"
PENN,"PENN Entertainment, Inc. Common Stock",$18.44,-0.12,-0.647%,"2,472,187,938"
KALU,Kaiser Aluminum Corporation Common Stock,$151.15,-5.80,-3.695%,"2,471,165,256"
BCRX,"BioCryst Pharmaceuticals, Inc. Common Stock",$9.66,-0.41,-4.071%,"2,468,469,114"
WSBCO,"WesBanco, Inc. Depositary Shares each representing 1/40th interest in a share of 7.375% Fixed-Rate Reset Non-Cumulative Perpetual Preferred Stock, Series B",$25.72,0.03,0.117%,"2,466,699,465"
NWL,Newell Brands Inc. Common Stock,$5.79,-0.37,-6.006%,"2,465,961,000"
AMR,"Alpha Metallurgical Resources, Inc. Common Stock",$194.30,-0.12,-0.062%,"2,463,538,444"
WGS,GeneDx Holdings Corp. Class A Common Stock,$82.55,2.90,3.641%,"2,461,850,760"
MH,"McGraw Hill, Inc. Common Stock",$12.86,-0.34,-2.576%,"2,460,231,348"
SAH,"Sonic Automotive, Inc. Common Stock",$77.78,-1.08,-1.37%,"2,458,999,300"
PAGS,PagSeguro Digital Ltd. Class A Common Shares,$8.44,-0.15,-1.746%,"2,453,319,864"
EFXT,Enerflex Ltd Common Shares,$20.09,-0.48,-2.333%,"2,453,046,919"
HUBG,"Hub Group, Inc. Class A Common Stock",$40.05,0.05,0.125%,"2,449,198,076"
PTON,"Peloton Interactive, Inc. Class A Common Stock",$5.58,0.11,2.011%,"2,448,904,650"
BFLY,"Butterfly Network, Inc. Class A Common Stock",$9.17,UNCH,--,"2,441,835,128"
UNIT,Uniti Group Inc. Common Stock,$10.06,-0.27,-2.614%,"2,441,814,858"
MPT,"Medical Properties Trust, Inc. common stock",$4.08,-0.08,-1.923%,"2,436,576,000"
HYMC,Hycroft Mining Holding Corporation Class A Common Stock,$26.14,-1.76,-6.308%,"2,435,769,141"
OCUL,"Ocular Therapeutix, Inc. Common Stock",$11.09,-0.64,-5.456%,"2,435,539,976"
BANR,Banner Corporation Common Stock,$71.66,0.52,0.731%,"2,435,358,579"
CDNA,"CareDx, Inc. Common Stock",$46.99,0.48,1.032%,"2,430,991,139"
COTY,Coty Inc. Class A Common Stock,$2.75,-0.28,-9.241%,"2,421,282,705"
BXMT,"Blackstone Mortgage Trust, Inc. Common Stock",$14.35,-0.11,-0.761%,"2,418,600,531"
LCLN,"Lincoln International, Inc. Class A Common Stock",$23.32,-0.82,-3.397%,"2,416,546,403"
ATRC,"AtriCure, Inc. Common Stock",$47.49,-0.12,-0.252%,"2,415,640,302"
FIVN,"Five9, Inc. Common Stock",$32.30,-0.44,-1.344%,"2,413,570,051"
ALMR,"Alamar Biosciences, Inc. Common Stock",$34.64,-0.90,-2.532%,"2,403,765,414"
PAYO,Payoneer Global Inc. Common Stock,$7.09,-0.01,-0.141%,"2,402,452,427"
NUVB,Nuvation Bio Inc. Class A Common Stock,$6.83,-0.43,-5.923%,"2,398,171,681"
AGM,Federal Agricultural Mortgage Corporation Common Stock,$220.85,-6.08,-2.679%,"2,396,931,429"
FIGS,"FIGS, Inc. Class A Common Stock",$14.41,-0.08,-0.552%,"2,394,080,887"
PBH,Prestige Consumer Healthcare Inc. Common Stock,$50.52,-1.16,-2.245%,"2,393,360,851"
ETOR,eToro Group Ltd. Class A Common Shares,$29.67,1.17,4.105%,"2,389,809,700"
HIMX,"Himax Technologies, Inc. American Depositary Shares",$13.67,-0.23,-1.655%,"2,384,402,244"
NGVT,Ingevity Corporation Common Stock ,$69.31,-1.85,-2.60%,"2,382,733,774"
CENTA,Central Garden & Pet Company Class A Common Stock Nonvoting,$38.06,-0.44,-1.143%,"2,382,274,280"
MFICL,MidCap Financial Investment Corporation 8.00% Notes due 2028,$25.46,0.01,0.039%,"2,375,510,216"
GRDN,"Guardian Pharmacy Services, Inc. Class A Common Stock",$37.48,-0.49,-1.29%,"2,374,069,554"
TRN,"Trinity Industries, Inc. Common Stock",$29.74,0.12,0.405%,"2,369,370,514"
BGR,BlackRock Energy and Resources Trust,$17.45,0.18,1.042%,"2,365,979,085"
DJT,Trump Media & Technology Group Corp. Common Stock,$8.51,0.16,1.916%,"2,365,280,242"
CC,Chemours Company (The) Common Stock,$15.69,-0.22,-1.383%,"2,361,329,232"
BOBS,"Bob's Discount Furniture, Inc. Common Stock",$18.05,-0.40,-2.168%,"2,358,901,722"
UFPT,"UFP Technologies, Inc. Common Stock",$304.25,-8.59,-2.746%,"2,356,656,608"
VOYG,"Voyager Technologies, Inc. Class A Common Stock",$37.92,-0.93,-2.394%,"2,349,817,383"
NOVTU,Novanta Inc. Tangible Equity Units,$62.05,0.12,0.194%,"2,346,592,629"
NTB,Bank of N.T. Butterfield & Son Limited (The) Voting Ordinary Shares,$58.66,-0.40,-0.677%,"2,346,400,000"
NVA,Nova Minerals Corp Common Stock,$5.19,0.13,2.569%,"2,340,836,374"
EFSC,Enterprise Financial Services Corporation Common Stock,$64.01,0.42,0.66%,"2,316,683,205"
DBD,Diebold Nixdorf Incorporated Common stock,$67.81,0.39,0.578%,"2,301,918,132"
AUPH,Aurinia Pharmaceuticals Inc Ordinary Shares,$17.27,1.10,6.803%,"2,297,793,671"
RAPP,"Rapport Therapeutics, Inc. Common Stock",$47.85,-1.22,-2.486%,"2,295,760,985"
INTR,Inter & Co. Inc. Class A Common Shares,$5.20,-0.12,-2.256%,"2,294,872,648"
ADAMM,"Adamas Trust, Inc. 7.875% Series E Fixed-to-Floating Rate Cumulative Redeemable Preferred Stock",$25.47,-0.03,-0.118%,"2,289,238,149"
RAMP,"LiveRamp Holdings, Inc. Common Stock",$37.65,-0.06,-0.159%,"2,288,931,072"
IOSP,Innospec Inc. Common Stock,$92.92,-0.84,-0.896%,"2,288,716,887"
URGN,UroGen Pharma Ltd. Ordinary Shares,$46.80,-3.49,-6.94%,"2,287,610,395"
ANDE,"Andersons, Inc. (The) Common Stock",$67.32,-0.41,-0.605%,"2,287,235,372"
ADAMI,"Adamas Trust, Inc. 9.125% Senior Notes Due 2029",$25.20,-0.02,-0.079%,"2,282,602,115"
PLBL,Polibeli Group Ltd Class A Ordinary Shares,$6.23,-0.11,-1.735%,"2,282,593,938"
WERN,"Werner Enterprises, Inc. Common Stock",$38.045,0.085,0.224%,"2,281,830,900"
FLYW,Flywire Corporation Voting Common Stock,$18.75,-0.08,-0.425%,"2,281,268,888"
UWMC,UWM Holdings Corporation Class A Common Stock,$1.42,-0.07,-4.698%,"2,277,981,605"
UAA,"Under Armour, Inc. Class A Common Stock",$5.30,0.05,0.952%,"2,276,591,367"
MLYS,"Mineralys Therapeutics, Inc. Common Stock",$25.75,-1.20,-4.453%,"2,276,477,289"
WU,Western Union Company (The) Common Stock,$7.29,0.09,1.25%,"2,273,597,771"
KMT,Kennametal Inc. Common Stock,$29.78,-0.80,-2.616%,"2,269,802,475"
PLUS,ePlus inc. Common Stock,$86.85,0.32,0.37%,"2,265,952,803"
HCI,"HCI Group, Inc. Common Stock",$182.03,-1.02,-0.557%,"2,264,246,960"
KLRA,"Kailera Therapeutics, Inc. Common Stock",$17.46,-0.86,-4.694%,"2,263,578,583"
ROG,Rogers Corporation Common Stock,$126.54,-3.14,-2.421%,"2,261,059,111"
TILE,"Interface, Inc. Common Stock",$39.08,-0.24,-0.61%,"2,258,841,977"
BVC,BitVentures Limited Ordinary Shares,$13.42,-0.58,-4.143%,"2,254,560,000"
RUN,Sunrun Inc. Common Stock,$9.36,-0.44,-4.49%,"2,254,327,752"
VERA,"Vera Therapeutics, Inc. Class A Common Stock",$31.26,-1.015,-3.145%,"2,252,699,852"
MCRI,"Monarch Casino & Resort, Inc. Common Stock",$125.65,0.84,0.673%,"2,251,964,764"
PRCH,"Porch Group, Inc. Common Stock",$17.08,0.04,0.235%,"2,251,691,312"
COAG,"Hemab Therapeutics Holdings, Inc. Common Stock",$48.20,-3.46,-6.698%,"2,251,524,039"
ADUS,Addus HomeCare Corporation Common Stock,$120.55,0.53,0.442%,"2,251,186,865"
MESO,Mesoblast Limited American Depositary Shares,$17.43,0.30,1.751%,"2,249,868,217"
PMTU,PennyMac Mortgage Investment Trust 8.50% Senior Notes due 2028,$25.75,UNCH,--,"2,245,460,822"
NWBI,"Northwest Bancshares, Inc. Common Stock",$15.31,0.04,0.262%,"2,242,289,158"
ADAML,"Adamas Trust, Inc. 6.875% Series F Fixed-to-Floating Rate Cumulative Redeemable Preferred Stock, $0.01 par value per share",$24.92,-0.05,-0.20%,"2,239,804,267"
CTOS,"Custom Truck One Source, Inc. Common Stock",$9.82,0.04,0.409%,"2,234,104,354"
RGTIW,"Rigetti Computing, Inc. Warrants",$6.69,-0.60,-8.23%,"2,232,912,917"
NCNO,"nCino, Inc. Common Stock",$20.36,-0.33,-1.595%,"2,230,498,062"
ADAMN,"Adamas Trust, Inc. 8.00% Series D Fixed-to-Floating Rate Cumulative Redeemable Preferred Stock",$24.81,-0.19,-0.76%,"2,229,917,491"
STNE,StoneCo Ltd. Class A Common Shares,$9.16,-0.31,-3.273%,"2,227,970,550"
CCU,"Compania Cervecerias Unidas, S.A. Common Stock",$12.02,0.18,1.52%,"2,220,712,261"
HRMY,"Harmony Biosciences Holdings, Inc. Common Stock",$38.07,-1.86,-4.658%,"2,217,059,482"
PBI,Pitney Bowes Inc. Common Stock,$16.17,0.08,0.497%,"2,216,748,728"
LCID,"Lucid Group, Inc. Common Stock",$5.625,-0.295,-4.983%,"2,216,644,740"
MFP,"Midera Food Processing, Inc. Common Stock",$48.95,3.24,7.088%,"2,214,030,772"
HTH,Hilltop Holdings Inc.,$38.63,0.14,0.364%,"2,212,974,289"
UA,"Under Armour, Inc. Class C Common Stock",$5.15,0.02,0.39%,"2,212,159,536"
PCTTU,"PureCycle Technologies, Inc. Unit",$11.00,UNCH,--,"2,209,952,910"
ICHR,Ichor Holdings Ordinary Shares,$58.87,-2.34,-3.823%,"2,204,930,461"
AMC,"AMC Entertainment Holdings, Inc. Class A Common Stock",$2.47,-0.05,-1.984%,"2,204,733,456"
VERX,"Vertex, Inc. Class A Common Stock",$13.58,0.06,0.444%,"2,202,920,168"
CTRI,"Centuri Holdings, Inc. Common Stock",$21.78,-0.84,-3.714%,"2,198,975,294"
BKE,"Buckle, Inc. (The) Common Stock",$42.64,-0.59,-1.365%,"2,196,731,187"
LTC,"LTC Properties, Inc. Common Stock",$40.75,0.44,1.092%,"2,196,651,692"
MTX,Minerals Technologies Inc. Common Stock,$70.46,-1.00,-1.399%,"2,193,332,571"
HCM,HUTCHMED (China) Limited American Depositary Shares,$12.56,-0.03,-0.238%,"2,191,286,981"
ASAN,"Asana, Inc. Class A Common Stock",$9.50,-0.07,-0.731%,"2,189,843,357"
OFG,OFG Bancorp Common Stock,$51.78,0.17,0.329%,"2,188,507,279"
ADMA,ADMA Biologics Inc Common Stock,$9.76,-0.29,-2.886%,"2,186,090,477"
SHAZ,"SharonAI Holdings, Inc. Class A Common Stock",$60.85,-4.60,-7.028%,"2,178,643,279"
CLOV,"Clover Health Investments, Corp. Class A Common Stock",$4.10,-0.12,-2.844%,"2,177,740,678"
MLCO,Melco Resorts & Entertainment Limited American Depositary Shares,$5.35,-0.13,-2.372%,"2,176,337,227"
PSNY,Polestar Automotive Holding UK PLC Class A ADS,$13.19,-0.46,-3.37%,"2,166,854,902"
VIA,"Via Transportation, Inc. Class A Common Stock",$26.57,0.19,0.72%,"2,165,604,137"
CMPR,Cimpress plc Ordinary Shares (Ireland),$88.86,-1.27,-1.409%,"2,163,694,437"
INOD,Innodata Inc. Common Stock,$62.79,0.01,0.016%,"2,158,886,656"
VCEL,Vericel Corporation Common Stock,$42.11,-1.46,-3.351%,"2,156,310,516"
MRVI,"Maravai LifeSciences Holdings, Inc. Class A Common Stock",$8.29,1.07,14.82%,"2,152,694,351"
DRVN,Driven Brands Holdings Inc. Common Stock,$13.04,-0.19,-1.436%,"2,151,336,801"
XRAY,DENTSPLY SIRONA Inc. Common Stock,$10.78,-0.25,-2.267%,"2,149,034,783"
FCF,First Commonwealth Financial Corporation Common Stock,$21.25,0.19,0.902%,"2,147,438,406"
BUSEP,"First Busey Corporation Depositary Shares, Each Representing a 1/40thInterest in a Share of 8.25% Fixed-Rate Series B Non-Cumulative Perpetual Preferred Stock, $0.001 par value",$25.90,-0.04,-0.154%,"2,138,743,160"
LIFE,Ethos Technologies Inc. Class A Common Stock,$33.52,0.67,2.04%,"2,137,216,898"
BRSL,"Brightstar Lottery PLC Trading under the Legal Name to begin at the market open on July 21, 2025. Ordinary Shares",$11.58,0.20,1.757%,"2,136,510,000"
ESTA,Establishment Labs Holdings Inc. Common Shares,$71.52,-3.84,-5.096%,"2,131,431,244"
MD,"Pediatrix Medical Group, Inc. Common Stock",$26.22,UNCH,--,"2,130,460,766"
NWN,Northwest Natural Holding Company Common Stock,$50.59,-0.06,-0.118%,"2,129,512,087"
ALKT,"Alkami Technology, Inc. Common Stock",$19.91,-0.11,-0.549%,"2,129,214,822"
NGL,NGL ENERGY PARTNERS LP Common Units representing Limited Partner Interests,$17.05,0.12,0.709%,"2,128,083,627"
LPG,Dorian LPG Ltd. Common Stock,$49.65,0.02,0.04%,"2,124,160,112"
NEO,"NeoGenomics, Inc. Common Stock",$16.53,-0.125,-0.751%,"2,123,699,023"
OLN,Olin Corporation Common Stock,$18.63,-0.08,-0.428%,"2,123,493,789"
GENI,Genius Sports Limited Ordinary Shares,$7.93,0.16,2.059%,"2,122,281,769"
BTX,BlackRock Technology and Private Equity Term Trust Common Shares of Beneficial Interest,$8.99,0.11,1.239%,"2,119,807,604"
HAWK,"HawkEye 360, Inc. Common Stock",$21.61,-0.30,-1.369%,"2,117,035,579"
NBTX,Nanobiotix S.A. American Depositary Shares,$43.68,-1.71,-3.767%,"2,114,551,770"
CDLR,Cadeler A/S American Depositary Share (each representing four (4) Ordinary Shares),$24.09,0.44,1.86%,"2,113,642,050"
BLKB,"Blackbaud, Inc. Common Stock",$46.45,0.29,0.628%,"2,108,370,006"
MNR,Mach Natural Resources LP Common Units representing Limited Partner Interests,$12.61,-0.02,-0.158%,"2,105,215,465"
STC,Stewart Information Services Corporation Common Stock,$68.96,0.06,0.087%,"2,104,810,843"
FLNC,"Fluence Energy, Inc. Class A Common Stock",$11.39,-0.68,-5.634%,"2,102,552,643"
SHO,"Sunstone Hotel Investors, Inc. Sunstone Hotel Investors, Inc. Common Shares",$11.28,0.11,0.985%,"2,097,447,654"
PEB,Pebblebrook Hotel Trust Common Shares of Beneficial Interest,$18.56,0.17,0.924%,"2,094,360,809"
NTST,NetSTREIT Corp. Common Stock,$20.61,0.08,0.39%,"2,092,492,039"
ALGT,Allegiant Travel Company Common Stock,$76.41,-1.66,-2.126%,"2,088,877,860"
XPRO,Expro Ltd Ordinary Shares,$18.41,-0.55,-2.901%,"2,087,607,160"
STDN,"Standard Nuclear, Inc. Class A Common Stock",$12.97,1.00,8.354%,"2,083,935,840"
ECPG,Encore Capital Group Inc Common Stock,$98.14,-3.12,-3.081%,"2,081,487,179"
KEEL,Keel Infrastructure Corp. Common Stock,$3.37,0.12,3.692%,"2,081,221,724"
STGW,Stagwell Inc. Class A Common Stock,$8.51,-0.20,-2.296%,"2,080,486,088"
SRCE,1st Source Corporation Common Stock,$86.15,0.44,0.513%,"2,074,649,310"
HAPN,"Happen, Inc. Common Stock",$17.97,-0.59,-3.179%,"2,073,872,128"
EMAT,Evolution Metals & Technologies Corp. Common Stock,$3.33,0.48,16.842%,"2,070,596,151"
NVCR,NovoCure Limited Ordinary Shares,$17.77,-0.43,-2.363%,"2,069,242,577"
GTY,Getty Realty Corporation Common Stock,$33.37,0.28,0.846%,"2,066,694,166"
PLGO,Pelagos Insurance Capital Limited Common Shares,$23.89,0.55,2.356%,"2,066,010,664"
DV,"DoubleVerify Holdings, Inc. Common Stock",$13.31,0.02,0.15%,"2,062,874,934"
AVEX,AEVEX Corp. Class A Common Stock,$18.08,-0.82,-4.339%,"2,061,873,936"
ZBIO,"Zenas BioPharma, Inc. Common Stock",$31.62,0.37,1.184%,"2,060,887,981"
PLPC,Preformed Line Products Company Common Stock,$421.37,-13.37,-3.075%,"2,059,951,940"
GRC,Gorman-Rupp Company (The) Common Stock,$77.85,-0.67,-0.853%,"2,056,037,418"
LIND,Lindblad Expeditions Holdings Inc. Common Stock,$31.32,-0.50,-1.571%,"2,055,208,659"
PVLA,"Palvella Therapeutics, Inc. Common Stock",$142.58,-7.38,-4.921%,"2,054,350,670"
GENB,"Generate Biomedicines, Inc. Common Stock",$15.99,-0.98,-5.775%,"2,052,355,452"
FLOC,Flowco Holdings Inc. Class A Common Stock,$22.70,0.17,0.755%,"2,051,018,276"
HMN,Horace Mann Educators Corporation Common Stock,$50.41,0.02,0.04%,"2,041,658,132"
BHVN,Biohaven Ltd. Common Shares ,$13.50,-0.64,-4.526%,"2,039,091,044"
INVX,"Innovex International, Inc. Common Stock",$29.15,-0.27,-0.918%,"2,038,629,357"
WRD,WeRide Inc. American Depositary Shares,$6.07,UNCH,--,"2,035,006,803"
UTZ,Utz Brands Inc Class A Common Stock ,$14.13,-0.02,-0.141%,"2,034,186,070"
DAO,"Youdao, Inc. American Depositary Shares, each representing one Class A Ordinary Share",$16.86,0.21,1.261%,"2,033,899,879"
PRDO,Perdoceo Education Corporation Common Stock,$32.48,-0.18,-0.551%,"2,032,502,746"
PRKS,United Parks & Resorts Inc. Common Stock,$44.81,-0.49,-1.082%,"2,031,744,056"
SRPT,"Sarepta Therapeutics, Inc. Common Stock (DE)",$19.22,-0.51,-2.585%,"2,030,151,344"
STOK,"Stoke Therapeutics, Inc. Common Stock",$31.40,-1.63,-4.935%,"2,026,123,999"
CHA,Chagee Holdings Limited American Depositary Shares,$10.62,0.25,2.411%,"2,025,906,522"
UMBFO,"UMB Financial Corporation Depositary Shares Each Representing a 1/400th Interest in a Share of 7.750% Fixed-Rate Reset Non-Cumulative Perpetual Preferred Stock, Series B",$26.66,0.10,0.377%,"2,024,827,800"
CIMN,Chimera Investment Corporation 9.000% Senior Notes due 2029,$25.14,-0.05,-0.198%,"2,024,541,697"
CHCO,City Holding Company Common Stock,$144.00,0.80,0.559%,"2,022,503,040"
PURR,Hyperliquid Strategies Inc Common Stock,$10.08,0.69,7.348%,"2,021,682,005"
BRVE,"Braveheart Bio, Inc. Common Stock",$27.42,-1.55,-5.35%,"2,014,419,568"
AGIO,"Agios Pharmaceuticals, Inc. Common Stock",$33.63,-1.49,-4.243%,"2,007,774,292"
XNCR,"Xencor, Inc. Common Stock",$27.00,-0.52,-1.89%,"2,007,541,719"
BXDC,Blackstone Digital Infrastructure Trust Inc. Common Stock,$19.93,-0.08,-0.40%,"2,005,952,607"
CDNL,Cardinal Infrastructure Group Inc. Class A Common Stock,$42.25,-1.08,-2.492%,"2,005,736,743"
HE,"Hawaiian Electric Industries, Inc. Common Stock",$11.61,-0.10,-0.854%,"2,005,372,126"
RVT,"Royce Small-Cap Trust, Inc. Common Stock",$18.55,-0.27,-1.435%,"2,002,597,063"
BLX,"Bladex, Inc. Class E Common Stock",$53.26,-0.99,-1.825%,"2,002,518,426"
PGNY,"Progyny, Inc. Common Stock",$25.96,0.43,1.684%,"1,991,827,676"
KYN,"Kayne Anderson Energy Infrastructure Fund, Inc.",$14.63,-0.07,-0.476%,"1,991,604,284"
NSP,"Insperity, Inc. Common Stock",$52.14,0.28,0.54%,"1,991,501,378"
SFB,Stifel Financial Corporation 5.20% Senior Notes due 2047,$19.49,-0.05,-0.256%,"1,991,359,683"
TSHA,"Taysha Gene Therapies, Inc. Common Stock",$6.11,-0.32,-4.977%,"1,990,842,960"
DEI,"Douglas Emmett, Inc. Common Stock",$11.86,0.04,0.338%,"1,986,375,267"
SPB,"Spectrum Brands Holdings, Inc. Common Stock",$86.16,-2.63,-2.962%,"1,981,300,551"
ALG,"Alamo Group, Inc. Common Stock",$162.46,0.09,0.055%,"1,977,294,974"
CCS,"Century Communities, Inc. Common Stock",$69.46,-1.40,-1.976%,"1,974,949,234"
TRLV,Trulieve Cannabis Corp. Subordinate Voting Shares,$10.25,0.16,1.586%,"1,973,794,346"
NAMSW,NewAmsterdam Pharma Company N.V. Warrant,$16.51,0.51,3.188%,"1,973,558,660"
TIC,"TIC Solutions, Inc. Common Stock",$9.02,-0.18,-1.957%,"1,968,347,611"
VET,Vermilion Energy Inc. Common (Canada),$12.84,0.28,2.229%,"1,967,088,000"
GHRS,GH Research PLC Ordinary Shares,$28.68,-1.12,-3.758%,"1,966,219,750"
CNXN,"PC Connection, Inc. Common Stock",$77.88,-0.07,-0.09%,"1,965,543,150"
KSS,Kohl's Corporation Common Stock,$17.33,-1.51,-8.015%,"1,965,221,879"
SAM,"Boston Beer Company, Inc. (The) Common Stock",$190.82,3.81,2.037%,"1,963,858,568"
GEL,"Genesis Energy, L.P. Common Units",$16.04,-0.06,-0.373%,"1,959,676,109"
DHC,Diversified Healthcare Trust Common Shares of Beneficial Interest,$8.07,-0.03,-0.37%,"1,953,980,933"
CEPU,Central Puerto S.A. American Depositary Shares (each represents ten Common Shares),$12.89,-0.01,-0.078%,"1,951,249,814"
BLBD,Blue Bird Corporation Common Stock,$61.33,-1.19,-1.903%,"1,942,691,472"
KARO,Karooooo Ltd. Ordinary Shares,$62.87,1.48,2.411%,"1,942,261,771"
AERO,"Grupo Aeromexico, S.A.B. de C.V. American Depositary Shares (each representing ten (10) Common Shares)",$13.28,-1.05,-7.327%,"1,937,597,272"
TY,Tri Continental Corporation Common Stock,$35.54,-0.14,-0.392%,"1,931,632,230"
ASTH,Astrana Health Inc. Common Stock,$38.74,-0.66,-1.675%,"1,921,673,139"
GNL,"Global Net Lease, Inc. Common Stock",$9.09,0.08,0.888%,"1,917,354,609"
CMPS,COMPASS Pathways Plc American Depository Shares,$13.82,-0.19,-1.356%,"1,913,749,680"
SMA,"SmartStop Self Storage REIT, Inc. Common Stock",$34.44,-0.02,-0.058%,"1,906,905,019"
SEPN,"Septerna, Inc. Common Stock",$40.79,-3.14,-7.148%,"1,903,952,668"
SEDG,"SolarEdge Technologies, Inc. Common Stock",$30.90,-1.70,-5.215%,"1,901,145,613"
PRGO,Perrigo Company plc Ordinary Shares,$13.70,-0.26,-1.862%,"1,901,138,657"
ZD,"Ziff Davis, Inc. Common Stock",$55.40,-0.10,-0.18%,"1,899,511,323"
SONO,"Sonos, Inc. Common Stock",$16.05,-0.23,-1.413%,"1,898,618,363"
ABXL,"Abacus Global Management, Inc. 9.875% Fixed Rate Senior Notes due 2028",$25.3999,-0.0511,-0.201%,"1,896,136,749"
KARD,"Kardigan, Inc. Common Stock",$20.26,-1.75,-7.951%,"1,894,384,942"
VNET,"VNET Group, Inc. American Depositary Shares",$6.65,-0.15,-2.206%,"1,893,199,426"
IMOS,ChipMOS TECHNOLOGIES INC. American Depositary Shares,$54.09,1.65,3.146%,"1,893,104,348"
PDFS,"PDF Solutions, Inc. Common Stock",$44.81,-0.41,-0.907%,"1,892,201,549"
ATS,ATS Corporation Common Shares,$19.28,-0.49,-2.479%,"1,891,886,516"
EPAC,Enerpac Tool Group Corp. Common Stock,$36.99,0.25,0.68%,"1,891,581,526"
SNDA,"Sonida Senior Living, Inc. Common Stock",$39.27,-1.33,-3.276%,"1,886,844,567"
ZYME,Zymeworks Inc. Common Stock,$26.57,-0.64,-2.352%,"1,885,387,033"
LOB,"Live Oak Bancshares, Inc. Common Stock",$40.73,-0.16,-0.391%,"1,885,131,843"
PRLB,"Proto Labs, Inc. Common stock",$78.79,-3.29,-4.008%,"1,884,806,265"
HWCPZ,Hancock Whitney Corporation 6.25% Subordinated Notes due 2060,$22.23,0.0399,0.18%,"1,884,103,161"
CDZIP,"Cadiz, Inc. Depositary Shares",$22.25,-0.20,-0.891%,"1,884,064,919"
LMAT,"LeMaitre Vascular, Inc. Common Stock",$82.32,-1.30,-1.555%,"1,882,597,236"
GABC,"German American Bancorp, Inc. Common Stock",$49.94,0.42,0.848%,"1,876,685,672"
DMRA,"Damora Therapeutics, Inc. Ordinary Shares",$30.31,-2.13,-6.566%,"1,871,203,581"
NEXA,Nexa Resources S.A. Common Shares,$14.07,-0.10,-0.706%,"1,863,416,730"
NEXT,NextDecade Corporation Common Stock,$7.00,0.28,4.167%,"1,863,298,031"
LKFT,Lakefront Biotherapeutics American Depositary Shares,$28.27,-1.09,-3.713%,"1,862,910,197"
MBC,"MasterBrand, Inc. Common Stock",$9.14,-0.24,-2.559%,"1,859,903,079"
FSUN,FirstSun Capital Bancorp Common Stock,$39.92,UNCH,--,"1,859,632,202"
MIY,"Blackrock MuniYield Michigan Quality Fund, Inc. Common Stock",$12.48,-0.12,-0.952%,"1,856,555,638"
NBHC,National Bank Holdings Corporation Common Stock,$41.66,-0.11,-0.263%,"1,855,517,528"
BL,"BlackLine, Inc. Common Stock",$31.92,0.49,1.559%,"1,855,358,618"
ATEN,"A10 Networks, Inc. Common Stock",$25.53,-0.22,-0.854%,"1,853,708,306"
RBCAA,"Republic Bancorp, Inc. Class A Common Stock",$94.34,0.94,1.006%,"1,852,285,805"
OCFC,OceanFirst Financial Corp. Common Stock,$19.08,-0.14,-0.728%,"1,843,990,779"
QUBT,Quantum Computing Inc. Common Stock,$8.14,-0.28,-3.325%,"1,842,463,449"
NHPBP,"National Healthcare Properties, Inc. 7.125% Series B Cumulative Redeemable Perpetual Preferred Stock",$25.25,0.02,0.079%,"1,840,848,119"
WKC,World Kinect Corporation Common Stock,$35.92,-0.57,-1.562%,"1,837,366,190"
NHPAP,"National Healthcare Properties, Inc. 7.375% Series A Cumulative Redeemable Perpetual Preferred Stock",$25.2001,0.0001,0.00%,"1,837,210,166"
PAX,Patria Investments Limited Class A Common Shares,$11.31,-0.15,-1.309%,"1,835,462,815"
IQMX,IQM Quantum Computers Oyj American Depositary Shares,$9.68,-0.39,-3.873%,"1,834,323,390"
OZKAP,Bank OZK 4.625% Series A Non-Cumulative Perpetual Preferred Stock,$16.21,-0.03,-0.185%,"1,833,936,700"
CMRE,Costamare Inc. Common Stock $0.0001 par value,$15.18,0.05,0.33%,"1,830,537,362"
STRA,"Strategic Education, Inc. Common Stock",$82.38,-0.39,-0.471%,"1,829,458,710"
PDO,PIMCO Dynamic Income Opportunities Fund Common Shares of Beneficial Interest,$12.54,-0.17,-1.338%,"1,825,851,776"
SGRY,"Surgery Partners, Inc. Common Stock",$13.94,0.34,2.50%,"1,825,000,544"
SFL,SFL Corporation Ltd,$12.52,-0.13,-1.028%,"1,810,178,246"
MUJ,"Blackrock MuniHoldings New Jersey Quality Fund, Inc. Common Stock",$12.16,-0.19,-1.538%,"1,808,951,647"
BLFS,"BioLife Solutions, Inc. Common Stock",$36.97,0.50,1.371%,"1,808,080,847"
PSNL,"Personalis, Inc. Common Stock",$16.88,1.07,6.768%,"1,802,781,839"
TGLS,Tecnoglass Holdings Inc. Common Stock,$40.58,-0.30,-0.734%,"1,800,316,117"
PLAB,"Photronics, Inc. Common Stock",$30.52,-0.18,-0.586%,"1,799,572,063"
KOS,Kosmos Energy Ltd. Common Shares (DE),$3.02,0.20,7.092%,"1,798,372,706"
GENVR,Gen Digital Inc. Contingent Value Rights,$3.00,0.12,4.167%,"1,795,761,096"
LYNX,Lyntris Inc. Common Stock,$15.55,0.54,3.598%,"1,790,009,436"
TSLX,"Sixth Street Specialty Lending, Inc. Common Stock",$18.77,0.07,0.374%,"1,789,590,719"
XHR,"Xenia Hotels & Resorts, Inc. Common Stock",$19.39,-0.03,-0.154%,"1,788,646,741"
JBLU,JetBlue Airways Corporation Common Stock,$4.74,-0.16,-3.265%,"1,788,459,738"
RXRX,"Recursion Pharmaceuticals, Inc. Class A Common Stock",$3.34,-0.16,-4.571%,"1,788,042,848"
HOPE,"Hope Bancorp, Inc. Common Stock",$13.97,UNCH,--,"1,784,553,449"
HUN,Huntsman Corporation Common Stock,$10.16,-0.02,-0.196%,"1,781,846,739"
TRNZ,Trinity Capital Inc. 7.875% Notes due 2029,$25.33,UNCH,--,"1,781,057,673"
GCT,GigaCloud Technology Inc Class A Ordinary Shares,$49.86,-2.21,-4.244%,"1,780,512,417"
FORTY,Formula Systems (1985) Ltd. American Depositary Shares,$116.21,UNCH,--,"1,780,066,082"
TCBK,TriCo Bancshares Common Stock,$55.68,-0.11,-0.197%,"1,779,901,958"
DCOM,"Dime Commercial Bancshares, Inc. Common Stock",$40.30,0.38,0.952%,"1,779,510,779"
TRNI,Trinity Capital Inc. 7.875% Notes Due 2029,$25.30,-0.0001,0.00%,"1,778,948,248"
EVTC,"Evertec, Inc. Common Stock",$29.73,-0.01,-0.034%,"1,776,443,074"
USAS,"Americas Gold and Silver Corporation Common Shares, no par value",$5.25,-0.14,-2.597%,"1,775,327,474"
ANIP,"ANI Pharmaceuticals, Inc.",$77.32,-0.70,-0.897%,"1,775,227,612"
PRGS,Progress Software Corporation Common Stock (DE),$43.21,-0.62,-1.415%,"1,772,169,224"
JSM,"Navient Corporation 6% Senior Notes due December 15, 2043",$17.82,0.1513,0.856%,"1,771,861,097"
INSP,"Inspire Medical Systems, Inc. Common Stock",$61.27,-0.42,-0.681%,"1,771,338,676"
STBA,"S&T Bancorp, Inc. Common Stock",$50.20,0.09,0.18%,"1,770,327,698"
NYAX,Nayax Ltd. Ordinary Shares,$47.38,-0.75,-1.558%,"1,770,078,659"
CBL,"CBL & Associates Properties, Inc. Common Stock",$57.17,0.17,0.298%,"1,768,997,418"
WTFCN,"Wintrust Financial Corporation Depositary Shares, Each Representing a 1/1,000th Interest in a Share of 7.875% Fixed-Rate Reset Non-Cumulative Perpetual Preferred StocK",$26.20,0.05,0.191%,"1,767,608,335"
EZPW,"EZCORP, Inc. Class A Non Voting Common Stock",$28.76,0.01,0.035%,"1,767,111,523"
TFIN,"Triumph Financial, Inc. Common Stock",$73.93,-0.23,-0.31%,"1,766,523,120"
WB,Weibo Corporation American Depositary Share,$7.19,-0.30,-4.005%,"1,766,385,793"
FOIL,"Londian Wason New Energy Tech Inc. American Depositary Shares, each representing five Ordinary Shares",$22.58,-1.59,-6.578%,"1,764,817,507"
SNDX,"Syndax Pharmaceuticals, Inc. Common Stock",$19.75,-1.02,-4.911%,"1,763,617,449"
TH,Target Hospitality Corp. Common Stock,$17.63,0.59,3.462%,"1,756,360,947"
EFC,Ellington Financial Inc. Common Stock ,$13.62,-0.09,-0.656%,"1,755,446,197"
TMC,TMC the metals company Inc. Common Stock,$3.97,UNCH,--,"1,751,307,864"
CNOB,"ConnectOne Bancorp, Inc. Common Stock",$32.25,0.21,0.655%,"1,751,026,005"
RLJ,RLJ Lodging Trust Common Shares of Beneficial Interest $0.01 par value,$11.48,0.14,1.235%,"1,749,275,011"
IMCR,Immunocore Holdings plc American Depositary Shares,$36.28,-0.58,-1.574%,"1,744,645,193"
CASH,"Pathward Financial, Inc. Common Stock",$83.97,0.26,0.311%,"1,744,339,207"
NTLA,"Intellia Therapeutics, Inc. Common Stock",$12.44,-0.84,-6.325%,"1,743,176,061"
KRP,Kimbell Royalty Partners Common Units Representing Limited Partner Interests,$15.17,0.13,0.864%,"1,740,053,460"
TPB,"Turning Point Brands, Inc. Common Stock",$86.74,-1.52,-1.722%,"1,739,043,494"
WMK,"Weis Markets, Inc. Common Stock",$70.18,-0.11,-0.156%,"1,736,575,817"
FLNG,FLEX LNG Ltd. Ordinary Shares,$32.06,-0.42,-1.293%,"1,734,201,575"
BY,"Byline Bancorp, Inc. Common Stock",$38.33,0.20,0.525%,"1,731,995,479"
TRIN,Trinity Capital Inc. Common Stock,$18.27,0.14,0.772%,"1,730,051,597"
FTRE,Fortrea Holdings Inc. Common Stock,$18.19,0.05,0.276%,"1,729,869,000"
WS,"Worthington Steel, Inc. Common Shares",$33.95,-2.07,-5.747%,"1,729,637,715"
BDJ,Blackrock Enhanced Equity Dividend Trust,$9.75,-0.03,-0.307%,"1,726,009,175"
GLP,Global Partners LP Common Units representing Limited Partner Interests,$50.57,-0.07,-0.138%,"1,719,155,621"
FUN,Six Flags Entertainment Corporation Common Stock New,$16.79,-0.11,-0.651%,"1,717,890,878"
RVLV,"Revolve Group, Inc. Class A Common Stock",$24.15,0.29,1.215%,"1,716,712,893"
ADIG,ADI Global Distribution Inc. Common Stock,$22.59,1.23,5.758%,"1,715,105,043"
ETON,"Eton Pharmaceuticals, Inc. Common Stock",$59.91,-1.57,-2.554%,"1,712,415,618"
GLOB,Globant S.A. Common Shares,$39.63,0.11,0.278%,"1,711,205,804"
EVCM,EverCommerce Inc. Common Stock,$9.68,-0.43,-4.253%,"1,710,119,581"
DXC,DXC Technology Company Common Stock ,$10.70,-0.15,-1.382%,"1,709,631,972"
AFGB,"American Financial Group, Inc. 5.875% Subordinated Debentures due 2059",$20.58,-0.02,-0.097%,"1,706,523,770"
BCAT,BlackRock Capital Allocation Term Trust Common Shares of Beneficial Interest,$15.74,-0.16,-1.006%,"1,702,044,900"
MHD,"Blackrock MuniHoldings Fund, Inc. Common Stock",$11.43,-0.12,-1.039%,"1,700,355,044"
ADAMZ,"Adamas Trust, Inc. 7.000% Series G Cumulative Redeemable Preferred Stock, $0.01 par value per share",$18.916,0.036,0.191%,"1,700,166,032"
VSTS,Vestis Corporation Common Stock,$12.82,-0.23,-1.762%,"1,694,292,546"
ALNT,Allient Inc. Common Stock,$99.43,-2.38,-2.338%,"1,690,559,669"
PGY,Pagaya Technologies Ltd. Class A Ordinary Shares,$20.24,-0.23,-1.124%,"1,688,539,062"
BFC,Bank First Corporation Common Stock,$152.315,1.275,0.844%,"1,688,504,230"
CXM,"Sprinklr, Inc. Class A Common Stock",$7.20,0.07,0.982%,"1,686,447,086"
GT,The Goodyear Tire & Rubber Company Common Stock,$5.84,-0.15,-2.504%,"1,681,328,624"
BULLW,Webull Corporation Warrants,$3.16,-0.09,-2.769%,"1,680,546,981"
WEN,Wendy's Company (The) Common Stock,$8.81,-0.12,-1.344%,"1,679,802,083"
ANAB,"AnaptysBio, Inc. Common Stock",$56.69,-2.57,-4.337%,"1,678,504,788"
WWW,"Wolverine World Wide, Inc. Common Stock",$20.45,-0.40,-1.918%,"1,678,256,633"
RZC,"Reinsurance Group of America, Incorporated 7.125% Fixed-Rate Reset Subordinated Debentures due 2052",$25.66,-0.02,-0.078%,"1,675,640,724"
ATEX,Anterix Inc. Common Stock,$85.31,-3.37,-3.80%,"1,672,910,844"
AIN,Albany International Corporation Common Stock,$58.89,-1.03,-1.719%,"1,672,476,000"
IDT,IDT Corporation Class B Common Stock,$67.19,1.00,1.511%,"1,670,918,950"
TOP,TOP Financial Group Limited Class A Ordinary Shares,$13.28,0.62,4.897%,"1,669,369,213"
AFGD,"American Financial Group, Inc. 5.625% Subordinated Debentures due 2060",$20.11,0.06,0.299%,"1,667,550,681"
TV,Grupo Televisa S.A.B. Common Stock,$2.70,-0.02,-0.735%,"1,666,341,720"
RQI,Cohen & Steers Quality Income Realty Fund Inc Common Shares,$12.34,-0.07,-0.564%,"1,657,267,035"
ETV,Eaton Vance Corporation Eaton Vance Tax-Managed Buy-Write Opportunities Fund Common Shares of Beneficial Interest,$15.16,-0.08,-0.525%,"1,656,508,171"
QCRH,"QCR Holdings, Inc. Common Stock",$101.08,-0.06,-0.059%,"1,655,247,063"
MQY,"Blackrock MuniYield Quality Fund, Inc. Common Stock",$11.12,-0.08,-0.714%,"1,654,238,678"
JJSF,J & J Snack Foods Corp. Common Stock,$88.44,-2.31,-2.545%,"1,652,201,412"
UZD,"Array Digital Infrastructure, Inc. 6.250% Senior Notes due 2069",$19.20,0.001,0.005%,"1,651,200,000"
CTS,CTS Corporation Common Stock,$57.78,-0.23,-0.396%,"1,649,976,947"
NOMD,Nomad Foods Limited Ordinary Shares,$11.61,-0.33,-2.764%,"1,649,619,528"
SBET,"Sharplink, Inc. Common Stock",$7.59,0.51,7.203%,"1,648,727,154"
GAB,"Gabelli Equity Trust, Inc. (The) Common Stock",$5.61,-0.11,-1.923%,"1,648,314,565"
AVLN,Avalyn Pharma Inc. Common Stock,$37.13,-1.84,-4.722%,"1,646,087,817"
MQ,"Marqeta, Inc. Class A Common Stock",$15.80,0.16,1.023%,"1,644,761,577"
OPRA,Opera Limited American Depositary Shares,$18.29,0.17,0.938%,"1,643,914,583"
ARCO,Arcos Dorados Holdings Inc. Class A Shares,$7.80,0.02,0.257%,"1,643,171,845"
IE,Ivanhoe Electric Inc. Common Stock,$10.29,-0.29,-2.741%,"1,642,183,765"
FBRX,"Forte Biosciences, Inc. Common Stock",$76.89,-0.01,-0.013%,"1,632,304,499"
ECAT,BlackRock ESG Capital Allocation Term Trust Common Shares of Beneficial Interest,$15.06,-0.17,-1.116%,"1,628,513,100"
OBK,"Origin Bancorp, Inc. Common Stock",$52.76,0.25,0.476%,"1,627,629,011"
FRA,Blackrock Floating Rate Income Strategies Fund Inc  Common Stock,$10.92,-0.07,-0.637%,"1,624,486,183"
AESI,Atlas Energy Solutions Inc. Common Stock,$12.99,-0.04,-0.307%,"1,623,794,828"
OMCL,"Omnicell, Inc. Common Stock ($0.001 par value)",$35.50,-0.93,-2.553%,"1,619,328,382"
HLMN,Hillman Solutions Corp. Common Stock,$8.31,-0.22,-2.579%,"1,616,668,942"
AAPG,Ascentage Pharma Group International American Depository Shares,$17.32,-0.71,-3.938%,"1,616,485,091"
AMPL,"Amplitude, Inc. Class A Common Stock",$12.93,0.10,0.779%,"1,615,164,733"
SVV,"Savers Value Village, Inc. Common Stock",$10.47,-0.83,-7.345%,"1,615,061,733"
BCAX,Bicara Therapeutics Inc. Common Stock,$24.39,-1.47,-5.684%,"1,613,957,860"
IMKTA,"Ingles Markets, Incorporated Class A Common Stock",$84.82,-0.23,-0.27%,"1,611,102,972"
DSGR,"Distribution Solutions Group, Inc. Common Stock",$34.80,0.06,0.173%,"1,609,688,686"
GAM,"General American Investors, Inc. Common Stock",$67.10,-0.71,-1.047%,"1,608,763,431"
LILAK,Liberty Latin America Ltd. Class C Common Stock,$8.21,-0.07,-0.845%,"1,608,339,000"
OXLC,Oxford Lane Capital Corp. Common Stock,$9.26,-0.04,-0.43%,"1,607,536,000"
MAZE,"Maze Therapeutics, Inc. Common Stock",$28.93,-0.82,-2.756%,"1,607,037,430"
KMPR,Kemper Corporation,$27.26,0.54,2.021%,"1,606,245,178"
BPOPM,"Popular, Inc. Popular Capital Trust II - 6.125% Cumulative Monthly Income Trust Preferred Securities",$25.16,UNCH,--,"1,604,667,085"
XNET,Xunlei Limited American Depositary Shares,$5.04,0.04,0.80%,"1,604,075,362"
AI,"C3.ai, Inc. Class A Common Stock",$10.31,-0.07,-0.674%,"1,602,682,046"
TSAT,Telesat Corporation Class A Common Shares and Class B Variable Voting Shares ,$44.30,-1.79,-3.884%,"1,601,799,754"
LILA,Liberty Latin America Ltd. Class A Common Stock,$8.17,-0.17,-2.038%,"1,600,503,000"
AZTA,"Azenta, Inc.",$36.51,0.89,2.499%,"1,599,444,428"
KMTS,"Kestra Medical Technologies, Ltd. Common Stock",$27.26,-0.65,-2.329%,"1,597,521,078"
ICFI,"ICF International, Inc. Common Stock",$89.07,-0.92,-1.022%,"1,597,371,048"
MYI,"Blackrock MuniYield Quality Fund III, Inc Common Stock",$10.72,-0.10,-0.924%,"1,594,733,689"
ABSI,Absci Corporation Common Stock,$9.28,-0.71,-7.107%,"1,592,578,013"
PBT,Permian Basin Royalty Trust Common Stock,$34.07,0.21,0.62%,"1,587,961,680"
FRMEP,First Merchants Corporation Depository Shares,$25.25,UNCH,--,"1,585,735,931"
AGRO,Adecoagro S.A. Common Shares,$10.94,0.37,3.50%,"1,578,734,618"
HCSG,"Healthcare Services Group, Inc. Common Stock",$23.00,0.07,0.305%,"1,578,540,646"
MUC,"Blackrock MuniHoldings California Quality Fund, Inc.  Common Stock",$10.60,-0.08,-0.749%,"1,576,882,193"
HROW,"Harrow, Inc. Common Stock",$42.06,0.42,1.009%,"1,576,738,971"
CSWC,Capital Southwest Corporation Common Stock,$24.68,0.12,0.489%,"1,572,951,838"
TNDM,"Tandem Diabetes Care, Inc. Common Stock",$22.57,-0.89,-3.794%,"1,570,391,417"
XERS,"Xeris Biopharma Holdings, Inc. Common Stock",$8.60,-0.18,-2.05%,"1,567,954,632"
CPRI,Capri Holdings Limited Ordinary Shares,$13.77,-0.63,-4.375%,"1,564,982,780"
IIPR,"Innovative Industrial Properties, Inc. Common Stock",$56.73,0.53,0.943%,"1,564,122,629"
VIR,"Vir Biotechnology, Inc. Common Stock",$9.21,-0.56,-5.732%,"1,558,478,973"
GSL,Global Ship Lease Inc New Class A Common Shares,$43.38,-0.10,-0.23%,"1,558,133,425"
AGL,"agilon health, inc. Common Stock",$92.73,-0.91,-0.972%,"1,557,048,903"
YSWY,"Yesway, Inc. Class A Common Stock",$24.62,-1.14,-4.425%,"1,555,854,647"
ITG,"ITG, Inc. Class A Common Stock",$12.53,-0.31,-2.414%,"1,555,689,954"
MLKN,"MillerKnoll, Inc. Common Stock",$22.76,-0.47,-2.023%,"1,550,484,897"
BAND,Bandwidth Inc. Class A Common Stock,$48.15,-4.15,-7.935%,"1,549,504,942"
VSECU,VSE Corporation Tangible Equity Units,$55.135,-3.015,-5.185%,"1,547,362,231"
BKT,BlackRock Income Trust Inc. (The),$10.40,-0.04,-0.383%,"1,547,129,698"
COUR,"Coursera, Inc. Common Stock",$5.85,UNCH,--,"1,546,740,000"
BRUN,Boost Run Inc. Class A Common Stock,$19.395,0.385,2.025%,"1,541,658,918"
HLX,"Helix Energy Solutions Group, Inc. Common Stock",$10.46,0.03,0.288%,"1,541,620,396"
CNMD,CONMED Corporation Common Stock,$51.38,0.13,0.254%,"1,538,895,122"
CNXC,Concentrix Corporation Common Stock,$25.20,-0.52,-2.022%,"1,537,662,420"
TWFG,"TWFG, Inc. Class A Common Stock",$28.44,0.98,3.569%,"1,537,233,021"
OXSQG,Oxford Square Capital Corp. 5.50% Notes due 2028,$24.05,UNCH,--,"1,533,376,533"
TYRA,"Tyra Biosciences, Inc. Common Stock",$25.69,-1.12,-4.178%,"1,533,100,563"
ECCC,Eagle Point Credit Company 6.50% Series C Term Preferred Stock due 2031,$25.16,0.10,0.399%,"1,526,269,104"
IAUX,i-80 Gold Corp. Common Shares,$1.76,0.03,1.734%,"1,523,986,962"
LBRX,LB Pharmaceuticals Inc Common Stock,$47.23,-1.71,-3.494%,"1,523,600,835"
PRG,"PROG Holdings, Inc. Common Stock",$38.20,-3.15,-7.618%,"1,521,568,381"
SAFT,"Safety Insurance Group, Inc. Common Stock",$103.54,-0.02,-0.019%,"1,520,017,106"
SLBT,SL Science Holding Limited Ordinary Shares,$2.71,0.04,1.498%,"1,519,658,941"
SBH,"Sally Beauty Holdings, Inc. (Name to be changed from Sally Holdings, Inc.) Common Stock",$16.23,-0.50,-2.989%,"1,519,489,799"
INVA,"Innoviva, Inc. Common Stock",$21.00,-0.48,-2.235%,"1,517,155,185"
DCH,Dauch Corporation Common Stock,$6.36,-0.25,-3.782%,"1,511,165,269"
ENOV,Enovis Corporation Common Stock,$26.18,-0.32,-1.208%,"1,509,787,353"
FLO,"Flowers Foods, Inc. Common Stock",$7.10,-0.36,-4.826%,"1,505,151,933"
ADNT,Adient plc Ordinary Shares ,$19.49,-0.14,-0.713%,"1,502,619,205"
LKFN,Lakeland Financial Corporation Common Stock,$60.44,0.37,0.616%,"1,502,407,850"
PWP,Perella Weinberg Partners Class A Common Stock,$15.97,-0.66,-3.969%,"1,501,791,364"
NCV,Virtus Convertible & Income Fund Common Shares of Beneficial Interest,$16.58,-0.22,-1.31%,"1,498,393,774"
TRAX,"First Tracks Biotherapeutics, Inc. Ordinary Shares ",$41.90,-3.60,-7.912%,"1,497,122,322"
MUA,"Blackrock MuniAssets Fund, Inc Common Stock",$10.02,-0.05,-0.497%,"1,490,599,959"
AMPX,"Amprius Technologies, Inc. Common Stock",$10.20,-0.43,-4.045%,"1,490,022,304"
PFBC,Preferred Bank Common Stock,$103.58,0.45,0.436%,"1,487,068,022"
DMC,Del Monte Corporation Ordinary Shares,$31.47,0.19,0.607%,"1,483,691,480"
NAT,Nordic American Tankers Limited Common Stock,$6.99,-0.03,-0.427%,"1,480,137,134"
AFGC,"American Financial Group, Inc. 5.125% Subordinated Debentures due 2059",$17.83,-0.02,-0.112%,"1,478,489,739"
ARDT,"Ardent Health, Inc. Common Stock",$10.48,-0.14,-1.318%,"1,478,161,105"
GIC,Global Industrial Company Common Stock,$38.73,-0.15,-0.386%,"1,475,936,047"
FOR,Forestar Group Inc Common Stock ,$28.88,-0.53,-1.802%,"1,473,389,068"
BBAI,"BigBear.ai, Inc. Common Stock",$3.07,-0.10,-3.155%,"1,472,048,094"
ECCV,Eagle Point Credit Company 5.375% Notes due 2029,$24.22,0.09,0.373%,"1,469,246,331"
FCEL,"FuelCell Energy, Inc. Common Stock",$18.36,-1.94,-9.557%,"1,467,959,039"
NBR,Nabors Industries Ltd.,$91.82,0.06,0.065%,"1,465,569,045"
SDGR,"Schrodinger, Inc. Common Stock",$19.58,-0.27,-1.36%,"1,464,694,196"
REX,REX American Resources Corporation,$44.39,0.52,1.185%,"1,462,105,302"
AMAL,Amalgamated Financial Corp. Common Stock (DE),$48.88,-0.17,-0.347%,"1,461,519,185"
SLVM,Sylvamo Corporation Common Stock,$36.72,-0.45,-1.211%,"1,459,996,123"
INBX,"Inhibrx Biosciences, Inc. Common Stock",$99.15,-2.33,-2.296%,"1,459,255,989"
UZF,"Array Digital Infrastructure, Inc. 5.500% Senior Notes due 2070",$16.96,0.025,0.148%,"1,458,560,000"
XZO,"Exzeo Group, Inc. Common Stock",$16.18,0.11,0.685%,"1,457,590,153"
AMSC,American Superconductor Corporation Common Stock,$30.05,-1.11,-3.562%,"1,455,686,397"
RCAT,"Red Cat Holdings, Inc. Common Stock",$9.53,-0.36,-3.64%,"1,455,367,870"
INNV,InnovAge Holding Corp. Common Stock,$10.72,-0.22,-2.011%,"1,455,094,133"
KMPB,Kemper Corporation 5.875% Fixed-Rate Reset Junior Subordinated Debentures due 2062,$24.69,-0.04,-0.162%,"1,454,812,672"
EYE,"National Vision Holdings, Inc. Common Stock",$18.39,-0.53,-2.801%,"1,454,084,666"
CYD,China Yuchai International Limited Common Stock,$38.71,-4.73,-10.889%,"1,452,334,245"
FRNM,"Freenome, Inc. Common stock",$13.51,-0.12,-0.88%,"1,451,606,457"
OMDA,"Omada Health, Inc. Common Stock",$23.71,-0.76,-3.106%,"1,451,448,028"
CDRE,"Cadre Holdings, Inc. Common Stock",$33.85,-0.29,-0.849%,"1,449,481,846"
SCL,Stepan Company Common Stock,$63.67,-0.21,-0.329%,"1,447,380,822"
UZE,"Array Digital Infrastructure, Inc. 5.500% Senior Notes due 2070",$16.81,0.035,0.209%,"1,445,660,000"
AVBP,"ArriVent BioPharma, Inc. Common Stock",$29.18,-0.84,-2.798%,"1,438,799,532"
ORIC,"Oric Pharmaceuticals, Inc. Common Stock",$13.88,-0.77,-5.256%,"1,438,698,865"
ENR,"Energizer Holdings, Inc. Common Stock",$20.99,-0.73,-3.361%,"1,437,471,541"
NVGS,Navigator Holdings Ltd. Ordinary Shares (Marshall Islands),$22.02,0.35,1.615%,"1,436,814,777"
PEBO,Peoples Bancorp Inc. Common Stock,$39.97,0.14,0.351%,"1,436,614,331"
ATEC,"Alphatec Holdings, Inc. Common Stock",$9.29,-0.46,-4.718%,"1,434,850,496"
BHRB,Burke & Herbert Financial Services Corp. Common Stock,$71.00,0.10,0.141%,"1,433,279,343"
POET,POET Technologies Inc. Common Shares,$8.27,-0.17,-2.014%,"1,431,190,388"
PAHC,Phibro Animal Health Corporation Class A Common Stock,$35.18,-0.26,-0.734%,"1,427,066,709"
ATLC,Atlanticus Holdings Corporation Common Stock,$93.66,-5.46,-5.508%,"1,420,825,759"
REAL,"The RealReal, Inc. Common Stock",$11.65,-0.13,-1.104%,"1,417,468,490"
UMH,"UMH Properties, Inc. Common Stock",$16.60,0.04,0.242%,"1,417,400,960"
GBX,"Greenbrier Companies, Inc. (The) Common Stock",$45.81,0.31,0.681%,"1,417,347,016"
CNL,Collective Mining Ltd. Common Shares,$15.21,-0.35,-2.249%,"1,410,616,573"
RES,"RPC, Inc. Common Stock",$6.36,0.03,0.474%,"1,409,738,596"
ELE,Elemental Royalty Corporation Common Stock,$21.92,-0.29,-1.306%,"1,409,589,887"
AZUL,"Azul S.A. American Depositary Shares, each representing two (2) Common Shares",$7.63,0.03,0.395%,"1,406,048,480"
DMLP,"Dorchester Minerals, L.P. Common Units Representing Limited Partnership Interests",$28.61,0.40,1.418%,"1,404,505,183"
NMAX,"Newsmax, Inc. Class B Common Stock",$10.87,-0.04,-0.367%,"1,403,976,211"
ARLO,"Arlo Technologies, Inc. Common Stock",$13.04,-0.53,-3.906%,"1,403,277,484"
AAT,"American Assets Trust, Inc. Common Stock",$22.83,0.03,0.132%,"1,401,858,183"
GIII,"G-III Apparel Group, LTD. Common Stock",$33.18,-0.92,-2.698%,"1,399,883,212"
AMBQ,"Ambiq Micro, Inc. Common Stock",$57.82,-1.37,-2.315%,"1,398,349,872"
TMP,Tompkins Financial Corporation Common Stock,$97.12,0.05,0.052%,"1,396,867,734"
MGTX,MeiraGTx Holdings plc Ordinary Shares,$14.54,-0.43,-2.872%,"1,396,465,162"
QFIN,"Qfin Holdings, Inc. American Depositary Shares",$11.45,-0.34,-2.884%,"1,394,059,072"
PUMP,ProPetro Holding Corp. Common Stock,$11.33,-0.57,-4.79%,"1,391,594,980"
ALX,"Alexander's, Inc. Common Stock",$272.26,-1.14,-0.417%,"1,390,510,775"
NVAX,"Novavax, Inc. Common Stock",$8.42,-0.37,-4.209%,"1,388,843,013"
XPEL,"XPEL, Inc. Common Stock",$50.36,-0.71,-1.39%,"1,388,462,869"
LSPD,Lightspeed Commerce Inc. Subordinate Voting Shares,$10.39,-0.02,-0.192%,"1,385,137,312"
CTBI,"Community Trust Bancorp, Inc. Common Stock",$76.22,0.11,0.145%,"1,384,761,454"
NRP,Natural Resource Partners LP Limited Partnership,$104.45,-0.41,-0.391%,"1,384,005,533"
TRS,TriMas Corporation Common Stock,$38.57,0.04,0.104%,"1,383,655,282"
WD,"Walker & Dunlop, Inc Common Stock",$40.18,-1.38,-3.321%,"1,379,208,434"
ASST,"Strive, Inc. Class A Common Stock",$16.13,1.40,9.504%,"1,378,177,895"
ROCK,"Gibraltar Industries, Inc. Common Stock",$46.39,-1.46,-3.051%,"1,377,035,611"
CGEM,"Cullinan Therapeutics, Inc. Common Stock",$21.38,-1.14,-5.062%,"1,375,903,358"
ESQ,"Esquire Financial Holdings, Inc. Common Stock",$113.44,-3.13,-2.685%,"1,373,143,896"
MNKD,MannKind Corporation Common Stock,$4.26,-0.135,-3.072%,"1,369,763,114"
WOLF,"Wolfspeed, Inc. Common Stock New",$26.35,-2.74,-9.419%,"1,369,464,861"
UFCS,"United Fire Group, Inc. Common Stock",$53.27,0.48,0.909%,"1,369,328,736"
VZLA,Vizsla Silver Corp. Common Shares,$3.87,-0.02,-0.514%,"1,368,182,130"
WLTH,Wealthfront Corporation Common Stock,$9.16,0.08,0.881%,"1,368,148,739"
ARHS,"Arhaus, Inc. Class A Common Stock",$9.65,-0.18,-1.831%,"1,367,904,223"
BJRI,"BJ's Restaurants, Inc. Common Stock",$64.23,-0.51,-0.788%,"1,366,413,926"
CCEC,Capital Clean Energy Carriers Corp. Common Share,$22.65,-0.16,-0.701%,"1,365,563,472"
VOR,Vor Biopharma Inc. Common Stock,$23.065,-0.515,-2.184%,"1,364,578,311"
AORT,"Artivion, Inc. Common Stock",$27.98,-0.84,-2.915%,"1,364,199,064"
BORR,Borr Drilling Limited Common Shares,$4.43,0.03,0.682%,"1,363,115,762"
CNOBP,"ConnectOne Bancorp, Inc. Depositary Shares, each representing a 1/40th interest in a share of 5.25% Fixed-Rate Reset Non-Cumulative Perpetual Preferred Stock, Series A",$25.10,0.02,0.08%,"1,362,814,038"
FMC,FMC Corporation Common Stock,$10.88,0.07,0.648%,"1,362,468,008"
PNTG,"The Pennant Group, Inc. Common Stock ",$39.00,-0.14,-0.358%,"1,362,233,886"
VTOL,"Bristow Group, Inc. Common Stock",$45.94,-0.77,-1.648%,"1,361,753,480"
SLSR,Solaris Resources Inc. Common Shares,$8.14,0.16,2.005%,"1,359,667,570"
MGRT,Mega Fortune Company Limited Ordinary Shares,$98.81,0.01,0.01%,"1,358,637,500"
PCT,"PureCycle Technologies, Inc. Common stock",$6.75,-0.42,-5.858%,"1,356,107,468"
LTGO,"Latigo Biotherapeutics, Inc. Common Stock",$21.40,0.46,2.197%,"1,353,293,842"
MLTX,MoonLake Immunotherapeutics Class A Ordinary Shares,$15.87,-0.87,-5.197%,"1,350,643,091"
JBIO,"Jade Biosciences, Inc. Common Stock",$21.23,-1.32,-5.854%,"1,350,172,526"
NSSC,"NAPCO Security Technologies, Inc. Common Stock",$37.77,-0.03,-0.079%,"1,349,421,518"
HLIT,Harmonic Inc. Common Stock,$12.37,-0.19,-1.513%,"1,349,151,925"
OMER,Omeros Corporation Common Stock,$18.63,0.24,1.305%,"1,348,594,327"
WABC,Westamerica Bancorporation Common Stock,$58.35,0.25,0.43%,"1,348,535,778"
LZB,La-Z-Boy Incorporated Common Stock,$33.65,-0.26,-0.767%,"1,347,775,744"
AMN,AMN Healthcare Services Inc,$34.79,-0.53,-1.501%,"1,347,416,387"
TRUP,"Trupanion, Inc. Common Stock",$30.68,-0.42,-1.35%,"1,346,011,705"
ANRO,"Alto Neuroscience, Inc. Common Stock",$34.25,-0.64,-1.834%,"1,344,042,062"
AFGE,"American Financial Group, Inc. 4.500% Subordinated Debentures due 2060",$16.17,-0.01,-0.062%,"1,340,840,105"
LQDT,"Liquidity Services, Inc. Common Stock",$42.75,-0.83,-1.905%,"1,339,426,670"
ORC,"Orchid Island Capital, Inc. Common Stock",$6.71,-0.07,-1.032%,"1,339,339,069"
FMBH,"First Mid Bancshares, Inc. Common Stock",$50.26,0.15,0.299%,"1,337,012,097"
ODC,Oil-Dri Corporation Of America Common Stock,$92.24,-0.29,-0.313%,"1,336,404,020"
AKTS,"Aktis Oncology, Inc. Common stock",$24.00,-1.02,-4.077%,"1,334,867,976"
ALVO,Alvotech Ordinary Shares,$4.27,0.28,7.018%,"1,332,894,010"
DFH,"Dream Finders Homes, Inc. Class A Common Stock",$14.69,-0.22,-1.476%,"1,332,733,783"
CERT,"Certara, Inc. Common Stock",$8.73,0.37,4.426%,"1,331,663,549"
CRI,"Carter's, Inc. Common Stock",$36.24,-0.97,-2.607%,"1,330,413,344"
DRTS,Alpha Tau Medical Ltd. Ordinary Shares,$14.36,-0.11,-0.76%,"1,327,986,291"
ULCC,"Frontier Group Holdings, Inc. Common Stock",$5.76,-0.23,-3.84%,"1,326,042,841"
GOLD,"Gold.com, Inc. Common Stock",$45.66,0.13,0.286%,"1,324,339,717"
CLVT,Clarivate Plc Ordinary Shares,$2.07,0.03,1.471%,"1,324,104,486"
REPL,"Replimune Group, Inc. Common Stock",$14.05,-0.76,-5.132%,"1,323,785,858"
LGIH,"LGI Homes, Inc. Common Stock",$56.75,-2.77,-4.654%,"1,319,339,436"
EFOR,"Everforth, Inc. Common Stock",$32.17,0.22,0.689%,"1,318,970,000"
UAN,"CVR Partners, LP Common Units representing Limited Partner Interests",$124.49,2.22,1.816%,"1,315,814,110"
AEVA,"Aeva Technologies, Inc. Common Stock",$18.87,-0.91,-4.601%,"1,315,347,653"
PRSU,"Pursuit Attractions and Hospitality, Inc. Common Stock",$48.02,-0.48,-0.99%,"1,309,224,723"
HBNB,Hotel101 Global Holdings Corp. Class A Ordinary Shares,$5.58,0.22,4.104%,"1,305,900,714"
SENEA,Seneca Foods Corp. Class A Common Stock,$192.62,0.40,0.208%,"1,304,125,427"
WLDN,"Willdan Group, Inc. Common Stock",$85.58,0.735,0.866%,"1,303,562,348"
ACVA,ACV Auctions Inc. Class A Common Stock,$7.67,0.20,2.677%,"1,302,427,207"
PICS,PicS N.V. Class A Common Shares,$10.05,-0.45,-4.286%,"1,302,354,807"
AFYA,Afya Limited Class A Common Shares,$13.88,UNCH,--,"1,300,872,894"
RMIX,"Suncrete, Inc. Class A Common Stock",$17.68,-0.65,-3.546%,"1,299,229,545"
SENEB,Seneca Foods Corp. Class B Common Stock,$191.77,UNCH,--,"1,298,370,539"
UMAC,"Unusual Machines, Inc. Common Stock",$25.98,-2.32,-8.198%,"1,297,870,000"
APPS,"Digital Turbine, Inc. Common Stock",$10.71,-0.52,-4.63%,"1,296,084,038"
FBYD,"Falcon's Beyond Global, Inc. Class A Common Stock",$10.65,-0.29,-2.651%,"1,291,410,991"
NUTX,Nutex Health Inc. Common Stock,$188.54,-2.08,-1.091%,"1,291,116,829"
ASM,Avino Silver & Gold Mines Ltd. Common Shares (Canada),$7.60,0.03,0.396%,"1,290,900,060"
IART,Integra LifeSciences Holdings Corporation Common Stock,$16.59,-0.65,-3.77%,"1,290,245,875"
HBT,"HBT Financial, Inc. Common Stock",$35.46,0.04,0.113%,"1,289,524,602"
SPTX,"Seaport Therapeutics, Inc. Common Stock",$24.035,-0.385,-1.577%,"1,286,606,769"
TE,T1 Energy Inc. Common Stock,$4.36,-0.19,-4.176%,"1,284,138,008"
JCAP,"Jefferson Capital, Inc. Common Stock",$22.34,-1.07,-4.571%,"1,282,886,474"
OSBC,"Old Second Bancorp, Inc. Common Stock",$25.20,0.16,0.639%,"1,282,068,043"
YELP,Yelp Inc. Common Stock,$23.60,-0.35,-1.461%,"1,280,621,456"
LEG,"Leggett & Platt, Incorporated Common Stock",$9.34,-0.34,-3.512%,"1,275,741,213"
TEN,Tsakos Energy Navigation Ltd Common Shares,$42.32,-0.28,-0.657%,"1,275,000,159"
HLF,Herbalife Ltd. Common Shares,$12.15,-0.30,-2.41%,"1,273,361,067"
EPC,Edgewell Personal Care Company Common Stock,$27.56,-1.18,-4.106%,"1,270,210,497"
NEWP,New Pacific Metals Corp. Common Shares,$6.85,0.02,0.293%,"1,267,728,507"
LADR,Ladder Capital Corp Class A Common Stock,$9.98,-0.12,-1.188%,"1,266,115,724"
TWO,Two Harbors Investment Corp,$12.04,0.03,0.25%,"1,265,822,510"
YSS,York Space Systems Inc. Common Stock,$9.20,-0.98,-9.627%,"1,263,689,966"
DOLE,Dole plc Ordinary Shares,$13.37,0.08,0.602%,"1,262,914,250"
UTI,Universal Technical Institute Inc Common Stock,$22.92,-1.38,-5.679%,"1,262,782,695"
GLUE,"Monte Rosa Therapeutics, Inc. Common Stock",$14.78,-0.99,-6.278%,"1,260,932,067"
MYE,"Myers Industries, Inc. Common Stock",$33.51,0.18,0.54%,"1,260,581,526"
EOSE,"Eos Energy Enterprises, Inc. Class A Common Stock",$3.46,-0.28,-7.487%,"1,260,020,394"
BW,"Babcock & Wilcox Enterprises, Inc. Common Stock",$8.43,-0.68,-7.464%,"1,255,775,506"
RYZ,Ryerson Holding Corporation Common Stock,$24.17,-1.66,-6.427%,"1,254,390,443"
THRM,Gentherm Inc Common Stock,$40.67,-0.94,-2.259%,"1,248,785,242"
OBX,"Obsidian Therapeutics, Inc. Common Stock",$20.19,0.19,0.95%,"1,247,194,366"
NHP,"National Healthcare Properties, Inc. Class A Common Stock",$17.075,0.195,1.155%,"1,244,850,758"
MUX,McEwen Inc. Common Stock,$20.27,0.05,0.247%,"1,243,738,133"
SHLS,"Shoals Technologies Group, Inc. Class A Common Stock",$7.375,-0.575,-7.233%,"1,241,212,131"
MMI,"Marcus & Millichap, Inc. Common Stock",$32.70,-0.05,-0.153%,"1,238,381,798"
CBRL,"Cracker Barrel Old Country Store, Inc Common Stock",$55.13,-0.94,-1.676%,"1,232,235,990"
WINA,Winmark Corporation Common Stock,$342.89,-11.52,-3.25%,"1,231,718,828"
WAFDP,"WaFd, Inc. Depositary Shares",$16.57,0.0599,0.363%,"1,226,101,094"
CLBK,"Columbia Financial, Inc. Common Stock",$11.76,0.07,0.599%,"1,223,598,235"
PDM,"Piedmont Realty Trust, Inc. Class A Common Stock",$9.73,0.15,1.566%,"1,217,542,387"
CCO,"Clear Channel Outdoor Holdings, Inc. Common Stock",$2.39,0.02,0.844%,"1,216,734,290"
BRBR,"BellRing Brands, Inc. Common Stock ",$10.45,-0.28,-2.61%,"1,215,107,127"
GDRX,"GoodRx Holdings, Inc. Class A Common Stock",$3.56,0.02,0.565%,"1,214,477,581"
LU,"Lufax Holding Ltd American Depositary Shares, each representing two (2) Ordinary Shares",$1.40,-0.05,-3.448%,"1,213,364,449"
ASIC,Ategrity Specialty Insurance Company Holdings Common Stock,$25.29,0.80,3.267%,"1,212,072,009"
SGML,Sigma Lithium Corporation Common Shares,$10.73,-0.21,-1.92%,"1,207,857,998"
CRVS,"Corvus Pharmaceuticals, Inc. Common Stock",$14.33,-1.07,-6.948%,"1,205,453,128"
BVS,Bioventus Inc. Class A Common Stock,$14.33,-0.35,-2.384%,"1,205,036,640"
MRTN,"Marten Transport, Ltd. Common Stock",$14.73,-0.10,-0.674%,"1,202,876,384"
OPY,"Oppenheimer Holdings, Inc. Class A Common Stock (DE)",$111.75,-2.09,-1.836%,"1,196,619,559"
DFIN,"Donnelley Financial Solutions, Inc. Common Stock ",$48.52,-0.23,-0.472%,"1,192,882,783"
PRCT,PROCEPT BioRobotics Corporation Common Stock,$20.73,-1.18,-5.386%,"1,187,282,951"
CRON,Cronos Group Inc. Common Share,$3.22,-0.07,-2.128%,"1,186,289,422"
ODTX,"Odyssey Therapeutics, Inc. Common Stock",$24.67,0.42,1.732%,"1,185,603,861"
HFWA,Heritage Financial Corporation Common Stock,$28.95,0.095,0.329%,"1,184,505,404"
SCCD,Sachem Capital Corp. 6.00% Notes due 2026,$24.99,0.14,0.563%,"1,183,083,777"
SID,Companhia Siderurgica Nacional S.A. Common Stock,$0.8913,0.0113,1.284%,"1,181,947,535"
LNN,Lindsay Corporation Common Stock,$116.14,1.78,1.556%,"1,181,014,304"
CRSR,"Corsair Gaming, Inc. Common Stock",$10.91,-0.44,-3.877%,"1,180,210,623"
TDOC,"Teladoc Health, Inc. Common Stock",$6.49,-0.17,-2.553%,"1,179,129,296"
IRS,IRSA Inversiones Y Representaciones S.A. Global Depositary Shares (Each representing ten shares of Common Stock),$14.54,-0.20,-1.357%,"1,178,899,012"
UVE,UNIVERSAL INSURANCE HOLDINGS INC Common Stock,$42.33,0.10,0.237%,"1,178,058,927"
AIP,"Arteris, Inc. Common Stock",$23.96,-0.87,-3.504%,"1,177,684,364"
AMRC,"Ameresco, Inc. Class A Common Stock",$22.19,-3.16,-12.465%,"1,177,539,222"
KYIVW,Kyivstar Group Ltd. Warrant,$5.10,UNCH,--,"1,177,404,482"
TRIP,"TripAdvisor, Inc. Common Stock",$10.03,-0.37,-3.558%,"1,175,509,400"
SPH,"Suburban Propane Partners, L.P. Common Stock",$17.61,-0.18,-1.012%,"1,174,805,135"
MBINM,"Merchants Bancorp Depositary Shares, Each Representing a 1/40th Interest in a Share of 8.25% Fixed-Rate Reset Series D Non-Cumulative Perpetual Preferred Stock",$25.55,-0.05,-0.195%,"1,173,717,816"
NCZ,Virtus Convertible & Income Fund II Common Shares of Beneficial Interest,$15.42,-0.13,-0.836%,"1,173,704,850"
GHM,Graham Corporation Common Stock,$99.99,-4.82,-4.599%,"1,173,585,930"
DEA,"Easterly Government Properties, Inc. Common Stock",$24.78,0.37,1.516%,"1,172,629,669"
NPKI,NPK International Inc. Common Stock,$13.80,-0.25,-1.779%,"1,171,756,537"
QNST,"QuinStreet, Inc. Common Stock",$20.37,-0.69,-3.276%,"1,170,162,187"
AVO,"Mission Produce, Inc. Common Stock",$13.24,0.02,0.151%,"1,169,354,245"
SCCG,Sachem Capital Corp. 8.00% Notes due 2027,$24.63,UNCH,--,"1,166,040,553"
IMPPP,Imperial Petroleum Inc. 8.75% Series A Cumulative Redeemable Perpetual Preferred Shares,$25.75,UNCH,--,"1,164,251,694"
USPH,"U.S. Physical Therapy, Inc. Common Stock",$78.00,-1.21,-1.528%,"1,163,970,444"
SCCF,Sachem Capital Corp. 7.125% Notes due 2027,$24.57,0.05,0.204%,"1,163,200,016"
AIIR,Air Global PLC Ordinary Shares,$7.2504,-0.4996,-6.446%,"1,162,867,019"
SCCE,Sachem Capital Corp. 6.00% Notes due 2027,$24.54,0.02,0.082%,"1,161,779,748"
TNC,Tennant Company Common Stock,$68.02,UNCH,--,"1,159,693,590"
BRAI,Braiin Limited Common Stock,$5.62,0.09,1.627%,"1,158,215,841"
STAA,STAAR Surgical Company Common Stock,$23.07,-1.59,-6.448%,"1,156,821,711"
FUBO,FuboTV Inc. Class A Common Stock,$10.59,0.26,2.517%,"1,156,394,059"
IMC,IMC Rare Earths Ltd Ordinary Shares,$11.00,0.75,7.317%,"1,156,100,000"
OCSL,Oaktree Specialty Lending Corporation Common Stock,$13.11,0.03,0.229%,"1,154,801,207"
HZO,"MarineMax, Inc.  (FL) Common Stock",$52.25,0.03,0.057%,"1,154,032,479"
UVSP,Univest Financial Corporation Common Stock,$41.76,0.09,0.216%,"1,151,772,872"
MBINL,"Merchants Bancorp Depositary Shares, Each Representing a 1/40thInterest in a Share of 7.25% Fixed Rate Series E Non-CumulativePerpetual Preferred Stock, without par value",$25.01,0.02,0.08%,"1,148,911,256"
IMTX,Immatics N.V. Ordinary Shares,$8.55,-0.70,-7.568%,"1,146,525,725"
SCSC,"ScanSource, Inc. Common Stock",$56.39,4.97,9.665%,"1,146,100,190"
WLFC,Willis Lease Finance Corporation Common Stock,$54.18,-0.91,-1.652%,"1,145,587,934"
TK,Teekay Corporation Ltd. Common Stock,$13.18,0.01,0.076%,"1,143,741,052"
VMET,Versamet Royalties Corporation Common Stock,$10.50,-0.01,-0.095%,"1,142,709,824"
GOODN,Gladstone Commercial Corporation 6.625% Series E Cumulative Redeemable Preferred Stock,$23.60,-0.16,-0.673%,"1,142,417,024"
PSEC,Prospect Capital Corporation Common Stock,$2.28,0.03,1.333%,"1,142,297,449"
RDWR,Radware Ltd. Ordinary Shares,$26.98,-0.07,-0.259%,"1,141,442,051"
GNK,Genco Shipping & Trading Limited Ordinary Shares New (Marshall Islands),$26.09,-0.11,-0.42%,"1,137,174,524"
MCB,Metropolitan Bank Holding Corp. Common Stock,$91.63,0.22,0.241%,"1,136,008,398"
PDS,Precision Drilling Corporation Common Stock,$89.12,1.13,1.284%,"1,135,964,337"
WBTN,WEBTOON Entertainment Inc. Common stock,$8.37,-0.17,-1.991%,"1,135,901,656"
ASA,ASA  Gold and Precious Metals Limited,$62.31,0.06,0.096%,"1,135,097,718"
UVV,Universal Corporation Common Stock,$45.52,0.33,0.73%,"1,133,414,179"
RDVT,"Red Violet, Inc. Common Stock ",$70.53,0.77,1.104%,"1,131,793,147"
CRCT,"Cricut, Inc. Class A Common Stock",$5.40,-0.03,-0.552%,"1,130,999,846"
ECVT,Ecovyst Inc. Common Stock,$10.32,-0.13,-1.244%,"1,129,713,867"
GTM,ZoomInfo Technologies Inc Common Stock,$3.88,0.06,1.571%,"1,129,506,978"
DEC,Diversified Energy Company Common Stock,$14.71,0.29,2.011%,"1,129,085,041"
HQH,abrdn Healthcare Investors Shares of Beneficial Interest,$23.84,-0.82,-3.325%,"1,128,674,428"
SVRA,Savara Inc. Common Stock,$5.49,-0.09,-1.613%,"1,127,975,482"
IGIC,International General Insurance Holdings Ltd. Ordinary Share,$26.31,-0.26,-0.979%,"1,127,178,703"
GPRE,Green Plains Inc. Common Stock,$16.02,-0.01,-0.062%,"1,122,927,155"
LMRI,"Lumexa Imaging Holdings, Inc. Common Stock",$11.68,-0.17,-1.435%,"1,122,155,720"
SANA,"Sana Biotechnology, Inc. Common Stock",$3.74,-0.36,-8.78%,"1,119,608,782"
LFMDP,"LifeMD, Inc. 8.875% Series A Cumulative Perpetual Preferred Stock",$23.175,-0.155,-0.664%,"1,117,054,397"
GSBD,"Goldman Sachs BDC, Inc. Common Stock",$9.92,0.04,0.405%,"1,116,685,145"
AMTB,Amerant Bancorp Inc. Class A Common Stock,$28.44,-0.08,-0.281%,"1,114,559,562"
VRTS,"Virtus Investment Partners, Inc. Common Stock",$168.08,1.43,0.858%,"1,113,141,735"
IRMD,iRadimed Corporation Common Stock,$86.68,-0.72,-0.824%,"1,108,376,380"
MSEX,Middlesex Water Company Common Stock,$58.76,-0.04,-0.068%,"1,107,270,267"
BTZ,BlackRock Credit Allocation Income Trust,$10.22,-0.10,-0.969%,"1,105,139,700"
FSBC,Five Star Bancorp Common Stock,$45.04,-0.14,-0.31%,"1,105,129,095"
BOW,Bowhead Specialty Holdings Inc. Common Stock,$33.49,-0.16,-0.475%,"1,103,261,237"
BCX,BlackRock Resources Common Shares of Beneficial Interest,$12.98,0.10,0.776%,"1,101,456,970"
GO,Grocery Outlet Holding Corp. Common Stock,$11.11,-0.19,-1.681%,"1,100,828,706"
IVA,Inventiva S.A. American Depository Shares,$4.65,-0.11,-2.311%,"1,098,702,939"
DLX,Deluxe Corporation Common Stock,$23.90,0.30,1.271%,"1,095,965,331"
CRAI,"CRA International, Inc. Common Stock",$174.38,1.05,0.606%,"1,094,558,847"
BKSY,BlackSky Technology Inc. Class A Common Stock,$26.73,-1.17,-4.194%,"1,093,921,134"
BST,BlackRock Science and Technology Trust Common Shares of Beneficial Interest,$49.19,0.30,0.614%,"1,089,943,658"
OPK,"OPKO Health, Inc. Common Stock",$1.46,UNCH,--,"1,089,639,209"
SAFE,Safehold Inc. New Common Stock ,$15.37,0.17,1.118%,"1,088,446,224"
LOMA,Loma Negra Compania Industrial Argentina Sociedad Anonima ADS,$9.32,-0.10,-1.062%,"1,087,612,592"
APMD,"Apnimed, Inc. Common Stock",$28.55,-3.48,-10.865%,"1,084,889,722"
UPWK,Upwork Inc. Common Stock,$8.66,-0.03,-0.345%,"1,081,663,141"
UPBD,"Upbound Group, Inc. Common Stock",$18.54,-0.96,-4.923%,"1,080,870,969"
HSLV,Highlander Silver Corp. Common Shares,$5.30,-0.10,-1.852%,"1,078,674,115"
LAC,Lithium Americas Corp. Common Shares,$2.97,-0.03,-1.00%,"1,078,237,541"
NPK,"National Presto Industries, Inc. Common Stock",$150.71,2.70,1.824%,"1,075,476,658"
TBN,Tamboran Resources Corporation Common stock,$37.97,-0.11,-0.289%,"1,075,268,975"
ETW,Eaton Vance Corporation Eaton Vance Tax-Managed Global Buy-Write Opportunites Fund Common Shares of Beneficial Interest,$9.80,-0.01,-0.102%,"1,074,058,303"
DSL,DoubleLine Income Solutions Fund Common Shares of Beneficial Interests,$10.53,-0.09,-0.847%,"1,074,026,599"
TUYA,"Tuya Inc. American Depositary Shares, each representing one Class A Ordinary Share",$1.75,-0.05,-2.778%,"1,073,250,682"
LUXE,"LuxExperience B.V. American Depositary Shares, each representing one Ordinary Share",$7.86,0.01,0.127%,"1,071,901,652"
TTI,"Tetra Technologies, Inc. Common Stock",$7.23,-0.25,-3.342%,"1,070,566,192"
XIFR,"XPLR Infrastructure, LP Common Units representing limited partner interests",$11.34,-0.24,-2.073%,"1,069,053,495"
CFFN,"Capitol Federal Financial, Inc. Common Stock",$8.49,UNCH,--,"1,067,178,423"
DJTWW,Trump Media & Technology Group Corp. Warrants,$3.83,0.09,2.406%,"1,064,515,079"
AVTX,"Avalo Therapeutics, Inc. Common Stock",$19.82,-0.93,-4.482%,"1,062,946,382"
HTFC,Horizon Technology Finance Corporation 6.25% Notes due 2027,$24.97,UNCH,--,"1,062,366,603"
SBR,Sabine Royalty Trust Common Stock,$72.66,0.36,0.498%,"1,059,335,208"
NWPX,"NWPX Infrastructure, Inc. Common Stock",$109.82,-1.66,-1.489%,"1,058,357,524"
SVREW,SaverOne 2014 Ltd. Warrant,$0.0098,-0.0008,-7.547%,"1,058,330,280"
JANX,"Janux Therapeutics, Inc. Common Stock",$17.28,-0.24,-1.37%,"1,056,443,437"
VYX,NCR Voyix Corporation Common Stock,$7.65,0.01,0.131%,"1,056,234,720"
NNNN,Anbio Biotechnology Class A Ordinary Shares,$7.33,-0.42,-5.419%,"1,054,722,496"
HPK,"HighPeak Energy, Inc. Common Stock",$8.31,0.15,1.838%,"1,050,822,801"
SVC,Service Properties Trust Common Shares of Beneficial Interest,$8.09,0.09,1.125%,"1,047,731,758"
MTA,Metalla Royalty & Streaming Ltd. Common Shares,$11.20,0.31,2.847%,"1,047,153,789"
NBN,Northeast Bank Common Stock,$128.56,-0.74,-0.572%,"1,045,192,800"
SECZ,Securitize Corp. Common Stock,$6.40,0.37,6.136%,"1,044,900,384"
ELVR,Elevra Lithium Limited American Depository Shares,$61.56,0.44,0.72%,"1,042,683,396"
GLIBA,Liberty Capital Corporation Series A GCI Group Common Stock,$26.12,-0.31,-1.173%,"1,042,318,443"
KURA,"Kura Oncology, Inc. Common Stock",$11.71,-0.82,-6.544%,"1,041,728,848"
KFRC,"Kforce, Inc. Common Stock",$58.13,-0.55,-0.937%,"1,041,050,170"
FINV,FinVolution Group American Depositary Shares,$4.40,-0.02,-0.452%,"1,038,813,609"
SBGI,"Sinclair, Inc. Class A Common Stock",$14.35,-0.23,-1.578%,"1,037,764,161"
DCBG,"Dime Commercial Bancshares, Inc. 9.000% Junior Subordinated Notes",$26.48,-0.07,-0.264%,"1,036,655,908"
WVE,"Wave Life Sciences, Inc. Common Stock",$5.25,-0.165,-3.047%,"1,034,502,919"
MBWM,Mercantile Bank Corporation Common Stock,$59.80,0.23,0.386%,"1,033,698,554"
CMP,Compass Minerals Intl Inc Common Stock,$24.62,-1.08,-4.202%,"1,033,569,118"
PSUS,"Pershing Square USA, Ltd. Common Shares",$39.52,-0.15,-0.378%,"1,033,448,000"
SIFY,Sify Technologies Limited American Depositary Shares,$14.26,-0.21,-1.451%,"1,032,917,610"
BV,"BrightView Holdings, Inc. Common Stock",$11.15,-0.36,-3.128%,"1,032,490,000"
EQBK,"Equity Bancshares, Inc. Class A Common Stock",$49.88,0.03,0.06%,"1,027,153,401"
MCBS,"MetroCity Bankshares, Inc. Common Stock",$35.50,0.16,0.453%,"1,021,733,630"
BXBL,"BOXABL, Inc. Common stock",$4.23,0.15,3.676%,"1,021,516,841"
EOSEW,"Eos Energy Enterprises, Inc. Warrant",$2.80,-0.45,-13.846%,"1,019,669,683"
FSCO,FS Credit Opportunities Corp. Common Stock,$5.14,-0.03,-0.58%,"1,019,549,326"
PTA,Cohen & Steers Tax-Advantaged Preferred Securities and Income Fund Common Shares of Beneficial Interest,$18.43,-0.15,-0.807%,"1,018,689,813"
QDEL,QuidelOrtho Corporation Common Stock,$14.85,1.05,7.609%,"1,018,345,091"
GLIBK,Liberty Capital Corporation Series C GCI Group Common Stock,$25.51,-0.43,-1.658%,"1,017,976,397"
BFST,"Business First Bancshares, Inc. Common Stock",$31.22,0.17,0.548%,"1,016,207,347"
GOODO,"Gladstone Commercial Corporation 6.00% Series G Cumulative Redeemable Preferred Stock, par value $0.001 per share",$20.98,0.0699,0.334%,"1,015,589,371"
PXED,"Phoenix Education Partners, Inc. Common Stock",$28.13,0.27,0.969%,"1,014,012,687"
DQ,"DAQO New Energy Corp. American Depositary Shares, each representing five ordinary shares",$14.98,0.93,6.619%,"1,013,638,732"
CSTL,"Castle Biosciences, Inc. Common Stock",$32.93,0.61,1.887%,"1,005,995,266"
HBNC,"Horizon Bancorp, Inc. Common Stock",$19.59,-0.05,-0.255%,"1,005,839,127"
ITRN,Ituran Location and Control Ltd. Ordinary Shares,$50.55,-0.25,-0.492%,"1,005,620,469"
BLZE,"Backblaze, Inc. Class A Common Stock",$16.24,-0.64,-3.791%,"1,005,256,000"
LZ,"LegalZoom.com, Inc. Common Stock",$5.86,UNCH,--,"1,003,611,798"
AEF,"abrdn Emerging Markets ex-China Fund, Inc. Common Stock",$9.34,0.13,1.412%,"1,002,765,750"
EDN,Empresa Distribuidora Y Comercializadora Norte S.A. (Edenor) American Depositary Shares,$22.12,-0.15,-0.674%,"1,000,773,435"
CCNE,CNB Financial Corporation Common Stock,$33.78,-0.06,-0.177%,"1,000,593,495"
RNP,"Cohen & Steers REIT and Preferred and Income Fund, Inc. Common Shares",$20.35,-0.17,-0.828%,"999,971,080"
HRTG,"Heritage Insurance Holdings, Inc. Common Stock",$33.63,0.30,0.90%,"999,901,150"
CSIQ,Canadian Solar Inc. Common Shares (ON),$14.73,-1.05,-6.654%,"998,940,345"
CPAC,Cementos Pacasmayo S.A.A. American Depositary Shares (Each representing five Common Shares),$11.78,0.08,0.684%,"998,634,068"
GERN,Geron Corporation Common Stock,$1.55,-0.04,-2.516%,"995,833,784"
IQ,"iQIYI, Inc. American Depositary Shares",$1.03,-0.10,-8.85%,"993,975,477"
RZLV,Rezolve AI PLC Ordinary Shares,$2.47,-0.03,-1.20%,"988,967,662"
UTL,UNITIL Corporation Common Stock,$54.17,0.17,0.315%,"987,880,631"
BBDC,"Barings BDC, Inc. Common Stock",$9.40,-0.02,-0.212%,"984,244,710"
ACEL,"Accel Entertainment, Inc. ",$12.10,0.11,0.917%,"982,441,048"
ANNX,"Annexon, Inc. Common Stock",$5.18,-0.32,-5.818%,"982,019,914"
LAR,Lithium Argentina AG Common Shares,$5.98,-0.21,-3.393%,"981,318,000"
OI,"O-I Glass, Inc. Common Stock",$6.38,-0.20,-3.04%,"980,349,186"
NNE,Nano Nuclear Energy Inc. Common Stock,$18.23,-0.92,-4.804%,"978,917,202"
EVLV,"Evolv Technologies Holdings, Inc. Class A Common Stock",$5.40,-0.24,-4.255%,"978,081,188"
CLYM,"Climb Bio, Inc. Common Stock",$17.02,-0.32,-1.845%,"977,565,060"
SLDB,Solid Biosciences Inc. Common Stock,$9.10,-0.64,-6.571%,"975,749,666"
RHLD,Resolute Holdings Management Common Stock ,$124.61,6.77,5.745%,"974,399,733"
TRST,TrustCo Bank Corp NY Common Stock,$57.20,0.70,1.239%,"973,986,728"
DSGN,"Design Therapeutics, Inc. Common Stock",$15.56,-0.38,-2.384%,"973,770,490"
SOC,Sable Offshore Corp. Common Stock,$5.07,0.29,6.067%,"972,778,730"
PDX,PIMCO Dynamic Income Strategy Fund Common Shares of Beneficial Interest,$21.75,-0.08,-0.366%,"972,377,250"
SMPL,The Simply Good Foods Company Common Stock,$10.99,-0.46,-4.017%,"972,181,390"
ARDX,"Ardelyx, Inc. Common Stock",$3.90,-0.13,-3.226%,"971,831,531"
LXRX,"Lexicon Pharmaceuticals, Inc. Common Stock",$2.18,-0.23,-9.544%,"970,003,936"
CIM,Chimera Investment Corporation Common Stock,$11.58,-0.18,-1.531%,"969,382,852"
ABR,Arbor Realty Trust Common Stock,$5.18,0.01,0.193%,"966,370,663"
FRBT,"Forbright, Inc. Class A Common Stock",$19.02,-0.07,-0.367%,"965,538,508"
CPF,Central Pacific Financial Corp New,$37.50,0.40,1.078%,"965,528,700"
ASTE,"Astec Industries, Inc. Common Stock",$41.87,0.16,0.384%,"964,072,116"
NBBK,"NB Bancorp, Inc. Common Stock",$21.98,0.08,0.365%,"963,130,410"
AGBK,AGI Inc Class A Common Shares,$5.98,-0.08,-1.32%,"957,607,731"
TDAY,"USA TODAY Co., Inc. Common Stock",$6.52,-0.21,-3.12%,"957,252,975"
FMN,Federated Hermes Premier Municipal Income Fund,$11.09,-0.02,-0.18%,"956,566,287"
HTLD,"Heartland Express, Inc. Common Stock",$12.36,-0.305,-2.408%,"955,831,072"
CAC,Camden National Corporation Common Stock,$56.50,-0.15,-0.265%,"954,683,269"
HEPS,D-Market Electronic Services & Trading American Depositary Shares,$2.67,0.07,2.692%,"953,791,284"
OLMA,"Olema Pharmaceuticals, Inc. Common Stock",$10.90,-0.41,-3.625%,"953,723,916"
SBSI,"Southside Bancshares, Inc. Common Stock",$31.97,-0.34,-1.052%,"952,961,121"
RPC,"Ridgepost Capital, Inc. Class A Common Stock",$8.63,-0.07,-0.805%,"951,357,737"
PCRX,"Pacira BioSciences, Inc. Common Stock",$23.83,-0.53,-2.176%,"949,908,743"
PLOW,"Douglas Dynamics, Inc. Common Stock",$41.11,-0.52,-1.249%,"948,697,361"
KODK,Eastman Kodak Company Common New,$9.69,-0.04,-0.411%,"948,651,000"
KRT,Karat Packaging Inc. Common Stock,$47.57,-0.60,-1.246%,"948,151,968"
MNTN,"MNTN, Inc. Class A Common Stock",$12.67,-0.15,-1.17%,"947,756,075"
INMD,InMode Ltd. Ordinary Shares,$14.92,-0.12,-0.798%,"945,312,550"
CADL,"Candel Therapeutics, Inc. Common Stock",$12.35,-1.15,-8.519%,"945,004,278"
PSF,"Cohen & Steers Select Preferred and Income Fund, Inc. Common Stock",$19.22,-0.08,-0.415%,"944,444,430"
ABUS,Arbutus Biopharma Corporation Common Stock,$4.77,-0.21,-4.217%,"943,734,173"
MPB,Mid Penn Bancorp Common Stock,$37.22,0.20,0.54%,"942,976,702"
IMMX,"Immix Biopharma, Inc. Common Stock",$13.16,-0.03,-0.227%,"941,457,372"
LWLG,"Lightwave Logic, Inc. Common Stock",$6.10,-0.14,-2.244%,"940,420,256"
THFF,First Financial Corporation Common Stock,$79.07,0.25,0.317%,"940,292,217"
AIZN,"Assurant, Inc. 5.25% Subordinated Notes due 2061",$18.62,0.01,0.054%,"939,550,509"
HQ,Horizon Quantum Holdings Ltd. Class A Ordinary Shares,$17.40,0.58,3.448%,"939,114,192"
SIGIP,"Selective Insurance Group, Inc. Depositary Shares, each representing a 1/1,000th interest in a share of 4.60% Non-Cumulative Preferred Stock, Series B",$15.74,0.09,0.575%,"937,617,933"
KRO,Kronos Worldwide Inc Common Stock,$8.13,-0.01,-0.123%,"935,742,805"
PD,"PagerDuty, Inc. Common Stock",$12.12,-0.05,-0.411%,"934,725,488"
NAK,"Northern Dynasty Minerals, Ltd. Common Stock",$1.66,-0.02,-1.19%,"933,121,959"
CBLL,"CeriBell, Inc. Common Stock",$24.31,-0.58,-2.33%,"932,971,635"
BUR,Burford Capital Limited Ordinary Shares,$4.26,-0.08,-1.843%,"932,137,378"
ACRS,"Aclaris Therapeutics, Inc. Common Stock",$6.33,-0.11,-1.708%,"931,768,993"
FMNB,Farmers National Banc Corp. Common Stock,$15.72,0.07,0.447%,"931,371,832"
INR,"Infinity Natural Resources, Inc. Class A Common Stock",$14.67,0.24,1.663%,"930,404,525"
TBLA,Taboola.com Ltd. Ordinary Shares,$3.68,-0.18,-4.663%,"927,785,975"
FCBC,"First Community Bankshares, Inc. (VA) Common Stock",$49.035,0.475,0.978%,"927,267,983"
INDI,"indie Semiconductor, Inc. Class A Common Stock",$4.00,-0.005,-0.125%,"927,235,532"
DAKT,"Daktronics, Inc. Common Stock",$19.19,-0.31,-1.59%,"926,988,801"
HDL,SUPER HI INTERNATIONAL HOLDING LTD. American Depositary Shares,$14.24,0.14,0.993%,"926,025,776"
GAINZ,Gladstone Investment Corporation 4.875% Notes due 2028,$24.20,0.02,0.083%,"924,905,366"
NXDR,"Nextdoor Holdings, Inc. Class A Common Stock",$2.39,-0.06,-2.449%,"924,567,681"
AEBI,Aebi Schmidt Holding AG Common Stock ,$11.91,-0.485,-3.913%,"924,208,663"
REF,Reformation Inc. Common Stock,$14.51,-0.81,-5.287%,"923,704,960"
HAFC,Hanmi Financial Corporation Common Stock,$31.15,UNCH,--,"923,574,293"
JBGS,JBG SMITH Properties Common Shares ,$12.37,0.19,1.56%,"923,030,202"
AMPH,"Amphastar Pharmaceuticals, Inc. Common Stock",$21.68,-0.06,-0.276%,"922,222,626"
WOOF,"Petco Health and Wellness Company, Inc. Class A Common Stock",$2.85,-0.10,-3.39%,"921,564,697"
ATTO,"Attovia Therapeutics, Inc. Common Stock",$20.21,-1.93,-8.717%,"921,151,934"
MBINN,Merchants Bancorp Depositary Shares Preferred Series C,$20.04,-0.06,-0.299%,"920,599,023"
MAKO,Mako Mining Corp Common Stock,$10.50,0.10,0.962%,"919,862,045"
CAPL,CrossAmerica Partners LP Common Units representing limited partner interests,$24.00,0.28,1.18%,"916,158,120"
MCS,Marcus Corporation (The) Common Stock,$29.61,-0.74,-2.438%,"912,940,228"
RWAYL,Runway Growth Finance Corp. 7.50% Notes due 2027,$25.12,-0.02,-0.08%,"909,761,796"
CSR,D/B/A Centerspace Common Stock,$54.16,0.09,0.166%,"909,571,218"
BH,Biglari Holdings Inc. Class B Common Stock,$390.90,0.70,0.179%,"909,448,395"
KOPN,Kopin Corporation Common Stock,$4.89,-0.04,-0.811%,"908,917,082"
BHFAL,"Brighthouse Financial, Inc. 6.25% Junior Subordinated Debentures due 2058",$15.79,0.065,0.413%,"908,107,580"
SCZM,Santacruz Silver Mining Ltd. Common Shares,$9.76,0.22,2.306%,"907,585,172"
BANFP,BancFirst Corporation - BFC Capital Trust II Cumulative Trust Preferred Securities,$26.997,-0.263,-0.965%,"907,065,319"
LANDO,Gladstone Land Corporation 6.00% Series B Cumulative Redeemable Preferred Stock,$21.011,-0.299,-1.403%,"906,342,535"
TIGR,UP Fintech Holding Ltd American Depositary Share representing fifteen Class A Ordinary Shares,$5.07,0.23,4.752%,"906,012,351"
NX,Quanex Building Products Corporation Common Stock,$19.72,-0.99,-4.78%,"905,699,470"
FTK,"Flotek Industries, Inc. Common Stock",$25.00,-0.17,-0.675%,"905,510,725"
WGO,"Winnebago Industries, Inc. Common Stock",$31.97,-0.89,-2.708%,"903,756,509"
MFA,"MFA Financial, Inc.",$8.94,-0.16,-1.758%,"903,726,166"
AVR,Anteris Technologies Global Corp. Common Stock,$9.25,-0.58,-5.90%,"901,490,885"
LUCK,Lucky Strike Entertainment Corporation Class A Common Stock,$6.58,-0.09,-1.349%,"898,973,997"
TCBIO,"Texas Capital Bancshares, Inc. Depositary Shares 5.75% Fixed Rate Non-Cumulative Perpetual Preferred Stock Series B",$20.66,0.11,0.535%,"898,180,464"
BLMN,"Bloomin' Brands, Inc. Common Stock",$10.48,-0.13,-1.225%,"897,307,210"
COLL,"Collegium Pharmaceutical, Inc. Common Stock",$27.54,-1.20,-4.175%,"896,581,582"
FOXF,Fox Factory Holding Corp. Common Stock,$21.33,-0.35,-1.614%,"896,521,251"
PLTK,Playtika Holding Corp. Common Stock,$2.35,UNCH,--,"896,332,737"
OGG,Osisko Gold Group Inc. Common Shares,$2.93,0.03,1.034%,"896,104,862"
TROX,Tronox Holdings plc Ordinary Shares (UK),$5.61,-0.12,-2.094%,"895,917,163"
ABX,"Abacus Global Management, Inc. Class A Common Stock",$9.16,0.01,0.109%,"895,777,001"
RERE,ATRenew Inc. American Depositary Shares (every three of which representing two Class A ordinary shares),$4.08,-0.51,-11.111%,"894,601,184"
LANDP,Gladstone Land Corporation 6.00% Series C Cumulative Redeemable Preferred Stock,$20.70,-0.12,-0.576%,"892,927,061"
ADAM,"Adamas Trust, Inc. Common Stock",$9.93,-0.25,-2.456%,"892,506,275"
ARI,"Apollo Commercial Real Estate Finance, Inc",$6.94,0.04,0.58%,"889,791,925"
ROOT,"Root, Inc. Class A Common Stock",$57.41,0.95,1.683%,"889,467,597"
FDMT,"4D Molecular Therapeutics, Inc. Common Stock",$16.10,-0.66,-3.938%,"889,431,797"
HMH,HMH Holding Inc. Class A Common Stock,$20.23,-0.77,-3.667%,"888,790,424"
TRON,Tron Inc. Common Stock,$1.87,0.25,15.432%,"887,094,460"
JBSS,"John B. Sanfilippo & Son, Inc. Common Stock",$75.76,-5.54,-6.814%,"885,602,202"
EVEX,"Eve Holding, Inc. Common Stock",$2.54,-0.13,-4.869%,"885,155,286"
FET,"Forum Energy Technologies, Inc. Common Stock",$78.60,-2.82,-3.464%,"883,958,787"
BZH,"Beazer Homes USA, Inc. Common Stock",$33.13,-0.06,-0.181%,"883,895,910"
ANL,Adlai Nortye Ltd. American Depositary Shares,$13.72,-0.61,-4.257%,"883,539,709"
RUMBW,RUM Group Inc. Warrant,$1.78,0.01,0.565%,"882,542,145"
RSKD,Riskified Ltd. Class A Ordinary Shares,$5.95,-0.07,-1.163%,"881,820,440"
CVLG,"Covenant Logistics Group, Inc. Class A Common Stock",$34.73,0.48,1.401%,"881,370,230"
KBDC,"Kayne Anderson BDC, Inc. Common Stock",$13.34,0.06,0.452%,"880,944,385"
AIO,Virtus Artificial Intelligence & Technology Opportunities Fund Common Shares of Beneficial Interest,$25.65,-0.58,-2.211%,"880,845,932"
TBPH,"Theravance Biopharma, Inc. Ordinary Shares",$16.95,-0.04,-0.235%,"880,022,880"
CCBG,Capital City Bank Group Common Stock,$51.34,0.35,0.686%,"878,596,668"
EVER,"EverQuote, Inc. Class A Common Stock",$24.91,-0.12,-0.479%,"877,822,197"
SGP,"SpyGlass Pharma, Inc. Common Stock",$26.23,-1.00,-3.672%,"877,340,489"
BBNX,"Beta Bionics, Inc. Common Stock",$19.48,-0.53,-2.649%,"876,399,122"
ADSE,ADS-TEC ENERGY PLC Ordinary Shares,$11.64,-0.31,-2.594%,"874,510,057"
AHG,Akso Health Group ADS,$1.02,0.0533,5.514%,"873,838,261"
SIBN,"SI-BONE, Inc. Common Stock",$19.48,-0.43,-2.16%,"873,065,841"
SMBK,"SmartFinancial, Inc. Common Stock",$50.95,0.30,0.592%,"871,167,199"
CODI,D/B/A Compass Diversified Holdings Shares of Beneficial Interest,$11.56,-0.03,-0.259%,"869,727,767"
ENRD,Einride AB American Depositary Shares,$6.03,-0.01,-0.166%,"869,317,796"
RJET,Republic Airways Holdings Inc. Common Stock,$18.56,-0.57,-2.98%,"868,969,920"
KOP,Koppers Holdings Inc. Common Stock,$45.88,0.98,2.183%,"867,662,740"
DGICB,"Donegal Group, Inc. Class B Common Stock",$23.30,UNCH,--,"864,879,271"
EIG,Employers Holdings Inc Common Stock,$48.13,0.24,0.501%,"864,439,154"
HIPO,Hippo Holdings Inc. Common Stock,$32.69,0.05,0.153%,"862,668,865"
GROY,Gold Royalty Corp. Common Shares,$3.39,0.04,1.194%,"862,559,587"
APOG,"Apogee Enterprises, Inc. Common Stock",$41.26,-0.40,-0.96%,"861,025,810"
GSBC,"Great Southern Bancorp, Inc. Common Stock",$78.78,0.25,0.318%,"858,505,601"
HIVE,HIVE Digital Technologies Ltd. Common Shares,$3.13,0.31,10.993%,"858,488,068"
WRLD,World Acceptance Corporation Common Stock,$183.94,-0.61,-0.331%,"857,745,329"
JMIA,"Jumia Technologies AG American Depositary Shares, each representing two Ordinary Shares",$6.64,-0.09,-1.337%,"857,203,137"
CRTO,Criteo S.A. Ordinary Shares,$17.485,-0.365,-2.045%,"856,722,319"
TRNS,"Transcat, Inc. Common Stock",$91.51,-0.26,-0.283%,"856,516,488"
SMP,"Standard Motor Products, Inc. Common Stock",$38.22,-0.43,-1.113%,"853,845,998"
NAVI,Navient Corporation Common Stock,$9.10,-0.15,-1.622%,"853,432,835"
CRML,Critical Metals Corp. Ordinary Shares,$5.80,-0.37,-5.997%,"851,954,767"
EGBN,"Eagle Bancorp, Inc. Common Stock",$27.83,0.21,0.76%,"848,368,969"
DJCO,Daily Journal Corp. (S.C.) Common Stock,$614.70,16.55,2.767%,"847,027,094"
SB,"Safe Bulkers, Inc Common Stock ($0.001 par value)",$8.28,0.11,1.346%,"846,586,795"
CYRX,"CryoPort, Inc. Common Stock",$16.71,0.40,2.452%,"846,346,461"
RIGL,"Rigel Pharmaceuticals, Inc. Common Stock",$45.25,-1.71,-3.641%,"845,263,846"
IBTA,"Ibotta, Inc. Class A Common Stock",$36.48,-1.42,-3.747%,"845,227,519"
DBVT,DBV Technologies S.A. American Depositary Shares,$14.24,-0.54,-3.654%,"843,183,138"
MTAL,Metals Acquisition Corp. II Class A Ordinary Shares,$10.22,0.025,0.245%,"842,761,987"
MOMO,Hello Group Inc. American Depositary Shares,$5.70,-0.045,-0.783%,"842,160,186"
REPX,"Riley Exploration Permian, Inc. Common Stock",$37.97,0.55,1.47%,"841,179,216"
BFS,"Saul Centers, Inc. Common Stock",$34.02,-0.20,-0.584%,"840,875,776"
YALA,"Yalla Group Limited American Depositary Shares, each representing one Class A Ordinary Share",$5.53,0.02,0.363%,"839,614,298"
SABR,Sabre Corporation Common Stock,$2.08,-0.03,-1.422%,"839,453,085"
GLAS,Glass House Brands Inc. Subordinate Voting Shares,$9.52,-0.18,-1.856%,"837,740,808"
PSIX,"Power Solutions International, Inc. Common Stock",$36.30,-0.99,-2.655%,"837,275,835"
HSTM,"HealthStream, Inc. Common Stock",$28.59,0.04,0.14%,"835,970,313"
MITK,"Mitek Systems, Inc. Common Stock",$18.52,-0.36,-1.907%,"835,666,366"
GOOS,Canada Goose Holdings Inc. Subordinate Voting Shares,$8.55,-0.22,-2.509%,"835,007,535"
SWIM,"Latham Group, Inc. Common Stock",$7.09,-0.10,-1.391%,"834,110,750"
SPFI,"South Plains Financial, Inc. Common Stock",$44.25,0.04,0.09%,"833,630,396"
JKS,JinkoSolar Holding Company Limited American Depositary Shares (each representing 4 Common Shares),$15.87,-1.09,-6.427%,"831,114,884"
LINC,Lincoln Educational Services Corporation Common Stock,$26.16,-0.14,-0.532%,"829,833,891"
FTH,"Faeth Therapeutics, Inc. Common Stock",$32.10,-1.01,-3.05%,"829,477,643"
VPG,"Vishay Precision Group, Inc. Common Stock",$62.26,-0.87,-1.378%,"829,329,972"
RXT,"Rackspace Technology, Inc. Common Stock",$3.25,-0.17,-4.971%,"828,336,763"
ORRF,"Orrstown Financial Services, Inc. Common Stock",$42.10,0.34,0.814%,"828,091,255"
DC,Dakota Gold Corp. Common Stock,$6.17,-0.13,-2.063%,"827,847,354"
IBCP,Independent Bank Corporation Common Stock,$37.26,0.31,0.839%,"827,145,732"
ACHV,"Achieve Life Sciences, Inc. Common Shares",$8.02,-0.51,-5.979%,"825,277,970"
DSP,Viant Technology Inc. Class A Common Stock,$12.41,-0.18,-1.43%,"824,952,740"
PHAR,"Pharming Group N.V. ADS, each representing 10 ordinary shares",$11.68,-0.17,-1.435%,"824,902,686"
ESRT,"Empire State Realty Trust, Inc. Class A Common Stock",$4.79,-0.06,-1.237%,"824,673,430"
CTO,"CTO Realty Growth, Inc. Common Stock",$21.98,-0.05,-0.227%,"823,930,279"
WYFI,"WhiteFiber, Inc. Ordinary Shares",$21.16,-0.22,-1.029%,"822,026,177"
PMT,PennyMac Mortgage Investment Trust Common Shares of Beneficial Interest,$9.39,-0.15,-1.572%,"818,830,179"
LPTH,"LightPath Technologies, Inc. Class A Common Stock",$13.02,-0.22,-1.662%,"817,518,079"
ANGX,"Angel Studios, Inc. Class A Common Stock",$4.37,-0.23,-5.00%,"816,125,114"
SMBC,"Southern Missouri Bancorp, Inc. Common Stock",$74.06,0.05,0.068%,"815,817,706"
KELYB,"Kelly Services, Inc. Class B Common Stock",$23.47,UNCH,--,"815,158,702"
SATL,Satellogic Inc. Class A Common Stock,$5.30,-0.23,-4.159%,"814,821,528"
IVR,INVESCO MORTGAGE CAPITAL INC Common Stock,$7.55,-0.03,-0.396%,"812,685,148"
APEI,"American Public Education, Inc. Common Stock",$44.385,-0.365,-0.816%,"812,313,986"
ALRS,Alerus Financial Corporation Common Stock,$32.59,-0.09,-0.275%,"811,596,526"
MTUS,Metallus Inc. Common Shares,$19.58,-0.65,-3.213%,"811,576,981"
WEST,Westrock Coffee Company Common Stock,$8.29,-0.26,-3.041%,"809,331,038"
MFIC,MidCap Financial Investment Corporation Common Stock,$9.82,0.01,0.102%,"808,899,207"
ACDC,ProFrac Holding Corp. Class A Common Stock,$4.44,-0.26,-5.532%,"808,625,063"
OBE,Obsidian Energy Ltd. Common Shares,$12.11,0.41,3.504%,"808,046,653"
QMCO,Quantum Corporation Common Stock,$20.49,-1.30,-5.966%,"807,510,920"
MAX,"MediaAlpha, Inc. Class A Common Stock",$13.17,-0.32,-2.372%,"806,846,590"
AURA,"Aura Biosciences, Inc. Common Stock",$7.77,-0.02,-0.257%,"805,786,366"
BBSI,"Barrett Business Services, Inc. Common Stock",$33.23,0.14,0.423%,"805,335,031"
HPP,"Hudson Pacific Properties, Inc. Common Stock",$14.83,0.30,2.065%,"804,805,429"
FISI,"Financial Institutions, Inc. Common Stock",$40.79,-0.12,-0.293%,"803,822,424"
BHFAO,"Brighthouse Financial, Inc. Depositary Shares 6.75% Non-Cumulative Preferred Stock, Series B",$13.97,UNCH,--,"803,436,535"
PGC,Peapack-Gladstone Financial Corporation Common Stock,$45.17,0.11,0.244%,"800,771,592"
GFR,Greenfire Resources Ltd. Common Shares,$6.37,0.19,3.074%,"798,979,730"
RPD,"Rapid7, Inc. Common Stock",$11.845,-0.36,-2.95%,"798,360,581"
SXC,"SunCoke Energy, Inc. Common Stock",$9.40,-0.06,-0.634%,"797,823,590"
GRPN,"Groupon, Inc. Common Stock",$19.60,-0.75,-3.686%,"797,039,802"
VLRS,"Controladora Vuela Compania de Aviacion, S.A.B. de C.V. American Depositary Shares, each representing ten (10) Ordinary Participation Certificates",$6.84,-0.30,-4.202%,"794,780,100"
GILT,Gilat Satellite Networks Ltd. Ordinary Shares,$10.52,-0.29,-2.683%,"793,954,373"
AOSL,Alpha and Omega Semiconductor Limited Common Shares,$26.22,-0.92,-3.39%,"793,233,660"
CEVA,"CEVA, Inc. Common Stock",$28.13,-1.77,-5.92%,"791,974,045"
BAK,Braskem SA ADR,$1.98,-0.03,-1.493%,"789,235,756"
UAMY,United States Antimony Corporation Common Stock,$5.27,-0.46,-8.028%,"788,757,654"
MOV,Movado Group Inc. Common Stock,$35.34,-0.35,-0.981%,"785,510,414"
BCSF,"Bain Capital Specialty Finance, Inc. Common Stock",$12.10,0.02,0.166%,"784,908,935"
PAR,PAR Technology Corporation Common Stock,$18.95,-0.33,-1.712%,"783,823,317"
BHFAP,"Brighthouse Financial, Inc. Depositary Shares 6.6% Non-Cumulative Preferred Stock, Series A",$13.62,-0.01,-0.073%,"783,307,488"
SG,"Sweetgreen, Inc. Class A Common Stock",$6.58,0.16,2.492%,"783,291,853"
GYRE,"Gyre Therapeutics, Inc. Common Stock",$7.02,-0.13,-1.818%,"782,799,140"
SKYH,Sky Harbour Group Corporation Class A Common Stock,$10.21,-0.13,-1.257%,"782,256,824"
PAYS,"Paysign, Inc. Common Stock",$13.82,0.02,0.145%,"780,306,996"
HTB,"HomeTrust Bancshares, Inc. Common Stock",$46.71,-0.39,-0.828%,"779,738,438"
TXO,"TXO Partners, L.P. Common Units Representing Limited Partner Interests",$14.06,0.16,1.151%,"779,576,482"
CGBD,"Carlyle Secured Lending, Inc. Common Stock",$11.33,UNCH,--,"779,555,903"
FWRG,"First Watch Restaurant Group, Inc. Common Stock",$12.63,0.14,1.121%,"779,428,054"
CRESY,Cresud S.A.C.I.F. y A. American Depositary Shares,$10.98,0.07,0.642%,"778,758,652"
VREX,Varex Imaging Corporation Common Stock,$18.49,0.03,0.163%,"778,429,000"
BTGO,"BitGo Holdings, Inc. Class A Common Stock",$6.60,0.35,5.60%,"775,801,105"
DRUG,Bright Minds Biosciences Inc. Common Stock,$78.56,-6.18,-7.293%,"774,920,632"
HELP,Cybin Inc. Common Stock,$12.47,0.69,5.857%,"772,941,453"
SHBI,Shore Bancshares Inc Common Stock,$23.14,0.10,0.434%,"772,234,467"
LXU,"LSB Industries, Inc. Common Stock",$10.69,0.31,2.987%,"769,653,318"
PZZA,"Papa John's International, Inc. Common Stock",$23.32,0.05,0.215%,"767,733,741"
KDK,"Kodiak AI, Inc. Common Stock ",$3.82,-0.085,-2.177%,"766,361,409"
GMRS,GMR Solutions Inc. Class A Common Stock,$14.14,-0.28,-1.942%,"763,866,994"
ALOY,REalloys Inc. Common Stock,$11.07,-1.44,-11.511%,"763,693,197"
RILYN,"BRC Group Holdings, Inc. 6.50% Senior Notes Due 2026",$25.04,0.0376,0.15%,"763,646,533"
OCS,Oculis Holding AG Ordinary shares,$13.14,-0.43,-3.169%,"761,915,515"
KRNT,Kornit Digital Ltd. Ordinary Shares,$16.44,-0.35,-2.085%,"761,837,442"
NVCT,"Nuvectis Pharma, Inc. Common Stock",$23.35,0.02,0.086%,"760,778,796"
NGNE,Neurogene Inc. Common Stock ,$37.99,-1.44,-3.652%,"760,232,402"
GDOT,"Green Dot Corporation Class A Common Stock, $0.001 par value",$13.34,-0.13,-0.965%,"760,182,288"
WLKP,Westlake Chemical Partners LP Common Units representing limited partner interests,$21.53,-0.19,-0.875%,"758,843,775"
SCHL,Scholastic Corporation Common Stock,$39.98,-0.70,-1.721%,"758,211,265"
FPH,"Five Point Holdings, LLC Class A Common Shares",$5.12,-0.04,-0.775%,"757,143,880"
AGNT,"AGNT, Inc. Common Stock",$4.53,-0.21,-4.43%,"757,044,255"
LYTS,LSI Industries Inc. Common Stock,$20.62,-3.44,-14.298%,"757,009,770"
TCBX,"Third Coast Bancshares, Inc. Common Stock",$45.29,0.44,0.981%,"754,303,591"
HSHP,Himalaya Shipping Ltd. Common Shares,$16.12,0.10,0.624%,"753,610,000"
FDUS,Fidus Investment Corporation Common Stock,$19.81,0.06,0.304%,"751,875,951"
WASH,"Washington Trust Bancorp, Inc. Common Stock",$39.37,0.18,0.459%,"750,956,018"
WHK,WhiteHawk Minerals Corp Class A Common Stock,$27.23,0.62,2.33%,"750,062,604"
MITN,"TPG Mortgage Investment Trust, Inc. 9.500% Senior Notes due 2029",$25.395,0.0449,0.177%,"748,974,329"
RILYG,"BRC Group Holdings, Inc. 5.00% Senior Notes due 2026",$24.5101,0.0401,0.164%,"747,486,137"
MITP,"TPG Mortgage Investment Trust, Inc. 9.500% Senior Notes due 2029",$25.33,0.01,0.039%,"747,057,285"
PUBM,"PubMatic, Inc. Class A Common Stock",$16.39,-0.39,-2.324%,"746,565,500"
HTZ,"Hertz Global Holdings, Inc Common Stock",$2.09,-0.07,-3.241%,"744,983,411"
MNPR,Monopar Therapeutics Inc. Common Stock,$110.88,-12.96,-10.465%,"744,245,631"
ASC,Ardmore Shipping Corporation Common Stock,$18.19,-0.20,-1.088%,"742,199,549"
PHR,"Phreesia, Inc. Common Stock",$12.00,0.04,0.334%,"741,742,668"
EVC,Entravision Communications Corporation Common Stock,$8.03,-0.40,-4.745%,"741,075,089"
BWMN,Bowman Consulting Group Ltd. Common Stock,$42.55,UNCH,--,"737,626,036"
PKE,Park Aerospace Corp. Common Stock,$33.90,-1.63,-4.588%,"737,366,053"
AHCO,AdaptHealth Corp. Common Stock,$5.39,-0.27,-4.77%,"734,895,216"
CCNEP,"CNB Financial Corporation Depositary Shares, each representing a 1/40th ownership interest in a share of 7.125% Series A Fixed-Rate Non-Cumulative Perpetual Preferred Stock",$24.80,-0.2005,-0.802%,"734,597,948"
HNRG,Hallador Energy Company Common Stock,$15.53,-0.85,-5.189%,"732,136,334"
PFLT,PennantPark Floating Rate Capital Ltd. Common Stock,$7.37,0.01,0.136%,"731,235,894"
RGNX,REGENXBIO Inc. Common Stock,$11.06,-0.96,-7.987%,"730,105,904"
CASS,"Cass Information Systems, Inc Common Stock",$56.89,0.19,0.335%,"728,541,817"
BBOT,"BridgeBio Oncology Therapeutics, Inc. Common Stock  ",$9.08,-0.52,-5.417%,"727,982,344"
STTK,"Shattuck Labs, Inc. Common Stock",$7.25,-0.41,-5.352%,"727,633,584"
THM,"International Tower Hill Mines, Ltd. Ordinary Shares (Canada)",$2.78,-0.05,-1.767%,"727,352,175"
ALLO,"Allogene Therapeutics, Inc. Common Stock",$2.10,-0.13,-5.83%,"725,530,850"
ARRY,"Array Technologies, Inc. Common Stock",$4.71,-0.21,-4.268%,"725,376,229"
NIE,Virtus Equity & Convertible Income Fund Common Shares of Beneficial Interest,$26.14,-0.25,-0.947%,"724,312,345"
SSII,SS Innovations International Inc. Common Stock,$3.61,0.01,0.278%,"723,391,420"
VEL,"Velocity Financial, Inc. Common Stock",$18.32,0.15,0.826%,"723,300,292"
VTS,"Vitesse Energy, Inc. Common Stock",$17.16,0.34,2.021%,"722,510,080"
GSM,Ferroglobe PLC Ordinary Shares,$3.85,-0.20,-4.938%,"719,412,990"
FEIM,"Frequency Electronics, Inc. Common Stock",$65.54,-1.23,-1.842%,"718,044,705"
GEGGL,"Great Elm Group, Inc.  7.25% Notes due 2027",$24.7525,UNCH,--,"717,742,970"
ENVX,Enovix Corporation Common Stock,$3.27,-0.13,-3.824%,"717,596,709"
CTMX,"CytomX Therapeutics, Inc. Common Stock",$3.29,-0.28,-7.843%,"716,888,644"
NEWTP,"NewtekOne, Inc. Depositary Shares, Non-Cumulative Perpetual Preferred Stock, Series B",$24.78,UNCH,--,"715,763,634"
EFSCP,"Enterprise Financial Services Corporation Depositary Shares Each Representing a 1/40th Interest in a Share of 5% Fixed Rate Non-Cumulative Perpetual Preferred Stock, Series A",$19.775,UNCH,--,"715,707,083"
BLDP,"Ballard Power Systems, Inc. Common Shares",$2.37,-0.13,-5.20%,"714,570,391"
TBLD,Thornburg Income Builder Opportunities Trust Common Stock,$22.23,-0.13,-0.581%,"713,180,259"
NMFC,New Mountain Finance Corporation Common Stock,$7.55,-0.04,-0.527%,"713,115,545"
CSHR,CoinShares PLC Ordinary Shares,$5.40,-0.03,-0.552%,"711,613,129"
TASK,"TaskUs, Inc. Class A Common Stock",$7.76,-0.32,-3.96%,"711,491,283"
AROW,Arrow Financial Corporation Common Stock,$38.33,0.15,0.393%,"710,014,303"
SMWB,Similarweb Ltd. Ordinary Shares,$8.16,-0.19,-2.275%,"709,646,248"
SOPH,SOPHiA GENETICS SA Ordinary Shares,$8.33,0.05,0.604%,"709,114,782"
ODD,ODDITY Tech Ltd. Class A Ordinary Shares,$12.51,-0.59,-4.504%,"708,775,129"
VRRM,Verra Mobility Corporation Class A Common Stock,$4.66,0.01,0.215%,"708,239,867"
METC,"Ramaco Resources, Inc. Class A Common Stock",$11.15,-0.91,-7.546%,"706,778,865"
ZVRA,"Zevra Therapeutics, Inc. Common Stock",$11.89,-0.24,-1.979%,"706,073,156"
CWBC,Community West Bancshares Common Stock,$26.02,0.21,0.814%,"705,950,650"
TECX,"Tectonic Therapeutic, Inc. Common Stock",$36.05,-0.99,-2.673%,"704,754,644"
CCB,Coastal Financial Corporation Common Stock,$46.10,-1.39,-2.927%,"704,699,675"
OFRM,"Once Upon a Farm, PBC Common Stock",$16.78,-1.13,-6.309%,"704,603,157"
SMC,Summit Midstream Corporation Common Stock,$34.69,0.10,0.289%,"704,487,469"
PFIS,Peoples Financial Services Corp. Common Stock,$70.22,0.57,0.818%,"702,927,971"
VFSWW,VinFast Auto Ltd. Warrant,$0.30,UNCH,--,"701,860,803"
PRAA,"PRA Group, Inc. Common Stock",$18.63,-0.81,-4.167%,"701,382,352"
VTEX,VTEX Class A Common Shares,$3.68,0.05,1.377%,"700,538,254"
CUBB,"Customers Bancorp, Inc 5.375% Subordinated Notes Due 2034",$22.15,UNCH,--,"700,460,304"
IPX,IperionX Limited American Depositary Share,$20.635,-0.945,-4.379%,"700,319,028"
SUPV,Grupo Supervielle S.A. American Depositary Shares each Representing five Class B shares,$7.65,UNCH,--,"698,785,150"
JBI,"Janus International Group, Inc. Common Stock",$5.12,0.01,0.196%,"698,551,245"
EVO,Evotec SE American Depositary Shares,$1.96,-0.02,-1.01%,"697,280,905"
PHAT,"Phathom Pharmaceuticals, Inc. Common Stock",$8.60,-0.72,-7.725%,"695,748,032"
LOT,Lotus Technology Inc. American Depositary Shares,$1.08,0.04,3.846%,"693,457,065"
DGICA,"Donegal Group, Inc. Class A Common Stock",$18.67,0.16,0.864%,"693,016,995"
RCBC,River City Bank Common stock,$48.775,0.605,1.256%,"692,590,563"
HOV,"Hovnanian Enterprises, Inc. Class A Common Stock",$118.13,-9.54,-7.472%,"692,194,194"
PSTL,"Postal Realty Trust, Inc. Class A Common Stock",$22.85,0.08,0.351%,"691,186,748"
CARE,"Carter Bankshares, Inc. Common Stock",$31.15,0.29,0.94%,"690,406,451"
MTW,"Manitowoc Company, Inc. (The) Common Stock",$19.09,-0.09,-0.469%,"688,422,988"
XFLT,XAI Floating Rate & Alternative Income Trust Common Shares of Beneficial Interest,$19.40,0.01,0.052%,"688,089,521"
SLRC,SLR Investment Corp. Common Stock,$12.58,-0.15,-1.178%,"686,297,296"
KIDS,OrthoPediatrics Corp. Common Stock,$26.23,-0.27,-1.019%,"684,859,739"
IRWD,"Ironwood Pharmaceuticals, Inc. Class A Common Stock",$4.14,-0.22,-5.046%,"684,093,381"
GRNT,"Granite Ridge Resources, Inc. Common Stock",$5.18,UNCH,--,"683,243,254"
ASMB,"Assembly Biosciences, Inc. Common Stock",$33.53,-0.31,-0.916%,"682,690,784"
TIPT,Tiptree Inc. Common Stock,$18.32,0.03,0.164%,"682,231,157"
BCAL,California BanCorp Common Stock,$21.20,0.14,0.665%,"681,591,469"
CCSI,"Consensus Cloud Solutions, Inc. Common Stock",$37.19,-0.93,-2.44%,"681,503,849"
NRGV,"Energy Vault Holdings, Inc. Common Stock",$3.74,-0.12,-3.109%,"680,079,992"
CTGO,Contango Silver & Gold Inc. Common Stock,$20.33,-0.67,-3.19%,"679,849,248"
LEGH,Legacy Housing Corporation Common Stock (TX),$28.56,0.04,0.14%,"679,202,525"
SSYS,"Stratasys, Ltd. Ordinary Shares (Israel)",$7.86,-0.74,-8.605%,"677,316,157"
MATW,Matthews International Corporation Class A Common Stock,$21.66,-0.31,-1.411%,"676,077,327"
MSBI,"Midland States Bancorp, Inc. Common Stock",$32.53,0.22,0.681%,"675,066,203"
NEWTG,"NewtekOne, Inc. 8.50% Fixed Rate Senior Notes due 2029",$25.64,0.04,0.156%,"674,892,285"
NEWTI,"NewtekOne, Inc. 8.00% Fixed Rate Senior Notes due 2028",$25.59,-0.001,-0.004%,"673,576,193"
BSTZ,BlackRock Science and Technology Term Trust Common Shares of Beneficial Interest,$30.39,-0.17,-0.556%,"673,376,454"
NFGC,New Found Gold Corp Common Shares,$1.75,-0.03,-1.685%,"672,625,711"
CWH,"Camping World Holdings, Inc. Class A Common Stock",$6.49,-0.31,-4.559%,"670,384,005"
FBRT,"Franklin BSP Realty Trust, Inc. Common Stock",$8.07,-0.02,-0.247%,"670,176,507"
ISOU,IsoEnergy Ltd. Common Shares,$10.24,-0.30,-2.846%,"668,071,516"
NSLRL,Neostellar Capital Corp. 6.00% Notes due 2026,$25.22,UNCH,--,"667,654,659"
MLAB,"Mesa Laboratories, Inc. Common Stock",$119.15,-0.57,-0.476%,"666,747,791"
STLN,"Starling Oncology, Inc. Common Stock",$6.54,-0.12,-1.802%,"666,531,392"
FOF,"Cohen & Steers Closed-End Opportunity Fund, Inc. Common Stock",$13.53,-0.07,-0.515%,"664,845,637"
INN,"Summit Hotel Properties, Inc. Common Stock",$6.16,0.01,0.163%,"664,377,332"
NXP,Nuveen Select Tax Free Income Portfolio Common Stock,$14.19,-0.03,-0.211%,"664,079,413"
DLY,DoubleLine Yield Opportunities Fund Common Shares of Beneficial Interest,$13.85,-0.16,-1.142%,"664,049,039"
RRBI,"Red River Bancshares, Inc. Common Stock",$100.81,0.90,0.901%,"663,743,726"
MATV,"Mativ Holdings, Inc. Common Stock",$12.00,-0.15,-1.235%,"662,281,176"
AGMB,AgomAb Therapeutics NV American Depositary Shares,$13.43,-0.32,-2.327%,"661,400,304"
BHB,"Bar Harbor Bankshares, Inc. Common Stock",$39.38,-0.10,-0.253%,"660,248,230"
ENHA,Enhanced Group Inc. Class A Common Stock,$1.70,0.09,5.59%,"659,277,162"
RILYT,"BRC Group Holdings, Inc. 6.00% Senior Notes Due 2028",$21.56,0.20,0.936%,"657,516,743"
SHEN,Shenandoah Telecommunications Co Common Stock,$12.32,0.17,1.399%,"657,452,858"
TMS,Teamshares Inc. Common Stock,$7.27,-0.44,-5.707%,"657,085,217"
CARS,Cars.com Inc. Common Stock ,$12.27,-0.17,-1.367%,"656,846,401"
PKOH,Park-Ohio Holdings Corp. Common Stock,$45.29,-0.93,-2.012%,"656,252,553"
AUTL,Autolus Therapeutics plc American Depositary Share,$2.46,-0.08,-3.15%,"654,759,848"
MAMA,"Mama's Creations, Inc. Common Stock",$15.99,-0.49,-2.973%,"654,658,343"
ANGO,"AngioDynamics, Inc. Common Stock",$15.82,-0.25,-1.556%,"653,878,394"
VMO,Invesco Municipal Opportunity Trust Common Stock,$9.69,-0.05,-0.513%,"653,500,238"
BXC,Bluelinx Holdings Inc. Common Stock,$82.93,-3.23,-3.749%,"651,847,796"
CNNE,"Cannae Holdings, Inc. Common Stock",$15.02,-0.10,-0.661%,"651,480,890"
GAIN,Gladstone Investment Corporation Business Development Company,$16.35,0.08,0.492%,"651,089,160"
RMT,"Royce Micro-Cap Trust, Inc. Common Stock",$14.05,-0.19,-1.334%,"650,080,953"
NABL,"N-able, Inc. Common Stock",$3.43,-0.03,-0.867%,"647,947,752"
ACNB,ACNB Corporation Common Stock,$63.65,0.42,0.664%,"647,316,045"
VALN,Valneva SE American Depositary Shares,$6.82,-0.02,-0.292%,"647,119,922"
MGRE,"Affiliated Managers Group, Inc. 6.750% Junior Subordinated Notes due 2064",$22.70,0.15,0.665%,"644,953,830"
RSVR,"Reservoir Media, Inc. Common Stock",$9.77,-0.11,-1.113%,"644,143,359"
OIO,OIO Group Ordinary Shares,$1.85,-0.10,-5.128%,"643,840,900"
HIFS,Hingham Institution for Savings Common Stock,$298.90,-3.57,-1.18%,"641,857,860"
GDYN,"Grid Dynamics Holdings, Inc. Class A Common Stock",$7.91,-0.07,-0.877%,"641,713,629"
CRMD,CorMedix Inc. Common Stock,$8.23,-0.29,-3.404%,"641,481,787"
HELE,Helen of Troy Limited Common Stock,$27.53,-0.88,-3.098%,"641,230,439"
BHFAN,"Brighthouse Financial, Inc. Depositary shares, each representing a 1/1,000th interest in a share of 5.375% Non-Cumulative Preferred Stock, Series C",$11.14,-0.01,-0.09%,"640,678,812"
ADTN,"ADTRAN Holdings, Inc. Common Stock",$7.86,-0.15,-1.873%,"640,443,859"
MLR,"Miller Industries, Inc. Common Stock",$56.38,0.11,0.195%,"640,036,134"
NRDS,"NerdWallet, Inc. Class A Common Stock",$10.01,-0.11,-1.087%,"639,870,972"
VLGEA,"Village Super Market, Inc. Class A Common Stock",$43.14,0.18,0.419%,"638,881,442"
NEXN,Nexxen International Ltd. Ordinary Shares,$9.74,-0.31,-3.085%,"638,580,406"
NKLR,Terra Innovatum Global N.V. Ordinary shares,$5.77,-0.43,-6.935%,"637,590,239"
CGNT,Cognyte Software Ltd. Ordinary Shares,$8.62,-0.19,-2.157%,"637,021,284"
RMR,The RMR Group Inc. Class A Common Stock,$19.81,-0.16,-0.801%,"635,509,277"
GPRK,Geopark Ltd Common Shares,$9.78,0.25,2.623%,"634,680,464"
SDHC,Smith Douglas Homes Corp. Class A Common Stock,$12.48,-0.86,-6.447%,"634,338,195"
EGY,"VAALCO Energy, Inc.  Common Stock",$6.03,0.10,1.686%,"634,306,421"
DDI,"DoubleDown Interactive Co., Ltd. American Depository Shares",$12.76,0.13,1.029%,"632,301,894"
NGVC,"Natural Grocers by Vitamin Cottage, Inc. Common Stock",$27.33,-0.14,-0.51%,"629,843,108"
BWMX,"Betterware de Mexico, S.A.P.I. de C.V. Ordinary Shares",$15.92,-0.23,-1.424%,"628,602,044"
ALTI,"AlTi Global, Inc. Class A Common Stock",$4.03,0.03,0.75%,"628,452,031"
GOOD,Gladstone Commercial Corporation Real Estate Investment Trust,$12.98,-0.06,-0.46%,"628,329,363"
TMQ,Trilogy Metals Inc. Common Stock,$3.63,-0.06,-1.626%,"627,066,670"
SGMT,Sagimet Biosciences Inc. Series A Common Stock,$10.18,-0.40,-3.781%,"626,997,999"
MDXG,"MiMedx Group, Inc Common Stock",$4.30,-0.15,-3.371%,"626,770,012"
KRNY,Kearny Financial Corp Common Stock,$9.67,0.04,0.415%,"626,027,590"
VBNK,VersaBank Common Shares,$19.43,0.06,0.31%,"625,562,393"
YEXT,"Yext, Inc. Common Stock",$6.24,-0.04,-0.637%,"625,548,244"
OABI,"OmniAb, Inc. Common Stock",$4.30,0.11,2.625%,"625,178,711"
NB,NioCorp Developments Ltd. Common Stock,$4.29,-0.17,-3.812%,"624,568,436"
CLDT,Chatham Lodging Trust (REIT) Common Shares of Beneficial Interest,$13.40,0.13,0.98%,"623,979,228"
SWBI,"Smith & Wesson Brands, Inc. Common Stock",$13.91,-0.21,-1.487%,"623,719,949"
MG,Mistras Group Inc Common Stock,$19.51,0.06,0.308%,"621,391,412"
NXRT,"NexPoint Residential Trust, Inc. Common Stock",$24.19,0.13,0.54%,"618,049,976"
VSTM,"Verastem, Inc. Common Stock",$6.82,-0.475,-6.511%,"617,642,668"
YB,Yuanbao Inc. American Depositary Shares,$13.40,-0.42,-3.039%,"617,474,693"
SOUNW,"SoundHound AI, Inc. Warrant",$1.39,UNCH,--,"617,312,683"
ABTC,American Bitcoin Corp. Class A Common Stock,$8.47,0.57,7.215%,"616,782,969"
SLN,Silence Therapeutics Plc American Depository Share,$13.17,-0.44,-3.233%,"616,356,000"
BRSP,"BrightSpire Capital, Inc. Class A Common Stock",$4.86,-0.05,-1.018%,"614,907,515"
DNUT,"Krispy Kreme, Inc. Common Stock",$3.54,0.04,1.143%,"614,190,000"
BRUNW,Boost Run Inc. Warrant,$7.71,0.05,0.653%,"612,848,170"
NCDL,Nuveen Churchill Direct Lending Corp. Common Stock,$12.37,0.02,0.162%,"610,917,994"
BME,Blackrock Health Sciences Trust,$45.80,0.17,0.373%,"610,652,224"
VINP,Vinci Compass Investments Ltd. Class A Common Shares,$9.33,-0.01,-0.107%,"610,388,174"
SPT,"Sprout Social, Inc Class A Common Stock",$10.07,0.04,0.399%,"610,163,575"
OPFI,OppFi Inc. Class A Common Stock,$7.16,-0.02,-0.279%,"610,091,049"
FBIOP,"Fortress Biotech, Inc. 9.375% Series A Cumulative Redeemable Perpetual Preferred Stock",$18.27,0.065,0.357%,"609,322,642"
UROY,Uranium Royalty Corp. Common Stock,$4.15,-0.04,-0.955%,"607,902,404"
RGR,"Sturm, Ruger & Company, Inc. Common Stock",$37.97,-0.23,-0.602%,"606,694,380"
CTKB,"Cytek Biosciences, Inc. Common Stock",$4.66,-0.04,-0.851%,"605,721,959"
ASPI,ASP Isotopes Inc. Common Stock,$3.95,-0.14,-3.423%,"605,572,051"
WTI,"W&T Offshore, Inc. Common Stock",$4.01,0.15,3.886%,"605,281,238"
RILYZ,"BRC Group Holdings, Inc. 5.25% Senior Notes due 2028",$19.80,-0.14,-0.702%,"603,841,907"
TRTX,"TPG RE Finance Trust, Inc. Common Stock",$7.86,-0.06,-0.758%,"603,404,411"
CBIO,"Crescent Biopharma, Inc. Common Stock",$16.23,-1.09,-6.293%,"602,846,146"
REAX,"The Real Brokerage, Inc. Common Shares",$2.75,-0.04,-1.434%,"602,800,000"
CTNM,"Contineum Therapeutics, Inc. Class A Common Stock",$16.02,UNCH,--,"602,690,535"
HYLN,Hyliion Holdings Corp. Class A Common Stock,$3.37,-0.30,-8.174%,"601,872,625"
FWRD,Forward Air Corporation Common Stock,$17.79,-0.73,-3.942%,"600,961,535"
BWB,"Bridgewater Bancshares, Inc. Common Stock",$21.55,-0.06,-0.278%,"600,896,386"
BWAY,BrainsWay Ltd. American Depositary Shares,$14.97,-0.20,-1.318%,"599,294,399"
NPB,"Northpointe Bancshares, Inc. Common Stock",$17.32,0.28,1.643%,"598,957,503"
CBNK,"Capital Bancorp, Inc. Common Stock",$36.66,0.37,1.02%,"597,208,117"
RWT,"Redwood Trust, Inc. Common Stock",$4.75,-0.08,-1.656%,"596,659,052"
SFST,"Southern First Bancshares, Inc. Common Stock",$62.82,0.31,0.496%,"595,015,649"
GAU,Galiano Gold Inc.,$2.27,0.06,2.715%,"593,813,304"
UNTY,"Unity Bancorp, Inc. Common Stock",$59.11,UNCH,--,"593,616,786"
NUAI,"New Era Energy & Digital, Inc. Common Stock",$5.57,0.17,3.148%,"593,535,518"
NDMO,Nuveen Dynamic Municipal Opportunities Fund Common Shares of Beneficial Interest,$9.96,-0.08,-0.797%,"592,273,731"
KRUS,"Kura Sushi USA, Inc. Class A Common Stock",$48.73,-1.46,-2.909%,"592,061,508"
IIM,Invesco Value Municipal Income Trust Common Stock,$12.56,-0.06,-0.475%,"591,179,594"
HY,"Hyster-Yale, Inc. Class A common stock",$32.93,-0.27,-0.813%,"590,447,644"
ARVN,"Arvinas, Inc. Common Stock",$9.025,-0.655,-6.767%,"590,110,374"
GCBC,"Greene County Bancorp, Inc. Common Stock",$34.66,0.29,0.844%,"590,103,310"
WHFCL,"WhiteHorse Finance, Inc. 7.875% Notes due 2028",$25.3499,0.0199,0.079%,"589,209,956"
NOAH,Noah Holdings Limited American Depositary Shares,$8.78,-0.06,-0.679%,"588,713,548"
IIIN,"Insteel Industries, Inc. Common Stock",$30.36,-0.85,-2.723%,"587,716,379"
PRME,"Prime Medicine, Inc. Common Stock",$3.24,-0.30,-8.475%,"587,661,013"
DCBO,Docebo Inc. Common Shares,$23.49,0.31,1.337%,"584,888,081"
CTRN,"Citi Trends, Inc. Common Stock",$70.15,-0.76,-1.072%,"584,338,837"
ETD,Ethan Allen Interiors Inc. Common Stock,$22.93,0.30,1.326%,"583,484,553"
WEAV,"Weave Communications, Inc. Common Stock",$7.29,-0.02,-0.274%,"583,193,578"
EIKN,"Eikon Therapeutics, Inc. Common Stock",$10.75,-1.26,-10.491%,"582,274,073"
DCTH,"Delcath Systems, Inc. Common Stock",$16.75,-0.40,-2.332%,"581,204,816"
RYAM,Rayonier Advanced Materials Inc. Common Stock,$8.58,-0.15,-1.718%,"580,387,305"
KELYA,"Kelly Services, Inc. Class A Common Stock",$16.71,0.18,1.089%,"580,370,768"
MBUU,"Malibu Boats, Inc. Class A Common Stock",$29.53,-0.12,-0.405%,"579,882,175"
MEC,"Mayville Engineering Company, Inc. Common Stock",$22.65,0.06,0.266%,"577,582,497"
CTEV,Claritev Corporation Class A Common Stock,$34.08,-1.31,-3.702%,"577,569,539"
MSIF,"MSC Income Fund, Inc. Common Stock",$12.72,0.13,1.033%,"576,791,313"
ITRG,Integra Resources Corp. Common Shares,$2.84,0.01,0.353%,"576,159,519"
FBIZ,"First Business Financial Services, Inc. Common Stock",$68.81,0.17,0.248%,"575,824,099"
BTBT,"Bit Digital, Inc. Ordinary Shares",$1.595,0.195,13.929%,"575,210,437"
OSPN,OneSpan Inc. Common Stock,$15.59,-0.18,-1.141%,"574,525,377"
UHT,Universal Health Realty Income Trust Common Stock,$41.30,0.20,0.487%,"574,015,649"
ALT,"Altimmune, Inc. Common Stock",$2.95,-0.17,-5.449%,"573,827,218"
NTGR,"NETGEAR, Inc. Common Stock",$21.10,-0.50,-2.315%,"573,477,343"
CIVB,"Civista Bancshares, Inc. Common Stock",$27.54,0.05,0.182%,"572,673,315"
NRIM,Northrim BanCorp Inc Common Stock,$25.74,UNCH,--,"572,580,277"
NVRI,Enviri Corporation Common Stock,$20.31,-0.21,-1.023%,"572,541,317"
NMCO,Nuveen Municipal Credit Opportunities Fund Common Shares,$10.38,-0.04,-0.384%,"568,527,900"
HQL,abrdn Life Sciences Investors Shares of Beneficial Interest,$22.08,-0.59,-2.603%,"567,006,363"
KE,"Kimball Electronics, Inc. Common Stock",$23.57,-0.15,-0.632%,"566,833,162"
RFI,"Cohen & Steers Total Return Realty Fund, Inc. Common Stock",$11.52,UNCH,--,"566,076,995"
SPIR,"Spire Global, Inc. Class A Common Stock",$13.89,0.19,1.387%,"564,244,733"
AQST,"Aquestive Therapeutics, Inc. Common Stock",$4.495,-0.095,-2.07%,"564,174,858"
OOMA,"Ooma, Inc. Common Stock",$20.51,0.31,1.535%,"564,025,000"
CLB,Core Laboratories Inc. Common Stock,$12.29,-0.36,-2.846%,"563,921,021"
MGR,"Affiliated Managers Group, Inc. 5.875% Junior Subordinated Notes due 2059",$19.82,0.03,0.152%,"563,127,089"
CERS,Cerus Corporation Common Stock,$2.79,-0.06,-2.105%,"562,254,465"
VGM,Invesco Trust for Investment Grade Municipals Common Stock (DE),$10.35,0.02,0.194%,"561,300,869"
EBF,"Ennis, Inc. Common Stock",$22.15,-0.20,-0.895%,"560,356,725"
SLI,Standard Lithium Ltd. Common Shares,$2.27,-0.04,-1.732%,"560,200,048"
ADUR,Aduro Clean Technologies Inc. Common Stock,$15.85,0.46,2.989%,"559,714,680"
IMSR,Terrestrial Energy Inc. Common Stock  ,$5.27,-0.42,-7.381%,"558,278,789"
ENTX,Entera Bio Ltd. Ordinary Shares,$3.22,0.11,3.537%,"557,516,696"
DDL,Dingdong (Cayman) Limited American Depositary Shares (each two representing three Ordinary Shares),$2.36,0.07,3.057%,"557,497,337"
LAES,SEALSQ Corp Ordinary Shares,$2.50,-0.10,-3.846%,"556,934,998"
ILPT,Industrial Logistics Properties Trust Common Shares of Beneficial Interest,$8.34,-0.05,-0.596%,"556,660,648"
YORW,York Water Company (The) Common Stock,$34.20,0.36,1.064%,"555,017,470"
WRN,Western Copper and Gold Corporation Common Stock,$2.45,-0.04,-1.606%,"554,129,794"
BWBBP,"Bridgewater Bancshares, Inc. Depositary Shares, Each Representing a 1/100th Interest in a Share of 5.875% Non-Cumulative Perpetual Preferred Stock, Series A",$19.845,-0.01,-0.05%,"553,354,467"
BHFAM,"Brighthouse Financial, Inc. Depositary shares each representing a 1/1,000th Interest in a Share of 4.625% Non-Cumulative Preferred Stock, Series D",$9.61,-0.03,-0.311%,"552,686,120"
XMAX,"XMAX, Inc. Common Stock",$8.55,-0.34,-3.825%,"551,675,292"
EOLS,"Evolus, Inc. Common Stock",$8.35,-0.25,-2.907%,"551,521,174"
ZURA,Zura Bio Limited Class A Ordinary Shares,$5.75,-0.09,-1.541%,"551,017,538"
CSV,"Carriage Services, Inc. Common Stock",$34.53,0.07,0.203%,"548,415,681"
FLGT,"Fulgent Genetics, Inc. Common Stock",$19.92,0.18,0.912%,"548,104,637"
SPRY,"ARS Pharmaceuticals, Inc. Common Stock",$5.505,-0.875,-13.715%,"547,457,623"
SWMR,"Swarmer, Inc Common Stock",$45.91,0.71,1.571%,"547,373,453"
HBCP,"Home Bancorp, Inc. Common Stock",$69.43,-0.04,-0.058%,"546,466,173"
ARTV,"Artiva Biotherapeutics, Inc. Common Stock",$11.14,-0.56,-4.786%,"544,635,948"
TLRY,"Tilray Brands, Inc. Common Stock ",$4.67,-0.16,-3.313%,"544,160,542"
ITIC,Investors Title Company Common Stock,$288.16,-4.23,-1.447%,"544,044,927"
CABA,"Cabaletta Bio, Inc. Common Stock",$3.19,0.09,2.903%,"540,849,970"
VKQ,Invesco Municipal Trust Common Stock,$9.71,-0.04,-0.41%,"537,307,851"
GEMI,"Gemini Space Station, Inc. Class A Common Stock",$4.14,0.21,5.344%,"536,760,116"
OVID,Ovid Therapeutics Inc. Common Stock,$2.74,-0.19,-6.485%,"535,116,128"
TYG,Tortoise Energy Infrastructure Corporation Common Stock,$44.79,0.19,0.426%,"534,250,775"
AGCC,Agencia Comercial Spirits Ltd Class A Ordinary Shares,$14.32,-0.25,-1.716%,"533,942,680"
OLP,"One Liberty Properties, Inc. Common Stock",$24.41,-0.01,-0.041%,"532,748,836"
NVEC,NVE Corporation Common Stock,$110.095,-1.185,-1.065%,"532,547,791"
HNST,"The Honest Company, Inc. Common Stock",$4.96,-0.06,-1.195%,"532,130,520"
SD,"SandRidge Energy, Inc. Common Stock",$14.34,0.17,1.20%,"531,659,745"
RILYL,"BRC Group Holdings, Inc. Depositary Shares each representing 1/1000th in a share of 7.375% Series B Cumulative Perpetual Preferred Stock, par value $0.0001",$13.22,-0.08,-0.602%,"531,440,761"
EVH,"Evolent Health, Inc Class A Common Stock",$4.70,0.12,2.62%,"531,378,875"
SCTX,Scribe Therapeutics Inc. Common Stock,$32.83,1.78,5.733%,"531,255,388"
IQI,Invesco Quality Municipal Income Trust Common Stock,$10.04,-0.04,-0.397%,"530,953,322"
TCMD,"Tactile Systems Technology, Inc. Common Stock",$23.43,-0.17,-0.72%,"530,743,061"
ESEA,Euroseas Ltd. Common Stock (Marshall Islands),$75.02,0.47,0.63%,"529,332,193"
URG,Ur Energy Inc Common Shares (Canada),$1.33,-0.07,-5.00%,"529,158,748"
BDN,Brandywine Realty Trust Common Stock,$3.03,-0.04,-1.303%,"528,967,998"
CLMB,"Climb Global Solutions, Inc. Common Stock",$28.28,-0.08,-0.282%,"527,722,871"
SRTA,"Strata Critical Medical, Inc. Class A Common Stock",$5.96,0.07,1.188%,"527,262,164"
BWFG,"Bankwell Financial Group, Inc. Common Stock",$66.06,0.42,0.64%,"526,628,470"
MSBIP,"Midland States Bancorp, Inc. Depositary Shares Each Representing a 1/40th Interest in a Share of 7.750% Fixed-Rate Reset Non-Cumulative Perpetual Preferred Stock, Series A",$25.33,-0.07,-0.276%,"525,650,997"
QUAD,"Quad Graphics, Inc Class A Common Stock",$10.21,0.09,0.889%,"525,419,893"
DDD,3D Systems Corporation Common Stock,$3.16,-0.25,-7.331%,"525,024,605"
OIS,"Oil States International, Inc. Common Stock",$8.70,-0.18,-2.027%,"524,806,785"
SLDP,"Solid Power, Inc. Class A Common Stock",$2.29,-0.03,-1.293%,"522,534,975"
BMM,Blue Moon Metals Inc. Common Shares,$4.96,-0.23,-4.432%,"520,120,485"
PRLD,Prelude Therapeutics Incorporated Common Stock,$6.50,0.72,12.457%,"518,722,653"
PANL,Pangaea Logistics Solutions Ltd. Common Shares,$7.90,0.08,1.023%,"517,242,799"
BUUU,BUUU Group Limited Class A Ordinary Share,$31.00,2.60,9.155%,"516,925,000"
IPI,"Intrepid Potash, Inc Common Stock",$38.28,1.29,3.487%,"515,121,481"
ARKO,ARKO Corp. Common Stock,$4.59,-0.08,-1.713%,"514,932,459"
ONT,"Onterris, Inc. Common Stock",$14.66,-1.96,-11.793%,"514,821,436"
RILYP,"BRC Group Holdings, Inc. Depositary Shares, each representing a 1/1000th fractional interest in a share of Series A Cumulative Perpetual Preferred Stock",$12.80,0.15,1.186%,"514,556,864"
ETO,Eaton Vance Tax-Advantage Global Dividend Opp Common Stock,$31.39,-0.13,-0.412%,"514,423,652"
BSRR,Sierra Bancorp Common Stock,$39.67,-0.05,-0.126%,"514,257,959"
MEI,"Methode Electronics, Inc. Common Stock",$14.47,0.26,1.83%,"513,277,033"
OXM,"Oxford Industries, Inc. Common Stock",$34.36,-1.13,-3.184%,"513,026,824"
CCOI,"Cogent Communications Holdings, Inc.",$10.01,-0.355,-3.425%,"512,669,517"
BTQ,BTQ Technologies Corp. Common Stock,$3.48,-0.11,-3.064%,"511,840,756"
ULH,"Universal Logistics Holdings, Inc. Common Stock",$19.41,-0.36,-1.821%,"511,799,095"
OBT,"Orange County Bancorp, Inc. Common Stock",$38.14,0.40,1.06%,"511,379,709"
LMB,"Limbach Holdings, Inc. Common Stock",$42.75,-0.95,-2.174%,"509,793,451"
ROMA,Roma Green Finance Limited Class A Ordinary Shares,$8.5401,-0.2749,-3.119%,"508,687,393"
ELMT,The Elmet Group Co. Common Stock,$16.67,-0.52,-3.025%,"507,759,832"
GTN,"Gray Media, Inc. Common Stock",$4.91,-0.09,-1.80%,"505,653,321"
ARQQ,Arqit Quantum Inc. Ordinary Shares,$20.94,-0.59,-2.74%,"504,456,850"
AMCX,AMC Global Media Inc. Class A Common Stock,$12.19,0.07,0.578%,"502,837,146"
KYTX,"Kyverna Therapeutics, Inc. Common Stock",$8.13,-0.74,-8.343%,"502,787,200"
AIIO,Robo.ai Inc. Class B Ordinary Shares,$2.97,0.14,4.947%,"502,123,766"
GLRE,"Greenlight Capital Re, Ltd. Class A Ordinary Shares",$15.38,0.14,0.919%,"502,023,871"
VCV,Invesco California Value Municipal Income Trust Common Stock,$10.47,-0.06,-0.57%,"501,413,797"
AII,"American Integrity Insurance Group, Inc. Common Stock",$25.56,0.69,2.774%,"500,807,994"
CMCO,Columbus McKinnon Corporation Common Stock,$17.33,-0.36,-2.035%,"500,217,349"
PBAM,"Private Bancorp of America, Inc. Common Stock",$87.20,-0.07,-0.08%,"497,152,575"
COFS,"ChoiceOne Financial Services, Inc. Common Stock",$33.24,0.015,0.045%,"497,121,485"
CCCC,"C4 Therapeutics, Inc. Common Stock",$4.03,-0.18,-4.276%,"495,791,298"
BALY,Bally's Corporation Common Stock,$9.82,0.98,11.086%,"495,610,706"
HUYA,"HUYA Inc. American depositary shares, each  representing one Class A ordinary share",$2.17,-0.04,-1.81%,"495,554,422"
RLMD,"Relmada Therapeutics, Inc. Common Stock",$4.64,-0.19,-3.934%,"494,948,085"
AHRT,"AH Realty Trust, Inc. Common Stock",$6.63,-0.09,-1.339%,"494,551,537"
JOUT,Johnson Outdoors Inc. Class A Common Stock,$47.12,-0.85,-1.772%,"493,802,050"
FAC,Factorial Energy Inc. Class A Common Stock,$4.61,-0.35,-7.056%,"493,377,159"
BSVN,Bank7 Corp. Common stock,$51.76,0.36,0.70%,"493,058,307"
IDR,"Idaho Strategic Resources, Inc. Common Stock",$31.12,-1.73,-5.266%,"492,510,410"
EVMN,"Evommune, Inc. Common Stock",$13.57,-1.44,-9.594%,"492,483,973"
AXG,Solowin Holdings Class A Ordinary Share,$2.55,0.04,1.594%,"492,414,759"
FTHY,First Trust High Yield Opportunities 2027 Term Fund Common Stock,$13.38,-0.03,-0.224%,"492,022,593"
PDLB,"Ponce Financial Group, Inc. Common Stock",$20.31,0.19,0.944%,"491,256,269"
XRN,Chiron Real Estate Inc. Common Stock,$37.03,0.16,0.434%,"490,196,845"
MPLT,"MapLight Therapeutics, Inc. Common Stock",$11.23,-0.92,-7.572%,"490,193,105"
IQMXW,IQM Quantum Computers Oyj Warrants to purchase American Depositary Shares,$2.58,-0.065,-2.457%,"488,900,242"
CPS,Cooper-Standard Holdings Inc. Common Stock,$27.49,-0.98,-3.442%,"488,475,528"
GRVY,"GRAVITY Co., Ltd. American Depository Shares",$70.25,0.95,1.371%,"488,160,225"
FVR,"FrontView REIT, Inc. Common Stock",$19.86,0.21,1.069%,"485,695,227"
WTBA,West Bancorporation Common Stock,$28.46,0.34,1.209%,"485,064,926"
IBEX,IBEX Limited Common Shares,$36.13,0.36,1.006%,"483,748,761"
NRC,NRC Health Common Stock,$21.82,-0.16,-0.728%,"482,648,930"
CMCL,Caledonia Mining Corporation Plc Common Shares,$24.91,0.56,2.30%,"481,636,818"
NPCE,"Neuropace, Inc. Common Stock",$14.02,-0.62,-4.235%,"481,226,321"
ASTL,Algoma Steel Group Inc. Common Shares,$4.56,-0.23,-4.802%,"480,572,103"
ATNI,"ATN International, Inc. Common Stock",$31.14,-0.74,-2.321%,"479,660,537"
CMDB,Costamare Bulkers Holdings Limited Common Stock,$19.83,0.75,3.931%,"479,498,760"
BLSM,"BlossomHill Therapeutics, Inc. Common Stock",$15.80,-0.37,-2.288%,"477,997,953"
AMSF,"AMERISAFE, Inc. Common Stock",$25.70,-0.48,-1.833%,"476,376,691"
QNC,Quantum eMotion Corp. Common Shares,$2.17,-0.06,-2.691%,"476,140,684"
RMNI,"Rimini Street, Inc. (DE) Common Stock",$5.10,0.04,0.791%,"476,115,600"
WNC,Wabash National Corporation Common Stock,$11.67,-0.49,-4.03%,"475,402,809"
GUT,Gabelli Utility Trust (The) Common Stock,$6.46,-0.04,-0.615%,"474,157,727"
BBW,"Build-A-Bear Workshop, Inc. Common Stock",$37.78,-1.80,-4.548%,"473,664,597"
CINT,CI&T Inc Class A Common Shares,$3.67,-0.01,-0.272%,"473,025,394"
PHOE,Phoenix Asia Holdings Limited Ordinary Shares,$21.89,-0.41,-1.839%,"472,824,000"
VHI,"Valhi, Inc. Common Stock",$16.68,-0.56,-3.248%,"472,397,499"
CWCO,Consolidated Water Co. Ltd. Ordinary Shares,$29.49,-0.20,-0.674%,"472,219,389"
QTTB,Q32 Bio Inc. Common Stock,$15.86,0.02,0.126%,"472,143,731"
OCGN,"Ocugen, Inc. Common Stock",$1.39,-0.09,-6.081%,"471,363,457"
PBYI,Puma Biotechnology Inc Common Stock,$9.11,-0.38,-4.004%,"470,258,801"
TATT,TAT Technologies Ltd. Ordinary Shares,$36.20,-2.30,-5.974%,"469,989,559"
GMTL,Guardian Metal Resources PLC ADS,$12.11,-0.27,-2.181%,"469,887,328"
ASIX,AdvanSix Inc. Common Stock ,$17.33,0.28,1.642%,"467,930,553"
LOCO,"El Pollo Loco Holdings, Inc. Common Stock",$15.37,0.04,0.261%,"467,754,242"
SPCE,"Virgin Galactic Holdings, Inc. Common Stock",$3.08,-0.13,-4.05%,"466,915,381"
SENS,"Senseonics Holdings, Inc. Common Stock",$8.82,-0.29,-3.183%,"466,349,147"
EYPT,"EyePoint, Inc. Common Stock",$5.40,-0.90,-14.286%,"465,545,545"
CBK,"Commercial Bancgroup, Inc. Common Stock",$33.93,0.11,0.325%,"464,884,091"
FMAO,"Farmers & Merchants Bancorp, Inc. Common Stock",$33.74,0.24,0.716%,"464,706,486"
PRTA,Prothena Corporation plc Ordinary Shares,$9.03,-0.26,-2.799%,"463,572,875"
CLPT,"ClearPoint Neuro, Inc. Common Stock",$15.19,-0.77,-4.825%,"463,359,208"
KMDA,Kamada Ltd. Ordinary Shares,$8.02,0.13,1.648%,"462,642,169"
CZNC,Citizens & Northern Corp Common Stock,$25.70,0.12,0.469%,"460,926,082"
ZKH,"ZKH Group Limited American Depositary Shares, each representing thirty-five (35) Class A Ordinary Shares",$2.90,UNCH,--,"460,866,019"
PRTH,"Priority Technology Holdings, Inc. Common Stock",$5.59,-0.04,-0.71%,"460,841,679"
MGRB,"Affiliated Managers Group, Inc. 4.750% Junior Subordinated Notes due 2060",$16.20,0.005,0.031%,"460,275,421"
SI,"Shoulder Innovations, Inc. Common Stock",$22.10,-1.16,-4.987%,"460,098,950"
EVGO,EVgo Inc. Class A Common Stock,$1.46,-0.07,-4.575%,"459,192,951"
BRBI,BRBI BR Partners S.A. ADSs,$9.14,-0.39,-4.092%,"458,248,030"
ETB,Eaton Vance Tax-Managed Buy-Write Income Fund Eaton Vance Tax-Managed Buy-Write Income Fund Common Shares of Beneficial Interest,$15.60,-0.06,-0.383%,"458,193,809"
NGS,"Natural Gas Services Group, Inc. Common Stock",$35.52,0.30,0.852%,"458,147,083"
LXFR,Luxfer Holdings PLC Ordinary Shares,$17.12,0.01,0.058%,"458,118,206"
FISN,"Deep Fission, Inc. Common Stock",$7.77,-0.23,-2.875%,"457,699,138"
FRBA,First Bank Common Stock,$18.18,0.06,0.331%,"456,943,447"
VITL,"Vital Farms, Inc. Common Stock",$10.62,-0.25,-2.30%,"455,932,764"
OTLY,Oatly Group AB American Depositary Shares,$14.24,0.26,1.86%,"454,430,554"
NMG,Nouveau Monde Graphite Inc. Common Shares,$1.38,-0.04,-2.817%,"454,236,425"
CBAN,"Colony Bankcorp, Inc. Common Stock",$21.38,-0.06,-0.28%,"453,704,232"
BLW,Blackrock Limited Duration Income Trust,$12.69,-0.07,-0.549%,"453,175,801"
BBCP,"Concrete Pumping Holdings, Inc. Common Stock",$8.98,-0.05,-0.554%,"452,532,912"
HBB,Hamilton Beach Brands Holding Company Class A Common Stock ,$33.65,-0.04,-0.119%,"452,334,472"
EDIT,"Editas Medicine, Inc. Common Stock",$2.94,-0.31,-9.538%,"451,525,303"
CARL,"Carlsmed, Inc. Common Stock",$16.50,0.98,6.314%,"450,495,260"
STRZ,Starz Entertainment Corp. Common Shares,$26.28,-0.87,-3.204%,"450,023,214"
RBB,RBB Bancorp Common Stock,$26.59,0.19,0.72%,"449,795,483"
SGHT,"Sight Sciences, Inc. Common Stock",$8.15,-0.32,-3.778%,"448,967,119"
RZLT,"Rezolute, Inc. Common Stock (NV)",$4.66,-0.06,-1.271%,"448,722,262"
DNA,"Ginkgo Bioworks Holdings, Inc. Class A Common Stock",$6.96,-0.75,-9.728%,"447,808,328"
BNTC,Benitec Biopharma Inc. Common Stock,$13.01,-0.37,-2.765%,"446,949,885"
PSNYW,Polestar Automotive Holding UK PLC Class C-1 ADS (ADW),$2.72,-0.05,-1.805%,"446,841,951"
GLAD,Gladstone Capital Corporation Common Stock,$19.73,0.07,0.356%,"445,761,251"
SFIX,"Stitch Fix, Inc. Class A Common Stock",$3.34,-0.02,-0.595%,"445,642,359"
EPRX,Eupraxia Pharmaceuticals Inc. Common Stock,$6.76,-0.25,-3.566%,"445,528,832"
TRC,Tejon Ranch Co Common Stock,$16.46,-0.07,-0.423%,"444,772,968"
BIOA,"BioAge Labs, Inc. Common Stock",$9.69,-1.06,-9.86%,"444,741,048"
CGC,Canopy Growth Corporation Common Shares,$1.05,0.01,0.962%,"444,189,559"
ADV,Advantage Solutions Inc. Class A Common Stock,$34.48,0.37,1.085%,"442,110,490"
FPI,Farmland Partners Inc. Common Stock,$10.12,0.11,1.099%,"441,542,907"
FIP,FTAI Infrastructure Inc. Common Stock ,$3.73,-0.33,-8.128%,"440,817,879"
GFUZ,General Fusion Group Ltd. Common Shares,$6.935,-0.195,-2.735%,"440,683,133"
ACTG,Acacia Research Corporation (Acacia Tech) Common Stock,$4.51,-0.04,-0.879%,"440,116,491"
IIIV,"i3 Verticals, Inc. Class A Common Stock",$16.65,0.16,0.97%,"438,261,450"
KREF,KKR Real Estate Finance Trust Inc. Common Stock,$7.48,-0.03,-0.399%,"438,163,051"
AVBC,"Avidia Bancorp, Inc. Common Stock",$21.89,-0.11,-0.50%,"437,149,998"
BMRC,Bank of Marin Bancorp Common Stock,$26.95,-0.18,-0.663%,"436,434,984"
ACIC,American Coastal Insurance Corporation Common Stock,$9.21,-0.24,-2.54%,"435,373,536"
DIN,"Dine Brands Global, Inc. Common Stock",$34.38,0.59,1.746%,"435,221,577"
HQWWW,Horizon Quantum Holdings Ltd. Warrant,$8.06,-0.23,-2.774%,"435,014,965"
PACK,Ranpak Holdings Corp Class A Common Stock,$5.05,-0.03,-0.591%,"433,079,359"
CAL,"Caleres, Inc. Common Stock",$12.89,-0.85,-6.186%,"432,971,800"
BRCB,"Black Rock Coffee Bar, Inc. Class A Common Stock",$8.64,-0.17,-1.93%,"432,627,947"
CURR,Currenc Group Inc. Ordinary Shares,$3.85,-0.20,-4.938%,"432,285,257"
LRMR,"Larimar Therapeutics, Inc. Common Stock",$4.16,-0.09,-2.118%,"432,153,018"
TWI,"Titan International, Inc. (DE) Common Stock",$6.67,0.14,2.144%,"430,497,488"
EVN,Eaton Vance Municipal Income Trust Common Stock,$10.84,-0.04,-0.368%,"429,992,047"
MAGN,Magnera Corporation Common Stock,$12.01,-0.02,-0.166%,"429,958,000"
AVIR,"Atea Pharmaceuticals, Inc. Common Stock",$5.36,-0.23,-4.114%,"429,897,187"
MFI,mF International Limited Class A Ordinary Shares,$8.56,0.06,0.706%,"429,510,712"
TREE,"LendingTree, Inc. Common Stock",$30.59,-0.63,-2.018%,"429,470,171"
PROK,ProKidney Corp. Class A Ordinary Shares,$1.42,-0.06,-4.054%,"429,298,170"
PLBC,Plumas Bancorp,$61.63,0.66,1.082%,"428,884,156"
WEYS,"Weyco Group, Inc. Common Stock",$44.90,-0.90,-1.965%,"428,839,137"
FLXS,"Flexsteel Industries, Inc. Common Stock",$80.03,1.86,2.379%,"428,603,146"
HVT,"Haverty Furniture Companies, Inc. Common Stock",$27.46,-0.81,-2.865%,"428,200,970"
MASS,908 Devices Inc. Common Stock,$10.35,0.11,1.074%,"427,803,847"
CHCT,Community Healthcare Trust Incorporated Common Stock,$14.87,0.08,0.541%,"426,082,631"
PBFS,"Pioneer Bancorp, Inc. Common Stock",$17.12,-0.07,-0.407%,"425,289,271"
ZIP,"ZipRecruiter, Inc. Class A Common Stock",$5.17,0.18,3.607%,"425,109,263"
CMPX,"Compass Therapeutics, Inc. Common Stock",$2.36,-0.12,-4.839%,"425,007,479"
IMXI,"International Money Express, Inc. Common Stock",$14.05,-0.12,-0.847%,"424,473,359"
ASPN,"Aspen Aerogels, Inc. Common Stock",$5.11,-0.34,-6.239%,"424,072,686"
VELO,"Velo3D, Inc. Common stock",$13.17,-0.72,-5.184%,"423,403,884"
GRRR,Gorilla Technology Group Inc. Ordinary shares,$15.25,0.66,4.524%,"423,301,479"
ECX,ECARX Holdings Inc. Class A Ordinary shares,$1.11,-0.01,-0.893%,"422,976,582"
TITN,Titan Machinery Inc. Common Stock,$18.09,0.31,1.744%,"421,536,436"
FRPH,"FRP Holdings, Inc. Common Stock",$21.94,-0.13,-0.589%,"421,210,724"
CYH,"Community Health Systems, Inc. Common Stock",$2.98,0.06,2.055%,"420,207,884"
PSFE,Paysafe Limited Common Shares,$6.59,-0.15,-2.226%,"419,627,364"
MGRD,"Affiliated Managers Group, Inc. 4.200% Junior Subordinated Notes due 2061",$14.71,-0.04,-0.271%,"417,941,447"
BNED,"Barnes & Noble Education, Inc Common Stock",$12.03,0.07,0.585%,"417,019,709"
FHTX,Foghorn Therapeutics Inc. Common Stock,$7.01,-0.05,-0.708%,"416,291,058"
BOC,Boston Omaha Corporation Class A Common Stock,$13.81,0.06,0.436%,"416,047,876"
USCB,"USCB Financial Holdings, Inc. Class A Common Stock",$22.50,0.13,0.581%,"415,675,575"
LXEO,"Lexeo Therapeutics, Inc. Common Stock",$5.06,-0.31,-5.773%,"415,154,050"
SHOE,"Shoe Station Group, Inc. Common Stock",$15.29,-0.58,-3.655%,"415,143,499"
ISTR,Investar Holding Corporation Common Stock,$30.09,0.24,0.804%,"414,550,712"
MRAM,"Everspin Technologies, Inc. Common Stock",$16.97,-0.47,-2.695%,"413,219,653"
SGU,Star Group L.P. Common Stock,$12.58,-0.03,-0.238%,"412,765,097"
MCFT,"MasterCraft Boat Holdings, Inc. Common Stock",$25.32,0.08,0.317%,"412,206,815"
CDRO,"Codere Online Luxembourg, S.A. Ordinary Shares",$9.05,0.03,0.333%,"411,502,731"
SERV,Serve Robotics Inc. Common Stock,$4.74,-0.04,-0.837%,"410,993,583"
DDT,Dillard's Capital Trust I,$26.28,-0.035,-0.133%,"410,479,698"
OFIX,Orthofix Medical Inc. Common Stock (DE),$10.01,-0.47,-4.485%,"407,733,406"
RNGR,"Ranger Energy Services, Inc. Class A Common Stock",$17.40,-0.11,-0.628%,"407,195,200"
AIOT,"PowerFleet, Inc. Common Stock",$3.02,-0.03,-0.984%,"405,362,272"
RLGT,"Radiant Logistics, Inc. Common Stock",$8.65,-0.13,-1.481%,"405,093,911"
GORO,Goldgroup Mining Inc. Common Shares,$3.00,0.17,6.007%,"404,679,621"
WILC,"G. Willi-Food International,  Ltd. Ordinary Shares",$28.89,0.46,1.618%,"402,446,656"
PCTTW,"PureCycle Technologies, Inc. Warrant",$2.00,UNCH,--,"401,809,620"
PKBK,"Parke Bancorp, Inc. Common Stock",$34.15,0.28,0.827%,"401,654,201"
FRST,Primis Financial Corp. Common Stock,$16.17,0.03,0.186%,"401,000,994"
GOTU,Gaotu Techedu Inc. American Depositary Shares,$1.68,0.02,1.205%,"400,582,295"
METCB,"Ramaco Resources, Inc. Class B Common Stock",$6.31,-0.40,-5.961%,"399,979,788"
SDHY,PGIM Short Duration High Yield Opportunities Fund Common Shares,$16.21,-0.08,-0.491%,"399,950,238"
HCMA,HCM III Acquisition Corp. Class A Ordinary Share,$10.295,UNCH,--,"399,574,688"
XFOR,"X4 Pharmaceuticals, Inc. Common Stock",$4.03,-0.13,-3.125%,"399,561,374"
FSTR,L.B. Foster Company Common Stock,$37.95,0.95,2.568%,"399,225,006"
CHMG,Chemung Financial Corp Common Stock,$82.70,1.06,1.298%,"398,735,734"
GBLI,"Global Indemnity Group, LLC Class A Common Stock ",$27.22,0.04,0.147%,"398,517,513"
NATH,"Nathan's Famous, Inc. Common Stock",$97.25,UNCH,--,"398,497,532"
OPTU,"Optimum Communications, Inc. Class A common stock",$0.8731,0.0126,1.464%,"397,771,137"
FENC,Fennec Pharmaceuticals Inc. Common Stock,$11.35,-0.52,-4.381%,"397,635,900"
DGXX,Digi Power X Inc. Subordinate Voting Shares,$3.92,0.34,9.497%,"397,461,952"
CAPR,"Capricor Therapeutics, Inc. Common Stock",$6.835,-1.145,-14.348%,"397,379,990"
DSC,DSC Holdings Ltd. American Depositary Shares,$7.93,0.55,7.453%,"397,074,862"
OPI,Office Properties Income Trust Common shares of beneficial interest,$18.06,0.08,0.445%,"396,481,601"
EH,EHang Holdings Limited ADS,$5.50,-0.26,-4.514%,"395,916,719"
ERII,"Energy Recovery, Inc. Common Stock",$7.75,-0.155,-1.961%,"395,597,781"
GNE,Genie Energy Ltd. Class B Common Stock Stock,$15.03,0.03,0.20%,"395,583,934"
FNLC,"First Bancorp, Inc  (ME) Common Stock",$35.04,0.51,1.477%,"395,333,194"
SAZ,Saratoga Investment Corp 8.50% Notes due 2028,$25.18,0.02,0.079%,"394,523,539"
CCAP,"Crescent Capital BDC, Inc. Common stock",$10.68,-0.13,-1.203%,"393,514,767"
VKI,Invesco Advantage Municipal Income Trust II Common Shares of Beneficial Interest (DE),$8.86,-0.08,-0.895%,"393,437,337"
SAJ,Saratoga Investment Corp 8.00% Notes due 2027,$25.0999,0.0399,0.159%,"393,268,521"
CNCK,Coincheck Group N.V. Ordinary Shares,$2.05,0.02,0.985%,"393,185,845"
SAY,Saratoga Investment Corp 8.125% Notes due 2027,$25.08,-0.05,-0.199%,"392,956,725"
LWAY,"Lifeway Foods, Inc. Common Stock",$25.91,0.87,3.474%,"391,415,815"
LSAK,"Lesaka Technologies, Inc. Common Stock",$4.56,-0.12,-2.564%,"391,233,381"
SAT,Saratoga Investment Corp 6.00% Notes due 2027,$24.97,0.03,0.12%,"391,233,231"
CUVL,Clinuvel Pharmaceuticals Limited American Depositary Shares,$7.80,0.65,9.091%,"390,473,460"
ACCO,Acco Brands Corporation Common Stock,$4.23,-0.07,-1.628%,"390,461,013"
MVBF,MVB Financial Corp. Common Stock,$30.04,-0.26,-0.858%,"389,543,910"
NEGG,"Newegg Commerce, Inc. Common Shares",$18.56,0.06,0.324%,"389,266,731"
AUNA,Auna SA Class A Ordinary Shares,$5.25,-0.18,-3.315%,"388,568,066"
REI,"Ring Energy, Inc. Common Stock",$1.49,0.06,4.196%,"388,204,014"
CIX,CompX International Inc. Common Stock,$31.46,0.46,1.484%,"388,111,229"
FCBM,"First Carolina Financial Services, Inc. Common Stock",$12.49,-0.09,-0.715%,"388,049,961"
PCB,PCB Bancorp Common Stock,$27.59,-0.08,-0.289%,"387,490,569"
IHRT,"iHeartMedia, Inc. Class A Common Stock",$2.895,-0.215,-6.913%,"387,058,973"
CZFS,"Citizens Financial Services, Inc. Common Stock",$80.43,0.03,0.037%,"386,856,638"
GREEL,Vulcan Infrastructure and Power Inc. 8.50% Senior Notes due 2026,$24.65,UNCH,--,"386,349,729"
SOR,"Source Capital, Inc. Cmn Shs of BI",$46.29,-0.43,-0.92%,"386,266,118"
VOXR,Vox Royalty Corp. Common Stock,$5.54,0.14,2.593%,"385,003,873"
MTLS,Materialise NV American Depositary Shares,$6.51,-0.06,-0.913%,"384,527,381"
LEO,"BNY Mellon Strategic Municipals, Inc. Common Stock",$6.17,-0.04,-0.644%,"384,334,569"
ATLCZ,Atlanticus Holdings Corporation 9.25% Senior Notes due 2029,$25.38,UNCH,--,"383,883,896"
HTT,"High Templar Tech Limited American depositary shares, each representing one Class A ordinary share",$2.47,-0.03,-1.20%,"383,550,255"
TRX,TRX Gold Corporation Common Stock,$1.17,0.02,1.739%,"383,144,591"
ENTA,"Enanta Pharmaceuticals, Inc. Common Stock",$13.13,-0.38,-2.813%,"382,416,528"
PACB,"Pacific Biosciences of California, Inc. Common Stock",$1.23,-0.04,-3.15%,"382,321,834"
RCKT,"Rocket Pharmaceuticals, Inc. Common Stock",$3.48,-0.17,-4.658%,"382,015,598"
LND,Brasilagro Brazilian Agric Real Estate Co Sponsored ADR (Brazil),$3.72,0.11,3.047%,"381,982,412"
TACO,Berto Acquisition Corp. Ordinary Shares,$10.47,UNCH,--,"381,550,169"
MGPI,"MGP Ingredients, Inc.",$17.77,-0.30,-1.66%,"380,528,131"
CRMLW,Critical Metals Corp. Warrants,$2.59,-0.16,-5.818%,"380,441,870"
ATLCL,Atlanticus Holdings Corporation 6.125% Senior Notes due 2026,$25.1386,-0.0014,-0.006%,"380,232,612"
GCO,Genesco Inc. Common Stock,$34.15,-0.88,-2.512%,"379,303,128"
MSC,"Studio City International Holdings Limited American depositary shares, each representing four  Class A ordinary shares",$1.80,0.06,3.448%,"379,289,007"
AIV,Apartment Investment and Management Company Common Stock,$2.61,-0.02,-0.76%,"379,068,304"
SBC,SBC Medical Group Holdings Incorporated Common Stock,$3.68,-0.19,-4.91%,"378,476,750"
WSBF,"Waterstone Financial, Inc. Common Stock (MD)",$21.04,0.08,0.382%,"378,236,669"
LYEL,"Lyell Immunopharma, Inc. Common Stock",$15.35,-0.41,-2.602%,"376,153,914"
SOHU,Sohu.com Limited American Depositary Shares,$14.425,0.135,0.945%,"376,045,642"
TKNO,"Alpha Teknova, Inc. Common Stock",$7.00,-0.21,-2.913%,"375,817,722"
NOA,North American Construction Group Ltd. Common Shares (no par),$13.56,-0.04,-0.294%,"375,753,865"
UPB,"Upstream Bio, Inc. Common Stock",$6.85,-0.665,-8.849%,"375,181,631"
LAND,Gladstone Land Corporation Common Stock,$8.69,0.08,0.929%,"374,856,819"
GTE,Gran Tierra Energy Inc. Common Stock,$9.76,-0.05,-0.51%,"374,784,000"
IA,"Innovative Solutions and Support, Inc. Common Stock",$20.93,-0.75,-3.459%,"374,629,691"
CLFD,"Clearfield, Inc. Common Stock",$27.54,-0.35,-1.255%,"374,102,121"
MNRO,"Monro, Inc. Common Stock",$11.96,-0.61,-4.853%,"373,918,158"
PERI,Perion Network Ltd. Ordinary Shares,$9.50,-0.22,-2.263%,"373,638,031"
GEVO,"Gevo, Inc. Common Stock",$1.51,-0.03,-1.948%,"373,328,027"
NPWR,NET Power Inc. Class A Common Stock,$1.66,-0.01,-0.599%,"373,265,211"
XRX,Xerox Holdings Corporation Common Stock,$2.84,-0.01,-0.351%,"372,933,211"
CD,Chaince Digital Holdings Inc. Ordinary Shares,$3.39,-0.07,-2.023%,"372,912,882"
TMCR,The Metals Royalty Company Inc. Common Stock,$6.01,-0.40,-6.24%,"372,888,821"
OPAL,OPAL Fuels Inc. Class A Common Stock,$2.13,-0.08,-3.62%,"372,231,518"
ORN,"Orion Group Holdings, Inc. Common",$9.18,-0.43,-4.475%,"371,746,762"
SLP,"Simulations Plus, Inc. Common Stock",$18.38,0.01,0.054%,"371,732,522"
FWDI,"Forward Industries, Inc. Common Stock",$5.02,0.08,1.619%,"370,711,353"
LE,"Lands' End, Inc. Common Stock",$12.05,-0.36,-2.901%,"370,427,447"
AIRJ,AirJoule Technologies Corporation Class A Common Stock,$5.04,-0.22,-4.183%,"369,670,866"
BMBL,Bumble Inc. Class A Common Stock,$2.80,0.01,0.358%,"369,511,279"
MCI,Barings Corporate Investors Common Stock,$18.21,-0.17,-0.925%,"368,965,903"
HLLY,Holley Inc. Common Stock,$3.04,-0.10,-3.185%,"368,551,795"
NWFL,Norwood Financial Corp. Common Stock,$33.78,0.18,0.536%,"368,272,060"
ARTNA,Artesian Resources Corporation Class A Common Stock,$35.65,0.34,0.963%,"368,161,864"
HTZWW,"Hertz Global Holdings, Inc Warrant",$1.03,-0.04,-3.738%,"367,144,935"
SHIP,Seanergy Maritime Holdings Corp. Common Stock,$16.92,0.03,0.178%,"366,625,910"
CATX,"Perspective Therapeutics, Inc. Common Stock",$3.21,-0.27,-7.759%,"366,426,838"
ELA,Envela Corporation Common Stock,$14.10,-0.90,-6.00%,"366,085,012"
IPSC,"Century Therapeutics, Inc. Common Stock",$2.02,-0.09,-4.265%,"365,772,148"
HSAI,Hesai Group American Depositary Share,$18.62,0.85,4.783%,"365,748,489"
ATLCP,"Atlanticus Holdings Corporation 7.625% Series B Cumulative Perpetual Preferred Stock, no par value per share",$24.0813,-0.052,-0.215%,"365,314,236"
LZM,Lifezone Metals Limited Ordinary Shares,$4.06,0.01,0.247%,"365,053,101"
MOBI,"Mobia Medical, Inc. Common Stock",$10.95,-0.47,-4.116%,"364,537,501"
ALLT,Allot Ltd. Ordinary Shares,$7.45,-0.24,-3.121%,"364,477,088"
ZNTL,"Zentalis Pharmaceuticals, Inc. Common Stock",$3.84,0.02,0.524%,"363,527,301"
PTLO,Portillo's Inc. Class A Common Stock,$4.77,-0.14,-2.851%,"362,249,178"
API,"Agora, Inc. American Depositary Shares",$4.32,-0.08,-1.818%,"361,908,000"
NECB,"NorthEast Community Bancorp, Inc. Common Stock",$26.25,-0.10,-0.38%,"361,359,049"
ALIT,"Alight, Inc. Class A Common Stock",$13.41,-0.36,-2.614%,"361,253,237"
TDUP,ThredUp Inc. Class A Common Stock,$2.75,-0.20,-6.78%,"361,167,538"
NEWT,"NewtekOne, Inc. Common Stock",$12.50,-0.10,-0.794%,"361,059,138"
TSBK,"Timberland Bancorp, Inc. Common Stock",$46.33,0.32,0.696%,"360,246,698"
RR,Richtech Robotics Inc. Class B Common Stock,$1.60,-0.03,-1.84%,"360,163,109"
GALT,Galectin Therapeutics Inc. Common Stock,$3.57,-0.10,-2.725%,"360,033,229"
CRNC,Cerence Inc. Common Stock,$7.95,-0.17,-2.094%,"359,580,543"
WDH,Waterdrop Inc. American Depositary Shares (each representing the right to receive 10 Class A Ordinary Shares),$1.00,UNCH,--,"359,301,953"
CION,CION Investment Corporation Common Stock,$7.30,-0.02,-0.273%,"359,179,739"
PALI,"Palisade Bio, Inc. Common Stock",$2.06,-0.10,-4.63%,"358,997,349"
PESI,"Perma-Fix Environmental Services, Inc. Common Stock",$16.88,-0.42,-2.428%,"358,165,765"
FTW,Presidio Production Company Class A Common Stock,$11.43,-0.09,-0.781%,"358,054,065"
CVEO,Civeo Corporation (Canada) Common Shares,$34.61,0.67,1.974%,"357,758,690"
RBBN,Ribbon Communications Inc. Common Stock,$2.00,-0.03,-1.478%,"357,646,704"
GOGO,Gogo Inc. Common Stock,$2.63,-0.03,-1.128%,"356,385,677"
DRTSW,Alpha Tau Medical Ltd. Warrant,$3.85,-0.0499,-1.28%,"356,040,893"
VALU,"Value Line, Inc. Common Stock",$37.90,0.30,0.798%,"355,637,417"
ORBS,Eightco Holdings Inc. Common Stock,$0.8265,0.0821,11.029%,"355,211,021"
CLNE,Clean Energy Fuels Corp. Common Stock,$1.61,0.04,2.548%,"354,916,474"
OPTX,"Syntec Optics Holdings, Inc. Class A Common Stock",$8.79,0.365,4.332%,"354,060,128"
GASS,"StealthGas, Inc. Common Stock",$9.52,-0.17,-1.754%,"354,007,731"
KNOP,KNOT Offshore Partners LP Common Units representing Limited Partner Interests,$10.51,-0.09,-0.849%,"353,770,194"
PMO,Franklin Municipal Opportunities Trust Shares of Beneficial Interest,$10.41,-0.09,-0.857%,"353,748,112"
VGZ,Vista Gold Corp Common Stock,$2.42,-0.05,-2.024%,"353,250,657"
AVBH,"Avidbank Holdings, Inc. Common stock",$32.15,0.09,0.281%,"353,118,882"
TWIN,"Twin Disc, Incorporated Common Stock",$24.47,0.79,3.336%,"352,926,577"
DMAC,DiaMedica Therapeutics Inc. Common Stock,$6.52,-0.29,-4.258%,"351,595,544"
MPTI,"M-tron Industries, Inc. Common Stock",$80.78,-3.43,-4.073%,"351,108,331"
VOGX,Vogenx Inc Common Stock,$23.65,0.49,2.116%,"351,040,332"
FOA,Finance of America Companies Inc. Class A Common Stock,$20.28,-0.90,-4.249%,"350,983,729"
STRO,"Sutro Biopharma, Inc. Common Stock",$21.16,-0.75,-3.423%,"350,857,578"
BRBS,"Blue Ridge Bankshares, Inc. Common Stock",$3.91,-0.03,-0.761%,"350,683,415"
CLW,Clearwater Paper Corporation Common Stock,$21.71,0.58,2.745%,"350,133,756"
AIBZ,Bitzero Holdings Inc. Common Shares,$6.21,-0.52,-7.727%,"350,130,047"
CLLS,Cellectis S.A. American Depositary Shares,$3.47,0.30,9.464%,"348,829,648"
FNKO,"Funko, Inc. Class A Common Stock",$6.22,0.25,4.188%,"348,293,665"
KTF,DWS Municipal Income Trust,$8.80,-0.08,-0.901%,"347,608,254"
RCKY,"Rocky Brands, Inc. Common Stock",$46.38,-0.67,-1.424%,"347,474,832"
SEG,Seaport Entertainment Group Inc. Common Stock,$27.11,0.19,0.706%,"347,266,521"
RPAY,Repay Holdings Corporation Class A Common Stock,$3.86,0.17,4.607%,"346,862,097"
SNDL,SNDL Inc. Common Shares,$1.33,0.02,1.527%,"346,199,000"
PINE,"Alpine Income Property Trust, Inc. Common Stock",$19.63,-0.18,-0.909%,"345,894,577"
TRVG,trivago N.V. American Depositary Shares,$4.89,-0.01,-0.204%,"345,330,206"
BLND,"Blend Labs, Inc. Class A Common Stock",$1.46,-0.04,-2.667%,"345,309,446"
CUB,Lionheart Holdings Class A Ordinary Shares,$10.85,-0.01,-0.092%,"344,689,050"
OEC,Orion S.A. Common Shares,$6.09,0.02,0.329%,"344,223,237"
IRD,"Opus Genetics, Inc. Common Stock",$4.12,0.05,1.229%,"342,766,791"
PLAY,"Dave & Buster's Entertainment, Inc. Common Stock",$9.85,-0.12,-1.204%,"342,668,636"
PPT,Franklin Premier Income Trust Shares of Beneficial Interest,$3.44,UNCH,--,"342,377,225"
DCX,Digital Currency X Technology Inc. Class A Ordinary Shares,$0.9724,0.0564,6.157%,"341,873,654"
ABEO,Abeona Therapeutics Inc. Common Stock,$5.96,-0.17,-2.773%,"340,816,741"
MRLN,"Merlin, Inc. Common Stock",$3.37,0.055,1.659%,"340,598,432"
IMRX,Immuneering Corporation Class A Common Stock,$5.25,-0.08,-1.501%,"339,661,361"
YDES,YD Bio Limited Ordinary Shares,$4.7858,0.3158,7.065%,"338,984,656"
PNRG,PrimeEnergy Resources Corporation Common Stock,$213.97,0.625,0.293%,"338,628,922"
TCPC,BlackRock TCP Capital Corp. Common Stock,$4.03,-0.06,-1.467%,"338,128,183"
BKKT,"Bakkt, Inc. Class A Common Stock",$7.50,-0.24,-3.101%,"338,020,935"
AGEN,Agenus Inc. Common Stock,$7.49,-0.77,-9.322%,"337,202,848"
OPRT,Oportun Financial Corporation Common Stock,$7.33,-0.22,-2.914%,"337,086,564"
SABS,"SAB Biotherapeutics, Inc. Common Stock",$3.70,-0.08,-2.116%,"336,649,562"
PHOS,First Phosphate Corp. American Depositary Shares,$17.73,1.07,6.423%,"335,353,252"
FVCB,"FVCBankcorp, Inc. Common Stock",$18.53,0.21,1.146%,"334,173,819"
ELVA,Electrovaya Inc. Common Shares,$6.68,-0.64,-8.743%,"333,992,632"
STRT,STRATTEC SECURITY CORPORATION Common Stock,$79.41,-1.145,-1.421%,"331,838,429"
ELMD,"Electromed, Inc. Common Stock",$40.00,-0.87,-2.129%,"331,202,560"
TLS,Telos Corporation Common Stock,$4.43,UNCH,--,"331,083,975"
FVRR,"Fiverr International Ltd. Ordinary Shares, no par value",$9.18,-0.10,-1.078%,"330,027,683"
FOSL,"Fossil Group, Inc. Common Stock",$5.58,-0.11,-1.933%,"329,990,330"
HRZN,Horizon Technology Finance Corporation Common Stock,$4.92,-0.16,-3.15%,"329,806,832"
DSX,Diana Shipping inc. common stock,$2.65,UNCH,--,"329,696,308"
KLC,"KinderCare Learning Companies, Inc. Common Stock",$2.78,-0.13,-4.467%,"329,477,352"
BCML,BayCom Corp Common Stock,$30.07,-0.36,-1.183%,"328,367,918"
IKT,"Inhibikase Therapeutics, Inc. Common Stock",$2.35,-0.10,-4.082%,"327,909,365"
TCI,"Transcontinental Realty Investors, Inc. Common Stock",$37.34,-0.94,-2.456%,"327,619,853"
CHSCP,CHS Inc. 8%  Cumulative Redeemable Preferred Stock,$26.69,-0.01,-0.037%,"327,539,760"
VMD,"Viemed Healthcare, Inc. Common Shares",$8.57,-0.37,-4.139%,"326,416,114"
OBIO,"Orchestra BioMed Holdings, Inc. Ordinary Shares",$5.43,-0.12,-2.162%,"326,370,416"
COSO,"CoastalSouth Bancshares, Inc. Common Stock",$27.25,0.23,0.851%,"325,758,654"
NREF,"NexPoint Real Estate Finance, Inc. Common Stock",$17.26,-0.27,-1.54%,"325,316,981"
VNDA,Vanda Pharmaceuticals Inc. Common Stock,$5.38,-0.19,-3.411%,"325,289,256"
JMSB,"John Marshall Bancorp, Inc. Common Stock",$23.02,0.15,0.656%,"324,861,325"
ALTO,"Alto Ingredients, Inc. Common Stock",$4.18,-0.01,-0.239%,"324,232,418"
TLSI,"TriSalus Life Sciences, Inc. Common Stock",$5.23,-0.26,-4.736%,"322,035,158"
TBI,"TrueBlue, Inc. Common Stock",$10.53,-0.32,-2.949%,"320,578,942"
NNDM,Nano Dimension Ltd. American Depositary Shares,$1.52,-0.01,-0.654%,"320,475,297"
PRQR,ProQR Therapeutics N.V. Ordinary Shares,$2.27,0.05,2.252%,"320,345,751"
AIAI,AIAI Holdings Corporation Class A Common Stock,$4.53,-0.695,-13.301%,"320,102,307"
FCCO,First Community Corporation Common Stock,$33.96,0.16,0.473%,"319,214,865"
OFSSH,OFS Capital Corporation 4.95% Notes due 2028,$23.7999,UNCH,--,"318,872,917"
RFMZ,"RiverNorth Flexible Municipal Income Fund II, Inc. Common Stock",$13.09,-0.20,-1.505%,"318,764,486"
JACK,Jack In The Box Inc. Common Stock,$16.60,-0.55,-3.207%,"318,376,878"
CHSCO,CHS Inc. Class B Cumulative Redeemable Preferred Stock,$25.9279,0.0879,0.34%,"318,187,267"
ABAT,American Battery Technology Company Common Stock,$2.33,-0.07,-2.917%,"317,845,573"
FUND,"Sprott Focus Trust, Inc. Common Stock",$10.72,0.06,0.563%,"317,671,731"
PMTS,CPI Card Group Inc. Common Stock,$27.51,-0.26,-0.936%,"317,208,704"
FSBW,"FS Bancorp, Inc. Common Stock",$42.60,-0.22,-0.514%,"316,602,007"
FGBIP,"First Guaranty Bancshares, Inc. 6.75% Series A Fixed-Rate Non-Cumulative Perpetual Preferred Stock",$19.12,UNCH,--,"316,227,477"
SHMD,SCHMID Group N.V. Class A Ordinary Shares,$4.81,0.02,0.418%,"315,900,242"
FDBC,"Fidelity D & D Bancorp, Inc. Common Stock",$54.33,0.08,0.147%,"315,576,240"
NL,"NLI Holdings, Inc. Common Stock",$6.44,-0.02,-0.31%,"314,907,847"
NNBR,"NN, Inc. Common Stock",$3.81,0.10,2.695%,"314,633,092"
SMTI,Sanara MedTech Inc. Common Stock,$34.24,-0.04,-0.117%,"314,598,318"
MTRX,Matrix Service Company Common Stock,$11.18,-0.25,-2.187%,"314,536,443"
FINS,Angel Oak Financial Strategies Income Term Trust Common Shares of Beneficial Interest,$12.55,-0.06,-0.476%,"314,536,107"
VFF,"Village Farms International, Inc. Common Shares",$2.57,-0.04,-1.533%,"314,275,783"
RC,Ready Capital Corporation Common Stock,$1.90,0.14,7.955%,"313,862,885"
ARCT,Arcturus Therapeutics Holdings Inc. Common Stock,$10.99,0.71,6.907%,"312,369,528"
RCEL,"Avita Medical, Inc. Common Stock",$10.09,-0.25,-2.418%,"312,051,886"
NODK,"NI Holdings, Inc. Common Stock",$15.285,0.225,1.494%,"311,886,191"
GBAB,Guggenheim Taxable Municipal Bond & Investment Grade Debt Trust Common Shares of Beneficial Interest,$13.91,-0.09,-0.643%,"311,540,949"
CHSCL,"CHS Inc Class B Cumulative Redeemable Preferred Stock, Series 4",$25.37,0.075,0.297%,"311,340,716"
SMJF,SMJ International Holdings Inc. Class A Ordinary Shares,$11.23,0.51,4.757%,"311,127,150"
EFT,Eaton Vance Floating Rate Income Trust Common Shares of Beneficial Interest,$10.69,-0.05,-0.466%,"310,976,536"
NC,"NACCO Industries, Inc. Common Stock",$41.14,-0.64,-1.532%,"310,471,032"
EMBC,Embecta Corp. Common Stock,$5.47,0.05,0.923%,"309,928,007"
RNAC,"Cartesian Therapeutics, Inc. Common Stock",$10.23,-0.26,-2.479%,"309,512,251"
MLP,"Maui Land & Pineapple Company, Inc. Common Stock",$15.58,-0.31,-1.951%,"309,405,635"
SWKHL,SWK Holdings Corporation 9.00% Senior Notes due 2027,$25.45,0.01,0.039%,"309,151,101"
CHSCN,CHS Inc Preferred Class B Series 2 Reset Rate,$25.15,-0.05,-0.198%,"308,640,875"
MYGN,"Myriad Genetics, Inc. Common Stock",$3.22,0.03,0.94%,"307,991,857"
RM,Regional Management Corp. Common Stock,$33.33,-0.23,-0.685%,"307,495,714"
FRD,Friedman Industries Inc. Common Stock,$42.54,-1.99,-4.469%,"306,832,129"
DUOT,"Duos Technologies Group, Inc. Common Stock",$10.41,-0.34,-3.163%,"306,191,370"
PMM,Franklin Managed Municipal Income Trust Shares of Beneficial Interest,$6.28,-0.07,-1.102%,"306,079,721"
SSP,E.W. Scripps Company (The) Class A Common Stock,$3.29,-0.17,-4.913%,"304,880,980"
JILL,"J. Jill, Inc. Common Stock",$20.32,-0.13,-0.636%,"303,812,753"
MTC,"MMTec, Inc. Common Shares",$3.05,-0.05,-1.613%,"303,742,824"
MSB,Mesabi Trust Common Stock,$23.15,-0.78,-3.26%,"303,728,232"
CBNA,"Chain Bridge Bancorp, Inc. Class A Common Stock",$46.25,-0.44,-0.942%,"303,484,036"
LEGO,Legato Merger Corp. IV Ordinary Shares,$9.9999,0.0099,0.099%,"303,067,329"
AZ,A2Z Cust2Mate Solutions Corp. Common Shares,$6.88,-0.60,-8.021%,"302,902,093"
MYFW,"First Western Financial, Inc. Common Stock",$30.99,-0.31,-0.99%,"302,621,348"
RMAX,"RE/MAX Holdings, Inc. Class A Common Stock",$14.17,-0.24,-1.666%,"302,072,404"
PRE,Prenetics Global Limited Class A Ordinary Share,$17.97,-0.79,-4.211%,"301,525,045"
MVST,"Microvast Holdings, Inc. Common Stock",$0.7838,-0.017,-2.123%,"301,398,130"
XYF,"X Financial American Depositary Shares, each representing six Class A Ordinary Shares",$5.50,0.02,0.365%,"301,305,620"
GBFH,GBank Financial Holdings Inc. Common Stock,$20.75,-0.03,-0.144%,"301,216,483"
SAR,Saratoga Investment Corp New,$18.72,-0.08,-0.426%,"301,034,748"
PDYN,Palladyne AI Corp. Common Stock,$6.10,-0.13,-2.087%,"300,964,911"
CDZI,"CADIZ, Inc. Common Stock",$3.55,0.13,3.801%,"300,603,616"
NXDT,NexPoint Diversified Real Estate Trust Common Stock,$5.65,-0.09,-1.568%,"300,049,053"
ONIT,Onity Group Inc. Common Stock,$35.91,0.23,0.645%,"300,010,813"
XPER,Xperi Inc. Common Stock ,$6.15,-0.12,-1.914%,"299,946,705"
ISBA,Isabella Bank Corporation Common stock,$39.31,-0.63,-1.577%,"299,890,998"
CHSCM,"CHS Inc Class B Reset Rate Cumulative Redeemable Preferred Stock, Series 3",$24.38,UNCH,--,"299,191,433"
IFRX,InflaRx N.V. Common Stock,$2.02,-0.10,-4.717%,"297,683,806"
AMRN,Amarin Corporation plc,$14.06,-0.32,-2.225%,"296,987,046"
BCYC,Bicycle Therapeutics plc American Depositary Shares,$4.24,0.10,2.415%,"296,769,773"
TRDA,"Entrada Therapeutics, Inc. Common Stock",$7.60,-0.18,-2.314%,"295,918,684"
CV,"CapsoVision, Inc. Common Stock",$5.91,-0.21,-3.431%,"295,777,256"
ZUMZ,Zumiez Inc. Common Stock,$17.47,-0.815,-4.457%,"294,757,596"
LDI,"loanDepot, Inc. Class A Common Stock",$0.87,-0.0063,-0.719%,"294,195,083"
BKTI,BK Technologies Corporation Common Stock,$78.03,0.37,0.476%,"294,125,424"
SUPX,SuperX AI Technology Limited Ordinary Shares,$6.80,0.05,0.741%,"293,872,438"
FULC,"Fulcrum Therapeutics, Inc. Common Stock",$3.85,-0.06,-1.535%,"293,744,439"
FATE,"Fate Therapeutics, Inc. Common Stock",$2.45,-0.20,-7.547%,"293,560,259"
ALCO,"Alico, Inc. Common Stock",$39.50,-0.40,-1.003%,"293,033,160"
EGHT,8x8 Inc Common Stock,$2.02,-0.08,-3.81%,"291,759,712"
RCMT,"RCM Technologies, Inc. Common Stock",$41.03,0.87,2.166%,"291,754,442"
DBI,Designer Brands Inc. Class A Common Stock,$5.74,-0.45,-7.27%,"291,460,433"
OCSAW,Oculis Holding AG Warrants,$5.0241,-0.0109,-0.216%,"291,319,615"
SLNH,"Soluna Holdings, Inc. Common Stock",$1.19,-0.01,-0.833%,"291,062,784"
KWY,Kingsway Corporation Common Stock,$10.03,0.14,1.416%,"290,177,930"
AVXL,Anavex Life Sciences Corp. Common Stock,$3.13,-0.26,-7.67%,"290,062,603"
TMCI,"Treace Medical Concepts, Inc. Common Stock",$4.46,-0.10,-2.193%,"290,054,102"
SUJA,"Suja Life, Inc. Class A Common Stock",$7.50,0.11,1.488%,"289,687,590"
OCCIN,"OFS Credit Company, Inc. 5.25% Series E Term Preferred Stock Due 2026",$24.9299,-0.0001,0.00%,"289,598,433"
BPRN,"Princeton Bancorp, Inc. Common Stock (PA)",$42.45,0.37,0.879%,"289,220,382"
CFFI,C&F Financial Corporation Common Stock,$88.84,1.62,1.857%,"288,880,228"
LTBR,Lightbridge Corporation Common Stock,$7.70,-0.35,-4.348%,"288,427,301"
RMMZ,"RiverNorth Managed Duration Municipal Income Fund II, Inc. Common Stock",$14.61,-0.07,-0.477%,"288,395,965"
JAKK,"JAKKS Pacific, Inc. Common Stock",$25.10,-0.29,-1.142%,"287,269,801"
MKTW,"MarketWise, Inc. Class A Common Stock",$18.20,-0.61,-3.243%,"287,095,627"
OIA,Invesco Municipal Income Opportunities Trust Common Stock,$6.03,-0.01,-0.166%,"287,061,702"
OVLY,Oak Valley Bancorp (CA) Common Stock,$34.11,0.08,0.235%,"286,957,470"
AFRI,Forafric Global PLC Ordinary Shares,$10.62,-0.05,-0.469%,"286,355,715"
ELDN,"Eledon Pharmaceuticals, Inc. Common Stock",$3.52,-0.03,-0.845%,"286,039,255"
FNRN,First Northern Community Bancorp Common stock,$17.44,UNCH,--,"285,934,084"
ANIK,Anika Therapeutics Inc. Common Stock,$21.34,0.08,0.376%,"285,592,494"
NUAIW,"New Era Energy & Digital, Inc. Warrants",$2.68,0.05,1.901%,"285,579,029"
ARDC,"Ares Dynamic Credit Allocation Fund, Inc. Common Shares",$12.44,0.02,0.161%,"285,061,841"
ZH,"Zhihu Inc. American Depositary Shares, each representing three (3) Class A Ordinary Shares",$3.21,0.05,1.582%,"284,999,092"
AENT,Alliance Entertainment Holding Corporation Class A Common Stock,$5.59,-0.03,-0.534%,"284,976,132"
ESCA,"Escalade, Incorporated Common Stock",$20.68,-0.07,-0.337%,"284,682,410"
NMRA,"Neumora Therapeutics, Inc. Common Stock",$1.515,-0.125,-7.622%,"284,662,307"
OSS,"One Stop Systems, Inc. Common Stock",$11.40,-0.71,-5.863%,"284,317,482"
RZLVW,Rezolve AI PLC Warrants,$0.71,-0.024,-3.27%,"284,278,154"
TTRX,Turn Therapeutics Inc. Common Stock,$9.54,-0.28,-2.851%,"284,177,902"
KINS,"Kingstone Companies, Inc. Common Stock",$19.62,-0.19,-0.959%,"284,021,729"
RMM,"RiverNorth Managed Duration Municipal Income Fund, Inc. Common Stock",$14.34,-0.05,-0.347%,"283,066,266"
MIN,Aberdeen Intermediate Income Fund Common Shares of Beneficial Interest,$2.46,-0.01,-0.405%,"282,648,517"
FCNCN,"First Citizens BancShares, Inc. Depositary Shares, each representing a 1/40th interest in a share of 6.625% Non-Cumulative Perpetual Preferred Stock, Series E",$25.00,-0.04,-0.16%,"282,328,000"
LAW,"CS Disco, Inc. Common Stock",$4.34,-0.03,-0.686%,"281,751,780"
PCYO,Pure Cycle Corporation Common Stock,$11.69,0.23,2.007%,"281,698,255"
ATLO,Ames National Corporation Common Stock,$31.73,0.45,1.439%,"281,039,591"
TTGT,"TechTarget, Inc. Common Stock",$3.88,0.06,1.571%,"280,650,721"
FXNC,First National Corporation Common Stock,$31.01,0.28,0.911%,"280,411,925"
FXHO,UTime Limited Class A Ordinary Shares,$10.67,0.31,2.992%,"280,368,452"
IVVD,"Invivyd, Inc. Common Stock",$0.9508,-0.0087,-0.907%,"280,256,616"
OFLX,"Omega Flex, Inc. Common Stock",$27.755,-0.175,-0.627%,"280,167,907"
GLOO,"Gloo Holdings, Inc. Class A Common Stock",$3.41,0.08,2.402%,"279,997,340"
CAMP,CAMP4 Therapeutics Corporation Common Stock,$4.46,-0.19,-4.086%,"279,879,272"
FUNC,First United Corporation Common Stock,$43.35,-0.24,-0.551%,"279,773,791"
YSG,"Yatsen Holding Limited American Depositary Shares, each representing twenty (20) Class A Ordinary Shares",$2.98,0.02,0.676%,"279,718,898"
FRAF,Franklin Financial Services Corporation Common Stock,$62.10,0.25,0.404%,"279,424,042"
GENC,"Gencor Industries, Inc. Common Stock",$19.03,-0.09,-0.471%,"278,936,069"
RILY,"BRC Group Holdings, Inc. Common Stock",$6.93,-0.30,-4.149%,"278,584,302"
LCNB,LCNB Corporation Common Stock,$19.53,-0.26,-1.314%,"278,399,916"
RWAY,Runway Growth Finance Corp. Common Stock,$6.60,-0.05,-0.752%,"276,605,366"
WNEB,"Western New England Bancorp, Inc. Common Stock",$13.79,0.05,0.364%,"276,432,575"
ACV,Virtus Diversified Income & Convertible Fund Common Shares of Beneficial Interest,$26.67,-0.08,-0.299%,"276,379,983"
SRZN,"Surrozen, Inc. Common Stock",$23.50,-0.51,-2.124%,"276,208,613"
WHWK,"Whitehawk Therapeutics, Inc. Common Stock",$4.83,-0.04,-0.821%,"275,353,518"
ALXO,ALX Oncology Holdings Inc. Common Stock,$1.99,-0.07,-3.398%,"275,171,224"
AREC,American Resources Corporation Class A Common Stock,$2.57,-0.07,-2.652%,"274,916,169"
BRT,BRT Apartments Corp. (MD) Common Stock,$14.62,0.10,0.689%,"274,757,710"
TG,Tredegar Corporation Common Stock,$7.86,0.06,0.769%,"274,661,129"
USAU,U.S. Gold Corp. Common Stock,$16.58,0.92,5.875%,"274,003,783"
LCTX,"Lineage Cell Therapeutics, Inc. Common Stock",$1.08,-0.02,-1.818%,"273,140,061"
ALMU,"Aeluma, Inc. Common Stock",$14.92,-0.52,-3.368%,"273,115,598"
ELLO,Ellomay Capital Ltd Ordinary Shares (Israel),$19.815,0.215,1.097%,"273,114,702"
HWBK,"Hawthorn Bancshares, Inc. Common Stock",$39.44,0.075,0.191%,"272,162,740"
EOT,Eaton Vance Municipal Income Trust EATON VANCE NATIONAL MUNICIPAL OPPORTUNITIES TRUST,$17.40,0.09,0.52%,"271,873,625"
REFI,"Chicago Atlantic Real Estate Finance, Inc. Common Stock",$10.61,0.02,0.189%,"271,840,359"
BGS,"B&G Foods, Inc. Common Stock",$3.33,-0.22,-6.197%,"270,647,984"
ADAG,Adagene Inc. American Depositary Shares,$4.09,-0.03,-0.728%,"270,151,019"
DVLT,Datavault AI Inc. Common Stock,$0.3151,0.0189,6.381%,"269,239,283"
MNTK,"Montauk Renewables, Inc. Common Stock",$1.89,-0.04,-2.073%,"269,024,753"
ACIU,AC Immune SA Common Stock,$2.64,0.06,2.326%,"268,682,233"
HCKT,Hackett Group Inc (The). Common Stock,$10.80,-0.07,-0.644%,"268,681,028"
REA,"Rare Earths Americas, Inc. Common Stock",$13.45,-0.80,-5.614%,"268,379,847"
AVNW,"Aviat Networks, Inc. Common Stock",$20.71,0.02,0.097%,"267,976,279"
VRXA,Veraxa Biotech AG Ordinary Shares,$1.89,0.03,1.613%,"267,260,767"
RMBI,"Richmond Mutual Bancorporation, Inc. Common Stock",$15.90,-0.06,-0.376%,"266,468,831"
SMHI,SEACOR Marine Holdings Inc. Common Stock ,$9.77,-0.01,-0.102%,"265,087,710"
VPV,Invesco Pennsylvania Value Municipal Income Trust Common Stock (DE),$11.12,-0.02,-0.18%,"264,984,529"
NSLR,Neostellar Capital Corp. Common Stock,$10.00,-0.09,-0.892%,"264,732,220"
ASLE,AerSale Corporation Common Stock,$5.545,-0.225,-3.899%,"264,644,901"
MMT,Aberdeen Multi-Market Income Fund Common Shares of Beneficial Interest,$4.44,-0.02,-0.448%,"264,394,474"
MFIN,Medallion Financial Corp. Common Stock,$11.45,0.02,0.175%,"262,894,851"
POWW,Outdoor Holding Company Common Stock,$2.26,-0.02,-0.877%,"262,194,707"
ACRE,Ares Commercial Real Estate Corporation Common Stock,$4.71,0.01,0.213%,"261,316,042"
CPZ,Calamos Long/Short Equity & Dynamic Income Trust Common Stock,$13.30,-0.015,-0.113%,"261,108,180"
PYXS,"Pyxis Oncology, Inc. Common Stock",$3.12,-0.25,-7.418%,"260,233,116"
NKSH,"National Bankshares, Inc. Common Stock",$40.83,-0.34,-0.826%,"260,112,415"
AIRO,"AIRO Group Holdings, Inc. Common Stock",$8.24,-0.35,-4.075%,"260,020,756"
MGNX,"MacroGenics, Inc. Common Stock",$4.07,-0.10,-2.398%,"259,259,761"
SMRT,"SmartRent, Inc. Class A Common Stock",$1.35,-0.03,-2.174%,"258,675,929"
OSUR,"OraSure Technologies, Inc. Common Stock",$3.74,0.04,1.081%,"257,942,665"
FLWS,"1-800-FLOWERS.COM, Inc. Common Stock",$4.02,-0.06,-1.471%,"257,675,902"
RELL,"Richardson Electronics, Ltd. Common Stock",$17.51,-0.53,-2.938%,"257,265,552"
IMMR,Immersion Corporation Common Stock,$7.72,0.13,1.713%,"256,241,476"
ASYS,"Amtech Systems, Inc. Common Stock",$14.62,-0.20,-1.35%,"255,968,437"
GWRS,"Global Water Resources, Inc. Common Stock",$8.87,-0.04,-0.449%,"255,414,772"
MOVE,"Corvex, Inc. Common Stock",$9.22,-0.30,-3.151%,"254,908,152"
AKBA,"Akebia Therapeutics, Inc. Common Stock",$0.9194,0.034,3.84%,"254,771,482"
LODE,Comstock Inc. Common Stock,$3.35,-0.08,-2.332%,"254,576,707"
PPHC,"Public Policy Holding Company, Inc. Common Stock",$10.11,-0.86,-7.84%,"254,112,616"
LAB,Standard BioTools Inc. Common Stock,$0.6463,-0.0253,-3.767%,"253,723,684"
BDSX,"Biodesix, Inc. Common Stock",$24.03,-1.51,-5.912%,"253,543,366"
RXST,"RxSight, Inc. Common Stock",$6.09,-0.07,-1.136%,"253,302,929"
KLTR,"Kaltura, Inc. Common Stock",$1.66,-0.01,-0.599%,"253,235,030"
LMNR,Limoneira Co Common Stock,$13.96,-0.03,-0.214%,"253,122,818"
UXIN,Uxin Limited ADS,$1.15,0.02,1.77%,"252,977,300"
VUZI,Vuzix Corporation Common Stock,$2.99,-0.02,-0.664%,"252,398,548"
PAMT,PAMT CORP Common Stock,$12.05,-0.13,-1.067%,"252,354,197"
ALEC,"Alector, Inc. Common Stock",$2.26,-0.17,-6.996%,"252,344,637"
CNXU,Conexeu Sciences Inc. Common Stock,$9.43,0.47,5.246%,"252,331,052"
VABK,Virginia National Bankshares Corporation Common Stock,$46.48,-0.20,-0.428%,"252,167,107"
NATR,"Nature's Sunshine Products, Inc. Common Stock",$14.32,-0.24,-1.648%,"251,967,846"
TROO,"TROOPS, Inc. Ordinary Shares ",$2.06,-0.22,-9.649%,"251,649,942"
CGEN,Compugen Ltd. Ordinary Shares,$2.65,0.21,8.607%,"250,649,285"
INBK,First Internet Bancorp Common Stock,$28.59,-0.05,-0.175%,"249,692,881"
XPOF,"Xponential Fitness, Inc. Class A Common Stock",$5.06,0.10,2.016%,"249,579,440"
SION,"Sionna Therapeutics, Inc. Common Stock",$5.52,-0.73,-11.68%,"249,572,442"
NAGE,"Niagen Bioscience, Inc. Common Stock",$3.15,-0.02,-0.631%,"249,246,906"
BYND,"Beyond Meat, Inc. Common Stock",$14.48,0.40,2.841%,"248,968,628"
FBLA,"FB Bancorp, Inc. Common Stock",$15.60,0.01,0.064%,"248,791,577"
CMTG,"Claros Mortgage Trust, Inc. Common Stock",$1.76,0.04,2.326%,"248,308,203"
TSSI,"TSS, Inc. Common Stock",$8.79,-0.35,-3.829%,"248,045,625"
IONR,ioneer Ltd American Depositary Shares,$3.22,0.07,2.222%,"247,508,034"
EBS,Emergent BioSolutions Inc. Common Stock,$4.82,-0.07,-1.431%,"247,137,480"
SCM,Stellus Capital Investment Corporation Common Stock,$8.64,-0.09,-1.031%,"246,066,656"
ARL,"American Realty Investors, Inc. Common Stock",$15.23,-0.41,-2.621%,"245,995,615"
MBI,MBIA Inc. Common Stock,$4.82,UNCH,--,"245,899,260"
FF,FutureFuel Corp.  Common shares,$5.58,-0.13,-2.277%,"244,757,314"
BGIN,Bgin Blockchain Limited Class A Ordinary Shares,$2.16,0.17,8.543%,"244,373,633"
GLDG,GoldMining Inc. Common Shares,$1.14,0.08,7.547%,"244,081,066"
IMSRW,Terrestrial Energy Inc. Warrant,$2.30,-0.25,-9.804%,"243,651,084"
USNA,"USANA Health Sciences, Inc. Common Stock",$13.18,-0.07,-0.528%,"243,520,718"
TII,Titan Mining Corporation Common Shares,$2.46,-0.14,-5.385%,"243,491,602"
ASUR,"Asure Software, Inc Common Stock",$8.43,0.03,0.357%,"243,452,735"
INFU,"InfuSystems Holdings, Inc. Common Stock",$12.20,0.01,0.082%,"242,989,608"
PROF,Profound Medical Corp. Common Stock,$6.65,-0.43,-6.073%,"242,941,750"
SNFCA,Security National Financial Corporation Class A Common Stock,$8.86,-0.04,-0.449%,"242,562,781"
LTRX,"Lantronix, Inc. Common Stock",$6.07,0.06,0.998%,"241,688,765"
FUFU,BitFuFu Inc. Class A Ordinary Shares,$1.45,0.15,11.538%,"241,647,717"
CNDT,Conduent Incorporated Common Stock ,$1.55,0.09,6.164%,"241,057,240"
DTIL,"Precision BioSciences, Inc. Common Stock",$8.72,0.22,2.588%,"240,685,551"
PNNT,PennantPark Investment Corporation Common Stock,$3.68,-0.08,-2.128%,"240,289,626"
PEBK,"Peoples Bancorp of North Carolina, Inc. Common Stock",$43.96,0.45,1.034%,"240,087,100"
NCMI,"National CineMedia, Inc. Common Stock",$2.55,-0.09,-3.409%,"239,879,630"
III,Information Services Group Inc. Common Stock,$4.93,-0.02,-0.404%,"238,678,368"
LOVE,The Lovesac Company Common Stock,$16.27,-0.77,-4.519%,"238,167,061"
XHG,XChange TEC.INC American Depositary Shares ,$4.62,0.29,6.697%,"238,151,418"
ACU,Acme United Corporation. Common Stock,$62.10,1.04,1.703%,"238,080,408"
SILC,Silicom Ltd Ordinary Shares,$41.40,-1.69,-3.922%,"237,951,095"
ZJYL,JIN MEDICAL INTERNATIONAL LTD. Class A Ordinary Shares,$3.03,-0.05,-1.623%,"237,650,430"
SIDU,"Sidus Space, Inc. Class A Common Stock",$2.34,-0.11,-4.49%,"236,867,263"
HQI,"HireQuest, Inc. Common Stock (DE)",$17.04,0.33,1.975%,"236,856,000"
ORGO,Organogenesis Holdings Inc. Class A Common Stock,$1.84,-0.07,-3.665%,"236,761,168"
RAIL,"FreightCar America, Inc. Common Stock",$7.22,UNCH,--,"236,753,042"
ACB,Aurora Cannabis Inc. Common Shares,$3.81,-0.10,-2.558%,"236,055,880"
EXOD,"Exodus Movement, Inc. Class A Common Stock",$7.81,0.54,7.428%,"235,887,445"
APC,ARKO Petroleum Corp. Class A Common Stock,$18.76,0.05,0.267%,"235,817,383"
STIM,"Neuronetics, Inc. Common Stock",$3.09,-0.05,-1.592%,"235,449,416"
RICK,"RCI Hospitality Holdings, Inc. Common Stock",$30.79,-0.55,-1.755%,"235,374,155"
AUDC,AudioCodes Ltd. Common Stock,$9.57,-0.11,-1.136%,"235,334,425"
SBMT,Silver Bow Mining Corp. Common Shares,$7.95,0.06,0.76%,"234,751,575"
HDSN,"Hudson Technologies, Inc. Common Stock",$5.57,-0.29,-4.949%,"234,433,207"
FTF,Franklin Limited Duration Income Trust Common Shares of Beneficial Interest,$5.80,-0.05,-0.855%,"234,351,169"
MRBK,Meridian Corporation Common Stock,$19.59,-0.01,-0.051%,"233,690,050"
FCNCO,"First Citizens BancShares, Inc. 5.625% Non-Cumulative Perpetual Preferred Stock, Series C",$20.68,0.005,0.024%,"233,541,722"
RDNW,"RideNow Group, Inc. Class B Common Stock",$5.97,-0.30,-4.785%,"232,896,195"
LVWR,"LiveWire Group, Inc. Common Stock",$1.13,-0.01,-0.877%,"232,116,076"
CMT,Core Molding Technologies Inc Common Stock,$26.18,0.08,0.307%,"231,667,710"
CMTV,Community Bancorp. Common Stock,$41.21,0.63,1.552%,"230,813,171"
ABOS,"Acumen Pharmaceuticals, Inc. Common Stock",$3.19,0.04,1.27%,"230,692,139"
AUROW,"Aurora Innovation, Inc. Warrant",$0.1151,-0.0292,-20.236%,"230,678,271"
RNA,"Atrium Therapeutics, Inc. Common Stock",$13.48,-0.23,-1.678%,"230,584,068"
ECC           ,Eagle Point Credit Company Common Share of Beneficial Interest,$3.80,-0.02,-0.524%,"230,517,591"
TARA,"Protara Therapeutics, Inc.  Common Stock",$3.90,-0.06,-1.515%,"230,472,403"
OPBK,OP Bancorp Common Stock,$15.42,0.16,1.048%,"230,260,923"
IMPP,Imperial Petroleum Inc. Common Shares,$5.09,0.09,1.80%,"230,137,519"
RGCO,RGC Resources Inc. Common Stock,$22.07,0.21,0.961%,"229,959,601"
EFSI,Eagle Financial Services Inc Common Stock,$42.49,0.28,0.663%,"229,939,521"
SVCO,"Silvaco Group, Inc. Common Stock",$6.75,0.08,1.199%,"228,728,867"
NERV,"Minerva Neurosciences, Inc Common Stock",$4.79,UNCH,--,"228,710,808"
GSIT,GSI Technology Common Stock,$5.95,-0.02,-0.335%,"228,673,911"
EXFY,"Expensify, Inc. Class A Common Stock",$2.50,0.06,2.459%,"227,966,660"
SY,So-Young International Inc. American Depository Shares,$2.27,-0.12,-5.021%,"227,685,928"
UTMD,"Utah Medical Products, Inc. Common Stock",$71.42,-0.70,-0.971%,"227,388,282"
NUS,"Nu Skin Enterprises, Inc. Common Stock",$4.65,-0.14,-2.923%,"226,346,348"
BMEZ,BlackRock Health Sciences Term Trust Common Shares of Beneficial Interest,$16.97,-0.28,-1.623%,"226,261,315"
FC,Franklin Covey Company Common Stock,$20.01,-0.11,-0.547%,"225,990,399"
FCNCP,"First Citizens BancShares, Inc. Depositary Shares",$19.91,0.10,0.505%,"224,846,019"
GLSI,"Greenwich LifeSciences, Inc. Common Stock",$15.31,-2.03,-11.707%,"224,723,364"
ALOT,"AstroNova, Inc. Common Stock",$28.90,0.01,0.035%,"223,910,611"
LIEN,"Chicago Atlantic BDC, Inc. Common Stock",$9.78,0.28,2.947%,"223,185,370"
MPAA,"Motorcar Parts  of America, Inc. Common Stock",$11.77,0.02,0.17%,"222,843,846"
EICA,Eagle Point Income Company Inc. 5.00% Series A Term Preferred Stock due 2026,$24.96,UNCH,--,"222,346,376"
FORR,"Forrester Research, Inc. Common Stock",$11.67,-0.09,-0.765%,"222,185,130"
CFBK,CF Bankshares Inc. Common Stock,$34.52,-0.16,-0.461%,"221,463,474"
LX,LexinFintech Holdings Ltd. American Depositary Shares,$1.34,-0.02,-1.471%,"220,816,287"
MFM,Aberdeen Municipal Income Fund Common Shares of Beneficial Interest,$5.36,-0.09,-1.651%,"220,765,702"
SLGL,Sol-Gel Technologies Ltd. Ordinary Shares,$78.495,-0.095,-0.121%,"220,561,452"
BETR,Better Home & Finance Holding Company Class A Common Stock,$11.60,-1.43,-10.975%,"220,383,516"
NBP,NovaBridge Biosciences American Depositary Shares,$1.91,-0.07,-3.535%,"220,379,032"
CRDL,Cardiol Therapeutics Inc. Class A Common Shares,$1.885,-0.075,-3.827%,"220,210,735"
ESOA,Energy Services of America Corporation Common Stock,$11.78,-0.15,-1.257%,"219,805,152"
IMUX,"Immunic, Inc. Common Stock",$16.10,-0.35,-2.128%,"219,675,919"
INBKZ,First Internet Bancorp 6.0% Fixed-to-Floating Rate Subordinated Notes Due 2029,$25.21,-0.08,-0.316%,"219,657,100"
TPVG,TriplePoint Venture Growth BDC Corp. Common Stock,$5.38,-0.11,-2.004%,"219,018,310"
FJET,"Starfighters Space, Inc. Common Stock",$3.98,0.01,0.252%,"218,884,156"
PPIH,"Perma-Pipe International Holdings, Inc. Common Stock",$26.89,0.39,1.472%,"218,500,423"
ANTX,"AN2 Therapeutics, Inc. Common Stock",$5.79,-0.17,-2.852%,"218,492,812"
SPOK,"Spok Holdings, Inc. Common Stock",$10.44,-0.04,-0.382%,"218,385,350"
NUCL,Eagle Nuclear Energy Corp. Common stock,$7.38,-0.21,-2.767%,"218,298,909"
KGEI,Kolibri Global Energy Inc. Common stock,$6.09,0.05,0.828%,"217,864,866"
TBCH,Turtle Beach Corporation Common Stock,$12.13,-0.21,-1.702%,"217,244,794"
KROS,"Keros Therapeutics, Inc. Common Stock",$10.95,-0.15,-1.351%,"217,107,709"
HKD,AMTD Digital Inc. American Depositary Shares (every five of which represent two Class A Ordinary Shares),$1.72,0.01,0.585%,"217,002,030"
BRCC,BRC Inc. Class A Common Stock,$0.8642,0.0542,6.691%,"216,298,426"
MSLE,Satellos Bioscience Inc. Common Stock,$10.185,0.095,0.942%,"216,089,431"
FBYDW,"Falcon's Beyond Global, Inc. Warrants",$1.78,0.325,22.337%,"215,841,461"
HITI,High Tide Inc. Common Shares,$2.45,-0.01,-0.407%,"215,349,799"
CAN,Canaan Inc. American Depositary Shares,$0.2789,0.0388,16.16%,"214,744,583"
LCUT,"Lifetime Brands, Inc. Common Stock",$9.30,-0.11,-1.169%,"213,796,175"
MITT,"TPG Mortgage Investment Trust, Inc. Common Stock",$6.71,0.03,0.449%,"213,401,317"
SIGA,SIGA Technologies Inc. Common Stock,$2.97,-0.14,-4.502%,"213,393,657"
OWLS,OBOOK Holdings Inc. Class A Common Shares,$5.62,0.06,1.079%,"212,578,810"
TNXP,Tonix Pharmaceuticals Holding Corp. Common Stock,$12.39,-0.34,-2.671%,"212,501,187"
PDEX,"Pro-Dex, Inc. Common Stock",$66.31,-0.63,-0.941%,"211,711,849"
DERM,Journey Medical Corporation Common Stock,$7.49,0.68,9.985%,"211,400,719"
VTN,Invesco Trust for Investment Grade New York Municipals Common Stock,$10.80,-0.09,-0.826%,"210,448,573"
OVBC,Ohio Valley Banc Corp. Common Stock,$44.66,-0.05,-0.112%,"210,393,305"
PEPG,PepGen Inc. Common Stock,$3.035,-0.015,-0.492%,"210,202,634"
ZSQR,Z Squared Inc. Common Stock,$3.96,-0.15,-3.65%,"209,881,572"
ALTG,Alta Equipment Group Inc. Class A Common Stock,$6.41,-0.18,-2.731%,"209,394,650"
FCAP,"First Capital, Inc. Common Stock",$62.60,-0.05,-0.08%,"209,373,525"
CXDO,"Crexendo, Inc. Common Stock",$6.29,-0.28,-4.262%,"209,166,339"
CURV,Torrid Holdings Inc. Common Stock,$2.09,-0.08,-3.687%,"207,997,596"
QUIK,QuickLogic Corporation Common Stock,$11.34,-0.28,-2.41%,"207,723,183"
ACOG,Alpha Cognition Inc. Common Stock,$9.50,0.61,6.862%,"206,853,988"
MINE,Mayfair Gold Corp. Common Shares,$3.07,0.06,1.993%,"206,115,183"
SND,"Smart Sand, Inc. Common Stock",$4.85,0.08,1.677%,"205,635,446"
VYGR,"Voyager Therapeutics, Inc. Common Stock",$3.32,-0.09,-2.639%,"204,571,587"
CHRS,"Coherus Oncology, Inc. Common Stock",$1.32,-0.01,-0.752%,"203,941,275"
AMPY,Amplify Energy Corp. Common Stock,$4.91,0.12,2.505%,"203,551,170"
GDEV,GDEV Inc. Ordinary Shares,$11.20,0.53,4.967%,"203,285,477"
OSG,"Octave Specialty Group, Inc. Common Stock",$4.51,-0.03,-0.661%,"203,182,202"
EU,enCore Energy Corp. Common Shares,$1.045,-0.035,-3.241%,"203,023,615"
NEOV,NeoVolta Inc. Common Stock,$3.44,0.10,2.994%,"202,489,570"
AOMR,"Angel Oak Mortgage REIT, Inc. Common Stock",$8.72,-0.12,-1.357%,"202,433,727"
SRI,"Stoneridge, Inc. Common Stock",$7.08,-0.20,-2.747%,"201,941,948"
CZWI,"Citizens Community Bancorp, Inc. Common Stock",$20.895,-0.055,-0.263%,"201,641,577"
KTWO,K2 Capital Acquisition Corporation Class A Ordinary Share,$10.04,UNCH,--,"201,213,246"
SGC,"Superior Group of Companies, Inc. Common Stock",$12.60,-0.22,-1.716%,"200,909,533"
AMWL,American Well Corporation Class A Common Stock,$11.79,-0.61,-4.919%,"200,533,257"
RDIB,Reading International Inc Class B Common Stock,$8.73,UNCH,--,"199,830,809"
DEFT,"Defi Technologies, Inc. Common Stock",$0.5149,0.0333,6.914%,"199,829,202"
CPSS,"Consumer Portfolio Services, Inc. Common Stock",$9.26,0.02,0.216%,"199,596,652"
RTB,"RTB Digital, Inc. Common Stock",$14.23,0.91,6.832%,"199,336,814"
EGAN,eGain Corporation Common Stock,$7.26,-0.06,-0.82%,"199,287,588"
ORMP,Oramed Pharmaceuticals Inc. Common Stock,$4.79,UNCH,--,"199,251,326"
BAFN,BayFirst Financial Corp. Common Stock,$7.38,0.55,8.053%,"198,985,575"
RBKB,"Rhinebeck Bancorp, Inc. Common Stock",$12.69,0.04,0.316%,"198,420,409"
BRR,"ProCap Financial, Inc. Common Stock",$2.24,0.14,6.667%,"197,947,848"
FINW,FinWise Bancorp Common Stock,$14.24,0.10,0.707%,"197,689,363"
SSTK,"Shutterstock, Inc. Common Stock",$5.35,-0.17,-3.08%,"197,670,109"
ETX           ,Eaton Vance Municipal Income 2028 Term Trust Common Shares of Beneficial Interest,$18.15,-0.04,-0.22%,"197,561,951"
FT,Franklin Universal Trust Common Stock,$7.85,-0.03,-0.381%,"197,285,368"
LARK,Landmark Bancorp Inc. Common Stock,$32.25,0.04,0.124%,"196,742,222"
ACR,ACRES Commercial Realty Corp. Common Stock,$14.62,-0.16,-1.083%,"196,675,389"
IPHA,Innate Pharma S.A. ADS,$2.09,-0.03,-1.415%,"196,021,190"
EVI,"EVI Industries, Inc.  Common Stock",$15.19,-0.59,-3.739%,"195,481,826"
LUCD,Lucid Diagnostics Inc. Common Stock,$0.9604,-0.0496,-4.911%,"195,195,509"
WHLRL,"Wheeler Real Estate Investment Trust, Inc. 7.00% Senior Subordinated Convertible Notes Due 2031",$80.00,UNCH,--,"194,792,320"
PLG,Platinum Group Metals Ltd. Ordinary Shares (Canada),$1.52,0.01,0.662%,"194,385,370"
UIS,Unisys Corporation New Common Stock,$2.66,-0.10,-3.623%,"193,956,440"
STRW,"Strawberry Fields REIT, Inc. Common Stock",$13.64,0.03,0.22%,"193,106,063"
CRNT,Ceragon Networks Ltd. Ordinary Shares,$2.115,0.015,0.714%,"193,058,283"
AIRS,"AirSculpt Technologies, Inc. Common Stock",$2.67,-0.14,-4.982%,"192,494,208"
CIA,"Citizens, Inc. Class A Common Stock ($1.00 Par)",$3.80,-0.07,-1.809%,"192,443,810"
PLX,"Protalix BioTherapeutics, Inc. (DE) Common Stock",$2.38,0.03,1.277%,"191,760,508"
CBFV,"CB Financial Services, Inc. Common Stock",$37.62,-0.09,-0.239%,"191,169,190"
HNVR,"Hanover Bancorp, Inc. Common Stock",$27.08,0.04,0.148%,"191,060,882"
KRRO,"Korro Bio, Inc. Common Stock",$12.96,-0.99,-7.097%,"190,844,372"
CHCI,"Comstock Holding Companies, Inc. Class A Common Stock",$18.56,-0.40,-2.11%,"190,833,029"
ANNA,"AleAnna, Inc. Class A Common Stock",$2.85,0.01,0.352%,"190,763,040"
CEPL,"Capstone Energy Plus, Inc. Common Stock",$5.84,-0.42,-6.709%,"190,451,680"
CRBP,"Corbus Pharmaceuticals Holdings, Inc. Common Stock",$9.84,-0.15,-1.502%,"190,318,323"
ONEW,OneWater Marine Inc. Class A Common Stock,$11.41,-0.18,-1.553%,"190,154,713"
OZ,"Belpointe PREP, LLC Class A Units",$48.02,UNCH,--,"189,855,041"
PERF,Perfect Corp. Class A Ordinary Share,$1.86,UNCH,--,"189,438,528"
HUMA,"Humacyte, Inc. Common Stock",$0.6814,-0.0535,-7.28%,"189,291,629"
GPJA,"Georgia Power Company Series 2017A 5.00% Junior Subordinated Notes due October 1, 2077",$20.42,-0.025,-0.122%,"189,119,830"
SES,SES AI Corporation Class A Common Stock,$0.5085,-0.0392,-7.157%,"188,799,643"
OPENW,"Opendoor Technologies Inc  Series K Warrants, each whole warrant exercisable to purchase one share of Common Stock at an exercise price of $9.00 per warrant",$0.1943,-0.021,-9.754%,"188,682,991"
XGN,Exagen Inc. Common Stock,$7.78,0.35,4.711%,"188,473,137"
LEE,"Lee Enterprises, Incorporated Common Stock",$8.44,0.26,3.178%,"188,144,851"
FNWD,Finward Bancorp Common Stock,$43.36,0.14,0.324%,"187,878,967"
WHG,Westwood Holdings Group Inc Common Stock,$19.63,0.11,0.564%,"187,332,074"
NGEN,NervGen Pharma Corp. Common stock,$1.76,0.01,0.571%,"187,286,234"
ATOM,Atomera Incorporated Common Stock,$4.79,0.06,1.268%,"186,925,161"
ESP,Espey Mfg. & Electronics Corp. Common Stock,$62.31,-2.29,-3.545%,"186,675,900"
MNSBP,"MainStreet Bancshares, Inc. Depositary Shares",$26.20,-0.42,-1.578%,"186,572,191"
CMRC,"Commerce.com, Inc. Series 1 Common Stock",$2.25,0.10,4.651%,"186,432,730"
VLN,Valens Semiconductor Ltd. Ordinary Shares,$1.77,-0.05,-2.747%,"186,368,079"
JRVR,"James River Group Holdings, Inc. Common Stock",$4.03,0.01,0.249%,"186,343,291"
OMSE,OMS Energy Technologies Inc. Ordinary Shares,$4.37,-0.07,-1.577%,"185,500,836"
ANGI,Angi Inc. Class A Common Stock,$4.56,-0.24,-5.00%,"184,936,505"
INDP,"Indaptus Therapeutics, Inc. Common Stock",$1.38,0.44,46.809%,"183,874,407"
BVFL,"BV Financial, Inc. Common Stock",$21.63,0.02,0.093%,"183,219,165"
GCTS,"GCT Semiconductor Holding, Inc. Common Stock",$1.99,0.01,0.505%,"183,019,755"
EBMT,"Eagle Bancorp Montana, Inc. Common Stock",$22.86,0.04,0.175%,"182,089,753"
JELD,"JELD-WEN Holding, Inc. Common Stock",$2.08,0.04,1.961%,"180,467,835"
GSIW,Garden Stage Limited Class A Ordinary Shares,$16.80,-0.125,-0.739%,"179,968,303"
TAYD,"Taylor Devices, Inc. Common Stock",$55.79,-1.91,-3.31%,"179,923,587"
MNSB,"MainStreet Bancshares, Inc. Common Stock",$25.26,0.31,1.242%,"179,878,380"
ECBK,"ECB Bancorp, Inc. Common Stock",$20.54,-0.14,-0.677%,"179,472,399"
CUE,"Cue Biopharma, Inc. Common Stock",$24.61,-1.67,-6.355%,"178,777,229"
UP,Wheels Up Experience Inc. Class A Common Stock,$4.92,-0.20,-3.906%,"178,477,138"
DHX,"DHI Group, Inc. Common Stock",$4.11,-0.11,-2.607%,"178,473,421"
RRGB,"Red Robin Gourmet Burgers, Inc. Common Stock",$9.42,-0.09,-0.946%,"178,073,344"
NIOBW,NioCorp Developments Ltd. Warrant,$1.22,-0.08,-6.154%,"177,616,199"
MRDN,Meridian Holdings Inc. Common Stock,$13.99,-0.06,-0.427%,"177,246,011"
NKTX,"Nkarta, Inc. Common Stock",$2.47,-0.07,-2.756%,"176,913,234"
QMLS,"QumulusAI, Inc. Common Stock",$5.36,-0.55,-9.306%,"176,172,110"
CNTN,"Canton Strategic Holdings, Inc. Common Stock",$2.21,0.12,5.742%,"176,095,808"
DOUG,Douglas Elliman Inc. Common Stock,$1.93,-0.03,-1.531%,"175,418,613"
MRT,"Marti Technologies, Inc. Class A Ordinary Shares",$2.03,0.07,3.571%,"174,666,734"
CURI,CuriosityStream Inc. Class A Common Stock,$2.94,0.02,0.685%,"174,453,802"
AP,Ampco-Pittsburgh Corporation Common Stock,$8.44,-0.48,-5.381%,"174,358,761"
EAF,GrafTech International Ltd. Common Stock,$6.68,-0.34,-4.843%,"174,295,656"
SEVN,Seven Hills Realty Trust Common Stock,$7.69,0.01,0.13%,"174,229,300"
WALD,Waldencast plc Class A Ordinary Share,$1.35,0.02,1.504%,"173,611,233"
PED,Pedevco Corp. Common Stock,$13.03,-0.20,-1.512%,"173,180,453"
TORO,Toro Corp. Common Stock,$6.00,0.05,0.84%,"173,112,504"
CDXS,"Codexis, Inc. Common Stock",$1.58,-0.02,-1.25%,"173,019,109"
CRBU,"Caribou Biosciences, Inc. Common Stock",$1.61,-0.03,-1.829%,"172,604,096"
MPV,Barings Participation Investors Common Stock,$16.26,-0.14,-0.854%,"172,383,642"
TOYO,"TOYO Co., Ltd Ordinary Shares",$4.515,0.18,4.152%,"172,353,316"
GRX,The Gabelli Healthcare & Wellness Trust Common Shares of Beneficial Interest,$10.03,-0.12,-1.182%,"171,442,519"
NLOP,Net Lease Office Properties Common Shares of Beneficial Interest,$11.57,0.11,0.96%,"171,398,848"
LFCR,"Lifecore Biomedical, Inc. Common Stock",$4.52,0.06,1.345%,"171,095,831"
EPSN,Epsilon Energy Ltd. Common Share,$5.645,0.065,1.165%,"170,951,932"
MOLN,Molecular Partners AG American Depositary Shares,$4.23,-0.1001,-2.312%,"170,735,892"
QSI,Quantum-Si Incorporated Class A Common Stock,$0.78,0.0099,1.286%,"170,729,451"
DOMO,"Domo, Inc. Class B Common Stock",$3.77,0.03,0.802%,"170,217,623"
RDCM,Radcom Ltd. Ordinary Shares,$10.19,UNCH,--,"170,075,757"
MDWD,MediWound Ltd. Ordinary Shares,$13.115,-0.475,-3.495%,"169,318,296"
OGI,Organigram Global Inc. Common Shares,$1.20,-0.04,-3.226%,"169,207,796"
EARN,Ellington Credit Company Common Shares of Beneficial Interest,$4.45,0.04,0.907%,"167,138,418"
DAVA,Endava plc American Depositary Shares (each representing one Class A Ordinary Share),$3.07,-0.04,-1.286%,"166,785,741"
SBFG,"SB Financial Group, Inc. Common Stock",$26.63,0.06,0.226%,"166,517,177"
GNT,"GAMCO Natural Resources, Gold & Income Trust",$9.01,0.20,2.27%,"166,463,705"
CURX,Curanex Pharmaceuticals Inc Common Stock,$5.27,-0.138,-2.552%,"165,292,559"
OTLK,"Outlook Therapeutics, Inc. Common Stock",$0.6763,-0.0138,-2.00%,"164,643,581"
ARMP,"Armata Pharmaceuticals, Inc. Common Stock",$4.42,-0.65,-12.821%,"164,344,347"
MENS,Jyong Biotech Ltd. Ordinary Shares,$2.16,0.08,3.846%,"164,219,761"
NYXH,Nyxoah SA Ordinary Shares,$1.64,-0.01,-0.606%,"164,119,417"
ZENA,"ZenaTech, Inc. Common Stock",$1.91,-0.09,-4.50%,"164,095,797"
WATR,Air Water Ventures Limited Ordinary Shares,$2.89,0.19,7.037%,"163,433,930"
HTLM,HomesToLife Ltd Ordinary Shares,$1.82,0.01,0.552%,"163,231,250"
OWLT,"Owlet, Inc. Class A Common Stock",$5.58,-0.21,-3.627%,"163,056,958"
CTW,CTW Class A Ordinary Shares,$2.61,0.02,0.772%,"162,864,000"
BZUN,Baozun Inc. American Depositary Shares,$2.80,-0.015,-0.533%,"162,759,489"
ONL,Orion Properties Inc. Common Stock,$2.85,-0.04,-1.384%,"162,577,435"
USBC,"USBC, Inc. Common Stock",$0.4176,0.0146,3.623%,"162,089,114"
BSET,"Bassett Furniture Industries, Incorporated Common Stock",$18.62,-0.24,-1.273%,"161,216,969"
SHIM,Shimmick Corporation Common Stock,$3.89,0.17,4.57%,"160,796,351"
FIRY,Firy Inc. Class A Common Stock,$10.24,0.55,5.676%,"159,821,384"
OKUR,"OnKure Therapeutics, Inc. Class A Common Stock",$3.93,-0.15,-3.676%,"159,150,494"
FOCL,EDAP TMS S.A. American Depositary Shares,$4.24,-0.12,-2.752%,"159,118,508"
PIM,Franklin Master Intermediate Income Trust Shares of Beneficial Interest,$3.16,-0.03,-0.94%,"158,800,725"
BIPI,BIP Bermuda Holdings I Limited 5.125% Perpetual Subordinated Notes,$16.73,0.015,0.09%,"158,548,537"
SITC,SITE Centers Corp. Common Stock,$3.02,-0.01,-0.33%,"158,475,524"
DPRO,Draganfly Inc. Common Shares,$4.28,-0.18,-4.036%,"158,360,000"
LFMD,"LifeMD, Inc. Common Stock",$3.28,-0.12,-3.529%,"158,098,745"
DIBS,"1stdibs.com, Inc. Common Stock",$4.68,-0.10,-2.092%,"157,319,571"
BCBP,"BCB Bancorp, Inc. (NJ) Common Stock",$8.69,0.02,0.231%,"157,304,833"
SRBK,"SR Bancorp, Inc. Common stock",$19.79,-0.59,-2.895%,"157,020,905"
NIU,Niu Technologies American Depositary Shares,$2.00,-0.09,-4.306%,"156,872,176"
TONX,TON Strategy Company Common Stock,$2.84,0.06,2.158%,"156,404,449"
KZIA,Kazia Therapeutics Limited American Depositary Shares,$13.67,-0.40,-2.843%,"156,205,709"
INTT,inTest Corporation Common Stock,$12.17,-0.59,-4.624%,"156,089,816"
ENGS,Energys Group Limited Ordinary Shares,$2.88,UNCH,--,"156,028,424"
INSE,"Inspired Entertainment, Inc. Common Stock",$5.90,-0.14,-2.318%,"155,514,395"
TUSK,"Mammoth Energy Services, Inc. Common Stock",$3.23,0.17,5.556%,"155,452,100"
TNYA,"Tenaya Therapeutics, Inc. Common Stock",$0.6905,-0.0224,-3.142%,"154,830,823"
GRO,Brazil Potash Corp. Common Shares,$2.49,0.23,10.177%,"154,246,075"
NEN,New England Realty Associates Limited Partnership Class A Depositary Receipts Evidencing Units of Limited Partnership,$55.51,UNCH,--,"153,998,840"
HOFT,Hooker Furnishings Corporation Common Stock,$14.32,-0.095,-0.659%,"153,820,428"
GHI,Greystone Housing Impact Investors LP Beneficial Unit Certificates representing assignments of limited partnership interests,$6.47,-0.28,-4.148%,"152,449,440"
NRXP,"NRX Pharmaceuticals, Inc. Common Stock",$3.51,0.18,5.405%,"151,968,142"
UNCY,"Unicycive Therapeutics, Inc. Common Stock",$5.45,-0.13,-2.33%,"151,811,151"
EML,Eastern Company (The) Common Stock,$25.18,0.55,2.233%,"151,522,110"
KRMD,"KORU Medical Systems, Inc. Common Stock (DE)",$3.27,-0.05,-1.506%,"150,982,120"
COOK,"Traeger, Inc. Common Stock",$53.94,-1.23,-2.229%,"150,936,203"
OXSQ,Oxford Square Capital Corp. Common Stock,$1.40,-0.02,-1.408%,"150,790,885"
WHF,"WhiteHorse Finance, Inc. Common Stock",$7.02,-0.24,-3.306%,"150,764,826"
FGBI,"First Guaranty Bancshares, Inc. Common Stock",$9.10,-0.03,-0.329%,"150,505,755"
RGP,"Resources Connection, Inc. Common Stock",$4.36,-0.06,-1.357%,"150,174,209"
WW,"WW International, Inc.  Common Stock",$15.00,0.64,4.457%,"149,981,400"
CHPT,"ChargePoint Holdings, Inc. Common Stock",$5.79,-0.05,-0.856%,"149,947,283"
OPRX,OptimizeRx Corporation Common Stock,$7.96,-0.05,-0.624%,"149,934,170"
JLHL,Julong Holding Limited Class A Ordinary Shares,$6.99,-0.09,-1.271%,"149,925,938"
SPRB,"Spruce Biosciences, Inc. Common Stock",$51.985,-0.975,-1.841%,"149,405,566"
BMHL,Bluemount Holdings Limited Class B Ordinary Shares,$5.8399,UNCH,--,"149,035,106"
SKYX,SKYX Platforms Corp. Common Stock,$1.10,-0.055,-4.762%,"148,974,093"
DMRC,Digimarc Corporation Common Stock,$6.62,-0.44,-6.232%,"148,786,678"
CABO,"Cable One, Inc. Common Stock",$26.22,0.29,1.118%,"148,770,314"
INGN,"Inogen, Inc Common Stock",$5.60,-0.08,-1.408%,"148,614,687"
FLX,BingEx Limited American Depositary Shares,$2.03,0.13,6.842%,"148,453,717"
NXG,NXG NextGen Infrastructure Income Fund Common Shares of Beneficial Interest,$56.88,-1.31,-2.251%,"147,985,492"
SMID,Smith-Midland Corporation Common Stock,$27.86,-0.15,-0.536%,"147,786,323"
QTRX,Quanterix Corporation Common Stock,$3.12,0.16,5.405%,"147,554,363"
PLBY,"Playboy, Inc. Common Stock",$1.23,0.01,0.82%,"147,363,456"
SLQT,"SelectQuote, Inc. Common Stock",$0.8353,0.0584,7.517%,"147,303,296"
HURC,"Hurco Companies, Inc. Common Stock",$22.73,-0.025,-0.11%,"147,206,799"
ANTA,Antalpha Platform Holding Company Class A Ordinary Shares,$3.915,-0.135,-3.333%,"147,204,000"
BANX,ArrowMark Financial Corp. Common Stock,$20.705,0.195,0.951%,"147,059,871"
LENZ,"LENZ Therapeutics, Inc. Common Stock",$4.66,-0.26,-5.285%,"146,418,798"
PAL,"Proficient Auto Logistics, Inc. Common Stock",$5.21,-0.20,-3.697%,"146,155,729"
DLTH,Duluth Holdings Inc. Class B Common Stock,$3.84,0.03,0.787%,"145,927,953"
GGZ,Gabelli Global Small and Mid Cap Value Trust (The) Common Shares of Beneficial Interest,$16.38,-0.51,-3.02%,"145,322,819"
TRAK,"ReposiTrak, Inc. Common Stock",$7.98,-0.16,-1.966%,"145,025,049"
STXS,"Stereotaxis, Inc. Common Stock",$1.44,0.06,4.348%,"144,291,136"
PAAC,Proem Acquisition Corp I Ordinary Shares,$9.97,UNCH,--,"144,235,990"
ELME,Elme Communities Common Stock,$1.62,UNCH,--,"143,949,770"
EQ,"Equillium, Inc. Common Stock",$2.27,-0.06,-2.575%,"143,936,346"
BOOM,DMC Global Inc. Common Stock,$7.00,-0.22,-3.047%,"143,786,643"
CNTB,Connect Biopharma Holdings Limited Ordinary Shares,$2.28,-0.18,-7.317%,"143,581,425"
KVHI,"KVH Industries, Inc. Common Stock",$7.89,-0.05,-0.63%,"143,132,190"
TLSA,Tiziana Life Sciences Ltd. Common Shares,$1.12,0.05,4.673%,"142,530,227"
MXCT,"MaxCyte, Inc. Common Stock",$1.38,-0.01,-0.719%,"142,424,564"
NINE,"Nine Energy Service, Inc. Common Stock",$10.18,-0.37,-3.507%,"142,010,898"
HURA,"TuHURA Biosciences, Inc. Common Stock",$2.22,-0.06,-2.632%,"141,473,090"
UFI,"Unifi, Inc. New Common Stock",$7.58,-0.25,-3.193%,"140,891,385"
SAFX,"XCF Global, Inc. Class A Common Stock",$0.3428,UNCH,--,"140,828,032"
IMDX,Insight Molecular Diagnostics Inc. Common Stock,$4.30,-0.08,-1.826%,"140,714,421"
RYDE,Ryde Group Ltd. Class A Ordinary Shares,$0.8449,-0.0451,-5.067%,"140,378,704"
DLNG,Dynagas LNG Partners LP Common Units,$3.84,0.07,1.857%,"139,706,922"
AOUT,"American Outdoor Brands, Inc. Common Stock ",$11.17,-0.36,-3.122%,"139,704,530"
BHR,Braemar Hotels & Resorts Inc. Common Stock,$2.03,-0.02,-0.976%,"139,419,016"
AMTX,"Aemetis, Inc. (DE) Common Stock",$1.92,0.06,3.226%,"138,565,620"
CLAR,Clarus Corporation Common Stock,$3.61,-0.12,-3.217%,"138,220,240"
CAAS,"China Automotive Systems, Inc. Ordinary Share",$4.56,-0.22,-4.603%,"137,578,401"
CITR,CitroTech Inc. Common Stock,$6.10,-0.02,-0.327%,"137,576,191"
WTF,Waton Financial Limited Ordinary Shares,$2.85,0.01,0.352%,"137,476,795"
BRLT,"Brilliant Earth Group, Inc. Class A Common Stock",$1.33,0.05,3.906%,"135,424,317"
LSBK,"Lake Shore Bancorp, Inc. Common Stock",$17.24,UNCH,--,"135,399,305"
ACNT,Ascent Industries Co. Common Stock,$15.01,-0.34,-2.215%,"135,231,890"
SJT,San Juan Basin Royalty Trust Common Stock,$2.90,0.20,7.407%,"135,165,508"
SANG,Sangoma Technologies Corporation Common Shares,$4.06,-0.03,-0.733%,"135,111,887"
FLYX,"flyExclusive, Inc. Class A Common Stock",$1.32,0.08,6.452%,"134,747,907"
DOYU,DouYu International Holdings Limited ADS,$4.46,-0.25,-5.308%,"134,597,711"
HYNE,"Hoyne Bancorp, Inc. Common Stock",$16.60,0.06,0.363%,"134,409,171"
PMN,ProMIS Neurosciences Inc. Common Shares (ON),$14.91,0.25,1.705%,"133,708,303"
LGCY,Legacy Education Inc. Common Stock,$10.52,-0.04,-0.379%,"133,099,440"
PZG,Paramount Gold Nevada Corp. Common Stock,$1.55,-0.02,-1.274%,"132,965,791"
HDRN,"Hadron Energy, Inc. Common Stock  ",$1.85,0.01,0.543%,"132,272,858"
EP,Empire Petroleum Corporation Common Stock,$3.18,0.18,6.00%,"132,215,944"
RDZN,"Roadzen, Inc. Ordinary Shares",$1.55,0.04,2.649%,"132,005,848"
NCSM,"NCS Multistage Holdings, Inc. Common Stock",$50.10,-0.50,-0.988%,"131,488,602"
SIF,"SIFCO Industries, Inc. Common Stock",$20.99,0.25,1.205%,"131,274,147"
VTVT,vTv Therapeutics Inc. Class A Common Stock,$33.08,0.185,0.562%,"130,795,938"
FLNT,"Fluent, Inc. Common Stock",$4.12,0.01,0.243%,"130,221,194"
CBUS,"Cibus, Inc. Class A Common Stock",$1.70,UNCH,--,"129,929,239"
MED,MEDIFAST INC Common Stock,$11.62,0.04,0.345%,"129,919,769"
NICM,Nicola Mining Inc. American Depositary Shares,$6.78,0.295,4.549%,"129,682,023"
USGO,U.S. GoldMining Inc. Common stock,$9.20,UNCH,--,"129,128,771"
AARD,"Aardvark Therapeutics, Inc. Common Stock",$5.89,-0.86,-12.741%,"128,901,743"
BEBE,TGE Value Creative Solutions Corp Class A Ordinary Shares,$10.00,UNCH,--,"128,700,000"
CYPH,Cypherpunk Technologies Inc. Common Stock,$1.19,0.12,11.215%,"128,239,615"
MIST,Milestone Pharmaceuticals Inc. Common Shares,$1.03,-0.05,-4.63%,"128,232,919"
LANV,Lanvin Group Holdings Limited Ordinary Shares,$1.02,-0.03,-2.857%,"128,107,832"
QVCG,"QVC Group, Inc. Common Stock",$15.80,0.75,4.983%,"127,886,812"
APYX,Apyx Medical Corporation Common Stock,$3.03,-0.12,-3.81%,"127,635,790"
EPM,"Evolution Petroleum Corporation, Inc. Common Stock",$3.55,0.21,6.287%,"127,621,943"
JHS,John Hancock Income Securities Trust Common Stock,$10.95,0.01,0.091%,"127,530,106"
FGNXP,FG Nexus Inc. 8.00% Cumulative Preferred Stock,$24.9901,UNCH,--,"127,341,753"
VANI,"Vivani Medical, Inc. Common Stock (DE)",$1.41,0.02,1.439%,"127,186,732"
NRDY,Nerdy Inc. Class A Common Stock,$9.94,-0.16,-1.584%,"126,973,490"
INV,"Innventure, Inc. Common Stock",$1.50,-0.04,-2.597%,"126,918,986"
CVGI,"Commercial Vehicle Group, Inc. Common Stock",$3.12,UNCH,--,"126,773,968"
MGYR,"Magyar Bancorp, Inc. Common Stock",$19.46,0.04,0.206%,"125,621,753"
EDRY,EuroDry Ltd. Common Shares ,$43.43,0.14,0.323%,"125,536,456"
INO,"Inovio Pharmaceuticals, Inc. Common Stock",$1.21,-0.09,-6.923%,"125,110,997"
OCC,Optical Cable Corporation Common Stock,$14.12,-0.24,-1.671%,"124,638,539"
GNLX,Genelux Corporation Common Stock,$2.74,0.06,2.239%,"123,972,218"
OPENL,"Opendoor Technologies Inc  Series A Warrants, each whole warrant exercisable to purchase one share of Common Stock at an exercise price of $13.00 per warrant",$0.1276,-0.0012,-0.932%,"123,911,218"
AGPU,Axe Compute Inc. Common Stock,$10.69,-0.21,-1.927%,"123,909,116"
AXR,AMREP Corporation Common Stock,$23.25,UNCH,--,"123,802,739"
BDTX,"Black Diamond Therapeutics, Inc. Common Stock",$2.15,-0.04,-1.826%,"123,525,556"
JFIN,Jiayin Group Inc. American Depositary Shares,$2.36,-0.04,-1.667%,"123,497,729"
BOTJ,"Bank of the James Financial Group, Inc. Common Stock",$27.15,UNCH,--,"123,351,627"
CSTE,Caesarstone Ltd. Ordinary Shares,$3.56,0.17,5.015%,"123,094,387"
NIPG,NIP Group Inc. American Depositary Shares,$14.445,-0.265,-1.801%,"123,094,310"
TP,Ticketplus Ltd. Ordinary Shares,$7.65,0.55,7.746%,"122,961,043"
HOVR,New Horizon Aircraft Ltd. Class A Ordinary Share,$1.84,-0.045,-2.387%,"122,959,540"
RENT,"Rent the Runway, Inc. Class A Common Stock",$3.66,-0.08,-2.139%,"122,926,330"
AUC,ATIF Holdings Limited Ordinary Shares,$6.3601,-0.6199,-8.881%,"122,834,984"
HCAT,"Health Catalyst, Inc Common Stock",$1.63,-0.06,-3.55%,"122,667,901"
SFBC,"Sound Financial Bancorp, Inc. Common Stock",$47.75,0.07,0.147%,"122,624,053"
ADCT,ADC Therapeutics SA Common Shares,$0.9601,-0.0799,-7.683%,"122,573,754"
PNBK,Patriot National Bancorp Inc. Common Stock,$1.03,-0.03,-2.83%,"122,304,466"
ANIX,"Anixa Biosciences, Inc. Common Stock",$3.59,-0.12,-3.235%,"122,142,796"
RFIL,"RF Industries, Ltd. Common Stock",$11.25,-0.46,-3.928%,"122,076,731"
OPENZ,"Opendoor Technologies Inc  Series Z Warrants, each whole warrant exercisable to purchase one share of Common Stock at an exercise price of $17.00 per warrant",$0.1252,-0.0648,-34.105%,"121,580,599"
KULR,"KULR Technology Group, Inc. Common Stock",$2.62,-0.03,-1.132%,"121,254,444"
WSBK,"Winchester Bancorp, Inc. Common Stock",$12.99,0.01,0.077%,"120,746,934"
BSBK,Bogota Financial Corp. Common Stock,$9.4299,0.1799,1.945%,"120,337,905"
MX,Magnachip Semiconductor Corporation Common Stock,$3.28,-0.05,-1.502%,"119,753,164"
FURY,Fury Gold Mines Limited Common Shares,$0.6286,-0.0096,-1.504%,"119,517,098"
SRG,Seritage Growth Properties Class A Common Stock,$2.11,0.04,1.932%,"118,844,921"
HUHU,HUHUTECH International Group Inc. Ordinary Shares,$4.66,-0.09,-1.895%,"118,800,870"
RANI,"Rani Therapeutics Holdings, Inc. Class A Common Stock",$0.851,-0.0656,-7.157%,"118,625,416"
ENGN,enGene Therapeutics Inc. Common Stock,$1.77,-0.08,-4.324%,"118,571,355"
KDKRW,"Kodiak AI, Inc. Warrants",$0.5901,-0.0749,-11.263%,"118,384,782"
NTHI,"NeOnc Technologies Holdings, Inc. Common Stock",$4.56,-0.07,-1.512%,"118,269,824"
INVZ,Innoviz Technologies Ltd. Ordinary shares,$0.3331,-0.0127,-3.673%,"118,150,126"
STHO,Star Holdings Shares of Beneficial Interest,$9.77,0.38,4.047%,"118,034,623"
AKA,a.k.a. Brands Holding Corp. Common Stock,$10.71,0.06,0.563%,"117,714,242"
UNB,"Union Bankshares, Inc. Common Stock",$23.80,-0.49,-2.017%,"117,711,658"
ZJK,"ZJK Industrial Co., Ltd. Class A Ordinary Shares",$1.82,0.015,0.831%,"117,066,493"
DFDV,DeFi Development Corp. Common Stock,$3.77,0.35,10.234%,"116,861,668"
TLYS,"Tilly's, Inc. Common Stock",$3.83,-0.09,-2.296%,"116,770,649"
JYNT,The Joint Corp. Common Stock,$8.25,0.02,0.243%,"116,681,021"
OPHC,"OptimumBank Holdings, Inc. Common Stock",$9.22,-0.88,-8.713%,"116,379,173"
SAMG,Silvercrest Asset Management Group Inc. Class A Common Stock,$9.82,-0.38,-3.725%,"116,345,072"
JHI,John Hancock Investors Trust Common Stock,$13.27,-0.08,-0.599%,"116,040,139"
VIVO,VivoPower PLC Class A Ordinary Shares,$4.21,-0.15,-3.44%,"115,960,770"
GLU,Gabelli Global Utility Common Shares of Beneficial Ownership,$19.28,-0.27,-1.381%,"115,080,604"
NAUT,"Nautilus Biotechnology, Inc. Common Stock",$0.9023,0.0008,0.089%,"114,822,388"
QUCY,Quantum Cyber N.V. Ordinary Shares,$1.36,-0.08,-5.556%,"114,332,741"
CODA,"Coda Octopus Group, Inc. Common stock",$10.12,0.03,0.297%,"114,161,230"
ULBI,Ultralife Corporation Common Stock,$6.85,-0.15,-2.143%,"114,143,393"
BNAI,Brand Engagement Network Inc. Common Stock,$15.24,-0.77,-4.809%,"114,117,821"
COYA,"Coya Therapeutics, Inc. Common Stock",$4.86,-0.11,-2.213%,"114,005,146"
HOVNP,Hovnanian Enterprises Inc Dep Shr Srs A Pfd,$19.45,-0.30,-1.519%,"113,969,162"
BUDA,"Buda Juice, Inc. Common Stock",$9.0333,0.1433,1.612%,"113,518,464"
GPRO,"GoPro, Inc. Class A Common Stock",$0.615,-0.0199,-3.134%,"113,470,212"
GGT,"Gabelli Multi-Media Trust, Inc. (The) Common Stock",$4.11,-0.01,-0.243%,"113,171,937"
GETY,"Getty Images Holdings, Inc. Class A Common Stock",$0.2725,0.007,2.637%,"113,036,081"
NAKA,Nakamoto Inc. Common Stock,$6.30,0.24,3.96%,"112,738,141"
TRT,Trio-Tech International Common Stock,$11.14,-0.18,-1.59%,"112,654,353"
HSDT,Solana Company Class A Common Stock (DE),$1.86,UNCH,--,"112,453,188"
CPIX,Cumberland Pharmaceuticals Inc. Common Stock,$7.50,-0.15,-1.961%,"112,373,303"
PROV,"Provident Financial Holdings, Inc. Common Stock",$17.90,0.03,0.168%,"111,941,069"
SEER,"Seer, Inc. Class A Common Stock",$2.02,-0.03,-1.463%,"111,851,470"
CCLD,"CareCloud, Inc. Common Stock",$2.63,-0.01,-0.379%,"111,758,849"
BNC,CEA Industries Inc. Common Stock,$2.70,0.05,1.887%,"111,412,395"
ATGL,Alpha Technology Group Limited Class A Ordinary Shares,$6.75,-0.41,-5.726%,"111,121,875"
WSHP,WeShop Holdings Limited Class A Ordinary Shares,$4.63,-0.20,-4.141%,"111,087,599"
LAKE,"Lakeland Industries, Inc. Common Stock",$11.25,-0.93,-7.635%,"111,028,095"
GHG,"GreenTree Hospitality Group Ltd. American depositary shares, each representing one Class A ordinary share",$1.10,-0.01,-0.901%,"110,987,058"
AMCI,AMC Robotics Corporation Common Stock,$4.90,-0.21,-4.11%,"110,741,779"
TCX,Tucows Inc. Class A Common Stock,$9.88,-0.35,-3.421%,"110,479,267"
BEEP,Mobile Infrastructure Corporation Common Stock,$2.65,0.02,0.76%,"109,445,000"
VATE,INNOVATE Corp. Common Stock,$8.01,0.20,2.561%,"109,271,347"
GUTS,"Fractyl Health, Inc. Common Stock",$0.6851,-0.0009,-0.131%,"109,054,114"
USDE,StablecoinX Inc. Class A Common Stock,$4.00,0.91,29.45%,"108,748,516"
CHMI,Cherry Hill Mortgage Investment Corporation Common Stock,$2.93,0.01,0.342%,"108,255,864"
VENU,Venu Holding Corporation Common Stock,$1.92,0.06,3.226%,"107,924,260"
KXIN,Kaixin Holdings Ordinary Shares,$5.38,0.03,0.561%,"107,782,296"
NCT,Intercont (Cayman) Limited Class A Ordinary shares,$4.20,0.20,5.00%,"107,706,220"
BYFC,Broadway Financial Corporation Class A Common Stock,$11.60,UNCH,--,"107,631,122"
BWEN,"Broadwind, Inc. Common Stock",$4.51,-0.15,-3.219%,"106,694,752"
PLYX,"Polaryx Therapeutics, Inc. Common Stock",$2.14,-0.02,-0.926%,"106,670,425"
SPAI,Safe Pro Group Inc. Common Stock,$5.20,-0.11,-2.072%,"105,886,882"
BGM,BGM Group Ltd. Class A Ordinary Shares,$0.2633,-0.0169,-6.031%,"105,484,130"
FNWB,First Northwest Bancorp Common Stock,$11.09,-0.13,-1.159%,"105,483,810"
DH,Definitive Healthcare Corp. Class A Common Stock,$0.7275,0.0095,1.323%,"105,465,708"
TSQ,"Townsquare Media, Inc. Class A Common Stock",$5.76,-0.01,-0.173%,"105,014,241"
GRWG,GrowGeneration Corp. Common Stock,$1.78,-0.02,-1.111%,"104,878,399"
KEQU,Kewaunee Scientific Corporation Common Stock,$36.47,0.46,1.277%,"104,683,853"
TISI,"Team, Inc. Common Stock",$22.80,0.34,1.514%,"104,497,165"
EVTL,Vertical Aerospace Ltd. Ordinary Shares,$0.7499,-0.0159,-2.076%,"103,778,891"
LNSR,"LENSAR, Inc. Common Stock",$8.44,-0.28,-3.211%,"103,692,701"
SLNG,"Stabilis Solutions, Inc. Common Stock",$5.57,-0.08,-1.416%,"103,581,397"
AMPG,"Amplitech Group, Inc. Common Stock",$3.44,-0.13,-3.641%,"103,350,971"
PYPD,PolyPid Ltd. Ordinary Shares,$5.08,0.07,1.397%,"103,183,771"
PARK,"Park Dental Partners, Inc. Common Stock",$21.68,0.48,2.264%,"103,094,514"
ZSTK,ZeroStack Corp. Common Stock,$5.89,0.93,18.75%,"103,015,087"
SUNS,"Sunrise Realty Trust, Inc. Common Stock",$7.62,-0.07,-0.91%,"102,990,785"
ONCY,"Oncolytics Biotech, Inc. Common Stock",$0.8017,-0.0293,-3.526%,"102,225,172"
RPT,Rithm Property Trust Inc. Common stock,$13.15,0.10,0.766%,"102,209,217"
RVSB,Riverview Bancorp Inc Common Stock,$5.12,0.03,0.589%,"102,160,312"
ZVIA,Zevia PBC Class A Common Stock,$1.32,-0.01,-0.752%,"102,095,929"
PTHS,Pelthos Therapeutics Inc. Common Stock,$26.66,0.84,3.253%,"102,066,984"
ICG,Intchains Group Limited American Depositary Shares,$0.845,-0.035,-3.977%,"102,061,552"
YARW,"Yarrow Bioscience, Inc. Common Stock",$38.20,-2.40,-5.911%,"101,984,297"
YDDL,One and One Green Technologies. Inc Class A Ordinary Shares,$1.82,0.095,5.507%,"101,980,666"
TMSWW,Teamshares Inc. Warrants,$1.12,-0.01,-0.885%,"101,229,084"
AIRJW,AirJoule Technologies Corporation Warrant,$1.38,-0.02,-1.429%,"101,219,404"
AIB,AIB Data Centers Inc. Common Stock,$1.33,-0.11,-7.639%,"101,052,690"
LPA,Logistic Properties of the Americas Ordinary Shares,$3.19,-0.08,-2.446%,"100,860,830"
ACH,"Accendra Health, Inc. Common Stock",$1.31,-0.01,-0.758%,"100,745,162"
WRAP,"Wrap Technologies, Inc. Common Stock",$1.55,-0.06,-3.727%,"100,093,687"
MBOT,Microbot Medical Inc. Common Stock,$1.49,-0.06,-3.871%,"100,075,553"
HERE,Here Group Limited American Depositary Shares,$1.84,UNCH,--,"100,067,692"
YRD,"Yiren Digital Ltd. American Depositary Shares, each representing two ordinary shares",$1.14,-0.03,-2.564%,"99,736,846"
HFFG,HF Foods Group Inc. Common Stock,$1.84,-0.045,-2.387%,"99,177,739"
LUNG,Pulmonx Corporation Common Stock,$2.30,-0.01,-0.433%,"98,781,019"
ARQ,"Arq, Inc. Common Stock",$2.26,0.09,4.147%,"98,690,772"
BMEA,"Biomea Fusion, Inc. Common Stock",$1.36,-0.03,-2.158%,"98,578,039"
TGEN,Tecogen Inc. Common Stock,$3.26,-0.10,-2.976%,"98,412,300"
KLRS,"Kalaris Therapeutics, Inc. Common Stock",$4.12,-0.05,-1.199%,"98,076,522"
CIGL,Concorde International Group Ltd Class A Ordinary Shares,$0.4307,-0.0101,-2.291%,"97,762,641"
GCL,GCL Global Holdings Ltd Ordinary Shares,$0.75,0.08,11.94%,"97,601,574"
BNR,Burning Rock Biotech Limited American Depositary Shares,$9.25,-0.54,-5.516%,"97,553,673"
LUD,Luda Technology Group Limited Ordinary Shares,$4.2901,-0.0599,-1.377%,"97,342,369"
RMI,"RiverNorth Opportunistic Municipal Income Fund, Inc. Common Stock",$15.22,-0.20,-1.297%,"97,001,139"
PFX,PhenixFIN Corporation Common Stock,$50.12,0.12,0.24%,"96,795,403"
QXL,Quantum X Labs Inc. Common Stock,$4.47,-0.12,-2.614%,"96,408,182"
STEX,Streamex Corp. Common Stock,$0.8274,0.0477,6.118%,"96,363,486"
RFL,"Rafael Holdings, Inc. Class B Common Stock",$1.85,0.04,2.21%,"96,199,993"
CSHRW,CoinShares PLC Warrants,$0.73,0.02,2.817%,"96,199,553"
HYPR,"Hyperfine, Inc. Class A Common Stock",$0.9041,0.0023,0.255%,"95,878,602"
LGL,"LGL Group, Inc. (The) Common Stock",$7.60,0.10,1.333%,"95,859,932"
RGT,"Royce Global Trust, Inc. Common Stock",$15.27,-0.09,-0.586%,"95,696,220"
ARBE,Arbe Robotics Ltd. Ordinary Shares,$0.7491,-0.0249,-3.217%,"95,438,381"
ATLX,Atlas Lithium Corporation Common Stock,$3.17,-0.02,-0.627%,"95,416,382"
SEV,Aptera Motors Corp. Class B Common Stock,$2.35,0.245,11.639%,"95,276,344"
FTLF,"FitLife Brands, Inc. Common Stock",$10.09,-0.145,-1.417%,"94,755,916"
BCIC,BCP Investment Corporation Common Stock,$7.65,UNCH,--,"94,734,938"
ACRV,"Acrivon Therapeutics, Inc. Common Stock",$2.20,-0.19,-7.95%,"94,277,396"
ATRA,"Atara Biotherapeutics, Inc. Common Stock",$9.38,-0.22,-2.292%,"94,153,720"
FDSB,"Fifth District Bancorp, Inc. Common Stock",$17.93,-0.52,-2.818%,"93,875,348"
MWC,"Micware Co., Ltd. American Depositary Shares",$1.57,0.09,6.081%,"93,288,480"
DWSN,Dawson Geophysical Company Common Stock,$3.00,0.16,5.634%,"93,166,854"
DTI,Drilling Tools International Corporation Common Stock,$2.64,0.09,3.529%,"93,145,071"
COE,"51Talk Online Education Group American depositary shares, each representing 60 Class A ordinary shares",$15.50,-0.80,-4.908%,"93,113,383"
UBCP,"United Bancorp, Inc. Common Stock",$16.20,0.84,5.469%,"92,915,392"
AMBR,Amber International Holding Limited American Depositary Shares,$0.9842,0.0394,4.17%,"92,785,702"
VIRC,Virco Manufacturing Corporation Common Stock,$5.89,-0.01,-0.169%,"92,647,008"
AIFU,AIFU Inc. Class A Ordinary Share,$15.00,2.50,20.00%,"92,635,590"
MGF,Aberdeen Government Markets Income Fund Common Shares of Beneficial Interest,$2.84,-0.03,-1.045%,"92,576,596"
FBIO,"Fortress Biotech, Inc. Common Stock",$2.77,-0.08,-2.807%,"92,382,251"
WFF,WF Holding Limited Ordinary Shares,$2.20,UNCH,--,"92,223,855"
GFUZW,General Fusion Group Ltd. Warrant,$1.45,UNCH,--,"92,139,948"
MHNC,"Maiden Holdings North America, Ltd. 7.75% Notes due 2043",$11.90,-0.01,-0.084%,"92,129,122"
LSE,"Leishen Energy Holding Co., Ltd. Class A Ordinary Shares",$5.41,-0.04,-0.734%,"92,105,250"
ECOR,"electroCore, Inc. Common Stock",$10.21,-0.60,-5.55%,"92,052,186"
WYY,WidePoint Corporation Common Stock,$9.17,-0.17,-1.82%,"91,683,998"
BZFD,"BuzzFeed, Inc. Class A Common Stock",$1.10,-0.01,-0.901%,"91,668,206"
CMCM,"Cheetah Mobile Inc. American Depositary Shares, each representing fifty (50) Class A Ordinary Shares",$2.94,-0.09,-2.97%,"91,656,964"
ICCC,ImmuCell Corporation Common Stock,$10.09,-0.04,-0.395%,"91,639,368"
THRY,"Thryv Holdings, Inc. Common Stock",$2.05,-0.04,-1.914%,"91,100,178"
AUBN,"Auburn National Bancorporation, Inc. Common Stock",$26.145,0.015,0.057%,"91,096,814"
CGTX,"Cognition Therapeutics, Inc. Common Stock",$0.9567,-0.0221,-2.258%,"90,976,187"
MNTS,Momentus Inc. Class A Common Stock,$4.13,-0.11,-2.594%,"90,708,846"
SATLW,Satellogic Inc. Warrant,$0.59,-0.2201,-27.169%,"90,706,547"
FUSB,"First US Bancshares, Inc. Common Stock",$16.45,0.03,0.183%,"90,552,463"
ALDX,"Aldeyra Therapeutics, Inc. Common Stock",$1.50,-0.08,-5.063%,"90,489,632"
JFB,JFB Construction Holdings Class A Common Stock,$4.47,0.17,3.953%,"90,429,901"
MMLP,Martin Midstream Partners L.P. Limited Partnership,$2.30,-0.03,-1.288%,"89,986,778"
XHLD,"TEN Holdings, Inc. Common Stock",$7.51,-0.13,-1.702%,"89,950,597"
NDLS,Noodles & Company Class A Common Stock,$15.05,-0.56,-3.587%,"89,798,233"
BARK,"BARK, Inc. Class A Common Stock",$9.94,-0.47,-4.515%,"89,792,563"
AEYE,"AudioEye, Inc. Common Stock",$7.14,0.07,0.99%,"89,747,472"
PUSA,Aureus Greenway Holdings Inc. Common Stock,$3.33,-0.04,-1.187%,"89,722,128"
MHH,"Mastech Digital, Inc Common Stock",$7.46,0.06,0.811%,"89,613,854"
ZYBT,Zhengye Biotechnology Holding Limited Class A Ordinary Shares,$1.89,0.04,2.162%,"89,569,701"
EIC,Eagle Point Income Company Inc. Common Stock,$10.02,UNCH,--,"89,259,242"
SRL,Scully Royalty Ltd.,$5.86,-0.10,-1.678%,"89,226,417"
CAST,"FreeCast, Inc. Class A Common Stock",$1.87,0.17,10.00%,"88,976,586"
HLP,Hongli Group Inc. Class A Ordinary Shares,$1.19,-0.03,-2.459%,"88,939,113"
RFM,"RiverNorth Flexible Municipal Income Fund, Inc. Common Stock",$14.49,-0.1578,-1.077%,"88,601,989"
RLYB,Rallybio Corporation Common Stock,$16.60,-0.40,-2.353%,"88,154,283"
ACET,"Adicet Bio, Inc. Common Stock",$9.38,-0.11,-1.159%,"87,810,776"
GCV,"Gabelli Convertible and Income Securities Fund, Inc. (The) Common Stock",$4.61,-0.02,-0.432%,"87,774,534"
CPBI,"Central Plains Bancshares, Inc. Common Stock",$20.9707,0.0507,0.242%,"87,494,709"
SRFM,Surf Air Mobility Inc. Common Stock,$0.7075,0.0151,2.181%,"87,478,302"
BDL,"Flanigan's Enterprises, Inc. Common Stock",$47.06,0.63,1.357%,"87,467,928"
EVF,Eaton Vance Senior Income Trust Common Stock,$4.96,-0.01,-0.201%,"86,992,736"
FATN,"FatPipe, Inc. Common Stock",$6.145,0.025,0.408%,"86,819,436"
ISPR,Ispire Technology Inc. Common Stock,$1.51,0.01,0.667%,"86,673,088"
VRA,"Vera Bradley, Inc. Common Stock",$3.04,-0.09,-2.875%,"86,452,286"
GANX,"Gain Therapeutics, Inc. Common Stock",$1.98,-0.09,-4.348%,"86,414,366"
SIEB,Siebert Financial Corp. Common Stock,$2.10,0.07,3.448%,"86,311,966"
AEC,Anfield Energy Inc. Common Shares,$4.305,-0.055,-1.261%,"85,884,647"
NFE,New Fortress Energy Inc. Class A Common Stock,$0.2998,0.0026,0.875%,"85,633,268"
HMR,Heidmar Maritime Holdings Corp. Common Stock,$1.45,0.09,6.618%,"85,538,396"
SHMDW,SCHMID Group N.V. Warrants,$1.30,-0.06,-4.412%,"85,378,444"
SSBI,Summit State Bank Common Stock,$12.79,UNCH,--,"85,349,333"
ASRV,AmeriServ Financial Inc. Common Stock,$5.00,0.05,1.01%,"84,896,335"
VERI,"Veritone, Inc. Common Stock",$0.8448,-0.1212,-12.547%,"84,866,131"
GIBO,GIBO Holdings Limited Class A Ordinary Shares,$32.50,2.10,6.908%,"84,652,913"
SOTK,Sono-Tek Corporation Common Stock,$5.35,0.08,1.518%,"84,084,468"
MAIA,"MAIA Biotechnology, Inc. Common Stock",$1.38,-0.01,-0.719%,"83,939,665"
LFVN,Lifevantage Corporation Common Stock (Delaware),$6.65,0.15,2.308%,"83,895,216"
MDIA,Mediaco Holding Inc. Class A Common Stock ,$0.9976,0.0595,6.343%,"83,818,210"
EGG,Enigmatig Limited Class A Ordinary Shares,$3.01,-0.08,-2.589%,"83,814,052"
RPID,"Rapid Micro Biosystems, Inc. Class A Common Stock",$1.67,-0.03,-1.765%,"83,766,459"
TYGO,"Tigo Energy, Inc. Common Stock",$1.09,-0.05,-4.386%,"83,683,345"
CHGG,"Chegg, Inc. Common Stock",$0.7527,-0.0071,-0.934%,"83,570,386"
WHLRD,"Wheeler Real Estate Investment Trust, Inc. Series D Cumulative Preferred Stock",$34.29,-1.61,-4.485%,"83,492,858"
VRCA,Verrica Pharmaceuticals Inc. Common Stock,$4.86,-0.13,-2.605%,"83,488,900"
GECC,Great Elm Capital Corp. Common Stock,$6.00,0.13,2.215%,"83,338,500"
AIFC,AI Financial Corporation Common Stock,$0.5947,0.0706,13.471%,"83,160,773"
SERA,"Sera Prognostics, Inc. Class A Common Stock",$2.10,0.11,5.528%,"82,843,879"
NVX,NOVONIX Limited American Depository Shares,$0.394,-0.0103,-2.548%,"82,747,269"
MAYS,"J. W. Mays, Inc. Common Stock",$41.00,-0.10,-0.243%,"82,646,980"
JXG,JX Luxventure Group Inc. Common Stock,$6.85,UNCH,--,"82,610,157"
BLNK,Blink Charging Co. Common Stock,$0.5695,-0.0044,-0.767%,"82,542,599"
BYRN,"Byrna Technologies, Inc. Common Stock",$3.62,-0.15,-3.979%,"82,526,429"
GRABW,Grab Holdings Limited Warrant,$0.0201,-0.0049,-19.60%,"82,419,684"
MHLA,"Maiden Holdings, Ltd. 6.625% Notes due 2046",$10.61,-0.055,-0.516%,"82,142,015"
SKIN,SkinHealth Systems Inc. Class A Common Stock,$0.63,0.0352,5.918%,"81,988,681"
HFBL,"Home Federal Bancorp, Inc. of Louisiana Common Stock",$26.825,2.745,11.40%,"81,920,572"
WSTN,Westin Acquisition Corp Class A Ordinary Share,$10.16,0.01,0.099%,"81,838,800"
PCLA,PicoCELA Inc. American Depositary Shares,$8.49,2.09,32.656%,"81,621,204"
LNZA,"LanzaTech Global, Inc. Common Stock",$6.22,-0.01,-0.161%,"81,414,594"
IOR,"Income Opportunity Realty Investors, Inc. Common Stock",$20.02,UNCH,--,"81,404,884"
PBHC,"Pathfinder Bancorp, Inc. Common Stock (MD)",$16.61,0.28,1.715%,"81,361,760"
CPHC,Canterbury Park Holding Corporation 'New' Common Stock,$15.6451,0.0451,0.289%,"81,094,717"
DTCX,"Datacentrex, Inc. Common Stock",$2.02,-0.04,-1.942%,"81,090,125"
SSTI,"SoundThinking, Inc. Common Stock",$6.15,0.01,0.163%,"80,957,309"
DTF,DTF Tax-Free Income 2028 Term Fund Inc. Common Stock,$11.51,-0.04,-0.346%,"80,910,316"
OM,"Outset Medical, Inc. Common Stock",$4.30,UNCH,--,"80,827,805"
ELTX,"Elicio Therapeutics, Inc. Common Stock",$3.075,-0.055,-1.757%,"80,816,787"
REKR,"Rekor Systems, Inc. Common Stock",$0.5868,-0.01,-1.676%,"80,765,095"
ATHE,Alterity Therapeutics Limited American Depositary Shares,$4.45,-0.35,-7.292%,"80,659,539"
NEXM,NexMetals Mining Corp. Common Shares,$2.26,-0.05,-2.165%,"80,564,851"
YIBO,Planet Image International Limited Class A Ordinary Shares,$1.36,0.04,3.03%,"80,558,541"
NAMM,Namib Minerals Ordinary Shares,$1.44,0.07,5.109%,"80,427,465"
FSEA,"First Seacoast Bancorp, Inc. Common Stock",$17.08,-0.01,-0.059%,"80,351,579"
ROC,Rank One Computing Corporation Common stock,$4.20,-0.16,-3.67%,"80,136,533"
EMPD,Empery Digital Inc. Common stock,$2.85,0.01,0.352%,"80,113,816"
GOAI,Eva Live Inc. Common Stock,$2.03,0.27,15.341%,"79,681,938"
NRT,North European Oil Royality Trust Common Stock,$8.66,-0.07,-0.802%,"79,590,509"
LINK,"Interlink Electronics, Inc. Common Stock",$5.0426,-0.1274,-2.464%,"79,438,140"
MB,MasterBeef Group Ordinary Shares,$4.62,-0.44,-8.696%,"79,256,100"
DWTX,"Dogwood Therapeutics, Inc. Common Stock",$2.33,0.02,0.866%,"79,202,648"
NPT,Texxon Holding Limited Ordinary shares,$3.57,-0.03,-0.833%,"79,200,450"
AMTD,"AMTD IDEA Group American Depositary Shares, each representing six (6) Class A Ordinary Shares",$0.827,0.087,11.757%,"79,148,493"
BATL,Battalion Oil Corporation Common Stock,$1.38,0.02,1.471%,"79,049,374"
MCHX,"Marchex, Inc. Class B Common Stock",$1.78,0.01,0.565%,"78,921,444"
AIRT,"Air T, Inc. Common Stock",$29.367,1.367,4.882%,"78,754,894"
NRXS,"Neuraxis, Inc. Common Stock",$6.27,-0.11,-1.724%,"78,737,187"
IPWR,Ideal Power Inc. Common Stock,$4.79,-0.44,-8.413%,"78,721,997"
ZEPP,"Zepp Health Corporation American depositary shares, each representing sixteen Class A ordinary shares",$5.36,-0.01,-0.186%,"78,604,298"
HNNA,"Hennessy Advisors, Inc. Common Stock",$9.89,0.02,0.203%,"78,174,615"
GLV,Clough Global Dividend and Income Fund Common Shares of beneficial interest,$6.15,-0.08,-1.284%,"78,163,935"
GLBS,Globus Maritime Limited Common Stock,$3.62,-0.05,-1.362%,"78,127,930"
SEAT,Vivid Seats Inc. Class A Common Stock,$6.66,-0.34,-4.857%,"78,002,966"
OESX,"Orion Energy Systems, Inc. Common Stock",$19.07,0.45,2.417%,"77,982,684"
ENRDW,Einride AB Warrants,$0.54,-0.03,-5.263%,"77,849,355"
TELO,"Telomir Pharmaceuticals, Inc. Common Stock",$1.13,-0.04,-3.419%,"77,715,700"
CING,Cingulate Inc. Common Stock,$5.33,0.06,1.139%,"77,507,933"
SCOR,"comScore, Inc. Common Stock",$5.10,-0.37,-6.764%,"77,440,063"
GNSS,Genasys Inc. Common Stock,$1.70,-0.14,-7.609%,"77,421,415"
NTIC,Northern Technologies International Corporation Common Stock,$8.14,0.09,1.118%,"77,301,013"
FRMM,"Forum Markets, Incorporated Common Stock",$5.85,-0.01,-0.171%,"77,213,846"
GOSS,"Gossamer Bio, Inc. Common Stock",$0.1575,0.0009,0.575%,"76,993,359"
ZTEK,Zentek Ltd. Common Stock,$0.6049,0.023,3.953%,"76,592,155"
ANVS,"Annovis Bio, Inc. Common Stock",$1.79,-0.06,-3.243%,"76,265,012"
PODC,"PodcastOne, Inc. Common Stock",$2.52,-0.17,-6.32%,"76,236,794"
SDA,SunCar Technology Group Inc. Class A Ordinary Shares,$0.7201,-0.0074,-1.017%,"76,077,064"
RCON,"Recon Technology, Ltd. Class A Ordinary Shares",$3.62,-0.05,-1.362%,"75,886,871"
USIO,"Usio, Inc. Common Stock",$2.66,0.10,3.906%,"75,797,801"
CVRX,"CVRx, Inc. Common Stock",$2.84,0.02,0.709%,"75,662,135"
AFCG,Advanced Flower Capital Inc. Common Stock,$3.32,-0.26,-7.263%,"75,270,771"
OPXS,"Optex Systems Holdings, Inc. Common Stock",$10.809,-0.311,-2.797%,"75,229,267"
BLUW,Blue Water Acquisition Corp. III Class A Ordinary Shares,$10.37,UNCH,--,"75,130,650"
MOB,Mobilicom Limited Ordinary Shares,$5.945,-0.345,-5.485%,"75,105,391"
PIII,P3 Health Partners Inc. Class A Common Stock,$10.34,0.07,0.682%,"75,078,554"
CEV,Eaton Vance California Municipal Income Trust Shares of Beneficial Interest,$10.65,UNCH,--,"74,907,574"
CSPI,CSP Inc. Common Stock,$7.43,-0.11,-1.459%,"74,899,192"
XPL,Solitario Resources Corp. Common Stock,$0.791,-0.0089,-1.113%,"74,895,410"
NEOVW,NeoVolta Inc. Warrant,$1.27,UNCH,--,"74,756,324"
VNCE,Vince Holding Corp. Common Stock,$5.81,-0.28,-4.598%,"74,642,778"
CLSKW,"CleanSpark, Inc. Warrant",$0.289,0.019,7.037%,"74,220,134"
CPSH,CPS Technologies Corp. Common Stock,$3.82,-0.18,-4.50%,"74,061,938"
PEW,GrabAGun Digital Holdings Inc. Common Stock,$2.50,-0.02,-0.794%,"73,783,595"
NSTS,"NSTS Bancorp, Inc. Common Stock",$14.0422,0.1422,1.023%,"73,765,516"
SUIG,Sui Group Holdings Limited Common Stock,$0.9588,0.0637,7.117%,"73,638,594"
BSIN,Big Sky Industrial Inc. Common Stock,$1.40,UNCH,--,"73,490,799"
SKIL,Skillsoft Corp. Class A Common Stock,$8.15,0.27,3.426%,"73,085,361"
IBIO,"iBio, Inc. Common Stock",$1.47,-0.02,-1.342%,"73,027,485"
OSTX,OS Therapies Incorporated Common Stock,$1.58,0.12,8.219%,"72,878,804"
ELOX,"Eloxx Pharmaceuticals, Inc. Common Stock",$18.04,-0.115,-0.633%,"72,817,720"
WKEY,WISeKey International Holding Ltd American Depositary Shares,$6.39,-0.06,-0.93%,"72,707,554"
CBAT,CBAK Energy Technology Limited Ordinary Shares,$0.8202,0.1179,16.788%,"72,707,315"
LONA,"LeonaBio, Inc. Common Stock",$7.70,-0.13,-1.66%,"72,546,805"
RSSS,"Research Solutions, Inc Common Stock",$2.20,-0.01,-0.452%,"72,392,047"
FLL,"Full House Resorts, Inc. Common Stock",$1.97,-0.10,-4.831%,"72,189,626"
CVU,"CPI Aerostructures, Inc. Common Stock",$5.44,-0.23,-4.056%,"72,078,553"
WWR,"Westwater Resources, Inc. Common Stock",$0.5602,-0.0098,-1.719%,"72,022,019"
CSBR,"Champions Oncology, Inc. Common Stock",$5.18,0.24,4.858%,"71,968,687"
WYHG,Wing Yip Food Holdings Group Limited American Depositary Shares,$5.71,1.10,23.861%,"71,847,400"
CRGO,Freightos Limited Ordinary shares,$1.39,-0.01,-0.714%,"71,840,062"
BZAI,"Blaize Holdings, Inc. Common Stock",$0.495,-0.015,-2.941%,"71,691,859"
ORIQU,Origin Investment Corp I Units,$10.35,UNCH,--,"71,415,000"
YOUL,Youlife Group Inc. American Depositary Shares,$0.5111,-0.0178,-3.365%,"71,406,294"
SPCB,"SuperCom, Ltd. Ordinary Shares (Israel)",$11.35,0.505,4.657%,"71,283,130"
YMT,Yimutian Inc. American Depositary Shares,$0.2034,-0.0013,-0.635%,"71,085,094"
CRDF,"Cardiff Oncology, Inc. Common Stock",$0.9087,0.0108,1.203%,"70,692,543"
TJGC,TJGC Group Limited Class A Ordinary Shares,$4.62,0.24,5.479%,"70,686,000"
CTOR,"Citius Oncology, Inc. Common Stock",$0.7591,0.0066,0.877%,"70,582,032"
TTEC,"TTEC Holdings, Inc. Common Stock",$1.43,-0.07,-4.667%,"70,493,194"
SPRO,"Spero Therapeutics, Inc. Common Stock",$1.21,-0.02,-1.626%,"70,464,141"
XBIT,XBiotech Inc. Common Stock,$2.31,UNCH,--,"70,426,659"
DRIO,DarioHealth Corp. Common Stock,$7.17,0.01,0.14%,"70,262,279"
GRSD,Grandstand Limited Ordinary Shares,$2.00,-0.05,-2.439%,"70,194,380"
INVE,"Identiv, Inc. Common Stock",$2.89,0.04,1.404%,"70,041,326"
CLST,"Catalyst Bancorp, Inc. Common Stock",$17.36,UNCH,--,"70,026,612"
JRSH,"Jerash Holdings (US), Inc. Common Stock",$5.51,0.14,2.607%,"69,976,669"
SLSN,"Solesence, Inc. Common Stock",$0.9907,0.0502,5.338%,"69,975,563"
AISP,"Airship AI Holdings, Inc. Class A Common Stock",$2.03,-0.03,-1.456%,"69,912,311"
AIRG,"Airgain, Inc. Common Stock",$5.33,-0.11,-2.022%,"69,824,247"
VHUB,"VenHub Global, Inc. Common Stock",$0.7623,0.0754,10.977%,"69,668,775"
NNOX,NANO-X IMAGING LTD Ordinary Shares,$0.885,-0.045,-4.839%,"69,550,945"
PMVP,"PMV Pharmaceuticals, Inc. Common Stock",$1.30,0.02,1.563%,"69,495,475"
GEOS,Geospace Technologies Corporation Common Stock (Texas),$5.37,-0.16,-2.893%,"69,464,188"
PLRX,"Pliant Therapeutics, Inc. Common Stock",$1.12,-0.05,-4.274%,"69,352,525"
WBX,Wallbox N.V. Class A Ordinary Shares,$2.90,-0.06,-2.027%,"69,284,187"
AACG,ATA Creativity Global American Depositary Shares,$1.01,0.0129,1.294%,"69,148,660"
MYO,Myomo Inc. Common Stock,$1.74,-0.12,-6.452%,"68,917,666"
INTG,Intergroup Corporation (The) Common Stock,$32.03,-1.37,-4.102%,"68,826,448"
MDXH,MDxHealth SA Ordinary Shares,$0.72,-0.0391,-5.151%,"68,700,515"
UPXI,"Upexi, Inc. Common Stock",$0.9333,0.0531,6.033%,"68,553,086"
RNTX,"Rein Therapeutics, Inc. Common Stock",$0.7936,0.0016,0.202%,"68,461,517"
TZOO,Travelzoo Common Stock,$6.70,-0.18,-2.616%,"68,355,658"
APLM,Apollomics Inc. Class A Ordinary Shares,$23.57,-0.02,-0.085%,"68,259,969"
WATT,Energous Corporation Common Stock,$12.32,-0.44,-3.448%,"68,093,515"
NMAD,"Nomad Power Solutions, Inc. Common Stock",$4.21,-0.10,-2.32%,"67,785,496"
FSI,Flexible Solutions International Inc. Common Stock (CDA),$5.30,-0.07,-1.304%,"67,694,239"
BAER,"Bridger Aerospace Group Holdings, Inc. Common Stock",$1.15,-0.01,-0.862%,"67,650,061"
MNOV,Medicinova Inc Common Stock,$1.37,-0.01,-0.725%,"67,433,107"
GEG,"Great Elm Group, Inc. Common Stock",$2.15,UNCH,--,"67,417,567"
SER,"Serina Therapeutics, Inc. Common Stock",$2.65,-0.07,-2.574%,"67,311,253"
ROLR,"High Roller Technologies, Inc. Common Stock",$6.09,0.61,11.131%,"67,168,516"
HIT,"Health In Tech, Inc. Class A Common Stock",$1.02,-0.01,-0.971%,"66,845,351"
SFWL,Shengfeng Development Limited Class A Ordinary Shares,$0.81,-0.02,-2.41%,"66,822,986"
TENX,"Tenax Therapeutics, Inc. Common Stock",$1.78,-0.12,-6.316%,"66,614,572"
NCTY,The9 Limited American Depository Shares,$4.36,0.04,0.926%,"66,591,008"
CANG,Cango Inc. Class A Ordinary Shares,$1.62,-0.06,-3.571%,"66,455,587"
RGS,Regis Corporation Common Stock,$26.53,-0.47,-1.741%,"66,292,580"
WFCF,"Where Food Comes From, Inc. Common Stock",$13.31,0.81,6.48%,"66,279,315"
LGO,Largo Inc. Common Shares,$0.6418,-0.0043,-0.666%,"66,191,401"
INSG,Inseego Corp. Common Stock,$4.02,-0.31,-7.159%,"66,010,780"
PROP,Prairie Operating Co. Common Stock,$0.585,-0.0252,-4.13%,"65,986,836"
BOLD,"Boundless Bio, Inc. Common Stock",$2.90,0.04,1.399%,"65,969,157"
AVD,American Vanguard Corporation Common Stock ($0.10 Par Value),$2.23,-0.12,-5.106%,"65,786,409"
BSEM,"BioStem Technologies, Inc. Common Stock",$3.68,0.335,10.015%,"65,686,053"
STI,"Solidion Technology, Inc. Common Stock",$7.715,0.275,3.696%,"65,676,028"
DLHC,DLH Holdings Corp.,$4.53,-0.03,-0.658%,"65,653,449"
DIT,AMCON Distributing Company Common Stock,$67.00,UNCH,--,"65,393,876"
EXOZ,eXoZymes Inc. Common Stock,$7.04,0.64,10.00%,"65,340,767"
CNCKW,Coincheck Group N.V. Warrants,$0.34,UNCH,--,"65,211,311"
BTCS,BTCS Inc. Common Stock,$1.31,0.05,3.968%,"65,205,736"
HWH,HWH International Inc. Common Stock,$2.19,0.09,4.286%,"65,100,816"
FEAM,"5E Advanced Materials, Inc. Common Stock",$1.56,-0.04,-2.50%,"64,763,748"
LASE,Laser Photonics Corporation Common Stock,$1.29,-0.04,-3.008%,"64,729,254"
GLND,Greenland Energy Company Common Stock,$1.48,0.07,4.965%,"64,720,687"
WNW,Meiwu Technology Company Limited Ordinary Shares,$2.45,-0.11,-4.297%,"64,509,654"
ELBM,Electra Battery Materials Corporation Common Stock,$0.6027,-0.0034,-0.561%,"64,368,443"
HYFT,MindWalk Holdings Corp. Common Stock,$1.37,-0.08,-5.517%,"63,995,256"
ASPS,Altisource Portfolio Solutions S.A. Common Stock,$5.595,0.095,1.727%,"63,896,053"
IMA,"ImageneBio, Inc. Common Stock",$5.61,-0.08,-1.406%,"63,681,668"
HOUR,"Hour Loop, Inc. Common Stock",$1.8067,-0.0533,-2.866%,"63,595,515"
SELF,"Global Self Storage, Inc. Common Stock",$5.55,0.14,2.588%,"63,388,881"
IH,"iHuman Inc. American depositary shares, each representing five Class A ordinary shares",$1.24,-0.03,-2.362%,"63,379,949"
SOWG,Sow Good Inc. Common Stock,$3.14,-0.05,-1.567%,"63,177,167"
TREO,Tactical Resources Corp. Common Shares,$7.17,7.17,--,"63,042,598"
CRT,Cross Timbers Royalty Trust Common Stock,$10.50,-0.04,-0.38%,"63,000,000"
ALVOW,Alvotech Warrant,$0.2018,-0.0001,-0.05%,"62,992,508"
DOMH,Dominari Holdings Inc. Common Stock,$2.59,-0.12,-4.428%,"62,791,043"
KNDI,"Kandi Technologies Group, Inc. Ordinary Shares",$0.6253,0.0052,0.839%,"62,789,728"
YTRA,"Yatra Online, Inc. Ordinary Shares",$0.9805,-0.0019,-0.193%,"62,723,846"
KG,"Kestrel Group, Ltd.",$8.00,0.24,3.093%,"62,592,240"
MYPS,"PLAYSTUDIOS, Inc.  Class A Common Stock",$0.519,-0.0018,-0.346%,"62,342,997"
TEAD,Teads Holding Co. Common Stock,$0.6346,-0.0005,-0.079%,"62,232,152"
TLPH,"Talphera, Inc. Common Stock",$1.19,UNCH,--,"61,767,897"
DGNX,Diginex Limited Ordinary Shares,$1.23,-0.03,-2.381%,"61,660,060"
OPTXW,"Syntec Optics Holdings, Inc. Warrant",$1.53,0.13,9.286%,"61,628,213"
UEIC,Universal Electronics Inc. Common Stock,$4.78,-0.03,-0.624%,"61,590,596"
CNVS,Cineverse Corp. Class A Common Stock,$2.58,-0.13,-4.797%,"61,330,178"
BOF,BranchOut Food Inc. Common Stock,$4.00,0.11,2.828%,"61,264,120"
AEI,Alset Inc. Common Stock (TX),$1.57,-0.07,-4.268%,"61,066,453"
ANPA,Rich Sparkle Holdings Limited Ordinary Shares,$4.03,0.04,1.003%,"60,860,073"
XLO,"Xilio Therapeutics, Inc. Common Stock",$9.23,-0.18,-1.913%,"60,734,775"
PVL,Permianville Royalty Trust Units of Beneficial Interest,$1.84,UNCH,--,"60,720,000"
LFS,"LEIFRAS Co., Ltd. American Depositary Shares  ",$2.32,0.08,3.571%,"60,692,636"
CATO,Cato Corporation (The) Class A Common Stock,$3.04,-0.71,-18.933%,"60,674,928"
LITB,"LightInTheBox Holding Co., Ltd. American Depositary Shares, each representing twelve ordinary shares",$3.07,0.14,4.778%,"60,560,607"
DXR,Daxor Corporation Common Stock,$10.30,UNCH,--,"60,133,707"
INMB,INmune Bio Inc. Common stock,$2.16,-0.07,-3.139%,"59,948,184"
GDHG,Golden Heaven Group Holdings Ltd. Class A Ordinary Shares,$1.27,-0.03,-2.308%,"59,851,468"
IDN,"Intellicheck, Inc. Common Stock",$2.95,-0.11,-3.595%,"59,786,892"
RNXT,"RenovoRx, Inc. Common Stock",$1.32,0.005,0.38%,"59,570,951"
AURE,Aurelion Inc. Class A Ordinary Shares,$1.72,0.04,2.381%,"59,509,991"
INKT,"MiNK Therapeutics, Inc. Common Stock",$11.62,0.49,4.403%,"59,296,883"
HRTX,"Heron Therapeutics, Inc. Common Stock",$0.309,-0.0059,-1.874%,"58,664,363"
TPCS,TechPrecision Corporation Common stock,$5.80,-0.02,-0.344%,"58,581,804"
LIDR,"AEye, Inc. Class A Common Stock",$1.26,UNCH,--,"58,575,273"
APWC,"Asia Pacific Wire & Cable Corporation, Ltd. Ordinary Shares (Bermuda)",$1.42,-0.05,-3.401%,"58,550,085"
CTM,"Castellum, Inc. Common Stock",$0.6176,0.0015,0.243%,"58,536,922"
SGA,"Saga Communications, Inc. Class A Common Stock (FL)",$9.18,-0.24,-2.548%,"58,366,330"
BGSF,"BGSF, Inc. Common Stock",$5.46,-0.07,-1.266%,"58,279,936"
RETO,"ReTo Eco-Solutions, Inc. Class A Shares",$1.62,0.11,7.285%,"58,074,261"
COCH,"Envoy Medical, Inc. Class A Common Stock",$0.7504,0.0104,1.405%,"57,926,824"
ZKIN,"ZK International Group Co., Ltd Ordinary Share",$1.0105,-0.0195,-1.893%,"57,914,087"
IMMP,Immutep Limited American Depositary Shares,$0.3911,-0.0022,-0.559%,"57,566,804"
GNTA,Genenta Science S.p.A. American Depositary Shares,$1.19,-0.03,-2.459%,"57,378,061"
GENK,"GEN Restaurant Group, Inc. Class A Common Stock",$1.74,-0.04,-2.247%,"57,358,435"
VOC,VOC Energy Trust Units of Beneficial Interest,$3.36,-0.02,-0.592%,"57,120,000"
UAVS,"AgEagle Aerial Systems, Inc. Common Stock",$0.905,-0.0024,-0.264%,"56,929,664"
TC,Token Cat Limited American Depositary Shares,$2.15,0.07,3.365%,"56,787,565"
SDEV,Stablecoin Development Corporation Common Stock,$1.12,0.12,12.00%,"56,689,289"
BRID,Bridgford Foods Corporation Common Stock,$6.23,0.12,1.964%,"56,548,663"
ODYS,Odysight.ai Inc. Common Stock,$3.35,-0.28,-7.713%,"56,303,132"
CLNN,Clene Inc. Common Stock,$4.37,0.18,4.296%,"56,148,002"
FLZH,"Flash Sports & Media Holdings, Inc. Common Stock",$0.9896,-0.0704,-6.642%,"56,126,413"
HAIN,"Hain Celestial Group, Inc. (The) Common Stock",$0.6218,-0.0054,-0.861%,"56,119,616"
SNSC,SunScout Holding Limited Class A Ordinary Shares,$1.47,0.16,12.214%,"56,007,000"
VHC,VirnetX Holding Corp Common Stock,$13.21,-0.68,-4.896%,"55,701,722"
NAAS,NaaS Technology Inc. American Depositary Shares,$3.265,-0.045,-1.36%,"55,685,757"
FACWW,Factorial Energy Inc. Warrant,$0.52,-0.09,-14.754%,"55,652,087"
CIRC,"Circle8 Group, Inc. Common Stock",$0.60,-0.051,-7.834%,"55,453,798"
NCEW,New Century Logistics (BVI) Limited Ordinary Shares,$17.31,UNCH,--,"55,392,000"
VGAS,"Verde Clean Fuels, Inc. Class A Common Stock",$1.24,-0.06,-4.615%,"55,241,530"
SKYA,"SkyAI, Inc. Common Stock",$1.27,UNCH,--,"54,924,333"
ELTK,Eltek Ltd. Ordinary Shares,$8.10,-0.23,-2.761%,"54,430,599"
RYOJ,"rYojbaba Co., Ltd. Common Shares",$4.71,0.09,1.948%,"54,400,500"
STEM,"Stem, Inc. Class A Common Stock",$5.65,-0.11,-1.91%,"54,391,104"
PLCE,"Children's Place, Inc. (The) Common Stock",$2.43,-0.05,-2.016%,"54,036,073"
GPMT,Granite Point Mortgage Trust Inc. Common Stock,$1.12,0.01,0.901%,"53,981,946"
XTIA,"XTI Aerospace, Inc. Common Stock",$1.385,0.045,3.358%,"53,291,738"
APT,"Alpha Pro Tech, Ltd. Common Stock",$5.21,-0.17,-3.16%,"53,174,396"
BTMD,Biote Corp. Class A Common Stock,$1.48,0.12,8.824%,"53,172,653"
SRTS,"Sensus Healthcare, Inc. Common Stock",$3.23,0.22,7.309%,"53,172,451"
MLGO,"MicroAlgo, Inc. Class A Ordinary Shares",$4.27,0.11,2.644%,"53,107,958"
PXS,Pyxis Tankers Inc. Common Stock,$5.16,0.10,1.976%,"53,019,717"
IZEA,"IZEA Worldwide, Inc. Common Stock",$3.04,-0.02,-0.654%,"52,945,509"
TOUR,Tuniu Corporation American Depositary Shares,$4.87,-0.08,-1.616%,"52,906,497"
XOS,"Xos, Inc. Common Stock",$3.72,0.82,28.276%,"52,890,409"
MVIS,"MicroVision, Inc. Common Stock",$1.75,-0.02,-1.13%,"52,762,547"
PRPO,"Precipio, Inc.  Common Stock",$29.43,1.58,5.673%,"52,685,233"
ETS,Elite Express Holding Inc. Class A Common Stock,$1.08,-0.02,-1.818%,"52,614,006"
CLPR,Clipper Realty Inc. Common Stock,$3.23,0.07,2.215%,"52,188,938"
PRTS,"CarParts.com, Inc. Common Stock",$6.45,0.22,3.531%,"52,022,036"
SOGP,Sound Group Inc. American Depositary Shares,$12.46,0.22,1.797%,"52,009,859"
CMTL,Comtech Telecommunications Corp. Common Stock,$1.735,0.005,0.289%,"51,983,083"
STKS,"The ONE Group Hospitality, Inc. Common Stock",$1.64,-0.03,-1.796%,"51,969,999"
SORA,AsiaStrategy Ordinary Shares,$2.09,-0.21,-9.13%,"51,965,760"
SCYX,"SCYNEXIS, Inc. Common Stock",$5.22,0.07,1.359%,"51,936,959"
OMEX,"Odyssey Marine Exploration, Inc. Common Stock",$0.88,0.0119,1.371%,"51,648,422"
VRM,"Vroom, Inc. Common Stock",$9.86,-0.12,-1.202%,"51,610,721"
HCMAW,HCM III Acquisition Corp. Warrants,$0.65,0.05,8.333%,"51,507,867"
INCR,Intercure Ltd. Ordinary Shares,$0.869,-0.061,-6.559%,"51,469,615"
OKYO,OKYO Pharma Limited Ordinary Shares,$1.52,0.01,0.662%,"51,436,800"
LVO,"LiveOne, Inc. Common Stock",$3.75,-0.05,-1.316%,"51,419,209"
OPTT,"Ocean Power Technologies, Inc. Common Stock",$0.1885,-0.0085,-4.315%,"50,921,168"
TACT,TransAct Technologies Incorporated Common Stock,$4.90,0.10,2.083%,"50,589,908"
MDAI,"Spectral AI, Inc. Class A Common Stock",$1.57,-0.05,-3.086%,"50,530,337"
TIL,"Instil Bio, Inc. Common Stock",$7.43,0.04,0.541%,"50,390,082"
TCBS,"Texas Community Bancshares, Inc. Common Stock",$17.53,0.23,1.329%,"50,358,904"
AIRTP,"Air T, Inc. Air T Funding Alpha Income Trust Preferred Securities",$18.775,0.115,0.616%,"50,349,819"
RNAZ,"TransCode Therapeutics, Inc. Common Stock",$2.97,-0.24,-7.477%,"50,284,295"
TWG,Top Wealth Group Holding Limited Class A Ordinary Shares,$0.80,-0.06,-6.977%,"50,197,240"
COPR,Idaho Copper Corporation Common Stock,$2.70,-0.03,-1.099%,"49,867,180"
PTLE,PTL LTD Class A Ordinary Shares,$7.93,0.03,0.38%,"49,809,297"
CVV,CVD Equipment Corporation Common Stock,$7.15,-0.29,-3.898%,"49,701,101"
ELWT,"Elauwit Connection, Inc. Common Stock",$7.49,-0.03,-0.399%,"49,582,272"
DSWL,"Deswell Industries, Inc. Common Shares",$3.12,0.04,1.299%,"49,561,946"
AREN,"The Arena Group Holdings, Inc. Common Stock",$1.04,-0.02,-1.887%,"49,515,079"
ATYR,"aTyr Pharma, Inc. Common Stock",$0.503,-0.0298,-5.593%,"49,337,975"
TCRX,"TScan Therapeutics, Inc. Common Stock",$0.7762,0.0262,3.493%,"49,290,770"
SCLX,Scilex Holding Company Common Stock,$5.80,0.15,2.655%,"49,259,400"
BDMD,Baird Medical Investment Holdings Ltd Ordinary Share,$1.16,-0.03,-2.521%,"48,962,165"
HYPD,"Hyperion DeFi, Inc. Common Stock",$3.14,0.10,3.289%,"48,793,823"
POCI,"Precision Optics Corporation, Inc. Common stock",$4.43,-0.01,-0.225%,"48,485,770"
IBO,"Impact BioMedical, Inc. Common Stock",$0.4493,0.0161,3.717%,"48,444,079"
RSF,RiverNorth Capital and Income Fund Common Stock,$14.49,-0.0301,-0.207%,"48,419,451"
ACFN,"Acorn Energy, Inc. Common Stock",$19.25,0.07,0.365%,"48,310,147"
PFXNZ,PhenixFIN Corporation  5.25% Notes due 2028,$23.97,UNCH,--,"48,032,740"
OFS,OFS Capital Corporation Common Stock,$3.58,-0.01,-0.279%,"47,965,119"
NTWK,NetSol Technologies Inc. Common  Stock,$4.03,-0.07,-1.707%,"47,861,948"
NEPH,"Nephros, Inc. Common Stock",$4.405,-0.355,-7.458%,"47,838,829"
STKE,Sol Strategies Inc. Common Shares,$1.21,0.03,2.542%,"47,779,124"
CNTX,Context Therapeutics Inc. Common Stock,$0.5197,0.0322,6.605%,"47,749,608"
KBSX,FST Corp. Ordinary Shares,$1.065,0.0693,6.96%,"47,675,793"
QTEX,QTREX Quantum Ltd. Ordinary Shares,$0.8508,-0.2692,-24.036%,"47,397,022"
NXB,NextBoat Inc. Common Stcok,$1.88,UNCH,--,"47,268,643"
BODI,"The Beachbody Company, Inc. Class A Common Stock",$6.50,0.09,1.404%,"47,196,383"
XTNT,"Xtant Medical Holdings, Inc. Common Stock",$0.3333,0.0032,0.969%,"46,757,977"
RYM,"RYTHM, Inc. Common Stock",$21.1209,0.6209,3.029%,"46,465,980"
SPWR,SunPower Inc. Common Stock,$0.2537,0.0035,1.399%,"46,441,700"
FSP,Franklin Street Properties Corp. Common Stock,$0.4461,-0.0438,-8.941%,"46,399,623"
NTRB,Nutriband Inc. Common Stock,$3.815,0.265,7.465%,"46,375,075"
SLMT,Brera Holdings PLC Class B Ordinary Shares,$4.21,-0.015,-0.355%,"46,349,128"
BHST,BioHarvest Sciences Inc. Common Stock,$2.04,0.01,0.493%,"46,242,398"
MKDW,MKDWELL Tech Inc. Ordinary Share,$11.01,UNCH,--,"46,224,846"
LOAN,"Manhattan Bridge Capital, Inc",$4.03,-0.04,-0.983%,"46,044,801"
MCRB,"Seres Therapeutics, Inc. Common Stock",$4.57,-0.11,-2.35%,"45,904,649"
EDSA,"Edesa Biotech, Inc. Common Shares",$4.76,-0.99,-17.217%,"45,891,308"
LSF,"Laird Superfood, Inc. Common Stock",$4.10,-0.16,-3.756%,"45,890,824"
SPWH,"Sportsman's Warehouse Holdings, Inc. Common Stock",$1.17,-0.02,-1.681%,"45,653,160"
CPHI,"China Pharma Holdings, Inc. Common Stock",$1.06,-0.02,-1.852%,"45,603,322"
FLNA,"Filana Therapeutics, Inc. Common Stock",$0.9425,-0.0237,-2.453%,"45,530,192"
MREO,Mereo BioPharma Group plc American Depositary Shares,$0.2933,-0.0182,-5.843%,"45,504,207"
SQNS,Sequans Communications S.A. American Depositary Shares (each representing one hundred (100) Ordinary Shares),$3.03,0.02,0.664%,"45,382,325"
GAME,"GameSquare Holdings, Inc. Common Stock",$0.4369,0.0212,5.10%,"45,354,386"
MGX,"Metagenomi Therapeutics, Inc. Common Stock",$1.20,-0.04,-3.226%,"45,332,526"
ATHR,"Aether Holdings, Inc. Common Stock",$3.70,-0.13,-3.394%,"45,280,818"
INDO,Indonesia Energy Corporation Limited Ordinary Shares,$2.94,-0.05,-1.672%,"45,237,310"
NSRX,Nasus Pharma Ltd. Ordinary Shares,$3.85,0.01,0.26%,"45,086,611"
GRCE,"Grace Therapeutics, Inc. Common Stock",$2.14,-0.06,-2.727%,"45,016,890"
ABLV,Able View Global Inc. Class B Ordinary Shares,$0.9114,-0.0211,-2.263%,"45,013,975"
ALPS,ALPS Group Inc Ordinary Share,$0.27,UNCH,--,"44,928,085"
KFFB,Kentucky First Federal Bancorp Common Stock,$5.55,0.08,1.463%,"44,881,268"
TGE,The Generation Essentials Group Class A Ordinary Shares,$0.9236,0.0236,2.622%,"44,758,644"
BRAG,Bragg Gaming Group Inc. Common Shares,$1.44,-0.03,-2.041%,"44,731,302"
MBBC,"Marathon Bancorp, Inc. Common Stock",$15.125,0.275,1.852%,"44,630,033"
NA,Nano Labs Ltd Class A Ordinary Shares,$1.92,UNCH,--,"44,571,053"
GROV,"Grove Collaborative Holdings, Inc. Class A Common Stock",$1.04,0.01,0.971%,"44,409,088"
AHMA,Ambitions Enterprise Management Co. L.L.C Class A Ordinary Shares,$1.49,-0.06,-3.871%,"44,290,250"
RAVE,"Rave Restaurant Group, Inc. Common Stock",$3.10,0.05,1.639%,"44,055,855"
YAAS,Youxin Technology Ltd Class A Ordinary shares,$2.80,-0.07,-2.439%,"44,000,984"
VERU,Veru Inc. Common Stock,$2.58,-0.06,-2.273%,"43,989,826"
ZOOZ,ZOOZ Strategy Ltd. Ordinary Shares,$5.40,-0.08,-1.46%,"43,746,102"
VIOT,"Viomi Technology Co., Ltd American Depositary Shares",$0.70,UNCH,--,"43,721,032"
MGLD,"The Marygold Companies, Inc. Common Stock",$1.02,0.01,0.99%,"43,667,436"
AIOS,AIOS Tech Inc. Class A Common Shares,$13.42,-2.06,-13.307%,"43,605,002"
IXHL,Incannex Healthcare Inc. Common Stock,$3.62,0.18,5.233%,"43,311,685"
BBBYW,"Neighborhood Intelligence, Inc. Warrants",$0.4523,-0.0676,-13.003%,"43,193,602"
FTEK,"Fuel Tech, Inc. Common Stock",$1.38,-0.02,-1.429%,"43,079,169"
SCWO,374Water Inc. Common Stock,$2.42,-0.07,-2.811%,"42,877,950"
BRIA,BrilliA Inc Class A Ordinary Shares,$1.40,0.06,4.478%,"42,875,000"
LVLU,"Lulu's Fashion Lounge Holdings, Inc. Common Stock",$14.905,-0.665,-4.271%,"42,800,840"
DCGO,DocGo Inc. Common Stock,$0.4304,0.0099,2.354%,"42,578,770"
EUDA,EUDA Health Holdings Limited Ordinary Shares,$14.20,-0.2876,-1.985%,"42,519,415"
MAMO,Massimo Group Common Stock,$1.02,-0.02,-1.923%,"42,473,769"
AGIG,Abundia Global Impact Group Inc. Common stock,$0.9618,0.0471,5.149%,"42,463,779"
PHUN,"Phunware, Inc. Common Stock",$2.07,UNCH,--,"42,357,737"
VTIX,Virtuix Holdings Inc. Class A Common Stock,$1.25,-0.37,-22.84%,"42,321,908"
MIND,"MIND Technology, Inc. Common Stock (DE)",$4.65,-0.03,-0.641%,"42,264,106"
MCRP,Micropolis AI Robotics Ordinary Shares,$1.21,-0.08,-6.202%,"42,215,021"
SNWV,"SANUWAVE Health, Inc. Common Stock",$4.90,-0.22,-4.297%,"42,151,314"
WAVE,Eco Wave Power Global AB (publ) American Depositary Shares,$6.72,-0.08,-1.176%,"41,930,542"
CULP,"Culp, Inc. Common Stock",$3.29,0.02,0.612%,"41,848,543"
NSPR,InspireMD Inc. Common Stock,$0.8999,-0.01,-1.099%,"41,835,557"
PLUT,Plutus Financial Group Limited Ordinary Shares,$2.725,UNCH,--,"41,828,750"
MLSS,"Milestone Scientific, Inc. Common Stock",$0.4703,0.0002,0.043%,"41,734,039"
PXLW,"Pixelworks, Inc.  Common Stock",$6.87,0.27,4.091%,"41,559,330"
TVGN,Tevogen Inc. Common Stock,$6.37,-0.05,-0.779%,"41,478,510"
PAVM,PAVmed Inc. Common Stock,$5.18,0.08,1.569%,"41,418,855"
OABIW,"OmniAb, Inc. Warrant",$0.2845,0.0945,49.737%,"41,363,568"
KPTI,Karyopharm Therapeutics Inc. Common Stock,$1.82,-0.18,-9.00%,"41,280,257"
RMCO,Royalty Management Holding Corporation Class A Common Stock,$2.71,-0.11,-3.901%,"41,118,039"
SAIH,SAIHEAT Limited Class A Ordinary Shares,$22.70,0.56,2.529%,"41,095,172"
BGDE,"Big Digital Energy, Inc. Common Stock",$7.22,0.21,2.996%,"40,896,528"
AXIL,"AXIL Brands, Inc. Common Stock",$5.97,0.07,1.186%,"40,731,406"
QTI,"QT Imaging Holdings, Inc. Common Stock",$2.78,-0.04,-1.418%,"40,689,537"
DFNS,T3 Defense Inc. Common Stock,$24.40,-1.61,-6.19%,"40,596,866"
ACCL,Acco Group Holdings Limited Class A Ordinary Shares,$2.92,0.035,1.213%,"40,588,000"
HOLO,MicroCloud Hologram Inc. Ordinary Shares,$1.77,0.02,1.143%,"40,554,877"
RDI,Reading International Inc Class A Common Stock,$1.77,0.02,1.143%,"40,515,525"
KTCC,Key Tronic Corporation Common Stock,$3.73,-0.05,-1.323%,"40,505,073"
TOON,"Kartoon Studios, Inc. Common Stock",$0.6496,0.0096,1.50%,"40,407,787"
GROW,"U.S. Global Investors, Inc. Class A Common Stock",$3.245,-0.015,-0.46%,"40,251,616"
ALGS,"Aligos Therapeutics, Inc. Common Stock",$6.44,-0.45,-6.531%,"40,214,954"
PN,PN Smart Energy Limited Class A Ordinary Shares,$2.72,-0.03,-1.091%,"40,130,948"
CCG,Cheche Group Inc. Class A Ordinary Shares,$16.00,0.40,2.564%,"40,086,816"
FIEE,"FiEE, Inc Common Stock",$4.70,0.04,0.858%,"40,084,411"
CNF,"CNFinance Holdings Limited American Depositary Shares, each representing two hundred (200) Ordinary Shares",$2.25,UNCH,--,"40,045,241"
MNY,MoneyHero Limited Class A Ordinary Shares,$0.90,-0.0197,-2.142%,"39,989,896"
ELUT,Elutia Inc. Class A Common Stock,$0.9018,-0.0214,-2.318%,"39,940,028"
SNT,Senstar Technologies Corporation Common Shares,$1.71,-0.07,-3.933%,"39,897,127"
SYPR,"Sypris Solutions, Inc. Common Stock",$1.73,-0.03,-1.705%,"39,835,729"
ARBK,Argo Blockchain plc American Depositary Shares,$2.98,0.05,1.706%,"39,811,823"
SJ,Scienjoy Holding Corporation Class A Ordinary Shares ,$0.9366,-0.0434,-4.429%,"39,770,629"
RPGL,Republic Power Group Limited Class A Ordinary Shares,$2.46,0.05,2.075%,"39,723,807"
STG,"Sunlands Technology Group American Depositary Shares, representing Class A ordinary shares",$2.94,-0.18,-5.769%,"39,375,408"
CREX,"Creative Realities, Inc. Common Stock",$2.90,0.06,2.113%,"39,226,867"
HODO,House of Doge Inc. Common Stock,$0.461,0.0242,5.54%,"39,140,276"
EHTH,"eHealth, Inc. Common Stock",$1.22,-0.02,-1.613%,"39,079,838"
XRXDW,Xerox Holdings Corporation Warrants,$0.2959,0.0113,3.97%,"38,855,964"
CRVO,CervoMed Inc. Common Stock,$2.56,-0.15,-5.535%,"38,704,886"
RYET,Ruanyun Edai Technology Inc. Ordinary shares,$1.0291,-0.0209,-1.99%,"38,364,852"
NXXT,"NextNRG, Inc. Common Stock",$0.2273,0.0053,2.387%,"38,236,801"
PETS,"PetMed Express, Inc. Common Stock",$1.76,-0.01,-0.565%,"38,154,889"
GMHS,Gamehaus Holdings Inc. Class A Ordinary Shares,$0.7106,-0.0121,-1.674%,"38,066,386"
HGBL,Heritage Global Inc. Common Stock,$1.09,-0.01,-0.909%,"37,756,995"
ZDGE,"Zedge, Inc. Class B Common Stock ",$2.88,0.02,0.699%,"37,637,657"
BRLS,Borealis Foods Inc. Class A Common Shares,$1.75,0.838,91.886%,"37,560,786"
BBGI,"Beasley Broadcast Group, Inc. Class A Common Stock",$20.24,0.06,0.297%,"37,499,680"
SACH,Sachem Capital Corp. Common Shares,$0.7802,-0.0038,-0.485%,"37,414,204"
THCH,TH International Limited Ordinary shares,$1.12,-0.15,-11.811%,"37,232,812"
BCHT,Birchtech Corp. Common Stock,$1.40,0.02,1.449%,"36,828,352"
STRR,"Star Equity Holdings, Inc. Common Stock",$9.97,0.29,2.996%,"36,783,348"
BHM,"Bluerock Homes Trust, Inc. Class A Common Stock",$8.93,0.08,0.904%,"36,684,690"
SRXH,SRX Global Inc. Common Stock,$1.81,-0.06,-3.209%,"36,680,358"
GAIA,"Gaia, Inc. Class A Common Stock",$1.44,-0.07,-4.636%,"36,613,142"
COHN,Cohen & Company Inc.,$11.31,-0.52,-4.396%,"36,519,651"
ZONE,CleanCore Solutions Inc. Class B Common Stock,$0.1613,0.0086,5.632%,"36,495,848"
BENF,Beneficient Class A Common Stock,$2.36,0.09,3.965%,"36,475,504"
KAZR,Skyline Builders Group Holding Limited Class A Ordinary Shares,$2.03,-0.02,-0.976%,"36,422,451"
MLCI,Mount Logan Capital Inc. Common Stock,$3.24,-0.01,-0.308%,"36,251,608"
JG,Aurora Mobile Limited American Depositary Shares,$6.08,-0.19,-3.03%,"36,246,425"
SPRU,Spruce Power Holding Corporation Class A Common Stock,$1.86,0.02,1.087%,"35,809,066"
FTCI,"FTC Solar, Inc. Common Stock",$2.16,-0.08,-3.571%,"35,686,215"
NTIP,"Network-1 Technologies, Inc. Common Stock",$1.56,0.04,2.632%,"35,666,562"
CNTY,"Century Casinos, Inc. Common Stock",$1.26,0.04,3.279%,"35,453,492"
AERT,"Aeries Technology, Inc. Class A Ordinary Share",$6.75,UNCH,--,"35,423,001"
STRRP,"Star Equity Holdings, Inc. 10% Series A Cumulative Perpetual Preferred Stock",$9.5695,-0.1305,-1.345%,"35,305,742"
ONMD,OneMedNet Corp Class A Common Stock,$0.5941,0.0111,1.904%,"35,222,080"
ATNM,"Actinium Pharmaceuticals, Inc. (Delaware) Common Stock",$1.12,-0.01,-0.885%,"35,214,408"
PFAI,Pinnacle Food Group Limited Class A Common Shares,$3.00,UNCH,--,"35,209,740"
MATH,Metalpha Technology Holding Limited Ordinary Shares,$0.745,-0.005,-0.667%,"35,099,361"
SLND,"Southland Holdings, Inc. Common Stock",$0.6438,0.0018,0.28%,"35,045,418"
VTSI,"VirTra, Inc. Common Stock",$3.09,-0.01,-0.323%,"34,977,638"
ARAY,Accuray Incorporated Common Stock,$0.2924,-0.0024,-0.814%,"34,924,053"
KLXE,"KLX Energy Services Holdings, Inc. Common Stock",$1.63,UNCH,--,"34,675,086"
SWAG,"Stran & Company, Inc. Common Stock",$1.86,-0.02,-1.064%,"34,669,636"
FGNX,FG Nexus Inc. Common Stock ,$6.79,-0.53,-7.24%,"34,599,722"
TLSIW,"TriSalus Life Sciences, Inc. Warrant",$0.56,UNCH,--,"34,481,776"
WKHS,"Workhorse Group, Inc. Common Stock",$3.15,-0.19,-5.689%,"34,425,043"
NOMA,NOMADAR Corp. Class A Common Stock,$2.25,0.04,1.81%,"34,387,940"
WPRT,Westport Fuel Systems Inc Common Shares,$1.81,-0.01,-0.549%,"34,382,279"
HBIO,"Harvard Bioscience, Inc. Common Stock",$7.55,0.47,6.638%,"34,369,903"
PSIG,PS International Group Ltd. Ordinary Shares,$2.23,0.19,9.314%,"34,299,233"
VIP,Vulcan Infrastructure and Power Inc. Class A Common Stock,$1.86,0.03,1.639%,"34,279,618"
XBP,"XBP Global Holdings, Inc. Common Stock",$2.885,0.055,1.943%,"34,277,663"
DXLG,"Destination XL Group, Inc. Common Stock",$0.62,0.0003,0.048%,"34,269,317"
BCTX,BriaCell Therapeutics Corp. Common Shares,$3.93,-0.03,-0.758%,"34,190,163"
LPSN,"LivePerson, Inc. Common Stock",$2.74,-0.14,-4.861%,"33,804,194"
YSXT,"YSX Tech. Co., Ltd Class A Ordinary Shares",$1.06,-0.0399,-3.628%,"33,795,450"
CCEL,"Cryo-Cell International, Inc. Common Stock",$4.18,0.11,2.703%,"33,701,877"
KSCP,"Knightscope, Inc. Class A Common Stock",$1.42,-0.04,-2.74%,"33,538,067"
NSYS,Nortech Systems Incorporated Common Stock,$11.7099,-0.3401,-2.822%,"33,417,314"
VIDA,VIDA Global Inc. Class A Common Stock,$2.29,0.03,1.327%,"33,394,914"
NNVC,"NanoViricides, Inc. Common Stock",$1.31,-0.03,-2.239%,"33,272,893"
BLNE,"Beeline Holdings, Inc. Common Stock",$1.01,-0.01,-0.98%,"33,257,429"
GGR,Gogoro Inc. Ordinary Shares,$2.25,0.05,2.273%,"33,240,404"
BOSC,B.O.S. Better Online Solutions Common Stock,$4.69,0.16,3.532%,"33,063,609"
RADX,Radiopharm Theranostics Limited American Depositary Shares,$2.29,-0.21,-8.40%,"32,924,122"
MF,MindForge Inc. Class A Ordinary Shares,$18.11,3.31,22.365%,"32,895,004"
UG,"United-Guardian, Inc. Common Stock",$7.125,0.075,1.064%,"32,734,523"
NUR,Nuran Wireless Inc. Common Shares,$2.50,-0.03,-1.186%,"32,711,790"
QNCX,"Quince Therapeutics, Inc. Common Stock",$32.11,-2.46,-7.116%,"32,657,893"
GNS,Genius Group Limited Ordinary Shares,$0.17,0.0101,6.316%,"32,631,076"
JFU,9F Inc. American Depositary Shares,$2.77,0.07,2.593%,"32,612,132"
KOSS,Koss Corporation Common Stock,$3.44,-0.12,-3.371%,"32,564,547"
ESLA,"Estrella Immunopharma, Inc. Common Stock",$0.745,0.0082,1.113%,"32,405,909"
LFT,"Lument Finance Trust, Inc. Common Stock",$0.6173,0.0093,1.53%,"32,399,687"
GRAN,Grande Group Limited Class A Ordinary Shares,$1.30,-0.05,-3.704%,"32,378,125"
JAGU,Jaguar Uranium Corp. Class A Common Shares,$1.60,-0.01,-0.621%,"32,310,043"
LITS,"Lite Strategy, Inc. Common Stock",$0.9434,0.0034,0.362%,"32,099,374"
PPSI,"Pioneer Power Solutions, Inc. Common Stock",$2.88,-0.02,-0.69%,"31,965,886"
SBCWW,SBC Medical Group Holdings Incorporated Warrants,$0.3106,-0.0294,-8.647%,"31,944,260"
CLIR,ClearSign Technologies Corporation Common Stock (DE),$4.685,0.285,6.477%,"31,892,927"
CDROW,"Codere Online Luxembourg, S.A. Warrants",$0.699,-0.0693,-9.02%,"31,783,471"
CRWS,Crown Crafts Inc Common Stock,$2.95,UNCH,--,"31,742,847"
CLPS,CLPS Incorporation Common Stock,$1.06,0.2048,23.948%,"31,528,059"
SPHL,Springview Holdings Ltd Class A Ordinary Shares,$2.56,-0.01,-0.389%,"31,390,669"
LOOP,"Loop Industries, Inc. Common Stock",$0.645,0.0247,3.982%,"31,205,339"
DAIO,Data I/O Corporation Common Stock,$2.97,0.09,3.125%,"30,875,012"
ANGH,Anghami Inc. Ordinary Shares,$3.40,0.0146,0.431%,"30,820,347"
RMTI,"Rockwell Medical, Inc. Common Stock",$7.64,0.14,1.867%,"30,792,753"
RAND,Rand Capital Corporation Common Stock,$10.32,0.105,1.028%,"30,648,480"
FNUC,Frontier Nuclear and Minerals Inc. Common Shares,$1.70,-0.01,-0.585%,"30,644,657"
GIFT,"Giftify, Inc. Common Stock",$0.8552,-0.0023,-0.268%,"30,295,611"
YI,"111, Inc. American Depositary Shares",$3.44,-0.07,-1.994%,"30,261,556"
ASTI,"Ascent Solar Technologies, Inc. Common Stock",$3.08,-0.06,-1.911%,"30,234,607"
OCCI,"OFS Credit Company, Inc. Common Stock",$2.57,-0.01,-0.388%,"29,854,431"
MIRA,"MIRA Pharmaceuticals, Inc. Common Stock",$0.7101,-0.06,-7.791%,"29,839,884"
VWAV,"VisionWave Holdings, Inc. Common Stock",$1.08,-0.15,-12.195%,"29,788,635"
KYNB,"Kyntra Bio, Inc. Common Stock",$7.32,0.17,2.378%,"29,639,588"
BYSI,BeyondSpring Inc. Ordinary Shares,$0.7201,-0.0019,-0.263%,"29,610,382"
ACTU,"Actuate Therapeutics, Inc. Common stock",$1.23,0.17,16.038%,"29,537,468"
NCI,Neo-Concept International Group Holdings Limited Class A Ordinary Shares,$12.41,0.06,0.486%,"29,340,740"
QRHC,Quest Resource Holding Corporation Common Stock,$1.39,0.01,0.725%,"29,319,070"
LTRN,Lantern Pharma Inc. Common Stock,$2.29,-0.20,-8.032%,"29,275,694"
BIRD,"Smartbird, Inc. Class A Common Stock",$2.47,0.07,2.917%,"29,168,707"
MOBBW,Mobilicom Limited Warrants,$2.29,0.04,1.778%,"28,930,420"
AFRIW,Forafric Global PLC Warrants,$1.07,-0.05,-4.464%,"28,851,282"
MERC,Mercer International Inc. Common Stock,$0.4299,-0.0272,-5.951%,"28,811,052"
KPLT,"Katapult Holdings, Inc. Common Stock",$5.79,-0.14,-2.361%,"28,790,225"
ATCH,"AtlasClear Holdings, Inc. Common Stock",$0.1914,0.0014,0.737%,"28,774,650"
EHLD,Euroholdings Ltd. Common Stock ,$10.21,0.4599,4.717%,"28,757,639"
BEEM,Beam Global Common Stock,$1.36,0.15,12.397%,"28,746,297"
TELA,"TELA Bio, Inc. Common Stock",$0.6393,-0.0077,-1.19%,"28,701,218"
IGC,"IGC Pharma, Inc. Common Stock",$0.2772,-0.0081,-2.839%,"28,658,047"
NXTC,"NextCure, Inc. Common Stock",$6.25,-0.53,-7.817%,"28,608,494"
BIOX,Bioceres Crop Solutions Corp. Ordinary Shares,$0.4499,0.0352,8.488%,"28,446,385"
FKWL,Franklin Wireless Corp. Common Stock,$2.41,-0.02,-0.823%,"28,400,115"
LIVE,Live Ventures Incorporated Common Stock,$9.22,-0.79,-7.892%,"28,320,668"
NUCLW,Eagle Nuclear Energy Corp. Warrants,$0.95,-0.05,-5.00%,"28,100,808"
DYAI,"Dyadic International, Inc. Common Stock",$0.70,-0.0389,-5.265%,"28,044,592"
MODD,"Modular Medical, Inc. Common Stock",$3.43,0.11,3.313%,"27,957,323"
OPTH,Optimi Health Corp. Common Shares,$4.87,0.14,2.96%,"27,884,972"
QNTM,Quantum Biopharma Ltd. Class B Subordinate Voting Shares,$3.44,-0.08,-2.273%,"27,821,072"
HKIT,Hitek Global Inc. Class A Ordinary Share,$3.09,0.32,11.552%,"27,784,847"
TAOX,Tao Synergies Inc. Common Stock,$3.68,0.30,8.876%,"27,538,331"
JOB,GEE Group Inc. Common Stock,$0.249,UNCH,--,"27,357,801"
EVAX,Evaxion A/S American Depositary Share,$3.28,0.13,4.127%,"27,355,905"
AAME,Atlantic American Corporation Common Stock,$1.34,-0.04,-2.899%,"27,332,286"
DDC,DDC Enterprise Limited Class A Ordinary Shares,$0.5927,0.0226,3.964%,"27,279,298"
PRT,PermRock Royalty Trust Units of Beneficial Interest,$2.24,-0.02,-0.885%,"27,251,240"
PRHI,"Presurance Holdings, Inc. Common Stock",$7.25,0.445,6.539%,"27,159,167"
PAPL,Pineapple Financial Inc. Common Stock,$1.07,0.07,7.00%,"27,040,181"
BEAT,"Heartbeam, Inc. Common Stock",$0.4783,-0.0045,-0.932%,"26,951,808"
HHS,"Harte Hanks, Inc. Common Stock",$3.61,-0.17,-4.497%,"26,909,806"
UPC,Universe Pharmaceuticals Inc. Class A Ordinary Shares,$5.33,-0.01,-0.187%,"26,779,999"
YQ,17 Education & Technology Group Inc. American Depositary Shares,$2.45,0.15,6.522%,"26,596,436"
CCHH,CCH Holdings Ltd Class A Ordinary Shares,$1.34,-0.08,-5.634%,"26,553,074"
LGVN,Longeveron Inc. Class A Common Stock,$0.8282,0.0059,0.717%,"26,404,655"
AWRE,"Aware, Inc. Common Stock",$1.21,-0.03,-2.419%,"26,393,291"
GRML,Greenland Mines Ltd. Common Stock,$0.166,-0.0405,-19.613%,"26,369,206"
DUO,Fangdd Network Group Ltd. Class A Ordinary Shares,$0.6826,-0.0074,-1.072%,"26,313,147"
ZEO,Zeo Energy Corporation Class A Common Stock,$0.4465,-0.0475,-9.615%,"26,246,828"
ENLV,Enlivex Ltd. Ordinary Shares,$1.50,-0.23,-13.295%,"26,228,193"
YDESW,YD Bio Limited Warrants,$0.37,UNCH,--,"26,207,598"
EPOW,E-Power Inc. Class A Ordinary Shares,$0.472,0.0032,0.683%,"26,105,315"
BANL,CBL International Limited Class B Ordinary Shares,$12.30,0.20,1.653%,"26,019,543"
GRDX,GridAI Technologies Corp. Common Stock,$3.75,-0.10,-2.597%,"25,924,654"
SNAL,"Snail, Inc. Class A Common Stock",$2.89,-0.07,-2.365%,"25,882,294"
USEA,United Maritime Corporation Common Stock,$2.71,UNCH,--,"25,848,357"
ATOS,"Atossa Therapeutics, Inc. Common Stock",$2.59,-0.05,-1.894%,"25,846,382"
MBNKO,"Medallion Bank Fixed-Rate Reset Non-Cumulative Perpetual Preferred Stock, Series G, par value $1.00 per share",$25.8107,UNCH,--,"25,810,700"
CVM,Cel-Sci Corporation Common Stock,$1.46,-0.18,-10.976%,"25,679,921"
MIMI,Mint Incorporation Limited Class A Ordinary Shares,$1.91,-0.04,-2.051%,"25,579,906"
GTEC,Greenland Technologies Holding Corporation Class A Ordinary Shares,$0.9625,0.0724,8.134%,"25,548,814"
HOVRW,New Horizon Aircraft Ltd. Warrant,$0.3806,-0.0218,-5.417%,"25,433,914"
INLX,"Intellinetics, Inc. Common Stock",$5.655,-0.225,-3.827%,"25,419,191"
CDLX,"Cardlytics, Inc. Common Stock",$4.30,0.04,0.939%,"25,321,479"
BRNS,Barinthus Biotherapeutics plc American Depositary Shares,$0.6123,0.01,1.66%,"25,011,777"
BTAI,"BioXcel Therapeutics, Inc. Common Stock",$0.7985,-0.0289,-3.493%,"24,997,441"
FLD,"Fold Holdings, Inc. Class A Common Stock",$0.4518,-0.0682,-13.115%,"24,883,873"
GRNQ,Greenpro Capital Corp. Common Stock,$13.70,0.71,5.466%,"24,835,168"
HUBC,Hub Cyber Security Ltd. Ordinary Shares,$0.7368,0.0474,6.876%,"24,628,395"
LOCL,Local Bounti Corporation Common Stock,$1.05,-0.02,-1.869%,"24,549,125"
CRMT,America's Car-Mart Inc Common Stock,$2.83,-0.25,-8.117%,"24,517,685"
TRSG,Tungray Technologies Inc Class A Ordinary Shares,$1.498,0.068,4.755%,"24,497,521"
CLRB,"Cellectar Biosciences, Inc.  Common Stock",$2.59,-0.03,-1.145%,"24,480,960"
AYTU,"Aytu BioPharma, Inc.  Common Stock",$2.28,-0.08,-3.39%,"24,471,714"
WIMI,WiMi Hologram Cloud Inc. Class B Ordinary Shares,$1.33,-0.03,-2.206%,"24,452,122"
TVRD,"Tvardi Therapeutics, Inc. Common Stock",$1.83,-0.05,-2.66%,"24,410,266"
NIKI,"Niki BioSolutions, Inc. Common Stock",$8.20,0.05,0.613%,"24,380,929"
FTHM,Fathom Holdings Inc. Common Stock,$0.7122,-0.0057,-0.794%,"24,362,395"
PRPL,"Purple Innovation, Inc. Common Stock",$5.58,-0.09,-1.587%,"24,290,348"
GLNDW,Greenland Energy Company Warrant,$0.5499,0.0549,11.091%,"24,047,234"
BLIV,BeLive Holdings Ordinary Share,$2.20,UNCH,--,"23,902,564"
BCG,"Binah Capital Group, Inc. Common Stock",$1.40,0.01,0.719%,"23,884,183"
TXMD,"TherapeuticsMD, Inc. Common Stock",$2.06,0.03,1.478%,"23,843,186"
EONR,EON Resources Inc. Class A Common Stock,$0.477,0.0071,1.511%,"23,834,900"
AIXC,"AIxCrypto Holdings, Inc. Common Stock",$1.175,-0.375,-24.194%,"23,776,117"
ABVC,"ABVC BioPharma, Inc. Common Stock",$0.8899,-0.0465,-4.966%,"23,719,719"
SKYQ,Sky Quarry Inc. Common Stock,$2.68,0.14,5.512%,"23,673,485"
KMRK,K-Tech Solutions Company Limited Class A Ordinary Shares,$1.12,-0.02,-1.754%,"23,632,000"
GYGY,"Game Your Game, Inc. Common Stock",$1.64,-0.13,-7.345%,"23,596,320"
WHLRP,"Wheeler Real Estate Investment Trust, Inc. Class B Preferred Stock",$9.6741,UNCH,--,"23,555,505"
NXPL,NextPlat Corp Common Stock,$8.57,0.04,0.469%,"23,252,313"
EDHL,Everbright Digital Holding Limited Ordinary Shares,$3.88,-0.05,-1.272%,"23,121,987"
UONE,"Urban One, Inc. Class A Common Stock",$5.005,0.085,1.728%,"23,097,895"
JSPR,"Jasper Therapeutics, Inc. Common Stock",$0.6912,-0.0554,-7.42%,"22,999,377"
FEMY,Femasys Inc. Common Stock,$2.73,0.02,0.738%,"22,863,824"
AMOD,"Alpha Modus Holdings, Inc. Class A Common Stock",$4.60,0.195,4.427%,"22,847,363"
UCAR,U Power Limited Class A Ordinary Shares,$0.6429,0.0625,10.768%,"22,822,148"
CCM,Concord Medical Services Holdings Limited American Depositary Shares (Each represents thirty (30) Class A ordinary shares),$5.25,0.45,9.375%,"22,794,046"
CNSY,"Cerenome, Inc. Common Stock ",$3.00,-0.19,-5.956%,"22,768,875"
ALLR,"Allarity Therapeutics, Inc. Common Stock",$1.43,UNCH,--,"22,752,335"
BBLGW,Bone Biologics Corp Warrants,$8.24,UNCH,--,"22,709,910"
FUSE,Fusemachines Inc. Common stock,$0.7802,-0.041,-4.993%,"22,614,333"
WETO,Wetour Robotics Limited Ordinary Shares,$27.525,6.765,32.587%,"22,592,520"
COCP,"Cocrystal Pharma, Inc. Common Stock",$1.17,0.025,2.183%,"22,537,944"
GRMLW,Greenland Mines Ltd Warrant,$0.1408,-0.0034,-2.358%,"22,366,170"
QCLS,"Q/C Technologies, Inc. Common Stock",$2.73,0.04,1.487%,"22,358,258"
AVX,Avax One Technology Ltd. Common Shares,$3.02,0.08,2.721%,"22,340,097"
NYC,American Strategic Investment Co. Class A Common Stock,$7.05,0.07,1.003%,"22,303,606"
PBK,PowerBank Corporation Common Stock,$0.474,0.0101,2.177%,"22,257,517"
CELU,Celularity Inc. Class A Common Stock,$0.767,-0.011,-1.414%,"22,201,552"
FEDU,"Four Seasons Education (Cayman) Inc. American Depositary Shares, each ADS representing 10 ordinary shares",$9.80,UNCH,--,"22,162,092"
FTFT,Future FinTech Group Inc. Common Stock,$0.6858,-0.1788,-20.68%,"22,114,611"
BRRWW,"ProCap Financial, Inc. Warrant",$0.2501,-0.0045,-1.767%,"22,101,231"
UTSI,UTStarcom Holdings Corp. Ordinary Shares,$2.32,-0.09,-3.734%,"22,026,335"
BFRI,Biofrontera Inc. Common Stock,$1.48,0.06,4.225%,"21,981,491"
BESS,Bimergen Energy Corporation Common Stock,$3.0932,-0.3668,-10.601%,"21,954,213"
CTRM,Castor Maritime Inc. Common Shares,$2.27,-0.06,-2.575%,"21,933,544"
RVP,"Retractable Technologies, Inc. Common Stock",$0.73,0.01,1.389%,"21,854,126"
UONEK,"Urban One, Inc. Class D Common Stock",$4.72,-0.14,-2.881%,"21,782,630"
CKX,"CKX Lands, Inc. Common Stock",$10.60,-0.02,-0.188%,"21,763,167"
SPPL,SIMPPLE LTD. Ordinary Shares,$2.21,0.01,0.455%,"21,627,467"
AHT,Ashford Hospitality Trust Inc Common Stock,$3.33,-0.01,-0.299%,"21,544,481"
SLGB,Smart Logistics Global Limited Class A Ordinary Shares,$0.4976,0.0126,2.598%,"21,396,800"
COSM,Cosmos Health Inc. Common Stock,$0.2126,0.0196,10.155%,"21,394,740"
NEUP,Neuphoria Therapeutics Inc. Common Stock,$3.95,0.02,0.509%,"21,347,976"
FUFUW,BitFuFu Inc. Warrant,$0.1276,UNCH,--,"21,264,999"
TLF,"Tandy Leather Factory, Inc. Common Stock",$2.59,0.01,0.388%,"21,217,474"
MWYN,"Marwynn Holdings, Inc. Common stock",$1.05,UNCH,--,"21,204,544"
LICN,Lichen International Limited Class A Ordinary Shares,$1.28,0.03,2.40%,"21,039,136"
PSHG,Performance Shipping Inc. Common Shares,$1.69,-0.01,-0.588%,"21,009,164"
HOWL,"Werewolf Therapeutics, Inc. Common Stock",$0.4312,0.0219,5.351%,"20,955,917"
ORIO,Orion Digital Corp. Common Shares,$0.88,-0.0719,-7.553%,"20,927,280"
MOBX,"Mobix Labs, Inc. Class A Common Stock",$1.23,0.045,3.797%,"20,879,100"
LFWD,Lifeward Ltd. Ordinary Shares,$7.33,0.06,0.825%,"20,758,677"
FOXX,Foxx Development Holdings Inc. Common Stock,$2.9293,0.0593,2.066%,"20,625,764"
MYND,"Mynd.ai, Inc. American Depositary Shares",$0.4372,0.0197,4.719%,"20,611,621"
NTRP,"NextTrip, Inc. Common Stock",$1.36,-0.09,-6.207%,"20,517,097"
LGPS,LogProstyle Inc. Common Shares,$0.8688,0.0038,0.439%,"20,513,124"
OFAL,OFA Group Class A Ordinary Shares,$0.86,-0.1033,-10.724%,"20,462,561"
XCH,XCHG Limited American Depositary Share,$0.231,-0.009,-3.75%,"20,450,126"
TGHL,The GrowHub Limited Class A Ordinary Shares,$0.8072,0.1216,17.736%,"20,422,007"
MNDO,MIND C.T.I. Ltd. Ordinary Shares,$1.01,0.01,1.00%,"20,387,018"
SST,"System1, Inc. Class A Common Stock",$1.94,-0.12,-5.825%,"20,347,979"
MRKR,"Marker Therapeutics, Inc. Common Stock",$1.22,-0.07,-5.426%,"20,341,215"
YXT,YXT.COM GROUP HOLDING LIMITED American Depository Shares,$3.07,-0.04,-1.286%,"20,293,517"
SCAG,Scage Future American Depositary Shares,$0.279,-0.0237,-7.83%,"20,258,097"
MXC,Mexco Energy Corporation Common Stock,$9.88,0.01,0.101%,"20,214,480"
AIFA,"All In FutureTech Alliance, Inc. Common Stock",$3.14,0.19,6.441%,"20,159,792"
NIXX,"Nixxy, Inc. Common Stock",$0.6973,-0.0238,-3.301%,"20,158,133"
JVA,"Coffee Holding Co., Inc. Common Stock",$3.53,0.01,0.284%,"20,151,354"
BRFH,Barfresh Food Group Inc. Common Stock,$1.23,-0.06,-4.651%,"20,059,052"
AVAT,Avalanche Treasury Corporation Class A Common Stock,$0.44,0.015,3.529%,"19,940,995"
CALC,"CalciMedica, Inc. Common Stock",$0.5832,-0.0299,-4.877%,"19,911,299"
OPAD,Offerpad Solutions Inc. Class A Common Stock,$4.12,0.02,0.488%,"19,910,926"
BMR,Beamr Imaging Ltd. Ordinary Share,$1.28,UNCH,--,"19,878,213"
MDCXW,Medicus Pharma Ltd. Warrant,$0.3302,UNCH,--,"19,867,488"
HKPD,"Cellyan Biotechnology Co., Ltd Class A Ordinary Shares",$0.409,0.022,5.685%,"19,836,483"
ARKR,Ark Restaurants Corp. Common Stock,$5.50,-0.08,-1.434%,"19,833,864"
RECT,Rectitude Holdings Ltd Ordinary Shares,$1.2808,0.0608,4.984%,"19,830,306"
FMST,Foremost Clean Energy Ltd. Common Shares,$1.14,-0.04,-3.39%,"19,781,443"
AIHS,Senmiao Technology Limited Common Stock,$1.35,-0.07,-4.93%,"19,652,610"
PLRZ,Polyrizon Ltd. Ordinary Shares,$10.49,-0.70,-6.256%,"19,635,686"
YJ,Yunji Inc. American Depository Shares,$3.98,-0.27,-6.353%,"19,603,649"
BTLN,"Brightline Interactive, Inc. Common Stock",$0.93,0.93,--,"19,601,151"
NMTC,NeuroOne Medical Technologies Corporation Common Stock,$2.15,-0.03,-1.376%,"19,577,390"
CTSO,Cytosorbents Corporation Common Stock,$0.3111,-0.0449,-12.612%,"19,550,379"
UUU,"Universal Safety Products, Inc. Common Stock",$6.45,0.21,3.365%,"19,533,586"
USDEW,StablecoinX Inc. Warrants,$0.7181,0.1181,19.683%,"19,523,077"
SCNX,"Scienture Holdings, Inc. Common Stock",$0.4718,-0.0023,-0.485%,"19,374,064"
DSY,Big Tree Cloud Holdings Limited Class A Ordinary Shares,$4.07,0.24,6.266%,"19,340,119"
FABC,"Fabric.AI, Inc. Common Stock",$2.76,0.01,0.364%,"19,329,972"
DETX,"Liberty Defense Holdings, Ltd. Common Shares",$3.39,-0.30,-8.13%,"19,261,922"
PLSM,Pulsenmore Ltd. Ordinary Shares,$2.96,-0.05,-1.661%,"19,248,418"
HTCO,High-Trend International Group Class A Ordinary Shares,$2.84,-0.06,-2.069%,"19,185,120"
PMEC,Primech Holdings Ltd. Ordinary Shares,$0.499,0.0051,1.033%,"19,170,576"
ILLR,Triller Group Inc. Common Stock,$0.9343,-0.056,-5.655%,"19,141,361"
PLUR,Pluri Inc. Common Stock,$1.77,0.01,0.568%,"19,097,496"
CYCN,"Cyclerion Therapeutics, Inc. Common Stock",$4.07,-0.06,-1.453%,"19,053,099"
VNTG,Vantage Corp Class A Ordinary Shares,$0.62,0.0194,3.23%,"19,009,752"
DARE,"Dare Bioscience, Inc. Common Stock",$0.8092,-0.0152,-1.844%,"18,984,541"
ACCS,ACCESS Newswire Inc. Common Stock,$4.95,UNCH,--,"18,945,155"
ECXWW,ECARX Holdings Inc. Warrants,$0.0496,-0.0001,-0.201%,"18,900,575"
FOFO,"Hang Feng Technology Innovation Co., Ltd. Ordinary Shares",$2.495,-0.06,-2.348%,"18,889,840"
UFG,Uni-Fuels Holdings Limited Class A Ordinary Shares,$0.58,-0.0075,-1.277%,"18,829,700"
PMA,Ming Shing Group Holdings Limited Ordinary Shares,$1.45,0.08,5.839%,"18,813,750"
DUKR,DUKE Robotics Corp. Common Stock,$5.48,0.10,1.859%,"18,774,359"
RKTO,Rocket One Inc. Common Stock,$0.7536,-0.0108,-1.413%,"18,762,817"
EPSM,Epsium Enterprise Limited Class A Ordinary Shares,$1.39,-0.11,-7.333%,"18,678,867"
INHD,Inno Holdings Inc. Common Stock,$7.39,-0.08,-1.071%,"18,627,094"
LEXX,Lexaria Bioscience Corp. Common Stock,$11.27,-0.24,-2.085%,"18,623,878"
AENTW,Alliance Entertainment Holding Corporation Warrant,$0.365,0.065,21.667%,"18,607,565"
HUIZ,Huize Holding Limited American Depositary Shares,$1.84,0.38,26.027%,"18,595,180"
AZIO,"Azio AI Holdings, Inc. Common Stock",$1.125,-0.145,-11.417%,"18,526,329"
MDRR,"Medalist Diversified, Inc. Common Stock",$11.35,UNCH,--,"18,483,475"
SKK,SKK Holdings Limited Class A Ordinary Shares,$5.76,0.03,0.524%,"18,377,833"
MDAIW,"Spectral AI, Inc. Warrants",$0.5699,-0.0102,-1.758%,"18,342,190"
DAVEW,Dave Inc. Warrants,$1.435,-0.405,-22.011%,"18,304,153"
LIQT,"LiqTech International, Inc. Common Stock",$0.5538,0.0136,2.518%,"18,246,514"
PTN,"Palatin Technologies, Inc. Common Stock",$10.20,0.02,0.196%,"18,148,605"
LRE,"Lead Real Estate Co., Ltd American Depositary Shares",$1.33,-0.005,-0.375%,"18,143,727"
NCEL,NewcelX Ltd. Ordinary Shares,$3.37,0.12,3.692%,"18,143,645"
SMXT,Solarmax Technology Inc. Common Stock,$3.82,-0.005,-0.131%,"18,115,261"
IDAI,T Stamp Inc. Class A Common Stock,$3.18,0.51,19.101%,"17,932,945"
TMDE,TMD Energy Limited Ordinary Shares,$0.758,-0.0043,-0.564%,"17,862,270"
ATCX,Atlas Critical Minerals Corporation Common Stock,$3.50,-0.18,-4.891%,"17,791,676"
CYCU,"Cycurion, Inc. Common Stock",$0.6868,-0.0049,-0.708%,"17,747,142"
FENG,"Phoenix New Media Limited American Depositary Shares, each representing 48 Class A ordinary shares.",$1.47,-0.0662,-4.309%,"17,655,841"
ANY,Sphere 3D Corp. Common Shares,$2.02,UNCH,--,"17,583,728"
MRNO,Murano Global Investments PLC Ordinary Shares,$0.2217,0.0017,0.773%,"17,568,145"
AISPW,"Airship AI Holdings, Inc. Warrants",$0.51,0.01,2.00%,"17,564,177"
SOS,SOS Limited Class A Ordinary Shares,$0.9648,0.0425,4.608%,"17,530,725"
FLUX,"Flux Power Holdings, Inc. Common Stock",$0.82,0.1102,15.526%,"17,516,334"
MSGM,Motorsport Games Inc. Class A Common Stock,$3.80,-0.15,-3.797%,"17,437,448"
EFOI,"Energy Focus, Inc. Common Stock",$2.73,0.01,0.368%,"17,387,976"
BZAIW,"Blaize Holdings, Inc. Warrants",$0.12,-0.0248,-17.127%,"17,379,845"
LEDS,SemiLEDS Corporation Common Stock,$2.10,-0.14,-6.25%,"17,374,146"
BTCT,BTC Digital Ltd. Ordinary Shares,$1.47,0.6333,75.69%,"17,346,833"
AUST,Austin Gold Corp. Common Shares,$1.26,0.01,0.80%,"17,253,181"
MDBH,"MDB Capital Holdings, LLC Class A common",$3.17,0.11,3.595%,"17,240,463"
LPCN,Lipocine Inc. Common Stock,$2.09,0.04,1.951%,"17,230,489"
JF,J and Friends Holdings Limited American Depositary Shares,$0.936,0.008,0.862%,"17,166,384"
HPAI,Helport AI Limited Ordinary Shares,$0.4553,0.0184,4.211%,"17,140,638"
MGIH,Millennium Group International Holdings Limited Ordinary Shares,$1.52,-0.02,-1.299%,"17,100,000"
NWGL,CL Workshop Group Limited American Depositary Shares,$0.592,0.1051,21.586%,"17,081,074"
FGI,FGI Industries Ltd. Ordinary Shares,$8.83,0.01,0.113%,"17,053,123"
TLIH,Ten-League International Holdings Limited Ordinary Shares,$5.7986,0.0485,0.843%,"17,050,406"
AIFF,"Firefly Neuroscience, Inc. Common Stock",$1.08,UNCH,--,"16,945,541"
IPM,Intelligent Protection Management Corp. Common Stock ,$1.875,-0.075,-3.846%,"16,941,992"
PASW,"Ping An Biomedical Co., Ltd. Class A Ordinary Shares",$0.136,0.0041,3.108%,"16,938,800"
DFLI,Dragonfly Energy Holdings Corp. Common Stock (NV),$1.13,-0.02,-1.739%,"16,926,047"
WETH,Wetouch Technology Inc. Common Stock,$1.26,0.01,0.80%,"16,860,733"
STAK,STAK Inc. Class A Ordinary Shares,$1.27,-0.12,-8.633%,"16,777,143"
SMX,SMX (Security Matters) Public Limited Company Ordinary Shares,$15.41,0.17,1.115%,"16,775,449"
ENGNW,enGene Therapeutics Inc. Warrants,$0.2502,0.0055,2.248%,"16,760,764"
JL,J-Long Group Limited Class A Ordinary Shares,$4.70,0.34,7.798%,"16,756,445"
FRTT,Fort Technology Inc. Common Shares,$1.12,0.1599,16.655%,"16,699,176"
SMSI,"Smith Micro Software, Inc. Common Stock",$2.97,0.07,2.414%,"16,601,944"
RAY,Raytech Holding Limited Ordinary Shares,$2.82,0.07,2.545%,"16,566,775"
TULP,"Bloomia Holdings, Inc. Common Stock",$3.46,-0.02,-0.575%,"16,513,047"
CTXR,"Citius Pharmaceuticals, Inc. Common Stock",$0.5998,-0.0377,-5.914%,"16,466,051"
BIYA,Baiya International Group Inc Class A Ordinary Shares,$2.41,UNCH,--,"16,459,972"
MDCX,Medicus Pharma Ltd. Common Stock  ,$0.2722,0.0077,2.911%,"16,377,742"
EDTK,Skillful Craftsman Education Technology Limited Ordinary Share,$1.01,0.0675,7.162%,"16,361,446"
TPST,"Tempest Therapeutics, Inc. Common Stock",$1.02,-0.05,-4.673%,"16,298,999"
KALA,"KALA BIO, Inc. Common Stock",$0.8401,-0.0599,-6.656%,"16,247,354"
ONEG,OneConstruction Group Limited Ordinary Shares,$1.0101,-0.0199,-1.932%,"16,161,600"
HTOO,Fusion Fuel Green PLC Class A Ordinary Shares,$2.26,0.05,2.262%,"16,142,111"
GTIM,Good Times Restaurants Inc. Common Stock,$1.52,0.02,1.333%,"16,048,002"
HIND,"Vyome Holdings, Inc. Common Stock",$2.28,-0.04,-1.724%,"16,002,244"
INTS,"Intensity Therapeutics, Inc. Common stock",$4.88,0.68,16.19%,"15,932,610"
GIGM,GigaMedia Limited Ordinary Shares,$1.4302,-0.0197,-1.359%,"15,806,906"
PSQH,"PSQ Holdings, Inc. Class A Common Stock",$4.68,0.40,9.346%,"15,751,864"
BIVI,BioVie Inc. Class A Common Stock,$1.86,0.52,38.806%,"15,719,135"
KTTA,Pasithea Therapeutics Corp. Common Stock,$0.47,-0.02,-4.082%,"15,704,791"
REFR,Research Frontiers Incorporated Common Stock,$0.45,0.0098,2.226%,"15,690,504"
INTZ,Intrusion Inc. Common Stock,$0.635,0.001,0.158%,"15,561,915"
DOGZ,Dogness (International) Corporation Class A Common Stock,$1.07,-0.09,-7.759%,"15,526,404"
ADIL,"Adial Pharmaceuticals, Inc Common Stock",$5.90,0.145,2.52%,"15,492,751"
CYN,Cyngn Inc. Common Stock,$1.07,0.01,0.943%,"15,432,911"
ARTW,"Art's-Way Manufacturing Co., Inc. Common Stock",$2.96,-0.08,-2.632%,"15,396,103"
OIOWW,OIO Group Warrants,$0.044,0.0003,0.686%,"15,312,973"
MOGU,MOGU Inc. American Depositary Shares (each  representing 25 Class A Ordinary Shares),$1.87,-0.07,-3.608%,"15,302,758"
CMCT,Creative Media & Community Trust Corporation Common stock,$5.16,0.16,3.20%,"15,209,064"
ASTC,Astrotech Corporation (DE) Common Stock,$7.56,-0.38,-4.786%,"15,188,418"
PRZO,ParaZero Technologies Ltd. Ordinary Shares,$0.648,0.0456,7.57%,"15,180,635"
AKTX,Akari Therapeutics plc ADS,$7.79,-0.11,-1.392%,"15,166,990"
EQS,"Equus Total Return, Inc. Common Stock",$1.085,-0.025,-2.252%,"15,153,865"
MMA,Mixed Martial Arts Group Limited Ordinary Shares,$0.5662,0.1862,49.00%,"14,994,981"
PBM,Psyence Biomedical Ltd. Common Shares,$3.93,-0.17,-4.146%,"14,990,309"
CLRO,"ClearOne, Inc. Common Stock",$5.58,0.58,11.60%,"14,928,799"
CMMB,Chemomab Therapeutics Ltd. American Depositary Share,$2.07,-0.02,-0.957%,"14,887,993"
UCL,uCloudlink Group Inc. American Depositary Shares,$0.39,-0.0233,-5.638%,"14,855,978"
TOMZ,"TOMI Environmental Solutions, Inc. Common Stock",$1.82,0.08,4.598%,"14,819,490"
NHTC,Natural Health Trends Corp. Common Stock,$1.72,-0.02,-1.149%,"14,753,899"
ICU,SeaStar Medical Holding Corporation Common Stock,$3.34,0.07,2.141%,"14,718,849"
DLPN,"Dolphin Entertainment, Inc. Common Stock",$1.1299,-0.0201,-1.748%,"14,717,570"
IHT,InnSuites Hospitality Trust Shares of Beneficial Interest,$1.56,-0.06,-3.704%,"14,668,421"
SUNE,"SUNation Energy, Inc. Common Stock",$2.25,0.03,1.351%,"14,654,493"
BCDA,"BioCardia, Inc. Common Stock",$0.9671,-0.0239,-2.412%,"14,640,716"
SWVL,Swvl Holdings Corp Class A Common Shares,$1.46,0.025,1.742%,"14,547,942"
RGNT,Regentis Biomaterials Ltd. Ordinary Shares,$2.06,-0.17,-7.623%,"14,469,277"
PASG,"Passage Bio, Inc. Common Stock",$4.48,-0.03,-0.665%,"14,415,789"
NEON,Neonode Inc. Common Stock,$0.8525,-0.0463,-5.151%,"14,307,441"
EBON,Ebang International Holdings Inc. Class A Ordinary Shares,$2.185,0.105,5.048%,"14,298,505"
BNGO,"Bionano Genomics, Inc. Common Stock",$1.21,-0.02,-1.626%,"14,250,170"
MYSE,"Myseum.AI, Inc. Common Stock",$2.73,-0.01,-0.365%,"14,186,254"
GP,GreenPower Motor Company Inc. Common Shares,$1.61,0.02,1.258%,"14,154,803"
YYGH,YY Group Holding Limited Class A Ordinary Shares,$1.18,-0.16,-11.94%,"14,147,189"
ADGM,"Adagio Medical Holdings, Inc Common Stock",$0.6341,0.0021,0.332%,"14,083,652"
HCTI,"Healthcare Triangle, Inc. Common Stock",$0.9399,-0.0352,-3.61%,"14,074,365"
BAOS,Baosheng Media Group Holdings Limited Ordinary shares,$0.442,-0.079,-15.163%,"14,070,843"
FNGR,"FingerMotion, Inc. Common Stock",$0.2294,0.0026,1.146%,"14,064,597"
PHIO,Phio Pharmaceuticals Corp. Common Stock,$1.21,0.06,5.217%,"14,056,873"
BRN,"Barnwell Industries, Inc. Common Stock",$0.97,0.0024,0.248%,"14,001,281"
HUDI,"Huadi International Group Co., Ltd. Ordinary Shares",$0.9699,0.0372,3.988%,"13,888,175"
UPLD,"Upland Software, Inc. Common Stock",$4.68,0.36,8.333%,"13,839,654"
RCT,RedCloud Holdings plc Ordinary Shares,$0.202,0.0009,0.448%,"13,812,884"
CABR,"Caring Brands, Inc. Common Stock",$1.33,-0.06,-4.317%,"13,789,741"
TURB,"Turbo Energy, S.A. American Depositary Shares",$1.14,-0.12,-9.524%,"13,699,540"
CJMB,Callan JMB Inc. Common Stock,$2.38,-0.11,-4.418%,"13,690,636"
MPU,Mega Matrix Inc. Class A Ordinary Shares,$0.20,-0.002,-0.99%,"13,598,039"
SNTI,"Senti Biosciences Holdings, Inc. Common Stock",$0.436,-0.027,-5.832%,"13,579,113"
ADVB,Advanced Biomed Inc. Common Stock,$8.19,-0.16,-1.916%,"13,530,969"
CHOW,ChowChow Cloud International Holdings Limited Ordinary Shares,$0.3798,-0.0062,-1.606%,"13,479,102"
ZDAI,"DirectBooking Technology Co., Ltd. Class A Ordinary Shares",$1.60,-0.03,-1.84%,"13,421,557"
IRIX,IRIDEX Corporation Common Stock,$0.7615,-0.0214,-2.733%,"13,375,680"
WVVIP,"Willamette Valley Vineyards, Inc. Series A Redeemable Preferred Stock",$2.6777,0.0577,2.202%,"13,333,685"
NTZ,"Natuzzi, S.p.A.",$1.21,-0.06,-4.724%,"13,327,677"
SVRN,OceanPal Inc. Common Stock,$7.75,0.60,8.392%,"13,291,436"
IOTR,iOThree Limited Ordinary Shares,$2.73,0.05,1.866%,"13,278,376"
NRSN,NeuroSense Therapeutics Ltd. Ordinary Shares,$0.3504,-0.0476,-11.96%,"13,233,241"
NAII,"Natural Alternatives International, Inc. Common Stock",$2.07,-0.05,-2.358%,"12,989,724"
ZTG,Zenta Group Company Limited Class A Ordinary Shares,$1.10,-0.54,-32.927%,"12,989,723"
GWH,"ESS Tech, Inc. Common Stock",$0.3915,-0.294,-42.888%,"12,907,765"
THH,TryHard Holdings Limited Ordinary Shares,$2.575,0.025,0.98%,"12,886,909"
PETZ,"TDH Holdings, Inc. Common Shares",$1.24,0.05,4.202%,"12,800,852"
BTOC,Armlogi Holding Corp. Common Stock,$0.2805,0.003,1.081%,"12,746,784"
GTBP,"GT Biopharma, Inc. Common Stock",$0.282,-0.0049,-1.708%,"12,720,878"
NAMMW,Namib Minerals Warrants,$0.2275,-0.0149,-6.147%,"12,706,422"
MSAI,"MultiSensor AI Holdings, Inc. Common Stock",$5.76,0.33,6.077%,"12,704,532"
EXYN,"Exyn Technologies, Inc. Common Stock",$1.58,-0.44,-21.782%,"12,567,252"
LHAI,Linkhome Holdings Inc. Common stock,$0.7587,0.0148,1.99%,"12,541,311"
FFAI,Faraday Future Intelligent Electric Inc. Class A Common Stock,$3.24,0.01,0.31%,"12,491,175"
JBDI,JBDI Holdings Limited Ordinary Shares,$1.31,0.04,3.15%,"12,464,037"
ARAI,Arrive AI Inc. Common Stock,$0.24,-0.0073,-2.952%,"12,450,290"
SEED,Origin Agritech Limited Common Stock,$1.024,0.004,0.392%,"12,434,971"
AIMD,"Ainos, Inc. Common Stock",$1.45,-0.03,-2.027%,"12,388,906"
COOT,Australian Oilseeds Holdings Limited Ordinary Shares,$0.4399,0.0099,2.302%,"12,272,567"
OGGWZ,Osisko Gold Group Inc. Warrant expiring 5/27/2027,$0.0401,-0.0024,-5.647%,"12,264,097"
ICMB,"Investcorp Credit Management BDC, Inc. Common Stock",$0.8488,0.0188,2.265%,"12,250,282"
ALAR,Alarum Technologies Ltd. American Depositary Share,$1.68,-0.06,-3.448%,"12,180,791"
BLIN,"Bridgeline Digital, Inc. Common Stock",$0.9635,-0.0032,-0.331%,"12,139,983"
MTEX,"Mannatech, Incorporated Common Stock",$6.26,0.055,0.886%,"12,079,734"
ANNAW,"AleAnna, Inc. Warrant",$0.1804,0.0154,9.333%,"12,074,966"
BLRX,BioLineRx Ltd. American Depositary Shares,$2.76,-0.17,-5.802%,"12,056,494"
GYRO,"Gyrodyne, LLC Common Stock",$5.48,UNCH,--,"12,052,208"
NVNI,Nvni Group Limited Ordinary Shares,$1.03,UNCH,--,"12,042,897"
CETY,"Clean Energy Technologies, Inc. Common Stock",$0.984,0.0239,2.489%,"11,971,448"
QH,Quhuo Limited Class A Ordinary Shares,$4.35,0.045,1.045%,"11,966,385"
BIOT,Instinct Bio Technical Company Holdings Inc. Ordinary Shares,$0.415,0.035,9.211%,"11,932,848"
INAB,"IN8bio, Inc. Common Stock",$1.21,0.01,0.833%,"11,928,643"
INUV,"Inuvo, Inc.",$0.72,-0.017,-2.307%,"11,867,817"
SPWRW,SunPower Inc. Warrants,$0.0648,0.0001,0.155%,"11,862,129"
REED,"Reed's, Inc. Common Stock",$1.00,-0.11,-9.91%,"11,857,086"
NXTT,Next Technology Holding Inc. Ordinary Shares,$8.00,1.36,20.482%,"11,783,696"
QNME,"Quanome Technologies, Inc. Common Stock",$0.3405,-0.0097,-2.77%,"11,722,584"
PDSB,PDS Biotechnology Corporation Common Stock,$0.2089,0.0082,4.086%,"11,692,413"
AIRI,Air Industries Group Common Stock,$2.41,UNCH,--,"11,690,086"
CLWT,Euro Tech Holdings Company Limited Common Stock,$1.57,-0.03,-1.875%,"11,635,998"
HDRNW,"Hadron Energy, Inc. Warrant",$0.1624,0.0074,4.774%,"11,611,412"
EDUC,Educational Development Corporation Common Stock,$1.36,-0.02,-1.449%,"11,593,951"
KPRX,"Kiora Pharmaceuticals, Inc.  Common Stock",$2.62,0.02,0.769%,"11,591,894"
CLIK,Click Holdings Limited Class A Ordinary Share,$1.35,0.01,0.746%,"11,560,095"
MBRX,"Moleculin Biotech, Inc. Common Stock",$0.5906,0.0186,3.252%,"11,503,341"
VRXAW,Veraxa Biotech AG Warrants,$0.0813,0.0001,0.123%,"11,496,455"
AMSS,AMASS Brands Inc. Common Stock,$0.988,0.068,7.391%,"11,465,820"
SDOT,Sadot Group Inc. Common Stock,$8.44,-0.28,-3.211%,"11,418,679"
GMM,Global Mofy AI Limited Class A Ordinary Shares,$2.55,-0.09,-3.409%,"11,356,170"
RMCF,"Rocky Mountain Chocolate Factory, Inc. Common Stock",$1.20,-0.10,-7.692%,"11,327,504"
RVSN,Rail Vision Ltd. Ordinary Share,$5.15,-0.48,-8.526%,"11,289,758"
ALP,Alpha Compute Corp Common Stock,$0.1561,0.0051,3.377%,"11,274,681"
DFDVW,DeFi Development Corp. Warrant,$0.36,0.04,12.50%,"11,159,204"
WVVI,"Willamette Valley Vineyards, Inc. Common Stock",$2.23,-0.01,-0.446%,"11,104,350"
MTEK,Maris-Tech Ltd. Ordinary Shares,$1.14,-0.01,-0.87%,"11,056,434"
MBAI,Check-Cap Ltd. Ordinary Share,$8.02,-0.28,-3.373%,"11,031,582"
ASBP,"Aspire Biopharma Holdings, Inc. Common Stock",$7.82,-0.08,-1.013%,"10,967,996"
GFAI,"Guardforce AI Co., Limited Ordinary Shares",$0.3453,UNCH,--,"10,840,119"
OXBR,Oxbridge Re Holdings Limited Ordinary Shares,$1.32,-0.02,-1.493%,"10,742,922"
IQST,iQSTEL Inc. Common Stock,$0.9806,-0.0294,-2.911%,"10,704,091"
VTGN,"Vistagen Therapeutics, Inc. Common Stock",$0.2411,-0.003,-1.229%,"10,699,273"
DTSS,Datasea Intelligent Technology Ltd. Class A Ordinary Shares,$0.7375,0.0064,0.875%,"10,638,350"
GDTC,CytoMed Therapeutics Limited Ordinary Shares,$0.899,-0.001,-0.111%,"10,633,763"
TOVX,"Theriva Biologics, Inc. Common Stock",$0.2302,0.0048,2.13%,"10,564,492"
JCTC,Jewett-Cameron Trading Company Common Shares,$2.9788,-0.0012,-0.04%,"10,485,713"
AWX,Avalon Holdings Corporation Common Stock,$2.68,-0.06,-2.19%,"10,450,475"
PLAG,Planet Green Holdings Corp. Common Stock,$0.7301,-0.0318,-4.174%,"10,391,304"
GDC,GD Culture Group Limited Common Stock,$2.49,0.29,13.182%,"10,364,625"
OSRH,"OSR Health, Inc. Common Stock",$0.2949,-0.0782,-20.96%,"10,356,502"
REBN,"Reborn Coffee, Inc. Common Stock",$1.26,-0.18,-12.50%,"10,348,953"
RAIN,"Rain Enhancement Technologies Holdco, Inc. Class A Common Stock",$0.88,-0.0272,-2.998%,"10,299,565"
OBAI,"Our Bond, Inc. Common Stock",$0.3431,0.0281,8.921%,"10,284,603"
BFRG,"Bullfrog AI Holdings, Inc. Common Stock",$0.55,-0.02,-3.509%,"10,197,908"
CISO,"CISO Global, Inc. Common Stock",$0.222,-0.0229,-9.351%,"10,106,695"
LSTA,"Lisata Therapeutics, Inc. Common Stock",$1.12,UNCH,--,"10,092,249"
SINT,"SiNtx Technologies, Inc. Common Stock",$1.51,-0.08,-5.031%,"10,063,446"
LZMH,LZ Technology Holdings Limited Class B Ordinary Shares,$1.12,UNCH,--,"10,055,920"
AMS,American Shared Hospital Services Common Stock,$1.5115,-0.0185,-1.209%,"10,051,475"
KNRX,KNOREX LTD. Class A Ordinary Shares,$0.33,-0.01,-2.941%,"10,039,627"
QNRX,"Quoin Pharmaceuticals, Ltd. American Depositary Shares",$4.99,0.27,5.72%,"10,022,001"
LNAI,Lunai Bioworks Inc. Common Stock,$2.20,-0.02,-0.901%,"9,974,558"
SFHG,Samfine Creation Holdings Group Limited Class A Ordinary Share,$2.45,-0.06,-2.39%,"9,947,000"
SKYE,"Skye Bioscience, Inc. Common Stock",$0.2804,-0.0255,-8.336%,"9,932,164"
VSA,VisionSys AI Inc. American Depositary Shares,$3.55,0.16,4.72%,"9,914,923"
PRSO,Peraso Inc. Common Stock,$0.6547,-0.0011,-0.168%,"9,862,712"
HSCS,HeartSciences Inc. Common Stock,$2.51,-0.035,-1.375%,"9,787,722"
ELOG,Eastern International Ltd. Ordinary Shares,$0.7602,-0.0168,-2.162%,"9,754,886"
PDC,Perpetuals.com Ltd American Depositary Shares,$3.18,0.03,0.952%,"9,700,813"
MARPS,Marine Petroleum Trust Units of Beneficial Interest,$4.85,0.08,1.677%,"9,700,000"
AQMS,"Aqua Metals, Inc. Common Stock",$2.705,0.035,1.311%,"9,639,351"
AEON,"AEON Biopharma, Inc. Class A Common Stock",$0.1931,-0.0053,-2.671%,"9,632,367"
CVR,Chicago Rivet & Machine Co. Common Stock,$9.93,UNCH,--,"9,593,691"
IMRN,Immuron Limited American Depositary Shares,$1.18,-0.01,-0.84%,"9,524,018"
MTVA,MetaVia Inc. Common Stock,$1.44,-0.03,-2.041%,"9,486,865"
RDZNW,"Roadzen, Inc. Warrants",$0.1102,-0.0298,-21.286%,"9,385,190"
INEO,INNEOVA Holdings Limited Class A Ordinary Shares,$0.58,-0.0005,-0.086%,"9,378,962"
SQFTP,"Presidio Property Trust, Inc. 9.375% Series D Cumulative Redeemable Perpetual Preferred Stock, $0.01 par value per share",$6.53,0.03,0.462%,"9,366,841"
ARBB,ARB IOT Group Limited Ordinary Shares,$5.30,1.29,32.17%,"9,355,857"
BON,Bon Natural Life Limited Class A Ordinary Shares,$1.15,0.01,0.877%,"9,348,132"
WKSP,"Worksport, Ltd. Common Stock",$0.6099,-0.0321,-5.00%,"9,330,453"
AEHL,Antelope Enterprise Holdings Limited Class A Ordinary Shares,$6.35,0.68,11.993%,"9,327,610"
GXAI,Gaxos.ai Inc. Common Stock,$0.866,0.0122,1.429%,"9,304,853"
VRME,"VerifyMe, Inc. Common Stock",$0.70,0.0274,4.074%,"9,215,637"
CXAI,CXApp Inc. Class A Common Stock,$3.94,-0.65,-14.161%,"9,209,380"
TPET,Trio Petroleum Corp. Common Stock,$0.205,0.0004,0.196%,"9,074,873"
CENN,Cenntro Inc. Common Stock,$3.67,0.035,0.963%,"9,015,179"
LOBO,LOBO TECHNOLOGIES LTD. Class A Ordinary Shares,$0.6501,-0.0221,-3.288%,"8,998,644"
JCSE,JE Cleantech Holdings Limited Ordinary Shares,$1.695,0.115,7.278%,"8,903,360"
TDIC,Dreamland Limited Class A Ordinary Shares,$2.55,-0.09,-3.409%,"8,888,237"
YHGJ,Yunhong Green CTI Ltd. Common Stock,$3.40,UNCH,--,"8,871,430"
IMNN,"Imunon, Inc. Common Stock",$1.58,UNCH,--,"8,866,017"
BAERW,"Bridger Aerospace Group Holdings, Inc. Warrant",$0.1506,UNCH,--,"8,859,217"
NAMI,Jinxin Technology Holding Company American Depositary Shares,$2.80,-0.06,-2.098%,"8,855,997"
CCTG,CCSC Technology International Holdings Limited Class A Ordinary Shares,$0.65,-0.0016,-0.246%,"8,827,121"
OMH,Ohmyhome Limited Class A Ordinary Shares,$0.104,0.0214,25.908%,"8,781,182"
CNSP,"CNS Pharmaceuticals, Inc. Common Stock",$6.00,0.17,2.916%,"8,768,694"
BCTXL,BriaCell Therapeutics Corp. Warrant expiring 2031,$0.9999,0.053,5.597%,"8,698,917"
TDTH,Trident Digital Tech Holdings Ltd Class B Ordinary Shares,$1.84,-0.12,-6.122%,"8,682,695"
SLDPW,"Solid Power, Inc. Warrant",$0.038,-0.0034,-8.213%,"8,670,886"
SLE,"Super League Enterprise, Inc. Common Stock",$4.33,0.21,5.097%,"8,649,491"
FBLG,"FibroBiologics, Inc. Common Stock",$1.29,0.10,8.403%,"8,589,069"
TRIB,Trinity Biotech plc American Depositary Shares,$10.55,-0.46,-4.178%,"8,578,543"
ZCMD,Zhongchao Inc. Class A Ordinary Shares,$0.9602,-0.0498,-4.931%,"8,520,312"
DPU,Top KingWin Ltd Class A Ordinary Shares,$2.4631,0.1431,6.168%,"8,514,343"
XCUR,"Exicure, Inc. Common Stock",$1.30,-0.15,-10.345%,"8,509,794"
SDAWW,SunCar Technology Group Inc. Warrant,$0.0802,-0.0534,-39.97%,"8,472,963"
FEBO,Fenbo Holdings Limited Class A Ordinary Shares,$0.765,-0.015,-1.923%,"8,462,813"
CELZ,"Creative Medical Technology Holdings, Inc. Common Stock",$1.28,0.16,14.286%,"8,438,473"
IFBD,"Infobird Co., Ltd Ordinary Shares",$1.03,0.0299,2.99%,"8,434,231"
AIRE,reAlpha Tech Corp. Common Stock,$1.43,-0.01,-0.694%,"8,414,513"
SEGG,Sports Entertainment Gaming Global Corporation Common Stock,$2.58,0.01,0.389%,"8,409,476"
ICCM,IceCure Medical Ltd. Ordinary Shares,$2.45,-0.07,-2.778%,"8,394,619"
MGRX,"Mangoceuticals, Inc. Common Stock",$0.3857,-0.0324,-7.749%,"8,318,555"
LHSW,Lianhe Sowell International Group Ltd Class A Ordinary Shares,$2.55,-0.43,-14.43%,"8,287,500"
HCWC,Healthy Choice Wellness Corp. Class A Common Stock,$0.255,0.0076,3.072%,"8,276,746"
SNGX,"Soligenix, Inc. Common Stock",$0.3801,-0.001,-0.262%,"8,273,059"
BGL,Blue Gold Limited Class A Ordinary Shares,$0.2021,0.017,9.184%,"8,253,314"
BNKK,"Bonk, Inc. Common Stock",$1.03,-0.03,-2.83%,"8,240,968"
CGTL,Creative Global Technology Holdings Limited Class A Ordinary Shares,$4.80,0.02,0.418%,"8,232,000"
SDST,Stardust Power Inc. Common Stock,$0.5855,-0.0256,-4.189%,"8,225,917"
DKI,DarkIris Inc. Class A Ordinary Shares,$3.95,-0.12,-2.948%,"8,205,947"
AUID,authID Inc. Common Stock,$0.4874,0.0674,16.048%,"8,149,493"
APRE,"Aprea Therapeutics, Inc. Common stock",$0.64,-0.031,-4.62%,"8,058,327"
MSN,Emerson Radio Corporation Common Stock,$0.3825,0.0125,3.378%,"8,048,814"
UZX,Linkage Global Inc. Class A Ordinary Shares,$0.1213,0.0033,2.797%,"8,022,562"
JZ,Jianzhi Education Technology Group Company Limited American Depositary Shs,$3.32,1.62,95.294%,"7,995,599"
TRAW,"Traws Pharma, Inc. Common Stock",$0.52,-0.02,-3.704%,"7,991,504"
SOAR,"Volato Group, Inc. Class A Common Stock",$0.149,0.0017,1.154%,"7,991,354"
XWEL,"XWELL, Inc. Common Stock",$0.9301,-0.0199,-2.095%,"7,988,876"
TAOP,Taoping Inc. Ordinary Shares ,$0.834,0.0145,1.769%,"7,967,021"
XBIO,"Xenetic Biosciences, Inc. Common Stock",$3.39,0.03,0.893%,"7,943,384"
MRM,MEDIROM Healthcare Technologies Inc. American Depositary Share,$1.005,-0.02,-1.951%,"7,941,460"
SAGT,SAGTEC GLOBAL LIMITED Class A Ordinary shares,$0.6289,-0.0501,-7.378%,"7,892,695"
JYD,Jayud Global Logistics Limited Class A Ordinary Shares,$0.9502,-0.0467,-4.685%,"7,885,615"
BQ,Boqii Holding Limited Class A Ordinary Shares,$1.00,0.03,3.093%,"7,879,614"
MTEN,Mingteng International Corporation Inc. Class A Ordinary Shares,$1.03,-0.05,-4.63%,"7,879,361"
VS,Versus Systems Inc. Common Stock,$1.2661,-0.0639,-4.805%,"7,865,831"
ALZN,"Alzamend Neuro, Inc. Common Stock",$1.63,0.11,7.237%,"7,810,186"
JDZG,JIADE LIMITED Class A Ordinary Shares,$4.26,0.01,0.235%,"7,802,109"
BTBD,"BT Brands, Inc. Common Stock",$1.26,-0.02,-1.563%,"7,792,752"
VEEA,Veea Inc. Common Stock,$0.125,0.0023,1.874%,"7,776,770"
ACON,"Aclarion, Inc. Common Stock",$2.69,-0.08,-2.888%,"7,753,578"
ATER,"Aterian, Inc. Common Stock",$0.4295,-0.0324,-7.015%,"7,716,788"
AIM,AIM ImmunoTech Inc. Common Stock,$0.2531,0.0149,6.255%,"7,704,905"
NWTG,"Newton Golf Company, Inc. Common Stock",$1.42,0.09,6.767%,"7,699,632"
AZTR,Azitra Inc Common Stock,$0.1267,0.0015,1.198%,"7,678,494"
BMGL,Basel Medical Group Ltd Ordinary Shares,$4.90,-0.03,-0.609%,"7,670,852"
ACXP,"Acurx Pharmaceuticals, Inc. Common Stock",$1.45,0.01,0.694%,"7,641,385"
ZBAO,Zhibao Technology Inc. Class A Ordinary Shares,$0.196,0.011,5.946%,"7,616,471"
POM,POMDOCTOR LIMITED American Depositary Shares,$1.0201,-0.0299,-2.848%,"7,605,104"
GAUZ,Gauzy Ltd. Ordinary Shares,$0.33,-0.0365,-9.959%,"7,585,919"
TKLF,"Tokyo Lifestyle Co., Ltd. American Depositary Shares",$1.79,0.05,2.874%,"7,576,678"
LIMN,"Liminatus Pharma, Inc. Class A Common Stock",$0.1126,0.0009,0.806%,"7,562,257"
CUPR,Cuprina Holdings (Cayman) Limited Class A Ordinary Shares,$2.82,-0.09,-3.093%,"7,561,125"
YMAT,"J-Star Holding Co., Ltd. Class A Ordinary Shares",$1.87,0.05,2.747%,"7,498,893"
BGI,Birks Group Inc. Common Stock,$0.3797,0.0037,0.984%,"7,482,093"
IPST,"IP Strategy Holdings, Inc. Common Stock",$10.31,1.86,22.012%,"7,439,469"
EVGN,Evogene Ltd Ordinary Shares,$0.5605,-0.0404,-6.723%,"7,431,401"
ERNA,Ernexa Therapeutics Inc. Common Stock,$4.52,0.09,2.032%,"7,378,498"
ENSC,"Ensysce Biosciences, Inc. Common Stock",$0.3778,-0.0102,-2.629%,"7,350,777"
NXL,"Nexalin Technology, Inc. Common Stock",$0.3306,0.0006,0.182%,"7,285,235"
GLE,Global Engine Group Holding Limited Class A Ordinary Shares,$0.3948,0.0222,5.958%,"7,224,840"
HXHX,Haoxin Holdings Limited Class A Ordinary Shares,$0.5254,0.0198,3.916%,"7,224,250"
CODX,"Co-Diagnostics, Inc. Common Stock",$1.15,0.05,4.545%,"7,190,167"
CANF,"Can-Fite Biopharma Ltd American Depositary Shares, each representing two (2) Ordinary Shares",$3.35,-0.13,-3.736%,"7,177,532"
OLB,"The OLB Group, Inc. Common Stock",$0.296,0.0151,5.376%,"7,110,013"
NVNO,enVVeno Medical Corporation Common Stock,$10.39,-0.09,-0.859%,"7,093,482"
AMPGZ,"Amplitech Group, Inc. Series B Right",$0.235,-0.0471,-16.696%,"7,060,313"
DTST,Data Storage Corporation Common Stock,$3.02,-0.06,-1.948%,"7,059,969"
SVRE,SaverOne 2014 Ltd. American Depositary Shares,$2.82,-0.03,-1.053%,"7,049,535"
KAPA,"Kairos Pharma, Ltd. Common Stock",$0.2951,-0.0145,-4.683%,"6,993,186"
BYAH,"Park Ha Biological Technology Co., Ltd. Class A Ordinary Shares",$2.96,-0.01,-0.337%,"6,942,760"
SNES,"SenesTech, Inc. Common Stock",$1.28,0.01,0.787%,"6,942,134"
MWG,Multi Ways Holdings Limited Class A Ordinary Shares,$1.34,-0.19,-12.418%,"6,890,312"
NDRA,ENDRA Life Sciences Inc. Common Stock,$4.585,0.065,1.438%,"6,876,757"
DLXY,Delixy Holdings Limited Class A Ordinary Shares,$0.42,0.0174,4.322%,"6,867,000"
XTLB,XTL Biopharmaceuticals Ltd. American Depositary Shares,$2.7619,-0.2181,-7.319%,"6,787,267"
AQB,"AquaBounty Technologies, Inc. Common Stock",$1.31,-0.02,-1.504%,"6,742,837"
AGRZ,Agroz Inc. Class A Ordinary Shares,$0.3299,0.0119,3.742%,"6,737,708"
SYNX,Silynxcom Ltd. Ordinary Shares,$1.01,-0.005,-0.493%,"6,700,784"
APUS,"Apimeds Pharmaceuticals US, Inc. Common Stock",$4.39,UNCH,--,"6,625,028"
BTTC,Black Titan Corporation Ordinary Shares,$0.6107,0.0101,1.682%,"6,580,061"
KUST,"Kustom Entertainment, Inc. Common Stock",$1.01,0.0103,1.03%,"6,571,929"
AIDX,"20/20 Biolabs, Inc. Common Stock",$0.5141,0.0055,1.081%,"6,565,213"
AZI,Autozi Internet Technology (Global) Ltd. Class A Ordinary Shares,$1.44,-0.22,-13.253%,"6,552,622"
CDIO,Cardio Diagnostics Holdings Inc. Common stock,$2.21,0.22,11.055%,"6,540,426"
WAFU,Wah Fu Education Group Limited Ordinary Shares,$1.48,0.06,4.225%,"6,527,627"
ILAG,Intelligent Living Application Group Inc. Ordinary Shares,$3.13,-0.38,-10.826%,"6,500,847"
CHAI,"Core AI Holdings, Inc. Common Shares",$0.262,0.001,0.383%,"6,469,264"
SUGP,SU Group Holdings Limited Class A Ordinary Shares,$2.775,0.045,1.648%,"6,456,035"
KITT,"Nauticus Robotics, Inc. Common stock",$0.8601,-0.0006,-0.07%,"6,426,633"
SNOA,"Sonoma Pharmaceuticals, Inc. Common Stock",$1.34,-0.02,-1.471%,"6,416,490"
JWEL,Jowell Global Ltd. Ordinary Shares,$2.69,0.25,10.246%,"6,391,792"
NCNA,NuCana plc American Depositary Share,$1.53,-0.02,-1.29%,"6,367,816"
INBS,Intelligent Bio Solutions Inc. Common Stock,$2.65,-0.02,-0.749%,"6,338,392"
KRKR,36Kr Holdings Inc. American Depositary Shares,$3.16,-0.105,-3.216%,"6,237,240"
PMI,"Picard Medical, Inc. Common Stock",$3.03,-0.26,-7.903%,"6,223,375"
ENVB,"Enveric Biosciences, Inc. Common Stock",$1.39,0.08,6.107%,"6,221,479"
FCUV,Focus Universal Inc. Common Stock,$8.78,0.62,7.598%,"6,170,101"
BOLT,"Bolt Biotherapeutics, Inc. Common Stock",$3.20,-0.06,-1.84%,"6,164,304"
GITS,"Global Interactive Technologies, Inc. Common Stock",$1.66,-0.03,-1.775%,"6,099,185"
MEGL,Magic Empire Global Limited Class A Ordinary Shares,$1.20,0.01,0.84%,"6,076,860"
VNRX,VolitionRX Limited Common Stock,$0.4444,-0.0437,-8.953%,"6,065,786"
YDKG,Yueda Digital Holding Class A Ordinary Share,$1.09,0.07,6.863%,"6,026,816"
AMST,Amesite Inc. Common Stock,$0.92,-0.0201,-2.138%,"6,025,863"
GLXG,Galaxy Payroll Group Limited Class A Ordinary Shares,$1.01,-0.01,-0.98%,"6,021,130"
CLGN,CollPlant Biotechnologies Ltd Ordinary Shares,$0.3178,-0.004,-1.243%,"6,009,028"
GURE,"Gulf Resources, Inc. (NV) Common Stock",$3.31,-0.02,-0.601%,"6,002,788"
PCSA,"Processa Pharmaceuticals, Inc. Common Stock",$2.145,-0.005,-0.233%,"5,991,813"
GELS,Gelteq Limited Ordinary Shares,$0.5575,0.0016,0.288%,"5,971,415"
RMSG,Real Messenger Corporation Ordinary Shares,$0.3675,-0.0163,-4.247%,"5,941,986"
AMBO,Ambow Education Holding Ltd. American Depository Shares (each representing twenty (20) Class A Ordinary Shares),$2.07,-0.03,-1.429%,"5,920,867"
STLNW,"Starling Oncology, Inc. Warrant",$0.058,UNCH,--,"5,911,135"
LUCY,"Innovative Eyewear, Inc. Common Stock",$0.6845,0.0035,0.514%,"5,892,995"
AUUD,Auddia Inc. Common Stock,$1.01,-0.02,-1.942%,"5,861,081"
ORKT,Orangekloud Technology Inc. Class A Ordinary Shares,$1.00,-0.02,-1.961%,"5,839,770"
GRRRW,Gorilla Technology Group Inc. Warrant,$0.2092,-0.0077,-3.55%,"5,806,864"
BGMS,"Bio Green Med Solution, Inc. Common Stock",$0.8753,-0.03,-3.314%,"5,796,932"
ADXN,Addex Therapeutics Ltd American Depositary Shares,$4.57,-1.13,-19.825%,"5,784,907"
HCAI,"Huachen AI Parking Management Technology Holding Co., Ltd. Class A Ordinary Shares",$4.96,0.31,6.667%,"5,769,849"
ISPC,iSpecimen Inc. Common Stock,$2.27,-0.11,-4.622%,"5,717,199"
LESL,"Leslie's, Inc. Common Stock",$0.6097,-0.043,-6.588%,"5,710,130"
CVKD,"Cadrenal Therapeutics, Inc. Common Stock",$1.59,-0.05,-3.049%,"5,672,471"
POLA,"Polar Power, Inc. Common Stock",$1.47,-0.12,-7.547%,"5,661,975"
YCBD,"cbdMD, Inc. Common Stock",$0.505,0.015,3.061%,"5,658,548"
JTAI,Jet.AI Inc. Common Stock,$1.59,-0.09,-5.357%,"5,656,458"
TGL,Treasure Global Inc. Common Stock,$2.88,-0.04,-1.37%,"5,629,916"
BRTX,"BioRestorative Therapies, Inc. Common Stock (NV)",$0.2206,0.0073,3.422%,"5,620,484"
RITR,Reitar Logtech Holdings Limited Ordinary shares,$0.09,0.0137,17.955%,"5,619,938"
VVOS,"Vivos Therapeutics, Inc. Common Stock",$0.2791,0.0034,1.233%,"5,614,940"
VEEE,Twin Vee PowerCats Co. Common Stock,$9.76,-0.47,-4.594%,"5,607,140"
WOK,WORK Medical Technology Group LTD Class A Ordinary Shares,$2.30,0.15,6.977%,"5,560,429"
DRMA,"Dermata Therapeutics, Inc. Common Stock",$1.38,-0.09,-6.122%,"5,550,557"
WLDS,Wearable Devices Ltd. Ordinary Share,$2.53,0.08,3.265%,"5,539,357"
CDTG,CDT Environmental Technology Investment Holdings Limited ordinary shares,$1.83,-1.18,-39.203%,"5,528,430"
CWD,CaliberCos Inc. Class A Common Stock,$0.5322,0.0091,1.74%,"5,526,712"
TANH,Tantech Holdings Ltd. Class A Common Shares,$0.383,-0.0019,-0.494%,"5,525,596"
DSS,"DSS, Inc. Common Stock",$0.55,0.014,2.612%,"5,523,385"
PMCB,"PharmaCyte  Biotech, Inc. Common Stock",$0.5143,-0.0181,-3.40%,"5,521,344"
WXM,WF International Limited Ordinary Shares,$4.89,0.39,8.667%,"5,510,419"
PULM,"Pulmatrix, Inc. Common Stock",$1.50,-0.02,-1.316%,"5,478,428"
DBGI,"Digital Brands Group, Inc. Common Stock",$9.50,-2.35,-19.831%,"5,462,500"
INTJ,Intelligent Group Limited Class A Ordinary Shares ,$3.52,0.02,0.571%,"5,411,993"
CNEY,CN Energy Group Inc. Class A Ordinary Shares,$0.659,0.055,9.106%,"5,405,979"
SCKT,"Socket Mobile, Inc. Common Stock",$0.6516,-0.0236,-3.495%,"5,402,859"
INLF,INLIF LIMITED Class A Ordinary Shares,$4.95,0.22,4.651%,"5,396,975"
MASK,3 E Network Technology Group Ltd Class A Ordinary Shares,$1.49,-0.11,-6.875%,"5,392,437"
MITQ,"Moving iMage Technologies, Inc. Common Stock",$0.54,0.01,1.887%,"5,368,179"
FBGL,FBS Global Limited Ordinary Shares,$0.4005,0.0105,2.692%,"5,356,002"
TWAV,"TaoWeave, Inc. Common Stock",$1.38,UNCH,--,"5,350,562"
RIME,"Algorhythm Holdings, Inc. Common Stock",$0.312,0.012,4.00%,"5,300,922"
MSGY,Masonglory Limited Class A Ordinary Shares ,$2.50,-0.14,-5.303%,"5,299,063"
BCAB,"BioAtla, Inc. Common Stock",$3.18,-0.09,-2.752%,"5,298,198"
CHNR,"China Natural Resources, Inc. Common Stock",$4.27,0.1379,3.337%,"5,265,854"
INM,InMed Pharmaceuticals Inc. Common Shares,$1.58,-0.01,-0.629%,"5,236,220"
RENX,RenX Enterprises Corp. Common Stock,$1.97,UNCH,--,"5,213,032"
FMSTW,Foremost Clean Energy Ltd. Warrant,$0.30,0.006,2.041%,"5,205,643"
ITOC,iTonic Holdings Ltd Class A Ordinary Shares,$0.3053,-0.0026,-0.844%,"5,205,365"
LABT,Lakewood-Amedex Biotherapeutics Inc. Common Stock,$2.19,-0.05,-2.232%,"5,189,617"
SONM,"DNA X, Inc. Common Stock",$3.44,0.06,1.775%,"5,119,642"
AMIX,"Autonomix Medical, Inc. Common Stock",$5.27,-0.64,-10.829%,"5,117,397"
CNET,ZW Data Action Technologies Inc. Common Stock,$1.39,-0.07,-4.795%,"5,099,116"
AGMH,AGM Group Holdings Inc. Class A Ordinary Shares,$1.06,0.02,1.923%,"5,084,158"
POAS,Phaos Technology Holdings (Cayman) Limited Class A Ordinary Shares,$0.1604,-0.0035,-2.135%,"5,064,149"
HYFM,"Hydrofarm Holdings Group, Inc. Common Stock",$1.05,-0.05,-4.545%,"5,060,289"
MLEC,Moolec Science SA Ordinary Shares,$6.96,0.01,0.144%,"5,053,781"
XELB,"Xcel Brands, Inc. Common Stock",$0.767,0.071,10.201%,"5,031,730"
CYAB,"Cyabra, Inc. Common Stock",$0.2853,0.0053,1.893%,"5,020,444"
CRE,Cre8 Enterprise Limited Class A Ordinary Shares,$2.48,-0.10,-3.876%,"4,994,683"
MTR,Mesa Royalty Trust Common Stock,$2.68,-0.02,-0.741%,"4,994,421"
APVO,Aptevo Therapeutics Inc. Common Stock,$2.76,0.03,1.099%,"4,973,437"
NTCL,NETCLASS TECHNOLOGY INC Class A Ordinary Shares,$2.33,-0.20,-7.905%,"4,960,239"
XAIR,"Beyond Air, Inc. Common Stock",$5.16,-0.05,-0.96%,"4,941,376"
ELAB,PMGC Holdings Inc. Common Stock,$0.61,0.0497,8.87%,"4,938,434"
CTNT,Cheetah Net Supply Chain Service Inc Class A Common Stock,$1.56,-0.01,-0.637%,"4,928,650"
BMRA,"Biomerica, Inc. Common Stock",$1.585,0.065,4.276%,"4,898,076"
STFS,Star Fashion Culture Holdings Limited Class A Ordinary Shares,$4.08,-0.03,-0.73%,"4,870,606"
NTRBW,Nutriband Inc. Warrant,$0.3998,0.0498,14.229%,"4,859,962"
SNTG,Sentage Holdings Inc. Class A Ordinary Shares,$1.72,-0.02,-1.149%,"4,825,159"
GCDT,Green Circle Decarbonize Technology Limited Class A Ordinary Shares,$0.3856,-0.0209,-5.141%,"4,820,000"
TOPP,Toppoint Holdings Inc. Common Stock,$0.1937,-0.0216,-10.033%,"4,784,390"
FMFC,Kandal M Venture Limited Class A Ordinary Shares,$0.2243,0.0004,0.179%,"4,777,590"
GLMD,Galmed Pharmaceuticals Ltd. Ordinary Shares,$4.56,-0.21,-4.403%,"4,749,536"
TRNR,Interactive Strength Inc. Common Stock,$2.92,-0.09,-2.99%,"4,729,530"
LCFY,Locafy Limited Ordinary Share,$2.58,UNCH,--,"4,720,629"
TNON,"Tenon Medical, Inc. Common Stock",$7.07,-4.34,-38.037%,"4,716,022"
DUKRW,DUKE Robotics Corp. Warrant,$1.37,-0.13,-8.667%,"4,693,590"
CSAI,"Cloudastructure, Inc. Class A Common Stock",$5.37,0.11,2.091%,"4,658,325"
BGLC,BioNexus Gene Lab Corp Common stock,$1.5865,0.0165,1.051%,"4,653,906"
CETX,Cemtrex Inc. Common Stock,$2.67,-0.13,-4.643%,"4,595,446"
VMAR,Vision Marine Technologies Inc. Common Shares,$0.7035,0.0355,5.314%,"4,594,179"
EEIQ,EpicQuest Education Group International Limited Common Stock,$2.79,0.02,0.722%,"4,594,078"
TMCWW,TMC the metals company Inc. Warrants,$0.0104,-0.0005,-4.587%,"4,587,809"
PFSA,"Profusa, Inc. Common Stock",$7.57,-6.00,-44.215%,"4,585,346"
DXST,Decent Holding Inc Class A Ordinary Shares,$2.52,-0.05,-1.946%,"4,574,060"
TCRT,"Alaunos Therapeutics, Inc. Common Stock",$1.80,-0.08,-4.255%,"4,572,864"
PAVS,Paranovus Entertainment Technology Ltd. Class A Ordinary Shares,$5.25,-0.23,-4.197%,"4,565,600"
DFSC,DEFSEC Technologies Inc. Common Stock,$1.69,-0.21,-11.053%,"4,506,608"
KWM,"K Wave Media, Ltd. Ordinary Shares",$1.72,0.08,4.878%,"4,501,498"
STKH,Steakholder Foods Ltd. American Depositary Shares,$4.04,0.54,15.429%,"4,499,061"
SBFM,Sunshine Biopharma Inc. Common Stock,$1.16,-0.01,-0.855%,"4,497,711"
GVH,Globavend Holdings Limited Ordinary Shares,$1.04,0.04,4.00%,"4,476,343"
CPOP,"Pop Culture Group Co., Ltd Class A Ordinary Shares",$0.359,-0.0021,-0.582%,"4,465,495"
FEED,"ENvue Medical, Inc. Common Stock",$0.4018,-0.0218,-5.146%,"4,453,798"
BKYI,"BIO-key International, Inc. Common Stock",$3.10,0.08,2.649%,"4,452,666"
MEDS,"DataMeds AI, Inc. Common Stock",$1.45,0.02,1.399%,"4,439,783"
GOVX,"GeoVax Labs, Inc. Common Stock",$0.602,0.0073,1.228%,"4,436,284"
TOPS,"TOP Ships, Inc. Common Stock",$0.7941,-0.0231,-2.827%,"4,400,640"
SURG,"SurgePays, Inc. Common Stock",$0.175,-0.0701,-28.601%,"4,396,332"
SILO,"Silo Pharma, Inc. Common Stock",$2.74,-0.12,-4.196%,"4,351,805"
MBIO,"Mustang Bio, Inc. Common Stock",$0.5729,-0.0011,-0.192%,"4,341,153"
KIDZ,KIDZ AI Inc. Class B Common Stock,$5.04,0.26,5.439%,"4,337,515"
AIIOW,Robo.ai Inc. Warrant,$0.0256,-0.0012,-4.478%,"4,328,070"
EJH,E-Home Household Service Holdings Limited Ordinary Shares,$1.35,-0.23,-14.557%,"4,320,208"
JAGX,"Jaguar Health, Inc. Common Stock",$0.8735,-0.0508,-5.496%,"4,289,236"
FLDDW,"Fold Holdings, Inc. Warrant",$0.0776,0.0013,1.704%,"4,273,990"
REVB,"Revelation Biosciences, Inc. Common Stock",$1.07,-0.04,-3.604%,"4,262,255"
HIHO,Highway Holdings Limited Common Stock,$0.9138,0.0138,1.533%,"4,227,857"
VWAVW,"VisionWave Holdings, Inc. Warrant",$0.1531,-0.0069,-4.313%,"4,222,815"
CISS,C3is Inc. Common Stock,$2.93,-0.16,-5.178%,"4,219,200"
ATXG,Addentax Group Corp. Common Stock,$3.58,-0.19,-5.04%,"4,217,147"
NCRA,"Nocera, Inc. Common Stock",$1.97,-0.06,-2.956%,"4,208,895"
BJDX,"Bluejay Diagnostics, Inc. Common Stock",$0.9393,-0.0208,-2.166%,"4,196,840"
IVDA,"Iveda Solutions, Inc. Common Stock",$0.335,-0.0311,-8.495%,"4,193,874"
EXYNW,"Exyn Technologies, Inc. Warrant",$0.5201,-0.1399,-21.197%,"4,136,853"
WBUY,WEBUY GLOBAL LTD. Class A Ordinary Shares,$0.7524,-0.0077,-1.013%,"4,123,983"
VIVS,"VivoSim Labs, Inc. Common Stock",$0.2775,0.0002,0.072%,"4,121,045"
MGN,Megan Holdings Limited Class A Ordinary Shares,$0.111,0.01,9.901%,"4,107,000"
NUWE,"Nuwellis, Inc. Common Stock",$1.12,-0.05,-4.274%,"4,084,936"
CHSN,Chanson International Holding Class A Ordinary Shares,$1.10,-0.07,-5.983%,"4,080,766"
EHGO,Eshallgo Inc. Class A Ordinary Shares,$1.42,0.21,17.355%,"4,063,439"
KTWOR,K2 Capital Acquisition Corporation Rights,$0.2025,UNCH,--,"4,058,335"
GBR,"New Concept Energy, Inc Common Stock",$0.78,0.0112,1.457%,"4,002,909"
EZRA,"Reliance Global Group, Inc. Common Stock",$2.495,0.095,3.958%,"3,996,416"
BOXL,Boxlight Corporation Class A Common Stock,$5.97,0.76,14.587%,"3,984,336"
JUNS,"Jupiter Neurosciences, Inc. Common Stock",$5.17,0.37,7.708%,"3,981,319"
AMZE,"Amaze Holdings, Inc. Common Stock",$0.191,-0.0183,-8.743%,"3,977,416"
SXTP,"60 Degrees Pharmaceuticals, Inc. Common Stock",$1.13,UNCH,--,"3,974,196"
ASPSW,Altisource Portfolio Solutions S.A. Net Settle Stakeholder Warrants,$0.3455,-0.0043,-1.229%,"3,945,681"
LIMNW,"Liminatus Pharma, Inc. Warrants",$0.0583,0.0112,23.779%,"3,915,449"
CAPS,Capstone Holding Corp. Common Stock,$0.19,-0.0023,-1.196%,"3,909,925"
HTCR,"Heartcore Enterprises, Inc. Common Stock",$2.57,-0.01,-0.388%,"3,894,393"
HCWB,HCW Biologics Inc. Common Stock,$2.12,-0.18,-7.826%,"3,893,007"
ABTS,Abits Group Inc Ordinary Shares,$1.21,-0.08,-6.202%,"3,889,478"
RBNE,Robin Energy Ltd. Common Stock,$2.91,-0.065,-2.185%,"3,876,984"
PPCB,"Propanc Biopharma, Inc. Common Stock",$1.10,-0.04,-3.509%,"3,854,528"
ICON,Icon Energy Corp. Common stock,$1.02,-0.0099,-0.961%,"3,834,500"
SHPH,"Shuttle Pharmaceuticals Holdings, Inc. Common Stock",$3.71,-0.05,-1.33%,"3,810,964"
RDHL,Redhill Biopharma Ltd. American Depositary Shares,$0.625,-0.003,-0.478%,"3,800,575"
SPRC,SciSparc Ltd. Ordinary Shares,$6.625,-0.235,-3.426%,"3,797,735"
NXGL,"NexGel, Inc Common Stock",$0.3873,-0.0166,-4.11%,"3,775,270"
CHR,"Cheer Holding, Inc. Class A Ordinary Share",$1.83,0.04,2.235%,"3,773,612"
SSM,Sono Group N.V. Ordinary Shares,$2.64,0.05,1.931%,"3,761,562"
PHGE,BiomX Inc. COmmon Stock,$0.1397,0.003,2.195%,"3,710,377"
XRTX,XORTX Therapeutics Inc. Common Shares,$2.02,0.02,1.00%,"3,669,461"
GRI,"GRI Bio, Inc. Common Stock",$1.67,-0.06,-3.468%,"3,650,812"
GCTK,"GlucoTrack, Inc. Common Stock",$0.3416,-0.0072,-2.064%,"3,613,726"
LGCL,Lucas GC Limited Ordinary Shares,$0.083,-0.0452,-35.257%,"3,551,604"
ARBEW,Arbe Robotics Ltd. Warrant,$0.0277,-0.0037,-11.783%,"3,529,092"
NIVF,NewGenIvf Group Limited Class A Ordinary Shares,$0.5567,-0.0071,-1.259%,"3,511,591"
CHGA,Change Agents Corporation Common Stock,$0.1751,-0.0051,-2.83%,"3,492,685"
XPON,Expion360 Inc. Common Stock,$3.61,-0.14,-3.733%,"3,474,029"
CLDI,"Calidi Biotherapeutics, Inc. Common Stock",$1.34,-0.04,-2.899%,"3,462,807"
WALDW,Waldencast plc Warrant ,$0.0267,-0.0018,-6.316%,"3,433,644"
FRSX,Foresight Autonomous Holdings Ltd. American Depositary Shares,$1.15,-0.02,-1.709%,"3,427,359"
OCG,Oriental Culture Holding LTD Ordinary Shares,$1.76,0.05,2.924%,"3,411,429"
CRIS,"Curis, Inc. Common Stock",$1.61,-0.11,-6.395%,"3,365,024"
CIIT,"Tianci International, Inc. Common Stock",$3.40,-0.10,-2.857%,"3,289,129"
ARTL,"Artelo Biosciences, Inc. Common Stock",$0.7124,-0.0076,-1.056%,"3,273,526"
RUBI,Rubico Inc. Common Stock,$1.82,0.06,3.409%,"3,260,359"
ELPW,Elong Power Holding Limited Class A Ordinary Shares,$4.15,-0.05,-1.19%,"3,247,562"
VSME,VS Media Holdings Limited Class A Ordinary Shares,$1.18,0.02,1.724%,"3,245,925"
BIAF,"bioAffinity Technologies, Inc. Common Stock",$0.4001,-0.0089,-2.176%,"3,241,500"
GNPX,"Genprex, Inc. Common Stock",$3.95,-0.04,-1.003%,"3,237,851"
FAMI,"Farmmi, Inc. Class A Ordinary Shares",$0.1011,-0.0018,-1.749%,"3,237,119"
LXEH,"Lixiang Education Holding Co., Ltd. American Depositary Shares",$1.6301,0.0101,0.623%,"3,124,359"
SGLY,Singularity Future Technology Ltd. Common Stock,$3.44,0.46,15.436%,"3,085,394"
GSUN,Golden Sun Technology Group Limited Class A Ordinary Shares,$0.3042,-0.0408,-11.826%,"3,050,782"
PRFX,PRF Technologies Ltd. Ordinary Shares,$1.00,-0.01,-0.99%,"3,041,830"
ESLAW,"Estrella Immunopharma, Inc. Warrant",$0.0697,-0.0001,-0.143%,"3,031,801"
VTAK,"Catheter Precision, Inc. Common Stock",$0.2104,-0.0029,-1.36%,"3,028,065"
BTOG,Bit Origin Limited Class A Ordinary Shares,$0.7251,-0.1366,-15.852%,"3,017,111"
SOBR,"SOBR Safe, Inc. Common Stock",$0.554,0.0147,2.726%,"2,984,514"
ITP,"IT Tech Packaging, Inc. Common Stock",$0.1758,-0.0001,-0.057%,"2,982,521"
OLOX,Olenox Industries Inc. Common Stock,$2.10,-0.31,-12.863%,"2,969,192"
EDBL,Edible Garden AG Incorporated Common Stock,$1.52,-0.01,-0.654%,"2,966,294"
RDGT,"Ridgetech, Inc. Ordinary Shares",$0.8057,-0.0056,-0.69%,"2,924,320"
RMCOW,Royalty Management Holding Corporation Warrant,$0.191,UNCH,--,"2,897,987"
SMTK,"SmartKem, Inc. Common Stock",$0.1025,0.0153,17.546%,"2,897,033"
IPDN,"Professional Diversity Network, Inc. Common Stock",$0.2004,-0.0076,-3.654%,"2,895,845"
WCT,Wellchange Holdings Company Limited Class A Ordinary shares,$0.9409,0.0309,3.396%,"2,884,167"
IVF,"INVO Fertility, Inc. Common Stock",$1.15,0.02,1.77%,"2,883,014"
MKZR,"MacKenzie Realty Capital, Inc. Common Stock",$1.46,-0.05,-3.311%,"2,870,944"
PW,Power REIT (MD) Common Stock,$7.80,-0.08,-1.015%,"2,863,536"
GWAV,"Greenwave Technology Solutions, Inc. Common Stock",$3.45,-0.02,-0.576%,"2,862,227"
IZM,ICZOOM Group Inc. Class A Ordinary Shares,$0.236,0.0061,2.653%,"2,836,274"
XXII,"22nd Century Group, Inc. Common Stock",$3.9285,-0.0515,-1.294%,"2,804,925"
IPW,iPower Inc. Common Stock,$2.98,-0.14,-4.487%,"2,799,636"
GCLWW,GCL Global Holdings Ltd Warrants,$0.0213,0.0007,3.398%,"2,771,885"
FLYE,"Fly-E Group, Inc. Common Stock",$1.69,-0.08,-4.52%,"2,758,732"
VRAX,Virax Biolabs Group Limited Ordinary Shares,$3.45,0.27,8.491%,"2,749,609"
JEM,707 Cayman Holdings Limited Ordinary Shares,$4.09,-0.16,-3.765%,"2,744,181"
BETRW,Better Home & Finance Holding Company Warrant,$0.144,-0.0003,-0.208%,"2,735,795"
SBEV,"Splash Beverage Group, Inc. (NV) Common Stock",$0.425,0.0146,3.558%,"2,725,321"
VBIO,"Valion Bio, Inc. Common Stock",$0.1221,-0.0123,-9.152%,"2,709,367"
MTNB,"Matinas Biopharma Holdings, Inc. Common Stock",$0.1825,-0.0585,-24.274%,"2,681,435"
EZGO,EZGO Technologies Ltd. Ordinary Shares,$1.15,0.04,3.604%,"2,651,784"
ONCO,"Onconetix, Inc. Common Stock",$0.667,-0.044,-6.188%,"2,634,054"
TNMG,TNL Mediagene Ordinary Shares,$0.4153,0.028,7.23%,"2,621,771"
NXTS,Nexentis Technologies Inc. Common Stock,$1.80,-0.11,-5.759%,"2,615,999"
PPBT,Purple Biotech Ltd. American Depositary Shares,$1.58,-0.01,-0.629%,"2,570,450"
SABSW,"SAB Biotherapeutics, Inc. Warrant",$0.028,-0.0008,-2.778%,"2,547,618"
ASPSZ,Altisource Portfolio Solutions S.A. Cash Exercise Stakeholder Warrants,$0.22,0.02,10.00%,"2,512,445"
HUMAW,"Humacyte, Inc. Warrant",$0.009,0.0003,3.448%,"2,500,183"
BNCWZ,CEA Industries Inc. Warrant,$0.0599,UNCH,--,"2,471,705"
ATPC,Agape ATP Corporation Common Stock,$2.47,-0.03,-1.20%,"2,471,546"
OGEN,Oragenics Inc. Common Stock,$0.54,0.0098,1.848%,"2,436,457"
PMAX,Powell Max Limited Class A Ordinary Shares,$1.24,0.01,0.813%,"2,432,837"
BIVIW,BioVie Inc. Warrant,$0.285,0.035,14.00%,"2,408,577"
RAYA,Erayak Power Solution Group Inc. Class A Ordinary Shares,$2.28,-0.07,-2.979%,"2,404,739"
PWCM,"PowerCompute, Inc. Common Stock",$1.34,-0.31,-18.788%,"2,404,141"
GNLN,"Greenlane Holdings, Inc. Class A Common Stock",$3.46,0.47,15.719%,"2,403,122"
COCHW,"Envoy Medical, Inc Warrant",$0.0301,UNCH,--,"2,323,557"
BRNX,BrenX Ltd. Ordinary Shares,$3.20,0.23,7.744%,"2,306,842"
CDT,CDT Equity Inc. Common Stock,$2.90,-0.11,-3.654%,"2,281,343"
SLXN,Silexion Therapeutics Corp Ordinary Shares,$0.399,-0.0142,-3.437%,"2,218,542"
VIVK,"Vivakor, Inc. Common Stock",$1.09,-0.08,-6.838%,"2,214,567"
VCIG,VCI Global Limited Ordinary Share,$0.236,-0.0101,-4.104%,"2,191,239"
VEEAW,Veea Inc. Warrant,$0.0352,UNCH,--,"2,189,938"
SQFT,"Presidio Property Trust, Inc. Class A Common Stock",$1.52,0.06,4.11%,"2,180,337"
PGYWW,Pagaya Technologies Ltd. Warrants,$0.026,-0.0035,-11.864%,"2,169,072"
DCOY,Decoy Therapeutics Inc. Common Stock,$3.28,-0.13,-3.812%,"2,149,007"
AKAN,Akanda Corp. Common Shares,$3.90,-0.16,-3.941%,"2,109,280"
SHFS,"SHF Holdings, Inc. Class A Common Stock",$0.17,UNCH,--,"2,096,602"
CRGOW,Freightos Limited Warrants,$0.0405,-0.0014,-3.341%,"2,093,182"
MNDR,Mobile-health Network Solutions Class A Ordinary Shares,$1.74,0.08,4.819%,"2,078,494"
BFRGW,"Bullfrog AI Holdings, Inc. Warrants",$0.11,-0.0065,-5.579%,"2,039,582"
DRCT,"Direct Digital Holdings, Inc. Class A Common Stock",$2.53,-0.09,-3.435%,"2,030,899"
SDSTW,Stardust Power Inc. Warrant,$0.1396,UNCH,--,"1,961,295"
AEMD,"Aethlon Medical, Inc. Common Stock",$2.70,-0.08,-2.878%,"1,920,067"
NRSNW,NeuroSense Therapeutics Ltd. Warrant,$0.05,UNCH,--,"1,888,305"
FUSEW,Fusemachines Inc. Warrants,$0.065,UNCH,--,"1,884,045"
ONMDW,OneMedNet Corp Warrant,$0.0316,-0.0033,-9.456%,"1,873,452"
LBGJ,Li Bang International Corporation Class A Ordinary Shares,$3.12,-0.03,-0.952%,"1,868,849"
TRUG,"TruGolf Holdings, Inc. Class A Common Stock",$0.96,UNCH,--,"1,846,759"
NCPL,Netcapital Inc. Common Stock,$0.2335,0.0042,1.832%,"1,832,484"
YHC,LQR House Inc. Common Stock,$1.87,0.07,3.889%,"1,830,421"
CMND,Clearmind Medicine Inc. Common Shares,$1.73,-0.18,-9.424%,"1,762,927"
MYSZ,"My Size, Inc. Common Stock",$2.42,-0.04,-1.626%,"1,762,926"
SXTC,"China SXT Pharmaceuticals, Inc. Class A Ordinary Shares",$3.63,-0.91,-20.044%,"1,734,145"
SNYR,Synergy CHC Corp. Common Stock,$0.1163,0.0093,8.692%,"1,732,856"
IMTE,Integrated Media Technology Limited Ordinary Shares,$0.4955,-0.0022,-0.442%,"1,707,708"
MNYWW,MoneyHero Limited Warrants,$0.0383,-0.0016,-4.01%,"1,701,792"
BDMDW,Baird Medical Investment Holdings Ltd Warrant,$0.04,-0.0039,-8.884%,"1,688,351"
MI,NFT Limited Class A Ordinary Share,$7.23,0.35,5.087%,"1,671,063"
BBLG,Bone Biologics Corp Common Stock,$0.605,-0.0352,-5.498%,"1,667,414"
DXF,"Eason Technology Limited American Depositary Shares (each representing sixty-thousand (60,000) Ordinary Shares)",$0.507,0.0051,1.016%,"1,640,630"
BGLWW,Blue Gold Limited Warrant,$0.0391,0.0101,34.828%,"1,596,757"
IBG,Innovation Beverage Group Limited Ordinary Shares,$0.8626,-0.0459,-5.052%,"1,566,379"
AIXI,XIAO-I Corporation American Depositary Shares,$0.5601,-0.1499,-21.113%,"1,533,143"
LNKS,Linkers Industries Limited Class A Ordinary Shares,$0.9294,-0.009,-0.959%,"1,493,186"
SCAGW,Scage Future Warrants,$0.0203,-0.0055,-21.318%,"1,473,976"
SCNI,Scinai Immunotherapeutics Ltd. American Depositary Shares,$0.294,0.02,7.299%,"1,473,957"
UK,Ucommune International Ltd Class A Ordinary Shares,$2.14,-0.06,-2.727%,"1,450,815"
FCHL,Fitness Champs Holdings Limited Common Stock,$1.09,-0.01,-0.909%,"1,437,429"
NEXR,Nexera Technologies Ltd Ordinary Shares,$2.56,-0.10,-3.759%,"1,427,108"
MOBXW,"Mobix Labs, Inc Warrants",$0.082,-0.0074,-8.277%,"1,391,940"
MSS,Maison Solutions Inc. Class A Common Stock,$1.59,-0.27,-14.516%,"1,359,989"
HAO,Haoxi Health Technology Limited Class A Ordinary Shares,$3.69,-0.15,-3.906%,"1,351,005"
ONFO,Onfolio Holdings Inc. Common Stock,$1.57,-0.80,-33.755%,"1,334,500"
BZFDW,"BuzzFeed, Inc. Warrant",$0.0156,-0.0002,-1.266%,"1,300,022"
HOLOW,MicroCloud Hologram Inc. Warrant,$0.0524,-0.002,-3.676%,"1,200,608"
LRHC,La Rosa Holdings Corp. Common Stock,$0.5636,-0.019,-3.261%,"1,188,225"
VGASW,"Verde Clean Fuels, Inc. Warrant",$0.0257,-0.0042,-14.047%,"1,144,925"
SKYAW,"SkyAI, Inc. Warrant",$0.0259,-0.0026,-9.123%,"1,120,110"
BRLSW,Borealis Foods Inc. Warrant,$0.0519,0.0159,44.167%,"1,113,946"
RKDA,"Arcadia Biosciences, Inc. Common Stock",$0.4622,0.0202,4.57%,"1,113,537"
OSRHW,"OSR Health, Inc. Warrant",$0.0316,-0.0166,-34.44%,"1,109,751"
ZEOWW,Zeo Energy Corporation Warrants,$0.0187,0.0007,3.889%,"1,099,251"
ASTLW,Algoma Steel Group Inc. Warrant,$0.01,-0.0029,-22.481%,"1,053,886"
GMEX,GMEX ROBOTICS CORPORATION Class A Ordinary Shares,$1.06,-0.07,-6.195%,"958,707"
ILLRW,Triller Group Inc. Warrant,$0.046,0.0055,13.58%,"942,420"
BDRX,Biodexa Pharmaceuticals plc American Depositary Shs,$1.26,UNCH,--,"940,104"
FRGT,"Freight Technologies, Inc. Ordinary Shares",$1.64,-0.12,-6.818%,"938,285"
BNAIW,Brand Engagement Network Inc. Warrant,$0.1225,UNCH,--,"917,286"
BCTXZ,BriaCell Therapeutics Corp. Warrant expiring 2030,$0.1024,-0.0118,-10.333%,"890,858"
WHLR,"Wheeler Real Estate Investment Trust, Inc. Common Stock",$0.3617,-0.0105,-2.821%,"880,705"
CYCUW,"Cycurion, Inc. Warrant",$0.033,0.0029,9.635%,"852,731"
BEATW,"Heartbeam, Inc. Warrant",$0.015,UNCH,--,"845,238"
BIAFW,"bioAffinity Technologies, Inc. Warrant",$0.1043,-0.0202,-16.225%,"845,010"
ABLVW,Able View Global Inc. Warrant,$0.016,-0.0006,-3.614%,"790,239"
MRNOW,Murano Global Investments PLC Warrants,$0.0099,UNCH,--,"784,504"
MTEKW,Maris-Tech Ltd. Warrants,$0.0801,-0.0365,-31.304%,"776,860"
AIMDW,"Ainos, Inc. Warrants",$0.0832,-0.0141,-14.491%,"710,867"
IMCC,IM Cannabis Corp. Common Shares,$0.1141,0.0081,7.642%,"710,081"
HPAIW,Helport AI Limited Warrants,$0.0181,0.0001,0.556%,"681,409"
OXBRW,Oxbridge Re Holdings Limited Warrant expiring 3/26/2029,$0.0805,UNCH,--,"655,155"
JZXN,"Jiuzi Holdings, Inc. Ordinary Shares",$1.27,-0.07,-5.224%,"651,201"
RMSGW,Real Messenger Corporation Warrants,$0.04,UNCH,--,"646,747"
GFAIW,"Guardforce AI Co., Limited Warrant",$0.02,UNCH,--,"627,867"
BNCWW,CEA Industries Inc. Warrant,$0.0149,-0.0051,-25.50%,"614,831"
LGHL,Lion Group Holding Ltd. American Depositary Share,$0.6481,-0.0529,-7.546%,"598,117"
BIOTW,Instinct Bio Technical Company Holdings Inc. Warrants,$0.019,0.0023,13.772%,"546,323"
GIPR,Generation Income Properties Inc. Common Stock,$0.2919,-0.0122,-4.012%,"543,314"
XBPEW,"XBP Europe Holdings, Inc. Warrant",$0.045,0.0049,12.219%,"534,660"
ZNB,Zeta Network Group Class A Ordinary Shares,$1.98,-0.26,-11.607%,"518,922"
DAIC,"CID HoldCo, Inc. Common Stock",$0.424,0.004,0.952%,"513,202"
COOTW,Australian Oilseeds Holdings Limited Warrant,$0.0177,0.0025,16.447%,"493,804"
DFLIW,Dragonfly Energy Holdings Corp. Warrant,$0.0316,0.0025,8.591%,"473,330"
FOXXW,Foxx Development Holdings Inc. Warrant,$0.0623,-0.0077,-11.00%,"438,666"
BFRIW,Biofrontera Inc. Warrants,$0.0293,-0.0001,-0.34%,"435,174"
JSPRW,"Japer Therapeutics, Inc. Warrants",$0.0121,-0.0002,-1.626%,"402,622"
PDYNW,Palladyne AI Corp Warrants,$0.0075,-0.0021,-21.875%,"370,039"
LUCYW,"Innovative Eyewear, Inc. Series A Warrants 8/16/27",$0.0409,UNCH,--,"352,116"
FGL,Founder Group Limited Class A Ordinary Shares,$0.2903,-0.0785,-21.285%,"332,585"
TVGNW,Tevogen Inc. Warrant,$0.05,0.0005,1.01%,"325,577"
NVNIW,Nvni Group Limited Warrants,$0.0275,0.0024,9.562%,"321,534"
HUBCW,Hub Cyber Security Ltd. Warrant 2/27/28,$0.0094,-0.0024,-20.339%,"314,206"
IVDAW,"Iveda Solutions, Inc. Warrant",$0.0246,-0.0051,-17.172%,"307,968"
HUBCZ,Hub Cyber Security Ltd. Warrant ,$0.0082,-0.0018,-18.00%,"274,095"
RCKTW,"Rocket Pharmaceuticals, Inc. Warrant",$0.0022,0.0007,46.667%,"241,504"
NXGLW,"NexGel, Inc Warrant",$0.0236,UNCH,--,"230,045"
LNZAW,"LanzaTech Global, Inc. Warrant",$0.0157,-0.0018,-10.286%,"205,500"
SBFMW,Sunshine Biopharma Inc. Warrant,$0.0499,0.0189,60.968%,"193,479"
NCPLW,Netcapital Inc. Warrants,$0.0246,UNCH,--,"193,058"
SHFSW,"SHF Holdings, Inc. Warrants",$0.0154,-0.0015,-8.876%,"189,928"
BTBDW,"BT Brands, Inc. Warrant",$0.03,-0.0185,-38.144%,"185,542"
RNWWW,ReNew Energy Global plc Warrant,$0.0005,-0.0012,-70.588%,"182,201"
ZOOZW,ZOOZ Strategy Ltd. Warrant,$0.022,UNCH,--,"178,225"
PRENW,Prenetics Global Limited Warrant,$0.0103,-0.002,-16.26%,"172,827"
CINGW,Cingulate Inc. Warrants,$0.0118,0.0025,26.882%,"171,594"
HSCSW,HeartSciences Inc. Warrant,$0.042,0.0014,3.448%,"163,779"
FGIWW,FGI Industries Ltd. Warrant,$0.084,-0.016,-16.00%,"162,227"
BENFW,Beneficient Warrant,$0.0097,0.0005,5.435%,"149,921"
DFNSW,T3 Defense Inc. Warrants,$0.0807,-0.0032,-3.814%,"134,269"
ARQQW,Arqit Quantum Inc. Warrants,$0.0053,-0.0048,-47.525%,"127,680"
PBMWW,Psyence Biomedical Ltd. Warrant,$0.03,-0.001,-3.226%,"114,430"
AMODW,"Alpha Modus Holdings, Inc. Warrant",$0.0225,-0.0052,-18.773%,"111,753"
NIVFW,NewGenIvf Group Limited Warrants,$0.0175,UNCH,--,"110,388"
AERTW,"Aeries Technology, Inc. Warrant",$0.02,0.0002,1.01%,"104,957"
PIIIW,P3 Health Partners Inc. Warrant,$0.0131,-0.0015,-10.274%,"95,119"
KITTW,"Nauticus Robotics, Inc. Warrant",$0.0121,-0.0012,-9.023%,"90,411"
EUDAW,EUDA Health Holdings Limited Warrant,$0.0299,0.0034,12.83%,"89,530"
ACONW,"Aclarion, Inc. Warrant",$0.03,UNCH,--,"86,471"
ICUCW,SeaStar Medical Holding Corporation Warrant,$0.0195,-0.0015,-7.143%,"85,933"
ERNAW,Ernexa Therapeutics Inc. Warrants,$0.0521,0.002,3.992%,"85,049"
CXAIW,CXApp Inc. Warrant,$0.0363,0.0002,0.554%,"84,848"
GGROW,Gogoro Inc. Warrant,$0.0057,UNCH,--,"84,209"
SLXNW,Silexion Therapeutics Corp Warrant,$0.015,-0.0034,-18.478%,"83,404"
DSYWW,Big Tree Cloud Holdings Limited Warrants,$0.0169,-0.0014,-7.65%,"80,307"
EDBLW,Edible Garden AG Incorporated Warrant,$0.0397,-0.0017,-4.106%,"77,475"
SWVLW,Swvl Holdings Corp Warrant,$0.0077,UNCH,--,"76,725"
DFSCW,DEFSEC Technologies Inc. Warrant,$0.0252,-0.0132,-34.375%,"67,199"
ANGHW,Anghami Inc. Warrants,$0.0074,UNCH,--,"67,080"
YYAI,AiRWA Inc. Common Stock,$1.19,0.01,0.847%,"62,687"
GIPRW,Generation Income Properties Inc Warrant,$0.0294,UNCH,--,"54,722"
GIBOW,GIBO Holdings Limited Warrants,$0.02,UNCH,--,"52,094"
CDIOW,Cardio Diagnostics Holdings Inc. Warrant,$0.0175,0.0029,19.863%,"51,791"
SAIHW,SAIHEAT Limited Warrant,$0.0271,-0.0127,-31.91%,"49,061"
CCGWW,Cheche Group Inc. Warrant,$0.0175,0.0029,19.863%,"43,845"
MKDWW,MKDWELL Tech Inc. Warrants,$0.01,-0.0002,-1.961%,"41,984"
REVBW,"Revelation Biosciences, Inc. Warrant",$0.0099,0.0008,8.791%,"39,436"
RVSNW,Rail Vision Ltd. Warrant,$0.017,UNCH,--,"37,267"
APLMW,Apollomics Inc. Warrant,$0.0128,-0.003,-18.987%,"37,069"
GDEVW,GDEV Inc. Warrant,$0.002,0.001,100.00%,"36,301"
PARAW,"Banzai International, Inc. Warrant",$0.0095,-0.0035,-26.923%,"33,734"
MSAIW,"MultiSensor AI Holdings, Inc. Warrant",$0.0152,-0.0051,-25.123%,"33,526"
KWMWW,"K Wave Media, Ltd. Warrant",$0.0099,0.0009,10.00%,"25,910"
LTRYW,Sports Entertainment Gaming Global Corporation Warrants,$0.0072,0.0001,1.408%,"23,468"
ASBPW,"Aspire Biopharma Holdings, Inc. Warrant",$0.0158,-0.0052,-24.762%,"22,160"
SMXWW,SMX (Security Matters) Public Limited Company Warrant,$0.0189,0.0009,5.00%,"20,575"
SQFTW,"Presidio Property Trust, Inc. Series A Common Stock Purchase Warrants",$0.0135,-0.0005,-3.571%,"19,365"
ONFOW,Onfolio Holdings Inc. Warrant,$0.0161,0.002,14.184%,"13,685"
MLECW,Moolec Science SA Warrant,$0.016,UNCH,--,"11,618"
KIDZW,KIDZ AI Inc. Warrants,$0.01,0.0021,26.582%,"8,606"
NEXRW,Nexera Technologies Ltd Warrant,$0.0138,-0.0003,-2.128%,"7,693"
CDTTW,CDT Equity Inc. Warrant,$0.0096,-0.0019,-16.522%,"7,552"
TNONW,"Tenon Medical, Inc. Warrant",$0.0107,-0.0113,-51.364%,"7,137"
DAICW,"CID HoldCo, Inc. Warrants",$0.0028,-0.0006,-17.647%,"3,389"
AACI,Armada Acquisition Corp. III Class A Ordinary Share,$10.01,UNCH,--,NA
AACIW,Armada Acquisition Corp. III Warrant,$0.346,UNCH,--,NA
AACO,Abony Acquisition Corp. I Class A Ordinary Share,$9.98,0.01,0.10%,NA
AACP,Apogee Acquisition Corp Class A Ordinary Shares,$10.06,0.03,0.299%,NA
AACPR,Apogee Acquisition Corp Rights,$0.1608,UNCH,--,NA
AACPU,Apogee Acquisition Corp Units,$10.2799,UNCH,--,NA
AACPW,Apogee Acquisition Corp Warrant,$0.0998,UNCH,--,NA
ABR^D,"Arbor Realty Trust 6.375% Series D Cumulative Redeemable Preferred Stock, Liquidation Preference $25.00 per Share",$15.83,0.07,0.444%,NA
ABR^E,Arbor Realty Trust 6.25% Series E Cumulative Redeemable Preferred Stock,$15.51,-0.02,-0.129%,NA
ABR^F,"Arbor Realty Trust 6.25% Series F Fixed-to-Floating Rate Cumulative Redeemable Preferred Stock, Liquidation Preference $25.00 per share",$22.34,0.14,0.631%,NA
ACAA,Averin Capital Acquisition Corp. Class A Ordinary Shares,$9.99,UNCH,--,NA
ACAAU,Averin Capital Acquisition Corp. Units,$10.07,UNCH,--,NA
ACAAW,Averin Capital Acquisition Corp. Warrants,$0.675,-0.125,-15.625%,NA
ACGC,ACP Holdings Acquisition Corp. Class A Ordinary Shares,$10.00,UNCH,--,NA
ACGCW,ACP Holdings Acquisition Corp. Warrants,$0.3373,UNCH,--,NA
ACP,abrdn Income Credit Strategies Fund Common Shares,$5.08,-0.11,-2.119%,NA
ACP^A,abrdn Income Credit Strategies Fund 5.250% Series A Perpetual Preferred Stock,$19.355,0.075,0.389%,NA
ACR^C,ACRES Commercial Realty Corp. 8.625% Fixed-to-Floating Series C Cumulative Redeemable Preferred Stock ,$23.77,UNCH,--,NA
ACR^D,ACRES Commercial Realty Corp. 7.875% Series D Cumulative Redeemable Preferred Stock,$20.98,-0.02,-0.095%,NA
ADAC,American Drive Acquisition Company Class A Ordinary Shares,$10.09,UNCH,--,NA
ADACU,American Drive Acquisition Company Units,$10.23,UNCH,--,NA
ADACW,American Drive Acquisition Company Warrant,$0.50,UNCH,--,NA
ADAMG,"Adamas Trust, Inc. 9.125% Senior Notes Due 2030",$25.11,0.055,0.22%,NA
ADAMH,"Adamas Trust, Inc. 9.875% Senior Notes Due 2030",$25.46,-0.01,-0.039%,NA
ADAMK,"Adamas Trust, Inc. 9.600% Senior Notes Due 2031 ",$24.94,-0.01,-0.04%,NA
ADAMO,"Adamas Trust, Inc. 9.250% Senior Notes Due 2031",$25.1128,0.1128,0.451%,NA
ADC^A,"Agree Realty Corporation Depositary Shares, each representing 1/1,000th of a 4.250% Series A Cumulative Redeemable Preferred Stock",$16.92,-0.105,-0.617%,NA
ADX,Adams Diversified Equity Fund Inc.,$25.82,-0.14,-0.539%,NA
AEAQ,Activate Energy Acquisition Corp. Class A Ordinary Share,$10.085,UNCH,--,NA
AEAQW,Activate Energy Acquisition Corp. Warrant,$0.3622,0.0222,6.529%,NA
AEFC,Aegon Funding Company LLC 5.10% Subordinated Notes due 2049,$18.22,-0.18,-0.978%,NA
AESP,Aeon Acquisition I Corp. Class A Ordinary Shares,$9.94,0.01,0.101%,NA
AESPR,Aeon Acquisition I Corp. Rights,$0.1802,-0.0298,-14.19%,NA
AESPU,Aeon Acquisition I Corp. Units,$10.15,UNCH,--,NA
AESPW,Aeon Acquisition I Corp. Warrants,$0.07,0.01,16.667%,NA
AEXA,American Exceptionalism Acquisition Corp. A Class A Ordinary Shares,$11.62,0.12,1.043%,NA
AFB,AllianceBernstein National Municipal Income Fund Inc,$11.00,0.03,0.273%,NA
AFJK,"Aimei Health Technology Co., Ltd Ordinary Share",$12.33,0.15,1.232%,NA
AFJKR,"Aimei Health Technology Co., Ltd Right",$0.15,0.02,15.385%,NA
AFJKU,"Aimei Health Technology Co., Ltd Unit",$11.81,0.10,0.854%,NA
AGD,abrdn Global Dynamic Dividend Fund Common Shares of Beneficial Interest,$12.42,-0.06,-0.481%,NA
AGM^D,"Federal Agricultural Mortgage Corporation 5.700% Non-Cumulative Preferred Stock, Series D",$21.2399,0.0099,0.047%,NA
AGM^E,"Federal Agricultural Mortgage Corporation 5.750% Non-Cumulative Preferred Stock, Series E",$20.66,-0.09,-0.434%,NA
AGM^F,"Federal Agricultural Mortgage Corporation 5.250% Non-Cumulative Preferred Stock, Series F",$18.72,-0.13,-0.69%,NA
AGM^G,"Federal Agricultural Mortgage Corporation 4.875% Non-Cumulative Preferred Stock, Series G",$17.45,-0.11,-0.626%,NA
AGM^H,"Federal Agricultural Mortgage Corporation 6.500% Non-Cumulative Preferred Stock, Series H",$23.45,-0.11,-0.467%,NA
AGM^I,"Federal Agricultural Mortgage Corporation 6.875% Non-Cumulative Preferred Stock, Series I",$24.44,-0.16,-0.65%,NA
AHL^D,Aspen Insurance Holdings Limited 5.625% Perpetual Non-Cumulative Preference Shares,$18.65,-0.13,-0.692%,NA
AHL^E,"Aspen Insurance Holdings Limited Depositary Shares, each representing a 1/1000th interest in a share of 5.625% Perpetual Non-Cumulative Preference Shares",$18.65,0.08,0.431%,NA
AHL^F,"Aspen Insurance Holdings Limited Depositary Shares, each representing a 1/1,000th Interest in a 7.00% Perpetual Non-Cumulative Preference Share",$23.52,0.11,0.47%,NA
AHRT^A,"AH Realty Trust, Inc. 6.75% Series A Cumulative Redeemable Perpetual Preferred Stock",$21.70,-0.03,-0.138%,NA
AHT^D,Ashford Hospitality Trust Inc 8.45% Series D Cumulative Preferred Stock,$7.515,0.115,1.554%,NA
AHT^F,Ashford Hospitality Trust Inc 7.375% Series F Cumulative Preferred Stock,$6.443,-0.5171,-7.429%,NA
AHT^G,Ashford Hospitality Trust Inc 7.375% Series G Cumulative Preferred Stock,$6.45,-0.38,-5.564%,NA
AHT^H,Ashford Hospitality Trust Inc 7.50% Series H Cumulative Preferred Stock,$6.255,-0.445,-6.642%,NA
AHT^I,Ashford Hospitality Trust Inc 7.50% Series I Cumulative Preferred Stock,$6.6969,UNCH,--,NA
AIIA,AI Infrastructure Acquisition Corp. Class A Ordinary Shares,$10.21,UNCH,--,NA
AKO/A,Embotelladora Andina S.A.,$24.1094,UNCH,--,NA
AKO/B,Embotelladora Andina S.A.,$30.75,0.35,1.151%,NA
ALB^A,Albemarle Corporation Depositary Shares each representing a 1/20th of 7.25% Series A Mandatory Convertible Preferred Stock,$54.90,UNCH,--,NA
ALDF,Aldel Financial II Inc. Class A Ordinary Shares,$10.77,0.01,0.093%,NA
ALDFU,Aldel Financial II Inc. Units,$10.82,UNCH,--,NA
ALDFW,Aldel Financial II Inc. Warrants,$0.2611,UNCH,--,NA
ALF,Centurion Acquisition Corp. Class A Ordinary Shares,$10.84,UNCH,--,NA
ALFUW,Centurion Acquisition Corp. Warrant,$0.2999,-0.0001,-0.033%,NA
ALIS,Calisa Acquisition Corp Ordinary shares,$10.21,UNCH,--,NA
ALL^B,Allstate Corporation (The) 5.100% Fixed-to-Floating Rate Subordinated Debentures due 2053,$25.57,-0.015,-0.059%,NA
ALL^H,"Allstate Corporation (The) Depositary Shares each representing a 1/1,000th interest in a share of Fixed Rate Noncumulative Perpetual Preferred Stock, Series H",$18.88,-0.02,-0.106%,NA
ALL^I,"Allstate Corporation (The) Depositary Shares each representing a 1/1,000th interest in a share of Fixed Rate Noncumulative Perpetual Preferred Stock, Series I",$17.68,0.08,0.455%,NA
ALL^J,"Allstate Corporation (The) Depositary Shares each representing a 1/1,000th interest in a share of Fixed Rate Noncumulative Perpetual Preferred Stock, Series J",$25.92,0.01,0.039%,NA
ALOV,"Aldabra 4 Liquidity Opportunity Vehicle, Inc. Class A Ordinary Shares",$10.00,UNCH,--,NA
ALOVW,"Aldabra 4 Liquidity Opportunity Vehicle, Inc. Warrants",$0.368,-0.1289,-25.941%,NA
ALPX,Alpex Acquisition Corporation Class A Ordinary Shares,$9.92,0.02,0.202%,NA
ALPXR,Alpex Acquisition Corporation Rights,$0.16,UNCH,--,NA
ALPXU,Alpex Acquisition Corporation Unit,$10.09,0.01,0.099%,NA
ALPXW,Alpex Acquisition Corporation Warrants,$0.0629,UNCH,--,NA
ALTG^A,Alta Equipment Group Inc. Depositary Shares (each representing 1/1000th in a share of 10% Series A Cumulative Perpetual Preferred Stock),$26.00,UNCH,--,NA
ALUB,Alussa Energy Acquisition Corp. II Class A Ordinary Shares,$10.15,UNCH,--,NA
AMAN,Amanat Acquisition Corp Class A Ordinary Shares,$10.675,-0.04,-0.373%,NA
AMH^G,American Homes 4 Rent Series G cumulative redeemable perpetual preferred shares of beneficial interest,$22.56,0.03,0.133%,NA
AMH^H,American Homes 4 Rent Series H cumulative redeemable perpetual Preferred Shares of Beneficial Interest,$23.61,-0.01,-0.042%,NA
ANG^D,"American National Group Inc. Depositary Shares, each representing a 1/1000th interest in a share of 7.375% Fixed-Rate Non-Cumulative Preferred Stock, Series D",$23.19,-0.1467,-0.629%,NA
AOD,abrdn Total Dynamic Dividend Fund Common Shares of Beneficial Interest,$10.68,0.06,0.565%,NA
AOMD,"Angel Oak Mortgage REIT, Inc. 9.750% Senior Notes due 2030",$25.05,0.015,0.06%,NA
AOMN,"Angel Oak Mortgage REIT, Inc. 9.500% Senior Notes due 2029",$25.1611,-0.0039,-0.015%,NA
APAC,StoneBridge Acquisition II Corporation Class A Ordinary Shares,$10.22,0.01,0.098%,NA
APACR,StoneBridge Acquisition II Corporation Rights,$0.0801,UNCH,--,NA
APACU,StoneBridge Acquisition II Corporation Units,$10.35,UNCH,--,NA
APMC,AmperCap Acquisition Company Ordinary Shares,$9.94,0.02,0.202%,NA
APMCR,AmperCap Acquisition Company Right,$0.10,-0.02,-16.667%,NA
APMCU,AmperCap Acquisition Company Unit,$9.99,UNCH,--,NA
APUR,Aperture AC Class A Ordinary Shares,$9.97,UNCH,--,NA
APURR,Aperture AC Rights,$0.19,UNCH,--,NA
APXT,Apex Treasury Corporation Class A Ordinary Share,$10.115,-0.005,-0.049%,NA
APXTU,Apex Treasury Corporation Units,$10.26,0.04,0.391%,NA
APXTW,Apex Treasury Corporation Warrants,$0.35,-0.02,-5.405%,NA
ARCI,Archimedes Tech SPAC Partners III Co. Ordinary Share,$10.1434,UNCH,--,NA
ARCIU,Archimedes Tech SPAC Partners III Co. Units,$10.38,UNCH,--,NA
ARCIW,Archimedes Tech SPAC Partners III Co. Warrant,$0.52,-0.0099,-1.868%,NA
ARCL,ARC Group Acquisition I Corp Class A Ordinary Shares,$9.985,0.015,0.15%,NA
ARCLU,ARC Group Acquisition I Corp Unit,$10.24,0.02,0.196%,NA
ARES^B,Ares Management Corporation 6.75% Series B Mandatory Convertible Preferred Stock,$44.79,-0.77,-1.69%,NA
ARR^C,"ARMOUR Residential REIT, Inc. 7% Series C Cumulative Redeemable Preferred Stock (liquidation preference $25.00 per share)",$20.915,-0.015,-0.072%,NA
ARTC,Art Technology Acquisition Corp. Class A Ordinary Shares,$9.97,0.0081,0.081%,NA
ARTCU,Art Technology Acquisition Corp. Units,$10.13,UNCH,--,NA
ARTCW,Art Technology Acquisition Corp. Warrants,$0.3919,-0.0581,-12.911%,NA
ASB^E,"Associated Banc-Corp Depositary Shares, each representing a 1/40th interest in a share of 5.875% Non-Cumulative Perpetual Preferred Stock, Series E",$19.98,-0.02,-0.10%,NA
ASB^F,"Associated Banc-Corp Depositary Shares, each representing a 1/40th interest in a share of Associated Banc-Corp 5.625% Non-Cumulative Perpetual Preferred Stock, Series F",$19.37,0.03,0.155%,NA
ASG,"Liberty All-Star Growth Fund, Inc.",$5.25,-0.09,-1.685%,NA
ASGI,abrdn Global Infrastructure Income Fund Common Shares of Beneficial Interest,$24.56,-0.44,-1.76%,NA
ASPC,A SPAC III Acquisition Corp. Class A Ordinary Shares,$10.8401,-0.0099,-0.091%,NA
ASPCR,A SPAC III Acquisition Corp. Right,$0.09,UNCH,--,NA
ASPCU,A SPAC III Acquisition Corp. Unit,$11.21,-0.06,-0.532%,NA
ATH^A,"Athene Holding Ltd. Depositary Shares, Each Representing a 1/1,000th Interest in a 6.35% Fixed-to-Floating Rate Perpetual Non-Cumulative Preference Share, Series A",$23.77,-0.07,-0.294%,NA
ATH^B,"Athene Holding Ltd. Depositary Shares, Each Representing a 1/1,000th Interest in a 5.625% Fixed Rate Perpetual Non- Cumulative Preference Share, Series B, par value $1.00 per share",$18.50,-0.05,-0.27%,NA
ATH^D,"Athene Holding Ltd. Depositary Shares, Each Representing a 1/1,000th Interest in a 4.875% Fixed-Rate Perpetual Non-Cumulative Preference Share, Series D",$15.60,-0.25,-1.577%,NA
ATH^E,"Athene Holding Ltd. Depositary Shares, Each Representing a 1/1,000th Interest in a 7.750% Fixed-Rate Reset Perpetual Non-Cumulative Preference Share, Series E",$25.25,-0.029,-0.115%,NA
ATII,Archimedes Tech SPAC Partners II Co. Ordinary Shares,$10.63,0.01,0.094%,NA
ATIIU,Archimedes Tech SPAC Partners II Co. Unit,$11.475,UNCH,--,NA
ATIIW,Archimedes Tech SPAC Partners II Co. Warrant,$1.50,0.06,4.167%,NA
AUB^A,"Atlantic Union Bankshares Corporation Depositary Shares each representing a 1/400th ownership interest in a share of 6.875% Perpetual Non-Cumulative Preferred Stock, Series A",$24.46,-0.04,-0.163%,NA
AVK,Advent Convertible and Income Fund,$12.61,-0.01,-0.079%,NA
AWF,Alliancebernstein Global High Income Fund,$10.14,-0.06,-0.588%,NA
AWP,abrdn Global Premier Properties Fund Common Shares of Beneficial Interest,$11.84,0.05,0.424%,NA
AXIN,Axiom Intelligence Acquisition Corp 1 Class A Ordinary Shares,$10.31,UNCH,--,NA
AXINR,Axiom Intelligence Acquisition Corp 1 Right,$0.37,UNCH,--,NA
AXINU,Axiom Intelligence Acquisition Corp 1 Units,$10.65,-0.35,-3.182%,NA
AXS^E,"Axis Capital Holdings Limited Depositary Shares, each representing 1/100th interest in a share of a 5.50% Series E Preferred Shares",$18.60,-0.01,-0.054%,NA
BA^A,"Boeing Company (The) Depositary Shares, each representing a 1/20th interest in a share of 6.00% Series A Mandatory Convertible Preferred Stock, par value $1.00",$66.65,-1.87,-2.729%,NA
BAC^B,"Bank of America Corporation Depositary Shares, each representing a 1/1,000th interest in a share of 6.000% Non-Cumulative Preferred Stock, Series GG",$24.48,-0.15,-0.609%,NA
BAC^E,Bank of America Corporation Depositary Sh repstg 1/1000th Perp Pfd Ser E,$18.0534,-0.2016,-1.104%,NA
BAC^K,"Bank of America Corporation Depositary Shares, each representing a 1/1,000th interest in a share of 5.875% Non- Cumulative Preferred Stock, Series HH",$23.73,0.07,0.296%,NA
BAC^L,Bank of America Corporation Non Cumulative Perpetual Conv Pfd Ser L,"$1,284.00",-5.62,-0.436%,NA
BAC^M,"Bank of America Corporation Depositary Shares, each representing a 1/1,000th interest in a share of 5.375% Non-Cumulative Preferred Stock, Series KK",$20.83,UNCH,--,NA
BAC^N,"Bank of America Corporation Depositary shares, each representing 1/1,000th interest in a share of 5.000% Non-Cumulative Preferred Stock, Series LL",$19.43,-0.04,-0.205%,NA
BAC^O,"Bank of America Corporation Depositary shares, each representing 1/1,000th interest in a share of 4.375% Non-Cumulative Preferred Stock, Series NN",$16.77,-0.08,-0.475%,NA
BAC^P,"Bank of America Corporation Depositary Shares, each representing a 1/1,000th interest in a share of 4.125% Non-Cumulative Preferred Stock, Series PP",$16.08,-0.07,-0.433%,NA
BAC^Q,"Bank of America Corporation Depositary shares, each representing 1/1,000th interest in a share of 4.250% Non-Cumulative Preferred Stock, Series QQ",$16.29,-0.01,-0.061%,NA
BAC^S,"Bank of America Corporation Depositary shares, each representing 1/1,000th interest in a share of 4.750% Non-Cumulative Preferred Stock, Series SS",$18.16,-0.02,-0.11%,NA
BACC,Blue Acquisition Corp. Class A Ordinary Shares,$10.51,0.03,0.286%,NA
BACCR,Blue Acquisition Corp. Right ,$0.4208,UNCH,--,NA
BANC^F,"Banc of California, Inc. Depositary Shares, each representing a 1/40th interest in a share of 7.75% non-cumulative perpetual preferred stock, Series F",$25.15,-0.45,-1.758%,NA
BBCQ,Bleichroeder Acquisition Corp. II Class A Ordinary Shares,$10.18,0.01,0.098%,NA
BBCQU,Bleichroeder Acquisition Corp. II Units,$11.11,UNCH,--,NA
BBCQW,Bleichroeder Acquisition Corp. II Warrants,$1.76,-0.14,-7.368%,NA
BBN,BlackRock Taxable Municipal Bond Trust Common Shares of Beneficial Interest,$15.76,-0.10,-0.631%,NA
BC^C,Brunswick Corporation 6.375% Notes due 2049,$23.89,0.09,0.378%,NA
BCAR,D. Boral ARC Acquisition I Corp. Class A Ordinary Shares,$5.16,-0.33,-6.011%,NA
BCARU,D. Boral ARC Acquisition I Corp. Units,$5.835,UNCH,--,NA
BCARW,D. Boral ARC Acquisition I Corp. Warrant,$0.4558,-0.1142,-20.035%,NA
BCCQ,Bleichroeder Acquisition Corp. III Class A Ordinary Shares,$9.878,UNCH,--,NA
BCCQU,Bleichroeder Acquisition Corp. III Units,$10.14,0.0959,0.955%,NA
BCCQW,Bleichroeder Acquisition Corp. III Warrant,$0.49,-0.0249,-4.836%,NA
BCSS,Bain Capital GSS Investment Corp. Class A Ordinary Shares,$10.32,0.02,0.194%,NA
BCV,"Bancroft Fund, Ltd.",$24.76,-0.40,-1.59%,NA
BCV^A,Bancroft Fund Limited 5.375% Series A Cumulative Preferred Shares,$20.2401,0.1783,0.889%,NA
BDCI,BTC Development Corp. Class A Ordinary Shares,$10.09,UNCH,--,NA
BDCIU,BTC Development Corp. Unit,$10.25,UNCH,--,NA
BEAG,Bold Eagle Acquisition Corp. Class A Ordinary Shares,$10.73,UNCH,--,NA
BEAGR,Bold Eagle Acquisition Corp. Right,$0.24,-0.0095,-3.808%,NA
BEAGU,Bold Eagle Acquisition Corp. Units,$11.00,-0.03,-0.272%,NA
BEP^A,"Brookfield Renewable Partners L.P. 5.25% Class A Preferred Limited Partnership Units, Series 17",$16.58,-0.003,-0.018%,NA
BF/A,Brown Forman Corporation,$28.96,-0.24,-0.822%,NA
BF/B,Brown Forman Corporation,$28.41,-0.02,-0.07%,NA
BFH^A,"Bread Financial Holdings, Inc. Depositary Shares, each representing a 1/40th interest in a share of 8.625% Non-Cumulative Perpetual Preferred Stock, Series A",$25.2998,0.0598,0.237%,NA
BFH^B,"Bread Financial Holdings, Inc. Depositary Shares, each representing a 1/40th interest in a share of 8.875% Fixed Rate Reset Non-Cumulative Perpetual Preferred Stock, Series B",$25.50,0.05,0.196%,NA
BFS^D,"Saul Centers, Inc. Depositary Shares, each representing 1/100th of a share of 6.125% Series D Cumulative Redeemable Preferred Stock",$20.92,0.11,0.529%,NA
BFS^E,"Saul Centers, Inc. Depositary shares, each representing a 1/100th fractional interest in a share of 6.000% Series E Cumulative Redeemable Preferred Stock",$21.35,0.01,0.047%,NA
BGB,Blackstone Strategic Credit 2027 Term Fund Common Shares of Beneficial Interest,$11.27,-0.05,-0.442%,NA
BGH,Barings Global Short Duration High Yield Fund Common Shares of Beneficial Interests,$14.09,-0.25,-1.743%,NA
BGT,BlackRock Floating Rate Income Trust,$10.88,-0.08,-0.73%,NA
BGX,Blackstone Long Short Credit Income Fund Common Shares,$10.80,-0.08,-0.735%,NA
BGY,Blackrock Enhanced International Dividend Trust,$5.78,-0.01,-0.173%,NA
BHAV,BHAV Acquisition Corp Class A Ordinary Shares,$10.00,0.0171,0.171%,NA
BHAVU,BHAV Acquisition Corp Units,$10.17,-0.07,-0.684%,NA
BHK,Blackrock Core Bond Trust,$8.96,-0.13,-1.43%,NA
BHR^B,"Braemar Hotels & Resorts Inc. 5.50% Series B Cumulative Convertible Preferred Stock, par value $0.01 per share",$13.62,-0.02,-0.147%,NA
BHR^D,"Braemar Hotels & Resorts Inc. 8.25% Series D Cumulative Preferred Stock,  par value $0.01 per share",$17.06,-0.04,-0.234%,NA
BHV,BlackRock Virginia Municipal Bond Trust,$12.51,-0.09,-0.714%,NA
BID,Tribeca Strategic Acquisition Corp. Class A Ordinary Shares,$9.86,UNCH,--,NA
BIDWR,Tribeca Strategic Acquisition Corp. Rights,$0.13,0.0099,8.243%,NA
BIDWU,Tribeca Strategic Acquisition Corp. Unit,$9.95,-0.01,-0.10%,NA
BIII,Black Spade Acquisition III Co Class A Ordinary Shares,$10.02,UNCH,--,NA
BIO/B,"Bio-Rad Laboratories, Inc.",$365.08,28.08,8.332%,NA
BIP^A,"Brookfield Infrastructure Partners LP 5.125% Class A Preferred Limited Partnership Units, Series 13",$17.17,0.02,0.117%,NA
BIP^B,"Brookfield Infrastructure Partners LP 5.000% Class A Preferred Limited Partnership Units, Series 14",$16.83,0.01,0.059%,NA
BIT,BlackRock Multi-Sector Income Trust Common Shares of Beneficial Interest,$11.88,-0.16,-1.329%,NA
BIXI,Bitcoin Infrastructure Acquisition Corp Ltd. Class A Ordinary Shares,$10.10,0.01,0.099%,NA
BIXIU,Bitcoin Infrastructure Acquisition Corp Ltd. Unit ,$10.22,UNCH,--,NA
BIXIW,Bitcoin Infrastructure Acquisition Corp Ltd. Warrant,$0.40,-0.01,-2.439%,NA
BKHA,Black Hawk Acquisition Corporation Class A Ordinary Shares,$11.80,-0.03,-0.254%,NA
BKHAR,Black Hawk Acquisition Corporation Rights,$1.30,0.06,4.839%,NA
BKHAU,Black Hawk Acquisition Corporation Units,$12.00,UNCH,--,NA
BLRK,Bluerock Acquisition Corp. Class A Ordinary Shares,$10.065,UNCH,--,NA
BLRKU,Bluerock Acquisition Corp. Unit,$10.23,UNCH,--,NA
BLRKW,Bluerock Acquisition Corp. Warrants,$0.3499,-0.0388,-9.982%,NA
BLUWU,Blue Water Acquisition Corp. III Unit.,$10.50,UNCH,--,NA
BLUWW,Blue Water Acquisition Corp. III Warrant.,$0.2611,UNCH,--,NA
BLZR,Trailblazer Acquisition Corp. Class A Ordinary Shares,$10.18,0.0099,0.097%,NA
BLZRU,Trailblazer Acquisition Corp. Unit,$10.28,0.0101,0.098%,NA
BLZRW,Trailblazer Acquisition Corp. Warrant,$0.3827,0.0528,16.005%,NA
BML^G,"Bank of America Corporation Depositary Shares (Each representing a 1/1200th interest in a share of Floating Rate Non-Cumulative Preferred Stock , Series 1)",$18.49,0.10,0.544%,NA
BML^H,"Bank of America Corporation Depositary Shares (Each representing a 1/1200th interest in a Share of Floating Rate Non-Cumulative Preferred Stock, Series 2)",$18.48,0.02,0.108%,NA
BML^J,"Bank of America Corporation Depositary Shares (Each representing a 1/1200th interest in a Share of Floating Rate Non-Cumulative Preferred Stock, Series 4)",$19.12,-0.49,-2.499%,NA
BML^L,"Bank of America Corporation Depositary Shares (Each representing a 1/1200th Interest in a Share of Floating Rate Non-Cumulative Preferred Stock, Series 5)",$19.04,-0.1054,-0.551%,NA
BMN,BlackRock 2037 Municipal Target Term Trust Common Shares of Beneficial Interest,$25.45,-0.30,-1.165%,NA
BNY^K,"The Bank Of New York Mellon Corporation  Depositary Shares, each representing a 1/4,000th interest in a share of Series K Noncumulative Perpetual Preferred Stock",$24.89,0.02,0.08%,NA
BOE,Blackrock Enhanced Global Dividend Trust Common Shares of Beneficial Interest,$12.24,-0.09,-0.73%,NA
BOH^A,"Bank of Hawaii Corporation Depositary Shares Each Representing a 1/40th Interest in a Share of 4.375% Fixed Rate Non-Cumulative Perpetual Preferred Stock, Series A",$15.25,-0.0001,-0.001%,NA
BOH^B,"Bank of Hawaii Corporation Depositary Shares, Each Representing a 1/40th Interest in a Share of 8.000% Fixed Rate Non-Cumulative Perpetual Preferred Stock, Series B",$26.23,0.0493,0.188%,NA
BOT,"RoboStrategy, Inc. Common Stock",$28.41,-0.64,-2.203%,NA
BPAC,Blueport Acquisition Ltd Class A Ordinary Shares,$10.16,UNCH,--,NA
BPACR,Blueport Acquisition Ltd Rights,$0.15,-0.0047,-3.038%,NA
BPACU,Blueport Acquisition Ltd Units,$10.30,UNCH,--,NA
BPRE,Bluerock Private Real Estate Fund Common Shares of Beneficial Interest,$12.15,0.09,0.746%,NA
BREZ,Breeze Acquisition Corp. II Ordinary Shares,$10.00,0.02,0.20%,NA
BREZR,Breeze Acquisition Corp. II Right,$0.225,-0.01,-4.255%,NA
BRKH,Burtech Acquisition Corp II Class A Ordinary Shares,$9.9675,UNCH,--,NA
BRKHU,Burtech Acquisition Corp II Unit,$10.50,UNCH,--,NA
BRKHW,Burtech Acquisition Corp II Warrants,$0.149,-0.011,-6.875%,NA
BRTMU,B&R Technology Merger Corp. Units,$9.94,UNCH,--,NA
BRW,Saba Capital Income & Opportunities Fund SBI,$6.39,-0.04,-0.622%,NA
BSAA,BEST SPAC I Acquisition Corp. Class A Ordinary Shares,$11.29,0.105,0.939%,NA
BSAAR,BEST SPAC I Acquisition Corp. Rights,$0.081,-0.039,-32.50%,NA
BSL,Blackstone Senior Floating Rate 2027 Term Fund Common Shares of Beneficial Interest,$13.00,-0.06,-0.459%,NA
BTO,John Hancock Financial Opportunities Fund Common Stock,$39.73,-0.02,-0.05%,NA
BTT,BlackRock Municipal 2030 Target Term Trust,$22.51,-0.13,-0.574%,NA
BUI,"BlackRock Utility, Infrastructure & Power Opportunities Trust",$27.27,-0.10,-0.365%,NA
BW^A,"Babcock & Wilcox Enterprises, Inc. 7.75% Series A Cumulative Perpetual Preferred Stock",$22.56,-0.19,-0.835%,NA
BWG,BrandywineGLOBAL Global Income Opportunities Fund Inc.,$7.79,UNCH,--,NA
BWIV,Blue Water Acquisition Corp. IV Class A Ordinary Shares,$9.9501,0.0001,0.001%,NA
BXSL,Blackstone Secured Lending Fund Common Shares of Beneficial Interest,$24.67,0.11,0.448%,NA
C^N,Citigroup Capital XIII 7.875% Fixed rate Floating Rate trust Preferred Securities (TruPS),$26.32,-0.07,-0.265%,NA
C^R,"Citigroup Inc. Depositary Shares, Each Representing a 1/1,000th Interest in a Share of 6.250% Noncumulative Preferred Stock, Series II",$24.32,-0.01,-0.041%,NA
CAES,"Cantor Equity Partners VII, Inc. Class A Ordinary Shares",$10.07,UNCH,--,NA
CAF,Morgan Stanley China A Share Fund Inc. Common Stock,$19.12,-0.21,-1.086%,NA
CAII,Collective Acquisition Corp. II Class A Ordinary Shares,$9.98,UNCH,--,NA
CAIIU,Collective Acquisition Corp. II Units,$10.05,UNCH,--,NA
CAIIW,Collective Acquisition Corp. II Warrants,$0.2356,0.016,7.286%,NA
CAPN,Cayson Acquisition Corp Ordinary shares,$11.16,UNCH,--,NA
CAPNR,Cayson Acquisition Corp Right,$0.19,UNCH,--,NA
CAPNU,Cayson Acquisition Corp Unit,$11.17,UNCH,--,NA
CAQ,Cambridge Acquisition Corp. Class A Ordinary Shares,$9.98,-0.03,-0.30%,NA
CATLU,Catalyst Acquisition Corp. Units,$9.96,UNCH,--,NA
CCAQ,Collective Acquisition Corp. Class A Ordinary Shares,$10.55,UNCH,--,NA
CCAQU,Collective Acquisition Corp. Units,$10.68,-0.06,-0.559%,NA
CCAQW,Collective Acquisition Corp. Warrants,$0.245,-0.0055,-2.196%,NA
CCCT,Columbus Circle Capital Corp III Class A Ordinary Shares,$9.81,UNCH,--,NA
CCCTU,Columbus Circle Capital Corp III Units,$9.95,-0.05,-0.50%,NA
CCCTW,Columbus Circle Capital Corp III Warrants,$0.40,-0.1399,-25.912%,NA
CCD,Calamos Dynamic Convertible & Income Fund Common Stock,$25.16,-0.20,-0.789%,NA
CCID,Carlyle Credit Income Fund 7.375% Series D Term Preferred Shares due 2028,$25.025,0.025,0.10%,NA
CCIF,Carlyle Credit Income Fund Shares of Beneficial Interest,$2.76,0.01,0.364%,NA
CCII,Cohen Circle Acquisition Corp. II Class A Ordinary Shares,$10.33,UNCH,--,NA
CCIIU,Cohen Circle Acquisition Corp. II Unit,$10.58,0.01,0.095%,NA
CCXI,Churchill Capital Corp XI Class A Ordinary Shares,$14.07,-0.53,-3.63%,NA
CCXIU,Churchill Capital Corp XI Units,$15.10,-0.90,-5.625%,NA
CCXIW,Churchill Capital Corp XI Warrants,$6.70,-0.41,-5.767%,NA
CDR^B,"Cedar Realty Trust, Inc. 7.25% Series B Cumulative Redeemable Preferred Stock",$17.00,0.21,1.251%,NA
CDR^C,"Cedar Realty Trust, Inc. 6.50% Series C Cumulative Redeemable Preferred Stock",$16.00,0.17,1.074%,NA
CEE,"The Central and Eastern Europe Fund, Inc. (The) Common Stock",$20.66,-0.14,-0.673%,NA
CEPF,"Cantor Equity Partners IV, Inc. Class A Ordinary Shares",$10.39,UNCH,--,NA
CEPO,"Cantor Equity Partners I, Inc. Class A Ordinary Shares",$10.68,-0.01,-0.094%,NA
CEPS,"Cantor Equity Partners VI, Inc. Class A Ordinary Shares",$10.40,UNCH,--,NA
CEPV,"Cantor Equity Partners V, Inc. Class A Ordinary Shares",$10.38,UNCH,--,NA
CFG^E,"Citizens Financial Group, Inc. Depositary Shares Each Representing 1/40th Interest in a Share of 5.000% Fixed-Rate Non-Cumulative Perpetual Preferred Stock, Series E",$18.20,0.24,1.336%,NA
CFG^H,"Citizens Financial Group, Inc. Depositary Shares Each Representing a 1/40th Interest in a Share of 7.375% Fixed-Rate Non-Cumulative Perpetual Preferred Stock, Series H",$25.67,0.07,0.273%,NA
CFG^I,"Citizens Financial Group, Inc. Depositary Shares, Each Representing a 1/40th Interest in a Share of 6.500% Fixed-Rate Reset Non-Cumulative Perpetual Preferred Stock, Series I",$24.76,-0.06,-0.242%,NA
CFND,C1 Fund Inc. Common Stock,$2.41,0.06,2.553%,NA
CFR^B,"Cullen/Frost Bankers, Inc. Depositary Shares, each representing a 1/40th ownership interest in a share of 4.450% non-cumulative perpetual preferred stock, Series B",$17.05,-0.01,-0.059%,NA
CFTR^A,"Cantor Fitzgerald Income Trust, Inc. 9.50% Series A Cumulative Redeemable Preferred Stock",$25.1434,0.0034,0.014%,NA
CGCF,Cartesian Growth Corporation IV Class A Ordinary Shares,$9.82,UNCH,--,NA
CGCFU,Cartesian Growth Corporation IV Unit,$9.98,-0.02,-0.20%,NA
CGCFW,Cartesian Growth Corporation IV Warrants,$0.3105,0.0105,3.50%,NA
CGO,Calamos Global Total Return Fund Common Stock,$13.13,UNCH,--,NA
CHAR,Charlton Aria Acquisition Corporation Class A Ordinary Shares,$10.93,UNCH,--,NA
CHARR,Charlton Aria Acquisition Corporation Rights,$0.10,0.01,11.111%,NA
CHARU,Charlton Aria Acquisition Corporation Units,$10.93,0.13,1.204%,NA
CHEC,Chenghe Acquisition III Co. Class A Ordinary Share,$10.24,UNCH,--,NA
CHECW,Chenghe Acquisition III Co. Warrants,$0.1155,0.0121,11.702%,NA
CHI,Calamos Convertible Opportunities and Income Fund Common Stock,$12.89,-0.13,-0.998%,NA
CHMI^A,Cherry Hill Mortgage Investment Corporation 8.20% Series A Cumulative Redeemable Preferred Stock,$21.8801,-0.0699,-0.318%,NA
CHMI^B,Cherry Hill Mortgage Investment Corporation 8.250% Series B Fixed-to-Floating Rate Cumulative Redeemable Preferred Stock,$24.35,-0.15,-0.612%,NA
CHPG,ChampionsGate Acquisition Corporation Class A Ordinary Share,$10.45,UNCH,--,NA
CHPGR,ChampionsGate Acquisition Corporation Rights,$0.1101,-0.01,-8.326%,NA
CHTRP,"Charter Communications, Inc. Series A Cumulative Redeemable Preferred Stock",$22.0801,22.0801,--,NA
CHW,Calamos Global Dynamic Income Fund Common Stock,$8.43,-0.04,-0.472%,NA
CHY,Calamos Convertible and High Income Fund Common Stock,$13.04,-0.105,-0.799%,NA
CICB,CION Investment Corporation 7.50% Notes due 2029,$25.07,0.09,0.36%,NA
CICC,CION Investment Corporation 7.50% Notes due 2031,$24.8233,UNCH,--,NA
CIK,"Credit Suisse Asset Management Income Fund, Inc. Common Stock",$2.43,-0.01,-0.41%,NA
CIM^A,Chimera Investment Corporation 8.00% Series A Cumulative Redeemable Preferred Stock,$21.87,UNCH,--,NA
CIM^B,Chimera Investment Corporation 8.00% Series B Fixed-to-Floating Rate Cumulative Redeemable Preferred Stock,$24.57,-0.04,-0.163%,NA
CIM^C,Chimera Investment Corporation 7.75% Series C Fixed-to-Floating Rate  Cumulative Redeemable  Preferred Stock,$23.50,0.11,0.47%,NA
CIM^D,Chimera Investment Corporation 8.00% Series D Fixed-to-Floating Rate Cumulative Redeemable Preferred Stock,$24.68,-0.13,-0.524%,NA
CIMO,Chimera Investment Corporation 9.250% Senior Notes due 2029,$25.3001,-0.0199,-0.079%,NA
CIMP,Chimera Investment Corporation 8.875% Senior Notes due 2030,$25.14,-0.08,-0.317%,NA
CLBR,Colombier Acquisition Corp. III Class A Ordinary Shares,$10.25,UNCH,--,NA
CLDT^A,Chatham Lodging Trust (REIT) 6.625% Series A Cumulative Redeemable Preferred Shares of Beneficial Interest,$20.0676,0.0176,0.088%,NA
CLM,"Cornerstone Strategic Investment Fund, Inc. Common Shares",$6.80,-0.11,-1.592%,NA
CMII,Columbus Circle Capital Corp II Class A Ordinary Shares,$10.03,-0.01,-0.10%,NA
CMIIW,Columbus Circle Capital Corp II Warrant,$0.7996,0.0327,4.264%,NA
CMRE^B,Costamare Inc. Perpetual Preferred Stock Series B (Marshall Islands),$25.80,UNCH,--,NA
CMRE^C,Costamare Inc. Perpetual Preferred Series C (Marshall Islands),$26.50,-0.125,-0.469%,NA
CMRE^D,Costamare Inc. 8.75% Series D Cumulative Redeemable Perpetual Preferred Stock,$27.07,-0.01,-0.037%,NA
CMS^B,CMS Energy Corporation Preferred Stock,$75.67,0.13,0.172%,NA
CMS^C,"CMS Energy Corporation Depositary Shares, each representing a 1/1,000th interest in a share of 4.200% Cumulative Redeemable Perpetual Preferred Stock, Series C",$16.40,0.1491,0.917%,NA
CNO^A,"CNO Financial Group, Inc. 5.125% Subordinated Debentures due 2060",$16.49,-0.05,-0.302%,NA
CODI^A,Compass Diversified Holdings 7.250% Series A Preferred Shares representing beneficial interest in Compass Diversified Holdings,$19.8733,-0.0067,-0.034%,NA
CODI^B,Compass Diversified Holdings 7.875% Series B Fixed-to-Floating Rate Cumulative Preferred Shares representing beneficial interests in Compass Diversified Holdings,$22.44,0.11,0.493%,NA
CODI^C,Compass Diversified Holdings 7.875% Series C Cumulative Preferred Shares,$22.10,0.10,0.455%,NA
COF^I,"Capital One Financial Corporation Depositary shares each representing a 1/40th interest in a share of Fixed Rate Non-Cumulative Perpetual Preferred Stock, Series I of the Issuer",$17.68,-0.12,-0.674%,NA
COF^J,"Capital One Financial Corporation Depositary Shares, Each Representing a 1/40th Interest in a Share of Fixed Rate Non- Cumulative Perpetual Preferred Stock, Series J",$16.88,-0.13,-0.764%,NA
COF^K,"Capital One Financial Corporation Depositary Shares, Each Representing a 1/40th Ownership Interest in a Share of Fixed Rate Non-Cumulative Perpetual Preferred Stock, Series K",$16.28,-0.165,-1.003%,NA
COF^L,"Capital One Financial Corporation Depositary Shares, Each Representing a 1/40th Interest in a Share of Fixed Rate Non-Cumulative Perpetual Preferred Stock, Series L",$15.40,-0.195,-1.25%,NA
COF^N,"Capital One Financial Corporation Depositary Shares, Each Representing a 1/40th Ownership Interest in a Share of Fixed Rate Non-Cumulative Perpetual Preferred Stock, Series N",$15.15,-0.16,-1.045%,NA
COLA,Columbus Acquisition Corp Ordinary Shares,$10.70,-0.01,-0.093%,NA
COLAR,Columbus Acquisition Corp Rights,$0.4625,0.0135,3.007%,NA
COPL,Copley Acquisition Corp Ordinary Shares,$10.50,UNCH,--,NA
CRAC,Crown Reserve Acquisition Corp. I Class A Ordinary Shares,$10.20,UNCH,--,NA
CRACR,Crown Reserve Acquisition Corp. I Rights,$0.1269,UNCH,--,NA
CRACU,Crown Reserve Acquisition Corp. I Unit,$10.25,UNCH,--,NA
CRACW,Crown Reserve Acquisition Corp. I Warrant,$0.04,UNCH,--,NA
CRAN,Crane Harbor Acquisition Corp. II Class A Ordinary Shares,$10.14,UNCH,--,NA
CRANU,Crane Harbor Acquisition Corp. II Units,$10.355,UNCH,--,NA
CRAQ,Cal Redwood Acquisition Corp. Class A Ordinary Shares,$10.35,UNCH,--,NA
CRAQU,Cal Redwood Acquisition Corp. Units,$10.53,UNCH,--,NA
CRBD,Corebridge Financial Inc. 6.375% Junior Subordinated Notes due 2064,$22.10,0.01,0.045%,NA
CRD/A,Crawford & Company,$12.98,0.06,0.464%,NA
CRD/B,Crawford & Company,$12.02,0.04,0.334%,NA
CRF,"Cornerstone Total Return Fund, Inc. (The) Common Stock",$6.51,-0.10,-1.513%,NA
CTA^A,"EIDP, Inc. Preferred Stock $3.50 Series",$52.87,UNCH,--,NA
CTA^B,"EIDP, Inc. Preferred Stock $4.50 Series",$65.1062,-0.0738,-0.113%,NA
CTAA,ClearThink 1 Acquisition Corp. Class A Ordinary Shares,$9.95,UNCH,--,NA
CTAAR,ClearThink 1 Acquisition Corp. Rights,$0.2101,UNCH,--,NA
CTGG,Qwest Corporation 6.500% Senior Notes due 2051 (denominations of $25),$16.22,0.04,0.247%,NA
CTHH,Qwest Corporation 6.750% Senior Notes due 2052 (denominations of $25),$16.94,0.05,0.296%,NA
CTO^A,"CTO Realty Growth, Inc. 6.375% Series A Cumulative Redeemable Preferred Stock",$21.9647,0.4047,1.877%,NA
CUBWW,Lionheart Holdings Warrant,$0.51,0.035,7.368%,NA
CXII,Churchill Capital Corp XII Class A Ordinary Shares,$10.80,0.09,0.84%,NA
CXIIU,Churchill Capital Corp XII Units,$11.15,UNCH,--,NA
CXIIW,Churchill Capital Corp XII Warrants,$1.72,-0.26,-13.131%,NA
DAAQ,Digital Asset Acquisition Corp. Class A Ordinary shares,$10.40,-0.01,-0.096%,NA
DAAQU,Digital Asset Acquisition Corp. Units,$10.65,UNCH,--,NA
DAAQW,Digital Asset Acquisition Corp. Warrant,$0.17,UNCH,--,NA
DBCA,D. Boral Acquisition I Corp. Class A Ordinary Shares,$9.995,0.005,0.05%,NA
DBCAU,D. Boral Acquisition I Corp. Unit,$10.44,0.22,2.153%,NA
DBCAW,D. Boral Acquisition I Corp. Warrants,$0.37,-0.0185,-4.762%,NA
DBL,DoubleLine Opportunistic Credit Fund Common Shares of Beneficial Interest,$14.09,-0.08,-0.565%,NA
DBRG^H,"DigitalBridge Group, Inc. 7.125% Series H ",$15.00,-0.10,-0.662%,NA
DBRG^I,"DigitalBridge Group, Inc. 7.15% Series I ",$14.92,-0.10,-0.666%,NA
DBRG^J,"DigitalBridge Group, Inc. 7.125% Series J ",$15.36,-0.09,-0.583%,NA
DCOM^,"Dime Commercial Bancshares, Inc. Preferred Stock, Series A",$17.375,0.0159,0.092%,NA
DFP,Flaherty & Crumrine Dynamic Preferred and Income Fund Inc. Common Stock,$20.79,-0.11,-0.526%,NA
DGAC,Disciplined Growth Acquisition Corporation Class A Ordinary Shares,$9.96,UNCH,--,NA
DHF,BNY Mellon High Yield Strategies Fund Common Stock,$2.36,-0.02,-0.84%,NA
DHY,Credit Suisse High Yield Credit Fund Common Stock,$1.73,-0.01,-0.575%,NA
DLNG^A,Dynagas LNG Partners LP 9.00% Series A Cumulative Redeemable Preferred Units,$26.1101,0.0001,0.00%,NA
DLR^J,"Digital Realty Trust, Inc. 5.250% Series J Cumulative Redeemable Preferred Stock",$19.57,0.09,0.462%,NA
DLR^K,"Digital Realty Trust, Inc. 5.850% Series K Cumulative Redeemable Preferred Stock, par value $0.01 per share",$22.05,0.3417,1.574%,NA
DLR^L,"Digital Realty Trust, Inc. 5.200% Series L Cumulative Redeemable Preferred Stock",$19.34,0.13,0.677%,NA
DMA,Destra Multi-Alternative Fund Common Stock,$7.715,0.095,1.247%,NA
DMAA,Drugs Made In America Acquisition Corp. Ordinary Shares,$10.725,0.005,0.047%,NA
DMAAR,Drugs Made In America Acquisition Corp. Rights,$0.1444,-0.0056,-3.733%,NA
DMB,"BNY Mellon Municipal Bond Infrastructure Fund, Inc. Common Stock",$10.55,-0.08,-0.753%,NA
DMII,Drugs Made In America Acquisition II Corp. Ordinary Shares,$10.14,0.02,0.198%,NA
DMIIR,Drugs Made In America Acquisition II Corp. Right,$0.091,-0.0088,-8.818%,NA
DMO,Western Asset Mortgage Opportunity Fund Inc. Common Stock,$10.47,-0.05,-0.475%,NA
DNMX,Dynamix Corporation III Class A Ordinary Shares,$10.06,0.02,0.199%,NA
DNMXU,Dynamix Corporation III Unit,$10.14,0.03,0.297%,NA
DNMXW,Dynamix Corporation III Warrants,$0.2302,-0.0087,-3.642%,NA
DNP,"DNP Select Income Fund, Inc. Common Stock",$11.00,0.03,0.273%,NA
DPG,Duff & Phelps Utility and Infrastructure Fund Inc.,$14.71,-0.17,-1.142%,NA
DRDB,Roman DBDR Acquisition Corp. II Ordinary shares,$10.62,-0.03,-0.282%,NA
DRDBU,Roman DBDR Acquisition Corp. II Unit,$10.63,UNCH,--,NA
DRDBW,Roman DBDR Acquisition Corp. II Warrants,$0.19,UNCH,--,NA
DSAC,Daedalus Special Acquisition Corp. Class A Ordinary Shares,$10.18,0.02,0.197%,NA
DSACW,Daedalus Special Acquisition Corp. Warrant,$0.5605,-0.0395,-6.583%,NA
DSM,"BNY Mellon Strategic Municipal Bond Fund, Inc. Common Stock",$5.81,-0.06,-1.022%,NA
DSU,"Blackrock Debt Strategies Fund, Inc. Common Stock",$9.45,UNCH,--,NA
DSX^B,Diana Shipping Inc. Perpetual Preferred Shares Series B (Marshall Islands),$27.415,-0.085,-0.309%,NA
DTK,DTE Energy Company 2025 Series H 6.25% Junior Subordinated Debentures due 2085,$23.09,-0.11,-0.474%,NA
DTSQ,DT Cloud Star Acquisition Corporation Ordinary Shares,$11.30,UNCH,--,NA
DTSQR,DT Cloud Star Acquisition Corporation Right,$0.1076,0.0074,7.385%,NA
DTSQU,DT Cloud Star Acquisition Corporation Units,$11.49,UNCH,--,NA
DUK^A,"Duke Energy Corporation Depositary Shares, each representing a 1/1,000th interest in a share of 5.75% Series A Cumulative Redeemable Perpetual Preferred Stock",$24.07,-0.06,-0.249%,NA
DUKU,Duke Energy Corporation Corporate Units,$50.45,-0.22,-0.434%,NA
DX^C,"Dynex Capital, Inc. 6.900% Series C Fixed-to-Floating Rate Cumulative Redeemable Preferred Stock",$25.805,-0.005,-0.019%,NA
DXYZ,Destiny Tech100 Inc. Common Stock,$34.65,1.22,3.649%,NA
DYNC,Dynamix Corporation Class A Ordinary Shares,$10.87,-0.01,-0.092%,NA
DYNCU,Dynamix Corporation Unit,$10.8501,UNCH,--,NA
DYNCW,Dynamix Corporation Warrant,$0.16,0.01,6.667%,NA
DYOR,Insight Digital Partners II Class A Ordinary Shares,$10.10,UNCH,--,NA
DYORU,Insight Digital Partners II Units,$10.15,UNCH,--,NA
DYORW,Insight Digital Partners II Warrants,$0.2461,0.0456,22.743%,NA
EAD,Allspring Income Opportunities Fund Common Shares,$6.33,-0.05,-0.784%,NA
ECC^D,Eagle Point Credit Company 6.75% Series D Preferred Stock,$18.63,0.02,0.107%,NA
ECCU,Eagle Point Credit Company 7.75% Notes due 2030,$25.36,0.0285,0.113%,NA
ECF,Ellsworth Growth and Income Fund Ltd.,$12.53,-0.19,-1.494%,NA
ECF^A,Ellsworth Growth and Income Fund Ltd. 5.25% Series A Cumulative Preferred Shares (Liquidation Preference $25.00 per share),$20.05,-0.4299,-2.099%,NA
EDD,"Morgan Stanley Emerging Markets Domestic Debt Fund, Inc. Common Stock",$5.96,-0.02,-0.334%,NA
EDF,Virtus Stone Harbor Emerging Markets Income Fund Common Shares of Beneficial Interest,$5.09,-0.032,-0.625%,NA
EEA,"The European Equity Fund, Inc. Common Stock",$11.15,-0.0715,-0.637%,NA
EFC^B,Ellington Financial Inc. 6.250% Series B Fixed-Rate Reset Cumulative Redeemable Preferred Stock,$24.86,0.01,0.04%,NA
EFC^C,Ellington Financial Inc. 8.625% Series C Fixed-Rate Reset Cumulative Redeemable Preferred Stock,$25.30,-0.04,-0.158%,NA
EFC^D,Ellington Financial Inc. 7.00% Series D Cumulative Perpetual Redeemable Preferred Stock,$22.7963,-0.4154,-1.79%,NA
EFR,Eaton Vance Senior Floating-Rate Fund Common Shares of Beneficial Interest,$10.52,-0.14,-1.313%,NA
EGHA,EGH Acquisition Corp. Class A Ordinary Shares,$10.37,0.01,0.097%,NA
EGHAR,EGH Acquisition Corp. Rights,$0.38,UNCH,--,NA
EHI,Western Asset Global High Income Fund Inc Common Stock,$5.77,-0.04,-0.688%,NA
EIIA,Eagle Point Institutional Income Fund 8.125% Series A Term Preferred Shares Due 2029,$25.18,-0.01,-0.04%,NA
EIM,"Eaton Vance Municipal Bond Fund Common Shares of Beneficial Interest, $.01 par value",$9.61,UNCH,--,NA
ELLA,Ellington Credit Company 8.50% Notes due 2031,$25.20,0.03,0.119%,NA
EMD,Western Asset Emerging Markets Debt Fund Inc Common Stock,$10.55,-0.09,-0.846%,NA
EMF,Templeton Emerging Markets Fund Common Stock,$22.04,0.01,0.045%,NA
EMIS,Emmis Acquisition Corp. Class A Ordinary Shares,$10.24,0.03,0.294%,NA
EMO,ClearBridge Energy Midstream Opportunity Fund Inc. Common Stock,$54.60,0.23,0.423%,NA
EOD,Allspring Global Dividend Opportunity Fund Common Shares of Beneficial Interest,$6.64,-0.09,-1.337%,NA
EOI,Eaton Vance Enhance Equity Income Fund Eaton Vance Enhanced Equity Income Fund Shares of Beneficial Interest,$19.80,-0.20,-1.00%,NA
EOS,Eaton Vance Enhance Equity Income Fund II Common Stock,$21.36,-0.17,-0.79%,NA
EP^C,El Paso Corporation Preferred Stock,$50.325,-0.025,-0.05%,NA
EPR^C,EPR Properties 5.75% Series C Cumulative Convertible Preferred Shares,$27.00,0.30,1.124%,NA
EPR^E,EPR Properties Series E Cumulative Conv Pfd Shs Ser E,$32.53,0.12,0.37%,NA
EPR^G,EPR Properties 5.750% Series G Cumulative Redeemable Preferred Shares,$21.25,-0.08,-0.375%,NA
EQH^A,"Equitable Holdings, Inc. Depositary Shares",$18.78,0.01,0.053%,NA
EQH^C,"Equitable Holdings, Inc. Depositary Shares, each representing a 1/1,000th interest in a share of Fixed Rate Noncumulative Perpetual Preferred Stock, Series C",$16.31,-0.01,-0.061%,NA
ERC,Allspring Multi-Sector Income Fund Common Stock,$9.31,-0.03,-0.321%,NA
ERH,Allspring Utilities and High Income Fund Common Shares,$11.6134,-0.0366,-0.314%,NA
ET^I,Energy Transfer L.P. Series I Fixed Rate Perpetual Preferred Units,$11.4804,0.0104,0.091%,NA
ETG,Eaton Vance Tax-Advantaged Global Dividend Income Fund Common Shares of Beneficial Interest,$23.88,-0.12,-0.50%,NA
ETI^,"Entergy Texas Inc 5.375% Series A Preferred Stock, Cumulative, No Par Value",$23.50,-0.1471,-0.622%,NA
ETJ,Eaton Vance Risk-Managed Diversified Equity Income Fund Common Shares of Beneficial Interest,$8.38,-0.07,-0.828%,NA
ETSS,Energy Transition Special Opportunities Class A Ordinary Shares,$9.94,UNCH,--,NA
ETY,"Eaton Vance Tax-Managed Diversified Equity Income Fund Common Shares of Beneficial Interest,",$14.34,-0.14,-0.967%,NA
EURK,Eureka Acquisition Corp Class A Ordinary Share,$11.9999,UNCH,--,NA
EURKR,Eureka Acquisition Corp Right,$0.425,UNCH,--,NA
EVAC,EQV Ventures Acquisition Corp. II Class A Ordinary Shares,$10.26,UNCH,--,NA
EVG,Eaton Vance Short Diversified Income Fund Eaton Vance Short Duration Diversified Income Fund Common Shares of Beneficial Interest,$10.55,-0.08,-0.753%,NA
EVOX,Evolution Global Acquisition Corp Class A Ordinary Shares,$10.09,UNCH,--,NA
EVOXU,Evolution Global Acquisition Corp Units,$10.26,-0.0001,-0.001%,NA
EVT,Eaton Vance Tax Advantaged Dividend Income Fund Common Shares of Beneficial Interest,$28.91,-0.23,-0.789%,NA
EVV,Eaton Vance Limited Duration Income Fund Common Shares of Beneficial Interest,$9.04,-0.06,-0.659%,NA
EWAV,East West Ave Acquisition Corp. Common Stock,$9.85,UNCH,--,NA
EWAVR,East West Ave Acquisition Corp. Rights,$0.1601,-0.0099,-5.824%,NA
EWAVU,East West Ave Acquisition Corp. Units,$9.98,0.01,0.10%,NA
EXG,Eaton Vance Tax-Managed Global Diversified Equity Income Fund Common Shares of Beneficial Interest,$9.84,-0.06,-0.606%,NA
F^B,"Ford Motor Company 6.20% Notes due June 1, 2059",$20.01,-0.03,-0.15%,NA
F^C,"Ford Motor Company 6% Notes due December 1, 2059",$19.69,0.11,0.562%,NA
F^D,"Ford Motor Company 6.500% Notes due August 15, 2062",$20.87,-0.01,-0.048%,NA
FACT,FACT II Acquisition Corp. Class A Ordinary Shares,$10.68,UNCH,--,NA
FACTW,FACT II Acquisition Corp. Warrant,$0.1849,0.0044,2.438%,NA
FAX,"abrdn Asia-Pacific Income Fund, Inc. Common Stock",$14.72,-0.07,-0.473%,NA
FBDT,First Breach Inc. Common Stock,$4.15,4.15,--,NA
FBRT^E,"Franklin BSP Realty Trust, Inc. 7.50% Series E Cumulative Redeemable Preferred Stock",$19.3081,-0.0457,-0.236%,NA
FCRS,FutureCrest Acquisition Corp. Class A Ordinary Shares,$10.22,-0.01,-0.098%,NA
FDMM,Freedom Metals Acquisition Corp. Class A Ordinary Shares,$9.80,UNCH,--,NA
FDMMU,Freedom Metals Acquisition Corp. Units,$9.98,UNCH,--,NA
FDMMW,Freedom Metals Acquisition Corp. Warrants,$0.4999,-0.1001,-16.683%,NA
FERA,Fifth Era Acquisition Corp I Class A Ordinary Shares,$10.48,0.01,0.096%,NA
FERAR,Fifth Era Acquisition Corp I Rights,$0.29,-0.02,-6.452%,NA
FFA,First Trust Enhanced Equity Income Fund Common Shares of Beneficial Interest,$23.25,-0.16,-0.683%,NA
FFC,Flaherty & Crumrine Preferred and Income Securities Fund Incorporated,$16.15,-0.05,-0.309%,NA
FGII,FG Imperii Acquisition Corp. Class A Ordinary Shares,$9.99,UNCH,--,NA
FGIIU,FG Imperii Acquisition Corp. Units,$10.05,UNCH,--,NA
FGSN,"F&G Annuities & Life, Inc. 7.300% Junior Subordinated Notes due 2065",$20.77,-0.125,-0.598%,NA
FHN^E,"First Horizon Corporation Depositary Shares, each representing a 1/4,000th interest in a share of Non-Cumulative Perpetual Preferred Stock, Series E",$23.33,0.03,0.129%,NA
FHN^F,"First Horizon Corporation Depositary Shares, each representing 1/4000th Interest in a Share of Non-Cumulative Perpetual Preferred Stock, Series F",$17.05,-0.1084,-0.632%,NA
FHN^H,"First Horizon Corporation Depositary Shares each representing a 1/4,000th interest in a share of Non-Cumulative Perpetual Preferred Stock, Series H",$24.30,0.10,0.413%,NA
FIGX,FIGX Capital Acquisition Corp. Class A Ordinary Share,$10.36,0.06,0.583%,NA
FIGXW,FIGX Capital Acquisition Corp. Warrant,$0.1919,-0.0076,-3.81%,NA
FITB^A,"Fifth Third Bancorp Depositary Shares each representing 1/40th share of Fifth Third 6.00% Non-Cumulative Perpetual Class B Preferred Stock, Series A",$22.29,0.01,0.045%,NA
FITB^I,Fifth Third Bancorp Depositary Share repstg 1/1000th Ownership Interest Perp Pfd Series I,$25.54,-0.03,-0.117%,NA
FITB^K,"Fifth Third Bancorp Depositary Shares each representing a 1/1000th ownership interest in a share of Non-Cumulative Perpetual Preferred Stock, Series K",$18.26,0.15,0.828%,NA
FITB^M,"Fifth Third Bancorp Depositary Shares Representing a 1/40th Ownership Interest in a Share of 6.875% Fixed-Rate Reset Non-Cumulative Perpetual Preferred Stock, Series M",$25.63,-0.07,-0.272%,NA
FJDIU,ARC Group Securities Acquisition I Units,$9.95,UNCH,--,NA
FLC,Flaherty & Crumrine Total Return Fund Inc Common Stock,$16.79,-0.06,-0.356%,NA
FLG^A,"Flagstar Bank, N.A. Depositary shares, each representing a 1/40th interest in a share of Fixed-to-Floating Rate Series A Noncumulative Perpetual Preferred Stock",$24.03,-0.02,-0.083%,NA
FLG^U,"Flagstar Bank, N.A. Bifurcated Option Note Unit SecuritiES",$39.99,0.435,1.10%,NA
FMAC,Future Money Acquisition Corporation Ordinary Shares,$10.06,0.02,0.199%,NA
FMY,First Trust Mortgage Income Fund Common Shares of Beneficial Interest,$11.70,-0.03,-0.256%,NA
FOUR^A,"Shift4 Payments, Inc. 6.00% Series A Mandatory Convertible Preferred Stock",$61.085,-0.105,-0.172%,NA
FPF,First Trust Intermediate Duration Preferred & Income Fund Common Shares of Beneficial Interest,$17.65,-0.06,-0.339%,NA
FRT^C,"Federal Realty Investment Trust Depositary Shares, each representing a 1/1000th interest in a 5.000% Series C Cumulative Redeemable Preferred Share",$19.148,0.028,0.146%,NA
FSHP,Flag Ship Acquisition Corp. Ordinary Shares,$11.20,UNCH,--,NA
FSHPR,Flag Ship Acquisition Corp. Right,$0.07,UNCH,--,NA
FSHPU,Flag Ship Acquisition Corp. Unit,$11.19,UNCH,--,NA
FSSL,FS Specialty Lending Fund Common Shares of Beneficial Interest,$11.52,-0.26,-2.207%,NA
FTHA,Forefront Tech Holdings Acquisition Corp Class A Ordinary Shares,$9.94,UNCH,--,NA
FTHAW,Forefront Tech Holdings Acquisition Corp Warrant,$0.30,UNCH,--,NA
FTRA,FutureCorp Space Acquisition 1 Class A Ordinary Shares,$9.87,0.01,0.101%,NA
FVAV,Fortress Value Acquisition Corp. V Class A Ordinary Shares,$10.21,0.01,0.098%,NA
FVN,Future Vision II Acquisition Corporation Ordinary shares,$12.00,0.34,2.916%,NA
FVNNR,Future Vision II Acquisition Corporation Right,$0.19,UNCH,--,NA
FVNNU,Future Vision II Acquisition Corporation Units,$10.67,UNCH,--,NA
FWAC,Futurewave Acquisition Corporation Ordinary Shares,$9.90,UNCH,--,NA
FWACR,Futurewave Acquisition Corporation Rights,$0.19,0.01,5.556%,NA
FWACU,Futurewave Acquisition Corporation Units,$10.24,0.095,0.936%,NA
FWACW,Futurewave Acquisition Corporation Warrants,$0.045,-0.005,-10.00%,NA
FXAC,FortuneX Acquisition Corporation Ordinary shares,$10.07,0.01,0.099%,NA
FXACU,FortuneX Acquisition Corporation Units,$10.19,UNCH,--,NA
GAB^G,"Gabelli Equity Trust, Inc. (The) Series G Cumulative Preferred Stock",$19.02,-0.12,-0.627%,NA
GAB^H,"Gabelli Equity Trust, Inc. (The) Pfd Ser H",$19.035,-0.095,-0.497%,NA
GAB^K,"Gabelli Equity Trust, Inc. (The) 5.00% Series K Cumulative Preferred Stock",$19.04,-0.325,-1.678%,NA
GAING,Gladstone Investment Corporation 7.125% Notes due 2031,$25.175,0.1349,0.539%,NA
GAINI,Gladstone Investment Corporation 7.875% Notes due 2030,$25.49,-0.0599,-0.234%,NA
GAM^B,"General American Investors Company, Inc. Cumulative Preferred Stock",$24.73,-0.03,-0.121%,NA
GCGR,General Catalyst Global Resilience Merger Corp. Class A Ordinary Shares,$10.17,UNCH,--,NA
GCGRU,General Catalyst Global Resilience Merger Corp. Units,$10.35,UNCH,--,NA
GDL,"GDL Fund, The Common Shares of Beneficial Interest",$8.4301,0.0181,0.215%,NA
GDO,Western Asset Global Corporate Opportunity Fund Inc. Common Stock,$10.28,-0.04,-0.388%,NA
GDV^H,The Gabelli Dividend & Income Trust 5.375% Series H Cumulative Preferred Shares,$20.81,-0.09,-0.431%,NA
GDV^K,The Gabelli Dividend & Income Trust 4.250% Series K Cumulative Preferred Shares,$16.7032,-0.1218,-0.724%,NA
GECCG,Great Elm Capital Corp. 7.75% Notes Due 2030,$24.89,-0.09,-0.36%,NA
GECCH,Great Elm Capital Corp. 8.125% Notes Due 2029,$25.11,0.0599,0.239%,NA
GECCI,Great Elm Capital Corp. 8.50% NOTES DUE 2029,$25.29,-0.03,-0.118%,NA
GF,"New Germany Fund, Inc. (The) Common Stock",$11.3095,-0.0905,-0.794%,NA
GGN,"GAMCO Global Gold, Natural Resources & Income Trust",$5.59,0.11,2.007%,NA
GGN^B,"GAMCO Global Gold, Natural Reources & Income Trust 5.00% Series B Cumulative 25.00 Liquidation Preference",$18.93,-0.1749,-0.915%,NA
GGT^E,Gabelli Multi-Media Trust Inc. (The) 5.125% Series E Cumulative Preferred Stock,$20.00,-0.065,-0.324%,NA
GGT^G,Gabelli Multi-Media Trust Inc. (The) 5.125% Series G Cumulative Preferred Shares,$20.03,0.06,0.30%,NA
GHXI,"Gores Holdings XI, Inc. Class A Ordinary Shares",$9.97,-0.10,-0.993%,NA
GHXIU,"Gores Holdings XI, Inc. Units",$10.1534,-0.0166,-0.163%,NA
GHXIW,"Gores Holdings XI, Inc. Warrant",$0.55,UNCH,--,NA
GHY,"PGIM Global High Yield Fund, Inc.",$11.60,-0.08,-0.685%,NA
GIW,GigCapital8 Corp. Class A Ordinary Shares,$10.17,UNCH,--,NA
GIWWR,GigCapital8 Corp. Rights,$0.28,-0.0189,-6.323%,NA
GIWWU,GigCapital8 Corp. Units,$10.461,UNCH,--,NA
GIX,GigCapital9 Corp. Class A Ordinary Share,$9.99,0.02,0.201%,NA
GIXXR,GigCapital9 Corp. Rights,$0.2501,-0.0399,-13.759%,NA
GJH,Synthetic Fixed-Income Securities Inc 6.375% (STRATS) Cl A-1,$9.45,UNCH,--,NA
GJO,"Synthetic Fixed-Income Securities, Inc. on behalf of STRATS(SM) Trust for Wal-Mart Stores, Inc. Securities, Series 2004-5",$24.50,UNCH,--,NA
GJP,"Synthetic Fixed-Income Securities, Inc. on behalf of STRATS (SM) Trust for Dominion Resources, Inc. Securities, Series 2005-6, Floating Rate Structured Repackaged Asset-Backed Trust Securities (STRATS) Certificates",$24.72,UNCH,--,NA
GJR,"Synthetic Fixed-Income Securities, Inc. STRATS Trust for Procter&Gamble Securities, Series 2006-1",$24.51,-0.2101,-0.85%,NA
GJT,"Synthetic Fixed-Income Securities, Inc. Floating Rate Structured Repackaged Asset-Backed Trust Securities Certificates, Series 2006-3",$23.25,-0.0001,0.00%,NA
GL^D,Globe Life Inc. 4.25% Junior Subordinated Debentures due 2061,$15.21,0.08,0.529%,NA
GLED,GalaxyEdge Acquisition Corporation Ordinary Shares,$9.975,0.005,0.05%,NA
GLO,Clough Global Opportunities Fund Common Stock,$5.75,-0.14,-2.377%,NA
GLOP^A,GasLog Partners LP 8.625% Series A Cumulative Redeemable Perpetual Fixed to Floating Rate Preference Units,$25.44,-0.16,-0.625%,NA
GLOP^B,GasLog Partners LP 8.200% Series B Cumulative Redeemable Perpetual Fixed to Floating Rate Preference Units,$25.855,-0.045,-0.174%,NA
GLOP^C,GasLog Partners LP 8.500% Series C Cumulative Redeemable Perpetual Fixed to Floating Rate Preference Units,$25.57,-0.23,-0.891%,NA
GLQ,Clough Global Equity Fund Clough Global Equity Fund Common Shares of Beneficial Interest,$8.07,-0.20,-2.418%,NA
GLU^A,The Gabelli Global Utility and Income Trust Series A Cumulative Puttable and Callable Preferred Shares,$66.50,UNCH,--,NA
GLU^B,The Gabelli Global Utility and Income Trust Series B Cumulative Puttable and Callable Preferred Shares,$50.3101,UNCH,--,NA
GNL^A,"Global Net Lease, Inc. 7.25% Series A Cumulative Redeemable Preferred Stock, $0.01 par value per share",$23.00,UNCH,--,NA
GNL^B,"Global Net Lease, Inc. 6.875% Series B Cumulative Redeemable Perpetual Preferred Stock",$22.02,-0.079,-0.357%,NA
GNL^D,"Global Net Lease, Inc. 7.50% Series D Cumulative Redeemable Perpetual Preferred Stock",$23.75,-0.12,-0.503%,NA
GNL^E,"Global Net Lease, Inc. 7.375% Series E Cumulative Redeemable Perpetual Preferred Stock",$23.00,-0.03,-0.13%,NA
GNT^A,"GAMCO Natural Resources, Gold & Income Tust  5.20% Series A Cumulative Preferred Shares (Liquidation Preference $25.00 per share)",$19.80,0.0199,0.101%,NA
GOF,Guggenheim Strategic Opportunities Fund Common Shares of Beneficial Interest,$9.42,-0.67,-6.64%,NA
GPAC,General Purpose Acquisition Corp. Class A Ordinary Shares,$10.05,0.01,0.10%,NA
GPACU,General Purpose Acquisition Corp. Units,$10.13,UNCH,--,NA
GPACW,General Purpose Acquisition Corp. Warrant,$0.24,0.0001,0.042%,NA
GPAT,GP-Act III Acquisition Corp. Class A Ordinary Share,$10.93,UNCH,--,NA
GPATW,GP-Act III Acquisition Corp. Warrants,$0.2125,-0.0025,-1.163%,NA
GPMT^A,Granite Point Mortgage Trust Inc. 7.00% Series A Fixed-to-Floating Rate Cumulative Redeemable Preferred Stock,$17.34,0.12,0.697%,NA
GRBK^A,"Green Brick Partners, Inc. Depositary Shares (each representing a 1/1000th fractional interest in a share of 5.75% Series A Cumulative Perpetual Preferred Stock)",$22.72,0.14,0.62%,NA
GRF,"Eagle Capital Growth Fund, Inc. Common Stock",$10.40,UNCH,--,NA
GS^A,"Goldman Sachs Group, Inc. (The) Depositary Shares each representing 1/1000th Interest in a Share of Floating Rate Non-Cumulative Preferred Stock Series A",$19.21,-0.02,-0.104%,NA
GS^C,"Goldman Sachs Group, Inc. (The) Depositary Share repstg 1/1000th Preferred Series C",$19.18,-0.105,-0.544%,NA
GS^D,"Goldman Sachs Group, Inc. (The) Dep Shs repstg 1/1000 Pfd Ser D Fltg",$18.76,-0.03,-0.16%,NA
GSHR,Gesher Acquisition Corp. II Class A Ordinary Shares,$10.55,0.03,0.285%,NA
GSHRW,Gesher Acquisition Corp. II Warrants,$0.37,UNCH,--,NA
GSL^B,"Global Ship Lease, Inc. Depository Shares Representing 1/100th Perpetual Preferred Series B% (Marshall Island)",$26.7411,-0.1188,-0.442%,NA
GSRF,GSR IV Acquisition Corp. Class A ordinary share,$10.21,UNCH,--,NA
GSRFR,GSR IV Acquisition Corp. Rights,$1.69,-0.06,-3.429%,NA
GSRV,GSR V Acquisition Corp. Class A ordinary shares,$9.875,UNCH,--,NA
GSRVU,GSR V Acquisition Corp. Units,$10.65,UNCH,--,NA
GTEN,"Gores Holdings X, Inc. Class A ordinary shares",$10.62,-0.045,-0.422%,NA
GTENU,"Gores Holdings X, Inc. Units",$10.80,UNCH,--,NA
GTENW,"Gores Holdings X, Inc. Warrants",$0.80,-0.02,-2.439%,NA
GTERA,Globa Terra Acquisition Corporation Class A Ordinary Shares,$10.395,UNCH,--,NA
GTERR,Globa Terra Acquisition Corporation Rights,$0.07,-0.0051,-6.791%,NA
GTERU,Globa Terra Acquisition Corporation Units,$10.48,0.02,0.191%,NA
GTERW,Globa Terra Acquisition Corporation Warrants,$0.0727,0.0028,4.006%,NA
GUAC,Berto Acquisition Corp. II Ordinary Shares,$9.9354,UNCH,--,NA
GUACU,Berto Acquisition Corp. II Unit,$10.12,UNCH,--,NA
GUACW,Berto Acquisition Corp. II Warrants,$0.61,-0.01,-1.613%,NA
GUG,Guggenheim Active Allocation Fund Common Shares of Beneficial Interest,$14.86,-0.13,-0.867%,NA
GUT^C,Gabelli Utility Trust (The) 5.375% Series C Cumulative Preferred Shares,$20.62,-0.11,-0.531%,NA
HACQ,HCM IV Acquisition Corp. Class A Ordinary Share,$10.06,UNCH,--,NA
HACQU,HCM IV Acquisition Corp. Unit,$10.15,UNCH,--,NA
HACQW,HCM IV Acquisition Corp. Warrants,$0.5046,UNCH,--,NA
HAVA,Harvard Ave Acquisition Corporation Class A Ordinary Share,$10.16,UNCH,--,NA
HAVAU,Harvard Ave Acquisition Corporation Unit,$10.49,UNCH,--,NA
HCAC,Hall Chadwick Acquisition Corp Class A Ordinary Shares,$10.08,UNCH,--,NA
HCACR,Hall Chadwick Acquisition Corp Rights,$0.2881,0.0381,15.24%,NA
HCIC,Hennessy Capital Investment Corp. VIII Class A Ordinary Shares,$10.00,UNCH,--,NA
HCICR,Hennessy Capital Investment Corp. VIII Share Rights,$0.1516,0.0015,0.999%,NA
HCICU,Hennessy Capital Investment Corp. VIII Units,$10.1501,0.0301,0.297%,NA
HCMAU,HCM III Acquisition Corp. Units,$10.47,UNCH,--,NA
HEI/A,Heico Corporation,$257.92,-6.47,-2.447%,NA
HEQ,John Hancock Diversified Income Fund Common Shares of Beneficial Interest,$11.78,-0.05,-0.423%,NA
HERZ,"Herzfeld Credit Income Fund, Inc. Common Stock",$15.78,-0.22,-1.375%,NA
HFRO,Highland Opportunities and Income Fund Common Shares of Beneficial Interest,$7.15,-0.05,-0.694%,NA
HFRO^A,Highland Opportunities and Income Fund 5.375% Series A Cumulative Preferred Shares,$16.39,-0.12,-0.727%,NA
HFRO^B,Highland Opportunities and Income Fund 5.375% Series B Cumulative Preferred Shares,$16.30,-0.04,-0.245%,NA
HGLB,Highland Global Allocation Fund Common Stock,$7.57,0.04,0.531%,NA
HIG^G,"The Hartford Insurance Group, Inc. Depositary Shares each representing a 1/1000th interest in a share of 6.000% Non-Cumulative Preferred Stock, Series G",$24.44,-0.1052,-0.429%,NA
HIO,"Western Asset High Income Opportunity Fund, Inc. Common Stock",$3.53,-0.03,-0.843%,NA
HIX,Western Asset High Income Fund II Inc. Common Stock,$3.93,-0.06,-1.504%,NA
HL^B,Hecla Mining Company Preferred Stock,$77.65,3.702,5.006%,NA
HLXC,Helix Acquisition Corp. III Class A Ordinary Shares,$10.85,-0.06,-0.55%,NA
HPE^C,Hewlett Packard Enterprise Company 7.625% Series C Mandatory Convertible Preferred Stock,$135.82,-0.16,-0.118%,NA
HPF,John Hancock Pfd Income Fund II Pfd Income Fund II,$15.72,-0.05,-0.317%,NA
HPI,John Hancock Preferred Income Fund Common Shares of Beneficial Interest,$16.00,-0.09,-0.559%,NA
HPP^C,"Hudson Pacific Properties, Inc. 4.750% Series C Cumulative Redeemable Preferred Stock",$14.16,-0.09,-0.632%,NA
HPS,John Hancock Preferred Income Fund III Preferred Income Fund III,$13.98,-0.09,-0.64%,NA
HTD,John Hancock Tax Advantaged Dividend Income Fund Common Shares of Beneficial Interest,$25.46,-0.06,-0.235%,NA
HVII,Hennessy Capital Investment Corp. VII Ordinary Shares,$8.18,-2.345,-22.28%,NA
HVIIR,Hennessy Capital Investment Corp. VII Rights,$0.2711,-0.0139,-4.877%,NA
HVMC,Highview Merger Corp. Class A Ordinary Share,$10.24,0.01,0.098%,NA
HVMCU,Highview Merger Corp. Units,$10.35,UNCH,--,NA
HVMCW,Highview Merger Corp. Warrants,$0.33,UNCH,--,NA
HVT/A,"Haverty Furniture Companies, Inc.",$29.97,UNCH,--,NA
HYI,Western Asset High Yield Opportunity Fund Inc. Common Stock,$10.49,-0.02,-0.19%,NA
HYT,"Blackrock Corporate High Yield Fund, Inc. Common Stock",$8.28,-0.05,-0.60%,NA
IACO,Idea Acquisition Corp. Class A Ordinary Shares,$9.98,0.01,0.10%,NA
IACOU,Idea Acquisition Corp. Units,$10.05,-0.0001,-0.001%,NA
IACOW,Idea Acquisition Corp. Warrants,$0.2752,-0.0248,-8.267%,NA
IACQ,Irenic Acquisition Corp. Class A Ordinary Shares,$9.93,0.0089,0.09%,NA
IACQU,Irenic Acquisition Corp. Unit,$10.08,UNCH,--,NA
IACQW,Irenic Acquisition Corp. Warrants,$0.45,-0.0599,-11.747%,NA
IAE,Voya Asia Pacific High Dividend Equity Income Fund ING Asia Pacific High Dividend Equity Income Fund Common Shares of Beneficial Interest,$8.83,0.04,0.455%,NA
IAF,"abrdn Australia Equity Fund, Inc. Common Stock",$13.24,-0.065,-0.489%,NA
IBAC,IB Acquisition Corp. Common Stock,$10.88,UNCH,--,NA
IBACR,IB Acquisition Corp. Right,$0.115,0.0224,24.19%,NA
ICR^A,"InPoint Commercial Real Estate Income, Inc. 6.75% Series A Cumulative Redeemable Preferred Stock",$23.00,UNCH,--,NA
IDAC,Iron Dome Acquisition I Corp. Class A Ordinary Shares,$9.98,UNCH,--,NA
IDACU,Iron Dome Acquisition I Corp. Units,$10.12,UNCH,--,NA
IDACW,Iron Dome Acquisition I Corp. Warrant,$0.25,-0.02,-7.407%,NA
IDE,"Voya Infrastructure, Industrials and Materials Fund Common Shares of Beneficial Interest",$13.23,-0.04,-0.301%,NA
IEAG,Infinite Eagle Acquisition Corp. Class A Ordinary Shares,$10.26,UNCH,--,NA
IEAGR,Infinite Eagle Acquisition Corp. Rights,$0.18,UNCH,--,NA
IEAGU,Infinite Eagle Acquisition Corp. Unit,$10.44,0.06,0.578%,NA
IFN,"Aberdeen India Fund, Inc. Common Stock",$11.83,-0.02,-0.169%,NA
IGA,Voya Global Advantage and Premium Opportunity Fund Common Shares of Beneficial Interest,$10.43,-0.05,-0.477%,NA
IGAC,Invest Green Acquisition Corporation Class A Ordinary Shares,$10.05,UNCH,--,NA
IGACR,Invest Green Acquisition Corporation Rights,$0.1551,UNCH,--,NA
IGD,Voya Global Equity Dividend and Premium Opportunity Fund,$6.62,0.01,0.151%,NA
IGI,Western Asset Investment Grade Opportunity Trust Inc. Common Stock,$15.9201,-0.1499,-0.933%,NA
IGR,CBRE Global Real Estate Income Fund Common Shares of Beneficial Interest,$4.61,-0.12,-2.537%,NA
IHD,Voya Emerging Markets High Income Dividend Equity Fund Common Shares,$7.49,0.05,0.672%,NA
IIF,"Morgan Stanley India Investment Fund, Inc. Common Stock",$23.06,UNCH,--,NA
IIPR^A,"Innovative Industrial Properties, Inc. 9.00% Series A Cumulative Redeemable Preferred Stock",$25.0161,-0.0027,-0.011%,NA
ILLU,Illumination Acquisition Corp I Class A Ordinary Shares,$9.97,0.01,0.10%,NA
ILLUW,Illumination Acquisition Corp I Warrant,$0.4399,UNCH,--,NA
INAC,Indigo Acquisition Corp. Ordinary Shares,$10.31,UNCH,--,NA
INACR,Indigo Acquisition Corp. Right,$0.12,-0.02,-14.286%,NA
INN^E,"Summit Hotel Properties, Inc. 6.250% Series E Cumulative Redeemable Preferred Stock",$17.92,-0.045,-0.25%,NA
INN^F,"Summit Hotel Properties, Inc. 5.875% Series F Cumulative Redeemable Preferred Stock, $0.01 par value per share",$17.08,0.08,0.471%,NA
IPEX,Inflection Point Acquisition Corp. V Class A Ordinary Shares,$10.535,UNCH,--,NA
IPEXR,Inflection Point Acquisition Corp. V Rights,$0.58,0.03,5.455%,NA
IPFX,Inflection Point Acquisition Corp. VI Class A Ordinary Shares,$10.105,-0.005,-0.049%,NA
IPFXU,Inflection Point Acquisition Corp. VI Units,$10.50,UNCH,--,NA
IPFXW,Inflection Point Acquisition Corp. VI Warrant,$1.24,-0.02,-1.587%,NA
IPVV,"InterPrivate Investment Partners V, Inc. Class A Ordinary Shares",$9.82,UNCH,--,NA
IPVVU,"InterPrivate Investment Partners V, Inc. Units",$9.92,UNCH,--,NA
IPVVW,"InterPrivate Investment Partners V, Inc. Warrants",$0.35,UNCH,--,NA
IRAB,Iris Acquisition Corp II Class A Ordinary Shares,$9.9801,-0.0099,-0.099%,NA
IRHO,Iron Horse Acquisitions II Corp. Common Stock,$10.025,UNCH,--,NA
IRHOR,Iron Horse Acquisitions Corp. II Rights,$0.1992,0.0383,23.804%,NA
IRHOU,Iron Horse Acquisitions II Corp. Units,$10.24,0.04,0.392%,NA
ISD,"PGIM High Yield Bond Fund, Inc.",$12.29,-0.11,-0.887%,NA
ISNR,Snow Rothschild Acquisition Corp. Class A Ordinary Shares,$9.875,UNCH,--,NA
ISNRU,Snow Rothschild Acquisition Corp. Units,$9.98,UNCH,--,NA
ISNRW,Snow Rothschild Acquisition Corp. Warrants,$0.26,UNCH,--,NA
ITHA,ITHAX Acquisition Corp III Class A Ordinary Shares,$10.03,UNCH,--,NA
ITHAU,ITHAX Acquisition Corp III Units,$10.06,UNCH,--,NA
ITHAW,ITHAX Acquisition Corp III Warrants,$0.2007,0.0001,0.05%,NA
IVR^C,"INVESCO MORTGAGE CAPITAL INC 7.5% Fixed-to-Floating Series C Cumulative Redeemable Preferred Stock, Liquation Preference $25.00 per Share",$25.05,-0.05,-0.199%,NA
JAB,JAB Acquisition Corp I Class A Ordinary Shares,$9.935,-0.005,-0.05%,NA
JABRR,JAB Acquisition Corp I Rights,$0.1391,0.0091,7.00%,NA
JABRU,JAB Acquisition Corp I Unit,$10.0999,0.0199,0.197%,NA
JABRW,JAB Acquisition Corp I Warrants,$0.04,-0.0029,-6.76%,NA
JACS,Jackson Acquisition Company II Class A Ordinary Shares,$10.74,0.03,0.28%,NA
JATT,JATT II Acquisition Corp Ordinary Shares,$13.78,0.255,1.885%,NA
JBK,Lehman ABS 3.50 3.50% Adjustable Corp Backed Tr Certs GS Cap I,$25.80,0.08,0.311%,NA
JCE,Nuveen Core Equity Alpha Fund Common Shares of Beneficial Interest,$16.97,0.005,0.029%,NA
JENA,Jena Acquisition Corporation II Class A Ordinary Shares,$10.36,UNCH,--,NA
JFR,Nuveen Floating Rate Income Fund Common Stock,$7.58,-0.03,-0.394%,NA
JGH,Nuveen Global High Income Fund Common Shares of Beneficial Interest,$12.33,-0.12,-0.964%,NA
JLS,Nuveen Mortgage and Income Fund,$16.85,-0.02,-0.119%,NA
JMM,Nuveen Multi-Market Income Fund (MA),$5.7606,-0.0294,-0.508%,NA
JOF,Japan Smaller Capitalization Fund Inc Common Stock,$12.17,-0.21,-1.696%,NA
JONEU,Jones Ventures INTL Acquisition1 Corp Units,$9.92,UNCH,--,NA
JPC,Nuveen Preferred & Income Opportunities Fund,$7.45,-0.14,-1.845%,NA
JPM^C,"J P Morgan Chase & Co Depositary Shares, each representing a 1/400th interest in a share of 6.00% Non-Cumulative  Preferred Stock, Series EE",$24.76,-0.10,-0.402%,NA
JPM^D,"J P Morgan Chase & Co Depositary Shares, each representing a 1/400th  interest in a share of 5.75% Non-Cumulative  Preferred Stock, Series DD",$23.26,-0.09,-0.385%,NA
JPM^J,"J P Morgan Chase & Co Depositary Shares, each representing a 1/400th interest in a share of JPMorgan Chase & Co. 4.75% Non-Cumulative Preferred Stock, Series GG",$18.67,-0.015,-0.08%,NA
JPM^K,"J P Morgan Chase & Co Depositary Shares, each representing a 1/400th interest in a share of 4.55% Non-Cumulative Preferred Stock, Series JJ",$17.79,-0.06,-0.336%,NA
JPM^L,"J P Morgan Chase & Co Depositary Shares, each representing a 1/400th interest in a share of 4.625% Non-Cumulative Preferred Stock, Series LL",$18.11,-0.08,-0.44%,NA
JPM^M,"J P Morgan Chase & Co Depositary Shares, each representing a 1/400th interest in a share of 4.20% Non-Cumulative Preferred Stock, Series MM",$16.55,-0.03,-0.181%,NA
JQC,Nuveen Credit Strategies Income Fund Shares of Beneficial Interest,$4.75,-0.04,-0.835%,NA
JRI,Nuveen Real Asset Income and Growth Fund Common Shares of Beneficial Interest,$12.41,0.03,0.242%,NA
JRS,Nuveen Real Estate Income Fund Common Shares of Beneficial Interest,$8.52,0.065,0.769%,NA
JXN^A,"Jackson Financial Inc. Depositary Shares, each representing a 1/1,000th interest in a share of Fixed-Rate Reset Noncumulative Perpetual Preferred Stock, Series A",$25.50,-0.04,-0.157%,NA
KBON,Karbon Capital Partners Corp. Class A Ordinary Shares,$10.10,UNCH,--,NA
KBONU,Karbon Capital Partners Corp. Units,$10.25,-0.05,-0.485%,NA
KCHV,Kochav Defense Acquisition Corp. Class A Ordinary Shares,$10.43,-0.01,-0.096%,NA
KCHVR,Kochav Defense Acquisition Corp. Right,$0.11,UNCH,--,NA
KCHVU,Kochav Defense Acquisition Corp. Units,$10.82,-0.08,-0.734%,NA
KEY^I,"KeyCorp Depositary Shares Each Representing a 1/40th Ownership Interest in a Share of Fixed-to-Floating Rate Perpetual Non-Cumulative Preferred Stock, Series E",$25.28,-0.06,-0.237%,NA
KEY^J,"KeyCorp Depositary Shares each representing a 1/40th ownership interest in a share of Fixed Rate Perpetual Non-Cumulative Preferred Stock, Series F",$20.80,-0.01,-0.048%,NA
KEY^K,"KeyCorp Depositary Shares, each representing a 1/40th ownership interest in a share of Fixed Rate Perpetual Non-Cumulative Preferred Stock, Series G",$20.59,0.01,0.049%,NA
KEY^L,"KeyCorp Depositary Shares each representing a 1/40th ownership interest in a share of Fixed Rate Perpetual Non-Cumulative Preferred Stock, Series H",$25.32,0.14,0.556%,NA
KEYY,Keystone Acquisition Corp. Class A Ordinary Shares,$9.88,UNCH,--,NA
KEYYU,Keystone Acquisition Corp. Unit,$10.05,UNCH,--,NA
KEYYW,Keystone Acquisition Corp. Warrants,$0.385,0.0299,8.42%,NA
KF,"Korea Fund, Inc. (The) New Common Stock",$63.89,1.39,2.224%,NA
KFII,K&F Growth Acquisition Corp. II Class A Ordinary shares,$10.62,-0.03,-0.282%,NA
KFIIR,K&F Growth Acquisition Corp. II Rights,$0.105,0.005,5.00%,NA
KIM^L,"Kimco Realty Corporation Class L Depositary Shares, each of which represents a one-one thousandth fractional interest in a share of 5.125% Class L Cumulative Redeemable Preferred Stock, liquidation preference $25,000.00 per share",$19.55,0.19,0.981%,NA
KIM^M,"Kimco Realty Corporation Class M Depositary Shares, each of which represents a one-one thousandth fractional interest in a share of 5.25% Class M Cumulative Redeemable Preferred Stock, liquidation preference $25,000.00 per share",$19.93,0.18,0.911%,NA
KIM^N,"Kimco Realty Corporation Depositary Shares, each representing 1/1,000th interest in a share of 7.25% Class N Cumulative Convertible Perpetual Preferred Stock",$61.75,UNCH,--,NA
KIO,KKR Income Opportunities Fund Common Shares,$10.94,-0.09,-0.816%,NA
KKR^D,KKR & Co. Inc. 6.25% Series D Mandatory Convertible Preferred Stock,$46.28,-1.05,-2.218%,NA
KKRT,KKR & Co. Inc. 6.875% Subordinated Notes due 2065,$23.07,0.14,0.611%,NA
KOYN,CSLM Digital Asset Acquisition Corp III Class A Ordinary Shares,$10.24,0.02,0.196%,NA
KOYNU,CSLM Digital Asset Acquisition Corp III Units,$10.29,0.01,0.097%,NA
KOYNW,CSLM Digital Asset Acquisition Corp III Warrants,$0.20,0.0079,4.112%,NA
KPET,KPET Ultra Paceline Corporation Class A Ordinary Shares,$9.99,0.01,0.10%,NA
KRAQ,KRAKacquisition Corp Class A Ordinary Shares,$9.995,0.015,0.15%,NA
KRAQU,KRAKacquisition Corp Unit,$10.10,UNCH,--,NA
KRAQW,KRAKacquisition Corp Warrants,$0.40,0.01,2.564%,NA
KREF^A,KKR Real Estate Finance Trust Inc. 6.50% Series A Cumulative Redeemable Preferred Stock,$18.30,0.02,0.109%,NA
KRSP,Rice Acquisition Corporation 3 Class A Ordinary Shares,$10.60,0.05,0.474%,NA
KTH,Structures Products Cp 8% CorTS Issued by Peco Energy Cap Tr II Preferred Stock,$28.75,UNCH,--,NA
KTN,Structured Products Corp 8.205% CorTS 8.205% Corporate Backed Trust Securities (CorTS),$25.5267,0.0966,0.38%,NA
KTWOU,K2 Capital Acquisition Corporation Units,$10.2499,UNCH,--,NA
LAFA,LaFayette Acquisition Corp. Ordinary Share,$10.13,UNCH,--,NA
LAFAU,LaFayette Acquisition Corp. Unit,$10.20,UNCH,--,NA
LATA,Galata Acquisition Corp. II Class A Ordinary Shares,$10.15,UNCH,--,NA
LATAU,Galata Acquisition Corp. II Units,$10.21,-0.02,-0.196%,NA
LATAW,Galata Acquisition Corp. II Warrant,$0.2411,-0.039,-13.924%,NA
LCCC,Lakeshore Acquisition III Corp. Ordinary Shares,$10.49,UNCH,--,NA
LDP,"Cohen & Steers Limited Duration Preferred and Income Fund, Inc.",$20.44,-0.11,-0.535%,NA
LFAC,Leapfrog Acquisition Corporation Class A Ordinary Shares,$10.05,UNCH,--,NA
LFACW,Leapfrog Acquisition Corporation Warrants,$0.34,UNCH,--,NA
LFT^A,"Lument Finance Trust, Inc. 7.875% Series A Cumulative Redeemable Preferred Stock",$16.4263,-0.0737,-0.447%,NA
LGI,Lazard Global Total Return and Income Fund Common Stock,$18.52,0.08,0.434%,NA
LKSP,Lake Superior Acquisition Corp. Class A Ordinary Shares,$10.22,0.02,0.196%,NA
LKSPR,Lake Superior Acquisition Corp. Rights,$1.10,UNCH,--,NA
LKSPU,Lake Superior Acquisition Corp. Units,$10.445,UNCH,--,NA
LNC^D,"Lincoln National Corporation Depositary Shares Each Representing a 1/1,000th Interest in a Share of 9.000% Non-Cumulative Preferred Stock, Series D",$26.15,0.03,0.115%,NA
LOB^A,"Live Oak Bancshares, Inc. Depositary Shares, Each Representing a 1/40th Interest in a Share of 8.375% Fixed Rate Series A Non-Cumulative Perpetual Preferred Stock",$25.17,0.12,0.479%,NA
LPAA,Launch One Acquisition Corp. Class A Ordinary shares,$10.75,UNCH,--,NA
LPAAU,Launch One Acquisition Corp. Unit,$11.11,UNCH,--,NA
LPAAW,Launch One Acquisition Corp. Warrant,$0.15,-0.03,-16.667%,NA
LPBB,Launch Two Acquisition Corp. Class A Ordinary Shares,$10.7899,0.0099,0.092%,NA
LPBBW,Launch Two Acquisition Corp. Warrant,$0.2749,-0.015,-5.174%,NA
LPCV,Launchpad Cadenza Acquisition Corp I Class A Ordinary Share,$10.02,UNCH,--,NA
LPCVU,Launchpad Cadenza Acquisition Corp I Unit,$10.0999,UNCH,--,NA
LTGR,Long Table Growth Corp. Class A Ordinary Shares,$9.93,UNCH,--,NA
LTGRU,Long Table Growth Corp. Units,$10.02,UNCH,--,NA
LWAC,LightWave Acquisition Corp. Class A Ordinary Shares,$10.35,UNCH,--,NA
LWACW,LightWave Acquisition Corp. Warrants,$0.2931,0.0032,1.104%,NA
LXP^C,LXP Industrial Trust 6.5% Series C Cumulative Convertible Preferred Stock,$49.00,UNCH,--,NA
MAA^I,"Mid-America Apartment Communities, Inc. 8.50% Series I Cumulative Redeemable Preferred Stock",$53.98,0.28,0.521%,NA
MACI,Melar Acquisition Corp. I Class A Ordinary Shares,$10.98,0.03,0.274%,NA
MACIW,Melar Acquisition Corp. I Warrant,$0.1202,-0.0161,-11.812%,NA
MBVI,M3-Brigade Acquisition VI Corp. Class A Ordinary Shares,$10.22,UNCH,--,NA
MBVIU,M3-Brigade Acquisition VI Corp. Units,$10.29,UNCH,--,NA
MBVIW,M3-Brigade Acquisition VI Corp. Warrant,$0.37,0.02,5.714%,NA
MCAH,Mountain Crest Acquisition 6 Corp. Ordinary Shares,$10.00,0.01,0.10%,NA
MCAHU,Mountain Crest Acquisition 6 Corp. Units,$10.42,0.24,2.358%,NA
MCGA,Yorkville Acquisition Corp. Class A Ordinary Share,$10.3011,0.0011,0.011%,NA
MCGAU,Yorkville Acquisition Corp. Unit,$10.41,0.02,0.192%,NA
MCGAW,Yorkville Acquisition Corp. Warrant,$0.37,0.0357,10.679%,NA
MCN,XAI Madison Equity Premium Income Fund Common Shares,$5.64,UNCH,--,NA
MEGI,NYLI CBRE Global Infrastructure Megatrends Term Fund Common Shares,$15.09,-0.27,-1.758%,NA
MER^K,"Bank of America Corporation Income Capital Obligation Notes initially due December 15, 2066",$25.01,-0.11,-0.438%,NA
MESH,Meshflow Acquisition Corp. Class A Ordinary Shares,$10.0404,-0.0046,-0.046%,NA
MESHU,Meshflow Acquisition Corp. Units,$10.13,UNCH,--,NA
MESHW,Meshflow Acquisition Corp. Warrants,$0.2824,UNCH,--,NA
MET^A,"MetLife, Inc. Preferred Series A Floating Rate",$20.815,-0.035,-0.168%,NA
MET^E,"MetLife, Inc. Depositary Shares ",$21.44,-0.04,-0.186%,NA
MET^F,"MetLife, Inc. Depositary Shares, each representing a 1/1,000th interest in a share of 4.75% Non-Cumulative Preferred Stock, Series F",$18.09,0.04,0.222%,NA
METCI,"Ramaco Resources, Inc. 8.250% Senior Notes due 2030",$25.37,0.09,0.356%,NA
METCZ,"Ramaco Resources, Inc. 8.375% Senior Notes due 2029",$25.41,UNCH,--,NA
MEVO,M Evo Global Acquisition Corp II Class A Ordinary Shares,$9.96,UNCH,--,NA
MEVOU,M Evo Global Acquisition Corp II Units,$10.16,0.0399,0.394%,NA
MEVOW,M Evo Global Acquisition Corp II Warrants,$0.3617,-0.0383,-9.575%,NA
MFA^B,"MFA Financial, Inc. Preferred Series B",$20.185,0.0187,0.093%,NA
MFA^C,"MFA Financial, Inc. 6.50% Series C Fixed-to-Floating Rate Cumulative Redeemable Preferred Stock",$23.44,-0.0392,-0.167%,NA
MHF,"Western Asset Municipal High Income Fund, Inc. Common Stock",$6.83,-0.04,-0.582%,NA
MIACU,Meridian3 Industrials Acquisition Corp Units,$9.97,UNCH,--,NA
MITT^A,"TPG Mortgage Investment Trust, Inc. 8.25% Series A Cumulative Redeemable Preferred Stock",$22.2499,0.0298,0.134%,NA
MITT^B,"TPG Mortgage Investment Trust, Inc. 8.00% Series B Cumulative Redeemable Preferred Stock",$20.93,-0.0241,-0.115%,NA
MITT^C,"TPG Mortgage Investment Trust, Inc. 8.00% Series C Fixed-to-Floating Rate Cumulative Redeemable Preferred Stock, $0.01 par value per share",$25.55,-0.03,-0.117%,NA
MKLY,McKinley Acquisition Corporation Class A Ordinary Shares,$10.225,0.005,0.049%,NA
MKLYR,McKinley Acquisition Corporation Rights,$0.2401,UNCH,--,NA
MKLYU,McKinley Acquisition Corporation Units,$10.525,-0.075,-0.708%,NA
MLAA,Mountain Lake Acquisition Corp. II Class A Ordinary Shares,$10.00,0.01,0.10%,NA
MLAAW,Mountain Lake Acquisition Corp. II Warrants,$0.26,UNCH,--,NA
MLCIL,Mount Logan Capital Inc. 8.00% Notes Due 2031,$22.6501,UNCH,--,NA
MMD,NYLI MacKay DefinedTerm Muni Opportunities Fund Common Shares,$15.03,-0.11,-0.727%,NA
MMTX,Miluna Acquisition Corp Class A Ordinary Share,$10.16,UNCH,--,NA
MMTXW,Miluna Acquisition Corp Warrant,$0.1422,0.0222,18.50%,NA
MMU,"Western Asset Managed Municipals Fund, Inc. Common Stock",$10.19,-0.06,-0.585%,NA
MPA,Blackrock MuniYield Pennsylvania Quality Fund Common Stock,$11.08,-0.03,-0.27%,NA
MRCO,Mercator Acquisition Corp. Class A Ordinary Shares,$9.86,UNCH,--,NA
MRCOU,Mercator Acquisition Corp. Units,$10.05,0.01,0.10%,NA
MRCOW,Mercator Acquisition Corp. Warrant,$0.30,UNCH,--,NA
MS^A,Morgan Stanley Dep Shs repstg 1/1000 Pfd Ser A,$19.00,-0.05,-0.262%,NA
MS^E,Morgan Stanley DEPOSITARY SHARES REP 1/1000TH SHARES FIXED/FLTG PREFERRED STOCK SERIES E,$25.54,0.02,0.078%,NA
MS^F,Morgan Stanley Dep Shs Rpstg 1/1000th Int Prd Ser F Fxd to Flag,$25.25,0.01,0.04%,NA
MS^I,Morgan Stanley Depository Shares Representing 1/1000th Preferred Series 1 Fixed to Floating Non (Cum),$24.32,UNCH,--,NA
MS^K,"Morgan Stanley Depositary Shares, each representing 1/1,000th of a share of Fixed-to-Floating Rate Non-Cumulative Preferred Stock,  Series K",$22.41,0.04,0.179%,NA
MS^L,"Morgan Stanley Depositary Shares, each representing 1/1,000th of a share of 4.875% Non-Cumulative Preferred Stock, Series L",$18.69,-0.02,-0.107%,NA
MS^O,"Morgan Stanley Depositary Shares, each representing 1/1,000th of a share of 4.250% Non-Cumulative Preferred Stock, Series O",$16.46,0.01,0.061%,NA
MS^P,"Morgan Stanley Depositary Shares, each representing 1/1,000th of a share of 6.500% Non-Cumulative Preferred Stock, Series P",$25.11,-0.02,-0.08%,NA
MS^Q,"Morgan Stanley Depositary Shares, each representing 1/1,000th of a share of 6.625% Non-Cumulative Preferred Stock, Series Q",$25.49,-0.11,-0.43%,NA
MSD,"Morgan Stanley Emerging Markets Debt Fund, Inc. Common Stock",$7.23,-0.05,-0.687%,NA
MSDL,Morgan Stanley Direct Lending Fund Common Stock,$15.38,0.01,0.065%,NA
MTAKU,Market Technology Acquisition Corp Unit,$9.98,0.04,0.402%,NA
MTB^H,"M&T Bank Corporation Perpetual Fixed-to-Floating Rate Non-Cumulative Preferred Stock, Series H",$25.21,0.01,0.04%,NA
MTB^J,"M&T Bank Corporation Depositary Shares each representing a 1/400th ownership interest in a share of Perpetual 7.500% Non-Cumulative Preferred Stock, Series J",$26.52,-0.07,-0.263%,NA
MTB^K,"M&T Bank Corporation Depositary Shares each representing a 1/400th interest in a share of Perpetual 6.350% Non-Cumulative Preferred Stock, Series K",$24.00,-0.12,-0.498%,NA
MTB^L,"M&T Bank Corporation Depositary Shares each representing a 1/400th ownership interest in a share of Perpetual 6.625% Non-Cumulative Preferred Stock, Series L",$25.11,-0.08,-0.318%,NA
MTNE,CH4 Natural Solutions Corporation Class A Ordinary Shares,$9.89,UNCH,--,NA
MUZE,Muzero Acquisition Corp Class A Ordinary Shares,$9.9916,0.0016,0.016%,NA
MUZEW,Muzero Acquisition Corp Warrant,$0.30,UNCH,--,NA
MXE,"Mexico Equity and Income Fund, Inc. (The) Common Stock",$13.30,0.0134,0.101%,NA
MXF,"Mexico Fund, Inc. (The) Common Stock",$21.48,0.09,0.421%,NA
MYN,"Blackrock MuniYield New York Quality Fund, Inc.Common Stock",$9.78,-0.05,-0.509%,NA
MYX,Maywood Acquisition Corp. 2 Class A Ordinary Share,$9.98,UNCH,--,NA
MYXXR,Maywood Acquisition Corp. 2 Rights,$0.20,UNCH,--,NA
MYXXU,Maywood Acquisition Corp. 2 Units,$10.20,UNCH,--,NA
MYXXW,Maywood Acquisition Corp. 2 Warrants,$0.0799,UNCH,--,NA
MZYX,MOZAYYX Acquisition Corp. Class A Ordinary Shares,$9.965,-0.015,-0.15%,NA
NAC,Nuveen California Quality Municipal Income Fund,$11.69,-0.12,-1.016%,NA
NAD,Nuveen Quality Municipal Income Fund Common Stock,$11.66,-0.15,-1.27%,NA
NAZ,Nuveen Arizona Quality Municipal Income Fund Common Stock,$12.34,-0.03,-0.243%,NA
NBB,Nuveen Taxable Municipal Income Fund Common Shares of Beneficial Interest,$15.39,-0.04,-0.259%,NA
NBH,Neuberger Municipal Fund Inc. Common Stock,$10.24,-0.05,-0.486%,NA
NBRG,Newbridge Acquisition Limited Class A Ordinary Share,$10.05,UNCH,--,NA
NBRGR,Newbridge Acquisition Limited Rights,$0.1851,UNCH,--,NA
NBRGU,Newbridge Acquisition Limited Unit,$10.175,0.0049,0.048%,NA
NBXG,Neuberger Next Generation Connectivity Fund Inc. Common Stock,$15.02,-0.18,-1.184%,NA
NCA,Nuveen California Municipal Value Fund,$9.185,-0.025,-0.271%,NA
NCO,Southern Cross Acquisition I Corp. Ordinary Shares,$9.865,-0.015,-0.152%,NA
NCOOU,Southern Cross Acquisition I Corp. Units,$10.05,-0.03,-0.298%,NA
NCOOW,Southern Cross Acquisition I Corp. Warrants,$0.0251,-0.0147,-36.935%,NA
NCV^A,Virtus Convertible & Income Fund 5.625% Series A Cumulative Preferred Shares,$20.10,-0.09,-0.446%,NA
NCZ^A,Virtus Convertible & Income Fund II 5.50% Series A Cumulative Preferred Shares,$19.7001,-0.0149,-0.076%,NA
NEA,Nuveen AMT-Free Quality Municipal Income Fund Common Shares of Beneficial Interest Par Value $.01,$11.14,-0.19,-1.677%,NA
NEE^N,"NextEra Energy Capital Holdings Inc. Series N Junior Subordinated Debentures due March 1, 2079",$20.98,-0.12,-0.569%,NA
NEE^S,"NextEra Energy, Inc. 7.299% Corporate Units",$52.60,-0.32,-0.605%,NA
NEE^T,"NextEra Energy, Inc. 7.234% Corporate Units",$48.46,-0.26,-0.534%,NA
NEE^U,"NextEra Energy, Inc. Series U Junior Subordinated Debentures due June 1, 2085",$23.62,-0.01,-0.042%,NA
NEE^V,"NextEra Energy, Inc. 7.375% Corporate Units",$46.07,-0.27,-0.583%,NA
NEE^W,"NextEra Energy Capital Holdings Inc. Series Z Junior Subordinated Debentures due April 15, 2086",$23.28,-0.16,-0.683%,NA
NEWTH,"NewtekOne, Inc. 8.625% Fixed Rate Senior Notes due 2029",$25.298,0.098,0.389%,NA
NEWTO,"NewtekOne, Inc. 8.50% Fixed Rate Senior Notes due 2031",$25.5201,UNCH,--,NA
NFJ,"Virtus Dividend, Interest & Premium Strategy Fund Common Shares of Beneficial Interest",$15.55,-0.14,-0.892%,NA
NGL^B,NGL ENERGY PARTNERS LP 9.00% Class B Fixed-to-Floating Rate Cumulative Redeemable Perpetual Preferred Units representing limited partnership interests,$25.91,-0.43,-1.632%,NA
NGL^C,NGL ENERGY PARTNERS LP 9.625% Class C Fixed-to-Floating Rate Cumulative  Redeemable Perpetual Preferred Units representing  limited partner interests,$25.90,0.01,0.039%,NA
NHIC,NewHold Investment Corp III Class A Ordinary Shares,$10.61,-0.025,-0.235%,NA
NHICU,NewHold Investment Corp III Units,$11.99,UNCH,--,NA
NHICW,NewHold Investment Corp III Warrants,$1.60,-0.10,-5.882%,NA
NHIV,NewHold Investment Corp IV Class A Ordinary Shares,$10.1134,UNCH,--,NA
NHIVU,NewHold Investment Corp IV Units,$10.285,UNCH,--,NA
NHIVW,NewHold Investment Corp IV Warrants,$0.524,UNCH,--,NA
NHS,Neuberger High Yield Strategies Fund Inc. Common Stock,$5.96,-0.03,-0.501%,NA
NIM,Nuveen Select Maturities Municipal Fund Common Stock,$9.2371,-0.0429,-0.462%,NA
NKX,Nuveen California AMT-Free Quality Municipal Income Fund,$12.02,-0.15,-1.233%,NA
NLY^F,Annaly Capital Management Inc 6.95% Series F,$25.75,-0.05,-0.194%,NA
NLY^G,Annaly Capital Management Inc 6.50% Series G Fixed-to-Floating Rate Cumulative Redeemable Preferred Stock,$25.4709,0.0409,0.161%,NA
NLY^I,Annaly Capital Management Inc 6.750% Series I Fixed-to-Floating Rate Cumulative Redeemable Preferred Stock,$25.45,0.02,0.079%,NA
NLY^J,Annaly Capital Management Inc. 8.875% Series J Fixed-Rate Cumulative Redeemable Preferred Stock,$26.29,0.13,0.497%,NA
NMAI,Nuveen Multi-Asset Income Fund Common Shares of Beneficial Interest,$14.16,-0.14,-0.979%,NA
NMI,"Nuveen Municipal Income Fund, Inc. Common Stock",$10.55,0.35,3.431%,NA
NML,Neuberger Energy Infrastructure and Income Fund Inc. Common Stock,$10.64,0.08,0.758%,NA
NMP,NMP Acquisition Corp. Class A Ordinary Shares,$10.33,UNCH,--,NA
NMPAR,NMP Acquisition Corp. Right,$0.20,0.01,5.263%,NA
NMS,Nuveen Minnesota Quality Municipal Income Fund ,$11.02,-0.26,-2.305%,NA
NMT,Nuveen Massachusetts Quality Municipal Income Fund Common Stock,$12.47,UNCH,--,NA
NMZ,"Nuveen Municipal High Income Opportunity Fund Common Stock, $0.01 par value, per share",$10.11,-0.03,-0.296%,NA
NNY,Nuveen New York Municipal Value Fund Common Stock,$8.17,-0.09,-1.09%,NA
NOEM,CO2 Energy Transition Corp. Common Stock,$10.99,0.30,2.806%,NA
NOEMR,CO2 Energy Transition Corp. Right,$0.1358,-0.0142,-9.467%,NA
NOEMU,CO2 Energy Transition Corp. Unit,$12.12,UNCH,--,NA
NOEMW,CO2 Energy Transition Corp. Warrant,$0.15,-0.03,-16.667%,NA
NPAC,New Providence Acquisition Corp. III Class A Ordinary Shares,$10.455,0.005,0.048%,NA
NPACU,New Providence Acquisition Corp. III Units,$10.47,UNCH,--,NA
NPACW,New Providence Acquisition Corp. III Warrants,$0.1747,-0.0253,-12.65%,NA
NPCT,Nuveen Core Plus Impact Fund Common Shares of Beneficial Interest,$9.74,-0.08,-0.815%,NA
NPFD,Nuveen Variable Rate Preferred & Income Fund Common Shares,$18.59,-0.01,-0.054%,NA
NPV,Nuveen Virginia Quality Municipal Income Fund Common Stock,$10.62,-0.14,-1.301%,NA
NREF^A,"NexPoint Real Estate Finance, Inc. 8.50% Series A Cumulative Redeemable Preferred Stock",$24.5495,-0.0383,-0.156%,NA
NRK,Nuveen New York AMT-Free Quality Municipal Income Fund ,$10.21,-0.14,-1.353%,NA
NRO,Neuberger Real Estate Securities Income Fund Inc. Common Stock,$2.955,0.015,0.51%,NA
NRUC,National Rural Utilities Cooperative Finance Corporation 5.500% Subordinated Notes due 2064 (Subordinated Deferrable Interest Notes),$21.36,-0.03,-0.14%,NA
NSAIU,NorthStrive Acquisition Corp I. Units,$9.98,-0.005,-0.05%,NA
NTWO,Newbury Street II Acquisition Corp Class A Ordinary Shares,$11.25,-0.27,-2.344%,NA
NTWOU,Newbury Street II Acquisition Corp Unit,$12.00,-0.30,-2.439%,NA
NTWOW,Newbury Street II Acquisition Corp Warrant,$1.33,-0.24,-15.287%,NA
NUV,"Nuveen Municipal Value Fund, Inc. Common Stock",$8.98,-0.05,-0.554%,NA
NUW,Nuveen AMT-Free Municipal Value Fund,$14.03,-0.12,-0.848%,NA
NVG,Nuveen AMT-Free Municipal Credit Income Fund ,$12.26,-0.11,-0.889%,NA
NWAX,New America Acquisition I Corp. Class A Common Stock,$10.19,0.02,0.197%,NA
NXDT^A,NexPoint Diversified Real Estate Trust 5.50% Series A Cumulative Preferred Shares ($25.00 liquidation preference per share),$13.1805,0.0065,0.049%,NA
NXH,"Neighborhood Intelligence, Inc. Common Stock",$4.17,-0.10,-2.342%,NA
NZF,Nuveen Municipal Credit Income Fund ,$12.27,-0.07,-0.567%,NA
OACC,Oaktree Acquisition Corp. III Life Sciences Class A Ordinary Share,$10.74,UNCH,--,NA
OACCU,Oaktree Acquisition Corp. III Life Sciences Unit,$10.9988,UNCH,--,NA
OACCW,Oaktree Acquisition Corp. III Life Sciences Warrant,$0.95,-0.08,-7.767%,NA
OAK^A,"Brookfield Oaktree Holdings, LLC 6.625% Series A Preferred Units",$20.665,0.027,0.131%,NA
OAK^B,"Brookfield Oaktree Holdings, LLC 6.550% Series B Preferred Units",$20.35,-0.02,-0.098%,NA
OBA,Oxley Bridge Acquisition Limited Class A Ordinary Shares,$10.30,0.0099,0.096%,NA
OBAWU,Oxley Bridge Acquisition Limited Unit,$10.37,UNCH,--,NA
OBAWW,Oxley Bridge Acquisition Limited Warrants,$0.1999,-0.0001,-0.05%,NA
OCAC,Ocean Capital Acquisition Corporation Ordinary Shares,$9.93,0.01,0.101%,NA
OCCIM,"OFS Credit Company, Inc. 7.875% Series F Term Preferred Stock",$25.1877,UNCH,--,NA
OCLTU,OceanLight Acquisition Corporation Units,$9.99,0.01,0.10%,NA
OFSSO,OFS Capital Corporation 7.50% Notes due 2028,$25.45,0.02,0.079%,NA
OHAC,Oceanhawk Acquisition Corp. Class A Ordinary Shares,$9.94,UNCH,--,NA
OIM,OneIM Acquisition Corp. Class A Ordinary Shares,$10.12,UNCH,--,NA
OIMAU,OneIM Acquisition Corp. Units,$10.21,UNCH,--,NA
OIMAW,OneIM Acquisition Corp. Warrant,$0.72,UNCH,--,NA
ONCH,1RT Acquisition Corp. Class A Ordinary Share,$10.30,UNCH,--,NA
ONCHU,1RT Acquisition Corp. Units,$10.39,0.02,0.193%,NA
ONCHW,1RT Acquisition Corp. Warrant,$0.4204,UNCH,--,NA
OPP,"RiverNorth/DoubleLine Strategic Opportunity Fund, Inc. Common Stock",$7.50,-0.08,-1.055%,NA
OPP^A,"RiverNorth/DoubleLine Strategic Opportunity Fund, Inc. 4.375% Series A Cumulative Preferred Stock",$15.29,-0.02,-0.131%,NA
OPP^B,"RiverNorth/DoubleLine Strategic Opportunity Fund, Inc. 4.75% Series B Cumulative Preferred Stock",$16.44,-0.19,-1.143%,NA
OPP^C,"RiverNorth/DoubleLine Strategic Opportunity Fund, Inc. 6.00% Series C Term Preferred Stock (Liquidation Preference $10.00 per share)",$10.09,-0.0024,-0.024%,NA
ORCL^D,"Oracle Corporation Depositary Shares, each representing a 1/2,000th interest in a sh of 6.50% Series D Mandatory Convertible Preferred Stock",$44.78,-0.30,-0.665%,NA
ORIQ,Origin Investment Corp I Ordinary Shares,$10.38,0.01,0.096%,NA
ORIQW,Origin Investment Corp I Warrant.,$0.14,UNCH,--,NA
OSPRU,Osprey Acquisition Corp. III Units,$10.04,-0.0147,-0.146%,NA
OTAI,Starlink AI Acquisition Corporation Ordinary Shares,$9.98,-0.006,-0.06%,NA
OTGA,OTG Acquisition Corp. I Class A Ordinary Share ,$10.23,UNCH,--,NA
OTGAU,OTG Acquisition Corp. I Unit,$10.36,UNCH,--,NA
OTGAW,OTG Acquisition Corp. I Warrants,$0.34,-0.01,-2.857%,NA
OXLCG,Oxford Lane Capital Corp. 7.95% Notes due 2032,$25.13,-0.005,-0.02%,NA
OXLCI,Oxford Lane Capital Corp. 8.75% Notes due 2030,$25.70,-0.0499,-0.194%,NA
OXSQH,Oxford Square Capital Corp. 7.75% Notes due 2030,$24.9501,-0.0099,-0.04%,NA
OYSE,Oyster Enterprises II Acquisition Corp Class A Ordinary Shares,$10.35,UNCH,--,NA
PACH,Pioneer Acquisition I Corp Class A Ordinary Shares,$10.30,-0.0001,-0.001%,NA
PACHU,Pioneer Acquisition I Corp Units,$10.40,UNCH,--,NA
PACHW,Pioneer Acquisition I Corp Warrants,$0.24,0.0134,5.914%,NA
PAI,Western Asset Investment Grade Income Fund Inc.,$11.95,-0.04,-0.334%,NA
PAII,Pyrophyte Acquisition Corp. II Class A Ordinary Shares,$10.26,UNCH,--,NA
PALO,Paloma Acquisition Corp I Class A Ordinary Shares,$9.95,UNCH,--,NA
PALOU,Paloma Acquisition Corp I Units,$10.05,UNCH,--,NA
PARA,"Banzai International, Inc. Class A Common Stock",$1.39,-0.04,-2.797%,NA
PAXS,PIMCO Access Income Fund Common Shares of Beneficial Interest,$14.00,-0.09,-0.639%,NA
PBI^B,Pitney Bowes Inc 6.70% Notes Due 2043,$21.89,1.05,5.038%,NA
PCAP,ProCap Acquisition Corp Class A Ordinary Shares,$10.36,0.02,0.193%,NA
PCAPU,ProCap Acquisition Corp Unit,$10.41,UNCH,--,NA
PCAPW,ProCap Acquisition Corp Warrant,$0.30,UNCH,--,NA
PCF,High Income Securities Fund Common Stock,$5.33,-0.03,-0.56%,NA
PCG^A,Pacific Gas & Electric Co. 6% Preferred Stock,$21.89,0.08,0.367%,NA
PCG^B,Pacific Gas & Electric Co. 5 1/2% Preferred Stock,$19.90,-0.01,-0.05%,NA
PCG^C,Pacific Gas & Electric Co. 5% 1st Preferred Stock,$18.50,UNCH,--,NA
PCG^D,Pacific Gas & Electric Co. 5% 1st  Red. Preferred Stock,$18.09,0.07,0.388%,NA
PCG^E,Pacific Gas & Electric Co. 5% 1st A Preferred Stock,$18.9499,UNCH,--,NA
PCG^G,Pacific Gas & Electric Co. 4.80% 1st Preferred Stock,$17.81,-0.05,-0.28%,NA
PCG^H,Pacific Gas & Electric Co. 4.50% 1st Preferred Stock,$16.50,-0.25,-1.493%,NA
PCG^I,Pacific Gas & Electric Co. 4.36% 1st Preferred Stock,$16.95,UNCH,--,NA
PCG^X,PG&E Corp 6.000% Series A Mandatory Convertible Preferred Stock,$43.03,0.65,1.534%,NA
PCM,"PCM Fund, Inc. Common Stock",$5.40,-0.09,-1.639%,NA
PCN,Pimco Corporate & Income Strategy Fund Common Stock,$11.66,-0.08,-0.681%,NA
PCQ,PIMCO California Municipal Income Fund Common Stock,$8.76,-0.01,-0.114%,NA
PDCC,Pearl Diver Credit Company Inc. Common Stock,$8.78,0.01,0.114%,NA
PDPA,Pearl Diver Credit Company Inc. 8.00% Series A Preferred Stock Due 2029,$25.06,-0.02,-0.08%,NA
PDT,John Hancock Premium Dividend Fund,$12.66,-0.09,-0.706%,NA
PEB^E,Pebblebrook Hotel Trust 6.375% Series E Cumulative Redeemable Preferred Shares of Beneficial Interest,$19.91,0.11,0.556%,NA
PEB^F,Pebblebrook Hotel Trust 6.3% Series F Cumulative Redeemable Preferred Shares of Beneficial Interest,$19.7501,-0.3699,-1.838%,NA
PEB^G,Pebblebrook Hotel Trust 6.375% Series G Cumulative Redeemable Preferred Shares of Beneficial Interest,$19.90,-0.01,-0.05%,NA
PEB^H,Pebblebrook Hotel Trust 5.700% Series H Cumulative Redeemable Preferred Shares of Beneficial Interest,$18.07,0.05,0.277%,NA
PECE,Peace Acquisition Corp Ordinary Shares,$9.9699,0.0099,0.099%,NA
PECER,Peace Acquisition Corp Right,$0.32,UNCH,--,NA
PEO,"Adams Natural Resources Fund, Inc. Common Stock",$28.37,0.12,0.425%,NA
PFD,Flaherty & Crumrine Preferred and Income Fund Incorporated,$11.29,-0.03,-0.265%,NA
PFL,PIMCO Income Strategy Fund Shares of Beneficial Interest,$7.56,-0.11,-1.434%,NA
PFLA,PennantPark Floating Rate Capital Ltd. 7.375% Notes Due 2031,$25.28,-0.0105,-0.042%,NA
PFN,PIMCO Income Strategy Fund II,$6.93,-0.13,-1.841%,NA
PFO,Flaherty & Crumrine Preferred and Income Opportunity Fund Incorporated,$9.03,-0.04,-0.441%,NA
PGAC,Pantages Capital Acquisition Corporation Class A Ordinary Shares,$10.69,UNCH,--,NA
PGACR,Pantages Capital Acquisition Corporation Right,$0.1501,UNCH,--,NA
PGACU,Pantages Capital Acquisition Corporation Unit,$10.84,UNCH,--,NA
PGP,Pimco Global StocksPlus & Income Fund Common Shares of Beneficial Interest,$8.56,-0.18,-2.059%,NA
PGZ,Principal Real Estate Income Fund Common Shares of Beneficial Interest,$9.95,-0.06,-0.599%,NA
PHK,Pimco High Income Fund,$4.50,-0.06,-1.316%,NA
PHXE^,"Phoenix Energy One, LLC Series A Cumulative Redeemable Preferred Shares",$24.50,-0.1101,-0.447%,NA
PINE^A,"Alpine Income Property Trust, Inc. 8.00% Series A Cumulative Redeemable Preferred Stock",$25.2333,0.0133,0.053%,NA
PLCI,Pelican Acquisition II Corporation Ordinary Shares,$9.86,0.01,0.102%,NA
PLCIR,Pelican Acquisition II Corporation Right,$0.1556,0.0256,19.692%,NA
PLCIU,Pelican Acquisition II Corporation Unit,$10.005,-0.005,-0.05%,NA
PLMK,Plum Acquisition Corp. IV Class A Ordinary Shares,$10.75,0.17,1.607%,NA
PLMKU,Plum Acquisition Corp. IV Unit,$11.115,0.305,2.821%,NA
PLMKW,Plum Acquisition Corp. IV Warrants,$0.33,UNCH,--,NA
PLUN,Plutonian Acquisition Corp II Class A Ordinary Shares,$10.03,0.03,0.30%,NA
PML,Pimco Municipal Income Fund II Common Shares of Beneficial Interest,$7.34,-0.03,-0.407%,NA
PMT^A,PennyMac Mortgage Investment Trust 8.125% Series A Fixed-to-Floating Rate Cumulative Redeemable Preferred Shares of Beneficial Interest,$22.90,-0.025,-0.109%,NA
PMT^B,PennyMac Mortgage Investment Trust 8.00% Series B Fixed-to-Floating Rate Cumulative Redeemable Preferred Shares of Beneficial Interest,$22.80,-0.04,-0.175%,NA
PMT^C,PennyMac Mortgage Investment Trust 6.75% Series C Cumulative Redeemable Preferred Shares of Beneficial Interest,$18.5199,0.0199,0.108%,NA
PMTR,Perimeter Acquisition Corp. I Class A Ordinary Shares,$10.41,-0.02,-0.192%,NA
PMTRU,Perimeter Acquisition Corp. I Unit,$11.135,UNCH,--,NA
PMTRW,Perimeter Acquisition Corp. I Warrant,$0.76,0.0099,1.32%,NA
PMTV,PennyMac Mortgage Investment Trust 9.00% Senior Notes due 2030,$25.30,-0.1201,-0.472%,NA
PMTW,PennyMac Mortgage Investment Trust 9.00% Senior Notes due 2030,$25.635,0.055,0.215%,NA
PNFP^A,"Pinnacle Financial Partners, Inc. Fixed-to-Floating Rate Non-Cumulative Perpetual Preferred Stock, Series A",$25.10,-0.10,-0.397%,NA
PNFP^B,"Pinnacle Financial Partners, Inc. Fixed-to-Floating Rate Non-Cumulative Perpetual Preferred Stock, Series B",$26.37,-0.03,-0.114%,NA
PNFP^C,"Pinnacle Financial Partners, Inc. Fixed-to-Floating Rate Non-Cumulative Perpetual Preferred Stock, Series C",$24.15,-0.06,-0.248%,NA
PNI,Pimco New York Municipal Income Fund II Common Shares of Beneficial Interest,$6.81,-0.05,-0.729%,NA
POLE,Andretti Acquisition Corp. II Class A Ordinary Shares,$10.8699,0.0399,0.368%,NA
POLEW,Andretti Acquisition Corp. II Warrant,$0.1301,0.0001,0.077%,NA
PONO,"Pono Capital Four, Inc. Class A Ordinary Shares",$10.02,UNCH,--,NA
PONOR,"Pono Capital Four, Inc. Rights",$0.2101,UNCH,--,NA
PONOU,"Pono Capital Four, Inc. Units",$10.47,UNCH,--,NA
PRIF^D,"Priority Income Fund, Inc. 7.00% Series D Term Preferred Stock due 2029",$24.56,-0.04,-0.163%,NA
PRIF^K,"Priority Income Fund, Inc. 7.000% Series K Cumulative Preferred Stock",$21.70,-0.08,-0.367%,NA
PRIF^L,"Priority Income Fund, Inc. 6.375% Series L Term Preferred Stock Due 2029",$24.46,-0.2112,-0.856%,NA
PSA^F,"Public Storage Depositary Shares Each Representing 1/1,000 of a 5.15% Cumulative Preferred Share of Beneficial Interest, Series F, par value $0.01 per share",$19.39,-0.20,-1.021%,NA
PSA^G,"Public Storage Depositary Shares, Each Representing 1/1,000 of a 5.05% Cumulative Preferred Share of Beneficial Interest, Series G",$18.96,-0.12,-0.629%,NA
PSA^H,"Public Storage Depositary Shares Each Representing 1/1,000 of a  5.60% Cumulative Preferred  Share of Beneficial Interest, Series H",$21.05,UNCH,--,NA
PSA^I,"Public Storage Depositary Shares Each Representing 1/1,000 of a 4.875% Cumulative Preferred Share of Beneficial Interest, Series I, par value $0.01 per share",$18.46,0.02,0.108%,NA
PSA^J,"Public Storage Depositary Shares Each Representing 1/1,000 of a 4.700% Cumulative Preferred Share of Beneficial Interest, Series J, par value $0.01 per share",$17.55,-0.05,-0.284%,NA
PSA^K,"Public Storage Depositary Shares Each Representing 1/1,000 of a 4.75% Cumulative Preferred Share of Beneficial Interest, Series K",$17.97,-0.0564,-0.313%,NA
PSA^L,"Public Storage Depositary Shares Each Representing 1/1,000 of a 4.625% Cumulative Preferred Share of Beneficial Interest, Series L, par value $0.01 per share",$17.29,-0.03,-0.173%,NA
PSA^M,"Public Storage Depositary Shares Each Representing 1/1,000 of a 4.125% Cumulative Preferred Share of Beneficial Interest, Series M",$15.39,-0.04,-0.259%,NA
PSA^N,"Public Storage Depositary Shares Each Representing 1/1,000 of a 3.875% Cumulative Preferred Share of Beneficial Interest, Series N",$14.59,-0.10,-0.681%,NA
PSA^O,"Public Storage Depositary Shares Each Representing 1/1,000 of a 3.900% Cumulative Preferred Share of Beneficial Interest, Series O",$14.58,-0.02,-0.137%,NA
PSA^P,"Public Storage Depositary Shares Each Representing 1/1,000 of a 4.000% Cumulative Preferred Share of Bene cial Interest, Series P",$15.01,-0.08,-0.53%,NA
PSA^Q,"Public Storage Depositary Shares Each Representing 1/1,000 of a 3.950% Cumulative Preferred Share of Beneficial Interest, Series Q, par value $0.01 per share",$14.78,-0.025,-0.169%,NA
PSA^R,"Public Storage Depositary Shares Each Representing 1/1,000 of a 4.00% Cumulative Preferred Share of Bene cial Interest, Series R",$14.94,-0.05,-0.334%,NA
PSA^S,"Public Storage Depositary Shares Each Representing 1/1,000 of a 4.100% Cumulative Preferred Share of Beneficial Interest, Series S",$15.38,-0.03,-0.195%,NA
PSA^T,"Public Storage 6.000% Cumulative Preferred Shares of beneficial interest, Series T",$22.77,-0.045,-0.197%,NA
PSA^U,"Public Storage 6.000% Cumulative Preferred Shares of Beneficial Interest, Series U",$23.74,-0.265,-1.104%,NA
PSBD,Palmer Square Capital BDC Inc. Common Stock,$10.24,-0.08,-0.775%,NA
PSEC^A,Prospect Capital Corporation 5.35% Series A Fixed Rate Cumulative Perpetual Preferred Stock,$16.56,UNCH,--,NA
PTAC,Patriot Acquisition Corp. Class A Ordinary Shares,$9.94,0.01,0.101%,NA
PTACU,Patriot Acquisition Corp. Units,$10.05,UNCH,--,NA
PTACW,Patriot Acquisition Corp. Warrants,$0.1815,0.0015,0.833%,NA
PTOR,Praetorian Acquisition Corp. Class A Ordinary Shares,$9.96,-0.02,-0.20%,NA
PTORU,Praetorian Acquisition Corp. Units,$10.22,UNCH,--,NA
PTORW,Praetorian Acquisition Corp. Warrant,$0.33,-0.055,-14.286%,NA
PTY,Pimco Corporate & Income Opportunity Fund,$11.66,-0.08,-0.681%,NA
PW^A,Power REIT 7.75% Series A Cumulative Perpetual Preferred Stock,$9.203,UNCH,--,NA
PWRL,Powerlaw Corp. Common Stock,$11.19,-0.33,-2.865%,NA
PYT,PPlus Tr GSC-2 Tr Ctf Fltg Rate,$23.67,UNCH,--,NA
QADR,QDRO Acquisition Corp. Class A Ordinary Shares,$9.97,UNCH,--,NA
QADRU,QDRO Acquisition Corp. Units,$10.10,UNCH,--,NA
QETA,Quetta Acquisition Corporation Common Stock,$11.74,UNCH,--,NA
QETAR,Quetta Acquisition Corporation Right,$0.6047,UNCH,--,NA
QETAU,Quetta Acquisition Corporation Unit,$11.51,UNCH,--,NA
QLEP,Quantum Leap Acquisition Corp Class A Ordinary Shares,$10.00,0.01,0.10%,NA
QNBC,QNB Corp. Common Stock,$43.87,1.87,4.452%,NA
QQQX,Nuveen NASDAQ 100 Dynamic Overwrite Fund Shares of Beneficial Interest,$30.37,-0.13,-0.426%,NA
QRED,QuasarEdge Acquisition Corporation Ordinary Shares,$10.02,UNCH,--,NA
QSEA,Quartzsea Acquisition Corporation Ordinary Shares,$10.62,UNCH,--,NA
QSEAR,Quartzsea Acquisition Corporation Rights,$0.22,-0.02,-8.333%,NA
QSEAU,Quartzsea Acquisition Corporation Units,$10.71,UNCH,--,NA
QUMS,Quantumsphere Acquisition Corp. Ordinary Shares,$10.32,UNCH,--,NA
QUMSR,Quantumsphere Acquisition Corp. Rights,$0.1523,-0.0077,-4.813%,NA
QUMSU,Quantumsphere Acquisition Corp. Units,$10.33,UNCH,--,NA
QXO^B,"QXO, Inc.  Depositary Shares, each representing a 1/20th interest in a share of 5.50% Series B Mandatory Convertible Preferred Stock",$40.41,-1.90,-4.491%,NA
RA,Brookfield Real Assets Income Fund Inc. Common Stock,$12.54,-0.08,-0.634%,NA
RAC,Rithm Acquisition Corp. Class A Ordinary Shares,$10.51,0.01,0.095%,NA
RACC,Research Alliance Corporation III Class A Ordinary Shares,$22.90,-1.70,-6.911%,NA
RACD,Research Alliance Corporation IV Class A Ordinary Shares,$11.99,-0.02,-0.167%,NA
RANG,Range Capital Acquisition Corp. Ordinary Shares,$10.79,UNCH,--,NA
RANGR,Range Capital Acquisition Corp. Rights,$0.24,-0.005,-2.041%,NA
RC^C,Ready Capital Corporation 6.25% Series C Cumulative Convertible Preferred Stock,$12.50,UNCH,--,NA
RC^E,Ready Capital Corporation 6.50% Series E Cumulative Redeemable Preferred Stock,$13.40,0.10,0.752%,NA
RCD,Ready Capital Corporation 9.00% Senior Notes due 2029,$23.57,0.32,1.376%,NA
RCG,"RENN Fund, Inc Common Stock",$2.851,-0.024,-0.835%,NA
RCS,"PIMCO Strategic Income Fund, Inc.",$5.28,UNCH,--,NA
RDAC,Rising Dragon Acquisition Corp. Ordinary Shares,$6.65,-2.13,-24.26%,NA
RDACR,Rising Dragon Acquisition Corp. Rights,$0.0801,-0.0199,-19.90%,NA
RDACU,Rising Dragon Acquisition Corp. Unit,$9.95,UNCH,--,NA
RDAG,Republic Digital Acquisition Company Class A Ordinary Shares,$10.40,0.02,0.193%,NA
RDAGU,Republic Digital Acquisition Company Unit,$10.54,UNCH,--,NA
RDAGW,Republic Digital Acquisition Company Warrants,$0.34,0.0775,29.524%,NA
REXR^B,"Rexford Industrial Realty, Inc. 5.875% Series B Cumulative Redeemable Preferred Stock",$22.81,0.19,0.84%,NA
REXR^C,"Rexford Industrial Realty, Inc. 5.625% Series C Cumulative Redeemable Preferred Stock, par value $0.01 per share",$21.27,-0.05,-0.235%,NA
RF^C,"Regions Financial Corporation Depositary Shares, each Representing a 1/40th Interest in a  Share of 5.700% Fixed-to-Floating Rate Non-Cumulative  Perpetual Preferred Stock, Series C",$24.43,0.01,0.041%,NA
RF^E,"Regions Financial Corporation Depositary Shares, Each Representing a 1/40th Interest in a Share of 4.45% Non-Cumulative Perpetual Preferred Stock, Series E",$16.09,0.04,0.249%,NA
RF^F,"Regions Financial Corporation Depositary Shares Each Representing a 1/40th Interest in a Share of Non-Cumulative Perpetual Preferred Stock, Series F",$25.39,0.065,0.257%,NA
RFAI,RF Acquisition Corp II Ordinary Shares,$12.73,1.535,13.711%,NA
RFAIR,RF Acquisition Corp II Right,$0.11,UNCH,--,NA
RFAIU,RF Acquisition Corp II Unit,$11.03,UNCH,--,NA
RFAM,RF Acquisition Corp III Ordinary Shares,$10.00,UNCH,--,NA
RFAMU,RF Acquisition Corp III Units,$10.00,UNCH,--,NA
RIBB,Ribbon Acquisition Corp Class A Ordinary Shares,$10.82,UNCH,--,NA
RIBBU,Ribbon Acquisition Corp Unit,$11.00,UNCH,--,NA
RITM^A,Rithm Capital Corp. 7.50% Series A Fixed-to-Floating Rate Cumulative Redeemable Preferred Stock,$25.3901,-0.1199,-0.47%,NA
RITM^B,Rithm Capital Corp. 7.125% Series B Fixed-to-Floating Rate Cumulative Redeemable Preferred Stock,$25.22,-0.09,-0.356%,NA
RITM^C,Rithm Capital Corp. 6.375% Series C Fixed-to-Floating Rate Cumulative Redeemable Preferred Stock,$24.76,-0.21,-0.841%,NA
RITM^D,Rithm Capital Corp. 7.00% Fixed-Rate Reset Series D Cumulative Redeemable Preferred Stock,$25.07,UNCH,--,NA
RITM^E,Rithm Capital Corp. 8.75% Series E Fixed-Rate Cumulative Redeemable Preferred Stock,$24.61,0.07,0.285%,NA
RITM^F,Rithm Capital Corp. 8.750% Series F Fixed-Rate Reset Cumulative Redeemable Preferred Stock,$24.73,0.08,0.325%,NA
RIV,"RiverNorth Opportunities Fund, Inc. Common Stock",$10.99,-0.03,-0.272%,NA
RIV^A,"RiverNorth Opportunities Fund, Inc. 6.00% Series A Perpetual Preferred Stock",$21.46,-0.0363,-0.169%,NA
RLJ^A,RLJ Lodging Trust $1.95 Series A Cumulative Convertible  Preferred Shares,$25.21,-0.10,-0.395%,NA
RLTY,Cohen & Steers Real Estate Opportunities and Income Fund Common Shares of Beneficial Interest,$15.60,-0.04,-0.256%,NA
RNGT,Range Capital Acquisition Corp II Class A Ordinary Shares,$10.13,UNCH,--,NA
RNGTW,Range Capital Acquisition Corp II Warrants,$0.3453,0.0153,4.636%,NA
RNR^F,"RenaissanceRe Holdings Ltd. Depositary Shares, each Representing a 1/1,000th Interest in a 5.750% Series F Preference Share",$20.58,-0.16,-0.771%,NA
RNR^G,"RenaissanceRe Holdings Ltd. Depositary Shares, each representing a 1/1,000th interest in a share of 4.20% Series G Preference Shares",$14.99,-0.09,-0.597%,NA
RPT^C,Rithm Property Trust Inc. 9.875% Series C Fixed-to-Floating Rate Cumulative Redeemable Preferred Stock,$25.32,0.12,0.476%,NA
RREV,RRE Ventures Acquisition Corp. Class A Ordinary Shares,$9.90,UNCH,--,NA
RREVU,RRE Ventures Acquisition Corp. Units,$10.05,UNCH,--,NA
RREVW,RRE Ventures Acquisition Corp. Warrants,$0.5201,-0.0599,-10.328%,NA
RTAC,Renatus Tactical Acquisition Corp I Class A Ordinary Shares,$10.45,0.01,0.096%,NA
RTACU,Renatus Tactical Acquisition Corp I Unit,$10.80,0.07,0.652%,NA
RTACW,Renatus Tactical Acquisition Corp I Warrant,$0.65,UNCH,--,NA
RVI,Robinhood Ventures Fund I Common Shares of Beneficial Interest,$27.00,-0.50,-1.818%,NA
RVII,Robinhood Ventures Fund II Common Shares of Beneficial Interest,$23.41,-0.34,-1.432%,NA
RWAYI,Runway Growth Finance Corp. 7.25% Notes due 2031,$24.70,-0.0318,-0.129%,NA
RWT^A,"Redwood Trust, Inc. 10.00% Series A Fixed-Rate Reset Cumulative Redeemable Preferred Stock",$24.7774,0.1124,0.456%,NA
RWTP,"Redwood Trust, Inc. 9.125% Senior Notes Due 2030",$24.14,0.08,0.333%,NA
RWTQ,"Redwood Trust, Inc. 9.500% Senior Notes Due 2030",$23.6802,-0.0198,-0.084%,NA
RWTS,"Redwood Trust, Inc. 9.75% Senior Notes Due 2031",$23.98,-0.02,-0.083%,NA
SAAQ,Space Asset Acquisition Corp. Class A Ordinary Shares,$10.115,UNCH,--,NA
SAAQU,Space Asset Acquisition Corp. Units,$10.40,UNCH,--,NA
SAAQW,Space Asset Acquisition Corp. Warrants,$0.82,-0.01,-1.205%,NA
SABA,Saba Capital Income & Opportunities Fund II Shares of Beneficial Interest,$8.13,-0.11,-1.335%,NA
SAC,Safeguard Acquisition Corp. Class A Ordinary Shares,$10.09,UNCH,--,NA
SACH^A,Sachem Capital Corp. 7.75% Series A Cumulative Redeemable Preferred Stock,$20.98,0.48,2.341%,NA
SAGU,Shreya Acquisition Group Class A Ordinary Shares,$9.94,UNCH,--,NA
SAV,Saratoga Investment Corp 7.50% Notes due 2031,$24.40,-0.02,-0.082%,NA
SB^C,"Safe Bulkers, Inc Cumulative Redeemable Perpetual Preferred Series C (Marshall Islands)",$26.50,UNCH,--,NA
SB^D,"Safe Bulkers, Inc Perpetual Preferred Series D (Marshall Islands)",$26.06,-0.01,-0.038%,NA
SBI,Western Asset Intermediate Muni Fund Inc Common Stock,$7.63,-0.06,-0.78%,NA
SBXD,SilverBox Corp IV Class A Ordinary Shares,$10.83,UNCH,--,NA
SBXE,SilverBox Corp V Class A Ordinary Shares,$10.07,0.01,0.099%,NA
SCD,LMP Capital and Income Fund Inc. Common Stock,$15.65,-0.16,-1.012%,NA
SCE^G,SCE Trust II Trust Preferred Securities,$17.12,-0.06,-0.349%,NA
SCE^L,SCE TRUST VI,$16.92,0.10,0.595%,NA
SCE^M,SCE Trust VII 7.50% Trust Preference Securities,$24.39,UNCH,--,NA
SCE^N,SCE Trust VIII 6.95% Trust Preference Securities,$23.11,0.01,0.043%,NA
SCHW^D,"The Charles Schwab Corporation Depositary Shares each representing 1/40th interest in a share of 5.95% Non-Cumulative Perpetual Preferred Stock, Series D",$23.76,0.1844,0.782%,NA
SCHW^J,"The Charles Schwab Corporation Depositary Shares, Each Representing a 1/40th Interest in a Share of 4.450% Non-Cumulative Perpetual Preferred Stock, Series J",$16.96,0.02,0.118%,NA
SCII,SC II Acquisition Corp. Class A ordinary share,$10.12,UNCH,--,NA
SCIIR,SC II Acquisition Corp. Rights,$0.1802,UNCH,--,NA
SCIIU,SC II Acquisition Corp. Units,$10.22,UNCH,--,NA
SCPQ,Social Commerce Partners Corporation Class A Ordinary Shares,$10.01,UNCH,--,NA
SCPQU,Social Commerce Partners Corporation Unit,$10.20,UNCH,--,NA
SDHI,Siddhi Acquisition Corp Class A Common stock,$10.50,UNCH,--,NA
SDHIR,Siddhi Acquisition Corp Right,$0.18,0.0012,0.671%,NA
SEAL^A,Seapeak LLC 9.00% Series A Cumulative Redeemable Perpetual Preferred Units,$25.74,UNCH,--,NA
SEAL^B,Seapeak LLC 8.50% Series B Fixed-to-Floating Rate Cumulative Redeemable Perpetual Preferred Units,$25.8216,0.1616,0.63%,NA
SF^B,"Stifel Financial Corporation Depositary Shares, Each Representing 1/1,000th  Interest in a Share of 6.25% Non-Cumulative  Preferred Stock, Series B",$21.62,-0.245,-1.121%,NA
SF^C,"Stifel Financial Corporation Depositary Shares, Each Representing 1/1,000th Interest in a Share of 6.125% Non Cumulative Preferred Stock, Series C",$21.35,-0.01,-0.047%,NA
SF^D,"Stifel Financial Corporation Depositary Shares, Each Representing 1/1,000th Interest in a Share of 4.50% Non-Cumulative Preferred Stock, Series D",$15.62,-0.12,-0.762%,NA
SHO^H,"Sunstone Hotel Investors, Inc. 6.125% Series H Cumulative Redeemable Preferred Stock",$22.20,UNCH,--,NA
SHO^I,"Sunstone Hotel Investors, Inc. 5.70% Series I Cumulative Redeemable Preferred Stock",$21.60,0.03,0.139%,NA
SHOT,RMG ML Sports Holdings Class A Ordinary Shares,$9.8303,0.0103,0.105%,NA
SHOTU,RMG ML Sports Holdings Unit,$9.97,0.01,0.10%,NA
SIMA,SIM Acquisition Corp. I Class A Ordinary Shares,$10.98,-0.01,-0.091%,NA
SIMAU,SIM Acquisition Corp. I Unit,$10.93,UNCH,--,NA
SIMAW,SIM Acquisition Corp. I Warrant,$0.1776,0.0173,10.792%,NA
SLG^I,SL Green Realty Corporation Preferred Series I,$21.35,0.04,0.188%,NA
SNUS^H,"Santander Holdings USA, Inc.",$21.34,21.34,--,NA
SOCA,Solarius Capital Acquisition Corp. Class A Ordinary Share,$10.33,UNCH,--,NA
SOCAU,Solarius Capital Acquisition Corp. Units,$10.40,UNCH,--,NA
SOCAW,Solarius Capital Acquisition Corp. Warrant,$0.2699,UNCH,--,NA
SOJF,"Southern Company (The) Series 2025A 6.50% Junior Subordinated Notes due March 15, 2085",$25.01,0.10,0.401%,NA
SORN,Soren Acquisition Corp. Class A Ordinary Shares,$9.96,UNCH,--,NA
SORNU,Soren Acquisition Corp. Unit,$10.255,UNCH,--,NA
SOUL,Soulpower Acquisition Corporation Class A Ordinary Shares,$10.445,0.005,0.048%,NA
SPE,"Special Opportunities Fund, Inc Common Stock",$13.32,-0.03,-0.225%,NA
SPE^C,"Special Opportunities Fund Inc. 2.75% Convertible Preferred Stock, Series C",$24.75,0.0199,0.08%,NA
SPEG,Silver Pegasus Acquisition Corp Class A Ordinary Shares,$10.35,0.02,0.194%,NA
SPEGU,Silver Pegasus Acquisition Corp Unit,$10.48,UNCH,--,NA
SPG^J,"Simon Property Group, Inc. Simon Property Group 8 3/8% Series J Cumulative Redeemable Preferred Stock",$55.03,-0.72,-1.291%,NA
SPKL,Spark I Acquisition Corp. Class A Ordinary Share,$11.55,0.01,0.087%,NA
SPKLW,Spark I Acquisition Corp. Warrant,$1.18,-0.22,-15.714%,NA
SPMA,"Sound Point Meridian Capital, Inc. 8.00% Series A Preferred Shares Due 2029",$25.04,-0.0099,-0.04%,NA
SPMC,"Sound Point Meridian Capital, Inc. Common Stock",$9.08,-0.11,-1.197%,NA
SPME,"Sound Point Meridian Capital, Inc. 7.875% Series B Preferred Shares due 2030",$24.98,0.02,0.08%,NA
SPXX,Nuveen S&P 500 Dynamic Overwrite Fund,$18.99,-0.17,-0.887%,NA
SRG^A,Seritage Growth Properties 7.00% Series A Cumulative Redeemable Preferred Shares of Beneficial Interest,$21.99,0.06,0.274%,NA
SRJN,Spire Inc. 6.375% Junior Subordinated Notes due 2086,$22.46,-0.09,-0.399%,NA
SRV,NXG Cushing Midstream Energy Fund Common Shares of Beneficial Interest,$46.52,-0.88,-1.857%,NA
SSAC,SPACSphere Acquisition Corp. Class A Ordinary Shares,$10.08,UNCH,--,NA
SSACU,SPACSphere Acquisition Corp. Unit,$10.29,UNCH,--,NA
SSACW,SPACSphere Acquisition Corp. Warrant,$0.0999,UNCH,--,NA
SSEA,Starry Sea Acquisition Corp	Ordinary Shares,$10.33,UNCH,--,NA
SSEAU,Starry Sea Acquisition Corp Unit,$10.48,0.08,0.769%,NA
STEW,"SRH Total Return Fund, Inc. Common Stock",$18.22,-0.28,-1.514%,NA
STK,Columbia Seligman Premium Technology Growth Fund Inc,$50.93,-0.34,-0.663%,NA
STT^G,"State Street Corporation Depositary shares, each representing a 1/4,000th ownership interest in a share of Fixed-to-Floating Rate Non-Cumulative",$20.81,-0.06,-0.287%,NA
SUMA,SUMA Acquisition Corporation Class A Ordinary Shares,$9.92,UNCH,--,NA
SUMAR,SUMA Acquisition Corporation Rights,$0.2124,-0.0097,-4.367%,NA
SUMAU,SUMA Acquisition Corporation Units,$10.25,UNCH,--,NA
SVAQ,Silicon Valley Acquisition Corp. Class A Ordinary Shares,$10.0475,0.0075,0.075%,NA
SVAQU,Silicon Valley Acquisition Corp. Units,$10.48,0.15,1.452%,NA
SVAQW,Silicon Valley Acquisition Corp. Warrants,$0.3601,-0.0399,-9.975%,NA
SVCC,Stellar V Capital Corp. Class A Ordinary Shares,$10.65,UNCH,--,NA
SVCCU,Stellar V Capital Corp. Unit,$10.65,UNCH,--,NA
SVIV,Spring Valley Acquisition Corp. IV Class A Ordinary Shares,$10.20,UNCH,--,NA
SVIVW,Spring Valley Acquisition Corp. IV Warrants,$0.80,UNCH,--,NA
SWZ,Total Return Securities Fund Common Stock,$5.91,-0.02,-0.337%,NA
SYF^A,"Synchrony Financial Depositary Shares, each Representing a 1/40th Interest in a Share of 5.625% Fixed Rate Non-Cumulative Perpetual Preferred Stock, Series A",$19.11,-0.11,-0.572%,NA
SYF^B,"Synchrony Financial Depositary Shares Each Representing a 1/40th Interest in a Share of 8.250% Fixed Rate Reset Non-Cumulative Perpetual Preferred Stock, Series B",$25.85,0.07,0.272%,NA
SZZL,Sizzle Acquisition Corp. II Class A ordinary shares,$10.45,UNCH,--,NA
SZZLR,Sizzle Acquisition Corp. II Right,$0.14,UNCH,--,NA
T^A,"AT&T Inc. Depositary Shares, each representing a 1/1,000th interest in a share of 5.000% Perpetual Preferred Stock, Series A",$17.62,-0.11,-0.62%,NA
T^C,"AT&T Inc. Depositary Shares, each representing a 1/1,000th interest in a share of 4.750% Perpetual Preferred Stock, Series C",$16.79,-0.11,-0.651%,NA
TACH,Titan Acquisition Corp. Class A Ordinary Shares,$10.47,-0.045,-0.428%,NA
TACHU,Titan Acquisition Corp. Units,$10.70,UNCH,--,NA
TACHW,Titan Acquisition Corp. Warrants,$0.52,0.01,1.961%,NA
TACOU,Berto Acquisition Corp. Unit,$10.7501,UNCH,--,NA
TACOW,Berto Acquisition Corp. Warrant,$0.6951,-0.0249,-3.458%,NA
TAVI,Tavia Acquisition Corp. Ordinary Shares,$10.71,0.01,0.093%,NA
TAVIR,Tavia Acquisition Corp. Right,$0.0999,-0.0002,-0.20%,NA
TBCVU,"Thunder Bridge Capital Partners V, Ltd. Units",$9.91,0.01,0.101%,NA
TCGX,TCGX Acquisition Corp. Class A Ordinary Shares,$14.0968,-0.7932,-5.327%,NA
TCPA,TransCanada PipeLines Limited 6.250% Junior Subordinated Notes due 2085,$22.21,-0.44,-1.943%,NA
TDAC,Translational Development Acquisition Corp. Ordinary Shares,$10.84,-0.005,-0.046%,NA
TDACU,Translational Development Acquisition Corp. Units,$12.57,UNCH,--,NA
TDACW,Translational Development Acquisition Corp. Warrants,$1.9999,UNCH,--,NA
TDF,"Templeton Dragon Fund, Inc. Common Stock",$10.84,-0.06,-0.55%,NA
TDS^U,"Telephone and Data Systems, Inc. Depositary Shares, Each Representing a 1/1,000th Interest in a 6.625% Series UU Cumulative Redeemable Perpetual Preferred Stock",$20.73,0.05,0.242%,NA
TDS^V,"Telephone and Data Systems, Inc. Depositary Shares, Each Representing a 1/1,000th Interest in a 6.000% Series VV Cumulative Redeemable Perpetual Preferred Stock",$19.01,0.05,0.264%,NA
TDWD,Tailwind 2.0 Acquisition Corp. Class A Ordinary Shares,$10.08,UNCH,--,NA
TDWDR,Tailwind 2.0 Acquisition Corp. Rights,$0.145,UNCH,--,NA
TDWDU,Tailwind 2.0 Acquisition Corp. Unit,$10.15,UNCH,--,NA
TEI,"Templeton Emerging Markets Income Fund, Inc. Common Stock",$6.76,-0.06,-0.88%,NA
TEN^E,"Tsakos Energy Navigation Ltd Series E Fixed-to-Floating Rate Cumulative Redeemable Perpetual Preferred Shares, par value $1.00",$26.3599,-0.02,-0.076%,NA
TEN^F,"Tsakos Energy Navigation Ltd Series F Fixed-to-Floating Rate Cumulative Redeemable Perpetual Preferred Shares, par value $1.00",$26.68,0.03,0.113%,NA
TFC^I,Truist Financial Corporation Depositary Shares,$17.88,-0.08,-0.445%,NA
TFC^O,"Truist Financial Corporation Depositary Shares, Each Representing a 1/1,000th Interest in a Share of Series O Non-Cumulative Perpetual Preferred Stock",$19.57,0.03,0.154%,NA
TFC^R,"Truist Financial Corporation Depositary Shares, each representing 1/1,000th interest in a share of Series R Non-Cumulative Perpetual Preferred Stock",$17.59,-0.07,-0.396%,NA
TFIN^,"Triumph Financial, Inc. Depositary Shares, Each Representing a 1/40th Interest in a Share of 7.125% Series C Fixed-Rate Non-Cumulative Perpetual Preferred Stock",$22.39,0.0529,0.237%,NA
THEO,BOA Acquisition Corp. II Class A Ordinary Shares,$9.85,UNCH,--,NA
THEOR,BOA Acquisition Corp. II Rights,$0.265,UNCH,--,NA
THEOU,BOA Acquisition Corp. II Units,$10.12,UNCH,--,NA
THQ,abrdn Healthcare Opportunities Fund Shares of Beneficial Interest,$19.53,-0.54,-2.691%,NA
THW,abrdn World Healthcare Fund Shares of Beneficial Interest,$13.96,-0.46,-3.19%,NA
TLNC,Talon Capital Corp. Class A Ordinary Shares,$10.24,0.01,0.098%,NA
TLNCU,Talon Capital Corp. Units,$10.42,UNCH,--,NA
TMTS,Spartacus Acquisition Corp. II Class A Ordinary Shares,$10.07,UNCH,--,NA
TMTSU,Spartacus Acquisition Corp. II Unit,$10.50,UNCH,--,NA
TMTSW,Spartacus Acquisition Corp. II Warrants,$0.39,-0.0439,-10.118%,NA
TMUSI,"T-Mobile US, Inc. 5.500% Senior Notes due June 2070",$20.79,0.08,0.386%,NA
TMUSL,"T-Mobile US, Inc. 6.250% Senior Notes due 2069",$22.77,-0.0296,-0.13%,NA
TMUSZ,"T-Mobile US, Inc. 5.500% Senior Notes due March 2070",$20.24,-0.07,-0.345%,NA
TONT,Graf Global Corp. Class A ordinary shares,$10.85,UNCH,--,NA
TPTS,"Terra Property Trust, Inc. 7.00% Senior Secured Notes due 2029",$16.30,0.65,4.153%,NA
TRAD,APEX Tech Acquisition Inc. Ordinary Shares,$10.03,-0.0099,-0.099%,NA
TRGS,TRG Latin America Acquisitions Corp. Class A Ordinary Shares,$9.94,-0.01,-0.101%,NA
TRGSR,TRG Latin America Acquisitions Corp. Rights,$0.1708,UNCH,--,NA
TRGSU,TRG Latin America Acquisitions Corp. Units,$10.06,UNCH,--,NA
TRTN^A,Triton International Limited 8.50% Series A Cumulative Redeemable Perpetual  Preference Shares,$26.0221,0.0221,0.085%,NA
TRTN^B,Triton International Limited 8.00% Series B Cumulative Redeemable Perpetual Preference Shares,$25.51,-0.04,-0.157%,NA
TRTN^C,Triton International Limited 7.375% Series C Cumulative Redeemable Perpetual Preference Shares,$25.10,0.075,0.30%,NA
TRTN^D,Triton International Limited 6.875% Series D Cumulative Redeemable Perpetual Preference Shares,$22.88,-0.0065,-0.028%,NA
TRTN^E,Triton International Limited 5.75% Series E Cumulative Redeemable Perpetual Preference Shares,$18.83,0.0128,0.068%,NA
TRTN^F,Triton International Limited 7.625% Series F Cumulative Redeemable Perpetual Preference Shares,$24.71,0.06,0.243%,NA
TRTN^G,Triton International Limited 7.500% Series G Cumulative Redeemable Perpetual Preference Shares,$23.83,-0.05,-0.209%,NA
TRTX^C,"TPG RE Finance Trust, Inc. 6.25% Series C Cumulative Redeemable Preferred Stock, $0.001 par value per share",$18.64,-0.01,-0.054%,NA
TSI,"TCW Strategic Income Fund, Inc. Common Stock",$4.375,-0.015,-0.342%,NA
TVA,Texas Ventures Acquisition III Corp Class A Ordinary Share,$10.54,UNCH,--,NA
TVACW,Texas Ventures Acquisition III Corp Warrants,$0.34,0.01,3.03%,NA
TVAI,Thayer Ventures Acquisition Corporation II Class A Ordinary Shares,$10.37,UNCH,--,NA
TVAIR,Thayer Ventures Acquisition Corporation II Rights,$0.13,0.0042,3.339%,NA
TVAIU,Thayer Ventures Acquisition Corporation II Unit,$10.50,UNCH,--,NA
TVC,Tennessee Valley Authority Common Stock,$24.09,UNCH,--,NA
TVE,Tennessee Valley Authority,$23.51,-0.01,-0.043%,NA
TVIV,Texas Ventures Acquisition IV Corp Class A Ordinary Shares,$9.91,UNCH,--,NA
TVIVU,Texas Ventures Acquisition IV Corp Units,$10.23,0.1999,1.993%,NA
TVIVW,Texas Ventures Acquisition IV Corp Warrant,$0.32,0.0001,0.031%,NA
TWLV,Twelve Seas Investment Company III Class A Ordinary Shares,$10.05,UNCH,--,NA
TWLVR,Twelve Seas Investment Company III Rights,$0.1211,-0.0041,-3.275%,NA
TWN,"Taiwan Fund, Inc. (The) Common Stock",$96.57,-0.23,-0.238%,NA
TWO^A,Two Harbors Investments Corp 8.125% Series A Fixed-to-Floating Rate Cumulative Redeemable Preferred Stock ($25.00 liquidation preference per share),$25.15,0.01,0.04%,NA
TWO^B,Two Harbors Investments Corp 7.625% Series B Fixed-to-Floating Rate Cumulative Redeemable Preferred Stock,$25.13,0.02,0.08%,NA
TWO^C,Two Harbors Investments Corp 7.25% Series C Fixed-to-Floating Rate Cumulative Redeemable Preferred Stock,$25.18,0.01,0.04%,NA
TWOD,Two Harbors Investments Corp 9.375% Senior Notes due 2030,$25.44,UNCH,--,NA
TY^,Tri Continental Corporation Preferred Stock,$42.06,UNCH,--,NA
UAC,United Acquisition Corp. I Class A Ordinary Shares,$9.96,UNCH,--,NA
UMH^D,"UMH Properties, Inc. 6.375% Series D Cumulative Redeemable Preferred Stock, Liquidation Preference $25 per share",$21.905,-0.04,-0.182%,NA
USA,Liberty All-Star Equity Fund Common Stock,$5.92,-0.10,-1.661%,NA
USB^A,"U.S. Bancorp Depositary Shares, Each representing a 1/100th interest in a share of Series A Non-CumulativePerpetual Pfd Stock",$771.02,-0.98,-0.127%,NA
USB^H,U.S. Bancorp Depositary Shares repstg 1/1000th Pfd Ser B,$18.42,-0.06,-0.325%,NA
USB^P,"U.S. Bancorp Depositary Shares each representing a 1/1,000th interest in a share of Series K Non-Cumulative Perpetual Preferred Stock",$21.00,-0.04,-0.19%,NA
USB^Q,"U.S. Bancorp Depositary Shares, Each Representing a 1/1,000th Interest in a Share of Series L Non-Cumulative Perpetual Preferred Stock",$14.20,-0.035,-0.246%,NA
USB^R,"U.S. Bancorp Depositary Shares, Each Representing a 1/1,000th Interest in a Share of Series M Non-Cumulative Perpetual Preferred Stock",$15.02,-0.08,-0.53%,NA
USB^S,"U.S. Bancorp Depositary Shares, each representing a 1/1,000th interest in a share of Series O Non-Cumulative Perpetual Preferred Stock",$17.07,-0.045,-0.263%,NA
UTF,"Cohen & Steers Infrastructure Fund, Inc Common Stock",$27.09,0.02,0.074%,NA
UTG,Reaves Utility Income Fund Common Shares of Beneficial Interest,$38.65,-0.47,-1.201%,NA
UYSC,UY Scuti Acquisition Corp. Ordinary Shares,$10.84,UNCH,--,NA
UYSCU,UY Scuti Acquisition Corp. Units,$11.08,0.34,3.166%,NA
VACI,Viking Acquisition Corp. I Class A Ordinary Shares,$10.23,0.001,0.01%,NA
VBF,Invesco Bond Fund Common Stock,$14.62,-0.03,-0.205%,NA
VCX,"Fundrise Innovation Fund, LLC Common Shares of Limited Liability Company Interests",$39.42,-1.23,-3.026%,NA
VECA,Vernal Capital Acquisition Corp. Ordinary Shares,$10.00,UNCH,--,NA
VGI,Virtus Global Multi-Sector Income Fund Common Shares of Beneficial Interest,$7.295,-0.015,-0.205%,NA
VHCP,Vine Hill Capital Investment Corp. II Class A Ordinary Shares,$10.04,-0.01,-0.10%,NA
VHCPU,Vine Hill Capital Investment Corp. II Units,$10.12,-0.0016,-0.016%,NA
VHCPW,Vine Hill Capital Investment Corp. II Warrants,$0.35,-0.0002,-0.057%,NA
VII,Viking Acquisition Corp. II Class A Ordinary Shares,$9.84,UNCH,--,NA
VLOS,Velos Acquisition I Corp. Class A Ordinary shares,$10.80,0.08,0.746%,NA
VLOSW,Velos Acquisition I Corp. Warrant,$0.3992,UNCH,--,NA
VLT,Invesco High Income Trust II,$9.93,-0.04,-0.401%,NA
VNME,Vendome Acquisition Corporation I Class A Ordinary Shares,$10.23,UNCH,--,NA
VNMEU,Vendome Acquisition Corporation I Unit,$10.30,UNCH,--,NA
VNMEW,Vendome Acquisition Corporation I Warrant,$0.27,0.0239,9.711%,NA
VNO^L,Vornado Realty Trust Pfd Ser L %,$17.61,0.055,0.313%,NA
VNO^M,"Vornado Realty Trust 5.25% Series M Cumulative Redeemable Preferred Shares of Beneficial Interest, liquidation preference $25.00 per share, no par value per share",$17.57,0.0288,0.164%,NA
VNO^N,"Vornado Realty Trust 5.25% Series N Cumulative Redeemable Preferred Shares of Beneficial Interest, liquidation preference $25.00 per share",$17.34,0.1089,0.632%,NA
VNO^O,"Vornado Realty Trust 4.45% Series O Cumulative Redeemable Preferred Shares, Liquidation Preference $25.00 Per Share",$14.69,0.16,1.101%,NA
VOYA^B,"Voya Financial, Inc. Depositary Shares, each representing a 1/40th interest in a share of 5.35% Fixed-Rate Reset Non-Cumulative Preferred Stock, Series B",$23.77,-0.09,-0.377%,NA
VVR,Invesco Senior Income Trust Common Stock (DE),$2.95,0.01,0.34%,NA
WAL^A,"Western Alliance Bancorporation Depositary Shares, Each Representing a 1/400th Interest in a Share of 4.250% Fixed-Rate Non-Cumulative Perpetual Preferred Stock, Series A",$24.785,-0.115,-0.462%,NA
WDI,Western Asset Diversified Income Fund Common Shares of Beneficial Interest,$12.97,-0.16,-1.219%,NA
WEA,Western Asset Bond Fund Share of Beneficial Interest,$10.48,-0.04,-0.38%,NA
WENC,West Enclave Merger Corp. Ordinary Shares,$9.98,-0.02,-0.20%,NA
WENN,Wen Acquisition Corp Class A Ordinary Shares,$10.39,0.01,0.096%,NA
WENNU,Wen Acquisition Corp Unit,$10.46,UNCH,--,NA
WENNW,Wen Acquisition Corp Warrant,$0.2905,UNCH,--,NA
WFC^A,"Wells Fargo & Company Depositary Shares, each representing a 1/1,000th interest in a share of Non-Cumulative Perpetual Class A Preferred Stock, Series AA",$17.92,-0.04,-0.223%,NA
WFC^C,"Wells Fargo & Company Depositary Shares, each representing a 1/1,000th interest in a share of Non-Cumulative Perpetual Class A Preferred Stock, Series CC",$16.73,-0.07,-0.417%,NA
WFC^D,"Wells Fargo & Company Depositary Shares, each representing a 1/1,000th interest in  a share of Non-Cumulative Perpetual Class A Preferred Stock, Series DD",$16.37,-0.14,-0.848%,NA
WFC^L,"Wells Fargo & Company 7.50% Non-Cumulative Perpetual Convertible Class A Preferred Stock, Series L","$1,163.16",-1.85,-0.159%,NA
WFC^Y,"Wells Fargo & Company Depositary Shares, each representing a 1/1,000th interest in a share of Non-Cumulative Perpetual Class A Preferred Stock, Series Y",$22.03,0.03,0.136%,NA
WFC^Z,"Wells Fargo & Company Depositary Shares, each representing a 1/1,000th interest in a share of Non-Cumulative Perpetual Class A Preferred Stock, Series Z",$18.17,-0.05,-0.274%,NA
WHR^A,"Whirlpool Corporation Depositary Shares, each representing a 1/20th interest in a share of 8.50% Series A Mandatory Convertible Preferred Stock",$34.45,0.38,1.115%,NA
WIA,Western Asset Inflation-Linked Income Fund,$8.00,UNCH,--,NA
WIW,Western Asset Inflation-Linked Opportunities & Income Fund,$8.35,-0.03,-0.358%,NA
WLCO,Wilco 63 Corporation Class A Ordinary Shares,$9.78,-0.0163,-0.166%,NA
WLCOU,Wilco 63 Corporation Units,$9.99,UNCH,--,NA
WLCOW,Wilco 63 Corporation Warrant,$0.40,-0.008,-1.961%,NA
WLII,Willow Lane Acquisition Corp. II Class A Ordinary Shares,$10.26,UNCH,--,NA
WLIIU,Willow Lane Acquisition Corp. II Unit,$10.4401,UNCH,--,NA
WLIIW,Willow Lane Acquisition Corp. II Warrants,$0.82,-0.02,-2.381%,NA
WPAC,White Pearl Acquisition Corp. Class A Ordinary Shares,$10.03,UNCH,--,NA
WRB^E,W.R. Berkley Corporation 5.70% Subordinated Debentures due 2058,$20.28,-0.03,-0.148%,NA
WRB^F,W.R. Berkley Corporation 5.10% Subordinated Debentures due 2059,$17.75,-0.01,-0.056%,NA
WRB^G,W.R. Berkley Corporation 4.25% Subordinated Debentures due 2060,$15.27,0.17,1.126%,NA
WRB^H,W.R. Berkley Corporation 4.125% Subordinated Debentures due 2061,$14.56,0.0248,0.171%,NA
WSO/B,"Watsco, Inc.",$309.28,UNCH,--,NA
WTG,Wintergreen Acquisition Corp. Ordinary Shares,$10.50,0.02,0.191%,NA
WTGUR,Wintergreen Acquisition Corp. Rights,$0.14,UNCH,--,NA
WTGUU,Wintergreen Acquisition Corp. Unit,$10.55,UNCH,--,NA
XCBE,X3 Acquisition Corp. Ltd. Class A Ordinary Shares,$9.99,UNCH,--,NA
XCBEU,X3 Acquisition Corp. Ltd. Unit,$10.09,0.03,0.298%,NA
XELLL,"Xcel Energy Inc. 6.25% Junior Subordinated Notes, Series due 2085",$22.69,-0.15,-0.657%,NA
XFLH,XFLH Capital Corporation Ordinary Shares,$10.05,UNCH,--,NA
XIIIU,Churchill Capital Corp XIII Units,$10.50,0.01,0.095%,NA
XRN^A,Chiron Real Estate Inc. Series A Cumulative Redeemable Preferred Stock,$24.90,UNCH,--,NA
XRN^B,"Chiron Real Estate Inc. 8.00% Series B Cumulative Redeemable Preferred Stock, $0.001 par value per share",$25.37,-0.005,-0.02%,NA
XRPN,Armada Acquisition Corp. II Class A Ordinary Shares,$10.50,UNCH,--,NA
XRPNU,Armada Acquisition Corp. II Units,$10.90,UNCH,--,NA
XRPNW,Armada Acquisition Corp. II Warrant,$0.801,0.011,1.392%,NA
XSLL,Xsolla SPAC 1 Class A Ordinary Shares,$9.97,UNCH,--,NA
XSLLU,Xsolla SPAC 1 Units,$10.01,UNCH,--,NA
XTERU,Karman Line Acquisition Corp. Units,$9.945,UNCH,--,NA
YCY,AA Mission Acquisition Corp. II Class A Ordinary Shares,$10.25,-0.02,-0.195%,NA
YHNA,YHN Acquisition I Limited Ordinary Shares,$10.96,UNCH,--,NA
YICC,Yorkville International Capital Corp. Class A Ordinary Shares,$9.91,0.01,0.101%,NA
YICCU,Yorkville International Capital Corp. Units,$10.50,0.41,4.063%,NA
YICCW,Yorkville International Capital Corp. Warrants,$0.41,UNCH,--,NA
ZKP,Lafayette Digital Acquisition Corp. I Class A Ordinary Shares,$10.00,UNCH,--,NA
ZKPU,Lafayette Digital Acquisition Corp. I Unit,$10.03,UNCH,--,NA
ZKPW,Lafayette Digital Acquisition Corp. I Warrant,$0.2902,UNCH,--,NA
ZTR,Virtus Total Return Fund Inc.,$6.77,-0.02,-0.295%,NA
