Symbol,Name,Last Sale,Net Change,% Change,Market Cap
NVDA,NVIDIA Corporation Common Stock,$224.58,-0.93,-0.412%,"5,412,378,000,000"
AAPL,Apple Inc. Common Stock,$335.92,-1.10,-0.326%,"4,902,476,945,600"
GOOGL,Alphabet Inc. Class A Common Stock,$342.36,4.53,1.341%,"4,187,062,800,000"
GOOG,Alphabet Inc. Class C Capital Stock,$339.01,4.03,1.203%,"4,146,092,300,000"
MSFT,Microsoft Corporation Common Stock,$497.93,-2.66,-0.531%,"3,697,401,866,334"
AMZN,"Amazon.com, Inc. Common Stock",$249.38,0.11,0.044%,"2,689,890,878,585"
TSM,Taiwan Semiconductor Manufacturing Company Ltd.,$451.15,4.58,1.026%,"2,339,891,687,440"
SPCX,Space Exploration Technologies Corp. Class A Common Stock,$148.03,-0.33,-0.222%,"2,009,184,785,149"
META,"Meta Platforms, Inc. Class A Common Stock",$777.59,33.49,4.501%,"1,980,915,365,498"
AVGO,Broadcom Inc. Common Stock,$350.36,-4.63,-1.304%,"1,672,488,959,501"
TSLA,"Tesla, Inc. Common Stock",$377.94,-2.18,-0.574%,"1,492,691,942,088"
SKHY,SK hynix Inc. American Depositary Shares,$186.37,-2.91,-1.537%,"1,358,386,632,350"
MU,"Micron Technology, Inc. Common Stock","$1,080.53",8.65,0.807%,"1,220,343,181,450"
BRK/A,Berkshire Hathaway Inc.,"$759,200.00","-5,820.00",-0.761%,"1,116,687,540,800"
BRK/B,Berkshire Hathaway Inc.,$505.18,-1.99,-0.392%,"1,114,584,378,402"
LLY,Eli Lilly and Company Common Stock,"$1,181.89",30.90,2.685%,"1,112,580,501,553"
AMD,"Advanced Micro Devices, Inc. Common Stock",$629.26,14.65,2.384%,"1,027,251,244,929"
JPM,JP Morgan Chase & Co. Common Stock,$338.56,1.03,0.305%,"899,955,518,179"
WMT,Walmart Inc. Common Stock,$107.59,-2.94,-2.66%,"853,591,758,069"
INTC,Intel Corporation Common Stock,$127.39,4.79,3.907%,"673,265,005,006"
XOM,ExxonMobil Holdings Corporation Common Stock,$162.14,0.91,0.564%,"666,705,405,194"
ASML,ASML Holding N.V. New York Registry Shares,"$1,722.50",-22.11,-1.267%,"663,881,927,963"
V,Visa Inc.,$367.98,6.46,1.787%,"657,490,187,696"
JNJ,Johnson & Johnson Common Stock,$270.68,1.51,0.561%,"652,311,352,236"
GOOGM,Alphabet Inc. Depositary Shares representing a 1/20th Interest in a Share of Series A Mandatory Convertible Preferred Stock,$48.73,0.48,0.995%,"595,967,900,000"
GOOGN,Alphabet Inc. Depositary Shares representing a 1/20th Interest in a Share of Series B Mandatory Convertible Preferred Stock,$48.38,0.38,0.792%,"591,687,400,000"
MA,Mastercard Incorporated Common Stock,$566.08,6.16,1.10%,"495,891,706,835"
ABBV,AbbVie Inc. Common Stock,$265.12,0.04,0.015%,"468,498,134,599"
PLTR,Palantir Technologies Inc. Class A Common Stock,$192.59,0.80,0.417%,"462,611,479,713"
ORCL,Oracle Corporation Common Stock,$139.54,-5.02,-3.473%,"421,932,121,440"
CSCO,"Cisco Systems, Inc. Common Stock (DE)",$106.97,0.54,0.507%,"421,738,517,805"
CVX,Chevron Corporation Common Stock,$205.65,0.14,0.068%,"406,317,362,498"
COST,Costco Wholesale Corporation Common Stock,$896.48,-8.22,-0.909%,"397,569,878,210"
BAC,Bank of America Corporation Common Stock,$56.03,0.03,0.054%,"391,803,690,891"
LRCX,Lam Research Corporation Common Stock,$307.16,-0.12,-0.039%,"384,355,758,360"
KO,Coca-Cola Company (The) Common Stock,$88.10,0.01,0.011%,"379,054,588,308"
AMAT,"Applied Materials, Inc. Common Stock",$474.25,-0.13,-0.027%,"376,363,587,343"
CAT,"Caterpillar, Inc. Common Stock",$805.25,-6.77,-0.834%,"370,153,204,367"
MRK,"Merck & Company, Inc. Common Stock (new)",$147.98,-0.10,-0.068%,"365,092,058,991"
HSBC,"HSBC Holdings, plc. Common Stock",$100.17,-0.08,-0.08%,"343,917,503,221"
DELL,Dell Technologies Inc. Class C Common Stock ,$536.02,-13.81,-2.512%,"340,808,350,255"
PG,Procter & Gamble Company (The) Common Stock,$145.68,-1.71,-1.16%,"338,623,408,181"
UNH,UnitedHealth Group Incorporated Common Stock (DE),$375.01,3.72,1.002%,"336,607,043,573"
GE,GE Aerospace Common Stock,$319.78,-0.02,-0.006%,"331,791,740,407"
ARM,Arm Holdings plc American Depositary Shares,$306.34,-26.22,-7.884%,"325,962,685,898"
PANW,"Palo Alto Networks, Inc. Common Stock",$389.92,-3.38,-0.859%,"318,954,560,000"
MS,Morgan Stanley Common Stock,$196.32,-2.07,-1.043%,"308,333,574,445"
NFLX,"Netflix, Inc. Common Stock",$71.72,0.36,0.504%,"298,637,753,563"
PM,Philip Morris International Inc Common Stock,$191.50,0.66,0.346%,"298,474,473,569"
HD,"Home Depot, Inc. (The) Common Stock",$292.18,-4.54,-1.53%,"291,504,954,925"
RY,Royal Bank Of Canada Common Stock,$199.50,0.05,0.025%,"276,193,744,901"
NVS,Novartis AG Common Stock,$143.57,0.86,0.603%,"273,953,336,554"
GS,"Goldman Sachs Group, Inc. (The) Common Stock",$923.29,-13.07,-1.396%,"268,835,649,292"
BABA,Alibaba Group Holding Limited American Depositary Shares each representing eight Ordinary share,$110.63,-0.17,-0.153%,"267,999,628,171"
MUFG,"Mitsubishi UFJ Financial Group, Inc. Common Stock",$22.57,-0.25,-1.096%,"267,854,235,464"
CRWD,"CrowdStrike Holdings, Inc. Class A Common Stock",$259.67,-2.82,-1.074%,"265,885,160,422"
SHEL,Shell PLC American Depositary Shares (each representing two (2) Ordinary Shares) ,$95.60,0.19,0.199%,"264,436,563,408"
ANET,"Arista Networks, Inc. Common Stock",$205.70,2.23,1.096%,"259,433,910,094"
SAP,SAP  SE ADS,$209.11,-1.51,-0.717%,"256,892,519,954"
SNDK,Sandisk Corporation Common Stock,"$1,753.62",-62.95,-3.465%,"256,763,288,534"
AZN,AstraZeneca PLC Ordinary Shares,$164.56,1.23,0.753%,"255,187,449,003"
GEV,GE Vernova Inc. Common Stock,$955.04,3.22,0.338%,"254,359,223,198"
RTX,RTX Corporation Common Stock,$188.61,-3.58,-1.863%,"254,200,663,540"
TMO,Thermo Fisher Scientific Inc Common Stock,$678.39,13.09,1.968%,"250,832,861,350"
WFC,Wells Fargo & Company Common Stock,$82.18,0.28,0.342%,"248,512,265,432"
TXN,Texas Instruments Incorporated Common Stock,$270.65,-1.97,-0.723%,"247,170,486,216"
KLAC,KLA Corporation Common Stock,$187.11,-0.75,-0.399%,"244,179,764,718"
TM,Toyota Motor Corporation Common Stock,$186.72,-3.64,-1.912%,"243,369,577,744"
CCZ,Comcast Holdings ZONES,$64.67,UNCH,--,"229,490,327,176"
MRVL,"Marvell Technology, Inc. Common Stock",$258.95,-1.95,-0.747%,"227,073,255,000"
C,"Citigroup, Inc. Common Stock",$132.10,0.17,0.129%,"221,589,399,034"
AMGN,Amgen Inc. Common Stock,$406.04,-0.05,-0.012%,"219,518,219,310"
BHP,BHP Group Limited American Depositary Shares (Each representing two Ordinary Shares),$85.09,0.14,0.165%,"216,306,540,633"
LIN,Linde plc Ordinary Shares,$468.14,-1.58,-0.336%,"215,803,253,507"
IBM,International Business Machines Corporation Common Stock,$227.06,-5.70,-2.449%,"213,921,034,593"
STX,Seagate Technology Holdings PLC Ordinary Shares (Ireland),$905.92,-17.20,-1.863%,"207,200,709,722"
SAN,"Banco Santander, S.A. Sponsored ADR (Spain)",$14.28,0.08,0.563%,"206,698,836,452"
AXP,American Express Company Common Stock,$305.66,3.70,1.225%,"206,415,203,555"
APH,Amphenol Corporation Common Stock,$83.08,0.89,1.083%,"204,872,531,215"
QCOM,QUALCOMM Incorporated Common Stock,$194.26,-2.98,-1.511%,"204,018,441,493"
TTE,TotalEnergies SE Ordinary Shares,$91.89,0.22,0.24%,"200,491,281,170"
VZ,Verizon Communications Inc. Common Stock,$47.32,0.80,1.72%,"196,603,962,559"
CRM,"Salesforce, Inc. Common Stock",$238.22,0.64,0.269%,"196,055,060,000"
TD,Toronto Dominion Bank (The) Common Stock,$119.26,-0.15,-0.126%,"195,395,226,220"
SHOP,Shopify Inc. Class A Subordinate Voting Shares,$145.16,2.82,1.981%,"188,099,928,389"
DE,Deere & Company Common Stock,$694.94,-14.54,-2.049%,"187,373,483,815"
GILD,"Gilead Sciences, Inc. Common Stock",$149.69,-1.68,-1.11%,"185,608,887,152"
ADI,"Analog Devices, Inc. Common Stock",$382.61,-2.62,-0.68%,"185,399,592,564"
DIS,Walt Disney Company (The) Common Stock,$105.56,2.10,2.03%,"182,269,069,375"
TMUS,"T-Mobile US, Inc. Common Stock",$165.35,-0.31,-0.187%,"177,366,251,210"
PEP,"PepsiCo, Inc. Common Stock",$128.15,-2.03,-1.559%,"174,910,853,158"
ABT,Abbott Laboratories Common Stock,$101.07,-2.42,-2.338%,"174,889,839,727"
T,AT&T Inc.,$25.45,0.15,0.593%,"174,393,214,793"
SCHW,Charles Schwab Corporation (The) Common Stock,$99.49,-0.01,-0.01%,"172,051,610,186"
NVO,Novo Nordisk A/S Common Stock,$38.62,0.45,1.179%,"171,006,676,682"
ETN,"Eaton Corporation, PLC Ordinary Shares",$440.00,1.24,0.283%,"170,896,000,000"
WELL,Welltower Inc. Common Stock,$233.61,3.74,1.627%,"168,373,228,003"
SCCO,Southern Copper Corporation Common Stock,$201.58,-0.36,-0.178%,"168,184,585,295"
MCD,McDonald's Corporation Common Stock,$237.02,-1.30,-0.545%,"167,725,195,678"
BLK,"BlackRock, Inc. Common Stock","$1,073.45",12.56,1.184%,"166,244,406,074"
UNP,Union Pacific Corporation Common Stock,$274.07,-1.46,-0.53%,"162,818,271,737"
BBVA,Banco Bilbao Vizcaya Argentaria S.A. Common Stock,$28.47,0.38,1.353%,"162,534,338,889"
WDC,Western Digital Corporation Common Stock,$450.31,-23.38,-4.936%,"162,355,192,493"
PFE,"Pfizer, Inc. Common Stock",$28.41,0.23,0.816%,"161,927,726,663"
NEE,"NextEra Energy, Inc. Common Stock",$75.62,-1.40,-1.818%,"157,741,672,165"
DHR,Danaher Corporation Common Stock,$223.77,2.21,0.997%,"157,307,189,304"
BA,Boeing Company (The) Common Stock,$196.80,-3.13,-1.566%,"155,544,819,936"
COP,ConocoPhillips Common Stock,$129.34,1.25,0.976%,"155,380,989,534"
BUD,Anheuser-Busch Inbev SA Sponsored ADR (Belgium),$77.42,0.36,0.467%,"152,682,541,041"
UBS,UBS Group AG Registered Ordinary Shares,$48.46,0.72,1.508%,"150,392,472,651"
TJX,"TJX Companies, Inc. (The) Common Stock",$131.63,0.04,0.03%,"144,789,585,649"
NOW,"ServiceNow, Inc. Common Stock",$137.78,-3.00,-2.131%,"142,464,520,000"
UBER,"Uber Technologies, Inc. Common Stock",$69.22,-0.20,-0.288%,"141,386,011,576"
ISRG,"Intuitive Surgical, Inc. Common Stock",$399.52,1.22,0.306%,"141,141,641,742"
TBB,AT&T Inc. 5.350% Global Notes due 2066,$19.10,-0.25,-1.292%,"136,572,362,668"
SONY,Sony Group Corporation American Depositary Shares ,$22.99,-0.21,-0.905%,"135,550,248,216"
PBR,Petroleo Brasileiro S.A. Petrobras ADS,$20.84,-0.30,-1.419%,"134,300,595,380"
UL,Unilever PLC American Depositary Shares (each representing One Ordinary Share),$62.25,0.09,0.145%,"134,106,877,164"
GLW,Corning Incorporated Common Stock,$154.15,-0.33,-0.214%,"132,783,011,224"
VRTX,Vertex Pharmaceuticals Incorporated Common Stock,$522.38,6.04,1.17%,"132,402,917,479"
MFG,"Mizuho Financial Group, Inc. Sponosred ADR (Japan)",$10.56,-0.18,-1.676%,"131,464,005,763"
FTNT,"Fortinet, Inc. Common Stock",$178.67,-0.07,-0.039%,"131,092,618,382"
CB,Chubb Limited  Common Stock,$334.84,-0.37,-0.11%,"129,181,224,788"
NEM,Newmont Corporation,$121.30,-2.25,-1.821%,"127,812,872,472"
NET,"Cloudflare, Inc. Class A Common Stock",$358.82,6.49,1.842%,"127,768,523,336"
PLD,"Prologis, Inc. Common Stock",$133.82,-0.14,-0.105%,"126,871,530,320"
BMY,Bristol-Myers Squibb Company Common Stock,$61.50,0.35,0.572%,"125,626,951,344"
MNST,Monster Beverage Corporation,$42.67,-1.24,-2.824%,"125,389,233,562"
PH,Parker-Hannifin Corporation Common Stock,$974.98,3.77,0.388%,"122,957,082,377"
BTI,"British American Tobacco  Industries, p.l.c. Common Stock ADR",$56.02,0.17,0.304%,"121,021,885,751"
LMT,Lockheed Martin Corporation Common Stock,$523.70,-0.98,-0.187%,"120,865,117,346"
COF,Capital One Financial Corporation Common Stock,$196.61,0.51,0.26%,"120,617,253,606"
BMO,Bank Of Montreal Common Stock,$171.06,0.69,0.405%,"118,902,478,061"
SPGI,S&P Global Inc. Common Stock,$403.25,-3.25,-0.80%,"118,878,100,000"
RIO,Rio Tinto Plc Common Stock,$94.47,-0.78,-0.819%,"118,657,965,030"
ACN,Accenture plc Class A Ordinary Shares (Ireland),$177.41,-6.11,-3.329%,"118,422,986,356"
BKNG,Booking Holdings Inc. Common Stock,$157.41,1.51,0.969%,"118,274,804,505"
SNOW,Snowflake Inc. Common Stock,$334.00,-0.81,-0.242%,"117,835,200,000"
PGR,Progressive Corporation (The) Common Stock,$202.17,-0.96,-0.473%,"117,535,930,741"
HDB,HDFC Bank Limited Common Stock,$22.83,0.04,0.176%,"117,143,532,976"
SMFG,Sumitomo Mitsui Financial Group Inc Unsponsored American Depositary Shares (Japan),$25.51,-0.34,-1.315%,"116,360,035,235"
BP,BP p.l.c. Common Stock,$44.41,-0.08,-0.18%,"116,262,289,108"
MO,"Altria Group, Inc.",$68.88,-0.07,-0.102%,"115,011,961,623"
MDT,Medtronic plc. Ordinary Shares,$88.51,-0.79,-0.885%,"113,216,494,644"
BNS,Bank Nova Scotia Halifax Pfd 3 Ordinary Shares,$92.23,-0.02,-0.022%,"113,146,598,213"
PDD,PDD Holdings Inc. American Depositary Shares,$78.20,-1.00,-1.263%,"111,309,603,328"
VLO,Valero Energy Corporation Common Stock,$382.86,7.02,1.868%,"110,235,907,718"
MPC,Marathon Petroleum Corporation Common Stock,$390.95,2.57,0.662%,"109,788,441,095"
CVS,CVS Health Corporation Common Stock,$85.05,-0.81,-0.943%,"108,776,429,883"
HOOD,"Robinhood Markets, Inc. Class A Common Stock",$120.82,-1.88,-1.532%,"108,627,120,224"
EQNR,Equinor ASA,$43.17,0.27,0.629%,"107,936,700,365"
SBUX,Starbucks Corporation Common Stock,$93.65,-0.49,-0.521%,"106,761,000,000"
LOW,"Lowe's Companies, Inc. Common Stock",$188.49,-2.87,-1.50%,"105,753,072,041"
SPOT,Spotify Technology S.A. Ordinary Shares,$511.38,0.98,0.192%,"105,258,637,657"
ING,"ING Group, N.V. Common Stock",$36.11,0.19,0.529%,"104,807,024,914"
APP,Applovin Corporation Class A Common Stock,$312.47,-2.78,-0.882%,"104,568,397,970"
ADP,"Automatic Data Processing, Inc. Common Stock",$263.11,-0.57,-0.216%,"104,523,798,732"
FCX,"Freeport-McMoRan, Inc. Common Stock",$72.08,-0.50,-0.689%,"103,508,143,058"
SYK,Stryker Corporation Common Stock,$269.75,-3.65,-1.335%,"103,468,829,159"
ENB,Enbridge Inc Common Stock,$47.35,-0.50,-1.045%,"103,417,544,057"
EQIX,"Equinix, Inc. Common Stock REIT","$1,034.76",-2.90,-0.279%,"102,101,513,805"
PSX,Phillips 66 Common Stock,$255.87,-0.61,-0.238%,"102,097,481,777"
BNY,The Bank of New York Mellon Corporation Common Stock,$150.19,0.68,0.455%,"101,904,537,087"
MCK,McKesson Corporation Common Stock,$869.36,-11.14,-1.265%,"101,358,997,978"
CM,Canadian Imperial Bank of Commerce Common Stock,$111.42,-0.03,-0.027%,"101,164,472,896"
GSK,GSK plc American Depositary Shares (Each representing two Ordinary Shares),$49.65,-0.06,-0.121%,"100,427,334,182"
SNY,Sanofi ADS,$40.94,-0.72,-1.728%,"99,846,690,620"
IBN,ICICI Bank Limited Common Stock,$27.88,-0.03,-0.107%,"99,811,969,226"
CNQ,Canadian Natural Resources Limited Common Stock,$47.93,0.29,0.609%,"99,159,501,200"
AEM,Agnico Eagle Mines Limited Common Stock,$193.88,-1.69,-0.864%,"98,405,926,292"
ASX,"ASE Technology Holding Co., Ltd. American Depositary Shares (each representing Two Common Shares) ",$43.50,-0.43,-0.979%,"96,870,097,409"
CME,CME Group Inc. Class A Common Stock,$268.91,-1.89,-0.698%,"96,694,459,613"
TT,Trane Technologies plc,$438.54,1.45,0.332%,"96,488,964,042"
RACE,Ferrari N.V. Common Shares,$411.82,-1.23,-0.298%,"96,343,037,992"
SO,Southern Company (The) Common Stock,$82.89,-0.58,-0.695%,"95,353,586,252"
PWR,"Quanta Services, Inc. Common Stock",$643.50,8.60,1.355%,"94,806,712,787"
VRT,"Vertiv Holdings, LLC Class A Common Stock",$245.30,-3.48,-1.399%,"94,437,598,837"
ADBE,Adobe Inc. Common Stock,$238.93,-1.76,-0.731%,"92,991,556,000"
CEG,Constellation Energy Corporation Common Stock ,$261.62,-2.26,-0.856%,"92,693,896,494"
DDOG,"Datadog, Inc. Class A Common Stock",$256.92,5.43,2.159%,"92,253,555,166"
HCA,"HCA Healthcare, Inc. Common Stock",$423.48,-13.00,-2.978%,"91,684,055,220"
MAR,Marriott International Class A Common Stock,$351.51,-0.15,-0.043%,"91,661,957,895"
HWM,Howmet Aerospace Inc. Common Stock,$229.38,0.60,0.262%,"91,477,064,903"
USB,U.S. Bancorp Common Stock,$58.40,-0.08,-0.137%,"90,990,204,446"
GD,General Dynamics Corporation Common Stock,$336.29,-7.04,-2.051%,"90,985,679,107"
ABNB,"Airbnb, Inc. Class A Common Stock",$151.39,1.81,1.21%,"90,650,164,398"
BN,Brookfield Corporation Class A Limited Voting Shares,$36.63,-0.46,-1.24%,"89,770,960,229"
PNC,"PNC Financial Services Group, Inc. (The) Common Stock",$223.34,-0.69,-0.308%,"89,100,078,588"
ITUB,Itau Unibanco Banco Holding SA American Depositary Shares (Each repstg 500 Preferred shares),$8.08,-0.10,-1.222%,"89,094,318,202"
MELI,"MercadoLibre, Inc. Common Stock","$1,754.13",-45.11,-2.507%,"88,928,781,292"
CDNS,"Cadence Design Systems, Inc. Common Stock",$322.00,12.91,4.177%,"88,676,546,000"
DUK,Duke Energy Corporation (Holding Company) Common Stock,$113.23,-0.94,-0.823%,"88,285,679,313"
ICE,Intercontinental Exchange Inc. Common Stock,$156.93,0.58,0.371%,"88,099,636,845"
JCI,Johnson Controls International plc Ordinary Share,$145.36,-0.54,-0.37%,"88,050,580,079"
BX,Blackstone Inc. Common Stock,$117.21,-2.06,-1.727%,"87,980,769,612"
EMR,Emerson Electric Company Common Stock,$156.14,1.55,1.003%,"87,094,892,000"
CSX,CSX Corporation Common Stock,$46.95,-0.24,-0.509%,"86,973,697,353"
E,ENI S.p.A. Common Stock,$55.04,0.21,0.383%,"86,598,975,937"
MMM,3M Company Common Stock,$167.52,-2.78,-1.632%,"86,393,819,296"
ELV,"Elevance Health, Inc. Common Stock",$398.25,-0.31,-0.078%,"86,368,194,743"
WMB,"Williams Companies, Inc. (The) Common Stock",$70.58,-0.53,-0.745%,"86,331,160,174"
KKR,KKR & Co. Inc. Common Stock,$95.64,-1.57,-1.615%,"85,849,868,880"
HPE,Hewlett Packard Enterprise Company Common Stock,$63.52,1.19,1.909%,"84,320,562,762"
LYG,Lloyds Banking Group Plc American Depositary Shares,$5.65,0.01,0.177%,"83,738,728,614"
LITE,Lumentum Holdings Inc. Common Stock,$929.04,-7.96,-0.85%,"83,334,888,000"
WM,"Waste Management, Inc. Common Stock",$207.96,0.08,0.038%,"83,124,769,665"
BCS,Barclays PLC Common Stock,$24.43,0.14,0.576%,"82,091,358,111"
REGN,"Regeneron Pharmaceuticals, Inc. Common Stock",$796.02,-5.80,-0.723%,"81,954,229,548"
SNPS,"Synopsys, Inc. Common Stock",$424.91,11.85,2.869%,"81,428,327,252"
DASH,"DoorDash, Inc. Class A Common Stock",$187.53,-1.74,-0.919%,"81,256,362,126"
MRSH,Marsh Common Stock,$169.93,-0.45,-0.264%,"81,092,510,771"
MCO,Moody's Corporation Common Stock,$467.35,-6.50,-1.372%,"80,945,020,000"
EPD,Enterprise Products Partners L.P. Common Stock,$37.27,-0.30,-0.799%,"80,483,714,089"
SU,Suncor Energy  Inc. Common Stock,$68.65,0.67,0.986%,"80,295,072,864"
NGG,"National Grid Transco, PLC National Grid PLC (NEW) American Depositary Shares",$75.23,-0.02,-0.027%,"78,988,966,103"
CTAS,Cintas Corporation Common Stock,$197.68,5.71,2.974%,"78,976,474,501"
BE,Bloom Energy Corporation Class A Common Stock,$266.65,-8.54,-3.103%,"78,535,716,811"
CMCSA,Comcast Corporation Class A Common Stock,$22.13,-0.42,-1.863%,"78,531,327,360"
UPS,"United Parcel Service, Inc. Common Stock",$92.05,-3.77,-3.934%,"78,314,444,623"
AMT,American Tower Corporation (REIT) Common Stock,$167.26,-3.52,-2.061%,"77,936,477,628"
CP,Canadian Pacific Kansas City Limited Common Shares,$87.32,-0.96,-1.087%,"77,912,483,486"
SHW,Sherwin-Williams Company (The) Common Stock,$320.40,-6.06,-1.856%,"77,779,711,580"
MRNA,"Moderna, Inc. Common Stock",$194.82,12.71,6.979%,"77,779,135,895"
MDLZ,"Mondelez International, Inc. Class A Common Stock",$60.86,-0.58,-0.944%,"77,676,108,349"
ITW,Illinois Tool Works Inc. Common Stock,$272.00,-1.42,-0.519%,"77,465,600,000"
WBD,"Warner Bros. Discovery, Inc. Series A Common Stock ",$30.84,0.08,0.26%,"77,430,090,204"
ECL,Ecolab Inc. Common Stock,$275.37,-1.35,-0.488%,"77,194,087,408"
SLB,SLB Limited Common Shares,$51.43,-0.44,-0.848%,"76,329,486,370"
TRV,"The Travelers Companies, Inc. Common Stock",$362.39,2.00,0.555%,"75,585,502,223"
MSI,"Motorola Solutions, Inc. Common Stock",$454.91,-5.53,-1.201%,"75,284,779,099"
ROST,"Ross Stores, Inc. Common Stock",$235.40,1.42,0.607%,"75,199,262,094"
NTES,"NetEase, Inc. American Depositary Shares",$117.56,0.54,0.461%,"75,018,340,024"
EOG,"EOG Resources, Inc. Common Stock",$142.86,1.02,0.719%,"74,934,238,083"
INTU,Intuit Inc. Common Stock,$277.13,-9.67,-3.372%,"74,059,112,680"
MFC,Manulife Financial Corporation Common Stock,$43.49,-0.11,-0.252%,"72,580,048,454"
CNI,Canadian National Railway Company Common Stock,$119.92,0.43,0.36%,"72,443,672,000"
NOC,Northrop Grumman Corporation Common Stock,$508.98,-5.44,-1.058%,"72,307,238,973"
NWG,"NatWest Group plc American Depositary Shares, (each representing two (2) Ordinary Shares)",$18.14,0.23,1.284%,"72,107,127,517"
CMI,Cummins Inc. Common Stock,$521.07,-3.58,-0.682%,"71,732,834,241"
BRKRP,"Bruker Corporation 6.375% Mandatory Convertible Preferred Stock, Series A",$468.57,29.41,6.697%,"71,391,004,698"
APO,"Apollo Global Management, Inc. (New) Common Stock",$120.69,-3.67,-2.951%,"71,272,653,860"
BAM,Brookfield Asset Management Inc Class A Limited Voting Shares,$44.58,-0.68,-1.502%,"71,204,826,262"
TGT,Target Corporation Common Stock,$156.15,-0.11,-0.07%,"70,938,435,326"
GM,General Motors Company Common Stock,$80.57,-3.20,-3.82%,"70,696,270,658"
CVNA,Carvana Co. Class A Common Stock,$64.18,0.23,0.36%,"70,627,764,759"
NSC,Norfolk Southern Corporation Common Stock,$313.17,-1.84,-0.584%,"70,340,604,172"
HLT,Hilton Worldwide Holdings Inc. Common Stock ,$312.13,4.91,1.598%,"70,249,510,358"
CI,The Cigna Group Common Stock,$265.50,-2.77,-1.033%,"70,155,849,033"
ET,Energy Transfer LP Common Units ,$20.33,-0.16,-0.781%,"70,002,280,888"
ORLY,"O'Reilly Automotive, Inc. Common Stock",$86.24,0.34,0.396%,"69,764,778,702"
B,Barrick Mining Corporation Common Shares,$42.32,-0.17,-0.40%,"69,653,828,612"
KMI,"Kinder Morgan, Inc. Common Stock",$31.25,-0.12,-0.383%,"69,587,565,281"
CL,Colgate-Palmolive Company Common Stock,$85.32,-0.61,-0.71%,"68,014,785,770"
HON,Honeywell International Inc. Common Stock,$211.79,-0.78,-0.367%,"67,124,724,718"
DB,Deutsche Bank AG Common Stock,$35.62,-0.25,-0.697%,"67,015,468,000"
DLR,"Digital Realty Trust, Inc. Common Stock",$181.00,-0.45,-0.248%,"66,976,547,856"
AMX,"America Movil, S.A.B. de C.V. American Depositary Shares (each representing the right to receive twenty (20) Series B Shares",$22.05,-0.03,-0.136%,"66,364,987,500"
SPG,"Simon Property Group, Inc. Common Stock",$204.70,0.54,0.264%,"66,230,995,121"
NBIS,Nebius Group N.V. Class A Ordinary Shares,$243.48,16.87,7.445%,"66,191,308,479"
FDX,FedEx Corporation Common Stock,$279.54,-11.96,-4.103%,"66,158,853,400"
NU,Nu Holdings Ltd. Class A Ordinary Shares,$13.56,-0.06,-0.441%,"65,842,934,450"
MPWR,"Monolithic Power Systems, Inc. Common Stock","$1,335.55",-19.92,-1.47%,"65,632,933,650"
WPM,Wheaton Precious Metals Corp Common Shares (Canada),$143.88,-1.57,-1.079%,"65,344,536,196"
RSG,"Republic Services, Inc. Common Stock",$212.72,-0.38,-0.178%,"65,137,624,680"
BSX,Boston Scientific Corporation Common Stock,$44.68,0.06,0.134%,"64,751,575,222"
AEP,"American Electric Power Company, Inc. Common Stock",$117.57,-0.83,-0.701%,"64,004,796,675"
RCL,Royal Caribbean Cruises Ltd. Common Stock,$238.98,8.68,3.769%,"63,915,699,034"
URI,"United Rentals, Inc. Common Stock","$1,021.67",-10.32,-1.00%,"63,591,283,737"
APD,"Air Products and Chemicals, Inc. Common Stock",$284.49,-2.48,-0.864%,"63,351,806,430"
ALAB,"Astera Labs, Inc. Common Stock",$360.51,0.05,0.014%,"62,543,114,843"
MSTR,Strategy Inc Common Stock Class A,$161.61,-0.59,-0.364%,"62,094,723,619"
TEL,TE Connectivity plc Ordinary Shares,$213.67,-0.72,-0.336%,"61,860,291,427"
MET,"MetLife, Inc. Common Stock",$97.25,0.05,0.051%,"61,800,131,151"
SE,"Sea Limited American Depositary Shares, each representing one Class A Ordinary Share",$100.73,-2.56,-2.478%,"61,695,565,901"
TDG,Transdigm Group Incorporated Common Stock,"$1,105.28",UNCH,--,"61,096,037,552"
KEYS,Keysight Technologies Inc. Common Stock,$357.54,4.18,1.183%,"60,869,306,127"
TRGP,"Targa Resources, Inc. Common Stock",$283.15,0.14,0.049%,"60,716,143,596"
UMC,United Microelectronics Corporation (NEW) Common Stock,$24.10,-0.58,-2.35%,"60,674,913,583"
TER,"Teradyne, Inc. Common Stock",$387.70,-1.44,-0.37%,"60,613,308,775"
GWW,"W.W. Grainger, Inc. Common Stock","$1,279.47",8.80,0.693%,"60,264,242,261"
IMO,Imperial Oil Limited Common Stock,$124.57,-0.18,-0.144%,"60,241,180,010"
BMNP,"BitMine Immersion Technologies, Inc. 9.5% Series A Perpetual Preferred Stock",$99.50,0.0021,0.002%,"60,021,026,203"
NOK,Nokia Corporation Sponsored American Depositary Shares,$10.43,-0.20,-1.881%,"59,891,560,029"
ARGX,argenx SE American Depositary Shares,$962.22,16.40,1.734%,"59,718,152,091"
TRP,TC Energy Corporation Common Stock,$59.65,-0.55,-0.914%,"59,650,000,000"
COR,"Cencora, Inc. Common Stock",$309.87,-2.41,-0.772%,"59,131,613,619"
NTRA,"Natera, Inc. Common Stock",$408.79,18.00,4.606%,"58,924,695,254"
MPLX,MPLX LP Common Units Representing Limited Partner Interests,$57.98,-0.83,-1.411%,"58,783,501,393"
TAK,Takeda Pharmaceutical Company Limited American Depositary Shares (each representing 1/2 of a share of Common Stock),$18.59,-0.22,-1.17%,"58,741,511,263"
CVE,Cenovus Energy Inc Common Stock,$31.28,0.20,0.644%,"58,650,000,000"
AON,Aon plc Class A Ordinary Shares (Ireland),$276.09,-5.51,-1.957%,"58,565,711,073"
RELX,RELX PLC PLC American Depositary Shares (Each representing One Ordinary Share),$33.51,0.29,0.873%,"58,560,751,082"
PCAR,PACCAR Inc. Common Stock,$110.67,-1.42,-1.267%,"58,252,809,349"
AJG,Arthur J. Gallagher & Co. Common Stock,$227.13,-2.51,-1.093%,"58,213,419,000"
FAST,Fastenal Company Common Stock,$50.73,-0.26,-0.51%,"58,212,551,878"
NXPI,NXP Semiconductors N.V. Common Stock,$230.16,-5.28,-2.243%,"58,038,106,288"
OXY,Occidental Petroleum Corporation Common Stock,$58.05,0.69,1.203%,"58,028,949,387"
VALE,VALE S.A.  American Depositary Shares Each Representing one common share,$13.56,-0.26,-1.881%,"57,894,614,627"
FIX,"Comfort Systems USA, Inc. Common Stock","$1,643.39",17.49,1.076%,"57,838,008,335"
TFC,Truist Financial Corporation Common Stock,$47.18,0.18,0.383%,"57,636,323,550"
OKE,"ONEOK, Inc. Common Stock",$91.18,0.64,0.707%,"57,477,106,237"
ALL,Allstate Corporation (The) Common Stock,$227.17,1.51,0.669%,"57,441,740,502"
AFL,AFLAC Incorporated Common Stock,$114.01,-1.22,-1.059%,"57,158,149,405"
LNG,"Cheniere Energy, Inc. Common Stock",$276.28,2.67,0.976%,"57,061,257,172"
COHR,Coherent Corp. Common Stock,$290.61,-9.99,-3.323%,"56,910,809,010"
GRMN,Garmin Ltd. Common Stock (Switzerland),$295.04,7.46,2.594%,"56,899,212,221"
BKR,Baker Hughes Company Class A Common Stock,$57.29,-0.74,-1.275%,"56,870,297,528"
AME,"AMETEK, Inc.",$247.74,1.29,0.523%,"56,797,180,589"
NUE,Nucor Corporation Common Stock,$247.96,0.98,0.397%,"56,256,092,621"
CRH,CRH PLC Ordinary Shares,$83.96,-1.27,-1.49%,"56,197,738,711"
DAL,"Delta Air Lines, Inc. Common Stock",$82.76,1.01,1.235%,"54,424,881,963"
MT,Arcelor Mittal NY Registry Shares NEW,$71.30,-0.62,-0.862%,"54,268,270,895"
DVN,Devon Energy Corporation Common Stock,$48.90,0.86,1.79%,"53,790,000,000"
NKE,"Nike, Inc. Common Stock",$35.99,-0.06,-0.166%,"53,391,118,321"
D,"Dominion Energy, Inc. Common Stock",$60.40,-0.77,-1.259%,"53,123,367,320"
CTVA,"Corteva, Inc. Common Stock ",$79.45,-0.97,-1.206%,"53,008,722,200"
FANG,"Diamondback Energy, Inc. Common Stock",$189.01,3.36,1.81%,"52,927,402,961"
NDAQ,"Nasdaq, Inc. Common Stock",$94.55,-0.89,-0.933%,"52,851,310,523"
COIN,"Coinbase Global, Inc. Class A Common Stock",$199.21,1.08,0.545%,"52,558,953,431"
O,Realty Income Corporation Common Stock,$55.41,-0.20,-0.36%,"52,429,941,209"
CAH,"Cardinal Health, Inc. Common Stock",$222.62,1.35,0.61%,"51,549,741,384"
SOMN,Southern Company (The) 2025 Series A Corporate Units,$44.77,-0.15,-0.334%,"51,501,749,988"
SRE,DBA Sempra Common Stock,$77.74,-1.26,-1.595%,"50,834,213,054"
CIEN,Ciena Corporation Common Stock,$358.43,2.52,0.708%,"50,828,429,616"
HBANL,"Huntington Bancshares Incorporated Depositary Shares, Each Representing a 1/40th Interest in a Share of 6.875% Series J Non-Cumulative Perpetual Preferred Stock",$25.05,-0.02,-0.08%,"50,611,391,391"
HONA,Honeywell Aerospace Inc. Common Stock ,$158.46,-4.87,-2.982%,"50,224,328,804"
FNV,Franco-Nevada Corporation,$259.89,-1.02,-0.391%,"50,125,974,481"
PSA,Public Storage Common Stock,$284.56,-2.17,-0.757%,"49,974,749,891"
AU,AngloGold Ashanti PLC Ordinary Shares,$98.49,-0.25,-0.253%,"49,813,214,023"
STT,State Street Corporation Common Stock,$181.09,1.14,0.634%,"49,745,742,624"
CRWV,"CoreWeave, Inc. Class A Common Stock",$90.13,3.23,3.717%,"49,709,993,938"
EW,Edwards Lifesciences Corporation Common Stock,$85.73,-1.09,-1.255%,"49,414,772,000"
F,Ford Motor Company Common Stock,$12.60,-0.34,-2.628%,"49,350,969,247"
CBRS,Cerebras Systems Inc. Class A Common Stock,$206.41,1.17,0.57%,"49,035,593,703"
WAB,Westinghouse Air Brake Technologies Corporation Common Stock,$290.23,-1.99,-0.681%,"49,022,996,286"
BDX,"Becton, Dickinson and Company Common Stock",$179.23,-3.29,-1.803%,"48,819,886,164"
TEAM,Atlassian Corporation Class A Common Stock,$192.61,-2.47,-1.266%,"48,757,067,157"
A,"Agilent Technologies, Inc. Common Stock",$172.84,7.52,4.549%,"48,728,583,125"
DEO,Diageo plc Common Stock,$86.83,0.72,0.836%,"48,333,914,811"
ROK,"Rockwell Automation, Inc. Common Stock",$432.93,0.04,0.009%,"48,173,832,472"
VMRK,Vivmark Residential Common Shares of Beneficial Interest,$61.05,-0.24,-0.392%,"48,076,875,000"
EBAY,eBay Inc. Common Stock,$107.83,-1.26,-1.155%,"47,984,350,000"
TEVA,Teva Pharmaceutical Industries Limited Ordinary Shares,$40.22,1.21,3.102%,"46,868,208,498"
AZO,"AutoZone, Inc. Common Stock","$2,861.75",18.41,0.647%,"46,719,084,671"
FITB,Fifth Third Bancorp Common Stock,$51.46,-0.23,-0.445%,"46,668,691,343"
VST,Vistra Corp. Common Stock,$137.94,-0.03,-0.022%,"46,297,518,798"
RKLB,Rocket Lab Corporation Common Stock,$73.61,3.30,4.694%,"46,209,394,388"
XYZ,"Block, Inc. Class A Common Stock,",$76.74,2.06,2.758%,"46,105,008,300"
STM,STMicroelectronics N.V. Common Stock,$51.58,-0.88,-1.677%,"46,037,481,777"
WDAY,"Workday, Inc. Class A Common Stock",$190.99,-1.39,-0.723%,"46,028,590,000"
TWLO,Twilio Inc. Class A Common Stock,$299.66,8.96,3.082%,"46,020,350,425"
ABEV,Ambev S.A. American Depositary Shares (Each representing 1 Common Share),$2.91,-0.02,-0.683%,"45,866,368,780"
ETR,Entergy Corporation Common Stock,$98.16,-1.07,-1.078%,"45,804,547,844"
HUM,Humana Inc. Common Stock,$380.32,5.54,1.478%,"45,668,942,739"
MDLN,Medline Inc. Class A Common Stock,$34.66,0.36,1.05%,"45,567,761,673"
CCEP,Coca-Cola Europacific Partners plc Ordinary Shares,$100.31,0.62,0.622%,"45,538,977,854"
SMCIP,"Super Micro Computer, Inc. Depositary Shares representing a 1/20th Interest in a Share of 7% Series A Mandatory Convertible Preferred Stock",$69.28,-0.06,-0.087%,"45,514,561,804"
IQV,"IQVIA Holdings, Inc. Common Stock",$275.02,7.16,2.673%,"45,268,292,000"
CARR,Carrier Global Corporation Common Stock ,$54.87,-0.23,-0.417%,"45,230,715,878"
PYPL,"PayPal Holdings, Inc. Common Stock",$52.60,0.09,0.171%,"44,997,241,972"
KB,KB Financial Group Inc,$125.19,-0.20,-0.16%,"44,891,596,917"
VTR,"Ventas, Inc. Common Stock",$86.83,0.19,0.219%,"44,539,132,352"
VEEV,Veeva Systems Inc. Class A Common Stock,$274.84,4.09,1.511%,"44,499,028,334"
LHX,"L3Harris Technologies, Inc. Common Stock",$238.04,-1.17,-0.489%,"44,326,527,193"
SLF,Sun Life Financial Inc. Common Stock,$79.45,-0.51,-0.638%,"44,242,908,678"
ADSK,"Autodesk, Inc. Common Stock",$211.35,-5.80,-2.671%,"44,172,150,000"
AMP,"Ameriprise Financial, Inc. Common Stock",$485.15,-17.64,-3.508%,"43,613,570,303"
TRI,Thomson Reuters Corporation Common Shares,$100.32,1.87,1.899%,"43,458,624,000"
XEL,Xcel Energy Inc. Common Stock,$69.56,-1.10,-1.557%,"43,449,562,325"
IX,ORIX Corporation American Depositary Shares,$38.32,-0.78,-1.995%,"43,075,765,832"
CLS,"Celestica, Inc. Common Stock",$373.56,11.72,3.239%,"42,949,353,851"
RVMD,"Revolution Medicines, Inc. Common Stock",$199.86,9.12,4.781%,"42,837,276,501"
HEI,Heico Corporation Common Stock,$306.33,-4.24,-1.365%,"42,811,885,874"
BSBR,"Banco Santander Brasil SA American Depositary Shares, each representing one unit",$5.71,0.01,0.175%,"42,660,541,328"
FERG,Ferguson Enterprises Inc. Common Stock,$220.17,-1.00,-0.452%,"42,592,484,702"
INFY,Infosys Limited American Depositary Shares,$10.50,-0.25,-2.326%,"42,591,780,956"
WDS,"Woodside Energy Group Limited American Depositary Shares, each representing one Ordinary Share",$22.30,0.12,0.541%,"42,394,533,189"
WAT,Waters Corporation Common Stock,$430.30,9.73,2.314%,"42,276,162,163"
KDP,Keurig Dr Pepper Inc. Common Stock,$30.88,-0.88,-2.771%,"42,022,308,053"
HMC,"Honda Motor Company, Ltd. Common Stock",$32.19,0.04,0.124%,"41,767,388,143"
FLEX,Flex Ltd. Ordinary Shares,$112.40,0.10,0.089%,"41,520,894,727"
EXC,Exelon Corporation Common Stock,$40.20,-0.49,-1.204%,"41,496,609,473"
ILMN,"Illumina, Inc. Common Stock",$273.90,18.52,7.252%,"41,358,900,000"
PRU,"Prudential Financial, Inc. Common Stock",$118.75,1.16,0.986%,"40,968,750,000"
ONC,BeOne Medicines Ltd. American Depositary Shares,$359.97,-5.03,-1.378%,"40,929,264,664"
IBKR,"Interactive Brokers Group, Inc. Class A Common Stock",$89.82,-1.74,-1.90%,"40,695,481,319"
P,"Everpure, Inc. Class A common stock",$121.88,12.23,11.154%,"40,613,737,352"
MCHP,Microchip Technology Incorporated Common Stock,$74.69,-0.84,-1.112%,"40,557,319,131"
HLN,Haleon plc American Depositary Shares (Each representing two Ordinary Shares),$9.22,0.11,1.207%,"40,552,089,894"
HBANM,Huntington Bancshares Incorporated Depositary Shares each representing a 1/1000th interest in a share of Huntington Series I Preferred Stock,$20.05,0.04,0.20%,"40,509,317,261"
CMG,"Chipotle Mexican Grill, Inc. Common Stock",$32.01,-0.70,-2.14%,"40,506,030,180"
IDXX,"IDEXX Laboratories, Inc. Common Stock",$513.39,-8.63,-1.653%,"40,445,437,143"
MSCI,MSCI Inc. Common Stock,$556.08,0.38,0.068%,"40,427,016,000"
LYV,"Live Nation Entertainment, Inc. Common Stock",$171.06,2.03,1.201%,"40,307,528,092"
FMX,Fomento Economico Mexicano S.A.B. de C.V. Common Stock,$117.71,-2.01,-1.679%,"40,101,615,598"
FER,Ferrovial N.V. Ordinary Shares,$55.38,0.10,0.181%,"39,843,570,306"
WCN,"Waste Connections, Inc. Common Shares",$155.93,0.52,0.335%,"39,797,238,616"
STRF,Strategy Inc 10.00% Series A Perpetual Strife Preferred Stock,$103.28,-0.52,-0.501%,"39,682,835,563"
ARES,Ares Management Corporation Class A Common Stock,$120.11,-1.37,-1.128%,"39,669,597,975"
CBRE,CBRE Group Inc Common Stock Class A,$136.53,0.12,0.088%,"39,535,715,436"
ADM,Archer-Daniels-Midland Company Common Stock,$81.88,-0.27,-0.329%,"39,462,850,656"
DHI,"D.R. Horton, Inc. Common Stock",$140.35,0.18,0.128%,"39,256,072,823"
AIG,"American International Group, Inc. New Common Stock",$74.82,-0.76,-1.006%,"39,122,866,905"
HBANZ,"Huntington Bancshares Incorporated Depositary Shares, Each Representing a 1/1000th Interest in a Share of 5.50% Series L Non-Cumulative Perpetual Preferred Stock",$19.1999,0.1299,0.681%,"38,791,762,618"
NTAP,"NetApp, Inc. Common Stock",$197.24,0.91,0.464%,"38,741,684,546"
SYY,Sysco Corporation Common Stock,$78.19,1.05,1.361%,"38,462,752,532"
CCJ,Cameco Corporation Common Stock,$88.12,-2.68,-2.952%,"38,379,166,021"
VOD,Vodafone Group Plc American Depositary Shares,$16.49,0.14,0.856%,"38,162,742,936"
ED,"Consolidated Edison, Inc. Common Stock",$102.71,0.10,0.097%,"37,985,098,895"
TTWO,"Take-Two Interactive Software, Inc. Common Stock",$202.98,-3.34,-1.619%,"37,953,290,320"
BBD,Banco Bradesco Sa American Depositary Shares,$3.38,-0.08,-2.312%,"37,805,956,497"
SHG,Shinhan Financial Group Co Ltd American Depositary Shares,$79.59,-0.24,-0.301%,"37,777,740,592"
STRC,Strategy Inc Variable Rate Series A Perpetual Stretch Preferred Stock,$98.31,-0.60,-0.607%,"37,773,233,581"
YUM,"Yum! Brands, Inc.",$137.34,-3.29,-2.339%,"37,480,235,014"
CRDO,Credo Technology Group Holding Ltd Ordinary Shares,$195.97,2.10,1.083%,"36,832,937,370"
BTSGU,"BrightSpring Health Services, Inc. Tangible Equity Unit",$184.61,-3.02,-1.61%,"36,527,717,531"
ODFL,"Old Dominion Freight Line, Inc. Common Stock",$174.93,-2.79,-1.57%,"36,272,893,886"
PAYX,"Paychex, Inc. Common Stock",$101.59,-2.90,-2.775%,"36,164,056,252"
AXON,"Axon Enterprise, Inc. Common Stock",$445.00,-5.61,-1.245%,"36,150,649,675"
BAP,Credicorp Ltd. Common Stock,$383.01,-2.37,-0.615%,"36,149,371,234"
OKTA,"Okta, Inc. Class A Common Stock",$206.64,1.28,0.623%,"36,124,996,562"
UAL,"United Airlines Holdings, Inc. Common Stock",$111.19,0.47,0.424%,"36,090,469,609"
ROP,"Roper Technologies, Inc. Common Stock",$364.02,-2.34,-0.639%,"36,001,896,153"
JD,"JD.com, Inc. American Depositary Shares",$26.75,-0.41,-1.51%,"35,952,000,000"
CHT,"Chunghwa Telecom Co., Ltd.",$46.07,-0.13,-0.281%,"35,738,556,210"
GFI,Gold Fields Limited American Depositary Shares,$39.90,-0.92,-2.254%,"35,711,467,455"
NTR,Nutrien Ltd. Common Shares,$73.96,-1.17,-1.557%,"35,645,926,753"
VIK,Viking Holdings Ltd Ordinary Shares,$79.52,-0.78,-0.971%,"35,448,905,821"
TKO,"TKO Group Holdings, Inc. Class A Common Stock",$185.06,-4.02,-2.126%,"35,026,253,088"
ZS,"Zscaler, Inc. Common Stock",$214.64,0.19,0.089%,"34,998,060,379"
RBLX,Roblox Corporation Class A Common Stock,$48.83,-0.16,-0.327%,"34,882,977,199"
KR,Kroger Company (The) Common Stock,$58.92,1.28,2.221%,"34,797,486,204"
MCHPP,Microchip Technology Incorporated Depositary Shares Each Representing a 1/20th Interest in a Share of 7.50% Series A Mandatory Convertible Preferred Stock,$64.08,-0.63,-0.974%,"34,795,996,919"
EL,"Estee Lauder Companies, Inc. (The) Common Stock",$95.37,-3.46,-3.501%,"34,504,729,335"
BBDO,Banco Bradesco Sa American Depositary Shares (each representing one Common Share),$3.08,-0.03,-0.965%,"34,450,398,228"
ESLT,Elbit Systems Ltd. Ordinary Shares,$739.72,-2.77,-0.373%,"34,403,587,919"
UI,Ubiquiti Inc. Common Stock,$563.11,-10.29,-1.795%,"34,084,136,625"
HIG,"The Hartford Insurance Group, Inc. Common Stock",$125.69,-0.90,-0.711%,"34,045,901,931"
IRM,Iron Mountain Incorporated (Delaware)Common Stock REIT,$114.09,-1.00,-0.869%,"33,964,913,821"
MDB,"MongoDB, Inc. Class A Common Stock",$421.40,-6.96,-1.625%,"33,946,442,097"
KVUE,Kenvue Inc. Common Stock,$17.61,-0.06,-0.34%,"33,824,820,754"
RKT,"Rocket Companies, Inc. Class A Common Stock",$11.93,-0.22,-1.811%,"33,781,494,083"
STLD,"Steel Dynamics, Inc.",$235.20,0.91,0.388%,"33,710,766,298"
EC,Ecopetrol S.A. American Depositary Shares,$16.37,-0.32,-1.917%,"33,654,014,612"
HSY,The Hershey Company Common Stock,$166.88,-1.57,-0.932%,"33,530,473,640"
RPRX,Royalty Pharma plc Class A Ordinary Shares ,$58.29,0.64,1.11%,"33,516,820,181"
BIIB,Biogen Inc. Common Stock,$226.36,-1.17,-0.514%,"33,445,594,987"
ALNY,"Alnylam Pharmaceuticals, Inc. Common Stock",$249.59,3.08,1.249%,"33,397,417,762"
PPLC,PPL Corporation Corporate Units,$44.30,-0.11,-0.248%,"33,337,736,456"
PEG,Public Service Enterprise Group Incorporated Common Stock,$66.56,-0.75,-1.114%,"33,174,837,197"
EME,"EMCOR Group, Inc. Common Stock",$751.96,0.16,0.021%,"33,168,881,156"
VG,"Venture Global, Inc. Class A common stock",$13.23,-0.04,-0.301%,"33,076,228,419"
PCG,Pacific Gas & Electric Co. Common Stock,$12.32,-0.09,-0.725%,"33,018,961,311"
DXCM,"DexCom, Inc. Common Stock",$87.47,-0.26,-0.296%,"33,007,746,115"
WEC,"WEC Energy Group, Inc. Common Stock",$100.90,-0.27,-0.267%,"32,878,202,745"
HBANP,Huntington Bancshares Incorporated Depositary Shares 4.500% Series H Non-Cumulative Perpetual Preferred Stock,$16.25,-0.23,-1.396%,"32,831,740,923"
TECK,Teck Resources Ltd Ordinary Shares,$66.51,-0.29,-0.434%,"32,559,493,623"
JBL,Jabil Inc. Common Stock,$310.69,1.94,0.628%,"32,556,300,681"
EQT,EQT Corporation Common Stock,$51.87,0.81,1.586%,"32,445,514,920"
ACGL,Arch Capital Group Ltd. Common Stock,$95.02,-0.14,-0.147%,"32,423,591,553"
KMB,Kimberly-Clark Corporation Common Stock,$97.22,-0.48,-0.491%,"32,333,334,074"
ALC,Alcon Inc. Ordinary Shares,$64.56,-0.83,-1.269%,"32,260,632,000"
QSR,Restaurant Brands International Inc. Common Shares,$70.91,-0.75,-1.047%,"32,229,225,603"
ERIC,Ericsson American Depositary Shares,$9.51,-0.22,-2.261%,"32,061,555,000"
RMD,ResMed Inc. Common Stock,$221.89,-0.41,-0.184%,"32,008,144,178"
NTRS,Northern Trust Corporation Common Stock,$174.50,0.51,0.293%,"31,925,761,449"
PUK,Prudential Public Limited Company Common Stock,$25.30,0.04,0.158%,"31,619,884,947"
MTB,M&T Bank Corporation Common Stock,$218.66,-0.92,-0.419%,"31,578,059,849"
VMC,Vulcan Materials Company (Holding Company) Common Stock,$241.70,-2.70,-1.105%,"31,319,181,216"
HBAN,Huntington Bancshares Incorporated Common Stock,$15.31,-0.07,-0.455%,"30,932,550,986"
CQP,"Cheniere Energy Partners, LP Common Units",$63.64,-0.65,-1.011%,"30,805,432,283"
CNC,Centene Corporation Common Stock,$61.92,-0.16,-0.258%,"30,588,170,400"
RJF,"Raymond James Financial, Inc. Common Stock",$158.76,0.53,0.335%,"30,539,345,238"
AGNCN,"AGNC Investment Corp. Depositary Shares Each Representing a 1/1,000th Interest in a Share of 7.00% Series C Fixed-To-Floating Rate Cumulative Redeemable Preferred Stock",$25.72,-0.07,-0.271%,"30,490,582,817"
MTD,"Mettler-Toledo International, Inc. Common Stock","$1,519.15",26.81,1.797%,"30,438,538,605"
AGNCO,"AGNC Investment Corp. Depositary Shares, each representing a 1/1,000th interest in a share of 6.50% Series E Fixed-to-Floating Cumulative Redeemable Preferred Stock",$25.6105,0.0105,0.041%,"30,360,772,598"
AGNCL,"AGNC Investment Corp. Depositary Shares Each Representing a 1/1,000th Interest in a Share of 7.75% Series G Fixed-Rate Reset Cumulative Redeemable Preferred Stock",$25.38,0.01,0.039%,"30,087,519,125"
GEHC,GE HealthCare Technologies Inc. Common Stock ,$66.38,0.29,0.439%,"29,982,933,408"
BIDU,"Baidu, Inc. ADS",$88.08,-1.70,-1.894%,"29,969,454,205"
EXPE,"Expedia Group, Inc. Common Stock",$261.75,2.71,1.046%,"29,969,299,469"
CBOE,"Cboe Global Markets, Inc. Common Stock",$267.57,-1.30,-0.484%,"29,919,342,938"
AGNCP,"AGNC Investment Corp. Depositary Shares Each Representing a 1/1,000th Interest in a Share of 6.125% Series F Fixed-to-Floating Rate Cumulative Redeemable Preferred Stock",$25.22,-0.10,-0.395%,"29,897,842,093"
CCL,Carnival Corporation Ltd. Common Shares,$21.79,-0.01,-0.046%,"29,844,654,303"
AGNCM,AGNC Investment Corp. Depositary Shares rep 6.875% Series D Fixed-to-Floating Cumulative Redeemable Preferred Stock,$25.1603,-0.0197,-0.078%,"29,827,068,851"
SUNB,"Sunbelt Rentals Holdings, Inc. Common Stock",$72.74,-1.04,-1.41%,"29,806,298,608"
AGNCZ,"AGNC Investment Corp. Depositary Shares Each Representing a 1/1,000th Interest in a Share of 8.75% Series H Fixed-Rate Cumulative Redeemable Preferred Stock",$25.13,-0.055,-0.218%,"29,791,148,763"
TS,Tenaris S.A. American Depositary Shares,$55.88,0.11,0.197%,"29,585,684,496"
RDDT,"Reddit, Inc. Class A Common Stock",$152.72,0.74,0.487%,"29,382,795,007"
KGC,Kinross Gold Corporation Common Stock,$24.42,-3.20,-11.586%,"29,159,922,000"
ZTS,Zoetis Inc. Class A Common Stock,$70.27,-1.34,-1.871%,"29,037,222,513"
IR,Ingersoll Rand Inc. Common Stock,$74.78,-1.44,-1.889%,"29,014,597,301"
MLM,"Martin Marietta Materials, Inc. Common Stock",$480.10,-10.35,-2.11%,"28,837,609,304"
CCI,Crown Castle Inc. Common Stock,$67.63,-2.60,-3.702%,"28,773,551,340"
ON,ON Semiconductor Corporation Common Stock,$73.15,-0.95,-1.282%,"28,478,656,541"
RYAAY,Ryanair Holdings plc American Depositary Shares,$54.04,-0.65,-1.189%,"28,437,673,958"
TDY,Teledyne Technologies Incorporated Common Stock,$612.02,-9.03,-1.454%,"28,370,598,989"
NMR,Nomura Holdings Inc ADR American Depositary Shares,$9.77,-0.07,-0.711%,"28,346,064,678"
KHC,The Kraft Heinz Company Common Stock,$23.86,0.07,0.294%,"28,293,754,866"
STRK,Strategy Inc 8.00% Series A Perpetual Strike Preferred Stock,$73.59,0.34,0.464%,"28,275,173,016"
HPQ,HP Inc. Common Stock,$31.14,-1.02,-3.172%,"28,081,770,775"
EXR,Extra Space Storage Inc Common Stock,$132.23,-1.61,-1.203%,"27,936,173,654"
FTI,TechnipFMC plc Ordinary Share,$70.95,-0.29,-0.407%,"27,824,063,329"
STRD,Strategy Inc 10.00% Series A Perpetual Stride Preferred Stock,$72.10,-1.10,-1.503%,"27,702,676,647"
AEE,Ameren Corporation Common Stock,$99.20,-0.54,-0.541%,"27,462,850,499"
HAL,Halliburton Company Common Stock,$32.76,-0.25,-0.757%,"27,293,350,823"
SMCI,"Super Micro Computer, Inc. Common Stock",$41.51,0.07,0.169%,"27,270,633,090"
WTW,Willis Towers Watson Public Limited Company Ordinary Shares,$293.63,-5.36,-1.793%,"27,269,986,861"
CFG,"Citizens Financial Group, Inc. Common Stock",$64.73,0.12,0.186%,"27,262,773,487"
FTS,Fortis Inc. Common Shares,$53.08,-0.22,-0.413%,"27,118,572,000"
DG,Dollar General Corporation Common Stock,$122.53,1.93,1.60%,"27,032,175,279"
WSM,"Williams-Sonoma, Inc. Common Stock (DE)",$228.66,0.83,0.364%,"26,931,385,698"
FOXA,Fox Corporation Class A Common Stock,$63.84,-0.12,-0.188%,"26,919,644,028"
SYM,Symbotic Inc. Class A Common Stock,$44.04,0.35,0.801%,"26,635,467,220"
SYF,Synchrony Financial Common Stock,$71.55,0.88,1.245%,"26,620,717,559"
INSM,Insmed Incorporated Common Stock,$121.55,3.21,2.713%,"26,544,271,690"
ATO,Atmos Energy Corporation Common Stock,$156.42,0.18,0.115%,"26,433,189,460"
PBA,Pembina Pipeline Corp. Ordinary Shares (Canada),$45.44,-0.39,-0.851%,"26,425,859,200"
NVT,nVent Electric plc Ordinary Shares ,$162.88,0.03,0.018%,"26,363,421,104"
ZM,"Zoom Communications, Inc. Class A Common Stock",$90.35,-1.55,-1.687%,"26,362,658,289"
VRSN,"VeriSign, Inc. Common Stock",$291.88,-1.40,-0.477%,"26,356,764,000"
WST,"West Pharmaceutical Services, Inc. Common Stock",$373.60,-2.27,-0.604%,"26,292,384,683"
CPAY,"Corpay, Inc. Common Stock",$400.32,5.16,1.306%,"26,284,850,672"
ECHO,EchoStar  Corporation Common Stock,$90.38,-2.34,-2.524%,"26,283,935,981"
GFS,GlobalFoundries Inc. Ordinary Shares,$47.05,0.63,1.357%,"26,226,545,271"
AWK,"American Water Works Company, Inc. Common Stock",$131.53,-1.53,-1.15%,"26,138,823,923"
DGX,Quest Diagnostics Incorporated Common Stock,$236.59,3.59,1.541%,"26,113,233,242"
ROIV,Roivant Sciences Ltd. Common Shares,$36.13,-0.69,-1.874%,"26,097,530,532"
CPRT,"Copart, Inc. (DE) Common Stock",$28.04,-0.825,-2.858%,"25,959,753,955"
CTSH,Cognizant Technology Solutions Corporation Class A Common Stock,$57.17,-1.97,-3.331%,"25,751,895,429"
VICI,VICI Properties Inc. Common Stock,$23.27,-0.43,-1.814%,"25,622,074,868"
Q,"Qnity Electronics, Inc. Common Stock",$122.31,-2.19,-1.759%,"25,588,296,894"
OTIS,Otis Worldwide Corporation Common Stock ,$66.68,-1.64,-2.40%,"25,383,031,525"
ATI,ATI Inc. Common Stock,$186.21,2.03,1.102%,"25,356,287,018"
DOV,Dover Corporation Common Stock,$187.89,-1.14,-0.603%,"25,305,067,475"
FFIV,"F5, Inc. Common Stock",$446.55,-9.44,-2.07%,"25,286,868,122"
INCY,Incyte Corp. Common Stock,$124.44,-0.20,-0.16%,"25,223,707,512"
DTE,DTE Energy Company Common Stock,$121.18,-1.71,-1.391%,"25,216,112,201"
TCOM,Trip.com Group Limited American Depositary Shares,$40.04,-0.59,-1.452%,"25,213,397,089"
LH,Labcorp Holdings Inc. Common Stock,$308.95,4.97,1.635%,"25,055,845,000"
LVS,Las Vegas Sands Corp. Common Stock,$38.65,-0.54,-1.378%,"25,033,650,762"
FE,FirstEnergy Corp. Common Stock,$43.19,-0.46,-1.054%,"24,991,458,663"
WRB,W.R. Berkley Corporation Common Stock,$67.29,-0.38,-0.562%,"24,979,900,426"
CPNG,"Coupang, Inc. Class A Common Stock",$13.88,-0.40,-2.801%,"24,949,462,424"
BNTX,BioNTech SE American Depositary Share,$99.26,0.80,0.813%,"24,934,545,369"
SN,"SharkNinja, Inc. Ordinary Shares",$176.94,8.45,5.015%,"24,925,812,411"
CINF,Cincinnati Financial Corporation Common Stock,$162.33,-0.24,-0.148%,"24,914,091,045"
HUBB,Hubbell Inc Common Stock,$465.88,2.18,0.47%,"24,613,638,177"
TSEM,Tower Semiconductor Ltd. Ordinary Shares,$217.28,-13.22,-5.735%,"24,559,375,680"
FISV,"Fiserv, Inc. Common Stock",$45.98,0.03,0.065%,"24,450,633,832"
PFG,Principal Financial Group Inc Common Stock,$114.15,0.23,0.202%,"24,440,044,770"
CNP,"CenterPoint Energy, Inc (Holding Co) Common Stock",$36.82,-0.34,-0.915%,"24,254,081,004"
AFRM,"Affirm Holdings, Inc. Class A Common Stock",$71.57,3.48,5.111%,"24,149,239,292"
PHG,Koninklijke Philips N.V. NY Registry Shares,$24.55,0.10,0.409%,"24,129,821,521"
SW,Smurfit WestRock plc Ordinary Shares,$46.00,-0.49,-1.054%,"24,128,053,768"
FOX,Fox Corporation Class B Common Stock,$57.20,0.24,0.421%,"24,119,731,178"
PPL,PPL Corporation Common Stock,$31.97,-0.28,-0.868%,"24,058,858,567"
ES,Eversource Energy (D/B/A) Common Stock,$63.80,-1.11,-1.71%,"24,031,849,305"
XYL,Xylem Inc. Common Stock New,$102.66,-5.98,-5.504%,"23,969,756,120"
EXPD,"Expeditors International of Washington, Inc. Common Stock",$183.66,-4.37,-2.324%,"23,874,077,637"
LPLA,LPL Financial Holdings Inc. Common Stock,$302.76,0.29,0.096%,"23,840,015,720"
FWONK,Liberty Media Corporation Series C Common Stock,$95.08,1.83,1.962%,"23,837,362,754"
ASTS,"AST SpaceMobile, Inc. Class A Common Stock",$61.06,1.08,1.801%,"23,762,567,184"
GH,"Guardant Health, Inc. Common Stock",$176.45,0.14,0.079%,"23,678,914,197"
TW,Tradeweb Markets Inc. Class A Common Stock,$101.13,0.90,0.898%,"23,667,278,136"
DRI,"Darden Restaurants, Inc. Common Stock",$207.24,-6.45,-3.018%,"23,641,518,296"
PPG,"PPG Industries, Inc. Common Stock",$106.32,-0.88,-0.821%,"23,634,936,000"
CRCL,"Circle Internet Group, Inc. Class A Common Stock",$93.00,1.28,1.396%,"23,610,456,933"
RBRK,"Rubrik, Inc. Class A Common Stock",$113.80,-1.77,-1.532%,"23,591,244,475"
ULTA,"Ulta Beauty, Inc. Common Stock",$548.78,4.97,0.914%,"23,464,444,935"
VLTO,Veralto Corp Common Stock ,$96.20,0.32,0.334%,"23,452,919,693"
TPL,Texas Pacific Land Corporation Common Stock,$338.25,2.51,0.748%,"23,330,686,525"
FCNCA,"First Citizens BancShares, Inc. Class A Common Stock","$2,056.83",17.51,0.859%,"23,228,028,010"
RF,Regions Financial Corporation Common Stock,$27.26,-0.13,-0.475%,"23,223,598,334"
IOT,Samsara Inc. Class A Common Stock,$39.32,0.24,0.614%,"23,025,996,818"
ROKU,"Roku, Inc. Class A Common Stock",$153.33,-0.16,-0.104%,"22,757,080,517"
ENTG,"Entegris, Inc. Common Stock",$148.63,-2.30,-1.524%,"22,710,664,000"
CHD,"Church & Dwight Company, Inc. Common Stock",$95.33,-0.69,-0.719%,"22,612,648,454"
BSP,Bending Spoons S.p.A. Ordinary Shares,$32.80,-1.84,-5.312%,"22,575,561,040"
GPN,Global Payments Inc. Common Stock,$85.31,1.31,1.56%,"22,574,594,851"
IHG,Intercontinental Hotels Group American Depositary Shares (Each representing one Ordinary Share),$157.66,1.53,0.98%,"22,502,863,985"
AER,AerCap Holdings N.V. Ordinary Shares,$145.42,0.66,0.456%,"22,457,220,052"
CIB,Grupo Cibest S.A. American Depositary Shares each representing four Preferred Shares,$94.22,-1.43,-1.495%,"22,452,971,411"
BNH,"Brookfield Finance Inc. 4.625% Subordinated Notes due October 16, 2080",$14.85,-0.05,-0.336%,"22,390,784,915"
TPR,"Tapestry, Inc. Common Stock",$112.12,1.61,1.457%,"22,355,794,937"
TROW,"T. Rowe Price Group, Inc. Common Stock",$104.27,-0.30,-0.287%,"22,242,443,680"
PHM,"PulteGroup, Inc. Common Stock",$118.18,-0.53,-0.446%,"22,153,141,177"
RIVN,"Rivian Automotive, Inc. Class A Common Stock",$15.29,0.27,1.798%,"22,137,789,033"
CASY,"Casey's General Stores, Inc. Common Stock",$598.85,1.54,0.258%,"22,133,596,008"
VRSK,"Verisk Analytics, Inc. Common Stock",$168.65,-3.15,-1.834%,"21,950,811,424"
IFF,"International Flavors & Fragrances, Inc. Common Stock",$85.85,0.14,0.163%,"21,904,624,324"
MTSI,"MACOM Technology Solutions Holdings, Inc. Common Stock",$284.94,9.10,3.299%,"21,761,133,079"
FWONA,Liberty Media Corporation Series A Common Stock,$86.73,1.13,1.32%,"21,743,946,904"
SOFI,"SoFi Technologies, Inc. Common Stock  ",$16.80,0.25,1.511%,"21,698,381,443"
BNJ,Brookfield Finance Inc. 4.50% Perpetual Subordinated Notes,$14.34,-0.05,-0.347%,"21,621,808,464"
KEY,KeyCorp Common Stock,$20.25,0.01,0.049%,"21,609,353,219"
JBHT,"J.B. Hunt Transport Services, Inc. Common Stock",$229.15,-5.48,-2.336%,"21,520,608,272"
MKL,Markel Group Inc. Common Stock,"$1,735.23",-6.64,-0.381%,"21,499,426,820"
L,Loews Corporation Common Stock,$105.07,0.03,0.029%,"21,479,220,540"
ARXS,"Arxis, Inc. Class A Common Stock",$51.30,0.14,0.274%,"21,416,435,181"
RGLD,"Royal Gold, Inc. Common Stock",$252.49,-0.29,-0.115%,"21,392,936,614"
DLTR,Dollar Tree Inc. Common Stock,$113.50,0.34,0.30%,"21,296,038,937"
PKG,Packaging Corporation of America Common Stock,$238.11,-2.87,-1.191%,"21,215,195,975"
BG,Bunge Limited Common Shares,$110.21,-1.27,-1.139%,"21,173,448,546"
YPF,YPF Sociedad Anonima American Depositary Shares,$53.61,-0.32,-0.593%,"21,085,498,833"
RL,Ralph Lauren Corporation Common Stock,$351.86,14.39,4.264%,"20,964,606,615"
BCH,Banco De Chile ADS,$41.50,-0.30,-0.718%,"20,961,044,349"
PS,Pershing Square Inc. Common Stock,$52.28,2.29,4.581%,"20,912,000,000"
SNX,TD SYNNEX Corporation Common Stock,$259.47,-28.42,-9.872%,"20,746,897,381"
DOW,Dow Inc. Common Stock ,$28.56,-0.09,-0.314%,"20,630,050,706"
XPO,"XPO, Inc. Common Stock",$176.12,-3.80,-2.112%,"20,621,268,216"
NRG,"NRG Energy, Inc. Common Stock",$97.85,-2.87,-2.849%,"20,569,095,762"
SOJC,"Southern Company (The) Series 2017B 5.25% Junior Subordinated Notes due December 1, 2077",$18.65,-0.01,-0.054%,"20,515,884,141"
EXE,Expand Energy Corporation Common Stock,$88.62,1.58,1.815%,"20,515,865,781"
OMC,Omnicom Group Inc. Common Stock,$74.70,-0.79,-1.046%,"20,493,643,735"
AMRZ,Amrize Ltd Ordinary Shares,$37.23,-0.67,-1.768%,"20,362,041,726"
STE,STERIS plc (Ireland) Ordinary Shares,$208.77,-1.21,-0.576%,"20,355,097,965"
LUV,Southwest Airlines Company Common Stock,$41.55,0.51,1.243%,"20,326,600,752"
USFD,US Foods Holding Corp. Common Stock,$93.82,-0.11,-0.117%,"20,296,148,432"
UTHR,United Therapeutics Corporation Common Stock,$472.21,-17.21,-3.516%,"20,253,413,669"
EIX,Edison International Common Stock,$52.54,-0.97,-1.813%,"20,218,126,457"
BRO,"Brown & Brown, Inc. Common Stock",$60.33,-1.37,-2.22%,"20,187,042,838"
AQNB,"Algonquin Power & Utilities Corp. 6.20% Fixed-to-Floating Subordinated Notes Series 2019-A due July 1, 2079",$26.18,0.06,0.23%,"20,106,894,526"
CW,Curtiss-Wright Corporation Common Stock,$544.21,-0.94,-0.172%,"20,100,093,769"
THC,Tenet Healthcare Corporation Common Stock,$249.54,-6.90,-2.691%,"20,092,711,260"
VTRS,Viatris Inc. Common Stock,$17.42,0.30,1.752%,"20,008,452,851"
BPYPM,"Brookfield Property Partners L.P. 6.25% Class A Cumulative Redeemable Preferred Units, Series 1",$16.10,-0.20,-1.227%,"19,943,512,782"
CRS,Carpenter Technology Corporation Common Stock,$400.85,5.82,1.473%,"19,865,551,181"
BCE,"BCE, Inc. Common Stock",$21.30,-0.31,-1.435%,"19,862,799,902"
PAAS,Pan American Silver Corp. Common Stock,$47.51,-0.60,-1.247%,"19,698,501,180"
RS,"Reliance, Inc. Common Stock",$385.77,1.14,0.296%,"19,695,315,682"
CMS,CMS Energy Corporation Common Stock,$62.77,-0.38,-0.602%,"19,683,236,827"
LEN,Lennar Corporation Class A Common Stock,$81.47,-0.05,-0.061%,"19,625,727,219"
SOJD,"Southern Company (The) Series 2020A 4.95% Junior Subordinated Notes due January 30, 2080",$17.75,0.08,0.453%,"19,525,841,474"
STZ,"Constellation Brands, Inc. Common Stock",$114.21,-2.36,-2.025%,"19,504,604,947"
CDE,"Coeur Mining, Inc. Common Stock",$18.94,-0.38,-1.967%,"19,469,088,862"
AMCR,Amcor plc Ordinary Shares,$42.10,-0.70,-1.636%,"19,464,753,549"
LYB,LyondellBasell Industries NV Ordinary Shares Class A (Netherlands),$60.18,0.21,0.35%,"19,440,423,951"
SITM,SiTime Corporation Common Stock,$643.24,34.33,5.638%,"19,342,893,197"
WWD,"Woodward, Inc. Common Stock",$325.88,-0.35,-0.107%,"19,241,851,822"
BEP,Brookfield Renewable Partners L.P. Limited Partnership Units,$28.27,-0.81,-2.785%,"19,229,220,783"
SQM,Sociedad Quimica y Minera S.A. Common Stock,$67.12,-1.96,-2.837%,"19,172,009,673"
ITT,ITT Inc. Common Stock ,$213.97,2.03,0.958%,"19,128,918,000"
BBY,"Best Buy Co., Inc. Common Stock",$91.00,0.20,0.22%,"19,085,220,518"
SNA,Snap-On Incorporated Common Stock,$367.71,-2.54,-0.686%,"19,020,580,766"
BEKE,KE Holdings Inc American Depositary Shares (each representing three Class A Ordinary Shares),$16.69,0.10,0.603%,"18,857,028,165"
DINO,HF Sinclair Corporation Common Stock,$105.79,-0.35,-0.33%,"18,807,753,386"
GFL,"GFL Environmental Inc. Subordinate voting shares, no par value",$41.79,-0.11,-0.263%,"18,767,068,203"
NI,NiSource Inc Common Stock,$39.12,-0.13,-0.331%,"18,760,391,112"
WES,"Western Midstream Partners, LP Common Units Representing Limited Partner Interests",$45.35,-0.30,-0.657%,"18,737,467,793"
WF,Woori Financial Group Inc. American Depositary Shares (each representing three (3) shares of Common Stock),$76.83,-0.60,-0.775%,"18,721,904,897"
VIV,Telefonica Brasil S.A. American Depositary Shares (Each representing One Common Share),$11.69,0.04,0.343%,"18,678,319,127"
GIS,"General Mills, Inc. Common Stock",$34.83,-0.99,-2.764%,"18,623,153,226"
NTNX,"Nutanix, Inc. Class A Common Stock",$68.59,-1.09,-1.564%,"18,558,408,578"
BR,"Broadridge Financial Solutions, Inc. Common Stock",$162.66,-0.79,-0.483%,"18,546,785,663"
FSLR,"First Solar, Inc. Common Stock",$172.16,-19.81,-10.319%,"18,501,998,702"
FICO,Fair Isaac Corporation Common Stock,$856.48,-23.14,-2.631%,"18,497,942,425"
IP,International Paper Company Common Stock,$34.88,-0.82,-2.297%,"18,471,397,938"
SSNC,"SS&C Technologies Holdings, Inc. Common Stock",$78.50,-1.22,-1.53%,"18,420,417,186"
BPYPP,Brookfield Property Partners L.P. 6.50% Class A Cumulative Redeemable Perpetual Preferred Units,$14.8501,-0.5098,-3.319%,"18,395,227,277"
ONON,On Holding AG Class A Ordinary Shares,$30.46,0.30,0.995%,"18,380,510,392"
PR,Permian Resources Corporation Class A Common Stock,$21.85,0.17,0.784%,"18,300,621,084"
U,Unity Software Inc. Common Stock,$41.42,-2.68,-6.077%,"18,228,483,605"
IREN,IREN Limited Ordinary Shares,$46.15,-0.90,-1.913%,"18,185,806,605"
SBS,Companhia de saneamento Basico Do Estado De Sao Paulo - Sabesp American Depositary Shares (Each repstg 250 Common Shares),$5.15,-0.02,-0.387%,"18,151,350,229"
PKX,POSCO HOLDINGS INC. American Depositary Shares (Each representing 1/4th of a share of Common Stock),$56.06,-0.21,-0.373%,"18,148,405,156"
FIS,"Fidelity National Information Services, Inc. Common Stock",$34.99,0.32,0.923%,"18,044,550,036"
BPYPO,"Brookfield Property Partners L.P. 6.375% Class A Cumulative Redeemable Perpetual Preferred Units, Series 2",$14.55,-0.2169,-1.469%,"18,023,485,154"
NDSN,Nordson Corporation Common Stock,$323.26,1.84,0.572%,"18,005,377,053"
TSN,"Tyson Foods, Inc. Common Stock",$51.14,-0.22,-0.428%,"17,991,129,324"
FTAI,FTAI Aviation Ltd. Common Stock,$174.53,-11.48,-6.172%,"17,925,468,592"
CF,"CF Industries Holdings, Inc. Common Stock",$118.44,-2.20,-1.824%,"17,924,488,117"
EVRG,"Evergy, Inc. Common Stock",$77.66,-0.76,-0.969%,"17,905,846,578"
GPC,Genuine Parts Company Common Stock,$129.26,0.50,0.388%,"17,819,752,319"
SBAC,SBA Communications Corporation Class A Common Stock,$166.12,-4.41,-2.586%,"17,623,356,833"
WCC,"WESCO International, Inc. Common Stock",$361.33,-4.52,-1.235%,"17,608,642,136"
DD,"DuPont de Nemours, Inc. Common Stock",$130.22,-0.66,-0.504%,"17,585,296,205"
KSPI,Joint Stock Company Kaspi.kz American Depository Shares,$92.79,-1.07,-1.14%,"17,568,252,217"
SOJE,"Southern Company (The) Series 2020C 4.20% Junior Subordinated Notes due October 15, 2060",$15.98,-0.02,-0.125%,"17,491,160,477"
EFX,"Equifax, Inc. Common Stock",$148.80,-6.52,-4.198%,"17,481,752,525"
ESS,"Essex Property Trust, Inc. Common Stock",$271.65,-1.82,-0.666%,"17,458,521,454"
MKSI,MKS Inc. Common Stock,$257.98,-4.74,-1.804%,"17,443,977,613"
CDW,CDW Corporation Common Stock,$139.46,-6.70,-4.584%,"17,434,930,230"
RCI,"Rogers Communication, Inc. Common Stock",$32.26,-1.02,-3.065%,"17,427,635,208"
TOST,"Toast, Inc. Class A Common Stock",$30.11,0.30,1.006%,"17,403,580,000"
PAA,"Plains All American Pipeline, L.P. Common Units representing Limited Partner Interests",$24.64,0.20,0.818%,"17,385,157,574"
LSCC,Lattice Semiconductor Corporation Common Stock,$122.22,0.56,0.46%,"17,358,939,844"
MEDP,"Medpace Holdings, Inc. Common Stock",$620.59,3.44,0.557%,"17,321,693,976"
ZBRA,Zebra Technologies Corporation Class A Common Stock,$365.10,-5.92,-1.596%,"17,273,121,966"
EWBC,"East West Bancorp, Inc. Common Stock",$125.62,1.13,0.908%,"17,211,429,351"
IONQ,"IonQ, Inc. Common Stock",$44.98,2.44,5.736%,"17,137,484,084"
ZBH,"Zimmer Biomet Holdings, Inc. Common Stock",$89.69,-1.19,-1.309%,"17,107,263,326"
OVV,Ovintiv Inc. (DE),$60.51,0.78,1.306%,"17,106,177,000"
CHRW,"C.H. Robinson Worldwide, Inc. Common Stock",$146.20,-3.47,-2.318%,"17,083,653,920"
NWS,News Corporation Class B Common Stock,$31.56,0.34,1.089%,"17,056,475,855"
MTZ,"MasTec, Inc. Common Stock",$211.95,-5.57,-2.561%,"17,020,633,729"
FDXF,"FedEx Freight Holding Company, Inc. Common Stock",$113.81,-5.41,-4.538%,"17,016,658,717"
DT,"Dynatrace, Inc. Common Stock",$58.68,0.17,0.291%,"16,958,644,871"
BMNR,"BitMine Immersion Technologies, Inc. Common Stock",$28.03,0.57,2.076%,"16,908,435,824"
IEX,IDEX Corporation Common Stock,$228.50,-1.17,-0.509%,"16,844,996,236"
AEG,Aegon Ltd. New York Registry Shares,$8.81,0.06,0.686%,"16,817,853,993"
RVTY,"Revvity, Inc. Common Stock",$150.68,8.57,6.031%,"16,813,838,903"
FTV,Fortive Corporation Common Stock ,$55.44,-0.82,-1.458%,"16,743,825,363"
CLH,"Clean Harbors, Inc. Common Stock",$316.07,2.92,0.932%,"16,684,465,475"
DOCN,"DigitalOcean Holdings, Inc. Common Stock",$141.57,0.36,0.255%,"16,645,736,894"
NVR,"NVR, Inc. Common Stock","$6,235.49",-6.12,-0.098%,"16,616,707,881"
BEN,"Franklin Templeton, Inc. Common Stock",$32.55,-0.16,-0.489%,"16,537,903,421"
MGA,"Magna International, Inc. Common Stock",$62.22,-1.51,-2.369%,"16,516,569,408"
TPG,TPG Inc. Class A Common Stock,$43.63,-1.30,-2.893%,"16,488,595,761"
CNH,CNH Industrial N.V. Common Shares,$13.28,-0.47,-3.418%,"16,437,000,722"
LNT,Alliant Energy Corporation Common Stock,$63.31,-0.38,-0.597%,"16,415,314,294"
TSCO,Tractor Supply Company Common Stock,$31.44,-0.85,-2.632%,"16,381,501,907"
BPYPN,"Brookfield Property Partners L.P. 5.750% Class A Cumulative Redeemable Perpetual Preferred Units, Series 3",$13.20,-0.07,-0.528%,"16,351,203,026"
APG,APi Group Corporation Common Stock,$37.83,0.01,0.026%,"16,348,624,036"
SMTC,Semtech Corporation Common Stock,$174.50,5.17,3.053%,"16,285,321,737"
WIT,Wipro Limited Common Stock,$1.64,-0.05,-2.959%,"16,241,821,667"
RGA,"Reinsurance Group of America, Incorporated Common Stock",$245.41,-1.34,-0.543%,"16,025,681,608"
BURL,"Burlington Stores, Inc. Common Stock",$254.83,-2.50,-0.972%,"16,007,196,142"
RBC,RBC Bearings Incorporated Common Stock,$503.85,3.59,0.718%,"15,951,510,593"
BSAC,Banco Santander - Chile ADS,$33.78,-0.52,-1.516%,"15,914,275,408"
AKAM,"Akamai Technologies, Inc. Common Stock",$110.41,-8.03,-6.78%,"15,867,750,800"
DUKB,Duke Energy Corporation 5.625% Junior Subordinated Debentures due 2078,$20.32,-0.08,-0.392%,"15,843,548,562"
J,Jacobs Solutions Inc. Common Stock,$135.33,-5.79,-4.103%,"15,838,835,227"
GIB,CGI Inc. Common Stock,$68.14,-0.99,-1.432%,"15,800,874,281"
BIP,Brookfield Infrastructure Partners LP Limited Partnership Units,$34.44,-0.78,-2.215%,"15,763,687,277"
STRL,"Sterling Infrastructure, Inc. Common Stock",$513.72,1.72,0.336%,"15,713,933,467"
INVH,Invitation Homes Inc. Common Stock,$26.50,-0.43,-1.597%,"15,651,515,489"
SUN,Sunoco LP Common Units representing limited partner interests,$75.83,0.77,1.026%,"15,531,851,617"
NLY,Annaly Capital Management Inc. Common Stock,$20.60,-0.44,-2.091%,"15,526,517,505"
LDOS,"Leidos Holdings, Inc. Common Stock",$123.35,-1.34,-1.075%,"15,479,463,980"
NWSA,News Corporation Class A Common Stock,$28.44,0.32,1.138%,"15,370,284,325"
JAZZ,Jazz Pharmaceuticals plc Common Stock (Ireland),$236.28,1.40,0.596%,"15,338,016,254"
FUTU,Futu Holdings Limited American Depositary Shares,$109.27,-0.72,-0.655%,"15,316,116,602"
APA,APA Corporation Common Stock,$43.68,-0.02,-0.046%,"15,303,353,957"
TIGO,Millicom International Cellular S.A. Common Stock,$91.00,-0.90,-0.979%,"15,246,215,439"
HST,"Host Hotels & Resorts, Inc. Common Stock",$22.21,0.06,0.271%,"15,216,612,902"
CRBG,Corebridge Financial Inc. Common Stock,$34.09,0.20,0.59%,"15,196,385,275"
JHX,James Hardie Industries plc. Ordinary Shares,$26.10,-0.75,-2.793%,"15,151,636,937"
ASND,Ascendis Pharma A/S Ordinary Share,$230.70,7.57,3.393%,"15,150,826,619"
SOLV,Solventum Corporation Common Stock,$88.59,0.22,0.249%,"15,080,120,152"
WPC,W. P. Carey Inc. REIT,$65.95,-0.54,-0.812%,"15,024,523,170"
BALL,Ball Corporation Common Stock,$56.66,-2.16,-3.672%,"14,998,092,208"
ZTO,"ZTO Express (Cayman) Inc. American Depositary Shares, each representing one Class A ordinary share.",$19.47,-0.14,-0.714%,"14,989,966,493"
H,Hyatt Hotels Corporation Class A Common Stock,$159.03,1.75,1.113%,"14,980,880,607"
RBA,"RB Global, Inc. Common Stock",$82.46,-0.37,-0.447%,"14,969,500,037"
VNOM,"Viper Energy, Inc. Class A Common Stock",$41.64,0.71,1.735%,"14,956,875,345"
TEM,"Tempus AI, Inc. Class A Common Stock",$82.24,5.65,7.377%,"14,931,178,187"
AS,"Amer Sports, Inc. Ordinary Shares",$26.77,-0.13,-0.483%,"14,928,755,950"
KIM,Kimco Realty Corporation (HC) Common Stock,$22.25,0.04,0.18%,"14,925,063,549"
PTC,PTC Inc. Common Stock,$137.41,-2.99,-2.13%,"14,909,845,324"
JLL,Jones Lang LaSalle Incorporated Common Stock,$324.40,0.34,0.105%,"14,866,188,617"
LTM,"LATAM Airlines Group S.A. American Depositary Shares (each representing two thousand (2,000) shares of Common Stock)",$51.66,-0.80,-1.525%,"14,831,998,867"
EMA,Emera Incorporated Common Shares,$47.76,-0.44,-0.913%,"14,671,872,000"
ROL,"Rollins, Inc. Common Stock",$30.40,-2.09,-6.433%,"14,626,820,282"
LAMR,Lamar Advertising Company Class A Common Stock,$143.71,-0.51,-0.354%,"14,593,705,088"
LECO,"Lincoln Electric Holdings, Inc. Common Shares",$266.40,1.00,0.377%,"14,520,333,665"
WY,Weyerhaeuser Company Common Stock,$20.14,-1.03,-4.865%,"14,515,623,040"
UNM,Unum Group Common Stock,$91.11,-3.35,-3.546%,"14,423,332,366"
OWL,Blue Owl Capital Inc. Class A Common Stock,$9.25,-0.35,-3.646%,"14,421,603,063"
CX,"Cemex, S.A.B. de C.V. Sponsored ADR",$9.51,-0.25,-2.561%,"14,416,362,254"
APOS,"Apollo Global Management, Inc. 7.625% Fixed-Rate Resettable Junior Subordinated Notes due 2053",$25.29,-0.04,-0.158%,"14,403,521,714"
TLN,Talen Energy Corporation Common Stock,$300.01,-0.33,-0.11%,"14,374,756,843"
EQH,"Equitable Holdings, Inc. Common Stock",$52.61,0.34,0.65%,"14,364,379,610"
EXEL,"Exelixis, Inc. Common Stock",$57.95,1.22,2.151%,"14,358,949,051"
SGI,Somnigroup International Inc. Common Stock,$62.31,-0.56,-0.891%,"14,346,203,929"
FLUT,Flutter Entertainment plc Ordinary Shares,$81.89,-4.00,-4.657%,"14,345,581,425"
AGI,Alamos Gold Inc. Class A Common Shares,$34.10,-0.39,-1.131%,"14,320,820,515"
ARMK,Aramark Common Stock,$54.32,-1.45,-2.60%,"14,320,112,390"
WMG,Warner Music Group Corp. Class A Common Stock,$27.29,0.13,0.479%,"14,275,665,596"
FN,Fabrinet Ordinary Shares,$398.36,-2.49,-0.621%,"14,275,176,423"
EG,"Everest Group, Ltd. Common Stock",$371.96,-0.40,-0.107%,"14,261,963,339"
INIO,INNIO N.V. Ordinary Shares,$19.01,-0.98,-4.902%,"14,257,500,000"
LOGI,Logitech International S.A. Ordinary Shares,$99.56,-5.09,-4.864%,"14,255,830,334"
PFGC,Performance Food Group Company Common Stock,$90.32,-0.47,-0.518%,"14,228,383,450"
PNFP,"Pinnacle Financial Partners, Inc. Common stock",$93.88,0.48,0.514%,"14,186,454,643"
NBIX,"Neurocrine Biosciences, Inc. Common Stock",$138.94,-0.55,-0.394%,"14,123,137,208"
KKRS,KKR Group Finance Co. IX LLC 4.625% Subordinated Notes due 2061,$15.66,-0.01,-0.064%,"14,056,973,512"
CRL,"Charles River Laboratories International, Inc. Common Stock",$294.44,17.11,6.17%,"14,056,233,472"
CG,The Carlyle Group Inc. Common Stock,$39.42,-0.50,-1.253%,"14,046,638,897"
VLYPN,"Valley National Bancorp 8.250% Fixed-Rate Reset Non-Cumulative Perpetual Preferred Stock, Series C",$25.4125,-0.1675,-0.655%,"14,043,080,306"
OHI,"Omega Healthcare Investors, Inc. Common Stock",$46.33,0.16,0.347%,"14,038,592,290"
YUMC,"Yum China Holdings, Inc. Common Stock",$40.99,0.14,0.343%,"14,037,358,995"
DOC,"Healthpeak Properties, Inc. Common Stock",$20.27,-0.21,-1.025%,"13,976,717,560"
KEP,Korea Electric Power Corporation Common Stock,$10.85,-0.04,-0.367%,"13,930,620,471"
CHKP,Check Point Software Technologies Ltd. Ordinary Shares,$136.29,-4.87,-3.45%,"13,915,295,408"
SLMBP,"SLM Corporation Floating Rate Non-Cumulative Preferred Stock, Series B",$73.99,UNCH,--,"13,906,195,422"
WSE,Wise Group plc Class A Ordinary Shares,$11.30,-0.05,-0.441%,"13,893,387,414"
VLYPP,"Valley National Bancorp 6.25% Fixed-to-Floating Rate Non-Cumulative Perpetual Preferred Stock, Series A",$25.02,0.05,0.20%,"13,826,182,755"
GEN,Gen Digital Inc. Common Stock,$23.07,-3.16,-12.047%,"13,809,402,828"
EMBJ,Embraer S.A. Common Stock,$76.40,0.97,1.286%,"13,804,833,274"
ARCC,Ares Capital Corporation Common Stock,$19.13,-0.02,-0.104%,"13,735,777,025"
RNR,RenaissanceRe Holdings Ltd. Common Stock,$330.42,1.62,0.493%,"13,729,576,485"
ONTO,Onto Innovation Inc. Common Stock,$279.73,-2.58,-0.914%,"13,727,539,113"
SKM,"SK Telecom Co., Ltd. Common Stock",$35.77,-0.08,-0.223%,"13,720,656,600"
EQX,Equinox Gold Corp. Common Shares,$11.73,-0.32,-2.656%,"13,694,303,712"
PAG,"Penske Automotive Group, Inc. Common Stock",$207.97,-1.69,-0.806%,"13,655,907,698"
CACI,"CACI International, Inc. Class A Common Stock",$616.82,0.14,0.023%,"13,631,473,422"
VLYPO,"Valley National Bancorp 5.50% Fixed-to-Floating Rate Non-Cumulative Perpetual Preferred Stock, Series B",$24.6601,-0.2099,-0.844%,"13,627,300,134"
SWK,"Stanley Black & Decker, Inc. Common Stock",$90.17,-1.59,-1.733%,"13,617,170,519"
MAA,"Mid-America Apartment Communities, Inc. Common Stock",$117.26,-0.52,-0.442%,"13,604,734,678"
IVZ,Invesco Ltd Common Stock,$30.68,-0.06,-0.195%,"13,545,213,250"
TU,Telus Corporation Ordinary Shares,$8.52,0.02,0.235%,"13,538,280,000"
SUI,"Sun Communities, Inc. Common Stock",$111.13,-1.19,-1.059%,"13,535,740,351"
CET,Central Securities Corporation Common Stock,$55.85,-0.59,-1.045%,"13,517,107,420"
CHTR,"Charter Communications, Inc. Class A Common Stock New",$117.55,0.94,0.806%,"13,468,584,185"
TRMB,Trimble Inc. Common Stock,$57.69,-1.63,-2.748%,"13,452,145,431"
TYL,"Tyler Technologies, Inc. Common Stock",$326.85,-5.68,-1.708%,"13,385,250,757"
W,Wayfair Inc. Class A Common Stock,$97.67,-1.83,-1.839%,"13,377,671,397"
TTMI,"TTM Technologies, Inc. Common Stock",$126.98,1.16,0.922%,"13,377,198,751"
REG,Regency Centers Corporation Common Stock,$72.92,0.19,0.261%,"13,353,150,287"
ICLR,ICON plc Ordinary Shares,$173.90,10.00,6.101%,"13,315,057,818"
ULS,UL Solutions Inc. Class A Common Stock,$65.81,0.43,0.658%,"13,286,918,765"
MLI,"Mueller Industries, Inc. Common Stock",$60.02,-0.31,-0.514%,"13,275,306,908"
MAS,Masco Corporation Common Stock,$67.31,-0.85,-1.247%,"13,272,685,913"
SWKS,"Skyworks Solutions, Inc. Common Stock",$87.81,-3.64,-3.98%,"13,213,014,987"
WSO,"Watsco, Inc. Common Stock",$320.21,-5.16,-1.586%,"13,209,365,041"
TLK,"PT Telekomunikasi Indonesia, Tbk",$13.30,-0.17,-1.262%,"13,175,274,808"
TME,"Tencent Music Entertainment Group American Depositary Shares, each representing two Class A Ordinary Shares",$8.34,0.12,1.46%,"13,126,363,530"
AMKR,"Amkor Technology, Inc. Common Stock",$52.69,-0.63,-1.182%,"13,090,960,750"
HALO,"Halozyme Therapeutics, Inc. Common Stock",$115.22,2.78,2.472%,"13,077,239,560"
TXT,Textron Inc. Common Stock,$76.02,-0.79,-1.029%,"13,074,445,430"
SMMT,Summit Therapeutics Inc. Common Stock ,$16.38,-0.07,-0.426%,"13,067,138,481"
QNT,Quantinuum Inc. Class A Common Stock,$49.39,-0.72,-1.437%,"13,004,789,133"
SJM,The J.M. Smucker Company Common Stock,$121.66,-0.75,-0.613%,"12,996,108,444"
ALLE,Allegion plc Ordinary Shares,$152.48,-1.61,-1.045%,"12,966,409,129"
BBIO,"BridgeBio Pharma, Inc. Common Stock",$66.28,0.57,0.867%,"12,956,909,777"
STLA,Stellantis N.V. Common Shares,$4.47,-0.15,-3.247%,"12,951,749,886"
TRU,TransUnion Common Stock,$67.54,-3.41,-4.806%,"12,940,664,000"
AIZ,"Assurant, Inc. Common Stock",$261.86,-5.11,-1.914%,"12,915,921,627"
HTHT,H World Group Limited American Depositary Shares,$41.99,-0.79,-1.847%,"12,912,925,160"
DOCU,"DocuSign, Inc. Common Stock",$68.99,-0.50,-0.72%,"12,894,400,163"
GL,Globe Life Inc. Common Stock,$167.32,-1.43,-0.847%,"12,858,449,472"
MKC,"McCormick & Company, Incorporated Common Stock",$47.82,-1.27,-2.587%,"12,856,481,217"
CORT,Corcept Therapeutics Incorporated Common Stock,$118.51,5.57,4.932%,"12,810,741,028"
AVY,Avery Dennison Corporation Common Stock,$169.01,-3.65,-2.114%,"12,808,953,879"
ALB,Albemarle Corporation Common Stock,$108.25,-5.22,-4.60%,"12,774,047,420"
IESC,"IES Holdings, Inc. Common Stock",$320.50,0.77,0.241%,"12,771,512,196"
GDDY,GoDaddy Inc. Class A Common Stock,$100.81,4.43,4.596%,"12,767,355,040"
GRAB,Grab Holdings Limited Class A Ordinary Shares,$3.11,-0.09,-2.813%,"12,752,498,345"
VICR,Vicor Corporation Common Stock,$276.06,-7.10,-2.507%,"12,728,224,436"
DTM,"DT Midstream, Inc. Common Stock ",$124.75,-1.08,-0.858%,"12,726,408,176"
QXO,"QXO, Inc. Common Stock",$12.26,-0.02,-0.163%,"12,719,636,092"
LII,"Lennox International, Inc. Common Stock",$367.78,-4.56,-1.225%,"12,710,725,052"
BWXT,"BWX Technologies, Inc. Common Stock",$138.68,-3.13,-2.207%,"12,706,136,186"
SAIL,"SailPoint, Inc. Common Stock",$22.12,0.71,3.316%,"12,628,565,322"
COKE,"Coca-Cola Consolidated, Inc. Common Stock",$189.65,2.16,1.152%,"12,623,918,357"
GME,GameStop Corporation Common Stock,$25.02,0.82,3.388%,"12,622,614,770"
RPM,RPM International Inc. Common Stock,$98.71,-1.35,-1.349%,"12,609,354,779"
PEN,"Penumbra, Inc. Common Stock",$319.72,0.28,0.088%,"12,593,586,002"
PAC,"Grupo Aeroportuario Del Pacifico, S.A. B. de C.V. Grupo Aeroportuario Del Pacifico, S.A. de C.V. (each representing 10 Series B shares)",$211.41,4.00,1.929%,"12,579,279,766"
SEIC,SEI Investments Company Common Stock,$104.78,-0.05,-0.048%,"12,575,609,890"
TOL,"Toll Brothers, Inc. Common Stock",$135.92,0.65,0.481%,"12,524,620,240"
HUT,Hut 8 Corp. Common Stock,$101.54,-0.92,-0.898%,"12,515,766,381"
GGG,Graco Inc. Common Stock,$77.15,-1.22,-1.557%,"12,494,737,522"
FMS,Fresenius Medical Care AG American Depositary Shares (Each representing 1/2 of an Ordinary Share),$22.35,-0.06,-0.268%,"12,484,213,160"
CNA,CNA Financial Corporation Common Stock,$46.11,-1.00,-2.123%,"12,477,408,790"
CSL,Carlisle Companies Incorporated Common Stock,$314.13,-9.83,-3.034%,"12,475,400,599"
GWRE,"Guidewire Software, Inc. Common Stock",$151.00,-1.89,-1.236%,"12,380,893,019"
BNT,Brookfield Wealth Solutions Ltd. Class A Exchangeable Limited Voting Shares,$36.59,-0.49,-1.321%,"12,367,942,871"
SREA,DBA Sempra 5.750% Junior Subordinated Notes due 2079,$19.39,-0.16,-0.818%,"12,276,698,516"
HAS,"Hasbro, Inc. Common Stock",$86.81,0.29,0.335%,"12,244,070,180"
FIVE,"Five Below, Inc. Common Stock",$222.38,-5.03,-2.212%,"12,242,916,303"
MAIR,Madison Air Solutions Corporation Class A Common Stock,$24.37,-0.89,-3.523%,"12,226,980,054"
MANH,"Manhattan Associates, Inc. Common Stock",$209.63,-0.74,-0.352%,"12,222,471,280"
TWST,Twist Bioscience Corporation Common Stock,$184.03,25.53,16.107%,"12,201,405,051"
AHR,"American Healthcare REIT, Inc. Common Stock",$52.31,0.61,1.18%,"12,197,917,812"
AIT,"Applied Industrial Technologies, Inc. Common Stock",$332.02,-1.45,-0.435%,"12,196,387,818"
JBS,JBS N.V. Class A Common Shares,$11.36,-0.15,-1.303%,"12,165,755,564"
AUR,"Aurora Innovation, Inc. Class A Common Stock",$6.06,-0.26,-4.114%,"12,145,180,924"
BAX,Baxter International Inc. Common Stock,$23.48,-0.01,-0.043%,"12,139,066,057"
NXT,Nextpower Inc. Common Stock,$79.97,-1.84,-2.249%,"12,133,809,714"
HL,Hecla Mining Company Common Stock,$17.94,-0.33,-1.806%,"12,051,525,652"
EHC,Encompass Health Corporation Common Stock,$122.01,-0.20,-0.164%,"12,036,699,382"
BWA,BorgWarner Inc. Common Stock,$58.48,-2.07,-3.419%,"11,910,408,382"
SANM,Sanmina Corporation Common Stock,$221.88,-0.01,-0.005%,"11,892,181,349"
BMRN,BioMarin Pharmaceutical Inc. Common Stock,$61.35,-0.86,-1.382%,"11,875,750,115"
FPS,"Forgent Power Solutions, Inc. Class A Common Stock",$38.95,-0.93,-2.332%,"11,857,505,227"
MDGL,"Madrigal Pharmaceuticals, Inc. Common Stock",$513.21,0.19,0.037%,"11,857,268,504"
DKS,Dick's Sporting Goods Inc Common Stock,$133.25,0.89,0.672%,"11,849,463,587"
WTS,"Watts Water Technologies, Inc. Class A Common Stock",$354.40,-2.89,-0.809%,"11,830,952,920"
CR,Crane Company Common Stock,$204.56,0.23,0.113%,"11,823,640,823"
UHAL,U-Haul Holding Company Common Stock,$60.79,-0.79,-1.283%,"11,817,180,561"
MICC,The Magnum Ice Cream Company N.V. Ordinary Shares,$19.28,0.22,1.154%,"11,804,367,768"
ALLY,Ally Financial Inc. Common Stock,$38.74,0.16,0.415%,"11,784,696,107"
HMY,Harmony Gold Mining Company Limited,$18.55,-0.18,-0.961%,"11,774,941,280"
HBM,Hudbay Minerals Inc. Ordinary Shares (Canada),$26.48,-0.31,-1.157%,"11,760,953,245"
GNRC,Generac Holdlings Inc. Common Stock,$198.05,-1.37,-0.687%,"11,686,209,796"
NVMI,Nova Ltd. Ordinary Shares,$366.80,1.07,0.293%,"11,657,994,130"
FROG,JFrog Ltd. Ordinary Shares,$94.20,1.87,2.025%,"11,614,983,496"
BJ,"BJ's Wholesale Club Holdings, Inc. Common Stock",$91.84,1.86,2.067%,"11,600,741,313"
ARW,"Arrow Electronics, Inc. Common Stock",$227.33,0.51,0.225%,"11,572,329,811"
ELS,"Equity Lifestyle Properties, Inc. Common Stock",$59.55,-0.13,-0.218%,"11,556,548,061"
CCK,"Crown Holdings, Inc.",$105.70,-4.03,-3.673%,"11,495,986,013"
AFG,"American Financial Group, Inc. Common Stock",$138.42,-1.22,-0.874%,"11,477,989,324"
PSKY,Paramount Skydance Corporation Class B Common Stock,$10.18,0.22,2.209%,"11,421,408,030"
AGNC,AGNC Investment Corp. Common Stock,$9.62,-0.29,-2.926%,"11,404,331,520"
TECH,Bio-Techne Corp Common Stock,$72.57,0.05,0.069%,"11,380,299,532"
FIG,"Figma, Inc. Class A Common Stock",$21.34,-0.42,-1.93%,"11,374,430,562"
RMBS,Rambus Inc. Common Stock,$104.55,1.08,1.044%,"11,339,660,594"
IT,"Gartner, Inc. Common Stock",$179.32,0.80,0.448%,"11,323,874,376"
CSGP,"CoStar Group, Inc. Common Stock",$27.855,-0.405,-1.433%,"11,286,778,814"
WTRG,"Essential Utilities, Inc. Common Stock",$39.74,-0.44,-1.095%,"11,277,361,763"
AA,Alcoa Corporation Common Stock ,$42.68,-1.34,-3.044%,"11,263,655,113"
FRHC,Freedom Holding Corp. Common Stock,$176.37,3.64,2.107%,"11,250,230,652"
PAYP,PayPay Corporation American Depository Shares,$16.57,0.15,0.914%,"11,220,261,747"
GLPI,"Gaming and Leisure Properties, Inc. Common Stock",$38.53,-0.72,-1.834%,"11,209,149,257"
SNN,"Smith & Nephew SNATS, Inc. Common Stock",$26.68,-0.14,-0.522%,"11,171,144,488"
ELAN,Elanco Animal Health Incorporated Common Stock,$22.35,-0.22,-0.975%,"11,166,547,901"
DVA,DaVita Inc. Common Stock,$174.67,-8.47,-4.625%,"11,143,946,000"
AEIS,"Advanced Energy Industries, Inc. Common Stock",$278.03,-1.40,-0.501%,"11,135,224,389"
SUZ,Suzano S.A. American Depositary Shares (each representing One Ordinary Share),$8.78,-0.43,-4.669%,"11,098,952,660"
AR,Antero Resources Corporation Common Stock,$36.09,0.44,1.234%,"11,095,473,510"
BTSG,"BrightSpring Health Services, Inc. Common Stock",$56.02,0.24,0.43%,"11,084,354,781"
IAG,Iamgold Corporation Ordinary Shares,$19.36,-0.53,-2.665%,"11,054,560,000"
HUBS,"HubSpot, Inc. Common Stock",$221.56,-4.47,-1.978%,"11,048,355,494"
PNW,Pinnacle West Capital Corporation Common Stock,$91.08,-0.97,-1.054%,"11,038,644,073"
AMH,American Homes 4 Rent Common Shares of Beneficial Interest,$30.67,-0.26,-0.841%,"11,016,048,882"
EGO,Eldorado Gold Corporation Ordinary Shares,$42.13,-0.71,-1.657%,"11,009,405,828"
FHN,First Horizon Corporation Common Stock,$23.18,0.16,0.695%,"10,982,154,522"
TXG,"10x Genomics, Inc. Class A Common Stock",$84.11,8.49,11.227%,"10,958,790,140"
FNF,"Fidelity National Financial, Inc. Common Stock",$40.82,-1.03,-2.461%,"10,947,631,198"
HRL,Hormel Foods Corporation Common Stock,$19.84,-0.08,-0.402%,"10,918,959,872"
TX,"Ternium S.A. Ternium S.A. American Depositary Shares (each representing ten shares, USD1.00 par value)",$55.53,-0.46,-0.822%,"10,900,965,359"
EGP,"EastGroup Properties, Inc. Common Stock",$202.50,-0.10,-0.049%,"10,889,096,693"
UDR,"UDR, Inc. Common Stock",$33.55,-0.24,-0.71%,"10,778,414,648"
DECK,Deckers Outdoor Corporation Common Stock,$78.68,0.09,0.115%,"10,733,071,380"
LULU,lululemon athletica inc. Common Stock,$101.64,-0.64,-0.626%,"10,732,580,665"
BIPJ,Brookfield Infrastructure Corporation 7.250% Subordinated Notes due 2084,$23.23,-0.145,-0.62%,"10,717,020,470"
LI,Li Auto Inc. American Depositary Shares,$11.78,0.08,0.684%,"10,709,934,898"
LFUS,"Littelfuse, Inc. Common Stock",$421.16,-1.27,-0.301%,"10,696,936,287"
BEPC,Brookfield Renewable Corporation Brookfield Renewable Corporation Class A Subordinate Voting Shares,$28.38,-0.84,-2.875%,"10,696,031,321"
GSAT,"Globalstar, Inc. Common Stock",$82.46,-0.04,-0.048%,"10,683,797,139"
FRO,Frontline Plc Ordinary Shares,$47.97,0.41,0.862%,"10,679,219,985"
KNX,Knight-Swift Transportation Holdings Inc.,$65.50,-1.67,-2.486%,"10,660,518,000"
XP,XP Inc. Class A Common Stock,$20.52,-0.36,-1.724%,"10,635,760,988"
SCI,Service Corporation International Common Stock,$77.75,-0.10,-0.128%,"10,622,164,104"
TXRH,"Texas Roadhouse, Inc. Common Stock",$161.55,-3.29,-1.996%,"10,604,291,595"
PINS,"Pinterest, Inc. Class A Common Stock",$18.72,0.27,1.463%,"10,601,379,865"
AES,The AES Corporation Common Stock,$14.85,0.04,0.27%,"10,594,563,656"
DKNG,DraftKings Inc. Class A Common Stock,$21.27,0.02,0.094%,"10,559,577,601"
SF,Stifel Financial Corporation Common Stock,$69.91,-2.02,-2.808%,"10,556,531,224"
COO,"The Cooper Companies, Inc. Common Stock",$55.38,-0.69,-1.231%,"10,530,800,182"
HII,"Huntington Ingalls Industries, Inc. Common Stock",$266.00,-3.80,-1.408%,"10,481,623,068"
MOD,Modine Manufacturing Company Common Stock,$196.95,3.84,1.989%,"10,460,547,841"
UHS,"Universal Health Services, Inc. Common Stock",$176.99,-4.40,-2.426%,"10,431,173,790"
AVTR,"Avantor, Inc. Common Stock",$15.38,0.62,4.201%,"10,402,398,959"
RTO,Rentokil Initial plc American Depositary Shares (each representing five (5) Ordinary Shares),$20.55,-0.86,-4.017%,"10,365,420,000"
BIO,"Bio-Rad Laboratories, Inc. Class A Common Stock",$387.54,8.66,2.286%,"10,362,112,340"
JKHY,"Jack Henry & Associates, Inc. Common Stock",$147.75,-0.58,-0.391%,"10,359,137,832"
ALGN,"Align Technology, Inc. Common Stock",$145.625,-2.545,-1.718%,"10,345,178,448"
AXSM,"Axsome Therapeutics, Inc. Common Stock",$196.03,2.58,1.334%,"10,268,211,753"
RDY,Dr. Reddy's Laboratories Ltd Common Stock,$12.30,-0.09,-0.726%,"10,266,280,731"
QRVO,"Qorvo, Inc. Common Stock",$116.34,-3.25,-2.718%,"10,263,704,783"
UMBF,UMB Financial Corporation Common Stock,$134.99,1.14,0.852%,"10,252,494,550"
CHYM,"Chime Financial, Inc. Class A Common Stock",$27.07,0.61,2.305%,"10,248,298,955"
KRYS,"Krystal Biotech, Inc. Common Stock",$344.96,3.21,0.939%,"10,210,414,467"
DDS,"Dillard's, Inc. Common Stock",$651.79,6.13,0.949%,"10,180,601,967"
BPOP,"Popular, Inc. Common Stock",$159.59,0.71,0.447%,"10,178,410,975"
VSAT,"ViaSat, Inc. Common Stock",$73.72,0.04,0.054%,"10,155,358,313"
NYT,New York Times Company (The) Common Stock,$63.05,1.16,1.874%,"10,119,705,449"
ERIE,Erie Indemnity Company Class A Common Stock,$218.96,-6.81,-3.016%,"10,113,558,329"
ENSG,"The Ensign Group, Inc. Common Stock",$173.28,-2.18,-1.242%,"10,099,180,164"
MOH,Molina Healthcare Inc Common Stock,$193.31,3.94,2.081%,"10,090,782,000"
FORM,"FormFactor, Inc. FormFactor, Inc. Common Stock",$129.04,-2.22,-1.691%,"10,080,698,354"
AM,Antero Midstream Corporation Common Stock,$21.23,-0.15,-0.702%,"10,077,329,020"
RRX,Regal Rexnord Corporation Common Stock,$151.11,-1.31,-0.859%,"10,062,697,022"
DCI,"Donaldson Company, Inc. Common Stock",$86.60,-0.14,-0.161%,"10,037,897,450"
DRS,"Leonardo DRS, Inc. Common Stock",$37.59,0.18,0.481%,"10,032,452,049"
CART,Maplebear Inc. Common Stock,$43.26,0.30,0.698%,"10,014,692,898"
TFII,TFI International Inc. Common Shares,$121.77,-3.19,-2.553%,"10,008,280,075"
GMED,"Globus Medical, Inc. Class A Common Stock",$74.27,0.31,0.419%,"9,971,632,353"
PAYC,"Paycom Software, Inc. Common Stock",$220.81,-0.87,-0.392%,"9,952,264,191"
BXP,"BXP, Inc. Common Stock",$62.27,-0.09,-0.144%,"9,942,125,092"
CLX,Clorox Company (The) Common Stock,$81.80,-2.14,-2.549%,"9,892,156,209"
SSB,SouthState Bank Corporation Common Stock,$101.90,0.28,0.276%,"9,881,705,015"
EVR,Evercore Inc. Class A Common Stock,$256.93,-2.96,-1.139%,"9,880,956,902"
GLXY,Galaxy Digital Inc. Class A Common Stock,$25.19,-0.60,-2.326%,"9,846,496,177"
XPEV,"XPeng Inc. American depositary shares, each representing two Class A ordinary shares",$10.25,-0.04,-0.389%,"9,820,219,243"
CPT,Camden Property Trust Common Stock,$97.41,-0.27,-0.276%,"9,793,538,084"
BRKR,Bruker Corporation Common Stock,$64.00,4.33,7.257%,"9,750,996,224"
DAR,Darling Ingredients Inc. Common Stock,$61.74,0.38,0.619%,"9,742,752,034"
WTFC,Wintrust Financial Corporation Common Stock,$144.32,0.61,0.424%,"9,736,688,357"
WMS,"Advanced Drainage Systems, Inc. Common Stock",$128.84,-0.90,-0.694%,"9,715,224,263"
CFR,"Cullen/Frost Bankers, Inc. Common Stock",$156.21,1.95,1.264%,"9,708,261,705"
CGNX,Cognex Corporation Common Stock,$57.70,-0.49,-0.842%,"9,706,515,683"
SATA,"Strive, Inc. Variable Rate Series A Perpetual Preferred Stock",$100.01,0.0516,0.052%,"9,701,234,926"
DPZ,Domino's Pizza Inc Common Stock,$293.03,-3.40,-1.147%,"9,693,940,807"
MSGS,Madison Square Garden Sports Corp. Class A Common Stock (New),$402.50,7.70,1.95%,"9,692,176,253"
FLS,Flowserve Corporation Common Stock,$76.04,-1.14,-1.477%,"9,665,655,791"
FDS,FactSet Research Systems Inc. Common Stock,$271.25,-8.18,-2.927%,"9,647,153,539"
PSO,"Pearson, Plc Common Stock",$16.02,0.13,0.818%,"9,639,552,686"
BSY,"Bentley Systems, Incorporated Class B Common Stock",$31.90,-0.82,-2.506%,"9,636,763,159"
KYMR,"Kymera Therapeutics, Inc. Common Stock",$115.81,0.34,0.294%,"9,629,673,071"
ENLT,Enlight Renewable Energy Ltd. Ordinary Shares,$68.87,-3.64,-5.02%,"9,603,512,412"
ONB,Old National Bancorp Common Stock,$25.09,0.35,1.415%,"9,598,681,300"
FRT,Federal Realty Investment Trust Common Stock,$110.35,0.96,0.878%,"9,588,215,827"
AMG,"Affiliated Managers Group, Inc. Common Stock",$370.71,4.54,1.24%,"9,586,535,762"
ESTC,Elastic N.V. Ordinary Shares,$91.28,UNCH,--,"9,583,604,038"
MUSA,Murphy USA Inc. Common Stock,$519.28,13.04,2.576%,"9,544,546,590"
OC,Owens Corning Inc Common Stock New,$120.72,-2.16,-1.758%,"9,542,757,012"
HSIC,"Henry Schein, Inc. Common Stock",$85.53,0.48,0.564%,"9,532,022,737"
ONBPP,"Old National Bancorp Depositary Shares, Each Representing a 1/40th Interest in a Share of Series A Preferred Stock",$24.885,-0.005,-0.02%,"9,520,254,450"
ONBPO,"Old National Bancorp Depositary Shares, Each Representing a 1/40th Interest in a Share of Series C Preferred Stock",$24.86,-0.03,-0.121%,"9,510,690,200"
GGB,Gerdau S.A. Common Stock,$4.79,-0.09,-1.844%,"9,474,706,455"
KT,KT Corporation Common Stock,$19.53,0.08,0.411%,"9,417,173,161"
PODD,Insulet Corporation Common Stock,$135.78,-0.71,-0.52%,"9,416,913,140"
RYAN,"Ryan Specialty Holdings, Inc. Class A Common Stock",$36.74,0.57,1.576%,"9,398,635,201"
FCFS,"FirstCash Holdings, Inc. Common Stock",$216.40,-0.07,-0.032%,"9,385,657,520"
JAN,"Janus Living, Inc. Class A-1 Common Stock",$30.20,0.64,2.165%,"9,370,781,435"
MTCH,"Match Group, Inc. Common Stock",$40.80,0.32,0.791%,"9,365,680,188"
ARWR,"Arrowhead Pharmaceuticals, Inc. Common Stock",$66.07,-0.89,-1.329%,"9,332,682,635"
SIMO,Silicon Motion Technology Corporation American Depositary Shares,$275.10,-1.43,-0.517%,"9,328,155,449"
RGEN,Repligen Corporation Common Stock,$190.65,6.12,3.317%,"9,327,233,436"
ALSN,"Allison Transmission Holdings, Inc. Common Stock",$112.74,-1.85,-1.614%,"9,309,848,004"
AYI,Acuity Inc. Common Stock,$309.45,3.39,1.108%,"9,263,555,019"
SSL,Sasol Ltd. American Depositary Shares,$14.30,0.01,0.07%,"9,262,991,881"
AG,First Majestic Silver Corp. Ordinary Shares (Canada),$18.76,-0.29,-1.522%,"9,246,923,745"
VIAV,Viavi Solutions Inc. Common Stock,$37.23,0.80,2.196%,"9,186,496,096"
SNAP,Snap Inc. Class A Common Stock,$5.43,0.14,2.647%,"9,183,203,576"
QGEN,Qiagen N.V. Common Shares,$44.56,0.85,1.945%,"9,182,690,994"
LLYVK,"Liberty Live Holdings, Inc. Series C Liberty Live Group Common Stock",$99.70,1.54,1.569%,"9,172,935,987"
ZION,Zions Bancorporation N.A. Common Stock,$62.82,0.17,0.271%,"9,168,789,761"
TTC,Toro Company (The) Common Stock,$96.84,0.26,0.269%,"9,167,201,526"
ORI,Old Republic International Corporation Common Stock,$37.94,-0.32,-0.836%,"9,159,965,061"
IBRX,"ImmunityBio, Inc. Common Stock",$8.64,0.01,0.116%,"9,156,985,399"
OGE,OGE Energy Corp Common Stock,$44.28,-0.43,-0.962%,"9,147,419,388"
RRC,Range Resources Corporation Common Stock,$39.14,0.37,0.954%,"9,146,216,217"
GKOS,Glaukos Corporation Common Stock,$154.88,1.39,0.906%,"9,135,432,163"
CYTK,"Cytokinetics, Incorporated Common Stock",$65.66,-0.15,-0.228%,"9,128,277,626"
CAI,"Caris Life Sciences, Inc. Common Stock",$32.27,0.62,1.959%,"9,119,346,652"
NIO,"NIO Inc. American depositary shares, each  representing one Class A ordinary share",$3.63,-0.04,-1.09%,"9,095,571,290"
KLAR,Klarna Group plc Ordinary Shares,$12.87,-0.07,-0.541%,"9,081,644,702"
R,"Ryder System, Inc. Common Stock",$236.25,-1.75,-0.735%,"9,059,447,565"
APTV,Aptiv PLC Ordinary Shares,$43.58,-1.59,-3.52%,"9,048,660,565"
ELPC,Companhia Paranaense de Energia (COPEL) American Depositary Shares (each representing four (4) Common Shares),$12.08,-0.17,-1.388%,"9,008,087,988"
VMI,"Valmont Industries, Inc. Common Stock",$465.35,-5.66,-1.202%,"8,983,515,670"
SIRI,SiriusXM Holdings Inc. Common Stock,$26.63,0.35,1.332%,"8,976,091,307"
JEF,Jefferies Financial Group Inc. Common Stock,$46.24,-0.74,-1.575%,"8,958,661,986"
EMP,"Entergy Mississippi, LLC First Mortgage Bonds, 4.90% Series Due October 1, 2066",$19.13,-0.215,-1.111%,"8,926,660,557"
OSCR,"Oscar Health, Inc. Class A Common Stock",$28.87,-1.66,-5.437%,"8,910,581,150"
HLI,"Houlihan Lokey, Inc. Class A Common Stock",$127.49,-2.45,-1.885%,"8,909,829,885"
LTH,"Life Time Group Holdings, Inc. Common Stock",$39.86,0.19,0.479%,"8,907,193,247"
SOLS,Solstice Advanced Materials Inc. Common Stock ,$56.01,-1.97,-3.398%,"8,897,041,138"
SAIA,"Saia, Inc. Common Stock",$333.22,-10.63,-3.091%,"8,888,526,873"
PTGX,"Protagonist Therapeutics, Inc. Common Stock",$137.34,-1.36,-0.981%,"8,887,035,862"
BAH,Booz Allen Hamilton Holding Corporation Common Stock,$73.82,-1.83,-2.419%,"8,879,436,707"
LLYVA,"Liberty Live Holdings, Inc. Series A Liberty Live Group Common Stock",$96.425,1.435,1.511%,"8,871,618,381"
EDU,"New Oriental Education & Technology Group, Inc. Sponsored ADR representing 10 Ordinary Share (Cayman Islands)",$57.08,1.00,1.783%,"8,849,088,426"
AAL,American Airlines Group Inc. Common Stock,$13.35,UNCH,--,"8,837,298,846"
KTOS,"Kratos Defense & Security Solutions, Inc. Common Stock",$47.02,0.86,1.863%,"8,826,656,796"
CTRE,"CareTrust REIT, Inc. Common Stock",$37.32,0.15,0.404%,"8,818,462,187"
JXN,Jackson Financial Inc. Class A Common Stock ,$130.15,0.42,0.324%,"8,814,896,032"
RIOT,"Riot Platforms, Inc. Common Stock ",$23.48,-1.21,-4.901%,"8,811,079,794"
TGTX,"TG Therapeutics, Inc. Common Stock",$57.52,1.52,2.714%,"8,804,531,929"
EAI,"Entergy Arkansas, LLC First Mortgage Bonds, 4.875% Series Due September 1, 2066",$18.86,-0.22,-1.153%,"8,800,670,052"
ARE,"Alexandria Real Estate Equities, Inc. Common Stock",$50.48,-1.38,-2.661%,"8,796,017,334"
MP,MP Materials Corp. Common Stock,$49.30,0.41,0.839%,"8,780,408,288"
TIMB,TIM S.A. American Depositary Shares (Each representing 5 Common Shares) ,$18.33,-0.01,-0.055%,"8,769,533,513"
VOYA,"Voya Financial, Inc. Common Stock",$96.09,-1.28,-1.315%,"8,705,403,175"
MGM,MGM Resorts International Common Stock,$33.69,-4.16,-10.991%,"8,702,906,688"
SPXC,"SPX Technologies, Inc. Common Stock",$172.48,-1.12,-0.645%,"8,638,809,133"
EAT,"Brinker International, Inc. Common Stock",$206.71,-4.09,-1.94%,"8,633,245,217"
TTEK,"Tetra Tech, Inc. Common Stock",$33.64,-1.26,-3.61%,"8,613,334,558"
AAOI,"Applied Optoelectronics, Inc. Common Stock",$101.03,-0.03,-0.03%,"8,578,082,378"
WLK,Westlake Corporation Common Stock,$66.76,-1.66,-2.426%,"8,531,697,544"
KNTK,Kinetik Holdings Inc. Class A Common Stock,$52.54,-0.38,-0.718%,"8,531,399,438"
PBF,PBF Energy Inc. Class A Common Stock,$71.90,1.43,2.029%,"8,522,798,652"
BRX,Brixmor Property Group Inc. Common Stock,$27.73,0.09,0.326%,"8,509,569,323"
REXR,"Rexford Industrial Realty, Inc. Common Stock",$37.99,-0.16,-0.419%,"8,471,318,831"
CUBE,CubeSmart Common Shares,$37.61,-0.53,-1.39%,"8,468,352,335"
PCVX,"Vaxcyte, Inc. Common Stock",$56.90,0.405,0.717%,"8,467,020,318"
YMM,Full Truck Alliance Co. Ltd. American Depositary Shares (each representing 20 Class A Ordinary Shares),$8.16,-0.18,-2.158%,"8,466,361,725"
PNR,Pentair plc. Ordinary Share,$53.03,-2.22,-4.018%,"8,465,600,489"
IDCC,"InterDigital, Inc. Common Stock",$328.03,1.48,0.453%,"8,465,144,476"
PRI,"Primerica, Inc. Common Stock",$274.46,-0.25,-0.091%,"8,447,151,481"
RHP,"Ryman Hospitality Properties, Inc. (REIT)",$121.97,1.23,1.019%,"8,413,899,809"
ESI,Element Solutions Inc. Common Stock,$34.50,-0.97,-2.735%,"8,407,336,533"
SNEX,StoneX Group Inc. Common Stock,$69.52,1.74,2.567%,"8,385,275,417"
ADC,Agree Realty Corporation Common Stock,$67.18,0.06,0.089%,"8,355,802,046"
SM,SM Energy Company Common Stock,$35.10,0.79,2.303%,"8,348,677,787"
S,"SentinelOne, Inc. Class A Common Stock",$23.98,-0.12,-0.498%,"8,346,217,826"
BVN,Buenaventura Mining Company Inc.,$32.85,-0.57,-1.706%,"8,343,468,581"
ALV,"Autoliv, Inc. Common Stock",$113.92,-1.48,-1.282%,"8,343,183,761"
UGP,Ultrapar Participacoes S.A. (New) American Depositary Shares (Each representing one Common Share),$7.49,-0.17,-2.219%,"8,334,948,338"
WAL,Western Alliance Bancorporation Common Stock (DE),$76.26,0.66,0.873%,"8,320,031,889"
AVT,"Avnet, Inc. Common Stock",$100.91,-0.24,-0.237%,"8,281,984,311"
WYNN,"Wynn Resorts, Limited Common stock",$80.19,-1.26,-1.547%,"8,257,476,319"
COLB,"Columbia Banking System, Inc. Common Stock",$29.18,0.33,1.144%,"8,255,088,180"
LINE,"Lineage, Inc. Common Stock",$36.18,-0.14,-0.385%,"8,238,548,234"
NEU,NewMarket Corp Common Stock,$893.30,3.55,0.399%,"8,215,149,480"
DY,"Dycom Industries, Inc. Common Stock",$272.10,-8.84,-3.147%,"8,206,796,400"
VIRT,"Virtu Financial, Inc. Class A Common Stock",$52.66,-0.35,-0.66%,"8,172,843,954"
ABVX,Abivax SA American Depositary Shares,$94.87,0.74,0.786%,"8,167,788,535"
AGCO,AGCO Corporation Common Stock,$116.21,-5.47,-4.495%,"8,138,387,227"
FR,"First Industrial Realty Trust, Inc. Common Stock",$61.36,0.29,0.475%,"8,134,675,967"
WULF,TeraWulf Inc. Common Stock,$16.29,-0.06,-0.367%,"8,128,199,748"
TKR,Timken Company (The) Common Stock,$117.19,-0.45,-0.383%,"8,120,896,562"
GTLB,GitLab Inc. Class A Common Stock,$48.62,-0.39,-0.796%,"8,100,092,000"
MHK,"Mohawk Industries, Inc. Common Stock",$119.47,-0.18,-0.15%,"8,092,676,183"
PB,"Prosperity Bancshares, Inc. Common Stock",$67.30,0.03,0.045%,"8,087,896,688"
AVAV,"AeroVironment, Inc. Common Stock",$158.55,2.61,1.674%,"8,057,622,302"
OSK,Oshkosh Corporation (Holding Company)Common Stock,$130.17,-5.32,-3.926%,"8,036,663,127"
KMX,CarMax Inc,$56.36,-1.10,-1.914%,"7,998,109,371"
CBSH,"Commerce Bancshares, Inc. Common Stock",$55.76,0.17,0.306%,"7,997,778,245"
BOKF,BOK Financial Corporation Common Stock,$130.80,0.22,0.168%,"7,948,306,204"
CNM,"Core & Main, Inc. Class A Common Stock",$41.62,-1.14,-2.666%,"7,928,362,361"
LNC,Lincoln National Corporation Common Stock,$41.39,0.31,0.755%,"7,924,005,237"
CAE,CAE Inc. Common Shares,$24.62,0.21,0.86%,"7,915,543,209"
NNN,"NNN REIT, Inc. Common Stock",$41.18,-0.15,-0.363%,"7,903,735,052"
APLD,Applied Digital Corporation Common Stock,$27.06,-0.17,-0.624%,"7,887,154,171"
PRAX,"Praxis Precision Medicines, Inc. Common Stock",$281.79,-0.33,-0.117%,"7,867,573,419"
ATR,"AptarGroup, Inc. Common Stock",$123.38,-1.36,-1.09%,"7,844,639,696"
AOS,A.O. Smith Corporation Common Stock,$57.70,-0.04,-0.069%,"7,841,924,662"
UGI,UGI Corporation Common Stock,$36.37,-0.25,-0.683%,"7,801,181,950"
KNSL,"Kinsale Capital Group, Inc. Common Stock",$340.51,1.13,0.333%,"7,756,281,497"
RAL,Ralliant Corporation Common Stock,$69.97,-0.02,-0.029%,"7,741,481,360"
MXL,"MaxLinear, Inc. Common Stock",$85.31,0.99,1.174%,"7,737,036,124"
ZWS,Zurn Elkay Water Solutions Corporation Common Stock,$46.60,-0.18,-0.385%,"7,729,266,920"
STN,Stantec Inc Common Stock,$68.44,-2.24,-3.169%,"7,692,635,673"
SYRE,"Spyre Therapeutics, Inc. Common Stock",$87.09,-1.08,-1.225%,"7,679,052,933"
CBC,"Central Bancompany, Inc. Class A Common Stock",$32.00,0.63,2.008%,"7,664,164,256"
CHRD,Chord Energy Corporation Common Stock,$140.02,2.30,1.67%,"7,658,796,037"
TPGXL,"TPG Operating Group II, L.P. 6.950% Fixed-Rate Junior Subordinated Notes due 2064",$20.9201,-0.1899,-0.90%,"7,632,191,696"
PCTY,Paylocity Holding Corporation Common Stock,$143.64,0.06,0.042%,"7,621,102,165"
GAP,"Gap, Inc. (The) Common Stock",$21.69,0.41,1.927%,"7,619,049,272"
VIST,"Vista Energy S.A.B. de C.V. American Depositary Shares, each representing one series A share, with no par value",$68.30,-1.95,-2.776%,"7,602,978,557"
LEVI,Levi Strauss & Co Class A Common Stock,$19.72,0.09,0.458%,"7,589,253,083"
THG,Hanover Insurance Group Inc,$217.93,0.36,0.165%,"7,588,370,763"
NTSK,"Netskope, Inc. Class A Common Stock",$18.57,UNCH,--,"7,587,474,480"
EMN,Eastman Chemical Company Common Stock,$66.19,-0.61,-0.913%,"7,570,641,496"
ACM,AECOM Common Stock,$58.52,-2.93,-4.768%,"7,531,314,791"
MOS,Mosaic Company (The) Common Stock,$23.69,-0.68,-2.79%,"7,530,947,854"
GIL,"Gildan Activewear, Inc. Class A Sub. Vot. Common Stock",$40.63,-5.56,-12.037%,"7,524,344,784"
PCOR,"Procore Technologies, Inc. Common Stock",$49.50,-1.56,-3.055%,"7,521,789,231"
CIFR,Cipher Digital Inc. Common Stock,$18.10,-0.25,-1.362%,"7,512,056,068"
NFG,National Fuel Gas Company Common Stock,$78.98,0.37,0.471%,"7,506,661,919"
SFD,"Smithfield Foods, Inc. Common Stock",$19.01,0.08,0.423%,"7,485,518,863"
NFEGP,New Fortress Energy Inc. Series A Mandatorily Convertible Preferred Stock,$457.00,UNCH,--,"7,458,978,055"
PRH,"Prudential Financial, Inc. 5.950% Junior Subordinated Notes due 2062",$21.19,-0.08,-0.376%,"7,458,880,000"
ZETA,Zeta Global Holdings Corp. Class A Common Stock,$29.57,-0.22,-0.739%,"7,422,472,300"
HNGE,"Hinge Health, Inc. Class A Common Stock",$91.98,-0.30,-0.325%,"7,422,272,476"
SLAB,"Silicon Laboratories, Inc. Common Stock",$221.38,0.13,0.059%,"7,386,733,550"
IDA,"IDACORP, Inc. Common Stock",$127.69,-0.97,-0.754%,"7,385,850,471"
DBX,"Dropbox, Inc. Class A Common Stock",$32.66,-1.56,-4.559%,"7,371,665,248"
MORN,"Morningstar, Inc. Common Stock",$196.41,-3.91,-1.952%,"7,368,040,480"
CHWY,"Chewy, Inc. Class A Common Stock",$18.32,-0.23,-1.24%,"7,363,307,202"
SARO,"StandardAero, Inc. Common Stock",$22.18,-0.40,-1.771%,"7,339,792,980"
HQY,"HealthEquity, Inc. Common Stock",$88.60,-1.79,-1.98%,"7,328,575,226"
FIGR,"Figure Technology Solutions, Inc. Class A Common Stock",$32.66,-2.00,-5.77%,"7,328,181,300"
VFS,VinFast Auto Ltd. Ordinary Shares,$3.13,-0.065,-2.034%,"7,322,747,711"
SSRM,SSR Mining Inc. Common Stock,$35.82,-0.48,-1.322%,"7,304,031,556"
IONS,"Ionis Pharmaceuticals, Inc. Common Stock",$43.81,-0.12,-0.273%,"7,280,535,147"
SBSW,D/B/A Sibanye-Stillwater Limited ADS,$10.28,-0.27,-2.559%,"7,274,557,868"
APPF,"AppFolio, Inc. Class A Common Stock",$204.43,-5.58,-2.657%,"7,240,295,675"
TRNO,Terreno Realty Corporation Common Stock,$66.43,0.41,0.621%,"7,238,897,693"
GJS,"Goldman Sachs Group Securities STRATS Trust for Goldman Sachs Group Securities, Series 2006-2",$23.1201,-0.2145,-0.919%,"7,214,373,647"
ACA,"Arcosa, Inc. Common Stock ",$146.52,0.02,0.014%,"7,195,129,655"
CELH,"Celsius Holdings, Inc. Common Stock",$28.43,-0.75,-2.57%,"7,193,786,386"
STAG,"Stag Industrial, Inc. Common Stock",$37.29,0.46,1.249%,"7,189,822,588"
VLY,Valley National Bancorp Common Stock,$12.96,0.09,0.699%,"7,161,763,729"
SOBO,South Bow Corporation Common Shares,$34.32,-0.06,-0.175%,"7,158,624,399"
ASR,"Grupo Aeroportuario del Sureste, S.A. de C.V. Common Stock",$238.30,-1.19,-0.497%,"7,149,000,000"
CLF,Cleveland-Cliffs Inc. Common Stock,$12.50,-0.37,-2.875%,"7,131,750,588"
OKLO,Oklo Inc. Class A common stock,$38.29,-0.53,-1.365%,"7,122,615,819"
SSD,"Simpson Manufacturing Company, Inc. Common Stock",$173.61,-1.41,-0.806%,"7,115,350,642"
BIPH,Brookfield Infrastructure Corporation 5.000% Subordinated Notes due 2081,$15.40,-0.09,-0.581%,"7,104,697,169"
CMC,Commercial Metals Company Common Stock,$64.22,-0.44,-0.68%,"7,104,294,794"
PRS,"Prudential Financial, Inc. 5.625% Junior Subordinated Notes due 2058",$20.17,-0.145,-0.714%,"7,099,840,000"
NOV,NOV Inc. Common Stock,$19.90,-0.38,-1.874%,"7,093,914,688"
CAG,"ConAgra Brands, Inc. Common Stock",$14.67,-0.11,-0.744%,"7,042,592,000"
COMP,"Compass, Inc. Class A Common Stock",$9.29,0.13,1.419%,"7,037,381,210"
BTG,B2Gold Corp Common shares (Canada),$5.32,-0.03,-0.561%,"7,028,096,454"
MSA,MSA Safety Incorporated Common Stock,$182.11,-0.73,-0.399%,"7,025,492,210"
IMVT,"Immunovant, Inc. Common Stock",$34.00,-0.54,-1.563%,"7,022,791,188"
PRMB,Primo Brands Corporation Class A Common Stock,$19.33,-0.42,-2.127%,"7,004,303,690"
NE,Noble Corporation plc A Ordinary Shares,$43.74,-0.88,-1.972%,"6,982,750,615"
POWL,"Powell Industries, Inc. Common Stock",$191.62,-1.00,-0.519%,"6,981,207,914"
PLXS,Plexus Corp. Common Stock,$261.61,-2.29,-0.868%,"6,972,455,619"
AUGO,Aura Minerals Inc. Common Shares,$83.07,-2.27,-2.66%,"6,960,370,755"
ESE,ESCO Technologies Inc. Common Stock,$268.42,2.23,0.838%,"6,954,109,134"
AAON,"AAON, Inc. Common Stock",$84.27,1.91,2.319%,"6,948,368,159"
DUOL,"Duolingo, Inc. Class A Common Stock",$147.75,1.77,1.212%,"6,912,671,245"
AXS,Axis Capital Holdings Limited Common Stock,$94.72,-0.59,-0.619%,"6,911,369,546"
AXTA,Axalta Coating Systems Ltd. Common Shares,$32.26,-0.17,-0.524%,"6,904,285,103"
AMRX,"Amneal Pharmaceuticals, Inc. Class A Common Stock",$19.805,0.475,2.457%,"6,898,002,617"
FSS,Federal Signal Corporation Common Stock,$112.78,-0.47,-0.415%,"6,884,272,889"
KEX,Kirby Corporation Common Stock,$130.31,0.27,0.208%,"6,880,368,000"
DSGX,Descartes Systems Group Inc. (The) Common Stock,$80.13,-0.11,-0.137%,"6,855,005,552"
AWI,Armstrong World Industries Inc Common Stock,$162.13,-1.84,-1.122%,"6,852,071,979"
GLBE,Global-E Online Ltd. Ordinary Shares,$40.88,-0.36,-0.873%,"6,850,191,613"
ALKS,Alkermes plc Ordinary Shares,$40.79,-1.34,-3.181%,"6,843,063,865"
HIMS,"Hims & Hers Health, Inc. Class A Common Stock",$29.28,0.89,3.135%,"6,831,416,733"
BLTE,"Belite Bio, Inc American Depositary Shares",$169.44,0.77,0.457%,"6,823,712,079"
LAD,"Lithia Motors, Inc. Common Stock",$309.60,2.58,0.84%,"6,805,972,714"
TAL,TAL Education Group American Depositary Shares,$12.22,0.24,2.003%,"6,778,449,324"
TAP,Molson Coors Beverage Company Class B Common Stock,$36.35,-0.27,-0.737%,"6,777,600,465"
FLR,Fluor Corporation Common Stock,$50.63,-2.43,-4.58%,"6,771,310,222"
RYTM,"Rhythm Pharmaceuticals, Inc. Common Stock",$98.31,0.07,0.071%,"6,768,848,181"
CAMT,Camtek Ltd. Ordinary Shares,$145.12,-1.94,-1.319%,"6,755,133,848"
NICE,NICE Ltd American Depositary Shares,$113.63,-4.16,-3.532%,"6,750,028,795"
MSM,"MSC Industrial Direct Company, Inc. Common Stock",$120.73,-3.37,-2.716%,"6,742,323,558"
BROS,Dutch Bros Inc. Class A Common Stock,$38.51,0.08,0.208%,"6,726,992,883"
MATX,"Matson, Inc. Common Stock",$224.82,2.91,1.311%,"6,722,895,428"
OR,OR Royalties Inc. Common Shares,$35.74,-0.33,-0.915%,"6,701,102,179"
FAF,First American Corporation (New) Common Stock,$65.60,-2.49,-3.657%,"6,697,760,000"
ICL,ICL Group Ltd. Ordinary Shares,$5.18,-0.12,-2.264%,"6,685,684,736"
VSXY,Victorias Secret & Co. Common Stock ,$83.81,0.47,0.564%,"6,685,024,109"
GDS,GDS Holdings Limited ADS,$33.32,0.21,0.634%,"6,676,582,065"
RNG,"RingCentral, Inc. Class A Common Stock",$79.82,0.59,0.745%,"6,665,461,851"
GTES,Gates Industrial Corporation Ltd. Common Shares,$26.26,-0.10,-0.379%,"6,647,749,724"
QBTS,D-Wave Quantum Inc. Common Stock,$17.48,0.67,3.986%,"6,635,873,457"
MGY,Magnolia Oil & Gas Corporation Class A Common Stock,$24.74,0.32,1.31%,"6,630,476,406"
TFPM,Triple Flag Precious Metals Corp. Common Shares,$32.04,-0.48,-1.476%,"6,619,589,340"
NPO,Enpro Inc. Common Stock,$311.19,5.73,1.876%,"6,587,170,650"
BZ,KANZHUN LIMITED American Depository Shares,$14.22,-0.19,-1.319%,"6,581,097,097"
PATH,"UiPath, Inc. Class A Common Stock",$12.60,-0.44,-3.374%,"6,566,558,153"
PACS,"PACS Group, Inc. Common Stock",$41.46,0.41,0.999%,"6,564,594,474"
MTDR,Matador Resources Company Common Stock,$52.97,0.85,1.631%,"6,555,260,822"
ALGM,"Allegro MicroSystems, Inc. Common Stock",$35.13,0.02,0.057%,"6,548,303,876"
MBLY,Mobileye Global Inc. Class A Common Stock,$7.69,0.08,1.051%,"6,537,942,629"
VCTR,"Victory Capital Holdings, Inc. Class A Common Stock",$106.10,-0.21,-0.198%,"6,526,165,589"
OMF,"OneMain Holdings, Inc. Common Stock",$56.67,-0.58,-1.013%,"6,519,400,048"
NCLH,Norwegian Cruise Line Holdings Ltd. Ordinary Shares,$14.19,0.01,0.071%,"6,515,875,535"
LNTH,"Lantheus Holdings, Inc. Common Stock",$99.72,-0.25,-0.25%,"6,508,960,637"
ZG,"Zillow Group, Inc. Class A Common Stock",$28.91,-0.44,-1.499%,"6,501,134,920"
ACT,"Enact Holdings, Inc. Common Stock",$47.25,-0.50,-1.047%,"6,496,103,455"
PPC,Pilgrim's Pride Corporation Common Stock,$27.26,-0.37,-1.339%,"6,490,838,364"
CHE,Chemed Corp,$495.65,-2.44,-0.49%,"6,478,126,170"
GATX,GATX Corporation Common Stock,$183.38,-2.32,-1.249%,"6,473,314,000"
TEX,Terex Corporation Common Stock,$56.62,-1.59,-2.731%,"6,471,666,000"
BEPJ,Brookfield BRP Holdings (Canada) Inc. 7.250% Perpetual Subordinated Notes,$22.51,-0.03,-0.133%,"6,464,069,293"
HXL,Hexcel Corporation Common Stock,$85.45,-0.67,-0.778%,"6,462,023,973"
ACGLO,"Arch Capital Group Ltd. Depositary Shares Each Representing 1/1,000th Interest in a Share of 5.45% Non-Cumulative Preferred Shares, Series F",$18.84,0.08,0.426%,"6,428,756,734"
RUSHB,"Rush Enterprises, Inc. Class B",$55.01,0.19,0.347%,"6,421,336,939"
MAC,Macerich Company (The) Common Stock,$22.64,-0.03,-0.132%,"6,419,784,250"
VNO,Vornado Realty Trust Common Stock,$34.38,0.22,0.644%,"6,419,451,856"
PL,Planet Labs PBC Class A Common Stock,$17.62,1.24,7.57%,"6,411,001,566"
TXNM,"TXNM Energy, Inc. Common Stock",$58.17,-0.15,-0.257%,"6,406,015,285"
URBN,"Urban Outfitters, Inc. Common Stock",$74.78,-0.04,-0.053%,"6,405,668,335"
ENS,EnerSys Common Stock,$177.13,-2.36,-1.315%,"6,388,233,127"
XE,"X-Energy, Inc. Class A Common Stock",$15.72,-0.66,-4.029%,"6,388,075,218"
GGAL,Grupo Financiero Galicia S.A. American Depositary Shares,$39.59,-0.40,-1.00%,"6,359,158,517"
LB,LandBridge Company LLC Class A Shares Representing Limited Liability Company Interests,$82.49,0.38,0.463%,"6,358,775,636"
LQDA,Liquidia Corporation Common Stock,$70.95,3.46,5.127%,"6,350,655,816"
UBSI,"United Bankshares, Inc. Common Stock",$46.53,0.31,0.671%,"6,337,970,929"
BLSH,Bullish Ordinary Shares,$39.69,-0.42,-1.047%,"6,336,160,101"
ETSY,"Etsy, Inc. Common Stock",$68.98,-4.72,-6.404%,"6,331,104,977"
QLYS,"Qualys, Inc. Common Stock",$182.94,-1.85,-1.001%,"6,328,809,483"
Z,"Zillow Group, Inc. Class C Capital Stock",$28.14,-0.51,-1.78%,"6,327,981,206"
WEX,WEX Inc. common stock,$185.43,0.89,0.482%,"6,319,753,128"
OGC,OceanaGold Corporation Common Shares,$28.00,0.05,0.179%,"6,278,104,644"
BLDR,"Builders FirstSource, Inc. Common Stock",$58.28,-0.88,-1.487%,"6,270,721,514"
JOBY,"Joby Aviation, Inc. Common Stock",$6.30,0.05,0.80%,"6,261,409,004"
CAVA,"CAVA Group, Inc. Common Stock",$53.51,0.41,0.772%,"6,250,299,655"
TBBB,BBB Foods Inc. Class A Common Shares,$53.02,1.29,2.494%,"6,248,786,040"
DOX,Amdocs Limited Ordinary Shares,$57.85,-0.51,-0.874%,"6,244,880,831"
CVLT,"Commvault Systems, Inc. Common Stock",$150.00,0.57,0.381%,"6,216,684,600"
NXE,Nexgen Energy Ltd. Common Shares,$9.27,-0.36,-3.738%,"6,215,591,556"
MAAS,Maase Inc. Class A Ordinary Shares,$14.03,-1.03,-6.839%,"6,203,723,359"
DPC,DPC Holdings PLC Ordinary Shares,$41.34,-0.59,-1.407%,"6,175,907,281"
BILI,Bilibili Inc. American Depositary Shares,$14.81,-0.20,-1.332%,"6,170,196,212"
FNB,F.N.B. Corporation Common Stock,$17.44,0.14,0.809%,"6,156,336,952"
CMSC,CMS Energy Corporation 5.875% Junior Subordinated Notes due 2078,$20.51,0.002,0.01%,"6,139,370,305"
LOAR,Loar Holdings Inc. Common Stock,$65.43,1.78,2.797%,"6,130,036,658"
IFS,Intercorp Financial Services Inc. Common Shares,$55.45,0.16,0.289%,"6,121,552,742"
PJT,PJT Partners Inc. Class A Common Stock,$149.16,-0.17,-0.114%,"6,117,291,598"
HR,Healthcare Realty Trust Incorporated Common Stock,$17.83,-0.13,-0.724%,"6,110,693,321"
SFM,"Sprouts Farmers Market, Inc. Common Stock",$65.42,-0.65,-0.984%,"6,100,259,628"
LW,"Lamb Weston Holdings, Inc. Common Stock ",$44.37,-0.67,-1.488%,"6,100,032,458"
CMSD,CMS Energy Corporation 5.875% Junior Subordinated Notes due 2079,$20.37,0.03,0.147%,"6,097,463,341"
CGON,"CG Oncology, Inc. Common stock",$68.76,-4.60,-6.27%,"6,094,912,185"
SGHC,Super Group (SGHC) Limited Ordinary Shares,$11.98,-0.05,-0.416%,"6,086,759,920"
INGR,Ingredion Incorporated Common Stock,$96.49,-0.33,-0.341%,"6,085,043,334"
INGM,Ingram Micro Holding Corporation Common Stock,$26.35,-0.96,-3.515%,"6,077,941,170"
RIG,Transocean Ltd (Switzerland) Common Stock,$5.43,-0.04,-0.731%,"6,064,658,862"
LUMN,"Lumen Technologies, Inc. Common Stock",$5.86,-0.27,-4.405%,"6,044,270,067"
CZR,"Caesars Entertainment, Inc. Common Stock",$29.62,0.01,0.034%,"6,034,197,419"
ANDG,Andersen Group Inc. Class A Common Stock,$53.37,-0.58,-1.075%,"6,030,193,737"
WFRD,Weatherford International plc Ordinary Shares,$84.13,-0.53,-0.626%,"6,016,313,310"
CMBT,CMB.TECH NV Ordinary Shares,$19.04,-0.12,-0.626%,"6,016,214,399"
BLCO,Bausch + Lomb Corporation Common Shares,$16.80,-0.25,-1.466%,"6,000,376,133"
ST,Sensata Technologies Holding plc Ordinary Shares,$41.06,-0.45,-1.084%,"5,975,702,494"
TTD,"The Trade Desk, Inc. Class A Common Stock",$12.63,-0.05,-0.394%,"5,971,402,164"
LGND,Ligand Pharmaceuticals Incorporated Common Stock,$299.04,0.63,0.211%,"5,961,544,515"
ECG,"Everus Construction Group, Inc. Common Stock",$116.70,1.72,1.496%,"5,959,149,661"
CRUS,"Cirrus Logic, Inc. Common Stock",$118.80,-1.65,-1.37%,"5,953,966,247"
VIPS,"Vipshop Holdings Limited American Depositary Shares, each representing two ordinary shares",$12.37,UNCH,--,"5,940,946,580"
ELF,"e.l.f. Beauty, Inc. Common Stock",$100.57,-0.21,-0.208%,"5,934,434,158"
CIG,Comp En De Mn Cemig ADS American Depositary Shares,$2.07,-0.02,-0.957%,"5,923,888,523"
SRRK,Scholar Rock Holding Corporation Common Stock,$48.61,-1.24,-2.487%,"5,919,982,558"
CPB,The Campbell's Company Common Stock,$19.85,-0.49,-2.409%,"5,919,393,924"
CROX,"Crocs, Inc. Common Stock",$123.44,-1.18,-0.947%,"5,918,340,058"
SWX,"Southwest Gas Holdings, Inc. Common Stock (DE)",$81.38,-0.96,-1.166%,"5,895,643,517"
BLLN,"BillionToOne, Inc. Class A Common Stock",$124.90,10.48,9.159%,"5,893,661,046"
MTG,MGIC Investment Corporation Common Stock,$28.73,-0.57,-1.945%,"5,893,236,653"
KNSA,"Kiniksa Pharmaceuticals International, plc Class A Ordinary Shares",$75.34,-0.74,-0.973%,"5,878,329,139"
POOL,Pool Corporation Common Stock,$161.71,-4.90,-2.941%,"5,876,662,197"
HWC,Hancock Whitney Corporation Common Stock,$73.18,0.79,1.091%,"5,870,723,384"
ENIC,Enel Chile S.A. American Depositary Shares (Each representing 50 shares of Common Stock),$4.24,-0.10,-2.304%,"5,865,324,051"
STVN,Stevanato Group S.p.A. Ordinary Shares,$21.38,-0.31,-1.429%,"5,836,818,978"
LEA,Lear Corporation Common Stock,$118.25,-3.44,-2.827%,"5,832,653,343"
M,Macy's Inc Common Stock,$22.31,0.07,0.315%,"5,826,850,972"
CORZ,"Core Scientific, Inc. Common Stock",$18.12,0.02,0.11%,"5,822,688,791"
LKQ,LKQ Corporation Common Stock,$23.00,-0.43,-1.835%,"5,819,047,978"
AVAL,Grupo Aval Acciones y Valores S.A. ADR (Each representing 20 preferred shares),$4.90,-0.13,-2.584%,"5,817,151,561"
MIRM,"Mirum Pharmaceuticals, Inc. Common Stock",$89.36,0.04,0.045%,"5,802,341,660"
ACI,"Albertsons Companies, Inc. Class A Common Stock",$11.95,0.25,2.137%,"5,799,641,912"
CMSA,CMS Energy Corporation 5.625% Junior Subordinated Notes due 2078,$19.3701,0.0501,0.259%,"5,798,157,813"
HOMB,"Home BancShares, Inc. Common Stock",$28.96,0.12,0.416%,"5,793,437,285"
BGC,"BGC Group, Inc. Class A Common Stock",$12.17,0.07,0.579%,"5,786,427,573"
TTAN,"ServiceTitan, Inc. Class A Common Stock",$59.98,-1.67,-2.709%,"5,786,144,822"
ESNT,Essent Group Ltd. Common Shares,$64.26,-1.19,-1.818%,"5,775,463,440"
GBCI,"Glacier Bancorp, Inc. Common Stock",$44.35,0.22,0.499%,"5,774,900,116"
USAR,"USA Rare Earth, Inc. Class A Common Stock",$15.38,-0.45,-2.843%,"5,768,677,600"
MKTX,"MarketAxess Holdings, Inc. Common Stock",$163.77,0.06,0.037%,"5,763,539,759"
TEO,Telecom Argentina SA,$13.38,-0.60,-4.292%,"5,763,269,115"
CORZZ,"Core Scientific, Inc. Tranche 2 Warrants",$17.93,-0.2901,-1.592%,"5,761,634,107"
MMED,"MiniMed Group, Inc. Common Stock",$20.44,-0.10,-0.487%,"5,750,792,590"
JBTM,JBT Marel Corporation Common Stock,$110.65,-2.63,-2.322%,"5,740,169,801"
EPRT,"Essential Properties Realty Trust, Inc. Common Stock",$26.47,-0.40,-1.489%,"5,724,746,416"
KOF,"Coca Cola Femsa S.A.B. de C.V.  American Depositary Shares, each representing 10 Units (each Unit consists of 3 Series B Shares and 5 Series L Shares)",$108.96,-1.61,-1.456%,"5,722,667,131"
TVTX,"Travere Therapeutics, Inc. Common Stock",$60.62,0.79,1.32%,"5,714,106,791"
ANF,Abercrombie & Fitch Company Common Stock,$134.30,2.05,1.55%,"5,698,936,831"
ORA,"Ormat Technologies, Inc. Common Stock",$92.54,-3.29,-3.433%,"5,690,926,920"
CACC,Credit Acceptance Corporation Common Stock,$547.40,-7.73,-1.392%,"5,682,329,492"
VAL,Valaris Limited Common Shares,$81.79,-0.78,-0.945%,"5,679,154,655"
OTEX,Open Text Corporation Common Shares,$22.66,-0.42,-1.82%,"5,678,658,927"
RYN,Rayonier Inc. REIT Common Stock,$19.06,-0.80,-4.028%,"5,671,632,566"
LGN,Legence Corp. Class A Common stock,$52.45,-0.47,-0.888%,"5,668,558,926"
ORKA,"Oruka Therapeutics, Inc. Common Stock",$85.49,-4.435,-4.932%,"5,660,267,168"
CGABL,The Carlyle Group Inc. 4.625% Subordinated Notes due 2061,$15.59,-0.08,-0.511%,"5,638,979,500"
PEGA,Pegasystems Inc. Common Stock,$34.23,-0.95,-2.70%,"5,627,581,267"
RDNT,"RadNet, Inc. Common Stock",$71.31,-1.90,-2.595%,"5,611,901,397"
G,Genpact Limited Common Stock,$33.37,-0.48,-1.418%,"5,607,308,162"
LSTR,"Landstar System, Inc. Common Stock",$165.18,-1.80,-1.078%,"5,605,701,272"
RUSHA,"Rush Enterprises, Inc. Common Stock Cl A",$47.98,-0.06,-0.125%,"5,600,722,529"
GRAL,"GRAIL, Inc. Common Stock ",$125.21,16.69,15.38%,"5,592,659,159"
LYFT,"Lyft, Inc. Class A Common Stock",$14.75,-0.02,-0.135%,"5,583,468,673"
XMTR,"Xometry, Inc. Class A Common Stock",$97.38,-7.63,-7.266%,"5,582,169,539"
SAIC,Science Applications International Corporation Common Stock,$132.43,-0.53,-0.399%,"5,548,503,803"
FSV,FirstService Corporation Common Shares,$127.03,-2.54,-1.96%,"5,547,370,883"
SNDR,"Schneider National, Inc. Common Stock",$31.64,-0.58,-1.80%,"5,546,520,444"
WFG,West Fraser Timber Co. Ltd Common stock,$70.76,-2.31,-3.161%,"5,540,778,445"
CHDN,"Churchill Downs, Incorporated Common Stock",$79.41,-1.05,-1.305%,"5,534,896,297"
EPAM,"EPAM Systems, Inc. Common Stock",$106.99,-3.07,-2.789%,"5,519,291,097"
VRNS,"Varonis Systems, Inc. Common Stock",$47.95,-0.40,-0.827%,"5,507,560,256"
RGTI,"Rigetti Computing, Inc. Common Stock",$16.50,0.495,3.093%,"5,507,184,326"
AUB,Atlantic Union Bankshares Corporation Common Stock,$38.52,0.27,0.706%,"5,501,229,794"
ASB,Associated Banc-Corp Common Stock,$29.07,0.39,1.36%,"5,489,859,587"
ABCB,Ameris Bancorp Common Stock,$81.79,0.16,0.196%,"5,488,701,078"
POR,Portland General Electric Co Common Stock,$46.59,-0.33,-0.703%,"5,479,344,607"
SXT,Sensient Technologies Corporation Common Stock,$128.22,-0.63,-0.489%,"5,457,403,626"
COGT,"Cogent Biosciences, Inc. Common Stock",$31.43,0.02,0.064%,"5,453,890,184"
WPP,WPP plc American Depositary Shares,$25.27,0.15,0.597%,"5,452,267,127"
JMKE,Jersey Mike's Subs Inc. Class A Common Stock,$17.16,-1.04,-5.714%,"5,450,683,524"
MCY,Mercury General Corporation Common Stock,$98.29,0.45,0.46%,"5,444,148,148"
EXP,Eagle Materials Inc Common Stock,$177.43,-0.91,-0.51%,"5,442,722,915"
PFH,"Prudential Financial, Inc. 4.125% Junior Subordinated Notes due 2060",$15.23,-0.27,-1.742%,"5,437,110,000"
RRR,"Red Rock Resorts, Inc. Class A Common Stock",$51.63,0.73,1.434%,"5,421,985,838"
BETA,"Beta Technologies, Inc. Class A Common Stock",$23.15,-1.19,-4.889%,"5,415,735,539"
MBGL,Mobility Global Inc. Common Stock,$18.34,-0.54,-2.86%,"5,407,023,009"
PI,"Impinj, Inc. Common Stock",$176.57,-0.63,-0.356%,"5,394,992,703"
DLB,Dolby Laboratories Common Stock,$57.56,-0.47,-0.81%,"5,391,575,840"
MRX,Marex Group Limited Ordinary Shares,$72.69,1.10,1.537%,"5,388,715,922"
CRSP,CRISPR Therapeutics AG Common Shares,$55.70,-0.06,-0.108%,"5,385,780,772"
AN,"AutoNation, Inc. Common Stock",$162.89,-2.16,-1.309%,"5,385,274,689"
VFC,V.F. Corporation Common Stock,$13.69,0.17,1.257%,"5,382,012,263"
AROC,"Archrock, Inc. Common Stock",$30.68,-0.16,-0.519%,"5,379,375,516"
SEI,"Solaris Energy Infrastructure, Inc. Class A Common Stock",$70.10,2.67,3.96%,"5,367,304,079"
MUR,Murphy Oil Corporation Common Stock,$37.38,1.17,3.231%,"5,359,586,453"
NOVT,Novanta Inc. Common Stock,$141.53,-2.90,-2.008%,"5,352,348,988"
NIQ,NIQ Global Intelligence plc Ordinary Shares,$18.14,0.43,2.428%,"5,350,499,373"
BCPC,Balchem Corporation Common Stock,$167.84,-0.40,-0.238%,"5,350,407,045"
PSMT,"PriceSmart, Inc. Common Stock",$173.18,0.54,0.313%,"5,344,425,546"
KGS,"Kodiak Gas Services, Inc. Common Stock",$52.81,-0.49,-0.919%,"5,339,303,877"
MTRN,Materion Corporation,$256.14,1.41,0.554%,"5,336,350,322"
CWST,"Casella Waste Systems, Inc. Class A Common Stock",$83.83,-0.97,-1.144%,"5,334,945,056"
BKH,Black Hills Corporation Common Stock,$69.93,-0.58,-0.823%,"5,332,382,150"
EXLS,"ExlService Holdings, Inc. Common Stock",$35.16,0.33,0.947%,"5,330,695,465"
OBDC,Blue Owl Capital Corporation Common Stock,$10.80,-0.15,-1.37%,"5,325,939,745"
STWD,"STARWOOD PROPERTY TRUST, INC. Starwood Property Trust Inc.",$14.36,-0.34,-2.313%,"5,315,626,122"
ACMR,"ACM Research, Inc. Class A Common Stock",$76.18,-4.49,-5.566%,"5,305,875,751"
CPA,"Copa Holdings, S.A. Class A Common Stock",$128.83,-1.10,-0.847%,"5,299,879,783"
PAGP,"Plains GP Holdings, L.P. Class A Units representing Limited Partner Interests",$26.70,0.01,0.037%,"5,284,040,111"
OZK,Bank OZK Common Stock,$46.60,0.51,1.107%,"5,272,143,751"
SHC,Sotera Health Company Common Stock,$18.45,0.16,0.875%,"5,265,164,968"
STEP,StepStone Group Inc. Class A Common Stock,$43.55,-1.48,-3.287%,"5,255,468,891"
HRB,"H&R Block, Inc. Common Stock",$42.61,0.07,0.165%,"5,252,360,936"
LAUR,"Laureate Education, Inc. Common Stock",$38.11,1.39,3.785%,"5,249,628,110"
BIRK,Birkenstock Holding plc Ordinary Shares,$31.79,0.37,1.178%,"5,249,362,025"
WHD,"Cactus, Inc. Class A Common Stock",$65.20,-0.83,-1.257%,"5,227,697,988"
CAKE,Cheesecake Factory Incorporated (The) Common Stock,$105.05,0.64,0.613%,"5,227,354,602"
CE,Celanese Corporation Common Stock,$47.56,-0.93,-1.918%,"5,219,658,921"
BYD,Boyd Gaming Corporation Common Stock,$71.84,0.10,0.139%,"5,219,564,942"
ACGLN,"Arch Capital Group Ltd. Depositary Shares, each Representing a 1/1,000th Interest in a 4.550% Non-Cumulative Preferred Share, Series G",$15.29,-0.01,-0.065%,"5,217,393,337"
IBP,"Installed Building Products, Inc. Common Stock",$196.29,-6.50,-3.205%,"5,217,226,653"
YOU,"Clear Secure, Inc. Class A Common Stock",$38.55,-0.35,-0.90%,"5,215,355,561"
MMSI,"Merit Medical Systems, Inc. Common Stock",$87.30,0.23,0.264%,"5,212,719,666"
BBUC,Brookfield Business Corporation Class A Subordinate Voting Shares,$25.07,-0.46,-1.802%,"5,212,053,000"
PTCT,"PTC Therapeutics, Inc. Common Stock",$62.28,-0.06,-0.096%,"5,197,938,749"
INSW,"International Seaways, Inc. Common Stock ",$104.85,2.89,2.834%,"5,193,357,958"
NJR,NewJersey Resources Corporation Common Stock,$51.06,-1.16,-2.221%,"5,180,953,323"
IRDM,Iridium Communications Inc Common Stock,$48.89,0.59,1.222%,"5,180,403,125"
CVI,CVR Energy Inc. Common Stock,$51.30,-0.50,-0.965%,"5,157,219,729"
ROAD,"Construction Partners, Inc. Class A Common Stock",$89.85,-3.59,-3.842%,"5,155,103,767"
RLI,RLI Corp. Common Stock (DE),$56.15,-0.70,-1.231%,"5,153,052,266"
FLG,"Flagstar Bank, N.A. Common Stock",$12.39,0.09,0.732%,"5,143,000,238"
WH,"Wyndham Hotels & Resorts, Inc. Common Stock ",$69.25,-0.06,-0.087%,"5,139,120,199"
MAIN,Main Street Capital Corporation Common Stock,$54.76,-0.32,-0.581%,"5,120,523,324"
BB,BlackBerry Limited Common Stock,$8.73,0.35,4.177%,"5,116,316,083"
OCTV,Octave Intelligence plc Class B Ordinary Shares,$19.05,-0.77,-3.885%,"5,113,739,861"
SIGI,"Selective Insurance Group, Inc. Common Stock",$85.765,-0.565,-0.654%,"5,108,945,491"
MDA,MDA Space Ltd. Common Shares,$31.48,-0.11,-0.348%,"5,103,877,490"
RITM,Rithm Capital Corp. Common Stock,$9.12,-0.30,-3.185%,"5,092,672,123"
GLNG,Golar Lng Ltd,$50.11,0.17,0.34%,"5,090,638,219"
TFX,Teleflex Incorporated Common Stock,$120.09,-1.66,-1.363%,"5,088,501,156"
ERAS,"Erasca, Inc. Common Stock",$14.52,0.575,4.123%,"5,078,544,748"
DNTH,"Dianthus Therapeutics, Inc. Common Stock",$90.71,-2.73,-2.922%,"5,073,807,428"
MWH,"SOLV Energy, Inc. Class A Common Stock",$25.05,-0.40,-1.572%,"5,069,787,386"
GXO,"GXO Logistics, Inc. Common Stock ",$44.17,-1.06,-2.344%,"5,065,617,854"
AGX,"Argan, Inc. Common Stock",$361.06,-13.34,-3.563%,"5,065,614,753"
VSEC,VSE Corporation Common Stock,$180.44,1.90,1.064%,"5,064,043,548"
MRCY,Mercury Systems Inc Common Stock,$83.175,0.455,0.55%,"5,062,328,766"
NAVN,"Navan, Inc. Class A Common Stock",$19.43,-0.23,-1.17%,"5,059,775,879"
SBRA,"Sabra Health Care REIT, Inc. Common Stock",$19.77,0.08,0.406%,"5,050,498,686"
AX,"Axos Financial, Inc. Common Stock",$88.58,0.97,1.107%,"5,025,572,304"
PIPR,Piper Sandler Companies Common Stock,$71.08,-1.34,-1.85%,"5,023,244,284"
OLLI,"Ollie's Bargain Outlet Holdings, Inc. Common Stock",$84.44,1.83,2.215%,"5,015,938,909"
ACIW,"ACI Worldwide, Inc. Common Stock",$49.62,0.40,0.813%,"5,009,399,058"
VEON,VEON Ltd. ADS,$72.54,2.18,3.098%,"4,995,191,085"
MARA,"MARA Holdings, Inc. Common Stock",$12.92,-0.43,-3.221%,"4,990,986,917"
AXTI,AXT Inc Common Stock,$75.90,2.92,4.001%,"4,977,006,791"
NXST,"Nexstar Media Group, Inc. Common Stock",$161.53,-4.04,-2.44%,"4,976,464,861"
SPHR,Sphere Entertainment Co. Class A Common Stock,$138.44,2.55,1.877%,"4,971,879,753"
ATHS,Athene Holding Ltd. 7.250% Fixed-Rate Reset Junior Subordinated Debentures due 2064,$24.39,-0.0801,-0.327%,"4,970,803,950"
SIM,"Grupo Simec, S.A.B. de C.V. American Depositary Shares",$29.90,2.45,8.925%,"4,960,501,823"
FTDR,"Frontdoor, Inc. Common Stock",$71.88,-2.07,-2.799%,"4,952,051,554"
CNO,"CNO Financial Group, Inc. Common Stock",$53.52,-0.50,-0.926%,"4,951,743,776"
KRG,Kite Realty Group Trust Common Stock,$24.71,0.02,0.081%,"4,950,572,714"
GRFS,"Grifols, S.A. American Depositary Shares",$7.20,0.005,0.069%,"4,950,395,338"
GBTG,"Global Business Travel Group, Inc. Class A Common Stock",$9.47,0.01,0.106%,"4,946,876,505"
FND,"Floor & Decor Holdings, Inc. Common Stock",$46.42,-0.97,-2.047%,"4,943,264,175"
CNX,CNX Resources Corporation Common Stock,$33.41,0.41,1.242%,"4,942,796,912"
IEP,"Icahn Enterprises, L.P. Common Stock",$6.95,-0.145,-2.044%,"4,940,859,896"
SON,Sonoco Products Company Common Stock,$49.96,-0.67,-1.323%,"4,939,795,150"
HESM,Hess Midstream LP Class A Representing Limited Partner Interests,$38.47,-0.31,-0.799%,"4,937,658,392"
DFTX,"Definium Therapeutics, Inc. Common Shares",$36.73,-0.92,-2.444%,"4,935,298,074"
FRVO,Fervo Energy Company Class A common stock,$16.71,0.36,2.202%,"4,925,493,055"
OUT,OUTFRONT Media Inc. Common Stock,$27.93,-0.28,-0.993%,"4,919,457,560"
MTN,"Vail Resorts, Inc. Common Stock",$137.82,-2.23,-1.592%,"4,911,012,553"
IOVA,"Iovance Biotherapeutics, Inc. Common Stock",$10.80,0.61,5.986%,"4,892,091,466"
MIDD,Middleby Corporation (The) Common Stock,$108.03,-3.21,-2.886%,"4,885,370,362"
OMAB,Grupo Aeroportuario del Centro Norte S.A.B. de C.V. ADS,$101.06,-0.24,-0.237%,"4,878,285,249"
VSH,"Vishay Intertechnology, Inc. Common Stock",$31.80,-0.80,-2.454%,"4,877,457,511"
EBC,"Eastern Bankshares, Inc. Common Stock",$21.31,0.17,0.804%,"4,869,581,173"
GVA,Granite Construction Incorporated Common Stock,$110.93,-1.72,-1.527%,"4,854,797,094"
AIR,AAR Corp. Common Stock,$120.56,1.10,0.921%,"4,853,605,750"
GHC,Graham Holdings Company Common Stock,"$1,145.03",-2.24,-0.195%,"4,849,119,608"
WTM,"White Mountains Insurance Group, Ltd. Common Stock","$2,029.33",-2.68,-0.132%,"4,843,444,527"
MANE,"Veradermics, Incorporated Common Stock",$115.72,-0.06,-0.052%,"4,834,797,338"
HAE,Haemonetics Corporation Common Stock,$106.00,-0.82,-0.768%,"4,822,687,406"
GOLF,Acushnet Holdings Corp. Common Stock,$82.36,-0.59,-0.711%,"4,810,239,424"
CSW,"CSW Industrials, Inc. Common Stock",$294.45,-3.48,-1.168%,"4,797,617,247"
CWEN,"Clearway Energy, Inc. Class C Common Stock",$29.19,-0.93,-3.088%,"4,784,641,195"
PECO,"Phillips Edison & Company, Inc. Common Stock",$37.12,0.40,1.089%,"4,777,344,000"
AMTM,"Amentum Holdings, Inc. Common Stock",$19.40,-0.31,-1.573%,"4,743,424,412"
CLMT,"Calumet, Inc. Common Stock",$53.85,-0.53,-0.975%,"4,733,319,901"
WAY,Waystar Holding Corp. Common Stock,$24.64,-0.12,-0.485%,"4,724,680,970"
ADPT,Adaptive Biotechnologies Corporation Common Stock,$29.57,1.68,6.024%,"4,719,249,048"
GTX,Garrett Motion Inc. Common Stock,$25.30,-0.20,-0.784%,"4,718,283,374"
CIGI,Colliers International Group Inc. Subordinate Voting Shares,$92.23,0.92,1.008%,"4,713,305,411"
OTF,Blue Owl Technology Finance Corp. Common Stock,$10.27,-0.12,-1.155%,"4,705,563,945"
HLNE,Hamilton Lane Incorporated Class A Common Stock,$85.34,-0.36,-0.42%,"4,703,141,847"
HCC,"Warrior Met Coal, Inc. Common Stock",$88.95,-1.29,-1.43%,"4,696,745,639"
CUZ,Cousins Properties Incorporated Common Stock,$28.49,0.24,0.85%,"4,689,512,632"
TFSL,TFS Financial Corporation Common Stock,$16.72,0.22,1.333%,"4,689,002,864"
NSIT,"Insight Enterprises, Inc. Common Stock",$159.73,1.48,0.935%,"4,687,891,811"
UEC,Uranium Energy Corp. Common Stock,$9.47,-0.48,-4.824%,"4,686,441,306"
HGTY,"Hagerty, Inc. Class A Common Stock",$13.58,-0.12,-0.876%,"4,666,395,981"
UNF,Unifirst Corporation Common Stock,$257.86,0.24,0.093%,"4,663,184,850"
CRC,California Resources Corporation Common Stock,$52.43,0.33,0.633%,"4,656,826,990"
SKY,"Champion Homes, Inc. Common Stock",$85.68,0.22,0.257%,"4,650,721,881"
VSNT,"Versant Media Group, Inc. Class A Common Stock ",$33.50,0.46,1.392%,"4,649,542,151"
HASI,"HA Sustainable Infrastructure Capital, Inc. Common Stock",$36.16,-0.05,-0.138%,"4,646,407,766"
ADT,ADT Inc. Common Stock,$6.36,0.02,0.315%,"4,646,356,817"
OII,"Oceaneering International, Inc. Common Stock",$46.67,0.43,0.93%,"4,645,048,532"
GNTX,Gentex Corporation Common Stock,$22.04,-0.14,-0.631%,"4,643,460,615"
DOCS,"Doximity, Inc. Class A Common Stock",$26.04,-0.53,-1.995%,"4,641,525,319"
LPX,Louisiana-Pacific Corporation Common Stock,$66.28,-1.74,-2.558%,"4,634,523,615"
KLIC,"Kulicke and Soffa Industries, Inc. Common Stock",$88.47,-2.38,-2.62%,"4,629,556,804"
KRMN,Karman Holdings Inc. Common Stock,$34.92,1.87,5.658%,"4,628,077,083"
MEOH,Methanex Corporation Common Stock,$59.77,0.62,1.048%,"4,624,062,000"
FFIN,"First Financial Bankshares, Inc. Common Stock",$32.17,0.25,0.783%,"4,610,845,900"
BEPI,Brookfield BRP Holdings (Canada) Inc. 4.875% Perpetual Subordinated Notes,$16.01,0.045,0.282%,"4,597,501,083"
MYRG,"MYR Group, Inc. Common Stock",$295.18,UNCH,--,"4,595,731,215"
PRM,"Perimeter Solutions, SA Common Stock",$28.06,-0.22,-0.778%,"4,593,055,059"
KVYO,"Klaviyo, Inc. Series A Common Stock",$16.11,-0.67,-3.993%,"4,586,959,010"
CHH,"Choice Hotels International, Inc. Common Stock",$100.96,-0.68,-0.669%,"4,561,316,262"
REYN,Reynolds Consumer Products Inc. Common Stock,$21.59,-0.35,-1.595%,"4,550,977,301"
CGAU,Centerra Gold Inc. Common Shares,$22.78,0.17,0.752%,"4,549,401,112"
HCXY,"Hercules Capital, Inc. 6.25% Notes due 2033",$25.00,UNCH,--,"4,541,892,075"
BMA,Banco Macro S.A.  ADR (representing Ten Class B Common Shares),$71.00,-1.00,-1.389%,"4,539,671,130"
SR,Spire Inc. Common Stock,$76.79,-0.60,-0.775%,"4,539,272,450"
FBIN,"Fortune Brands Innovations, Inc. Common Stock",$37.99,-1.04,-2.665%,"4,534,922,411"
PSN,Parsons Corporation Common Stock,$42.44,-1.38,-3.149%,"4,532,820,921"
RSI,"Rush Street Interactive, Inc. Class A Common Stock",$19.54,-1.02,-4.961%,"4,528,851,415"
DHCNL,Diversified Healthcare Trust 6.25% Senior Notes Due 2046,$18.755,UNCH,--,"4,527,726,266"
OGS,"ONE Gas, Inc. Common Stock",$71.95,-0.34,-0.47%,"4,522,508,627"
TKC,Turkcell Iletisim Hizmetleri AS Common Stock,$5.13,-0.03,-0.581%,"4,514,400,000"
SFBS,"ServisFirst Bancshares, Inc. Common Stock",$41.25,0.08,0.194%,"4,510,482,075"
MC,Moelis & Company Class A Common Stock,$57.62,-0.56,-0.963%,"4,509,863,698"
LFST,"LifeStance Health Group, Inc. Common Stock",$11.80,-0.28,-2.318%,"4,509,418,935"
CHEF,"The Chefs' Warehouse, Inc. Common Stock",$110.36,1.47,1.35%,"4,502,255,720"
MRP,"Millrose Properties, Inc. Class A Common Stock",$27.06,0.25,0.932%,"4,493,256,905"
RELY,"Remitly Global, Inc. Common Stock",$21.16,0.97,4.804%,"4,479,234,583"
GMAB,Genmab A/S ADS,$34.83,0.08,0.23%,"4,474,847,501"
NNI,"Nelnet, Inc. Common Stock",$125.03,UNCH,--,"4,473,503,133"
EWTX,"Edgewise Therapeutics, Inc. Common Stock",$41.16,0.11,0.268%,"4,470,145,950"
ALK,"Alaska Air Group, Inc. Common Stock",$40.03,0.33,0.831%,"4,467,472,894"
HAFN,Hafnia Limited Common Shares,$8.92,-0.18,-1.978%,"4,458,593,129"
ACHR,Archer Aviation Inc. Class A Common Stock,$5.71,UNCH,--,"4,444,007,767"
BWIN,"The Baldwin Insurance Group, Inc. Class A Common Stock",$31.84,-0.01,-0.031%,"4,441,626,955"
RDN,Radian Group Inc. Common Stock,$33.54,-1.00,-2.895%,"4,437,386,206"
BOX,"Box, Inc. Class A Common Stock",$32.32,-0.44,-1.343%,"4,434,328,983"
CRGY,Crescent Energy Company Class A Common Stock,$13.42,0.24,1.821%,"4,434,017,600"
ONDS,Ondas Inc. Common Stock,$7.60,0.20,2.703%,"4,425,500,512"
CON,"Concentra Group Holdings Parent, Inc. Common Stock",$34.62,-0.17,-0.489%,"4,414,664,020"
MMYT,MakeMyTrip Limited Ordinary Shares,$46.87,0.08,0.171%,"4,408,529,488"
CNR,"Core Natural Resources, Inc. Common Stock",$88.76,-3.39,-3.679%,"4,405,714,171"
TREX,"Trex Company, Inc. Common Stock",$43.22,-0.40,-0.917%,"4,402,613,512"
ATAT,Atour Lifestyle Holdings Limited American Depositary Shares,$32.35,0.08,0.248%,"4,400,997,391"
FULT,Fulton Financial Corporation Common Stock,$23.05,0.30,1.319%,"4,400,580,677"
KBR,"KBR, Inc. Common Stock",$34.81,-0.53,-1.50%,"4,388,418,552"
TPC,Tutor Perini Corporation Common Stock,$83.32,-1.04,-1.233%,"4,380,058,828"
HRI,Herc Holdings Inc. Common Stock ,$130.94,-6.29,-4.584%,"4,377,513,277"
ENO,"Entergy New Orleans, LLC First Mortgage Bonds, 5.50% Series due April 1, 2066",$20.45,-0.145,-0.704%,"4,372,840,801"
GFF,Griffon Corporation Common Stock,$96.54,-0.05,-0.052%,"4,372,751,883"
DIOD,Diodes Incorporated Common Stock,$94.74,-0.77,-0.806%,"4,362,938,532"
BCO,Brinks Company (The) Common Stock,$105.85,0.89,0.848%,"4,359,922,759"
OXLCM,"Oxford Lane Capital Corp. Preferred Stock Shares, 8.25% Series 2031",$25.11,-0.0001,0.00%,"4,359,096,000"
EPR,EPR Properties Common Stock,$56.81,-0.11,-0.193%,"4,352,152,859"
UFPI,"UFP Industries, Inc. Common Stock",$78.81,-2.97,-3.632%,"4,347,277,106"
ENPH,"Enphase Energy, Inc. Common Stock",$32.82,-0.25,-0.756%,"4,336,987,347"
SLM,SLM Corporation Common Stock,$23.05,-0.56,-2.372%,"4,332,177,382"
BDC,Belden Inc Common Stock,$110.80,-3.33,-2.918%,"4,329,863,563"
OXLCZ,Oxford Lane Capital Corp. 5.00% Notes due 2027,$24.9091,0.0091,0.037%,"4,324,219,760"
TDW,Tidewater Inc. Common Stock,$86.82,0.91,1.059%,"4,319,835,975"
IBOC,International Bancshares Corporation Common Stock,$69.39,0.28,0.405%,"4,315,469,156"
DHCNI,Diversified Healthcare Trust 5.625% Senior Notes due 2042,$17.85,0.05,0.281%,"4,309,246,272"
PAM,Pampa Energia S.A.,$78.67,-1.66,-2.066%,"4,290,725,916"
ITGR,Integer Holdings Corporation Common Stock,$126.17,-0.15,-0.119%,"4,288,776,696"
ARX,Accelerant Holdings Class A Common Shares,$19.74,0.02,0.101%,"4,287,302,016"
BC,Brunswick Corporation Common Stock,$66.16,-0.07,-0.106%,"4,286,997,836"
VKTX,"Viking Therapeutics, Inc. Common Stock",$36.75,-4.90,-11.765%,"4,286,995,435"
CNK,"Cinemark Holdings Inc Cinemark Holdings, Inc. Common Stock",$36.98,1.19,3.325%,"4,286,420,398"
FHI,"Federated Hermes, Inc. Common Stock",$57.38,-0.18,-0.313%,"4,284,006,924"
FELE,"Franklin Electric Co., Inc. Common Stock",$96.84,0.54,0.561%,"4,281,438,174"
ENVA,"Enova International, Inc. Common Stock",$171.90,3.53,2.097%,"4,280,029,975"
BEPH,Brookfield BRP Holdings (Canada) Inc. 4.625% Perpetual Subordinated Notes,$14.87,-0.03,-0.201%,"4,270,133,736"
CECO,CECO Environmental Corp. Common Stock,$72.86,-2.125,-2.834%,"4,267,397,814"
RUM,RUM Group Inc. Class A Common Stock,$8.60,0.33,3.99%,"4,263,967,668"
PTEN,"Patterson-UTI Energy, Inc. Common Stock",$11.18,0.11,0.994%,"4,263,882,891"
FSLY,"Fastly, Inc. Class A Common Stock",$26.68,-2.97,-10.017%,"4,250,124,000"
INDV,"Indivior Pharmaceuticals, Inc. Common Stock",$36.00,0.09,0.251%,"4,249,149,624"
ALH,Alliance Laundry Holdings Inc. Common Stock,$21.37,0.30,1.424%,"4,248,122,982"
BIPC,Brookfield Infrastructure Corporation Brookfield Infrastructure Corporation,$34.53,-0.95,-2.678%,"4,247,728,564"
OXLCN,Oxford Lane Capital Corp. 7.125% Series 2029 Term Preferred Stock,$24.3994,-0.1206,-0.492%,"4,235,735,840"
HTFL,"Heartflow, Inc. Common Stock",$48.66,1.27,2.68%,"4,231,163,490"
DAVE,Dave Inc. Class A Common Stock,$331.455,5.265,1.614%,"4,227,876,573"
CVSA,Covista Inc. Common Shares,$124.16,0.97,0.787%,"4,226,259,891"
ESAB,ESAB Corporation Common Stock,$67.89,0.56,0.832%,"4,220,572,621"
OPLN,"OPENLANE, Inc. Common Stock",$34.50,0.31,0.907%,"4,211,410,343"
GEO,Geo Group Inc (The) REIT,$31.96,1.34,4.376%,"4,206,561,905"
MTH,Meritage Homes Corporation Common Stock,$64.51,0.65,1.018%,"4,204,380,739"
STNG,Scorpio Tankers Inc. Common Shares,$80.96,-0.29,-0.357%,"4,190,715,478"
OXLCL,Oxford Lane Capital Corp. 6.75% Notes due 2031,$24.14,0.2092,0.874%,"4,190,704,000"
NWE,"NorthWestern Energy Group, Inc. Common Stock",$68.07,-0.63,-0.917%,"4,187,520,050"
TDS,"Telephone and Data Systems, Inc. Common Shares",$36.33,-0.10,-0.274%,"4,181,583,000"
VNT,Vontier Corporation Common Stock ,$30.91,-0.41,-1.309%,"4,179,032,000"
CVCO,"Cavco Industries, Inc. Common Stock When Issued",$543.21,1.37,0.253%,"4,176,960,060"
LIVN,LivaNova PLC Ordinary Shares,$75.44,-1.72,-2.229%,"4,156,254,168"
TNGX,"Tango Therapeutics, Inc.",$24.63,0.18,0.736%,"4,152,873,339"
ICUI,"ICU Medical, Inc. Common Stock",$166.02,2.70,1.653%,"4,151,668,449"
AZZ,AZZ Inc.,$137.98,0.18,0.131%,"4,146,506,108"
EQPT,EquipmentShare.com Inc Class A Common Stock,$16.32,-1.76,-9.735%,"4,135,095,716"
JOYY,JOYY Inc. American Depositary Shares,$79.70,-0.68,-0.846%,"4,122,242,762"
TCBI,"Texas Capital Bancshares, Inc. Common Stock",$94.625,0.455,0.483%,"4,113,762,167"
OXLCO,"Oxford Lane Capital Corp. Preferred Stock Shares, 6.00% Series 2029",$23.6599,0.0107,0.045%,"4,107,358,640"
COLD,"Americold Realty Trust, Inc. Common Stock",$14.36,-0.01,-0.07%,"4,099,500,712"
ABCL,AbCellera Biologics Inc. Common Shares,$12.65,0.34,2.762%,"4,097,404,942"
DK,"Delek US Holdings, Inc. Common Stock",$66.91,-5.35,-7.404%,"4,097,044,762"
DLO,DLocal Limited Class A Common Shares,$13.88,-0.18,-1.28%,"4,093,655,549"
TGS,Transportadora de Gas del Sur SA TGS Common Stock,$27.18,-0.23,-0.839%,"4,092,009,122"
FBP,First BanCorp. New Common Stock,$26.79,0.10,0.375%,"4,089,982,900"
UCB,"United Community Banks, Inc. Common Stock",$33.88,0.37,1.104%,"4,085,098,042"
LBTYB,Liberty Global Ltd. Class B Common Shares,$11.965,-0.445,-3.586%,"4,081,112,727"
SRAD,Sportradar Group AG Class A Ordinary Shares,$13.09,-0.08,-0.607%,"4,080,903,895"
CATY,Cathay General Bancorp Common Stock,$61.13,0.66,1.091%,"4,078,215,817"
REGCP,Regency Centers Corporation 6.25% Series A Cumulative Redeemable Preferred Stock,$22.25,-0.31,-1.374%,"4,074,432,171"
CBT,Cabot Corporation Common Stock,$78.65,-0.15,-0.19%,"4,060,778,701"
CRK,"Comstock Resources, Inc. Common Stock",$13.82,0.37,2.751%,"4,057,835,973"
CCC,CCC Intelligent Solutions Holdings Inc. Common Stock,$6.87,0.21,3.153%,"4,046,393,616"
AYA,Aya Gold & Silver Inc. Common Shares,$27.94,-0.25,-0.887%,"4,024,370,534"
SITE,"SiteOne Landscape Supply, Inc. Common Stock",$92.18,-1.59,-1.696%,"4,024,153,850"
SKT,Tanger Inc. Common Stock,$35.01,-0.12,-0.342%,"4,021,913,405"
ELC,"Entergy Louisiana, Inc. Collateral Trust Mortgage Bonds, 4.875 % Series due September 1, 2066",$18.80,-0.0804,-0.426%,"4,008,865,978"
ITRI,"Itron, Inc. Common Stock",$91.52,0.20,0.219%,"4,007,363,635"
LILAP,Liberty Latin America Ltd. 9.0% Fixed Rate Cumulative Perpetual Redeemable Series A Preference Shares,$20.45,-0.27,-1.303%,"4,006,155,000"
SUNC,"SunocoCorp LLC Common Units, representing limited liability company interests",$77.28,-0.02,-0.026%,"3,981,249,061"
HP,"Helmerich & Payne, Inc. Common Stock",$39.82,0.26,0.657%,"3,979,568,790"
KRC,Kilroy Realty Corporation Common Stock,$34.05,0.01,0.029%,"3,960,321,041"
PBLS,"Parabilis Medicines, Inc. Common Stock",$32.47,-0.84,-2.522%,"3,959,782,414"
TENB,"Tenable Holdings, Inc. Common Stock",$35.88,-0.35,-0.966%,"3,951,822,590"
WSFS,WSFS Financial Corporation Common Stock,$77.27,0.28,0.364%,"3,947,771,048"
SKE,Skeena Resources Limited Common Shares,$31.43,-0.10,-0.317%,"3,943,292,818"
DOO,BRP Inc. Common Subordinate Voting Shares,$55.39,-1.45,-2.551%,"3,941,015,228"
LOPE,"Grand Canyon Education, Inc. Common Stock",$151.19,0.55,0.365%,"3,940,772,944"
KFY,Korn Ferry Common Stock,$72.00,-1.96,-2.65%,"3,928,237,272"
CVBF,CVB Financial Corporation Common Stock,$22.30,0.29,1.318%,"3,924,742,801"
BULL,Webull Corporation Class A Ordinary Shares,$7.26,-0.39,-5.098%,"3,923,920,265"
NWCL,newcleo plc Ordinary Shares,$7.70,-0.13,-1.66%,"3,922,217,761"
MDU,"MDU Resources Group, Inc. Common Stock (Holding Company)",$18.64,0.25,1.359%,"3,920,913,860"
MIR,"Mirion Technologies, Inc. Class A Common Stock",$15.70,-0.68,-4.151%,"3,909,891,058"
SKYW,"SkyWest, Inc. Common Stock",$100.69,1.42,1.43%,"3,909,624,044"
VCYT,"Veracyte, Inc. Common Stock",$48.54,4.72,10.771%,"3,902,166,083"
BFH,"Bread Financial Holdings, Inc. Common Stock",$101.56,2.37,2.389%,"3,901,860,858"
REGCO,Regency Centers Corporation 5.875% Series B Cumulative Redeemable Preferred Stock,$21.30,-0.21,-0.976%,"3,900,467,651"
PAY,"Paymentus Holdings, Inc. Class A Common Stock",$30.95,1.00,3.339%,"3,897,832,075"
CAAP,Corporacion America Airports SA Common Shares,$23.55,-0.18,-0.759%,"3,890,910,888"
WK,Workiva Inc. Class A Common Stock,$71.48,0.69,0.975%,"3,889,690,562"
PRIM,Primoris Services Corporation Common Stock,$72.25,-1.87,-2.523%,"3,889,385,626"
RLAY,"Relay Therapeutics, Inc. Common Stock",$17.73,-0.30,-1.664%,"3,885,381,118"
CELC,Celcuity Inc. Common Stock,$79.37,-0.62,-0.775%,"3,883,725,538"
BRC,Brady Corporation Common Stock,$82.63,-1.19,-1.42%,"3,875,282,053"
ERO,Ero Copper Corp. Common Shares,$37.11,0.63,1.727%,"3,869,755,392"
NVST,Envista Holdings Corporation Common Stock,$24.07,0.25,1.05%,"3,866,068,256"
FLY,Firefly Aerospace Inc. Common Stock,$23.09,1.19,5.434%,"3,865,373,253"
CNS,Cohen & Steers Inc Common Stock,$75.15,-0.29,-0.384%,"3,864,328,205"
AQN,Algonquin Power & Utilities Corp. Common Shares,$5.02,-0.04,-0.791%,"3,864,133,374"
HHH,Howard Hughes Holdings Inc. Common Stock,$64.58,0.83,1.302%,"3,856,784,505"
DTW,DTE Energy Company 2017 Series E 5.25% Junior Subordinated Debentures due 2077,$18.53,-0.25,-1.331%,"3,855,871,919"
SIG,Signet Jewelers Limited Common Shares,$100.50,0.38,0.38%,"3,850,882,922"
ARIS,Aris Mining Corporation Common Shares,$18.65,-0.24,-1.271%,"3,849,360,000"
PARR,"Par Pacific Holdings, Inc.  Common Stock",$76.77,-0.20,-0.26%,"3,846,148,365"
TNL,Travel   Leisure Co. Common  Stock,$62.83,-0.26,-0.412%,"3,845,461,897"
SYNA,Synaptics Incorporated Common Stock $0.001 Par Value,$96.82,-1.28,-1.305%,"3,843,019,427"
BILL,"BILL Holdings, Inc. Common Stock",$44.97,-0.95,-2.069%,"3,834,896,887"
CDP,COPT Defense Properties Common Shares of Beneficial Interest,$33.81,0.04,0.118%,"3,834,407,585"
BWLP,BW LPG Limited Common Shares,$24.06,-0.24,-0.988%,"3,832,324,920"
TLX,Telix Pharmaceuticals Limited American Depositary Shares,$11.31,0.04,0.355%,"3,831,568,424"
GEF,Greif Inc. Class A Common Stock,$82.82,-1.49,-1.767%,"3,823,660,345"
ACAD,ACADIA Pharmaceuticals Inc. Common Stock,$22.18,-3.25,-12.78%,"3,821,736,389"
BOOT,"Boot Barn Holdings, Inc. Common Stock",$126.00,1.51,1.213%,"3,815,890,344"
IOND,Ionic Digital Inc. Class A Common Stock,$84.69,-1.95,-2.251%,"3,810,726,061"
EE,"Excelerate Energy, Inc. Class A Common Stock",$33.57,-0.40,-1.178%,"3,806,908,665"
APLE,"Apple Hospitality REIT, Inc. Common Shares",$16.11,0.28,1.769%,"3,803,292,265"
INDB,Independent Bank Corp. Common Stock,$80.24,0.45,0.564%,"3,800,896,504"
BMI,"Badger Meter, Inc. Common Stock",$130.60,-2.40,-1.805%,"3,785,682,218"
AMLX,"Amylyx Pharmaceuticals, Inc. Common Stock",$30.14,-0.465,-1.519%,"3,781,312,650"
SEB,Seaboard Corporation Common Stock,"$3,944.88",-29.17,-0.734%,"3,778,382,395"
BATRA,"Atlanta Braves Holdings, Inc. Series A Common Stock",$58.85,0.76,1.308%,"3,776,280,738"
CENX,Century Aluminum Company Common Stock,$38.12,-0.70,-1.803%,"3,773,624,405"
PHI,PLDT Inc. Sponsored ADR,$17.45,-0.01,-0.057%,"3,770,173,274"
MAT,"Mattel, Inc. Common Stock",$13.14,0.06,0.459%,"3,754,098,000"
ASBA,Associated Banc-Corp 6.625% Fixed-Rate Reset Subordinated Notes due 2033,$24.85,-0.04,-0.161%,"3,749,885,253"
MSGE,Madison Square Garden Entertainment Corp. Class A Common Stock,$79.22,0.73,0.93%,"3,747,520,637"
SLGN,Silgan Holdings Inc. Common Stock,$35.45,-1.70,-4.576%,"3,746,427,609"
AVNT,Avient Corporation Common Stock,$40.78,-0.19,-0.464%,"3,740,323,249"
XXI,"Twenty One Capital, Inc. Class A Common Stock",$6.63,-0.17,-2.50%,"3,728,527,832"
CRVL,CorVel Corp. Common Stock,$73.73,0.43,0.587%,"3,724,586,780"
TAC,TransAlta Corporation Ordinary Shares,$11.77,-0.18,-1.506%,"3,719,320,000"
NP,Neptune Insurance Holdings Inc. Class A Common Stock,$27.10,-0.66,-2.378%,"3,719,016,739"
IPAR,"Interparfums, Inc. Common Stock",$115.79,-1.61,-1.371%,"3,708,265,182"
LEGN,Legend Biotech Corporation American Depositary Shares,$19.06,0.61,3.306%,"3,706,949,152"
OTTR,Otter Tail Corporation Common Stock,$88.26,-0.89,-0.998%,"3,705,647,291"
USAC,"USA Compression Partners, LP Common Units Representing Limited Partner Interests",$25.53,-0.30,-1.161%,"3,700,403,598"
SEZL,Sezzle Inc. Common Stock,$109.78,2.89,2.704%,"3,696,843,037"
PLSE,"Pulse Biosciences, Inc Common Stock (DE)",$51.83,-0.15,-0.289%,"3,696,650,721"
WBI,WaterBridge Infrastructure LLC Class A Shares Representing Limited Liability Company Interests,$29.94,1.08,3.742%,"3,696,278,897"
JOE,St. Joe Company (The) Common Stock,$64.88,-0.97,-1.473%,"3,693,647,661"
MNDY,monday.com Ltd. Ordinary Shares,$86.00,-0.46,-0.532%,"3,689,997,184"
XENE,Xenon Pharmaceuticals Inc. Common Shares,$38.06,1.50,4.103%,"3,685,746,842"
WSBC,"WesBanco, Inc. Common Stock",$38.42,0.33,0.866%,"3,684,704,255"
UNMA,Unum Group 6.250% Junior Subordinated Notes due 2058,$21.59,-0.03,-0.139%,"3,677,062,852"
RHI,Robert Half Inc. Common Stock,$35.79,-1.57,-4.202%,"3,663,529,824"
CLSK,"CleanSpark, Inc. Common Stock",$14.26,-0.20,-1.383%,"3,662,211,461"
THO,"Thor Industries, Inc. Common Stock",$70.93,-1.38,-1.908%,"3,661,006,626"
RNST,Renasant Corporation Common Stock,$40.05,0.35,0.882%,"3,660,748,823"
CAR,"Avis Budget Group, Inc. Common Stock",$103.54,-2.13,-2.016%,"3,657,628,569"
ATMU,Atmus Filtration Technologies Inc. Common Stock,$44.79,-0.15,-0.334%,"3,654,663,654"
IRTC,"iRhythm Holdings, Inc. Common Stock",$110.80,-0.95,-0.85%,"3,652,300,732"
CORZW,"Core Scientific, Inc. Tranche 1 Warrants",$11.365,0.005,0.044%,"3,652,034,112"
SMR,NuScale Power Corporation Class A Common Stock,$8.47,-0.21,-2.419%,"3,639,756,114"
DORM,"Dorman Products, Inc. Common Stock",$122.60,1.19,0.98%,"3,638,230,767"
WT,"WisdomTree, Inc. Common Stock",$23.99,0.27,1.138%,"3,634,775,543"
BNL,"Broadstone Net Lease, Inc. Common Stock",$18.90,-0.01,-0.053%,"3,626,777,152"
BELFB,Bel Fuse Inc. Class B Common Stock,$250.96,-3.12,-1.228%,"3,623,724,372"
VVV,Valvoline Inc. Common Stock,$28.35,-0.40,-1.391%,"3,617,074,950"
MANU,Manchester United Ltd. Class A Ordinary Shares,$20.94,0.45,2.196%,"3,610,660,307"
BANF,BancFirst Corporation Common Stock,$107.35,0.37,0.346%,"3,606,825,276"
SLG,SL Green Realty Corp Common Stock,$50.88,0.90,1.801%,"3,604,843,268"
OGN,Organon & Co. Common Stock ,$13.72,-0.01,-0.073%,"3,603,001,421"
FCN,"FTI Consulting, Inc. Common Stock",$130.45,-3.04,-2.277%,"3,601,929,959"
LUNR,"Intuitive Machines, Inc. Class A Common Stock",$15.70,0.46,3.018%,"3,594,107,868"
LXP,LXP Industrial Trust Common Stock (Maryland REIT),$60.93,0.05,0.082%,"3,592,266,096"
ACLS,"Axcelis Technologies, Inc. Common Stock",$116.14,-2.29,-1.934%,"3,586,576,132"
CII,"BlackRock Enhanced Large Cap Core Fund, Inc. Common Stock",$24.05,-0.09,-0.373%,"3,577,737,428"
ALM,Almonty Industries Inc. Common Shares,$12.40,-1.22,-8.957%,"3,577,161,300"
GNW,Genworth Financial Inc Common Stock,$9.45,-0.18,-1.869%,"3,570,692,300"
TARS,"Tarsus Pharmaceuticals, Inc. Common Stock",$75.96,1.67,2.248%,"3,554,296,620"
IDYA,"IDEAYA Biosciences, Inc. Common Stock",$36.74,-0.72,-1.922%,"3,545,023,642"
ZIM,ZIM Integrated Shipping Services Ltd. Ordinary Shares,$29.38,-0.71,-2.36%,"3,539,288,377"
MIAX,"Miami International Holdings, Inc. Common Stock",$35.64,-0.25,-0.697%,"3,536,589,205"
KTB,"Kontoor Brands, Inc. Common Stock ",$64.41,-1.28,-1.949%,"3,520,239,664"
QTWO,"Q2 Holdings, Inc. Common Stock",$56.45,0.79,1.419%,"3,519,922,533"
LAZ,"Lazard, Inc. Common Stock",$36.12,-0.70,-1.901%,"3,519,914,661"
NIC,Nicolet Bankshares Inc. Common Stock,$167.58,2.80,1.699%,"3,512,060,029"
LMND,"Lemonade, Inc. Common Stock",$45.28,0.92,2.074%,"3,504,518,727"
FSM,Fortuna Mining Corp. Common Shares,$11.50,-0.16,-1.372%,"3,502,409,951"
PVH,PVH Corp. Common Stock,$75.79,0.40,0.531%,"3,496,786,363"
DHT,"DHT Holdings, Inc.",$21.68,0.40,1.88%,"3,491,382,690"
MHO,"M/I Homes, Inc. Common Stock",$137.76,-0.01,-0.007%,"3,482,990,351"
TRMD,TORM plc Class A Common Stock,$34.30,-0.12,-0.349%,"3,481,031,334"
FIBK,"First Interstate BancSystem, Inc. Common Stock (DE)",$36.51,0.49,1.36%,"3,479,571,202"
COCO,"The Vita Coco Company, Inc. Common Stock",$59.17,1.19,2.052%,"3,472,935,696"
NHC,National HealthCare Corporation Common Stock,$221.60,-3.27,-1.454%,"3,470,565,132"
BATRK,"Atlanta Braves Holdings, Inc. Series C Common Stock",$54.06,0.74,1.388%,"3,468,916,512"
VAC,Marriott Vacations Worldwide Corporation Common Stock,$100.75,-0.10,-0.099%,"3,465,328,490"
UCTT,"Ultra Clean Holdings, Inc. Common Stock",$76.52,-0.77,-0.996%,"3,464,598,259"
GPGI,"GPGI, Inc. Class A Common Stock",$11.93,-0.11,-0.914%,"3,458,388,678"
MGNI,"Magnite, Inc. Common Stock",$24.07,0.01,0.042%,"3,452,219,459"
IRT,"Independence Realty Trust, Inc. Common Stock",$14.61,0.03,0.206%,"3,444,228,124"
OPCH,"Option Care Health, Inc. Common Stock",$22.94,-0.40,-1.714%,"3,436,073,474"
SXI,Standex International Corporation Common Stock,$279.60,2.69,0.971%,"3,433,897,614"
FA,First Advantage Corporation Common Stock,$19.92,-0.08,-0.40%,"3,421,333,525"
CXW,"CoreCivic, Inc. Common Stock",$34.36,2.08,6.444%,"3,397,980,282"
NATL,NCR Atleos Corporation Common Stock,$45.92,0.15,0.328%,"3,393,347,209"
PFSI,"PennyMac Financial Services, Inc. Common Stock",$65.26,-0.35,-0.533%,"3,390,359,589"
BBWI,"Bath & Body Works, Inc.",$16.80,-0.22,-1.293%,"3,387,641,258"
OLED,Universal Display Corporation Common Stock,$73.44,-3.27,-4.263%,"3,375,804,362"
HNI,HNI Corporation Common Stock,$46.68,-0.48,-1.018%,"3,369,446,424"
PDI,PIMCO Dynamic Income Fund Common Stock,$13.86,UNCH,--,"3,369,227,400"
LIF,"Life360, Inc. Common Stock",$41.26,0.51,1.252%,"3,361,880,025"
FULTP,"Fulton Financial Corporation Depositary Shares, Each Representing a 1/40th Interest in a Share of Fixed Rate Non-Cumulative Perpetual Preferred Stock, Series A",$17.57,-0.31,-1.734%,"3,354,368,872"
PURR,Hyperliquid Strategies Inc Common Stock,$14.09,0.15,1.076%,"3,352,282,768"
MWA,MUELLER WATER PRODUCTS Common Stock,$21.47,-0.25,-1.151%,"3,352,018,328"
NTRSO,"Northern Trust Corporation Depositary Shares Each Representing a 1/1,000th Interest in a Share of Series E Non-Cumulative Perpetual Preferred Stock",$18.31,0.16,0.882%,"3,349,918,006"
ZGN,Ermenegildo Zegna N.V. Ordinary Shares,$12.47,0.03,0.241%,"3,345,851,264"
FRSH,Freshworks Inc. Class A Common Stock,$12.81,-0.06,-0.466%,"3,342,395,089"
CSTM,Constellium SE Ordinary Shares (France),$24.63,-0.33,-1.322%,"3,338,047,941"
SBLK,Star Bulk Carriers Corp. Common Shares,$29.90,-0.50,-1.645%,"3,334,751,485"
SFNC,Simmons First National Corporation Class A Common Stock,$23.06,0.17,0.743%,"3,332,487,974"
LRN,"Stride, Inc. Common Stock",$80.04,1.51,1.923%,"3,326,449,994"
KEN,Kenon Holdings Ltd. Ordinary Shares,$63.76,-1.84,-2.805%,"3,322,431,393"
MCHB,Mechanics Bancorp Class A Common Stock,$15.08,0.08,0.533%,"3,322,305,880"
FFBC,First Financial Bancorp. Common Stock,$31.55,0.33,1.057%,"3,318,016,515"
AAMI,Acadian Asset Management Inc. Common Stock,$93.32,1.81,1.978%,"3,311,938,745"
HIW,"Highwoods Properties, Inc. Common Stock",$30.01,0.32,1.078%,"3,310,289,392"
ELVN,"Enliven Therapeutics, Inc. Common Stock",$45.17,-0.92,-1.996%,"3,309,640,274"
PLMR,"Palomar Holdings, Inc. Common stock",$125.63,-1.58,-1.242%,"3,306,290,515"
NESR,National Energy Services Reunited Corp Ordinary Shares,$32.77,-0.04,-0.122%,"3,304,911,979"
BTDR,Bitdeer Technologies Group Class A Ordinary Shares,$12.15,-0.16,-1.30%,"3,302,154,277"
ARQT,"Arcutis Biotherapeutics, Inc. Common Stock",$26.27,-0.11,-0.417%,"3,301,927,815"
NHI,"National Health Investors, Inc. Common Stock",$67.16,-0.04,-0.06%,"3,298,256,747"
AB,AllianceBernstein Holding L.P.  Units,$35.41,-0.41,-1.145%,"3,295,793,505"
IPGP,IPG Photonics Corporation Common Stock,$77.42,0.24,0.311%,"3,293,024,009"
RXO,"RXO, Inc. Common Stock",$19.93,0.05,0.252%,"3,286,977,731"
CSQ,Calamos Strategic Total Return Common Stock,$20.67,-0.08,-0.386%,"3,284,207,147"
TGB,Trekor Metals Limited Common Shares,$8.97,-0.09,-0.993%,"3,283,229,162"
DNLI,Denali Therapeutics Inc. Common Stock,$20.47,0.01,0.049%,"3,272,076,339"
CURB,Curbline Properties Corp. Common Stock,$28.44,0.28,0.994%,"3,271,681,431"
AWR,American States Water Company Common Stock,$82.50,-0.74,-0.889%,"3,269,939,145"
LION,Lionsgate Studios Corp Common Shares,$10.98,-0.17,-1.525%,"3,267,205,286"
TNK,Teekay Tankers Ltd.,$94.08,-0.46,-0.487%,"3,259,294,161"
POST,"Post Holdings, Inc. Common Stock",$74.14,-1.67,-2.203%,"3,258,957,523"
PRK,Park National Corporation Common Stock,$180.25,1.03,0.575%,"3,256,065,020"
BTE,Baytex Energy Corp Common Shares,$4.59,0.01,0.218%,"3,253,795,920"
WRBY,Warby Parker Inc. Class A Common Stock,$26.27,2.92,12.505%,"3,247,183,579"
WIX,Wix.com Ltd. Ordinary Shares,$77.53,0.73,0.951%,"3,244,592,588"
ARLP,"Alliance Resource Partners, L.P. Common Units representing Limited Partners Interests",$25.195,-0.355,-1.389%,"3,241,558,491"
KAI,Kadant Inc Common Stock,$274.42,-3.93,-1.412%,"3,240,657,887"
SHOO,"Steven Madden, Ltd. Common Stock",$44.23,0.83,1.912%,"3,236,622,912"
SA,"Seabridge Gold, Inc. Common Shares New",$29.98,-1.22,-3.91%,"3,233,979,056"
ABG,Asbury Automotive Group Inc Common Stock,$179.94,-1.58,-0.87%,"3,230,267,945"
BFAM,Bright Horizons Family Solutions Inc. Common Stock,$66.34,-0.17,-0.256%,"3,226,466,200"
DTG,DTE Energy Company 2021 Series E 4.375% Junior Subordinated Debentures,$15.49,-0.12,-0.769%,"3,223,284,189"
INFQ,"Infleqtion, Inc. Common Stock",$14.30,0.47,3.398%,"3,222,605,844"
GBDC,"Golub Capital BDC, Inc. Common Stock",$12.41,-0.04,-0.321%,"3,222,276,219"
WSC,WillScot Holdings Corporation Class A Common Stock,$17.75,-0.15,-0.838%,"3,216,139,505"
LBTYA,Liberty Global Ltd. Class A Common Shares,$9.42,-0.06,-0.633%,"3,213,044,872"
CALM,"Cal-Maine Foods, Inc. Common Stock",$68.48,-3.25,-4.531%,"3,212,800,490"
OSIS,"OSI Systems, Inc. Common Stock (DE)",$201.30,-1.70,-0.837%,"3,209,118,158"
SII,Sprott Inc. Common Shares,$124.24,-1.10,-0.878%,"3,205,392,000"
VGNT,Versigent PLC Ordinary Shares,$45.22,-0.98,-2.121%,"3,203,170,683"
CBU,"Community Financial System, Inc. Common Stock",$60.74,0.05,0.082%,"3,195,890,070"
ATKR,Atkore Inc. Common Stock,$94.54,0.03,0.032%,"3,192,856,877"
DTB,DTE Energy Company 2020 Series G 4.375% Junior Subordinated Debentures due 2080,$15.34,-0.055,-0.357%,"3,192,070,978"
RCUS,"Arcus Biosciences, Inc. Common Stock",$25.06,-1.33,-5.04%,"3,190,974,403"
PTRN,Pattern Group Inc. Series A Common Stock,$17.94,-1.42,-7.335%,"3,182,539,657"
CHRN,ChronoScale Holdings Corporation Common Stock,$21.85,1.34,6.533%,"3,182,178,326"
AEHR,Aehr Test Systems Common Stock,$97.42,0.04,0.041%,"3,181,692,971"
SBCF,Seacoast Banking Corporation of Florida Common Stock,$32.82,0.40,1.234%,"3,177,724,263"
CDNA,"CareDx, Inc. Common Stock",$61.37,7.06,12.999%,"3,174,929,266"
ASH,Ashland Inc. Common Stock,$69.10,0.09,0.13%,"3,164,321,867"
SLNHP,"Soluna Holdings, Inc 9.0% Series A Cumulative Perpetual Preferred Stock ",$12.82,0.07,0.549%,"3,162,720,243"
LBTYK,Liberty Global Ltd. Class C Common Shares,$9.23,-0.01,-0.108%,"3,148,238,234"
HTGC,"Hercules Capital, Inc. Common Stock",$16.80,-0.17,-1.002%,"3,144,355,200"
KN,Knowles Corporation Common Stock,$36.76,0.03,0.082%,"3,139,683,584"
USLM,"United States Lime & Minerals, Inc. Common Stock",$109.42,0.01,0.009%,"3,139,080,679"
NG,Novagold Resources Inc.,$7.14,-0.12,-1.653%,"3,132,893,584"
BTU,Peabody Energy Corporation Common Stock ,$25.68,-0.73,-2.764%,"3,130,392,000"
NMIH,NMI Holdings Inc. Common Stock,$41.57,-0.62,-1.47%,"3,126,806,066"
BSM,"Black Stone Minerals, L.P. Common units representing limited partner interests",$14.69,0.13,0.893%,"3,124,718,288"
RWTN,"Redwood Trust, Inc. 9.125% Senior Notes Due 2029",$24.16,0.055,0.228%,"3,122,038,890"
CPK,Chesapeake Utilities Corporation Common Stock,$128.26,-1.38,-1.064%,"3,091,893,918"
NVTS,Navitas Semiconductor Corporation Common Stock,$11.84,UNCH,--,"3,091,346,898"
ATRC,"AtriCure, Inc. Common Stock",$60.77,0.815,1.359%,"3,091,144,686"
BKU,"BankUnited, Inc. Common Stock",$43.39,0.03,0.069%,"3,090,767,284"
FSK,FS KKR Capital Corp. Common Stock,$11.17,UNCH,--,"3,086,720,928"
AMBA,"Ambarella, Inc. Ordinary Shares",$69.86,2.24,3.313%,"3,083,688,234"
DYN,"Dyne Therapeutics, Inc. Common Stock",$16.51,0.28,1.725%,"3,083,183,576"
BHF,"Brighthouse Financial, Inc. Common Stock",$53.46,1.47,2.827%,"3,074,568,158"
PONY,Pony AI Inc. American Depositary Shares ,$7.09,-0.17,-2.342%,"3,073,809,611"
AAUC,Allied Gold Corporation Common Shares,$22.05,-0.33,-1.475%,"3,072,621,041"
FGN,"F&G Annuities & Life, Inc. 7.950% Senior Notes due 2053",$24.33,-0.04,-0.164%,"3,067,977,673"
EXPO,"Exponent, Inc. Common Stock",$64.46,-0.95,-1.452%,"3,064,820,575"
YETI,"YETI Holdings, Inc. Common Stock",$41.99,0.13,0.311%,"3,064,799,544"
PLNT,"Planet Fitness, Inc. Common Stock",$40.72,-0.28,-0.683%,"3,062,834,815"
PK,Park Hotels & Resorts Inc. Common Stock ,$15.21,0.14,0.929%,"3,062,355,999"
KYIV,Kyivstar Group Ltd. Common Shares,$13.20,0.18,1.382%,"3,060,599,837"
QS,QuantumScape Corporation Class A Common Stock,$4.94,0.03,0.611%,"3,058,420,725"
FHB,"First Hawaiian, Inc. Common Stock",$25.12,0.34,1.372%,"3,056,635,562"
ECO,Okeanis Eco Tankers Corp. Common Stock,$78.22,0.19,0.243%,"3,054,072,914"
RGC,Regencell Bioscience Holdings Limited Ordinary Shares,$6.17,0.19,3.177%,"3,050,996,562"
KNF,Knife Riv Holding Co. Common Stock,$53.37,1.94,3.772%,"3,029,463,725"
RWTO,"Redwood Trust, Inc. 9.00% Senior Notes Due 2029",$23.41,-0.18,-0.763%,"3,025,121,292"
IMAX,Imax Corporation Common Stock,$55.16,1.86,3.49%,"3,025,091,008"
COHU,"Cohu, Inc. Common Stock",$63.70,-0.78,-1.21%,"3,015,458,182"
FOUR,"Shift4 Payments, Inc. Class A Common Stock",$38.16,-0.30,-0.78%,"3,013,118,179"
TNET,"TriNet Group, Inc. Common Stock",$65.54,0.30,0.46%,"3,008,596,529"
AGO,Assured Guaranty Ltd. Common Stock,$68.40,-0.59,-0.855%,"3,008,177,827"
DXPE,"DXP Enterprises, Inc. Common Stock",$193.65,2.57,1.345%,"3,004,895,710"
NAN,Nuveen New York Quality Municipal Income Fund Common Stock,$9.93,-0.08,-0.799%,"3,001,995,894"
SPNT,SiriusPoint Ltd. Common Shares,$25.80,0.38,1.495%,"2,997,057,413"
DBRG,"DigitalBridge Group, Inc.",$15.98,-0.01,-0.063%,"2,996,174,590"
AD,"Array Digital Infrastructure, Inc. Common Shares",$34.49,-0.45,-1.288%,"2,983,385,000"
OUST,"Ouster, Inc. Common Stock",$41.37,1.99,5.053%,"2,983,287,216"
PII,Polaris Inc. Common Stock,$52.38,-0.56,-1.058%,"2,980,606,587"
NEOG,Neogen Corporation Common Stock,$13.66,0.09,0.663%,"2,979,328,028"
SPSC,"SPS Commerce, Inc. Common Stock",$82.69,1.40,1.722%,"2,976,854,388"
SMG,Scotts Miracle-Gro Company (The) Common Stock,$51.13,-1.70,-3.218%,"2,976,802,610"
LBRT,Liberty Energy Inc. Class A common stock,$18.24,-0.03,-0.164%,"2,976,611,428"
ATRO,Astronics Corporation Common Stock,$69.15,0.01,0.014%,"2,974,076,776"
CBZ,"CBIZ, Inc. Common Stock",$54.68,0.02,0.037%,"2,967,148,904"
ASO,"Academy Sports and Outdoors, Inc. Common Stock",$48.13,-0.18,-0.373%,"2,963,792,024"
PFS,"Provident Financial Services, Inc Common Stock",$22.67,0.25,1.115%,"2,956,680,750"
GPI,"Group 1 Automotive, Inc. Common Stock",$247.79,0.28,0.113%,"2,954,208,133"
WOR,"Worthington Enterprises, Inc. Common Shares",$60.33,0.63,1.055%,"2,951,752,879"
BHE,"Benchmark Electronics, Inc. Common Stock",$82.15,-0.96,-1.155%,"2,950,822,496"
DAN,Dana Incorporated Common Stock ,$27.35,-2.35,-7.912%,"2,942,222,171"
AVA,Avista Corporation Common Stock,$35.05,-0.40,-1.128%,"2,935,536,692"
SOUN,"SoundHound AI, Inc Class A Common Stock",$6.10,0.09,1.498%,"2,934,128,566"
BELFA,Bel Fuse Inc. Class A Common Stock,$203.15,-1.01,-0.495%,"2,933,374,268"
PPTA,Perpetua Resources Corp. Common Shares,$23.42,0.10,0.429%,"2,929,743,706"
KBH,KB Home Common Stock,$47.65,0.50,1.06%,"2,921,408,539"
COLM,Columbia Sportswear Company Common Stock,$56.97,0.19,0.335%,"2,916,476,262"
KC,Kingsoft Cloud Holdings Limited American Depositary Shares,$9.74,0.06,0.62%,"2,915,860,527"
GRBK,"Green Brick Partners, Inc. Common Stock",$67.79,0.58,0.863%,"2,915,695,082"
FRMI,Fermi Inc. Common Stock,$4.55,-0.27,-5.602%,"2,914,126,433"
DGII,Digi International Inc. Common Stock,$76.75,1.45,1.926%,"2,912,518,440"
TMDX,"TransMedics Group, Inc. Common Stock",$83.90,-3.10,-3.563%,"2,909,244,666"
LEU,Centrus Energy Corp. Class A Common Stock,$147.32,-3.99,-2.637%,"2,907,199,327"
SDRL,Seadrill Limited Common Shares,$46.48,0.05,0.108%,"2,906,926,271"
ASST,"Strive, Inc. Class A Common Stock",$29.94,0.95,3.277%,"2,904,259,311"
ABM,ABM Industries Incorporated Common Stock,$49.54,-0.15,-0.302%,"2,903,766,888"
APAM,Artisan Partners Asset Management Inc. Class A Common Stock,$35.78,0.16,0.449%,"2,900,780,097"
LPL,"LG Display Co, Ltd AMERICAN DEPOSITORY SHARES",$2.90,-0.04,-1.361%,"2,900,000,000"
RDW,Redwire Corporation Common Stock,$11.60,0.33,2.928%,"2,899,914,264"
DKL,"Delek Logistics Partners, L.P. Common Units representing Limited Partner Interests",$54.48,-0.49,-0.891%,"2,898,188,958"
EROK,"EagleRock Land, LLC Class A shares representing limited liability company interests",$22.01,-0.08,-0.362%,"2,894,745,736"
CSQR,"Csquare, Inc. Common Stock",$17.35,-1.18,-6.368%,"2,891,099,622"
VTMX,"Corporacion Inmobiliaria Vesta, S.A.B de C.V. American Depositary Shares, each representing ten (10) Common Shares",$32.61,-0.22,-0.67%,"2,884,310,281"
CWK,Cushman & Wakefield Ltd. Common Shares,$12.28,-0.05,-0.406%,"2,882,284,334"
DNOW,DNOW Inc. Common Stock,$15.91,0.20,1.273%,"2,876,303,526"
GPOR,Gulfport Energy Corporation Common Shares,$161.91,2.19,1.371%,"2,863,194,744"
EXTR,"Extreme Networks, Inc. Common Stock",$21.64,-0.39,-1.77%,"2,860,173,840"
CLBT,Cellebrite DI Ltd. Ordinary Shares,$11.37,-0.13,-1.13%,"2,857,747,852"
NTCT,"NetScout Systems, Inc. Common Stock",$39.25,-0.03,-0.076%,"2,853,761,996"
ARCB,ArcBest Corporation Common Stock,$127.35,-3.73,-2.846%,"2,846,444,932"
CWT,California Water Service Group Common Stock,$46.00,-0.07,-0.152%,"2,844,598,646"
TALO,"Talos Energy, Inc. Common Stock",$17.02,0.46,2.778%,"2,841,752,265"
EFXT,Enerflex Ltd Common Shares,$23.25,0.14,0.606%,"2,838,892,030"
ZLAB,Zai Lab Limited American Depositary Shares,$25.28,-1.16,-4.387%,"2,838,090,244"
POWI,"Power Integrations, Inc. Common Stock",$50.78,-0.27,-0.529%,"2,837,246,072"
TR,"Tootsie Roll Industries, Inc. Common Stock",$37.76,-0.21,-0.553%,"2,834,705,428"
POWWP,Outdoor Holding Company 8.75% Series A Cumulative Redeemable Perpetual Preferred Stock,$24.4218,0.1618,0.667%,"2,834,416,845"
FG,"F&G Annuities & Life, Inc. Common Stock",$21.62,-0.07,-0.323%,"2,830,819,219"
UUUU,Energy Fuels Inc Ordinary Shares (Canada),$11.32,-0.28,-2.414%,"2,828,494,440"
IHS,IHS Holding Limited Ordinary Shares,$8.42,UNCH,--,"2,825,088,689"
INTA,"Intapp, Inc. Common Stock",$36.83,0.37,1.015%,"2,817,905,581"
DAC,Danaos Corporation Common Stock,$154.66,0.24,0.155%,"2,815,349,444"
DX,"Dynex Capital, Inc. Common Stock",$11.34,-0.39,-3.325%,"2,814,212,839"
AGYS,"Agilysys, Inc. Common Stock (DE)",$99.68,-1.50,-1.483%,"2,811,552,948"
BOH,Bank of Hawaii Corporation Common Stock,$71.13,0.79,1.123%,"2,806,106,667"
FRPT,"Freshpet, Inc. Common Stock",$58.31,-0.90,-1.52%,"2,802,266,295"
BRZE,"Braze, Inc. Class A Common Stock",$24.67,-1.20,-4.639%,"2,802,127,814"
BANC,"Banc of California, Inc. Common Stock",$17.73,0.01,0.056%,"2,800,462,879"
FTAIM,FTAI Aviation Ltd. 9.500% Fixed-Rate Reset Series D Cumulative Perpetual Redeemable Preferred Shares,$27.235,0.0029,0.011%,"2,797,227,623"
FIZZ,National Beverage Corp. Common Stock,$29.87,-0.78,-2.545%,"2,796,289,071"
VCRE,Vicore Pharma Holding AB American Depositary Shares,$9.91,0.11,1.122%,"2,789,918,627"
AVPT,"AvePoint, Inc. Class A Common Stock",$13.16,0.04,0.305%,"2,784,201,006"
UNFI,"United Natural Foods, Inc. Common Stock",$46.15,2.41,5.51%,"2,783,633,427"
HG,"Hamilton Insurance Group, Ltd. Class B Common Shares",$33.43,-0.04,-0.12%,"2,781,734,938"
REZI,"Resideo Technologies, Inc. Common Stock ",$18.30,-0.38,-2.034%,"2,778,807,017"
VECO,Veeco Instruments Inc. Common Stock,$45.45,-0.47,-1.024%,"2,778,342,138"
GPK,Graphic Packaging Holding Company,$9.34,-0.32,-3.313%,"2,765,308,492"
MNSO,"MINISO Group Holding Limited American Depositary Shares, each representing four Ordinary Shares",$8.93,-0.05,-0.557%,"2,762,862,023"
CARG,"CarGurus, Inc. Class A Common Stock ",$30.99,0.42,1.374%,"2,760,387,083"
MZTI,The Marzetti Company Common Stock,$101.14,-0.98,-0.96%,"2,760,211,740"
GRND,Grindr Inc. Common Stock,$15.87,0.43,2.785%,"2,758,533,350"
ADEA,Adeia Inc. Common Stock,$25.01,-0.04,-0.16%,"2,758,106,552"
PGEN,"Precigen, Inc. Common Stock",$7.70,0.26,3.495%,"2,756,871,402"
BBAR,Banco BBVA Argentina S.A. ADS,$13.49,-0.18,-1.317%,"2,755,152,989"
MMS,"Maximus, Inc. Common Stock",$52.62,-1.17,-2.175%,"2,755,065,489"
SLDE,"Slide Insurance Holdings, Inc. Common Stock",$23.55,0.59,2.57%,"2,750,915,982"
KWR,Quaker Houghton Common Stock,$159.47,0.61,0.384%,"2,744,112,238"
TDC,Teradata Corporation Common Stock,$29.46,0.25,0.856%,"2,739,780,000"
FIVN,"Five9, Inc. Common Stock",$36.66,-1.02,-2.707%,"2,739,364,646"
PLUG,"Plug Power, Inc. Common Stock",$1.96,-0.08,-3.922%,"2,738,502,745"
MGRC,McGrath RentCorp Common Stock,$111.96,-1.28,-1.13%,"2,734,697,229"
HGV,Hilton Grand Vacations Inc. Common Stock ,$35.08,-0.52,-1.461%,"2,726,563,007"
PENG,"Penguin Solutions, Inc. Common Stock",$53.08,-0.80,-1.485%,"2,719,962,463"
NAMS,NewAmsterdam Pharma Company N.V. Ordinary Shares,$22.74,0.06,0.265%,"2,718,275,223"
TOWN,TowneBank Common Stock,$36.40,0.33,0.915%,"2,716,070,812"
CXT,"Crane NXT, Co. Common Stock",$47.16,-1.26,-2.602%,"2,714,591,097"
EXK,Endeavour Silver Corporation Ordinary Shares (Canada),$9.16,-0.10,-1.08%,"2,711,990,226"
WTTR,"Select Water Solutions, Inc. Class A common stock",$19.53,0.24,1.244%,"2,704,530,668"
AVAH,Aveanna Healthcare Holdings Inc. Common Stock,$12.38,-0.41,-3.206%,"2,701,559,836"
SECZ,Securitize Corp. Common Stock,$16.53,2.17,15.111%,"2,698,781,773"
NMFCZ,New Mountain Finance Corporation 8.250% Notes due 2028,$25.35,-0.04,-0.158%,"2,696,250,361"
LFTO,"Liftoff Mobile, Inc. Common Stock",$15.92,-0.17,-1.057%,"2,695,757,910"
AEO,"American Eagle Outfitters, Inc. Common Stock",$16.08,0.16,1.005%,"2,694,579,195"
APPN,Appian Corporation Class A Common Stock,$37.61,-0.35,-0.922%,"2,693,913,923"
FUL,H. B. Fuller Company Common Stock,$50.00,-0.21,-0.418%,"2,689,370,550"
TRMK,Trustmark Corporation Common Stock,$46.09,0.40,0.875%,"2,676,472,894"
PPLI,People Incorporated Common Stock,$35.93,-0.04,-0.111%,"2,675,488,825"
MBX,"MBX Biosciences, Inc. Common Stock",$55.39,-2.50,-4.319%,"2,667,587,717"
WING,Wingstop Inc. Common Stock,$97.84,-0.04,-0.041%,"2,665,410,701"
QURE,uniQure N.V. Ordinary Shares,$38.32,-4.44,-10.384%,"2,658,120,908"
NBTB,NBT Bancorp Inc. Common Stock,$51.13,0.65,1.288%,"2,656,717,919"
HOG,"Harley-Davidson, Inc. Common Stock",$25.52,-0.46,-1.771%,"2,655,930,379"
HAYW,"Hayward Holdings, Inc. Common Stock",$12.52,-0.23,-1.804%,"2,655,737,167"
BCC,"Boise Cascade, L.L.C. Common Stock",$76.10,-1.66,-2.135%,"2,655,231,811"
MAN,ManpowerGroup Common Stock,$57.02,-0.35,-0.61%,"2,651,747,601"
GRDN,"Guardian Pharmacy Services, Inc. Class A Common Stock",$41.79,-1.47,-3.398%,"2,647,074,884"
WDFC,WD-40 Company Common Stock,$197.19,-2.15,-1.079%,"2,646,505,920"
EROC,"ERock, Inc. Class A Common Stock",$12.06,-0.46,-3.674%,"2,645,964,965"
BKD,Brookdale Senior Living Inc. Common Stock,$11.07,-0.10,-0.895%,"2,643,706,980"
HWKN,"Hawkins, Inc. Common Stock",$126.62,2.63,2.121%,"2,643,207,315"
FBK,FB Financial Corporation Common Stock,$52.81,0.17,0.323%,"2,639,345,468"
WGS,GeneDx Holdings Corp. Class A Common Stock,$88.48,3.28,3.85%,"2,638,698,428"
AKR,Acadia Realty Trust Common Stock,$19.21,0.10,0.523%,"2,638,161,590"
DCO,Ducommun Incorporated Common Stock,$174.57,2.06,1.194%,"2,635,968,420"
NMM,Navios Maritime Partners LP Common Units Representing Limited Partner Interests,$90.13,2.19,2.49%,"2,628,939,510"
ALRM,"Alarm.com Holdings, Inc. Common Stock",$53.44,0.09,0.169%,"2,623,381,784"
PAGS,PagSeguro Digital Ltd. Class A Common Shares,$9.02,-0.07,-0.77%,"2,621,912,935"
MH,"McGraw Hill, Inc. Common Stock",$13.69,-0.06,-0.436%,"2,619,017,664"
CHTRP,"Charter Communications, Inc. Series A Cumulative Redeemable Preferred Stock",$22.8246,0.0646,0.284%,"2,615,185,424"
HTO,H2O America Common Stock,$62.18,-0.02,-0.032%,"2,602,656,073"
FBNC,First Bancorp Common Stock,$62.80,0.58,0.932%,"2,598,301,079"
AMC,"AMC Entertainment Holdings, Inc. Class A Common Stock",$2.91,0.04,1.394%,"2,597,479,497"
GDV,Gabelli Dividend & Income Trust Common Shares of Beneficial Interest,$28.78,-0.06,-0.208%,"2,595,624,771"
CUBI,"Customers Bancorp, Inc Common Stock",$76.83,0.11,0.143%,"2,595,609,277"
MFAO,"MFA Financial, Inc. 9.000% Senior Notes due 2029",$25.249,-0.0311,-0.123%,"2,592,282,057"
ACHC,"Acadia Healthcare Company, Inc. Common Stock",$27.80,-0.71,-2.49%,"2,588,187,645"
MGEE,"MGE Energy, Inc",$68.49,-2.37,-3.345%,"2,587,826,982"
MFAN,"MFA Financial, Inc. 8.875% Senior Notes due 2029",$25.15,-0.05,-0.198%,"2,582,117,855"
AMBP,Ardagh Metal Packaging S.A. Ordinary Shares,$4.31,-0.14,-3.146%,"2,576,085,216"
HSAI,Hesai Group American Depositary Share,$16.37,0.06,0.368%,"2,572,417,994"
ZIONP,"Zions Bancorporation, N.A. Depositary Shares (Each representing 1/40th Interest in a Share of Series A Floating-Rate Non-Cumulative Perpetual Preferred Stock)",$17.60,-0.26,-1.456%,"2,568,779,048"
GPCR,Structure Therapeutics Inc. American Depositary Shares,$36.02,0.07,0.195%,"2,568,581,049"
GCMG,GCM Grosvenor Inc. Class A Common Stock,$12.63,-0.30,-2.32%,"2,561,264,223"
KD,"Kyndryl Holdings, Inc. Common Stock",$11.74,-0.37,-3.055%,"2,557,186,408"
IRON,"Disc Medicine, Inc. Common Stock",$66.44,0.35,0.53%,"2,550,820,555"
BEAM,Beam Therapeutics Inc. Common Stock,$24.66,0.29,1.19%,"2,547,073,819"
CALY,Callaway Golf Company Common Stock,$14.25,-0.34,-2.33%,"2,543,774,924"
FRME,First Merchants Corporation Common Stock,$40.485,0.455,1.137%,"2,542,515,610"
AXGN,"Axogen, Inc. Common Stock",$43.32,UNCH,--,"2,541,649,943"
DRH,Diamondrock Hospitality Company Common Stock,$12.42,0.18,1.471%,"2,541,202,558"
IMNM,"Immunome, Inc. Common Stock",$22.34,-1.90,-7.838%,"2,537,324,232"
DJT,Trump Media & Technology Group Corp. Common Stock,$9.10,0.04,0.442%,"2,529,265,593"
BKV,BKV Corporation Common Stock,$23.08,-0.19,-0.817%,"2,525,825,116"
BANR,Banner Corporation Common Stock,$68.79,0.72,1.058%,"2,520,429,279"
SUPN,"Supernus Pharmaceuticals, Inc. Common Stock",$43.29,-0.10,-0.23%,"2,516,318,393"
NOG,"Northern Oil and Gas, Inc. Common Stock",$23.60,0.46,1.988%,"2,514,559,421"
NEO,"NeoGenomics, Inc. Common Stock",$19.56,1.20,6.536%,"2,512,979,606"
SVM,Silvercorp Metals Inc. Common Shares,$11.34,-0.17,-1.477%,"2,508,574,040"
HURN,Huron Consulting Group Inc. Common Stock,$157.66,-2.25,-1.407%,"2,508,381,952"
BFLY,"Butterfly Network, Inc. Class A Common Stock",$9.41,0.21,2.283%,"2,505,743,572"
AAP,Advance Auto Parts Inc.,$41.43,0.33,0.803%,"2,502,372,000"
UE,Urban Edge Properties Common Shares of Beneficial Interest,$19.80,0.02,0.101%,"2,499,640,427"
RNW,ReNew Energy Global plc Class A Ordinary Shares,$6.85,0.01,0.146%,"2,496,158,413"
BUSE,First Busey Corporation Class A Common Stock,$30.00,0.36,1.215%,"2,495,685,030"
TTAM,Titan America SA Common Shares,$13.53,0.03,0.222%,"2,494,424,151"
KALU,Kaiser Aluminum Corporation Common Stock,$151.67,-4.59,-2.937%,"2,479,666,784"
PRVA,"Privia Health Group, Inc. Common Stock",$19.39,0.29,1.518%,"2,476,766,274"
CENT,Central Garden & Pet Company Common Stock,$39.51,0.02,0.051%,"2,473,033,547"
CLDX,"Celldex Therapeutics, Inc.",$31.48,0.36,1.157%,"2,472,109,667"
INOD,Innodata Inc. Common Stock,$71.87,-0.12,-0.167%,"2,471,081,127"
NGVT,Ingevity Corporation Common Stock ,$71.79,0.04,0.056%,"2,467,991,020"
WLY,"John Wiley & Sons, Inc. Common Stock",$48.61,0.86,1.801%,"2,463,745,837"
HIMX,"Himax Technologies, Inc. American Depositary Shares",$14.12,-0.16,-1.12%,"2,462,893,906"
WLYB,"John Wiley & Sons, Inc. Common Stock",$48.56,0.80,1.675%,"2,461,211,641"
SHAK,"Shake Shack, Inc. Class A Common Stock",$57.45,-1.02,-1.744%,"2,458,798,988"
OPEN,Opendoor Technologies Inc Common Stock,$2.53,-0.05,-1.938%,"2,456,860,357"
NRIX,"Nurix Therapeutics, Inc. Common stock",$23.65,-0.23,-0.963%,"2,454,436,803"
ATHM,"Autohome Inc. American Depositary Shares, each representing four class A ordinary shares.",$21.30,-0.05,-0.234%,"2,453,140,404"
VIA,"Via Transportation, Inc. Class A Common Stock",$29.98,0.44,1.49%,"2,443,538,278"
IMOS,ChipMOS TECHNOLOGIES INC. American Depositary Shares,$69.72,2.35,3.488%,"2,440,141,156"
NN,NextNav Inc. Common Stock,$14.45,0.06,0.417%,"2,439,303,200"
SKWD,"Skyward Specialty Insurance Group, Inc. Common Stock",$54.88,0.04,0.073%,"2,436,479,536"
ROG,Rogers Corporation Common Stock,$136.20,-3.24,-2.324%,"2,433,667,227"
FCPT,"Four Corners Property Trust, Inc. Common Stock",$22.14,-0.10,-0.45%,"2,430,006,829"
WSBCO,"WesBanco, Inc. Depositary Shares each representing 1/40th interest in a share of 7.375% Fixed-Rate Reset Non-Cumulative Perpetual Preferred Stock, Series B",$25.29,-0.04,-0.158%,"2,425,459,933"
HCM,HUTCHMED (China) Limited American Depositary Shares,$13.90,-0.47,-3.271%,"2,425,070,784"
SYBT,"Stock Yards Bancorp, Inc. Common Stock",$78.06,0.84,1.088%,"2,425,062,153"
SLS,"SELLAS Life Sciences Group, Inc. Common Stock",$11.98,0.46,3.993%,"2,419,309,594"
PAYO,Payoneer Global Inc. Common Stock,$7.13,-0.01,-0.14%,"2,416,006,461"
KEEL,Keel Infrastructure Corp. Common Stock,$3.90,-0.11,-2.743%,"2,408,535,527"
EEFT,"Euronet Worldwide, Inc. Common Stock",$64.33,-0.31,-0.48%,"2,406,173,266"
VERA,"Vera Therapeutics, Inc. Class A Common Stock",$33.34,0.29,0.877%,"2,402,591,589"
MBIN,Merchants Bancorp Common Stock,$52.23,0.86,1.674%,"2,399,345,657"
VC,Visteon Corporation Common Stock,$89.85,-3.18,-3.418%,"2,398,584,296"
LCLN,"Lincoln International, Inc. Class A Common Stock",$23.14,-0.81,-3.382%,"2,397,893,815"
UPST,"Upstart Holdings, Inc. Common stock",$24.64,0.19,0.777%,"2,397,793,453"
HRMY,"Harmony Biosciences Holdings, Inc. Common Stock",$41.16,0.68,1.68%,"2,397,009,936"
CLOV,"Clover Health Investments, Corp. Class A Common Stock",$4.51,-0.06,-1.313%,"2,395,514,746"
VVX,"V2X, Inc. Common Stock",$76.19,1.25,1.668%,"2,388,202,826"
IOSP,Innospec Inc. Common Stock,$96.87,0.27,0.28%,"2,386,009,523"
IVT,InvenTrust Properties Corp. Common Stock,$30.57,0.23,0.758%,"2,383,800,636"
NWL,Newell Brands Inc. Common Stock,$5.59,-0.09,-1.585%,"2,380,781,000"
DNN,Denison Mines Corp Ordinary Shares (Canada),$2.63,-0.19,-6.738%,"2,380,718,414"
PLUS,ePlus inc. Common Stock,$91.16,-0.87,-0.945%,"2,378,402,505"
AGM,Federal Agricultural Mortgage Corporation Common Stock,$218.79,1.62,0.746%,"2,374,573,816"
NMRK,"Newmark Group, Inc. Class A Common Stock",$13.10,-0.03,-0.228%,"2,374,095,014"
TRLV,Trulieve Cannabis Corp. Subordinate Voting Shares,$12.27,-0.27,-2.153%,"2,362,776,256"
ARR,"ARMOUR Residential REIT, Inc.",$14.11,-0.49,-3.356%,"2,357,744,286"
MLYS,"Mineralys Therapeutics, Inc. Common Stock",$26.59,-0.30,-1.116%,"2,350,739,072"
BBT,Beacon Financial Corporation Common stock,$28.00,0.09,0.322%,"2,346,850,408"
NTB,Bank of N.T. Butterfield & Son Limited (The) Voting Ordinary Shares,$58.66,0.55,0.946%,"2,346,400,000"
MFICL,MidCap Financial Investment Corporation 8.00% Notes due 2028,$25.14,0.015,0.06%,"2,345,653,057"
LASR,"nLIGHT, Inc. Common Stock",$40.62,-0.36,-0.878%,"2,343,375,802"
VRDN,"Viridian Therapeutics, Inc. Common Stock",$20.66,-0.77,-3.593%,"2,340,618,278"
BGR,BlackRock Energy and Resources Trust,$17.24,0.09,0.525%,"2,337,505,985"
LTC,"LTC Properties, Inc. Common Stock",$43.36,0.82,1.928%,"2,337,345,212"
NVA,Nova Minerals Corp Common Stock,$5.17,-0.43,-7.679%,"2,331,815,810"
COTY,Coty Inc. Class A Common Stock,$2.63,-0.01,-0.379%,"2,316,205,400"
LPG,Dorian LPG Ltd. Common Stock,$54.05,0.89,1.674%,"2,312,403,908"
UFPT,"UFP Technologies, Inc. Common Stock",$298.48,11.10,3.862%,"2,311,963,399"
RVMDW,"Revolution Medicines, Inc. Warrant",$10.76,0.94,9.572%,"2,306,259,858"
ADAMM,"Adamas Trust, Inc. 7.875% Series E Fixed-to-Floating Rate Cumulative Redeemable Preferred Stock",$25.6349,-0.0701,-0.273%,"2,304,059,326"
ALMR,"Alamar Biosciences, Inc. Common Stock",$33.20,1.06,3.298%,"2,303,839,831"
PHVS,Pharvaris N.V. Ordinary Shares,$32.99,-0.08,-0.242%,"2,298,296,284"
KMT,Kennametal Inc. Common Stock,$30.07,0.13,0.434%,"2,297,048,232"
ALVO,Alvotech Ordinary Shares,$5.88,0.07,1.205%,"2,295,737,102"
RH,RH Common Stock,$121.19,-3.40,-2.729%,"2,294,509,539"
WAFD,"WaFd, Inc. Common Stock",$30.91,0.21,0.684%,"2,287,192,807"
OSW,OneSpaWorld Holdings Limited Common Shares,$22.53,0.27,1.213%,"2,286,765,981"
NOVTU,Novanta Inc. Tangible Equity Units,$60.43,-1.12,-1.82%,"2,285,327,841"
RGTIW,"Rigetti Computing, Inc. Warrants",$6.84,0.24,3.636%,"2,282,978,229"
RAMP,"LiveRamp Holdings, Inc. Common Stock",$37.48,0.04,0.107%,"2,278,595,925"
AERO,"Grupo Aeromexico, S.A.B. de C.V. American Depositary Shares (each representing ten (10) Common Shares)",$15.58,-0.22,-1.392%,"2,273,175,112"
ANDE,"Andersons, Inc. (The) Common Stock",$66.79,-0.60,-0.89%,"2,269,228,320"
ADAMI,"Adamas Trust, Inc. 9.125% Senior Notes Due 2029",$25.01,-0.04,-0.16%,"2,265,392,019"
CDLR,Cadeler A/S American Depositary Share (each representing four (4) Ordinary Shares),$23.45,-1.13,-4.597%,"2,262,710,128"
STNE,StoneCo Ltd. Class A Common Shares,$9.16,-0.33,-3.477%,"2,259,906,350"
HLIO,"Helios Technologies, Inc. Common Stock",$68.38,-1.14,-1.64%,"2,253,160,455"
LIFE,Ethos Technologies Inc. Class A Common Stock,$35.31,1.40,4.129%,"2,251,346,321"
ADAML,"Adamas Trust, Inc. 6.875% Series F Fixed-to-Floating Rate Cumulative Redeemable Preferred Stock, $0.01 par value per share",$25.03,-0.0304,-0.121%,"2,249,691,044"
CNXN,"PC Connection, Inc. Common Stock",$89.02,0.45,0.508%,"2,246,695,573"
PBI,Pitney Bowes Inc. Common Stock,$16.36,0.09,0.553%,"2,242,795,868"
INTR,Inter & Co. Inc. Class A Common Shares,$5.06,-0.18,-3.435%,"2,233,087,615"
PRLB,"Proto Labs, Inc. Common stock",$92.97,3.84,4.308%,"2,224,018,764"
NWBI,"Northwest Bancshares, Inc. Common Stock",$15.18,0.14,0.931%,"2,223,249,472"
SIND,Sinda Ltd. Common Stock,$14.00,-0.26,-1.823%,"2,223,072,390"
TRN,"Trinity Industries, Inc. Common Stock",$27.84,-0.21,-0.749%,"2,217,998,490"
AUPH,Aurinia Pharmaceuticals Inc Ordinary Shares,$16.595,0.195,1.189%,"2,207,984,133"
BGSI,Boyd Group Services Inc. Common Shares,$79.18,-0.43,-0.54%,"2,204,088,923"
SDGR,"Schrodinger, Inc. Common Stock",$29.45,0.22,0.753%,"2,203,025,745"
ADAMN,"Adamas Trust, Inc. 8.00% Series D Fixed-to-Floating Rate Cumulative Redeemable Preferred Stock",$24.50,-0.05,-0.204%,"2,202,054,757"
SSMR,Sunshine Silver Mining & Refining Company Common Stock,$15.31,-0.42,-2.67%,"2,200,454,292"
HCI,"HCI Group, Inc. Common Stock",$176.89,0.77,0.437%,"2,200,311,184"
HTH,Hilltop Holdings Inc.,$38.35,0.18,0.472%,"2,196,934,092"
EFSC,Enterprise Financial Services Corporation Common Stock,$60.69,0.845,1.412%,"2,196,524,039"
AADX,"Applied Aerospace & Defense, Inc. Common Stock",$12.74,0.05,0.394%,"2,196,293,419"
PHIN,PHINIA Inc. Common Stock,$59.94,-0.45,-0.745%,"2,196,086,995"
PMTU,PennyMac Mortgage Investment Trust 8.50% Senior Notes due 2028,$25.1801,-0.1499,-0.592%,"2,195,764,195"
BVC,BitVentures Limited Ordinary Shares,$13.04,0.51,4.07%,"2,190,720,000"
CHA,Chagee Holdings Limited American Depositary Shares,$11.47,0.19,1.684%,"2,188,055,349"
OFG,OFG Bancorp Common Stock,$51.74,0.18,0.349%,"2,186,816,660"
AMR,"Alpha Metallurgical Resources, Inc. Common Stock",$172.01,-8.39,-4.651%,"2,180,922,530"
BCRX,"BioCryst Pharmaceuticals, Inc. Common Stock",$8.52,-0.05,-0.583%,"2,177,159,095"
PATK,"Patrick Industries, Inc. Common Stock",$67.76,-1.42,-2.053%,"2,176,333,569"
PRCH,"Porch Group, Inc. Common Stock",$16.47,-0.14,-0.843%,"2,171,273,765"
UNIT,Uniti Group Inc. Common Stock,$8.93,-0.23,-2.511%,"2,167,535,456"
PBH,Prestige Consumer Healthcare Inc. Common Stock,$45.65,-0.27,-0.588%,"2,162,646,929"
SBET,"Sharplink, Inc. Common Stock",$9.95,0.14,1.427%,"2,161,374,860"
ETOR,eToro Group Ltd. Class A Common Shares,$26.81,-0.37,-1.361%,"2,159,447,188"
OCUL,"Ocular Therapeutix, Inc. Common Stock",$9.82,-0.18,-1.80%,"2,156,627,824"
DRD,DRDGOLD Limited American Depositary Shares,$24.94,-0.55,-2.158%,"2,156,284,243"
BUSEP,"First Busey Corporation Depositary Shares, Each Representing a 1/40thInterest in a Share of 8.25% Fixed-Rate Series B Non-Cumulative Perpetual Preferred Stock, $0.001 par value",$25.85,0.05,0.194%,"2,150,448,601"
WHR,Whirlpool Corporation Common Stock,$32.98,0.05,0.152%,"2,150,275,486"
MPT,"Medical Properties Trust, Inc. common stock",$3.60,0.01,0.279%,"2,149,920,000"
CENTA,Central Garden & Pet Company Class A Common Stock Nonvoting,$34.19,0.03,0.088%,"2,140,040,926"
BKE,"Buckle, Inc. (The) Common Stock",$41.54,0.10,0.241%,"2,139,826,508"
TH,Target Hospitality Corp. Common Stock,$21.45,0.25,1.179%,"2,136,922,423"
CC,Chemours Company (The) Common Stock,$14.19,-0.55,-3.731%,"2,135,580,739"
ADMA,ADMA Biologics Inc Common Stock,$9.52,-0.18,-1.856%,"2,132,334,154"
ADUS,Addus HomeCare Corporation Common Stock,$114.05,-0.88,-0.766%,"2,129,803,915"
DBD,Diebold Nixdorf Incorporated Common stock,$62.47,-0.57,-0.904%,"2,120,643,352"
BTX,BlackRock Technology and Private Equity Term Trust Common Shares of Beneficial Interest,$8.98,UNCH,--,"2,117,449,643"
FCF,First Commonwealth Financial Corporation Common Stock,$20.94,0.32,1.552%,"2,116,111,070"
MCRI,"Monarch Casino & Resort, Inc. Common Stock",$118.05,0.48,0.408%,"2,115,753,604"
ICHR,Ichor Holdings Ordinary Shares,$56.47,-1.93,-3.305%,"2,115,040,312"
BHC,Bausch Health Companies Inc. Common Stock,$5.65,-0.06,-1.051%,"2,113,046,670"
NCNO,"nCino, Inc. Common Stock",$19.97,0.74,3.848%,"2,111,551,395"
SONO,"Sonos, Inc. Common Stock",$17.84,0.74,4.327%,"2,110,364,585"
PVLA,"Palvella Therapeutics, Inc. Common Stock",$146.07,-3.49,-2.334%,"2,104,636,010"
BRVE,"Braveheart Bio, Inc. Common Stock",$23.37,1.91,8.90%,"2,104,210,706"
PTON,"Peloton Interactive, Inc. Class A Common Stock",$4.79,-0.01,-0.208%,"2,102,195,927"
PLPC,Preformed Line Products Company Common Stock,$429.82,2.54,0.594%,"2,101,261,464"
ALGT,Allegiant Travel Company Common Stock,$76.84,-0.42,-0.544%,"2,100,633,094"
CTOS,"Custom Truck One Source, Inc. Common Stock",$9.23,-0.28,-2.944%,"2,099,876,088"
PEB,Pebblebrook Hotel Trust Common Shares of Beneficial Interest,$18.60,0.38,2.086%,"2,098,874,518"
ASAN,"Asana, Inc. Class A Common Stock",$9.16,-0.31,-3.273%,"2,097,366,272"
CALX,"Calix, Inc Common Stock",$33.27,-1.27,-3.677%,"2,094,811,914"
PLBL,Polibeli Group Ltd Class A Ordinary Shares,$5.71,-0.28,-4.674%,"2,092,072,454"
TRVI,"Trevi Therapeutics, Inc. Common Stock",$14.675,0.215,1.487%,"2,090,832,967"
RLX,"RLX Technology Inc. American Depositary Shares, each representing the right to receive one (1) Class A ordinary share",$1.71,-0.01,-0.581%,"2,090,055,304"
BXMT,"Blackstone Mortgage Trust, Inc. Common Stock",$12.39,-0.18,-1.432%,"2,088,255,092"
KOD,Kodiak Sciences Inc Common Stock,$33.22,1.70,5.393%,"2,087,858,962"
MD,"Pediatrix Medical Group, Inc. Common Stock",$25.66,-0.20,-0.773%,"2,084,958,934"
RXRX,"Recursion Pharmaceuticals, Inc. Class A Common Stock",$3.89,0.19,5.135%,"2,082,481,041"
FLYW,Flywire Corporation Voting Common Stock,$17.09,0.23,1.364%,"2,079,300,549"
PENN,"PENN Entertainment, Inc. Common Stock",$15.49,-0.07,-0.45%,"2,076,691,495"
PLGO,Pelagos Insurance Capital Limited Common Shares,$24.00,0.09,0.376%,"2,075,523,480"
FIGS,"FIGS, Inc. Class A Common Stock",$12.49,0.52,4.344%,"2,075,091,623"
QUBT,Quantum Computing Inc. Common Stock,$9.16,0.04,0.439%,"2,073,337,247"
DV,"DoubleVerify Holdings, Inc. Common Stock",$13.37,-0.03,-0.224%,"2,072,174,144"
SHO,"Sunstone Hotel Investors, Inc. Sunstone Hotel Investors, Inc. Common Shares",$11.14,0.11,0.997%,"2,071,415,503"
ECPG,Encore Capital Group Inc Common Stock,$97.58,3.11,3.292%,"2,069,609,934"
MTX,Minerals Technologies Inc. Common Stock,$66.35,-0.53,-0.792%,"2,065,393,359"
STUB,"StubHub Holdings, Inc. Class A Common Stock",$5.39,0.08,1.507%,"2,059,464,917"
CTRI,"Centuri Holdings, Inc. Common Stock",$20.39,0.22,1.091%,"2,058,636,651"
SRCE,1st Source Corporation Common Stock,$85.41,1.03,1.221%,"2,056,828,759"
BLX,"Bladex, Inc. Class E Common Stock",$54.66,-0.59,-1.068%,"2,055,156,913"
GENB,"Generate Biomedicines, Inc. Common Stock",$15.99,-0.53,-3.208%,"2,052,355,452"
UTZ,Utz Brands Inc Class A Common Stock ,$14.24,0.01,0.07%,"2,050,021,913"
TBBK,The Bancorp Inc Common Stock,$49.99,0.45,0.908%,"2,038,932,582"
PRGO,Perrigo Company plc Ordinary Shares,$14.68,0.84,6.069%,"2,037,132,517"
TILE,"Interface, Inc. Common Stock",$35.19,0.25,0.716%,"2,033,998,187"
STGW,Stagwell Inc. Class A Common Stock,$8.31,-0.17,-2.005%,"2,031,590,998"
CEPU,Central Puerto S.A. American Depositary Shares (each represents ten Common Shares),$13.42,-0.01,-0.074%,"2,031,479,635"
LCII,LCI Industries,$83.55,-1.48,-1.741%,"2,031,226,410"
NKTR,Nektar Therapeutics  Common Stock,$59.38,1.72,2.983%,"2,027,410,984"
CIMN,Chimera Investment Corporation 9.000% Senior Notes due 2029,$25.165,-0.0106,-0.042%,"2,026,554,965"
PDFS,"PDF Solutions, Inc. Common Stock",$47.88,-0.55,-1.136%,"2,021,839,102"
CCU,"Compania Cervecerias Unidas, S.A. Common Stock",$10.93,-0.20,-1.797%,"2,019,333,195"
SHAZ,"SharonAI Holdings, Inc. Class A Common Stock",$56.40,-1.33,-2.304%,"2,019,317,682"
URGN,UroGen Pharma Ltd. Ordinary Shares,$41.23,-0.40,-0.961%,"2,015,345,654"
MESO,Mesoblast Limited American Depositary Shares,$15.48,0.19,1.243%,"2,013,712,874"
VCEL,Vericel Corporation Common Stock,$39.30,0.51,1.315%,"2,012,419,930"
NUVB,Nuvation Bio Inc. Class A Common Stock,$5.73,0.02,0.35%,"2,011,936,125"
WERN,"Werner Enterprises, Inc. Common Stock",$33.48,-0.93,-2.703%,"2,008,035,183"
EMAT,Evolution Metals & Technologies Corp. Common Stock,$3.21,-0.125,-3.748%,"2,006,139,846"
LKFT,Lakefront Biotherapeutics American Depositary Shares,$30.36,-0.36,-1.172%,"2,000,635,076"
INVX,"Innovex International, Inc. Common Stock",$28.56,0.14,0.493%,"1,997,367,219"
GNL,"Global Net Lease, Inc. Common Stock",$8.63,-0.04,-0.461%,"1,996,273,106"
PGNY,"Progyny, Inc. Common Stock",$25.97,0.14,0.542%,"1,992,594,944"
BHVN,Biohaven Ltd. Common Shares ,$13.19,-0.48,-3.511%,"1,992,267,471"
BAND,Bandwidth Inc. Class A Common Stock,$61.83,2.70,4.566%,"1,989,738,122"
INSP,"Inspire Medical Systems, Inc. Common Stock",$68.81,-0.25,-0.362%,"1,989,322,904"
MRVI,"Maravai LifeSciences Holdings, Inc. Class A Common Stock",$7.65,0.28,3.799%,"1,986,503,231"
DRVN,Driven Brands Holdings Inc. Common Stock,$12.04,-0.295,-2.392%,"1,986,356,985"
PRDO,Perdoceo Education Corporation Common Stock,$31.68,0.24,0.763%,"1,982,441,102"
IQMX,IQM Quantum Computers Oyj American Depositary Shares,$10.45,0.16,1.555%,"1,980,235,478"
NWN,Northwest Natural Holding Company Common Stock,$46.97,-0.26,-0.55%,"1,977,133,480"
SAH,"Sonic Automotive, Inc. Common Stock",$62.48,0.11,0.176%,"1,975,292,829"
GRC,Gorman-Rupp Company (The) Common Stock,$74.65,-0.60,-0.797%,"1,971,524,640"
VNET,"VNET Group, Inc. American Depositary Shares",$6.92,UNCH,--,"1,971,012,943"
UMBFO,"UMB Financial Corporation Depositary Shares Each Representing a 1/400th Interest in a Share of 7.750% Fixed-Rate Reset Non-Cumulative Perpetual Preferred Stock, Series B",$25.945,-0.035,-0.135%,"1,970,523,528"
BXDC,Blackstone Digital Infrastructure Trust Inc. Common Stock,$19.57,0.25,1.294%,"1,969,718,641"
CHCO,City Holding Company Common Stock,$140.09,0.84,0.603%,"1,967,586,464"
DHC,Diversified Healthcare Trust Common Shares of Beneficial Interest,$8.12,-0.01,-0.123%,"1,966,087,383"
AGIO,"Agios Pharmaceuticals, Inc. Common Stock",$32.90,-1.29,-3.773%,"1,964,191,918"
BLKB,"Blackbaud, Inc. Common Stock",$43.27,0.38,0.886%,"1,964,029,497"
SEDG,"SolarEdge Technologies, Inc. Common Stock",$31.91,-1.44,-4.318%,"1,963,286,619"
UWMC,UWM Holdings Corporation Class A Common Stock,$1.22,UNCH,--,"1,959,949,099"
SFB,Stifel Financial Corporation 5.20% Senior Notes due 2047,$19.175,0.07,0.366%,"1,959,175,060"
KSS,Kohl's Corporation Common Stock,$17.24,0.20,1.174%,"1,954,609,912"
ESTA,Establishment Labs Holdings Inc. Common Shares,$65.58,-2.18,-3.217%,"1,954,408,012"
SPB,"Spectrum Brands Holdings, Inc. Common Stock",$84.77,-1.71,-1.977%,"1,949,336,673"
HYMC,Hycroft Mining Holding Corporation Class A Common Stock,$20.89,-0.37,-1.74%,"1,946,565,316"
MFP,"Midera Food Processing, Inc. Common Stock",$42.98,-1.82,-4.063%,"1,944,004,956"
SRPT,"Sarepta Therapeutics, Inc. Common Stock (DE)",$18.39,-0.56,-2.955%,"1,942,480,916"
WRD,WeRide Inc. American Depositary Shares,$5.79,-0.06,-1.026%,"1,941,134,990"
ZD,"Ziff Davis, Inc. Common Stock",$56.47,-0.28,-0.493%,"1,936,198,636"
TIC,"TIC Solutions, Inc. Common Stock",$8.87,-0.06,-0.672%,"1,935,614,558"
ALG,"Alamo Group, Inc. Common Stock",$159.03,-5.61,-3.407%,"1,935,548,564"
UAA,"Under Armour, Inc. Class A Common Stock",$4.50,-0.03,-0.662%,"1,932,954,935"
VOYG,"Voyager Technologies, Inc. Class A Common Stock",$31.10,-0.30,-0.955%,"1,927,197,274"
GCT,GigaCloud Technology Inc Class A Ordinary Shares,$53.91,1.41,2.686%,"1,925,138,877"
KYN,"Kayne Anderson Energy Infrastructure Fund, Inc.",$14.11,-0.07,-0.494%,"1,920,815,888"
STDN,"Standard Nuclear, Inc. Class A Common Stock",$12.25,-0.60,-4.669%,"1,917,746,749"
NGL,NGL ENERGY PARTNERS LP Common Units representing Limited Partner Interests,$15.35,-0.59,-3.701%,"1,915,899,336"
KARO,Karooooo Ltd. Ordinary Shares,$62.01,-2.20,-3.426%,"1,915,693,533"
CMPR,Cimpress plc Ordinary Shares (Ireland),$78.61,0.62,0.795%,"1,914,112,308"
ALNT,Allient Inc. Common Stock,$112.56,-1.04,-0.915%,"1,913,802,638"
FTRE,Fortrea Holdings Inc. Common Stock,$20.02,0.50,2.561%,"1,903,902,000"
UA,"Under Armour, Inc. Class C Common Stock",$4.43,-0.02,-0.449%,"1,902,886,747"
ZYME,Zymeworks Inc. Common Stock,$26.81,-0.69,-2.509%,"1,902,417,251"
AVEX,AEVEX Corp. Class A Common Stock,$16.68,0.24,1.46%,"1,902,215,556"
XRAY,DENTSPLY SIRONA Inc. Common Stock,$9.53,-0.25,-2.556%,"1,899,842,438"
XPRO,Expro Ltd Ordinary Shares,$16.72,0.21,1.272%,"1,895,969,132"
VERX,"Vertex, Inc. Class A Common Stock",$11.68,-0.04,-0.341%,"1,894,706,006"
ABXL,"Abacus Global Management, Inc. 9.875% Fixed Rate Senior Notes due 2028",$25.33,0.0201,0.079%,"1,890,918,620"
ATEN,"A10 Networks, Inc. Common Stock",$25.99,-0.76,-2.841%,"1,887,108,456"
BLFS,"BioLife Solutions, Inc. Common Stock",$38.58,0.84,2.226%,"1,886,820,640"
NVCR,NovoCure Limited Ordinary Shares,$16.20,-0.05,-0.308%,"1,886,422,608"
TOP,TOP Financial Group Limited Class A Ordinary Shares,$14.99,-0.01,-0.067%,"1,884,325,640"
WU,Western Union Company (The) Common Stock,$6.03,-0.06,-0.985%,"1,880,630,255"
NTST,NetSTREIT Corp. Common Stock,$18.47,0.10,0.544%,"1,875,222,123"
RUN,Sunrun Inc. Common Stock,$7.78,-0.57,-6.826%,"1,873,789,520"
TY,Tri Continental Corporation Common Stock,$34.44,-0.16,-0.462%,"1,871,846,201"
RVT,"Royce Small-Cap Trust, Inc. Common Stock",$17.30,-0.02,-0.115%,"1,867,651,170"
EZPW,"EZCORP, Inc. Class A Non Voting Common Stock",$30.29,0.10,0.331%,"1,861,119,889"
SGRY,"Surgery Partners, Inc. Common Stock",$14.20,-0.36,-2.473%,"1,859,039,292"
HMN,Horace Mann Educators Corporation Common Stock,$45.88,-0.66,-1.418%,"1,858,188,358"
LIME,"Neutron Holdings, Inc. Common Stock",$28.59,-0.01,-0.035%,"1,857,897,992"
OLN,Olin Corporation Common Stock,$16.26,-0.51,-3.041%,"1,853,355,287"
NHPBP,"National Healthcare Properties, Inc. 7.125% Series B Cumulative Redeemable Perpetual Preferred Stock",$25.3856,0.0056,0.022%,"1,850,734,020"
LMAT,"LeMaitre Vascular, Inc. Common Stock",$80.82,0.24,0.298%,"1,848,293,351"
RBCAA,"Republic Bancorp, Inc. Class A Common Stock",$94.13,0.80,0.857%,"1,848,162,634"
CDZIP,"Cadiz, Inc. Depositary Shares",$21.7999,0.0499,0.229%,"1,845,951,767"
GABC,"German American Bancorp, Inc. Common Stock",$49.10,0.48,0.987%,"1,845,119,473"
HOS,"Hornbeck Offshore Services, Inc. Common Stock",$8.30,-0.05,-0.599%,"1,843,982,672"
EPAC,Enerpac Tool Group Corp. Common Stock,$36.04,0.03,0.083%,"1,843,000,762"
WKC,World Kinect Corporation Common Stock,$35.97,-0.07,-0.194%,"1,839,923,771"
MLCO,Melco Resorts & Entertainment Limited American Depositary Shares,$4.67,-0.05,-1.059%,"1,837,482,493"
HUBG,"Hub Group, Inc. Class A Common Stock",$30.03,-1.37,-4.363%,"1,836,439,905"
ATS,ATS Corporation Common Shares,$18.89,-0.32,-1.666%,"1,832,471,316"
AFGB,"American Financial Group, Inc. 5.875% Subordinated Debentures due 2059",$22.08,0.04,0.181%,"1,830,905,969"
NSP,"Insperity, Inc. Common Stock",$47.90,-0.95,-1.945%,"1,829,553,433"
VSTS,Vestis Corporation Common Stock,$13.84,-0.03,-0.216%,"1,829,095,853"
FSUN,FirstSun Capital Bancorp Common Stock,$39.24,0.87,2.267%,"1,827,955,101"
STC,Stewart Information Services Corporation Common Stock,$59.73,-2.25,-3.63%,"1,823,090,946"
VET,Vermilion Energy Inc. Common (Canada),$11.87,0.19,1.627%,"1,818,484,000"
VIR,"Vir Biotechnology, Inc. Common Stock",$10.72,-0.37,-3.336%,"1,813,995,070"
CMPS,COMPASS Pathways Plc American Depository Shares,$13.09,-0.66,-4.80%,"1,812,661,600"
LIND,Lindblad Expeditions Holdings Inc. Common Stock,$27.58,0.35,1.285%,"1,809,791,023"
AFGD,"American Financial Group, Inc. 5.625% Subordinated Debentures due 2060",$21.80,0.33,1.537%,"1,807,687,959"
WS,"Worthington Steel, Inc. Common Shares",$35.48,0.77,2.218%,"1,807,586,042"
HWCPZ,Hancock Whitney Corporation 6.25% Subordinated Notes due 2060,$21.29,0.13,0.614%,"1,804,433,482"
SNDA,"Sonida Senior Living, Inc. Common Stock",$37.55,-0.22,-0.582%,"1,804,202,025"
BRSL,"Brightstar Lottery PLC Trading under the Legal Name to begin at the market open on July 21, 2025. Ordinary Shares",$9.74,-0.52,-5.068%,"1,797,030,000"
CNXC,Concentrix Corporation Common Stock,$29.39,-0.82,-2.714%,"1,793,329,307"
ZBIO,"Zenas BioPharma, Inc. Common Stock",$27.50,-2.13,-7.189%,"1,792,359,883"
WMK,"Weis Markets, Inc. Common Stock",$72.31,-0.16,-0.221%,"1,789,281,809"
BOBS,"Bob's Discount Furniture, Inc. Common Stock",$13.69,0.12,0.884%,"1,789,106,070"
NBHC,National Bank Holdings Corporation Common Stock,$40.01,0.15,0.376%,"1,782,027,275"
SEPN,"Septerna, Inc. Common Stock",$38.13,-0.32,-0.832%,"1,779,791,989"
GTY,Getty Realty Corporation Common Stock,$28.71,-0.20,-0.692%,"1,778,087,788"
ACVA,ACV Auctions Inc. Class A Common Stock,$10.46,0.03,0.288%,"1,776,191,471"
XNCR,"Xencor, Inc. Common Stock",$23.88,-0.38,-1.566%,"1,775,559,120"
DCOM,"Dime Commercial Bancshares, Inc. Common Stock",$40.21,0.26,0.651%,"1,775,536,685"
ABSI,Absci Corporation Common Stock,$10.345,0.60,6.157%,"1,775,346,933"
NEXT,NextDecade Corporation Common Stock,$6.665,-0.015,-0.225%,"1,774,125,911"
STRA,"Strategic Education, Inc. Common Stock",$79.82,1.58,2.019%,"1,772,607,359"
HAPN,"Happen, Inc. Common Stock",$15.35,0.20,1.32%,"1,771,504,572"
PSNL,"Personalis, Inc. Common Stock",$16.57,0.22,1.346%,"1,769,673,879"
CMRE,Costamare Inc. Common Stock $0.0001 par value,$14.66,-0.02,-0.136%,"1,767,831,207"
TMC,TMC the metals company Inc. Common Stock,$4.00,-0.065,-1.599%,"1,764,541,928"
CCS,"Century Communities, Inc. Common Stock",$62.00,0.60,0.977%,"1,762,839,800"
FLOC,Flowco Holdings Inc. Class A Common Stock,$19.50,0.14,0.723%,"1,761,887,946"
BLBD,Blue Bird Corporation Common Stock,$55.58,-2.51,-4.321%,"1,760,554,248"
TRNZ,Trinity Capital Inc. 7.875% Notes due 2029,$25.03,0.01,0.04%,"1,759,963,425"
TRNI,Trinity Capital Inc. 7.875% Notes Due 2029,$25.02,0.01,0.04%,"1,759,260,283"
PLAB,"Photronics, Inc. Common Stock",$29.81,-0.54,-1.779%,"1,758,705,548"
DAO,"Youdao, Inc. American Depositary Shares, each representing one Class A Ordinary Share",$14.56,-0.06,-0.41%,"1,756,440,227"
MNR,Mach Natural Resources LP Common Units representing Limited Partner Interests,$10.52,0.04,0.382%,"1,756,293,949"
WTFCN,"Wintrust Financial Corporation Depositary Shares, Each Representing a 1/1,000th Interest in a Share of 7.875% Fixed-Rate Reset Non-Cumulative Perpetual Preferred StocK",$25.98,-0.07,-0.269%,"1,752,765,823"
HOPE,"Hope Bancorp, Inc. Common Stock",$13.72,0.10,0.734%,"1,752,617,990"
GEL,"Genesis Energy, L.P. Common Units",$14.33,-0.33,-2.251%,"1,750,758,020"
STBA,"S&T Bancorp, Inc. Common Stock",$49.60,0.50,1.018%,"1,749,168,403"
NVAX,"Novavax, Inc. Common Stock",$10.60,0.05,0.474%,"1,748,424,696"
MIY,"Blackrock MuniYield Michigan Quality Fund, Inc. Common Stock",$11.75,-0.01,-0.085%,"1,747,959,034"
FORTY,Formula Systems (1985) Ltd. American Depositary Shares,$114.00,UNCH,--,"1,746,214,038"
PDO,PIMCO Dynamic Income Opportunities Fund Common Shares of Beneficial Interest,$11.66,-0.02,-0.171%,"1,741,323,033"
TSAT,Telesat Corporation Class A Common Shares and Class B Variable Voting Shares ,$48.04,0.93,1.974%,"1,737,030,704"
TSLX,"Sixth Street Specialty Lending, Inc. Common Stock",$18.15,-0.10,-0.548%,"1,730,477,973"
SMA,"SmartStop Self Storage REIT, Inc. Common Stock",$31.25,-0.43,-1.357%,"1,730,278,219"
AI,"C3.ai, Inc. Class A Common Stock",$10.76,-0.10,-0.921%,"1,729,991,251"
DXC,DXC Technology Company Common Stock ,$10.81,-0.07,-0.643%,"1,727,207,628"
CPRI,Capri Holdings Limited Ordinary Shares,$15.19,-0.24,-1.555%,"1,726,368,077"
SFL,SFL Corporation Ltd,$12.98,0.26,2.044%,"1,726,246,336"
LOB,"Live Oak Bancshares, Inc. Common Stock",$37.27,0.18,0.485%,"1,724,990,517"
AIN,Albany International Corporation Common Stock,$60.64,-0.13,-0.214%,"1,722,176,000"
JSM,"Navient Corporation 6% Senior Notes due December 15, 2043",$17.31,-0.185,-1.057%,"1,721,151,268"
FRNM,"Freenome, Inc. Common stock",$16.01,0.31,1.975%,"1,720,223,492"
MQ,"Marqeta, Inc. Class A Common Stock",$16.44,0.34,2.112%,"1,711,384,831"
SAM,"Boston Beer Company, Inc. (The) Common Stock",$166.25,-1.44,-0.859%,"1,710,991,966"
AMPL,"Amplitude, Inc. Class A Common Stock",$13.69,-0.065,-0.473%,"1,710,100,944"
ASTH,Astrana Health Inc. Common Stock,$34.44,0.10,0.291%,"1,708,374,365"
OZKAP,Bank OZK 4.625% Series A Non-Cumulative Perpetual Preferred Stock,$15.10,UNCH,--,"1,708,355,593"
NTLA,"Intellia Therapeutics, Inc. Common Stock",$12.16,-0.17,-1.379%,"1,703,940,587"
CTS,CTS Corporation Common Stock,$59.58,0.34,0.574%,"1,701,378,098"
ETON,"Eton Pharmaceuticals, Inc. Common Stock",$59.49,3.88,6.977%,"1,700,410,701"
NBTX,Nanobiotix S.A. American Depositary Shares,$33.46,-1.78,-5.051%,"1,700,032,434"
ANIP,"ANI Pharmaceuticals, Inc.",$74.04,-0.39,-0.524%,"1,699,920,492"
KRP,Kimbell Royalty Partners Common Units Representing Limited Partner Interests,$14.79,0.38,2.637%,"1,696,466,096"
BDJ,Blackrock Enhanced Equity Dividend Trust,$9.58,0.03,0.314%,"1,695,554,218"
RLJ,RLJ Lodging Trust Common Shares of Beneficial Interest $0.01 par value,$11.12,0.21,1.925%,"1,694,419,697"
EVTC,"Evertec, Inc. Common Stock",$28.20,0.63,2.285%,"1,685,021,684"
IDT,IDT Corporation Class B Common Stock,$67.75,-0.12,-0.177%,"1,684,845,347"
LILA,Liberty Latin America Ltd. Class A Common Stock,$8.60,0.08,0.939%,"1,684,740,000"
FLNG,FLEX LNG Ltd. Ordinary Shares,$31.07,0.11,0.355%,"1,680,650,122"
CNOB,"ConnectOne Bancorp, Inc. Common Stock",$30.89,0.39,1.279%,"1,677,184,288"
BY,"Byline Bancorp, Inc. Common Stock",$37.11,0.23,0.624%,"1,676,868,046"
GHRS,GH Research PLC Ordinary Shares,$24.45,-1.51,-5.817%,"1,676,222,904"
LILAK,Liberty Latin America Ltd. Class C Common Stock,$8.55,0.11,1.303%,"1,674,945,000"
NEXA,Nexa Resources S.A. Common Shares,$12.64,-0.14,-1.095%,"1,674,028,960"
MUJ,"Blackrock MuniHoldings New Jersey Quality Fund, Inc. Common Stock",$11.25,-0.11,-0.968%,"1,673,577,799"
MGRT,Mega Fortune Company Limited Ordinary Shares,$121.68,1.68,1.40%,"1,673,100,000"
NYAX,Nayax Ltd. Ordinary Shares,$44.75,2.12,4.973%,"1,671,823,976"
COAG,"Hemab Therapeutics Holdings, Inc. Common Stock",$35.72,-1.01,-2.75%,"1,668,556,819"
AMBQ,"Ambiq Micro, Inc. Common Stock",$68.92,-0.21,-0.304%,"1,666,798,221"
BFC,Bank First Corporation Common Stock,$150.32,1.93,1.301%,"1,666,388,444"
TCBK,TriCo Bancshares Common Stock,$52.10,0.66,1.283%,"1,665,461,423"
ETV,Eaton Vance Corporation Eaton Vance Tax-Managed Buy-Write Opportunities Fund Common Shares of Beneficial Interest,$15.24,-0.12,-0.781%,"1,665,249,639"
KOS,Kosmos Energy Ltd. Common Shares (DE),$2.79,0.14,5.283%,"1,661,410,546"
RZC,"Reinsurance Group of America, Incorporated 7.125% Fixed-Rate Reset Subordinated Debentures due 2052",$25.43,-0.02,-0.079%,"1,660,621,341"
TRIN,Trinity Capital Inc. Common Stock,$17.49,-0.06,-0.342%,"1,656,190,609"
XHR,"Xenia Hotels & Resorts, Inc. Common Stock",$17.93,0.11,0.617%,"1,653,967,822"
PRGS,Progress Software Corporation Common Stock (DE),$40.23,-0.80,-1.95%,"1,649,950,657"
PAX,Patria Investments Limited Class A Common Shares,$10.15,-0.09,-0.879%,"1,647,210,218"
QCRH,"QCR Holdings, Inc. Common Stock",$100.42,1.25,1.26%,"1,644,439,158"
OBK,"Origin Bancorp, Inc. Common Stock",$53.30,0.49,0.928%,"1,644,287,837"
JBLU,JetBlue Airways Corporation Common Stock,$4.35,-0.04,-0.911%,"1,641,307,987"
LCID,"Lucid Group, Inc. Common Stock",$4.15,-0.01,-0.24%,"1,635,391,230"
STOK,"Stoke Therapeutics, Inc. Common Stock",$25.29,-0.82,-3.141%,"1,631,868,660"
XERS,"Xeris Biopharma Holdings, Inc. Common Stock",$8.95,0.29,3.349%,"1,631,766,739"
ADAMZ,"Adamas Trust, Inc. 7.000% Series G Cumulative Redeemable Preferred Stock, $0.01 par value per share",$18.145,-0.0814,-0.447%,"1,630,868,717"
OCFC,OceanFirst Financial Corp. Common Stock,$16.87,-0.13,-0.765%,"1,630,404,845"
GLP,Global Partners LP Common Units representing Limited Partner Interests,$47.85,-0.33,-0.685%,"1,626,687,690"
RAPP,"Rapport Therapeutics, Inc. Common Stock",$33.83,-0.30,-0.879%,"1,623,105,415"
ELE,Elemental Royalty Corporation Common Stock,$20.15,-0.28,-1.371%,"1,622,458,374"
NAT,Nordic American Tankers Limited Common Stock,$7.66,0.04,0.525%,"1,622,010,079"
BL,"BlackLine, Inc. Common Stock",$27.89,-0.24,-0.853%,"1,621,113,780"
DEI,"Douglas Emmett, Inc. Common Stock",$9.67,-0.22,-2.224%,"1,619,582,532"
CBL,"CBL & Associates Properties, Inc. Common Stock",$52.31,-0.75,-1.413%,"1,618,615,619"
DSGR,"Distribution Solutions Group, Inc. Common Stock",$34.95,UNCH,--,"1,616,626,999"
IMCR,Immunocore Holdings plc American Depositary Shares,$31.29,-0.25,-0.793%,"1,611,391,726"
SNDX,"Syndax Pharmaceuticals, Inc. Common Stock",$17.97,0.33,1.871%,"1,604,668,635"
WB,Weibo Corporation American Depositary Share,$6.53,-0.03,-0.457%,"1,604,241,895"
UROY,Uranium Royalty Corp. Common Stock,$4.25,-0.17,-3.846%,"1,603,145,148"
BPOPM,"Popular, Inc. Popular Capital Trust II - 6.125% Cumulative Monthly Income Trust Preferred Securities",$25.09,UNCH,--,"1,600,202,590"
IMKTA,"Ingles Markets, Incorporated Class A Common Stock",$84.11,1.04,1.252%,"1,597,616,965"
ATEX,Anterix Inc. Common Stock,$81.33,-2.65,-3.156%,"1,594,863,895"
XNET,Xunlei Limited American Depositary Shares,$5.01,-0.06,-1.183%,"1,594,527,294"
EFC,Ellington Financial Inc. Common Stock ,$12.37,-0.04,-0.322%,"1,594,336,965"
IE,Ivanhoe Electric Inc. Common Stock,$9.99,-0.41,-3.942%,"1,594,306,687"
SBH,"Sally Beauty Holdings, Inc. (Name to be changed from Sally Holdings, Inc.) Common Stock",$17.00,0.25,1.493%,"1,591,578,964"
WLTH,Wealthfront Corporation Common Stock,$10.19,0.35,3.557%,"1,591,437,924"
ALHC,"Alignment Healthcare, Inc. Common Stock",$7.67,-0.19,-2.417%,"1,591,027,593"
OPRA,Opera Limited American Depositary Shares,$17.70,-0.03,-0.169%,"1,590,885,080"
FRMEP,First Merchants Corporation Depository Shares,$25.25,0.05,0.198%,"1,585,735,931"
GSL,Global Ship Lease Inc New Class A Common Shares,$44.11,-0.43,-0.965%,"1,584,353,743"
HE,"Hawaiian Electric Industries, Inc. Common Stock",$9.17,-0.05,-0.542%,"1,583,915,797"
WWW,"Wolverine World Wide, Inc. Common Stock",$19.30,0.19,0.994%,"1,583,880,343"
USAS,"Americas Gold and Silver Corporation Common Shares, no par value",$4.68,-0.17,-3.505%,"1,582,577,634"
PBT,Permian Basin Royalty Trust Common Stock,$33.74,0.62,1.872%,"1,572,580,777"
GIC,Global Industrial Company Common Stock,$41.23,-0.47,-1.127%,"1,571,206,899"
MHD,"Blackrock MuniHoldings Fund, Inc. Common Stock",$10.56,-0.06,-0.565%,"1,570,931,694"
AFGC,"American Financial Group, Inc. 5.125% Subordinated Debentures due 2059",$18.93,0.26,1.393%,"1,569,703,351"
HAWK,"HawkEye 360, Inc. Common Stock",$16.00,0.17,1.074%,"1,567,448,832"
PGY,Pagaya Technologies Ltd. Class A Ordinary Shares,$18.72,UNCH,--,"1,561,731,781"
TSHA,"Taysha Gene Therapies, Inc. Common Stock",$4.79,-0.12,-2.444%,"1,560,742,681"
PFBC,Preferred Bank Common Stock,$108.58,2.78,2.628%,"1,558,851,572"
PSQL,Pasqal Holding SA Ordinary Share,$7.34,-0.13,-1.74%,"1,558,235,692"
OXLC,Oxford Lane Capital Corp. Common Stock,$8.96,0.16,1.818%,"1,555,456,000"
ADIG,ADI Global Distribution Inc. Common Stock,$20.46,-0.22,-1.064%,"1,553,388,631"
KLRA,"Kailera Therapeutics, Inc. Common Stock",$11.98,-1.15,-8.759%,"1,553,131,238"
FRA,Blackrock Floating Rate Income Strategies Fund Inc  Common Stock,$10.44,-0.13,-1.23%,"1,553,080,197"
GENI,Genius Sports Limited Ordinary Shares,$5.80,-0.32,-5.229%,"1,552,236,351"
XNDU,Xanadu Quantum Technologies Limited Class B Subordinate Voting Shares,$5.10,-0.23,-4.315%,"1,551,542,522"
OXSQG,Oxford Square Capital Corp. 5.50% Notes due 2028,$24.3215,-0.0785,-0.322%,"1,550,686,792"
GSHD,"Goosehead Insurance, Inc. Class A Common Stock",$43.65,0.13,0.299%,"1,550,269,253"
GAB,"Gabelli Equity Trust, Inc. (The) Common Stock",$5.27,-0.05,-0.94%,"1,548,416,713"
GAM,"General American Investors, Inc. Common Stock",$64.48,-0.32,-0.494%,"1,545,947,333"
TGLS,Tecnoglass Holdings Inc. Common Stock,$34.79,-0.45,-1.277%,"1,543,444,991"
HUN,Huntsman Corporation Common Stock,$8.79,-0.31,-3.407%,"1,541,578,035"
TYRA,"Tyra Biosciences, Inc. Common Stock",$22.41,-0.82,-3.53%,"1,540,820,593"
UZD,"Array Digital Infrastructure, Inc. 6.250% Senior Notes due 2069",$17.90,-0.41,-2.239%,"1,539,400,000"
KMTS,"Kestra Medical Technologies, Ltd. Common Stock",$25.76,0.25,0.98%,"1,534,311,839"
AGRO,Adecoagro S.A. Common Shares,$10.63,-0.22,-2.028%,"1,533,998,994"
IIPR,"Innovative Industrial Properties, Inc. Common Stock",$55.59,0.31,0.561%,"1,532,691,291"
ATEC,"Alphatec Holdings, Inc. Common Stock",$9.92,-0.11,-1.097%,"1,532,154,674"
ANAB,"AnaptysBio, Inc. Common Stock",$51.70,0.93,1.832%,"1,530,758,468"
CASH,"Pathward Financial, Inc. Common Stock",$73.50,0.23,0.314%,"1,526,842,107"
ARCO,Arcos Dorados Holdings Inc. Class A Shares,$7.23,-0.18,-2.429%,"1,523,093,902"
ECAT,BlackRock ESG Capital Allocation Term Trust Common Shares of Beneficial Interest,$14.08,-0.19,-1.331%,"1,522,540,800"
ENR,"Energizer Holdings, Inc. Common Stock",$22.20,0.20,0.909%,"1,520,336,741"
SAFT,"Safety Insurance Group, Inc. Common Stock",$103.51,UNCH,--,"1,519,576,692"
ECCC,Eagle Point Credit Company 6.50% Series C Term Preferred Stock due 2031,$25.00,-0.02,-0.08%,"1,516,563,100"
ALKT,"Alkami Technology, Inc. Common Stock",$14.18,-0.42,-2.877%,"1,516,437,276"
NOMD,Nomad Foods Limited Ordinary Shares,$10.67,-0.04,-0.373%,"1,516,058,602"
MQY,"Blackrock MuniYield Quality Fund, Inc. Common Stock",$10.15,-0.06,-0.588%,"1,509,939,081"
OMCL,"Omnicell, Inc. Common Stock ($0.001 par value)",$33.03,0.04,0.121%,"1,506,659,619"
GLOB,Globant S.A. Common Shares,$34.83,0.38,1.103%,"1,503,943,935"
LYNX,Lyntris Inc. Common Stock,$12.96,-0.02,-0.154%,"1,502,704,017"
BCAT,BlackRock Capital Allocation Term Trust Common Shares of Beneficial Interest,$13.88,-0.07,-0.502%,"1,500,913,800"
RQI,Cohen & Steers Quality Income Realty Fund Inc Common Shares,$11.16,-0.19,-1.674%,"1,498,792,553"
AZTA,"Azenta, Inc.",$34.20,0.11,0.323%,"1,498,247,041"
IAUX,i-80 Gold Corp. Common Shares,$1.73,-0.02,-1.143%,"1,498,009,912"
INVA,"Innoviva, Inc. Common Stock",$20.66,0.42,2.075%,"1,492,591,720"
ESQ,"Esquire Financial Holdings, Inc. Common Stock",$123.17,1.81,1.491%,"1,490,921,488"
ICFI,"ICF International, Inc. Common Stock",$83.00,-0.68,-0.813%,"1,488,512,372"
GFR,Greenfire Resources Ltd. Common Shares,$6.18,0.10,1.645%,"1,485,756,617"
KMPR,Kemper Corporation,$25.20,-0.65,-2.515%,"1,484,863,481"
AVBP,"ArriVent BioPharma, Inc. Common Stock",$30.10,-0.20,-0.66%,"1,484,162,643"
PRKS,United Parks & Resorts Inc. Common Stock,$32.67,-0.14,-0.427%,"1,481,300,565"
WBTN,WEBTOON Entertainment Inc. Common stock,$10.90,0.16,1.49%,"1,479,250,663"
ARDT,"Ardent Health, Inc. Common Stock",$10.48,-0.16,-1.504%,"1,478,161,105"
INBX,"Inhibrx Biosciences, Inc. Common Stock",$100.40,0.07,0.07%,"1,477,653,064"
MUC,"Blackrock MuniHoldings California Quality Fund, Inc.  Common Stock",$9.92,-0.12,-1.195%,"1,475,723,712"
TV,Grupo Televisa S.A.B. Common Stock,$2.39,-0.04,-1.646%,"1,475,021,004"
AMSC,American Superconductor Corporation Common Stock,$30.42,-0.63,-2.029%,"1,473,609,990"
RVLV,"Revolve Group, Inc. Class A Common Stock",$20.68,-0.04,-0.193%,"1,470,046,486"
EVCM,EverCommerce Inc. Common Stock,$8.32,UNCH,--,"1,469,854,847"
DJTWW,Trump Media & Technology Group Corp. Warrants,$5.28,-0.11,-2.041%,"1,467,529,927"
CRSR,"Corsair Gaming, Inc. Common Stock",$13.55,0.03,0.222%,"1,465,797,794"
VISN,"Vistance Networks, Inc. Common Stock",$6.35,-0.10,-1.55%,"1,464,477,716"
LKFN,Lakeland Financial Corporation Common Stock,$58.85,0.49,0.84%,"1,462,883,884"
KMPB,Kemper Corporation 5.875% Fixed-Rate Reset Junior Subordinated Debentures due 2062,$24.79,UNCH,--,"1,460,704,988"
GT,The Goodyear Tire & Rubber Company Common Stock,$5.07,-0.27,-5.056%,"1,459,646,597"
SID,Companhia Siderurgica Nacional S.A. Common Stock,$1.10,-0.04,-3.509%,"1,458,703,342"
OMER,Omeros Corporation Common Stock,$20.13,-0.61,-2.941%,"1,457,176,801"
MYI,"Blackrock MuniYield Quality Fund III, Inc Common Stock",$9.79,-0.02,-0.204%,"1,456,384,591"
RARE,Ultragenyx Pharmaceutical Inc. Common Stock,$14.77,-0.11,-0.739%,"1,456,157,654"
MAZE,"Maze Therapeutics, Inc. Common Stock",$26.21,-1.88,-6.693%,"1,455,943,693"
TFIN,"Triumph Financial, Inc. Common Stock",$60.85,-0.52,-0.847%,"1,453,982,576"
SCL,Stepan Company Common Stock,$63.82,-1.05,-1.619%,"1,450,790,703"
ECCV,Eagle Point Credit Company 5.375% Notes due 2029,$23.86,0.05,0.21%,"1,447,407,823"
MBC,"MasterBrand, Inc. Common Stock",$7.11,-0.10,-1.387%,"1,446,817,384"
JJSF,J & J Snack Foods Corp. Common Stock,$77.18,-0.75,-0.962%,"1,441,846,505"
NVGS,Navigator Holdings Ltd. Ordinary Shares (Marshall Islands),$23.34,0.30,1.302%,"1,440,077,323"
HCSG,"Healthcare Services Group, Inc. Common Stock",$20.97,-0.28,-1.318%,"1,439,217,276"
DMLP,"Dorchester Minerals, L.P. Common Units Representing Limited Partnership Interests",$29.31,0.20,0.687%,"1,438,869,168"
DMC,Del Monte Corporation Ordinary Shares,$30.51,-0.17,-0.554%,"1,438,431,111"
REX,REX American Resources Corporation,$43.28,-0.73,-1.659%,"1,435,841,699"
NRP,Natural Resource Partners LP Limited Partnership,$108.18,0.60,0.558%,"1,433,429,570"
CSWC,Capital Southwest Corporation Common Stock,$23.04,-0.11,-0.475%,"1,431,722,327"
SLVM,Sylvamo Corporation Common Stock,$35.96,-0.68,-1.856%,"1,429,778,338"
SVV,"Savers Value Village, Inc. Common Stock",$9.26,0.25,2.775%,"1,428,411,810"
FOIL,"Londian Wason New Energy Tech Inc. American Depositary Shares, each representing five Ordinary Shares",$18.23,-0.49,-2.618%,"1,424,828,307"
AAPG,Ascentage Pharma Group International American Depository Shares,$15.23,-0.35,-2.246%,"1,421,424,246"
MUA,"Blackrock MuniAssets Fund, Inc Common Stock",$9.54,UNCH,--,"1,419,193,973"
NMAX,"Newsmax, Inc. Class B Common Stock",$10.98,0.08,0.734%,"1,418,183,882"
BKT,BlackRock Income Trust Inc. (The),$9.53,-0.08,-0.832%,"1,417,706,349"
TRS,TriMas Corporation Common Stock,$39.47,0.27,0.689%,"1,415,941,767"
AMPX,"Amprius Technologies, Inc. Common Stock",$9.69,-0.04,-0.411%,"1,415,521,188"
AFGE,"American Financial Group, Inc. 4.500% Subordinated Debentures due 2060",$17.07,0.21,1.246%,"1,415,469,425"
AMAL,Amalgamated Financial Corp. Common Stock (DE),$47.21,0.65,1.396%,"1,411,585,940"
TMP,Tompkins Financial Corporation Common Stock,$98.14,1.45,1.50%,"1,411,538,297"
XZO,"Exzeo Group, Inc. Common Stock",$15.65,0.34,2.221%,"1,409,844,617"
TEN,Tsakos Energy Navigation Ltd Common Shares,$46.75,-0.25,-0.532%,"1,408,465,440"
PEBO,Peoples Bancorp Inc. Common Stock,$39.07,0.64,1.665%,"1,404,266,247"
UZE,"Array Digital Infrastructure, Inc. 5.500% Senior Notes due 2070",$16.32,-0.02,-0.122%,"1,403,520,000"
ARLO,"Arlo Technologies, Inc. Common Stock",$13.02,-0.64,-4.685%,"1,401,125,218"
NUTX,Nutex Health Inc. Common Stock,$204.59,2.73,1.352%,"1,401,026,796"
BHRB,Burke & Herbert Financial Services Corp. Common Stock,$69.34,0.50,0.726%,"1,399,768,868"
VZLA,Vizsla Silver Corp. Common Shares,$3.94,-0.10,-2.475%,"1,398,924,076"
UZF,"Array Digital Infrastructure, Inc. 5.500% Senior Notes due 2070",$16.25,-0.10,-0.612%,"1,397,500,000"
NCV,Virtus Convertible & Income Fund Common Shares of Beneficial Interest,$15.46,-0.13,-0.834%,"1,397,175,377"
WOLF,"Wolfspeed, Inc. Common Stock New",$26.30,-0.84,-3.095%,"1,392,073,965"
NBR,Nabors Industries Ltd.,$82.99,-0.03,-0.036%,"1,389,616,760"
ATLC,Atlanticus Holdings Corporation Common Stock,$91.39,0.42,0.462%,"1,386,389,773"
PNTG,"The Pennant Group, Inc. Common Stock ",$39.63,-0.02,-0.05%,"1,384,239,203"
WABC,Westamerica Bancorporation Common Stock,$59.85,0.62,1.047%,"1,383,202,507"
PAHC,Phibro Animal Health Corporation Class A Common Stock,$33.93,-0.17,-0.499%,"1,377,612,390"
FLNC,"Fluence Energy, Inc. Class A Common Stock",$7.46,-0.12,-1.583%,"1,377,088,913"
AESI,Atlas Energy Solutions Inc. Common Stock,$10.99,-0.53,-4.601%,"1,373,787,926"
UFCS,"United Fire Group, Inc. Common Stock",$53.43,-0.16,-0.299%,"1,373,441,606"
CNOBP,"ConnectOne Bancorp, Inc. Depositary Shares, each representing a 1/40th interest in a share of 5.25% Fixed-Rate Reset Non-Cumulative Perpetual Preferred Stock, Series A",$25.28,0.0299,0.118%,"1,372,587,206"
MLKN,"MillerKnoll, Inc. Common Stock",$19.91,-0.13,-0.649%,"1,368,475,284"
CTBI,"Community Trust Bancorp, Inc. Common Stock",$75.29,0.89,1.196%,"1,367,865,257"
ORIC,"Oric Pharmaceuticals, Inc. Common Stock",$13.18,-0.15,-1.125%,"1,366,142,006"
DRTS,Alpha Tau Medical Ltd. Ordinary Shares,$14.77,0.25,1.722%,"1,365,902,335"
HLMN,Hillman Solutions Corp. Common Stock,$7.01,-0.13,-1.821%,"1,363,760,443"
NAMSW,NewAmsterdam Pharma Company N.V. Warrant,$11.40,-0.09,-0.783%,"1,362,723,727"
FOR,Forestar Group Inc Common Stock ,$26.70,-0.04,-0.15%,"1,362,170,641"
LQDT,"Liquidity Services, Inc. Common Stock",$43.395,0.675,1.58%,"1,359,635,563"
CERT,"Certara, Inc. Common Stock",$8.89,0.25,2.894%,"1,356,069,754"
CNMD,CONMED Corporation Common Stock,$45.18,-0.62,-1.354%,"1,353,197,385"
YSS,York Space Systems Inc. Common Stock,$9.81,0.20,2.081%,"1,347,478,105"
ULCC,"Frontier Group Holdings, Inc. Common Stock",$5.85,0.01,0.171%,"1,346,762,260"
KARD,"Kardigan, Inc. Common Stock",$14.39,-0.13,-0.895%,"1,345,518,229"
PWP,Perella Weinberg Partners Class A Common Stock,$13.81,0.42,3.137%,"1,343,869,412"
BBAI,"BigBear.ai, Inc. Common Stock",$2.80,-0.04,-1.408%,"1,342,584,580"
ARHS,"Arhaus, Inc. Class A Common Stock",$9.47,0.45,4.989%,"1,342,388,912"
ODC,Oil-Dri Corporation Of America Common Stock,$92.60,2.53,2.809%,"1,341,619,821"
POET,POET Technologies Inc. Common Shares,$7.75,-0.05,-0.641%,"1,341,200,182"
AMN,AMN Healthcare Services Inc,$34.56,0.65,1.917%,"1,338,508,489"
COUR,"Coursera, Inc. Common Stock",$5.06,-0.06,-1.172%,"1,337,864,000"
UAN,"CVR Partners, LP Common Units representing Limited Partner Interests",$126.01,-1.82,-1.424%,"1,331,879,958"
EFOR,"Everforth, Inc. Common Stock",$32.43,-0.72,-2.172%,"1,329,630,000"
BRUN,Boost Run Inc. Class A Common Stock,$16.72,0.21,1.272%,"1,329,030,014"
PRSU,"Pursuit Attractions and Hospitality, Inc. Common Stock",$48.44,0.36,0.749%,"1,320,675,668"
GBX,"Greenbrier Companies, Inc. (The) Common Stock",$42.68,-0.36,-0.836%,"1,320,505,798"
AAT,"American Assets Trust, Inc. Common Stock",$21.49,UNCH,--,"1,319,576,537"
BJRI,"BJ's Restaurants, Inc. Common Stock",$61.96,0.42,0.682%,"1,318,122,479"
APPS,"Digital Turbine, Inc. Common Stock",$10.88,-0.66,-5.719%,"1,316,656,800"
FMBH,"First Mid Bancshares, Inc. Common Stock",$49.39,0.68,1.396%,"1,313,868,434"
VSECU,VSE Corporation Tangible Equity Units,$46.745,0.135,0.29%,"1,311,897,116"
BORR,Borr Drilling Limited Common Shares,$4.26,-0.10,-2.294%,"1,310,806,580"
ADNT,Adient plc Ordinary Shares ,$17.00,-0.88,-4.922%,"1,310,647,844"
FCEL,"FuelCell Energy, Inc. Common Stock",$16.39,-0.79,-4.598%,"1,310,449,272"
BCAX,Bicara Therapeutics Inc. Common Stock,$19.78,-0.705,-3.442%,"1,308,900,635"
UMH,"UMH Properties, Inc. Common Stock",$15.32,-0.08,-0.519%,"1,308,107,392"
RES,"RPC, Inc. Common Stock",$5.90,0.05,0.855%,"1,307,776,371"
CDNL,Cardinal Infrastructure Group Inc. Class A Common Stock,$27.54,-1.14,-3.975%,"1,307,408,045"
HBT,"HBT Financial, Inc. Common Stock",$35.75,0.64,1.823%,"1,300,070,629"
EYE,"National Vision Holdings, Inc. Common Stock",$16.41,0.05,0.306%,"1,297,527,426"
PRG,"PROG Holdings, Inc. Common Stock",$32.54,0.27,0.837%,"1,296,121,338"
ITG,"ITG, Inc. Class A Common Stock",$10.43,0.21,2.055%,"1,294,959,794"
TWFG,"TWFG, Inc. Class A Common Stock",$23.92,-0.79,-3.197%,"1,292,918,912"
LSPD,Lightspeed Commerce Inc. Subordinate Voting Shares,$9.67,0.08,0.834%,"1,289,150,896"
DCH,Dauch Corporation Common Stock,$5.42,-0.26,-4.577%,"1,287,816,943"
CCEC,Capital Clean Energy Carriers Corp. Common Share,$21.36,-0.38,-1.748%,"1,287,789,658"
AFYA,Afya Limited Class A Common Shares,$13.73,0.15,1.105%,"1,286,814,470"
LUXE,"LuxExperience B.V. American Depositary Shares, each representing one Ordinary Share",$9.18,0.26,2.915%,"1,282,444,449"
WD,"Walker & Dunlop, Inc Common Stock",$37.31,0.35,0.947%,"1,280,693,546"
TRAX,"First Tracks Biotherapeutics, Inc. Ordinary Shares ",$35.83,-0.83,-2.264%,"1,280,236,105"
HLF,Herbalife Ltd. Common Shares,$12.21,0.22,1.835%,"1,279,649,270"
NSSC,"NAPCO Security Technologies, Inc. Common Stock",$35.68,-0.28,-0.779%,"1,276,217,832"
AGL,"agilon health, inc. Common Stock",$75.83,-8.73,-10.324%,"1,273,277,454"
ASIC,Ategrity Specialty Insurance Company Holdings Common Stock,$26.54,0.02,0.075%,"1,271,980,669"
OPY,"Oppenheimer Holdings, Inc. Class A Common Stock (DE)",$118.56,3.21,2.783%,"1,269,541,073"
SENEB,Seneca Foods Corp. Class B Common Stock,$187.42,UNCH,--,"1,268,780,360"
FUN,Six Flags Entertainment Corporation Common Stock New,$12.40,-0.03,-0.241%,"1,268,722,269"
RDVT,"Red Violet, Inc. Common Stock ",$79.06,2.86,3.753%,"1,268,673,844"
GOLD,"Gold.com, Inc. Common Stock",$43.48,UNCH,--,"1,267,648,791"
AVLN,Avalyn Pharma Inc. Common Stock,$28.55,-1.12,-3.775%,"1,265,709,862"
TBN,Tamboran Resources Corporation Common stock,$36.25,0.49,1.37%,"1,263,544,935"
OSBC,"Old Second Bancorp, Inc. Common Stock",$24.82,0.27,1.10%,"1,262,735,271"
RDWR,Radware Ltd. Ordinary Shares,$29.79,-0.65,-2.135%,"1,260,324,636"
EPC,Edgewell Personal Care Company Common Stock,$27.33,0.25,0.923%,"1,259,610,047"
VTOL,"Bristow Group, Inc. Common Stock",$42.30,-0.51,-1.191%,"1,253,856,600"
SHLS,"Shoals Technologies Group, Inc. Class A Common Stock",$7.45,-0.26,-3.372%,"1,253,834,628"
ALX,"Alexander's, Inc. Common Stock",$245.46,-2.41,-0.972%,"1,253,635,403"
DMRA,"Damora Therapeutics, Inc. Ordinary Shares",$20.27,-0.17,-0.832%,"1,251,378,970"
USPH,"U.S. Physical Therapy, Inc. Common Stock",$83.76,1.11,1.343%,"1,249,925,184"
IMTX,Immatics N.V. Ordinary Shares,$8.33,-0.27,-3.14%,"1,246,431,861"
SENEA,Seneca Foods Corp. Class A Common Stock,$184.00,4.85,2.707%,"1,245,627,928"
HROW,"Harrow, Inc. Common Stock",$33.10,-0.50,-1.488%,"1,240,847,835"
WEN,Wendy's Company (The) Common Stock,$6.505,-0.225,-3.343%,"1,240,307,895"
CRCT,"Cricut, Inc. Class A Common Stock",$5.92,0.03,0.509%,"1,239,910,943"
IART,Integra LifeSciences Holdings Corporation Common Stock,$15.88,0.35,2.254%,"1,235,027,395"
BULLW,Webull Corporation Warrants,$2.285,-0.145,-5.967%,"1,235,007,962"
FLO,"Flowers Foods, Inc. Common Stock",$5.81,UNCH,--,"1,232,053,599"
CXM,"Sprinklr, Inc. Class A Common Stock",$5.30,-0.13,-2.394%,"1,230,508,102"
RYZ,Ryerson Holding Corporation Common Stock,$23.69,-0.10,-0.42%,"1,229,479,090"
YSWY,"Yesway, Inc. Class A Common Stock",$19.45,-0.12,-0.613%,"1,229,137,810"
NEWP,New Pacific Metals Corp. Common Shares,$6.63,0.10,1.531%,"1,227,922,569"
OPK,"OPKO Health, Inc. Common Stock",$1.64,-0.06,-3.529%,"1,223,978,289"
CRON,Cronos Group Inc. Common Share,$3.32,-0.08,-2.353%,"1,223,130,708"
LBRX,LB Pharmaceuticals Inc Common Stock,$37.80,-1.39,-3.547%,"1,219,396,815"
DOLE,Dole plc Ordinary Shares,$12.90,-0.02,-0.155%,"1,218,518,610"
WLDN,"Willdan Group, Inc. Common Stock",$79.63,-1.73,-2.126%,"1,212,931,406"
SLSR,Solaris Resources Inc. Common Shares,$7.25,0.03,0.416%,"1,211,006,128"
DFIN,"Donnelley Financial Solutions, Inc. Common Stock ",$49.22,0.61,1.255%,"1,210,092,551"
CNL,Collective Mining Ltd. Common Shares,$13.03,-0.20,-1.512%,"1,208,437,472"
OMDA,"Omada Health, Inc. Common Stock",$19.72,-0.97,-4.688%,"1,207,193,383"
INNV,InnovAge Holding Corp. Common Stock,$8.84,-0.16,-1.778%,"1,206,230,597"
XPEL,"XPEL, Inc. Common Stock",$43.75,-0.77,-1.73%,"1,206,220,225"
TPB,"Turning Point Brands, Inc. Common Stock",$60.12,-0.38,-0.628%,"1,205,341,191"
WAFDP,"WaFd, Inc. Depositary Shares",$16.24,-0.04,-0.246%,"1,201,682,665"
FMC,FMC Corporation Common Stock,$9.59,-0.31,-3.131%,"1,200,925,386"
CRML,Critical Metals Corp. Ordinary Shares,$8.17,0.45,5.829%,"1,200,081,112"
IRS,IRSA Inversiones Y Representaciones S.A. Global Depositary Shares (Each representing ten shares of Common Stock),$14.80,-0.31,-2.052%,"1,199,979,738"
AIIR,Air Global PLC Ordinary Shares,$7.47,-0.02,-0.267%,"1,198,087,917"
LZB,La-Z-Boy Incorporated Common Stock,$29.91,-0.10,-0.333%,"1,197,978,381"
CCO,"Clear Channel Outdoor Holdings, Inc. Common Stock",$2.35,UNCH,--,"1,196,370,536"
UMAC,"Unusual Machines, Inc. Common Stock",$23.93,1.24,5.465%,"1,195,459,165"
HLIT,Harmonic Inc. Common Stock,$10.945,-0.045,-0.409%,"1,193,732,241"
MYE,"Myers Industries, Inc. Common Stock",$31.62,-0.21,-0.66%,"1,189,483,373"
AIP,"Arteris, Inc. Common Stock",$24.19,UNCH,--,"1,188,989,347"
REPL,"Replimune Group, Inc. Common Stock",$12.60,-0.36,-2.778%,"1,187,167,388"
TK,Teekay Corporation Ltd. Common Stock,$13.66,0.14,1.036%,"1,185,394,747"
NHP,"National Healthcare Properties, Inc. Class A Common Stock",$16.22,0.04,0.247%,"1,182,517,089"
UVE,UNIVERSAL INSURANCE HOLDINGS INC Common Stock,$42.49,0.02,0.047%,"1,182,511,784"
EOSE,"Eos Energy Enterprises, Inc. Class A Common Stock",$3.245,-0.335,-9.358%,"1,181,724,329"
IMPPP,Imperial Petroleum Inc. 8.75% Series A Cumulative Redeemable Perpetual Preferred Shares,$26.07,0.07,0.269%,"1,178,720,064"
ROCK,"Gibraltar Industries, Inc. Common Stock",$39.70,-0.54,-1.342%,"1,178,450,393"
SCCD,Sachem Capital Corp. 6.00% Notes due 2026,$24.886,0.126,0.509%,"1,178,160,179"
LTGO,"Latigo Biotherapeutics, Inc. Common Stock",$17.76,-2.21,-11.067%,"1,177,476,403"
CLVT,Clarivate Plc Ordinary Shares,$1.84,0.01,0.546%,"1,176,981,766"
PD,"PagerDuty, Inc. Common Stock",$14.95,0.12,0.809%,"1,175,815,601"
SCCG,Sachem Capital Corp. 8.00% Notes due 2027,$24.75,0.025,0.101%,"1,171,721,628"
CLBK,"Columbia Financial, Inc. Common Stock",$11.26,0.08,0.716%,"1,171,574,501"
CYD,China Yuchai International Limited Common Stock,$31.20,-3.40,-9.827%,"1,170,571,646"
PUMP,ProPetro Holding Corp. Common Stock,$9.53,-0.27,-2.755%,"1,170,511,929"
LU,"Lufax Holding Ltd American Depositary Shares, each representing two (2) Ordinary Shares",$1.35,0.13,10.656%,"1,170,030,004"
SCSC,"ScanSource, Inc. Common Stock",$58.07,-0.415,-0.71%,"1,169,693,093"
SCCE,Sachem Capital Corp. 6.00% Notes due 2027,$24.6299,-0.0701,-0.284%,"1,166,035,819"
SCCF,Sachem Capital Corp. 7.125% Notes due 2027,$24.62,-0.04,-0.162%,"1,165,567,131"
PSEC,Prospect Capital Corporation Common Stock,$2.18,0.01,0.461%,"1,163,720,731"
MBINM,"Merchants Bancorp Depositary Shares, Each Representing a 1/40th Interest in a Share of 8.25% Fixed-Rate Reset Series D Non-Cumulative Perpetual Preferred Stock",$25.33,-0.04,-0.158%,"1,163,611,440"
QMCO,Quantum Corporation Common Stock,$29.49,3.52,13.554%,"1,162,200,929"
GIII,"G-III Apparel Group, LTD. Common Stock",$27.05,0.11,0.408%,"1,159,809,541"
CBRL,"Cracker Barrel Old Country Store, Inc Common Stock",$51.84,4.32,9.091%,"1,158,699,686"
HZO,"MarineMax, Inc.  (FL) Common Stock",$52.41,-0.01,-0.019%,"1,157,566,358"
HFWA,Heritage Financial Corporation Common Stock,$28.25,0.30,1.073%,"1,155,864,514"
LADR,Ladder Capital Corp Class A Common Stock,$9.09,0.02,0.221%,"1,153,205,604"
UVSP,Univest Financial Corporation Common Stock,$41.79,0.38,0.918%,"1,152,600,295"
GNK,Genco Shipping & Trading Limited Ordinary Shares New (Marshall Islands),$26.44,UNCH,--,"1,152,429,836"
ORC,"Orchid Island Capital, Inc. Common Stock",$5.77,-0.17,-2.862%,"1,151,711,837"
PDM,"Piedmont Realty Trust, Inc. Class A Common Stock",$9.19,0.04,0.437%,"1,149,970,662"
AMRC,"Ameresco, Inc. Class A Common Stock",$21.67,-1.06,-4.663%,"1,149,944,792"
AMTB,Amerant Bancorp Inc. Class A Common Stock,$29.30,0.61,2.126%,"1,148,262,839"
MMI,"Marcus & Millichap, Inc. Common Stock",$30.30,0.23,0.765%,"1,147,491,391"
PICS,PicS N.V. Class A Common Shares,$8.85,-0.45,-4.839%,"1,146,849,756"
LNN,Lindsay Corporation Common Stock,$112.76,-3.08,-2.659%,"1,146,643,473"
GDRX,"GoodRx Holdings, Inc. Class A Common Stock",$3.36,0.04,1.205%,"1,146,248,504"
BBNX,"Beta Bionics, Inc. Common Stock",$21.76,-0.43,-1.938%,"1,145,486,939"
PSNY,Polestar Automotive Holding UK PLC Class A ADS,$6.97,-0.21,-2.925%,"1,145,032,499"
MUX,McEwen Inc. Common Stock,$18.66,-0.16,-0.85%,"1,144,950,842"
GTM,ZoomInfo Technologies Inc Common Stock,$3.92,0.02,0.513%,"1,141,151,380"
BRAI,Braiin Limited Common Stock,$5.53,-0.09,-1.601%,"1,139,667,901"
LGIH,"LGI Homes, Inc. Common Stock",$48.99,0.39,0.802%,"1,138,932,845"
UTI,Universal Technical Institute Inc Common Stock,$20.67,0.25,1.224%,"1,138,818,425"
AZUL,"Azul S.A. American Depositary Shares, each representing two (2) Common Shares",$6.17,-0.08,-1.28%,"1,137,001,196"
BVS,Bioventus Inc. Class A Common Stock,$13.52,-0.09,-0.661%,"1,136,922,218"
AVO,"Mission Produce, Inc. Common Stock",$12.96,0.26,2.047%,"1,136,312,116"
EOSEW,"Eos Energy Enterprises, Inc. Warrant",$3.12,-0.46,-12.849%,"1,136,203,361"
SPTX,"Seaport Therapeutics, Inc. Common Stock",$21.12,-0.17,-0.798%,"1,130,565,216"
TNC,Tennant Company Common Stock,$66.21,0.26,0.394%,"1,128,834,352"
SGML,Sigma Lithium Corporation Common Shares,$9.98,-0.16,-1.578%,"1,123,431,764"
AORT,"Artivion, Inc. Common Stock",$23.03,-0.50,-2.125%,"1,122,855,770"
CDRE,"Cadre Holdings, Inc. Common Stock",$26.21,-0.49,-1.835%,"1,122,331,438"
JCAP,"Jefferson Capital, Inc. Common Stock",$19.54,0.46,2.411%,"1,122,094,973"
TE,T1 Energy Inc. Common Stock,$3.81,-0.23,-5.693%,"1,121,955,560"
GO,Grocery Outlet Holding Corp. Common Stock,$11.30,0.14,1.254%,"1,119,654,760"
LFMDP,"LifeMD, Inc. 8.875% Series A Cumulative Perpetual Preferred Stock",$23.20,-0.0142,-0.061%,"1,118,259,418"
WLFC,Willis Lease Finance Corporation Common Stock,$52.87,-1.51,-2.777%,"1,117,889,149"
AMPH,"Amphastar Pharmaceuticals, Inc. Common Stock",$26.27,1.31,5.248%,"1,117,471,789"
BOW,Bowhead Specialty Holdings Inc. Common Stock,$33.87,0.03,0.089%,"1,115,779,579"
TDOC,"Teladoc Health, Inc. Common Stock",$6.14,0.01,0.163%,"1,115,539,889"
DLX,Deluxe Corporation Common Stock,$24.29,0.41,1.717%,"1,113,849,284"
CRI,"Carter's, Inc. Common Stock",$30.26,0.49,1.646%,"1,110,880,458"
ECVT,Ecovyst Inc. Common Stock,$10.14,-0.19,-1.839%,"1,110,009,556"
KYIVW,Kyivstar Group Ltd. Warrant,$4.78,0.03,0.632%,"1,108,308,123"
HBNB,Hotel101 Global Holdings Corp. Class A Ordinary Shares,$4.7201,-0.063,-1.317%,"1,104,656,265"
NCZ,Virtus Convertible & Income Fund II Common Shares of Beneficial Interest,$14.49,-0.24,-1.629%,"1,102,917,203"
SPH,"Suburban Propane Partners, L.P. Common Stock",$16.48,-0.09,-0.543%,"1,099,420,138"
MCB,Metropolitan Bank Holding Corp. Common Stock,$88.62,0.89,1.014%,"1,098,691,086"
MBINL,"Merchants Bancorp Depositary Shares, Each Representing a 1/40thInterest in a Share of 7.25% Fixed Rate Series E Non-CumulativePerpetual Preferred Stock, without par value",$23.90,-0.25,-1.035%,"1,097,919,993"
AKTS,"Aktis Oncology, Inc. Common stock",$19.63,-0.09,-0.456%,"1,091,810,765"
VOR,Vor Biopharma Inc. Common Stock,$18.44,-0.93,-4.801%,"1,090,952,701"
IRMD,iRadimed Corporation Common Stock,$85.20,-1.15,-1.332%,"1,089,451,633"
PCTTU,"PureCycle Technologies, Inc. Unit",$5.42,UNCH,--,"1,088,904,070"
AEVA,"Aeva Technologies, Inc. Common Stock",$15.62,0.40,2.628%,"1,088,803,940"
LOMA,Loma Negra Compania Industrial Argentina Sociedad Anonima ADS,$9.33,-0.13,-1.374%,"1,088,779,558"
CFFN,"Capitol Federal Financial, Inc. Common Stock",$8.66,-0.03,-0.345%,"1,088,547,131"
REAL,"The RealReal, Inc. Common Stock",$8.89,-0.265,-2.895%,"1,081,656,212"
BST,BlackRock Science and Technology Trust Common Shares of Beneficial Interest,$48.73,-0.70,-1.416%,"1,079,751,056"
KRT,Karat Packaging Inc. Common Stock,$54.16,1.11,2.092%,"1,079,502,009"
DEC,Diversified Energy Company Common Stock,$14.05,0.16,1.152%,"1,078,425,889"
RSKD,Riskified Ltd. Class A Ordinary Shares,$7.91,0.77,10.784%,"1,075,492,705"
CSTL,"Castle Biosciences, Inc. Common Stock",$35.19,0.31,0.889%,"1,075,037,151"
DEA,"Easterly Government Properties, Inc. Common Stock",$22.71,0.01,0.044%,"1,074,673,922"
PSIX,"Power Solutions International, Inc. Common Stock",$46.54,-0.34,-0.725%,"1,073,466,043"
GSBD,"Goldman Sachs BDC, Inc. Common Stock",$9.53,-0.11,-1.141%,"1,072,783,209"
HSLV,Highlander Silver Corp. Common Shares,$5.27,-0.18,-3.303%,"1,072,568,413"
RXT,"Rackspace Technology, Inc. Common Stock",$4.20,0.15,3.704%,"1,070,465,970"
GOODN,Gladstone Commercial Corporation 6.625% Series E Cumulative Redeemable Preferred Stock,$22.05,-0.2213,-0.994%,"1,067,385,397"
ANRO,"Alto Neuroscience, Inc. Common Stock",$27.18,-0.32,-1.164%,"1,066,600,387"
FSBC,Five Star Bancorp Common Stock,$43.43,0.03,0.069%,"1,065,625,146"
OCSL,Oaktree Specialty Lending Corporation Common Stock,$12.08,-0.08,-0.658%,"1,064,073,118"
UVV,Universal Corporation Common Stock,$42.71,-0.10,-0.234%,"1,063,447,266"
FUBO,FuboTV Inc. Class A Common Stock,$9.73,0.10,1.038%,"1,062,484,815"
MGTX,MeiraGTx Holdings plc Ordinary Shares,$11.05,-0.70,-5.957%,"1,061,275,106"
TNDM,"Tandem Diabetes Care, Inc. Common Stock",$15.22,-1.16,-7.082%,"1,058,987,921"
MNKD,MannKind Corporation Common Stock,$3.29,-0.05,-1.497%,"1,057,881,352"
HTFC,Horizon Technology Finance Corporation 6.25% Notes due 2027,$24.8499,0.0399,0.161%,"1,057,256,863"
SBR,Sabine Royalty Trust Common Stock,$72.48,0.15,0.207%,"1,056,710,926"
NBN,Northeast Bank Common Stock,$129.77,0.76,0.589%,"1,055,030,100"
TUYA,"Tuya Inc. American Depositary Shares, each representing one Class A Ordinary Share",$1.72,-0.01,-0.578%,"1,054,852,099"
IGIC,International General Insurance Holdings Ltd. Ordinary Share,$24.62,0.13,0.531%,"1,054,775,358"
ENOV,Enovis Corporation Common Stock,$18.27,0.03,0.164%,"1,053,621,655"
GPRE,Green Plains Inc. Common Stock,$15.01,-0.10,-0.662%,"1,052,130,873"
WINA,Winmark Corporation Common Stock,$292.82,1.56,0.536%,"1,051,858,927"
FTK,"Flotek Industries, Inc. Common Stock",$28.95,-1.48,-4.864%,"1,048,581,420"
MRTN,"Marten Transport, Ltd. Common Stock",$12.84,-0.33,-2.506%,"1,048,535,830"
PDS,Precision Drilling Corporation Common Stock,$83.27,0.60,0.726%,"1,048,158,627"
ETW,Eaton Vance Corporation Eaton Vance Tax-Managed Global Buy-Write Opportunites Fund Common Shares of Beneficial Interest,$9.54,-0.09,-0.935%,"1,045,562,878"
DCBG,"Dime Commercial Bancshares, Inc. 9.000% Junior Subordinated Notes",$26.6499,0.0799,0.301%,"1,043,307,261"
SVRA,Savara Inc. Common Stock,$5.07,0.07,1.40%,"1,041,682,276"
THRM,Gentherm Inc Common Stock,$33.89,-1.36,-3.858%,"1,040,603,193"
RCAT,"Red Cat Holdings, Inc. Common Stock",$6.80,0.21,3.187%,"1,038,457,662"
BCX,BlackRock Resources Common Shares of Beneficial Interest,$12.21,-0.08,-0.651%,"1,036,116,302"
ITRN,Ituran Location and Control Ltd. Ordinary Shares,$51.88,-0.51,-0.973%,"1,032,078,930"
CPAC,Cementos Pacasmayo S.A.A. American Depositary Shares (Each representing five Common Shares),$12.17,-0.14,-1.137%,"1,031,695,807"
MLTX,MoonLake Immunotherapeutics Class A Ordinary Shares,$12.12,-0.78,-6.047%,"1,031,493,022"
AEF,"abrdn Emerging Markets ex-China Fund, Inc. Common Stock",$9.59,UNCH,--,"1,029,606,375"
MBWM,Mercantile Bank Corporation Common Stock,$59.52,0.84,1.431%,"1,028,858,494"
NPK,"National Presto Industries, Inc. Common Stock",$144.10,-1.97,-1.349%,"1,028,307,255"
LAC,Lithium Americas Corp. Common Shares,$2.83,-0.07,-2.414%,"1,027,411,529"
GHM,Graham Corporation Common Stock,$87.53,-0.27,-0.308%,"1,027,342,498"
ODD,ODDITY Tech Ltd. Class A Ordinary Shares,$18.07,0.24,1.346%,"1,023,786,298"
ASA,ASA  Gold and Precious Metals Limited,$56.10,-0.99,-1.734%,"1,021,970,502"
CRAI,"CRA International, Inc. Common Stock",$162.57,0.55,0.339%,"1,020,429,130"
JANX,"Janux Therapeutics, Inc. Common Stock",$16.68,0.16,0.969%,"1,019,761,374"
ANL,Adlai Nortye Group Ltd. American Depositary Shares,$15.83,0.08,0.508%,"1,019,419,359"
PCRX,"Pacira BioSciences, Inc. Common Stock",$25.56,0.93,3.776%,"1,018,869,806"
BTZ,BlackRock Credit Allocation Income Trust,$9.40,-0.03,-0.318%,"1,016,469,000"
DSL,DoubleLine Income Solutions Fund Common Shares of Beneficial Interests,$9.95,-0.02,-0.201%,"1,014,868,439"
UPWK,Upwork Inc. Common Stock,$8.07,-0.11,-1.345%,"1,007,970,156"
HQH,abrdn Healthcare Investors Shares of Beneficial Interest,$21.29,-0.31,-1.435%,"1,007,947,927"
CCNE,CNB Financial Corporation Common Stock,$33.91,0.48,1.436%,"1,004,444,210"
DFH,"Dream Finders Homes, Inc. Class A Common Stock",$11.09,-0.54,-4.643%,"1,004,034,459"
ASM,Avino Silver & Gold Mines Ltd. Common Shares (Canada),$5.91,-0.13,-2.152%,"1,003,844,652"
IQ,"iQIYI, Inc. American Depositary Shares",$1.04,0.03,2.97%,"1,003,625,724"
PRCT,PROCEPT BioRobotics Corporation Common Stock,$17.50,-0.59,-3.261%,"1,002,289,033"
FSCO,FS Credit Opportunities Corp. Common Stock,$5.05,-0.22,-4.175%,"1,001,697,295"
MCBS,"MetroCity Bankshares, Inc. Common Stock",$34.80,0.35,1.016%,"1,001,586,769"
GLUE,"Monte Rosa Therapeutics, Inc. Common Stock",$11.72,-0.17,-1.43%,"999,873,060"
TRIP,"TripAdvisor, Inc. Common Stock",$8.52,0.48,5.97%,"998,538,394"
MSEX,Middlesex Water Company Common Stock,$52.91,-0.74,-1.379%,"997,033,183"
BFST,"Business First Bancshares, Inc. Common Stock",$30.63,0.28,0.923%,"997,002,916"
RHLD,Resolute Holdings Management Common Stock ,$127.50,1.91,1.521%,"996,998,363"
YELP,Yelp Inc. Common Stock,$18.37,0.64,3.61%,"996,822,718"
EDN,Empresa Distribuidora Y Comercializadora Norte S.A. (Edenor) American Depositary Shares,$22.00,-0.69,-3.041%,"995,344,284"
CGEM,"Cullinan Therapeutics, Inc. Common Stock",$15.44,-1.43,-8.477%,"993,636,475"
VMET,Versamet Royalties Corporation Common Stock,$9.13,-0.09,-0.976%,"993,613,399"
CRVS,"Corvus Pharmaceuticals, Inc. Common Stock",$11.80,-0.74,-5.901%,"992,627,139"
EQBK,"Equity Bancshares, Inc. Class A Common Stock",$48.17,0.37,0.774%,"991,940,243"
NPKI,NPK International Inc. Common Stock,$11.68,-0.03,-0.256%,"991,747,562"
XIFR,"XPLR Infrastructure, LP Common Units representing limited partner interests",$10.47,-0.20,-1.874%,"987,036,164"
HBNC,"Horizon Bancorp, Inc. Common Stock",$19.22,0.20,1.052%,"986,841,655"
HRTG,"Heritage Insurance Holdings, Inc. Common Stock",$33.18,0.11,0.333%,"986,521,563"
PSUS,"Pershing Square USA, Ltd. Common Shares",$37.71,-0.84,-2.179%,"986,116,500"
NBBK,"NB Bancorp, Inc. Common Stock",$22.50,0.11,0.491%,"985,916,025"
TRUP,"Trupanion, Inc. Common Stock",$22.42,-0.46,-2.01%,"983,623,939"
SG,"Sweetgreen, Inc. Class A Common Stock",$8.26,0.55,7.134%,"983,281,262"
NWPX,"NWPX Infrastructure, Inc. Common Stock",$101.34,-1.28,-1.247%,"976,634,051"
OIG,Orion180 Insurance Group Inc. Class A common stock,$9.86,0.11,1.128%,"976,459,977"
PCT,"PureCycle Technologies, Inc. Common stock",$4.86,-0.29,-5.631%,"976,397,377"
VYX,NCR Voyix Corporation Common Stock,$7.07,-0.06,-0.842%,"976,154,179"
BXBL,"BOXABL, Inc. Common stock",$4.03,0.05,1.256%,"973,218,172"
SIFY,Sify Technologies Limited American Depositary Shares,$13.41,-0.32,-2.331%,"971,348,187"
CEVA,"CEVA, Inc. Common Stock",$34.46,0.84,2.499%,"970,189,321"
GOODO,"Gladstone Commercial Corporation 6.00% Series G Cumulative Redeemable Preferred Stock, par value $0.001 per share",$20.0107,-0.1839,-0.911%,"968,667,980"
LZ,"LegalZoom.com, Inc. Common Stock",$5.65,-0.14,-2.418%,"967,646,188"
HPK,"HighPeak Energy, Inc. Common Stock",$7.65,-0.24,-3.042%,"967,363,951"
KURA,"Kura Oncology, Inc. Common Stock",$10.86,-0.18,-1.63%,"966,112,322"
IBTA,"Ibotta, Inc. Class A Common Stock",$41.68,0.47,1.14%,"965,709,512"
ABUS,Arbutus Biopharma Corporation Common Stock,$4.88,0.03,0.619%,"965,497,435"
CAC,Camden National Corporation Common Stock,$56.90,0.55,0.976%,"961,442,088"
FET,"Forum Energy Technologies, Inc. Common Stock",$83.64,0.96,1.161%,"959,576,544"
TRST,TrustCo Bank Corp NY Common Stock,$56.30,0.76,1.368%,"958,661,762"
ODTX,"Odyssey Therapeutics, Inc. Common Stock",$19.93,-0.83,-3.998%,"957,806,443"
STAA,STAAR Surgical Company Common Stock,$19.08,-0.72,-3.636%,"956,747,215"
PTA,Cohen & Steers Tax-Advantaged Preferred Securities and Income Fund Common Shares of Beneficial Interest,$17.30,-0.33,-1.872%,"956,230,806"
CMP,Compass Minerals Intl Inc Common Stock,$22.75,-0.45,-1.94%,"955,064,884"
FEIM,"Frequency Electronics, Inc. Common Stock",$84.54,0.32,0.38%,"953,043,683"
MTA,Metalla Royalty & Streaming Ltd. Common Shares,$10.16,0.12,1.195%,"949,918,080"
LMRI,"Lumexa Imaging Holdings, Inc. Common Stock",$9.88,-0.26,-2.564%,"949,220,763"
GLIBK,Liberty Capital Corporation Series C GCI Group Common Stock,$23.77,0.07,0.295%,"948,541,707"
CPF,Central Pacific Financial Corp New,$36.84,0.52,1.432%,"948,535,395"
BKSY,BlackSky Technology Inc. Class A Common Stock,$23.17,0.92,4.135%,"948,228,682"
TDAY,"USA TODAY Co., Inc. Common Stock",$6.45,0.06,0.939%,"946,975,719"
HAFC,Hanmi Financial Corporation Common Stock,$31.83,0.25,0.792%,"943,735,787"
ALMS,Alumis Inc. Common Stock,$7.29,-0.15,-2.016%,"943,582,892"
SB,"Safe Bulkers, Inc Common Stock ($0.001 par value)",$8.25,-0.12,-1.434%,"942,519,452"
BTGO,"BitGo Holdings, Inc. Class A Common Stock",$7.97,-0.13,-1.605%,"936,838,607"
JBIO,"Jade Biosciences, Inc. Common Stock",$14.73,0.02,0.136%,"936,789,511"
NXDR,"Nextdoor Holdings, Inc. Class A Common Stock",$2.42,0.04,1.681%,"936,173,133"
GLIBA,Liberty Capital Corporation Series A GCI Group Common Stock,$23.46,0.02,0.085%,"936,171,159"
ASTE,"Astec Industries, Inc. Common Stock",$40.59,-0.79,-1.909%,"934,599,647"
RNP,"Cohen & Steers REIT and Preferred and Income Fund, Inc. Common Shares",$19.00,-0.06,-0.315%,"933,633,932"
KRO,Kronos Worldwide Inc Common Stock,$8.10,-0.33,-3.915%,"932,289,880"
RUMBW,RUM Group Inc. Warrant,$1.88,-0.12,-6.00%,"932,123,165"
LAR,Lithium Argentina AG Common Shares,$5.68,-0.10,-1.73%,"932,088,000"
KODK,Eastman Kodak Company Common New,$9.51,-0.15,-1.553%,"931,029,000"
AGBK,AGI Inc Class A Common Shares,$5.81,-0.02,-0.343%,"930,384,768"
PXED,"Phoenix Education Partners, Inc. Common Stock",$25.78,-0.37,-1.415%,"929,301,353"
GAINZ,Gladstone Investment Corporation 4.875% Notes due 2028,$24.286,0.091,0.376%,"928,192,220"
UTL,UNITIL Corporation Common Stock,$50.84,-0.01,-0.02%,"927,152,506"
CSR,D/B/A Centerspace Common Stock,$55.17,0.09,0.163%,"926,533,311"
UPBD,"Upbound Group, Inc. Common Stock",$15.87,-0.12,-0.75%,"925,211,557"
SGP,"SpyGlass Pharma, Inc. Common Stock",$27.65,-0.51,-1.811%,"924,836,619"
REPX,"Riley Exploration Permian, Inc. Common Stock",$41.69,0.62,1.51%,"923,591,297"
SBGI,"Sinclair, Inc. Class A Common Stock",$12.74,-0.13,-1.01%,"921,332,084"
SBSI,"Southside Bancshares, Inc. Common Stock",$30.90,0.19,0.619%,"921,066,582"
AIZN,"Assurant, Inc. 5.25% Subordinated Notes due 2061",$18.25,0.03,0.165%,"920,880,601"
HELP,Cybin Inc. Common Stock,$12.59,-0.43,-3.303%,"919,846,639"
KFRC,"Kforce, Inc. Common Stock",$51.35,-0.72,-1.383%,"919,627,150"
BW,"Babcock & Wilcox Enterprises, Inc. Common Stock",$6.17,-0.47,-7.078%,"919,114,457"
BV,"BrightView Holdings, Inc. Common Stock",$9.91,-0.23,-2.268%,"917,666,000"
MPB,Mid Penn Bancorp Common Stock,$36.20,0.30,0.836%,"917,134,783"
PLOW,"Douglas Dynamics, Inc. Common Stock",$39.73,0.28,0.71%,"916,851,038"
CBLL,"CeriBell, Inc. Common Stock",$23.82,0.20,0.847%,"914,166,366"
NNE,Nano Nuclear Energy Inc. Common Stock,$17.02,0.01,0.059%,"913,942,445"
VPG,"Vishay Precision Group, Inc. Common Stock",$68.57,-1.26,-1.804%,"913,381,885"
SATL,Satellogic Inc. Class A Common Stock,$5.94,0.43,7.804%,"913,215,071"
SIGIP,"Selective Insurance Group, Inc. Depositary Shares, each representing a 1/1,000th interest in a share of 4.60% Non-Cumulative Preferred Stock, Series B",$15.2974,0.0454,0.298%,"911,252,641"
QFIN,"Qfin Holdings, Inc. American Depositary Shares",$7.48,-0.13,-1.708%,"910,704,092"
RMIX,"Suncrete, Inc. Class A Common Stock",$12.39,-0.34,-2.671%,"910,489,483"
BHFAL,"Brighthouse Financial, Inc. 6.25% Junior Subordinated Debentures due 2058",$15.8301,-0.0699,-0.44%,"910,413,793"
FRBT,"Forbright, Inc. Class A Common Stock",$17.92,0.05,0.28%,"909,697,690"
FMNB,Farmers National Banc Corp. Common Stock,$15.34,0.16,1.054%,"908,857,754"
RWAYL,Runway Growth Finance Corp. 7.50% Notes due 2027,$25.095,-0.02,-0.08%,"908,856,380"
SABR,Sabre Corporation Common Stock,$2.25,0.06,2.74%,"908,062,232"
ANGX,"Angel Studios, Inc. Class A Common Stock",$4.86,0.01,0.206%,"907,635,710"
KOPN,Kopin Corporation Common Stock,$4.87,UNCH,--,"905,199,630"
HIVE,HIVE Digital Technologies Ltd. Common Shares,$3.30,-0.07,-2.077%,"905,115,215"
CRESY,Cresud S.A.C.I.F. y A. American Depositary Shares,$12.74,0.03,0.236%,"903,586,997"
PSF,"Cohen & Steers Select Preferred and Income Fund, Inc. Common Stock",$18.38,-0.07,-0.379%,"903,167,983"
BBDC,"Barings BDC, Inc. Common Stock",$8.62,-0.04,-0.462%,"902,573,340"
DJCO,Daily Journal Corp. (S.C.) Common Stock,$655.01,-4.39,-0.666%,"902,572,340"
BANFP,BancFirst Corporation - BFC Capital Trust II Cumulative Trust Preferred Securities,$26.86,UNCH,--,"902,462,291"
DC,Dakota Gold Corp. Common Stock,$6.72,0.08,1.205%,"901,642,500"
APMD,"Apnimed, Inc. Common Stock",$21.63,-0.86,-3.824%,"900,473,750"
OI,"O-I Glass, Inc. Common Stock",$5.86,-0.21,-3.46%,"900,446,117"
PDX,PIMCO Dynamic Income Strategy Fund Common Shares of Beneficial Interest,$20.14,-0.07,-0.346%,"900,398,980"
JMIA,"Jumia Technologies AG American Depositary Shares, each representing two Ordinary Shares",$6.72,-0.22,-3.17%,"897,965,652"
FCBC,"First Community Bankshares, Inc. (VA) Common Stock",$47.43,0.67,1.433%,"896,916,904"
ACEL,"Accel Entertainment, Inc. ",$11.04,-0.04,-0.361%,"896,375,964"
MBINN,Merchants Bancorp Depositary Shares Preferred Series C,$19.48,-0.13,-0.663%,"894,873,701"
RIGL,"Rigel Pharmaceuticals, Inc. Common Stock",$47.89,-0.24,-0.499%,"894,578,687"
THFF,First Financial Corporation Common Stock,$75.22,0.72,0.966%,"894,508,417"
BRBR,"BellRing Brands, Inc. Common Stock ",$7.69,-0.75,-8.886%,"894,179,312"
TTI,"Tetra Technologies, Inc. Common Stock",$6.03,0.06,1.005%,"892,878,857"
RZLV,Rezolve AI PLC Ordinary Shares,$2.23,-0.05,-2.193%,"892,873,638"
BZH,"Beazer Homes USA, Inc. Common Stock",$33.36,0.01,0.03%,"890,032,223"
EVLV,"Evolv Technologies Holdings, Inc. Class A Common Stock",$4.90,0.02,0.41%,"887,518,115"
SANA,"Sana Biotechnology, Inc. Common Stock",$2.96,-0.12,-3.896%,"886,107,486"
NNNN,Anbio Biotechnology Class A Ordinary Shares,$6.15,0.09,1.485%,"884,930,880"
CADL,"Candel Therapeutics, Inc. Common Stock",$11.55,0.26,2.303%,"883,789,426"
NX,Quanex Building Products Corporation Common Stock,$19.28,-0.55,-2.774%,"883,529,290"
HSTM,"HealthStream, Inc. Common Stock",$28.87,0.11,0.382%,"883,303,258"
CYRX,"CryoPort, Inc. Common Stock",$17.40,-0.09,-0.515%,"881,294,340"
MAKO,Mako Mining Corp Common Stock,$10.04,-0.03,-0.298%,"879,563,326"
HTLD,"Heartland Express, Inc. Common Stock",$11.37,-0.31,-2.654%,"879,271,787"
SAFE,Safehold Inc. New Common Stock ,$12.38,-0.53,-4.105%,"876,705,546"
RJET,Republic Airways Holdings Inc. Common Stock,$18.72,UNCH,--,"876,461,040"
FMN,Federated Hermes Premier Municipal Income Fund,$10.16,-0.10,-0.975%,"876,349,276"
SLBT,SL Science Holding Limited Ordinary Shares,$1.56,-0.10,-6.024%,"874,785,221"
NAVI,Navient Corporation Common Stock,$9.30,0.14,1.528%,"872,189,600"
CIM,Chimera Investment Corporation Common Stock,$10.41,-0.34,-3.163%,"871,440,025"
MCS,Marcus Corporation (The) Common Stock,$28.26,0.46,1.655%,"871,316,813"
AEBI,Aebi Schmidt Holding AG Common Stock ,$11.22,-0.38,-3.276%,"870,665,088"
TBLA,Taboola.com Ltd. Ordinary Shares,$3.45,0.05,1.471%,"869,799,351"
KOP,Koppers Holdings Inc. Common Stock,$45.96,-0.30,-0.649%,"869,175,665"
RPD,"Rapid7, Inc. Common Stock",$12.85,-0.24,-1.833%,"866,098,224"
BUUU,BUUU Group Limited Class A Ordinary Share,$45.915,-1.06,-2.257%,"865,382,963"
EGBN,"Eagle Bancorp, Inc. Common Stock",$28.32,0.26,0.927%,"863,306,115"
RERE,ATRenew Inc. American Depositary Shares (every three of which representing two Class A ordinary shares),$3.93,-0.05,-1.256%,"861,711,434"
SMBK,"SmartFinancial, Inc. Common Stock",$50.30,0.38,0.761%,"860,053,192"
VRTS,"Virtus Investment Partners, Inc. Common Stock",$129.82,1.82,1.422%,"859,757,616"
ARDX,"Ardelyx, Inc. Common Stock",$3.45,-0.03,-0.862%,"859,697,123"
GSBC,"Great Southern Bancorp, Inc. Common Stock",$78.83,0.82,1.051%,"859,050,477"
KBDC,"Kayne Anderson BDC, Inc. Common Stock",$12.99,-0.09,-0.688%,"857,831,152"
EIG,Employers Holdings Inc Common Stock,$47.57,-0.22,-0.46%,"854,381,270"
HQ,Horizon Quantum Holdings Ltd. Class A Ordinary Shares,$15.80,0.93,6.254%,"852,758,864"
LANDP,Gladstone Land Corporation 6.00% Series C Cumulative Redeemable Preferred Stock,$19.75,-0.18,-0.903%,"851,947,317"
AIO,Virtus Artificial Intelligence & Technology Opportunities Fund Common Shares of Beneficial Interest,$24.78,-0.17,-0.681%,"850,969,286"
LANDO,Gladstone Land Corporation 6.00% Series B Cumulative Redeemable Preferred Stock,$19.72,-0.17,-0.855%,"850,653,220"
GRPN,"Groupon, Inc. Common Stock",$20.89,0.85,4.242%,"849,498,033"
INR,"Infinity Natural Resources, Inc. Class A Common Stock",$13.38,0.35,2.686%,"848,589,812"
CODI,D/B/A Compass Diversified Holdings Shares of Beneficial Interest,$11.25,-0.10,-0.881%,"846,404,618"
PUBM,"PubMatic, Inc. Class A Common Stock",$18.55,1.095,6.273%,"844,953,632"
CCBG,Capital City Bank Group Common Stock,$49.31,0.56,1.149%,"843,856,675"
AVTX,"Avalo Therapeutics, Inc. Common Stock",$15.72,0.42,2.745%,"843,063,427"
HEPS,D-Market Electronic Services & Trading American Depositary Shares,$2.36,-0.16,-6.349%,"843,051,472"
HSHP,Himalaya Shipping Ltd. Common Shares,$18.03,-0.15,-0.825%,"842,902,500"
CVLG,"Covenant Logistics Group, Inc. Class A Common Stock",$33.16,-0.99,-2.899%,"841,527,118"
TIGR,UP Fintech Holding Ltd American Depositary Share representing fifteen Class A Ordinary Shares,$4.70,-0.01,-0.212%,"839,893,107"
SVC,Service Properties Trust Common Shares of Beneficial Interest,$6.48,-0.07,-1.069%,"839,221,482"
MTAL,Metals Acquisition Corp. II Class A Ordinary Shares,$10.16,-0.01,-0.098%,"837,814,265"
IMMX,"Immix Biopharma, Inc. Common Stock",$11.70,-0.22,-1.846%,"837,009,974"
YALA,"Yalla Group Limited American Depositary Shares, each representing one Class A Ordinary Share",$5.51,0.05,0.916%,"836,577,718"
BLZE,"Backblaze, Inc. Class A Common Stock",$13.505,-0.555,-3.947%,"835,959,500"
BHFAO,"Brighthouse Financial, Inc. Depositary Shares 6.75% Non-Cumulative Preferred Stock, Series B",$14.52,-0.06,-0.412%,"835,067,895"
OGG,Osisko Gold Group Inc. Common Shares,$2.73,0.04,1.487%,"834,937,295"
SMPL,The Simply Good Foods Company Common Stock,$9.43,-0.16,-1.668%,"834,182,939"
SMP,"Standard Motor Products, Inc. Common Stock",$37.33,0.02,0.054%,"833,963,138"
SIBN,"SI-BONE, Inc. Common Stock",$18.52,-0.08,-0.43%,"830,040,009"
ATTO,"Attovia Therapeutics, Inc. Common Stock",$18.17,-0.35,-1.89%,"829,483,431"
SCZM,Santacruz Silver Mining Ltd. Common Shares,$8.92,0.04,0.45%,"829,473,333"
OBX,"Obsidian Therapeutics, Inc. Common Stock",$13.41,-1.85,-12.123%,"828,374,267"
PLTK,Playtika Holding Corp. Common Stock,$2.17,-0.03,-1.364%,"827,677,464"
DAKT,"Daktronics, Inc. Common Stock",$17.21,-0.44,-2.493%,"827,674,507"
LXRX,"Lexicon Pharmaceuticals, Inc. Common Stock",$1.86,-0.20,-9.709%,"827,618,037"
SXC,"SunCoke Energy, Inc. Common Stock",$9.75,-0.20,-2.01%,"827,529,788"
ACDC,ProFrac Holding Corp. Class A Common Stock,$4.54,-0.10,-2.155%,"826,837,339"
AOSL,Alpha and Omega Semiconductor Limited Common Shares,$27.31,-0.40,-1.444%,"826,380,254"
CAPL,CrossAmerica Partners LP Common Units representing limited partner interests,$21.61,-0.32,-1.459%,"824,924,041"
MFA,"MFA Financial, Inc.",$8.16,-0.16,-1.923%,"824,877,574"
QNST,"QuinStreet, Inc. Common Stock",$14.40,0.12,0.84%,"824,016,845"
ORRF,"Orrstown Financial Services, Inc. Common Stock",$41.85,0.81,1.974%,"823,173,848"
ADSE,ADS-TEC ENERGY PLC Ordinary Shares,$10.95,-0.03,-0.273%,"822,670,544"
DSP,Viant Technology Inc. Class A Common Stock,$12.34,0.05,0.407%,"820,595,402"
TCBIO,"Texas Capital Bancshares, Inc. Depositary Shares 5.75% Fixed Rate Non-Cumulative Perpetual Preferred Stock Series B",$18.86,-0.105,-0.554%,"819,926,599"
BHFAP,"Brighthouse Financial, Inc. Depositary Shares 6.6% Non-Cumulative Preferred Stock, Series A",$14.24,-0.04,-0.28%,"818,964,657"
FBYD,"Falcon's Beyond Global, Inc. Class A Common Stock",$6.75,0.07,1.048%,"818,499,924"
HMH,HMH Holding Inc. Class A Common Stock,$18.62,0.07,0.377%,"818,056,238"
GYRE,"Gyre Therapeutics, Inc. Common Stock",$7.33,-0.07,-0.946%,"817,367,193"
MNTN,"MNTN, Inc. Class A Common Stock",$10.91,0.35,3.314%,"816,102,508"
MITK,"Mitek Systems, Inc. Common Stock",$18.08,0.39,2.205%,"815,812,522"
RPC,"Ridgepost Capital, Inc. Class A Common Stock",$7.40,-0.32,-4.145%,"815,764,456"
INMD,InMode Ltd. Ordinary Shares,$14.19,UNCH,--,"815,652,155"
LWLG,"Lightwave Logic, Inc. Common Stock",$5.28,0.01,0.19%,"814,003,106"
FDMT,"4D Molecular Therapeutics, Inc. Common Stock",$14.71,-0.29,-1.933%,"812,642,344"
CRTO,Criteo S.A. Ordinary Shares,$16.56,0.01,0.06%,"811,399,577"
BH,Biglari Holdings Inc. Class B Common Stock,$348.61,1.65,0.476%,"811,058,596"
GERN,Geron Corporation Common Stock,$1.26,0.02,1.613%,"809,516,495"
ABX,"Abacus Global Management, Inc. Class A Common Stock",$8.27,0.45,5.754%,"808,741,899"
TRNS,"Transcat, Inc. Common Stock",$86.13,-2.92,-3.279%,"808,613,762"
GENVR,Gen Digital Inc. Contingent Value Rights,$1.35,-0.52,-27.807%,"808,092,493"
SPFI,"South Plains Financial, Inc. Common Stock",$42.85,-0.25,-0.58%,"807,255,649"
ACHV,"Achieve Life Sciences, Inc. Common Shares",$7.83,UNCH,--,"805,726,497"
ALRS,Alerus Financial Corporation Common Stock,$32.21,0.44,1.385%,"802,915,612"
ARI,"Apollo Commercial Real Estate Finance, Inc",$6.26,UNCH,--,"802,607,702"
SKYH,Sky Harbour Group Corporation Class A Common Stock,$9.83,-0.12,-1.206%,"802,418,064"
SLDB,Solid Biosciences Inc. Common Stock,$7.48,-0.54,-6.733%,"802,044,780"
NAK,"Northern Dynasty Minerals, Ltd. Common Stock",$1.42,0.01,0.709%,"798,212,760"
HIPO,Hippo Holdings Inc. Common Stock,$30.24,0.53,1.784%,"798,014,881"
WRLD,World Acceptance Corporation Common Stock,$170.75,0.68,0.40%,"796,237,985"
SMBC,"Southern Missouri Bancorp, Inc. Common Stock",$72.21,0.88,1.234%,"795,268,877"
PGC,Peapack-Gladstone Financial Corporation Common Stock,$44.82,0.44,0.991%,"794,566,809"
BUR,Burford Capital Limited Ordinary Shares,$3.63,-0.18,-4.724%,"794,286,075"
ACRS,"Aclaris Therapeutics, Inc. Common Stock",$5.38,0.12,2.281%,"791,930,044"
TXO,"TXO Partners, L.P. Common Units Representing Limited Partner Interests",$14.28,0.08,0.563%,"791,774,692"
OLMA,"Olema Pharmaceuticals, Inc. Common Stock",$9.04,0.21,2.378%,"790,978,367"
IBCP,Independent Bank Corporation Common Stock,$35.62,0.32,0.907%,"790,738,888"
FISI,"Financial Institutions, Inc. Common Stock",$40.015,0.355,0.895%,"788,549,995"
WYFI,"WhiteFiber, Inc. Ordinary Shares",$20.26,1.21,6.352%,"787,062,871"
MTUS,Metallus Inc. Common Shares,$18.94,0.22,1.175%,"785,049,439"
JBSS,"John B. Sanfilippo & Son, Inc. Common Stock",$67.05,-0.64,-0.945%,"784,047,901"
KELYB,"Kelly Services, Inc. Class B Common Stock",$22.545,0.235,1.053%,"783,031,655"
VLRS,"Controladora Vuela Compania de Aviacion, S.A.B. de C.V. American Depositary Shares, each representing ten (10) Ordinary Participation Certificates",$6.73,UNCH,--,"781,998,548"
NRGV,"Energy Vault Holdings, Inc. Common Stock",$4.30,-0.13,-2.935%,"781,910,151"
APEI,"American Public Education, Inc. Common Stock",$42.71,1.33,3.214%,"781,658,902"
WVE,"Wave Life Sciences, Inc. Common Stock",$3.96,0.01,0.253%,"780,310,773"
LYTS,LSI Industries Inc. Common Stock,$20.94,0.70,3.458%,"780,252,376"
FOXF,Fox Factory Holding Corp. Common Stock,$18.52,-0.14,-0.75%,"778,414,139"
WEST,Westrock Coffee Company Common Stock,$7.97,-0.11,-1.361%,"778,090,274"
VREX,Varex Imaging Corporation Common Stock,$18.47,0.02,0.108%,"777,587,000"
JBGS,JBG SMITH Properties Common Shares ,$10.41,-0.24,-2.254%,"776,778,044"
IMC,IMC Rare Earths Ltd Ordinary Shares,$7.38,0.30,4.237%,"775,638,000"
DQ,"DAQO New Energy Corp. American Depositary Shares, each representing five ordinary shares",$11.45,-0.46,-3.862%,"774,777,269"
MTW,"Manitowoc Company, Inc. (The) Common Stock",$21.43,-1.05,-4.671%,"772,807,996"
CTO,"CTO Realty Growth, Inc. Common Stock",$20.55,0.30,1.481%,"770,326,080"
IVA,Inventiva S.A. American Depository Shares,$3.26,-0.19,-5.507%,"770,273,459"
CSHR,CoinShares PLC Ordinary Shares,$5.84,-0.02,-0.341%,"769,596,421"
RILYN,"BRC Group Holdings, Inc. 6.50% Senior Notes Due 2026",$25.23,UNCH,--,"769,440,975"
MLAB,"Mesa Laboratories, Inc. Common Stock",$137.50,4.49,3.376%,"769,431,988"
CGBD,"Carlyle Secured Lending, Inc. Common Stock",$11.15,-0.07,-0.624%,"767,171,078"
DSGN,"Design Therapeutics, Inc. Common Stock",$12.24,-0.12,-0.971%,"765,999,408"
BBSI,"Barrett Business Services, Inc. Common Stock",$31.60,-1.01,-3.097%,"765,831,688"
SHBI,Shore Bancshares Inc Common Stock,$22.92,0.18,0.792%,"764,892,566"
HDL,SUPER HI INTERNATIONAL HOLDING LTD. American Depositary Shares,$11.745,UNCH,--,"763,776,176"
HTB,"HomeTrust Bancshares, Inc. Common Stock",$45.73,0.52,1.15%,"763,379,121"
PRAA,"PRA Group, Inc. Common Stock",$20.24,0.13,0.646%,"761,995,641"
SOC,Sable Offshore Corp. Common Stock,$3.97,-0.18,-4.337%,"761,722,201"
WGO,"Winnebago Industries, Inc. Common Stock",$26.90,-0.53,-1.932%,"760,433,222"
AHCO,AdaptHealth Corp. Common Stock,$5.57,-0.13,-2.281%,"759,437,172"
NABL,"N-able, Inc. Common Stock",$4.02,-0.13,-3.133%,"759,402,321"
ABR,Arbor Realty Trust Common Stock,$4.07,-0.12,-2.864%,"759,291,235"
WLKP,Westlake Chemical Partners LP Common Units representing limited partner interests,$21.51,0.16,0.749%,"758,138,857"
APOG,"Apogee Enterprises, Inc. Common Stock",$36.31,-0.47,-1.278%,"757,727,755"
LINC,Lincoln Educational Services Corporation Common Stock,$23.88,-0.21,-0.872%,"757,508,919"
GILT,Gilat Satellite Networks Ltd. Ordinary Shares,$10.02,0.04,0.401%,"756,218,899"
VBNK,VersaBank Common Shares,$23.31,0.25,1.084%,"755,688,731"
RILYG,"BRC Group Holdings, Inc. 5.00% Senior Notes due 2026",$24.7732,0.0138,0.056%,"755,509,915"
FTH,"Faeth Therapeutics, Inc. Common Stock",$29.05,-2.50,-7.924%,"750,664,346"
OBE,Obsidian Energy Ltd. Common Shares,$11.25,0.04,0.357%,"750,662,663"
HYLN,Hyliion Holdings Corp. Class A Common Stock,$4.20,0.06,1.449%,"750,108,316"
MITN,"TPG Mortgage Investment Trust, Inc. 9.500% Senior Notes due 2029",$25.43,UNCH,--,"750,006,583"
MITP,"TPG Mortgage Investment Trust, Inc. 9.500% Senior Notes due 2029",$25.419,-0.001,-0.004%,"749,682,160"
BLDP,"Ballard Power Systems, Inc. Common Shares",$2.13,-0.06,-2.74%,"747,823,204"
MOV,Movado Group Inc. Common Stock,$33.42,0.18,0.542%,"745,675,228"
AVR,Anteris Technologies Global Corp. Common Stock,$7.65,0.03,0.394%,"745,557,326"
CTKB,"Cytek Biosciences, Inc. Common Stock",$5.73,0.05,0.88%,"744,804,040"
GSM,Ferroglobe PLC Ordinary Shares,$3.98,-0.21,-5.012%,"743,704,858"
CSIQ,Canadian Solar Inc. Common Shares (ON),$10.95,-0.39,-3.439%,"742,593,128"
GOOS,Canada Goose Holdings Inc. Subordinate Voting Shares,$7.60,0.08,1.064%,"742,228,920"
ETRA,"Electra Therapeutics, Inc. Common stock",$11.82,-0.85,-6.709%,"741,905,408"
REF,Reformation Inc. Common Stock,$12.55,0.08,0.642%,"741,445,466"
ROOT,"Root, Inc. Class A Common Stock",$47.81,1.05,2.246%,"740,732,378"
CCNEP,"CNB Financial Corporation Depositary Shares, each representing a 1/40th ownership interest in a share of 7.125% Series A Fixed-Rate Non-Cumulative Perpetual Preferred Stock",$25.00,UNCH,--,"740,522,125"
MOMO,Hello Group Inc. American Depositary Shares,$5.01,0.08,1.623%,"740,214,479"
NUAI,"New Era Energy & Digital, Inc. Common Stock",$6.94,-0.05,-0.715%,"739,521,813"
FINV,FinVolution Group American Depositary Shares,$3.13,-0.06,-1.881%,"738,974,226"
WASH,"Washington Trust Bancorp, Inc. Common Stock",$38.72,0.48,1.255%,"738,557,709"
BFS,"Saul Centers, Inc. Common Stock",$29.85,0.06,0.201%,"737,805,465"
BWMN,Bowman Consulting Group Ltd. Common Stock,$42.56,UNCH,--,"737,799,391"
PHAR,"Pharming Group N.V. ADS, each representing 10 ordinary shares",$10.44,-0.33,-3.064%,"737,327,401"
COLL,"Collegium Pharmaceutical, Inc. Common Stock",$22.64,0.19,0.846%,"737,059,078"
PMT,PennyMac Mortgage Investment Trust Common Shares of Beneficial Interest,$8.45,-0.28,-3.207%,"736,859,959"
GPRK,Geopark Ltd Common Shares,$11.34,0.23,2.07%,"735,917,839"
THM,"International Tower Hill Mines, Ltd. Ordinary Shares (Canada)",$2.81,UNCH,--,"735,201,299"
QDEL,QuidelOrtho Corporation Common Stock,$10.69,0.35,3.385%,"733,071,315"
SWIM,"Latham Group, Inc. Common Stock",$6.23,-0.11,-1.735%,"732,935,116"
GEMI,"Gemini Space Station, Inc. Class A Common Stock",$5.65,0.02,0.355%,"732,534,941"
PAYS,"Paysign, Inc. Common Stock",$12.96,0.29,2.289%,"731,749,542"
TASK,"TaskUs, Inc. Class A Common Stock",$7.98,-0.43,-5.113%,"731,662,428"
ADAM,"Adamas Trust, Inc. Common Stock",$8.14,-0.29,-3.44%,"731,621,458"
MFIC,MidCap Financial Investment Corporation Common Stock,$8.875,-0.025,-0.281%,"731,057,074"
GDOT,"Green Dot Corporation Class A Common Stock, $0.001 par value",$12.79,-0.23,-1.767%,"728,840,439"
EVEX,"Eve Holding, Inc. Common Stock",$2.09,0.01,0.481%,"728,336,436"
ASC,Ardmore Shipping Corporation Common Stock,$17.83,0.22,1.249%,"727,510,608"
QVCG,"QVC Group, Inc. Common Stock",$14.55,-0.48,-3.194%,"727,498,501"
LXU,"LSB Industries, Inc. Common Stock",$10.09,-0.18,-1.753%,"726,454,815"
WHK,WhiteHawk Minerals Corp Class A Common Stock,$26.35,-0.13,-0.491%,"725,822,608"
ELVR,Elevra Lithium Limited American Depository Shares,$42.83,-1.07,-2.437%,"725,440,706"
FDUS,Fidus Investment Corporation Common Stock,$19.09,0.01,0.052%,"724,548,809"
GROY,Gold Royalty Corp. Common Shares,$3.13,-0.05,-1.572%,"722,432,799"
BCSF,"Bain Capital Specialty Finance, Inc. Common Stock",$11.12,0.05,0.452%,"721,337,798"
ANNX,"Annexon, Inc. Common Stock",$3.80,-0.07,-1.809%,"720,400,709"
EVC,Entravision Communications Corporation Common Stock,$7.80,-0.08,-1.015%,"719,848,779"
VTS,"Vitesse Energy, Inc. Common Stock",$17.05,0.27,1.609%,"717,878,605"
RCBC,River City Bank Common stock,$50.52,-0.50,-0.98%,"717,369,046"
ESRT,"Empire State Realty Trust, Inc. Class A Common Stock",$4.16,0.03,0.726%,"716,209,075"
CWBC,Community West Bancshares Common Stock,$26.36,0.94,3.698%,"715,175,216"
TCBX,"Third Coast Bancshares, Inc. Common Stock",$42.81,-0.12,-0.28%,"712,999,266"
GEGGL,"Great Elm Group, Inc.  7.25% Notes due 2027",$24.525,-0.32,-1.288%,"711,146,201"
AAC,Ares Acquisition Corporation III Class A Ordinary Shares,$10.07,-0.01,-0.099%,"710,984,898"
PSTL,"Postal Realty Trust, Inc. Class A Common Stock",$23.45,0.05,0.214%,"709,336,072"
BALY,Bally's Corporation Common Stock,$14.05,1.84,15.07%,"709,096,784"
LUCK,Lucky Strike Entertainment Corporation Class A Common Stock,$5.19,-0.09,-1.705%,"707,542,424"
NEWTP,"NewtekOne, Inc. Depositary Shares, Non-Cumulative Perpetual Preferred Stock, Series B",$24.485,0.1913,0.787%,"707,242,639"
INDI,"indie Semiconductor, Inc. Class A Common Stock",$3.05,-0.02,-0.651%,"707,017,093"
VSTM,"Verastem, Inc. Common Stock",$7.80,-0.38,-4.645%,"706,394,840"
NVCT,"Nuvectis Pharma, Inc. Common Stock",$21.63,0.56,2.658%,"705,442,248"
LPTH,"LightPath Technologies, Inc. Class A Common Stock",$10.06,0.25,2.548%,"704,564,695"
SOPH,SOPHiA GENETICS SA Ordinary Shares,$8.26,0.18,2.228%,"703,155,835"
ABTC,American Bitcoin Corp. Class A Common Stock,$9.60,-0.31,-3.128%,"699,069,245"
TRON,Tron Inc. Common Stock,$1.47,UNCH,--,"697,341,634"
MPLT,"MapLight Therapeutics, Inc. Common Stock",$10.76,-0.01,-0.093%,"696,964,001"
OABI,"OmniAb, Inc. Common Stock",$4.79,UNCH,--,"696,420,006"
CASS,"Cass Information Systems, Inc Common Stock",$54.38,0.35,0.648%,"696,398,383"
BLMN,"Bloomin' Brands, Inc. Common Stock",$8.12,-0.43,-5.029%,"695,241,846"
NIE,Virtus Equity & Convertible Income Fund Common Shares of Beneficial Interest,$25.09,-0.32,-1.259%,"695,217,932"
PFLT,PennantPark Floating Rate Capital Ltd. Common Stock,$7.00,-0.02,-0.285%,"694,525,272"
BCAL,California BanCorp Common Stock,$21.59,0.07,0.325%,"694,130,180"
PFIS,Peoples Financial Services Corp. Common Stock,$69.30,0.79,1.153%,"693,718,433"
OFRM,"Once Upon a Farm, PBC Common Stock",$16.50,0.32,1.978%,"692,845,775"
IRWD,"Ironwood Pharmaceuticals, Inc. Class A Common Stock",$4.19,-0.08,-1.874%,"692,355,378"
LEGH,Legacy Housing Corporation Common Stock (TX),$29.08,0.14,0.484%,"691,610,745"
AROW,Arrow Financial Corporation Common Stock,$37.33,0.36,0.974%,"691,490,580"
SSYS,"Stratasys, Ltd. Ordinary Shares (Israel)",$8.02,-0.01,-0.125%,"691,103,763"
NGVC,"Natural Grocers by Vitamin Cottage, Inc. Common Stock",$29.97,0.31,1.045%,"690,692,067"
PSNYW,Polestar Automotive Holding UK PLC Class C-1 ADS (ADW),$4.20,-0.1101,-2.554%,"689,976,542"
PKOH,Park-Ohio Holdings Corp. Common Stock,$47.52,0.71,1.517%,"688,565,275"
MSBI,"Midland States Bancorp, Inc. Common Stock",$33.13,0.74,2.285%,"687,517,471"
IVR,INVESCO MORTGAGE CAPITAL INC Common Stock,$6.38,-0.08,-1.238%,"686,745,860"
XFLT,XAI Floating Rate & Alternative Income Trust Common Shares of Beneficial Interest,$19.36,-0.06,-0.309%,"686,670,780"
MDXG,"MiMedx Group, Inc Common Stock",$4.71,-0.06,-1.258%,"686,531,804"
DBVT,DBV Technologies S.A. American Depositary Shares,$11.60,-0.57,-4.684%,"686,523,206"
HNRG,Hallador Energy Company Common Stock,$14.54,0.03,0.207%,"685,464,411"
FPH,"Five Point Holdings, LLC Class A Common Shares",$4.63,-0.09,-1.907%,"684,682,844"
UAMY,United States Antimony Corporation Common Stock,$4.57,-0.03,-0.652%,"683,989,085"
HELE,Helen of Troy Limited Common Stock,$29.35,-0.18,-0.61%,"683,621,990"
CLYM,"Climb Bio, Inc. Common Stock",$11.89,-0.63,-5.032%,"682,917,072"
SUPV,Grupo Supervielle S.A. American Depositary Shares each Representing five Class B shares,$7.46,-0.15,-1.971%,"681,429,701"
MG,Mistras Group Inc Common Stock,$21.38,0.44,2.101%,"680,950,712"
VLGEA,"Village Super Market, Inc. Class A Common Stock",$45.78,1.12,2.508%,"677,978,498"
CNNE,"Cannae Holdings, Inc. Common Stock",$15.53,-0.26,-1.647%,"673,601,745"
TMS,Teamshares Inc. Common Stock,$9.14,0.64,7.529%,"673,257,116"
HOV,"Hovnanian Enterprises, Inc. Class A Common Stock",$112.94,-2.30,-1.996%,"673,109,977"
MATV,"Mativ Holdings, Inc. Common Stock",$12.17,-0.12,-0.976%,"671,663,493"
BHFAN,"Brighthouse Financial, Inc. Depositary shares, each representing a 1/1,000th interest in a share of 5.375% Non-Cumulative Preferred Stock, Series C",$11.66,-0.115,-0.977%,"670,584,825"
RGR,"Sturm, Ruger & Company, Inc. Common Stock",$41.90,UNCH,--,"669,488,926"
NFGC,New Found Gold Corp Common Shares,$1.74,-0.06,-3.333%,"668,782,135"
ZVRA,"Zevra Therapeutics, Inc. Common Stock",$11.26,-0.06,-0.53%,"668,661,374"
CCB,Coastal Financial Corporation Common Stock,$43.62,-0.29,-0.66%,"666,789,584"
CARE,"Carter Bankshares, Inc. Common Stock",$30.07,0.14,0.468%,"666,469,405"
BHB,"Bar Harbor Bankshares, Inc. Common Stock",$39.73,0.32,0.812%,"666,116,358"
IPX,IperionX Limited American Depositary Share,$19.62,-0.15,-0.759%,"665,871,545"
PZZA,"Papa John's International, Inc. Common Stock",$20.22,0.07,0.347%,"665,676,511"
DGICA,"Donegal Group, Inc. Class A Common Stock",$17.92,-0.21,-1.158%,"665,177,533"
CUBB,"Customers Bancorp, Inc 5.375% Subordinated Notes Due 2034",$21.0242,-0.1958,-0.923%,"664,858,578"
STLN,"Starling Oncology, Inc. Common Stock",$6.51,-0.31,-4.545%,"663,473,909"
NEWTI,"NewtekOne, Inc. 8.00% Fixed Rate Senior Notes due 2028",$25.1573,-0.0677,-0.268%,"662,186,727"
NMFC,New Mountain Finance Corporation Common Stock,$7.01,-0.05,-0.708%,"662,111,254"
NSLRL,Neostellar Capital Corp. 6.00% Notes due 2026,$24.985,-0.005,-0.02%,"661,433,452"
NEWTG,"NewtekOne, Inc. 8.50% Fixed Rate Senior Notes due 2029",$25.11,-0.02,-0.08%,"660,941,704"
SCHL,Scholastic Corporation Common Stock,$34.83,-0.53,-1.499%,"660,542,730"
DNA,"Ginkgo Bioworks Holdings, Inc. Class A Common Stock",$10.25,1.67,19.464%,"659,487,839"
KE,"Kimball Electronics, Inc. Common Stock",$27.48,0.36,1.327%,"659,300,023"
RRBI,"Red River Bancshares, Inc. Common Stock",$100.10,-0.455,-0.452%,"659,069,011"
WOOF,"Petco Health and Wellness Company, Inc. Class A Common Stock",$2.29,-0.02,-0.866%,"655,900,328"
SMWB,Similarweb Ltd. Ordinary Shares,$7.53,-1.05,-12.238%,"654,857,384"
BSTZ,BlackRock Science and Technology Term Trust Common Shares of Beneficial Interest,$29.55,-0.05,-0.169%,"654,763,877"
TBLD,Thornburg Income Builder Opportunities Trust Common Stock,$20.34,-0.14,-0.684%,"652,545,500"
KRNT,Kornit Digital Ltd. Ordinary Shares,$15.17,UNCH,--,"651,802,321"
OSPN,OneSpan Inc. Common Stock,$17.68,-0.33,-1.832%,"651,546,419"
AHG,Akso Health Group ADS,$0.76,-0.0099,-1.286%,"651,095,175"
BLSM,"BlossomHill Therapeutics, Inc. Common Stock",$20.47,-1.87,-8.371%,"650,637,087"
ENVX,Enovix Corporation Common Stock,$2.96,0.02,0.68%,"649,567,664"
BWMX,"Betterware de Mexico, S.A.P.I. de C.V. Ordinary Shares",$16.45,-0.06,-0.363%,"649,529,122"
CCSI,"Consensus Cloud Solutions, Inc. Common Stock",$35.37,-0.43,-1.201%,"648,152,491"
FAC,Factorial Energy Inc. Class A Common Stock,$6.04,-0.40,-6.211%,"646,420,400"
DGICB,"Donegal Group, Inc. Class B Common Stock",$17.41,-1.99,-10.258%,"646,246,700"
BTBT,"Bit Digital, Inc. Ordinary Shares",$1.79,0.02,1.13%,"645,533,970"
ACNB,ACNB Corporation Common Stock,$63.44,0.57,0.907%,"645,180,359"
PKE,Park Aerospace Corp. Common Stock,$29.66,0.11,0.372%,"645,140,918"
DDI,"DoubleDown Interactive Co., Ltd. American Depository Shares",$13.00,UNCH,--,"644,194,720"
TROX,Tronox Holdings plc Ordinary Shares (UK),$4.03,-0.27,-6.279%,"643,591,117"
CGNT,Cognyte Software Ltd. Ordinary Shares,$8.70,-0.03,-0.344%,"642,933,315"
PRTH,"Priority Technology Holdings, Inc. Common Stock",$7.79,-0.01,-0.128%,"642,210,498"
YEXT,"Yext, Inc. Common Stock",$6.47,0.03,0.466%,"640,392,215"
SHEN,Shenandoah Telecommunications Co Common Stock,$11.99,-0.10,-0.827%,"639,842,513"
HIFS,Hingham Institution for Savings Common Stock,$297.19,4.56,1.558%,"638,185,806"
AURA,"Aura Biosciences, Inc. Common Stock",$6.15,0.13,2.159%,"637,784,575"
SLRC,SLR Investment Corp. Common Stock,$11.68,-0.09,-0.765%,"637,198,125"
EVER,"EverQuote, Inc. Class A Common Stock",$18.06,0.43,2.439%,"636,429,903"
HPP,"Hudson Pacific Properties, Inc. Common Stock",$11.71,0.02,0.171%,"635,486,957"
STTK,"Shattuck Labs, Inc. Common Stock",$6.31,-0.05,-0.786%,"633,292,126"
WCCB,West Coast Community Bancorp Common Stock,$60.13,0.02,0.033%,"632,813,111"
TIPT,Tiptree Inc. Common Stock,$16.98,-0.34,-1.963%,"632,329,970"
RILYT,"BRC Group Holdings, Inc. 6.00% Senior Notes Due 2028",$20.73,0.0299,0.144%,"632,204,178"
SMC,Summit Midstream Corporation Common Stock,$31.11,-0.24,-0.766%,"631,784,524"
ANGO,"AngioDynamics, Inc. Common Stock",$15.28,-0.23,-1.483%,"631,558,904"
SWBI,"Smith & Wesson Brands, Inc. Common Stock",$14.08,0.10,0.715%,"631,342,694"
FWRG,"First Watch Restaurant Group, Inc. Common Stock",$10.22,0.02,0.196%,"630,701,086"
MAMA,"Mama's Creations, Inc. Common Stock",$13.37,0.07,0.526%,"630,361,661"
GLAS,Glass House Brands Inc. Subordinate Voting Shares,$7.15,-0.70,-8.917%,"629,185,586"
DLY,DoubleLine Yield Opportunities Fund Common Shares of Beneficial Interest,$13.06,-0.03,-0.229%,"626,171,874"
RSVR,"Reservoir Media, Inc. Common Stock",$9.49,-0.07,-0.732%,"625,682,751"
HTZ,"Hertz Global Holdings, Inc Common Stock",$1.755,0.015,0.862%,"625,572,195"
GDYN,"Grid Dynamics Holdings, Inc. Class A Common Stock",$7.71,0.01,0.13%,"625,488,253"
NGNE,Neurogene Inc. Common Stock ,$31.25,0.32,1.035%,"625,355,688"
EGY,"VAALCO Energy, Inc.  Common Stock",$5.94,0.10,1.712%,"624,839,161"
CLDT,Chatham Lodging Trust (REIT) Common Shares of Beneficial Interest,$13.40,0.32,2.446%,"623,979,228"
GAIN,Gladstone Investment Corporation Business Development Company,$15.65,0.01,0.064%,"623,213,784"
VTEX,VTEX Class A Common Shares,$3.60,-0.01,-0.277%,"622,776,524"
MGRE,"Affiliated Managers Group, Inc. 6.750% Junior Subordinated Notes due 2064",$21.8888,0.1388,0.638%,"621,905,965"
PHR,"Phreesia, Inc. Common Stock",$10.00,0.32,3.306%,"620,709,440"
RMT,"Royce Micro-Cap Trust, Inc. Common Stock",$13.39,-0.13,-0.962%,"619,543,343"
INN,"Summit Hotel Properties, Inc. Common Stock",$5.72,0.05,0.882%,"616,921,808"
FWDI,"Forward Industries, Inc. Common Stock",$8.35,0.29,3.598%,"616,621,473"
ISOU,IsoEnergy Ltd. Common Shares,$9.44,-0.36,-3.673%,"615,878,429"
EFSCP,"Enterprise Financial Services Corporation Depositary Shares Each Representing a 1/40th Interest in a Share of 5% Fixed Rate Non-Cumulative Perpetual Preferred Stock, Series A",$16.9768,0.2768,1.657%,"614,433,174"
LMB,"Limbach Holdings, Inc. Common Stock",$51.33,0.21,0.411%,"612,109,891"
MLR,"Miller Industries, Inc. Common Stock",$53.84,-0.35,-0.646%,"611,201,587"
VEL,"Velocity Financial, Inc. Common Stock",$15.40,-0.42,-2.655%,"608,014,438"
GOOD,Gladstone Commercial Corporation Real Estate Investment Trust,$12.56,-0.01,-0.08%,"607,998,213"
VINP,Vinci Compass Investments Ltd. Class A Common Shares,$9.28,-0.05,-0.536%,"607,117,069"
CTGO,Contango Silver & Gold Inc. Common Stock,$18.13,-0.25,-1.36%,"606,279,728"
FBRT,"Franklin BSP Realty Trust, Inc. Common Stock",$7.30,-0.16,-2.145%,"606,231,537"
NXP,Nuveen Select Tax Free Income Portfolio Common Stock,$12.95,-0.23,-1.745%,"606,048,513"
BAK,Braskem SA ADR,$1.52,-0.02,-1.299%,"605,877,954"
CRMD,CorMedix Inc. Common Stock,$7.77,0.08,1.04%,"605,627,397"
ARRY,"Array Technologies, Inc. Common Stock",$3.93,0.07,1.813%,"605,250,230"
OOMA,"Ooma, Inc. Common Stock",$21.92,-0.13,-0.59%,"604,992,000"
AQST,"Aquestive Therapeutics, Inc. Common Stock",$4.82,0.12,2.553%,"604,966,143"
KRNY,Kearny Financial Corp Common Stock,$9.30,-0.04,-0.428%,"603,843,253"
FOF,"Cohen & Steers Closed-End Opportunity Fund, Inc. Common Stock",$12.28,-0.05,-0.406%,"603,422,352"
RMR,The RMR Group Inc. Class A Common Stock,$18.78,-0.04,-0.213%,"602,466,644"
TLRY,"Tilray Brands, Inc. Common Stock ",$4.07,-0.04,-0.973%,"601,473,314"
NTGR,"NETGEAR, Inc. Common Stock",$22.12,-0.12,-0.54%,"601,199,945"
ELMT,The Elmet Group Co. Common Stock,$19.73,-0.85,-4.13%,"600,965,896"
MATW,Matthews International Corporation Class A Common Stock,$19.22,-0.49,-2.486%,"599,917,185"
BME,Blackrock Health Sciences Trust,$44.98,0.36,0.807%,"599,719,150"
RILYZ,"BRC Group Holdings, Inc. 5.25% Senior Notes due 2028",$19.65,-0.02,-0.102%,"599,267,347"
CTMX,"CytomX Therapeutics, Inc. Common Stock",$2.75,-0.03,-1.079%,"599,223,031"
GRNT,"Granite Ridge Resources, Inc. Common Stock",$4.54,0.03,0.665%,"598,827,099"
MNPR,Monopar Therapeutics Inc. Common Stock,$88.84,-0.54,-0.604%,"596,309,360"
MTC,"MMTec, Inc. Common Shares",$5.96,-0.96,-13.873%,"593,543,354"
SWRD,Stewards Inc Common Stock,$2.81,0.39,16.116%,"593,331,396"
FLGT,"Fulgent Genetics, Inc. Common Stock",$21.55,0.28,1.316%,"592,954,564"
RYAM,Rayonier Advanced Materials Inc. Common Stock,$8.75,-0.39,-4.267%,"591,886,820"
ALOY,REalloys Inc. Common Stock,$8.52,-0.15,-1.73%,"591,449,292"
ALT,"Altimmune, Inc. Common Stock",$3.04,-0.15,-4.702%,"591,333,811"
SSII,SS Innovations International Inc. Common Stock,$2.95,-0.16,-5.145%,"591,137,033"
KIDS,OrthoPediatrics Corp. Common Stock,$22.64,0.31,1.388%,"591,125,600"
GCBC,"Greene County Bancorp, Inc. Common Stock",$34.70,0.12,0.347%,"590,784,330"
ONT,"Onterris, Inc. Common Stock",$16.82,-0.20,-1.175%,"590,675,072"
VALN,Valneva SE American Depositary Shares,$6.22,-0.13,-2.047%,"590,188,550"
AGNT,"AGNT, Inc. Common Stock",$3.53,-0.01,-0.282%,"589,926,318"
SPT,"Sprout Social, Inc Class A Common Stock",$9.72,-0.235,-2.361%,"588,956,301"
FBIZ,"First Business Financial Services, Inc. Common Stock",$70.20,0.88,1.269%,"587,456,064"
WEAV,"Weave Communications, Inc. Common Stock",$7.34,-0.02,-0.272%,"587,193,533"
CBNK,"Capital Bancorp, Inc. Common Stock",$35.98,0.36,1.011%,"586,130,607"
OIO,OIO Group Ordinary Shares,$1.679,-0.186,-9.973%,"584,329,119"
BHFAM,"Brighthouse Financial, Inc. Depositary shares each representing a 1/1,000th Interest in a Share of 4.625% Non-Cumulative Preferred Stock, Series D",$10.16,-0.07,-0.684%,"584,317,480"
WTI,"W&T Offshore, Inc. Common Stock",$3.86,0.12,3.209%,"582,639,795"
METC,"Ramaco Resources, Inc. Class A Common Stock",$9.14,-0.14,-1.509%,"582,065,124"
WHFCL,"WhiteHorse Finance, Inc. 7.875% Notes due 2028",$25.04,-0.04,-0.159%,"582,006,924"
CLMB,"Climb Global Solutions, Inc. Common Stock",$31.16,0.53,1.73%,"581,465,511"
GMRS,GMR Solutions Inc. Class A Common Stock,$10.76,-0.24,-2.182%,"581,273,610"
ENHA,Enhanced Group Inc. Class A Common Stock,$1.47,0.07,5.00%,"581,202,811"
BXC,Bluelinx Holdings Inc. Common Stock,$73.82,-5.99,-7.505%,"580,241,219"
VMO,Invesco Municipal Opportunity Trust Common Stock,$8.60,-0.25,-2.825%,"579,989,891"
GOTU,Gaotu Techedu Inc. American Depositary Shares,$2.43,0.11,4.741%,"579,413,676"
MAX,"MediaAlpha, Inc. Class A Common Stock",$9.45,0.06,0.639%,"578,944,592"
NCDL,Nuveen Churchill Direct Lending Corp. Common Stock,$11.71,-0.08,-0.679%,"578,322,531"
ALLO,"Allogene Therapeutics, Inc. Common Stock",$1.67,UNCH,--,"576,969,771"
BWB,"Bridgewater Bancshares, Inc. Common Stock",$20.68,0.20,0.977%,"576,637,460"
PAR,PAR Technology Corporation Common Stock,$13.94,-0.74,-5.041%,"576,596,150"
IBEX,IBEX Limited Common Shares,$43.22,0.56,1.313%,"573,902,561"
PHAT,"Phathom Pharmaceuticals, Inc. Common Stock",$7.08,0.095,1.36%,"572,778,613"
KELYA,"Kelly Services, Inc. Class A Common Stock",$16.41,-0.04,-0.243%,"569,951,185"
DDD,3D Systems Corporation Common Stock,$3.43,-0.08,-2.279%,"569,884,303"
SFST,"Southern First Bancshares, Inc. Common Stock",$60.16,0.31,0.518%,"569,820,781"
CD,Chaince Digital Holdings Inc. Ordinary Shares,$5.17,0.89,20.794%,"568,719,646"
CARS,Cars.com Inc. Common Stock ,$10.61,0.26,2.512%,"567,982,096"
XMAX,"XMAX, Inc. Common Stock",$8.75,0.04,0.459%,"567,661,728"
HNST,"The Honest Company, Inc. Common Stock",$5.28,0.10,1.931%,"566,461,521"
ADTN,"ADTRAN Holdings, Inc. Common Stock",$6.935,-0.175,-2.461%,"565,073,558"
EBF,"Ennis, Inc. Common Stock",$22.31,0.20,0.905%,"564,404,448"
LOT,Lotus Technology Inc. American Depositary Shares,$0.8788,0.0018,0.205%,"564,268,582"
IIIN,"Insteel Industries, Inc. Common Stock",$29.13,-0.40,-1.355%,"563,905,735"
BRBI,BRBI BR Partners S.A. ADSs,$11.24,UNCH,--,"563,534,777"
CIVB,"Civista Bancshares, Inc. Common Stock",$27.06,0.47,1.768%,"562,692,080"
JBI,"Janus International Group, Inc. Common Stock",$4.12,-0.14,-3.286%,"562,115,455"
TMQ,Trilogy Metals Inc. Common Stock,$3.25,-0.06,-1.813%,"561,423,327"
FBIOP,"Fortress Biotech, Inc. 9.375% Series A Cumulative Redeemable Perpetual Preferred Stock",$16.825,-0.225,-1.32%,"561,130,457"
SGMT,Sagimet Biosciences Inc. Series A Common Stock,$9.11,-1.31,-12.572%,"561,095,458"
ENRD,Einride AB American Depositary Shares,$3.825,-0.055,-1.418%,"561,086,607"
MGR,"Affiliated Managers Group, Inc. 5.875% Junior Subordinated Notes due 2059",$19.72,0.15,0.766%,"560,285,882"
YB,Yuanbao Inc. American Depositary Shares,$12.13,-0.08,-0.655%,"558,952,838"
DCBO,Docebo Inc. Common Shares,$22.37,-0.22,-0.974%,"558,077,678"
DCTH,"Delcath Systems, Inc. Common Stock",$16.08,0.12,0.752%,"557,956,624"
KDK,"Kodiak AI, Inc. Common Stock ",$2.78,-0.19,-6.397%,"557,718,513"
ARQQ,Arqit Quantum Inc. Ordinary Shares,$23.12,0.58,2.573%,"556,974,325"
PRME,"Prime Medicine, Inc. Common Stock",$3.07,-0.06,-1.917%,"556,826,948"
UNTY,"Unity Bancorp, Inc. Common Stock",$55.33,-1.73,-3.032%,"555,655,841"
AGCC,Agencia Comercial Spirits Ltd Class A Ordinary Shares,$14.895,0.685,4.821%,"555,382,418"
HY,"Hyster-Yale, Inc. Class A common stock",$30.82,-2.07,-6.294%,"552,614,527"
TITN,Titan Machinery Inc. Common Stock,$23.48,-0.74,-3.055%,"552,552,422"
MSIF,"MSC Income Fund, Inc. Common Stock",$12.17,-0.24,-1.934%,"551,851,437"
CMDB,Costamare Bulkers Holdings Limited Common Stock,$22.80,0.48,2.151%,"551,314,762"
ITRG,Integra Resources Corp. Common Shares,$2.71,-0.08,-2.867%,"549,786,020"
NVRI,Enviri Corporation Common Stock,$19.43,UNCH,--,"547,734,012"
NRIM,Northrim BanCorp Inc Common Stock,$24.62,0.09,0.367%,"547,666,139"
BMM,Blue Moon Metals Inc. Common Shares,$5.22,-0.04,-0.76%,"547,384,865"
BWBBP,"Bridgewater Bancshares, Inc. Depositary Shares, Each Representing a 1/100th Interest in a Share of 5.875% Non-Cumulative Perpetual Preferred Stock, Series A",$19.6301,0.0901,0.461%,"547,362,234"
SENS,"Senseonics Holdings, Inc. Common Stock",$10.34,0.365,3.659%,"546,717,708"
OCS,Oculis Holding AG Ordinary shares,$9.41,-0.58,-5.806%,"545,633,562"
EVO,Evotec SE American Depositary Shares,$1.53,-0.01,-0.649%,"544,306,013"
ITIC,Investors Title Company Common Stock,$287.24,-3.62,-1.245%,"542,307,971"
AUXX,Gold X2 Mining Inc. Common Shares,$5.335,-0.195,-3.526%,"539,820,951"
EPRX,Eupraxia Pharmaceuticals Inc. Common Stock,$8.16,0.02,0.246%,"537,798,117"
UHT,Universal Health Realty Income Trust Common Stock,$38.68,0.28,0.729%,"537,601,097"
NOAH,Noah Holdings Limited American Depositary Shares,$8.00,UNCH,--,"536,413,256"
SLDP,"Solid Power, Inc. Class A Common Stock",$2.35,UNCH,--,"536,225,848"
CWH,"Camping World Holdings, Inc. Class A Common Stock",$5.19,-0.17,-3.172%,"536,100,614"
SDHC,Smith Douglas Homes Corp. Class A Common Stock,$10.50,0.18,1.744%,"533,698,001"
PANL,Pangaea Logistics Solutions Ltd. Common Shares,$8.15,-0.07,-0.852%,"533,611,242"
HBCP,"Home Bancorp, Inc. Common Stock",$67.72,0.55,0.819%,"533,007,190"
INDP,"Indaptus Therapeutics, Inc. Common Stock",$4.00,0.23,6.101%,"532,969,296"
HUYA,"HUYA Inc. American depositary shares, each  representing one Class A ordinary share",$2.33,0.01,0.431%,"532,092,997"
OPFI,OppFi Inc. Class A Common Stock,$6.24,-0.04,-0.637%,"531,699,461"
DDL,Dingdong (Cayman) Limited American Depositary Shares (each two representing three Ordinary Shares),$2.25,-0.03,-1.316%,"531,512,291"
WRN,Western Copper and Gold Corporation Common Stock,$2.35,-0.04,-1.674%,"531,512,251"
NPB,"Northpointe Bancshares, Inc. Common Stock",$15.35,-0.18,-1.159%,"530,831,275"
ETD,Ethan Allen Interiors Inc. Common Stock,$21.05,0.03,0.143%,"530,512,688"
GFUZ,General Fusion Group Ltd. Common Shares,$8.34,-0.34,-3.917%,"529,996,333"
NDMO,Nuveen Dynamic Municipal Opportunities Fund Common Shares of Beneficial Interest,$8.90,0.01,0.112%,"529,240,583"
CBIO,"Crescent Biopharma, Inc. Common Stock",$14.24,0.05,0.352%,"528,929,706"
BWAY,BrainsWay Ltd. American Depositary Shares,$13.21,-0.24,-1.784%,"528,836,273"
DRUG,Bright Minds Biosciences Inc. Common Stock,$53.51,-4.41,-7.614%,"527,825,904"
BSVN,Bank7 Corp. Common stock,$55.29,0.19,0.345%,"526,684,578"
MSBIP,"Midland States Bancorp, Inc. Depositary Shares Each Representing a 1/40th Interest in a Share of 7.750% Fixed-Rate Reset Non-Cumulative Perpetual Preferred Stock, Series A",$25.355,0.05,0.198%,"526,169,800"
BWFG,"Bankwell Financial Group, Inc. Common Stock",$66.00,0.54,0.825%,"526,150,152"
CERS,Cerus Corporation Common Stock,$2.61,0.01,0.385%,"525,979,984"
SD,"SandRidge Energy, Inc. Common Stock",$14.17,0.14,0.998%,"525,356,944"
SLN,Silence Therapeutics Plc American Depository Share,$11.22,-0.29,-2.52%,"525,096,000"
NRDS,"NerdWallet, Inc. Class A Common Stock",$8.20,0.10,1.235%,"524,170,027"
GAU,Galiano Gold Inc.,$2.00,-0.06,-2.913%,"523,183,528"
AGMB,AgomAb Therapeutics NV American Depositary Shares,$10.58,-0.185,-1.719%,"521,043,576"
IIM,Invesco Value Municipal Income Trust Common Stock,$11.06,-0.39,-3.406%,"520,576,935"
RFI,"Cohen & Steers Total Return Realty Fund, Inc. Common Stock",$10.58,-0.03,-0.283%,"519,886,684"
EOLS,"Evolus, Inc. Common Stock",$7.86,-0.14,-1.75%,"519,156,458"
MEI,"Methode Electronics, Inc. Common Stock",$14.56,-0.27,-1.821%,"518,991,972"
TCMD,"Tactile Systems Technology, Inc. Common Stock",$22.89,0.46,2.051%,"518,510,827"
BRSP,"BrightSpire Capital, Inc. Class A Common Stock",$4.09,0.04,0.988%,"517,483,896"
ROMA,Roma Green Finance Limited Class A Ordinary Shares,$8.6861,-0.2339,-2.622%,"517,383,820"
DNUT,"Krispy Kreme, Inc. Common Stock",$2.98,-0.04,-1.325%,"517,030,000"
LAES,SEALSQ Corp Ordinary Shares,$2.32,0.02,0.87%,"516,835,678"
NVEC,NVE Corporation Common Stock,$106.65,-2.17,-1.994%,"515,883,754"
NXRT,"NexPoint Residential Trust, Inc. Common Stock",$20.18,-0.56,-2.70%,"515,595,226"
NB,NioCorp Developments Ltd. Common Stock,$3.54,0.03,0.855%,"515,378,150"
BSRR,Sierra Bancorp Common Stock,$39.65,0.25,0.635%,"513,998,691"
KMDA,Kamada Ltd. Ordinary Shares,$8.83,0.06,0.684%,"509,581,993"
ARVN,"Arvinas, Inc. Common Stock",$7.79,-0.04,-0.511%,"509,358,428"
SLI,Standard Lithium Ltd. Common Shares,$2.06,-0.08,-3.738%,"508,375,374"
AUTL,Autolus Therapeutics plc American Depositary Share,$1.91,-0.04,-2.051%,"508,370,451"
TRTX,"TPG RE Finance Trust, Inc. Common Stock",$6.62,-0.20,-2.933%,"508,210,840"
CSV,"Carriage Services, Inc. Common Stock",$31.98,0.26,0.82%,"507,915,826"
PROK,ProKidney Corp. Class A Ordinary Shares,$1.68,0.03,1.818%,"507,902,060"
PBYI,Puma Biotechnology Inc Common Stock,$9.82,0.54,5.819%,"506,909,048"
JKS,JinkoSolar Holding Company Limited American Depositary Shares (each representing 4 Common Shares),$9.67,-0.24,-2.422%,"506,419,718"
BDN,Brandywine Realty Trust Common Stock,$2.89,-0.02,-0.687%,"504,527,232"
NWCLW,newcleo plc Warrants,$0.99,0.04,4.211%,"504,285,141"
ILPT,Industrial Logistics Properties Trust Common Shares of Beneficial Interest,$7.52,0.05,0.669%,"501,929,025"
HBB,Hamilton Beach Brands Holding Company Class A Common Stock ,$37.31,2.73,7.895%,"501,533,407"
OIS,"Oil States International, Inc. Common Stock",$8.31,UNCH,--,"501,280,964"
OBT,"Orange County Bancorp, Inc. Common Stock",$37.38,UNCH,--,"501,189,657"
ESEA,Euroseas Ltd. Common Stock (Marshall Islands),$71.03,-0.54,-0.755%,"501,179,227"
NMCO,Nuveen Municipal Credit Opportunities Fund Common Shares,$9.14,-0.14,-1.509%,"500,611,272"
YORW,York Water Company (The) Common Stock,$30.745,-0.185,-0.598%,"498,947,723"
TKNO,"Alpha Teknova, Inc. Common Stock",$9.29,0.36,4.031%,"498,763,805"
FWRD,Forward Air Corporation Common Stock,$14.75,-0.31,-2.058%,"498,267,715"
CAPR,"Capricor Therapeutics, Inc. Common Stock",$8.57,-0.10,-1.153%,"498,251,136"
SPIR,"Spire Global, Inc. Class A Common Stock",$12.26,0.05,0.41%,"498,030,268"
ETO,Eaton Vance Tax-Advantage Global Dividend Opp Common Stock,$30.33,-0.12,-0.394%,"497,052,226"
AII,"American Integrity Insurance Group, Inc. Common Stock",$25.33,0.36,1.442%,"496,301,506"
AMCX,AMC Global Media Inc. Class A Common Stock,$12.03,0.03,0.25%,"496,237,151"
RILYL,"BRC Group Holdings, Inc. Depositary Shares each representing 1/1000th in a share of 7.375% Series B Cumulative Perpetual Preferred Stock, par value $0.0001",$12.3361,-0.1989,-1.587%,"495,908,198"
MCFT,"MasterCraft Boat Holdings, Inc. Common Stock",$20.37,0.77,3.929%,"495,792,987"
HQL,abrdn Life Sciences Investors Shares of Beneficial Interest,$19.27,-0.29,-1.483%,"494,846,586"
NEXN,Nexxen International Ltd. Ordinary Shares,$8.88,0.25,2.897%,"494,800,518"
WTBA,West Bancorporation Common Stock,$29.03,0.51,1.788%,"494,779,859"
VRRM,Verra Mobility Corporation Class A Common Stock,$3.25,-0.13,-3.846%,"493,944,113"
VGM,Invesco Trust for Investment Grade Municipals Common Stock (DE),$9.07,-0.25,-2.682%,"491,883,950"
COFS,"ChoiceOne Financial Services, Inc. Common Stock",$32.87,0.43,1.326%,"491,587,942"
PBAM,"Private Bancorp of America, Inc. Common Stock",$85.79,-1.46,-1.673%,"491,558,513"
PACB,"Pacific Biosciences of California, Inc. Common Stock",$1.58,0.17,12.057%,"491,112,599"
OLP,"One Liberty Properties, Inc. Common Stock",$22.48,-0.17,-0.751%,"490,626,540"
PDLB,"Ponce Financial Group, Inc. Common Stock",$20.27,0.09,0.446%,"490,288,753"
KPLT,"Katapult Holdings, Inc. Common Stock",$5.77,-1.33,-18.732%,"489,579,047"
SBC,SBC Medical Group Holdings Incorporated Common Stock,$4.75,-0.10,-2.062%,"488,522,979"
GLRE,"Greenlight Capital Re, Ltd. Class A Ordinary Shares",$14.93,-0.08,-0.533%,"487,335,266"
OVID,Ovid Therapeutics Inc. Common Stock,$2.495,-0.075,-2.918%,"487,268,153"
ENTX,Entera Bio Ltd. Ordinary Shares,$2.80,-0.01,-0.356%,"486,982,798"
TATT,TAT Technologies Ltd. Ordinary Shares,$37.39,-0.78,-2.043%,"485,439,492"
SPCE,"Virgin Galactic Holdings, Inc. Common Stock",$3.20,0.08,2.564%,"485,106,890"
VKQ,Invesco Municipal Trust Common Stock,$8.76,-0.20,-2.232%,"484,739,111"
BBCP,"Concrete Pumping Holdings, Inc. Common Stock",$9.60,-0.085,-0.878%,"483,776,832"
FMAO,"Farmers & Merchants Bancorp, Inc. Common Stock",$35.03,0.45,1.301%,"482,473,865"
IPI,"Intrepid Potash, Inc Common Stock",$35.84,-0.88,-2.397%,"482,287,196"
TYG,Tortoise Energy Infrastructure Corporation Common Stock,$40.42,0.04,0.099%,"482,125,839"
ASMB,"Assembly Biosciences, Inc. Common Stock",$23.66,-0.31,-1.293%,"481,731,701"
MFI,mF International Limited Class A Ordinary Shares,$9.60,0.20,2.128%,"481,694,256"
CLB,Core Laboratories Inc. Common Stock,$10.49,-0.14,-1.317%,"481,328,846"
RILYP,"BRC Group Holdings, Inc. Depositary Shares, each representing a 1/1000th fractional interest in a share of Series A Cumulative Perpetual Preferred Stock",$11.94,-0.185,-1.526%,"479,985,075"
NPCE,"Neuropace, Inc. Common Stock",$13.97,-0.24,-1.689%,"479,510,108"
SGHT,"Sight Sciences, Inc. Common Stock",$8.68,0.18,2.118%,"478,163,753"
RGNX,REGENXBIO Inc. Common Stock,$7.24,-0.26,-3.467%,"477,935,510"
GORO,Goldgroup Mining Inc. Common Shares,$3.52,-0.13,-3.562%,"477,469,059"
ALTI,"AlTi Global, Inc. Class A Common Stock",$3.06,0.02,0.658%,"477,186,902"
WNC,Wabash National Corporation Common Stock,$11.71,-0.05,-0.425%,"477,032,296"
QUAD,"Quad Graphics, Inc Class A Common Stock",$9.26,0.01,0.108%,"476,531,657"
MASS,908 Devices Inc. Common Stock,$11.52,0.58,5.302%,"476,164,282"
ARKO,ARKO Corp. Common Stock,$4.23,UNCH,--,"474,545,600"
FTHY,First Trust High Yield Opportunities 2027 Term Fund Common Stock,$12.89,-0.08,-0.617%,"474,003,828"
OPTU,"Optimum Communications, Inc. Class A common stock",$1.04,0.02,1.961%,"473,808,249"
XRN,Chiron Real Estate Inc. Common Stock,$35.78,0.21,0.59%,"473,649,557"
MTLS,Materialise NV American Depositary Shares,$8.01,0.02,0.25%,"473,128,160"
IQI,Invesco Quality Municipal Income Trust Common Stock,$8.94,-0.40,-4.283%,"472,781,145"
KRUS,"Kura Sushi USA, Inc. Class A Common Stock",$38.91,1.71,4.597%,"472,750,119"
IDR,"Idaho Strategic Resources, Inc. Common Stock",$29.80,-0.22,-0.733%,"471,619,866"
TECX,"Tectonic Therapeutic, Inc. Common Stock",$24.12,-0.86,-3.443%,"471,530,708"
GTN,"Gray Media, Inc. Common Stock",$4.57,-0.01,-0.218%,"470,638,630"
CTNM,"Contineum Therapeutics, Inc. Class A Common Stock",$12.49,-0.02,-0.16%,"469,887,939"
GRVY,"GRAVITY Co., Ltd. American Depository Shares",$67.55,0.08,0.119%,"469,398,195"
FPI,Farmland Partners Inc. Common Stock,$10.70,-0.09,-0.834%,"466,848,725"
SRTA,"Strata Critical Medical, Inc. Class A Common Stock",$5.27,-0.11,-2.045%,"466,220,068"
CMCO,Columbus McKinnon Corporation Common Stock,$16.03,-0.48,-2.907%,"462,693,831"
RWT,"Redwood Trust, Inc. Common Stock",$3.68,-0.04,-1.075%,"462,253,750"
IMSR,Terrestrial Energy Inc. Common Stock  ,$4.36,-0.07,-1.58%,"461,877,707"
LXFR,Luxfer Holdings PLC Ordinary Shares,$17.25,-0.02,-0.116%,"461,596,907"
CMCL,Caledonia Mining Corporation Plc Common Shares,$23.87,-0.26,-1.077%,"461,528,336"
MGRB,"Affiliated Managers Group, Inc. 4.750% Junior Subordinated Notes due 2060",$16.2266,0.1066,0.661%,"461,031,181"
MBUU,"Malibu Boats, Inc. Class A Common Stock",$23.42,0.21,0.905%,"460,841,804"
DGXX,Digi Power X Inc. Subordinate Voting Shares,$4.53,0.31,7.346%,"459,311,898"
JOUT,Johnson Outdoors Inc. Class A Common Stock,$43.76,-0.27,-0.613%,"458,590,359"
CZNC,Citizens & Northern Corp Common Stock,$25.48,0.26,1.031%,"456,980,411"
TWI,"Titan International, Inc. (DE) Common Stock",$7.07,-0.17,-2.348%,"456,314,429"
VHI,"Valhi, Inc. Common Stock",$16.05,-0.28,-1.715%,"454,555,148"
ZKH,"ZKH Group Limited American Depositary Shares, each representing thirty-five (35) Class A Ordinary Shares",$2.86,0.05,1.779%,"454,509,247"
ETB,Eaton Vance Tax-Managed Buy-Write Income Fund Eaton Vance Tax-Managed Buy-Write Income Fund Common Shares of Beneficial Interest,$15.44,-0.06,-0.387%,"453,494,385"
WEYS,"Weyco Group, Inc. Common Stock",$47.42,1.35,2.93%,"452,907,614"
ASPI,ASP Isotopes Inc. Common Stock,$2.95,-0.06,-1.993%,"452,262,671"
AHRT,"AH Realty Trust, Inc. Common Stock",$6.06,0.11,1.849%,"452,033,532"
CRMLW,Critical Metals Corp. Warrants,$3.07,0.195,6.783%,"450,948,472"
NRC,NRC Health Common Stock,$20.35,-1.22,-5.656%,"450,133,168"
BMRC,Bank of Marin Bancorp Common Stock,$27.78,0.20,0.725%,"449,876,209"
URG,Ur Energy Inc Common Shares (Canada),$1.13,-0.03,-2.586%,"449,586,004"
EIKN,"Eikon Therapeutics, Inc. Common Stock",$8.29,0.16,1.968%,"449,028,099"
ATNI,"ATN International, Inc. Common Stock",$29.14,0.06,0.206%,"448,853,823"
ADUR,Aduro Clean Technologies Inc. Common Stock,$12.56,-0.12,-0.946%,"448,451,635"
RBB,RBB Bancorp Common Stock,$26.45,0.17,0.647%,"447,427,248"
CIX,CompX International Inc. Common Stock,$36.26,0.60,1.683%,"447,327,183"
CLPT,"ClearPoint Neuro, Inc. Common Stock",$14.61,-0.36,-2.405%,"445,666,756"
CWCO,Consolidated Water Co. Ltd. Ordinary Shares,$27.83,-0.26,-0.926%,"445,638,033"
CDRO,"Codere Online Luxembourg, S.A. Ordinary Shares",$9.80,0.57,6.176%,"445,605,167"
FVR,"FrontView REIT, Inc. Common Stock",$18.22,0.20,1.11%,"445,587,464"
NMG,Nouveau Monde Graphite Inc. Common Shares,$1.35,UNCH,--,"444,361,721"
ORBS,Eightco Holdings Inc. Common Stock,$1.03,-0.03,-2.83%,"442,670,722"
FRBA,First Bank Common Stock,$17.59,0.08,0.457%,"442,114,149"
AMSF,"AMERISAFE, Inc. Common Stock",$23.83,-0.54,-2.216%,"441,714,262"
ASTL,Algoma Steel Group Inc. Common Shares,$4.19,-0.17,-3.899%,"441,578,314"
CBAN,"Colony Bankcorp, Inc. Common Stock",$20.74,0.30,1.468%,"440,122,814"
ASPN,"Aspen Aerogels, Inc. Common Stock",$5.30,-0.38,-6.69%,"439,840,555"
CYPH,Cypherpunk Technologies Inc. Common Stock,$4.08,0.47,13.019%,"439,678,679"
TRC,Tejon Ranch Co Common Stock,$16.26,UNCH,--,"439,368,679"
MNRO,"Monro, Inc. Common Stock",$13.98,-0.04,-0.285%,"437,071,559"
XRX,Xerox Holdings Corporation Common Stock,$3.325,-0.145,-4.179%,"436,620,749"
GLOO,"Gloo Holdings, Inc. Class A Common Stock",$4.77,-0.03,-0.625%,"436,603,066"
CBK,"Commercial Bancgroup, Inc. Common Stock",$31.81,0.34,1.08%,"435,837,399"
MRAM,"Everspin Technologies, Inc. Common Stock",$17.88,0.79,4.623%,"435,378,161"
ADV,Advantage Solutions Inc. Class A Common Stock,$33.95,0.41,1.222%,"435,314,709"
ULH,"Universal Logistics Holdings, Inc. Common Stock",$16.495,0.245,1.508%,"434,936,943"
GUT,Gabelli Utility Trust (The) Common Stock,$5.92,-0.09,-1.498%,"434,522,252"
VCV,Invesco California Value Municipal Income Trust Common Stock,$9.07,-0.28,-2.995%,"434,367,062"
GLAD,Gladstone Capital Corporation Common Stock,$19.22,UNCH,--,"434,238,786"
VITL,"Vital Farms, Inc. Common Stock",$10.09,-0.22,-2.134%,"433,179,057"
AVBC,"Avidia Bancorp, Inc. Common Stock",$21.69,0.06,0.277%,"433,155,937"
HVT,"Haverty Furniture Companies, Inc. Common Stock",$27.74,0.24,0.873%,"432,567,185"
LOCO,"El Pollo Loco Holdings, Inc. Common Stock",$14.21,-0.07,-0.49%,"432,452,035"
KYTX,"Kyverna Therapeutics, Inc. Common Stock",$6.99,-0.08,-1.132%,"432,285,674"
PBFS,"Pioneer Bancorp, Inc. Common Stock",$17.37,-0.08,-0.458%,"431,499,686"
CAL,"Caleres, Inc. Common Stock",$12.49,0.13,1.052%,"430,967,163"
NGS,"Natural Gas Services Group, Inc. Common Stock",$33.30,0.12,0.362%,"429,512,891"
ACIC,American Coastal Insurance Corporation Common Stock,$9.07,-0.04,-0.439%,"428,755,480"
PLBC,Plumas Bancorp,$61.52,0.54,0.886%,"428,118,664"
MEC,"Mayville Engineering Company, Inc. Common Stock",$16.77,-0.68,-3.897%,"427,640,551"
PRTA,Prothena Corporation plc Ordinary Shares,$8.32,-0.36,-4.147%,"427,123,624"
ASIX,AdvanSix Inc. Common Stock ,$15.75,-0.78,-4.719%,"425,268,680"
MAGN,Magnera Corporation Common Stock,$11.85,0.03,0.254%,"424,230,000"
TRX,TRX Gold Corporation Common Stock,$1.29,-0.04,-3.008%,"422,441,472"
EDIT,"Editas Medicine, Inc. Common Stock",$2.75,0.06,2.23%,"422,345,096"
DMAC,DiaMedica Therapeutics Inc. Common Stock,$7.83,0.27,3.571%,"422,238,208"
ALLT,Allot Ltd. Ordinary Shares,$8.62,0.15,1.771%,"421,717,113"
ACTG,Acacia Research Corporation (Acacia Tech) Common Stock,$4.31,-0.01,-0.231%,"420,599,130"
ECX,ECARX Holdings Inc. Class A Ordinary shares,$1.10,0.04,3.774%,"419,165,982"
USCB,"USCB Financial Holdings, Inc. Class A Common Stock",$22.67,0.23,1.025%,"418,816,235"
EVGO,EVgo Inc. Class A Common Stock,$1.33,-0.03,-2.206%,"418,305,908"
HQWWW,Horizon Quantum Holdings Ltd. Warrant,$7.745,0.855,12.409%,"418,013,760"
CTRN,"Citi Trends, Inc. Common Stock",$50.07,-0.49,-0.969%,"417,556,111"
GNE,Genie Energy Ltd. Class B Common Stock Stock,$15.79,-0.05,-0.316%,"415,586,847"
SGU,Star Group L.P. Common Stock,$12.65,-0.14,-1.095%,"415,061,882"
CLFD,"Clearfield, Inc. Common Stock",$30.53,-0.54,-1.738%,"414,718,146"
QNC,Quantum eMotion Corp. Common Shares,$1.89,-0.14,-6.897%,"414,703,176"
AVIR,"Atea Pharmaceuticals, Inc. Common Stock",$5.17,-0.11,-2.083%,"414,658,294"
MGRD,"Affiliated Managers Group, Inc. 4.200% Junior Subordinated Notes due 2061",$14.57,-0.03,-0.205%,"413,963,758"
BLW,Blackrock Limited Duration Income Trust,$11.58,-0.10,-0.856%,"413,536,310"
SPRY,"ARS Pharmaceuticals, Inc. Common Stock",$4.15,-0.03,-0.718%,"412,706,473"
GMTL,Guardian Metal Resources PLC ADS,$10.33,-0.54,-4.968%,"410,714,623"
BTQ,BTQ Technologies Corp. Common Stock,$2.79,0.06,2.198%,"410,355,089"
CHCT,Community Healthcare Trust Incorporated Common Stock,$14.31,0.04,0.28%,"410,036,479"
MNTK,"Montauk Renewables, Inc. Common Stock",$2.88,0.605,26.593%,"409,942,480"
DDT,Dillard's Capital Trust I,$26.2324,-0.0376,-0.143%,"409,735,686"
FISN,"Deep Fission, Inc. Common Stock",$6.95,-0.85,-10.897%,"409,396,269"
LAND,Gladstone Land Corporation Common Stock,$9.49,-0.04,-0.42%,"409,366,078"
BKKT,"Bakkt, Inc. Class A Common Stock",$9.08,0.27,3.065%,"409,230,679"
SCTX,Scribe Therapeutics Inc. Common Stock,$21.61,-4.92,-18.545%,"409,113,605"
PHOE,Phoenix Asia Holdings Limited Ordinary Shares,$18.83,-0.98,-4.947%,"406,728,000"
RLMD,"Relmada Therapeutics, Inc. Common Stock",$3.81,0.03,0.794%,"406,412,113"
CYH,"Community Health Systems, Inc. Common Stock",$2.88,-0.13,-4.319%,"406,106,948"
IRD,"Opus Genetics, Inc. Common Stock",$4.87,0.04,0.828%,"405,163,658"
ISTR,Investar Holding Corporation Common Stock,$29.40,0.04,0.136%,"405,044,564"
FRPH,"FRP Holdings, Inc. Common Stock",$21.08,UNCH,--,"404,700,185"
CARL,"Carlsmed, Inc. Common Stock",$14.82,0.06,0.407%,"404,626,651"
BOC,Boston Omaha Corporation Class A Common Stock,$13.43,0.05,0.374%,"404,599,781"
ARCT,Arcturus Therapeutics Holdings Inc. Common Stock,$14.12,0.82,6.165%,"401,333,734"
NKLR,Terra Innovatum Global N.V. Ordinary shares,$3.63,-0.02,-0.548%,"401,118,296"
RLGT,"Radiant Logistics, Inc. Common Stock",$8.55,-0.12,-1.384%,"400,946,009"
HCMA,HCM III Acquisition Corp. Class A Ordinary Share,$10.30,UNCH,--,"399,768,750"
RMNI,"Rimini Street, Inc. (DE) Common Stock",$4.28,-0.02,-0.465%,"399,563,680"
GALT,Galectin Therapeutics Inc. Common Stock,$3.96,-0.09,-2.222%,"399,364,590"
SAZ,Saratoga Investment Corp 8.50% Notes due 2028,$25.4501,0.1801,0.713%,"398,755,501"
ZURA,Zura Bio Limited Class A Ordinary Shares,$4.16,-0.17,-3.926%,"398,649,210"
GRRR,Gorilla Technology Group Inc. Ordinary shares,$14.36,0.29,2.061%,"398,597,327"
IIIV,"i3 Verticals, Inc. Class A Common Stock",$15.13,0.03,0.199%,"398,251,996"
EVH,"Evolent Health, Inc Class A Common Stock",$3.52,-0.10,-2.762%,"397,968,859"
PKBK,"Parke Bancorp, Inc. Common Stock",$33.78,0.43,1.289%,"397,302,457"
ACCO,Acco Brands Corporation Common Stock,$4.30,0.05,1.176%,"396,922,542"
GREEL,Vulcan Infrastructure and Power Inc. 8.50% Senior Notes due 2026,$25.30,UNCH,--,"396,537,450"
MYGN,"Myriad Genetics, Inc. Common Stock",$4.14,0.13,3.242%,"395,989,530"
CTEV,Claritev Corporation Class A Common Stock,$23.36,-1.68,-6.709%,"395,892,736"
SRZN,"Surrozen, Inc. Common Stock",$33.68,17.52,108.416%,"395,859,833"
CHMG,Chemung Financial Corp Common Stock,$82.09,0.87,1.071%,"395,794,636"
VGZ,Vista Gold Corp Common Stock,$2.71,-0.03,-1.095%,"395,582,348"
TTRX,Turn Therapeutics Inc. Common Stock,$13.26,-0.25,-1.85%,"394,989,410"
FCBM,"First Carolina Financial Services, Inc. Common Stock",$12.71,-0.02,-0.157%,"394,885,109"
CPS,Cooper-Standard Holdings Inc. Common Stock,$22.22,-0.79,-3.433%,"394,831,802"
FSTR,L.B. Foster Company Common Stock,$37.52,0.25,0.671%,"394,701,508"
SAJ,Saratoga Investment Corp 8.00% Notes due 2027,$25.185,-0.005,-0.02%,"394,601,879"
SAY,Saratoga Investment Corp 8.125% Notes due 2027,$25.135,-0.015,-0.06%,"393,818,473"
CGC,Canopy Growth Corporation Common Shares,$0.929,-0.0064,-0.684%,"393,002,000"
TRVG,trivago N.V. American Depositary Shares,$5.545,0.285,5.418%,"391,586,092"
CCOI,"Cogent Communications Holdings, Inc.",$7.64,-0.49,-6.027%,"391,288,223"
SERV,Serve Robotics Inc. Common Stock,$4.51,0.20,4.64%,"391,050,857"
OXM,"Oxford Industries, Inc. Common Stock",$26.07,-0.27,-1.025%,"390,483,603"
RDIB,Reading International Inc Class B Common Stock,$17.03,-0.86,-4.807%,"389,818,863"
STRZ,Starz Entertainment Corp. Common Shares,$22.71,-0.70,-2.99%,"388,889,923"
PRE,Prenetics Global Limited Class A Ordinary Share,$22.93,0.22,0.969%,"388,381,920"
ATLCZ,Atlanticus Holdings Corporation 9.25% Senior Notes due 2029,$25.67,-0.06,-0.233%,"388,270,276"
CINT,CI&T Inc Class A Common Shares,$3.01,-0.03,-0.987%,"387,958,157"
OTLY,Oatly Group AB American Depositary Shares,$12.13,0.01,0.083%,"387,095,690"
PCB,PCB Bancorp Common Stock,$27.54,0.38,1.399%,"386,788,339"
EVN,Eaton Vance Municipal Income Trust Common Stock,$9.75,-0.15,-1.515%,"386,754,839"
FRST,Primis Financial Corp. Common Stock,$15.59,0.10,0.646%,"386,617,532"
USDE,StablecoinX Inc. Class A Common Stock,$14.22,1.35,10.49%,"386,600,974"
MVBF,MVB Financial Corp. Common Stock,$29.80,0.11,0.37%,"386,431,709"
NATH,"Nathan's Famous, Inc. Common Stock",$94.29,-0.11,-0.117%,"386,368,456"
FNLC,"First Bancorp, Inc  (ME) Common Stock",$34.20,0.22,0.647%,"385,856,028"
BNED,"Barnes & Noble Education, Inc Common Stock",$11.13,-0.08,-0.714%,"385,821,227"
AGEN,Agenus Inc. Common Stock,$8.50,0.10,1.19%,"383,876,286"
ATLCL,Atlanticus Holdings Corporation 6.125% Senior Notes due 2026,$25.24,0.03,0.119%,"381,766,333"
OPRT,Oportun Financial Corporation Common Stock,$8.30,-0.18,-2.123%,"381,694,200"
CZFS,"Citizens Financial Services, Inc. Common Stock",$79.33,1.05,1.341%,"381,565,797"
VFF,"Village Farms International, Inc. Common Shares",$3.12,0.085,2.801%,"381,533,247"
TACO,Berto Acquisition Corp. Ordinary Shares,$10.45,UNCH,--,"380,821,324"
TCI,"Transcontinental Realty Investors, Inc. Common Stock",$43.31,1.75,4.211%,"380,000,424"
AIOT,"PowerFleet, Inc. Common Stock",$2.83,-0.07,-2.414%,"379,859,348"
RZLT,"Rezolute, Inc. Common Stock (NV)",$3.94,-0.06,-1.50%,"379,391,784"
SOR,"Source Capital, Inc. Cmn Shs of BI",$45.4138,-0.1962,-0.43%,"378,954,682"
MOVE,"Corvex, Inc. Common Stock",$11.98,0.56,4.904%,"377,996,255"
HTT,"High Templar Tech Limited American depositary shares, each representing one Class A ordinary share",$2.43,-0.01,-0.41%,"377,338,915"
TWIN,"Twin Disc, Incorporated Common Stock",$25.94,0.09,0.348%,"377,139,481"
AUNA,Auna SA Class A Ordinary Shares,$5.09,-0.06,-1.165%,"376,725,992"
MCI,Barings Corporate Investors Common Stock,$18.55,-0.18,-0.961%,"375,854,887"
VOXR,Vox Royalty Corp. Common Stock,$5.40,-0.17,-3.052%,"375,274,534"
SHIP,Seanergy Maritime Holdings Corp. Common Stock,$17.28,-0.28,-1.595%,"374,426,461"
SLP,"Simulations Plus, Inc. Common Stock",$18.46,0.04,0.217%,"373,350,509"
SDHY,PGIM Short Duration High Yield Opportunities Fund Common Shares,$15.13,-0.11,-0.722%,"373,303,337"
OFIX,Orthofix Medical Inc. Common Stock (DE),$9.16,-0.02,-0.218%,"373,110,689"
CCCC,"C4 Therapeutics, Inc. Common Stock",$3.03,-0.05,-1.623%,"372,766,162"
GCO,Genesco Inc. Common Stock,$34.45,0.29,0.849%,"372,754,236"
FENC,Fennec Pharmaceuticals Inc. Common Stock,$10.62,0.11,1.047%,"372,061,080"
RR,Richtech Robotics Inc. Class B Common Stock,$1.64,-0.01,-0.606%,"369,167,187"
VALU,"Value Line, Inc. Common Stock",$39.32,1.15,3.013%,"368,904,093"
OPI,Office Properties Income Trust Common shares of beneficial interest,$16.78,-0.81,-4.605%,"368,381,022"
DIN,"Dine Brands Global, Inc. Common Stock",$29.01,0.33,1.151%,"367,241,942"
DRTSW,Alpha Tau Medical Ltd. Warrant,$3.97,-0.03,-0.75%,"367,138,271"
NWFL,Norwood Financial Corp. Common Stock,$33.66,0.32,0.96%,"366,963,811"
KREF,KKR Real Estate Finance Trust Inc. Common Stock,$6.26,0.20,3.30%,"366,697,954"
NECB,"NorthEast Community Bancorp, Inc. Common Stock",$26.63,0.25,0.948%,"366,590,151"
NPWR,NET Power Inc. Class A Common Stock,$1.63,-0.08,-4.678%,"366,519,454"
WDH,Waterdrop Inc. American Depositary Shares (each representing the right to receive 10 Class A Ordinary Shares),$1.02,-0.03,-2.857%,"366,487,992"
GBLI,"Global Indemnity Group, LLC Class A Common Stock ",$25.03,0.38,1.542%,"366,454,568"
ARTV,"Artiva Biotherapeutics, Inc. Common Stock",$7.49,-0.23,-2.979%,"366,187,006"
CABA,"Cabaletta Bio, Inc. Common Stock",$2.155,-0.065,-2.928%,"365,370,434"
BCBP,"BCB Bancorp, Inc. (NJ) Common Stock",$8.75,0.06,0.69%,"365,328,443"
WSBF,"Waterstone Financial, Inc. Common Stock (MD)",$20.32,-0.01,-0.049%,"365,293,209"
FIP,FTAI Infrastructure Inc. Common Stock ,$3.09,UNCH,--,"365,181,567"
ATLCP,"Atlanticus Holdings Corporation 7.625% Series B Cumulative Perpetual Preferred Stock, no par value per share",$23.958,-0.0374,-0.156%,"363,443,770"
PACK,Ranpak Holdings Corp Class A Common Stock,$4.22,0.04,0.957%,"361,899,980"
RNGR,"Ranger Energy Services, Inc. Class A Common Stock",$15.46,-0.19,-1.214%,"361,795,276"
FLXS,"Flexsteel Industries, Inc. Common Stock",$88.37,3.14,3.684%,"361,587,152"
CLNE,Clean Energy Fuels Corp. Common Stock,$1.64,0.02,1.235%,"361,529,825"
LND,Brasilagro Brazilian Agric Real Estate Co Sponsored ADR (Brazil),$3.52,-0.02,-0.565%,"361,445,723"
GTE,Gran Tierra Energy Inc. Common Stock,$10.18,0.21,2.106%,"360,172,767"
BRCB,"Black Rock Coffee Bar, Inc. Class A Common Stock",$7.19,0.07,0.983%,"360,022,562"
KNOP,KNOT Offshore Partners LP Common Units representing Limited Partner Interests,$10.69,-0.10,-0.927%,"359,829,056"
DSX,Diana Shipping inc. common stock,$2.89,0.01,0.347%,"359,555,596"
VOGX,Vogenx Inc Common Stock,$24.20,-2.66,-9.903%,"359,493,105"
SHOE,"Shoe Station Group, Inc. Common Stock",$13.22,0.11,0.839%,"359,370,034"
CRNC,Cerence Inc. Common Stock,$7.93,-0.14,-1.735%,"358,675,938"
RCEL,"Avita Medical, Inc. Common Stock",$11.58,0.63,5.753%,"358,132,888"
API,"Agora, Inc. American Depositary Shares",$4.27,-0.06,-1.386%,"357,719,250"
OBIO,"Orchestra BioMed Holdings, Inc. Ordinary Shares",$5.95,0.02,0.337%,"357,625,042"
JILL,"J. Jill, Inc. Common Stock",$24.05,-0.10,-0.414%,"357,454,597"
LSAK,"Lesaka Technologies, Inc. Common Stock",$4.15,-0.06,-1.425%,"356,169,990"
VELO,"Velo3D, Inc. Common stock",$11.02,0.05,0.456%,"354,283,280"
SI,"Shoulder Innovations, Inc. Common Stock",$17.01,-0.36,-2.073%,"354,130,459"
BMBL,Bumble Inc. Class A Common Stock,$2.68,UNCH,--,"353,675,082"
VKI,Invesco Advantage Municipal Income Trust II Common Shares of Beneficial Interest (DE),$7.96,-0.20,-2.451%,"353,471,919"
RPAY,Repay Holdings Corporation Class A Common Stock,$3.93,0.13,3.421%,"353,152,343"
CCAP,"Crescent Capital BDC, Inc. Common stock",$9.58,-0.09,-0.931%,"352,984,220"
REI,"Ring Energy, Inc. Common Stock",$1.35,0.02,1.504%,"351,728,469"
NUAIW,"New Era Energy & Digital, Inc. Warrants",$3.30,0.16,5.096%,"351,645,819"
LEO,"BNY Mellon Strategic Municipals, Inc. Common Stock",$5.64,-0.05,-0.879%,"351,320,417"
CION,CION Investment Corporation Common Stock,$7.13,-0.05,-0.696%,"350,815,280"
TSBK,"Timberland Bancorp, Inc. Common Stock",$45.10,0.28,0.625%,"350,682,627"
SWMR,"Swarmer, Inc Common Stock",$21.97,-0.77,-3.386%,"350,135,473"
LZM,Lifezone Metals Limited Ordinary Shares,$3.89,-0.07,-1.768%,"349,767,627"
ENTA,"Enanta Pharmaceuticals, Inc. Common Stock",$12.00,0.05,0.418%,"349,504,824"
ERII,"Energy Recovery, Inc. Common Stock",$6.83,0.03,0.441%,"348,636,496"
BRBS,"Blue Ridge Bankshares, Inc. Common Stock",$3.88,0.07,1.837%,"347,992,750"
FSBW,"FS Bancorp, Inc. Common Stock",$44.255,0.795,1.829%,"347,939,360"
EBS,Emergent BioSolutions Inc. Common Stock,$6.77,0.10,1.499%,"347,120,485"
GEVO,"Gevo, Inc. Common Stock",$1.40,-0.05,-3.448%,"346,131,946"
NOA,North American Construction Group Ltd. Common Shares (no par),$12.49,-0.01,-0.08%,"346,103,670"
FOSL,"Fossil Group, Inc. Common Stock",$5.85,-0.32,-5.186%,"345,957,604"
CUB,Lionheart Holdings Class A Ordinary Shares,$10.88,-0.01,-0.092%,"345,642,107"
ORN,"Orion Group Holdings, Inc. Common",$8.52,-0.48,-5.333%,"345,019,871"
LRMR,"Larimar Therapeutics, Inc. Common Stock",$3.32,-0.545,-14.101%,"344,891,351"
SNDL,SNDL Inc. Common Shares,$1.40,UNCH,--,"344,569,180"
EH,EHang Holdings Limited ADS,$4.54,-0.04,-0.873%,"344,337,943"
NL,"NLI Holdings, Inc. Common Stock",$7.04,0.10,1.441%,"344,247,087"
ARTNA,Artesian Resources Corporation Class A Common Stock,$33.32,-0.43,-1.274%,"344,099,672"
SOHU,Sohu.com Limited American Depositary Shares,$13.18,0.07,0.534%,"343,589,710"
AVBH,"Avidbank Holdings, Inc. Common stock",$31.20,0.08,0.257%,"342,684,576"
PPHC,"Public Policy Holding Company, Inc. Common Stock",$11.44,-0.28,-2.389%,"342,002,106"
TREE,"LendingTree, Inc. Common Stock",$24.34,0.34,1.417%,"341,722,915"
PERI,Perion Network Ltd. Ordinary Shares,$8.68,0.04,0.463%,"341,387,169"
CVEO,Civeo Corporation (Canada) Common Shares,$33.00,-0.20,-0.602%,"341,116,347"
OEC,Orion S.A. Common Shares,$6.02,0.01,0.166%,"340,266,648"
REAX,Real REMAX Group Inc. Common Stock,$15.48,0.35,2.313%,"339,321,600"
OCGN,"Ocugen, Inc. Common Stock",$1.00,UNCH,--,"339,110,401"
CURR,Currenc Group Inc. Ordinary Shares,$3.01,-0.08,-2.589%,"337,968,474"
YDES,YD Bio Limited Ordinary Shares,$4.77,1.54,47.678%,"337,865,520"
BNTC,Benitec Biopharma Inc. Common Stock,$9.64,-0.19,-1.933%,"336,269,479"
VMD,"Viemed Healthcare, Inc. Common Shares",$8.82,0.02,0.227%,"335,938,171"
TCPC,BlackRock TCP Capital Corp. Common Stock,$4.00,-0.04,-0.99%,"335,611,100"
RCKY,"Rocky Brands, Inc. Common Stock",$44.67,-0.15,-0.335%,"334,663,664"
SVIA,"Silvia, Inc. Common Stock",$3.96,-0.07,-1.737%,"333,869,342"
PNRG,PrimeEnergy Resources Corporation Common Stock,$210.85,14.18,7.21%,"333,691,210"
PSFE,Paysafe Limited Common Shares,$6.38,-0.07,-1.085%,"333,134,711"
NNDM,Nano Dimension Ltd. American Depositary Shares,$1.58,0.01,0.637%,"333,125,637"
ZH,"Zhihu Inc. American Depositary Shares, each representing three (3) Class A Ordinary Shares",$3.75,0.25,7.143%,"332,942,865"
GASS,"StealthGas, Inc. Common Stock",$8.94,-0.06,-0.667%,"332,440,033"
LWAY,"Lifeway Foods, Inc. Common Stock",$21.91,-0.40,-1.793%,"330,988,827"
BIOA,"BioAge Labs, Inc. Common Stock",$7.21,-0.68,-8.619%,"330,916,714"
PESI,"Perma-Fix Environmental Services, Inc. Common Stock",$15.57,-0.22,-1.393%,"330,369,725"
IA,"Innovative Solutions and Support, Inc. Common Stock",$18.45,0.32,1.765%,"330,239,742"
BCML,BayCom Corp Common Stock,$30.21,0.57,1.923%,"329,896,735"
EGHT,8x8 Inc Common Stock,$2.28,-0.01,-0.437%,"329,312,942"
CV,"CapsoVision, Inc. Common Stock",$6.17,0.12,1.983%,"328,216,803"
ELA,Envela Corporation Common Stock,$12.62,0.16,1.284%,"327,659,067"
CLW,Clearwater Paper Corporation Common Stock,$20.27,-1.11,-5.192%,"326,909,776"
KTF,DWS Municipal Income Trust,$8.27,-0.03,-0.361%,"326,672,757"
NEWT,"NewtekOne, Inc. Common Stock",$11.30,0.16,1.436%,"326,397,460"
RBBN,Ribbon Communications Inc. Common Stock,$1.82,0.02,1.111%,"325,458,501"
PPT,Franklin Premier Income Trust Shares of Beneficial Interest,$3.27,UNCH,--,"325,457,420"
MPTI,"M-tron Industries, Inc. Common Stock",$74.65,1.14,1.551%,"324,464,433"
IQMXW,IQM Quantum Computers Oyj Warrants to purchase American Depositary Shares,$1.71,-0.03,-1.724%,"324,038,533"
JMSB,"John Marshall Bancorp, Inc. Common Stock",$22.95,0.16,0.702%,"323,873,475"
SMTI,Sanara MedTech Inc. Common Stock,$35.10,-0.05,-0.142%,"322,500,029"
CNCK,Coincheck Group N.V. Ordinary Shares,$1.68,UNCH,--,"322,220,595"
OPAL,OPAL Fuels Inc. Class A Common Stock,$1.84,-0.02,-1.075%,"321,429,600"
FTW,Presidio Production Company Class A Common Stock,$10.26,0.12,1.183%,"321,402,862"
FVCB,"FVCBankcorp, Inc. Common Stock",$17.79,0.11,0.622%,"320,828,507"
ABAT,American Battery Technology Company Common Stock,$2.25,-0.06,-2.597%,"320,799,956"
DBI,Designer Brands Inc. Class A Common Stock,$6.27,0.05,0.804%,"320,543,743"
BBOT,"BridgeBio Oncology Therapeutics, Inc. Common Stock  ",$3.99,-0.17,-4.087%,"319,895,325"
ELVA,Electrovaya Inc. Common Shares,$6.39,-0.06,-0.93%,"319,492,952"
OFSSH,OFS Capital Corporation 4.95% Notes due 2028,$23.84,UNCH,--,"319,410,180"
EVMN,"Evommune, Inc. Common Stock",$8.80,0.03,0.342%,"319,370,594"
IMXI,"International Money Express, Inc. Common Stock",$10.57,-0.86,-7.524%,"319,336,897"
MLP,"Maui Land & Pineapple Company, Inc. Common Stock",$16.06,-0.15,-0.925%,"318,938,029"
CHSCP,CHS Inc. 8%  Cumulative Redeemable Preferred Stock,$25.98,0.10,0.386%,"318,826,638"
EMBC,Embecta Corp. Common Stock,$5.62,0.04,0.717%,"318,426,946"
PRLD,Prelude Therapeutics Incorporated Common Stock,$3.99,-0.32,-7.425%,"318,415,905"
FDBC,"Fidelity D & D Bancorp, Inc. Common Stock",$54.71,0.74,1.371%,"317,783,473"
COSO,"CoastalSouth Bancshares, Inc. Common Stock",$26.57,0.26,0.988%,"317,629,630"
SUJA,"Suja Life, Inc. Class A Common Stock",$8.20,0.13,1.611%,"316,725,098"
AIV,Apartment Investment and Management Company Common Stock,$2.18,-0.02,-0.909%,"316,616,438"
NXH,"Neighborhood Intelligence, Inc. Common Stock",$3.30,-0.05,-1.493%,"315,142,354"
PMO,Franklin Municipal Opportunities Trust Shares of Beneficial Interest,$9.27,-0.15,-1.592%,"315,009,126"
EYPT,"EyePoint, Inc. Common Stock",$3.65,-0.07,-1.882%,"314,674,304"
CDZI,"CADIZ, Inc. Common Stock",$3.71,-0.11,-2.88%,"314,151,948"
CHSCO,CHS Inc. Class B Cumulative Redeemable Preferred Stock,$25.51,-0.14,-0.546%,"313,058,797"
CBNA,"Chain Bridge Bancorp, Inc. Class A Common Stock",$47.41,-1.05,-2.167%,"311,095,744"
ABEO,Abeona Therapeutics Inc. Common Stock,$5.43,-0.10,-1.808%,"310,509,212"
DSC,DSC Holdings Ltd. American Depositary Shares,$6.20,-0.50,-7.463%,"310,449,450"
BDSX,"Biodesix, Inc. Common Stock",$29.40,0.11,0.376%,"310,202,869"
LTRX,"Lantronix, Inc. Common Stock",$6.60,0.20,3.125%,"309,404,040"
BBW,"Build-A-Bear Workshop, Inc. Common Stock",$25.10,-0.86,-3.313%,"309,215,309"
GOGO,Gogo Inc. Common Stock,$2.28,-0.02,-0.87%,"308,957,925"
SLNH,"Soluna Holdings, Inc. Common Stock",$1.25,0.01,0.806%,"308,377,559"
CHSCL,"CHS Inc Class B Cumulative Redeemable Preferred Stock, Series 4",$25.09,-0.005,-0.02%,"307,904,555"
HRZN,Horizon Technology Finance Corporation Common Stock,$4.59,-0.02,-0.434%,"307,685,642"
FCCO,First Community Corporation Common Stock,$32.65,0.40,1.24%,"306,901,217"
HTZWW,"Hertz Global Holdings, Inc Warrant",$0.86,-0.006,-0.693%,"306,548,198"
FVRR,"Fiverr International Ltd. Ordinary Shares, no par value",$8.52,UNCH,--,"306,300,203"
IPSC,"Century Therapeutics, Inc. Common Stock",$1.69,-0.07,-3.977%,"306,017,292"
PRHIZ,"Presurance Holdings, Inc. 9.75% Senior Unsecured Notes due 2028",$25.00,1.50,6.383%,"305,572,025"
LE,"Lands' End, Inc. Common Stock",$10.34,0.06,0.584%,"305,486,552"
FNKO,"Funko, Inc. Class A Common Stock",$5.45,0.13,2.444%,"305,176,925"
SABS,"SAB Biotherapeutics, Inc. Common Stock",$3.35,-0.04,-1.18%,"304,804,333"
AIRJ,AirJoule Technologies Corporation Class A Common Stock,$4.05,-0.09,-2.174%,"304,587,937"
SWKHL,SWK Holdings Corporation 9.00% Senior Notes due 2027,$25.0699,-0.0201,-0.08%,"304,533,878"
TLS,Telos Corporation Common Stock,$4.07,-0.02,-0.489%,"304,178,731"
ALIT,"Alight, Inc. Class A Common Stock",$11.28,-1.26,-10.048%,"303,872,969"
LEGO,Legato Merger Corp. IV Ordinary Shares,$10.00,UNCH,--,"303,070,360"
ELLO,Ellomay Capital Ltd Ordinary Shares (Israel),$21.98,UNCH,--,"302,955,395"
SEG,Seaport Entertainment Group Inc. Common Stock,$23.65,-0.18,-0.755%,"302,945,526"
CHSCN,CHS Inc Preferred Class B Series 2 Reset Rate,$24.665,-0.115,-0.464%,"302,688,954"
CFFI,C&F Financial Corporation Common Stock,$93.01,1.62,1.773%,"302,439,780"
IHRT,"iHeartMedia, Inc. Class A Common Stock",$2.26,-0.09,-3.83%,"302,160,027"
SUPX,SuperX AI Technology Limited Ordinary Shares,$6.99,-0.30,-4.115%,"302,083,580"
MKTW,"MarketWise, Inc. Class A Common Stock",$19.15,0.40,2.133%,"302,081,388"
EFT,Eaton Vance Floating Rate Income Trust Common Shares of Beneficial Interest,$10.38,-0.07,-0.67%,"301,958,508"
PHOS,First Phosphate Corp. American Depositary Shares,$15.92,0.27,1.725%,"301,118,092"
VNDA,Vanda Pharmaceuticals Inc. Common Stock,$4.98,-0.06,-1.19%,"301,104,181"
DUOT,"Duos Technologies Group, Inc. Common Stock",$9.55,0.57,6.347%,"300,562,365"
NODK,"NI Holdings, Inc. Common Stock",$14.73,-0.03,-0.203%,"300,561,570"
METCB,"Ramaco Resources, Inc. Class B Common Stock",$4.71,-0.01,-0.212%,"299,948,221"
AFRI,Forafric Global PLC Ordinary Shares,$11.10,0.06,0.543%,"299,298,347"
PINE,"Alpine Income Property Trust, Inc. Common Stock",$16.98,0.10,0.592%,"299,199,690"
MYFW,"First Western Financial, Inc. Common Stock",$30.58,0.30,0.991%,"298,617,645"
XFOR,"X4 Pharmaceuticals, Inc. Common Stock",$3.00,-0.11,-3.537%,"297,440,229"
NNBR,"NN, Inc. Common Stock",$3.60,-0.26,-6.736%,"297,291,110"
FINS,Angel Oak Financial Strategies Income Term Trust Common Shares of Beneficial Interest,$11.86,-0.13,-1.084%,"297,242,887"
NREF,"NexPoint Real Estate Finance, Inc. Common Stock",$15.76,-0.05,-0.316%,"297,044,937"
SILC,Silicom Ltd Ordinary Shares,$51.62,3.04,6.258%,"296,691,680"
NEGG,"Newegg Commerce, Inc. Common Shares",$14.13,-0.30,-2.079%,"296,354,467"
RCKT,"Rocket Pharmaceuticals, Inc. Common Stock",$2.69,-0.33,-10.927%,"295,293,666"
TMCI,"Treace Medical Concepts, Inc. Common Stock",$4.54,0.03,0.665%,"295,256,866"
SFIX,"Stitch Fix, Inc. Class A Common Stock",$2.21,-0.61,-21.631%,"294,871,142"
HLLY,Holley Inc. Common Stock,$2.43,-0.05,-2.016%,"294,598,967"
OPTX,"Syntec Optics Holdings, Inc. Class A Common Stock",$7.31,-0.27,-3.562%,"294,445,908"
BPRN,"Princeton Bancorp, Inc. Common Stock (PA)",$43.19,0.63,1.48%,"294,262,151"
CHSCM,"CHS Inc Class B Reset Rate Cumulative Redeemable Preferred Stock, Series 3",$23.96,-0.1302,-0.54%,"294,037,192"
FUND,"Sprott Focus Trust, Inc. Common Stock",$9.915,-0.035,-0.352%,"293,816,718"
FGBIP,"First Guaranty Bancshares, Inc. 6.75% Series A Fixed-Rate Non-Cumulative Perpetual Preferred Stock",$17.752,-0.128,-0.716%,"293,601,997"
SOUNW,"SoundHound AI, Inc. Warrant",$0.61,-0.03,-4.688%,"293,412,857"
MOBI,"Mobia Medical, Inc. Common Stock",$8.81,-0.35,-3.821%,"293,294,556"
IKT,"Inhibikase Therapeutics, Inc. Common Stock",$2.10,-0.05,-2.326%,"293,025,390"
TDUP,ThredUp Inc. Class A Common Stock,$2.23,-0.05,-2.193%,"292,874,040"
LAB,Standard BioTools Inc. Common Stock,$0.743,0.001,0.135%,"291,686,054"
TBI,"TrueBlue, Inc. Common Stock",$9.53,-0.28,-2.854%,"290,134,598"
ALTO,"Alto Ingredients, Inc. Common Stock",$3.74,0.01,0.268%,"290,102,689"
LVWR,"LiveWire Group, Inc. Common Stock",$1.41,0.05,3.676%,"289,631,564"
OCCIN,"OFS Credit Company, Inc. 5.25% Series E Term Preferred Stock Due 2026",$24.92,-0.06,-0.24%,"289,483,429"
CUVL,Clinuvel Pharmaceuticals Limited American Depositary Shares,$5.78,-0.01,-0.173%,"289,350,846"
RFMZ,"RiverNorth Flexible Municipal Income Fund II, Inc. Common Stock",$11.88,-0.16,-1.329%,"289,298,861"
TII,Titan Mining Corporation Common Shares,$2.92,-0.27,-8.464%,"289,022,552"
CHAD,DeFi Development Corp. Variable Rate Series C Perpetual Preferred Stock,$8.86,-0.04,-0.449%,"289,020,199"
FULC,"Fulcrum Therapeutics, Inc. Common Stock",$3.785,-0.025,-0.656%,"288,785,118"
RCMT,"RCM Technologies, Inc. Common Stock",$40.59,0.26,0.645%,"288,625,708"
ALCO,"Alico, Inc. Common Stock",$38.86,-0.56,-1.421%,"288,285,280"
TSSI,"TSS, Inc. Common Stock",$10.19,0.91,9.806%,"287,552,323"
SVCO,"Silvaco Group, Inc. Common Stock",$8.46,0.20,2.421%,"286,673,513"
UXIN,Uxin Limited ADS,$1.30,0.21,19.266%,"285,974,339"
XYF,"X Financial American Depositary Shares, each representing six Class A Ordinary Shares",$5.22,-0.01,-0.191%,"285,966,425"
OVLY,Oak Valley Bancorp (CA) Common Stock,$33.97,0.36,1.071%,"285,779,691"
CATX,"Perspective Therapeutics, Inc. Common Stock",$2.50,-0.12,-4.58%,"285,379,158"
ISBA,Isabella Bank Corporation Common stock,$37.40,0.14,0.376%,"285,319,850"
TJGC,TJGC Group Limited Class A Ordinary Shares,$28.20,4.92,21.134%,"284,820,649"
FRD,Friedman Industries Inc. Common Stock,$39.47,0.06,0.152%,"284,688,861"
NC,"NACCO Industries, Inc. Common Stock",$37.72,1.38,3.797%,"284,661,335"
IFRX,InflaRx N.V. Common Stock,$1.93,-0.03,-1.531%,"284,420,667"
GBAB,Guggenheim Taxable Municipal Bond & Investment Grade Debt Trust Common Shares of Beneficial Interest,$12.69,-0.14,-1.091%,"284,216,724"
TLSI,"TriSalus Life Sciences, Inc. Common Stock",$4.61,-0.39,-7.80%,"283,858,906"
ZIP,"ZipRecruiter, Inc. Class A Common Stock",$3.45,-0.13,-3.631%,"283,680,262"
AMRN,Amarin Corporation plc,$13.43,-0.29,-2.114%,"283,679,661"
UPB,"Upstream Bio, Inc. Common Stock",$5.17,-0.02,-0.385%,"283,166,282"
PSQLW,Pasqal Holding SA Warrant,$1.33,-0.02,-1.481%,"282,350,609"
BKTI,BK Technologies Corporation Common Stock,$74.87,0.37,0.497%,"282,214,154"
RWAY,Runway Growth Finance Corp. Common Stock,$6.73,-0.01,-0.148%,"282,053,654"
ATLO,Ames National Corporation Common Stock,$31.81,0.72,2.316%,"281,748,168"
PMTS,CPI Card Group Inc. Common Stock,$24.30,-0.09,-0.369%,"281,685,163"
JAKK,"JAKKS Pacific, Inc. Common Stock",$24.54,0.12,0.491%,"280,860,594"
IMRX,Immuneering Corporation Class A Common Stock,$4.34,-0.04,-0.913%,"280,786,725"
RM,Regional Management Corp. Common Stock,$30.40,-0.32,-1.042%,"280,464,138"
FRAF,Franklin Financial Services Corporation Common Stock,$62.26,1.04,1.699%,"280,143,975"
FNRN,First Northern Community Bancorp Common stock,$17.08,UNCH,--,"280,031,775"
CAN,Canaan Inc. American Depositary Shares,$0.3931,0.0067,1.734%,"279,639,214"
FUNC,First United Corporation Common Stock,$43.30,0.54,1.263%,"279,451,099"
FATE,"Fate Therapeutics, Inc. Common Stock",$2.33,-0.10,-4.115%,"279,181,798"
SAR,Saratoga Investment Corp New,$17.33,-0.13,-0.745%,"278,682,274"
LXEO,"Lexeo Therapeutics, Inc. Common Stock",$3.39,-0.13,-3.693%,"278,136,804"
WNEB,"Western New England Bancorp, Inc. Common Stock",$13.87,0.16,1.167%,"278,036,245"
MTRX,Matrix Service Company Common Stock,$9.80,0.02,0.204%,"277,260,826"
NXDT,NexPoint Diversified Real Estate Trust Common Stock,$5.21,0.05,0.969%,"276,682,401"
LAW,"CS Disco, Inc. Common Stock",$4.25,-0.01,-0.235%,"275,909,001"
EAF,GrafTech International Ltd. Common Stock,$10.57,-0.79,-6.954%,"275,794,173"
QNBC,QNB Corp. Common Stock,$45.55,0.10,0.22%,"275,513,229"
QTTB,Q32 Bio Inc. Common Stock,$9.22,-0.34,-3.556%,"274,474,477"
GBFH,GBank Financial Holdings Inc. Common Stock,$18.89,0.21,1.124%,"274,215,873"
PTLO,Portillo's Inc. Class A Common Stock,$3.61,-0.04,-1.096%,"274,155,039"
PALI,"Palisade Bio, Inc. Common Stock",$1.57,-0.03,-1.875%,"273,604,776"
PMM,Franklin Managed Municipal Income Trust Shares of Beneficial Interest,$5.61,-0.03,-0.532%,"273,424,718"
MGPI,"MGP Ingredients, Inc.",$12.74,-0.20,-1.546%,"272,815,328"
REFI,"Chicago Atlantic Real Estate Finance, Inc. Common Stock",$10.61,-0.08,-0.748%,"271,840,359"
MFIN,Medallion Financial Corp. Common Stock,$11.83,0.29,2.513%,"271,619,746"
TTGT,"TechTarget, Inc. Common Stock",$3.75,-0.02,-0.531%,"271,247,475"
OSUR,"OraSure Technologies, Inc. Common Stock",$3.93,-0.06,-1.504%,"271,046,704"
SY,So-Young International Inc. American Depository Shares,$2.70,-0.14,-4.93%,"270,815,862"
ANIK,Anika Therapeutics Inc. Common Stock,$20.23,-0.145,-0.712%,"270,737,402"
ACIU,AC Immune SA Common Stock,$2.66,-0.17,-6.007%,"270,717,704"
POWW,Outdoor Holding Company Common Stock,$2.325,0.025,1.087%,"269,841,665"
ASYS,"Amtech Systems, Inc. Common Stock",$15.40,-0.03,-0.194%,"269,624,755"
IVVD,"Invivyd, Inc. Common Stock",$0.9133,-0.0098,-1.062%,"269,203,163"
NKSH,"National Bankshares, Inc. Common Stock",$42.22,0.73,1.759%,"268,967,576"
AIBZ,Bitzero Holdings Inc. Common Shares,$4.31,-0.27,-5.895%,"268,125,066"
FXNC,First National Corporation Common Stock,$29.63,0.23,0.782%,"267,933,097"
SSP,E.W. Scripps Company (The) Class A Common Stock,$2.87,-0.15,-4.967%,"265,960,004"
FXHO,UTime Limited Class A Ordinary Shares,$9.75,-1.21,-11.04%,"265,944,227"
PDYN,Palladyne AI Corp. Common Stock,$5.39,-0.05,-0.919%,"265,934,569"
ESCA,"Escalade, Incorporated Common Stock",$19.31,0.23,1.205%,"265,822,889"
XPER,Xperi Inc. Common Stock ,$5.45,-0.05,-0.909%,"265,806,430"
GLSI,"Greenwich LifeSciences, Inc. Common Stock",$18.10,0.59,3.37%,"265,675,565"
KINS,"Kingstone Companies, Inc. Common Stock",$18.30,-0.27,-1.454%,"264,913,234"
TMCR,The Metals Royalty Company Inc. Common Stock,$4.20,-0.22,-4.977%,"264,805,561"
KWY,Kingsway Corporation Common Stock,$9.15,0.06,0.66%,"264,718,650"
HWBK,"Hawthorn Bancshares, Inc. Common Stock",$38.31,0.20,0.525%,"264,364,974"
MIN,Aberdeen Intermediate Income Fund Common Shares of Beneficial Interest,$2.30,-0.06,-2.542%,"264,264,873"
MVST,"Microvast Holdings, Inc. Common Stock",$0.6864,-0.0106,-1.521%,"263,944,471"
ARDC,"Ares Dynamic Credit Allocation Fund, Inc. Common Shares",$11.51,-0.17,-1.455%,"263,750,948"
USNA,"USANA Health Sciences, Inc. Common Stock",$14.26,0.22,1.567%,"263,475,375"
FCNCN,"First Citizens BancShares, Inc. Depositary Shares, each representing a 1/40th interest in a share of 6.625% Non-Cumulative Perpetual Preferred Stock, Series E",$23.26,-0.03,-0.129%,"262,677,971"
LCNB,LCNB Corporation Common Stock,$18.41,-0.12,-0.648%,"262,434,329"
RMMZ,"RiverNorth Managed Duration Municipal Income Fund II, Inc. Common Stock",$13.29,-0.28,-2.063%,"262,339,656"
STRT,STRATTEC SECURITY CORPORATION Common Stock,$65.78,-1.20,-1.792%,"262,134,155"
ASLE,AerSale Corporation Common Stock,$5.49,0.01,0.182%,"262,019,929"
PCYO,Pure Cycle Corporation Common Stock,$10.87,-0.13,-1.182%,"261,938,412"
AXG,Solowin Holdings Class A Ordinary Share,$1.30,-0.34,-20.732%,"261,314,141"
BCYC,Bicycle Therapeutics plc American Depositary Shares,$3.73,0.13,3.611%,"261,073,409"
CMRC,"Commerce.com, Inc. Series 1 Common Stock",$3.15,-0.09,-2.778%,"261,005,822"
KLC,"KinderCare Learning Companies, Inc. Common Stock",$2.20,UNCH,--,"260,737,473"
HQI,"HireQuest, Inc. Common Stock (DE)",$18.75,0.45,2.459%,"260,625,000"
STRO,"Sutro Biopharma, Inc. Common Stock",$15.71,-0.02,-0.127%,"260,490,196"
OIA,Invesco Municipal Income Opportunities Trust Common Stock,$5.47,-0.09,-1.619%,"260,402,572"
ZNTL,"Zentalis Pharmaceuticals, Inc. Common Stock",$2.75,-0.12,-4.181%,"260,338,562"
FBLA,"FB Bancorp, Inc. Common Stock",$16.26,0.14,0.868%,"259,317,374"
ONIT,Onity Group Inc. Common Stock,$31.01,-0.47,-1.493%,"259,073,665"
AUDC,AudioCodes Ltd. Common Stock,$10.53,0.165,1.592%,"258,941,640"
ACV,Virtus Diversified Income & Convertible Fund Common Shares of Beneficial Interest,$24.94,-0.31,-1.228%,"258,452,073"
BNC,CEA Industries Inc. Common Stock,$6.26,0.15,2.455%,"257,748,301"
ACB,Aurora Cannabis Inc. Common Shares,$4.16,-0.06,-1.422%,"257,740,804"
BRT,BRT Apartments Corp. (MD) Common Stock,$13.70,-0.14,-1.012%,"257,467,895"
ALMU,"Aeluma, Inc. Common Stock",$13.36,0.18,1.366%,"257,389,365"
USAU,U.S. Gold Corp. Common Stock,$15.56,-0.09,-0.575%,"257,185,996"
AVNW,"Aviat Networks, Inc. Common Stock",$19.95,0.09,0.453%,"256,529,688"
PPIH,"Perma-Pipe International Holdings, Inc. Common Stock",$31.24,0.40,1.297%,"256,017,392"
JACK,Jack In The Box Inc. Common Stock,$13.33,-0.13,-0.966%,"255,660,469"
VABK,Virginia National Bankshares Corporation Common Stock,$47.07,0.06,0.128%,"255,368,024"
RMBI,"Richmond Mutual Bancorporation, Inc. Common Stock",$15.23,0.19,1.263%,"255,240,271"
III,Information Services Group Inc. Common Stock,$5.27,-0.08,-1.495%,"255,138,945"
RMM,"RiverNorth Managed Duration Municipal Income Fund, Inc. Common Stock",$12.91,-0.16,-1.224%,"254,838,597"
AKBA,"Akebia Therapeutics, Inc. Common Stock",$0.919,-0.0136,-1.458%,"254,660,639"
RELL,"Richardson Electronics, Ltd. Common Stock",$17.13,-0.13,-0.753%,"254,624,054"
MSB,Mesabi Trust Common Stock,$19.39,-0.78,-3.867%,"254,396,994"
ARL,"American Realty Investors, Inc. Common Stock",$15.74,1.38,9.61%,"254,233,157"
OFLX,"Omega Flex, Inc. Common Stock",$25.17,-0.29,-1.139%,"254,074,085"
HCKT,Hackett Group Inc (The). Common Stock,$10.21,-0.14,-1.353%,"254,003,083"
CNDT,Conduent Incorporated Common Stock ,$1.63,0.03,1.875%,"253,498,904"
VPV,Invesco Pennsylvania Value Municipal Income Trust Common Stock (DE),$10.62,-0.13,-1.209%,"253,069,757"
BLND,"Blend Labs, Inc. Class A Common Stock",$1.07,-0.05,-4.464%,"253,069,251"
INFU,"InfuSystems Holdings, Inc. Common Stock",$12.69,-0.01,-0.079%,"252,749,027"
EVI,"EVI Industries, Inc.  Common Stock",$19.62,-0.11,-0.558%,"252,676,798"
GENC,"Gencor Industries, Inc. Common Stock",$17.21,-0.16,-0.921%,"252,259,051"
LTBR,Lightbridge Corporation Common Stock,$6.73,0.01,0.149%,"252,092,952"
MMT,Aberdeen Multi-Market Income Fund Common Shares of Beneficial Interest,$4.22,-0.09,-2.088%,"251,293,847"
AZ,A2Z Cust2Mate Solutions Corp. Common Shares,$5.68,-0.07,-1.217%,"250,070,333"
CPZ,Calamos Long/Short Equity & Dynamic Income Trust Common Stock,$12.70,-0.11,-0.859%,"249,328,864"
FOA,Finance of America Companies Inc. Class A Common Stock,$14.39,-0.09,-0.622%,"249,046,147"
AENT,Alliance Entertainment Holding Corporation Class A Common Stock,$4.88,-0.10,-2.008%,"248,780,594"
LYEL,"Lyell Immunopharma, Inc. Common Stock",$10.12,-0.41,-3.894%,"247,992,027"
TG,Tredegar Corporation Common Stock,$7.05,0.04,0.571%,"246,356,356"
PAMT,PAMT CORP Common Stock,$11.74,-0.02,-0.17%,"245,862,097"
EFSI,Eagle Financial Services Inc Common Stock,$45.40,0.04,0.088%,"245,687,321"
BGS,"B&G Foods, Inc. Common Stock",$3.02,0.04,1.342%,"245,452,526"
IONR,ioneer Ltd American Depositary Shares,$3.17,-0.04,-1.246%,"243,664,741"
PYXS,"Pyxis Oncology, Inc. Common Stock",$2.92,-0.30,-9.317%,"243,551,506"
CURV,Torrid Holdings Inc. Common Stock,$2.44,0.06,2.521%,"243,315,421"
RAIL,"FreightCar America, Inc. Common Stock",$7.42,0.02,0.27%,"243,311,298"
ACU,Acme United Corporation. Common Stock,$63.31,0.55,0.876%,"242,719,334"
YARW,"Yarrow Bioscience, Inc. Common Stock",$26.07,-1.81,-6.492%,"242,564,691"
TRDA,"Entrada Therapeutics, Inc. Common Stock",$6.22,-0.28,-4.308%,"242,186,081"
IMMR,Immersion Corporation Common Stock,$7.29,-0.08,-1.085%,"242,072,039"
MGNX,"MacroGenics, Inc. Common Stock",$3.80,UNCH,--,"242,060,711"
EOT,Eaton Vance Municipal Income Trust EATON VANCE NATIONAL MUNICIPAL OPPORTUNITIES TRUST,$15.46,-0.15,-0.961%,"241,561,279"
PRQR,ProQR Therapeutics N.V. Ordinary Shares,$1.71,0.01,0.588%,"241,317,724"
CHPT,"ChargePoint Holdings, Inc. Common Stock",$8.98,-0.25,-2.709%,"241,115,910"
CAMP,CAMP4 Therapeutics Corporation Common Stock,$3.84,0.12,3.226%,"240,972,288"
HITI,High Tide Inc. Common Shares,$2.695,-0.025,-0.919%,"240,239,345"
EXOD,"Exodus Movement, Inc. Class A Common Stock",$7.95,0.14,1.793%,"240,115,901"
LCTX,"Lineage Cell Therapeutics, Inc. Common Stock",$0.9478,-0.0089,-0.93%,"239,705,694"
SMHI,SEACOR Marine Holdings Inc. Common Stock ,$8.81,-0.02,-0.227%,"239,040,197"
CUE,"Cue Biopharma, Inc. Common Stock",$32.85,1.14,3.595%,"238,636,000"
FUFU,BitFuFu Inc. Class A Ordinary Shares,$1.43,0.05,3.623%,"238,314,645"
NAGE,"Niagen Bioscience, Inc. Common Stock",$3.01,0.01,0.333%,"238,169,266"
UTMD,"Utah Medical Products, Inc. Common Stock",$74.75,-0.26,-0.347%,"237,990,396"
SBMT,Silver Bow Mining Corp. Common Shares,$8.05,-0.19,-2.306%,"237,704,425"
PEBK,"Peoples Bancorp of North Carolina, Inc. Common Stock",$43.51,0.85,1.992%,"237,629,430"
GWRS,"Global Water Resources, Inc. Common Stock",$7.94,-0.14,-1.733%,"237,606,850"
SNFCA,Security National Financial Corporation Class A Common Stock,$8.67,0.05,0.58%,"237,361,096"
RDNW,"RideNow Group, Inc. Class B Common Stock",$6.08,0.03,0.496%,"237,187,415"
EU,enCore Energy Corp. Common Shares,$1.22,UNCH,--,"237,022,785"
KGEI,Kolibri Global Energy Inc. Common stock,$6.58,0.11,1.70%,"236,560,837"
SION,"Sionna Therapeutics, Inc. Common Stock",$5.23,-0.28,-5.082%,"236,460,847"
AIAI,AIAI Holdings Corporation Class A Common Stock,$3.33,0.06,1.835%,"235,916,141"
XLAB,Exascale Labs Holdings Inc. Class A Common Stock,$2.58,-0.17,-6.182%,"235,296,000"
LIEN,"Chicago Atlantic BDC, Inc. Common Stock",$10.31,-0.04,-0.386%,"235,280,283"
GLND,Greenland Energy Company Common Stock,$5.35,2.44,83.849%,"233,956,538"
PDEX,"Pro-Dex, Inc. Common Stock",$73.02,1.08,1.501%,"233,907,449"
SIGA,SIGA Technologies Inc. Common Stock,$3.25,0.08,2.524%,"233,511,577"
ELMD,"Electromed, Inc. Common Stock",$27.86,0.29,1.052%,"233,081,301"
YSG,"Yatsen Holding Limited American Depositary Shares, each representing twenty (20) Class A Ordinary Shares",$2.48,-0.28,-10.145%,"232,786,197"
GPRO,"GoPro, Inc. Class A Common Stock",$1.26,-0.05,-3.817%,"232,475,555"
OSS,"One Stop Systems, Inc. Common Stock",$9.31,0.13,1.416%,"232,192,610"
VUZI,Vuzix Corporation Common Stock,$2.74,-0.11,-3.86%,"231,294,990"
RILY,"BRC Group Holdings, Inc. Common Stock",$5.74,-0.04,-0.692%,"230,746,594"
PLAY,"Dave & Buster's Entertainment, Inc. Common Stock",$6.62,-0.19,-2.79%,"230,578,863"
RNAC,"Cartesian Therapeutics, Inc. Common Stock",$7.62,-0.25,-3.177%,"230,545,782"
ACRE,Ares Commercial Real Estate Corporation Common Stock,$4.15,-0.07,-1.659%,"230,246,619"
IMPP,Imperial Petroleum Inc. Common Shares,$5.09,-0.21,-3.962%,"230,137,519"
RC,Ready Capital Corporation Common Stock,$1.39,-0.07,-4.795%,"229,615,479"
AMWL,American Well Corporation Class A Common Stock,$13.47,0.26,1.968%,"229,107,970"
KROS,"Keros Therapeutics, Inc. Common Stock",$11.55,-0.08,-0.688%,"229,004,021"
TBCH,Turtle Beach Corporation Common Stock,$12.77,UNCH,--,"228,707,009"
ASUR,"Asure Software, Inc Common Stock",$7.91,0.01,0.127%,"228,435,484"
MRBK,Meridian Corporation Common Stock,$19.14,UNCH,--,"228,321,979"
QMLS,"QumulusAI, Inc. Common Stock",$6.82,-0.30,-4.213%,"228,187,072"
SMRT,"SmartRent, Inc. Class A Common Stock",$1.19,0.03,2.586%,"228,018,041"
AIRO,"AIRO Group Holdings, Inc. Common Stock",$7.21,0.05,0.698%,"227,518,162"
INBK,First Internet Bancorp Common Stock,$26.04,-0.03,-0.115%,"227,422,267"
NATR,"Nature's Sunshine Products, Inc. Common Stock",$12.91,-0.04,-0.309%,"227,158,163"
CMTV,Community Bancorp. Common Stock,$40.47,1.27,3.24%,"226,668,504"
BRCC,BRC Inc. Class A Common Stock,$9.04,0.07,0.78%,"226,259,864"
MBI,MBIA Inc. Common Stock,$4.43,-0.08,-1.774%,"226,002,847"
OPBK,OP Bancorp Common Stock,$15.11,0.23,1.546%,"225,631,813"
HOST,Host Digital Inc. Class A Common Stock,$8.00,UNCH,--,"225,602,568"
FF,FutureFuel Corp.  Common shares,$5.14,-0.05,-0.963%,"225,457,455"
NUS,"Nu Skin Enterprises, Inc. Common Stock",$4.62,0.01,0.217%,"224,886,049"
CGEN,Compugen Ltd. Ordinary Shares,$2.37,0.03,1.282%,"224,165,587"
BMEZ,BlackRock Health Sciences Term Trust Common Shares of Beneficial Interest,$16.80,0.10,0.599%,"223,994,702"
LDI,"loanDepot, Inc. Class A Common Stock",$0.6619,-0.0109,-1.62%,"223,824,972"
EICA,Eagle Point Income Company 5.00% Series A Term Preferred Shares due 2026,$24.97,0.02,0.08%,"222,435,457"
PLX,"Protalix BioTherapeutics, Inc. (DE) Common Stock",$2.75,-0.05,-1.786%,"221,572,016"
FCNCO,"First Citizens BancShares, Inc. 5.625% Non-Cumulative Perpetual Preferred Stock, Series C",$19.55,-0.16,-0.812%,"220,780,496"
SHMD,SCHMID Group N.V. Class A Ordinary Shares,$3.62,-0.06,-1.63%,"220,671,229"
FORR,"Forrester Research, Inc. Common Stock",$11.57,-0.21,-1.783%,"220,281,230"
RZLVW,Rezolve AI PLC Warrants,$0.55,0.0209,3.95%,"220,215,471"
HDSN,"Hudson Technologies, Inc. Common Stock",$5.23,0.09,1.751%,"220,123,101"
WHWK,"Whitehawk Therapeutics, Inc. Common Stock",$3.86,0.04,1.047%,"220,054,779"
TROO,"TROOPS, Inc. Ordinary Shares ",$1.80,-0.03,-1.639%,"219,888,299"
SCM,Stellus Capital Investment Corporation Common Stock,$7.70,-0.11,-1.408%,"219,295,515"
CFBK,CF Bankshares Inc. Common Stock,$34.11,0.20,0.59%,"218,833,114"
PNNT,PennantPark Investment Corporation Common Stock,$3.35,-0.06,-1.76%,"218,741,915"
INBKZ,First Internet Bancorp 6.0% Fixed-to-Floating Rate Subordinated Notes Due 2029,$25.10,-0.19,-0.751%,"218,698,659"
ELDN,"Eledon Pharmaceuticals, Inc. Common Stock",$2.68,-0.04,-1.471%,"217,779,887"
REA,"Rare Earths Americas, Inc. Common Stock",$10.89,-0.09,-0.82%,"217,297,884"
LMNR,Limoneira Co Common Stock,$11.97,-0.12,-0.993%,"217,040,124"
AVXL,Anavex Life Sciences Corp. Common Stock,$2.34,-0.01,-0.426%,"216,910,610"
RGCO,RGC Resources Inc. Common Stock,$20.78,0.13,0.63%,"216,518,374"
SPOK,"Spok Holdings, Inc. Common Stock",$10.35,-0.05,-0.481%,"216,502,718"
FTF,Franklin Limited Duration Income Trust Common Shares of Beneficial Interest,$5.35,-0.06,-1.109%,"216,168,751"
SND,"Smart Sand, Inc. Common Stock",$5.08,0.01,0.197%,"215,387,230"
NGEN,NervGen Pharma Corp. Common stock,$2.02,0.06,3.061%,"214,953,519"
AOUT,"American Outdoor Brands, Inc. Common Stock ",$17.03,0.52,3.15%,"214,939,462"
STIM,"Neuronetics, Inc. Common Stock",$2.82,-0.06,-2.083%,"214,876,166"
HKD,AMTD Digital Inc. American Depositary Shares (every five of which represent two Class A Ordinary Shares),$1.70,UNCH,--,"214,478,751"
ALEC,"Alector, Inc. Common Stock",$1.92,-0.10,-4.95%,"214,381,284"
FHTX,Foghorn Therapeutics Inc. Common Stock,$3.60,-0.27,-6.977%,"213,787,134"
ECC           ,Eagle Point Credit Company Common Share of Beneficial Interest,$3.52,-0.05,-1.401%,"213,532,084"
FCNCP,"First Citizens BancShares, Inc. Depositary Shares",$18.8935,0.0335,0.178%,"213,366,563"
TONX,TON Strategy Company Common Stock,$3.87,-0.17,-4.208%,"213,128,597"
NSLR,Neostellar Capital Corp. Common Stock,$8.03,-0.26,-3.136%,"212,579,973"
LCUT,"Lifetime Brands, Inc. Common Stock",$9.24,0.59,6.821%,"212,416,845"
LOVE,The Lovesac Company Common Stock,$14.70,0.21,1.449%,"212,024,465"
FIRY,Firy Inc. Class A Common Stock,$12.74,-0.36,-2.748%,"211,767,554"
GSIT,GSI Technology Common Stock,$5.51,-0.115,-2.044%,"211,763,571"
XGN,Exagen Inc. Common Stock,$8.74,0.19,2.222%,"211,729,463"
APC,ARKO Petroleum Corp. Class A Common Stock,$16.77,-0.20,-1.179%,"210,802,640"
GLDG,GoldMining Inc. Common Shares,$0.9838,-0.0262,-2.594%,"210,637,678"
BGIN,Bgin Blockchain Limited Class A Ordinary Shares,$1.86,-0.025,-1.326%,"210,432,850"
SIDU,"Sidus Space, Inc. Class A Common Stock",$2.07,0.06,2.985%,"209,536,425"
ANGI,Angi Inc. Class A Common Stock,$5.16,0.11,2.178%,"209,270,255"
CRDL,Cardiol Therapeutics Inc. Class A Common Shares,$1.73,-0.04,-2.26%,"208,742,570"
OVBC,Ohio Valley Banc Corp. Common Stock,$44.21,0.60,1.376%,"208,273,354"
RICK,"RCI Hospitality Holdings, Inc. Common Stock",$27.24,-0.17,-0.62%,"208,236,180"
PMA,PMA Graphene Technology Group Inc. Class A Ordinary Shares,$1.27,-0.03,-2.308%,"206,978,250"
NCMI,"National CineMedia, Inc. Common Stock",$2.20,UNCH,--,"206,954,975"
ESOA,Energy Services of America Corporation Common Stock,$11.09,0.29,2.685%,"206,930,317"
DEFT,"Defi Technologies, Inc. Common Stock",$0.532,-0.002,-0.375%,"206,465,596"
OWLS,OBOOK Holdings Inc. Class A Common Shares,$5.45,-0.14,-2.504%,"206,148,490"
DPRO,Draganfly Inc. Common Shares,$5.57,0.21,3.918%,"206,090,000"
EXFY,"Expensify, Inc. Class A Common Stock",$2.26,-0.09,-3.83%,"206,081,861"
ZUMZ,Zumiez Inc. Common Stock,$13.44,-0.31,-2.255%,"206,043,439"
GCTS,"GCT Semiconductor Holding, Inc. Common Stock",$2.24,0.08,3.704%,"206,012,186"
BETR,Better Home & Finance Holding Company Class A Common Stock,$10.84,-1.32,-10.855%,"205,944,596"
DHX,"DHI Group, Inc. Common Stock",$4.73,0.13,2.826%,"205,396,419"
MFM,Aberdeen Municipal Income Fund Common Shares of Beneficial Interest,$4.98,-0.04,-0.797%,"205,114,402"
TAYD,"Taylor Devices, Inc. Common Stock",$63.57,0.69,1.097%,"205,036,453"
CZWI,"Citizens Community Bancorp, Inc. Common Stock",$21.21,-0.02,-0.094%,"204,681,400"
PROF,Profound Medical Corp. Common Stock,$5.60,-0.135,-2.354%,"204,582,526"
FCAP,"First Capital, Inc. Common Stock",$61.15,-0.69,-1.116%,"204,523,819"
CMT,Core Molding Technologies Inc Common Stock,$23.10,0.16,0.697%,"204,412,685"
CMPX,"Compass Therapeutics, Inc. Common Stock",$1.135,-0.035,-2.991%,"204,399,784"
NKTX,"Nkarta, Inc. Common Stock",$2.85,0.09,3.261%,"204,130,654"
KLTR,"Kaltura, Inc. Common Stock",$1.33,UNCH,--,"202,893,127"
KTWO,K2 Capital Acquisition Corporation Class A Ordinary Share,$10.08,-0.02,-0.198%,"202,014,893"
CPSS,"Consumer Portfolio Services, Inc. Common Stock",$9.37,0.03,0.321%,"201,967,670"
QUIK,QuickLogic Corporation Common Stock,$10.99,-0.24,-2.137%,"201,311,974"
AREC,American Resources Corporation Class A Common Stock,$1.88,-0.005,-0.265%,"201,105,991"
RBKB,"Rhinebeck Bancorp, Inc. Common Stock",$12.85,0.04,0.312%,"200,922,163"
PCTTW,"PureCycle Technologies, Inc. Warrant",$1.00,-0.27,-21.26%,"200,904,810"
SGC,"Superior Group of Companies, Inc. Common Stock",$12.57,0.04,0.319%,"200,431,177"
MPAA,"Motorcar Parts  of America, Inc. Common Stock",$10.56,UNCH,--,"199,934,666"
CHCI,"Comstock Holding Companies, Inc. Class A Common Stock",$19.40,-0.30,-1.523%,"199,469,869"
VRXA,Veraxa Biotech AG Ordinary Shares,$1.41,0.02,1.439%,"199,385,016"
ORMP,Oramed Pharmaceuticals Inc. Common Stock,$4.79,0.07,1.483%,"199,251,326"
SLGL,Sol-Gel Technologies Ltd. Ordinary Shares,$60.74,1.03,1.725%,"198,862,699"
TARA,"Protara Therapeutics, Inc.  Common Stock",$3.35,-0.19,-5.367%,"197,969,885"
USBC,"USBC, Inc. Common Stock",$0.5099,0.0114,2.287%,"197,914,844"
GDEV,GDEV Inc. Ordinary Shares,$10.90,-0.29,-2.592%,"197,840,330"
AUC,ATIF Holdings Limited Ordinary Shares,$8.90,0.13,1.482%,"196,942,564"
ADAG,Adagene Inc. American Depositary Shares,$2.98,0.01,0.337%,"196,833,750"
RXST,"RxSight, Inc. Common Stock",$4.73,-0.12,-2.474%,"196,736,101"
ZSQR,Z Squared Inc. Common Stock,$3.71,0.75,25.338%,"196,631,473"
SES,SES AI Corporation Class A Common Stock,$0.5292,0.006,1.147%,"196,485,292"
TPVG,TriplePoint Venture Growth BDC Corp. Common Stock,$4.81,-0.11,-2.236%,"195,813,768"
PERF,Perfect Corp. Class A Ordinary Share,$1.92,UNCH,--,"195,549,448"
CXDO,"Crexendo, Inc. Common Stock",$5.87,0.07,1.207%,"195,199,747"
FC,Franklin Covey Company Common Stock,$17.27,0.07,0.407%,"195,045,187"
VLN,Valens Semiconductor Ltd. Ordinary Shares,$1.85,-0.07,-3.646%,"194,791,495"
LODE,Comstock Inc. Common Stock,$2.56,-0.12,-4.478%,"194,542,200"
CRNT,Ceragon Networks Ltd. Ordinary Shares,$2.13,-0.06,-2.74%,"194,427,491"
SRI,"Stoneridge, Inc. Common Stock",$6.81,-0.19,-2.714%,"194,240,772"
MITT,"TPG Mortgage Investment Trust, Inc. Common Stock",$6.09,-0.10,-1.616%,"193,683,163"
SBFG,"SB Financial Group, Inc. Common Stock",$30.73,0.61,2.025%,"192,154,444"
ESP,Espey Mfg. & Electronics Corp. Common Stock,$63.25,0.41,0.652%,"192,082,154"
ETX           ,Eaton Vance Municipal Income 2028 Term Trust Common Shares of Beneficial Interest,$17.64,0.15,0.858%,"192,010,624"
BAFN,BayFirst Financial Corp. Common Stock,$7.12,-1.19,-14.32%,"191,975,243"
LARK,Landmark Bancorp Inc. Common Stock,$31.32,0.51,1.655%,"191,068,725"
ALTG,Alta Equipment Group Inc. Class A Common Stock,$5.82,-0.19,-3.161%,"190,121,195"
IPHA,Innate Pharma S.A. ADS,$1.70,-0.06,-3.409%,"189,890,590"
BNR,Burning Rock Biotech Limited American Depositary Shares,$18.00,2.925,19.403%,"189,834,174"
DFDV,DeFi Development Corp. Common Stock,$5.79,0.02,0.347%,"188,874,374"
CBFV,"CB Financial Services, Inc. Common Stock",$37.11,UNCH,--,"188,577,582"
STRW,"Strawberry Fields REIT, Inc. Common Stock",$13.27,-0.33,-2.426%,"187,867,849"
ALXO,ALX Oncology Holdings Inc. Common Stock,$1.355,-0.115,-7.823%,"187,365,331"
ACOG,Alpha Cognition Inc. Common Stock,$8.57,-0.21,-2.392%,"186,604,071"
OSG,"Octave Specialty Group, Inc. Common Stock",$4.14,-0.01,-0.241%,"186,513,152"
PEPG,PepGen Inc. Common Stock,$2.68,-0.04,-1.471%,"185,615,506"
CURI,CuriosityStream Inc. Class A Common Stock,$3.12,0.24,8.333%,"185,134,647"
XPOF,"Xponential Fitness, Inc. Class A Common Stock",$3.75,0.05,1.351%,"184,965,000"
MSLE,Satellos Bioscience Inc. Common Stock,$8.71,0.30,3.567%,"184,795,184"
ANNA,"AleAnna, Inc. Class A Common Stock",$2.76,0.01,0.364%,"184,738,944"
TORO,Toro Corp. Common Stock,$5.34,-0.40,-6.969%,"184,546,822"
ANTX,"AN2 Therapeutics, Inc. Common Stock",$4.89,0.06,1.242%,"184,530,199"
CNTN,"Canton Strategic Holdings, Inc. Common Stock",$2.31,0.07,3.125%,"184,063,944"
MINE,Mayfair Gold Corp. Common Shares,$2.74,-0.10,-3.521%,"183,959,479"
HNVR,"Hanover Bancorp, Inc. Common Stock",$26.06,-0.09,-0.344%,"183,864,349"
CMTG,"Claros Mortgage Trust, Inc. Common Stock",$1.30,-0.02,-1.515%,"183,409,468"
MRT,"Marti Technologies, Inc. Class A Ordinary Shares",$2.13,0.15,7.576%,"183,271,006"
FNWD,Finward Bancorp Common Stock,$42.26,0.60,1.44%,"183,112,665"
CIA,"Citizens, Inc. Class A Common Stock ($1.00 Par)",$3.61,0.08,2.266%,"182,821,620"
ORGO,Organogenesis Holdings Inc. Class A Common Stock,$1.42,-0.03,-2.069%,"182,717,858"
EPSN,Epsilon Energy Ltd. Common Share,$6.03,0.16,2.726%,"182,611,187"
VTN,Invesco Trust for Investment Grade New York Municipals Common Stock,$9.35,-0.16,-1.682%,"182,193,904"
PED,Pedevco Corp. Common Stock,$13.67,0.41,3.092%,"181,701,818"
WHG,Westwood Holdings Group Inc Common Stock,$19.02,0.38,2.039%,"181,510,751"
ECBK,"ECB Bancorp, Inc. Common Stock",$20.70,0.65,3.242%,"180,870,431"
CHRS,"Coherus Oncology, Inc. Common Stock",$1.17,-0.09,-7.143%,"180,766,130"
NUCL,Eagle Nuclear Energy Corp. Common stock,$6.11,-0.11,-1.768%,"180,732,566"
FLWS,"1-800-FLOWERS.COM, Inc. Common Stock",$2.81,-0.01,-0.355%,"180,360,120"
AMPY,Amplify Energy Corp. Common Stock,$4.34,0.11,2.60%,"179,920,993"
MRLN,"Merlin, Inc. Common Stock",$1.78,0.01,0.565%,"179,900,656"
RVII,Robinhood Ventures Fund II Common Shares of Beneficial Interest,$22.40,0.04,0.179%,"179,200,000"
AP,Ampco-Pittsburgh Corporation Common Stock,$8.67,0.25,2.969%,"179,110,244"
MSC,"Studio City International Holdings Limited American depositary shares, each representing four  Class A ordinary shares",$0.85,0.0509,6.37%,"179,108,698"
OMSE,OMS Energy Technologies Inc. Ordinary Shares,$4.21,-0.0504,-1.183%,"178,709,044"
FT,Franklin Universal Trust Common Stock,$7.11,-0.05,-0.698%,"178,687,766"
MDWD,MediWound Ltd. Ordinary Shares,$13.83,0.18,1.319%,"178,549,145"
OZ,"Belpointe PREP, LLC Class A Units",$44.01,-0.2899,-0.654%,"178,401,841"
DERM,Journey Medical Corporation Common Stock,$6.32,-0.18,-2.769%,"178,378,176"
AMBR,Amber International Holding Limited American Depositary Shares,$1.88,-0.04,-2.083%,"177,237,472"
MNSB,"MainStreet Bancshares, Inc. Common Stock",$24.86,0.06,0.242%,"177,029,949"
BVFL,"BV Financial, Inc. Common Stock",$20.81,0.01,0.048%,"176,273,269"
MNSBP,"MainStreet Bancshares, Inc. Depositary Shares",$24.73,-0.24,-0.961%,"176,104,209"
GPJA,"Georgia Power Company Series 2017A 5.00% Junior Subordinated Notes due October 1, 2077",$19.00,-0.0809,-0.424%,"175,968,500"
HSDT,Solana Company Class A Common Stock (DE),$2.90,0.02,0.694%,"175,330,239"
DTIL,"Precision BioSciences, Inc. Common Stock",$6.33,-0.03,-0.472%,"174,717,837"
NAKA,Nakamoto Inc. Common Stock,$9.76,0.565,6.145%,"174,654,644"
MPV,Barings Participation Investors Common Stock,$16.42,0.005,0.03%,"174,079,914"
OCSAW,Oculis Holding AG Warrants,$3.00,UNCH,--,"173,953,314"
AOMR,"Angel Oak Mortgage REIT, Inc. Common Stock",$7.46,-0.12,-1.583%,"173,182,982"
AIIO,Robo.ai Inc. Class B Ordinary Shares,$1.45,-0.05,-3.333%,"172,601,585"
VYGR,"Voyager Therapeutics, Inc. Common Stock",$2.80,-0.07,-2.439%,"172,530,254"
FOCL,EDAP TMS S.A. American Depositary Shares,$4.59,-0.15,-3.165%,"172,253,291"
UIS,Unisys Corporation New Common Stock,$2.36,-0.01,-0.422%,"172,081,654"
RDCM,Radcom Ltd. Ordinary Shares,$10.30,UNCH,--,"171,911,707"
QSI,Quantum-Si Incorporated Class A Common Stock,$0.785,0.0263,3.466%,"171,823,871"
SAFX,"XCF Global, Inc. Class A Common Stock",$0.4132,-0.0121,-2.845%,"171,600,677"
IMSRW,Terrestrial Energy Inc. Warrant,$1.615,-0.125,-7.184%,"171,085,435"
BZUN,Baozun Inc. American Depositary Shares,$2.94,-0.06,-2.00%,"170,897,464"
EBMT,"Eagle Bancorp Montana, Inc. Common Stock",$21.40,0.20,0.943%,"170,460,223"
LUCD,Lucid Diagnostics Inc. Common Stock,$0.838,-0.0009,-0.107%,"170,318,447"
AEHL,Antelope Enterprise Holdings Limited Class A Ordinary Shares,$8.96,0.735,8.936%,"169,925,110"
ATOM,Atomera Incorporated Common Stock,$4.34,0.03,0.696%,"169,364,342"
PLG,Platinum Group Metals Ltd. Ordinary Shares (Canada),$1.32,-0.04,-2.941%,"168,808,348"
NIU,Niu Technologies American Depositary Shares,$2.15,0.02,0.939%,"168,637,589"
GRX,The Gabelli Healthcare & Wellness Trust Common Shares of Beneficial Interest,$9.83,0.03,0.306%,"168,023,925"
MRDN,Meridian Holdings Inc. Common Stock,$13.235,-0.185,-1.379%,"167,680,555"
NBP,NovaBridge Biosciences American Depositary Shares,$1.45,-0.08,-5.229%,"167,303,453"
TNXP,Tonix Pharmaceuticals Holding Corp. Common Stock,$9.70,-0.54,-5.273%,"166,364,933"
TOYO,"TOYO Co., Ltd Ordinary Shares",$4.35,0.01,0.23%,"166,054,690"
SEVN,Seven Hills Realty Trust Common Stock,$7.31,0.06,0.828%,"165,619,790"
ONEW,OneWater Marine Inc. Class A Common Stock,$9.90,-0.04,-0.402%,"164,989,628"
NERV,"Minerva Neurosciences, Inc Common Stock",$3.45,-0.04,-1.146%,"164,729,079"
CSHRW,CoinShares PLC Warrants,$1.25,0.18,16.822%,"164,725,261"
ADCT,ADC Therapeutics SA Common Shares,$1.29,-0.02,-1.527%,"164,691,327"
HLP,Hongli Group Inc. Class A Ordinary Shares,$2.20,0.165,8.108%,"164,425,250"
SKYX,SKYX Platforms Corp. Common Stock,$1.21,-0.03,-2.419%,"163,871,503"
MENS,Jyong Biotech Ltd. Ordinary Shares,$2.15,0.01,0.467%,"163,459,484"
JRVR,"James River Group Holdings, Inc. Common Stock",$3.53,-0.06,-1.671%,"163,259,104"
LFCR,"Lifecore Biomedical, Inc. Common Stock",$4.29,-0.11,-2.50%,"162,389,627"
GNT,"GAMCO Natural Resources, Gold & Income Trust",$8.76,-0.09,-1.017%,"161,844,846"
CEPL,"Capstone Energy Plus, Inc. Common Stock",$4.96,-0.52,-9.489%,"161,753,481"
ABOS,"Acumen Pharmaceuticals, Inc. Common Stock",$2.235,-0.07,-3.037%,"161,629,132"
MOLN,Molecular Partners AG American Depositary Shares,$4.30,UNCH,--,"161,298,001"
OTLK,"Outlook Therapeutics, Inc. Common Stock",$0.6558,-0.0059,-0.892%,"159,652,906"
HTLM,HomesToLife Ltd Ordinary Shares,$1.78,UNCH,--,"159,643,750"
HUCK,"Huckleberry.ai, Inc. Class B Common Stock",$3.39,3.39,--,"159,452,586"
SITC,SITE Centers Corp. Common Stock,$3.02,0.05,1.684%,"158,475,524"
SJT,San Juan Basin Royalty Trust Common Stock,$3.40,0.38,12.583%,"158,469,906"
BYND,"Beyond Meat, Inc. Common Stock",$9.19,-0.84,-8.375%,"158,012,548"
HUMA,"Humacyte, Inc. Common Stock",$0.5687,0.003,0.53%,"157,983,782"
ENGS,Energys Group Limited Ordinary Shares,$2.91,0.05,1.748%,"157,653,720"
ZJYL,JIN MEDICAL INTERNATIONAL LTD. Class A Ordinary Shares,$2.00,-0.05,-2.439%,"156,864,970"
GSIW,Garden Stage Limited Class A Ordinary Shares,$14.63,0.33,2.308%,"156,722,397"
EARN,Ellington Credit Company Common Shares of Beneficial Interest,$4.17,-0.04,-0.95%,"156,621,843"
FINW,FinWise Bancorp Common Stock,$11.28,-0.11,-0.966%,"156,596,630"
OGI,Organigram Global Inc. Common Shares,$1.10,0.01,0.917%,"155,107,147"
BSET,"Bassett Furniture Industries, Incorporated Common Stock",$17.87,0.27,1.534%,"154,723,267"
RTB,"RTB Digital, Inc. Common Stock",$10.32,0.48,4.878%,"154,373,516"
CAAS,"China Automotive Systems, Inc. Ordinary Share",$5.08,UNCH,--,"153,267,166"
SSTK,"Shutterstock, Inc. Common Stock",$4.14,-0.16,-3.721%,"152,963,412"
SRBK,"SR Bancorp, Inc. Common stock",$19.26,0.02,0.104%,"152,815,697"
DLTH,Duluth Holdings Inc. Class B Common Stock,$4.02,-0.045,-1.107%,"152,780,104"
LEE,"Lee Enterprises, Incorporated Common Stock",$6.83,0.04,0.589%,"152,254,661"
XHLD,"TEN Holdings, Inc. Common Stock",$12.70,0.62,5.132%,"152,145,276"
KZIA,Kazia Therapeutics Limited American Depositary Shares,$9.78,0.18,1.875%,"152,068,027"
HUHU,HUHUTECH International Group Inc. Ordinary Shares,$5.96,0.06,1.017%,"151,942,744"
WHF,"WhiteHorse Finance, Inc. Common Stock",$7.06,-0.04,-0.563%,"151,623,885"
EGAN,eGain Corporation Common Stock,$5.79,-0.14,-2.361%,"151,532,794"
PIM,Franklin Master Intermediate Income Trust Shares of Beneficial Interest,$3.01,UNCH,--,"151,262,716"
BIPI,BIP Bermuda Holdings I Limited 5.125% Perpetual Subordinated Notes,$15.96,-0.09,-0.561%,"151,251,324"
ELME,Elme Communities Common Stock,$1.70,-0.01,-0.585%,"151,058,401"
KRMD,"KORU Medical Systems, Inc. Common Stock (DE)",$3.27,UNCH,--,"150,982,120"
QTRX,Quanterix Corporation Common Stock,$3.18,0.02,0.633%,"150,391,947"
TRAK,"ReposiTrak, Inc. Common Stock",$8.27,0.09,1.10%,"150,295,383"
CDXS,"Codexis, Inc. Common Stock",$1.37,-0.01,-0.725%,"150,022,898"
INTT,inTest Corporation Common Stock,$11.66,0.17,1.48%,"149,548,665"
JELD,"JELD-WEN Holding, Inc. Common Stock",$1.72,-0.08,-4.444%,"149,233,017"
OPRX,OptimizeRx Corporation Common Stock,$7.89,0.29,3.816%,"148,615,653"
OWLT,"Owlet, Inc. Class A Common Stock",$5.07,-0.14,-2.687%,"148,153,902"
EML,Eastern Company (The) Common Stock,$24.5975,-0.9825,-3.841%,"148,016,883"
ASBH,"American Savings Bank, N.A. Common Stock",$18.33,0.08,0.438%,"147,689,209"
NLOP,Net Lease Office Properties Common Shares of Beneficial Interest,$9.93,-0.31,-3.027%,"147,103,765"
DH,Definitive Healthcare Corp. Class A Common Stock,$1.01,UNCH,--,"146,419,746"
AIRS,"AirSculpt Technologies, Inc. Common Stock",$2.03,-0.13,-6.019%,"146,353,274"
BANX,ArrowMark Financial Corp. Common Stock,$20.55,-0.465,-2.213%,"145,958,964"
EDRY,EuroDry Ltd. Common Shares ,$50.90,-0.44,-0.857%,"145,909,482"
WYHG,Wing Yip Food Holdings Group Limited American Depositary Shares,$4.10,UNCH,--,"145,889,201"
EPM,"Evolution Petroleum Corporation, Inc. Common Stock",$3.63,0.03,0.833%,"145,825,180"
PAAC,Proem Acquisition Corp I Ordinary Shares,$10.07,UNCH,--,"145,682,690"
ALVOW,Alvotech Warrant,$0.37,0.10,37.037%,"144,459,648"
VNCE,Vince Holding Corp. Common Stock,$11.14,0.03,0.27%,"144,204,504"
CRBP,"Corbus Pharmaceuticals Holdings, Inc. Common Stock",$7.45,-0.29,-3.747%,"144,092,633"
DVLT,Datavault AI Inc. Common Stock,$0.1515,-0.0028,-1.815%,"143,883,884"
CLLS,Cellectis S.A. American Depositary Shares,$1.43,-0.01,-0.694%,"143,754,005"
ONL,Orion Properties Inc. Common Stock,$2.52,0.04,1.613%,"143,752,679"
GRO,Brazil Potash Corp. Common Shares,$2.32,-0.09,-3.734%,"143,715,219"
UP,Wheels Up Experience Inc. Class A Common Stock,$3.96,0.13,3.394%,"143,652,330"
NXG,NXG NextGen Infrastructure Income Fund Common Shares of Beneficial Interest,$54.95,-0.89,-1.594%,"142,964,184"
RRGB,"Red Robin Gourmet Burgers, Inc. Common Stock",$7.56,-0.17,-2.199%,"142,912,365"
BRLT,"Brilliant Earth Group, Inc. Class A Common Stock",$1.40,-0.03,-2.098%,"142,551,913"
TUSK,"Mammoth Energy Services, Inc. Common Stock",$2.94,0.02,0.685%,"141,495,100"
NEOV,NeoVolta Inc. Common Stock,$2.395,-0.775,-24.448%,"141,336,727"
KRRO,"Korro Bio, Inc. Common Stock",$9.57,-0.26,-2.645%,"140,924,432"
SPRB,"Spruce Biosciences, Inc. Common Stock",$49.02,-0.395,-0.799%,"140,884,117"
DOYU,DouYu International Holdings Limited ADS,$4.65,-0.02,-0.428%,"140,331,694"
LFMD,"LifeMD, Inc. Common Stock",$2.91,-0.14,-4.59%,"140,264,436"
HOFT,Hooker Furnishings Corporation Common Stock,$13.11,-0.23,-1.724%,"140,174,703"
RNA,"Atrium Therapeutics, Inc. Common Stock",$8.19,-0.14,-1.681%,"140,095,216"
HURC,"Hurco Companies, Inc. Common Stock",$21.63,0.43,2.028%,"140,082,845"
WW,"WW International, Inc.  Common Stock",$13.99,-1.04,-6.919%,"139,882,652"
WSHP,WeShop Holdings Limited Class A Ordinary Shares,$5.76,-0.02,-0.346%,"139,490,686"
DOUG,Douglas Elliman Inc. Common Stock,$1.53,-0.01,-0.649%,"139,062,424"
TNYA,"Tenaya Therapeutics, Inc. Common Stock",$0.62,-0.0413,-6.245%,"139,022,607"
ZJK,"ZJK Industrial Co., Ltd. Class A Ordinary Shares",$2.16,0.07,3.349%,"138,936,058"
INGN,"Inogen, Inc Common Stock",$5.23,0.14,2.75%,"138,795,503"
NEN,New England Realty Associates Limited Partnership Class A Depositary Receipts Evidencing Units of Limited Partnership,$50.003,-1.997,-3.84%,"138,721,023"
LSBK,"Lake Shore Bancorp, Inc. Common Stock",$17.64,-0.36,-2.00%,"138,540,820"
SHIM,Shimmick Corporation Common Stock,$3.34,-0.08,-2.339%,"138,061,649"
GGZ,Gabelli Global Small and Mid Cap Value Trust (The) Common Shares of Beneficial Interest,$15.54,-0.06,-0.385%,"137,870,367"
GHI,Greystone Housing Impact Investors LP Beneficial Unit Certificates representing assignments of limited partnership interests,$5.81,-0.15,-2.517%,"136,898,183"
OXSQ,Oxford Square Capital Corp. Common Stock,$1.27,UNCH,--,"136,788,874"
DIBS,"1stdibs.com, Inc. Common Stock",$4.05,0.03,0.746%,"136,141,937"
RYDE,Ryde Group Ltd. Class A Ordinary Shares,$0.7499,-0.0201,-2.61%,"135,151,707"
LGCY,Legacy Education Inc. Common Stock,$10.64,0.33,3.201%,"134,617,684"
ARMP,"Armata Pharmaceuticals, Inc. Common Stock",$3.62,-0.02,-0.549%,"134,598,764"
CLAR,Clarus Corporation Common Stock,$3.51,0.01,0.286%,"134,391,424"
KVHI,"KVH Industries, Inc. Common Stock",$7.39,0.23,3.212%,"134,061,709"
CRBU,"Caribou Biosciences, Inc. Common Stock",$1.25,-0.04,-3.101%,"134,009,391"
UNCY,"Unicycive Therapeutics, Inc. Common Stock",$4.81,UNCH,--,"133,983,786"
HURA,"TuHURA Biosciences, Inc. Common Stock",$2.10,0.05,2.439%,"133,825,896"
VERI,"Veritone, Inc. Common Stock",$1.33,0.04,3.101%,"133,607,900"
SIF,"SIFCO Industries, Inc. Common Stock",$21.33,-0.13,-0.606%,"133,400,550"
MED,MEDIFAST INC Common Stock,$11.92,-0.03,-0.251%,"133,273,980"
HYNE,"Hoyne Bancorp, Inc. Common Stock",$16.43,-0.01,-0.061%,"133,032,691"
TISI,"Team, Inc. Common Stock",$28.97,0.07,0.242%,"132,775,565"
WALD,Waldencast plc Class A Ordinary Share,$1.03,0.01,0.98%,"132,458,940"
TLSA,Tiziana Life Sciences Ltd. Common Shares,$1.04,-0.01,-0.952%,"132,349,496"
INVZ,Innoviz Technologies Ltd. Ordinary shares,$0.3729,-0.0352,-8.625%,"132,267,133"
NMRA,"Neumora Therapeutics, Inc. Common Stock",$0.7031,-0.0282,-3.856%,"132,109,616"
ACNT,Ascent Industries Co. Common Stock,$14.64,-0.06,-0.408%,"131,898,392"
AGPU,Axe Compute Inc. Common Stock,$11.35,-0.145,-1.261%,"131,559,257"
GRML,Greenland Mines Ltd. Common Stock,$14.89,3.70,33.065%,"131,435,995"
NRXP,"NRX Pharmaceuticals, Inc. Common Stock",$3.03,-0.13,-4.114%,"131,186,174"
CTW,CTW Class A Ordinary Shares,$2.10,-0.03,-1.408%,"131,040,000"
HCAT,"Health Catalyst, Inc Common Stock",$1.74,0.02,1.163%,"130,946,103"
FGBI,"First Guaranty Bancshares, Inc. Common Stock",$7.91,0.29,3.806%,"130,824,234"
COOK,"Traeger, Inc. Common Stock",$46.73,-1.45,-3.01%,"130,761,008"
MNOV,Medicinova Inc Common Stock,$2.65,-0.15,-5.357%,"130,436,302"
BMHL,Bluemount Holdings Limited Class B Ordinary Shares,$5.11,-0.42,-7.595%,"130,407,951"
RGP,"Resources Connection, Inc. Common Stock",$3.75,-0.14,-3.599%,"130,129,883"
VIVO,VivoPower PLC Class A Ordinary Shares,$4.065,0.205,5.311%,"130,053,801"
TLYS,"Tilly's, Inc. Common Stock",$4.24,0.11,2.663%,"129,690,004"
DLNG,Dynagas LNG Partners LP Common Units,$3.56,-0.02,-0.559%,"129,519,959"
LANV,Lanvin Group Holdings Limited Ordinary Shares,$1.03,UNCH,--,"129,363,791"
IMDX,Insight Molecular Diagnostics Inc. Common Stock,$3.95,0.04,1.023%,"129,260,922"
STXS,"Stereotaxis, Inc. Common Stock",$1.29,-0.03,-2.273%,"129,260,810"
BEBE,TGE Value Creative Solutions Corp Class A Ordinary Shares,$10.04,UNCH,--,"129,214,800"
ENGN,enGene Therapeutics Inc. Common Stock,$1.92,-0.08,-4.00%,"128,671,327"
AMTX,"Aemetis, Inc. (DE) Common Stock",$1.77,-0.13,-6.842%,"127,740,181"
SMID,Smith-Midland Corporation Common Stock,$24.02,-0.15,-0.621%,"127,416,636"
IMUX,"Immunic, Inc. Common Stock",$9.32,-0.05,-0.534%,"127,166,432"
NYXH,Nyxoah SA Ordinary Shares,$1.27,-0.06,-4.511%,"127,092,475"
PLBY,"Playboy, Inc. Common Stock",$1.06,-0.02,-1.852%,"126,996,149"
FGNXP,FG Nexus Inc. 8.00% Cumulative Preferred Stock,$24.90,UNCH,--,"126,882,631"
FLYX,"flyExclusive, Inc. Class A Common Stock",$1.24,0.03,2.479%,"126,581,368"
OPENW,"Opendoor Technologies Inc  Series K Warrants, each whole warrant exercisable to purchase one share of Common Stock at an exercise price of $9.00 per warrant",$0.1302,-0.0078,-5.652%,"126,436,055"
OCC,Optical Cable Corporation Common Stock,$14.28,0.12,0.847%,"126,264,103"
NAUT,"Nautilus Biotechnology, Inc. Common Stock",$0.9905,0.0366,3.837%,"126,046,298"
ZENA,"ZenaTech, Inc. Common Stock",$1.46,-0.03,-2.013%,"125,434,484"
INO,"Inovio Pharmaceuticals, Inc. Common Stock",$1.21,-0.04,-3.20%,"125,110,997"
MGYR,"Magyar Bancorp, Inc. Common Stock",$19.365,0.135,0.702%,"125,008,492"
JLHL,Julong Holding Limited Class A Ordinary Shares,$5.79,0.16,2.842%,"124,187,579"
LX,LexinFintech Holdings Ltd. American Depositary Shares,$0.7483,0.0245,3.385%,"123,311,065"
MXCT,"MaxCyte, Inc. Common Stock",$1.19,UNCH,--,"122,815,385"
UFI,"Unifi, Inc. New Common Stock",$6.60,-0.11,-1.639%,"122,686,324"
CVGI,"Commercial Vehicle Group, Inc. Common Stock",$3.01,-0.02,-0.66%,"122,304,373"
INSE,"Inspired Entertainment, Inc. Common Stock",$4.61,0.10,2.217%,"121,512,095"
COYA,"Coya Therapeutics, Inc. Common Stock",$5.18,0.14,2.778%,"121,511,658"
VTVT,vTv Therapeutics Inc. Class A Common Stock,$30.73,0.15,0.491%,"121,504,207"
AARD,"Aardvark Therapeutics, Inc. Common Stock",$5.55,-0.01,-0.18%,"121,460,895"
CBAT,CBAK Energy Technology Limited Ordinary Shares,$1.37,-0.09,-6.164%,"121,444,795"
JHS,John Hancock Income Securities Trust Common Stock,$10.42,0.005,0.048%,"121,357,416"
BOTJ,"Bank of the James Financial Group, Inc. Common Stock",$26.69,0.19,0.717%,"121,261,691"
SWVL,Swvl Holdings Corp Class A Common Shares,$4.03,0.20,5.222%,"120,899,081"
CODA,"Coda Octopus Group, Inc. Common stock",$10.71,-0.26,-2.37%,"120,842,012"
MX,Magnachip Semiconductor Corporation Common Stock,$3.18,-0.04,-1.242%,"120,751,275"
AXR,AMREP Corporation Common Stock,$22.63,-0.28,-1.222%,"120,501,333"
NINE,"Nine Energy Service, Inc. Common Stock",$8.63,-0.33,-3.683%,"120,388,414"
AKA,a.k.a. Brands Holding Corp. Common Stock,$10.93,0.04,0.367%,"120,132,275"
CPIX,Cumberland Pharmaceuticals Inc. Common Stock,$8.01,0.07,0.882%,"120,014,687"
SAMG,Silvercrest Asset Management Group Inc. Class A Common Stock,$10.12,0.32,3.265%,"119,899,402"
OESX,"Orion Energy Systems, Inc. Common Stock",$29.25,0.83,2.92%,"119,611,616"
BOOM,DMC Global Inc. Common Stock,$5.82,-0.10,-1.689%,"119,548,323"
APYX,Apyx Medical Corporation Common Stock,$2.83,-0.12,-4.068%,"119,210,985"
RVSB,Riverview Bancorp Inc Common Stock,$5.90,-0.01,-0.169%,"118,947,617"
OKUR,"OnKure Therapeutics, Inc. Class A Common Stock",$2.93,-0.01,-0.34%,"118,654,185"
SANG,Sangoma Technologies Corporation Common Shares,$3.55,0.025,0.709%,"118,139,705"
SFBC,"Sound Financial Bancorp, Inc. Common Stock",$46.00,-1.40,-2.954%,"118,129,978"
BEEP,Mobile Infrastructure Corporation Common Stock,$2.86,0.02,0.704%,"118,118,000"
WSBK,"Winchester Bancorp, Inc. Common Stock",$12.70,-0.11,-0.859%,"118,051,275"
NIPG,NIP Group Inc. American Depositary Shares,$13.80,0.47,3.526%,"117,597,887"
HOVR,New Horizon Aircraft Ltd. Class A Ordinary Share,$1.75,0.06,3.55%,"117,466,897"
BHR,Braemar Hotels & Resorts Inc. Common Stock,$1.71,-0.05,-2.841%,"117,441,634"
JYNT,The Joint Corp. Common Stock,$8.29,-0.05,-0.60%,"117,246,747"
OPHC,"OptimumBank Holdings, Inc. Common Stock",$9.27,0.34,3.807%,"117,010,297"
LENZ,"LENZ Therapeutics, Inc. Common Stock",$3.72,-0.04,-1.064%,"116,883,676"
VRA,"Vera Bradley, Inc. Common Stock",$4.07,0.03,0.743%,"116,762,862"
EVTL,Vertical Aerospace Ltd. Ordinary Shares,$0.677,-0.0055,-0.806%,"116,256,905"
UNB,"Union Bankshares, Inc. Common Stock",$23.50,0.10,0.427%,"116,227,898"
KULR,"KULR Technology Group, Inc. Common Stock",$2.50,0.09,3.734%,"115,700,805"
FEAM,"5E Advanced Materials, Inc. Common Stock",$2.775,0.135,5.114%,"115,571,455"
BSBK,Bogota Financial Corp. Common Stock,$9.01,-0.115,-1.26%,"114,979,430"
CBUS,"Cibus, Inc. Class A Common Stock",$1.50,-0.04,-2.597%,"114,643,446"
PROV,"Provident Financial Holdings, Inc. Common Stock",$18.37,0.01,0.054%,"114,517,808"
SUIG,Sui Group Holdings Limited Common Stock,$1.49,0.02,1.361%,"114,436,279"
TCX,Tucows Inc. Class A Common Stock,$10.20,-0.29,-2.765%,"114,057,542"
SRFM,Surf Air Mobility Inc. Common Stock,$0.922,0.0381,4.31%,"113,999,992"
PZG,Paramount Gold Nevada Corp. Common Stock,$1.32,-0.04,-2.941%,"113,804,303"
WTF,Waton Financial Limited Ordinary Shares,$2.35,-0.06,-2.49%,"113,358,059"
XHG,XChange TEC.INC American Depositary Shares ,$2.19,-0.09,-3.947%,"112,889,958"
NICM,Nicola Mining Inc. American Depositary Shares,$5.695,-0.085,-1.471%,"112,883,938"
QUCY,Quantum Cyber N.V. Ordinary Shares,$1.33,0.01,0.758%,"111,810,695"
CNXU,Conexeu Sciences Inc. Common Stock,$3.96,-0.25,-5.938%,"111,698,524"
QXL,Quantum X Labs Inc. Common Stock,$5.165,-0.335,-6.091%,"111,397,821"
HOVNP,Hovnanian Enterprises Inc Dep Shr Srs A Pfd,$18.69,-0.55,-2.859%,"111,390,344"
DMRC,Digimarc Corporation Common Stock,$4.94,0.01,0.203%,"111,028,125"
VANI,"Vivani Medical, Inc. Common Stock (DE)",$1.23,UNCH,--,"110,950,128"
NRDY,Nerdy Inc. Class A Common Stock,$8.67,0.09,1.049%,"110,750,519"
WYY,WidePoint Corporation Common Stock,$11.07,-0.10,-0.895%,"110,680,683"
BYFC,Broadway Financial Corporation Class A Common Stock,$11.91,0.0186,0.156%,"110,507,471"
GNLX,Genelux Corporation Common Stock,$2.43,-0.085,-3.38%,"109,946,164"
PNBK,Patriot National Bancorp Inc. Common Stock,$0.925,-0.0154,-1.638%,"109,836,535"
ANTA,Antalpha Platform Holding Company Class A Ordinary Shares,$2.915,-0.185,-5.968%,"109,604,000"
RDZN,"Roadzen, Inc. Ordinary Shares",$1.285,0.115,9.829%,"109,437,106"
GGT,"Gabelli Multi-Media Trust, Inc. (The) Common Stock",$3.97,-0.05,-1.244%,"109,316,931"
NTRB,Nutriband Inc. Common Stock,$8.99,1.64,22.313%,"109,279,590"
NIOBW,NioCorp Developments Ltd. Warrant,$0.75,-0.03,-3.846%,"109,190,286"
EQ,"Equillium, Inc. Common Stock",$1.72,-0.03,-1.714%,"109,061,901"
GLU,Gabelli Global Utility Common Shares of Beneficial Ownership,$18.27,-0.09,-0.49%,"109,052,004"
FLNT,"Fluent, Inc. Common Stock",$3.45,UNCH,--,"109,044,447"
PYPD,PolyPid Ltd. Ordinary Shares,$5.36,0.09,1.708%,"108,871,066"
USDEW,StablecoinX Inc. Warrants,$4.00,0.70,21.212%,"108,748,516"
BDTX,"Black Diamond Therapeutics, Inc. Common Stock",$1.89,-0.01,-0.526%,"108,587,582"
BMEA,"Biomea Fusion, Inc. Common Stock",$1.49,0.05,3.472%,"108,000,939"
AIB,AIB Data Centers Inc. Common Stock,$1.42,-0.04,-2.74%,"107,890,842"
MWC,"Micware Co., Ltd. American Depositary Shares",$1.75,-0.05,-2.778%,"107,330,983"
TP,Ticketplus Ltd. Ordinary Shares,$8.3932,0.1632,1.983%,"107,247,269"
HMR,Heidmar Maritime Holdings Corp. Common Stock,$1.81,-0.04,-2.162%,"106,775,515"
JHI,John Hancock Investors Trust Common Stock,$12.1997,-0.1003,-0.815%,"106,680,850"
PLYX,"Polaryx Therapeutics, Inc. Common Stock",$2.14,UNCH,--,"106,670,425"
PAL,"Proficient Auto Logistics, Inc. Common Stock",$3.78,-0.08,-2.073%,"106,040,049"
ATGL,Alpha Technology Group Limited Class A Ordinary Shares,$6.37,0.82,14.775%,"104,866,125"
RANI,"Rani Therapeutics Holdings, Inc. Class A Common Stock",$0.749,-0.018,-2.347%,"104,407,094"
LAKE,"Lakeland Industries, Inc. Common Stock",$10.49,0.29,2.843%,"104,179,820"
PUSA,Aureus Greenway Holdings Inc. Common Stock,$3.76,0.06,1.622%,"103,939,868"
PMN,ProMIS Neurosciences Inc. Common Shares (ON),$11.57,-1.37,-10.587%,"103,756,208"
FURY,Fury Gold Mines Limited Common Shares,$0.5456,-0.0154,-2.745%,"103,736,126"
CSTE,Caesarstone Ltd. Ordinary Shares,$3.00,0.21,7.527%,"103,731,225"
STHO,Star Holdings Shares of Beneficial Interest,$8.58,-0.41,-4.561%,"103,657,837"
SEER,"Seer, Inc. Class A Common Stock",$1.87,0.07,3.889%,"103,545,668"
VIRC,Virco Manufacturing Corporation Common Stock,$6.56,-0.01,-0.152%,"103,410,626"
AMPG,"Amplitech Group, Inc. Common Stock",$3.44,0.06,1.775%,"103,350,971"
ZKIN,"ZK International Group Co., Ltd Ordinary Share",$1.80,0.10,5.882%,"103,162,154"
GHG,"GreenTree Hospitality Group Ltd. American depositary shares, each representing one Class A ordinary share",$1.02,0.02,2.00%,"102,915,272"
ZVIA,Zevia PBC Class A Common Stock,$1.33,0.04,3.101%,"102,869,383"
VATE,INNOVATE Corp. Common Stock,$7.52,-0.16,-2.083%,"102,586,832"
SRG,Seritage Growth Properties Class A Common Stock,$1.82,-0.03,-1.622%,"102,510,785"
ILLU,Illumination Acquisition Corp I Class A Ordinary Shares,$9.98,UNCH,--,"102,442,145"
ECOR,"electroCore, Inc. Common Stock",$11.35,-0.07,-0.613%,"102,330,295"
TRBG,TurboGen Ltd. Ordinary Shares,$3.99,0.25,6.684%,"101,569,400"
USGO,U.S. GoldMining Inc. Common stock,$7.23,0.15,2.119%,"101,478,371"
CHMI,Cherry Hill Mortgage Investment Corporation Common Stock,$2.74,-0.02,-0.725%,"101,235,860"
PMVP,"PMV Pharmaceuticals, Inc. Common Stock",$1.335,-0.035,-2.555%,"100,813,102"
ULBI,Ultralife Corporation Common Stock,$6.05,0.15,2.542%,"100,812,777"
ICG,Intchains Group Limited American Depositary Shares,$0.8308,-0.1692,-16.92%,"100,346,435"
BGM,BGM Group Ltd. Class A Ordinary Shares,$0.2487,-0.0063,-2.471%,"99,635,029"
CRDF,"Cardiff Oncology, Inc. Common Stock",$1.28,-0.03,-2.29%,"99,577,919"
NFE,New Fortress Energy Inc. Class A Common Stock,$6.10,-0.30,-4.688%,"99,561,852"
RFL,"Rafael Holdings, Inc. Class B Common Stock",$1.91,-0.11,-5.446%,"99,319,992"
SPWR,SunPower Inc. Common Stock,$0.3099,0.0099,3.30%,"99,261,077"
KEQU,Kewaunee Scientific Corporation Common Stock,$34.28,0.25,0.735%,"99,252,495"
MDIA,Mediaco Holding Inc. Class A Common Stock ,$1.1792,0.0792,7.20%,"99,076,217"
FJET,"Starfighters Space, Inc. Common Stock",$1.80,-0.07,-3.743%,"98,992,834"
MIST,Milestone Pharmaceuticals Inc. Common Shares,$0.7949,-0.0671,-7.784%,"98,963,444"
BWEN,"Broadwind, Inc. Common Stock",$4.17,-0.15,-3.472%,"98,651,245"
NTHI,"NeOnc Technologies Holdings, Inc. Common Stock",$3.30,0.08,2.484%,"98,228,114"
SUNS,"Sunrise Realty Trust, Inc. Common Stock",$7.23,-0.12,-1.633%,"97,719,603"
CTOR,"Citius Oncology, Inc. Common Stock",$1.05,0.04,3.96%,"97,630,264"
NRXS,"Neuraxis, Inc. Common Stock",$7.75,0.44,6.019%,"97,322,679"
ANIX,"Anixa Biosciences, Inc. Common Stock",$2.78,0.03,1.091%,"96,643,370"
GFUZW,General Fusion Group Ltd. Warrant,$1.52,0.01,0.662%,"96,594,056"
HDRN,"Hadron Energy, Inc. Common Stock  ",$1.35,-0.05,-3.571%,"96,523,437"
SLNG,"Stabilis Solutions, Inc. Common Stock",$5.18,-0.06,-1.145%,"96,328,839"
CITR,CitroTech Inc. Common Stock,$4.27,-0.32,-6.972%,"96,303,334"
UPXI,"Upexi, Inc. Common Stock",$1.17,UNCH,--,"96,059,895"
DWSN,Dawson Geophysical Company Common Stock,$3.08,0.11,3.704%,"95,651,303"
FNWB,First Northwest Bancorp Common Stock,$10.05,UNCH,--,"95,591,731"
AUBN,"Auburn National Bancorporation, Inc. Common Stock",$27.1876,0.9056,3.446%,"94,729,537"
BUDA,"Buda Juice, Inc. Common Stock",$7.50,-0.05,-0.662%,"94,249,995"
MNTS,Momentus Inc. Class A Common Stock,$4.285,0.055,1.30%,"94,113,173"
EP,Empire Petroleum Corporation Common Stock,$2.26,0.09,4.147%,"94,021,291"
CIGL,Concorde International Group Ltd Class A Ordinary Shares,$0.4129,-0.008,-1.901%,"93,722,300"
GRWG,GrowGeneration Corp. Common Stock,$1.59,-0.02,-1.242%,"93,683,514"
FDSB,"Fifth District Bancorp, Inc. Common Stock",$17.82,-0.33,-1.818%,"93,299,426"
PARK,"Park Dental Partners, Inc. Common Stock",$19.61,-0.57,-2.825%,"93,251,080"
DAVA,Endava plc American Depositary Shares (each representing one Class A Ordinary Share),$1.70,-0.30,-15.00%,"92,356,925"
WRAP,"Wrap Technologies, Inc. Common Stock",$1.43,-0.045,-3.051%,"92,344,498"
SIEB,Siebert Financial Corp. Common Stock,$2.23,0.05,2.294%,"91,655,087"
VIOT,"Viomi Technology Co., Ltd American Depositary Shares",$1.36,0.06,4.615%,"91,557,553"
TGEN,Tecogen Inc. Common Stock,$3.02,-0.13,-4.127%,"91,167,222"
RGT,"Royce Global Trust, Inc. Common Stock",$14.501,-0.004,-0.028%,"90,876,940"
ACRV,"Acrivon Therapeutics, Inc. Common Stock",$2.12,0.06,2.913%,"90,849,127"
HERE,Here Group Limited American Depositary Shares,$1.67,0.01,0.602%,"90,822,307"
LUD,Luda Technology Group Limited Ordinary Shares,$4.00,-0.175,-4.192%,"90,760,000"
FUSB,"First US Bancshares, Inc. Common Stock",$16.45,-0.01,-0.061%,"90,552,463"
ICCC,ImmuCell Corporation Common Stock,$9.97,-0.02,-0.20%,"90,549,504"
PFX,PhenixFIN Corporation Common Stock,$46.8622,UNCH,--,"90,503,702"
AEYE,"AudioEye, Inc. Common Stock",$7.20,0.06,0.84%,"90,501,653"
CGTX,"Cognition Therapeutics, Inc. Common Stock",$0.9508,0.0008,0.084%,"90,415,134"
SPAI,Safe Pro Group Inc. Common Stock,$4.44,-0.09,-1.987%,"90,411,107"
RFIL,"RF Industries, Ltd. Common Stock",$8.31,-0.06,-0.717%,"90,144,894"
LSE,"Leishen Energy Holding Co., Ltd. Class A Ordinary Shares",$5.29,-0.21,-3.818%,"90,062,250"
STEX,Streamex Corp. Common Stock,$0.7716,-0.0623,-7.471%,"89,864,716"
GCL,GCL Global Holdings Ltd Ordinary Shares,$0.688,0.0327,4.99%,"89,533,177"
TSQ,"Townsquare Media, Inc. Class A Common Stock",$4.91,-0.18,-3.536%,"89,517,347"
LPA,Logistic Properties of the Americas Ordinary Shares,$2.82,-0.20,-6.623%,"89,390,151"
RMI,"RiverNorth Opportunistic Municipal Income Fund, Inc. Common Stock",$13.92,-0.09,-0.642%,"88,715,891"
CABO,"Cable One, Inc. Common Stock",$15.63,-0.20,-1.263%,"88,683,448"
MGF,Aberdeen Government Markets Income Fund Common Shares of Beneficial Interest,$2.71,UNCH,--,"88,338,935"
VENU,Venu Holding Corporation Common Stock,$1.50,0.03,2.041%,"88,304,009"
RLYB,Rallybio Corporation Common Stock,$16.61,-0.25,-1.483%,"88,207,388"
MBOT,Microbot Medical Inc. Common Stock,$1.31,UNCH,--,"87,985,889"
ARQ,"Arq, Inc. Common Stock",$2.01,-0.03,-1.471%,"87,773,651"
BZFD,"BuzzFeed, Inc. Class A Common Stock",$1.03,UNCH,--,"87,585,775"
CCLD,"CareCloud, Inc. Common Stock",$2.06,UNCH,--,"87,537,350"
MMLP,Martin Midstream Partners L.P. Limited Partnership,$2.23,0.0148,0.668%,"87,248,050"
FTLF,"FitLife Brands, Inc. Common Stock",$9.28,-0.11,-1.171%,"87,149,148"
UBCP,"United Bancorp, Inc. Common Stock",$15.18,-0.1701,-1.108%,"87,065,163"
ZSTK,ZeroStack Corp. Common Stock,$3.99,0.07,1.786%,"87,063,903"
LNSR,"LENSAR, Inc. Common Stock",$7.075,-0.075,-1.049%,"86,922,495"
WFF,WF Holding Limited Ordinary Shares,$2.07,UNCH,--,"86,774,263"
MHH,"Mastech Digital, Inc Common Stock",$7.215,-0.085,-1.164%,"86,670,772"
BCIC,BCP Investment Corporation Common Stock,$6.995,-0.105,-1.479%,"86,623,646"
ONCY,"Oncolytics Biotech, Inc. Common Stock",$0.6792,0.0027,0.399%,"86,605,135"
DTI,Drilling Tools International Corporation Common Stock,$2.45,0.01,0.41%,"86,441,449"
HFFG,HF Foods Group Inc. Common Stock,$1.55,0.01,0.649%,"86,184,365"
YRD,"Yiren Digital Ltd. American Depositary Shares, each representing two ordinary shares",$0.9843,-0.0157,-1.57%,"86,114,892"
GIBO,GIBO Holdings Limited Class A Ordinary Shares,$33.00,0.80,2.484%,"85,955,265"
SKIN,SkinHealth Systems Inc. Class A Common Stock,$0.66,-0.0167,-2.468%,"85,892,904"
ARBE,Arbe Robotics Ltd. Ordinary Shares,$0.6739,0.002,0.298%,"85,857,596"
LGL,"LGL Group, Inc. (The) Common Stock",$6.80,-0.15,-2.158%,"85,769,413"
PTHS,Pelthos Therapeutics Inc. Common Stock,$22.40,-1.12,-4.762%,"85,757,706"
ATRA,"Atara Biotherapeutics, Inc. Common Stock",$8.54,-0.02,-0.234%,"85,722,043"
BTCS,BTCS Inc. Common Stock,$1.63,0.065,4.153%,"85,529,264"
RPT,Rithm Property Trust Inc. Common stock,$10.95,-0.18,-1.617%,"85,109,576"
PBHC,"Pathfinder Bancorp, Inc. Common Stock (MD)",$17.35,-0.94,-5.139%,"84,986,546"
BYRN,"Byrna Technologies, Inc. Common Stock",$3.62,UNCH,--,"84,725,209"
EVF,Eaton Vance Senior Income Trust Common Stock,$4.83,-0.04,-0.821%,"84,712,684"
JXG,JX Luxventure Group Inc. Common Stock,$7.00,-0.50,-6.667%,"84,419,139"
HYPR,"Hyperfine, Inc. Class A Common Stock",$0.7959,0.0059,0.747%,"84,404,136"
KDKRW,"Kodiak AI, Inc. Warrants",$0.42,-0.02,-4.545%,"84,259,631"
FACWW,Factorial Energy Inc. Warrant,$0.7857,-0.1043,-11.719%,"84,088,164"
CPBI,"Central Plains Bancshares, Inc. Common Stock",$20.10,-0.05,-0.248%,"83,861,944"
EIC,Eagle Point Income Company Common Shares of Beneficial Interest,$9.41,-0.14,-1.466%,"83,825,296"
PAAI,"Paradium.AI, Inc. Common Stock",$1.76,0.21,13.548%,"83,794,749"
GCV,"Gabelli Convertible and Income Securities Fund, Inc. (The) Common Stock",$4.39,-0.04,-0.903%,"83,585,727"
CANG,Cango Inc. Class A Ordinary Shares,$2.03,0.02,0.995%,"83,274,593"
WCT,Wellchange Holdings Company Limited Class A Ordinary shares,$7.75,0.23,3.059%,"83,243,262"
GRABW,Grab Holdings Limited Warrant,$0.0203,-0.0032,-13.617%,"83,239,780"
SERA,"Sera Prognostics, Inc. Class A Common Stock",$2.11,0.05,2.427%,"83,238,373"
TELO,"Telomir Pharmaceuticals, Inc. Common Stock",$1.21,-0.01,-0.82%,"83,217,697"
GOAI,Eva Live Inc. Common Stock,$2.08,0.15,7.772%,"83,187,811"
SATLW,Satellogic Inc. Warrant,$0.54,0.075,16.129%,"83,019,552"
XTND,"Xtend AI Robotics, Inc. Common Stock",$4.10,0.15,3.797%,"82,944,652"
NAAS,NaaS Technology Inc. American Depositary Shares,$3.37,-0.05,-1.462%,"82,776,869"
OPENZ,"Opendoor Technologies Inc  Series Z Warrants, each whole warrant exercisable to purchase one share of Common Stock at an exercise price of $17.00 per warrant",$0.0852,-0.004,-4.484%,"82,736,957"
CMCM,"Cheetah Mobile Inc. American Depositary Shares, each representing fifty (50) Class A Ordinary Shares",$2.65,UNCH,--,"82,615,971"
BDL,"Flanigan's Enterprises, Inc. Common Stock",$44.42,0.80,1.834%,"82,561,100"
EMPD,Empery Digital Inc. Common stock,$2.93,-0.055,-1.843%,"82,362,625"
WSTN,Westin Acquisition Corp Class A Ordinary Share,$10.185,UNCH,--,"82,040,175"
ACR,ACRES Commercial Realty Corp. Common Stock,$10.96,-0.91,-7.666%,"81,963,944"
MAYS,"J. W. Mays, Inc. Common Stock",$40.65,UNCH,--,"81,941,457"
CPHC,Canterbury Park Holding Corporation 'New' Common Stock,$15.78,UNCH,--,"81,793,957"
LINK,"Interlink Electronics, Inc. Common Stock",$5.18,-0.115,-2.172%,"81,602,659"
LUNG,Pulmonx Corporation Common Stock,$1.90,-0.10,-5.00%,"81,601,711"
BSIN,Big Sky Industrial Inc. Common Stock,$1.55,0.08,5.442%,"81,364,813"
SKYA,"SkyAI, Inc. Common Stock",$1.88,0.07,3.867%,"81,305,311"
SEV,Aptera Motors Corp. Class B Common Stock,$2.00,0.04,2.041%,"81,086,250"
BLNK,Blink Charging Co. Common Stock,$0.5586,-0.0066,-1.168%,"80,962,767"
FSEA,"First Seacoast Bancorp, Inc. Common Stock",$17.18,UNCH,--,"80,822,022"
HNNA,"Hennessy Advisors, Inc. Common Stock",$10.19,-0.18,-1.736%,"80,545,938"
SSBI,Summit State Bank Common Stock,$12.07,-0.2686,-2.177%,"80,544,679"
CHGG,"Chegg, Inc. Common Stock",$0.7253,-0.0075,-1.023%,"80,528,233"
GANX,"Gain Therapeutics, Inc. Common Stock",$1.84,UNCH,--,"80,304,259"
AZI,Autozi Internet Technology (Global) Ltd. Class A Ordinary Shares,$1.21,-0.02,-1.626%,"80,283,577"
RFM,"RiverNorth Flexible Municipal Income Fund, Inc. Common Stock",$13.125,-0.19,-1.427%,"80,255,424"
ATLX,Atlas Lithium Corporation Common Stock,$2.66,-0.09,-3.273%,"80,065,481"
DTCX,"Datacentrex, Inc. Common Stock",$1.99,-0.03,-1.485%,"79,885,816"
DTF,DTF Tax-Free Income 2028 Term Fund Inc. Common Stock,$11.33,0.03,0.265%,"79,644,994"
YDDL,One and One Green Technologies. Inc Class A Ordinary Shares,$1.42,-0.04,-2.74%,"79,567,333"
THRY,"Thryv Holdings, Inc. Common Stock",$1.79,-0.05,-2.717%,"79,546,009"
JFIN,Jiayin Group Inc. American Depositary Shares,$1.52,-0.03,-1.935%,"79,540,910"
ETS,Elite Express Holding Inc. Class A Common Stock,$1.63,0.04,2.516%,"79,408,175"
MHNC,"Maiden Holdings North America, Ltd. 7.75% Notes due 2043",$10.25,0.05,0.49%,"79,354,916"
ASRV,AmeriServ Financial Inc. Common Stock,$4.67,-0.03,-0.638%,"79,293,177"
SVRN,"SVRN, Inc. Common Stock",$42.23,9.68,29.739%,"79,215,710"
LFVN,Lifevantage Corporation Common Stock (Delaware),$6.29,0.09,1.452%,"79,187,603"
NRT,North European Oil Royality Trust Common Stock,$8.615,-0.215,-2.435%,"79,176,933"
INTG,Intergroup Corporation (The) Common Stock,$36.78,0.45,1.239%,"79,033,305"
AFCG,Advanced Flower Capital Inc. Common Stock,$3.48,-0.02,-0.571%,"78,898,278"
ROC,Rank One Computing Corporation Common stock,$4.135,-0.045,-1.077%,"78,896,325"
AVAT,Avalanche Treasury Corporation Class A Common Stock,$1.80,-0.41,-18.552%,"78,696,799"
LNZA,"LanzaTech Global, Inc. Common Stock",$5.97,0.08,1.358%,"78,142,303"
CENN,Cenntro Inc. Common Stock,$4.4288,-0.0812,-1.80%,"77,842,591"
ACET,"Adicet Bio, Inc. Common Stock",$8.27,-0.22,-2.591%,"77,419,522"
IBIO,"iBio, Inc. Common Stock",$1.20,-0.045,-3.614%,"77,168,707"
OSTX,OS Therapies Incorporated Common Stock,$1.66,0.01,0.606%,"77,141,511"
NDLS,Noodles & Company Class A Common Stock,$12.91,-0.17,-1.30%,"77,029,581"
FATN,"FatPipe, Inc. Common Stock",$5.45,0.20,3.81%,"77,000,151"
AIRT,"Air T, Inc. Common Stock",$28.66,-0.72,-2.451%,"76,858,898"
ESYN,EnerSyn Global Inc. Common Stock,$2.58,0.28,12.174%,"76,694,112"
NEXM,NexMetals Mining Corp. Common Shares,$2.15,-0.02,-0.922%,"76,643,553"
GDHG,Golden Heaven Group Holdings Ltd. Class A Ordinary Shares,$1.17,0.02,1.739%,"76,624,353"
HFBL,"Home Federal Bancorp, Inc. of Louisiana Common Stock",$25.00,UNCH,--,"76,347,225"
CSPI,CSP Inc. Common Stock,$7.57,0.15,2.022%,"76,310,483"
SRL,Scully Royalty Ltd.,$5.0001,-0.2299,-4.396%,"76,133,278"
MAIA,"MAIA Biotechnology, Inc. Common Stock",$1.25,-0.07,-5.303%,"76,042,758"
FBIO,"Fortress Biotech, Inc. Common Stock",$2.28,-0.06,-2.564%,"76,040,264"
RNXT,"RenovoRx, Inc. Common Stock",$1.68,0.05,3.067%,"75,817,573"
AIFC,AI Financial Corporation Common Stock,$0.541,-0.0095,-1.726%,"75,651,552"
BLUW,Blue Water Acquisition Corp. III Class A Ordinary Shares,$10.37,0.0099,0.096%,"75,130,650"
GLBS,Globus Maritime Limited Common Stock,$3.48,-0.09,-2.521%,"75,106,407"
CPSH,CPS Technologies Corp. Common Stock,$3.87,UNCH,--,"75,031,336"
SOTK,Sono-Tek Corporation Common Stock,$4.77,-0.09,-1.852%,"74,968,769"
VRCA,Verrica Pharmaceuticals Inc. Common Stock,$4.36,-0.26,-5.628%,"74,899,507"
GUTS,"Fractyl Health, Inc. Common Stock",$0.4699,-0.0157,-3.233%,"74,798,611"
TRT,Trio-Tech International Common Stock,$7.26,-4.19,-36.594%,"74,766,740"
NTIC,Northern Technologies International Corporation Common Stock,$7.85,-0.01,-0.127%,"74,547,046"
ISPR,Ispire Technology Inc. Common Stock,$1.29,-0.035,-2.642%,"74,503,268"
EGG,Enigmatig Limited Class A Ordinary Shares,$2.67,-0.04,-1.476%,"74,346,684"
IOR,"Income Opportunity Realty Investors, Inc. Common Stock",$18.23,UNCH,--,"74,126,425"
NSTS,"NSTS Bancorp, Inc. Common Stock",$14.11,-0.0357,-0.252%,"74,121,678"
GLV,Clough Global Dividend and Income Fund Common Shares of beneficial interest,$5.83,-0.01,-0.171%,"74,096,869"
FSI,Flexible Solutions International Inc. Common Stock (CDA),$5.80,-0.02,-0.344%,"74,080,488"
TMSWW,Teamshares Inc. Warrants,$1.00,-0.01,-0.99%,"73,660,516"
ALDX,"Aldeyra Therapeutics, Inc. Common Stock",$1.22,-0.13,-9.63%,"73,598,234"
CING,Cingulate Inc. Common Stock,$5.06,0.08,1.606%,"73,581,640"
BZAI,"Blaize Holdings, Inc. Common Stock",$0.5076,-0.0477,-8.59%,"73,516,743"
CRT,Cross Timbers Royalty Trust Common Stock,$12.25,0.42,3.55%,"73,500,000"
SLQT,"SelectQuote, Inc. Common Stock",$0.41,-0.0229,-5.29%,"73,497,338"
OPENL,"Opendoor Technologies Inc  Series A Warrants, each whole warrant exercisable to purchase one share of Common Stock at an exercise price of $13.00 per warrant",$0.0755,-0.0036,-4.551%,"73,317,374"
GECC,Great Elm Capital Corp. Common Stock,$5.27,-0.03,-0.566%,"73,198,983"
BARK,"BARK, Inc. Class A Common Stock",$8.10,-0.13,-1.58%,"73,171,002"
FLX,BingEx Limited American Depositary Shares,$0.9999,0.106,11.858%,"73,122,597"
KLRS,"Kalaris Therapeutics, Inc. Common Stock",$3.07,-0.05,-1.603%,"73,081,292"
SCOR,"comScore, Inc. Common Stock",$4.81,-0.13,-2.632%,"73,036,608"
MEGL,Magic Empire Global Limited Class A Ordinary Shares,$1.12,-0.0001,-0.009%,"72,871,736"
SPRO,"Spero Therapeutics, Inc. Common Stock",$1.25,-0.01,-0.794%,"72,793,534"
WATT,Energous Corporation Common Stock,$13.16,0.18,1.387%,"72,736,254"
OPXS,"Optex Systems Holdings, Inc. Common Stock",$10.45,0.05,0.481%,"72,730,673"
AMCI,AMC Robotics Corporation Common Stock,$3.13,-0.10,-3.096%,"72,636,104"
OKYO,OKYO Pharma Limited Ordinary Shares,$1.38,0.06,4.545%,"72,421,747"
JRSH,"Jerash Holdings (US), Inc. Common Stock",$5.70,-0.06,-1.042%,"72,389,658"
CLST,"Catalyst Bancorp, Inc. Common Stock",$17.90,-0.14,-0.776%,"72,204,859"
SSTI,"SoundThinking, Inc. Common Stock",$5.47,-0.21,-3.697%,"72,005,931"
AEC,Anfield Energy Inc. Common Shares,$3.60,-0.07,-1.907%,"71,819,914"
RSSS,"Research Solutions, Inc Common Stock",$2.12,UNCH,--,"71,576,858"
RML,Resolution Minerals Ltd American Depositary Shares,$6.37,0.13,2.083%,"71,332,878"
RGS,Regis Corporation Common Stock,$28.52,0.97,3.521%,"71,304,478"
LGO,Largo Inc. Common Shares,$0.691,-0.034,-4.69%,"71,265,594"
MHLA,"Maiden Holdings, Ltd. 6.625% Notes due 2046",$9.14,0.18,2.009%,"70,761,359"
PSIG,PS International Group Ltd. Ordinary Shares,$4.60,0.25,5.747%,"70,751,781"
TENX,"Tenax Therapeutics, Inc. Common Stock",$1.89,-0.01,-0.526%,"70,731,203"
AIRJW,AirJoule Technologies Corporation Warrant,$0.94,UNCH,--,"70,694,484"
PLRX,"Pliant Therapeutics, Inc. Common Stock",$1.14,0.015,1.333%,"70,590,963"
AUROW,"Aurora Innovation, Inc. Warrant",$0.0352,0.0036,11.392%,"70,546,265"
CEV,Eaton Vance California Municipal Income Trust Shares of Beneficial Interest,$9.99,-0.21,-2.059%,"70,265,414"
DGNX,Diginex Limited Ordinary Shares,$1.40,-0.07,-4.762%,"70,182,182"
OPTXW,"Syntec Optics Holdings, Inc. Warrant",$1.74,-0.09,-4.918%,"70,086,988"
WBX,Wallbox N.V. Class A Ordinary Shares,$2.93,0.10,3.534%,"70,000,920"
YOUL,Youlife Group Inc. American Depositary Shares,$0.498,0.026,5.508%,"69,576,080"
PRTS,"CarParts.com, Inc. Common Stock",$8.62,0.28,3.357%,"69,524,024"
COE,"51Talk Online Education Group American depositary shares, each representing 60 Class A ordinary shares",$11.57,UNCH,--,"69,504,635"
CNTB,Connect Biopharma Holdings Limited Ordinary Shares,$1.10,0.03,2.804%,"69,271,740"
BSEM,"BioStem Technologies, Inc. Common Stock",$3.88,0.08,2.105%,"69,255,947"
PCLA,PicoCELA Inc. American Depositary Shares,$7.20,-0.05,-0.69%,"69,219,396"
MBAI,MBody AI Ltd. Ordinary Share,$4.51,-0.96,-17.55%,"68,974,064"
CSBR,"Champions Oncology, Inc. Common Stock",$4.95,-0.07,-1.394%,"68,896,917"
MB,MasterBeef Group Ordinary Shares,$4.01,-0.07,-1.716%,"68,791,550"
AIRG,"Airgain, Inc. Common Stock",$5.25,0.01,0.191%,"68,776,229"
FRMM,"Forum Markets, Incorporated Common Stock",$5.21,0.07,1.362%,"68,766,519"
YIBO,Planet Image International Limited Class A Ordinary Shares,$1.16,-0.01,-0.855%,"68,711,696"
ATHE,Alterity Therapeutics Limited American Depositary Shares,$3.77,0.22,6.197%,"68,645,547"
CVU,"CPI Aerostructures, Inc. Common Stock",$5.16,0.06,1.176%,"68,368,627"
PODC,"PodcastOne, Inc. Common Stock",$2.25,0.04,1.81%,"68,068,566"
WKEY,WISeKey International Holding Ltd American Depositary Shares,$5.98,0.03,0.504%,"68,042,437"
APLM,Apollomics Inc. Class A Ordinary Shares,$23.48,0.08,0.342%,"67,999,324"
INV,"Innventure, Inc. Common Stock",$0.8031,-0.0265,-3.194%,"67,952,425"
PXS,Pyxis Tankers Inc. Common Stock,$6.61,-0.09,-1.343%,"67,918,669"
AMTD,"AMTD IDEA Group American Depositary Shares, each representing six (6) Class A Ordinary Shares",$0.7091,-0.0107,-1.487%,"67,864,808"
GNSS,Genasys Inc. Common Stock,$1.49,-0.01,-0.667%,"67,857,593"
UEIC,Universal Electronics Inc. Common Stock,$5.25,-0.01,-0.19%,"67,646,576"
TYGO,"Tigo Energy, Inc. Common Stock",$0.88,-0.01,-1.124%,"67,560,866"
CVRX,"CVRx, Inc. Common Stock",$2.53,-0.19,-6.985%,"67,403,240"
WWR,"Westwater Resources, Inc. Common Stock",$0.5226,-0.0074,-1.396%,"67,187,982"
GETY,"Getty Images Holdings, Inc. Class A Common Stock",$0.1619,-0.0578,-26.309%,"67,157,950"
KBSX,FST Corp. Ordinary Shares,$1.50,0.125,9.091%,"67,149,005"
SGLD,Scorpio Gold Corporation American Depositary Shares ,$3.87,-0.14,-3.491%,"66,982,773"
ROLR,"High Roller Technologies, Inc. Common Stock",$6.07,0.06,0.998%,"66,947,930"
ZONE,Zone Frontier Inc. Class B Common Stock,$0.1333,-0.0117,-8.069%,"66,928,632"
GEG,"Great Elm Group, Inc. Common Stock",$2.15,-0.02,-0.922%,"66,854,014"
GOSS,"Gossamer Bio, Inc. Common Stock",$10.93,-0.06,-0.546%,"66,852,154"
ALPS,ALPS Group Inc Ordinary Share,$0.40,UNCH,--,"66,560,126"
DXR,Daxor Corporation Common Stock,$11.39,0.575,5.317%,"66,497,371"
GLNDW,Greenland Energy Company Warrant,$1.5201,0.6451,73.726%,"66,474,268"
DRIO,DarioHealth Corp. Common Stock,$6.77,0.03,0.445%,"66,342,486"
MYO,Myomo Inc. Common Stock,$1.67,0.03,1.829%,"66,145,116"
DIT,AMCON Distributing Company Common Stock,$67.56,UNCH,--,"65,940,452"
XBIT,XBiotech Inc. Common Stock,$2.16,-0.02,-0.917%,"65,853,499"
INSG,Inseego Corp. Common Stock,$4.00,-0.095,-2.32%,"65,682,368"
NAMM,Namib Minerals Ordinary Shares,$1.17,-0.08,-6.40%,"65,347,315"
SDEV,Stablecoin Development Corporation Common Stock,$1.29,0.17,15.179%,"65,293,914"
AISP,"Airship AI Holdings, Inc. Class A Common Stock",$1.89,-0.05,-2.577%,"65,090,772"
USIO,"Usio, Inc. Common Stock",$2.28,0.01,0.441%,"64,969,544"
GEOS,Geospace Technologies Corporation Common Stock (Texas),$5.02,-0.12,-2.335%,"64,936,727"
HYPD,"Hyperion DeFi, Inc. Common Stock",$4.17,0.25,6.378%,"64,799,440"
CLSKW,"CleanSpark, Inc. Warrant",$0.252,-0.018,-6.667%,"64,717,902"
ELOX,"Eloxx Pharmaceuticals, Inc. Common Stock",$16.00,0.565,3.661%,"64,583,344"
NPT,Texxon Holding Limited Ordinary shares,$2.91,-0.07,-2.349%,"64,558,350"
WNW,Meiwu Technology Company Limited Ordinary Shares,$2.45,0.04,1.66%,"64,509,654"
RNTX,"Rein Therapeutics, Inc. Common Stock",$0.744,-0.0263,-3.414%,"64,182,672"
BATL,Battalion Oil Corporation Common Stock,$1.12,0.02,1.818%,"64,156,014"
FLL,"Full House Resorts, Inc. Common Stock",$1.75,-0.03,-1.685%,"64,127,840"
IPWR,Ideal Power Inc. Common Stock,$3.90,-0.16,-3.941%,"64,095,155"
HYFT,MindWalk Holdings Corp. Common Stock,$1.36,-0.03,-2.158%,"64,071,868"
YTRA,"Yatra Online, Inc. Ordinary Shares",$1.00,-0.04,-3.846%,"63,971,286"
PEW,GrabAGun Digital Holdings Inc. Common Stock,$2.16,UNCH,--,"63,749,026"
ODYS,Odysight.ai Inc. Common Stock,$3.14,0.04,1.29%,"63,567,432"
BOF,BranchOut Food Inc. Common Stock,$3.89,0.25,6.868%,"63,250,256"
ABLV,Able View Global Inc. Class B Ordinary Shares,$1.14,0.1701,17.538%,"62,951,742"
MOB,Mobilicom Limited Ordinary Shares,$4.98,-0.07,-1.386%,"62,914,188"
INKT,"MiNK Therapeutics, Inc. Common Stock",$12.30,-0.05,-0.405%,"62,766,925"
UAVS,"AgEagle Aerial Systems, Inc. Common Stock",$0.9962,0.0132,1.343%,"62,666,664"
GGR,Gogoro Inc. Ordinary Shares,$3.03,0.06,2.02%,"62,465,017"
INCR,Intercure Ltd. Ordinary Shares,$5.26,-0.21,-3.839%,"62,308,440"
ZYBT,Zhengye Biotechnology Holding Limited Class A Ordinary Shares,$1.31,-0.06,-4.38%,"62,082,703"
HOUR,"Hour Loop, Inc. Common Stock",$1.76,0.02,1.149%,"61,951,683"
ASPS,Altisource Portfolio Solutions S.A. Common Stock,$5.37,-0.12,-2.186%,"61,326,506"
ZOOZ,ZOOZ Strategy Ltd. Ordinary Shares,$7.61,-0.01,-0.131%,"60,953,117"
FBDT,First Breach Inc. Common Stock,$1.09,0.1754,19.178%,"60,796,059"
TLPH,"Talphera, Inc. Common Stock",$1.17,0.01,0.862%,"60,729,781"
WFCF,"Where Food Comes From, Inc. Common Stock",$12.15,0.78,6.86%,"60,502,905"
RENT,"Rent the Runway, Inc. Class A Common Stock",$1.79,0.09,5.294%,"60,455,677"
KXIN,Kaixin Holdings Ordinary Shares,$1.51,-0.09,-5.625%,"60,451,165"
ZEPP,"Zepp Health Corporation American depositary shares, each representing sixteen Class A ordinary shares",$4.12,-0.12,-2.83%,"60,419,722"
ADBT,"Advasa Holdings, Inc. Common Stock",$0.1239,0.0039,3.25%,"60,347,440"
TTEC,"TTEC Holdings, Inc. Common Stock",$1.22,-0.01,-0.813%,"60,141,047"
PVL,Permianville Royalty Trust Units of Beneficial Interest,$1.82,-0.02,-1.087%,"60,060,000"
CLNN,Clene Inc. Common Stock,$4.21,-0.08,-1.865%,"59,840,860"
JZXN,"Jiuzi Holdings, Inc. Ordinary Shares",$1.16,0.06,5.455%,"59,754,800"
XPL,Solitario Resources Corp. Common Stock,$0.631,-0.0092,-1.437%,"59,745,896"
SPCB,"SuperCom, Ltd. Ordinary Shares (Israel)",$9.47,-0.12,-1.251%,"59,475,880"
STKE,Sol Strategies Inc. Common Shares,$1.50,-0.03,-1.961%,"59,230,319"
XLO,"Xilio Therapeutics, Inc. Common Stock",$9.00,0.06,0.671%,"59,221,341"
CTM,"Castellum, Inc. Common Stock",$0.6246,-0.008,-1.265%,"59,200,391"
BOLD,"Boundless Bio, Inc. Common Stock",$2.60,-0.10,-3.704%,"59,144,761"
CAST,"FreeCast, Inc. Class A Common Stock",$1.24,-0.07,-5.344%,"59,000,517"
OM,"Outset Medical, Inc. Common Stock",$3.13,0.04,1.294%,"58,835,123"
REKR,"Rekor Systems, Inc. Common Stock",$0.4274,-0.0015,-0.35%,"58,825,838"
EXOZ,eXoZymes Inc. Common Stock,$6.335,-0.045,-0.705%,"58,797,409"
LITB,"LightInTheBox Holding Co., Ltd. American Depositary Shares, each representing twelve ordinary shares",$2.98,-0.13,-4.18%,"58,785,214"
NMAD,"Nomad Power Solutions, Inc. Common Stock",$3.63,0.105,2.979%,"58,446,877"
KNDI,"Kandi Technologies Group, Inc. Ordinary Shares",$0.5808,0.0278,5.027%,"58,321,244"
MCHX,"Marchex, Inc. Class B Common Stock",$1.31,-0.02,-1.504%,"58,082,636"
PDSB,PDS Biotechnology Corporation Common Stock,$0.8001,-0.0238,-2.889%,"57,986,614"
COPR,Idaho Copper Corporation Common Stock,$3.08,-0.05,-1.597%,"57,838,100"
IH,"iHuman Inc. American depositary shares, each representing five Class A ordinary shares",$1.13,-0.05,-4.237%,"57,757,534"
SELF,"Global Self Storage, Inc. Common Stock",$5.05,0.04,0.798%,"57,678,171"
VOC,VOC Energy Trust Units of Beneficial Interest,$3.38,0.01,0.297%,"57,460,000"
INVE,"INVE Technologies, Inc. Common Stock",$2.37,-0.03,-1.25%,"57,438,735"
TELA,"TELA Bio, Inc. Common Stock",$1.27,-0.03,-2.308%,"57,332,131"
SLSN,"Solesence, Inc. Common Stock",$0.81,-0.01,-1.22%,"57,224,106"
AVD,American Vanguard Corporation Common Stock ($0.10 Par Value),$1.93,-0.10,-4.926%,"56,936,220"
NVX,NOVONIX Limited American Depository Shares,$2.64,-0.1613,-5.758%,"56,820,269"
ANVS,"Annovis Bio, Inc. Common Stock",$1.33,0.06,4.724%,"56,763,148"
NEOVW,NeoVolta Inc. Warrant,$0.96,-0.29,-23.20%,"56,652,717"
AACG,ATA Creativity Global American Depositary Shares,$0.8256,0.0006,0.073%,"56,523,895"
AGIG,Abundia Global Impact Group Inc. Common stock,$1.28,UNCH,--,"56,512,411"
NCEW,New Century Logistics (BVI) Limited Ordinary Shares,$17.63,0.63,3.706%,"56,416,000"
NTWK,NetSol Technologies Inc. Common  Stock,$4.75,0.29,6.502%,"56,412,967"
ACH,"Accendra Health, Inc. Common Stock",$0.7332,-0.0169,-2.253%,"56,386,529"
STI,"Solidion Technology, Inc. Common Stock",$6.62,-0.12,-1.78%,"56,354,544"
BBBYW,"Neighborhood Intelligence, Inc. Warrants",$0.59,0.03,5.357%,"56,343,633"
ELBM,Electra Battery Materials Corporation Common Stock,$0.5269,-0.0167,-3.072%,"56,272,993"
TZOO,Travelzoo Common Stock,$5.51,-0.07,-1.254%,"56,214,877"
AIFU,AIFU Inc. Class A Ordinary Share,$9.10,-1.07,-10.521%,"56,198,925"
GENK,"GEN Restaurant Group, Inc. Class A Common Stock",$1.70,0.005,0.295%,"56,039,851"
LIDR,"AEye, Inc. Class A Common Stock",$1.20,0.02,1.695%,"56,006,603"
HIT,"Health In Tech, Inc. Class A Common Stock",$0.8537,-0.0288,-3.263%,"55,834,241"
DOMH,Dominari Holdings Inc. Common Stock,$2.30,-0.15,-6.122%,"55,760,386"
SKIL,Skillsoft Corp. Class A Common Stock,$6.12,0.20,3.378%,"55,694,717"
WATR,Air Water Ventures Limited Ordinary Shares,$1.76,-0.04,-2.222%,"55,685,439"
RPID,"Rapid Micro Biosystems, Inc. Class A Common Stock",$1.11,UNCH,--,"55,677,107"
LFS,"LEIFRAS Co., Ltd. American Depositary Shares  ",$2.125,-0.035,-1.62%,"55,591,315"
MDXH,MDxHealth SA Ordinary Shares,$0.582,-0.0235,-3.881%,"55,532,916"
INMB,INmune Bio Inc. Common stock,$2.00,UNCH,--,"55,507,578"
COCH,"Envoy Medical, Inc. Class A Common Stock",$0.7161,-0.0059,-0.817%,"55,279,049"
GRSD,Grandstand Limited Ordinary Shares,$1.57,0.04,2.614%,"55,102,588"
CLPR,Clipper Realty Inc. Common Stock,$3.41,-0.04,-1.159%,"55,097,300"
HRTX,"Heron Therapeutics, Inc. Common Stock",$0.29,-0.001,-0.344%,"55,057,169"
TOUR,Tuniu Corporation American Depositary Shares,$5.0599,-0.0051,-0.101%,"54,969,524"
APWC,"Asia Pacific Wire & Cable Corporation, Ltd. Ordinary Shares (Bermuda)",$1.33,UNCH,--,"54,839,164"
SCWO,374Water Inc. Common Stock,$3.09,0.02,0.651%,"54,749,117"
SGA,"Saga Communications, Inc. Class A Common Stock (FL)",$8.61,-0.08,-0.921%,"54,742,277"
DLHC,DLH Holdings Corp.,$3.77,-0.08,-2.078%,"54,638,742"
ELTK,Eltek Ltd. Ordinary Shares,$8.12,-0.0577,-0.706%,"54,564,995"
NCTY,The9 Limited American Depository Shares,$3.57,-0.09,-2.459%,"54,525,206"
EDSA,"Edesa Biotech, Inc. Common Shares",$4.03,0.06,1.511%,"54,420,004"
SER,"Serina Therapeutics, Inc. Common Stock",$2.14,-0.05,-2.283%,"54,357,012"
SAIH,SAIHEAT Limited Class A Ordinary Shares,$30.00,0.26,0.874%,"54,310,800"
FNUC,Frontier Nuclear and Minerals Inc. Common Shares,$1.51,UNCH,--,"54,207,559"
LASE,Laser Photonics Corporation Common Stock,$0.8892,0.041,4.834%,"53,954,625"
NA,Nano Labs Ltd Class A Ordinary Shares,$2.315,0.005,0.216%,"53,740,618"
MYPS,"PLAYSTUDIOS, Inc.  Class A Common Stock",$0.4462,0.0062,1.409%,"53,598,161"
BRID,Bridgford Foods Corporation Common Stock,$5.90,0.005,0.085%,"53,553,309"
FTEK,"Fuel Tech, Inc. Common Stock",$1.715,0.065,3.939%,"53,536,793"
OABIW,"OmniAb, Inc. Warrant",$0.3675,UNCH,--,"53,430,971"
BGSF,"BGSF, Inc. Common Stock",$5.00,0.04,0.806%,"53,398,825"
TPCS,TechPrecision Corporation Common stock,$5.26,-0.03,-0.567%,"53,300,953"
CRGO,Freightos Limited Ordinary shares,$1.02,-0.02,-1.923%,"53,114,955"
IMA,"ImageneBio, Inc. Common Stock",$4.66,-0.18,-3.719%,"52,897,785"
XTNT,"Xtant Medical Holdings, Inc. Common Stock",$0.3769,0.0019,0.507%,"52,874,532"
MREO,Mereo BioPharma Group plc American Depositary Shares,$0.3375,-0.0028,-0.823%,"52,361,642"
MKDW,MKDWELL Tech Inc. Ordinary Share,$1.53,-0.03,-1.923%,"52,323,616"
NXB,NextBoat Inc. Common Stcok,$2.08,-0.02,-0.952%,"52,297,222"
POCI,"Precision Optics Corporation, Inc. Common stock",$4.775,0.02,0.421%,"52,261,749"
SORA,AsiaStrategy Ordinary Shares,$2.10,-0.14,-6.25%,"52,214,400"
ACFN,"Acorn Energy, Inc. Common Stock",$20.80,0.065,0.313%,"52,200,054"
MDAI,"Spectral AI, Inc. Class A Common Stock",$1.62,-0.04,-2.41%,"52,139,583"
NNOX,NANO-X IMAGING LTD Ordinary Shares,$0.6613,-0.0365,-5.231%,"51,970,666"
STKS,"The ONE Group Hospitality, Inc. Common Stock",$1.63,-0.01,-0.61%,"51,653,109"
VHC,VirnetX Holding Corp Common Stock,$12.23,-0.42,-3.32%,"51,569,422"
PIII,P3 Health Partners Inc. Class A Common Stock,$7.05,-0.04,-0.564%,"51,189,923"
TVGN,Tevogen Inc. Common Stock,$7.85,0.04,0.512%,"51,115,589"
TREO,Tactical Resources Corp. Common Shares,$3.75,-0.23,-5.779%,"51,045,128"
SHMDW,SCHMID Group N.V. Warrants,$0.836,0.0215,2.64%,"50,961,643"
VRM,"Vroom, Inc. Common Stock",$9.735,0.385,4.118%,"50,956,426"
APT,"Alpha Pro Tech, Ltd. Common Stock",$4.98,-0.13,-2.544%,"50,826,966"
TACT,TransAct Technologies Incorporated Common Stock,$4.91,-0.10,-1.996%,"50,693,153"
VHUB,"VenHub Global, Inc. Common Stock",$0.519,-0.01,-1.89%,"50,565,058"
AIRTP,"Air T, Inc. Air T Funding Alpha Income Trust Preferred Securities",$18.83,-0.075,-0.397%,"50,497,315"
SDA,SunCar Technology Group Inc. Class A Ordinary Shares,$0.477,0.0307,6.879%,"50,394,056"
VGAS,"Verde Clean Fuels, Inc. Class A Common Stock",$1.13,0.03,2.727%,"50,341,072"
TC,Token Cat Limited American Depositary Shares,$1.90,-0.04,-2.062%,"50,184,360"
TLSIW,"TriSalus Life Sciences, Inc. Warrant",$0.8099,0.0099,1.238%,"49,869,269"
DSWL,"Deswell Industries, Inc. Common Shares",$3.132,-0.008,-0.255%,"49,752,569"
ELTX,"Elicio Therapeutics, Inc. Common Stock",$1.88,0.01,0.535%,"49,409,938"
PLCE,"Children's Place, Inc. (The) Common Stock",$2.22,0.01,0.452%,"49,366,289"
EUDA,EUDA Health Holdings Limited Ordinary Shares,$16.42,-0.91,-5.251%,"49,166,817"
MVIS,"MicroVision, Inc. Common Stock",$1.62,UNCH,--,"48,843,044"
TCBS,"Texas Community Bancshares, Inc. Common Stock",$17.00,-0.0001,-0.001%,"48,836,359"
BAER,"Bridger Aerospace Group Holdings, Inc. Common Stock",$0.83,-0.0488,-5.553%,"48,825,696"
KAZR,Skyline Builders Group Holding Limited Class A Ordinary Shares,$2.72,0.01,0.369%,"48,802,496"
RYM,"RYTHM, Inc. Common Stock",$22.14,-0.87,-3.781%,"48,708,000"
BNAI,Brand Engagement Network Inc. Common Stock,$6.485,-0.005,-0.077%,"48,658,148"
IDN,"Intellicheck, Inc. Common Stock",$2.40,0.06,2.564%,"48,640,183"
DWTX,"Dogwood Therapeutics, Inc. Common Stock",$1.43,-0.08,-5.298%,"48,609,351"
CNVS,Cineverse Corp. Class A Common Stock,$2.04,UNCH,--,"48,493,629"
CATO,Cato Corporation (The) Class A Common Stock,$2.43,-0.03,-1.22%,"48,386,036"
TIL,"Instil Bio, Inc. Common Stock",$7.12,-0.115,-1.589%,"48,287,669"
IBO,"Impact BioMedical, Inc. Common Stock",$5.65,-0.98,-14.781%,"48,271,786"
SFWL,Shengfeng Development Limited Class A Ordinary Shares,$8.75,0.27,3.184%,"48,123,548"
SOGP,Sound Group Inc. American Depositary Shares,$11.52,-0.19,-1.623%,"48,086,162"
OFS,OFS Capital Corporation Common Stock,$3.58,0.02,0.562%,"47,965,119"
SRTS,"Sensus Healthcare, Inc. Common Stock",$2.91,-0.12,-3.96%,"47,904,592"
PFXNZ,PhenixFIN Corporation  5.25% Notes due 2028,$23.90,-0.2999,-1.239%,"47,892,469"
RSF,RiverNorth Capital and Income Fund Common Stock,$14.33,0.025,0.175%,"47,884,798"
XBP,"XBP Global Holdings, Inc. Common Stock",$3.37,0.105,3.216%,"47,707,688"
HOWL,"Werewolf Therapeutics, Inc. Common Stock",$0.981,-0.0084,-0.849%,"47,675,684"
MATH,Metalpha Technology Holding Limited Ordinary Shares,$1.00,UNCH,--,"47,537,986"
ZDGE,"Zedge, Inc. Class B Common Stock ",$3.02,-0.01,-0.33%,"47,368,936"
HAIN,"Hain Celestial Group, Inc. (The) Common Stock",$0.52,-0.03,-5.455%,"47,321,180"
PROP,Prairie Operating Co. Common Stock,$0.4175,0.0025,0.602%,"47,093,169"
LONA,"LeonaBio, Inc. Common Stock",$4.99,-0.90,-15.28%,"47,014,098"
SNSC,SunScout Holding Limited Class A Ordinary Shares,$1.23,-0.03,-2.381%,"46,863,000"
KFFB,Kentucky First Federal Bancorp Common Stock,$5.775,0.2019,3.623%,"46,700,779"
HGBL,Heritage Global Inc. Common Stock,$1.33,UNCH,--,"46,070,462"
MBBC,"Marathon Bancorp, Inc. Common Stock",$15.2799,0.1249,0.824%,"45,991,017"
SPWH,"Sportsman's Warehouse Holdings, Inc. Common Stock",$1.17,-0.07,-5.645%,"45,795,514"
ELWT,"Elauwit Connection, Inc. Common Stock",$6.895,-0.23,-3.228%,"45,643,493"
LITS,"Lite Strategy, Inc. Common Stock",$1.43,0.25,21.186%,"45,592,187"
GPMT,Granite Point Mortgage Trust Inc. Common Stock,$0.9428,0.1058,12.64%,"45,441,231"
GRCE,"Grace Therapeutics, Inc. Common Stock",$2.16,0.04,1.887%,"45,437,609"
RDI,Reading International Inc Class A Common Stock,$1.97,0.04,2.073%,"45,093,550"
NEPH,"Nephros, Inc. Common Stock",$4.14,-0.15,-3.497%,"44,960,897"
GROV,"Grove Collaborative Holdings, Inc. Class A Common Stock",$1.05,UNCH,--,"44,836,098"
TEAD,Teads Holding Co. Common Stock,$0.4569,0.0056,1.241%,"44,805,973"
CULP,"Culp, Inc. Common Stock",$3.51,-0.07,-1.955%,"44,700,987"
LOAN,"Manhattan Bridge Capital, Inc",$3.91,0.01,0.256%,"44,673,740"
PTLE,PTL LTD Class A Ordinary Shares,$7.08,-0.12,-1.667%,"44,470,344"
RYOJ,"rYojbaba Co., Ltd. Common Shares",$3.85,0.14,3.774%,"44,467,500"
INDO,Indonesia Energy Corporation Limited Ordinary Shares,$2.88,0.02,0.699%,"44,314,099"
FTCI,"FTC Solar, Inc. Common Stock",$2.68,0.14,5.512%,"44,277,341"
SCYX,"SCYNEXIS, Inc. Common Stock",$4.45,-0.185,-3.991%,"44,275,760"
BTMD,Biote Corp. Class A Common Stock,$1.23,-0.07,-5.385%,"44,190,786"
IZEA,"IZEA Worldwide, Inc. Common Stock",$2.535,-0.035,-1.362%,"44,150,285"
ATHR,"Aether Holdings, Inc. Common Stock",$3.60,-0.02,-0.552%,"44,057,012"
SACH,Sachem Capital Corp. Common Shares,$0.9139,0.0003,0.033%,"43,825,738"
PRPO,"Precipio, Inc.  Common Stock",$24.47,0.63,2.643%,"43,805,900"
SEAT,Vivid Seats Inc. Class A Common Stock,$3.74,-0.16,-4.103%,"43,803,467"
ZBAO,Zhibao Technology Inc. Class A Ordinary Shares,$0.0934,-0.0036,-3.711%,"43,531,995"
MGX,"Metagenomi Therapeutics, Inc. Common Stock",$1.15,0.02,1.77%,"43,443,671"
PXLW,"Pixelworks, Inc.  Common Stock",$7.16,-0.19,-2.585%,"43,313,654"
KG,"Kestrel Group, Ltd.",$5.53,0.355,6.86%,"43,266,886"
SMJF,SMJ International Holdings Inc. Class A Ordinary Shares,$1.56,-0.04,-2.50%,"43,219,800"
BRAG,Bragg Gaming Group Inc. Common Shares,$1.38,-0.04,-2.817%,"42,867,498"
VERU,Veru Inc. Common Stock,$2.51,0.05,2.033%,"42,796,303"
MGLD,"The Marygold Companies, Inc. Common Stock",$0.9999,0.0399,4.156%,"42,707,979"
SQNS,Sequans Communications S.A. American Depositary Shares (each representing one hundred (100) Ordinary Shares),$2.85,-0.12,-4.04%,"42,686,345"
BCHT,Birchtech Corp. Common Stock,$1.62,-0.11,-6.358%,"42,615,665"
SOWG,Sow Good Inc. Common Stock,$2.12,-0.38,-15.20%,"42,611,773"
QTEX,QTREX Quantum Ltd. Ordinary Shares,$0.7603,-0.0097,-1.26%,"42,549,379"
BRIA,BrilliA Inc Class A Ordinary Shares,$1.38,-0.03,-2.128%,"42,262,500"
AXIL,"AXIL Brands, Inc. Common Stock",$6.19,0.015,0.243%,"42,232,395"
YSXT,"YSX Tech. Co., Ltd Class A Ordinary Shares",$1.32,-0.08,-5.714%,"42,084,900"
XRXDW,Xerox Holdings Corporation Warrants,$0.32,UNCH,--,"42,020,644"
SCLX,Scilex Holding Company Common Stock,$4.94,-0.16,-3.137%,"41,955,420"
ONMD,OneMedNet Corp Class A Common Stock,$0.705,0.0505,7.716%,"41,796,947"
SNWV,"SANUWAVE Health, Inc. Common Stock",$4.85,0.145,3.082%,"41,721,199"
CMTL,Comtech Telecommunications Corp. Common Stock,$1.39,-0.05,-3.472%,"41,646,389"
FTFT,Future FinTech Group Inc. Common Stock,$4.42,-0.02,-0.45%,"41,437,500"
NWGL,CL Workshop Group Limited American Depositary Shares,$1.435,0.025,1.773%,"41,404,292"
SLMT,Brera Holdings PLC Class B Ordinary Shares,$3.76,-0.11,-2.842%,"41,394,945"
PN,PN Smart Energy Limited Class A Ordinary Shares,$2.80,-0.025,-0.885%,"41,311,270"
OMEX,"Odyssey Marine Exploration, Inc. Common Stock",$0.7016,-0.0232,-3.201%,"41,177,879"
MIND,"MIND Technology, Inc. Common Stock (DE)",$4.53,0.06,1.342%,"41,173,419"
JG,Aurora Mobile Limited American Depositary Shares,$6.88,0.53,8.346%,"41,015,691"
AURE,Aurelion Inc. Class A Ordinary Shares,$1.09,-0.03,-2.679%,"40,984,000"
GMHS,Gamehaus Holdings Inc. Class A Ordinary Shares,$0.721,-0.0284,-3.79%,"40,953,629"
GAME,"GameSquare Holdings, Inc. Common Stock",$3.13,0.07,2.288%,"40,891,328"
SYPR,"Sypris Solutions, Inc. Common Stock",$1.77,UNCH,--,"40,756,786"
NSRX,Nasus Pharma Ltd. Ordinary Shares,$3.48,-0.16,-4.396%,"40,753,612"
IXHL,Incannex Healthcare Inc. Common Stock,$3.40,-0.045,-1.306%,"40,679,484"
TGE,The Generation Essentials Group Class A Ordinary Shares,$0.8327,-0.0302,-3.50%,"40,590,468"
VTIX,Virtuix Holdings Inc. Class A Common Stock,$1.19,0.06,5.31%,"40,425,905"
AIOS,AIOS Tech Inc. Class A Common Shares,$12.425,-0.775,-5.871%,"40,371,993"
AVX,Avax One Technology Ltd. Common Shares,$5.45,1.35,32.927%,"40,315,737"
AHMA,Ambitions Enterprise Management Co. L.L.C Class A Ordinary Shares,$1.35,0.03,2.273%,"40,128,750"
PHUN,"Phunware, Inc. Common Stock",$1.96,-0.02,-1.01%,"40,106,843"
YQ,17 Education & Technology Group Inc. American Depositary Shares,$3.69,0.135,3.797%,"40,057,489"
MLGO,"MicroAlgo, Inc. Class A Ordinary Shares",$3.20,-0.21,-6.158%,"39,799,875"
KOSS,Koss Corporation Common Stock,$4.20,0.25,6.329%,"39,759,040"
LSF,"Laird Superfood, Inc. Common Stock",$3.52,-0.07,-1.95%,"39,398,952"
KPTI,Karyopharm Therapeutics Inc. Common Stock,$1.73,-0.02,-1.143%,"39,238,926"
FGNX,FG Nexus Inc. Common Stock ,$7.70,-0.505,-6.155%,"39,236,798"
RMCO,Royalty Management Holding Corporation Class A Common Stock,$2.585,-0.035,-1.336%,"39,221,450"
MAMO,Massimo Group Common Stock,$0.94,-0.006,-0.634%,"39,142,493"
STG,"Sunlands Technology Group American Depositary Shares, representing Class A ordinary shares",$2.92,0.01,0.344%,"39,107,548"
SVIAW,"Silvia, Inc. Warrant",$0.4634,0.0034,0.739%,"39,069,458"
HOLO,MicroCloud Hologram Inc. Ordinary Shares,$1.70,UNCH,--,"38,951,012"
WPRT,Westport Fuel Systems Inc Common Shares,$2.04,0.06,3.03%,"38,751,297"
IMMP,Immutep Limited American Depositary Shares,$0.262,-0.0041,-1.541%,"38,611,498"
SPRU,Spruce Power Holding Corporation Class A Common Stock,$2.00,0.08,4.167%,"38,504,372"
SPHL,Springview Holdings Ltd Class A Ordinary Shares,$3.13,0.824,35.733%,"38,379,997"
THCH,TH International Limited Ordinary shares,$1.151,-0.139,-10.775%,"38,263,363"
COSM,Cosmos Health Inc. Common Stock,$0.3801,-0.0265,-6.517%,"38,250,897"
CELU,Celularity Inc. Class A Common Stock,$1.32,0.17,14.783%,"38,208,669"
CRVO,CervoMed Inc. Common Stock,$2.52,0.01,0.398%,"38,100,122"
CIRC,"Circle8 Group, Inc. Common Stock",$0.3322,-0.0078,-2.294%,"38,005,980"
WAVE,Eco Wave Power Global AB (publ) American Depositary Shares,$6.09,0.34,5.913%,"37,999,554"
AERT,"Aeries Technology, Inc. Class A Ordinary Share",$7.24,0.22,3.134%,"37,994,448"
MLCI,Mount Logan Capital Inc. Common Stock,$3.37,0.04,1.201%,"37,706,148"
ZTG,Zenta Group Company Limited Class A Ordinary Shares,$1.56,-0.17,-9.827%,"37,575,999"
STEM,"Stem, Inc. Class A Common Stock",$3.90,0.08,2.094%,"37,544,302"
STRR,"Star Equity Holdings, Inc. Common Stock",$10.17,-0.155,-1.501%,"37,521,229"
ATNM,"Actinium Pharmaceuticals, Inc. (Delaware) Common Stock",$1.19,0.01,0.847%,"37,415,309"
FLNA,"Filana Therapeutics, Inc. Common Stock",$0.7728,-0.0973,-11.183%,"37,332,342"
SNT,Senstar Technologies Corporation Common Shares,$1.60,0.0625,4.065%,"37,330,645"
BCTX,BriaCell Therapeutics Corp. Common Shares,$4.28,0.27,6.733%,"37,235,088"
MLSS,"Milestone Scientific, Inc. Common Stock",$0.4107,-0.0053,-1.274%,"37,227,656"
YDESW,YD Bio Limited Warrants,$0.5249,0.1649,45.806%,"37,179,374"
QTI,"QT Imaging Holdings, Inc. Common Stock",$2.53,-0.05,-1.938%,"37,030,406"
XTIA,"XTI Aerospace, Inc. Common Stock",$0.9583,-0.0002,-0.021%,"36,873,265"
ELUT,Elutia Inc. Class A Common Stock,$0.83,-0.0383,-4.411%,"36,760,061"
NNVC,"NanoViricides, Inc. Common Stock",$1.44,-0.07,-4.636%,"36,759,388"
ENRDW,Einride AB Warrants,$0.2501,-0.0009,-0.359%,"36,686,996"
HBIO,"Harvard Bioscience, Inc. Common Stock",$8.02,-0.03,-0.373%,"36,509,486"
WLDSW,Wearable Devices Ltd. Warrant,$14.82,UNCH,--,"36,453,362"
TOON,"Kartoon Studios, Inc. Common Stock",$0.5856,0.0055,0.948%,"36,426,724"
MCRB,"Seres Therapeutics, Inc. Common Stock",$3.62,-0.17,-4.485%,"36,362,107"
PPSI,"Pioneer Power Solutions, Inc. Common Stock",$3.27,0.03,0.926%,"36,294,600"
GROW,"U.S. Global Investors, Inc. Class A Common Stock",$2.93,-0.04,-1.347%,"36,033,714"
STRRP,"Star Equity Holdings, Inc. 10% Series A Cumulative Perpetual Preferred Stock",$9.75,0.07,0.723%,"35,971,679"
AFRIW,Forafric Global PLC Warrants,$1.33,-0.02,-1.481%,"35,861,874"
NTIP,"Network-1 Technologies, Inc. Common Stock",$1.56,UNCH,--,"35,666,562"
XOS,"Xos, Inc. Common Stock",$2.50,-0.05,-1.961%,"35,544,630"
ITOC,iTonic Holdings Ltd Class A Ordinary Shares,$0.3024,-0.0205,-6.349%,"35,395,920"
BGDE,"Big Digital Energy, Inc. Common Stock",$6.24,0.09,1.463%,"35,345,475"
MIRA,"MIRA Pharmaceuticals, Inc. Common Stock",$0.8395,-0.0182,-2.122%,"35,277,542"
PFAI,Pinnacle Food Group Limited Class A Common Shares,$3.00,UNCH,--,"35,209,740"
ACCL,Acco Group Holdings Limited Class A Ordinary Shares,$2.53,-0.10,-3.802%,"35,167,000"
SRXH,SRX Global Inc. Common Stock,$1.73,0.03,1.765%,"35,059,126"
BODI,"The Beachbody Company, Inc. Class A Common Stock",$4.80,-0.10,-2.041%,"34,852,714"
PLUT,Plutus Financial Group Limited Ordinary Shares,$2.27,UNCH,--,"34,844,500"
ALGS,"Aligos Therapeutics, Inc. Common Stock",$5.55,-0.01,-0.18%,"34,657,297"
HHS,"Harte Hanks, Inc. Common Stock",$4.645,0.015,0.324%,"34,624,945"
NCI,Neo-Concept International Group Holdings Limited Class A Ordinary Shares,$14.64,0.04,0.274%,"34,613,088"
RMTI,"Rockwell Medical, Inc. Common Stock",$8.57,UNCH,--,"34,541,085"
SLND,"Southland Holdings, Inc. Common Stock",$0.63,0.0198,3.245%,"34,294,212"
CNTX,Context Therapeutics Inc. Common Stock,$0.3711,-0.0115,-3.006%,"34,096,363"
CREX,"Creative Realities, Inc. Common Stock",$2.52,-0.02,-0.787%,"34,086,795"
GAIA,"Gaia, Inc. Class A Common Stock",$1.33,0.09,7.258%,"33,816,305"
PETS,"PetMed Express, Inc. Common Stock",$1.555,0.005,0.323%,"33,710,711"
DCGO,DocGo Inc. Common Stock,$0.34,-0.0222,-6.129%,"33,635,645"
TAOX,Tao Synergies Inc. Common Stock,$4.47,0.145,3.353%,"33,450,092"
BOSC,B.O.S. Better Online Solutions Common Stock,$4.74,0.01,0.211%,"33,416,099"
BHM,"Bluerock Homes Trust, Inc. Class A Common Stock",$8.1313,-0.5003,-5.796%,"33,403,608"
VAI,Valor Energy Incorporated Common Stock,$2.29,0.14,6.512%,"33,336,650"
UG,"United-Guardian, Inc. Common Stock",$7.25,0.13,1.826%,"33,308,813"
FSP,Franklin Street Properties Corp. Common Stock,$0.32,-0.02,-5.882%,"33,283,747"
CNF,"CNFinance Holdings Limited American Depositary Shares, each representing two hundred (200) Ordinary Shares",$1.87,0.13,7.471%,"33,282,045"
ATYR,"aTyr Pharma, Inc. Common Stock",$0.3376,-0.0376,-10.021%,"33,114,315"
ANGH,Anghami Inc. Ordinary Shares,$3.65,-0.2445,-6.278%,"33,086,549"
BDMD,Baird Medical Investment Holdings Ltd Ordinary Share,$0.78,-0.01,-1.266%,"32,922,835"
BHST,BioHarvest Sciences Inc. Common Stock,$1.45,-0.01,-0.685%,"32,868,371"
VTSI,"VirTra, Inc. Common Stock",$2.90,0.02,0.694%,"32,826,910"
ARBK,Argo Blockchain plc American Depositary Shares,$2.4526,-0.0274,-1.105%,"32,766,819"
COHN,Cohen & Company Inc.,$10.105,-0.145,-1.415%,"32,628,742"
RAVE,"Rave Restaurant Group, Inc. Common Stock",$2.29,-0.46,-16.727%,"32,544,486"
NSPR,InspireMD Inc. Common Stock,$0.70,-0.051,-6.791%,"32,542,383"
CCEL,"Cryo-Cell International, Inc. Common Stock",$4.03,0.04,1.003%,"32,492,480"
EHLD,Euroholdings Ltd. Common Stock ,$11.52,-0.405,-3.396%,"32,447,405"
CCG,Cheche Group Inc. Class A Ordinary Shares,$12.94,UNCH,--,"32,420,212"
EDHL,Everbright Digital Holding Limited Ordinary Shares,$5.44,0.31,6.043%,"32,418,456"
GNTA,Genenta Science S.p.A. American Depositary Shares,$0.6715,0.0224,3.451%,"32,377,620"
QNTM,Quantum Biopharma Ltd. Class B Subordinate Voting Shares,$4.00,0.12,3.093%,"32,350,084"
SST,"System1, Inc. Class A Common Stock",$3.08,-0.06,-1.911%,"32,305,039"
FIEE,"FiEE, Inc Common Stock",$3.78,-0.10,-2.577%,"32,238,100"
LVO,"LiveOne, Inc. Common Stock",$2.35,-0.09,-3.689%,"32,222,704"
NSYS,Nortech Systems Incorporated Common Stock,$11.23,-0.09,-0.795%,"32,047,792"
VIP,Vulcan Infrastructure and Power Inc. Class A Common Stock,$1.73,-0.01,-0.575%,"31,883,730"
CPHI,"China Pharma Holdings, Inc. Common Stock",$0.7399,0.0199,2.764%,"31,831,979"
WKHS,"Workhorse Group, Inc. Common Stock",$2.91,-0.11,-3.642%,"31,802,182"
DRK,DarkHorse Technologies Inc. Common Shares,$3.05,0.21,7.394%,"31,633,005"
BLNE,"Beeline Holdings, Inc. Common Stock",$0.9603,-0.0054,-0.559%,"31,620,901"
YI,"111, Inc. American Depositary Shares",$3.59,-0.12,-3.235%,"31,581,101"
JFU,9F Inc. American Depositary Shares,$2.67,-0.09,-3.261%,"31,434,799"
RYET,Ruanyun Edai Technology Inc. Ordinary shares,$0.8399,-0.0274,-3.159%,"31,311,475"
KLXE,"KLX Energy Services Holdings, Inc. Common Stock",$1.47,UNCH,--,"31,271,397"
ANPA,Rich Sparkle Holdings Limited Ordinary Shares,$2.07,0.10,5.076%,"31,260,633"
GPUS,"Hyperscale Data, Inc. Common Stock",$0.1765,0.0038,2.20%,"31,232,933"
CNTY,"Century Casinos, Inc. Common Stock",$1.11,UNCH,--,"31,232,838"
PAVM,PAVmed Inc. Common Stock,$3.88,-0.1075,-2.696%,"31,024,162"
GTEC,Greenland Technologies Holding Corporation Class A Ordinary Shares,$1.165,-0.015,-1.271%,"30,924,019"
MNY,MoneyHero Limited Class A Ordinary Shares,$0.6946,-0.0144,-2.031%,"30,863,313"
QNRX,"Quoin Pharmaceuticals, Ltd. American Depositary Shares",$6.38,-0.37,-5.481%,"30,650,547"
CVV,CVD Equipment Corporation Common Stock,$4.39,-0.04,-0.903%,"30,515,781"
QNCX,"Quince Therapeutics, Inc. Common Stock",$30.00,-0.15,-0.498%,"30,511,890"
LVLU,"Lulu's Fashion Lounge Holdings, Inc. Common Stock",$10.60,0.04,0.379%,"30,438,706"
NTRBW,Nutriband Inc. Warrant,$2.50,1.7591,237.427%,"30,389,208"
DFDVW,DeFi Development Corp. Warrant,$0.93,-0.05,-5.102%,"30,337,335"
CVM,Cel-Sci Corporation Common Stock,$1.72,0.04,2.381%,"30,253,058"
CLPS,CLPS Incorporation Common Stock,$1.0152,0.0052,0.515%,"30,195,552"
SJ,Scienjoy Holding Corporation Class A Ordinary Shares ,$0.7101,0.0301,4.426%,"30,152,812"
AIXC,"AIxCrypto Holdings, Inc. Common Stock",$1.42,-0.24,-14.458%,"29,974,615"
DAIO,Data I/O Corporation Common Stock,$2.88,0.02,0.699%,"29,939,406"
BYSI,BeyondSpring Inc. Ordinary Shares,$0.725,-0.0016,-0.22%,"29,811,870"
FLD,"Fold Holdings, Inc. Class A Common Stock",$0.5423,-0.0169,-3.022%,"29,755,148"
GNS,Genius Group Limited Ordinary Shares,$0.155,UNCH,--,"29,751,864"
BBGI,"Beasley Broadcast Group, Inc. Class A Common Stock",$16.035,-0.565,-3.404%,"29,708,862"
JAGU,Jaguar Uranium Corp. Class A Common Shares,$1.46,-0.09,-5.806%,"29,482,914"
EVAX,Evaxion A/S American Depositary Share,$3.26,-0.0201,-0.613%,"29,410,035"
AEI,Alset Inc. Common Stock (TX),$0.7535,-0.0201,-2.598%,"29,308,008"
ATCH,"AtlasClear Holdings, Inc. Common Stock",$0.1949,-0.0016,-0.814%,"29,300,832"
PDC,Perpetuals.com Ltd American Depositary Shares,$3.60,-0.40,-10.00%,"29,210,897"
RAND,Rand Capital Corporation Common Stock,$9.81,-0.18,-1.802%,"29,133,875"
IGC,"IGC Pharma, Inc. Common Stock",$0.2811,-0.005,-1.748%,"29,061,245"
ABVC,"ABVC BioPharma, Inc. Common Stock",$1.09,-0.05,-4.386%,"29,053,258"
PRHI,"Presurance Holdings, Inc. Common Stock",$7.72,0.08,1.047%,"28,919,830"
USEA,United Maritime Corporation Common Stock,$3.03,UNCH,--,"28,900,561"
QRHC,Quest Resource Holding Corporation Common Stock,$1.37,-0.01,-0.725%,"28,897,213"
DXLG,"Destination XL Group, Inc. Common Stock",$0.52,-0.0655,-11.187%,"28,835,846"
BRLS,Borealis Foods Inc. Class A Common Shares,$1.3402,0.0402,3.092%,"28,765,123"
SWAG,"Stran & Company, Inc. Common Stock",$1.5424,0.0024,0.156%,"28,749,702"
RCON,"Recon Technology, Ltd. Class A Ordinary Shares",$1.37,UNCH,--,"28,719,617"
KYNB,"Kyntra Bio, Inc. Common Stock",$7.00,-0.25,-3.448%,"28,343,868"
NTRP,"NextTrip, Inc. Common Stock",$1.87,-0.07,-3.608%,"28,211,009"
ASTI,"Ascent Solar Technologies, Inc. Common Stock",$2.87,-0.04,-1.375%,"28,173,157"
BIRD,"Smartbird, Inc. Class A Common Stock",$2.38,0.01,0.422%,"28,105,879"
OPTH,Optimi Health Corp. Common Shares,$4.90,-0.06,-1.21%,"28,056,748"
RNAZ,"TransCode Therapeutics, Inc. Common Stock",$1.65,-0.03,-1.786%,"27,935,719"
FKWL,Franklin Wireless Corp. Common Stock,$2.37,UNCH,--,"27,928,744"
QNME,"Quanome Technologies, Inc. Common Stock",$0.8047,-0.0343,-4.088%,"27,703,857"
STAK,STAK Inc. Class A Ordinary Shares,$1.44,0.50,53.191%,"27,662,903"
CRWS,Crown Crafts Inc Common Stock,$2.55,-0.04,-1.544%,"27,438,732"
BEEM,Beam Global Common Stock,$1.21,-0.015,-1.224%,"27,386,311"
GRDX,GridAI Technologies Corp. Common Stock,$3.81,-0.05,-1.295%,"27,169,579"
LFT,"Lument Finance Trust, Inc. Common Stock",$5.17,-0.10,-1.898%,"27,135,329"
MCRP,Micropolis AI Robotics Ordinary Shares,$0.7743,-0.0542,-6.542%,"27,014,125"
AIFA,"All In FutureTech Alliance, Inc. Common Stock",$4.20,0.67,18.98%,"26,965,327"
GRAN,Grande Group Limited Class A Ordinary Shares,$1.08,-0.05,-4.425%,"26,898,750"
AAME,Atlantic American Corporation Common Stock,$1.31,-0.08,-5.755%,"26,720,369"
ARAY,Accuray Incorporated Common Stock,$0.223,-0.0025,-1.109%,"26,634,965"
OCCI,"OFS Credit Company, Inc. Common Stock",$2.27,-0.07,-2.991%,"26,369,478"
EHTH,"eHealth, Inc. Common Stock",$0.8196,-0.0244,-2.891%,"26,253,963"
REFR,Research Frontiers Incorporated Common Stock,$0.7407,0.0269,3.769%,"25,826,569"
EONR,EON Resources Inc. Class A Common Stock,$0.5159,0.0043,0.841%,"25,778,669"
SKYQ,Sky Quarry Inc. Common Stock,$2.91,0.37,14.567%,"25,705,165"
JOB,GEE Group Inc. Common Stock,$0.233,-0.0022,-0.935%,"25,599,870"
PAPL,Pineapple Financial Inc. Common Stock,$1.01,0.092,10.022%,"25,523,909"
PLRZ,Polyrizon Ltd. Ordinary Shares,$10.51,-0.65,-5.824%,"25,245,724"
MF,MindForge Inc. Class A Ordinary Shares,$13.85,0.514,3.854%,"25,157,140"
BLIV,BeLive Holdings Ordinary Share,$2.315,UNCH,--,"25,152,017"
AYTU,"Aytu BioPharma, Inc.  Common Stock",$2.31,0.03,1.316%,"25,102,095"
HKIT,Hitek Global Inc. Class A Ordinary Share,$2.785,0.005,0.18%,"25,042,330"
CHOW,ChowChow Cloud International Holdings Limited Ordinary Shares,$0.701,0.046,7.023%,"24,878,490"
KRSA,"Korsana Biosciences, Inc. Common Stock",$37.19,4.89,15.139%,"24,871,333"
LOCL,Local Bounti Corporation Common Stock,$1.06,0.04,3.922%,"24,782,926"
MBNKO,"Medallion Bank Fixed-Rate Reset Non-Cumulative Perpetual Preferred Stock, Series G, par value $1.00 per share",$24.68,-0.31,-1.24%,"24,680,000"
TXMD,"TherapeuticsMD, Inc. Common Stock",$2.13,-0.04,-1.843%,"24,653,391"
AWRE,"Aware, Inc. Common Stock",$1.13,-0.03,-2.586%,"24,648,280"
NXPL,NextPlat Corp Common Stock,$9.05,-0.05,-0.549%,"24,554,659"
VIDA,VIDA Global Inc. Class A Common Stock,$1.68,-0.16,-8.696%,"24,499,326"
PRT,PermRock Royalty Trust Units of Beneficial Interest,$2.01,-0.01,-0.495%,"24,453,121"
ORIO,Orion Digital Corp. Common Shares,$1.025,-0.005,-0.485%,"24,375,525"
MRNO,Murano Global Investments PLC Ordinary Shares,$0.3074,0.0578,23.157%,"24,359,259"
NXTC,"NextCure, Inc. Common Stock",$5.28,0.46,9.544%,"24,168,456"
XLABW,Exascale Labs Holdings Inc. Warrant,$0.2649,-0.0401,-13.148%,"24,158,880"
ZEO,Zeo Energy Corporation Class A Common Stock,$0.3847,-0.012,-3.025%,"23,921,988"
LIVE,Live Ventures Incorporated Common Stock,$7.77,-0.16,-2.018%,"23,866,767"
KTCC,Key Tronic Corporation Common Stock,$2.19,-0.05,-2.232%,"23,781,799"
BIOX,Bioceres Crop Solutions Corp. Ordinary Shares,$0.3711,-0.0209,-5.332%,"23,682,077"
CLIR,ClearSign Technologies Corporation Common Stock (DE),$3.46,-0.08,-2.26%,"23,553,794"
UPC,Universe Pharmaceuticals Inc. Class A Ordinary Shares,$4.68,-0.0105,-0.224%,"23,514,145"
PMEC,Primech Holdings Ltd. Ordinary Shares,$0.6118,0.0154,2.582%,"23,504,124"
NOMA,NOMADAR Corp. Class A Common Stock,$1.53,-0.03,-1.923%,"23,383,799"
JVA,"Coffee Holding Co., Inc. Common Stock",$4.09,0.05,1.238%,"23,348,170"
ADSEW,ADS-TEC ENERGY PLC Warrant,$0.31,UNCH,--,"23,290,216"
INLX,"Intellinetics, Inc. Common Stock",$5.15,-0.16,-3.013%,"23,149,219"
DUO,Fangdd Network Group Ltd. Class A Ordinary Shares,$0.5971,0.0077,1.306%,"23,017,257"
VNTG,Vantage Corp Class A Ordinary Shares,$0.75,0.0276,3.821%,"22,995,668"
LOOP,"Loop Industries, Inc. Common Stock",$0.4749,-0.0002,-0.042%,"22,975,838"
SNAL,"Snail, Inc. Class A Common Stock",$2.56,-0.10,-3.759%,"22,926,876"
TRSG,Tungray Technologies Inc Class A Ordinary Shares,$1.3999,UNCH,--,"22,893,244"
JDZG,JIADE LIMITED Class A Ordinary Shares,$4.20,0.06,1.449%,"22,812,229"
RADX,Radiopharm Theranostics Limited American Depositary Shares,$1.5719,-0.0531,-3.268%,"22,727,313"
DCX,Digital Currency X Technology Inc. Class A Ordinary Shares,$0.0603,-0.0131,-17.847%,"22,635,885"
CKX,"CKX Lands, Inc. Common Stock",$10.955,UNCH,--,"22,492,028"
BENF,Beneficient Class A Common Stock,$1.45,-1.45,-50.00%,"22,410,797"
DFNS,T3 Defense Inc. Common Stock,$7.87,UNCH,--,"22,353,130"
PBM,Psyence Biomedical Ltd. Common Shares,$5.86,-0.45,-7.132%,"22,351,962"
AZIO,"Azio AI Holdings, Inc. Common Stock",$1.295,-0.005,-0.385%,"22,284,163"
HSCS,HeartSciences Inc. Common Stock,$4.63,0.11,2.434%,"22,224,796"
TCRX,"TScan Therapeutics, Inc. Common Stock",$0.349,-0.015,-4.121%,"22,162,431"
COCP,"Cocrystal Pharma, Inc. Common Stock",$1.15,-0.04,-3.361%,"22,152,680"
MXC,Mexco Energy Corporation Common Stock,$10.78,0.14,1.316%,"22,055,880"
MWYN,"Marwynn Holdings, Inc. Common stock",$1.09,0.03,2.83%,"22,012,336"
PSHG,Performance Shipping Inc. Common Shares,$1.76,-0.04,-2.222%,"21,879,366"
FMST,Foremost Clean Energy Ltd. Common Shares,$0.72,-0.0384,-5.063%,"21,660,943"
MERC,Mercer International Inc. Common Stock,$0.322,-0.0007,-0.217%,"21,579,807"
YAAS,Youxin Technology Ltd Class A Ordinary shares,$1.37,0.06,4.58%,"21,529,053"
UTSI,UTStarcom Holdings Corp. Ordinary Shares,$2.25,-0.09,-3.846%,"21,361,748"
BEAT,"Heartbeam, Inc. Common Stock",$0.379,-0.0099,-2.546%,"21,356,336"
FEDU,"Four Seasons Education (Cayman) Inc. American Depositary Shares, each ADS representing 10 ordinary shares",$9.40,-0.8226,-8.047%,"21,257,517"
KSCP,"Knightscope, Inc. Class A Common Stock",$0.8992,-0.0789,-8.067%,"21,237,627"
HOVRW,New Horizon Aircraft Ltd. Warrant,$0.315,0.0149,4.965%,"21,144,041"
TLF,"Tandy Leather Factory, Inc. Common Stock",$2.58,-0.03,-1.149%,"21,135,554"
GIFT,"Giftify, Inc. Common Stock",$0.5947,-0.0853,-12.544%,"21,067,352"
TGHL,The GrowHub Limited Class A Ordinary Shares,$0.83,0.0043,0.521%,"20,998,842"
LIQT,"LiqTech International, Inc. Common Stock",$0.6359,-0.0543,-7.867%,"20,951,532"
WHLRD,"Wheeler Real Estate Investment Trust, Inc. Series D Cumulative Preferred Stock",$36.50,UNCH,--,"20,739,702"
CTRM,Castor Maritime Inc. Common Shares,$2.14,0.01,0.469%,"20,677,438"
ANNAW,"AleAnna, Inc. Warrant",$0.308,0.0581,23.249%,"20,615,795"
MNDO,MIND C.T.I. Ltd. Ordinary Shares,$1.02,UNCH,--,"20,588,869"
NYC,American Strategic Investment Co. Class A Common Stock,$6.50,0.25,4.00%,"20,563,608"
YFOR,YYForce Inc. Class A Ordinary Shares,$1.60,-0.05,-3.03%,"20,539,808"
GRNQ,Greenpro Capital Corp. Common Stock,$11.32,0.27,2.443%,"20,520,738"
ESLA,"Estrella Immunopharma, Inc. Common Stock",$0.471,-0.001,-0.212%,"20,487,494"
ATOS,"Atossa Therapeutics, Inc. Common Stock",$2.05,-0.13,-5.963%,"20,457,561"
RVP,"Retractable Technologies, Inc. Common Stock",$0.683,-0.0117,-1.684%,"20,447,080"
CCHH,CCH Holdings Ltd Class A Ordinary Shares,$1.03,-0.005,-0.483%,"20,410,199"
FEMY,Femasys Inc. Common Stock,$2.43,-0.15,-5.814%,"20,351,316"
CDLX,"Cardlytics, Inc. Common Stock",$3.45,0.01,0.291%,"20,316,070"
BMR,Beamr Imaging Ltd. Ordinary Share,$1.30,-0.05,-3.704%,"20,188,810"
RECT,Rectitude Holdings Ltd Ordinary Shares,$1.2934,0.0234,1.843%,"20,025,389"
KMRK,K-Tech Solutions Company Limited Class A Ordinary Shares,$0.9451,-0.0069,-0.725%,"19,941,610"
BNGO,"Bionano Genomics, Inc. Common Stock",$1.69,-0.01,-0.588%,"19,903,130"
BCG,"Binah Capital Group, Inc. Common Stock",$1.165,-0.015,-1.271%,"19,875,053"
MRKR,"Marker Therapeutics, Inc. Common Stock",$1.19,-0.05,-4.032%,"19,841,021"
PSQH,"PSQ Holdings, Inc. Class A Common Stock",$5.31,0.05,0.951%,"19,791,262"
NEUP,Neuphoria Therapeutics Inc. Common Stock,$3.65,-0.03,-0.815%,"19,751,369"
UONE,"Urban One, Inc. Class A Common Stock",$4.2798,-0.0302,-0.701%,"19,751,123"
LFWD,Lifeward Ltd. Ordinary Shares,$6.97,-0.04,-0.571%,"19,739,152"
CLRB,"Cellectar Biosciences, Inc.  Common Stock",$2.075,-0.015,-0.718%,"19,613,124"
AKTX,Akari Therapeutics plc ADS,$10.06,0.40,4.141%,"19,586,639"
JSPR,"Jasper Therapeutics, Inc. Common Stock",$0.5854,0.0186,3.282%,"19,478,928"
SPPL,SIMPPLE LTD. Ordinary Shares,$1.98,-0.19,-8.756%,"19,376,644"
MDRR,"Medalist Diversified, Inc. Common Stock",$11.86,UNCH,--,"19,314,010"
EXYN,"Exyn Technologies, Inc. Common Stock",$2.42,-0.09,-3.586%,"19,248,576"
MSGM,Motorsport Games Inc. Class A Common Stock,$4.19,-0.16,-3.678%,"19,227,080"
EPSM,Epsium Enterprise Limited Class A Ordinary Shares,$1.42,-0.01,-0.699%,"19,082,008"
LEDS,SemiLEDS Corporation Common Stock,$2.30,UNCH,--,"19,028,827"
LGPS,LogProstyle Inc. Common Shares,$0.8056,-0.0225,-2.717%,"19,020,917"
RKTO,Rocket One Inc. Common Stock,$0.76,0.0079,1.05%,"18,922,162"
OPTT,"Ocean Power Technologies, Inc. Common Stock",$2.09,-0.11,-5.00%,"18,819,673"
AIFF,"Firefly Neuroscience, Inc. Common Stock",$1.19,0.04,3.478%,"18,671,476"
CDROW,"Codere Online Luxembourg, S.A. Warrants",$0.41,-0.0832,-16.869%,"18,642,665"
GMM,Global Mofy AI Limited Class A Ordinary Shares,$1.9113,-0.0287,-1.479%,"18,637,100"
BESS,Bimergen Energy Corporation Common Stock,$2.60,-0.20,-7.143%,"18,453,690"
FOFO,"Hang Feng Technology Innovation Co., Ltd. Ordinary Shares",$2.43,0.67,38.068%,"18,397,720"
ACCS,ACCESS Newswire Inc. Common Stock,$4.76,-0.09,-1.856%,"18,217,967"
DUKR,DUKE Robotics Corp. Common Stock,$5.31,-0.02,-0.375%,"18,191,943"
NUCLW,Eagle Nuclear Energy Corp. Warrants,$0.61,-0.02,-3.175%,"18,043,677"
SCAG,Scage Future American Depositary Shares,$0.2473,0.0037,1.519%,"17,956,370"
INTZ,Intrusion Inc. Common Stock,$0.7301,-0.0299,-3.934%,"17,892,526"
BFRI,Biofrontera Inc. Common Stock,$1.20,0.05,4.348%,"17,822,831"
FTHM,Fathom Holdings Inc. Common Stock,$0.5193,-0.0086,-1.629%,"17,763,819"
MODD,"Modular Medical, Inc. Common Stock",$2.17,-0.05,-2.252%,"17,687,286"
PTN,"Palatin Technologies, Inc. Common Stock",$9.83,-0.44,-4.284%,"17,490,273"
JF,J and Friends Holdings Limited American Depositary Shares,$0.952,-0.0058,-0.606%,"17,459,827"
DYAI,"Dyadic International, Inc. Common Stock",$0.4352,0.0203,4.893%,"17,435,724"
EFOI,"Energy Focus, Inc. Common Stock",$2.735,0.085,3.208%,"17,419,822"
FENG,"Phoenix New Media Limited American Depositary Shares, each representing 48 Class A ordinary shares.",$1.45,UNCH,--,"17,415,625"
FOXX,Foxx Development Holdings Inc. Common Stock,$2.47,UNCH,--,"17,391,744"
EDTK,Skillful Craftsman Education Technology Limited Ordinary Share,$1.0736,0.0236,2.248%,"17,391,731"
ALLR,"Allarity Therapeutics, Inc. Common Stock",$1.09,0.05,4.808%,"17,342,689"
IDAI,T Stamp Inc. Class A Common Stock,$3.07,0.13,4.422%,"17,312,623"
JL,J-Long Group Limited Class A Ordinary Shares,$4.85,0.17,3.632%,"17,291,225"
LPCN,Lipocine Inc. Common Stock,$2.09,-0.03,-1.415%,"17,230,489"
LHAI,Linkhome Holdings Inc. Common stock,$1.04,-0.03,-2.804%,"17,191,200"
KTTA,Pasithea Therapeutics Corp. Common Stock,$0.5137,0.001,0.195%,"17,165,002"
DSY,Big Tree Cloud Holdings Limited Class A Ordinary Shares,$3.60,-0.06,-1.639%,"17,106,739"
UONEK,"Urban One, Inc. Class D Common Stock",$3.70,-0.22,-5.612%,"17,075,367"
ARTW,"Art's-Way Manufacturing Co., Inc. Common Stock",$3.28,0.11,3.47%,"17,060,546"
TLIH,Ten-League International Holdings Limited Ordinary Shares,$5.76,0.01,0.174%,"16,936,906"
LICN,Lichen International Limited Class A Ordinary Shares,$1.03,-0.01,-0.962%,"16,929,930"
MGIH,Millennium Group International Holdings Limited Ordinary Shares,$1.50,-0.075,-4.762%,"16,875,000"
FUSE,Fusemachines Inc. Common stock,$0.5799,-0.0026,-0.446%,"16,808,577"
TMDE,TMD Energy Limited Ordinary Shares,$0.71,0.0099,1.414%,"16,731,150"
UFG,Uni-Fuels Holdings Limited Class A Ordinary Shares,$0.5152,0.0134,2.67%,"16,725,968"
PLSM,Pulsenmore Ltd. Ordinary Shares,$2.57,0.13,5.328%,"16,712,309"
NCEL,NewcelX Ltd. Ordinary Shares,$2.89,0.03,1.049%,"16,693,010"
MYND,"Mynd.ai, Inc. American Depositary Shares",$0.353,-0.0025,-0.703%,"16,642,046"
TDTH,Trident Digital Tech Holdings Ltd Class B Ordinary Shares,$1.91,0.04,2.139%,"16,496,194"
ARKR,Ark Restaurants Corp. Common Stock,$4.56,-0.18,-3.797%,"16,444,076"
AHT,Ashford Hospitality Trust Inc Common Stock,$2.54,-0.02,-0.781%,"16,433,328"
MOBBW,Mobilicom Limited Warrants,$1.30,-0.19,-12.752%,"16,423,382"
SDOT,Sadot Group Inc. Common Stock,$11.23,0.14,1.262%,"16,337,718"
OPAD,Offerpad Solutions Inc. Class A Common Stock,$3.36,-0.05,-1.466%,"16,238,037"
BRFH,Barfresh Food Group Inc. Common Stock,$0.995,-0.045,-4.327%,"16,226,631"
LSTA,"Lisata Therapeutics, Inc. Common Stock",$1.50,0.065,4.53%,"16,206,099"
BCDA,"BioCardia, Inc. Common Stock",$1.07,0.02,1.905%,"16,198,497"
FABC,"Fabric.AI, Inc. Common Stock",$2.31,0.02,0.873%,"16,178,346"
IPM,Intelligent Protection Management Corp. Common Stock ,$1.79,-0.0135,-0.749%,"16,173,955"
ONEG,OneConstruction Group Limited Ordinary Shares,$1.01,-0.01,-0.98%,"16,160,000"
ATTT,Atlas Trinity Tech Limited Ordinary Shares,$2.75,-0.05,-1.786%,"16,155,543"
PASW,"Ping An Biomedical Co., Ltd. Class A Ordinary Shares",$0.1295,0.0021,1.648%,"16,129,225"
DOGZ,Dogness (International) Corporation Class A Common Stock,$0.9065,0.0065,0.722%,"15,973,126"
SUNE,"SUNation Energy, Inc. Common Stock",$2.45,-0.12,-4.669%,"15,957,115"
CMMB,Chemomab Therapeutics Ltd. American Depositary Share,$2.20,-0.08,-3.509%,"15,940,338"
HTCO,High-Trend International Group Class A Ordinary Shares,$2.35,-0.01,-0.424%,"15,875,011"
YXT,YXT.COM GROUP HOLDING LIMITED American Depository Shares,$2.40,0.02,0.84%,"15,864,638"
GTIM,Good Times Restaurants Inc. Common Stock,$1.50,-0.005,-0.332%,"15,836,844"
IHT,InnSuites Hospitality Trust Shares of Beneficial Interest,$1.41,-0.02,-1.399%,"15,826,642"
ATCX,Atlas Critical Minerals Corporation Common Stock,$3.105,0.005,0.161%,"15,783,758"
WVVIP,"Willamette Valley Vineyards, Inc. Series A Redeemable Preferred Stock",$3.15,0.03,0.962%,"15,685,516"
CTXR,"Citius Pharmaceuticals, Inc. Common Stock",$0.5702,0.0016,0.281%,"15,653,455"
MOBX,"Mobix Labs, Inc. Class A Common Stock",$0.87,0.0698,8.723%,"15,618,279"
FGI,FGI Industries Ltd. Ordinary Shares,$8.05,-0.36,-4.281%,"15,546,732"
LTRN,Lantern Pharma Inc. Common Stock,$1.21,-0.18,-12.95%,"15,468,817"
CCM,Concord Medical Services Holdings Limited American Depositary Shares (Each represents thirty (30) Class A ordinary shares),$3.56,-0.29,-7.532%,"15,456,534"
MDAIW,"Spectral AI, Inc. Warrants",$0.48,0.03,6.667%,"15,448,765"
PASG,"Passage Bio, Inc. Common Stock",$4.80,-0.20,-4.00%,"15,445,488"
VRME,"VerifyMe, Inc. Common Stock",$1.17,0.02,1.739%,"15,403,279"
UUU,"Universal Safety Products, Inc. Common Stock",$5.07,0.02,0.396%,"15,354,307"
MOGU,MOGU Inc. American Depositary Shares (each  representing 25 Class A Ordinary Shares),$1.87,-0.1053,-5.331%,"15,302,758"
GIGM,GigaMedia Limited Ordinary Shares,$1.3797,UNCH,--,"15,248,769"
ICU,SeaStar Medical Holding Corporation Common Stock,$3.44,-0.09,-2.55%,"15,159,533"
HODO,House of Doge Inc. Common Stock,$0.17,-0.0053,-3.023%,"15,156,007"
LRE,"Lead Real Estate Co., Ltd American Depositary Shares",$1.11,0.02,1.835%,"15,142,509"
ASTC,Astrotech Corporation (DE) Common Stock,$7.18,-0.24,-3.235%,"15,132,539"
HTOO,Fusion Fuel Green PLC Class A Ordinary Shares,$2.01,-0.22,-9.865%,"15,107,681"
SMSI,"Smith Micro Software, Inc. Common Stock",$2.70,0.03,1.124%,"15,092,676"
PRZO,ParaZero Technologies Ltd. Ordinary Shares,$0.5815,-0.0557,-8.741%,"15,077,465"
AUST,Austin Gold Corp. Common Shares,$1.09,-0.03,-2.679%,"14,925,371"
WIMI,WiMi Hologram Cloud Inc. Class B Ordinary Shares,$0.811,-0.074,-8.362%,"14,910,279"
ACTU,"Actuate Therapeutics, Inc. Common stock",$0.62,-0.1116,-15.254%,"14,888,805"
SLGB,Smart Logistics Global Limited Class A Ordinary Shares,$0.3299,0.0246,8.058%,"14,845,500"
NEON,Neonode Inc. Common Stock,$0.8811,-0.0005,-0.057%,"14,787,433"
NXXT,"NextNRG, Inc. Common Stock",$0.8766,-0.0312,-3.437%,"14,738,578"
BTCT,BTC Digital Ltd. Ordinary Shares,$1.24,0.04,3.333%,"14,632,703"
NIKI,"Niki BioSolutions, Inc. Common Stock",$4.97,0.29,6.197%,"14,604,966"
COOT,Australian Oilseeds Holdings Limited Ordinary Shares,$0.4852,0.0101,2.126%,"14,589,287"
DARE,"Dare Bioscience, Inc. Common Stock",$0.7405,-0.0669,-8.286%,"14,564,956"
BZAIW,"Blaize Holdings, Inc. Warrants",$0.10,-0.01,-9.091%,"14,483,204"
HIND,"Vyome Holdings, Inc. Common Stock",$2.06,0.05,2.488%,"14,458,168"
RGNT,Regentis Biomaterials Ltd. Ordinary Shares,$2.04,-0.06,-2.857%,"14,328,799"
TULP,"Bloomia Holdings, Inc. Common Stock",$2.94,-0.23,-7.256%,"14,203,037"
CNSY,"Cerenome, Inc. Common Stock ",$1.87,-0.08,-4.103%,"14,192,599"
DLPN,"Dolphin Entertainment, Inc. Common Stock",$1.089,-0.011,-1.00%,"14,184,825"
BFRG,"Bullfrog AI Holdings, Inc. Common Stock",$0.7647,-0.1853,-19.505%,"14,178,801"
TVRD,"Tvardi Therapeutics, Inc. Common Stock",$1.06,-0.26,-19.697%,"14,139,280"
NUR,Nuran Wireless Inc. Common Shares,$1.07,-0.04,-3.604%,"14,118,329"
BTLN,"Brightline Interactive, Inc. Common Stock",$0.65,-0.028,-4.13%,"14,104,228"
PETZ,"TDH Holdings, Inc. Common Shares",$1.365,0.025,1.866%,"14,091,261"
TPST,"Tempest Therapeutics, Inc. Common Stock",$0.85,-0.072,-7.809%,"14,058,802"
NRSN,NeuroSense Therapeutics Ltd. Ordinary Shares,$7.40,UNCH,--,"14,037,075"
MDBH,"MDB Capital Holdings, LLC Class A common",$2.58,0.08,3.20%,"14,031,671"
BRN,"Barnwell Industries, Inc. Common Stock",$0.97,-0.02,-2.02%,"14,001,281"
MTEX,"Mannatech, Incorporated Common Stock",$7.25,-0.41,-5.352%,"13,990,108"
XCH,XCHG Limited American Depositary Share,$3.16,UNCH,--,"13,987,531"
HUIZ,Huize Holding Limited American Depositary Shares,$1.38,-0.05,-3.497%,"13,946,385"
TOMZ,"TOMI Environmental Solutions, Inc. Common Stock",$1.42,-0.0237,-1.642%,"13,905,444"
WETH,Wetouch Technology Inc. Common Stock,$1.035,-0.005,-0.481%,"13,849,888"
UCL,uCloudlink Group Inc. American Depositary Shares,$0.3613,0.0042,1.176%,"13,762,730"
VWAV,"VisionWave Holdings, Inc. Common Stock",$5.79,0.07,1.224%,"13,744,134"
GWH,"ESS Tech, Inc. Common Stock",$0.3396,-0.0263,-7.188%,"13,677,101"
BIVI,BioVie Inc. Class A Common Stock,$1.61,-0.02,-1.227%,"13,606,348"
SKK,SKK Holdings Limited Class A Ordinary Shares,$4.25,0.10,2.41%,"13,560,033"
CTSO,Cytosorbents Corporation Common Stock,$4.30,-0.61,-12.424%,"13,549,734"
FRTT,Fort Technology Inc. Common Shares,$0.898,-0.0128,-1.405%,"13,508,239"
DFLI,Dragonfly Energy Holdings Corp. Common Stock (NV),$0.8992,0.0117,1.318%,"13,468,940"
OFAL,OFA Group Class A Ordinary Shares,$0.5088,-0.0812,-13.763%,"13,459,531"
TURB,"Turbo Energy, S.A. American Depositary Shares",$1.12,0.08,7.692%,"13,459,197"
EPOW,E-Power Inc. Class A Ordinary Shares,$5.73,-0.585,-9.264%,"13,332,753"
CUPR,Cuprina Holdings (Cayman) Limited Class A Ordinary Shares,$1.90,0.02,1.064%,"13,307,140"
ZDAI,"DirectBooking Technology Co., Ltd. Class A Ordinary Shares",$1.585,-0.035,-2.16%,"13,295,730"
EQS,"Equus Total Return, Inc. Common Stock",$0.95,-0.0299,-3.051%,"13,268,361"
SLE,"Super League Enterprise, Inc. Common Stock",$5.36,0.10,1.901%,"13,256,197"
BIYA,Baiya International Group Inc Class A Ordinary Shares,$2.065,-0.005,-0.242%,"13,176,253"
EBON,Ebang International Holdings Inc. Class A Ordinary Shares,$2.01,UNCH,--,"13,153,315"
DAVEW,Dave Inc. Warrants,$1.0299,0.0699,7.281%,"13,136,897"
VTGN,"Vistagen Therapeutics, Inc. Common Stock",$0.295,-0.0734,-19.924%,"13,091,189"
AEON,"AEON Biopharma, Inc. Class A Common Stock",$0.2602,-0.0037,-1.402%,"12,979,502"
PLUR,Pluri Inc. Common Stock,$1.05,-0.01,-0.943%,"12,961,973"
TWG,Top Wealth Group Holding Limited Class A Ordinary Shares,$0.205,-0.0646,-23.961%,"12,863,043"
RCT,RedCloud Holdings plc Ordinary Shares,$0.188,-0.006,-3.093%,"12,855,556"
SPWRW,SunPower Inc. Warrants,$0.0398,0.0155,63.786%,"12,747,954"
DTSS,Datasea Intelligent Technology Ltd. Class A Ordinary Shares,$0.8826,-0.0208,-2.302%,"12,731,400"
INTS,"Intensity Therapeutics, Inc. Common stock",$3.89,-0.21,-5.122%,"12,700,379"
CJMB,Callan JMB Inc. Common Stock,$2.19,0.07,3.302%,"12,597,686"
CABR,"Caring Brands, Inc. Common Stock",$1.215,-0.035,-2.80%,"12,597,395"
MIMI,Mint Incorporation Limited Class A Ordinary Shares,$0.79,0.0071,0.907%,"12,555,171"
AISPW,"Airship AI Holdings, Inc. Warrants",$0.3621,-0.0379,-9.475%,"12,470,565"
AIRI,Air Industries Group Common Stock,$2.57,-0.06,-2.281%,"12,466,191"
SINT,"SiNtx Technologies, Inc. Common Stock",$1.87,0.09,5.056%,"12,462,679"
ICMB,"Investcorp Credit Management BDC, Inc. Common Stock",$0.8601,-0.01,-1.149%,"12,413,369"
ALAR,Alarum Technologies Ltd. American Depositary Share,$1.71,-0.10,-5.525%,"12,398,305"
DDC,DDC Enterprise Limited Class A Ordinary Shares,$0.211,-0.003,-1.402%,"12,362,756"
SAGT,SAGTEC GLOBAL LIMITED Class A Ordinary shares,$0.621,0.01,1.637%,"12,357,900"
WXM,WF International Limited Ordinary Shares,$3.96,-0.04,-1.00%,"12,345,645"
GTBP,"GT Biopharma, Inc. Common Stock",$6.83,-0.27,-3.803%,"12,323,909"
GIXI,Gix Internet Ltd. Ordinary Shares,$4.94,-0.19,-3.704%,"12,312,214"
AIMD,"Ainos, Inc. Common Stock",$1.44,0.045,3.226%,"12,303,465"
PBK,PowerBank Corporation Common Stock,$0.261,-0.0032,-1.211%,"12,255,721"
CETY,"Clean Energy Technologies, Inc. Common Stock",$1.005,-0.005,-0.495%,"12,226,937"
BLRX,BioLineRx Ltd. American Depositary Shares,$2.52,-0.04,-1.563%,"12,219,457"
OXBR,Oxbridge Re Holdings Limited Ordinary Shares,$1.50,0.11,7.914%,"12,207,866"
ASBP,"Aspire-Lakewood Holdings, Inc. Common Stock",$8.70,0.37,4.442%,"12,202,246"
ARAI,Arrive AI Inc. Common Stock,$0.2341,-0.0086,-3.543%,"12,144,221"
ATER,"Aterian, Inc. Common Stock",$0.6746,0.0396,6.236%,"12,120,477"
NMTC,NeuroOne Medical Technologies Corporation Common Stock,$1.33,-0.01,-0.746%,"12,110,665"
DETX,"Liberty Defense Holdings, Ltd. Common Shares",$2.10,0.05,2.439%,"11,932,164"
CALC,"CalciMedica, Inc. Common Stock",$1.74,-0.05,-2.793%,"11,881,228"
PHIO,Phio Pharmaceuticals Corp. Common Stock,$1.02,UNCH,--,"11,849,595"
RAIN,"Rain Enhancement Technologies Holdco, Inc. Class A Common Stock",$1.01,UNCH,--,"11,821,092"
KPRX,"Kiora Pharmaceuticals, Inc.  Common Stock",$2.67,0.05,1.908%,"11,813,113"
SCNX,"Scienture Holdings, Inc. Common Stock",$0.287,-0.0027,-0.932%,"11,785,410"
IOTR,iOThree Limited Ordinary Shares,$1.94,-0.1388,-6.677%,"11,764,932"
INAB,"IN8bio, Inc. Common Stock",$1.19,0.09,8.182%,"11,731,476"
ADIL,"Adial Pharmaceuticals, Inc Common Stock",$4.44,0.40,9.901%,"11,658,952"
BTBD,"BT Brands, Inc. Common Stock",$1.87,0.03,1.63%,"11,565,434"
MBRX,"Moleculin Biotech, Inc. Common Stock",$0.5669,0.039,7.388%,"11,556,699"
BIOT,Instinct Bio Technical Company Holdings Inc. Ordinary Shares,$0.3995,-0.0117,-2.845%,"11,487,163"
PMI,"Picard Medical, Inc. Common Stock",$4.87,0.32,7.033%,"11,389,148"
BNKK,"Bonk, Inc. Common Stock",$1.42,-0.01,-0.699%,"11,361,335"
HPAI,Helport AI Limited Ordinary Shares,$0.3016,0.0027,0.903%,"11,354,308"
CRMT,America's Car-Mart Inc Common Stock,$1.36,-0.31,-18.563%,"11,340,330"
BMRA,"Biomerica, Inc. Common Stock",$2.46,-0.145,-5.566%,"11,288,861"
NVNI,Nvni Group Limited Ordinary Shares,$0.9599,0.0225,2.40%,"11,223,278"
FNGR,"FingerMotion, Inc. Common Stock",$0.1489,0.0099,7.122%,"11,197,970"
BBLGW,Bone Biologics Corp Warrants,$4.06,UNCH,--,"11,189,591"
SEED,Origin Agritech Limited Common Stock,$0.9201,0.0001,0.011%,"11,173,258"
JBDI,JBDI Holdings Limited Ordinary Shares,$1.17,0.06,5.405%,"11,132,002"
BANL,CBL International Limited Class B Ordinary Shares,$5.2801,0.0501,0.958%,"11,082,708"
EDUC,Educational Development Corporation Common Stock,$1.30,UNCH,--,"11,082,453"
IRIX,IRIDEX Corporation Common Stock,$0.63,-0.004,-0.631%,"11,065,895"
PRPL,"Purple Innovation, Inc. Common Stock",$2.54,-0.04,-1.55%,"11,056,897"
MMA,Mixed Martial Arts Group Limited Ordinary Shares,$0.4166,-0.0168,-3.876%,"11,033,043"
BTOC,Armlogi Holding Corp. Common Stock,$0.241,-0.0145,-5.675%,"10,951,782"
STFS,Star Fashion Culture Holdings Limited Class A Ordinary Shares,$3.425,0.015,0.44%,"10,938,683"
CYN,Cyngn Inc. Common Stock,$0.7124,-0.0574,-7.456%,"10,934,115"
HCTI,"Healthcare Triangle, Inc. Common Stock",$0.7298,-0.1813,-19.899%,"10,928,260"
IQST,iQSTEL Inc. Common Stock,$1.00,-0.03,-2.913%,"10,915,859"
AEMD,"Aethlon Medical, Inc. Common Stock",$6.77,-0.04,-0.587%,"10,859,723"
NAII,"Natural Alternatives International, Inc. Common Stock",$1.73,-0.12,-6.486%,"10,856,146"
QH,Quhuo Limited Class A Ordinary Shares,$3.94,-0.0261,-0.658%,"10,838,518"
GYRO,"Gyrodyne, LLC Common Stock",$4.925,-0.095,-1.892%,"10,831,592"
KALA,"KALA BIO, Inc. Common Stock",$0.56,UNCH,--,"10,830,280"
GDTC,CytoMed Therapeutics Limited Ordinary Shares,$0.91,UNCH,--,"10,763,876"
CLWT,Euro Tech Holdings Company Limited Common Stock,$1.45,-0.055,-3.654%,"10,746,623"
MTVA,MetaVia Inc. Common Stock,$1.63,UNCH,--,"10,738,605"
MSAI,"MultiSensor AI Holdings, Inc. Common Stock",$4.865,0.0438,0.908%,"10,730,478"
BLIN,"Bridgeline Digital, Inc. Common Stock",$0.85,0.0231,2.794%,"10,709,897"
GYGY,"Game Your Game, Inc. Common Stock",$0.7426,-0.0524,-6.591%,"10,687,499"
SNTI,"Senti Biosciences Holdings, Inc. Common Stock",$0.343,0.005,1.479%,"10,682,651"
CISO,"CISO Global, Inc. Common Stock",$0.2345,-0.0067,-2.778%,"10,675,766"
ENLV,Enlivex Ltd. Ordinary Shares,$0.6057,-0.0343,-5.359%,"10,590,944"
TOVX,"Theriva Biologics, Inc. Common Stock",$0.2305,-0.0042,-1.79%,"10,578,260"
HUDI,"Huadi International Group Co., Ltd. Ordinary Shares",$0.732,-0.003,-0.408%,"10,481,641"
SMXT,Solarmax Technology Inc. Common Stock,$2.20,-0.24,-9.836%,"10,432,873"
ADVB,Advanced Biomed Inc. Common Stock,$6.31,-0.01,-0.158%,"10,424,959"
UPLD,"Upland Software, Inc. Common Stock",$3.52,-0.02,-0.565%,"10,409,312"
LZMH,LZ Technology Holdings Limited Class B Ordinary Shares,$1.15,-0.05,-4.167%,"10,325,275"
JCTC,Jewett-Cameron Trading Company Common Shares,$2.93,0.03,1.034%,"10,313,931"
NIXX,"Nixxy, Inc. Common Stock",$0.3561,-0.0047,-1.303%,"10,294,438"
AZTR,Azitra Inc Common Stock,$0.167,0.0015,0.906%,"10,120,825"
GFAI,"Guardforce AI Co., Limited Ordinary Shares",$0.322,-0.0145,-4.309%,"10,108,655"
PLAG,Planet Green Holdings Corp. Common Stock,$0.7073,-0.0105,-1.463%,"10,066,799"
MGRX,"Mangoceuticals, Inc. Common Stock",$0.4641,0.0152,3.386%,"10,009,441"
MTEK,Maris-Tech Ltd. Ordinary Shares,$1.03,0.0376,3.789%,"9,989,585"
FLUX,"Flux Power Holdings, Inc. Common Stock",$0.4619,-0.0394,-7.86%,"9,987,036"
HDRNW,"Hadron Energy, Inc. Warrant",$0.1396,0.0196,16.333%,"9,981,238"
SQFTP,"Presidio Property Trust, Inc. 9.375% Series D Cumulative Redeemable Perpetual Preferred Stock, $0.01 par value per share",$6.95,UNCH,--,"9,969,302"
NCPL,Netcapital Inc. Common Stock,$1.27,0.23,22.115%,"9,966,832"
AWX,Avalon Holdings Corporation Common Stock,$2.55,-0.05,-1.923%,"9,943,549"
CLIK,Click Holdings Limited Class A Ordinary Share,$1.16,-0.01,-0.855%,"9,933,118"
MEDS,"DataMeds AI, Inc. Common Stock",$3.50,-0.33,-8.616%,"9,917,369"
CVR,Chicago Rivet & Machine Co. Common Stock,$10.2499,0.1509,1.494%,"9,902,756"
INEO,INNEOVA Holdings Limited Class A Ordinary Shares,$0.6123,0.0947,18.296%,"9,901,273"
VRXAW,Veraxa Biotech AG Warrants,$0.07,-0.0041,-5.533%,"9,898,547"
MPU,Mega Matrix Inc. Class A Ordinary Shares,$2.88,0.08,2.857%,"9,853,321"
SOAR,"Volato Group, Inc. Class A Common Stock",$0.1836,0.0002,0.109%,"9,847,064"
BON,Bon Natural Life Limited Class A Ordinary Shares,$1.21,0.015,1.255%,"9,835,860"
BYAH,"Park Ha Biological Technology Co., Ltd. Class A Ordinary Shares",$2.87,0.23,8.712%,"9,831,262"
APRE,"Aprea Therapeutics, Inc. Common stock",$0.7797,-0.0003,-0.038%,"9,817,309"
REBN,"Reborn Coffee, Inc. Common Stock",$1.13,0.04,3.67%,"9,740,738"
AMS,American Shared Hospital Services Common Stock,$1.46,0.01,0.69%,"9,709,000"
MSN,Emerson Radio Corporation Common Stock,$0.461,0.0104,2.308%,"9,700,663"
TANH,Tantech Holdings Ltd. Class A Common Shares,$14.50,0.05,0.346%,"9,680,882"
MYSE,"Myseum.AI, Inc. Common Stock",$1.86,0.03,1.639%,"9,665,360"
SFHG,Samfine Creation Holdings Group Limited Class A Ordinary Share,$2.38,0.14,6.25%,"9,662,800"
BURU,"Nuburu, Inc. Common Stock",$1.04,-0.02,-1.887%,"9,632,839"
IMRN,Immuron Limited American Depositary Shares,$1.19,0.02,1.709%,"9,604,730"
INUV,"Inuvo, Inc.",$0.5799,-0.0161,-2.701%,"9,558,538"
MDCX,Medicus Pharma Ltd. Common Stock  ,$0.1588,-0.0006,-0.376%,"9,554,685"
SMX,SMX (Security Matters) Public Limited Company Ordinary Shares,$8.75,-0.89,-9.232%,"9,525,320"
KNRX,KNOREX LTD. Class A Ordinary Shares,$0.3129,-0.0069,-2.158%,"9,519,392"
VEEA,Veea Inc. Common Stock,$3.04,-0.18,-5.59%,"9,456,552"
SEGG,Sports Entertainment Gaming Global Corporation Common Stock,$2.88,0.01,0.348%,"9,387,323"
BAOS,Baosheng Media Group Holdings Limited Ordinary shares,$0.2781,0.0112,4.196%,"9,280,146"
LGVN,Longeveron Inc. Class A Common Stock,$2.91,0.31,11.923%,"9,277,659"
IFBD,"Infobird Co., Ltd Ordinary Shares",$1.13,0.1445,14.663%,"9,253,089"
CYCU,"Cycurion, Inc. Common Stock",$2.86,-0.15,-4.983%,"9,237,920"
WVVI,"Willamette Valley Vineyards, Inc. Common Stock",$1.85,-0.04,-2.116%,"9,212,129"
CLRO,"ClearOne, Inc. Common Stock",$3.43,-0.79,-18.72%,"9,176,663"
BIAF,"bioAffinity Technologies, Inc. Common Stock",$7.83,-0.11,-1.385%,"9,134,674"
BCTXL,BriaCell Therapeutics Corp. Warrant expiring 2031,$1.0499,0.0398,3.94%,"9,133,906"
TPET,Trio Petroleum Corp. Common Stock,$1.71,-0.05,-2.841%,"9,103,881"
GLE,Global Engine Group Holding Limited Class A Ordinary Shares,$0.4972,-0.0392,-7.308%,"9,098,760"
GCDT,Green Circle Decarbonize Technology Limited Class A Ordinary Shares,$0.67,0.159,31.115%,"9,079,307"
FBLG,"FibroBiologics, Inc. Common Stock",$1.36,0.03,2.256%,"9,055,142"
NDRA,ENDRA Life Sciences Inc. Common Stock,$5.93,-0.57,-8.769%,"8,894,039"
AQMS,"Aqua Metals, Inc. Common Stock",$2.49,-0.0149,-0.595%,"8,873,192"
YJ,Yunji Inc. American Depository Shares,$1.79,UNCH,--,"8,816,717"
LNAI,Lunai Bioworks Inc. Common Stock,$1.94,-0.20,-9.346%,"8,795,747"
ALZN,"Alzamend Neuro, Inc. Common Stock",$1.82,-0.12,-6.186%,"8,782,816"
MARPS,Marine Petroleum Trust Units of Beneficial Interest,$4.37,UNCH,--,"8,740,000"
ALP,Alpha Compute Corp Ordinary Shares,$5.61,1.07,23.568%,"8,694,647"
ZCMD,Zhongchao Inc. Class A Ordinary Shares,$0.978,-0.0095,-0.962%,"8,678,260"
NHTC,Natural Health Trends Corp. Common Stock,$1.01,-0.04,-3.81%,"8,663,626"
BGL,Blue Gold Limited Class A Ordinary Shares,$0.2112,-0.0069,-3.164%,"8,624,938"
TRAW,"Traws Pharma, Inc. Common Stock",$0.56,0.0564,11.199%,"8,606,235"
GITS,"Global Interactive Technologies, Inc. Common Stock",$2.01,UNCH,--,"8,448,239"
SNGX,"Soligenix, Inc. Common Stock",$0.3862,0.0011,0.286%,"8,405,828"
JYD,Jayud Global Logistics Limited Class A Ordinary Shares,$1.01,-0.02,-1.942%,"8,381,889"
NAMMW,Namib Minerals Warrants,$0.1499,-0.0256,-14.587%,"8,372,276"
NXTT,Next Technology Holding Inc. Ordinary Shares,$5.675,-0.025,-0.439%,"8,359,059"
QCLS,"Q/C Technologies, Inc. Common Stock",$1.02,0.1406,15.988%,"8,353,635"
BRNX,BrenX Ltd. Ordinary Shares,$2.29,-0.09,-3.782%,"8,340,178"
AMOD,"Alpha Modus Holdings, Inc. Class A Common Stock",$1.67,0.01,0.602%,"8,327,061"
LHSW,Lianhe Sowell International Group Ltd Class A Ordinary Shares,$0.7631,-0.0028,-0.366%,"8,322,495"
VEEE,Twin Vee PowerCats Co. Common Stock,$14.15,1.37,10.72%,"8,268,142"
VSA,VisionSys AI Inc. American Depositary Shares,$2.96,-0.68,-18.681%,"8,267,091"
WOK,WORK Medical Technology Group LTD Class A Ordinary Shares,$1.84,-0.02,-1.075%,"8,220,344"
RMCF,"Rocky Mountain Chocolate Factory, Inc. Common Stock",$0.8694,0.0194,2.282%,"8,206,777"
AIRE,reAlpha Tech Corp. Common Stock,$1.36,-0.02,-1.449%,"8,169,009"
CODX,"Co-Diagnostics, Inc. Common Stock",$1.15,0.05,4.545%,"8,061,843"
RETO,"ReTo Eco-Solutions, Inc. Class A Shares",$0.166,0.0074,4.666%,"8,055,646"
XCUR,"Exicure, Inc. Common Stock",$1.23,-0.01,-0.806%,"8,051,574"
FFAI,Faraday Future Intelligent Electric Inc. Class A Common Stock,$1.31,-0.08,-5.755%,"8,026,369"
LUCY,"Innovative Eyewear, Inc. Common Stock",$0.9303,0.0083,0.90%,"8,009,135"
RVSN,Rail Vision Ltd. Ordinary Share,$3.64,-0.11,-2.933%,"7,979,557"
AMIX,"Autonomix Medical, Inc. Common Stock",$4.07,0.09,2.261%,"7,976,948"
SURG,"SurgePays, Inc. Common Stock",$0.1496,-0.0012,-0.796%,"7,915,100"
INHD,Inno Holdings Inc. Common Stock,$3.13,-0.02,-0.635%,"7,889,419"
AMSS,AMASS Brands Inc. Common Stock,$0.6771,-0.0488,-6.723%,"7,857,800"
THH,TryHard Holdings Limited Ordinary Shares,$1.57,0.03,1.948%,"7,857,261"
CLGN,CollPlant Biotechnologies Ltd Ordinary Shares,$4.12,0.08,1.98%,"7,790,183"
ENSC,"Ensysce Biosciences, Inc. Common Stock",$0.4001,-0.0144,-3.474%,"7,784,663"
MTEN,Mingteng International Corporation Inc. Class A Ordinary Shares,$1.01,UNCH,--,"7,726,364"
REED,"Reed's, Inc. Common Stock",$0.6508,0.0234,3.73%,"7,716,592"
INM,InMed Pharmaceuticals Inc. Common Shares,$1.40,0.02,1.449%,"7,691,229"
LOBO,LOBO TECHNOLOGIES LTD. Class A Ordinary Shares,$0.5523,-0.0254,-4.397%,"7,644,902"
XWEL,"XWELL, Inc. Common Stock",$0.8896,-0.0129,-1.429%,"7,641,011"
PRSO,Peraso Inc. Common Stock,$0.5049,0.0111,2.248%,"7,606,054"
APUS,"Apimeds Pharmaceuticals US, Inc. Common Stock",$4.92,2.63,114.847%,"7,589,710"
ACON,"Aclarion, Inc. Common Stock",$2.63,-0.31,-10.544%,"7,580,636"
IMNN,"Imunon, Inc. Common Stock",$1.35,-0.12,-8.163%,"7,575,394"
ACXP,"Acurx Pharmaceuticals, Inc. Common Stock",$1.36,-0.01,-0.73%,"7,560,791"
SKYE,"Skye Bioscience, Inc. Common Stock",$1.70,-0.10,-5.556%,"7,527,051"
CNSP,"CNS Pharmaceuticals, Inc. Common Stock",$5.15,UNCH,--,"7,526,462"
DLXY,Delixy Holdings Limited Class A Ordinary Shares,$0.4602,-0.0428,-8.509%,"7,524,270"
JCSE,JE Cleantech Holdings Limited Class A Ordinary Shares,$1.43,-0.015,-1.038%,"7,511,390"
UCAR,U Power Limited Class A Ordinary Shares,$4.20,-0.40,-8.696%,"7,454,740"
AUUD,Auddia Inc. Common Stock,$1.28,-0.03,-2.29%,"7,427,904"
BTTC,Black Titan Corporation Ordinary Shares,$0.5413,-0.0077,-1.403%,"7,415,108"
ARBB,ARB IOT Group Limited Ordinary Shares,$4.20,UNCH,--,"7,414,075"
GAUZ,Gauzy Ltd. Ordinary Shares,$6.45,-0.22,-3.298%,"7,413,514"
CHAI,"Core AI Holdings, Inc. Common Shares",$0.286,-0.0189,-6.199%,"7,397,918"
ILLR,Triller Group Inc. Common Stock,$0.359,-0.026,-6.753%,"7,354,970"
FEBO,Fenbo Holdings Limited Class A Ordinary Shares,$0.661,0.0097,1.489%,"7,312,313"
POM,POMDOCTOR LIMITED American Depositary Shares,$0.97,0.1699,21.235%,"7,231,595"
AIM,AIM ImmunoTech Inc. Common Stock,$0.2033,-0.0067,-3.19%,"7,218,772"
GWAV,"Greenwave Technology Solutions, Inc. Common Stock",$2.41,-0.23,-8.712%,"7,187,786"
TKLF,"Tokyo Lifestyle Co., Ltd. American Depositary Shares",$1.6905,0.0105,0.625%,"7,155,516"
SOS,SOS Limited Class A Ordinary Shares,$0.393,0.0486,14.111%,"7,140,936"
LEXX,Lexaria Bioscience Corp. Common Stock,$3.37,0.135,4.173%,"7,098,861"
CCTG,CCSC Technology International Holdings Limited Class A Ordinary Shares,$0.5196,0.0065,1.267%,"7,056,265"
RDZNW,"Roadzen, Inc. Warrants",$0.0824,0.0143,20.999%,"7,017,601"
OBAI,"Our Bond, Inc. Common Stock",$0.234,-0.016,-6.40%,"7,014,273"
CURX,Curanex Pharmaceuticals Inc Common Stock,$4.45,-0.025,-0.559%,"6,978,672"
DFSC,DEFSEC Technologies Inc. Common Stock,$1.06,-0.11,-9.402%,"6,963,214"
AUID,authID Inc. Common Stock,$0.4153,0.0051,1.243%,"6,943,957"
BOLT,"Bolt Biotherapeutics, Inc. Common Stock",$3.59,-0.06,-1.644%,"6,915,579"
ENVB,"Enveric Biosciences, Inc. Common Stock",$1.545,-0.02,-1.278%,"6,915,241"
WAFU,Wah Fu Education Group Limited Ordinary Shares,$1.56,-0.04,-2.50%,"6,880,472"
AMST,Amesite Inc. Common Stock,$1.05,0.01,0.962%,"6,877,344"
TDIC,Dreamland Limited Class A Ordinary Shares,$1.97,0.05,2.604%,"6,866,599"
VNRX,VolitionRX Limited Common Stock,$0.2458,-0.0012,-0.486%,"6,858,638"
CWD,CaliberCos Inc. Class A Common Stock,$0.6577,-0.0963,-12.772%,"6,829,986"
DSS,"DSS, Inc. Common Stock",$0.677,-0.0178,-2.562%,"6,798,785"
YHGJ,Yunhong Green CTI Ltd. Common Stock,$2.60,-0.0899,-3.342%,"6,784,034"
WKSP,"Worksport, Ltd. Common Stock",$0.4429,-0.0014,-0.315%,"6,775,632"
EEIQ,EpicQuest Education Group International Limited Common Stock,$4.10,0.15,3.797%,"6,751,154"
VS,Versus Systems Inc. Common Stock,$1.08,-0.03,-2.703%,"6,709,658"
SYNX,Silynxcom Ltd. Ordinary Shares,$1.01,0.07,7.447%,"6,700,784"
EVGN,Evogene Ltd Ordinary Shares,$0.424,-0.0283,-6.257%,"6,699,797"
DAIC,"CID HoldCo, Inc. Common Stock",$3.41,0.08,2.402%,"6,692,480"
MWG,Multi Ways Holdings Limited Class A Ordinary Shares,$1.30,0.01,0.775%,"6,684,631"
BQ,Boqii Holding Limited Class A Ordinary Shares,$0.8456,-0.0024,-0.283%,"6,663,002"
DTST,Data Storage Corporation Common Stock,$2.85,0.05,1.786%,"6,662,553"
GXAI,Gaxos.ai Inc. Common Stock,$0.5974,0.0163,2.805%,"6,602,637"
CGTL,Creative Global Technology Holdings Limited Class A Ordinary Shares,$3.80,0.02,0.529%,"6,533,169"
SDAWW,SunCar Technology Group Inc. Warrant,$0.0616,-0.0034,-5.231%,"6,507,912"
GLXG,Galaxy Payroll Group Limited Class A Ordinary Shares,$1.09,0.05,4.808%,"6,498,051"
ILAG,Intelligent Living Application Group Inc. Ordinary Shares,$3.1121,0.0121,0.39%,"6,463,670"
MITQ,"Moving iMage Technologies, Inc. Common Stock",$0.647,0.0281,4.54%,"6,431,874"
CELZ,"Creative Medical Technology Holdings, Inc. Common Stock",$0.97,-0.0038,-0.39%,"6,394,780"
NVNO,enVVeno Medical Corporation Common Stock,$9.09,0.13,1.451%,"6,315,968"
CMCT,Creative Media & Community Trust Corporation Common stock,$2.14,-0.065,-2.948%,"6,307,635"
ELOG,Eastern International Ltd. Ordinary Shares,$0.49,-0.001,-0.204%,"6,287,680"
BGMS,"Bio Green Med Solution, Inc. Common Stock",$0.945,-0.0172,-1.788%,"6,258,540"
AMBO,Ambow Education Holding Ltd. American Depository Shares (each representing twenty (20) Class A Ordinary Shares),$2.154,0.0139,0.65%,"6,161,134"
ORKT,Orangekloud Technology Inc. Class A Ordinary Shares,$1.045,-0.015,-1.415%,"6,102,560"
PULM,"Pulmatrix, Inc. Common Stock",$1.67,-0.015,-0.89%,"6,099,316"
KRKR,36Kr Holdings Inc. American Depositary Shares,$3.075,-0.025,-0.806%,"6,069,466"
CRE,Cre8 Enterprise Limited Class A Ordinary Shares,$3.01,0.10,3.436%,"6,062,095"
CXAI,CXApp Inc. Class A Common Stock,$2.58,0.08,3.20%,"6,030,507"
DKI,DarkIris Inc. Class A Ordinary Shares,$2.90,0.32,12.403%,"6,024,620"
BMGL,Basel Medical Group Ltd Ordinary Shares,$3.80,-0.29,-7.09%,"6,012,022"
GDC,GD Culture Group Limited Common Stock,$1.44,-0.13,-8.28%,"5,994,000"
KAPA,"Kairos Pharma, Ltd. Common Stock",$1.77,0.04,2.312%,"5,992,128"
SNOA,"Sonoma Pharmaceuticals, Inc. Common Stock",$1.245,-0.005,-0.40%,"5,961,589"
TWAV,"TaoWeave, Inc. Common Stock",$1.53,-0.06,-3.774%,"5,932,145"
ICCM,IceCure Medical Ltd. Ordinary Shares,$1.73,-0.14,-7.487%,"5,927,629"
MRM,MEDIROM Healthcare Technologies Inc. American Depositary Share,$0.75,0.015,2.041%,"5,926,463"
XTLB,XTL Biopharmaceuticals Ltd. American Depositary Shares,$2.4101,0.21,9.545%,"5,922,732"
ERNA,Ernexa Therapeutics Inc. Common Stock,$3.62,-0.03,-0.822%,"5,909,328"
ADXN,Addex Therapeutics Ltd American Depositary Shares,$3.46,0.01,0.29%,"5,894,847"
GELS,Gelteq Limited Ordinary Shares,$0.55,-0.0509,-8.471%,"5,891,082"
SONM,"DNA X, Inc. Common Stock",$3.95,0.3399,9.415%,"5,878,659"
GURE,"Gulf Resources, Inc. (NV) Common Stock",$3.24,-0.36,-10.00%,"5,875,840"
HKPD,"Cellyan Biotechnology Co., Ltd Class A Ordinary Shares",$0.1207,0.0015,1.258%,"5,853,945"
XBIO,"Xenetic Biosciences, Inc. Common Stock",$2.47,-0.05,-1.984%,"5,787,657"
EZGO,EZGO Technologies Ltd. Ordinary Shares,$1.09,0.2449,28.979%,"5,783,430"
HCAI,"Huachen AI Parking Management Technology Holding Co., Ltd. Class A Ordinary Shares",$0.5294,-0.0203,-3.693%,"5,777,488"
FLDDW,"Fold Holdings, Inc. Warrant",$0.105,0.025,31.25%,"5,761,185"
HXHX,Haoxin Holdings Limited Class A Ordinary Shares,$0.3911,-0.0054,-1.362%,"5,756,992"
YMAT,"J-Star Holding Co., Ltd. Class A Ordinary Shares",$1.43,0.15,11.719%,"5,734,447"
DCOY,Decoy Therapeutics Inc. Common Stock,$3.11,-0.74,-19.221%,"5,721,215"
NCT,Intercont (Cayman) Limited Class A Ordinary shares,$4.65,-0.78,-14.365%,"5,692,102"
JWEL,Jowell Global Ltd. Ordinary Shares,$2.39,0.05,2.137%,"5,678,953"
INBS,Intelligent Bio Solutions Inc. Common Stock,$1.71,-0.06,-3.39%,"5,671,733"
CDIO,Cardio Diagnostics Holdings Inc. Common stock,$1.91,-0.01,-0.521%,"5,652,586"
TRIB,Trinity Biotech plc American Depositary Shares,$6.95,-0.06,-0.856%,"5,651,267"
TAOP,Taoping Inc. Ordinary Shares ,$0.59,-0.0471,-7.393%,"5,636,142"
LIMN,"Liminatus Pharma, Inc. Class A Common Stock",$4.18,0.15,3.722%,"5,614,609"
POLA,"Polar Power, Inc. Common Stock",$1.30,-0.02,-1.515%,"5,602,115"
SLDPW,"Solid Power, Inc. Warrant",$0.0245,0.0045,22.50%,"5,590,440"
SGLY,Singularity Future Technology Ltd. Common Stock,$1.03,-0.01,-0.962%,"5,565,902"
CPOP,"Pop Culture Group Co., Ltd Class A Ordinary Shares",$5.47,0.30,5.803%,"5,516,418"
NCNA,NuCana plc American Depositary Share,$1.32,0.01,0.763%,"5,493,802"
SVRE,SaverOne 2014 Ltd. American Depositary Shares,$2.18,-0.01,-0.457%,"5,449,640"
AIDX,"20/20 Biolabs, Inc. Common Stock",$0.4231,-0.0035,-0.82%,"5,403,115"
RENX,RenX Enterprises Corp. Common Stock,$2.04,0.23,12.707%,"5,398,266"
JTAI,Jet.AI Inc. Common Stock,$1.50,-0.12,-7.407%,"5,336,282"
POAS,Phaos Technology Holdings (Cayman) Limited Class A Ordinary Shares,$0.168,0.001,0.599%,"5,304,096"
AMPGZ,"Amplitech Group, Inc. Series B Right",$0.1758,0.0059,3.473%,"5,281,715"
VMAR,Vision Marine Technologies Inc. Common Shares,$8.06,0.60,8.043%,"5,263,551"
ZNB,Zeta Network Group Class A Ordinary Shares,$1.43,0.05,3.623%,"5,255,324"
NWTG,"Newton Golf Company, Inc. Common Stock",$0.963,-0.182,-15.895%,"5,221,652"
XELB,"Xcel Brands, Inc. Common Stock",$0.79,-0.055,-6.509%,"5,182,616"
PCSA,"Processa Pharmaceuticals, Inc. Common Stock",$1.85,-0.04,-2.116%,"5,167,764"
YCBD,"cbdMD, Inc. Common Stock",$0.459,0.0016,0.35%,"5,143,116"
NAMI,Jinxin Technology Holding Company American Depositary Shares,$1.62,0.01,0.621%,"5,123,827"
NTCL,NETCLASS TECHNOLOGY INC Class A Ordinary Shares,$2.09,0.04,1.951%,"5,076,313"
GP,GreenPower Motor Company Inc. Common Shares,$0.5772,-0.162,-21.916%,"5,074,629"
STLNW,"Starling Oncology, Inc. Warrant",$0.0497,0.0197,65.667%,"5,065,231"
OLB,"The OLB Group, Inc. Common Stock",$0.2097,-0.002,-0.945%,"5,039,705"
CNET,ZW Data Action Technologies Inc. Common Stock,$1.37,0.06,4.58%,"5,025,748"
DPU,Top KingWin Ltd Class A Ordinary Shares,$1.67,0.10,6.369%,"5,019,816"
FBGL,FBS Global Limited Ordinary Shares,$0.3729,-0.0321,-7.926%,"4,986,899"
YDKG,Yueda Digital Holding Class A Ordinary Share,$0.8971,0.0212,2.42%,"4,971,963"
BAERW,"Bridger Aerospace Group Holdings, Inc. Warrant",$0.0843,-0.0007,-0.824%,"4,959,044"
EHGO,Eshallgo Inc. Class A Ordinary Shares,$0.8871,-0.0102,-1.137%,"4,911,497"
PMCB,"PharmaCyte  Biotech, Inc. Common Stock",$0.4564,0.0279,6.511%,"4,899,750"
WHLRP,"Wheeler Real Estate Investment Trust, Inc. Class B Preferred Stock",$8.57,-0.83,-8.83%,"4,869,568"
RMSG,Real Messenger Corporation Ordinary Shares,$0.2993,-0.0177,-5.584%,"4,839,283"
XPON,"Expion Energy, Inc. Common Stock",$4.77,0.06,1.274%,"4,829,615"
DBGI,"Digital Brands Group, Inc. Common Stock",$5.13,-0.58,-10.158%,"4,788,901"
CNEY,CN Energy Group Inc. Class A Ordinary Shares,$0.5814,0.0015,0.259%,"4,769,403"
SNTG,Sentage Holdings Inc. Class A Ordinary Shares,$1.70,0.01,0.592%,"4,769,053"
LCFY,Locafy Limited Ordinary Share,$2.58,-0.03,-1.149%,"4,720,629"
CHNR,"China Natural Resources, Inc. Common Stock",$3.82,0.01,0.262%,"4,710,904"
DRMA,"Dermata Therapeutics, Inc. Common Stock",$1.17,0.05,4.464%,"4,705,907"
GVH,Globavend Holdings Limited Ordinary Shares,$1.09,UNCH,--,"4,691,552"
SDST,Stardust Power Inc. Common Stock,$0.115,-0.0007,-0.605%,"4,666,357"
ADGM,"Adagio Medical Holdings, Inc Common Stock",$0.21,-0.018,-7.895%,"4,664,196"
CANF,"Can-Fite Biopharma Ltd American Depositary Shares, each representing two (2) Ordinary Shares",$2.17,0.01,0.463%,"4,649,327"
FCUV,Focus Universal Inc. Common Stock,$4.73,-0.09,-1.867%,"4,644,917"
HYFM,"Hydrofarm Holdings Group, Inc. Common Stock",$0.96,-0.0201,-2.051%,"4,626,550"
GRI,"GRI Bio, Inc. Common Stock",$2.09,-0.06,-2.791%,"4,568,980"
AQB,"AquaBounty Technologies, Inc. Common Stock",$0.8813,-0.1587,-15.26%,"4,536,231"
EZRA,"Reliance Global Group, Inc. Common Stock",$2.70,0.01,0.372%,"4,535,827"
VBIO,"Valion Bio, Inc. Common Stock",$3.48,0.75,27.473%,"4,473,975"
NCRA,"Nocera, Inc. Common Stock",$1.87,0.03,1.63%,"4,443,397"
MTR,Mesa Royalty Trust Common Stock,$2.38,0.01,0.422%,"4,435,344"
CLDI,"Calidi Biotherapeutics, Inc. Common Stock",$1.20,0.11,10.092%,"4,423,019"
CHSN,Chanson International Holding Class A Ordinary Shares,$1.19,0.12,11.215%,"4,414,647"
VIVK,"Vivakor, Inc. Common Stock",$0.5339,0.0024,0.452%,"4,369,238"
GRRRW,Gorilla Technology Group Inc. Warrant,$0.157,0.057,57.00%,"4,357,923"
UZX,Linkage Global Inc. Class A Ordinary Shares,$1.51,-0.12,-7.362%,"4,342,115"
BGLC,BioNexus Gene Lab Corp Common stock,$1.48,0.01,0.68%,"4,341,494"
WBUY,WEBUY GLOBAL LTD. Class A Ordinary Shares,$0.7902,-0.0138,-1.716%,"4,331,168"
GRMLW,Greenland Mines Ltd Warrant,$0.49,0.10,25.641%,"4,325,295"
LABT,Lakewood-Amedex Biotherapeutics Inc. Common Stock,$1.825,0.045,2.528%,"4,324,681"
FMFC,Kandal M Venture Limited Class A Ordinary Shares,$0.202,-0.001,-0.493%,"4,302,600"
HIHO,Highway Holdings Limited Common Stock,$0.9299,-0.0051,-0.545%,"4,302,346"
ATXG,Addentax Group Corp. Common Stock,$3.65,0.21,6.105%,"4,299,605"
INTJ,Intelligent Group Limited Class A Ordinary Shares ,$2.785,0.165,6.298%,"4,281,932"
CVKD,"Cadrenal Therapeutics, Inc. Common Stock",$1.20,-0.12,-9.091%,"4,281,110"
MLEC,Moolec Science SA Ordinary Shares,$5.85,-0.41,-6.55%,"4,247,790"
BJDX,"Bluejay Diagnostics, Inc. Common Stock",$0.95,-0.0188,-1.941%,"4,244,648"
CYAB,"Cyabra, Inc. Common Stock",$0.2382,-0.0169,-6.625%,"4,191,622"
MSGY,Masonglory Limited Class A Ordinary Shares ,$1.97,-0.06,-2.956%,"4,175,661"
DXST,Decent Holding Inc Class A Ordinary Shares,$2.30,-0.21,-8.367%,"4,174,794"
DUKRW,DUKE Robotics Corp. Warrant,$1.21,-0.09,-6.923%,"4,145,433"
TGL,Treasure Global Inc. Common Stock,$2.11,0.07,3.431%,"4,124,696"
SHPH,"Shuttle Pharmaceuticals Holdings, Inc. Common Stock",$4.00,0.41,11.421%,"4,108,856"
OMH,Ohmyhome Limited Class A Ordinary Shares,$2.43,-0.07,-2.80%,"4,103,514"
FAMI,"Farmmi, Inc. Class A Ordinary Shares",$0.128,-0.0043,-3.25%,"4,098,429"
KUST,"Kustom Entertainment, Inc. Common Stock",$0.629,-0.026,-3.969%,"4,092,815"
AGRZ,Agroz Inc. Class A Ordinary Shares,$0.20,-0.0425,-17.526%,"4,084,697"
IBG,Innovation Beverage Group Limited Ordinary Shares,$0.965,0.0149,1.568%,"4,072,804"
ABTS,Abits Group Inc Ordinary Shares,$1.26,-0.01,-0.787%,"4,050,201"
BOXL,Boxlight Corporation Class A Common Stock,$4.79,-0.14,-2.84%,"4,045,366"
SXTP,"60 Degrees Pharmaceuticals, Inc. Common Stock",$1.15,-0.01,-0.862%,"4,044,536"
EJH,E-Home Household Service Holdings Limited Ordinary Shares,$1.2594,0.0111,0.889%,"4,030,274"
SCKT,"Socket Mobile, Inc. Common Stock",$0.4855,-0.028,-5.453%,"4,025,611"
ONCO,"Onconetix, Inc. Common Stock",$0.9109,0.0009,0.099%,"3,990,217"
MBIO,"Mustang Bio, Inc. Common Stock",$0.5262,0.0148,2.894%,"3,987,284"
TRNR,Interactive Strength Inc. Common Stock,$2.44,-0.21,-7.925%,"3,952,073"
SNES,"SenesTech, Inc. Common Stock",$0.726,-0.0534,-6.851%,"3,937,491"
KTWOR,K2 Capital Acquisition Corporation Rights,$0.195,UNCH,--,"3,908,026"
MKZR,"MacKenzie Realty Capital, Inc. Common Stock",$1.378,0.008,0.584%,"3,823,520"
CAPS,Capstone Holding Corp. Common Stock,$0.1753,-0.0285,-13.984%,"3,812,775"
GIPR,Generation Income Properties Inc. Common Stock,$0.5358,0.0077,1.458%,"3,810,877"
TNMG,TNL Mediagene Ordinary Shares,$5.01,0.47,10.352%,"3,810,471"
JUNS,"Jupiter Neurosciences, Inc. Common Stock",$2.885,-0.085,-2.862%,"3,803,933"
ICON,Icon Energy Corp. Common stock,$1.01,0.02,2.02%,"3,796,907"
IVDA,"Iveda Solutions, Inc. Common Stock",$0.3021,-0.0079,-2.548%,"3,781,998"
EOCN,Eocene Ltd. Ordinary Shares,$3.62,UNCH,--,"3,770,465"
PAVS,Paranovus Entertainment Technology Ltd. Class A Ordinary Shares,$4.33,0.14,3.341%,"3,765,533"
TOPS,"TOP Ships, Inc. Common Stock",$0.6777,-0.0317,-4.469%,"3,755,590"
CHR,"Cheer Holding, Inc. Class A Ordinary Share",$1.60,0.03,1.911%,"3,752,725"
VIVS,"VivoSim Labs, Inc. Common Stock",$0.2254,-0.0037,-1.615%,"3,738,596"
WLDS,Wearable Devices Ltd. Ordinary Share,$1.51,-0.13,-7.927%,"3,714,209"
KITT,"Nauticus Robotics, Inc. Common stock",$0.4915,-0.0321,-6.131%,"3,672,468"
JAGX,"Jaguar Health, Inc. Common Stock",$7.06,-1.85,-20.763%,"3,672,188"
AGMH,AGM Group Holdings Inc. Class A Ordinary Shares,$0.7642,-0.0173,-2.214%,"3,665,390"
FGL,Founder Group Limited Class A Ordinary Shares,$4.41,-0.02,-0.451%,"3,663,365"
ELAB,PMGC Holdings Inc. Common Stock,$4.52,-0.01,-0.221%,"3,659,297"
CDTG,CDT Environmental Technology Investment Holdings Limited ordinary shares,$1.21,UNCH,--,"3,655,410"
HCWB,HCW Biologics Inc. Common Stock,$1.99,0.33,19.88%,"3,654,285"
GOVX,"GeoVax Labs, Inc. Common Stock",$0.3603,-0.0177,-4.683%,"3,640,064"
GBR,"New Concept Energy, Inc Common Stock",$0.7089,0.0182,2.635%,"3,638,028"
NXL,"Nexalin Technology, Inc. Common Stock",$4.3545,-0.4575,-9.507%,"3,611,622"
RIME,"Algorhythm Holdings, Inc. Common Stock",$0.1714,-0.0148,-7.948%,"3,610,789"
CETX,Cemtrex Inc. Common Stock,$2.05,-0.03,-1.442%,"3,528,339"
YYAI,AiRWA Inc. Common Stock,$0.7692,0.0313,4.242%,"3,524,411"
MGN,Megan Holdings Limited Class A Ordinary Shares,$3.81,-0.14,-3.544%,"3,524,250"
BRTX,"BioRestorative Therapies, Inc. Common Stock (NV)",$2.51,-0.09,-3.462%,"3,466,631"
REVB,"Revelation Biosciences, Inc. Common Stock",$0.8702,-0.0642,-6.871%,"3,466,369"
SBFM,Sunshine Biopharma Inc. Common Stock,$0.8001,-0.0757,-8.644%,"3,448,672"
TOPP,Toppoint Holdings Inc. Common Stock,$0.139,-0.003,-2.113%,"3,433,300"
LXEH,"Lixiang Education Holding Co., Ltd. American Depositary Shares",$1.79,0.20,12.579%,"3,430,834"
SXTC,"China SXT Pharmaceuticals, Inc. Class A Ordinary Shares",$2.55,0.04,1.594%,"3,369,764"
FRSX,Foresight Autonomous Holdings Ltd. American Depositary Shares,$1.13,-0.05,-4.237%,"3,367,753"
APVO,Aptevo Therapeutics Inc. Common Stock,$1.83,-0.06,-3.175%,"3,297,605"
BFRGW,"Bullfrog AI Holdings, Inc. Warrants",$0.1777,-0.0805,-31.177%,"3,294,851"
RDGT,"Ridgetech, Inc. Ordinary Shares",$0.9056,-0.0195,-2.108%,"3,286,911"
VRAX,Virax Biolabs Group Limited Ordinary Shares,$2.44,-0.11,-4.314%,"3,281,771"
PMAX,Powell Max Limited Class A Ordinary Shares,$1.65,0.7365,80.624%,"3,237,242"
INLF,INLIF LIMITED Class A Ordinary Shares,$2.95,0.04,1.375%,"3,216,379"
LESL,"Leslie's, Inc. Common Stock",$0.339,-0.0795,-18.996%,"3,174,896"
HTCR,"Heartcore Enterprises, Inc. Common Stock",$2.09,0.0592,2.915%,"3,167,036"
RDHL,Redhill Biopharma Ltd. American Depositary Shares,$0.5204,-0.0227,-4.18%,"3,164,511"
MASK,3 E Network Technology Group Ltd Class A Ordinary Shares,$0.8742,-0.0708,-7.492%,"3,163,804"
ISPC,iSpecimen Inc. Common Stock,$1.25,0.04,3.306%,"3,148,238"
SPRC,SciSparc Ltd. Ordinary Shares,$5.39,0.38,7.585%,"3,131,444"
NXAT,Nexus Advanced Technologies Inc. Ordinary Shares,$1.155,-0.015,-1.282%,"3,130,342"
XRTX,XORTX Therapeutics Inc. Common Shares,$1.72,0.02,1.176%,"3,124,492"
HUBC,Hub Cyber Security Ltd. Ordinary Shares,$2.33,-0.88,-27.414%,"3,115,317"
RBNE,Robin Energy Ltd. Common Stock,$2.33,-0.04,-1.688%,"3,104,252"
SILO,"Silo Pharma, Inc. Common Stock",$1.75,-0.02,-1.13%,"3,068,188"
CSAI,"Cloudastructure, Inc. Class A Common Stock",$3.53,0.06,1.729%,"3,062,176"
TNON,"Tenon Medical, Inc. Common Stock",$2.96,-0.31,-9.48%,"3,056,431"
XAIR,"Beyond Air, Inc. Common Stock",$3.17,0.16,5.316%,"3,035,690"
IZM,ICZOOM Group Inc. Class A Ordinary Shares,$1.25,-0.02,-1.575%,"3,004,528"
VTAK,"Catheter Precision, Inc. Common Stock",$0.1578,-0.0008,-0.504%,"2,993,789"
PRFX,PRF Technologies Ltd. Ordinary Shares,$0.9821,-0.0179,-1.79%,"2,987,381"
SGRX,SANGRIX INC. Class A Ordinary Shares,$1.56,-0.03,-1.887%,"2,968,646"
OCG,Oriental Culture Holding LTD Ordinary Shares,$1.53,-0.03,-1.923%,"2,965,617"
NUWE,"Nuwellis, Inc. Common Stock",$0.807,-0.042,-4.947%,"2,943,342"
BKYI,"BIO-key International, Inc. Common Stock",$2.04,-0.45,-18.072%,"2,930,142"
VVOS,"Vivos Therapeutics, Inc. Common Stock",$0.1455,-0.0034,-2.283%,"2,927,172"
GNPX,"Genprex, Inc. Common Stock",$3.52,-0.23,-6.133%,"2,885,376"
TCRT,"Alaunos Therapeutics, Inc. Common Stock",$1.13,-0.02,-1.739%,"2,877,733"
ARTL,"Artelo Biosciences, Inc. Common Stock",$5.17,-2.14,-29.275%,"2,831,992"
IPDN,"Professional Diversity Network, Inc. Common Stock",$4.17,-1.25,-23.063%,"2,776,432"
AMZE,"Amaze Holdings, Inc. Common Stock",$0.1328,-0.004,-2.924%,"2,765,450"
CIIT,"Tianci International, Inc. Common Stock",$2.785,0.17,6.501%,"2,694,184"
RUBI,Rubico Inc. Common Stock,$1.20,0.05,4.348%,"2,658,900"
ITP,"IT Tech Packaging, Inc. Common Stock",$0.155,-0.0073,-4.498%,"2,629,640"
GMEX,GMEX ROBOTICS CORPORATION Class A Ordinary Shares,$0.3864,-0.0411,-9.614%,"2,616,989"
MTNB,"Matinas Biopharma Holdings, Inc. Common Stock",$0.178,0.003,1.714%,"2,615,318"
PWCM,"PowerCompute, Inc. Common Stock",$1.08,-0.02,-1.818%,"2,615,190"
JEM,707 Cayman Holdings Limited Ordinary Shares,$3.68,-0.07,-1.867%,"2,558,855"
NXGL,"NexGel, Inc Common Stock",$0.262,-0.0062,-2.312%,"2,553,888"
BIVIW,BioVie Inc. Warrant,$0.30,UNCH,--,"2,535,344"
ELPW,Elong Power Holding Limited Class A Ordinary Shares,$2.68,0.01,0.375%,"2,497,999"
EXYNW,"Exyn Technologies, Inc. Warrant",$0.3121,-0.0479,-13.306%,"2,482,430"
PW,Power REIT (MD) Common Stock,$6.74,-0.12,-1.749%,"2,474,389"
COCHW,"Envoy Medical, Inc Warrant",$0.0317,0.0015,4.967%,"2,447,069"
FLYE,"Fly-E Group, Inc. Common Stock",$1.48,-0.05,-3.268%,"2,415,931"
PPBT,Purple Biotech Ltd. American Depositary Shares,$1.48,-0.005,-0.337%,"2,407,763"
ZEOWW,Zeo Energy Corporation Warrants,$0.0387,0.0105,37.234%,"2,406,501"
BETRW,Better Home & Finance Holding Company Warrant,$0.1245,-0.0254,-16.945%,"2,365,323"
IVF,"INVO Fertility, Inc. Common Stock",$0.9423,-0.0777,-7.618%,"2,362,317"
CDT,CDT Equity Inc. Common Stock,$0.121,-0.0139,-10.304%,"2,331,455"
GSUN,Golden Sun Technology Group Limited Class A Ordinary Shares,$0.232,-0.01,-4.132%,"2,326,698"
CHGA,Change Agents Corporation Common Stock,$2.06,-0.16,-7.207%,"2,307,645"
EDBL,Edible Garden AG Incorporated Common Stock,$1.18,-0.02,-1.667%,"2,302,781"
ASPSW,Altisource Portfolio Solutions S.A. Net Settle Stakeholder Warrants,$0.2001,-0.0229,-10.269%,"2,285,183"
OGEN,Oragenics Inc. Common Stock,$0.503,0.017,3.498%,"2,269,514"
KIDZ,KIDZ AI Inc. Class B Common Stock,$2.61,-0.205,-7.282%,"2,246,367"
ATPC,Agape ATP Corporation Common Stock,$2.24,UNCH,--,"2,241,402"
VSME,VS Media Holdings Limited Class A Ordinary Shares,$0.8073,-0.0234,-2.817%,"2,220,708"
IPST,"IP Strategy Holdings, Inc. Common Stock",$3.05,0.19,6.643%,"2,200,813"
VCIG,VCI Global Limited Ordinary Share,$1.72,0.08,4.878%,"2,178,373"
WHLR,"Wheeler Real Estate Investment Trust, Inc. Common Stock",$3.74,-1.70,-31.25%,"2,125,109"
NXTS,Nexentis Technologies Inc. Common Stock,$1.46,0.005,0.344%,"2,121,866"
PPCB,"Propanc Biopharma, Inc. Common Stock",$0.6018,-0.0262,-4.172%,"2,108,777"
ONFO,Onfolio Holdings Inc. Common Stock,$0.8349,0.0199,2.442%,"2,086,622"
GNLN,"Greenlane Holdings, Inc. Class A Common Stock",$2.99,0.28,10.332%,"2,076,687"
SHFS,"SHF Holdings, Inc. Class A Common Stock",$0.1671,0.0013,0.784%,"2,060,837"
GCTK,"GlucoTrack, Inc. Common Stock",$2.58,0.55,27.094%,"2,059,846"
WETO,Wetour Robotics Limited Ordinary Shares,$1.90,0.45,31.034%,"2,047,822"
RAYA,Erayak Power Solution Group Inc. Class A Ordinary Shares,$1.94,0.03,1.571%,"2,046,137"
SQFT,"Presidio Property Trust, Inc. Class A Common Stock",$1.41,0.04,2.92%,"2,022,549"
GCLWW,GCL Global Holdings Ltd Warrants,$0.015,-0.0037,-19.786%,"1,952,031"
STKH,Steakholder Foods Ltd. American Depositary Shares,$1.75,-0.08,-4.372%,"1,948,851"
IMCC,IM Cannabis Corp. Common Shares,$3.18,0.27,9.278%,"1,920,472"
TRUG,"TruGolf Holdings, Inc. Class A Common Stock",$0.4057,-0.0493,-10.835%,"1,871,274"
CRIS,"Curis, Inc. Common Stock",$0.8793,-0.0726,-7.627%,"1,837,805"
PFSA,"Profusa, Inc. Common Stock",$3.03,0.98,47.805%,"1,835,110"
YHC,LQR House Inc. Common Stock,$1.35,0.05,3.846%,"1,760,207"
DXF,"Eason Technology Limited American Depositary Shares (each representing sixty-thousand (60,000) Ordinary Shares)",$0.5393,0.0493,10.061%,"1,745,151"
CMND,Clearmind Medicine Inc. Common Shares,$0.8103,-0.0397,-4.671%,"1,738,264"
SMTK,"SmartKem, Inc. Common Stock",$1.64,-0.04,-2.381%,"1,698,710"
AKAN,Akanda Corp. Common Shares,$3.13,0.02,0.643%,"1,692,832"
IMTE,Integrated Media Technology Limited Ordinary Shares,$0.4868,-0.0202,-3.984%,"1,677,724"
CISS,C3is Inc. Common Stock,$1.12,0.02,1.818%,"1,666,526"
AIIOW,Robo.ai Inc. Warrant,$0.014,-0.0005,-3.448%,"1,666,498"
LNKS,Linkers Industries Limited Class A Ordinary Shares,$0.9994,-0.0206,-2.02%,"1,605,649"
MNDR,Mobile-health Network Solutions Class A Ordinary Shares,$1.34,-0.05,-3.597%,"1,600,680"
ASPSZ,Altisource Portfolio Solutions S.A. Cash Exercise Stakeholder Warrants,$0.14,-0.01,-6.667%,"1,598,829"
SSM,Sono Group N.V. Ordinary Shares,$1.12,-0.05,-4.274%,"1,595,814"
CRGOW,Freightos Limited Warrants,$0.0305,0.0024,8.541%,"1,588,241"
SKYAW,"SkyAI, Inc. Warrant",$0.035,UNCH,--,"1,513,663"
HLSQ,Tessera Defense and Homeland Security Inc. Common Stock,$0.528,-0.022,-4.00%,"1,510,080"
LRHC,La Rosa Holdings Corp. Common Stock,$2.63,-0.04,-1.498%,"1,498,151"
MYSZ,"My Size, Inc. Common Stock",$1.78,-0.10,-5.319%,"1,489,743"
SLXN,Silexion Therapeutics Corp Ordinary Shares,$0.257,-0.0583,-18.49%,"1,479,259"
MSS,Maison Solutions Inc. Class A Common Stock,$1.72,-0.38,-18.095%,"1,471,183"
LBGJ,Li Bang International Corporation Class A Ordinary Shares,$2.13,-0.02,-0.93%,"1,463,789"
MOBXW,"Mobix Labs, Inc Warrants",$0.08,-0.0121,-13.138%,"1,436,164"
IPW,iPower Inc. Common Stock,$1.22,-0.02,-1.613%,"1,421,601"
UK,Ucommune International Ltd Class A Ordinary Shares,$2.095,0.125,6.345%,"1,420,307"
OXBRW,Oxbridge Re Holdings Limited Warrant expiring 3/26/2029,$0.1712,-0.0288,-14.40%,"1,393,324"
PGYWW,Pagaya Technologies Ltd. Warrants,$0.0167,0.0003,1.829%,"1,393,212"
BGLWW,Blue Gold Limited Warrant,$0.034,0.004,13.333%,"1,388,484"
OLOX,Olenox Industries Inc. Common Stock,$0.8294,-0.006,-0.718%,"1,376,262"
BBLG,Bone Biologics Corp Common Stock,$0.4912,-0.0151,-2.982%,"1,353,775"
SABSW,"SAB Biotherapeutics, Inc. Warrant",$0.0148,0.0008,5.714%,"1,346,598"
NIVF,NewGenIvf Group Limited Class A Ordinary Shares,$0.541,-0.0488,-8.274%,"1,307,830"
FCHL,Fitness Champs Holdings Limited Common Stock,$0.9701,-0.0499,-4.892%,"1,279,312"
DRCT,"Direct Digital Holdings, Inc. Class A Common Stock",$1.58,-0.03,-1.863%,"1,268,309"
BCGWW,"Binah Capital Group, Inc. Warrants",$0.0725,UNCH,--,"1,236,859"
EDVA,"Endovia Health Sciences, Inc. Common Stock",$0.1896,-0.0155,-7.557%,"1,215,814"
MI,NFT Limited Class A Ordinary Share,$2.31,-0.10,-4.149%,"1,179,784"
FUSEW,Fusemachines Inc. Warrants,$0.0401,UNCH,--,"1,162,311"
JZ,Jianzhi Education Technology Group Company Limited American Depositary Shs,$0.47,-0.0236,-4.781%,"1,131,907"
SUGP,SU Group Holdings Limited Class A Ordinary Shares,$0.47,-0.0095,-1.981%,"1,093,455"
HAO,Haoxi Health Technology Limited Class A Ordinary Shares,$2.97,-0.19,-6.013%,"1,087,394"
XXII,"22nd Century Group, Inc. Common Stock",$1.51,-0.83,-35.47%,"1,078,131"
LGCL,Lucas GC Limited Class A Ordinary Shares,$3.05,-0.11,-3.481%,"1,044,085"
HOLOW,MicroCloud Hologram Inc. Warrant,$0.0447,UNCH,--,"1,024,182"
ARBEW,Arbe Robotics Ltd. Warrant,$0.008,0.0015,23.077%,"1,019,232"
SCNI,Scinai Immunotherapeutics Ltd. American Depositary Shares,$1.86,-0.12,-6.061%,"932,504"
YMT,Yimutian Inc. American Depositary Shares,$1.78,-0.06,-3.261%,"848,296"
NEXR,Nexera Technologies Ltd Ordinary Shares,$1.51,0.02,1.342%,"841,771"
VGASW,"Verde Clean Fuels, Inc. Warrant",$0.0187,-0.0073,-28.077%,"833,078"
ILLRW,Triller Group Inc. Warrant,$0.0392,-0.0054,-12.108%,"803,105"
AIMDW,"Ainos, Inc. Warrants",$0.09,0.0155,20.805%,"768,967"
RKDA,"Arcadia Biosciences, Inc. Common Stock",$0.316,-0.11,-25.822%,"761,311"
ABLVW,Able View Global Inc. Warrant,$0.0131,UNCH,--,"723,393"
WALDW,Waldencast plc Warrant ,$0.0056,0.0002,3.704%,"720,165"
BDRX,Biodexa Pharmaceuticals plc American Depositary Shs,$0.675,-0.0144,-2.089%,"694,620"
SCAGW,Scage Future Warrants,$0.0076,0.0001,1.333%,"551,833"
BEATW,"Heartbeam, Inc. Warrant",$0.0097,UNCH,--,"546,587"
SCLXW,Scilex Holding Company Warrant,$0.0627,UNCH,--,"532,511"
ASTLW,Algoma Steel Group Inc. Warrant,$0.005,-0.008,-61.538%,"526,943"
RMSGW,Real Messenger Corporation Warrants,$0.0322,UNCH,--,"520,631"
MRNOW,Murano Global Investments PLC Warrants,$0.0065,-0.0022,-25.287%,"515,079"
BNCWW,CEA Industries Inc. Warrant,$0.0124,UNCH,--,"510,556"
BNAIW,Brand Engagement Network Inc. Warrant,$0.0649,0.005,8.347%,"486,957"
MTEKW,Maris-Tech Ltd. Warrants,$0.0502,-0.0199,-28.388%,"486,871"
BZFDW,"BuzzFeed, Inc. Warrant",$0.0055,0.0005,10.00%,"467,691"
COOTW,Australian Oilseeds Holdings Limited Warrant,$0.014,-0.0028,-16.667%,"420,960"
TVGNW,Tevogen Inc. Warrant,$0.0607,UNCH,--,"395,250"
BIAFW,"bioAffinity Technologies, Inc. Warrant",$0.32,UNCH,--,"373,320"
GFAIW,"Guardforce AI Co., Limited Warrant",$0.0114,0.0044,62.857%,"357,884"
LGHL,Lion Group Holding Ltd. American Depositary Share,$7.36,0.21,2.937%,"339,620"
BTBDW,"BT Brands, Inc. Warrant",$0.05,0.0001,0.20%,"309,236"
LUCYW,"Innovative Eyewear, Inc. Series A Warrants 8/16/27",$0.0353,UNCH,--,"303,905"
BFRIW,Biofrontera Inc. Warrants,$0.0201,0.0001,0.50%,"298,532"
IVDAW,"Iveda Solutions, Inc. Warrant",$0.0211,-0.0115,-35.276%,"264,151"
SWVLW,Swvl Holdings Corp Warrant,$0.0088,0.0012,15.789%,"263,998"
DFLIW,Dragonfly Energy Holdings Corp. Warrant,$0.0169,UNCH,--,"253,142"
AIXI,XIAO-I Corporation American Depositary Shares,$1.88,-0.02,-1.053%,"247,244"
NCPLW,Netcapital Inc. Warrants,$0.03,-0.0028,-8.537%,"235,437"
SEATW,Vivid Seats Inc. Warrant,$0.0201,-0.0019,-8.636%,"235,414"
CDTTW,CDT Equity Inc. Warrant,$0.012,-0.0008,-6.25%,"231,219"
FRGT,"Freight Technologies, Inc. Ordinary Shares",$0.40,-0.09,-18.367%,"228,850"
HSCSW,HeartSciences Inc. Warrant,$0.0437,UNCH,--,"209,768"
NVNIW,Nvni Group Limited Warrants,$0.0168,-0.0006,-3.448%,"196,428"
PRENW,Prenetics Global Limited Warrant,$0.0106,UNCH,--,"179,540"
DFNSW,T3 Defense Inc. Warrants,$0.0604,UNCH,--,"171,554"
NRSNW,NeuroSense Therapeutics Ltd. Warrant,$0.09,0.0201,28.755%,"170,721"
BENFW,Beneficient Warrant,$0.0107,-0.0032,-23.022%,"165,376"
CYCUW,"Cycurion, Inc. Warrant",$0.0499,0.0019,3.958%,"161,179"
ZOOZW,ZOOZ Strategy Ltd. Warrant,$0.0166,UNCH,--,"132,959"
GGROW,Gogoro Inc. Warrant,$0.0063,0.0017,36.957%,"129,878"
NXGLW,"NexGel, Inc Warrant",$0.0124,-0.0006,-4.615%,"120,871"
VWAVW,"VisionWave Holdings, Inc. Warrant",$0.05,0.0095,23.457%,"118,689"
SHFSW,"SHF Holdings, Inc. Warrants",$0.0093,-0.0037,-28.462%,"114,696"
PDYNW,Palladyne AI Corp Warrants,$0.0022,0.0014,175.00%,"108,545"
VEEAW,Veea Inc. Warrant,$0.0329,-0.0028,-7.843%,"102,342"
DFSCW,DEFSEC Technologies Inc. Warrant,$0.0155,UNCH,--,"101,821"
AMODW,"Alpha Modus Holdings, Inc. Warrant",$0.0179,UNCH,--,"89,254"
SXTPW,"60 Degrees Pharmaceuticals, Inc. Warrant",$0.0253,-0.0017,-6.296%,"88,980"
PBMWW,Psyence Biomedical Ltd. Warrant,$0.0231,-0.0111,-32.456%,"88,111"
SWAGW,"Stran & Company, Inc. Warrant",$0.0044,0.0009,25.714%,"82,014"
CXAIW,CXApp Inc. Warrant,$0.035,0.0006,1.744%,"81,809"
EUDAW,EUDA Health Holdings Limited Warrant,$0.027,-0.0029,-9.699%,"80,847"
KITTW,"Nauticus Robotics, Inc. Warrant",$0.0106,-0.0022,-17.188%,"79,203"
ICUCW,SeaStar Medical Holding Corporation Warrant,$0.0164,UNCH,--,"72,272"
ANGHW,Anghami Inc. Warrants,$0.0076,UNCH,--,"68,893"
DSYWW,Big Tree Cloud Holdings Limited Warrants,$0.0141,-0.0014,-9.032%,"67,001"
ERNAW,Ernexa Therapeutics Inc. Warrants,$0.035,0.0035,11.111%,"57,134"
MSAIW,"MultiSensor AI Holdings, Inc. Warrant",$0.0244,0.0043,21.393%,"53,818"
SAIHW,SAIHEAT Limited Warrant,$0.0297,-0.0001,-0.336%,"53,768"
PARAW,"Banzai International, Inc. Warrant",$0.0137,0.0047,52.222%,"48,648"
NIVFW,NewGenIvf Group Limited Warrants,$0.0193,UNCH,--,"46,656"
PIIIW,P3 Health Partners Inc. Warrant,$0.0063,0.0001,1.613%,"45,744"
CTNT,Cheetah Net Supply Chain Service Inc Class A Common Stock,$0.0321,-0.0063,-16.406%,"42,802"
ONFOW,Onfolio Holdings Inc. Warrant,$0.0137,-0.0019,-12.179%,"34,240"
RVSNW,Rail Vision Ltd. Warrant,$0.013,-0.002,-13.333%,"28,498"
ASBPW,"Aspire-Lakewood Holdings, Inc. Warrant",$0.0198,UNCH,--,"27,771"
REVBW,"Revelation Biosciences, Inc. Warrant",$0.0065,-0.0025,-27.778%,"25,892"
HUBCZ,Hub Cyber Security Ltd. Warrant ,$0.016,UNCH,--,"21,393"
SQFTW,"Presidio Property Trust, Inc. Series A Common Stock Purchase Warrants",$0.012,UNCH,--,"17,213"
SMXWW,SMX (Security Matters) Public Limited Company Warrant,$0.0155,-0.0005,-3.125%,"16,873"
DAICW,"CID HoldCo, Inc. Warrants",$0.0065,-0.0011,-14.474%,"12,757"
MLECW,Moolec Science SA Warrant,$0.0173,UNCH,--,"12,562"
HUBCW,Hub Cyber Security Ltd. Warrant 2/27/28,$0.0084,-0.001,-10.638%,"11,231"
LTRYW,Sports Entertainment Gaming Global Corporation Warrants,$0.0027,-0.0007,-20.588%,"8,801"
KIDZW,KIDZ AI Inc. Warrants,$0.009,0.0003,3.448%,"7,746"
TNONW,"Tenon Medical, Inc. Warrant",$0.0056,UNCH,--,"5,782"
AACI,Armada Acquisition Corp. III Class A Ordinary Share,$10.05,0.01,0.10%,NA
AACIW,Armada Acquisition Corp. III Warrant,$0.2209,-0.0072,-3.157%,NA
AACO,Abony Acquisition Corp. I Class A Ordinary Share,$10.00,UNCH,--,NA
AACOU,Abony Acquisition Corp. I Units,$10.10,0.04,0.398%,NA
AACP,Apogee Acquisition Corp Class A Ordinary Shares,$10.10,UNCH,--,NA
ABR^D,"Arbor Realty Trust 6.375% Series D Cumulative Redeemable Preferred Stock, Liquidation Preference $25.00 per Share",$15.20,-0.07,-0.458%,NA
ABR^E,Arbor Realty Trust 6.25% Series E Cumulative Redeemable Preferred Stock,$15.01,-0.12,-0.793%,NA
ABR^F,"Arbor Realty Trust 6.25% Series F Fixed-to-Floating Rate Cumulative Redeemable Preferred Stock, Liquidation Preference $25.00 per share",$21.60,-0.22,-1.008%,NA
ACAA,Averin Capital Acquisition Corp. Class A Ordinary Shares,$10.02,0.0399,0.40%,NA
ACGC,ACP Holdings Acquisition Corp. Class A Ordinary Shares,$10.055,-0.005,-0.05%,NA
ACGCU,ACP Holdings Acquisition Corp. Units,$10.25,0.1299,1.284%,NA
ACGCW,ACP Holdings Acquisition Corp. Warrants,$0.43,0.01,2.381%,NA
ACP,abrdn Income Credit Strategies Fund Common Shares,$4.46,-0.04,-0.889%,NA
ACP^A,abrdn Income Credit Strategies Fund 5.250% Series A Perpetual Preferred Stock,$18.36,0.08,0.438%,NA
ACR^C,ACRES Commercial Realty Corp. 8.625% Fixed-to-Floating Series C Cumulative Redeemable Preferred Stock ,$23.79,-0.095,-0.398%,NA
ACR^D,ACRES Commercial Realty Corp. 7.875% Series D Cumulative Redeemable Preferred Stock,$18.8701,-0.3799,-1.974%,NA
ADAC,American Drive Acquisition Company Class A Ordinary Shares,$10.12,UNCH,--,NA
ADACW,American Drive Acquisition Company Warrant,$0.37,UNCH,--,NA
ADAMG,"Adamas Trust, Inc. 9.125% Senior Notes Due 2030",$24.99,-0.01,-0.04%,NA
ADAMH,"Adamas Trust, Inc. 9.875% Senior Notes Due 2030",$25.16,UNCH,--,NA
ADAMK,"Adamas Trust, Inc. 9.600% Senior Notes Due 2031 ",$25.085,0.003,0.012%,NA
ADAMO,"Adamas Trust, Inc. 9.250% Senior Notes Due 2031",$24.874,0.014,0.056%,NA
ADC^A,"Agree Realty Corporation Depositary Shares, each representing 1/1,000th of a 4.250% Series A Cumulative Redeemable Preferred Stock",$15.52,-0.24,-1.523%,NA
ADX,Adams Diversified Equity Fund Inc.,$25.80,-0.12,-0.463%,NA
AEAQ,Activate Energy Acquisition Corp. Class A Ordinary Share,$10.08,UNCH,--,NA
AEFC,Aegon Funding Company LLC 5.10% Subordinated Notes due 2049,$17.86,-0.18,-0.998%,NA
AESP,Aeon Acquisition I Corp. Class A Ordinary Shares,$9.97,UNCH,--,NA
AESPR,Aeon Acquisition I Corp. Rights,$0.19,0.01,5.556%,NA
AESPU,Aeon Acquisition I Corp. Units,$10.1701,0.0001,0.001%,NA
AEXA,American Exceptionalism Acquisition Corp. A Class A Ordinary Shares,$11.19,-0.01,-0.089%,NA
AFB,AllianceBernstein National Municipal Income Fund Inc,$9.77,-0.10,-1.013%,NA
AFJK,"Aimei Health Technology Co., Ltd Ordinary Share",$12.1849,0.0449,0.37%,NA
AFJKR,"Aimei Health Technology Co., Ltd Right",$0.087,-0.003,-3.333%,NA
AGD,abrdn Global Dynamic Dividend Fund Common Shares of Beneficial Interest,$11.86,0.02,0.169%,NA
AGM^D,"Federal Agricultural Mortgage Corporation 5.700% Non-Cumulative Preferred Stock, Series D",$20.17,-0.2499,-1.224%,NA
AGM^E,"Federal Agricultural Mortgage Corporation 5.750% Non-Cumulative Preferred Stock, Series E",$19.98,-0.22,-1.089%,NA
AGM^F,"Federal Agricultural Mortgage Corporation 5.250% Non-Cumulative Preferred Stock, Series F",$18.29,-0.08,-0.435%,NA
AGM^G,"Federal Agricultural Mortgage Corporation 4.875% Non-Cumulative Preferred Stock, Series G",$17.0599,0.1199,0.708%,NA
AGM^H,"Federal Agricultural Mortgage Corporation 6.500% Non-Cumulative Preferred Stock, Series H",$21.8101,-0.3099,-1.401%,NA
AGM^I,"Federal Agricultural Mortgage Corporation 6.875% Non-Cumulative Preferred Stock, Series I",$24.05,-0.32,-1.313%,NA
AHL^D,Aspen Insurance Holdings Limited 5.625% Perpetual Non-Cumulative Preference Shares,$17.90,0.05,0.28%,NA
AHL^E,"Aspen Insurance Holdings Limited Depositary Shares, each representing a 1/1000th interest in a share of 5.625% Perpetual Non-Cumulative Preference Shares",$17.59,0.01,0.057%,NA
AHL^F,"Aspen Insurance Holdings Limited Depositary Shares, each representing a 1/1,000th Interest in a 7.00% Perpetual Non-Cumulative Preference Share",$22.68,-0.02,-0.088%,NA
AHRT^A,"AH Realty Trust, Inc. 6.75% Series A Cumulative Redeemable Perpetual Preferred Stock",$20.2387,-0.6214,-2.979%,NA
AHT^D,Ashford Hospitality Trust Inc 8.45% Series D Cumulative Preferred Stock,$5.1668,-0.2332,-4.319%,NA
AHT^F,Ashford Hospitality Trust Inc 7.375% Series F Cumulative Preferred Stock,$5.20,-0.05,-0.952%,NA
AHT^G,Ashford Hospitality Trust Inc 7.375% Series G Cumulative Preferred Stock,$4.50,-0.13,-2.808%,NA
AHT^H,Ashford Hospitality Trust Inc 7.50% Series H Cumulative Preferred Stock,$4.6464,0.0264,0.571%,NA
AHT^I,Ashford Hospitality Trust Inc 7.50% Series I Cumulative Preferred Stock,$4.67,UNCH,--,NA
AIIA,AI Infrastructure Acquisition Corp. Class A Ordinary Shares,$10.28,UNCH,--,NA
AKO/A,Embotelladora Andina S.A.,$25.97,2.76,11.891%,NA
AKO/B,Embotelladora Andina S.A.,$30.29,-0.31,-1.013%,NA
ALB^A,Albemarle Corporation Depositary Shares each representing a 1/20th of 7.25% Series A Mandatory Convertible Preferred Stock,$46.05,-1.32,-2.787%,NA
ALDF,Aldel Financial II Inc. Class A Ordinary Shares,$10.83,0.01,0.092%,NA
ALDFU,Aldel Financial II Inc. Units,$10.94,0.04,0.367%,NA
ALDFW,Aldel Financial II Inc. Warrants,$0.2301,UNCH,--,NA
ALF,Centurion Acquisition Corp. Class A Ordinary Shares,$10.92,UNCH,--,NA
ALFUW,Centurion Acquisition Corp. Warrant,$0.27,UNCH,--,NA
ALIS,Calisa Acquisition Corp Ordinary shares,$10.34,UNCH,--,NA
ALISR,Calisa Acquisition Corp Right,$0.80,UNCH,--,NA
ALL^B,Allstate Corporation (The) 5.100% Fixed-to-Floating Rate Subordinated Debentures due 2053,$25.77,-0.03,-0.116%,NA
ALL^H,"Allstate Corporation (The) Depositary Shares each representing a 1/1,000th interest in a share of Fixed Rate Noncumulative Perpetual Preferred Stock, Series H",$18.54,0.08,0.433%,NA
ALL^I,"Allstate Corporation (The) Depositary Shares each representing a 1/1,000th interest in a share of Fixed Rate Noncumulative Perpetual Preferred Stock, Series I",$17.26,-0.04,-0.231%,NA
ALL^J,"Allstate Corporation (The) Depositary Shares each representing a 1/1,000th interest in a share of Fixed Rate Noncumulative Perpetual Preferred Stock, Series J",$26.12,UNCH,--,NA
ALOV,"Aldabra 4 Liquidity Opportunity Vehicle, Inc. Class A Ordinary Shares",$10.00,-0.04,-0.398%,NA
ALOVW,"Aldabra 4 Liquidity Opportunity Vehicle, Inc. Warrants",$0.3684,UNCH,--,NA
ALPX,Alpex Acquisition Corporation Class A Ordinary Shares,$9.95,UNCH,--,NA
ALTG^A,Alta Equipment Group Inc. Depositary Shares (each representing 1/1000th in a share of 10% Series A Cumulative Perpetual Preferred Stock),$25.41,-0.2518,-0.981%,NA
ALUB,Alussa Energy Acquisition Corp. II Class A Ordinary Shares,$10.12,UNCH,--,NA
AMAC,AMR Resources Acquisition Corp Class A Ordinary Shares,$9.79,-0.01,-0.102%,NA
AMACU,AMR Resources Acquisition Corp Units,$9.92,UNCH,--,NA
AMACW,AMR Resources Acquisition Corp Warrants,$0.26,UNCH,--,NA
AMAN,Amanat Acquisition Corp Class A Ordinary Shares,$10.64,-0.04,-0.375%,NA
AMH^G,American Homes 4 Rent Series G cumulative redeemable perpetual preferred shares of beneficial interest,$20.7201,-0.4318,-2.041%,NA
AMH^H,American Homes 4 Rent Series H cumulative redeemable perpetual Preferred Shares of Beneficial Interest,$21.85,-0.32,-1.443%,NA
ANG^D,"American National Group Inc. Depositary Shares, each representing a 1/1000th interest in a share of 7.375% Fixed-Rate Non-Cumulative Preferred Stock, Series D",$23.89,UNCH,--,NA
AOD,abrdn Total Dynamic Dividend Fund Common Shares of Beneficial Interest,$10.24,-0.11,-1.063%,NA
AOMD,"Angel Oak Mortgage REIT, Inc. 9.750% Senior Notes due 2030",$25.08,-0.095,-0.377%,NA
AOMN,"Angel Oak Mortgage REIT, Inc. 9.500% Senior Notes due 2029",$25.2406,-0.1194,-0.471%,NA
APAC,StoneBridge Acquisition II Corporation Class A Ordinary Shares,$10.26,UNCH,--,NA
APMC,AmperCap Acquisition Company Ordinary Shares,$9.96,UNCH,--,NA
APMCU,AmperCap Acquisition Company Unit,$10.03,0.01,0.10%,NA
APUR,Aperture AC Class A Ordinary Shares,$10.03,UNCH,--,NA
APURR,Aperture AC Rights,$0.3002,-0.0139,-4.425%,NA
APXT,Apex Treasury Corporation Class A Ordinary Share,$10.14,0.01,0.099%,NA
APXTW,Apex Treasury Corporation Warrants,$0.2901,UNCH,--,NA
ARCI,Archimedes Tech SPAC Partners III Co. Ordinary Share,$10.10,UNCH,--,NA
ARCIU,Archimedes Tech SPAC Partners III Co. Units,$10.2451,-0.0549,-0.533%,NA
ARCL,ARC Group Acquisition I Corp Class A Ordinary Shares,$9.99,UNCH,--,NA
ARCLR,ARC Group Acquisition I Corp Right,$0.1358,-0.0158,-10.422%,NA
ARCLU,ARC Group Acquisition I Corp Unit,$10.20,-0.02,-0.196%,NA
ARES^B,Ares Management Corporation 6.75% Series B Mandatory Convertible Preferred Stock,$38.96,-0.42,-1.067%,NA
ARR^C,"ARMOUR Residential REIT, Inc. 7% Series C Cumulative Redeemable Preferred Stock (liquidation preference $25.00 per share)",$19.87,-0.20,-0.997%,NA
ARTC,Art Technology Acquisition Corp. Class A Ordinary Shares,$10.00,0.028,0.281%,NA
ARTCU,Art Technology Acquisition Corp. Units,$10.09,UNCH,--,NA
ASB^E,"Associated Banc-Corp Depositary Shares, each representing a 1/40th interest in a share of 5.875% Non-Cumulative Perpetual Preferred Stock, Series E",$19.245,-0.03,-0.156%,NA
ASB^F,"Associated Banc-Corp Depositary Shares, each representing a 1/40th interest in a share of Associated Banc-Corp 5.625% Non-Cumulative Perpetual Preferred Stock, Series F",$18.79,0.03,0.16%,NA
ASG,"Liberty All-Star Growth Fund, Inc.",$5.04,-0.03,-0.592%,NA
ASGI,abrdn Global Infrastructure Income Fund Common Shares of Beneficial Interest,$19.44,0.13,0.673%,NA
ASPC,A SPAC III Acquisition Corp. Class A Ordinary Shares,$10.81,-0.0001,-0.001%,NA
ATH^A,"Athene Holding Ltd. Depositary Shares, Each Representing a 1/1,000th Interest in a 6.35% Fixed-to-Floating Rate Perpetual Non-Cumulative Preference Share, Series A",$23.51,-0.29,-1.218%,NA
ATH^B,"Athene Holding Ltd. Depositary Shares, Each Representing a 1/1,000th Interest in a 5.625% Fixed Rate Perpetual Non- Cumulative Preference Share, Series B, par value $1.00 per share",$17.25,-0.3699,-2.099%,NA
ATH^D,"Athene Holding Ltd. Depositary Shares, Each Representing a 1/1,000th Interest in a 4.875% Fixed-Rate Perpetual Non-Cumulative Preference Share, Series D",$15.21,-0.13,-0.847%,NA
ATH^E,"Athene Holding Ltd. Depositary Shares, Each Representing a 1/1,000th Interest in a 7.750% Fixed-Rate Reset Perpetual Non-Cumulative Preference Share, Series E",$25.00,0.05,0.20%,NA
ATII,Archimedes Tech SPAC Partners II Co. Ordinary Shares,$10.685,0.005,0.047%,NA
ATIIU,Archimedes Tech SPAC Partners II Co. Unit,$11.30,UNCH,--,NA
ATIIW,Archimedes Tech SPAC Partners II Co. Warrant,$1.32,-0.025,-1.859%,NA
ATLQ,JAB Acquisition Corp I Class A Ordinary Shares,$9.98,0.02,0.201%,NA
ATLQW,JAB Acquisition Corp I Warrants,$0.04,-0.0099,-19.84%,NA
AUB^A,"Atlantic Union Bankshares Corporation Depositary Shares each representing a 1/400th ownership interest in a share of 6.875% Perpetual Non-Cumulative Preferred Stock, Series A",$23.45,-0.19,-0.804%,NA
AVK,Advent Convertible and Income Fund,$11.74,-0.11,-0.928%,NA
AWF,Alliancebernstein Global High Income Fund,$9.70,-0.09,-0.919%,NA
AWP,abrdn Global Premier Properties Fund Common Shares of Beneficial Interest,$10.66,-0.03,-0.281%,NA
AXIN,Axiom Intelligence Acquisition Corp 1 Class A Ordinary Shares,$10.34,-0.01,-0.097%,NA
AXINR,Axiom Intelligence Acquisition Corp 1 Right,$0.1849,-0.0024,-1.281%,NA
AXINU,Axiom Intelligence Acquisition Corp 1 Units,$10.53,UNCH,--,NA
AXS^E,"Axis Capital Holdings Limited Depositary Shares, each representing 1/100th interest in a share of a 5.50% Series E Preferred Shares",$17.82,-0.04,-0.224%,NA
BA^A,"Boeing Company (The) Depositary Shares, each representing a 1/20th interest in a share of 6.00% Series A Mandatory Convertible Preferred Stock, par value $1.00",$61.60,-0.13,-0.211%,NA
BAC^B,"Bank of America Corporation Depositary Shares, each representing a 1/1,000th interest in a share of 6.000% Non-Cumulative Preferred Stock, Series GG",$22.89,-0.02,-0.087%,NA
BAC^E,Bank of America Corporation Depositary Sh repstg 1/1000th Perp Pfd Ser E,$18.64,0.03,0.161%,NA
BAC^K,"Bank of America Corporation Depositary Shares, each representing a 1/1,000th interest in a share of 5.875% Non- Cumulative Preferred Stock, Series HH",$22.29,-0.14,-0.624%,NA
BAC^L,Bank of America Corporation Non Cumulative Perpetual Conv Pfd Ser L,"$1,230.00",-0.02,-0.002%,NA
BAC^M,"Bank of America Corporation Depositary Shares, each representing a 1/1,000th interest in a share of 5.375% Non-Cumulative Preferred Stock, Series KK",$19.77,0.02,0.101%,NA
BAC^N,"Bank of America Corporation Depositary shares, each representing 1/1,000th interest in a share of 5.000% Non-Cumulative Preferred Stock, Series LL",$18.44,-0.0686,-0.371%,NA
BAC^O,"Bank of America Corporation Depositary shares, each representing 1/1,000th interest in a share of 4.375% Non-Cumulative Preferred Stock, Series NN",$16.25,-0.09,-0.551%,NA
BAC^P,"Bank of America Corporation Depositary Shares, each representing a 1/1,000th interest in a share of 4.125% Non-Cumulative Preferred Stock, Series PP",$15.64,0.01,0.064%,NA
BAC^Q,"Bank of America Corporation Depositary shares, each representing 1/1,000th interest in a share of 4.250% Non-Cumulative Preferred Stock, Series QQ",$15.75,-0.11,-0.694%,NA
BAC^S,"Bank of America Corporation Depositary shares, each representing 1/1,000th interest in a share of 4.750% Non-Cumulative Preferred Stock, Series SS",$17.68,-0.11,-0.618%,NA
BACC,Blue Acquisition Corp. Class A Ordinary Shares,$10.50,UNCH,--,NA
BACCR,Blue Acquisition Corp. Right ,$0.5003,UNCH,--,NA
BANC^F,"Banc of California, Inc. Depositary Shares, each representing a 1/40th interest in a share of 7.75% non-cumulative perpetual preferred stock, Series F",$24.85,UNCH,--,NA
BBN,BlackRock Taxable Municipal Bond Trust Common Shares of Beneficial Interest,$14.36,-0.29,-1.98%,NA
BC^C,Brunswick Corporation 6.375% Notes due 2049,$23.40,-0.35,-1.474%,NA
BCCQ,Bleichroeder Acquisition Corp. III Class A Ordinary Shares,$9.971,-0.024,-0.24%,NA
BCCQU,Bleichroeder Acquisition Corp. III Units,$10.21,-0.04,-0.39%,NA
BCCQW,Bleichroeder Acquisition Corp. III Warrant,$0.9274,0.0274,3.044%,NA
BCSS,Bain Capital GSS Investment Corp. Class A Ordinary Shares,$10.29,-0.02,-0.194%,NA
BCV,"Bancroft Fund, Ltd.",$24.025,-0.1249,-0.517%,NA
BCV^A,Bancroft Fund Limited 5.375% Series A Cumulative Preferred Shares,$19.19,-0.11,-0.57%,NA
BDCI,BTC Development Corp. Class A Ordinary Shares,$10.155,0.005,0.049%,NA
BDCIW,BTC Development Corp. Warrant,$0.3951,0.0051,1.308%,NA
BEAG,Bold Eagle Acquisition Corp. Class A Ordinary Shares,$10.71,-0.01,-0.093%,NA
BEAGR,Bold Eagle Acquisition Corp. Right,$0.24,UNCH,--,NA
BEAGU,Bold Eagle Acquisition Corp. Units,$11.22,UNCH,--,NA
BEP^A,"Brookfield Renewable Partners L.P. 5.25% Class A Preferred Limited Partnership Units, Series 17",$16.26,-0.23,-1.395%,NA
BF/A,Brown Forman Corporation,$26.40,-0.22,-0.826%,NA
BF/B,Brown Forman Corporation,$26.00,-0.29,-1.103%,NA
BFH^A,"Bread Financial Holdings, Inc. Depositary Shares, each representing a 1/40th interest in a share of 8.625% Non-Cumulative Perpetual Preferred Stock, Series A",$24.25,-0.08,-0.329%,NA
BFH^B,"Bread Financial Holdings, Inc. Depositary Shares, each representing a 1/40th interest in a share of 8.875% Fixed Rate Reset Non-Cumulative Perpetual Preferred Stock, Series B",$24.62,-0.07,-0.284%,NA
BFS^D,"Saul Centers, Inc. Depositary Shares, each representing 1/100th of a share of 6.125% Series D Cumulative Redeemable Preferred Stock",$19.23,-0.51,-2.584%,NA
BFS^E,"Saul Centers, Inc. Depositary shares, each representing a 1/100th fractional interest in a share of 6.000% Series E Cumulative Redeemable Preferred Stock",$18.86,-0.37,-1.924%,NA
BGB,Blackstone Strategic Credit 2027 Term Fund Common Shares of Beneficial Interest,$11.06,-0.16,-1.426%,NA
BGH,Barings Global Short Duration High Yield Fund Common Shares of Beneficial Interests,$13.11,-0.33,-2.455%,NA
BGT,BlackRock Floating Rate Income Trust,$10.44,-0.20,-1.88%,NA
BGX,Blackstone Long Short Credit Income Fund Common Shares,$10.51,-0.01,-0.095%,NA
BGY,Blackrock Enhanced International Dividend Trust,$5.72,-0.04,-0.694%,NA
BHAV,BHAV Acquisition Corp Class A Ordinary Shares,$10.02,-0.01,-0.10%,NA
BHAVR,BHAV Acquisition Corp Rights,$0.1501,-0.0013,-0.859%,NA
BHAVU,BHAV Acquisition Corp Units,$10.15,-0.375,-3.563%,NA
BHK,Blackrock Core Bond Trust,$8.26,-0.06,-0.721%,NA
BHR^B,"Braemar Hotels & Resorts Inc. 5.50% Series B Cumulative Convertible Preferred Stock, par value $0.01 per share",$12.85,-0.32,-2.43%,NA
BHR^D,"Braemar Hotels & Resorts Inc. 8.25% Series D Cumulative Preferred Stock,  par value $0.01 per share",$17.06,-0.11,-0.641%,NA
BHV,BlackRock Virginia Municipal Bond Trust,$12.58,-0.0368,-0.292%,NA
BID,Tribeca Strategic Acquisition Corp. Class A Ordinary Shares,$9.925,UNCH,--,NA
BIII,Black Spade Acquisition III Co Class A Ordinary Shares,$10.045,-0.005,-0.05%,NA
BIO/B,"Bio-Rad Laboratories, Inc.",$365.08,UNCH,--,NA
BIP^A,"Brookfield Infrastructure Partners LP 5.125% Class A Preferred Limited Partnership Units, Series 13",$16.53,-0.0723,-0.435%,NA
BIP^B,"Brookfield Infrastructure Partners LP 5.000% Class A Preferred Limited Partnership Units, Series 14",$16.33,-0.0101,-0.062%,NA
BIT,BlackRock Multi-Sector Income Trust Common Shares of Beneficial Interest,$11.19,-0.08,-0.71%,NA
BIXI,Bitcoin Infrastructure Acquisition Corp Ltd. Class A Ordinary Shares,$10.15,UNCH,--,NA
BIXIW,Bitcoin Infrastructure Acquisition Corp Ltd. Warrant,$0.3801,UNCH,--,NA
BKHA,Black Hawk Acquisition Corporation Class A Ordinary Shares,$12.19,0.09,0.744%,NA
BKHAR,Black Hawk Acquisition Corporation Rights,$1.54,UNCH,--,NA
BLRK,Bluerock Acquisition Corp. Class A Ordinary Shares,$10.125,0.005,0.049%,NA
BLRKU,Bluerock Acquisition Corp. Unit,$10.20,UNCH,--,NA
BLRKW,Bluerock Acquisition Corp. Warrants,$0.33,0.0979,42.18%,NA
BLZR,Trailblazer Acquisition Corp. Class A Ordinary Shares,$10.215,-0.005,-0.049%,NA
BLZRU,Trailblazer Acquisition Corp. Unit,$10.31,UNCH,--,NA
BLZRW,Trailblazer Acquisition Corp. Warrant,$0.2801,-0.0398,-12.441%,NA
BML^G,"Bank of America Corporation Depositary Shares (Each representing a 1/1200th interest in a share of Floating Rate Non-Cumulative Preferred Stock , Series 1)",$18.565,0.155,0.842%,NA
BML^H,"Bank of America Corporation Depositary Shares (Each representing a 1/1200th interest in a Share of Floating Rate Non-Cumulative Preferred Stock, Series 2)",$18.47,0.01,0.054%,NA
BML^J,"Bank of America Corporation Depositary Shares (Each representing a 1/1200th interest in a Share of Floating Rate Non-Cumulative Preferred Stock, Series 4)",$19.59,0.06,0.307%,NA
BML^L,"Bank of America Corporation Depositary Shares (Each representing a 1/1200th Interest in a Share of Floating Rate Non-Cumulative Preferred Stock, Series 5)",$19.71,0.21,1.077%,NA
BMN,BlackRock 2037 Municipal Target Term Trust Common Shares of Beneficial Interest,$23.15,-0.92,-3.822%,NA
BNY^K,"The Bank Of New York Mellon Corporation  Depositary Shares, each representing a 1/4,000th interest in a share of Series K Noncumulative Perpetual Preferred Stock",$24.21,-0.05,-0.206%,NA
BOE,Blackrock Enhanced Global Dividend Trust Common Shares of Beneficial Interest,$12.05,-0.11,-0.905%,NA
BOH^A,"Bank of Hawaii Corporation Depositary Shares Each Representing a 1/40th Interest in a Share of 4.375% Fixed Rate Non-Cumulative Perpetual Preferred Stock, Series A",$15.32,-0.08,-0.519%,NA
BOH^B,"Bank of Hawaii Corporation Depositary Shares, Each Representing a 1/40th Interest in a Share of 8.000% Fixed Rate Non-Cumulative Perpetual Preferred Stock, Series B",$25.75,0.10,0.39%,NA
BOT,"RoboStrategy, Inc. Common Stock",$30.01,1.625,5.725%,NA
BPAC,Blueport Acquisition Ltd Class A Ordinary Shares,$10.19,UNCH,--,NA
BPRE,Bluerock Private Real Estate Fund Common Shares of Beneficial Interest,$12.30,-0.07,-0.566%,NA
BREZ,Breeze Acquisition Corp. II Ordinary Shares,$10.02,UNCH,--,NA
BREZR,Breeze Acquisition Corp. II Right,$0.28,UNCH,--,NA
BRKH,Burtech Acquisition Corp II Class A Ordinary Shares,$10.06,0.03,0.299%,NA
BRKHU,Burtech Acquisition Corp II Unit,$10.12,0.03,0.297%,NA
BRTM,B&R Technology Merger Corp. Class A Ordinary Shares,$9.81,-0.02,-0.203%,NA
BRTMU,B&R Technology Merger Corp. Units,$9.98,0.0399,0.401%,NA
BRTMW,B&R Technology Merger Corp. Warrants,$0.2675,-0.0324,-10.804%,NA
BRW,Saba Capital Income & Opportunities Fund SBI,$6.03,-0.10,-1.631%,NA
BSAA,BEST SPAC I Acquisition Corp. Class A Ordinary Shares,$11.30,UNCH,--,NA
BSAAR,BEST SPAC I Acquisition Corp. Rights,$0.09,UNCH,--,NA
BSAAU,BEST SPAC I Acquisition Corp. Unit ,$10.90,UNCH,--,NA
BSL,Blackstone Senior Floating Rate 2027 Term Fund Common Shares of Beneficial Interest,$12.85,-0.10,-0.772%,NA
BTO,John Hancock Financial Opportunities Fund Common Stock,$36.48,-0.20,-0.545%,NA
BTT,BlackRock Municipal 2030 Target Term Trust,$21.60,-0.18,-0.826%,NA
BUI,"BlackRock Utility, Infrastructure & Power Opportunities Trust",$25.09,-0.16,-0.634%,NA
BW^A,"Babcock & Wilcox Enterprises, Inc. 7.75% Series A Cumulative Perpetual Preferred Stock",$19.18,-1.75,-8.361%,NA
BWG,BrandywineGLOBAL Global Income Opportunities Fund Inc.,$7.075,-0.025,-0.352%,NA
BWIV,Blue Water Acquisition Corp. IV Class A Ordinary Shares,$9.97,-0.03,-0.30%,NA
BXSL,Blackstone Secured Lending Fund Common Shares of Beneficial Interest,$24.59,-0.02,-0.081%,NA
C^N,Citigroup Capital XIII 7.875% Fixed rate Floating Rate trust Preferred Securities (TruPS),$26.45,UNCH,--,NA
C^R,"Citigroup Inc. Depositary Shares, Each Representing a 1/1,000th Interest in a Share of 6.250% Noncumulative Preferred Stock, Series II",$22.79,-0.35,-1.513%,NA
CAES,"Cantor Equity Partners VII, Inc. Class A Ordinary Shares",$10.06,-0.0004,-0.004%,NA
CAF,Morgan Stanley China A Share Fund Inc. Common Stock,$18.64,-0.06,-0.321%,NA
CAII,Collective Acquisition Corp. II Class A Ordinary Shares,$9.99,UNCH,--,NA
CAIIU,Collective Acquisition Corp. II Units,$10.075,0.025,0.249%,NA
CAIIW,Collective Acquisition Corp. II Warrants,$0.16,UNCH,--,NA
CAPN,Cayson Acquisition Corp Ordinary shares,$11.25,-0.05,-0.442%,NA
CAPNR,Cayson Acquisition Corp Right,$0.08,0.0061,8.254%,NA
CAQ,Cambridge Acquisition Corp. Class A Ordinary Shares,$10.00,UNCH,--,NA
CAQUU,Cambridge Acquisition Corp. Unit,$10.07,0.02,0.199%,NA
CATL, Catalyst Acquisition Corp. Class A Ordinary Share,$9.81,-0.04,-0.406%,NA
CATLU,Catalyst Acquisition Corp. Units,$10.10,-0.035,-0.345%,NA
CCAQ,Collective Acquisition Corp. Class A Ordinary Shares,$10.69,-0.01,-0.093%,NA
CCAQW,Collective Acquisition Corp. Warrants,$0.16,-0.04,-20.00%,NA
CCCT,Columbus Circle Capital Corp III Class A Ordinary Shares,$9.84,UNCH,--,NA
CCCTU,Columbus Circle Capital Corp III Units,$10.03,UNCH,--,NA
CCD,Calamos Dynamic Convertible & Income Fund Common Stock,$23.39,-0.255,-1.078%,NA
CCID,Carlyle Credit Income Fund 7.375% Series D Term Preferred Shares due 2028,$24.945,0.145,0.585%,NA
CCIF,Carlyle Credit Income Fund Shares of Beneficial Interest,$2.24,-0.09,-3.863%,NA
CCII,Cohen Circle Acquisition Corp. II Class A Ordinary Shares,$10.30,-0.01,-0.097%,NA
CCIIU,Cohen Circle Acquisition Corp. II Unit,$10.485,UNCH,--,NA
CCXI,Churchill Capital Corp XI Class A Ordinary Shares,$12.23,-0.49,-3.852%,NA
CCXIU,Churchill Capital Corp XI Units,$12.66,-0.59,-4.453%,NA
CCXIW,Churchill Capital Corp XI Warrants,$5.90,-0.36,-5.751%,NA
CDR^B,"Cedar Realty Trust, Inc. 7.25% Series B Cumulative Redeemable Preferred Stock",$16.36,-0.14,-0.848%,NA
CDR^C,"Cedar Realty Trust, Inc. 6.50% Series C Cumulative Redeemable Preferred Stock",$15.14,-0.11,-0.721%,NA
CEE,"The Central and Eastern Europe Fund, Inc. (The) Common Stock",$19.0001,-0.3899,-2.011%,NA
CEPF,"Cantor Equity Partners IV, Inc. Class A Ordinary Shares",$10.285,0.005,0.049%,NA
CEPO,"Cantor Equity Partners I, Inc. Class A Ordinary Shares",$10.765,0.005,0.046%,NA
CEPS,"Cantor Equity Partners VI, Inc. Class A Ordinary Shares",$10.30,UNCH,--,NA
CEPV,"Cantor Equity Partners V, Inc. Class A Ordinary Shares",$10.36,UNCH,--,NA
CFG^E,"Citizens Financial Group, Inc. Depositary Shares Each Representing 1/40th Interest in a Share of 5.000% Fixed-Rate Non-Cumulative Perpetual Preferred Stock, Series E",$17.03,-0.23,-1.333%,NA
CFG^H,"Citizens Financial Group, Inc. Depositary Shares Each Representing a 1/40th Interest in a Share of 7.375% Fixed-Rate Non-Cumulative Perpetual Preferred Stock, Series H",$25.23,-0.06,-0.237%,NA
CFG^I,"Citizens Financial Group, Inc. Depositary Shares, Each Representing a 1/40th Interest in a Share of 6.500% Fixed-Rate Reset Non-Cumulative Perpetual Preferred Stock, Series I",$24.26,0.0099,0.041%,NA
CFND,C1 Fund Inc. Common Stock,$3.00,-0.17,-5.363%,NA
CFR^B,"Cullen/Frost Bankers, Inc. Depositary Shares, each representing a 1/40th ownership interest in a share of 4.450% non-cumulative perpetual preferred stock, Series B",$16.17,-0.0137,-0.085%,NA
CFTR^A,"Cantor Fitzgerald Income Trust, Inc. 9.50% Series A Cumulative Redeemable Preferred Stock",$25.55,0.03,0.118%,NA
CGCF,Cartesian Growth Corporation IV Class A Ordinary Shares,$9.81,0.01,0.102%,NA
CGCFU,Cartesian Growth Corporation IV Unit,$9.89,0.01,0.101%,NA
CGCFW,Cartesian Growth Corporation IV Warrants,$0.31,0.01,3.333%,NA
CGO,Calamos Global Total Return Fund Common Stock,$12.87,0.07,0.547%,NA
CHAR,Charlton Aria Acquisition Corporation Class A Ordinary Shares,$11.015,UNCH,--,NA
CHEC,Chenghe Acquisition III Co. Class A Ordinary Share,$10.27,UNCH,--,NA
CHI,Calamos Convertible Opportunities and Income Fund Common Stock,$12.01,-0.04,-0.332%,NA
CHMI^A,Cherry Hill Mortgage Investment Corporation 8.20% Series A Cumulative Redeemable Preferred Stock,$21.00,-0.615,-2.845%,NA
CHMI^B,Cherry Hill Mortgage Investment Corporation 8.250% Series B Fixed-to-Floating Rate Cumulative Redeemable Preferred Stock,$23.72,0.01,0.042%,NA
CHPG,ChampionsGate Acquisition Corporation Class A Ordinary Share,$10.45,UNCH,--,NA
CHPGR,ChampionsGate Acquisition Corporation Rights,$0.1374,-0.0247,-15.238%,NA
CHW,Calamos Global Dynamic Income Fund Common Stock,$8.24,-0.08,-0.962%,NA
CHY,Calamos Convertible and High Income Fund Common Stock,$12.30,-0.10,-0.806%,NA
CICB,CION Investment Corporation 7.50% Notes due 2029,$24.851,-0.109,-0.437%,NA
CICC,CION Investment Corporation 7.50% Notes due 2031,$24.46,0.03,0.123%,NA
CIK,"UBS Asset Management Income Fund, Inc. Common Stock",$2.33,-0.01,-0.427%,NA
CIM^A,Chimera Investment Corporation 8.00% Series A Cumulative Redeemable Preferred Stock,$19.94,-0.1179,-0.588%,NA
CIM^B,Chimera Investment Corporation 8.00% Series B Fixed-to-Floating Rate Cumulative Redeemable Preferred Stock,$23.35,-0.26,-1.101%,NA
CIM^C,Chimera Investment Corporation 7.75% Series C Fixed-to-Floating Rate  Cumulative Redeemable  Preferred Stock,$21.5894,-0.5556,-2.509%,NA
CIM^D,Chimera Investment Corporation 8.00% Series D Fixed-to-Floating Rate Cumulative Redeemable Preferred Stock,$23.15,-0.25,-1.068%,NA
CIMO,Chimera Investment Corporation 9.250% Senior Notes due 2029,$25.295,-0.025,-0.099%,NA
CIMP,Chimera Investment Corporation 8.875% Senior Notes due 2030,$24.95,UNCH,--,NA
CLBR,Colombier Acquisition Corp. III Class A Ordinary Shares,$10.205,-0.01,-0.098%,NA
CLDT^A,Chatham Lodging Trust (REIT) 6.625% Series A Cumulative Redeemable Preferred Shares of Beneficial Interest,$19.87,-0.2101,-1.046%,NA
CLM,"Cornerstone Strategic Investment Fund, Inc. Common Shares",$6.38,0.01,0.157%,NA
CMRE^B,Costamare Inc. Perpetual Preferred Stock Series B (Marshall Islands),$25.40,UNCH,--,NA
CMRE^C,Costamare Inc. Perpetual Preferred Series C (Marshall Islands),$26.66,UNCH,--,NA
CMRE^D,Costamare Inc. 8.75% Series D Cumulative Redeemable Perpetual Preferred Stock,$26.26,-0.18,-0.681%,NA
CMS^B,CMS Energy Corporation Preferred Stock,$76.05,0.30,0.396%,NA
CMS^C,"CMS Energy Corporation Depositary Shares, each representing a 1/1,000th interest in a share of 4.200% Cumulative Redeemable Perpetual Preferred Stock, Series C",$16.68,0.08,0.482%,NA
CNO^A,"CNO Financial Group, Inc. 5.125% Subordinated Debentures due 2060",$16.54,UNCH,--,NA
CODI^A,Compass Diversified Holdings 7.250% Series A Preferred Shares representing beneficial interest in Compass Diversified Holdings,$19.1402,-0.1698,-0.879%,NA
CODI^B,Compass Diversified Holdings 7.875% Series B Fixed-to-Floating Rate Cumulative Preferred Shares representing beneficial interests in Compass Diversified Holdings,$22.24,-0.02,-0.09%,NA
CODI^C,Compass Diversified Holdings 7.875% Series C Cumulative Preferred Shares,$21.725,-0.075,-0.344%,NA
COF^I,"Capital One Financial Corporation Depositary shares each representing a 1/40th interest in a share of Fixed Rate Non-Cumulative Perpetual Preferred Stock, Series I of the Issuer",$16.92,-0.27,-1.571%,NA
COF^J,"Capital One Financial Corporation Depositary Shares, Each Representing a 1/40th Interest in a Share of Fixed Rate Non- Cumulative Perpetual Preferred Stock, Series J",$16.17,-0.27,-1.642%,NA
COF^K,"Capital One Financial Corporation Depositary Shares, Each Representing a 1/40th Ownership Interest in a Share of Fixed Rate Non-Cumulative Perpetual Preferred Stock, Series K",$15.849,-0.0211,-0.133%,NA
COF^L,"Capital One Financial Corporation Depositary Shares, Each Representing a 1/40th Interest in a Share of Fixed Rate Non-Cumulative Perpetual Preferred Stock, Series L",$15.04,-0.0979,-0.647%,NA
COF^N,"Capital One Financial Corporation Depositary Shares, Each Representing a 1/40th Ownership Interest in a Share of Fixed Rate Non-Cumulative Perpetual Preferred Stock, Series N",$14.78,-0.102,-0.685%,NA
COLA,Columbus Acquisition Corp Ordinary Shares,$10.70,UNCH,--,NA
COLAR,Columbus Acquisition Corp Rights,$0.398,UNCH,--,NA
COPL,Copley Acquisition Corp Ordinary Shares,$10.555,UNCH,--,NA
CRAC,Crown Reserve Acquisition Corp. I Class A Ordinary Shares,$10.24,0.01,0.098%,NA
CRACR,Crown Reserve Acquisition Corp. I Rights,$0.13,0.0201,18.289%,NA
CRACW,Crown Reserve Acquisition Corp. I Warrant,$0.04,-0.0025,-5.882%,NA
CRAN,Crane Harbor Acquisition Corp. II Class A Ordinary Shares,$10.10,UNCH,--,NA
CRANR,Crane Harbor Acquisition Corp. II Rights,$0.17,UNCH,--,NA
CRAQ,Cal Redwood Acquisition Corp. Class A Ordinary Shares,$10.40,UNCH,--,NA
CRBD,Corebridge Financial Inc. 6.375% Junior Subordinated Notes due 2064,$21.16,UNCH,--,NA
CRD/A,Crawford & Company,$12.43,0.05,0.404%,NA
CRD/B,Crawford & Company,$12.06,0.25,2.117%,NA
CRF,"Cornerstone Total Return Fund, Inc. (The) Common Stock",$6.15,0.05,0.82%,NA
CTA^A,"EIDP, Inc. Preferred Stock $3.50 Series",$51.0001,UNCH,--,NA
CTA^B,"EIDP, Inc. Preferred Stock $4.50 Series",$65.5256,-0.2544,-0.387%,NA
CTAA,ClearThink 1 Acquisition Corp. Class A Ordinary Shares,$9.95,UNCH,--,NA
CTAAU,ClearThink 1 Acquisition Corp. Units,$10.07,-0.03,-0.297%,NA
CTGG,Qwest Corporation 6.500% Senior Notes due 2051 (denominations of $25),$16.155,-0.065,-0.401%,NA
CTHH,Qwest Corporation 6.750% Senior Notes due 2052 (denominations of $25),$16.615,-0.175,-1.042%,NA
CTO^A,"CTO Realty Growth, Inc. 6.375% Series A Cumulative Redeemable Preferred Stock",$19.98,-0.07,-0.349%,NA
CUBWW,Lionheart Holdings Warrant,$0.15,-0.03,-16.667%,NA
CXII,Churchill Capital Corp XII Class A Ordinary Shares,$10.72,0.0205,0.192%,NA
CXIIU,Churchill Capital Corp XII Units,$11.20,UNCH,--,NA
CXIIW,Churchill Capital Corp XII Warrants,$2.04,0.35,20.71%,NA
DAAQ,Digital Asset Acquisition Corp. Class A Ordinary shares,$10.44,-0.01,-0.096%,NA
DAAQU,Digital Asset Acquisition Corp. Units,$11.76,UNCH,--,NA
DBCA,D. Boral Acquisition I Corp. Class A Ordinary Shares,$10.03,-0.01,-0.10%,NA
DBL,DoubleLine Opportunistic Credit Fund Common Shares of Beneficial Interest,$13.56,-0.09,-0.659%,NA
DBRG^H,"DigitalBridge Group, Inc. 7.125% Series H ",$14.79,-0.06,-0.404%,NA
DBRG^I,"DigitalBridge Group, Inc. 7.15% Series I ",$14.86,-0.1401,-0.934%,NA
DBRG^J,"DigitalBridge Group, Inc. 7.125% Series J ",$15.37,-0.105,-0.679%,NA
DCOM^,"Dime Commercial Bancshares, Inc. Preferred Stock, Series A",$16.35,-0.17,-1.029%,NA
DFP,Flaherty & Crumrine Dynamic Preferred and Income Fund Inc. Common Stock,$18.97,-0.04,-0.21%,NA
DGAC,Disciplined Growth Acquisition Corporation Class A Ordinary Shares,$9.9901,UNCH,--,NA
DHF,BNY Mellon High Yield Strategies Fund Common Stock,$2.21,-0.02,-0.897%,NA
DHY,UBS Asset Management High Yield Credit Fund Common Stock,$1.62,-0.01,-0.613%,NA
DLNG^A,Dynagas LNG Partners LP 9.00% Series A Cumulative Redeemable Preferred Units,$26.13,-0.07,-0.267%,NA
DLR^J,"Digital Realty Trust, Inc. 5.250% Series J Cumulative Redeemable Preferred Stock",$18.28,-0.11,-0.598%,NA
DLR^K,"Digital Realty Trust, Inc. 5.850% Series K Cumulative Redeemable Preferred Stock, par value $0.01 per share",$20.35,-0.30,-1.453%,NA
DLR^L,"Digital Realty Trust, Inc. 5.200% Series L Cumulative Redeemable Preferred Stock",$18.295,-0.035,-0.191%,NA
DMA,Destra Multi-Alternative Fund Common Stock,$7.60,UNCH,--,NA
DMAA,Drugs Made In America Acquisition Corp. Ordinary Shares,$10.85,UNCH,--,NA
DMAAR,Drugs Made In America Acquisition Corp. Rights,$0.1263,0.0001,0.079%,NA
DMB,"BNY Mellon Municipal Bond Infrastructure Fund, Inc. Common Stock",$9.62,-0.14,-1.434%,NA
DMII,Drugs Made In America Acquisition II Corp. Ordinary Shares,$10.15,-0.01,-0.098%,NA
DMIIR,Drugs Made In America Acquisition II Corp. Right,$0.0652,-0.0029,-4.258%,NA
DMIIU,Drugs Made In America Acquisition II Corp. Unit,$10.21,-0.03,-0.293%,NA
DMO,Western Asset Mortgage Opportunity Fund Inc. Common Stock,$9.47,-0.02,-0.211%,NA
DNMX,Dynamix Corporation III Class A Ordinary Shares,$10.05,-0.01,-0.099%,NA
DNMXU,Dynamix Corporation III Unit,$10.15,0.01,0.099%,NA
DNMXW,Dynamix Corporation III Warrants,$0.1501,-0.05,-24.988%,NA
DNP,"DNP Select Income Fund, Inc. Common Stock",$9.85,-0.12,-1.204%,NA
DPG,Duff & Phelps Utility and Infrastructure Fund Inc.,$12.94,-0.06,-0.462%,NA
DRDB,Roman DBDR Acquisition Corp. II Ordinary shares,$10.71,-0.01,-0.093%,NA
DRDBU,Roman DBDR Acquisition Corp. II Unit,$10.72,UNCH,--,NA
DSAC,Daedalus Special Acquisition Corp. Class A Ordinary Shares,$10.15,0.005,0.049%,NA
DSACW,Daedalus Special Acquisition Corp. Warrant,$0.6999,0.0398,6.029%,NA
DSM,"BNY Mellon Strategic Municipal Bond Fund, Inc. Common Stock",$5.28,-0.04,-0.752%,NA
DSU,"Blackrock Debt Strategies Fund, Inc. Common Stock",$8.91,-0.04,-0.447%,NA
DSX^B,Diana Shipping Inc. Perpetual Preferred Shares Series B (Marshall Islands),$27.20,-0.0501,-0.184%,NA
DTK,DTE Energy Company 2025 Series H 6.25% Junior Subordinated Debentures due 2085,$21.23,-0.16,-0.748%,NA
DTSQ,DT Cloud Star Acquisition Corporation Ordinary Shares,$11.50,UNCH,--,NA
DTSQU,DT Cloud Star Acquisition Corporation Units,$11.885,0.475,4.163%,NA
DUK^A,"Duke Energy Corporation Depositary Shares, each representing a 1/1,000th interest in a share of 5.75% Series A Cumulative Redeemable Perpetual Preferred Stock",$21.99,-0.10,-0.453%,NA
DUKU,Duke Energy Corporation Corporate Units,$50.00,1.985,4.134%,NA
DX^C,"Dynex Capital, Inc. 6.900% Series C Fixed-to-Floating Rate Cumulative Redeemable Preferred Stock",$25.68,-0.11,-0.427%,NA
DXYZ,Destiny Tech100 Inc. Common Stock,$29.14,-0.59,-1.985%,NA
DYNC,Dynamix Corporation Class A Ordinary Shares,$10.88,-0.04,-0.366%,NA
DYNCW,Dynamix Corporation Warrant,$0.13,UNCH,--,NA
DYOR,Insight Digital Partners II Class A Ordinary Shares,$10.14,0.01,0.099%,NA
EAD,Allspring Income Opportunities Fund Common Shares,$6.02,-0.04,-0.66%,NA
ECC^D,Eagle Point Credit Company 6.75% Series D Preferred Stock,$18.05,-0.05,-0.276%,NA
ECCU,Eagle Point Credit Company 7.75% Notes due 2030,$25.1099,-0.0001,0.00%,NA
ECF,Ellsworth Growth and Income Fund Ltd.,$12.02,-0.33,-2.672%,NA
ECF^A,Ellsworth Growth and Income Fund Ltd. 5.25% Series A Cumulative Preferred Shares (Liquidation Preference $25.00 per share),$18.9599,-0.2101,-1.096%,NA
EDD,"Morgan Stanley Emerging Markets Domestic Debt Fund, Inc. Common Stock",$5.53,-0.12,-2.124%,NA
EDF,Virtus Stone Harbor Emerging Markets Income Fund Common Shares of Beneficial Interest,$5.05,-0.18,-3.442%,NA
EEA,"The European Equity Fund, Inc. Common Stock",$10.58,UNCH,--,NA
EFC^B,Ellington Financial Inc. 6.250% Series B Fixed-Rate Reset Cumulative Redeemable Preferred Stock,$25.08,-0.02,-0.08%,NA
EFC^C,Ellington Financial Inc. 8.625% Series C Fixed-Rate Reset Cumulative Redeemable Preferred Stock,$25.41,0.0001,0.00%,NA
EFC^D,Ellington Financial Inc. 7.00% Series D Cumulative Perpetual Redeemable Preferred Stock,$23.50,UNCH,--,NA
EFR,Eaton Vance Senior Floating-Rate Fund Common Shares of Beneficial Interest,$10.22,-0.05,-0.487%,NA
EGHA,EGH Acquisition Corp. Class A Ordinary Shares,$10.40,UNCH,--,NA
EGHAR,EGH Acquisition Corp. Rights,$0.26,UNCH,--,NA
EHI,Western Asset Global High Income Fund Inc Common Stock,$5.38,-0.05,-0.921%,NA
EIIA,Eagle Point Institutional Income Fund 8.125% Series A Term Preferred Shares Due 2029,$25.15,0.12,0.479%,NA
EIM,"Eaton Vance Municipal Bond Fund Common Shares of Beneficial Interest, $.01 par value",$8.80,-0.10,-1.124%,NA
ELLA,Ellington Credit Company 8.50% Notes due 2031,$25.08,0.0299,0.119%,NA
EMD,Western Asset Emerging Markets Debt Fund Inc Common Stock,$9.45,-0.23,-2.376%,NA
EMF,Templeton Emerging Markets Fund Common Stock,$22.19,-0.33,-1.465%,NA
EMIS,Emmis Acquisition Corp. Class A Ordinary Shares,$10.26,0.01,0.098%,NA
EMO,ClearBridge Energy Midstream Opportunity Fund Inc. Common Stock,$52.07,-0.81,-1.532%,NA
EOD,Allspring Global Dividend Opportunity Fund Common Shares of Beneficial Interest,$6.34,-0.02,-0.314%,NA
EOI,Eaton Vance Enhance Equity Income Fund Eaton Vance Enhanced Equity Income Fund Shares of Beneficial Interest,$19.73,-0.05,-0.253%,NA
EOS,Eaton Vance Enhance Equity Income Fund II Common Stock,$21.33,-0.05,-0.234%,NA
EP^C,El Paso Corporation Preferred Stock,$49.716,0.106,0.214%,NA
EPR^C,EPR Properties 5.75% Series C Cumulative Convertible Preferred Shares,$25.30,0.02,0.079%,NA
EPR^E,EPR Properties Series E Cumulative Conv Pfd Shs Ser E,$31.425,-0.155,-0.491%,NA
EPR^G,EPR Properties 5.750% Series G Cumulative Redeemable Preferred Shares,$19.67,-0.175,-0.882%,NA
EQH^A,"Equitable Holdings, Inc. Depositary Shares",$18.03,0.26,1.463%,NA
EQH^C,"Equitable Holdings, Inc. Depositary Shares, each representing a 1/1,000th interest in a share of Fixed Rate Noncumulative Perpetual Preferred Stock, Series C",$15.93,0.03,0.189%,NA
ERC,Allspring Multi-Sector Income Fund Common Stock,$8.64,-0.09,-1.031%,NA
ERH,Allspring Utilities and High Income Fund Common Shares,$10.34,-0.16,-1.524%,NA
ET^I,Energy Transfer L.P. Series I Fixed Rate Perpetual Preferred Units,$11.35,-0.025,-0.22%,NA
ETG,Eaton Vance Tax-Advantaged Global Dividend Income Fund Common Shares of Beneficial Interest,$23.09,-0.09,-0.388%,NA
ETI^,"Entergy Texas Inc 5.375% Series A Preferred Stock, Cumulative, No Par Value",$21.30,-0.69,-3.138%,NA
ETJ,Eaton Vance Risk-Managed Diversified Equity Income Fund Common Shares of Beneficial Interest,$8.24,-0.04,-0.483%,NA
ETSS,Energy Transition Special Opportunities Class A Ordinary Shares,$9.92,UNCH,--,NA
ETY,"Eaton Vance Tax-Managed Diversified Equity Income Fund Common Shares of Beneficial Interest,",$14.07,0.02,0.142%,NA
EURK,Eureka Acquisition Corp Class A Ordinary Share,$11.55,0.05,0.435%,NA
EVAC,EQV Ventures Acquisition Corp. II Class A Ordinary Shares,$10.30,-0.01,-0.097%,NA
EVG,Eaton Vance Short Diversified Income Fund Eaton Vance Short Duration Diversified Income Fund Common Shares of Beneficial Interest,$9.93,-0.09,-0.898%,NA
EVOX,Evolution Global Acquisition Corp Class A Ordinary Shares,$10.12,UNCH,--,NA
EVOXW,Evolution Global Acquisition Corp Warrants,$0.35,0.03,9.375%,NA
EVT,Eaton Vance Tax Advantaged Dividend Income Fund Common Shares of Beneficial Interest,$27.99,-0.28,-0.99%,NA
EVV,Eaton Vance Limited Duration Income Fund Common Shares of Beneficial Interest,$8.41,-0.07,-0.825%,NA
EWAV,East West Ave Acquisition Corp. Common Stock,$9.90,UNCH,--,NA
EWAVU,East West Ave Acquisition Corp. Units,$10.06,UNCH,--,NA
EXG,Eaton Vance Tax-Managed Global Diversified Equity Income Fund Common Shares of Beneficial Interest,$9.52,-0.04,-0.418%,NA
F^B,"Ford Motor Company 6.20% Notes due June 1, 2059",$19.85,-0.10,-0.501%,NA
F^C,"Ford Motor Company 6% Notes due December 1, 2059",$19.275,-0.075,-0.388%,NA
F^D,"Ford Motor Company 6.500% Notes due August 15, 2062",$20.53,-0.20,-0.965%,NA
FACT,FACT II Acquisition Corp. Class A Ordinary Shares,$10.73,-0.005,-0.047%,NA
FACTW,FACT II Acquisition Corp. Warrant,$0.13,UNCH,--,NA
FAX,"abrdn Asia-Pacific Income Fund, Inc. Common Stock",$13.53,-0.17,-1.241%,NA
FBRT^E,"Franklin BSP Realty Trust, Inc. 7.50% Series E Cumulative Redeemable Preferred Stock",$19.15,-0.46,-2.346%,NA
FCRS,FutureCrest Acquisition Corp. Class A Ordinary Shares,$10.2291,-0.0109,-0.106%,NA
FDMM,Freedom Metals Acquisition Corp. Class A Ordinary Shares,$9.835,-0.0051,-0.052%,NA
FERA,Fifth Era Acquisition Corp I Class A Ordinary Shares,$10.53,0.01,0.095%,NA
FERAR,Fifth Era Acquisition Corp I Rights,$0.27,0.03,12.50%,NA
FFA,First Trust Enhanced Equity Income Fund Common Shares of Beneficial Interest,$22.24,-0.13,-0.581%,NA
FFC,Flaherty & Crumrine Preferred and Income Securities Fund Incorporated,$15.09,-0.12,-0.789%,NA
FGII,FG Imperii Acquisition Corp. Class A Ordinary Shares,$10.02,-0.01,-0.10%,NA
FGIIU,FG Imperii Acquisition Corp. Units,$10.075,0.015,0.149%,NA
FGSN,"F&G Annuities & Life, Inc. 7.300% Junior Subordinated Notes due 2065",$20.49,-0.03,-0.146%,NA
FHN^E,"First Horizon Corporation Depositary Shares, each representing a 1/4,000th interest in a share of Non-Cumulative Perpetual Preferred Stock, Series E",$23.01,-0.29,-1.245%,NA
FHN^F,"First Horizon Corporation Depositary Shares, each representing 1/4000th Interest in a Share of Non-Cumulative Perpetual Preferred Stock, Series F",$16.36,-0.1512,-0.916%,NA
FHN^H,"First Horizon Corporation Depositary Shares each representing a 1/4,000th interest in a share of Non-Cumulative Perpetual Preferred Stock, Series H",$23.18,-0.2395,-1.023%,NA
FIGX,FIGX Capital Acquisition Corp. Class A Ordinary Share,$10.33,UNCH,--,NA
FIGXU,FIGX Capital Acquisition Corp. Units,$10.3601,0.0001,0.001%,NA
FITB^A,"Fifth Third Bancorp Depositary Shares each representing 1/40th share of Fifth Third 6.00% Non-Cumulative Perpetual Class B Preferred Stock, Series A",$21.40,-0.1724,-0.799%,NA
FITB^I,Fifth Third Bancorp Depositary Share repstg 1/1000th Ownership Interest Perp Pfd Series I,$25.665,0.0649,0.254%,NA
FITB^K,"Fifth Third Bancorp Depositary Shares each representing a 1/1000th ownership interest in a share of Non-Cumulative Perpetual Preferred Stock, Series K",$18.26,0.105,0.578%,NA
FITB^M,"Fifth Third Bancorp Depositary Shares Representing a 1/40th Ownership Interest in a Share of 6.875% Fixed-Rate Reset Non-Cumulative Perpetual Preferred Stock, Series M",$25.30,-0.01,-0.04%,NA
FJDI,ARC Group Securities Acquisition I Class A Ordinary Shares,$9.85,-0.03,-0.304%,NA
FJDIR,ARC Group Securities Acquisition I Rights,$0.161,0.001,0.625%,NA
FJDIU,ARC Group Securities Acquisition I Units,$10.02,UNCH,--,NA
FJDIW,ARC Group Securities Acquisition I Warrants,$0.035,-0.01,-22.222%,NA
FLC,Flaherty & Crumrine Total Return Fund Inc Common Stock,$15.73,-0.14,-0.882%,NA
FLG^A,"Flagstar Bank, N.A. Depositary shares, each representing a 1/40th interest in a share of Fixed-to-Floating Rate Series A Noncumulative Perpetual Preferred Stock",$23.77,-0.08,-0.335%,NA
FLG^U,"Flagstar Bank, N.A. Bifurcated Option Note Unit SecuritiES",$37.95,-0.605,-1.569%,NA
FMAC,Future Money Acquisition Corporation Ordinary Shares,$10.0899,UNCH,--,NA
FMACR,Future Money Acquisition Corporation Rights,$0.1553,-0.0147,-8.647%,NA
FMY,First Trust Mortgage Income Fund Common Shares of Beneficial Interest,$11.01,-0.565,-4.881%,NA
FOUR^A,"Shift4 Payments, Inc. 6.00% Series A Mandatory Convertible Preferred Stock",$51.645,-0.855,-1.629%,NA
FPF,First Trust Intermediate Duration Preferred & Income Fund Common Shares of Beneficial Interest,$16.22,-0.18,-1.098%,NA
FRT^C,"Federal Realty Investment Trust Depositary Shares, each representing a 1/1000th interest in a 5.000% Series C Cumulative Redeemable Preferred Share",$18.665,-0.0614,-0.328%,NA
FSHP,Flag Ship Acquisition Corp. Ordinary Shares,$11.28,UNCH,--,NA
FSHPR,Flag Ship Acquisition Corp. Right,$0.0875,UNCH,--,NA
FSSL,FS Specialty Lending Fund Common Shares of Beneficial Interest,$11.55,-0.14,-1.198%,NA
FTHA,Forefront Tech Holdings Acquisition Corp Class A Ordinary Shares,$9.971,UNCH,--,NA
FTRA,FutureCorp Space Acquisition 1 Class A Ordinary Shares,$9.87,UNCH,--,NA
FVAV,Fortress Value Acquisition Corp. V Class A Ordinary Shares,$10.28,UNCH,--,NA
FVN,Future Vision II Acquisition Corporation Ordinary shares,$9.74,0.43,4.619%,NA
FVNNR,Future Vision II Acquisition Corporation Right,$0.19,0.0199,11.699%,NA
FVNNU,Future Vision II Acquisition Corporation Units,$10.80,-1.19,-9.925%,NA
FWAC,Futurewave Acquisition Corporation Ordinary Shares,$9.94,UNCH,--,NA
FWACU,Futurewave Acquisition Corporation Units,$10.08,-0.16,-1.563%,NA
FXAC,FortuneX Acquisition Corporation Ordinary shares,$10.06,UNCH,--,NA
FXACU,FortuneX Acquisition Corporation Units,$10.36,0.22,2.17%,NA
GAB^G,"Gabelli Equity Trust, Inc. (The) Series G Cumulative Preferred Stock",$18.42,-0.0052,-0.028%,NA
GAB^H,"Gabelli Equity Trust, Inc. (The) Pfd Ser H",$18.31,-0.15,-0.813%,NA
GAB^K,"Gabelli Equity Trust, Inc. (The) 5.00% Series K Cumulative Preferred Stock",$18.36,-0.04,-0.217%,NA
GAING,Gladstone Investment Corporation 7.125% Notes due 2031,$25.095,0.045,0.18%,NA
GAINI,Gladstone Investment Corporation 7.875% Notes due 2030,$25.42,0.04,0.158%,NA
GAM^B,"General American Investors Company, Inc. Cumulative Preferred Stock",$22.73,0.01,0.044%,NA
GCGR,General Catalyst Global Resilience Merger Corp. Class A Ordinary Shares,$10.16,UNCH,--,NA
GDL,"GDL Fund, The Common Shares of Beneficial Interest",$8.375,0.0149,0.178%,NA
GDO,Western Asset Global Corporate Opportunity Fund Inc. Common Stock,$9.58,-0.03,-0.312%,NA
GDV^H,The Gabelli Dividend & Income Trust 5.375% Series H Cumulative Preferred Shares,$20.43,-0.04,-0.195%,NA
GDV^K,The Gabelli Dividend & Income Trust 4.250% Series K Cumulative Preferred Shares,$16.10,-0.08,-0.494%,NA
GECCG,Great Elm Capital Corp. 7.75% Notes Due 2030,$24.8199,0.1699,0.689%,NA
GECCH,Great Elm Capital Corp. 8.125% Notes Due 2029,$24.81,-0.092,-0.369%,NA
GECCI,Great Elm Capital Corp. 8.50% NOTES DUE 2029,$25.00,UNCH,--,NA
GF,"New Germany Fund, Inc. (The) Common Stock",$10.81,-0.02,-0.185%,NA
GGN,"GAMCO Global Gold, Natural Resources & Income Trust",$5.39,-0.07,-1.282%,NA
GGN^B,"GAMCO Global Gold, Natural Reources & Income Trust 5.00% Series B Cumulative 25.00 Liquidation Preference",$18.295,-0.125,-0.679%,NA
GGT^E,Gabelli Multi-Media Trust Inc. (The) 5.125% Series E Cumulative Preferred Stock,$19.98,UNCH,--,NA
GGT^G,Gabelli Multi-Media Trust Inc. (The) 5.125% Series G Cumulative Preferred Shares,$19.97,-0.0001,-0.001%,NA
GHXI,"Gores Holdings XI, Inc. Class A Ordinary Shares",$10.00,0.01,0.10%,NA
GHXIW,"Gores Holdings XI, Inc. Warrant",$0.5101,UNCH,--,NA
GHY,"PGIM Global High Yield Fund, Inc.",$10.94,-0.07,-0.636%,NA
GIW,GigCapital8 Corp. Class A Ordinary Shares,$10.165,0.01,0.098%,NA
GIX,GigCapital9 Corp. Class A Ordinary Share,$10.01,UNCH,--,NA
GIXXR,GigCapital9 Corp. Rights,$0.26,0.04,18.182%,NA
GJH,Synthetic Fixed-Income Securities Inc 6.375% (STRATS) Cl A-1,$9.46,-0.06,-0.63%,NA
GJO,"Synthetic Fixed-Income Securities, Inc. on behalf of STRATS(SM) Trust for Wal-Mart Stores, Inc. Securities, Series 2004-5",$24.74,UNCH,--,NA
GJP,"Synthetic Fixed-Income Securities, Inc. on behalf of STRATS (SM) Trust for Dominion Resources, Inc. Securities, Series 2005-6, Floating Rate Structured Repackaged Asset-Backed Trust Securities (STRATS) Certificates",$24.48,0.0094,0.038%,NA
GJR,"Synthetic Fixed-Income Securities, Inc. STRATS Trust for Procter&Gamble Securities, Series 2006-1",$24.22,UNCH,--,NA
GL^D,Globe Life Inc. 4.25% Junior Subordinated Debentures due 2061,$14.47,-0.075,-0.516%,NA
GLED,GalaxyEdge Acquisition Corporation Ordinary Shares,$10.01,-0.02,-0.199%,NA
GLO,Clough Global Opportunities Fund Common Stock,$5.37,-0.04,-0.739%,NA
GLOP^A,GasLog Partners LP 8.625% Series A Cumulative Redeemable Perpetual Fixed to Floating Rate Preference Units,$25.38,-0.0511,-0.201%,NA
GLOP^B,GasLog Partners LP 8.200% Series B Cumulative Redeemable Perpetual Fixed to Floating Rate Preference Units,$25.6701,0.0101,0.039%,NA
GLOP^C,GasLog Partners LP 8.500% Series C Cumulative Redeemable Perpetual Fixed to Floating Rate Preference Units,$25.475,0.075,0.295%,NA
GLQ,Clough Global Equity Fund Clough Global Equity Fund Common Shares of Beneficial Interest,$7.68,-0.025,-0.324%,NA
GLU^A,The Gabelli Global Utility and Income Trust Series A Cumulative Puttable and Callable Preferred Shares,$50.50,UNCH,--,NA
GLU^B,The Gabelli Global Utility and Income Trust Series B Cumulative Puttable and Callable Preferred Shares,$50.735,UNCH,--,NA
GNL^A,"Global Net Lease, Inc. 7.25% Series A Cumulative Redeemable Preferred Stock, $0.01 par value per share",$22.52,0.11,0.491%,NA
GNL^B,"Global Net Lease, Inc. 6.875% Series B Cumulative Redeemable Perpetual Preferred Stock",$21.23,-0.47,-2.166%,NA
GNL^D,"Global Net Lease, Inc. 7.50% Series D Cumulative Redeemable Perpetual Preferred Stock",$22.58,-0.29,-1.268%,NA
GNL^E,"Global Net Lease, Inc. 7.375% Series E Cumulative Redeemable Perpetual Preferred Stock",$22.25,-0.31,-1.374%,NA
GNT^A,"GAMCO Natural Resources, Gold & Income Tust  5.20% Series A Cumulative Preferred Shares (Liquidation Preference $25.00 per share)",$18.99,-0.16,-0.836%,NA
GOF,Guggenheim Strategic Opportunities Fund Common Shares of Beneficial Interest,$8.43,-0.11,-1.288%,NA
GPAC,General Purpose Acquisition Corp. Class A Ordinary Shares,$10.08,UNCH,--,NA
GPACU,General Purpose Acquisition Corp. Units,$10.165,-0.005,-0.049%,NA
GPACW,General Purpose Acquisition Corp. Warrant,$0.2199,-0.0001,-0.045%,NA
GPAT,GP-Act III Acquisition Corp. Class A Ordinary Share,$11.08,0.09,0.819%,NA
GPATU,GP-Act III Acquisition Corp. Units,$10.99,UNCH,--,NA
GPATW,GP-Act III Acquisition Corp. Warrants,$0.0679,-0.002,-2.861%,NA
GPMT^A,Granite Point Mortgage Trust Inc. 7.00% Series A Fixed-to-Floating Rate Cumulative Redeemable Preferred Stock,$15.0053,0.0353,0.236%,NA
GPUS^D,"Hyperscale Data, Inc. 13.00% Series D Cumulative Redeemable Perpetual Preferred Stock",$17.0101,0.3491,2.095%,NA
GRBK^A,"Green Brick Partners, Inc. Depositary Shares (each representing a 1/1000th fractional interest in a share of 5.75% Series A Cumulative Perpetual Preferred Stock)",$21.29,-0.10,-0.468%,NA
GRF,"Eagle Capital Growth Fund, Inc. Common Stock",$10.17,UNCH,--,NA
GS^A,"Goldman Sachs Group, Inc. (The) Depositary Shares each representing 1/1000th Interest in a Share of Floating Rate Non-Cumulative Preferred Stock Series A",$19.16,-0.01,-0.052%,NA
GS^C,"Goldman Sachs Group, Inc. (The) Depositary Share repstg 1/1000th Preferred Series C",$19.56,0.025,0.128%,NA
GS^D,"Goldman Sachs Group, Inc. (The) Dep Shs repstg 1/1000 Pfd Ser D Fltg",$19.05,-0.10,-0.522%,NA
GSHR,Gesher Acquisition Corp. II Class A Ordinary Shares,$10.56,UNCH,--,NA
GSL^B,"Global Ship Lease, Inc. Depository Shares Representing 1/100th Perpetual Preferred Series B% (Marshall Island)",$26.40,-0.37,-1.382%,NA
GSRF,GSR IV Acquisition Corp. Class A ordinary share,$10.23,UNCH,--,NA
GSRV,GSR V Acquisition Corp. Class A ordinary shares,$9.88,UNCH,--,NA
GTEN,"Gores Holdings X, Inc. Class A ordinary shares",$10.49,-0.03,-0.285%,NA
GTENW,"Gores Holdings X, Inc. Warrants",$0.6513,UNCH,--,NA
GTERA,Globa Terra Acquisition Corporation Class A Ordinary Shares,$10.42,-0.01,-0.096%,NA
GTERU,Globa Terra Acquisition Corporation Units,$10.50,0.005,0.048%,NA
GTERW,Globa Terra Acquisition Corporation Warrants,$0.038,-0.001,-2.564%,NA
GUAC,Berto Acquisition Corp. II Ordinary Shares,$9.91,-0.09,-0.90%,NA
GUG,Guggenheim Active Allocation Fund Common Shares of Beneficial Interest,$13.79,-0.17,-1.218%,NA
GUT^C,Gabelli Utility Trust (The) 5.375% Series C Cumulative Preferred Shares,$19.965,0.005,0.025%,NA
HACQ,HCM IV Acquisition Corp. Class A Ordinary Share,$10.035,UNCH,--,NA
HAVA,Harvard Ave Acquisition Corporation Class A Ordinary Share,$10.22,UNCH,--,NA
HCAC,Hall Chadwick Acquisition Corp Class A Ordinary Shares,$10.125,0.005,0.049%,NA
HCIC,Hennessy Capital Investment Corp. VIII Class A Ordinary Shares,$9.99,UNCH,--,NA
HCICR,Hennessy Capital Investment Corp. VIII Share Rights,$0.0857,-0.0349,-28.939%,NA
HEI/A,Heico Corporation,$229.44,-1.67,-0.723%,NA
HEQ,John Hancock Diversified Income Fund Common Shares of Beneficial Interest,$11.18,-0.07,-0.622%,NA
HERZ,"Herzfeld Credit Income Fund, Inc. Common Stock",$15.5668,-0.1332,-0.848%,NA
HFRO,Highland Opportunities and Income Fund Common Shares of Beneficial Interest,$6.90,-0.12,-1.709%,NA
HFRO^A,Highland Opportunities and Income Fund 5.375% Series A Cumulative Preferred Shares,$15.80,-0.12,-0.754%,NA
HFRO^B,Highland Opportunities and Income Fund 5.375% Series B Cumulative Preferred Shares,$15.6301,-0.0899,-0.572%,NA
HGLB,Highland Global Allocation Fund Common Stock,$7.01,-0.11,-1.545%,NA
HIG^G,"The Hartford Insurance Group, Inc. Depositary Shares each representing a 1/1000th interest in a share of 6.000% Non-Cumulative Preferred Stock, Series G",$22.55,-0.0801,-0.354%,NA
HIO,"Western Asset High Income Opportunity Fund, Inc. Common Stock",$3.26,-0.03,-0.912%,NA
HIX,Western Asset High Income Fund II Inc. Common Stock,$3.55,-0.05,-1.389%,NA
HL^B,Hecla Mining Company Preferred Stock,$72.00,UNCH,--,NA
HLXC,Helix Acquisition Corp. III Class A Ordinary Shares,$10.94,0.17,1.578%,NA
HPE^C,Hewlett Packard Enterprise Company 7.625% Series C Mandatory Convertible Preferred Stock,$162.55,3.02,1.893%,NA
HPF,John Hancock Pfd Income Fund II Pfd Income Fund II,$13.71,-0.03,-0.218%,NA
HPI,John Hancock Preferred Income Fund Common Shares of Beneficial Interest,$14.30,0.22,1.563%,NA
HPP^C,"Hudson Pacific Properties, Inc. 4.750% Series C Cumulative Redeemable Preferred Stock",$14.535,0.055,0.38%,NA
HPS,John Hancock Preferred Income Fund III Preferred Income Fund III,$12.35,0.03,0.244%,NA
HTD,John Hancock Tax Advantaged Dividend Income Fund Common Shares of Beneficial Interest,$22.55,-0.33,-1.442%,NA
HVMC,Highview Merger Corp. Class A Ordinary Share,$10.26,UNCH,--,NA
HVT/A,"Haverty Furniture Companies, Inc.",$28.09,UNCH,--,NA
HYI,Western Asset High Yield Opportunity Fund Inc. Common Stock,$9.81,-0.15,-1.506%,NA
HYT,"Blackrock Corporate High Yield Fund, Inc. Common Stock",$7.74,-0.09,-1.149%,NA
IACO,Idea Acquisition Corp. Class A Ordinary Shares,$9.995,UNCH,--,NA
IACOU,Idea Acquisition Corp. Units,$10.05,UNCH,--,NA
IACOW,Idea Acquisition Corp. Warrants,$0.275,-0.0088,-3.101%,NA
IACQ,Irenic Acquisition Corp. Class A Ordinary Shares,$9.99,UNCH,--,NA
IACQU,Irenic Acquisition Corp. Unit,$10.13,UNCH,--,NA
IAE,Voya Asia Pacific High Dividend Equity Income Fund ING Asia Pacific High Dividend Equity Income Fund Common Shares of Beneficial Interest,$8.96,0.10,1.129%,NA
IAF,"abrdn Australia Equity Fund, Inc. Common Stock",$12.69,0.01,0.079%,NA
IBAC,IB Acquisition Corp. Common Stock,$11.30,-0.10,-0.877%,NA
IBACR,IB Acquisition Corp. Right,$0.11,-0.005,-4.348%,NA
ICR^A,"InPoint Commercial Real Estate Income, Inc. 6.75% Series A Cumulative Redeemable Preferred Stock",$22.25,0.005,0.022%,NA
IDAC,Iron Dome Acquisition I Corp. Class A Ordinary Shares,$10.025,UNCH,--,NA
IDE,"Voya Infrastructure, Industrials and Materials Fund Common Shares of Beneficial Interest",$12.27,-0.09,-0.728%,NA
IEAG,Infinite Eagle Acquisition Corp. Class A Ordinary Shares,$10.22,UNCH,--,NA
IEAGU,Infinite Eagle Acquisition Corp. Unit,$10.37,UNCH,--,NA
IFN,"Aberdeen India Fund, Inc. Common Stock",$10.86,-0.11,-1.003%,NA
IGA,Voya Global Advantage and Premium Opportunity Fund Common Shares of Beneficial Interest,$10.31,-0.08,-0.77%,NA
IGAC,Invest Green Acquisition Corporation Class A Ordinary Shares,$10.08,-0.02,-0.198%,NA
IGD,Voya Global Equity Dividend and Premium Opportunity Fund,$6.35,0.03,0.475%,NA
IGI,Western Asset Investment Grade Opportunity Trust Inc. Common Stock,$15.75,-0.20,-1.254%,NA
IGR,CBRE Global Real Estate Income Fund Common Shares of Beneficial Interest,$11.94,-0.11,-0.913%,NA
IHD,Voya Emerging Markets High Income Dividend Equity Fund Common Shares,$7.62,-0.03,-0.392%,NA
IIF,"Morgan Stanley India Investment Fund, Inc. Common Stock",$21.91,-0.25,-1.128%,NA
IIPR^A,"Innovative Industrial Properties, Inc. 9.00% Series A Cumulative Redeemable Preferred Stock",$24.93,-0.05,-0.20%,NA
ILLUW,Illumination Acquisition Corp I Warrant,$0.37,0.0401,12.155%,NA
INAC,Indigo Acquisition Corp. Ordinary Shares,$10.36,UNCH,--,NA
INACR,Indigo Acquisition Corp. Right,$0.0825,-0.0031,-3.621%,NA
INN^E,"Summit Hotel Properties, Inc. 6.250% Series E Cumulative Redeemable Preferred Stock",$17.175,0.0615,0.359%,NA
INN^F,"Summit Hotel Properties, Inc. 5.875% Series F Cumulative Redeemable Preferred Stock, $0.01 par value per share",$16.1999,-0.1828,-1.116%,NA
IPEX,Inflection Point Acquisition Corp. V Class A Ordinary Shares,$7.48,-1.82,-19.57%,NA
IPEXR,Inflection Point Acquisition Corp. V Rights,$0.626,0.0822,15.116%,NA
IPEXU,Inflection Point Acquisition Corp. V Units,$6.80,-3.20,-32.00%,NA
IPFX,Inflection Point Acquisition Corp. VI Class A Ordinary Shares,$10.05,UNCH,--,NA
IPFXU,Inflection Point Acquisition Corp. VI Units,$10.37,UNCH,--,NA
IPFXW,Inflection Point Acquisition Corp. VI Warrant,$0.801,-0.117,-12.745%,NA
IPHXU,Inflection Point Acquisition Corp. VIII Unit,$10.06,-0.03,-0.297%,NA
IPVV,"InterPrivate Investment Partners V, Inc. Class A Ordinary Shares",$9.87,0.02,0.203%,NA
IPVVU,"InterPrivate Investment Partners V, Inc. Units",$9.92,UNCH,--,NA
IPXG,Inflection Point Acquisition Corp. VII Class A Ordinary Shares,$10.05,UNCH,--,NA
IPXGW,Inflection Point Acquisition Corp. VII Warrant,$0.69,-0.002,-0.289%,NA
IRAB,Iris Acquisition Corp II Class A Ordinary Shares,$10.00,UNCH,--,NA
IRHO,Iron Horse Acquisitions II Corp. Common Stock,$10.06,UNCH,--,NA
IRHOU,Iron Horse Acquisitions II Corp. Units,$10.16,UNCH,--,NA
ISD,"PGIM High Yield Bond Fund, Inc.",$11.56,-0.05,-0.431%,NA
ISNR,Snow Rothschild Acquisition Corp. Class A Ordinary Shares,$9.83,UNCH,--,NA
ISNRU,Snow Rothschild Acquisition Corp. Units,$10.00,0.0799,0.805%,NA
ISNRW,Snow Rothschild Acquisition Corp. Warrants,$0.26,UNCH,--,NA
ITHA,ITHAX Acquisition Corp III Class A Ordinary Shares,$10.07,UNCH,--,NA
IVR^C,"INVESCO MORTGAGE CAPITAL INC 7.5% Fixed-to-Floating Series C Cumulative Redeemable Preferred Stock, Liquation Preference $25.00 per Share",$23.965,-0.035,-0.146%,NA
JACS,Jackson Acquisition Company II Class A Ordinary Shares,$10.79,0.01,0.093%,NA
JATT,JATT II Acquisition Corp Ordinary Shares,$11.42,0.08,0.705%,NA
JBK,Lehman ABS 3.50 3.50% Adjustable Corp Backed Tr Certs GS Cap I,$25.32,UNCH,--,NA
JCE,Nuveen Core Equity Alpha Fund Common Shares of Beneficial Interest,$16.76,-0.09,-0.534%,NA
JENA,Jena Acquisition Corporation II Class A Ordinary Shares,$10.43,0.04,0.385%,NA
JFR,Nuveen Floating Rate Income Fund Common Stock,$7.24,-0.07,-0.958%,NA
JGH,Nuveen Global High Income Fund Common Shares of Beneficial Interest,$11.65,-0.10,-0.851%,NA
JLS,Nuveen Mortgage and Income Fund,$16.15,-0.15,-0.92%,NA
JMM,Nuveen Multi-Market Income Fund (MA),$5.50,-0.08,-1.434%,NA
JOF,Japan Smaller Capitalization Fund Inc Common Stock,$12.41,0.05,0.405%,NA
JONE,Jones Ventures INTL Acquisition1 Corp Class A Ordinary Shares,$9.82,-0.03,-0.305%,NA
JONER,Jones Ventures INTL Acquisition1 Corp Rights,$0.1201,-0.0099,-7.615%,NA
JONEU,Jones Ventures INTL Acquisition1 Corp Units,$10.00,UNCH,--,NA
JPC,Nuveen Preferred & Income Opportunities Fund,$6.80,-0.04,-0.585%,NA
JPM^C,"J P Morgan Chase & Co Depositary Shares, each representing a 1/400th interest in a share of 6.00% Non-Cumulative  Preferred Stock, Series EE",$23.07,-0.24,-1.03%,NA
JPM^D,"J P Morgan Chase & Co Depositary Shares, each representing a 1/400th  interest in a share of 5.75% Non-Cumulative  Preferred Stock, Series DD",$21.81,-0.36,-1.624%,NA
JPM^J,"J P Morgan Chase & Co Depositary Shares, each representing a 1/400th interest in a share of JPMorgan Chase & Co. 4.75% Non-Cumulative Preferred Stock, Series GG",$17.77,-0.16,-0.892%,NA
JPM^K,"J P Morgan Chase & Co Depositary Shares, each representing a 1/400th interest in a share of 4.55% Non-Cumulative Preferred Stock, Series JJ",$17.07,-0.15,-0.871%,NA
JPM^L,"J P Morgan Chase & Co Depositary Shares, each representing a 1/400th interest in a share of 4.625% Non-Cumulative Preferred Stock, Series LL",$17.43,-0.07,-0.40%,NA
JPM^M,"J P Morgan Chase & Co Depositary Shares, each representing a 1/400th interest in a share of 4.20% Non-Cumulative Preferred Stock, Series MM",$16.09,-0.15,-0.924%,NA
JQC,Nuveen Credit Strategies Income Fund Shares of Beneficial Interest,$4.58,-0.04,-0.866%,NA
JRI,Nuveen Real Asset Income and Growth Fund Common Shares of Beneficial Interest,$11.17,-0.08,-0.711%,NA
JRS,Nuveen Real Estate Income Fund Common Shares of Beneficial Interest,$7.48,-0.08,-1.058%,NA
JTTT,JATT III Acquisition Corp Ordinary Shares,$10.88,-0.13,-1.181%,NA
JXN^A,"Jackson Financial Inc. Depositary Shares, each representing a 1/1,000th interest in a share of Fixed-Rate Reset Noncumulative Perpetual Preferred Stock, Series A",$25.48,-0.07,-0.274%,NA
KBON,Karbon Capital Partners Corp. Class A Ordinary Shares,$10.07,-0.005,-0.05%,NA
KCHV,Kochav Defense Acquisition Corp. Class A Ordinary Shares,$10.45,UNCH,--,NA
KCHVR,Kochav Defense Acquisition Corp. Right,$0.1005,UNCH,--,NA
KCHVU,Kochav Defense Acquisition Corp. Units,$10.52,UNCH,--,NA
KEY^I,"KeyCorp Depositary Shares Each Representing a 1/40th Ownership Interest in a Share of Fixed-to-Floating Rate Perpetual Non-Cumulative Preferred Stock, Series E",$25.00,0.04,0.16%,NA
KEY^J,"KeyCorp Depositary Shares each representing a 1/40th ownership interest in a share of Fixed Rate Perpetual Non-Cumulative Preferred Stock, Series F",$20.00,-0.12,-0.596%,NA
KEY^K,"KeyCorp Depositary Shares, each representing a 1/40th ownership interest in a share of Fixed Rate Perpetual Non-Cumulative Preferred Stock, Series G",$19.79,-0.195,-0.976%,NA
KEY^L,"KeyCorp Depositary Shares each representing a 1/40th ownership interest in a share of Fixed Rate Perpetual Non-Cumulative Preferred Stock, Series H",$24.82,-0.08,-0.321%,NA
KEYY,Keystone Acquisition Corp. Class A Ordinary Shares,$9.91,UNCH,--,NA
KF,"Korea Fund, Inc. (The) New Common Stock",$65.69,-0.59,-0.89%,NA
KFII,K&F Growth Acquisition Corp. II Class A Ordinary shares,$10.66,-0.01,-0.094%,NA
KFIIR,K&F Growth Acquisition Corp. II Rights,$0.1098,UNCH,--,NA
KIM^L,"Kimco Realty Corporation Class L Depositary Shares, each of which represents a one-one thousandth fractional interest in a share of 5.125% Class L Cumulative Redeemable Preferred Stock, liquidation preference $25,000.00 per share",$20.01,-0.08,-0.398%,NA
KIM^M,"Kimco Realty Corporation Class M Depositary Shares, each of which represents a one-one thousandth fractional interest in a share of 5.25% Class M Cumulative Redeemable Preferred Stock, liquidation preference $25,000.00 per share",$20.14,-0.17,-0.837%,NA
KIM^N,"Kimco Realty Corporation Depositary Shares, each representing 1/1,000th interest in a share of 7.25% Class N Cumulative Convertible Perpetual Preferred Stock",$61.085,UNCH,--,NA
KIO,KKR Income Opportunities Fund Common Shares,$10.30,-0.14,-1.341%,NA
KKR^D,KKR & Co. Inc. 6.25% Series D Mandatory Convertible Preferred Stock,$42.85,-0.35,-0.81%,NA
KKRT,KKR & Co. Inc. 6.875% Subordinated Notes due 2065,$23.08,0.07,0.304%,NA
KOYN,CSLM Digital Asset Acquisition Corp III Class A Ordinary Shares,$10.23,UNCH,--,NA
KOYNW,CSLM Digital Asset Acquisition Corp III Warrants,$0.19,-0.0442,-18.873%,NA
KPET,KPET Ultra Paceline Corporation Class A Ordinary Shares,$9.99,UNCH,--,NA
KRAQ,KRAKacquisition Corp Class A Ordinary Shares,$10.02,0.01,0.10%,NA
KRAQW,KRAKacquisition Corp Warrants,$0.41,-0.0001,-0.024%,NA
KREF^A,KKR Real Estate Finance Trust Inc. 6.50% Series A Cumulative Redeemable Preferred Stock,$18.17,0.17,0.944%,NA
KRSP,Rice Acquisition Corporation 3 Class A Ordinary Shares,$10.55,-0.04,-0.378%,NA
KTH,Structures Products Cp 8% CorTS Issued by Peco Energy Cap Tr II Preferred Stock,$28.755,0.1064,0.371%,NA
KTN,Structured Products Corp 8.205% CorTS 8.205% Corporate Backed Trust Securities (CorTS),$25.5701,-0.0671,-0.262%,NA
LAFA,LaFayette Acquisition Corp. Ordinary Share,$10.18,0.02,0.197%,NA
LATA,Galata Acquisition Corp. II Class A Ordinary Shares,$10.19,0.02,0.197%,NA
LCCC,Lakeshore Acquisition III Corp. Ordinary Shares,$10.52,UNCH,--,NA
LCCCR,Lakeshore Acquisition III Corp. Rights,$0.1455,0.0005,0.345%,NA
LDP,"Cohen & Steers Limited Duration Preferred and Income Fund, Inc.",$19.32,UNCH,--,NA
LEDRU,Leader's Advantage Acquisition Corp. Units,$9.97,UNCH,--,NA
LFAC,Leapfrog Acquisition Corporation Class A Ordinary Shares,$10.075,UNCH,--,NA
LFT^A,"Lument Finance Trust, Inc. 7.875% Series A Cumulative Redeemable Preferred Stock",$16.375,-0.375,-2.239%,NA
LGI,Lazard Global Total Return and Income Fund Common Stock,$17.17,-0.09,-0.521%,NA
LKSP,Lake Superior Acquisition Corp. Class A Ordinary Shares,$10.25,0.01,0.098%,NA
LKSPR,Lake Superior Acquisition Corp. Rights,$1.15,UNCH,--,NA
LKSPU,Lake Superior Acquisition Corp. Units,$10.29,-0.155,-1.484%,NA
LNC^D,"Lincoln National Corporation Depositary Shares Each Representing a 1/1,000th Interest in a Share of 9.000% Non-Cumulative Preferred Stock, Series D",$25.78,UNCH,--,NA
LOB^A,"Live Oak Bancshares, Inc. Depositary Shares, Each Representing a 1/40th Interest in a Share of 8.375% Fixed Rate Series A Non-Cumulative Perpetual Preferred Stock",$25.20,0.155,0.619%,NA
LOVIU,Live Oak Acquisition Corp. VI Units,$10.015,0.005,0.05%,NA
LPAA,Launch One Acquisition Corp. Class A Ordinary shares,$10.76,UNCH,--,NA
LPAAW,Launch One Acquisition Corp. Warrant,$0.1306,UNCH,--,NA
LPBB,Launch Two Acquisition Corp. Class A Ordinary Shares,$10.83,UNCH,--,NA
LPBBW,Launch Two Acquisition Corp. Warrant,$0.1751,UNCH,--,NA
LPCV,Launchpad Cadenza Acquisition Corp I Class A Ordinary Share,$10.07,UNCH,--,NA
LPCVU,Launchpad Cadenza Acquisition Corp I Unit,$10.13,-0.1248,-1.217%,NA
LTGR,Long Table Growth Corp. Class A Ordinary Shares,$9.99,0.025,0.251%,NA
LTGRU,Long Table Growth Corp. Units,$10.19,UNCH,--,NA
LWAC,LightWave Acquisition Corp. Class A Ordinary Shares,$10.3821,UNCH,--,NA
LWACU,LightWave Acquisition Corp. Units,$10.36,UNCH,--,NA
LWACW,LightWave Acquisition Corp. Warrants,$0.1399,0.0099,7.615%,NA
LXP^C,LXP Industrial Trust 6.5% Series C Cumulative Convertible Preferred Stock,$49.25,UNCH,--,NA
MAA^I,"Mid-America Apartment Communities, Inc. 8.50% Series I Cumulative Redeemable Preferred Stock",$50.095,-0.1549,-0.308%,NA
MACI,Melar Acquisition Corp. I Class A Ordinary Shares,$11.05,UNCH,--,NA
MBVI,M3-Brigade Acquisition VI Corp. Class A Ordinary Shares,$10.24,UNCH,--,NA
MBVIW,M3-Brigade Acquisition VI Corp. Warrant,$0.35,0.02,6.061%,NA
MCAH,Mountain Crest Acquisition 6 Corp. Ordinary Shares,$10.03,UNCH,--,NA
MCAHU,Mountain Crest Acquisition 6 Corp. Units,$10.23,-0.19,-1.823%,NA
MCGA,Yorkville Acquisition Corp. Class A Ordinary Share,$10.36,UNCH,--,NA
MCGAU,Yorkville Acquisition Corp. Unit,$10.335,UNCH,--,NA
MCN,XAI Madison Equity Premium Income Fund Common Shares,$5.32,-0.01,-0.188%,NA
MEGI,NYLIM CBRE Global Infrastructure Megatrends Term Fund Common Shares,$13.63,-0.30,-2.154%,NA
MER^K,"Bank of America Corporation Income Capital Obligation Notes initially due December 15, 2066",$23.74,-0.09,-0.378%,NA
MESH,Meshflow Acquisition Corp. Class A Ordinary Shares,$10.08,UNCH,--,NA
MESHW,Meshflow Acquisition Corp. Warrants,$0.20,-0.01,-4.762%,NA
MET^A,"MetLife, Inc. Preferred Series A Floating Rate",$21.42,0.07,0.328%,NA
MET^E,"MetLife, Inc. Depositary Shares ",$20.21,-0.15,-0.737%,NA
MET^F,"MetLife, Inc. Depositary Shares, each representing a 1/1,000th interest in a share of 4.75% Non-Cumulative Preferred Stock, Series F",$17.03,-0.09,-0.526%,NA
METCI,"Ramaco Resources, Inc. 8.250% Senior Notes due 2030",$25.45,UNCH,--,NA
METCZ,"Ramaco Resources, Inc. 8.375% Senior Notes due 2029",$25.475,-0.065,-0.255%,NA
MEVO,M Evo Global Acquisition Corp II Class A Ordinary Shares,$10.02,0.005,0.05%,NA
MEVOW,M Evo Global Acquisition Corp II Warrants,$0.365,UNCH,--,NA
MFA^B,"MFA Financial, Inc. Preferred Series B",$18.74,-0.22,-1.16%,NA
MFA^C,"MFA Financial, Inc. 6.50% Series C Fixed-to-Floating Rate Cumulative Redeemable Preferred Stock",$22.48,-0.26,-1.143%,NA
MHF,"Western Asset Municipal High Income Fund, Inc. Common Stock",$6.11,-0.16,-2.552%,NA
MIAC,Meridian3 Industrials Acquisition Corp Class A Ordinary Shares,$9.82,UNCH,--,NA
MIACW,Meridian3 Industrials Acquisition Corp Warrant,$0.34,UNCH,--,NA
MITT^A,"TPG Mortgage Investment Trust, Inc. 8.25% Series A Cumulative Redeemable Preferred Stock",$20.78,-0.35,-1.656%,NA
MITT^B,"TPG Mortgage Investment Trust, Inc. 8.00% Series B Cumulative Redeemable Preferred Stock",$19.24,-0.42,-2.136%,NA
MITT^C,"TPG Mortgage Investment Trust, Inc. 8.00% Series C Fixed-to-Floating Rate Cumulative Redeemable Preferred Stock, $0.01 par value per share",$24.97,-0.0701,-0.28%,NA
MKLY,McKinley Acquisition Corporation Class A Ordinary Shares,$10.26,0.01,0.098%,NA
MKLYR,McKinley Acquisition Corporation Rights,$0.278,0.028,11.20%,NA
MKLYU,McKinley Acquisition Corporation Units,$10.58,0.01,0.095%,NA
MLAA,Mountain Lake Acquisition Corp. II Class A Ordinary Shares,$10.01,UNCH,--,NA
MLCIL,Mount Logan Capital Inc. 8.00% Notes Due 2031,$22.21,-0.29,-1.289%,NA
MMD,NYLIM MacKay DefinedTerm Muni Opportunities Fund Common Shares,$13.70,-0.23,-1.651%,NA
MMTX,Miluna Acquisition Corp Class A Ordinary Share,$10.19,UNCH,--,NA
MMTXU,Miluna Acquisition Corp Units,$10.10,UNCH,--,NA
MMU,"Western Asset Managed Municipals Fund, Inc. Common Stock",$9.01,-0.13,-1.422%,NA
MPA,Blackrock MuniYield Pennsylvania Quality Fund Common Stock,$9.89,-0.08,-0.802%,NA
MRCO,Mercator Acquisition Corp. Class A Ordinary Shares,$9.85,-0.01,-0.101%,NA
MRCOW,Mercator Acquisition Corp. Warrant,$0.3001,-0.0099,-3.194%,NA
MS^A,Morgan Stanley Dep Shs repstg 1/1000 Pfd Ser A,$19.16,-0.05,-0.26%,NA
MS^E,Morgan Stanley DEPOSITARY SHARES REP 1/1000TH SHARES FIXED/FLTG PREFERRED STOCK SERIES E,$25.425,-0.115,-0.45%,NA
MS^F,Morgan Stanley Dep Shs Rpstg 1/1000th Int Prd Ser F Fxd to Flag,$25.20,UNCH,--,NA
MS^I,Morgan Stanley Depository Shares Representing 1/1000th Preferred Series 1 Fixed to Floating Non (Cum),$23.72,-0.10,-0.42%,NA
MS^K,"Morgan Stanley Depositary Shares, each representing 1/1,000th of a share of Fixed-to-Floating Rate Non-Cumulative Preferred Stock,  Series K",$21.69,-0.21,-0.959%,NA
MS^L,"Morgan Stanley Depositary Shares, each representing 1/1,000th of a share of 4.875% Non-Cumulative Preferred Stock, Series L",$18.31,-0.16,-0.866%,NA
MS^O,"Morgan Stanley Depositary Shares, each representing 1/1,000th of a share of 4.250% Non-Cumulative Preferred Stock, Series O",$15.82,-0.10,-0.628%,NA
MS^P,"Morgan Stanley Depositary Shares, each representing 1/1,000th of a share of 6.500% Non-Cumulative Preferred Stock, Series P",$24.69,-0.03,-0.121%,NA
MS^Q,"Morgan Stanley Depositary Shares, each representing 1/1,000th of a share of 6.625% Non-Cumulative Preferred Stock, Series Q",$24.95,-0.06,-0.24%,NA
MSD,"Morgan Stanley Emerging Markets Debt Fund, Inc. Common Stock",$6.95,0.04,0.579%,NA
MSDL,Morgan Stanley Direct Lending Fund Common Stock,$14.33,-0.07,-0.486%,NA
MTAK,Market Technology Acquisition Corp Class A Ordinary Shares,$9.86,-0.01,-0.101%,NA
MTAKU,Market Technology Acquisition Corp Unit,$9.95,0.02,0.201%,NA
MTAKW,Market Technology Acquisition Corp Warrants,$0.18,UNCH,--,NA
MTB^H,"M&T Bank Corporation Perpetual Fixed-to-Floating Rate Non-Cumulative Preferred Stock, Series H",$25.01,0.04,0.16%,NA
MTB^J,"M&T Bank Corporation Depositary Shares each representing a 1/400th ownership interest in a share of Perpetual 7.500% Non-Cumulative Preferred Stock, Series J",$25.39,0.02,0.079%,NA
MTB^K,"M&T Bank Corporation Depositary Shares each representing a 1/400th interest in a share of Perpetual 6.350% Non-Cumulative Preferred Stock, Series K",$22.75,-0.35,-1.515%,NA
MTB^L,"M&T Bank Corporation Depositary Shares each representing a 1/400th ownership interest in a share of Perpetual 6.625% Non-Cumulative Preferred Stock, Series L",$23.55,-0.26,-1.092%,NA
MTNE,CH4 Natural Solutions Corporation Class A Ordinary Shares,$9.91,UNCH,--,NA
MUZE,Muzero Acquisition Corp Class A Ordinary Shares,$10.00,-0.01,-0.10%,NA
MUZEU,Muzero Acquisition Corp Unit,$10.10,UNCH,--,NA
MXE,"Mexico Equity and Income Fund, Inc. (The) Common Stock",$12.9001,-0.3799,-2.861%,NA
MXF,"Mexico Fund, Inc. (The) Common Stock",$20.69,-0.25,-1.194%,NA
MYN,"Blackrock MuniYield New York Quality Fund, Inc.Common Stock",$8.92,-0.02,-0.224%,NA
MYX,Maywood Acquisition Corp. 2 Class A Ordinary Share,$10.0499,UNCH,--,NA
MYXXR,Maywood Acquisition Corp. 2 Rights,$0.207,UNCH,--,NA
MZYX,MOZAYYX Acquisition Corp. Class A Ordinary Shares,$9.99,-0.0101,-0.101%,NA
NAC,Nuveen California Quality Municipal Income Fund,$10.57,-0.11,-1.03%,NA
NAD,Nuveen Quality Municipal Income Fund Common Stock,$10.12,-0.27,-2.599%,NA
NAZ,Nuveen Arizona Quality Municipal Income Fund Common Stock,$11.04,-0.24,-2.128%,NA
NBB,Nuveen Taxable Municipal Income Fund Common Shares of Beneficial Interest,$14.17,-0.26,-1.802%,NA
NBH,Neuberger Municipal Fund Inc. Common Stock,$9.32,-0.18,-1.895%,NA
NBRG,Newbridge Acquisition Limited Class A Ordinary Share,$10.06,UNCH,--,NA
NBRGR,Newbridge Acquisition Limited Rights,$0.3999,0.0399,11.083%,NA
NBRGU,Newbridge Acquisition Limited Unit,$10.35,UNCH,--,NA
NBXG,Neuberger Next Generation Connectivity Fund Inc. Common Stock,$15.51,-0.06,-0.385%,NA
NCA,Nuveen California Municipal Value Fund,$8.27,-0.19,-2.246%,NA
NCO,Southern Cross Acquisition I Corp. Ordinary Shares,$9.91,UNCH,--,NA
NCOOU,Southern Cross Acquisition I Corp. Units,$10.0701,-0.2049,-1.994%,NA
NCV^A,Virtus Convertible & Income Fund 5.625% Series A Cumulative Preferred Shares,$19.3524,-0.0376,-0.194%,NA
NCZ^A,Virtus Convertible & Income Fund II 5.50% Series A Cumulative Preferred Shares,$18.6901,-0.0099,-0.053%,NA
NEA,Nuveen AMT-Free Quality Municipal Income Fund Common Shares of Beneficial Interest Par Value $.01,$9.97,-0.12,-1.189%,NA
NEE^N,"NextEra Energy Capital Holdings Inc. Series N Junior Subordinated Debentures due March 1, 2079",$19.43,-0.22,-1.12%,NA
NEE^S,"NextEra Energy, Inc. 7.299% Corporate Units",$48.77,-0.36,-0.733%,NA
NEE^T,"NextEra Energy, Inc. 7.234% Corporate Units",$45.39,-0.31,-0.678%,NA
NEE^U,"NextEra Energy, Inc. Series U Junior Subordinated Debentures due June 1, 2085",$22.55,0.03,0.133%,NA
NEE^V,"NextEra Energy, Inc. 7.375% Corporate Units",$43.20,-0.14,-0.323%,NA
NEE^W,"NextEra Energy Capital Holdings Inc. Series Z Junior Subordinated Debentures due April 15, 2086",$22.435,-0.045,-0.20%,NA
NEWTH,"NewtekOne, Inc. 8.625% Fixed Rate Senior Notes due 2029",$25.115,-0.205,-0.81%,NA
NEWTO,"NewtekOne, Inc. 8.50% Fixed Rate Senior Notes due 2031",$25.995,UNCH,--,NA
NFJ,"Virtus Dividend, Interest & Premium Strategy Fund Common Shares of Beneficial Interest",$15.06,0.02,0.133%,NA
NGL^B,NGL ENERGY PARTNERS LP 9.00% Class B Fixed-to-Floating Rate Cumulative Redeemable Perpetual Preferred Units representing limited partnership interests,$25.8302,-0.0098,-0.038%,NA
NGL^C,NGL ENERGY PARTNERS LP 9.625% Class C Fixed-to-Floating Rate Cumulative  Redeemable Perpetual Preferred Units representing  limited partner interests,$25.85,UNCH,--,NA
NHIV,NewHold Investment Corp IV Class A Ordinary Shares,$10.06,UNCH,--,NA
NHS,Neuberger High Yield Strategies Fund Inc. Common Stock,$5.44,-0.03,-0.548%,NA
NIM,Nuveen Select Maturities Municipal Fund Common Stock,$8.79,-0.07,-0.79%,NA
NKX,Nuveen California AMT-Free Quality Municipal Income Fund,$10.86,-0.19,-1.719%,NA
NLY^F,Annaly Capital Management Inc 6.95% Series F,$25.24,0.05,0.198%,NA
NLY^G,Annaly Capital Management Inc 6.50% Series G Fixed-to-Floating Rate Cumulative Redeemable Preferred Stock,$25.08,-0.07,-0.278%,NA
NLY^I,Annaly Capital Management Inc 6.750% Series I Fixed-to-Floating Rate Cumulative Redeemable Preferred Stock,$24.95,UNCH,--,NA
NLY^J,Annaly Capital Management Inc. 8.875% Series J Fixed-Rate Cumulative Redeemable Preferred Stock,$25.54,-0.0601,-0.235%,NA
NMAI,Nuveen Multi-Asset Income Fund Common Shares of Beneficial Interest,$14.02,-0.16,-1.128%,NA
NMI,"Nuveen Municipal Income Fund, Inc. Common Stock",$9.7062,0.0012,0.012%,NA
NML,Neuberger Energy Infrastructure and Income Fund Inc. Common Stock,$10.36,-0.04,-0.385%,NA
NMP,NMP Acquisition Corp. Class A Ordinary Shares,$10.38,0.009,0.087%,NA
NMPAR,NMP Acquisition Corp. Right,$0.2311,-0.0132,-5.403%,NA
NMS,Nuveen Minnesota Quality Municipal Income Fund ,$9.97,-0.06,-0.598%,NA
NMT,Nuveen Massachusetts Quality Municipal Income Fund Common Stock,$11.01,UNCH,--,NA
NMZ,"Nuveen Municipal High Income Opportunity Fund Common Stock, $0.01 par value, per share",$9.09,0.01,0.11%,NA
NNY,Nuveen New York Municipal Value Fund Common Stock,$7.80,0.01,0.128%,NA
NOEM,CO2 Energy Transition Corp. Common Stock,$10.58,UNCH,--,NA
NOEMW,CO2 Energy Transition Corp. Warrant,$0.1348,UNCH,--,NA
NPAC,New Providence Acquisition Corp. III Class A Ordinary Shares,$10.49,UNCH,--,NA
NPACU,New Providence Acquisition Corp. III Units,$10.50,UNCH,--,NA
NPCT,Nuveen Core Plus Impact Fund Common Shares of Beneficial Interest,$9.29,-0.14,-1.485%,NA
NPFD,Nuveen Variable Rate Preferred & Income Fund Common Shares,$17.27,-0.09,-0.518%,NA
NPV,Nuveen Virginia Quality Municipal Income Fund Common Stock,$9.55,-0.10,-1.036%,NA
NREF^A,"NexPoint Real Estate Finance, Inc. 8.50% Series A Cumulative Redeemable Preferred Stock",$25.25,0.20,0.798%,NA
NRK,Nuveen New York AMT-Free Quality Municipal Income Fund ,$9.41,-0.18,-1.877%,NA
NRO,Neuberger Real Estate Securities Income Fund Inc. Common Stock,$2.67,-0.03,-1.111%,NA
NRUC,National Rural Utilities Cooperative Finance Corporation 5.500% Subordinated Notes due 2064 (Subordinated Deferrable Interest Notes),$20.76,-0.05,-0.24%,NA
NSAI,NorthStrive Acquisition Corp I. Class A Ordinary Shares,$9.87,-0.01,-0.101%,NA
NSAIR,NorthStrive Acquisition Corp I. Rights,$0.14,UNCH,--,NA
NSAIU,NorthStrive Acquisition Corp I. Units,$10.04,-0.02,-0.199%,NA
NTWO,Newbury Street II Acquisition Corp Class A Ordinary Shares,$10.86,-0.045,-0.413%,NA
NTWOU,Newbury Street II Acquisition Corp Unit,$11.50,-0.15,-1.288%,NA
NTWOW,Newbury Street II Acquisition Corp Warrant,$1.03,-0.11,-9.649%,NA
NUV,"Nuveen Municipal Value Fund, Inc. Common Stock",$8.13,-0.11,-1.335%,NA
NUW,Nuveen AMT-Free Municipal Value Fund,$12.955,-0.105,-0.804%,NA
NVG,Nuveen AMT-Free Municipal Credit Income Fund ,$10.94,-0.25,-2.234%,NA
NWAX,New America Acquisition I Corp. Class A Common Stock,$10.07,-0.01,-0.099%,NA
NXDT^A,NexPoint Diversified Real Estate Trust 5.50% Series A Cumulative Preferred Shares ($25.00 liquidation preference per share),$12.9501,0.2108,1.655%,NA
NZF,Nuveen Municipal Credit Income Fund ,$11.07,-0.17,-1.512%,NA
OACC,Oaktree Acquisition Corp. III Life Sciences Class A Ordinary Share,$10.78,0.03,0.279%,NA
OACCU,Oaktree Acquisition Corp. III Life Sciences Unit,$10.9988,UNCH,--,NA
OAK^A,"Brookfield Oaktree Holdings, LLC 6.625% Series A Preferred Units",$20.375,-0.12,-0.586%,NA
OAK^B,"Brookfield Oaktree Holdings, LLC 6.550% Series B Preferred Units",$20.125,-0.065,-0.322%,NA
OBA,Oxley Bridge Acquisition Limited Class A Ordinary Shares,$10.34,0.01,0.097%,NA
OCAC,Ocean Capital Acquisition Corporation Ordinary Shares,$9.98,UNCH,--,NA
OCCIM,"OFS Credit Company, Inc. 7.875% Series F Term Preferred Stock",$24.87,-0.01,-0.04%,NA
OCLT,OceanLight Acquisition Corporation Ordinary Shares,$9.90,UNCH,--,NA
OCLTU,OceanLight Acquisition Corporation Units,$10.18,0.0303,0.299%,NA
OCLTW,OceanLight Acquisition Corporation Warrants,$0.0499,-0.0086,-14.701%,NA
OHAC,Oceanhawk Acquisition Corp. Class A Ordinary Shares,$9.99,0.01,0.10%,NA
OIM,OneIM Acquisition Corp. Class A Ordinary Shares,$10.15,UNCH,--,NA
OIMAW,OneIM Acquisition Corp. Warrant,$0.6578,-0.0422,-6.029%,NA
ONCH,1RT Acquisition Corp. Class A Ordinary Share,$10.32,UNCH,--,NA
ONCHU,1RT Acquisition Corp. Units,$10.43,UNCH,--,NA
ONEN,ONE Nuclear Energy Inc. Common Stock  ,$3.47,3.47,--,NA
OPP,"RiverNorth/DoubleLine Strategic Opportunity Fund, Inc. Common Stock",$6.92,-0.05,-0.717%,NA
OPP^A,"RiverNorth/DoubleLine Strategic Opportunity Fund, Inc. 4.375% Series A Cumulative Preferred Stock",$15.25,0.01,0.066%,NA
OPP^B,"RiverNorth/DoubleLine Strategic Opportunity Fund, Inc. 4.75% Series B Cumulative Preferred Stock",$16.38,0.06,0.368%,NA
OPP^C,"RiverNorth/DoubleLine Strategic Opportunity Fund, Inc. 6.00% Series C Term Preferred Stock (Liquidation Preference $10.00 per share)",$10.14,0.0239,0.236%,NA
ORCL^D,"Oracle Corporation Depositary Shares, each representing a 1/2,000th interest in a sh of 6.50% Series D Mandatory Convertible Preferred Stock",$44.15,-2.37,-5.095%,NA
ORIQ,Origin Investment Corp I Ordinary Shares,$10.4399,UNCH,--,NA
ORIQW,Origin Investment Corp I Warrant.,$0.1739,UNCH,--,NA
OSPR,Osprey Acquisition Corp. III Class A Ordinary Shares,$9.82,UNCH,--,NA
OSPRU,Osprey Acquisition Corp. III Units,$9.99,UNCH,--,NA
OTAI,Starlink AI Acquisition Corporation Ordinary Shares,$9.995,0.005,0.05%,NA
OTGA,OTG Acquisition Corp. I Class A Ordinary Share ,$10.25,UNCH,--,NA
OTGAU,OTG Acquisition Corp. I Unit,$10.36,-0.04,-0.385%,NA
OXLCG,Oxford Lane Capital Corp. 7.95% Notes due 2032,$24.90,-0.045,-0.18%,NA
OXLCI,Oxford Lane Capital Corp. 8.75% Notes due 2030,$25.26,-0.09,-0.355%,NA
OXSQH,Oxford Square Capital Corp. 7.75% Notes due 2030,$24.94,-0.24,-0.953%,NA
OYSE,Oyster Enterprises II Acquisition Corp Class A Ordinary Shares,$10.395,0.005,0.048%,NA
OYSER,Oyster Enterprises II Acquisition Corp Rights,$0.0886,-0.0115,-11.489%,NA
PAACW,Proem Acquisition Corp I Warrants,$0.50,UNCH,--,NA
PACH,Pioneer Acquisition I Corp Class A Ordinary Shares,$10.35,0.01,0.097%,NA
PAI,Western Asset Investment Grade Income Fund Inc.,$11.52,-0.03,-0.26%,NA
PAII,Pyrophyte Acquisition Corp. II Class A Ordinary Shares,$10.30,UNCH,--,NA
PALO,Paloma Acquisition Corp I Class A Ordinary Shares,$10.02,UNCH,--,NA
PARA,"Banzai International, Inc. Class A Common Stock",$0.8191,-0.0662,-7.478%,NA
PAXS,PIMCO Access Income Fund Common Shares of Beneficial Interest,$13.09,0.03,0.23%,NA
PBI^B,Pitney Bowes Inc 6.70% Notes Due 2043,$21.10,-0.05,-0.236%,NA
PCAP,ProCap Acquisition Corp Class A Ordinary Shares,$10.375,0.005,0.048%,NA
PCAPU,ProCap Acquisition Corp Unit,$10.44,-0.03,-0.287%,NA
PCF,High Income Securities Fund Common Stock,$5.33,UNCH,--,NA
PCG^A,Pacific Gas & Electric Co. 6% Preferred Stock,$20.325,0.02,0.098%,NA
PCG^B,Pacific Gas & Electric Co. 5 1/2% Preferred Stock,$18.85,0.10,0.533%,NA
PCG^C,Pacific Gas & Electric Co. 5% 1st Preferred Stock,$16.8764,UNCH,--,NA
PCG^D,Pacific Gas & Electric Co. 5% 1st  Red. Preferred Stock,$16.64,0.31,1.898%,NA
PCG^E,Pacific Gas & Electric Co. 5% 1st A Preferred Stock,$16.40,-0.455,-2.699%,NA
PCG^G,Pacific Gas & Electric Co. 4.80% 1st Preferred Stock,$16.50,UNCH,--,NA
PCG^H,Pacific Gas & Electric Co. 4.50% 1st Preferred Stock,$15.51,0.0099,0.064%,NA
PCG^I,Pacific Gas & Electric Co. 4.36% 1st Preferred Stock,$15.26,0.01,0.066%,NA
PCG^X,PG&E Corp 6.000% Series A Mandatory Convertible Preferred Stock,$31.69,-0.16,-0.502%,NA
PCM,"PCM Fund, Inc. Common Stock",$4.92,-0.01,-0.203%,NA
PCN,Pimco Corporate & Income Strategy Fund Common Stock,$10.71,-0.04,-0.372%,NA
PCQ,PIMCO California Municipal Income Fund Common Stock,$7.93,-0.13,-1.613%,NA
PDCC,Pearl Diver Credit Company Inc. Common Stock,$8.67,-0.0092,-0.106%,NA
PDPA,Pearl Diver Credit Company Inc. 8.00% Series A Preferred Stock Due 2029,$25.025,0.075,0.301%,NA
PDT,John Hancock Premium Dividend Fund,$11.85,0.02,0.169%,NA
PEB^E,Pebblebrook Hotel Trust 6.375% Series E Cumulative Redeemable Preferred Shares of Beneficial Interest,$19.75,-0.15,-0.754%,NA
PEB^F,Pebblebrook Hotel Trust 6.3% Series F Cumulative Redeemable Preferred Shares of Beneficial Interest,$19.80,-0.10,-0.503%,NA
PEB^G,Pebblebrook Hotel Trust 6.375% Series G Cumulative Redeemable Preferred Shares of Beneficial Interest,$19.90,0.01,0.05%,NA
PEB^H,Pebblebrook Hotel Trust 5.700% Series H Cumulative Redeemable Preferred Shares of Beneficial Interest,$18.35,-0.065,-0.353%,NA
PECE,Peace Acquisition Corp Ordinary Shares,$10.005,0.005,0.05%,NA
PECEU,Peace Acquisition Corp Units,$10.42,0.02,0.192%,NA
PECEW,Peace Acquisition Corp Warrant,$0.08,UNCH,--,NA
PEO,"Adams Natural Resources Fund, Inc. Common Stock",$28.20,0.12,0.427%,NA
PFD,Flaherty & Crumrine Preferred and Income Fund Incorporated,$10.90,-0.01,-0.092%,NA
PFL,PIMCO Income Strategy Fund Shares of Beneficial Interest,$6.86,-0.04,-0.58%,NA
PFLA,PennantPark Floating Rate Capital Ltd. 7.375% Notes Due 2031,$25.03,-0.17,-0.675%,NA
PFN,PIMCO Income Strategy Fund II,$6.19,-0.07,-1.118%,NA
PFO,Flaherty & Crumrine Preferred and Income Opportunity Fund Incorporated,$8.75,-0.04,-0.455%,NA
PGAC,Pantages Capital Acquisition Corporation Class A Ordinary Shares,$10.71,UNCH,--,NA
PGACR,Pantages Capital Acquisition Corporation Right,$0.1601,-0.0102,-5.989%,NA
PGP,Pimco Global StocksPlus & Income Fund Common Shares of Beneficial Interest,$8.28,0.01,0.121%,NA
PGZ,Principal Real Estate Income Fund Common Shares of Beneficial Interest,$9.10,-0.08,-0.871%,NA
PHK,Pimco High Income Fund,$4.13,0.02,0.487%,NA
PHXE^,"Phoenix Energy One, LLC Series A Cumulative Redeemable Preferred Shares",$28.66,2.44,9.306%,NA
PINE^A,"Alpine Income Property Trust, Inc. 8.00% Series A Cumulative Redeemable Preferred Stock",$25.29,-0.025,-0.099%,NA
PLCI,Pelican Acquisition II Corporation Ordinary Shares,$9.8901,UNCH,--,NA
PLMK,Plum Acquisition Corp. IV Class A Ordinary Shares,$10.64,-0.08,-0.746%,NA
PLMKW,Plum Acquisition Corp. IV Warrants,$0.3496,0.0395,12.738%,NA
PLUN,Plutonian Acquisition Corp II Class A Ordinary Shares,$10.06,-0.01,-0.099%,NA
PML,Pimco Municipal Income Fund II Common Shares of Beneficial Interest,$6.61,-0.09,-1.343%,NA
PMT^A,PennyMac Mortgage Investment Trust 8.125% Series A Fixed-to-Floating Rate Cumulative Redeemable Preferred Shares of Beneficial Interest,$21.935,0.135,0.619%,NA
PMT^B,PennyMac Mortgage Investment Trust 8.00% Series B Fixed-to-Floating Rate Cumulative Redeemable Preferred Shares of Beneficial Interest,$21.85,-0.07,-0.319%,NA
PMT^C,PennyMac Mortgage Investment Trust 6.75% Series C Cumulative Redeemable Preferred Shares of Beneficial Interest,$17.25,0.16,0.936%,NA
PMTR,Perimeter Acquisition Corp. I Class A Ordinary Shares,$10.43,0.005,0.048%,NA
PMTV,PennyMac Mortgage Investment Trust 9.00% Senior Notes due 2030,$25.3316,-0.0534,-0.21%,NA
PMTW,PennyMac Mortgage Investment Trust 9.00% Senior Notes due 2030,$25.18,0.11,0.439%,NA
PNFP^A,"Pinnacle Financial Partners, Inc. Fixed-to-Floating Rate Non-Cumulative Perpetual Preferred Stock, Series A",$25.22,0.135,0.538%,NA
PNFP^B,"Pinnacle Financial Partners, Inc. Fixed-to-Floating Rate Non-Cumulative Perpetual Preferred Stock, Series B",$25.785,-0.065,-0.251%,NA
PNFP^C,"Pinnacle Financial Partners, Inc. Fixed-to-Floating Rate Non-Cumulative Perpetual Preferred Stock, Series C",$24.40,0.35,1.455%,NA
PNI,Pimco New York Municipal Income Fund II Common Shares of Beneficial Interest,$6.31,-0.05,-0.786%,NA
POLE,Andretti Acquisition Corp. II Class A Ordinary Shares,$10.73,UNCH,--,NA
POLEW,Andretti Acquisition Corp. II Warrant,$0.1201,-0.0056,-4.455%,NA
PONO,"Pono Capital Four, Inc. Class A Ordinary Shares",$10.02,UNCH,--,NA
PRIF^D,"Priority Income Fund, Inc. 7.00% Series D Term Preferred Stock due 2029",$24.815,0.155,0.629%,NA
PRIF^K,"Priority Income Fund, Inc. 7.000% Series K Cumulative Preferred Stock",$21.38,-0.25,-1.156%,NA
PRIF^L,"Priority Income Fund, Inc. 6.375% Series L Term Preferred Stock Due 2029",$24.98,0.01,0.04%,NA
PSA^F,"Public Storage Depositary Shares Each Representing 1/1,000 of a 5.15% Cumulative Preferred Share of Beneficial Interest, Series F, par value $0.01 per share",$18.24,0.06,0.33%,NA
PSA^G,"Public Storage Depositary Shares, Each Representing 1/1,000 of a 5.05% Cumulative Preferred Share of Beneficial Interest, Series G",$18.055,-0.035,-0.193%,NA
PSA^H,"Public Storage Depositary Shares Each Representing 1/1,000 of a  5.60% Cumulative Preferred  Share of Beneficial Interest, Series H",$19.815,-0.065,-0.327%,NA
PSA^I,"Public Storage Depositary Shares Each Representing 1/1,000 of a 4.875% Cumulative Preferred Share of Beneficial Interest, Series I, par value $0.01 per share",$17.17,-0.09,-0.521%,NA
PSA^J,"Public Storage Depositary Shares Each Representing 1/1,000 of a 4.700% Cumulative Preferred Share of Beneficial Interest, Series J, par value $0.01 per share",$16.77,-0.02,-0.119%,NA
PSA^K,"Public Storage Depositary Shares Each Representing 1/1,000 of a 4.75% Cumulative Preferred Share of Beneficial Interest, Series K",$16.865,0.06,0.357%,NA
PSA^L,"Public Storage Depositary Shares Each Representing 1/1,000 of a 4.625% Cumulative Preferred Share of Beneficial Interest, Series L, par value $0.01 per share",$16.49,0.01,0.061%,NA
PSA^M,"Public Storage Depositary Shares Each Representing 1/1,000 of a 4.125% Cumulative Preferred Share of Beneficial Interest, Series M",$14.619,0.059,0.405%,NA
PSA^N,"Public Storage Depositary Shares Each Representing 1/1,000 of a 3.875% Cumulative Preferred Share of Beneficial Interest, Series N",$13.7601,-0.0599,-0.433%,NA
PSA^O,"Public Storage Depositary Shares Each Representing 1/1,000 of a 3.900% Cumulative Preferred Share of Beneficial Interest, Series O",$13.79,-0.015,-0.109%,NA
PSA^P,"Public Storage Depositary Shares Each Representing 1/1,000 of a 4.000% Cumulative Preferred Share of Bene cial Interest, Series P",$14.25,-0.01,-0.07%,NA
PSA^Q,"Public Storage Depositary Shares Each Representing 1/1,000 of a 3.950% Cumulative Preferred Share of Beneficial Interest, Series Q, par value $0.01 per share",$14.09,0.1007,0.72%,NA
PSA^R,"Public Storage Depositary Shares Each Representing 1/1,000 of a 4.00% Cumulative Preferred Share of Bene cial Interest, Series R",$14.2201,0.0601,0.424%,NA
PSA^S,"Public Storage Depositary Shares Each Representing 1/1,000 of a 4.100% Cumulative Preferred Share of Beneficial Interest, Series S",$14.61,0.02,0.137%,NA
PSA^T,"Public Storage 6.000% Cumulative Preferred Shares of beneficial interest, Series T",$21.59,0.09,0.419%,NA
PSA^U,"Public Storage 6.000% Cumulative Preferred Shares of Beneficial Interest, Series U",$21.7794,-0.2076,-0.944%,NA
PSBD,Palmer Square Capital BDC Inc. Common Stock,$10.30,-0.07,-0.675%,NA
PSEC^A,Prospect Capital Corporation 5.35% Series A Fixed Rate Cumulative Perpetual Preferred Stock,$15.55,-0.04,-0.257%,NA
PTAC,Patriot Acquisition Corp. Class A Ordinary Shares,$9.96,-0.06,-0.599%,NA
PTACU,Patriot Acquisition Corp. Units,$10.05,UNCH,--,NA
PTACW,Patriot Acquisition Corp. Warrants,$0.1802,UNCH,--,NA
PTOR,Praetorian Acquisition Corp. Class A Ordinary Shares,$9.965,-0.015,-0.15%,NA
PTORU,Praetorian Acquisition Corp. Units,$10.115,-0.035,-0.345%,NA
PTY,Pimco Corporate & Income Opportunity Fund,$10.75,-0.11,-1.013%,NA
PW^A,Power REIT 7.75% Series A Cumulative Perpetual Preferred Stock,$8.95,-0.01,-0.112%,NA
PWRL,Powerlaw Corp. Common Stock,$11.05,-0.36,-3.155%,NA
PYT,PPlus Tr GSC-2 Tr Ctf Fltg Rate,$23.77,UNCH,--,NA
QADR,QDRO Acquisition Corp. Class A Ordinary Shares,$9.99,0.01,0.10%,NA
QETA,Quetta Acquisition Corporation Common Stock,$11.85,UNCH,--,NA
QLEP,Quantum Leap Acquisition Corp Class A Ordinary Shares,$10.04,-0.01,-0.10%,NA
QQQX,Nuveen NASDAQ 100 Dynamic Overwrite Fund Shares of Beneficial Interest,$30.52,-0.01,-0.033%,NA
QRED,QuasarEdge Acquisition Corporation Ordinary Shares,$10.05,0.005,0.05%,NA
QSEA,Quartzsea Acquisition Corporation Ordinary Shares,$10.65,UNCH,--,NA
QUMS,Quantumsphere Acquisition Corp. Ordinary Shares,$10.34,UNCH,--,NA
QUMSR,Quantumsphere Acquisition Corp. Rights,$0.09,UNCH,--,NA
QXO^B,"QXO, Inc.  Depositary Shares, each representing a 1/20th interest in a share of 5.50% Series B Mandatory Convertible Preferred Stock",$40.67,0.10,0.246%,NA
RA,Brookfield Real Assets Income Fund Inc. Common Stock,$11.71,-0.14,-1.181%,NA
RAC,Rithm Acquisition Corp. Class A Ordinary Shares,$10.57,UNCH,--,NA
RAC/WS,Rithm Acquisition Corp.,$0.4499,UNCH,--,NA
RACC,Research Alliance Corporation III Class A Ordinary Shares,$11.06,UNCH,--,NA
RACD,Research Alliance Corporation IV Class A Ordinary Shares,$12.00,UNCH,--,NA
RANG,Range Capital Acquisition Corp. Ordinary Shares,$10.85,0.0199,0.184%,NA
RANGR,Range Capital Acquisition Corp. Rights,$0.274,-0.0001,-0.036%,NA
RC^C,Ready Capital Corporation 6.25% Series C Cumulative Convertible Preferred Stock,$10.94,-0.1801,-1.62%,NA
RC^E,Ready Capital Corporation 6.50% Series E Cumulative Redeemable Preferred Stock,$11.75,-0.15,-1.261%,NA
RCD,Ready Capital Corporation 9.00% Senior Notes due 2029,$23.17,0.13,0.564%,NA
RCG,"RENN Fund, Inc Common Stock",$3.01,-0.01,-0.331%,NA
RCS,"PIMCO Strategic Income Fund, Inc.",$4.89,-0.05,-1.012%,NA
RDAC,Rising Dragon Acquisition Corp. Ordinary Shares,$5.37,-0.17,-3.069%,NA
RDACR,Rising Dragon Acquisition Corp. Rights,$0.0699,-0.0301,-30.10%,NA
RDAG,Republic Digital Acquisition Company Class A Ordinary Shares,$10.43,0.01,0.096%,NA
RDAGW,Republic Digital Acquisition Company Warrants,$0.2554,-0.0046,-1.769%,NA
REXR^B,"Rexford Industrial Realty, Inc. 5.875% Series B Cumulative Redeemable Preferred Stock",$21.16,-0.46,-2.128%,NA
REXR^C,"Rexford Industrial Realty, Inc. 5.625% Series C Cumulative Redeemable Preferred Stock, par value $0.01 per share",$19.87,-0.19,-0.947%,NA
RF^C,"Regions Financial Corporation Depositary Shares, each Representing a 1/40th Interest in a  Share of 5.700% Fixed-to-Floating Rate Non-Cumulative  Perpetual Preferred Stock, Series C",$24.08,-0.04,-0.166%,NA
RF^E,"Regions Financial Corporation Depositary Shares, Each Representing a 1/40th Interest in a Share of 4.45% Non-Cumulative Perpetual Preferred Stock, Series E",$15.60,-0.05,-0.319%,NA
RF^F,"Regions Financial Corporation Depositary Shares Each Representing a 1/40th Interest in a Share of Non-Cumulative Perpetual Preferred Stock, Series F",$24.9801,-0.0898,-0.358%,NA
RFAI,RF Acquisition Corp II Ordinary Shares,$31.00,-3.225,-9.423%,NA
RFAIR,RF Acquisition Corp II Right,$0.158,0.003,1.935%,NA
RFAIU,RF Acquisition Corp II Unit,$46.50,UNCH,--,NA
RFAM,RF Acquisition Corp III Ordinary Shares,$10.0001,-0.0149,-0.149%,NA
RFAMU,RF Acquisition Corp III Units,$10.145,UNCH,--,NA
RIBB,Ribbon Acquisition Corp Class A Ordinary Shares,$8.815,0.635,7.763%,NA
RIBBR,Ribbon Acquisition Corp Rights,$0.2495,UNCH,--,NA
RITM^A,Rithm Capital Corp. 7.50% Series A Fixed-to-Floating Rate Cumulative Redeemable Preferred Stock,$25.4301,0.0701,0.276%,NA
RITM^B,Rithm Capital Corp. 7.125% Series B Fixed-to-Floating Rate Cumulative Redeemable Preferred Stock,$25.425,0.12,0.474%,NA
RITM^C,Rithm Capital Corp. 6.375% Series C Fixed-to-Floating Rate Cumulative Redeemable Preferred Stock,$24.51,-0.05,-0.204%,NA
RITM^D,Rithm Capital Corp. 7.00% Fixed-Rate Reset Series D Cumulative Redeemable Preferred Stock,$25.29,0.0068,0.027%,NA
RITM^E,Rithm Capital Corp. 8.75% Series E Fixed-Rate Cumulative Redeemable Preferred Stock,$24.03,0.08,0.334%,NA
RITM^F,Rithm Capital Corp. 8.750% Series F Fixed-Rate Reset Cumulative Redeemable Preferred Stock,$24.46,-0.0499,-0.204%,NA
RIV,"RiverNorth Opportunities Fund, Inc. Common Stock",$10.34,-0.22,-2.083%,NA
RIV^A,"RiverNorth Opportunities Fund, Inc. 6.00% Series A Perpetual Preferred Stock",$20.88,-0.02,-0.096%,NA
RLJ^A,RLJ Lodging Trust $1.95 Series A Cumulative Convertible  Preferred Shares,$24.9113,0.0613,0.247%,NA
RLTY,Cohen & Steers Real Estate Opportunities and Income Fund Common Shares of Beneficial Interest,$14.32,-0.09,-0.625%,NA
RNAQ,Rainier Acquisition Corporation Class A Ordinary Shares,$10.09,0.02,0.199%,NA
RNAQU,Rainier Acquisition Corporation Units,$10.17,-0.03,-0.294%,NA
RNGT,Range Capital Acquisition Corp II Class A Ordinary Shares,$10.17,UNCH,--,NA
RNR^F,"RenaissanceRe Holdings Ltd. Depositary Shares, each Representing a 1/1,000th Interest in a 5.750% Series F Preference Share",$19.74,-0.03,-0.152%,NA
RNR^G,"RenaissanceRe Holdings Ltd. Depositary Shares, each representing a 1/1,000th interest in a share of 4.20% Series G Preference Shares",$14.28,0.01,0.07%,NA
RPGL,Republic Power Group Limited Class A Ordinary Shares,$0.9179,-0.0858,-8.548%,NA
RPT^C,Rithm Property Trust Inc. 9.875% Series C Fixed-to-Floating Rate Cumulative Redeemable Preferred Stock,$25.04,UNCH,--,NA
RREV,RRE Ventures Acquisition Corp. Class A Ordinary Shares,$9.92,0.01,0.101%,NA
RREVW,RRE Ventures Acquisition Corp. Warrants,$0.44,0.0399,9.973%,NA
RTAC,Renatus Tactical Acquisition Corp I Class A Ordinary Shares,$10.43,UNCH,--,NA
RTACU,Renatus Tactical Acquisition Corp I Unit,$10.75,UNCH,--,NA
RTACW,Renatus Tactical Acquisition Corp I Warrant,$0.5676,-0.0124,-2.138%,NA
RVI,Robinhood Ventures Fund I Common Shares of Beneficial Interest,$28.65,0.47,1.668%,NA
RWAYI,Runway Growth Finance Corp. 7.25% Notes due 2031,$24.63,0.04,0.163%,NA
RWT^A,"Redwood Trust, Inc. 10.00% Series A Fixed-Rate Reset Cumulative Redeemable Preferred Stock",$22.54,-0.06,-0.265%,NA
RWTP,"Redwood Trust, Inc. 9.125% Senior Notes Due 2030",$22.84,0.065,0.285%,NA
RWTQ,"Redwood Trust, Inc. 9.500% Senior Notes Due 2030",$21.23,-0.22,-1.026%,NA
RWTS,"Redwood Trust, Inc. 9.75% Senior Notes Due 2031",$21.18,-0.19,-0.889%,NA
SAAQ,Space Asset Acquisition Corp. Class A Ordinary Shares,$10.07,UNCH,--,NA
SAAQU,Space Asset Acquisition Corp. Units,$10.24,UNCH,--,NA
SABA,Saba Capital Income & Opportunities Fund II Shares of Beneficial Interest,$7.98,0.01,0.125%,NA
SAC,Safeguard Acquisition Corp. Class A Ordinary Shares,$10.095,0.005,0.05%,NA
SACH^A,Sachem Capital Corp. 7.75% Series A Cumulative Redeemable Preferred Stock,$20.96,0.02,0.096%,NA
SAGU,Shreya Acquisition Group Class A Ordinary Shares,$9.94,-0.08,-0.798%,NA
SAMO,Samos Energy Acquisition Corporation Class A Ordinary Shares,$9.80,-0.01,-0.102%,NA
SAV,Saratoga Investment Corp 7.50% Notes due 2031,$24.635,-0.135,-0.545%,NA
SAX,Saratoga Investment Corp 8.00% Notes due 2031,$24.88,-0.05,-0.201%,NA
SB^C,"Safe Bulkers, Inc Cumulative Redeemable Perpetual Preferred Series C (Marshall Islands)",$26.0257,UNCH,--,NA
SB^D,"Safe Bulkers, Inc Perpetual Preferred Series D (Marshall Islands)",$26.165,0.395,1.533%,NA
SBI,Western Asset Intermediate Muni Fund Inc Common Stock,$7.01,-0.10,-1.406%,NA
SBXD,SilverBox Corp IV Class A Ordinary Shares,$11.10,-0.19,-1.683%,NA
SBXE,SilverBox Corp V Class A Ordinary Shares,$10.10,UNCH,--,NA
SCATU,Southern Cross Acquisition II Corp. Units,$10.04,0.01,0.10%,NA
SCD,LMP Capital and Income Fund Inc. Common Stock,$14.88,-0.01,-0.067%,NA
SCE^G,SCE Trust II Trust Preferred Securities,$16.76,0.01,0.06%,NA
SCE^L,SCE TRUST VI,$16.60,-0.02,-0.12%,NA
SCE^M,SCE Trust VII 7.50% Trust Preference Securities,$23.10,-0.33,-1.408%,NA
SCE^N,SCE Trust VIII 6.95% Trust Preference Securities,$21.54,-0.35,-1.599%,NA
SCHW^D,"The Charles Schwab Corporation Depositary Shares each representing 1/40th interest in a share of 5.95% Non-Cumulative Perpetual Preferred Stock, Series D",$21.68,0.02,0.092%,NA
SCHW^J,"The Charles Schwab Corporation Depositary Shares, Each Representing a 1/40th Interest in a Share of 4.450% Non-Cumulative Perpetual Preferred Stock, Series J",$16.11,-0.03,-0.186%,NA
SCII,SC II Acquisition Corp. Class A ordinary share,$10.15,UNCH,--,NA
SCIIU,SC II Acquisition Corp. Units,$10.27,UNCH,--,NA
SCPQ,Social Commerce Partners Corporation Class A Ordinary Shares,$10.05,UNCH,--,NA
SDHI,Siddhi Acquisition Corp Class A Common stock,$10.53,UNCH,--,NA
SDHIR,Siddhi Acquisition Corp Right,$0.1125,-0.0349,-23.677%,NA
SEAL^A,Seapeak LLC 9.00% Series A Cumulative Redeemable Perpetual Preferred Units,$25.77,-0.04,-0.155%,NA
SEAL^B,Seapeak LLC 8.50% Series B Fixed-to-Floating Rate Cumulative Redeemable Perpetual Preferred Units,$25.84,0.07,0.272%,NA
SF^B,"Stifel Financial Corporation Depositary Shares, Each Representing 1/1,000th  Interest in a Share of 6.25% Non-Cumulative  Preferred Stock, Series B",$23.37,0.32,1.388%,NA
SF^C,"Stifel Financial Corporation Depositary Shares, Each Representing 1/1,000th Interest in a Share of 6.125% Non Cumulative Preferred Stock, Series C",$21.74,-0.06,-0.275%,NA
SF^D,"Stifel Financial Corporation Depositary Shares, Each Representing 1/1,000th Interest in a Share of 4.50% Non-Cumulative Preferred Stock, Series D",$15.82,-0.02,-0.126%,NA
SHO^H,"Sunstone Hotel Investors, Inc. 6.125% Series H Cumulative Redeemable Preferred Stock",$22.37,0.03,0.134%,NA
SHO^I,"Sunstone Hotel Investors, Inc. 5.70% Series I Cumulative Redeemable Preferred Stock",$21.77,0.005,0.023%,NA
SHOT,RMG ML Sports Holdings Class A Ordinary Shares,$9.855,0.0049,0.05%,NA
SHOTR,RMG ML Sports Holdings Rights,$0.125,-0.0005,-0.398%,NA
SHOTU,RMG ML Sports Holdings Unit,$9.97,-0.02,-0.20%,NA
SIMA,SIM Acquisition Corp. I Class A Ordinary Shares,$10.93,UNCH,--,NA
SLG^I,SL Green Realty Corporation Preferred Series I,$21.35,0.01,0.047%,NA
SNUS^H,"Santander Holdings USA, Inc. Depositary Shares, Each Representing a 1/1,000th Interest in a Share of Fixed-Rate Reset Non-Cumulative Perpetual Preferred Stock, Series H",$20.88,UNCH,--,NA
SNUS^I,"Santander Holdings USA, Inc. Depositary Shares, Each Representing a 1/40th Interest in a Share of Fixed-Rate Reset Non-Cumulative Perpetual Preferred Stock, Series I",$25.32,-0.0025,-0.01%,NA
SOCA,Solarius Capital Acquisition Corp. Class A Ordinary Share,$10.34,-0.01,-0.097%,NA
SOJF,"Southern Company (The) Series 2025A 6.50% Junior Subordinated Notes due March 15, 2085",$23.43,-0.12,-0.51%,NA
SORN,Soren Acquisition Corp. Class A Ordinary Shares,$10.02,0.01,0.10%,NA
SORNU,Soren Acquisition Corp. Unit,$10.20,-0.05,-0.488%,NA
SOUL,Soulpower Acquisition Corporation Class A Ordinary Shares,$10.48,0.01,0.096%,NA
SPE,"Special Opportunities Fund, Inc Common Stock",$12.95,-0.05,-0.385%,NA
SPE^C,"Special Opportunities Fund Inc. 2.75% Convertible Preferred Stock, Series C",$24.66,-0.0401,-0.162%,NA
SPEG,Silver Pegasus Acquisition Corp Class A Ordinary Shares,$10.39,UNCH,--,NA
SPEGR,Silver Pegasus Acquisition Corp Rights.,$0.1288,UNCH,--,NA
SPG^J,"Simon Property Group, Inc. Simon Property Group 8 3/8% Series J Cumulative Redeemable Preferred Stock",$56.71,1.33,2.402%,NA
SPKL,Spark I Acquisition Corp. Class A Ordinary Share,$11.60,-0.005,-0.043%,NA
SPKLW,Spark I Acquisition Corp. Warrant,$1.01,-0.085,-7.763%,NA
SPMA,"Sound Point Meridian Capital, Inc. 8.00% Series A Preferred Shares Due 2029",$24.90,-0.047,-0.188%,NA
SPMC,"Sound Point Meridian Capital, Inc. Common Stock",$8.50,0.0999,1.189%,NA
SPME,"Sound Point Meridian Capital, Inc. 7.875% Series B Preferred Shares due 2030",$24.82,-0.10,-0.401%,NA
SPXX,Nuveen S&P 500 Dynamic Overwrite Fund,$18.66,-0.08,-0.427%,NA
SRG^A,Seritage Growth Properties 7.00% Series A Cumulative Redeemable Preferred Shares of Beneficial Interest,$21.35,0.35,1.667%,NA
SRJN,Spire Inc. 6.375% Junior Subordinated Notes due 2086,$21.59,-0.11,-0.507%,NA
SRV,NXG Cushing Midstream Energy Fund Common Shares of Beneficial Interest,$42.60,-0.99,-2.271%,NA
SSAC,SPACSphere Acquisition Corp. Class A Ordinary Shares,$10.12,0.01,0.099%,NA
SSACU,SPACSphere Acquisition Corp. Unit,$10.30,0.05,0.488%,NA
SSACW,SPACSphere Acquisition Corp. Warrant,$0.0686,-0.0127,-15.621%,NA
SSEA,Starry Sea Acquisition Corp	Ordinary Shares,$10.37,-0.02,-0.192%,NA
SSEAR,Starry Sea Acquisition Corp Rights,$0.1001,-0.0499,-33.267%,NA
STEW,"SRH Total Return Fund, Inc. Common Stock",$17.60,-0.20,-1.124%,NA
STK,Columbia Seligman Premium Technology Growth Fund Inc,$53.56,-0.14,-0.261%,NA
STT^G,"State Street Corporation Depositary shares, each representing a 1/4,000th ownership interest in a share of Fixed-to-Floating Rate Non-Cumulative",$19.68,-0.14,-0.706%,NA
SUMA,SUMA Acquisition Corporation Class A Ordinary Shares,$9.95,UNCH,--,NA
SUMAU,SUMA Acquisition Corporation Units,$10.25,UNCH,--,NA
SVAQ,Silicon Valley Acquisition Corp. Class A Ordinary Shares,$10.10,UNCH,--,NA
SVAQW,Silicon Valley Acquisition Corp. Warrants,$0.3801,-0.0299,-7.293%,NA
SVCC,Stellar V Capital Corp. Class A Ordinary Shares,$10.71,0.05,0.469%,NA
SVCCU,Stellar V Capital Corp. Unit,$10.71,UNCH,--,NA
SVCCW,Stellar V Capital Corp. Warrant,$0.28,0.02,7.692%,NA
SVIV,Spring Valley Acquisition Corp. IV Class A Ordinary Shares,$10.16,0.01,0.099%,NA
SVIVW,Spring Valley Acquisition Corp. IV Warrants,$0.70,0.08,12.903%,NA
SWZ,Total Return Securities Fund Common Stock,$5.84,-0.015,-0.256%,NA
SYF^A,"Synchrony Financial Depositary Shares, each Representing a 1/40th Interest in a Share of 5.625% Fixed Rate Non-Cumulative Perpetual Preferred Stock, Series A",$18.2759,-0.0341,-0.186%,NA
SYF^B,"Synchrony Financial Depositary Shares Each Representing a 1/40th Interest in a Share of 8.250% Fixed Rate Reset Non-Cumulative Perpetual Preferred Stock, Series B",$25.61,-0.19,-0.736%,NA
SZZL,Sizzle Acquisition Corp. II Class A ordinary shares,$10.49,0.01,0.095%,NA
SZZLR,Sizzle Acquisition Corp. II Right,$0.15,UNCH,--,NA
T^A,"AT&T Inc. Depositary Shares, each representing a 1/1,000th interest in a share of 5.000% Perpetual Preferred Stock, Series A",$17.62,-0.07,-0.396%,NA
T^C,"AT&T Inc. Depositary Shares, each representing a 1/1,000th interest in a share of 4.750% Perpetual Preferred Stock, Series C",$16.58,-0.09,-0.54%,NA
TACH,Titan Acquisition Corp. Class A Ordinary Shares,$10.51,UNCH,--,NA
TACHW,Titan Acquisition Corp. Warrants,$0.52,0.001,0.193%,NA
TACOW,Berto Acquisition Corp. Warrant,$0.68,0.03,4.615%,NA
TAVI,Tavia Acquisition Corp. Ordinary Shares,$10.765,0.005,0.046%,NA
TBCVU,"Thunder Bridge Capital Partners V, Ltd. Units",$9.92,-0.01,-0.101%,NA
TCGX,TCGX Acquisition Corp. Class A Ordinary Shares,$14.38,-0.35,-2.376%,NA
TCPA,TransCanada PipeLines Limited 6.250% Junior Subordinated Notes due 2085,$20.88,-0.24,-1.136%,NA
TDAC,Translational Development Acquisition Corp. Ordinary Shares,$10.86,-0.02,-0.184%,NA
TDACW,Translational Development Acquisition Corp. Warrants,$1.4131,-0.1369,-8.832%,NA
TDF,"Templeton Dragon Fund, Inc. Common Stock",$9.92,-0.08,-0.80%,NA
TDS^U,"Telephone and Data Systems, Inc. Depositary Shares, Each Representing a 1/1,000th Interest in a 6.625% Series UU Cumulative Redeemable Perpetual Preferred Stock",$19.95,-0.07,-0.35%,NA
TDS^V,"Telephone and Data Systems, Inc. Depositary Shares, Each Representing a 1/1,000th Interest in a 6.000% Series VV Cumulative Redeemable Perpetual Preferred Stock",$17.92,-0.30,-1.647%,NA
TDWD,Tailwind 2.0 Acquisition Corp. Class A Ordinary Shares,$10.13,UNCH,--,NA
TEI,"Templeton Emerging Markets Income Fund, Inc. Common Stock",$6.18,-0.17,-2.677%,NA
TEN^E,"Tsakos Energy Navigation Ltd Series E Fixed-to-Floating Rate Cumulative Redeemable Perpetual Preferred Shares, par value $1.00",$25.625,-0.011,-0.043%,NA
TEN^F,"Tsakos Energy Navigation Ltd Series F Fixed-to-Floating Rate Cumulative Redeemable Perpetual Preferred Shares, par value $1.00",$26.6001,0.0301,0.113%,NA
TFC^I,Truist Financial Corporation Depositary Shares,$18.09,-0.02,-0.11%,NA
TFC^O,"Truist Financial Corporation Depositary Shares, Each Representing a 1/1,000th Interest in a Share of Series O Non-Cumulative Perpetual Preferred Stock",$19.07,-0.21,-1.089%,NA
TFC^R,"Truist Financial Corporation Depositary Shares, each representing 1/1,000th interest in a share of Series R Non-Cumulative Perpetual Preferred Stock",$17.15,-0.09,-0.522%,NA
TFIN^,"Triumph Financial, Inc. Depositary Shares, Each Representing a 1/40th Interest in a Share of 7.125% Series C Fixed-Rate Non-Cumulative Perpetual Preferred Stock",$21.89,-0.0399,-0.182%,NA
THEO,BOA Acquisition Corp. II Class A Ordinary Shares,$9.89,-0.005,-0.051%,NA
THEOR,BOA Acquisition Corp. II Rights,$0.29,UNCH,--,NA
THQ,abrdn Healthcare Opportunities Fund Shares of Beneficial Interest,$18.76,-0.10,-0.53%,NA
THW,abrdn World Healthcare Fund Shares of Beneficial Interest,$13.32,-0.05,-0.374%,NA
TLAC,Three Lions Acquisition Corp. Ordinary Shares,$9.85,-0.01,-0.101%,NA
TLACU,Three Lions Acquisition Corp. Units,$10.03,0.08,0.804%,NA
TLACW,Three Lions Acquisition Corp. Warrants,$0.151,UNCH,--,NA
TLNC,Talon Capital Corp. Class A Ordinary Shares,$10.21,UNCH,--,NA
TLNCW,Talon Capital Corp. Warrants,$0.4999,UNCH,--,NA
TMTS,Spartacus Acquisition Corp. II Class A Ordinary Shares,$10.025,UNCH,--,NA
TMUSI,"T-Mobile US, Inc. 5.500% Senior Notes due June 2070",$19.28,-0.0332,-0.172%,NA
TMUSL,"T-Mobile US, Inc. 6.250% Senior Notes due 2069",$21.78,0.16,0.74%,NA
TMUSZ,"T-Mobile US, Inc. 5.500% Senior Notes due March 2070",$19.415,0.0149,0.077%,NA
TONT,Graf Global Corp. Class A ordinary shares,$10.905,UNCH,--,NA
TPTS,"Terra Property Trust, Inc. 7.00% Senior Secured Notes due 2029",$14.5001,-0.1999,-1.36%,NA
TRAD,APEX Tech Acquisition Inc. Ordinary Shares,$10.045,-0.005,-0.05%,NA
TRGS,TRG Latin America Acquisitions Corp. Class A Ordinary Shares,$9.96,UNCH,--,NA
TRTN^A,Triton International Limited 8.50% Series A Cumulative Redeemable Perpetual  Preference Shares,$25.4501,UNCH,--,NA
TRTN^B,Triton International Limited 8.00% Series B Cumulative Redeemable Perpetual Preference Shares,$24.966,-0.114,-0.455%,NA
TRTN^C,Triton International Limited 7.375% Series C Cumulative Redeemable Perpetual Preference Shares,$23.32,-0.345,-1.458%,NA
TRTN^D,Triton International Limited 6.875% Series D Cumulative Redeemable Perpetual Preference Shares,$21.6229,-0.0321,-0.148%,NA
TRTN^E,Triton International Limited 5.75% Series E Cumulative Redeemable Perpetual Preference Shares,$18.06,-0.05,-0.276%,NA
TRTN^F,Triton International Limited 7.625% Series F Cumulative Redeemable Perpetual Preference Shares,$23.66,-0.12,-0.505%,NA
TRTN^G,Triton International Limited 7.500% Series G Cumulative Redeemable Perpetual Preference Shares,$23.4859,0.0859,0.367%,NA
TRTX^C,"TPG RE Finance Trust, Inc. 6.25% Series C Cumulative Redeemable Preferred Stock, $0.001 par value per share",$16.77,-0.04,-0.238%,NA
TSI,"TCW Strategic Income Fund, Inc. Common Stock",$4.23,-0.05,-1.168%,NA
TVA,Texas Ventures Acquisition III Corp Class A Ordinary Share,$10.57,0.01,0.095%,NA
TVACW,Texas Ventures Acquisition III Corp Warrants,$0.202,-0.0191,-8.639%,NA
TVAI,Thayer Ventures Acquisition Corporation II Class A Ordinary Shares,$10.40,UNCH,--,NA
TVC,Tennessee Valley Authority Common Stock,$23.75,-0.02,-0.084%,NA
TVE,Tennessee Valley Authority,$23.05,-0.15,-0.647%,NA
TVIV,Texas Ventures Acquisition IV Corp Class A Ordinary Shares,$9.95,-0.01,-0.10%,NA
TVIVU,Texas Ventures Acquisition IV Corp Units,$10.05,-0.12,-1.18%,NA
TWLV,Twelve Seas Investment Company III Class A Ordinary Shares,$10.07,UNCH,--,NA
TWLVU,Twelve Seas Investment Company III Units,$10.16,UNCH,--,NA
TWN,"Taiwan Fund, Inc. (The) Common Stock",$101.27,1.07,1.068%,NA
TWO^A,Two Harbors Investments Corp 8.125% Series A Fixed-to-Floating Rate Cumulative Redeemable Preferred Stock ($25.00 liquidation preference per share),$25.32,0.01,0.04%,NA
TWO^B,Two Harbors Investments Corp 7.625% Series B Fixed-to-Floating Rate Cumulative Redeemable Preferred Stock,$25.30,0.005,0.02%,NA
TWO^C,Two Harbors Investments Corp 7.25% Series C Fixed-to-Floating Rate Cumulative Redeemable Preferred Stock,$25.365,UNCH,--,NA
TWOD,Two Harbors Investments Corp 9.375% Senior Notes due 2030,$26.28,UNCH,--,NA
TY^,Tri Continental Corporation Preferred Stock,$38.80,-1.60,-3.96%,NA
UAC,United Acquisition Corp. I Class A Ordinary Shares,$9.985,0.015,0.15%,NA
UMH^D,"UMH Properties, Inc. 6.375% Series D Cumulative Redeemable Preferred Stock, Liquidation Preference $25 per share",$20.92,-0.20,-0.947%,NA
USA,Liberty All-Star Equity Fund Common Stock,$5.83,-0.03,-0.512%,NA
USB^A,"U.S. Bancorp Depositary Shares, Each representing a 1/100th interest in a share of Series A Non-CumulativePerpetual Pfd Stock",$773.9999,10.4999,1.375%,NA
USB^H,U.S. Bancorp Depositary Shares repstg 1/1000th Pfd Ser B,$18.51,0.06,0.325%,NA
USB^P,"U.S. Bancorp Depositary Shares each representing a 1/1,000th interest in a share of Series K Non-Cumulative Perpetual Preferred Stock",$20.55,UNCH,--,NA
USB^Q,"U.S. Bancorp Depositary Shares, Each Representing a 1/1,000th Interest in a Share of Series L Non-Cumulative Perpetual Preferred Stock",$14.09,0.09,0.643%,NA
USB^R,"U.S. Bancorp Depositary Shares, Each Representing a 1/1,000th Interest in a Share of Series M Non-Cumulative Perpetual Preferred Stock",$14.87,-0.01,-0.067%,NA
USB^S,"U.S. Bancorp Depositary Shares, each representing a 1/1,000th interest in a share of Series O Non-Cumulative Perpetual Preferred Stock",$16.70,0.01,0.06%,NA
UTF,"Cohen & Steers Infrastructure Fund, Inc Common Stock",$24.22,-0.38,-1.545%,NA
UTG,Reaves Utility Income Fund Common Shares of Beneficial Interest,$34.95,-0.29,-0.823%,NA
UYSC,UY Scuti Acquisition Corp. Ordinary Shares,$11.00,UNCH,--,NA
VACI,Viking Acquisition Corp. I Class A Ordinary Shares,$7.36,-0.06,-0.809%,NA
VBF,Invesco Bond Fund Common Stock,$14.29,0.03,0.21%,NA
VCX,"Fundrise Innovation Fund, LLC Common Shares of Limited Liability Company Interests",$30.00,-0.60,-1.961%,NA
VECA,Vernal Capital Acquisition Corp. Ordinary Shares,$10.02,UNCH,--,NA
VGI,Virtus Global Multi-Sector Income Fund Common Shares of Beneficial Interest,$6.79,-0.16,-2.302%,NA
VHCP,Vine Hill Capital Investment Corp. II Class A Ordinary Shares,$10.06,UNCH,--,NA
VHCPU,Vine Hill Capital Investment Corp. II Units,$10.24,-0.01,-0.098%,NA
VII,Viking Acquisition Corp. II Class A Ordinary Shares,$9.8378,0.0078,0.079%,NA
VLOS,Velos Acquisition I Corp. Class A Ordinary shares,$10.78,UNCH,--,NA
VLOSU,Velos Acquisition I Corp. Units,$10.90,UNCH,--,NA
VLT,Invesco High Income Trust II,$9.10,-0.18,-1.94%,NA
VNME,Vendome Acquisition Corporation I Class A Ordinary Shares,$10.28,UNCH,--,NA
VNO^L,Vornado Realty Trust Pfd Ser L %,$16.5001,-0.3299,-1.96%,NA
VNO^M,"Vornado Realty Trust 5.25% Series M Cumulative Redeemable Preferred Shares of Beneficial Interest, liquidation preference $25.00 per share, no par value per share",$16.49,-0.2936,-1.749%,NA
VNO^N,"Vornado Realty Trust 5.25% Series N Cumulative Redeemable Preferred Shares of Beneficial Interest, liquidation preference $25.00 per share",$16.105,-0.315,-1.918%,NA
VNO^O,"Vornado Realty Trust 4.45% Series O Cumulative Redeemable Preferred Shares, Liquidation Preference $25.00 Per Share",$13.58,-0.18,-1.308%,NA
VOYA^B,"Voya Financial, Inc. Depositary Shares, each representing a 1/40th interest in a share of 5.35% Fixed-Rate Reset Non-Cumulative Preferred Stock, Series B",$23.4237,0.0237,0.101%,NA
VVR,Invesco Senior Income Trust Common Stock (DE),$2.85,-0.01,-0.35%,NA
WAL^A,"Western Alliance Bancorporation Depositary Shares, Each Representing a 1/400th Interest in a Share of 4.250% Fixed-Rate Non-Cumulative Perpetual Preferred Stock, Series A",$24.83,0.10,0.404%,NA
WDI,Western Asset Diversified Income Fund Common Shares of Beneficial Interest,$11.85,-0.12,-1.003%,NA
WEA,Western Asset Bond Fund Share of Beneficial Interest,$9.87,-0.09,-0.904%,NA
WENC,West Enclave Merger Corp. Ordinary Shares,$10.00,-0.01,-0.10%,NA
WENN,Wen Acquisition Corp Class A Ordinary Shares,$10.41,UNCH,--,NA
WENNU,Wen Acquisition Corp Unit,$10.64,0.1301,1.238%,NA
WENNW,Wen Acquisition Corp Warrant,$0.25,-0.01,-3.846%,NA
WFC^A,"Wells Fargo & Company Depositary Shares, each representing a 1/1,000th interest in a share of Non-Cumulative Perpetual Class A Preferred Stock, Series AA",$16.95,-0.10,-0.587%,NA
WFC^C,"Wells Fargo & Company Depositary Shares, each representing a 1/1,000th interest in a share of Non-Cumulative Perpetual Class A Preferred Stock, Series CC",$15.67,-0.18,-1.136%,NA
WFC^D,"Wells Fargo & Company Depositary Shares, each representing a 1/1,000th interest in  a share of Non-Cumulative Perpetual Class A Preferred Stock, Series DD",$15.44,0.02,0.13%,NA
WFC^L,"Wells Fargo & Company 7.50% Non-Cumulative Perpetual Convertible Class A Preferred Stock, Series L","$1,083.40",-6.60,-0.606%,NA
WFC^Y,"Wells Fargo & Company Depositary Shares, each representing a 1/1,000th interest in a share of Non-Cumulative Perpetual Class A Preferred Stock, Series Y",$20.46,-0.10,-0.486%,NA
WFC^Z,"Wells Fargo & Company Depositary Shares, each representing a 1/1,000th interest in a share of Non-Cumulative Perpetual Class A Preferred Stock, Series Z",$16.97,-0.17,-0.992%,NA
WHR^A,"Whirlpool Corporation Depositary Shares, each representing a 1/20th interest in a share of 8.50% Series A Mandatory Convertible Preferred Stock",$29.68,-0.12,-0.403%,NA
WIA,Western Asset Inflation-Linked Income Fund,$7.61,-0.04,-0.523%,NA
WIW,Western Asset Inflation-Linked Opportunities & Income Fund,$7.92,-0.04,-0.503%,NA
WLCO,Wilco 63 Corporation Class A Ordinary Shares,$9.82,-0.045,-0.456%,NA
WLCOU,Wilco 63 Corporation Units,$9.97,-0.12,-1.189%,NA
WLII,Willow Lane Acquisition Corp. II Class A Ordinary Shares,$10.255,-0.005,-0.049%,NA
WPAC,White Pearl Acquisition Corp. Class A Ordinary Shares,$10.061,UNCH,--,NA
WRB^E,W.R. Berkley Corporation 5.70% Subordinated Debentures due 2058,$20.34,-0.02,-0.098%,NA
WRB^F,W.R. Berkley Corporation 5.10% Subordinated Debentures due 2059,$18.28,0.14,0.772%,NA
WRB^G,W.R. Berkley Corporation 4.25% Subordinated Debentures due 2060,$15.77,-0.0301,-0.191%,NA
WRB^H,W.R. Berkley Corporation 4.125% Subordinated Debentures due 2061,$14.91,-0.07,-0.467%,NA
WSO/B,"Watsco, Inc.",$326.7053,UNCH,--,NA
WTG,Wintergreen Acquisition Corp. Ordinary Shares,$10.588,UNCH,--,NA
WTGUR,Wintergreen Acquisition Corp. Rights,$0.14,0.04,40.00%,NA
XCBE,X3 Acquisition Corp. Ltd. Class A Ordinary Shares,$10.01,UNCH,--,NA
XELLL,"Xcel Energy Inc. 6.25% Junior Subordinated Notes, Series due 2085",$21.705,-0.285,-1.296%,NA
XFLH,XFLH Capital Corporation Ordinary Shares,$10.04,UNCH,--,NA
XIII,Churchill Capital Corp XIII Class A Ordinary Shares,$10.25,-0.09,-0.87%,NA
XIIIU,Churchill Capital Corp XIII Units,$10.60,-0.04,-0.376%,NA
XIIIW,Churchill Capital Corp XIII Warrants,$1.8899,-0.2701,-12.505%,NA
XRN^A,Chiron Real Estate Inc. Series A Cumulative Redeemable Preferred Stock,$24.885,0.065,0.262%,NA
XRN^B,"Chiron Real Estate Inc. 8.00% Series B Cumulative Redeemable Preferred Stock, $0.001 par value per share",$25.78,-0.07,-0.271%,NA
XRPN,Armada Acquisition Corp. II Class A Ordinary Shares,$10.57,UNCH,--,NA
XRPNU,Armada Acquisition Corp. II Units,$11.36,UNCH,--,NA
XRPNW,Armada Acquisition Corp. II Warrant,$1.24,-0.05,-3.876%,NA
XSLL,Xsolla SPAC 1 Class A Ordinary Shares,$9.98,UNCH,--,NA
XSLLU,Xsolla SPAC 1 Units,$10.06,UNCH,--,NA
XSLLW,Xsolla SPAC 1 Warrants,$0.2099,UNCH,--,NA
XTER,Karman Line Acquisition Corp. Class A Ordinary Shares,$9.795,0.005,0.051%,NA
XTERU,Karman Line Acquisition Corp. Units,$9.9001,-0.0399,-0.401%,NA
XTERW,Karman Line Acquisition Corp. Warrants,$0.26,0.0301,13.093%,NA
YCY,AA Mission Acquisition Corp. II Class A Ordinary Shares,$10.28,0.05,0.489%,NA
YHNA,YHN Acquisition I Limited Ordinary Shares,$11.05,UNCH,--,NA
YHNAR,YHN Acquisition I Limited Right,$0.115,0.005,4.545%,NA
YICC,Yorkville International Capital Corp. Class A Ordinary Shares,$9.92,-0.005,-0.05%,NA
YICCW,Yorkville International Capital Corp. Warrants,$0.36,-0.0051,-1.397%,NA
ZKP,Lafayette Digital Acquisition Corp. I Class A Ordinary Shares,$10.03,UNCH,--,NA
ZKPU,Lafayette Digital Acquisition Corp. I Unit,$10.08,-0.16,-1.563%,NA
ZKPW,Lafayette Digital Acquisition Corp. I Warrant,$0.26,UNCH,--,NA
ZTR,Virtus Total Return Fund Inc.,$6.09,0.01,0.164%,NA
