Symbol,Name,Last Sale,Net Change,% Change,Market Cap
NVDA,NVIDIA Corporation Common Stock,$210.96,-7.33,-3.358%,"5,084,136,000,000"
AAPL,Apple Inc. Common Stock,$333.08,0.81,0.244%,"4,861,029,474,400"
GOOGL,Alphabet Inc. Class A Common Stock,$349.39,10.89,3.217%,"4,273,039,700,000"
GOOG,Alphabet Inc. Class C Capital Stock,$345.71,10.26,3.059%,"4,228,033,300,000"
MSFT,Microsoft Corporation Common Stock,$505.41,9.78,1.973%,"3,752,944,946,606"
AMZN,"Amazon.com, Inc. Common Stock",$253.54,-3.24,-1.262%,"2,734,761,943,045"
TSM,Taiwan Semiconductor Manufacturing Company Ltd.,$418.01,-15.23,-3.515%,"2,168,010,914,921"
SPCX,Space Exploration Technologies Corp. Class A Common Stock,$148.15,-3.06,-2.024%,"2,010,813,523,744"
META,"Meta Platforms, Inc. Class A Common Stock",$665.60,17.57,2.711%,"1,695,620,143,360"
AVGO,Broadcom Inc. Common Stock,$344.72,-17.27,-4.771%,"1,645,565,687,063"
TSLA,"Tesla, Inc. Common Stock",$358.97,-6.47,-1.77%,"1,417,769,028,024"
SKHY,SK hynix Inc. American Depositary Shares,$175.63,-14.44,-7.597%,"1,280,106,477,650"
BRK/B,Berkshire Hathaway Inc.,$514.95,4.58,0.897%,"1,136,140,040,496"
BRK/A,Berkshire Hathaway Inc.,"$771,770.020000000019","5,770.02",0.753%,"1,135,176,456,397"
LLY,Eli Lilly and Company Common Stock,"$1,138.28",22.58,2.024%,"1,071,527,919,948"
MU,"Micron Technology, Inc. Common Stock",$924.03,-51.23,-5.253%,"1,043,593,153,319"
JPM,JP Morgan Chase & Co. Common Stock,$350.13,-6.10,-1.712%,"930,710,732,455"
WMT,Walmart Inc. Common Stock,$109.08,1.93,1.801%,"865,413,039,968"
AMD,"Advanced Micro Devices, Inc. Common Stock",$493.41,-22.72,-4.402%,"805,479,510,473"
XOM,ExxonMobil Holdings Corporation Common Stock,$165.08,-0.91,-0.548%,"678,794,426,357"
V,Visa Inc.,$375.28,4.83,1.304%,"670,533,500,838"
JNJ,Johnson & Johnson Common Stock,$266.32,0.74,0.279%,"641,804,194,353"
ASML,ASML Holding N.V. New York Registry Shares,"$1,575.15",-123.15,-7.251%,"607,090,635,025"
GOOGM,Alphabet Inc. Depositary Shares representing a 1/20th Interest in a Share of Series A Mandatory Convertible Preferred Stock,$49.27,1.10,2.284%,"602,572,100,000"
GOOGN,Alphabet Inc. Depositary Shares representing a 1/20th Interest in a Share of Series B Mandatory Convertible Preferred Stock,$49.02,1.01,2.104%,"599,514,600,000"
INTC,Intel Corporation Common Stock,$97.19,-5.75,-5.586%,"513,655,905,774"
MA,Mastercard Incorporated Common Stock,$574.42,5.23,0.919%,"503,197,629,735"
ABBV,AbbVie Inc. Common Stock,$261.77,4.65,1.808%,"462,578,291,694"
CSCO,"Cisco Systems, Inc. Common Stock (DE)",$110.06,-2.07,-1.846%,"433,921,111,242"
CVX,Chevron Corporation Common Stock,$212.17,-1.89,-0.883%,"419,199,391,205"
ORCL,Oracle Corporation Common Stock,$144.79,-5.49,-3.653%,"417,063,396,090"
PLTR,Palantir Technologies Inc. Class A Common Stock,$173.31,6.08,3.636%,"416,299,888,619"
BAC,Bank of America Corporation Common Stock,$59.47,-3.22,-5.136%,"415,858,745,267"
COST,Costco Wholesale Corporation Common Stock,$918.91,14.14,1.563%,"407,517,107,784"
KO,Coca-Cola Company (The) Common Stock,$89.35,1.06,1.201%,"384,432,774,862"
CAT,"Caterpillar, Inc. Common Stock",$784.00,-34.57,-4.223%,"360,385,112,976"
MRK,"Merck & Company, Inc. Common Stock (new)",$144.85,0.92,0.639%,"357,369,811,764"
HSBC,"HSBC Holdings, plc. Common Stock",$103.94,-1.36,-1.292%,"356,861,188,827"
UNH,UnitedHealth Group Incorporated Common Stock (DE),$383.55,4.46,1.177%,"344,272,503,567"
LRCX,Lam Research Corporation Common Stock,$273.49,-24.73,-8.293%,"342,223,780,290"
DELL,Dell Technologies Inc. Class C Common Stock ,$534.28,-33.01,-5.819%,"339,702,036,070"
PG,Procter & Gamble Company (The) Common Stock,$146.13,0.86,0.592%,"339,669,403,058"
AMAT,"Applied Materials, Inc. Common Stock",$424.21,-32.28,-7.071%,"336,651,971,295"
NFLX,"Netflix, Inc. Common Stock",$80.32,2.92,3.773%,"334,447,634,776"
GE,GE Aerospace Common Stock,$317.56,-6.10,-1.885%,"329,488,351,628"
MS,Morgan Stanley Common Stock,$206.58,-7.80,-3.638%,"324,447,584,601"
HD,"Home Depot, Inc. (The) Common Stock",$310.87,2.13,0.69%,"310,151,774,035"
PANW,"Palo Alto Networks, Inc. Common Stock",$373.94,43.29,13.092%,"305,882,920,000"
PM,Philip Morris International Inc Common Stock,$194.86,3.80,1.989%,"303,711,414,724"
GS,"Goldman Sachs Group, Inc. (The) Common Stock",$988.45,-40.73,-3.958%,"287,808,378,238"
RY,Royal Bank Of Canada Common Stock,$205.16,-0.74,-0.359%,"284,029,617,563"
MUFG,"Mitsubishi UFJ Financial Group, Inc. Common Stock",$23.89,UNCH,--,"283,519,613,879"
WFC,Wells Fargo & Company Common Stock,$88.71,-1.58,-1.75%,"268,258,981,097"
SAP,SAP  SE ADS,$218.28,11.92,5.776%,"268,157,903,761"
SHEL,Shell PLC American Depositary Shares (each representing two (2) Ordinary Shares) ,$96.45,-0.32,-0.331%,"266,787,725,322"
NVS,Novartis AG Common Stock,$138.99,1.83,1.334%,"265,214,001,864"
BABA,Alibaba Group Holding Limited American Depositary Shares each representing eight Ordinary share,$109.23,-0.07,-0.064%,"264,608,147,746"
RTX,RTX Corporation Common Stock,$195.34,-2.34,-1.184%,"263,271,075,849"
TM,Toyota Motor Corporation Common Stock,$197.56,-0.64,-0.323%,"257,498,359,999"
ARM,Arm Holdings plc American Depositary Shares,$239.01,-25.78,-9.736%,"254,319,845,781"
AZN,AstraZeneca PLC Ordinary Shares,$163.78,3.61,2.254%,"253,977,882,825"
CRWD,"CrowdStrike Holdings, Inc. Class A Common Stock",$235.38,28.64,13.853%,"241,013,783,110"
TXN,Texas Instruments Incorporated Common Stock,$263.42,-5.28,-1.965%,"240,567,705,446"
ANET,"Arista Networks, Inc. Common Stock",$187.81,-11.78,-5.902%,"236,870,601,141"
IBM,International Business Machines Corporation Common Stock,$249.09,5.80,2.384%,"234,676,255,205"
GEV,GE Vernova Inc. Common Stock,$874.76,-82.51,-8.619%,"232,977,963,316"
C,"Citigroup, Inc. Common Stock",$136.18,-2.64,-1.902%,"228,433,341,109"
SNDK,Sandisk Corporation Common Stock,"$1,551.99",-81.36,-4.981%,"227,240,825,362"
TMO,Thermo Fisher Scientific Inc Common Stock,$613.62,3.80,0.623%,"226,884,329,635"
AXP,American Express Company Common Stock,$327.78,3.09,0.952%,"221,353,057,061"
KLAC,KLA Corporation Common Stock,$169.09,-11.55,-6.394%,"220,923,995,537"
BHP,BHP Group Limited American Depositary Shares (Each representing two Ordinary Shares),$84.74,-2.41,-2.765%,"215,416,808,712"
LIN,Linde plc Ordinary Shares,$464.41,-1.81,-0.388%,"214,083,797,499"
CRM,"Salesforce, Inc. Common Stock",$259.43,11.71,4.727%,"213,510,890,000"
SAN,"Banco Santander, S.A. Sponsored ADR (Spain)",$14.74,-0.22,-1.471%,"213,357,202,332"
VZ,Verizon Communications Inc. Common Stock,$51.29,0.68,1.344%,"213,098,420,111"
AMGN,Amgen Inc. Common Stock,$381.50,4.15,1.10%,"206,251,109,908"
TTE,TotalEnergies SE Ordinary Shares,$91.14,-0.75,-0.816%,"198,854,884,817"
TD,Toronto Dominion Bank (The) Common Stock,$120.93,-0.04,-0.033%,"198,131,349,210"
TMUS,"T-Mobile US, Inc. Common Stock",$182.90,0.57,0.313%,"196,191,638,018"
APH,Amphenol Corporation Common Stock,$78.55,-5.37,-6.399%,"193,701,701,095"
NVO,Novo Nordisk A/S Common Stock,$43.45,0.38,0.882%,"192,393,581,094"
MRVL,"Marvell Technology, Inc. Common Stock",$218.82,-17.28,-7.319%,"191,883,258,000"
QCOM,QUALCOMM Incorporated Common Stock,$180.15,-1.82,-1.00%,"189,199,640,868"
DIS,Walt Disney Company (The) Common Stock,$108.59,2.04,1.915%,"187,500,930,688"
PEP,"PepsiCo, Inc. Common Stock",$136.34,0.02,0.015%,"186,089,315,018"
SCHW,Charles Schwab Corporation (The) Common Stock,$107.31,0.06,0.056%,"185,575,015,469"
STX,Seagate Technology Holdings PLC Ordinary Shares (Ireland),$805.55,-24.62,-2.966%,"184,244,228,758"
DE,Deere & Company Common Stock,$681.46,5.72,0.846%,"183,738,933,262"
MCD,McDonald's Corporation Common Stock,$257.49,4.96,1.964%,"182,210,617,817"
T,AT&T Inc.,$26.51,0.45,1.727%,"181,656,743,582"
GILD,"Gilead Sciences, Inc. Common Stock",$146.41,2.69,1.872%,"181,541,834,244"
ABT,Abbott Laboratories Common Stock,$103.09,1.14,1.118%,"178,385,213,985"
ADI,"Analog Devices, Inc. Common Stock",$361.02,-17.76,-4.689%,"174,937,824,174"
SHOP,Shopify Inc. Class A Subordinate Voting Shares,$133.89,5.10,3.96%,"173,496,138,137"
NEE,"NextEra Energy, Inc. Common Stock",$81.63,-0.68,-0.826%,"170,278,401,201"
UNP,Union Pacific Corporation Common Stock,$285.08,0.68,0.239%,"169,359,042,970"
WELL,Welltower Inc. Common Stock,$234.21,-1.41,-0.598%,"168,805,674,974"
BA,Boeing Company (The) Common Stock,$210.27,-0.18,-0.086%,"166,191,104,105"
BBVA,Banco Bilbao Vizcaya Argentaria S.A. Common Stock,$29.10,-0.45,-1.523%,"166,130,989,170"
BLK,"BlackRock, Inc. Common Stock","$1,065.60",-14.05,-1.301%,"165,028,682,390"
UBS,UBS Group AG Registered Ordinary Shares,$52.99,-1.59,-2.913%,"164,451,034,374"
COP,ConocoPhillips Common Stock,$136.67,-0.68,-0.495%,"164,186,793,255"
PFE,"Pfizer, Inc. Common Stock",$27.72,UNCH,--,"157,994,951,887"
BUD,Anheuser-Busch Inbev SA Sponsored ADR (Belgium),$79.82,1.59,2.032%,"157,415,660,370"
SCCO,Southern Copper Corporation Common Stock,$188.35,-5.14,-2.656%,"157,146,376,825"
WDC,Western Digital Corporation Common Stock,$426.94,-20.24,-4.526%,"153,929,350,631"
ETN,"Eaton Corporation, PLC Ordinary Shares",$393.16,-32.21,-7.572%,"152,703,344,000"
UBER,"Uber Technologies, Inc. Common Stock",$72.63,0.96,1.339%,"148,351,141,588"
NOW,"ServiceNow, Inc. Common Stock",$142.35,9.82,7.41%,"147,189,900,000"
SONY,Sony Group Corporation American Depositary Shares ,$24.47,0.57,2.385%,"144,276,405,996"
DHR,Danaher Corporation Common Stock,$203.25,3.11,1.554%,"142,881,915,476"
MFG,"Mizuho Financial Group, Inc. Sponosred ADR (Japan)",$11.33,-0.12,-1.048%,"141,049,922,850"
TBB,AT&T Inc. 5.350% Global Notes due 2066,$19.45,-0.06,-0.308%,"139,074,997,586"
TJX,"TJX Companies, Inc. (The) Common Stock",$125.99,-0.03,-0.024%,"138,585,731,945"
UL,Unilever PLC American Depositary Shares (each representing One Ordinary Share),$63.57,1.55,2.499%,"136,950,589,258"
PBR,Petroleo Brasileiro S.A. Petrobras ADS,$21.15,-0.05,-0.236%,"136,298,348,958"
ISRG,"Intuitive Surgical, Inc. Common Stock",$377.94,8.79,2.381%,"133,517,901,682"
CB,Chubb Limited  Common Stock,$341.85,3.60,1.064%,"131,885,681,799"
BKNG,Booking Holdings Inc. Common Stock,$175.35,1.43,0.822%,"131,754,570,675"
VRTX,Vertex Pharmaceuticals Incorporated Common Stock,$519.51,4.07,0.79%,"131,675,484,627"
BMY,Bristol-Myers Squibb Company Common Stock,$64.10,0.46,0.723%,"130,938,009,450"
ACN,Accenture plc Class A Ordinary Shares (Ireland),$195.00,11.10,6.036%,"130,164,490,950"
MNST,Monster Beverage Corporation,$44.20,0.80,1.843%,"129,885,261,857"
NEM,Newmont Corporation,$123.07,-3.74,-2.949%,"129,677,907,792"
PGR,Progressive Corporation (The) Common Stock,$221.02,3.40,1.562%,"128,494,788,605"
PLD,"Prologis, Inc. Common Stock",$135.19,-0.56,-0.413%,"128,170,394,440"
COF,Capital One Financial Corporation Common Stock,$206.68,-1.62,-0.778%,"126,795,045,904"
FTNT,"Fortinet, Inc. Common Stock",$170.18,14.11,9.041%,"124,863,389,468"
SMFG,Sumitomo Mitsui Financial Group Inc Unsponsored American Depositary Shares (Japan),$27.24,-0.05,-0.183%,"124,251,170,513"
BTI,"British American Tobacco  Industries, p.l.c. Common Stock ADR",$57.29,2.05,3.711%,"123,765,509,366"
GLW,Corning Incorporated Common Stock,$143.60,-22.80,-13.702%,"123,695,364,332"
SPGI,S&P Global Inc. Common Stock,$418.54,7.83,1.906%,"123,385,592,000"
RIO,Rio Tinto Plc Common Stock,$97.64,-2.32,-2.321%,"122,639,607,342"
CVS,CVS Health Corporation Common Stock,$95.55,0.89,0.94%,"122,205,618,758"
LMT,Lockheed Martin Corporation Common Stock,$529.38,5.19,0.99%,"122,176,008,823"
BMO,Bank Of Montreal Common Stock,$174.28,-0.60,-0.343%,"121,140,675,064"
BP,BP p.l.c. Common Stock,$45.93,-0.17,-0.369%,"120,241,543,318"
MDT,Medtronic plc. Ordinary Shares,$93.80,2.84,3.122%,"119,983,134,082"
MO,"Altria Group, Inc.",$70.61,1.63,2.363%,"117,900,618,615"
NET,"Cloudflare, Inc. Class A Common Stock",$330.36,23.83,7.774%,"117,634,494,647"
HDB,HDFC Bank Limited Common Stock,$22.89,-0.45,-1.928%,"117,451,400,343"
SNOW,Snowflake Inc. Common Stock,$332.35,3.36,1.021%,"117,253,080,000"
PH,Parker-Hannifin Corporation Common Stock,$928.83,-21.40,-2.252%,"117,076,670,631"
BNS,Bank Nova Scotia Halifax Pfd 3 Ordinary Shares,$93.43,-0.02,-0.021%,"114,618,743,045"
SPOT,Spotify Technology S.A. Ordinary Shares,$556.31,30.56,5.813%,"114,506,693,095"
PDD,PDD Holdings Inc. American Depositary Shares,$79.38,1.57,2.018%,"112,989,211,154"
SBUX,Starbucks Corporation Common Stock,$99.07,0.33,0.334%,"112,939,800,000"
APP,Applovin Corporation Class A Common Stock,$334.24,10.28,3.173%,"111,853,750,240"
EQNR,Equinor ASA,$44.54,-0.26,-0.58%,"111,362,071,676"
MPC,Marathon Petroleum Corporation Common Stock,$396.45,0.52,0.131%,"111,332,977,291"
LOW,"Lowe's Companies, Inc. Common Stock",$198.17,1.35,0.686%,"111,184,074,945"
VLO,Valero Energy Corporation Common Stock,$382.95,-7.47,-1.913%,"110,261,821,190"
ADP,"Automatic Data Processing, Inc. Common Stock",$276.63,8.37,3.12%,"109,894,790,936"
SYK,Stryker Corporation Common Stock,$281.87,6.31,2.29%,"108,117,734,476"
ING,"ING Group, N.V. Common Stock",$36.96,-0.31,-0.832%,"107,274,096,948"
BNY,The Bank of New York Mellon Corporation Common Stock,$157.66,-5.00,-3.074%,"106,972,963,028"
MCK,McKesson Corporation Common Stock,$910.95,29.44,3.34%,"106,207,991,175"
SNY,Sanofi ADS,$43.33,0.56,1.309%,"105,675,552,139"
ADBE,Adobe Inc. Common Stock,$265.60,13.37,5.301%,"105,576,000,000"
ENB,Enbridge Inc Common Stock,$48.16,0.40,0.838%,"105,186,672,054"
IBN,ICICI Bank Limited Common Stock,$29.26,-0.13,-0.442%,"104,752,446,899"
CNQ,Canadian Natural Resources Limited Common Stock,$50.32,0.25,0.499%,"104,104,028,800"
CM,Canadian Imperial Bank of Commerce Common Stock,$114.17,-0.47,-0.41%,"103,661,352,275"
HOOD,"Robinhood Markets, Inc. Class A Common Stock",$114.33,1.76,1.563%,"102,792,076,272"
PSX,Phillips 66 Common Stock,$257.06,-2.41,-0.929%,"102,572,316,667"
ABNB,"Airbnb, Inc. Class A Common Stock",$170.65,0.46,0.27%,"102,182,776,633"
GSK,GSK plc American Depositary Shares (Each representing two Ordinary Shares),$50.05,1.92,3.989%,"101,236,416,431"
CME,CME Group Inc. Class A Common Stock,$280.46,4.92,1.786%,"100,847,600,101"
AEM,Agnico Eagle Mines Limited Common Stock,$197.55,-2.81,-1.402%,"100,268,675,155"
SO,Southern Company (The) Common Stock,$87.00,-0.17,-0.195%,"100,081,578,042"
FCX,"Freeport-McMoRan, Inc. Common Stock",$69.34,-1.73,-2.434%,"99,573,455,045"
EQIX,"Equinix, Inc. Common Stock REIT",$998.72,-39.00,-3.758%,"98,545,386,242"
USB,U.S. Bancorp Common Stock,$62.68,-0.16,-0.255%,"97,658,664,635"
PNC,"PNC Financial Services Group, Inc. (The) Common Stock",$242.72,-1.52,-0.622%,"96,831,606,854"
GD,General Dynamics Corporation Common Stock,$356.81,0.91,0.256%,"96,537,512,748"
MELI,"MercadoLibre, Inc. Common Stock","$1,900.24",2.87,0.151%,"96,336,091,032"
BX,Blackstone Inc. Common Stock,$128.29,-0.22,-0.171%,"96,297,695,875"
RACE,Ferrari N.V. Common Shares,$409.08,-4.70,-1.136%,"95,702,029,969"
CEG,Constellation Energy Corporation Common Stock ,$264.57,-20.18,-7.087%,"93,739,103,262"
TT,Trane Technologies plc,$426.01,-16.51,-3.731%,"93,732,073,634"
DUK,Duke Energy Corporation (Holding Company) Common Stock,$119.02,-0.40,-0.335%,"92,800,155,011"
BN,Brookfield Corporation Class A Limited Voting Shares,$37.61,-0.61,-1.596%,"92,172,694,901"
HCA,"HCA Healthcare, Inc. Common Stock",$425.49,-1.45,-0.34%,"92,119,223,235"
ELV,"Elevance Health, Inc. Common Stock",$424.24,5.52,1.318%,"92,004,627,590"
KKR,KKR & Co. Inc. Common Stock,$102.27,1.19,1.177%,"91,801,192,914"
PWR,"Quanta Services, Inc. Common Stock",$622.02,-28.56,-4.39%,"91,642,069,134"
VRT,"Vertiv Holdings, LLC Class A Common Stock",$237.39,-19.67,-7.652%,"91,392,342,388"
ITUB,Itau Unibanco Banco Holding SA American Depositary Shares (Each repstg 500 Preferred shares),$8.23,-0.10,-1.20%,"90,748,296,882"
INTU,Intuit Inc. Common Stock,$339.15,17.58,5.467%,"90,633,089,400"
CSX,CSX Corporation Common Stock,$48.91,-0.04,-0.082%,"90,604,548,190"
HWM,Howmet Aerospace Inc. Common Stock,$227.13,-2.48,-1.08%,"90,579,761,755"
MAR,Marriott International Class A Common Stock,$340.46,5.77,1.724%,"88,780,490,412"
ICE,Intercontinental Exchange Inc. Common Stock,$157.75,0.35,0.222%,"88,559,980,324"
CMCSA,Comcast Corporation Class A Common Stock,$24.88,-0.32,-1.27%,"88,290,077,936"
DASH,"DoorDash, Inc. Class A Common Stock",$203.54,1.59,0.787%,"88,193,462,097"
WMB,"Williams Companies, Inc. (The) Common Stock",$71.95,-0.90,-1.235%,"88,006,899,610"
LYG,Lloyds Banking Group Plc American Depositary Shares,$5.90,-0.11,-1.83%,"87,443,982,093"
WM,"Waste Management, Inc. Common Stock",$218.09,4.63,2.169%,"87,173,884,479"
UPS,"United Parcel Service, Inc. Common Stock",$102.46,2.18,2.174%,"87,171,080,892"
E,ENI S.p.A. Common Stock,$55.40,-0.65,-1.16%,"87,165,393,658"
BCS,Barclays PLC Common Stock,$25.86,-0.84,-3.146%,"86,896,541,988"
MRSH,Marsh Common Stock,$180.43,3.52,1.99%,"86,103,229,085"
EPD,Enterprise Products Partners L.P. Common Stock,$38.70,-0.20,-0.514%,"83,571,766,440"
MMM,3M Company Common Stock,$162.02,-2.95,-1.788%,"83,557,346,002"
JCI,Johnson Controls International plc Ordinary Share,$137.76,-8.25,-5.65%,"83,446,944,907"
MCO,Moody's Corporation Common Stock,$477.93,2.98,0.627%,"82,777,476,000"
EMR,Emerson Electric Company Common Stock,$148.30,-3.89,-2.556%,"82,721,740,000"
DDOG,"Datadog, Inc. Class A Common Stock",$230.05,8.84,3.996%,"82,605,209,271"
ASX,"ASE Technology Holding Co., Ltd. American Depositary Shares (each representing Two Common Shares) ",$37.08,-2.39,-6.055%,"82,573,407,170"
AMT,American Tower Corporation (REIT) Common Stock,$176.94,-0.91,-0.512%,"82,446,970,893"
REGN,"Regeneron Pharmaceuticals, Inc. Common Stock",$793.74,12.25,1.568%,"81,719,492,175"
SU,Suncor Energy  Inc. Common Stock,$68.72,-0.11,-0.16%,"80,376,946,937"
CTAS,Cintas Corporation Common Stock,$200.82,-0.68,-0.337%,"80,362,051,240"
CP,Canadian Pacific Kansas City Limited Common Shares,$89.77,0.54,0.605%,"80,098,530,034"
MDLZ,"Mondelez International, Inc. Class A Common Stock",$62.39,-0.05,-0.08%,"79,628,859,676"
SLB,SLB Limited Common Shares,$53.32,-2.74,-4.888%,"79,134,517,077"
TRV,"The Travelers Companies, Inc. Common Stock",$378.05,2.85,0.76%,"78,851,787,067"
SHW,Sherwin-Williams Company (The) Common Stock,$324.50,1.19,0.368%,"78,775,020,000"
NGG,"National Grid Transco, PLC National Grid PLC (NEW) American Depositary Shares",$74.96,-1.90,-2.472%,"78,705,475,197"
MSI,"Motorola Solutions, Inc. Common Stock",$474.13,7.97,1.71%,"78,465,569,704"
CVNA,Carvana Co. Class A Common Stock,$70.87,1.71,2.473%,"77,989,867,380"
EOG,"EOG Resources, Inc. Common Stock",$148.54,1.18,0.801%,"77,913,563,803"
ECL,Ecolab Inc. Common Stock,$275.51,-0.67,-0.243%,"77,233,333,413"
CDNS,"Cadence Design Systems, Inc. Common Stock",$279.06,-10.31,-3.563%,"76,851,170,580"
CI,The Cigna Group Common Stock,$290.05,9.29,3.309%,"76,642,952,964"
ITW,Illinois Tool Works Inc. Common Stock,$269.04,0.88,0.328%,"76,622,592,000"
GM,General Motors Company Common Stock,$87.16,1.54,1.799%,"76,478,676,314"
APO,"Apollo Global Management, Inc. (New) Common Stock",$128.31,-0.67,-0.519%,"75,772,592,731"
BE,Bloom Energy Corporation Class A Common Stock,$257.05,-18.70,-6.782%,"75,708,254,289"
NTES,"NetEase, Inc. American Depositary Shares",$117.99,2.38,2.059%,"75,292,735,109"
NOC,Northrop Grumman Corporation Common Stock,$527.39,8.42,1.622%,"74,922,619,282"
LITE,Lumentum Holdings Inc. Common Stock,$835.03,-92.00,-9.924%,"74,902,191,000"
CMI,Cummins Inc. Common Stock,$541.10,-15.65,-2.811%,"74,490,253,916"
BAM,Brookfield Asset Management Inc Class A Limited Voting Shares,$46.63,-0.63,-1.333%,"74,479,162,149"
DB,Deutsche Bank AG Common Stock,$39.37,-1.11,-2.742%,"74,070,718,000"
ET,Energy Transfer LP Common Units ,$21.49,-0.06,-0.278%,"73,996,508,425"
FDX,FedEx Corporation Common Stock,$312.57,0.58,0.186%,"73,976,077,868"
CNI,Canadian National Railway Company Common Stock,$122.09,-0.16,-0.131%,"73,754,569,000"
HPE,Hewlett Packard Enterprise Company Common Stock,$55.41,-6.68,-10.759%,"73,554,823,404"
ROST,"Ross Stores, Inc. Common Stock",$230.04,-0.70,-0.303%,"73,486,993,424"
NWG,"NatWest Group plc American Depositary Shares, (each representing two (2) Ordinary Shares)",$18.47,-0.42,-2.223%,"73,418,888,933"
SNPS,"Synopsys, Inc. Common Stock",$381.43,-15.95,-4.014%,"73,095,965,884"
MFC,Manulife Financial Corporation Common Stock,$43.55,0.06,0.138%,"72,680,181,885"
TGT,Target Corporation Common Stock,$158.70,2.87,1.842%,"72,096,892,003"
NSC,Norfolk Southern Corporation Common Stock,$320.05,-0.22,-0.069%,"71,885,909,779"
ORLY,"O'Reilly Automotive, Inc. Common Stock",$87.22,1.40,1.631%,"70,557,560,278"
WBD,"Warner Bros. Discovery, Inc. Series A Common Stock ",$28.10,0.06,0.214%,"70,550,763,123"
CL,Colgate-Palmolive Company Common Stock,$87.89,1.09,1.256%,"70,063,519,941"
NU,Nu Holdings Ltd. Class A Ordinary Shares,$14.41,-0.21,-1.436%,"69,970,257,037"
HLT,Hilton Worldwide Holdings Inc. Common Stock ,$310.60,4.41,1.44%,"69,905,161,046"
B,Barrick Mining Corporation Common Shares,$42.43,-1.25,-2.862%,"69,834,875,898"
AMX,"America Movil, S.A.B. de C.V. American Depositary Shares (each representing the right to receive twenty (20) Series B Shares",$23.12,0.29,1.27%,"69,585,420,000"
RSG,"Republic Services, Inc. Common Stock",$225.85,3.11,1.396%,"69,158,201,081"
KMI,"Kinder Morgan, Inc. Common Stock",$30.96,0.10,0.324%,"68,941,792,675"
RCL,Royal Caribbean Cruises Ltd. Common Stock,$255.34,-4.80,-1.845%,"68,291,215,129"
WPM,Wheaton Precious Metals Corp Common Shares (Canada),$149.67,-4.45,-2.887%,"67,974,122,411"
SE,"Sea Limited American Depositary Shares, each representing one Class A Ordinary Share",$108.68,2.44,2.297%,"66,564,817,851"
AEP,"American Electric Power Company, Inc. Common Stock",$122.23,-1.10,-0.892%,"66,541,688,335"
SPG,"Simon Property Group, Inc. Common Stock",$204.97,0.14,0.068%,"66,318,354,030"
DLR,"Digital Realty Trust, Inc. Common Stock",$179.14,-9.44,-5.006%,"66,288,280,569"
AON,Aon plc Class A Ordinary Shares (Ireland),$311.54,8.85,2.924%,"66,085,557,708"
ALL,Allstate Corporation (The) Common Stock,$258.48,4.77,1.88%,"65,358,722,916"
BSX,Boston Scientific Corporation Common Stock,$45.05,2.07,4.816%,"65,287,790,146"
AJG,Arthur J. Gallagher & Co. Common Stock,$253.30,12.98,5.401%,"64,920,790,000"
PCAR,PACCAR Inc. Common Stock,$122.86,0.13,0.106%,"64,669,198,126"
APD,"Air Products and Chemicals, Inc. Common Stock",$287.13,-4.30,-1.475%,"63,939,696,229"
HON,Honeywell International Inc. Common Stock,$201.38,-0.98,-0.484%,"63,825,379,214"
IMO,Imperial Oil Limited Common Stock,$131.83,1.84,1.415%,"63,752,065,190"
RELX,RELX PLC PLC American Depositary Shares (Each representing One Ordinary Share),$35.72,1.92,5.68%,"62,422,859,703"
CVE,Cenovus Energy Inc Common Stock,$33.27,0.16,0.483%,"62,381,250,000"
VALE,VALE S.A.  American Depositary Shares Each Representing one common share,$14.61,-0.62,-4.071%,"62,377,604,697"
COR,"Cencora, Inc. Common Stock",$326.23,4.66,1.449%,"62,253,546,038"
MET,"MetLife, Inc. Common Stock",$97.75,0.61,0.628%,"62,117,869,614"
URI,"United Rentals, Inc. Common Stock",$993.80,4.68,0.473%,"61,856,585,568"
OXY,Occidental Petroleum Corporation Common Stock,$61.78,0.32,0.521%,"61,757,596,780"
TRGP,"Targa Resources, Inc. Common Stock",$287.25,-3.00,-1.034%,"61,595,310,782"
ARGX,argenx SE American Depositary Shares,$990.54,6.15,0.625%,"61,475,773,080"
TDG,Transdigm Group Incorporated Common Stock,"$1,111.22",-29.10,-2.552%,"61,424,380,111"
TFC,Truist Financial Corporation Common Stock,$50.10,-0.30,-0.595%,"61,203,472,019"
TRP,TC Energy Corporation Common Stock,$61.18,0.30,0.493%,"61,180,000,000"
OKE,"ONEOK, Inc. Common Stock",$96.97,0.35,0.362%,"61,126,946,609"
GWW,"W.W. Grainger, Inc. Common Stock","$1,277.51",-2.49,-0.195%,"60,171,924,414"
BRKRP,"Bruker Corporation 6.375% Mandatory Convertible Preferred Stock, Series A",$393.06,-6.51,-1.629%,"59,886,352,747"
BMNP,"BitMine Immersion Technologies, Inc. 9.5% Series A Perpetual Preferred Stock",$99.02,0.38,0.385%,"59,731,477,534"
MPLX,MPLX LP Common Units Representing Limited Partner Interests,$58.89,-0.95,-1.588%,"59,706,112,401"
CRH,CRH PLC Ordinary Shares,$88.98,0.43,0.486%,"59,557,822,659"
TEL,TE Connectivity plc Ordinary Shares,$203.37,-8.59,-4.053%,"58,878,305,178"
TAK,Takeda Pharmaceutical Company Limited American Depositary Shares (each representing 1/2 of a share of Common Stock),$18.60,0.34,1.862%,"58,773,109,709"
AFL,AFLAC Incorporated Common Stock,$117.01,1.73,1.501%,"58,662,179,299"
MRNA,"Moderna, Inc. Common Stock",$146.69,2.72,1.889%,"58,563,912,557"
NUE,Nucor Corporation Common Stock,$254.63,-4.80,-1.85%,"57,769,353,380"
NBIS,Nebius Group N.V. Class A Ordinary Shares,$212.19,-12.36,-5.504%,"57,684,958,707"
FANG,"Diamondback Energy, Inc. Common Stock",$205.72,0.75,0.366%,"57,606,609,899"
FAST,Fastenal Company Common Stock,$49.44,0.12,0.243%,"56,732,280,009"
D,"Dominion Energy, Inc. Common Stock",$64.46,0.10,0.155%,"56,694,242,673"
LNG,"Cheniere Energy, Inc. Common Stock",$274.28,-4.06,-1.459%,"56,648,188,856"
NXPI,NXP Semiconductors N.V. Common Stock,$224.23,-12.39,-5.236%,"56,542,772,736"
BKR,Baker Hughes Company Class A Common Stock,$56.78,-2.28,-3.86%,"56,364,033,751"
MPWR,"Monolithic Power Systems, Inc. Common Stock","$1,143.24",-91.22,-7.389%,"56,182,243,320"
O,Realty Income Corporation Common Stock,$59.27,-0.23,-0.387%,"56,082,342,816"
FIX,"Comfort Systems USA, Inc. Common Stock","$1,582.80",-108.02,-6.389%,"55,705,583,941"
NOK,Nokia Corporation Sponsored American Depositary Shares,$9.65,-1.48,-13.297%,"55,412,613,066"
MT,Arcelor Mittal NY Registry Shares NEW,$72.79,-1.72,-2.308%,"55,402,348,365"
UMC,United Microelectronics Corporation (NEW) Common Stock,$21.90,-0.74,-3.269%,"55,136,124,791"
CTVA,"Corteva, Inc. Common Stock ",$82.54,-1.36,-1.621%,"55,070,357,840"
NKE,"Nike, Inc. Common Stock",$37.05,0.25,0.679%,"54,963,626,946"
DVN,Devon Energy Corporation Common Stock,$49.73,-0.50,-0.995%,"54,703,000,000"
CAH,"Cardinal Health, Inc. Common Stock",$234.89,0.32,0.136%,"54,629,712,750"
F,Ford Motor Company Common Stock,$13.86,-0.11,-0.787%,"54,286,066,171"
SRE,DBA Sempra Common Stock,$82.99,-0.35,-0.42%,"54,267,189,881"
GRMN,Garmin Ltd. Common Stock (Switzerland),$280.38,-2.29,-0.81%,"54,071,994,044"
KEYS,Keysight Technologies Inc. Common Stock,$314.96,-23.68,-6.993%,"53,620,284,885"
AME,"AMETEK, Inc.",$233.65,-8.22,-3.399%,"53,566,889,661"
SOMN,Southern Company (The) 2025 Series A Corporate Units,$46.28,-1.07,-2.26%,"53,238,798,066"
MSTR,Strategy Inc Common Stock Class A,$136.94,5.97,4.558%,"52,615,874,342"
DAL,"Delta Air Lines, Inc. Common Stock",$79.80,-0.11,-0.138%,"52,478,317,794"
VMRK,Vivmark Residential Common Shares of Beneficial Interest,$66.32,0.78,1.19%,"52,227,000,000"
COHR,Coherent Corp. Common Stock,$266.50,-38.87,-12.729%,"52,189,293,559"
HONA,Honeywell Aerospace Inc. Common Stock ,$164.08,5.82,3.677%,"52,005,603,118"
PSA,Public Storage Common Stock,$295.40,-1.10,-0.371%,"51,878,482,984"
STT,State Street Corporation Common Stock,$188.16,-5.24,-2.709%,"51,687,884,102"
TER,"Teradyne, Inc. Common Stock",$329.20,-50.52,-13.305%,"51,467,374,900"
NDAQ,"Nasdaq, Inc. Common Stock",$91.57,0.38,0.417%,"51,185,557,954"
AU,AngloGold Ashanti PLC Ordinary Shares,$100.48,-3.94,-3.773%,"50,819,694,843"
HBANL,"Huntington Bancshares Incorporated Depositary Shares, Each Representing a 1/40th Interest in a Share of 6.875% Series J Non-Cumulative Perpetual Preferred Stock",$25.01,-0.01,-0.04%,"50,530,574,798"
COIN,"Coinbase Global, Inc. Class A Common Stock",$191.45,16.19,9.238%,"50,511,578,908"
FNV,Franco-Nevada Corporation,$261.67,-4.33,-1.628%,"50,469,289,863"
AMP,"Ameriprise Financial, Inc. Common Stock",$558.54,0.93,0.167%,"50,211,117,297"
BDX,"Becton, Dickinson and Company Common Stock",$182.91,5.06,2.845%,"49,822,269,588"
FITB,Fifth Third Bancorp Common Stock,$54.38,-0.34,-0.621%,"49,316,817,630"
EW,Edwards Lifesciences Corporation Common Stock,$85.52,1.15,1.363%,"49,293,728,000"
NTRA,"Natera, Inc. Common Stock",$341.79,12.86,3.91%,"49,267,035,864"
DEO,Diageo plc Common Stock,$88.38,1.75,2.02%,"49,196,722,227"
HUM,Humana Inc. Common Stock,$407.02,-2.78,-0.678%,"48,875,086,962"
TEAM,Atlassian Corporation Class A Common Stock,$192.77,13.07,7.273%,"48,797,569,368"
EBAY,eBay Inc. Common Stock,$108.99,1.24,1.151%,"48,500,550,000"
AZO,"AutoZone, Inc. Common Stock","$2,965.52",88.77,3.086%,"48,413,166,760"
ETR,Entergy Corporation Common Stock,$103.64,-1.69,-1.604%,"48,361,688,453"
ADSK,"Autodesk, Inc. Common Stock",$228.93,16.53,7.782%,"47,846,370,000"
ABEV,Ambev S.A. American Depositary Shares (Each representing 1 Common Share),$3.03,0.01,0.331%,"47,757,765,431"
XYZ,"Block, Inc. Class A Common Stock,",$79.49,0.28,0.353%,"47,757,194,550"
KB,KB Financial Group Inc,$132.88,0.87,0.659%,"47,649,136,499"
CCEP,Coca-Cola Europacific Partners plc Ordinary Shares,$104.67,1.90,1.849%,"47,518,341,262"
VST,Vistra Corp. Common Stock,$140.73,-7.65,-5.156%,"47,233,940,992"
CARR,Carrier Global Corporation Common Stock ,$57.26,-0.20,-0.348%,"47,200,852,764"
INFY,Infosys Limited American Depositary Shares,$11.60,0.53,4.788%,"47,053,777,056"
WAB,Westinghouse Air Brake Technologies Corporation Common Stock,$278.42,-4.80,-1.695%,"47,028,159,135"
CMG,"Chipotle Mexican Grill, Inc. Common Stock",$37.03,0.83,2.293%,"46,858,428,540"
WDAY,"Workday, Inc. Class A Common Stock",$194.21,8.51,4.583%,"46,804,610,000"
ROK,"Rockwell Automation, Inc. Common Stock",$418.85,-9.54,-2.227%,"46,607,095,214"
LHX,"L3Harris Technologies, Inc. Common Stock",$248.93,3.39,1.381%,"46,354,404,361"
XEL,Xcel Energy Inc. Common Stock,$74.16,-1.34,-1.775%,"46,322,880,133"
PYPL,"PayPal Holdings, Inc. Common Stock",$54.03,0.31,0.577%,"46,220,551,022"
TRI,Thomson Reuters Corporation Common Shares,$105.815,8.465,8.695%,"45,839,058,000"
CRWV,"CoreWeave, Inc. Class A Common Stock",$82.98,-6.01,-6.754%,"45,766,507,234"
VTR,"Ventas, Inc. Common Stock",$89.10,-0.89,-0.989%,"45,703,520,587"
CIEN,Ciena Corporation Common Stock,$319.64,-29.90,-8.554%,"45,327,676,931"
WDS,"Woodside Energy Group Limited American Depositary Shares, each representing one Ordinary Share",$23.74,0.05,0.211%,"45,132,117,395"
TEVA,Teva Pharmaceutical Industries Limited Ordinary Shares,$38.72,1.63,4.395%,"45,120,264,372"
IX,ORIX Corporation American Depositary Shares,$39.94,-0.17,-0.424%,"44,896,818,563"
SLF,Sun Life Financial Inc. Common Stock,$80.23,0.56,0.703%,"44,677,263,225"
ALAB,"Astera Labs, Inc. Common Stock",$257.04,-34.18,-11.737%,"44,592,611,132"
BSBR,"Banco Santander Brasil SA American Depositary Shares, each representing one unit",$5.95,-0.07,-1.163%,"44,453,628,879"
EXC,Exelon Corporation Common Stock,$42.72,-0.44,-1.019%,"44,097,889,470"
RVMD,"Revolution Medicines, Inc. Common Stock",$205.11,1.34,0.658%,"43,962,542,696"
IQV,"IQVIA Holdings, Inc. Common Stock",$265.67,3.90,1.49%,"43,729,282,000"
ARES,Ares Management Corporation Class A Common Stock,$131.52,-0.12,-0.091%,"43,438,061,158"
CBRS,Cerebras Systems Inc. Class A Common Stock,$181.21,-10.72,-5.585%,"43,048,979,870"
VEEV,Veeva Systems Inc. Class A Common Stock,$265.67,3.27,1.246%,"43,014,324,180"
FERG,Ferguson Enterprises Inc. Common Stock,$222.31,-0.23,-0.103%,"43,006,473,516"
KDP,Keurig Dr Pepper Inc. Common Stock,$31.58,0.19,0.605%,"42,974,886,280"
MDLN,Medline Inc. Class A Common Stock,$32.59,0.06,0.184%,"42,846,317,164"
STM,STMicroelectronics N.V. Common Stock,$47.78,-3.73,-7.241%,"42,645,809,990"
HEI,Heico Corporation Common Stock,$303.75,-12.25,-3.877%,"42,451,311,769"
PAYX,"Paychex, Inc. Common Stock",$118.51,2.71,2.34%,"42,187,245,855"
HMC,"Honda Motor Company, Ltd. Common Stock",$32.49,-0.03,-0.092%,"42,156,646,187"
TTWO,"Take-Two Interactive Software, Inc. Common Stock",$222.91,7.44,3.453%,"41,679,810,549"
ADM,Archer-Daniels-Midland Company Common Stock,$86.44,-0.28,-0.323%,"41,660,586,355"
A,"Agilent Technologies, Inc. Common Stock",$146.80,-0.13,-0.088%,"41,387,155,767"
FMX,Fomento Economico Mexicano S.A.B. de C.V. Common Stock,$121.26,4.31,3.685%,"41,311,034,810"
HLN,Haleon plc American Depositary Shares (Each representing two Ordinary Shares),$9.39,0.20,2.176%,"41,299,796,541"
PRU,"Prudential Financial, Inc. Common Stock",$119.50,0.26,0.218%,"41,227,500,000"
IBKR,"Interactive Brokers Group, Inc. Class A Common Stock",$90.75,-0.62,-0.679%,"41,116,844,018"
WCN,"Waste Connections, Inc. Common Shares",$161.03,1.29,0.808%,"41,098,886,259"
SMCIP,"Super Micro Computer, Inc. Depositary Shares representing a 1/20th Interest in a Share of 7% Series A Mandatory Convertible Preferred Stock",$62.31,-5.03,-7.47%,"40,935,513,077"
CBRE,CBRE Group Inc Common Stock Class A,$140.90,0.39,0.278%,"40,801,159,488"
CCJ,Cameco Corporation Common Stock,$93.26,-3.42,-3.537%,"40,617,805,528"
VOD,Vodafone Group Plc American Depositary Shares,$17.53,0.13,0.747%,"40,569,610,896"
LYV,"Live Nation Entertainment, Inc. Common Stock",$171.49,1.34,0.788%,"40,408,850,651"
WAT,Waters Corporation Common Stock,$410.01,1.67,0.409%,"40,282,707,991"
MSCI,MSCI Inc. Common Stock,$553.65,-0.96,-0.173%,"40,250,355,000"
ONC,BeOne Medicines Ltd. American Depositary Shares,$353.83,7.32,2.112%,"40,231,135,139"
HBANM,Huntington Bancshares Incorporated Depositary Shares each representing a 1/1000th interest in a share of Huntington Series I Preferred Stock,$19.88,-0.19,-0.947%,"40,165,846,741"
IDXX,"IDEXX Laboratories, Inc. Common Stock",$509.56,4.86,0.963%,"40,143,705,469"
STRF,Strategy Inc 10.00% Series A Perpetual Strife Preferred Stock,$104.35,0.43,0.414%,"40,093,957,117"
SYY,Sysco Corporation Common Stock,$83.54,0.33,0.397%,"40,023,681,177"
FLEX,Flex Ltd. Ordinary Shares,$108.32,-7.46,-6.443%,"40,013,730,577"
YUM,"Yum! Brands, Inc.",$146.33,5.46,3.876%,"39,933,615,768"
SHG,Shinhan Financial Group Co Ltd American Depositary Shares,$84.11,0.05,0.059%,"39,923,178,304"
AIG,"American International Group, Inc. New Common Stock",$76.29,0.96,1.274%,"39,891,519,863"
AXON,"Axon Enterprise, Inc. Common Stock",$490.18,10.84,2.261%,"39,820,956,085"
BBD,Banco Bradesco Sa American Depositary Shares,$3.54,-0.06,-1.667%,"39,595,587,574"
BTSGU,"BrightSpring Health Services, Inc. Tangible Equity Unit",$198.73,4.65,2.396%,"39,321,560,614"
FER,Ferrovial N.V. Ordinary Shares,$54.62,-1.53,-2.725%,"39,296,782,414"
ED,"Consolidated Edison, Inc. Common Stock",$105.78,-0.68,-0.639%,"39,120,472,799"
ROP,"Roper Technologies, Inc. Common Stock",$394.61,6.09,1.567%,"39,027,273,889"
DHI,"D.R. Horton, Inc. Common Stock",$139.41,1.52,1.102%,"38,993,153,632"
MCHP,Microchip Technology Incorporated Common Stock,$71.48,-2.72,-3.666%,"38,814,261,233"
GFI,Gold Fields Limited American Depositary Shares,$43.12,-1.98,-4.39%,"38,593,445,531"
HBANZ,"Huntington Bancshares Incorporated Depositary Shares, Each Representing a 1/1000th Interest in a Share of 5.50% Series L Non-Cumulative Perpetual Preferred Stock",$19.0901,-0.0349,-0.182%,"38,569,921,070"
VIK,Viking Holdings Ltd Ordinary Shares,$86.42,1.41,1.659%,"38,524,829,490"
VG,"Venture Global, Inc. Class A common stock",$15.27,-0.53,-3.354%,"38,176,417,835"
RKT,"Rocket Companies, Inc. Class A Common Stock",$13.44,0.26,1.973%,"38,057,274,138"
STRC,Strategy Inc Variable Rate Series A Perpetual Stretch Preferred Stock,$98.91,0.27,0.274%,"38,003,769,031"
ODFL,"Old Dominion Freight Line, Inc. Common Stock",$181.91,2.12,1.179%,"37,720,243,108"
RKLB,Rocket Lab Corporation Common Stock,$62.55,-0.40,-0.635%,"37,433,656,674"
KR,Kroger Company (The) Common Stock,$60.91,2.42,4.137%,"37,316,345,947"
HIG,"The Hartford Insurance Group, Inc. Common Stock",$137.59,1.23,0.902%,"37,269,278,755"
NTR,Nutrien Ltd. Common Shares,$77.00,-1.45,-1.848%,"37,111,091,941"
NTAP,"NetApp, Inc. Common Stock",$188.275,-11.005,-5.522%,"36,980,788,166"
TKO,"TKO Group Holdings, Inc. Class A Common Stock",$193.72,3.41,1.792%,"36,665,328,802"
RBLX,Roblox Corporation Class A Common Stock,$51.29,5.79,12.725%,"36,640,342,014"
JD,"JD.com, Inc. American Depositary Shares",$27.26,0.20,0.739%,"36,637,440,000"
EC,Ecopetrol S.A. American Depositary Shares,$17.74,-0.01,-0.056%,"36,470,508,199"
PCG,Pacific Gas & Electric Co. Common Stock,$13.60,-0.20,-1.449%,"36,449,502,746"
CLS,"Celestica, Inc. Common Stock",$316.08,-30.47,-8.792%,"36,340,699,661"
QSR,Restaurant Brands International Inc. Common Shares,$78.89,1.93,2.508%,"35,856,206,569"
TWLO,Twilio Inc. Class A Common Stock,$231.88,4.53,1.993%,"35,611,022,014"
BBDO,Banco Bradesco Sa American Depositary Shares (each representing one Common Share),$3.18,-0.02,-0.625%,"35,568,917,651"
EL,"Estee Lauder Companies, Inc. (The) Common Stock",$98.22,1.10,1.133%,"35,535,855,251"
BAP,Credicorp Ltd. Common Stock,$376.04,-1.86,-0.492%,"35,491,526,485"
UAL,"United Airlines Holdings, Inc. Common Stock",$108.96,-0.86,-0.783%,"35,366,647,797"
PEG,Public Service Enterprise Group Incorporated Common Stock,$70.92,-1.47,-2.031%,"35,347,948,528"
CHT,"Chunghwa Telecom Co., Ltd.",$45.25,0.40,0.892%,"35,102,445,594"
HSY,The Hershey Company Common Stock,$173.68,0.36,0.208%,"34,896,768,108"
PPLC,PPL Corporation Corporate Units,$45.88,-0.12,-0.261%,"34,526,757,305"
KVUE,Kenvue Inc. Common Stock,$17.91,0.13,0.731%,"34,401,052,794"
MTB,M&T Bank Corporation Common Stock,$237.82,-2.01,-0.838%,"34,345,075,429"
CNC,Centene Corporation Common Stock,$69.41,2.99,4.502%,"34,288,192,950"
WEC,"WEC Energy Group, Inc. Common Stock",$105.17,-0.16,-0.152%,"34,269,579,610"
RPRX,Royalty Pharma plc Class A Ordinary Shares ,$59.05,0.44,0.751%,"33,953,821,096"
HBAN,Huntington Bancshares Incorporated Common Stock,$16.77,-0.09,-0.534%,"33,882,356,632"
ERIC,Ericsson American Depositary Shares,$10.05,-0.26,-2.522%,"33,882,084,937"
ALC,Alcon Inc. Ordinary Shares,$67.74,1.71,2.59%,"33,849,678,000"
ESLT,Elbit Systems Ltd. Ordinary Shares,$724.91,-3.09,-0.424%,"33,714,790,621"
KGC,Kinross Gold Corporation Common Stock,$28.18,-0.95,-3.261%,"33,649,738,000"
STLD,"Steel Dynamics, Inc.",$234.53,-5.26,-2.194%,"33,614,736,479"
MCHPP,Microchip Technology Incorporated Depositary Shares Each Representing a 1/20th Interest in a Share of 7.50% Series A Mandatory Convertible Preferred Stock,$61.76,-1.88,-2.954%,"33,536,216,756"
UI,Ubiquiti Inc. Common Stock,$552.91,-11.24,-1.992%,"33,466,747,139"
ALNY,"Alnylam Pharmaceuticals, Inc. Common Stock",$249.99,1.31,0.527%,"33,450,941,409"
ACGL,Arch Capital Group Ltd. Common Stock,$97.95,1.86,1.936%,"33,423,392,892"
IRM,Iron Mountain Incorporated (Delaware)Common Stock REIT,$112.06,-3.12,-2.709%,"33,360,577,113"
EQT,EQT Corporation Common Stock,$53.21,-0.86,-1.591%,"33,283,706,360"
NTRS,Northern Trust Corporation Common Stock,$181.71,-7.48,-3.954%,"33,244,871,707"
PUK,Prudential Public Limited Company Common Stock,$26.64,-0.04,-0.15%,"33,236,006,031"
EME,"EMCOR Group, Inc. Common Stock",$749.70,-30.96,-3.966%,"33,069,192,780"
EXPE,"Expedia Group, Inc. Common Stock",$287.86,7.03,2.503%,"32,958,787,183"
KMB,Kimberly-Clark Corporation Common Stock,$99.09,0.94,0.958%,"32,955,256,875"
RJF,"Raymond James Financial, Inc. Common Stock",$170.80,-2.66,-1.533%,"32,855,380,239"
HBANP,Huntington Bancshares Incorporated Depositary Shares 4.500% Series H Non-Cumulative Perpetual Preferred Stock,$16.25,-0.11,-0.672%,"32,831,740,923"
OKTA,"Okta, Inc. Class A Common Stock",$186.45,19.95,11.982%,"32,595,362,026"
VMC,Vulcan Materials Company (Holding Company) Common Stock,$250.54,-2.20,-0.87%,"32,464,657,269"
TECK,Teck Resources Ltd Ordinary Shares,$66.25,-0.19,-0.286%,"32,432,212,488"
RMD,ResMed Inc. Common Stock,$222.99,4.72,2.162%,"32,166,821,715"
BIIB,Biogen Inc. Common Stock,$217.36,0.21,0.097%,"32,115,809,005"
DXCM,"DexCom, Inc. Common Stock",$84.68,1.65,1.987%,"31,954,909,580"
CBOE,"Cboe Global Markets, Inc. Common Stock",$284.50,3.46,1.231%,"31,812,434,375"
CQP,"Cheniere Energy Partners, LP Common Units",$65.60,-2.14,-3.159%,"31,754,185,382"
CCI,Crown Castle Inc. Common Stock,$74.17,-1.45,-1.917%,"31,556,029,911"
ILMN,"Illumina, Inc. Common Stock",$208.21,1.76,0.853%,"31,439,710,000"
JBL,Jabil Inc. Common Stock,$298.72,-19.36,-6.087%,"31,301,999,226"
BIDU,"Baidu, Inc. ADS",$91.90,0.50,0.547%,"31,269,219,362"
ZS,"Zscaler, Inc. Common Stock",$191.73,27.19,16.525%,"31,262,477,248"
P,"Everpure, Inc. Class A common stock",$93.78,-4.40,-4.482%,"31,250,051,599"
RDDT,"Reddit, Inc. Class A Common Stock",$162.38,4.61,2.922%,"31,241,345,294"
NMR,Nomura Holdings Inc ADR American Depositary Shares,$10.73,-0.13,-1.197%,"31,131,348,414"
CCL,Carnival Corporation Ltd. Common Shares,$22.56,-0.19,-0.835%,"30,899,284,125"
MDB,"MongoDB, Inc. Class A Common Stock",$382.29,20.08,5.544%,"30,795,883,601"
HPQ,HP Inc. Common Stock,$34.02,-1.46,-4.115%,"30,678,928,765"
AGNCN,"AGNC Investment Corp. Depositary Shares Each Representing a 1/1,000th Interest in a Share of 7.00% Series C Fixed-To-Floating Rate Cumulative Redeemable Preferred Stock",$25.81,-0.03,-0.116%,"30,597,276,147"
AGNCO,"AGNC Investment Corp. Depositary Shares, each representing a 1/1,000th interest in a share of 6.50% Series E Fixed-to-Floating Cumulative Redeemable Preferred Stock",$25.705,0.015,0.058%,"30,472,800,595"
ZTS,Zoetis Inc. Class A Common Stock,$73.67,0.70,0.959%,"30,442,182,759"
AGNCM,AGNC Investment Corp. Depositary Shares rep 6.875% Series D Fixed-to-Floating Cumulative Redeemable Preferred Stock,$25.41,-0.035,-0.138%,"30,123,083,568"
AGNCP,"AGNC Investment Corp. Depositary Shares Each Representing a 1/1,000th Interest in a Share of 6.125% Series F Fixed-to-Floating Rate Cumulative Redeemable Preferred Stock",$25.41,-0.02,-0.079%,"30,123,083,568"
MLM,"Martin Marietta Materials, Inc. Common Stock",$500.92,-9.04,-1.773%,"30,088,180,072"
WTW,Willis Towers Watson Public Limited Company Ordinary Shares,$323.71,8.10,2.566%,"30,063,574,726"
AGNCZ,"AGNC Investment Corp. Depositary Shares Each Representing a 1/1,000th Interest in a Share of 8.75% Series H Fixed-Rate Cumulative Redeemable Preferred Stock",$25.3062,0.0062,0.025%,"30,000,030,594"
SUNB,"Sunbelt Rentals Holdings, Inc. Common Stock",$73.06,0.38,0.523%,"29,937,423,375"
AGNCL,"AGNC Investment Corp. Depositary Shares Each Representing a 1/1,000th Interest in a Share of 7.75% Series G Fixed-Rate Reset Cumulative Redeemable Preferred Stock",$25.23,0.11,0.438%,"29,909,696,908"
CFG,"Citizens Financial Group, Inc. Common Stock",$70.54,0.06,0.085%,"29,709,810,626"
ROIV,Roivant Sciences Ltd. Common Shares,$41.02,0.20,0.49%,"29,629,690,075"
EXR,Extra Space Storage Inc Common Stock,$139.40,1.76,1.279%,"29,450,976,385"
CPRT,"Copart, Inc. (DE) Common Stock",$31.73,1.78,5.943%,"29,375,998,324"
TS,Tenaris S.A. American Depositary Shares,$55.14,-2.25,-3.921%,"29,193,891,251"
HAL,Halliburton Company Common Stock,$35.01,-0.83,-2.316%,"29,167,894,149"
STRK,Strategy Inc 8.00% Series A Perpetual Strike Preferred Stock,$75.67,-0.33,-0.434%,"29,074,362,578"
GEHC,GE HealthCare Technologies Inc. Common Stock ,$64.25,0.32,0.501%,"29,020,841,691"
STRD,Strategy Inc 10.00% Series A Perpetual Stride Preferred Stock,$75.34,-0.34,-0.449%,"28,947,568,080"
CTSH,Cognizant Technology Solutions Corporation Class A Common Stock,$64.10,4.10,6.833%,"28,873,473,797"
AEE,Ameren Corporation Common Stock,$103.97,-0.93,-0.887%,"28,783,392,806"
KHC,The Kraft Heinz Company Common Stock,$24.27,-0.33,-1.341%,"28,779,942,607"
FOXA,Fox Corporation Class A Common Stock,$68.53,2.59,3.928%,"28,758,624,711"
FTI,TechnipFMC plc Ordinary Share,$72.87,-3.47,-4.545%,"28,577,018,954"
DG,Dollar General Corporation Common Stock,$129.17,4.59,3.684%,"28,497,070,764"
BSP,Bending Spoons S.p.A. Ordinary Shares,$41.05,2.28,5.881%,"28,253,865,265"
SYF,Synchrony Financial Common Stock,$75.88,-0.11,-0.145%,"28,231,726,742"
CRDO,Credo Technology Group Holding Ltd Ordinary Shares,$150.09,-12.86,-7.892%,"28,209,703,373"
IR,Ingersoll Rand Inc. Common Stock,$72.13,-0.80,-1.097%,"27,986,398,814"
RYAAY,Ryanair Holdings plc American Depositary Shares,$53.16,-0.64,-1.19%,"27,974,588,223"
ON,ON Semiconductor Corporation Common Stock,$71.65,-4.49,-5.897%,"27,894,678,621"
ZM,"Zoom Communications, Inc. Class A Common Stock",$95.36,-0.21,-0.22%,"27,824,494,681"
ATO,Atmos Energy Corporation Common Stock,$163.84,0.65,0.398%,"27,687,084,524"
PBA,Pembina Pipeline Corp. Ordinary Shares (Canada),$47.60,-0.21,-0.439%,"27,682,018,000"
TDY,Teledyne Technologies Incorporated Common Stock,$597.11,-6.68,-1.106%,"27,679,435,905"
FTS,Fortis Inc. Common Shares,$54.07,-0.30,-0.552%,"27,624,363,000"
AWK,"American Water Works Company, Inc. Common Stock",$138.92,1.23,0.893%,"27,607,431,152"
VICI,VICI Properties Inc. Common Stock,$25.04,0.21,0.846%,"27,570,982,152"
LVS,Las Vegas Sands Corp. Common Stock,$42.40,-0.43,-1.004%,"27,462,530,202"
INSM,Insmed Incorporated Common Stock,$125.30,-4.11,-3.176%,"27,363,202,326"
DTE,DTE Energy Company Common Stock,$131.13,-1.45,-1.094%,"27,286,588,488"
ECHO,EchoStar  Corporation Common Stock,$93.89,0.75,0.805%,"27,274,172,574"
LPLA,LPL Financial Holdings Inc. Common Stock,$345.66,-8.12,-2.295%,"27,218,059,961"
CPNG,"Coupang, Inc. Class A Common Stock",$15.11,-0.01,-0.066%,"27,160,401,817"
FISV,"Fiserv, Inc. Common Stock",$50.99,-0.59,-1.144%,"27,114,785,104"
CPAY,"Corpay, Inc. Common Stock",$412.56,4.34,1.063%,"27,088,524,163"
WSM,"Williams-Sonoma, Inc. Common Stock (DE)",$229.43,3.20,1.414%,"27,022,075,661"
VRSN,"VeriSign, Inc. Common Stock",$298.60,5.89,2.012%,"26,963,580,000"
OTIS,Otis Worldwide Corporation Common Stock ,$70.18,1.08,1.563%,"26,715,374,211"
FE,FirstEnergy Corp. Common Stock,$45.83,-0.30,-0.65%,"26,519,068,084"
CINF,Cincinnati Financial Corporation Common Stock,$172.02,2.22,1.307%,"26,401,293,301"
WRB,W.R. Berkley Corporation Common Stock,$70.87,0.97,1.388%,"26,308,894,980"
DGX,Quest Diagnostics Incorporated Common Stock,$237.89,2.87,1.221%,"26,256,718,610"
JBHT,"J.B. Hunt Transport Services, Inc. Common Stock",$274.99,4.54,1.679%,"25,825,669,076"
MTD,"Mettler-Toledo International, Inc. Common Stock","$1,285.75",-7.77,-0.601%,"25,762,005,734"
ES,Eversource Energy (D/B/A) Common Stock,$68.33,-0.19,-0.277%,"25,738,185,941"
FOX,Fox Corporation Class B Common Stock,$61.14,2.69,4.602%,"25,657,410,110"
ATI,ATI Inc. Common Stock,$188.15,-10.62,-5.343%,"25,620,457,561"
RF,Regions Financial Corporation Common Stock,$30.03,-0.10,-0.332%,"25,583,443,065"
LH,Labcorp Holdings Inc. Common Stock,$315.31,3.77,1.21%,"25,571,641,000"
DOV,Dover Corporation Common Stock,$189.15,0.10,0.053%,"25,474,764,559"
CNP,"CenterPoint Energy, Inc (Holding Co) Common Stock",$38.65,-0.46,-1.176%,"25,459,539,131"
PPL,PPL Corporation Common Stock,$33.79,-0.29,-0.851%,"25,428,490,177"
TPL,Texas Pacific Land Corporation Common Stock,$365.27,-3.83,-1.038%,"25,194,382,459"
EXPD,"Expeditors International of Washington, Inc. Common Stock",$193.61,1.01,0.524%,"25,167,484,325"
SYM,Symbotic Inc. Class A Common Stock,$41.60,-0.53,-1.258%,"25,159,751,053"
IOT,Samsara Inc. Class A Common Stock,$42.91,4.53,11.803%,"25,128,319,518"
XYL,Xylem Inc. Common Stock New,$107.49,0.53,0.496%,"25,097,497,422"
PFG,Principal Financial Group Inc Common Stock,$116.90,0.735,0.633%,"25,028,832,533"
WST,"West Pharmaceutical Services, Inc. Common Stock",$355.20,8.97,2.591%,"24,997,470,662"
DRI,"Darden Restaurants, Inc. Common Stock",$218.57,8.68,4.135%,"24,934,021,684"
BNTX,BioNTech SE American Depositary Share,$98.86,2.13,2.202%,"24,834,063,623"
INCY,Incyte Corp. Common Stock,$122.19,0.72,0.593%,"24,767,637,584"
AFRM,"Affirm Holdings, Inc. Class A Common Stock",$73.38,1.94,2.716%,"24,759,971,765"
CRCL,"Circle Internet Group, Inc. Class A Common Stock",$97.42,6.82,7.528%,"24,732,588,327"
PHG,Koninklijke Philips N.V. NY Registry Shares,$25.08,0.49,1.993%,"24,650,750,458"
TCOM,Trip.com Group Limited American Depositary Shares,$39.08,0.06,0.154%,"24,608,880,076"
FCNCA,"First Citizens BancShares, Inc. Class A Common Stock","$2,173.88",0.88,0.04%,"24,549,887,706"
Q,"Qnity Electronics, Inc. Common Stock",$117.23,-9.17,-7.255%,"24,525,517,496"
TW,Tradeweb Markets Inc. Class A Common Stock,$104.20,2.76,2.721%,"24,385,744,900"
VRSK,"Verisk Analytics, Inc. Common Stock",$187.03,10.83,6.146%,"24,343,078,924"
CIB,Grupo Cibest S.A. American Depositary Shares each representing four Preferred Shares,$101.84,-0.20,-0.196%,"24,268,845,345"
GFS,GlobalFoundries Inc. Ordinary Shares,$43.54,-3.41,-7.263%,"24,226,407,326"
SMCI,"Super Micro Computer, Inc. Common Stock",$36.74,-3.36,-8.379%,"24,136,908,208"
FWONK,Liberty Media Corporation Series C Liberty Formula One Common Stock,$95.40,-0.19,-0.199%,"23,917,589,469"
SN,"SharkNinja, Inc. Ordinary Shares",$169.62,8.82,5.485%,"23,894,632,650"
GPN,Global Payments Inc. Common Stock,$90.19,1.90,2.152%,"23,865,932,594"
NVT,nVent Electric plc Ordinary Shares ,$146.64,-15.74,-9.693%,"23,734,848,175"
TPR,"Tapestry, Inc. Common Stock",$117.91,-0.58,-0.489%,"23,510,272,753"
VLTO,Veralto Corp Common Stock ,$96.30,2.20,2.338%,"23,477,299,027"
ULTA,"Ulta Beauty, Inc. Common Stock",$548.65,1.87,0.342%,"23,458,886,464"
KEY,KeyCorp Common Stock,$21.93,0.09,0.412%,"23,402,129,189"
PPG,"PPG Industries, Inc. Common Stock",$105.25,-0.25,-0.237%,"23,397,075,000"
HUBB,Hubbell Inc Common Stock,$442.38,-18.02,-3.914%,"23,372,072,759"
ROKU,"Roku, Inc. Class A Common Stock",$157.45,2.52,1.627%,"23,368,566,669"
ASTS,"AST SpaceMobile, Inc. Class A Common Stock",$60.00,0.14,0.234%,"23,350,049,640"
FFIV,"F5, Inc. Common Stock",$411.49,-0.22,-0.053%,"23,301,519,121"
BG,Bunge Limited Common Shares,$121.23,-1.18,-0.964%,"23,290,601,281"
CASY,"Casey's General Stores, Inc. Common Stock",$621.61,6.14,0.998%,"22,974,809,409"
RIVN,"Rivian Automotive, Inc. Class A Common Stock",$15.86,-0.17,-1.061%,"22,963,069,592"
SW,Smurfit WestRock plc Ordinary Shares,$43.75,0.53,1.226%,"22,947,877,225"
BRO,"Brown & Brown, Inc. Common Stock",$68.33,2.14,3.233%,"22,863,925,694"
NRG,"NRG Energy, Inc. Common Stock",$108.47,-4.99,-4.398%,"22,801,531,091"
SOFI,"SoFi Technologies, Inc. Common Stock  ",$17.65,0.33,1.905%,"22,796,216,219"
TROW,"T. Rowe Price Group, Inc. Common Stock",$105.80,-0.49,-0.461%,"22,568,816,930"
GH,"Guardant Health, Inc. Common Stock",$167.84,10.46,6.646%,"22,523,485,173"
CHD,"Church & Dwight Company, Inc. Common Stock",$94.58,0.43,0.457%,"22,434,745,524"
BNH,"Brookfield Finance Inc. 4.625% Subordinated Notes due October 16, 2080",$14.857,0.047,0.317%,"22,401,339,494"
DLTR,Dollar Tree Inc. Common Stock,$119.17,1.00,0.846%,"22,359,902,732"
L,Loews Corporation Common Stock,$109.20,0.41,0.377%,"22,323,507,024"
PHM,"PulteGroup, Inc. Common Stock",$118.94,0.68,0.575%,"22,295,605,108"
MKL,Markel Group Inc. Common Stock,"$1,798.46",14.28,0.80%,"22,282,843,865"
FSLR,"First Solar, Inc. Common Stock",$207.04,-1.99,-0.952%,"22,250,544,908"
OMC,Omnicom Group Inc. Common Stock,$81.07,2.06,2.607%,"22,241,227,545"
YPF,YPF Sociedad Anonima American Depositary Shares,$56.33,0.78,1.404%,"22,155,309,630"
IHG,Intercontinental Hotels Group American Depositary Shares (Each representing one Ordinary Share),$155.13,1.30,0.845%,"22,141,756,248"
FWONA,Liberty Media Corporation Series A Liberty Formula One Common Stock,$87.54,0.51,0.586%,"21,947,020,777"
BNJ,Brookfield Finance Inc. 4.50% Perpetual Subordinated Notes,$14.545,-0.055,-0.377%,"21,930,906,841"
BCE,"BCE, Inc. Common Stock",$23.47,0.08,0.342%,"21,886,380,925"
FICO,Fair Isaac Corporation Common Stock,"$1,001.50",16.11,1.635%,"21,630,031,453"
EXE,Expand Energy Corporation Common Stock,$93.40,-1.43,-1.508%,"21,622,453,893"
TSEM,Tower Semiconductor Ltd. Ordinary Shares,$191.12,-20.40,-9.644%,"21,602,484,720"
EIX,Edison International Common Stock,$56.13,0.13,0.232%,"21,599,608,641"
AMRZ,Amrize Ltd Ordinary Shares,$39.43,-1.09,-2.69%,"21,565,278,143"
UTHR,United Therapeutics Corporation Common Stock,$502.70,5.59,1.124%,"21,561,150,868"
AER,AerCap Holdings N.V. Ordinary Shares,$139.42,-2.08,-1.47%,"21,530,639,662"
STZ,"Constellation Brands, Inc. Common Stock",$125.00,2.55,2.082%,"21,347,304,250"
THC,Tenet Healthcare Corporation Common Stock,$264.51,0.82,0.311%,"21,298,080,690"
IFF,"International Flavors & Fragrances, Inc. Common Stock",$83.43,-0.18,-0.215%,"21,287,161,413"
XPO,"XPO, Inc. Common Stock",$180.49,-1.69,-0.928%,"21,132,936,068"
RGLD,"Royal Gold, Inc. Common Stock",$248.34,-3.94,-1.562%,"21,041,316,007"
SOJC,"Southern Company (The) Series 2017B 5.25% Junior Subordinated Notes due December 1, 2077",$19.07,-0.03,-0.157%,"20,977,904,051"
CMS,CMS Energy Corporation Common Stock,$66.82,-0.33,-0.491%,"20,953,224,228"
BCH,Banco De Chile ADS,$41.43,-0.29,-0.695%,"20,925,688,371"
SNX,TD SYNNEX Corporation Common Stock,$261.12,-8.09,-3.005%,"20,878,829,322"
DOW,Dow Inc. Common Stock ,$28.90,-0.13,-0.448%,"20,875,646,548"
CRS,Carpenter Technology Corporation Common Stock,$420.38,-22.81,-5.147%,"20,833,429,975"
STE,STERIS plc (Ireland) Ordinary Shares,$213.66,2.90,1.376%,"20,831,873,503"
PKG,Packaging Corporation of America Common Stock,$233.26,-1.14,-0.486%,"20,783,069,225"
RBRK,"Rubrik, Inc. Class A Common Stock",$100.20,13.55,15.638%,"20,771,904,187"
USFD,US Foods Holding Corp. Common Stock,$94.80,-0.54,-0.566%,"20,508,152,540"
ARXS,"Arxis, Inc. Class A Common Stock",$49.11,-3.34,-6.368%,"20,502,166,311"
CDE,"Coeur Mining, Inc. Common Stock",$19.88,-0.70,-3.401%,"20,435,347,760"
CW,Curtiss-Wright Corporation Common Stock,$551.21,-7.69,-1.376%,"20,358,634,877"
RL,Ralph Lauren Corporation Common Stock,$341.43,2.34,0.69%,"20,343,163,862"
LYB,LyondellBasell Industries NV Ordinary Shares Class A (Netherlands),$62.75,-0.94,-1.476%,"20,270,631,488"
EFX,"Equifax, Inc. Common Stock",$172.29,3.29,1.947%,"20,241,472,732"
BPYPM,"Brookfield Property Partners L.P. 6.25% Class A Cumulative Redeemable Preferred Units, Series 1",$16.2901,-0.7334,-4.308%,"20,178,994,880"
PAAS,Pan American Silver Corp. Common Stock,$48.64,-1.70,-3.377%,"20,167,019,520"
AQNB,"Algonquin Power & Utilities Corp. 6.20% Fixed-to-Floating Subordinated Notes Series 2019-A due July 1, 2079",$26.18,-0.02,-0.076%,"20,106,894,526"
BEP,Brookfield Renewable Partners L.P. Limited Partnership Units,$29.43,-0.96,-3.159%,"20,018,251,420"
SQM,Sociedad Quimica y Minera S.A. Common Stock,$69.73,-0.15,-0.215%,"19,917,524,352"
PR,Permian Resources Corporation Class A Common Stock,$23.76,-0.02,-0.084%,"19,900,355,009"
BBY,"Best Buy Co., Inc. Common Stock",$94.83,4.03,4.438%,"19,888,477,601"
BR,"Broadridge Financial Solutions, Inc. Common Stock",$174.39,6.65,3.964%,"19,884,261,353"
CF,"CF Industries Holdings, Inc. Common Stock",$131.24,-1.83,-1.375%,"19,861,616,181"
RCI,"Rogers Communication, Inc. Common Stock",$36.65,0.44,1.215%,"19,799,219,789"
WES,"Western Midstream Partners, LP Common Units Representing Limited Partner Interests",$47.88,-1.15,-2.346%,"19,782,799,513"
BPYPP,Brookfield Property Partners L.P. 6.50% Class A Cumulative Redeemable Perpetual Preferred Units,$15.905,0.105,0.665%,"19,701,960,919"
NI,NiSource Inc Common Stock,$41.07,-0.34,-0.821%,"19,695,533,307"
WF,Woori Financial Group Inc. American Depositary Shares (each representing three (3) shares of Common Stock),$80.81,1.94,2.46%,"19,691,749,769"
FIS,"Fidelity National Information Services, Inc. Common Stock",$38.18,0.04,0.105%,"19,689,651,911"
ENTG,"Entegris, Inc. Common Stock",$128.52,-11.85,-8.442%,"19,637,856,000"
RS,"Reliance, Inc. Common Stock",$384.23,-9.98,-2.532%,"19,616,691,668"
SOJD,"Southern Company (The) Series 2020A 4.95% Junior Subordinated Notes due January 30, 2080",$17.81,-0.02,-0.112%,"19,591,844,319"
SNA,Snap-On Incorporated Common Stock,$377.78,2.34,0.623%,"19,541,472,905"
AMCR,Amcor plc Ordinary Shares,$42.25,-0.07,-0.165%,"19,534,105,403"
GIS,"General Mills, Inc. Common Stock",$36.47,0.62,1.729%,"19,497,936,844"
SBAC,SBA Communications Corporation Class A Common Stock,$183.07,-2.40,-1.294%,"19,421,550,298"
FDXF,"FedEx Freight Holding Company, Inc. Common Stock",$129.44,1.13,0.881%,"19,353,627,136"
LUV,Southwest Airlines Company Common Stock,$39.52,0.28,0.714%,"19,333,508,104"
PKX,POSCO HOLDINGS INC. American Depositary Shares (Each representing 1/4th of a share of Common Stock),$59.64,-3.30,-5.243%,"19,307,365,029"
LEN,Lennar Corporation Class A Common Stock,$79.99,0.39,0.49%,"19,269,202,409"
TOST,"Toast, Inc. Class A Common Stock",$33.29,1.17,3.643%,"19,241,620,000"
WWD,"Woodward, Inc. Common Stock",$324.67,-12.59,-3.733%,"19,170,406,379"
VTRS,Viatris Inc. Common Stock,$16.66,0.15,0.909%,"19,135,523,794"
GFL,"GFL Environmental Inc. Subordinate voting shares, no par value",$42.61,-0.24,-0.56%,"19,135,314,097"
U,Unity Software Inc. Common Stock,$43.45,-0.51,-1.16%,"19,121,864,139"
SSNC,"SS&C Technologies Holdings, Inc. Common Stock",$81.22,0.95,1.184%,"19,058,678,775"
KSPI,Joint Stock Company Kaspi.kz American Depository Shares,$100.48,0.59,0.591%,"19,024,226,563"
DINO,HF Sinclair Corporation Common Stock,$106.91,-0.93,-0.862%,"19,006,871,297"
VIV,Telefonica Brasil S.A. American Depositary Shares (Each representing One Common Share),$11.89,0.04,0.338%,"18,997,879,763"
CDW,CDW Corporation Common Stock,$151.70,-2.09,-1.359%,"18,965,143,524"
BEKE,KE Holdings Inc American Depositary Shares (each representing three Class A Ordinary Shares),$16.70,-0.23,-1.359%,"18,868,326,564"
GEN,Gen Digital Inc. Common Stock,$31.41,1.15,3.80%,"18,801,618,675"
TSN,"Tyson Foods, Inc. Common Stock",$53.16,0.18,0.34%,"18,701,768,378"
EVRG,"Evergy, Inc. Common Stock",$80.86,-0.76,-0.931%,"18,643,661,528"
BPYPO,"Brookfield Property Partners L.P. 6.375% Class A Cumulative Redeemable Perpetual Preferred Units, Series 2",$14.98,-0.07,-0.465%,"18,556,137,980"
OVV,Ovintiv Inc. (DE),$65.36,1.67,2.622%,"18,477,272,000"
ZBH,"Zimmer Biomet Holdings, Inc. Common Stock",$96.54,3.05,3.262%,"18,413,816,496"
SBS,Companhia de saneamento Basico Do Estado De Sao Paulo - Sabesp American Depositary Shares (Each repstg 250 Common Shares),$5.22,-0.07,-1.323%,"18,398,067,611"
CHRW,"C.H. Robinson Worldwide, Inc. Common Stock",$157.31,4.53,2.965%,"18,381,871,396"
GPC,Genuine Parts Company Common Stock,$133.21,-0.47,-0.352%,"18,364,298,363"
NWS,News Corporation Class B Common Stock,$33.86,1.15,3.516%,"18,320,042,323"
MTSI,"MACOM Technology Solutions Holdings, Inc. Common Stock",$239.62,-35.28,-12.834%,"18,300,002,486"
NTNX,"Nutanix, Inc. Class A Common Stock",$67.69,1.77,2.685%,"18,297,995,254"
MTZ,"MasTec, Inc. Common Stock",$227.70,-12.71,-5.287%,"18,285,436,660"
PAA,"Plains All American Pipeline, L.P. Common Units representing Limited Partner Interests",$25.85,-0.25,-0.958%,"18,238,892,991"
IP,International Paper Company Common Stock,$34.25,-0.11,-0.32%,"18,137,768,904"
TPG,TPG Inc. Class A Common Stock,$47.98,0.29,0.608%,"18,132,542,393"
FTAI,FTAI Aviation Ltd. Common Stock,$176.00,-10.06,-5.407%,"18,076,448,016"
ITT,ITT Inc. Common Stock ,$199.50,-4.64,-2.273%,"17,835,300,000"
EWBC,"East West Bancorp, Inc. Common Stock",$129.81,0.64,0.495%,"17,785,509,027"
ESS,"Essex Property Trust, Inc. Common Stock",$275.73,2.82,1.033%,"17,720,736,685"
SOJE,"Southern Company (The) Series 2020C 4.20% Junior Subordinated Notes due October 15, 2060",$16.13,-0.02,-0.124%,"17,655,345,338"
FLUT,Flutter Entertainment plc Ordinary Shares,$100.65,0.09,0.089%,"17,631,979,124"
WIT,Wipro Limited Common Stock,$1.78,0.09,5.325%,"17,628,318,639"
TSCO,Tractor Supply Company Common Stock,$33.83,0.82,2.484%,"17,626,787,835"
ASND,Ascendis Pharma A/S Ordinary Share,$264.92,1.405,0.533%,"17,398,166,397"
LNT,Alliant Energy Corporation Common Stock,$66.92,-0.34,-0.506%,"17,351,332,057"
AEG,Aegon Ltd. New York Registry Shares,$9.06,UNCH,--,"17,295,091,621"
MGA,"Magna International, Inc. Common Stock",$64.89,-1.24,-1.875%,"17,225,332,512"
NDSN,Nordson Corporation Common Stock,$308.31,-6.16,-1.959%,"17,172,671,531"
CLH,"Clean Harbors, Inc. Common Stock",$322.99,0.17,0.053%,"17,049,753,232"
CNH,CNH Industrial N.V. Common Shares,$13.75,0.17,1.252%,"17,018,731,923"
IREN,IREN Limited Ordinary Shares,$43.17,-0.66,-1.506%,"17,011,511,834"
BEN,"Franklin Templeton, Inc. Common Stock",$33.47,-0.18,-0.535%,"17,005,334,178"
ROL,"Rollins, Inc. Common Stock",$35.31,0.58,1.67%,"16,989,244,215"
GIB,CGI Inc. Common Stock,$72.91,2.70,3.846%,"16,906,981,859"
J,Jacobs Solutions Inc. Common Stock,$144.07,2.22,1.565%,"16,861,752,687"
SITM,SiTime Corporation Common Stock,$558.35,-77.31,-12.162%,"16,790,162,951"
NVR,"NVR, Inc. Common Stock","$6,299.56",138.80,2.253%,"16,787,445,462"
BPYPN,"Brookfield Property Partners L.P. 5.750% Class A Cumulative Redeemable Perpetual Preferred Units, Series 3",$13.55,-0.07,-0.514%,"16,784,757,652"
DD,"DuPont de Nemours, Inc. Common Stock",$124.29,-2.70,-2.126%,"16,784,491,363"
LDOS,"Leidos Holdings, Inc. Common Stock",$132.83,3.97,3.081%,"16,669,130,121"
FTV,Fortive Corporation Common Stock ,$55.19,0.50,0.914%,"16,668,321,100"
ZBRA,Zebra Technologies Corporation Class A Common Stock,$351.81,1.44,0.411%,"16,644,363,295"
MEDP,"Medpace Holdings, Inc. Common Stock",$595.41,7.89,1.343%,"16,618,878,504"
ONON,On Holding AG Class A Ordinary Shares,$27.47,0.06,0.219%,"16,576,251,493"
NWSA,News Corporation Class A Common Stock,$30.56,1.12,3.804%,"16,534,568,617"
NLY,Annaly Capital Management Inc. Common Stock,$21.84,-0.06,-0.274%,"16,461,123,413"
JHX,James Hardie Industries plc. Ordinary Shares,$28.33,-0.14,-0.492%,"16,446,202,085"
CHTR,"Charter Communications, Inc. Class A Common Stock New",$143.35,-2.42,-1.66%,"16,424,683,478"
WCC,"WESCO International, Inc. Common Stock",$336.73,-19.59,-5.498%,"16,409,813,927"
IEX,IDEX Corporation Common Stock,$222.14,-2.07,-0.923%,"16,376,137,697"
BSAC,Banco Santander - Chile ADS,$34.75,-0.44,-1.25%,"16,371,257,266"
BIP,Brookfield Infrastructure Partners LP Limited Partnership Units,$35.65,-1.23,-3.335%,"16,317,521,818"
INVH,Invitation Homes Inc. Common Stock,$27.59,0.05,0.182%,"16,295,294,805"
DUKB,Duke Energy Corporation 5.625% Junior Subordinated Debentures due 2078,$20.86,-0.48,-2.249%,"16,264,587,746"
RGA,"Reinsurance Group of America, Incorporated Common Stock",$249.05,0.33,0.133%,"16,263,379,668"
OWL,Blue Owl Capital Inc. Class A Common Stock,$10.43,-0.13,-1.231%,"16,261,331,886"
SUN,Sunoco LP Common Units representing limited partner interests,$79.13,1.46,1.88%,"16,207,772,893"
MKSI,MKS Inc. Common Stock,$239.27,-28.04,-10.49%,"16,178,853,103"
ZTO,"ZTO Express (Cayman) Inc. American Depositary Shares, each representing one Class A ordinary share.",$20.90,0.29,1.407%,"16,090,924,484"
BALL,Ball Corporation Common Stock,$60.71,0.81,1.352%,"16,070,140,803"
APG,APi Group Corporation Common Stock,$37.12,-0.74,-1.955%,"16,041,790,225"
VNOM,"Viper Energy, Inc. Class A Common Stock",$44.64,-0.07,-0.157%,"16,034,460,024"
WY,Weyerhaeuser Company Common Stock,$22.23,0.17,0.771%,"16,021,961,280"
TIGO,Millicom International Cellular S.A. Common Stock,$95.43,-1.25,-1.293%,"15,988,421,311"
PS,Pershing Square Inc. Common Stock,$39.97,2.30,6.106%,"15,988,000,000"
NBIX,"Neurocrine Biosciences, Inc. Common Stock",$157.22,1.00,0.64%,"15,981,284,237"
JAZZ,Jazz Pharmaceuticals plc Common Stock (Ireland),$245.87,0.07,0.028%,"15,960,547,047"
CX,"Cemex, S.A.B. de C.V. Sponsored ADR",$10.45,-0.24,-2.245%,"15,841,323,402"
JLL,Jones Lang LaSalle Incorporated Common Stock,$343.55,-3.42,-0.986%,"15,805,946,366"
APA,APA Corporation Common Stock,$45.03,0.30,0.671%,"15,776,328,495"
WPC,W. P. Carey Inc. REIT,$69.19,0.07,0.101%,"15,762,649,858"
RBA,"RB Global, Inc. Common Stock",$84.03,0.43,0.514%,"15,705,207,000"
SGI,Somnigroup International Inc. Common Stock,$68.12,1.36,2.037%,"15,683,893,623"
KIM,Kimco Realty Corporation (HC) Common Stock,$23.22,0.03,0.129%,"15,575,729,241"
FUTU,Futu Holdings Limited American Depositary Shares,$111.11,-1.62,-1.437%,"15,574,025,036"
BMNR,"BitMine Immersion Technologies, Inc. Common Stock",$25.76,0.73,2.917%,"15,539,111,909"
CRBG,Corebridge Financial Inc. Common Stock,$34.80,0.13,0.375%,"15,512,883,766"
ARMK,Aramark Common Stock,$58.53,-0.02,-0.034%,"15,429,973,825"
H,Hyatt Hotels Corporation Class A Common Stock,$163.71,0.64,0.392%,"15,421,744,100"
DT,"Dynatrace, Inc. Common Stock",$53.34,2.27,4.445%,"15,415,373,508"
AS,"Amer Sports, Inc. Ordinary Shares",$27.55,-0.52,-1.853%,"15,363,736,512"
HST,"Host Hotels & Resorts, Inc. Common Stock",$22.365,0.125,0.562%,"15,322,807,184"
WMG,Warner Music Group Corp. Class A Common Stock,$29.245,0.915,3.23%,"15,298,345,194"
SOLV,Solventum Corporation Common Stock,$89.82,2.37,2.71%,"15,289,495,339"
STLA,Stellantis N.V. Common Shares,$5.26,-0.14,-2.593%,"15,240,761,611"
LAMR,Lamar Advertising Company Class A Common Stock,$149.78,0.70,0.47%,"15,210,111,670"
AKAM,"Akamai Technologies, Inc. Common Stock",$105.57,-1.22,-1.142%,"15,172,162,412"
RBC,RBC Bearings Incorporated Common Stock,$478.81,-16.02,-3.237%,"15,158,763,098"
LSCC,Lattice Semiconductor Corporation Common Stock,$106.50,-13.26,-11.072%,"15,126,223,968"
PNFP,"Pinnacle Financial Partners, Inc. Common stock",$100.09,0.82,0.826%,"15,124,864,138"
TLK,"PT Telekomunikasi Indonesia, Tbk",$15.26,0.32,2.142%,"15,116,894,253"
TRU,TransUnion Common Stock,$78.83,1.13,1.454%,"15,103,828,000"
EMA,Emera Incorporated Common Shares,$49.01,-0.18,-0.366%,"15,055,872,000"
UNM,Unum Group Common Stock,$94.92,0.50,0.53%,"15,026,481,266"
AGI,Alamos Gold Inc. Class A Common Shares,$35.66,-0.26,-0.724%,"14,975,966,556"
WSE,Wise Group plc Class A Ordinary Shares,$12.13,0.11,0.915%,"14,913,875,162"
CG,The Carlyle Group Inc. Common Stock,$41.82,-0.52,-1.228%,"14,901,837,612"
KEP,Korea Electric Power Corporation Common Stock,$11.56,-0.65,-5.324%,"14,842,209,460"
PTC,PTC Inc. Common Stock,$136.65,5.87,4.488%,"14,827,380,566"
TYL,"Tyler Technologies, Inc. Common Stock",$359.54,22.87,6.793%,"14,723,980,594"
SMMT,Summit Therapeutics Inc. Common Stock ,$18.42,0.87,4.957%,"14,694,547,669"
PFGC,Performance Food Group Company Common Stock,$93.16,-0.78,-0.83%,"14,675,777,261"
YUMC,"Yum China Holdings, Inc. Common Stock",$42.81,0.49,1.158%,"14,660,632,802"
EQH,"Equitable Holdings, Inc. Common Stock",$53.67,0.33,0.619%,"14,653,796,876"
BURL,"Burlington Stores, Inc. Common Stock",$232.24,-6.80,-2.845%,"14,588,200,887"
LTM,"LATAM Airlines Group S.A. American Depositary Shares (each representing two thousand (2,000) shares of Common Stock)",$50.81,-0.48,-0.936%,"14,587,957,074"
MAA,"Mid-America Apartment Communities, Inc. Common Stock",$125.60,0.81,0.649%,"14,572,357,799"
TU,Telus Corporation Ordinary Shares,$9.16,0.06,0.659%,"14,555,240,000"
EG,"Everest Group, Ltd. Common Stock",$379.54,7.83,2.106%,"14,552,601,262"
STRL,"Sterling Infrastructure, Inc. Common Stock",$472.87,-38.17,-7.469%,"14,464,392,507"
APOS,"Apollo Global Management, Inc. 7.625% Fixed-Rate Resettable Junior Subordinated Notes due 2053",$25.36,-0.06,-0.236%,"14,443,389,113"
VLYPN,"Valley National Bancorp 8.250% Fixed-Rate Reset Non-Cumulative Perpetual Preferred Stock, Series C",$26.10,UNCH,--,"14,422,996,399"
SUI,"Sun Communities, Inc. Common Stock",$118.04,3.56,3.11%,"14,377,384,964"
LOGI,Logitech International S.A. Ordinary Shares,$100.36,-2.34,-2.278%,"14,370,381,000"
W,Wayfair Inc. Class A Common Stock,$104.79,6.22,6.31%,"14,352,884,055"
OHI,"Omega Healthcare Investors, Inc. Common Stock",$47.34,0.35,0.745%,"14,344,635,420"
RVTY,"Revvity, Inc. Common Stock",$128.49,4.18,3.363%,"14,337,736,664"
IONQ,"IonQ, Inc. Common Stock",$37.50,0.75,2.041%,"14,287,586,775"
PAG,"Penske Automotive Group, Inc. Common Stock",$217.15,1.24,0.574%,"14,258,692,872"
ARCC,Ares Capital Corporation Common Stock,$19.80,0.06,0.304%,"14,216,852,331"
KKRS,KKR Group Finance Co. IX LLC 4.625% Subordinated Notes due 2061,$15.81,-0.03,-0.189%,"14,191,618,852"
BBIO,"BridgeBio Pharma, Inc. Common Stock",$72.38,-0.06,-0.083%,"14,149,383,368"
CHKP,Check Point Software Technologies Ltd. Ordinary Shares,$138.495,6.855,5.207%,"14,140,427,306"
DOCN,"DigitalOcean Holdings, Inc. Common Stock",$120.21,-2.74,-2.229%,"14,134,237,706"
CACI,"CACI International, Inc. Class A Common Stock",$637.16,15.99,2.574%,"14,080,979,225"
DOC,"Healthpeak Properties, Inc. Common Stock",$20.37,0.07,0.345%,"14,045,670,286"
ULS,UL Solutions Inc. Class A Common Stock,$69.50,-1.75,-2.456%,"14,031,923,024"
AIZ,"Assurant, Inc. Common Stock",$283.27,0.81,0.287%,"13,971,943,478"
VLYPP,"Valley National Bancorp 6.25% Fixed-to-Floating Rate Non-Cumulative Perpetual Preferred Stock, Series A",$25.28,-0.0388,-0.153%,"13,969,860,113"
SKM,"SK Telecom Co., Ltd. Common Stock",$36.32,-1.55,-4.093%,"13,931,625,600"
EXEL,"Exelixis, Inc. Common Stock",$56.21,0.09,0.16%,"13,927,808,907"
IVZ,Invesco Ltd Common Stock,$31.51,-0.77,-2.385%,"13,911,658,068"
VLYPO,"Valley National Bancorp 5.50% Fixed-to-Floating Rate Non-Cumulative Perpetual Preferred Stock, Series B",$25.15,0.04,0.159%,"13,898,021,434"
SLMBP,"SLM Corporation Floating Rate Non-Cumulative Preferred Stock, Series B",$73.8695,-0.2805,-0.378%,"13,883,547,814"
TXT,Textron Inc. Common Stock,$80.58,-0.42,-0.519%,"13,858,705,772"
EQX,Equinox Gold Corp. Common Shares,$11.85,-0.55,-4.435%,"13,834,398,891"
FIVE,"Five Below, Inc. Common Stock",$249.59,4.99,2.04%,"13,740,936,596"
RNR,RenaissanceRe Holdings Ltd. Common Stock,$330.62,5.63,1.732%,"13,737,886,864"
TLN,Talen Energy Corporation Common Stock,$286.52,-26.22,-8.384%,"13,728,393,489"
SMTC,Semtech Corporation Common Stock,$147.05,-20.19,-12.072%,"13,723,533,303"
FN,Fabrinet Ordinary Shares,$382.55,-32.03,-7.726%,"13,708,627,223"
TRMB,Trimble Inc. Common Stock,$58.74,1.08,1.873%,"13,696,984,272"
LECO,"Lincoln Electric Holdings, Inc. Common Shares",$251.265,-1.795,-0.709%,"13,695,389,033"
MAS,Masco Corporation Common Stock,$69.41,0.89,1.299%,"13,686,779,516"
REG,Regency Centers Corporation Common Stock,$74.53,-0.09,-0.121%,"13,647,974,368"
BWXT,"BWX Technologies, Inc. Common Stock",$148.53,-1.59,-1.059%,"13,608,612,689"
ALB,Albemarle Corporation Common Stock,$115.03,-2.49,-2.119%,"13,574,121,707"
EMBJ,Embraer S.A. Common Stock,$75.00,-0.49,-0.649%,"13,551,865,125"
MKC,"McCormick & Company, Incorporated Common Stock",$50.39,-0.93,-1.812%,"13,547,429,705"
CET,Central Securities Corporation Common Stock,$55.90,-0.10,-0.179%,"13,529,208,680"
SWK,"Stanley Black & Decker, Inc. Common Stock",$88.89,-0.35,-0.392%,"13,423,869,218"
JBS,JBS N.V. Class A Common Shares,$12.51,-0.08,-0.635%,"13,397,324,129"
COKE,"Coca-Cola Consolidated, Inc. Common Stock",$200.67,8.06,4.185%,"13,357,456,877"
GL,Globe Life Inc. Common Stock,$172.92,1.75,1.022%,"13,288,806,375"
MLI,"Mueller Industries, Inc. Common Stock",$60.00,-0.48,-0.794%,"13,270,883,280"
HTHT,H World Group Limited American Depositary Shares,$43.12,0.46,1.078%,"13,260,427,075"
GDDY,GoDaddy Inc. Class A Common Stock,$104.47,6.40,6.526%,"13,230,885,637"
ALLE,Allegion plc Ordinary Shares,$155.39,2.04,1.33%,"13,213,866,177"
INIO,INNIO N.V. Ordinary Shares,$17.45,-2.90,-14.251%,"13,087,500,000"
DOCU,"DocuSign, Inc. Common Stock",$69.76,4.11,6.26%,"13,038,315,052"
CRL,"Charles River Laboratories International, Inc. Common Stock",$273.11,-5.15,-1.851%,"13,037,963,332"
BWA,BorgWarner Inc. Common Stock,$63.95,-2.70,-4.051%,"13,024,463,338"
CSL,Carlisle Companies Incorporated Common Stock,$327.92,-7.32,-2.184%,"13,023,058,493"
CNA,CNA Financial Corporation Common Stock,$48.09,0.42,0.881%,"13,013,198,628"
DTM,"DT Midstream, Inc. Common Stock ",$127.21,-1.65,-1.28%,"12,977,365,804"
SJM,The J.M. Smucker Company Common Stock,$121.30,0.16,0.132%,"12,957,652,098"
AVY,Avery Dennison Corporation Common Stock,$170.92,1.54,0.909%,"12,953,709,231"
AUR,"Aurora Innovation, Inc. Class A Common Stock",$6.46,0.03,0.467%,"12,946,843,031"
ICLR,ICON plc Ordinary Shares,$168.93,-0.38,-0.224%,"12,934,518,212"
QNT,Quantinuum Inc. Class A Common Stock,$49.10,0.07,0.143%,"12,928,429,772"
RPM,RPM International Inc. Common Stock,$100.81,0.60,0.599%,"12,877,611,744"
CHYM,"Chime Financial, Inc. Class A Common Stock",$33.97,0.97,2.939%,"12,860,536,221"
BMRN,BioMarin Pharmaceutical Inc. Common Stock,$66.41,0.73,1.111%,"12,855,233,335"
WSO,"Watsco, Inc. Common Stock",$311.58,-2.64,-0.84%,"12,853,358,607"
HAS,"Hasbro, Inc. Common Stock",$90.76,-0.78,-0.852%,"12,801,195,825"
CSGP,"CoStar Group, Inc. Common Stock",$31.52,1.06,3.48%,"12,771,827,974"
FMS,Fresenius Medical Care AG American Depositary Shares (Each representing 1/2 of an Ordinary Share),$22.86,0.51,2.282%,"12,769,087,822"
TME,"Tencent Music Entertainment Group American Depositary Shares, each representing two Class A Ordinary Shares",$8.11,0.13,1.629%,"12,764,365,495"
ALLY,Ally Financial Inc. Common Stock,$41.94,-0.13,-0.309%,"12,758,135,124"
FIG,"Figma, Inc. Class A Common Stock",$23.91,0.71,3.06%,"12,744,265,920"
GWRE,"Guidewire Software, Inc. Common Stock",$153.00,12.08,8.572%,"12,738,223,692"
IESC,"IES Holdings, Inc. Common Stock",$319.55,-26.16,-7.567%,"12,733,655,920"
BNT,Brookfield Wealth Solutions Ltd. Class A Exchangeable Limited Voting Shares,$37.58,-0.61,-1.597%,"12,702,577,018"
SEIC,SEI Investments Company Common Stock,$105.51,-1.42,-1.328%,"12,663,223,893"
PAYP,PayPay Corporation American Depository Shares,$18.68,0.23,1.247%,"12,649,033,762"
HL,Hecla Mining Company Common Stock,$18.82,-0.96,-4.853%,"12,642,681,871"
LII,"Lennox International, Inc. Common Stock",$365.51,-0.53,-0.145%,"12,632,272,319"
PEN,"Penumbra, Inc. Common Stock",$319.86,2.13,0.67%,"12,599,100,521"
SREA,DBA Sempra 5.750% Junior Subordinated Notes due 2079,$19.88,-0.04,-0.201%,"12,586,939,995"
QXO,"QXO, Inc. Common Stock",$12.11,-0.20,-1.625%,"12,564,012,486"
NXT,Nextpower Inc. Common Stock,$82.62,-0.27,-0.326%,"12,535,892,942"
HUBS,"HubSpot, Inc. Common Stock",$250.61,25.28,11.219%,"12,496,968,633"
MDGL,"Madrigal Pharmaceuticals, Inc. Common Stock",$540.06,5.57,1.042%,"12,477,614,288"
HMY,Harmony Gold Mining Company Limited,$19.63,-1.01,-4.893%,"12,460,490,422"
AHR,"American Healthcare REIT, Inc. Common Stock",$53.40,-0.18,-0.336%,"12,452,089,680"
IT,"Gartner, Inc. Common Stock",$197.07,17.48,9.733%,"12,444,768,700"
GGG,Graco Inc. Common Stock,$76.54,-0.16,-0.209%,"12,395,945,689"
AA,Alcoa Corporation Common Stock ,$46.95,-1.31,-2.714%,"12,390,548,443"
GRAB,Grab Holdings Limited Class A Ordinary Shares,$3.02,-0.03,-0.984%,"12,383,454,985"
TOL,"Toll Brothers, Inc. Common Stock",$134.23,-0.69,-0.511%,"12,368,891,810"
UHAL,U-Haul Holding Company Common Stock,$63.49,-0.56,-0.874%,"12,342,042,998"
DKNG,DraftKings Inc. Class A Common Stock,$24.85,0.11,0.445%,"12,336,883,093"
BAX,Baxter International Inc. Common Stock,$23.86,0.06,0.252%,"12,335,524,536"
MANH,"Manhattan Associates, Inc. Common Stock",$211.54,9.72,4.816%,"12,333,833,777"
ONTO,Onto Innovation Inc. Common Stock,$250.13,-31.13,-11.068%,"12,274,941,402"
HALO,"Halozyme Therapeutics, Inc. Common Stock",$107.94,0.74,0.69%,"12,250,974,120"
CCK,"Crown Holdings, Inc.",$112.37,-0.27,-0.24%,"12,221,418,621"
PSKY,Paramount Skydance Corporation Class B Common Stock,$10.87,0.27,2.547%,"12,195,550,618"
MICC,The Magnum Ice Cream Company N.V. Ordinary Shares,$19.91,0.26,1.323%,"12,190,091,403"
EHC,Encompass Health Corporation Common Stock,$122.53,0.82,0.674%,"12,087,999,142"
CORT,Corcept Therapeutics Incorporated Common Stock,$111.80,-0.99,-0.878%,"12,085,400,785"
DVA,DaVita Inc. Common Stock,$189.32,7.77,4.28%,"12,078,616,000"
BJ,"BJ's Wholesale Club Holdings, Inc. Common Stock",$95.31,3.82,4.175%,"12,039,053,295"
PAC,"Grupo Aeroportuario Del Pacifico, S.A. B. de C.V. Grupo Aeroportuario Del Pacifico, S.A. de C.V. (each representing 10 Series B shares)",$201.41,-2.05,-1.008%,"11,984,261,566"
AGNC,AGNC Investment Corp. Common Stock,$10.09,-0.06,-0.591%,"11,961,507,800"
ELS,"Equity Lifestyle Properties, Inc. Common Stock",$61.58,1.50,2.497%,"11,950,499,238"
GLPI,"Gaming and Leisure Properties, Inc. Common Stock",$41.05,0.81,2.013%,"11,942,267,765"
BTSG,"BrightSpring Health Services, Inc. Common Stock",$60.30,1.57,2.673%,"11,931,213,732"
TTMI,"TTM Technologies, Inc. Common Stock",$113.22,-13.22,-10.456%,"11,927,598,382"
SWKS,"Skyworks Solutions, Inc. Common Stock",$79.26,-9.09,-10.289%,"11,926,472,701"
AFG,"American Financial Group, Inc. Common Stock",$143.70,1.74,1.226%,"11,915,814,664"
SNN,"Smith & Nephew SNATS, Inc. Common Stock",$28.40,0.90,3.273%,"11,891,323,218"
TXRH,"Texas Roadhouse, Inc. Common Stock",$181.12,-0.10,-0.055%,"11,888,884,517"
FNF,"Fidelity National Financial, Inc. Common Stock",$44.29,0.16,0.363%,"11,878,260,308"
MAIR,Madison Air Solutions Corporation Class A Common Stock,$23.66,-1.55,-6.148%,"11,870,757,000"
WTRG,"Essential Utilities, Inc. Common Stock",$41.61,0.54,1.315%,"11,808,027,754"
SF,Stifel Financial Corporation Common Stock,$77.97,-1.79,-2.244%,"11,773,605,200"
WTS,"Watts Water Technologies, Inc. Class A Common Stock",$351.93,-4.09,-1.149%,"11,748,496,787"
ERIE,Erie Indemnity Company Class A Common Stock,$253.88,8.85,3.612%,"11,726,480,584"
AIT,"Applied Industrial Technologies, Inc. Common Stock",$319.21,-4.57,-1.411%,"11,725,826,623"
AR,Antero Resources Corporation Common Stock,$38.10,-0.33,-0.859%,"11,713,425,900"
AMKR,"Amkor Technology, Inc. Common Stock",$47.12,-4.61,-8.912%,"11,707,080,481"
SUZ,Suzano S.A. American Depositary Shares (each representing One Ordinary Share),$9.20,-0.16,-1.709%,"11,629,882,058"
DKS,Dick's Sporting Goods Inc Common Stock,$130.77,-4.26,-3.155%,"11,628,925,728"
ELAN,Elanco Animal Health Incorporated Common Stock,$23.15,-0.02,-0.086%,"11,566,245,365"
PNW,Pinnacle West Capital Corporation Common Stock,$95.40,-0.70,-0.728%,"11,562,216,124"
JKHY,"Jack Henry & Associates, Inc. Common Stock",$164.55,3.43,2.129%,"11,537,029,646"
HRL,Hormel Foods Corporation Common Stock,$20.96,0.39,1.896%,"11,535,352,768"
FHN,First Horizon Corporation Common Stock,$24.32,-0.15,-0.613%,"11,522,260,483"
CR,Crane Company Common Stock,$199.25,-2.57,-1.273%,"11,516,720,933"
FROG,JFrog Ltd. Ordinary Shares,$93.00,5.82,6.676%,"11,467,021,923"
CART,Maplebear Inc. Common Stock,$49.48,0.75,1.539%,"11,454,623,315"
ARWR,"Arrowhead Pharmaceuticals, Inc. Common Stock",$80.67,-2.18,-2.631%,"11,394,997,853"
HBM,Hudbay Minerals Inc. Ordinary Shares (Canada),$25.63,-0.89,-3.356%,"11,383,430,199"
RTO,Rentokil Initial plc American Depositary Shares (each representing five (5) Ordinary Shares),$22.55,0.18,0.805%,"11,374,220,000"
UDR,"UDR, Inc. Common Stock",$35.37,0.25,0.712%,"11,363,115,532"
AMH,American Homes 4 Rent Common Shares of Beneficial Interest,$31.63,0.15,0.476%,"11,360,861,629"
SAIL,"SailPoint, Inc. Common Stock",$19.88,2.64,15.313%,"11,349,723,264"
AXSM,"Axsome Therapeutics, Inc. Common Stock",$216.58,-4.17,-1.889%,"11,344,637,562"
TECH,Bio-Techne Corp Common Stock,$72.27,0.15,0.208%,"11,333,254,060"
IAG,Iamgold Corporation Ordinary Shares,$19.79,-0.47,-2.32%,"11,300,090,000"
TEM,"Tempus AI, Inc. Class A Common Stock",$62.21,3.20,5.423%,"11,294,608,403"
NYT,New York Times Company (The) Common Stock,$70.34,3.46,5.173%,"11,289,771,313"
FRO,Frontline Plc Ordinary Shares,$50.52,1.31,2.662%,"11,246,908,352"
HUT,Hut 8 Corp. Common Stock,$91.13,-7.47,-7.576%,"11,232,635,319"
BEPC,Brookfield Renewable Corporation Brookfield Renewable Corporation Class A Subordinate Voting Shares,$29.71,-1.06,-3.445%,"11,197,290,012"
MOH,Molina Healthcare Inc Common Stock,$214.07,9.84,4.818%,"11,174,454,000"
PINS,"Pinterest, Inc. Class A Common Stock",$19.69,0.64,3.36%,"11,150,703,502"
KNX,Knight-Swift Transportation Holdings Inc.,$68.43,0.46,0.677%,"11,137,393,080"
SCI,Service Corporation International Common Stock,$81.28,-0.93,-1.131%,"11,104,430,847"
LI,Li Auto Inc. American Depositary Shares,$12.17,0.36,3.048%,"11,064,508,294"
HII,"Huntington Ingalls Industries, Inc. Common Stock",$280.01,0.32,0.114%,"11,033,681,486"
DECK,Deckers Outdoor Corporation Common Stock,$80.54,-0.73,-0.898%,"10,986,801,843"
TX,"Ternium S.A. Ternium S.A. American Depositary Shares (each representing ten shares, USD1.00 par value)",$55.96,-1.94,-3.351%,"10,985,377,661"
BIPJ,Brookfield Infrastructure Corporation 7.250% Subordinated Notes due 2084,$23.8001,-0.1798,-0.75%,"10,980,032,668"
GME,GameStop Corporation Common Stock,$21.62,0.47,2.222%,"10,907,311,404"
ARW,"Arrow Electronics, Inc. Common Stock",$213.85,-14.35,-6.288%,"10,886,124,709"
ALGN,"Align Technology, Inc. Common Stock",$153.00,2.18,1.445%,"10,869,097,356"
TFII,TFI International Inc. Common Shares,$131.78,0.54,0.411%,"10,831,002,285"
CLX,Clorox Company (The) Common Stock,$89.31,1.55,1.766%,"10,800,348,057"
EGO,Eldorado Gold Corporation Ordinary Shares,$41.16,-2.59,-5.92%,"10,755,925,561"
DPZ,Domino's Pizza Inc Common Stock,$323.77,12.17,3.906%,"10,710,873,341"
NVMI,Nova Ltd. Ordinary Shares,$334.65,-37.16,-9.994%,"10,636,171,580"
EGP,"EastGroup Properties, Inc. Common Stock",$197.57,-0.55,-0.278%,"10,623,994,240"
GSAT,"Globalstar, Inc. Common Stock",$81.99,-0.49,-0.594%,"10,622,902,346"
UMBF,UMB Financial Corporation Common Stock,$139.77,0.28,0.201%,"10,615,535,693"
EVR,Evercore Inc. Class A Common Stock,$275.49,-5.72,-2.034%,"10,594,733,261"
LULU,lululemon athletica inc. Common Stock,$100.30,1.33,1.344%,"10,591,084,619"
BPOP,"Popular, Inc. Common Stock",$165.68,1.97,1.203%,"10,566,822,046"
AES,The AES Corporation Common Stock,$14.80,0.01,0.068%,"10,558,891,724"
FRHC,Freedom Holding Corp. Common Stock,$165.34,-0.16,-0.097%,"10,546,652,696"
SANM,Sanmina Corporation Common Stock,$196.04,-19.96,-9.241%,"10,507,225,670"
GNRC,Generac Holdlings Inc. Common Stock,$176.98,-10.01,-5.353%,"10,442,945,770"
CPT,Camden Property Trust Common Stock,$103.83,0.82,0.796%,"10,439,000,711"
OSCR,"Oscar Health, Inc. Class A Common Stock",$33.81,1.04,3.174%,"10,435,287,450"
COO,"The Cooper Companies, Inc. Common Stock",$54.22,0.31,0.575%,"10,310,220,041"
BXP,"BXP, Inc. Common Stock",$64.50,-0.20,-0.309%,"10,298,170,362"
SSB,SouthState Bank Corporation Common Stock,$106.11,0.13,0.123%,"10,289,967,803"
MGM,MGM Resorts International Common Stock,$39.83,-0.06,-0.15%,"10,289,010,786"
AM,Antero Midstream Corporation Common Stock,$21.62,-0.44,-1.995%,"10,262,451,880"
XPEV,"XPeng Inc. American depositary shares, each representing two Class A ordinary shares",$10.71,0.17,1.613%,"10,260,931,521"
WTFC,Wintrust Financial Corporation Common Stock,$151.99,-0.17,-0.112%,"10,254,152,324"
AVTR,"Avantor, Inc. Common Stock",$15.16,0.35,2.363%,"10,253,600,014"
RRX,Regal Rexnord Corporation Common Stock,$153.87,-8.42,-5.188%,"10,246,490,575"
DAR,Darling Ingredients Inc. Common Stock,$64.92,-0.19,-0.292%,"10,244,565,307"
UHS,"Universal Health Services, Inc. Common Stock",$173.25,-1.58,-0.904%,"10,210,751,224"
ALSN,"Allison Transmission Holdings, Inc. Common Stock",$123.49,-3.45,-2.718%,"10,197,561,913"
ENLT,Enlight Renewable Energy Ltd. Ordinary Shares,$73.13,-1.09,-1.469%,"10,197,544,108"
ENSG,"The Ensign Group, Inc. Common Stock",$174.93,0.95,0.546%,"10,195,346,180"
OC,Owens Corning Inc Common Stock New,$128.95,-2.95,-2.237%,"10,193,327,673"
DCI,"Donaldson Company, Inc. Common Stock",$87.93,-1.32,-1.479%,"10,192,059,154"
DDS,"Dillard's, Inc. Common Stock",$652.39,1.82,0.28%,"10,189,973,638"
AEIS,"Advanced Energy Industries, Inc. Common Stock",$254.35,-32.90,-11.453%,"10,186,829,923"
GMED,"Globus Medical, Inc. Class A Common Stock",$75.77,1.58,2.13%,"10,173,025,224"
XP,XP Inc. Class A Common Stock,$19.595,-0.265,-1.334%,"10,156,322,445"
CFR,"Cullen/Frost Bankers, Inc. Common Stock",$163.39,0.47,0.288%,"10,154,489,981"
RYAN,"Ryan Specialty Holdings, Inc. Class A Common Stock",$39.69,1.57,4.119%,"10,153,288,817"
ZION,Zions Bancorporation N.A. Common Stock,$69.18,0.43,0.625%,"10,097,053,099"
GKOS,Glaukos Corporation Common Stock,$171.09,3.84,2.296%,"10,091,561,781"
CGNX,Cognex Corporation Common Stock,$59.90,-4.32,-6.727%,"10,076,608,136"
CYTK,"Cytokinetics, Incorporated Common Stock",$72.45,-1.32,-1.789%,"10,072,246,634"
KRYS,"Krystal Biotech, Inc. Common Stock",$340.03,-6.97,-2.009%,"10,064,492,205"
LFUS,"Littelfuse, Inc. Common Stock",$396.23,-36.07,-8.344%,"10,063,745,524"
KLAR,Klarna Group plc Ordinary Shares,$14.25,0.42,3.037%,"10,055,434,111"
PAYC,"Paycom Software, Inc. Common Stock",$222.85,3.94,1.80%,"10,044,210,294"
ORI,Old Republic International Corporation Common Stock,$41.33,0.37,0.903%,"9,978,422,666"
FRT,Federal Realty Investment Trust Common Stock,$114.53,0.17,0.149%,"9,951,412,402"
RDY,Dr. Reddy's Laboratories Ltd Common Stock,$11.91,0.01,0.084%,"9,940,764,513"
HSIC,"Henry Schein, Inc. Common Stock",$88.93,0.57,0.645%,"9,910,940,980"
MTCH,"Match Group, Inc. Common Stock",$43.15,0.76,1.793%,"9,905,125,003"
SIRI,SiriusXM Holdings Inc. Common Stock,$29.37,0.22,0.755%,"9,899,654,589"
ONB,Old National Bancorp Common Stock,$25.86,0.20,0.779%,"9,893,260,200"
SNAP,Snap Inc. Class A Common Stock,$5.84,0.16,2.817%,"9,876,594,638"
VSAT,"ViaSat, Inc. Common Stock",$71.64,-2.67,-3.593%,"9,868,826,228"
BIO,"Bio-Rad Laboratories, Inc. Class A Common Stock",$368.55,-0.77,-0.208%,"9,854,354,396"
FDS,FactSet Research Systems Inc. Common Stock,$276.93,17.22,6.63%,"9,849,165,823"
ABVX,Abivax SA American Depositary Shares,$113.58,-5.06,-4.265%,"9,778,617,285"
JEF,Jefferies Financial Group Inc. Common Stock,$50.10,-1.86,-3.58%,"9,706,508,769"
PSO,"Pearson, Plc Common Stock",$16.11,0.42,2.677%,"9,693,707,476"
MUSA,Murphy USA Inc. Common Stock,$527.17,3.59,0.686%,"9,689,567,528"
MOD,Modine Manufacturing Company Common Stock,$182.18,-7.12,-3.761%,"9,676,073,143"
GGB,Gerdau S.A. Common Stock,$4.89,-0.26,-5.049%,"9,672,508,260"
JAN,"Janus Living, Inc. Class A-1 Common Stock",$31.07,0.15,0.485%,"9,640,734,410"
HLI,"Houlihan Lokey, Inc. Class A Common Stock",$137.82,1.21,0.886%,"9,631,757,430"
KT,KT Corporation Common Stock,$19.97,0.07,0.352%,"9,629,336,816"
FCFS,"FirstCash Holdings, Inc. Common Stock",$221.79,-6.59,-2.886%,"9,619,431,522"
DRS,"Leonardo DRS, Inc. Common Stock",$35.91,-0.16,-0.444%,"9,584,074,304"
BSY,"Bentley Systems, Incorporated Class B Common Stock",$31.70,0.73,2.357%,"9,576,344,581"
PTGX,"Protagonist Therapeutics, Inc. Common Stock",$147.78,-0.40,-0.27%,"9,562,590,357"
PODD,Insulet Corporation Common Stock,$137.80,5.84,4.426%,"9,557,008,622"
RRC,Range Resources Corporation Common Stock,$40.88,-0.27,-0.656%,"9,552,818,573"
OGE,OGE Energy Corp Common Stock,$46.23,-0.32,-0.687%,"9,550,252,898"
MSGS,Madison Square Garden Sports Corp. Class A Common Stock (New),$396.30,4.23,1.079%,"9,542,880,618"
KYMR,"Kymera Therapeutics, Inc. Common Stock",$114.63,-0.33,-0.287%,"9,531,555,341"
QRVO,"Qorvo, Inc. Common Stock",$107.98,-8.67,-7.432%,"9,526,171,931"
ONBPP,"Old National Bancorp Depositary Shares, Each Representing a 1/40th Interest in a Share of Series A Preferred Stock",$24.89,0.09,0.363%,"9,522,167,300"
BAH,Booz Allen Hamilton Holding Corporation Common Stock,$79.11,3.21,4.229%,"9,515,744,214"
ONBPO,"Old National Bancorp Depositary Shares, Each Representing a 1/40th Interest in a Share of Series C Preferred Stock",$24.85,-0.05,-0.201%,"9,506,864,500"
WMS,"Advanced Drainage Systems, Inc. Common Stock",$125.33,-2.55,-1.994%,"9,450,551,513"
GLXY,Galaxy Digital Inc. Class A Common Stock,$24.13,-0.27,-1.107%,"9,432,153,742"
JXN,Jackson Financial Inc. Class A Common Stock ,$138.78,0.66,0.478%,"9,399,395,092"
TTEK,"Tetra Tech, Inc. Common Stock",$36.71,0.22,0.603%,"9,399,390,952"
SSL,Sasol Ltd. American Depositary Shares,$14.50,-0.09,-0.617%,"9,392,544,215"
SAIA,"Saia, Inc. Common Stock",$351.03,-0.02,-0.006%,"9,363,602,390"
VOYA,"Voya Financial, Inc. Common Stock",$103.14,-0.27,-0.261%,"9,344,107,436"
SATA,"Strive, Inc. Variable Rate Series A Perpetual Preferred Stock",$100.01,0.3116,0.313%,"9,327,189,626"
VIRT,"Virtu Financial, Inc. Class A Common Stock",$59.93,-0.93,-1.528%,"9,301,149,604"
APTV,Aptiv PLC Ordinary Shares,$44.79,-0.75,-1.647%,"9,299,896,895"
SM,SM Energy Company Common Stock,$39.03,0.93,2.441%,"9,283,444,274"
LTH,"Life Time Group Holdings, Inc. Common Stock",$41.53,0.03,0.072%,"9,280,374,700"
AG,First Majestic Silver Corp. Ordinary Shares (Canada),$18.80,-0.76,-3.885%,"9,266,640,000"
AYI,Acuity Inc. Common Stock,$309.04,-9.92,-3.11%,"9,251,281,445"
R,"Ryder System, Inc. Common Stock",$241.13,-2.17,-0.892%,"9,246,580,281"
EMP,"Entergy Mississippi, LLC First Mortgage Bonds, 4.90% Series Due October 1, 2066",$19.80,-0.0607,-0.306%,"9,239,303,660"
PRAX,"Praxis Precision Medicines, Inc. Common Stock",$330.55,-4.03,-1.204%,"9,228,952,033"
ELPC,Companhia Paranaense de Energia (COPEL) American Depositary Shares (each representing four (4) Common Shares),$12.36,-0.12,-0.962%,"9,216,884,729"
NIO,"NIO Inc. American depositary shares, each  representing one Class A ordinary share",$3.67,-0.02,-0.542%,"9,195,797,971"
SOLS,Solstice Advanced Materials Inc. Common Stock ,$57.78,-3.75,-6.095%,"9,178,200,981"
SPXC,"SPX Technologies, Inc. Common Stock",$183.19,-8.63,-4.499%,"9,175,228,693"
TIMB,TIM S.A. American Depositary Shares (Each representing 5 Common Shares) ,$19.12,0.23,1.218%,"9,147,489,403"
TXG,"10x Genomics, Inc. Class A Common Stock",$70.11,1.52,2.216%,"9,134,713,788"
VMI,"Valmont Industries, Inc. Common Stock",$472.20,-11.24,-2.325%,"9,115,753,948"
LLYVK,"Liberty Live Holdings, Inc. Series C Liberty Live Group Common Stock",$98.865,1.505,1.546%,"9,096,111,498"
PRI,"Primerica, Inc. Common Stock",$295.40,2.96,1.012%,"9,091,629,190"
FLS,Flowserve Corporation Common Stock,$71.39,-3.07,-4.123%,"9,074,581,364"
EAI,"Entergy Arkansas, LLC First Mortgage Bonds, 4.875% Series Due September 1, 2066",$19.41,-0.08,-0.41%,"9,057,317,376"
ARE,"Alexandria Real Estate Equities, Inc. Common Stock",$51.96,0.82,1.603%,"9,053,903,737"
AMG,"Affiliated Managers Group, Inc. Common Stock",$349.98,-5.63,-1.583%,"9,050,459,351"
EDU,"New Oriental Education & Technology Group, Inc. Sponsored ADR representing 10 Ordinary Share (Cayman Islands)",$56.82,1.00,1.791%,"9,042,661,345"
WYNN,"Wynn Resorts, Limited Common stock",$87.76,0.06,0.068%,"9,036,988,674"
MP,MP Materials Corp. Common Stock,$50.68,0.17,0.337%,"9,026,188,480"
CTRE,"CareTrust REIT, Inc. Common Stock",$38.11,-0.51,-1.321%,"9,005,133,814"
ENJ,"Entergy New Orleans, LLC First Mortgage Bonds, 5.0% Series due December 1, 2052",$19.2288,UNCH,--,"8,972,763,749"
PNR,Pentair plc. Ordinary Share,$56.18,-0.40,-0.707%,"8,968,460,031"
EAT,"Brinker International, Inc. Common Stock",$214.16,1.67,0.786%,"8,944,394,542"
CUBE,CubeSmart Common Shares,$39.72,0.18,0.455%,"8,943,444,689"
ESTC,Elastic N.V. Ordinary Shares,$85.11,1.72,2.063%,"8,935,807,841"
TWST,Twist Bioscience Corporation Common Stock,$134.75,7.53,5.919%,"8,934,083,197"
KTOS,"Kratos Defense & Security Solutions, Inc. Common Stock",$47.58,0.89,1.906%,"8,931,780,739"
IBRX,"ImmunityBio, Inc. Common Stock",$8.37,0.46,5.815%,"8,870,829,605"
TTC,Toro Company (The) Common Stock,$93.61,0.89,0.96%,"8,861,438,815"
PCVX,"Vaxcyte, Inc. Common Stock",$59.54,0.07,0.118%,"8,859,866,252"
KNTK,Kinetik Holdings Inc. Class A Common Stock,$54.55,-0.20,-0.365%,"8,857,781,487"
OSK,Oshkosh Corporation (Holding Company)Common Stock,$143.40,-2.45,-1.68%,"8,853,480,007"
LLYVA,"Liberty Live Holdings, Inc. Series A Liberty Live Group Common Stock",$95.81,1.83,1.947%,"8,815,035,075"
LINE,"Lineage, Inc. Common Stock",$38.71,0.96,2.543%,"8,814,654,565"
WLK,Westlake Corporation Common Stock,$68.96,-1.85,-2.613%,"8,812,849,950"
ADC,Agree Realty Corporation Common Stock,$70.78,-0.45,-0.632%,"8,803,567,562"
GIL,"Gildan Activewear, Inc. Class A Sub. Vot. Common Stock",$47.44,-1.01,-2.085%,"8,785,501,269"
IDCC,"InterDigital, Inc. Common Stock",$340.38,-9.75,-2.785%,"8,783,848,663"
BRX,Brixmor Property Group Inc. Common Stock,$28.57,-0.16,-0.557%,"8,767,342,068"
MHK,"Mohawk Industries, Inc. Common Stock",$129.42,2.63,2.074%,"8,766,670,726"
KMX,CarMax Inc,$61.69,0.37,0.603%,"8,754,495,512"
RMBS,Rambus Inc. Common Stock,$80.39,-6.58,-7.566%,"8,719,228,265"
FPS,"Forgent Power Solutions, Inc. Class A Common Stock",$28.64,-3.18,-9.994%,"8,718,843,381"
ALV,"Autoliv, Inc. Common Stock",$118.50,-2.63,-2.171%,"8,678,610,215"
AAL,American Airlines Group Inc. Common Stock,$13.10,0.09,0.692%,"8,671,806,358"
DY,"Dycom Industries, Inc. Common Stock",$286.83,-20.64,-6.713%,"8,651,067,296"
WAL,Western Alliance Bancorporation Common Stock (DE),$79.18,-0.11,-0.139%,"8,638,606,412"
QGEN,Qiagen N.V. Common Shares,$41.88,-0.62,-1.459%,"8,630,410,656"
PCOR,"Procore Technologies, Inc. Common Stock",$56.74,3.48,6.534%,"8,621,945,878"
PB,"Prosperity Bancshares, Inc. Common Stock",$71.50,0.15,0.21%,"8,592,639,127"
CHWY,"Chewy, Inc. Class A Common Stock",$21.35,0.91,4.452%,"8,581,146,766"
REXR,"Rexford Industrial Realty, Inc. Common Stock",$38.43,0.39,1.025%,"8,569,433,605"
AGCO,AGCO Corporation Common Stock,$122.30,1.20,0.991%,"8,564,880,457"
IONS,"Ionis Pharmaceuticals, Inc. Common Stock",$51.44,-2.77,-5.11%,"8,548,521,524"
COLB,"Columbia Banking System, Inc. Common Stock",$30.11,UNCH,--,"8,518,187,289"
VICR,Vicor Corporation Common Stock,$184.73,-13.18,-6.66%,"8,517,296,602"
VIST,"Vista Energy S.A.B. de C.V. American Depositary Shares, each representing one series A share, with no par value",$76.41,0.14,0.184%,"8,505,762,687"
YMM,Full Truck Alliance Co. Ltd. American Depositary Shares (each representing 20 Class A Ordinary Shares),$8.15,-0.02,-0.245%,"8,455,986,281"
BVN,Buenaventura Mining Company Inc.,$33.20,-0.84,-2.468%,"8,432,363,984"
LNC,Lincoln National Corporation Common Stock,$44.04,0.20,0.456%,"8,431,340,677"
RHP,"Ryman Hospitality Properties, Inc. (REIT)",$122.20,0.21,0.172%,"8,429,765,981"
SBSW,D/B/A Sibanye-Stillwater Limited ADS,$11.91,-0.63,-5.024%,"8,428,014,029"
DBX,"Dropbox, Inc. Class A Common Stock",$37.31,1.75,4.921%,"8,421,213,423"
CBSH,"Commerce Bancshares, Inc. Common Stock",$58.65,0.40,0.687%,"8,412,297,240"
NNN,"NNN REIT, Inc. Common Stock",$43.76,-0.11,-0.251%,"8,398,918,064"
VIAV,Viavi Solutions Inc. Common Stock,$33.82,-4.93,-12.723%,"8,345,079,183"
PBF,PBF Energy Inc. Class A Common Stock,$70.40,-7.90,-10.089%,"8,344,993,395"
ACM,AECOM Common Stock,$64.60,1.07,1.684%,"8,313,789,055"
KNSL,"Kinsale Capital Group, Inc. Common Stock",$363.89,3.88,1.078%,"8,288,841,073"
BOKF,BOK Financial Corporation Common Stock,$136.36,0.67,0.494%,"8,286,169,984"
UGP,Ultrapar Participacoes S.A. (New) American Depositary Shares (Each representing one Common Share),$7.44,-0.01,-0.134%,"8,279,307,828"
CHRD,Chord Energy Corporation Common Stock,$151.22,-0.79,-0.52%,"8,271,412,204"
SNEX,StoneX Group Inc. Common Stock,$68.53,-1.84,-2.615%,"8,265,864,850"
TGTX,"TG Therapeutics, Inc. Common Stock",$54.00,0.11,0.204%,"8,265,728,862"
RGEN,Repligen Corporation Common Stock,$168.00,2.82,1.707%,"8,219,119,944"
GTLB,GitLab Inc. Class A Common Stock,$49.25,2.26,4.81%,"8,205,050,000"
FR,"First Industrial Realty Trust, Inc. Common Stock",$61.37,-0.01,-0.016%,"8,136,001,696"
AAOI,"Applied Optoelectronics, Inc. Common Stock",$95.76,-9.60,-9.112%,"8,130,626,235"
NEU,NewMarket Corp Common Stock,$880.52,-6.56,-0.74%,"8,097,619,411"
UGI,UGI Corporation Common Stock,$37.72,-0.27,-0.711%,"8,090,750,155"
TKR,Timken Company (The) Common Stock,$116.50,-2.90,-2.429%,"8,073,081,744"
COMP,"Compass, Inc. Class A Common Stock",$10.65,0.14,1.332%,"8,067,611,398"
THG,Hanover Insurance Group Inc,$231.19,5.35,2.369%,"8,050,086,893"
FORM,"FormFactor, Inc. FormFactor, Inc. Common Stock",$102.94,-12.01,-10.448%,"8,041,747,432"
SIMO,Silicon Motion Technology Corporation American Depositary Shares,$236.81,-47.67,-16.757%,"8,029,714,406"
BRKR,Bruker Corporation Common Stock,$52.66,-0.77,-1.441%,"8,023,241,581"
SYRE,"Spyre Therapeutics, Inc. Common Stock",$90.80,0.20,0.221%,"8,006,177,590"
FIGR,"Figure Technology Solutions, Inc. Class A Common Stock",$35.65,0.78,2.237%,"7,999,071,137"
SFD,"Smithfield Foods, Inc. Common Stock",$20.31,0.05,0.247%,"7,997,416,524"
MOS,Mosaic Company (The) Common Stock,$25.05,-0.14,-0.556%,"7,963,285,932"
HQY,"HealthEquity, Inc. Common Stock",$96.04,-0.22,-0.229%,"7,943,977,028"
ATR,"AptarGroup, Inc. Common Stock",$124.91,0.07,0.056%,"7,941,918,823"
LAD,"Lithia Motors, Inc. Common Stock",$360.27,2.25,0.628%,"7,919,857,201"
STN,Stantec Inc Common Stock,$70.43,0.77,1.105%,"7,916,311,082"
S,"SentinelOne, Inc. Class A Common Stock",$22.61,2.86,14.481%,"7,869,390,535"
RIOT,"Riot Platforms, Inc. Common Stock ",$20.95,-0.52,-2.422%,"7,861,674,688"
APPF,"AppFolio, Inc. Class A Common Stock",$221.87,13.39,6.423%,"7,857,968,015"
PCTY,Paylocity Holding Corporation Common Stock,$147.97,6.31,4.454%,"7,850,838,815"
ESI,Element Solutions Inc. Common Stock,$32.13,-2.21,-6.436%,"7,829,789,067"
TPGXL,"TPG Operating Group II, L.P. 6.950% Fixed-Rate Junior Subordinated Notes due 2064",$21.45,-0.085,-0.395%,"7,825,512,874"
CAE,CAE Inc. Common Shares,$24.32,0.34,1.418%,"7,819,090,611"
SARO,"StandardAero, Inc. Common Stock",$23.60,-0.44,-1.83%,"7,809,698,572"
AOS,A.O. Smith Corporation Common Stock,$57.38,-0.01,-0.017%,"7,798,433,919"
AVAV,"AeroVironment, Inc. Common Stock",$153.40,6.69,4.56%,"7,795,895,687"
CBC,"Central Bancompany, Inc. Class A Common Stock",$32.52,0.11,0.339%,"7,788,706,925"
LEVI,Levi Strauss & Co Class A Common Stock,$20.23,0.07,0.347%,"7,785,526,869"
ZETA,Zeta Global Holdings Corp. Class A Common Stock,$31.01,0.83,2.75%,"7,783,931,891"
IMVT,"Immunovant, Inc. Common Stock",$37.66,0.30,0.803%,"7,778,774,004"
CNM,"Core & Main, Inc. Class A Common Stock",$40.81,0.19,0.468%,"7,774,062,181"
IDA,"IDACORP, Inc. Common Stock",$133.94,-1.60,-1.18%,"7,747,363,239"
WULF,TeraWulf Inc. Common Stock,$15.47,-1.27,-7.587%,"7,719,045,433"
BROS,Dutch Bros Inc. Class A Common Stock,$44.05,0.15,0.342%,"7,694,729,590"
ALKS,Alkermes plc Ordinary Shares,$45.83,-0.14,-0.305%,"7,688,590,756"
NFG,National Fuel Gas Company Common Stock,$80.72,-0.28,-0.346%,"7,672,040,391"
EMN,Eastman Chemical Company Common Stock,$67.00,-1.11,-1.63%,"7,663,287,207"
HNGE,"Hinge Health, Inc. Class A Common Stock",$94.79,6.20,6.999%,"7,649,023,787"
VLY,Valley National Bancorp Common Stock,$13.84,0.04,0.29%,"7,648,056,328"
PRMB,Primo Brands Corporation Class A Common Stock,$21.10,0.35,1.687%,"7,645,670,350"
ZWS,Zurn Elkay Water Solutions Corporation Common Stock,$46.09,-0.09,-0.195%,"7,644,676,231"
PATH,"UiPath, Inc. Class A Common Stock",$14.66,0.91,6.618%,"7,640,138,296"
ZG,"Zillow Group, Inc. Class A Common Stock",$33.83,0.60,1.806%,"7,607,519,694"
AVT,"Avnet, Inc. Common Stock",$92.34,-7.29,-7.317%,"7,578,618,881"
PRH,"Prudential Financial, Inc. 5.950% Junior Subordinated Notes due 2062",$21.52,-0.06,-0.278%,"7,575,040,000"
MTDR,Matador Resources Company Common Stock,$61.18,0.13,0.213%,"7,571,282,935"
MORN,"Morningstar, Inc. Common Stock",$201.64,10.62,5.56%,"7,564,236,456"
ASR,"Grupo Aeroportuario del Sureste, S.A. de C.V. Common Stock",$252.10,0.33,0.131%,"7,563,000,000"
FAF,First American Corporation (New) Common Stock,$73.15,1.37,1.909%,"7,468,615,000"
Z,"Zillow Group, Inc. Class C Capital Stock",$33.18,0.68,2.092%,"7,461,350,974"
SOBO,South Bow Corporation Common Shares,$35.73,-0.26,-0.722%,"7,452,728,723"
CAI,"Caris Life Sciences, Inc. Common Stock",$26.05,1.71,7.025%,"7,361,604,595"
GAP,"Gap, Inc. (The) Common Stock",$20.92,-0.59,-2.743%,"7,348,571,266"
VFS,VinFast Auto Ltd. Ordinary Shares,$3.13,-0.08,-2.492%,"7,322,747,711"
NOV,NOV Inc. Common Stock,$20.54,-0.56,-2.654%,"7,322,060,688"
SLAB,"Silicon Laboratories, Inc. Common Stock",$219.28,-1.05,-0.477%,"7,316,663,352"
KEX,Kirby Corporation Common Stock,$138.49,-0.93,-0.667%,"7,312,272,000"
AXS,Axis Capital Holdings Limited Common Stock,$100.00,1.76,1.792%,"7,296,631,700"
TAP,Molson Coors Beverage Company Class B Common Stock,$39.08,0.15,0.385%,"7,286,619,702"
OMF,"OneMain Holdings, Inc. Common Stock",$63.20,0.45,0.717%,"7,270,620,841"
LUMN,"Lumen Technologies, Inc. Common Stock",$7.03,0.09,1.297%,"7,251,061,190"
GJS,"Goldman Sachs Group Securities STRATS Trust for Goldman Sachs Group Securities, Series 2006-2",$23.23,0.01,0.043%,"7,248,666,737"
BIPH,Brookfield Infrastructure Corporation 5.000% Subordinated Notes due 2081,$15.68,0.025,0.16%,"7,233,873,481"
AUGO,Aura Minerals Inc. Common Shares,$86.30,-0.78,-0.896%,"7,231,009,945"
MAAS,Maase Inc. Class A Ordinary Shares,$16.34,0.55,3.483%,"7,225,148,945"
RAL,Ralliant Corporation Common Stock,$65.15,-2.10,-3.123%,"7,208,196,521"
AXTA,Axalta Coating Systems Ltd. Common Shares,$33.67,-0.49,-1.434%,"7,206,053,299"
PPC,Pilgrim's Pride Corporation Common Stock,$30.25,0.01,0.033%,"7,202,782,851"
CELH,"Celsius Holdings, Inc. Common Stock",$28.45,1.23,4.519%,"7,198,847,087"
CMC,Commercial Metals Company Common Stock,$64.99,-2.18,-3.245%,"7,189,475,532"
APLD,Applied Digital Corporation Common Stock,$24.58,-1.84,-6.964%,"7,164,310,773"
FLR,Fluor Corporation Common Stock,$53.51,-0.69,-1.273%,"7,156,484,495"
BZ,KANZHUN LIMITED American Depository Shares,$15.45,-0.99,-6.022%,"7,150,348,111"
STAG,"Stag Industrial, Inc. Common Stock",$36.98,-0.16,-0.431%,"7,130,052,006"
ACA,"Arcosa, Inc. Common Stock ",$145.15,0.15,0.103%,"7,127,853,326"
ICL,ICL Group Ltd. Ordinary Shares,$5.51,-0.15,-2.65%,"7,111,606,737"
CAG,"ConAgra Brands, Inc. Common Stock",$14.79,0.19,1.301%,"7,100,200,115"
TRNO,Terreno Realty Corporation Common Stock,$65.14,-0.13,-0.199%,"7,098,325,993"
SSRM,SSR Mining Inc. Common Stock,$34.81,-1.43,-3.946%,"7,098,083,151"
PRS,"Prudential Financial, Inc. 5.625% Junior Subordinated Notes due 2058",$20.15,-0.02,-0.099%,"7,092,800,000"
MATX,"Matson, Inc. Common Stock",$236.62,6.44,2.798%,"7,075,756,232"
DUOL,"Duolingo, Inc. Class A Common Stock",$151.14,7.46,5.192%,"7,071,276,697"
SGHC,Super Group (SGHC) Limited Ordinary Shares,$13.89,0.05,0.361%,"7,057,186,585"
PACS,"PACS Group, Inc. Common Stock",$44.55,-0.21,-0.469%,"7,053,851,515"
RYTM,"Rhythm Pharmaceuticals, Inc. Common Stock",$102.44,-2.27,-2.168%,"7,053,207,280"
TTD,"The Trade Desk, Inc. Class A Common Stock",$14.97,0.63,4.393%,"7,034,106,504"
SSD,"Simpson Manufacturing Company, Inc. Common Stock",$171.59,-1.90,-1.095%,"7,032,561,584"
NE,Noble Corporation plc A Ordinary Shares,$43.88,-1.40,-3.092%,"7,005,100,526"
SFM,"Sprouts Farmers Market, Inc. Common Stock",$75.09,2.33,3.202%,"7,001,964,161"
MSA,MSA Safety Incorporated Common Stock,$180.81,-1.37,-0.752%,"6,975,340,434"
BLTE,"Belite Bio, Inc American Depositary Shares",$173.00,-0.79,-0.455%,"6,967,080,912"
NTSK,"Netskope, Inc. Class A Common Stock",$17.00,2.30,15.646%,"6,945,991,716"
MBLY,Mobileye Global Inc. Class A Common Stock,$8.16,-0.09,-1.091%,"6,937,530,800"
FSS,Federal Signal Corporation Common Stock,$113.36,-0.62,-0.544%,"6,919,677,023"
JMKE,Jersey Mike's Subs Inc. Class A Common Stock,$21.76,0.05,0.23%,"6,911,822,464"
GGAL,Grupo Financiero Galicia S.A. American Depositary Shares,$42.96,-0.90,-2.052%,"6,900,466,024"
BTG,B2Gold Corp Common shares (Canada),$5.22,-0.16,-2.974%,"6,895,989,378"
ACT,"Enact Holdings, Inc. Common Stock",$50.07,0.64,1.295%,"6,883,807,407"
HXL,Hexcel Corporation Common Stock,$91.02,-1.72,-1.855%,"6,883,246,601"
DSGX,Descartes Systems Group Inc. (The) Common Stock,$80.02,3.98,5.234%,"6,845,595,211"
WEX,WEX Inc. common stock,$200.75,9.23,4.819%,"6,841,883,408"
ETSY,"Etsy, Inc. Common Stock",$74.46,1.70,2.336%,"6,834,068,956"
DOX,Amdocs Limited Ordinary Shares,$63.17,1.75,2.849%,"6,819,172,379"
ESE,ESCO Technologies Inc. Common Stock,$263.19,-7.11,-2.63%,"6,818,612,559"
AN,"AutoNation, Inc. Common Stock",$205.59,1.92,0.943%,"6,796,971,106"
AWI,Armstrong World Industries Inc Common Stock,$160.23,-3.64,-2.221%,"6,771,772,610"
NCLH,Norwegian Cruise Line Holdings Ltd. Ordinary Shares,$14.72,-0.10,-0.675%,"6,759,245,093"
TFPM,Triple Flag Precious Metals Corp. Common Shares,$32.61,-1.17,-3.464%,"6,737,353,570"
OKLO,Oklo Inc. Class A common stock,$36.21,-0.01,-0.028%,"6,735,699,107"
HIMS,"Hims & Hers Health, Inc. Class A Common Stock",$28.81,1.30,4.726%,"6,721,759,429"
CHE,Chemed Corp,$514.29,-1.68,-0.326%,"6,721,750,243"
VCTR,"Victory Capital Holdings, Inc. Class A Common Stock",$109.08,-1.22,-1.106%,"6,709,464,114"
TEX,Terex Corporation Common Stock,$58.68,-2.14,-3.519%,"6,707,124,000"
LB,LandBridge Company LLC Class A Shares Representing Limited Liability Company Interests,$86.44,-0.41,-0.472%,"6,663,263,013"
MSM,"MSC Industrial Direct Company, Inc. Common Stock",$119.28,-1.23,-1.021%,"6,661,346,425"
OR,OR Royalties Inc. Common Shares,$35.52,-0.51,-1.415%,"6,659,853,089"
CLF,Cleveland-Cliffs Inc. Common Stock,$11.65,-0.41,-3.40%,"6,646,791,548"
LW,"Lamb Weston Holdings, Inc. Common Stock ",$48.26,0.41,0.857%,"6,634,833,591"
BEPJ,Brookfield BRP Holdings (Canada) Inc. 7.250% Perpetual Subordinated Notes,$23.02,-0.15,-0.647%,"6,610,523,107"
URBN,"Urban Outfitters, Inc. Common Stock",$77.01,-1.57,-1.998%,"6,596,690,539"
PJT,PJT Partners Inc. Class A Common Stock,$160.79,-2.42,-1.483%,"6,594,256,611"
OGC,OceanaGold Corporation Common Shares,$29.38,-0.81,-2.683%,"6,587,525,516"
BILI,Bilibili Inc. American Depositary Shares,$15.74,0.20,1.287%,"6,557,656,204"
LNTH,"Lantheus Holdings, Inc. Common Stock",$100.32,0.07,0.07%,"6,548,124,058"
MGY,Magnolia Oil & Gas Corporation Class A Common Stock,$27.62,-0.13,-0.468%,"6,545,072,511"
CGON,"CG Oncology, Inc. Common stock",$73.79,1.44,1.99%,"6,540,773,271"
VNO,Vornado Realty Trust Common Stock,$35.01,-0.43,-1.213%,"6,537,085,790"
UBSI,"United Bankshares, Inc. Common Stock",$47.69,0.47,0.995%,"6,495,977,511"
CIFR,Cipher Digital Inc. Common Stock,$15.635,-1.215,-7.211%,"6,489,005,338"
HR,Healthcare Realty Trust Incorporated Common Stock,$18.93,0.03,0.159%,"6,487,685,057"
BLDR,"Builders FirstSource, Inc. Common Stock",$60.24,-0.13,-0.215%,"6,481,610,570"
FNB,F.N.B. Corporation Common Stock,$18.31,UNCH,--,"6,463,447,797"
TAL,TAL Education Group American Depositary Shares,$11.65,-0.16,-1.355%,"6,462,269,609"
GTES,Gates Industrial Corporation Ltd. Common Shares,$25.42,-0.62,-2.381%,"6,435,102,741"
CAVA,"CAVA Group, Inc. Common Stock",$54.89,-0.99,-1.772%,"6,411,492,208"
QBTS,D-Wave Quantum Inc. Common Stock,$16.83,0.03,0.179%,"6,389,116,149"
PLXS,Plexus Corp. Common Stock,$239.63,-15.71,-6.153%,"6,386,642,483"
ACGLO,"Arch Capital Group Ltd. Depositary Shares Each Representing 1/1,000th Interest in a Share of 5.45% Non-Cumulative Preferred Shares, Series F",$18.71,0.03,0.161%,"6,384,396,947"
EPAM,"EPAM Systems, Inc. Common Stock",$123.61,5.70,4.834%,"6,376,666,721"
ANDG,Andersen Group Inc. Class A Common Stock,$56.40,2.75,5.126%,"6,372,548,749"
MAC,Macerich Company (The) Common Stock,$22.47,-0.14,-0.619%,"6,371,579,156"
PEGA,Pegasystems Inc. Common Stock,$38.71,2.47,6.816%,"6,364,115,421"
AVAL,Grupo Aval Acciones y Valores S.A. ADR (Each representing 20 preferred shares),$5.36,0.01,0.187%,"6,363,251,504"
LEA,Lear Corporation Common Stock,$128.87,-1.95,-1.491%,"6,356,482,337"
XE,"X-Energy, Inc. Class A Common Stock",$15.64,0.71,4.756%,"6,355,565,929"
TXNM,"TXNM Energy, Inc. Common Stock",$57.68,0.01,0.017%,"6,352,053,664"
ORKA,"Oruka Therapeutics, Inc. Common Stock",$95.93,3.55,3.843%,"6,351,496,425"
NXE,Nexgen Energy Ltd. Common Shares,$9.47,-0.38,-3.858%,"6,349,692,776"
NICE,NICE Ltd American Depositary Shares,$106.69,8.51,8.668%,"6,337,767,950"
CPB,The Campbell's Company Common Stock,$21.25,0.25,1.19%,"6,336,882,664"
MTG,MGIC Investment Corporation Common Stock,$30.87,0.13,0.423%,"6,332,203,811"
SRRK,Scholar Rock Holding Corporation Common Stock,$51.85,-3.56,-6.425%,"6,314,566,872"
ALGM,"Allegro MicroSystems, Inc. Common Stock",$33.85,-2.46,-6.775%,"6,309,709,257"
CACC,Credit Acceptance Corporation Common Stock,$605.36,1.12,0.185%,"6,283,987,909"
MIRM,"Mirum Pharmaceuticals, Inc. Common Stock",$96.75,-1.47,-1.497%,"6,282,190,640"
GLBE,Global-E Online Ltd. Ordinary Shares,$37.49,0.31,0.834%,"6,282,135,117"
BLCO,Bausch + Lomb Corporation Common Shares,$17.58,0.33,1.913%,"6,278,965,025"
SWX,"Southwest Gas Holdings, Inc. Common Stock (DE)",$86.40,0.29,0.337%,"6,259,321,699"
POOL,Pool Corporation Common Stock,$171.76,-1.28,-0.74%,"6,241,886,705"
JOBY,"Joby Aviation, Inc. Common Stock",$6.30,-0.09,-1.408%,"6,231,482,693"
CAMT,Camtek Ltd. Ordinary Shares,$133.84,-14.13,-9.549%,"6,230,065,561"
AAON,"AAON, Inc. Common Stock",$75.54,-4.255,-5.332%,"6,228,547,890"
EPRT,"Essential Properties Realty Trust, Inc. Common Stock",$28.77,-0.02,-0.069%,"6,222,174,325"
INGR,Ingredion Incorporated Common Stock,$98.63,-1.86,-1.851%,"6,220,000,249"
POWL,"Powell Industries, Inc. Common Stock",$170.70,-11.80,-6.466%,"6,219,038,675"
GATX,GATX Corporation Common Stock,$176.10,-2.43,-1.361%,"6,216,330,000"
STEP,StepStone Group Inc. Class A Common Stock,$51.41,2.49,5.09%,"6,203,987,502"
TVTX,"Travere Therapeutics, Inc. Common Stock",$65.79,-0.38,-0.574%,"6,201,436,585"
INGM,Ingram Micro Holding Corporation Common Stock,$26.85,-0.70,-2.541%,"6,193,272,122"
ESNT,Essent Group Ltd. Common Shares,$68.80,0.62,0.909%,"6,183,502,718"
MMED,"MiniMed Group, Inc. Common Stock",$21.97,-0.53,-2.356%,"6,181,257,984"
ACI,"Albertsons Companies, Inc. Class A Common Stock",$12.72,0.64,5.298%,"6,173,342,688"
CIG,Comp En De Mn Cemig ADS American Depositary Shares,$2.15,-0.05,-2.273%,"6,152,831,074"
RUSHB,"Rush Enterprises, Inc. Class B",$52.60,2.72,5.453%,"6,140,016,778"
CMBT,CMB.TECH NV Ordinary Shares,$19.42,-0.06,-0.308%,"6,136,285,905"
G,Genpact Limited Common Stock,$36.43,1.29,3.671%,"6,121,493,447"
CMSC,CMS Energy Corporation 5.875% Junior Subordinated Notes due 2078,$20.42,-0.03,-0.147%,"6,112,430,114"
ENS,EnerSys Common Stock,$169.35,-10.10,-5.628%,"6,107,645,684"
RIG,Transocean Ltd (Switzerland) Common Stock,$5.45,-0.22,-3.88%,"6,086,996,463"
RSI,"Rush Street Interactive, Inc. Class A Common Stock",$26.22,-0.21,-0.795%,"6,077,097,447"
HWC,Hancock Whitney Corporation Common Stock,$75.72,0.47,0.625%,"6,074,489,952"
GDS,GDS Holdings Limited ADS,$30.27,-0.55,-1.785%,"6,065,430,346"
TBBB,BBB Foods Inc. Class A Common Shares,$51.45,0.99,1.962%,"6,063,750,316"
CMSD,CMS Energy Corporation 5.875% Junior Subordinated Notes due 2079,$20.24,-0.08,-0.394%,"6,058,549,731"
LOAR,Loar Holdings Inc. Common Stock,$64.54,-1.97,-2.962%,"6,046,653,918"
CZR,"Caesars Entertainment, Inc. Common Stock",$29.68,0.01,0.034%,"6,046,420,641"
WFRD,Weatherford International plc Ordinary Shares,$84.46,-4.39,-4.941%,"6,039,912,304"
RNG,"RingCentral, Inc. Class A Common Stock",$72.32,3.40,4.933%,"6,039,165,636"
IFS,Intercorp Financial Services Inc. Common Shares,$54.68,-0.05,-0.091%,"6,036,546,509"
RYN,Rayonier Inc. REIT Common Stock,$20.25,0.03,0.148%,"6,025,737,643"
DNTH,"Dianthus Therapeutics, Inc. Common Stock",$107.69,1.49,1.403%,"6,023,573,167"
ST,Sensata Technologies Holding plc Ordinary Shares,$41.38,-2.26,-5.179%,"6,022,273,970"
LYFT,"Lyft, Inc. Class A Common Stock",$15.90,0.58,3.786%,"6,018,789,959"
NPO,Enpro Inc. Common Stock,$283.94,-16.55,-5.508%,"6,010,351,343"
LKQ,LKQ Corporation Common Stock,$23.75,-0.36,-1.493%,"6,008,799,543"
BLSH,Bullish Ordinary Shares,$37.62,2.50,7.118%,"6,005,702,772"
OTEX,Open Text Corporation Common Shares,$23.95,0.89,3.859%,"6,001,936,509"
HOMB,"Home BancShares, Inc. Common Stock",$30.00,0.03,0.10%,"6,001,488,900"
AMRX,"Amneal Pharmaceuticals, Inc. Class A Common Stock",$17.22,0.21,1.235%,"5,997,657,413"
SNDR,"Schneider National, Inc. Common Stock",$34.13,-0.02,-0.059%,"5,983,019,683"
QLYS,"Qualys, Inc. Common Stock",$172.91,22.63,15.059%,"5,981,821,623"
KNSA,"Kiniksa Pharmaceuticals International, plc Class A Ordinary Shares",$76.58,0.31,0.406%,"5,975,078,916"
VIPS,"Vipshop Holdings Limited American Depositary Shares, each representing two ordinary shares",$12.44,-0.03,-0.241%,"5,974,565,518"
MBGL,Mobility Global Inc. Common Stock,$20.26,0.10,0.496%,"5,973,079,943"
DPC,DPC Holdings PLC Ordinary Shares,$39.96,-2.34,-5.532%,"5,969,744,919"
ANF,Abercrombie & Fitch Company Common Stock,$140.62,-4.61,-3.174%,"5,967,122,094"
ENIC,Enel Chile S.A. American Depositary Shares (Each representing 50 shares of Common Stock),$4.31,-0.07,-1.598%,"5,962,157,231"
GBCI,"Glacier Bancorp, Inc. Common Stock",$45.75,-0.08,-0.175%,"5,957,196,850"
VSXY,Victorias Secret & Co. Common Stock ,$74.54,-1.11,-1.467%,"5,945,611,467"
TEO,Telecom Argentina SA,$13.80,0.55,4.151%,"5,944,178,908"
RDNT,"RadNet, Inc. Common Stock",$75.49,UNCH,--,"5,940,855,931"
FSV,FirstService Corporation Common Shares,$135.31,-2.47,-1.793%,"5,908,956,579"
M,Macy's Inc Common Stock,$22.58,0.50,2.264%,"5,897,368,667"
PL,Planet Labs PBC Class A Common Stock,$16.20,-0.25,-1.52%,"5,894,337,422"
USAR,"USA Rare Earth, Inc. Class A Common Stock",$15.71,0.15,0.964%,"5,892,452,868"
KOF,"Coca Cola Femsa S.A.B. de C.V.  American Depositary Shares, each representing 10 Units (each Unit consists of 3 Series B Shares and 5 Series L Shares)",$112.01,1.30,1.174%,"5,882,855,592"
MXL,"MaxLinear, Inc. Common Stock",$64.79,-9.78,-13.115%,"5,876,011,845"
LQDA,Liquidia Corporation Common Stock,$65.305,-1.435,-2.15%,"5,845,378,127"
LSTR,"Landstar System, Inc. Common Stock",$172.09,-0.69,-0.399%,"5,840,205,423"
CRUS,"Cirrus Logic, Inc. Common Stock",$116.34,-2.45,-2.062%,"5,830,677,047"
CHDN,"Churchill Downs, Incorporated Common Stock",$83.60,-0.26,-0.31%,"5,826,940,315"
STVN,Stevanato Group S.p.A. Ordinary Shares,$21.32,0.42,2.01%,"5,820,438,756"
CVLT,"Commvault Systems, Inc. Common Stock",$140.21,10.14,7.796%,"5,810,942,318"
CMSA,CMS Energy Corporation 5.625% Junior Subordinated Notes due 2078,$19.38,0.01,0.052%,"5,801,121,234"
JBTM,JBT Marel Corporation Common Stock,$111.79,-2.59,-2.264%,"5,799,309,372"
DLB,Dolby Laboratories Common Stock,$61.91,-2.57,-3.986%,"5,799,035,098"
COGT,"Cogent Biosciences, Inc. Common Stock",$33.41,UNCH,--,"5,797,469,649"
CWST,"Casella Waste Systems, Inc. Class A Common Stock",$90.95,1.04,1.157%,"5,788,062,184"
BGC,"BGC Group, Inc. Class A Common Stock",$12.16,-0.01,-0.082%,"5,781,672,908"
CGABL,The Carlyle Group Inc. 4.625% Subordinated Notes due 2061,$15.95,0.06,0.378%,"5,769,193,267"
RRR,"Red Rock Resorts, Inc. Class A Common Stock",$54.75,-1.15,-2.057%,"5,749,636,348"
MKTX,"MarketAxess Holdings, Inc. Common Stock",$163.10,0.10,0.061%,"5,739,960,522"
MCY,Mercury General Corporation Common Stock,$103.44,1.10,1.075%,"5,729,399,577"
KGS,"Kodiak Gas Services, Inc. Common Stock",$56.62,-7.23,-11.323%,"5,724,510,235"
STWD,"STARWOOD PROPERTY TRUST, INC. Starwood Property Trust Inc.",$15.44,-0.18,-1.152%,"5,715,408,588"
YOU,"Clear Secure, Inc. Class A Common Stock",$42.24,0.01,0.024%,"5,714,568,584"
ELF,"e.l.f. Beauty, Inc. Common Stock",$96.76,-0.15,-0.155%,"5,709,613,693"
LGN,Legence Corp. Class A Common stock,$52.78,-3.87,-6.831%,"5,704,223,834"
AUB,Atlantic Union Bankshares Corporation Common Stock,$39.94,0.22,0.554%,"5,704,026,946"
ABCB,Ameris Bancorp Common Stock,$84.82,0.16,0.189%,"5,692,036,012"
TTAN,"ServiceTitan, Inc. Class A Common Stock",$58.99,4.31,7.882%,"5,690,641,598"
ECG,"Everus Construction Group, Inc. Common Stock",$111.24,-8.18,-6.85%,"5,680,341,117"
RUSHA,"Rush Enterprises, Inc. Common Stock Cl A",$48.63,0.32,0.662%,"5,676,597,261"
ORA,"Ormat Technologies, Inc. Common Stock",$92.08,-2.81,-2.961%,"5,662,638,327"
POR,Portland General Electric Co Common Stock,$48.08,-0.16,-0.332%,"5,654,580,139"
ASB,Associated Banc-Corp Common Stock,$29.94,-0.10,-0.333%,"5,654,158,790"
ERAS,"Erasca, Inc. Common Stock",$16.16,0.28,1.763%,"5,652,154,486"
ENVA,"Enova International, Inc. Common Stock",$226.72,3.24,1.45%,"5,644,958,673"
VAL,Valaris Limited Common Shares,$81.27,-2.46,-2.938%,"5,643,048,035"
HRB,"H&R Block, Inc. Common Stock",$45.74,0.62,1.374%,"5,638,183,272"
XENE,Xenon Pharmaceuticals Inc. Common Shares,$58.19,-0.46,-0.784%,"5,635,144,738"
RLI,RLI Corp. Common Stock (DE),$61.34,0.86,1.422%,"5,629,353,980"
WPP,WPP plc American Depositary Shares,$26.04,1.07,4.285%,"5,618,402,691"
BYD,Boyd Gaming Corporation Common Stock,$77.15,0.15,0.195%,"5,605,365,190"
EXP,Eagle Materials Inc Common Stock,$182.67,-2.45,-1.323%,"5,603,461,618"
LGND,Ligand Pharmaceuticals Incorporated Common Stock,$280.65,-3.82,-1.343%,"5,594,928,666"
NAVN,"Navan, Inc. Class A Common Stock",$21.37,0.35,1.665%,"5,564,972,235"
ROAD,"Construction Partners, Inc. Class A Common Stock",$96.91,-2.76,-2.769%,"5,560,168,125"
OZK,Bank OZK Common Stock,$49.12,0.03,0.061%,"5,557,246,804"
PTCT,"PTC Therapeutics, Inc. Common Stock",$66.48,0.42,0.636%,"5,548,474,117"
PAGP,"Plains GP Holdings, L.P. Class A Units representing Limited Partner Interests",$28.00,0.01,0.036%,"5,541,315,472"
SAIC,Science Applications International Corporation Common Stock,$132.01,2.11,1.624%,"5,530,906,796"
EXLS,"ExlService Holdings, Inc. Common Stock",$36.45,1.19,3.375%,"5,526,275,589"
WFG,West Fraser Timber Co. Ltd Common stock,$70.54,1.50,2.173%,"5,523,551,604"
TFX,Teleflex Incorporated Common Stock,$130.30,-0.69,-0.527%,"5,521,123,329"
FTDR,"Frontdoor, Inc. Common Stock",$80.10,-0.91,-1.123%,"5,518,354,612"
AGX,"Argan, Inc. Common Stock",$392.56,-21.18,-5.119%,"5,507,554,776"
CORZZ,"Core Scientific, Inc. Tranche 2 Warrants",$17.13,-0.46,-2.615%,"5,504,561,754"
NIQ,NIQ Global Intelligence plc Ordinary Shares,$18.63,0.79,4.428%,"5,495,027,746"
MUR,Murphy Oil Corporation Common Stock,$38.20,-0.30,-0.779%,"5,477,158,975"
OBDC,Blue Owl Capital Corporation Common Stock,$11.08,UNCH,--,"5,464,019,665"
RITM,Rithm Capital Corp. Common Stock,$9.77,0.03,0.308%,"5,455,636,693"
VRNS,"Varonis Systems, Inc. Common Stock",$47.48,2.36,5.23%,"5,453,575,828"
CORZ,"Core Scientific, Inc. Common Stock",$16.96,-0.98,-5.463%,"5,449,933,879"
PFH,"Prudential Financial, Inc. 4.125% Junior Subordinated Notes due 2060",$15.18,0.03,0.198%,"5,419,260,000"
DFTX,"Definium Therapeutics, Inc. Common Shares",$40.25,1.36,3.497%,"5,408,269,738"
FLG,"Flagstar Bank, N.A. Common Stock",$13.02,-0.16,-1.214%,"5,404,508,725"
NJR,NewJersey Resources Corporation Common Stock,$53.10,-0.06,-0.113%,"5,387,947,933"
SXT,Sensient Technologies Corporation Common Stock,$126.55,-2.05,-1.594%,"5,386,323,732"
BKH,Black Hills Corporation Common Stock,$70.62,-0.68,-0.954%,"5,384,996,817"
GXO,"GXO Logistics, Inc. Common Stock ",$46.93,1.09,2.378%,"5,382,147,292"
BBUC,Brookfield Business Corporation Class A Subordinate Voting Shares,$25.87,-0.54,-2.045%,"5,378,373,000"
WHD,"Cactus, Inc. Class A Common Stock",$67.04,-2.50,-3.595%,"5,375,228,116"
AROC,"Archrock, Inc. Common Stock",$30.49,-2.28,-6.958%,"5,346,061,261"
CROX,"Crocs, Inc. Common Stock",$111.49,-0.99,-0.88%,"5,345,396,412"
SIGI,"Selective Insurance Group, Inc. Common Stock",$89.42,-0.92,-1.018%,"5,326,670,621"
IBP,"Installed Building Products, Inc. Common Stock",$200.30,-3.98,-1.948%,"5,323,809,153"
ACGLN,"Arch Capital Group Ltd. Depositary Shares, each Representing a 1/1,000th Interest in a 4.550% Non-Cumulative Preferred Share, Series G",$15.60,-0.01,-0.064%,"5,323,174,366"
AX,"Axos Financial, Inc. Common Stock",$93.75,0.49,0.525%,"5,318,891,438"
BCPC,Balchem Corporation Common Stock,$166.83,2.44,1.484%,"5,318,210,243"
ACIW,"ACI Worldwide, Inc. Common Stock",$52.65,0.56,1.075%,"5,315,293,439"
HLNE,Hamilton Lane Incorporated Class A Common Stock,$96.27,0.29,0.302%,"5,305,501,120"
NOVT,Novanta Inc. Common Stock,$140.05,-6.51,-4.442%,"5,296,378,689"
SPHR,Sphere Entertainment Co. Class A Common Stock,$147.40,3.90,2.718%,"5,293,665,672"
PI,"Impinj, Inc. Common Stock",$173.09,-3.73,-2.109%,"5,288,663,346"
SHC,Sotera Health Company Common Stock,$18.52,0.15,0.817%,"5,285,141,203"
PIPR,Piper Sandler Companies Common Stock,$74.64,-1.79,-2.342%,"5,274,830,520"
MAIN,Main Street Capital Corporation Common Stock,$56.37,0.15,0.267%,"5,271,071,947"
VSEC,VSE Corporation Common Stock,$187.61,-7.37,-3.78%,"5,265,269,397"
NXST,"Nexstar Media Group, Inc. Common Stock",$170.52,1.435,0.849%,"5,253,431,487"
MRX,Marex Group Limited Ordinary Shares,$70.82,-2.18,-2.986%,"5,250,087,516"
CPA,"Copa Holdings, S.A. Class A Common Stock",$127.49,-1.66,-1.285%,"5,244,754,122"
INSW,"International Seaways, Inc. Common Stock ",$105.84,2.19,2.113%,"5,242,393,956"
CNX,CNX Resources Corporation Common Stock,$35.42,-0.49,-1.365%,"5,240,163,623"
SBRA,"Sabra Health Care REIT, Inc. Common Stock",$20.50,-0.02,-0.097%,"5,236,986,498"
CAKE,Cheesecake Factory Incorporated (The) Common Stock,$105.17,2.47,2.405%,"5,233,325,878"
GLNG,Golar Lng Ltd,$51.47,-1.42,-2.685%,"5,228,799,624"
VSNT,"Versant Media Group, Inc. Class A Common Stock ",$37.565,0.375,1.008%,"5,213,732,862"
KRG,Kite Realty Group Trust Common Stock,$26.02,0.13,0.502%,"5,213,027,197"
PSMT,"PriceSmart, Inc. Common Stock",$168.76,-2.05,-1.20%,"5,208,022,030"
MMSI,"Merit Medical Systems, Inc. Common Stock",$87.02,0.66,0.764%,"5,196,000,748"
ADT,ADT Inc. Common Stock,$7.08,0.03,0.426%,"5,172,359,476"
GRFS,"Grifols, S.A. American Depositary Shares",$7.48,-0.07,-0.927%,"5,142,910,712"
VFC,V.F. Corporation Common Stock,$13.07,-0.10,-0.759%,"5,138,268,830"
CNO,"CNO Financial Group, Inc. Common Stock",$55.53,0.59,1.074%,"5,137,711,732"
WH,"Wyndham Hotels & Resorts, Inc. Common Stock ",$69.20,-0.11,-0.159%,"5,135,409,642"
FND,"Floor & Decor Holdings, Inc. Common Stock",$48.13,0.79,1.669%,"5,125,362,015"
CRSP,CRISPR Therapeutics AG Common Shares,$52.96,1.24,2.398%,"5,120,842,903"
HESM,Hess Midstream LP Class A Representing Limited Partner Interests,$39.89,-0.08,-0.20%,"5,119,916,643"
LFST,"LifeStance Health Group, Inc. Common Stock",$13.38,0.41,3.161%,"5,113,222,487"
PRM,"Perimeter Solutions, SA Common Stock",$31.21,-0.35,-1.109%,"5,108,668,867"
MWH,"SOLV Energy, Inc. Class A Common Stock",$25.24,-0.76,-2.923%,"5,108,240,863"
RGTI,"Rigetti Computing, Inc. Common Stock",$15.27,UNCH,--,"5,096,648,767"
UEC,Uranium Energy Corp. Common Stock,$10.26,-0.19,-1.818%,"5,077,390,475"
OUT,OUTFRONT Media Inc. Common Stock,$28.75,0.13,0.454%,"5,063,888,466"
BIRK,Birkenstock Holding plc Ordinary Shares,$30.66,-0.47,-1.51%,"5,062,769,415"
ATHS,Athene Holding Ltd. 7.250% Fixed-Rate Reset Junior Subordinated Debentures due 2064,$24.81,0.17,0.69%,"5,056,402,050"
OCTV,Octave Intelligence plc Class B Ordinary Shares,$18.82,1.09,6.148%,"5,051,999,170"
HCC,"Warrior Met Coal, Inc. Common Stock",$95.46,-2.31,-2.363%,"5,040,487,225"
PSN,Parsons Corporation Common Stock,$46.94,1.19,2.601%,"5,013,445,194"
IEP,"Icahn Enterprises, L.P. Common Stock",$7.05,0.05,0.714%,"5,011,951,406"
GVA,Granite Construction Incorporated Common Stock,$114.41,-4.51,-3.792%,"5,007,097,589"
MTN,"Vail Resorts, Inc. Common Stock",$140.51,0.42,0.30%,"5,006,866,738"
MTRN,Materion Corporation,$240.22,-17.29,-6.714%,"5,004,677,420"
EBC,"Eastern Bankshares, Inc. Common Stock",$21.84,0.24,1.111%,"4,990,692,296"
CLMT,"Calumet, Inc. Common Stock",$56.55,-0.25,-0.44%,"4,970,645,133"
CWEN,"Clearway Energy, Inc. Class C Common Stock",$30.29,-0.85,-2.73%,"4,964,946,276"
SLM,SLM Corporation Common Stock,$26.40,0.36,1.382%,"4,961,799,691"
MIDD,Middleby Corporation (The) Common Stock,$109.72,1.41,1.302%,"4,961,796,132"
CRC,California Resources Corporation Common Stock,$55.79,-0.96,-1.692%,"4,955,261,830"
KVYO,"Klaviyo, Inc. Series A Common Stock",$17.40,1.04,6.357%,"4,954,257,404"
GHC,Graham Holdings Company Common Stock,"$1,167.63",29.06,2.552%,"4,944,828,981"
PECO,"Phillips Edison & Company, Inc. Common Stock",$38.41,UNCH,--,"4,943,367,000"
GBTG,"Global Business Travel Group, Inc. Class A Common Stock",$9.46,UNCH,--,"4,941,652,771"
GOLF,Acushnet Holdings Corp. Common Stock,$84.59,-0.57,-0.669%,"4,940,482,672"
LAUR,"Laureate Education, Inc. Common Stock",$35.83,-0.30,-0.83%,"4,935,559,569"
BMA,Banco Macro S.A.  ADR (representing Ten Class B Common Shares),$77.02,-0.80,-1.028%,"4,924,584,091"
CE,Celanese Corporation Common Stock,$44.78,-1.31,-2.842%,"4,914,556,906"
WTM,"White Mountains Insurance Group, Ltd. Common Stock","$2,057.00",3.85,0.188%,"4,909,485,097"
MC,Moelis & Company Class A Common Stock,$62.71,-1.32,-2.062%,"4,908,253,254"
IRDM,Iridium Communications Inc Common Stock,$46.18,-1.12,-2.368%,"4,893,250,487"
MRP,"Millrose Properties, Inc. Class A Common Stock",$29.46,-0.23,-0.775%,"4,891,771,929"
CVI,CVR Energy Inc. Common Stock,$48.63,-1.03,-2.074%,"4,888,803,029"
GTX,Garrett Motion Inc. Common Stock,$26.205,-1.415,-5.123%,"4,887,059,914"
BULL,Webull Corporation Class A Ordinary Shares,$9.04,-0.18,-1.952%,"4,885,983,360"
UNF,Unifirst Corporation Common Stock,$270.07,-4.61,-1.678%,"4,883,992,602"
XMTR,"Xometry, Inc. Class A Common Stock",$85.03,-1.08,-1.254%,"4,874,223,412"
MRCY,Mercury Systems Inc Common Stock,$81.03,0.42,0.521%,"4,872,830,857"
OTF,Blue Owl Technology Finance Corp. Common Stock,$10.63,-0.08,-0.747%,"4,870,510,685"
FBIN,"Fortune Brands Innovations, Inc. Common Stock",$40.74,0.01,0.025%,"4,863,193,973"
OGS,"ONE Gas, Inc. Common Stock",$77.28,-0.06,-0.078%,"4,857,532,546"
MEOH,Methanex Corporation Common Stock,$62.71,-0.19,-0.302%,"4,851,512,933"
EWTX,"Edgewise Therapeutics, Inc. Common Stock",$44.62,0.22,0.495%,"4,845,916,236"
ENPH,"Enphase Energy, Inc. Common Stock",$36.66,0.31,0.853%,"4,844,422,796"
BETA,"Beta Technologies, Inc. Class A Common Stock",$20.68,-0.49,-2.315%,"4,837,901,121"
HAE,Haemonetics Corporation Common Stock,$106.31,3.62,3.525%,"4,836,791,492"
AIR,AAR Corp. Common Stock,$120.08,-5.40,-4.303%,"4,834,281,507"
AMTM,"Amentum Holdings, Inc. Common Stock",$19.74,0.28,1.439%,"4,826,556,593"
CRGY,Crescent Energy Company Class A Common Stock,$14.59,-0.07,-0.477%,"4,820,589,925"
SR,Spire Inc. Common Stock,$81.36,1.16,1.446%,"4,809,417,978"
CIGI,Colliers International Group Inc. Subordinate Voting Shares,$94.00,0.65,0.696%,"4,803,759,174"
TFSL,TFS Financial Corporation Common Stock,$17.11,0.10,0.588%,"4,798,375,538"
HGTY,"Hagerty, Inc. Class A Common Stock",$13.93,0.38,2.804%,"4,786,663,918"
BOX,"Box, Inc. Class A Common Stock",$34.86,1.11,3.289%,"4,782,818,947"
CNR,"Core Natural Resources, Inc. Common Stock",$96.30,-1.17,-1.20%,"4,779,971,549"
SON,Sonoco Products Company Common Stock,$48.32,0.48,1.003%,"4,777,640,145"
CSW,"CSW Industrials, Inc. Common Stock",$293.13,-7.58,-2.521%,"4,776,109,844"
WAY,Waystar Holding Corp. Common Stock,$24.90,1.43,6.093%,"4,774,535,558"
FFIN,"First Financial Bankshares, Inc. Common Stock",$33.26,0.32,0.971%,"4,767,072,883"
BLLN,"BillionToOne, Inc. Class A Common Stock",$100.82,2.05,2.076%,"4,757,397,171"
GNTX,Gentex Corporation Common Stock,$22.58,-0.21,-0.921%,"4,757,229,614"
MMYT,MakeMyTrip Limited Ordinary Shares,$50.55,0.46,0.918%,"4,754,665,364"
NSIT,"Insight Enterprises, Inc. Common Stock",$161.84,-3.53,-2.135%,"4,749,817,884"
RDN,Radian Group Inc. Common Stock,$35.85,0.23,0.646%,"4,743,002,250"
ACAD,ACADIA Pharmaceuticals Inc. Common Stock,$27.52,-0.31,-1.114%,"4,741,847,855"
OMAB,Grupo Aeroportuario del Centro Norte S.A.B. de C.V. ADS,$98.20,-0.53,-0.537%,"4,740,229,680"
VEON,VEON Ltd. ADS,$68.82,0.95,1.40%,"4,739,027,440"
PTEN,"Patterson-UTI Energy, Inc. Common Stock",$12.42,-0.43,-3.346%,"4,736,800,135"
HASI,"HA Sustainable Infrastructure Capital, Inc. Common Stock",$36.84,-0.53,-1.418%,"4,733,784,904"
PAM,Pampa Energia S.A.,$86.65,0.12,0.139%,"4,725,961,620"
VSH,"Vishay Intertechnology, Inc. Common Stock",$30.80,-2.41,-7.257%,"4,724,078,344"
RELY,"Remitly Global, Inc. Common Stock",$22.25,0.26,1.182%,"4,709,970,202"
DOCS,"Doximity, Inc. Class A Common Stock",$26.39,0.81,3.167%,"4,703,911,412"
HRI,Herc Holdings Inc. Common Stock ,$140.42,-0.54,-0.383%,"4,694,443,366"
TKC,Turkcell Iletisim Hizmetleri AS Common Stock,$5.32,-0.05,-0.931%,"4,681,600,000"
SEI,"Solaris Energy Infrastructure, Inc. Class A Common Stock",$61.11,-6.31,-9.359%,"4,678,972,215"
LPX,Louisiana-Pacific Corporation Common Stock,$66.79,-0.50,-0.743%,"4,670,184,554"
PAY,"Paymentus Holdings, Inc. Class A Common Stock",$37.08,0.70,1.924%,"4,669,842,111"
DAVE,Dave Inc. Class A Common Stock,$365.78,15.07,4.297%,"4,665,709,350"
HAFN,Hafnia Limited Common Shares,$9.33,-0.05,-0.533%,"4,662,959,576"
ACMR,"ACM Research, Inc. Class A Common Stock",$66.86,-5.14,-7.139%,"4,656,745,245"
KBR,"KBR, Inc. Common Stock",$36.80,0.21,0.574%,"4,639,293,384"
OII,"Oceaneering International, Inc. Common Stock",$46.56,-4.53,-8.867%,"4,634,100,271"
SFBS,"ServisFirst Bancshares, Inc. Common Stock",$42.30,0.17,0.404%,"4,625,294,346"
KRMN,Karman Holdings Inc. Common Stock,$34.74,-0.54,-1.531%,"4,604,221,016"
CHEF,"The Chefs' Warehouse, Inc. Common Stock",$112.84,2.39,2.164%,"4,603,430,006"
REYN,Reynolds Consumer Products Inc. Common Stock,$21.83,0.08,0.368%,"4,601,567,137"
CUZ,Cousins Properties Incorporated Common Stock,$27.95,-0.24,-0.851%,"4,600,627,521"
OLLI,"Ollie's Bargain Outlet Holdings, Inc. Common Stock",$77.02,3.46,4.704%,"4,575,173,079"
CON,"Concentra Group Holdings Parent, Inc. Common Stock",$35.81,0.86,2.461%,"4,566,410,126"
NNI,"Nelnet, Inc. Common Stock",$127.49,0.80,0.631%,"4,561,520,551"
DK,"Delek US Holdings, Inc. Common Stock",$74.47,-1.63,-2.142%,"4,559,959,998"
HCXY,"Hercules Capital, Inc. 6.25% Notes due 2033",$25.03,-0.005,-0.02%,"4,547,342,345"
SKY,"Champion Homes, Inc. Common Stock",$83.76,0.60,0.722%,"4,546,504,024"
BC,Brunswick Corporation Common Stock,$70.14,-0.58,-0.82%,"4,544,891,600"
ALK,"Alaska Air Group, Inc. Common Stock",$40.71,-0.45,-1.093%,"4,543,363,015"
BB,BlackBerry Limited Common Stock,$7.75,0.08,1.043%,"4,541,975,904"
EQPT,EquipmentShare.com Inc Class A Common Stock,$17.91,-0.11,-0.61%,"4,537,963,497"
FULT,Fulton Financial Corporation Common Stock,$23.75,0.15,0.636%,"4,534,220,871"
BEPI,Brookfield BRP Holdings (Canada) Inc. 4.875% Perpetual Subordinated Notes,$15.76,0.01,0.063%,"4,525,709,998"
DHCNL,Diversified Healthcare Trust 6.25% Senior Notes Due 2046,$18.721,0.001,0.005%,"4,519,518,177"
EPR,EPR Properties Common Stock,$58.81,-0.37,-0.625%,"4,505,370,703"
BCO,Brinks Company (The) Common Stock,$109.28,-2.70,-2.411%,"4,501,203,204"
UFPI,"UFP Industries, Inc. Common Stock",$81.03,0.47,0.583%,"4,469,735,616"
BWIN,"The Baldwin Insurance Group, Inc. Class A Common Stock",$32.00,2.35,7.926%,"4,463,946,688"
IBOC,International Bancshares Corporation Common Stock,$71.76,0.82,1.156%,"4,462,863,045"
TGS,Transportadora de Gas del Sur SA TGS Common Stock,$29.60,-0.06,-0.202%,"4,456,345,475"
ENO,"Entergy New Orleans, LLC First Mortgage Bonds, 5.50% Series due April 1, 2066",$20.80,UNCH,--,"4,447,681,597"
TREX,"Trex Company, Inc. Common Stock",$43.66,-1.29,-2.87%,"4,447,434,195"
TPC,Tutor Perini Corporation Common Stock,$84.51,-4.62,-5.183%,"4,442,616,078"
MARA,"MARA Holdings, Inc. Common Stock",$11.50,-0.48,-4.007%,"4,442,441,916"
LIVN,LivaNova PLC Ordinary Shares,$80.63,2.45,3.134%,"4,442,189,469"
BDC,Belden Inc Common Stock,$113.41,-8.85,-7.239%,"4,431,857,641"
STNG,Scorpio Tankers Inc. Common Shares,$85.46,0.94,1.112%,"4,423,648,033"
ATAT,Atour Lifestyle Holdings Limited American Depositary Shares,$32.46,0.05,0.154%,"4,415,962,142"
PBLS,"Parabilis Medicines, Inc. Common Stock",$36.16,-0.72,-1.952%,"4,409,785,405"
FRVO,Fervo Energy Company Class A common stock,$14.96,-0.63,-4.041%,"4,409,657,457"
TDW,Tidewater Inc. Common Stock,$88.58,-4.39,-4.722%,"4,407,406,942"
BIPC,Brookfield Infrastructure Corporation Brookfield Infrastructure Corporation,$35.82,-1.19,-3.215%,"4,406,418,685"
FHI,"Federated Hermes, Inc. Common Stock",$58.99,-0.58,-0.974%,"4,404,209,976"
SIM,"Grupo Simec, S.A.B. de C.V. American Depositary Shares",$26.40,UNCH,--,"4,379,841,074"
DLO,DLocal Limited Class A Common Shares,$14.84,-0.02,-0.135%,"4,376,790,227"
VNT,Vontier Corporation Common Stock ,$32.35,0.18,0.56%,"4,373,720,000"
OXLCZ,Oxford Lane Capital Corp. 5.00% Notes due 2027,$25.15,UNCH,--,"4,366,040,000"
CHH,"Choice Hotels International, Inc. Common Stock",$96.54,-0.23,-0.238%,"4,361,623,138"
OXLCM,"Oxford Lane Capital Corp. Preferred Stock Shares, 8.25% Series 2031",$25.10,0.0408,0.163%,"4,357,360,000"
CGAU,Centerra Gold Inc. Common Shares,$21.78,-0.85,-3.756%,"4,349,690,791"
TDS,"Telephone and Data Systems, Inc. Common Shares",$37.71,0.25,0.667%,"4,340,421,000"
OPLN,"OPENLANE, Inc. Common Stock",$35.48,0.20,0.567%,"4,331,038,810"
BOOT,"Boot Barn Holdings, Inc. Common Stock",$142.84,-1.55,-1.073%,"4,325,887,117"
DHCNI,Diversified Healthcare Trust 5.625% Senior Notes due 2042,$17.91,0.02,0.112%,"4,323,731,134"
DOO,BRP Inc. Common Subordinate Voting Shares,$60.69,-0.30,-0.492%,"4,318,111,828"
LBTYB,Liberty Global Ltd. Class B Common Shares,$12.65,UNCH,--,"4,314,757,710"
HTFL,"Heartflow, Inc. Common Stock",$49.54,-0.34,-0.682%,"4,307,682,682"
ARX,Accelerant Holdings Class A Common Shares,$19.83,-0.01,-0.05%,"4,306,848,986"
NP,Neptune Insurance Holdings Inc. Class A Common Stock,$31.33,-0.27,-0.854%,"4,299,512,710"
FBP,First BanCorp. New Common Stock,$28.15,0.46,1.661%,"4,297,611,744"
ACHR,Archer Aviation Inc. Class A Common Stock,$5.51,-0.07,-1.254%,"4,288,350,752"
ITGR,Integer Holdings Corporation Common Stock,$126.13,0.13,0.103%,"4,287,417,014"
EE,"Excelerate Energy, Inc. Class A Common Stock",$37.78,-0.63,-1.64%,"4,284,331,527"
TCBI,"Texas Capital Bancshares, Inc. Common Stock",$98.44,-0.65,-0.656%,"4,279,616,884"
KFY,Korn Ferry Common Stock,$78.38,0.79,1.018%,"4,276,322,741"
COLD,"Americold Realty Trust, Inc. Common Stock",$14.97,0.35,2.394%,"4,273,643,848"
CVSA,Covista Inc. Common Shares,$125.49,0.40,0.32%,"4,271,531,522"
UCB,"United Community Banks, Inc. Common Stock",$35.38,0.09,0.255%,"4,265,961,296"
BEPH,Brookfield BRP Holdings (Canada) Inc. 4.625% Perpetual Subordinated Notes,$14.85,-0.0516,-0.346%,"4,264,390,449"
HP,"Helmerich & Payne, Inc. Common Stock",$42.63,-1.41,-3.202%,"4,260,397,225"
OXLCN,Oxford Lane Capital Corp. 7.125% Series 2029 Term Preferred Stock,$24.50,-0.08,-0.325%,"4,253,200,000"
GFF,Griffon Corporation Common Stock,$93.81,-2.22,-2.312%,"4,249,097,308"
MANE,"Veradermics, Incorporated Common Stock",$101.70,2.73,2.758%,"4,249,039,831"
FELE,"Franklin Electric Co., Inc. Common Stock",$96.09,-1.74,-1.779%,"4,248,279,576"
ALM,Almonty Industries Inc. Common Shares,$14.70,-0.79,-5.10%,"4,240,667,025"
BILL,"BILL Holdings, Inc. Common Stock",$49.67,2.42,5.122%,"4,235,697,762"
OXLCL,Oxford Lane Capital Corp. 6.75% Notes due 2031,$24.3799,0.1469,0.606%,"4,232,350,640"
MYRG,"MYR Group, Inc. Common Stock",$271.75,-19.51,-6.698%,"4,230,943,688"
MTH,Meritage Homes Corporation Common Stock,$64.88,0.66,1.028%,"4,228,495,154"
ALH,Alliance Laundry Holdings Inc. Common Stock,$21.27,-0.34,-1.573%,"4,228,244,072"
NWE,"NorthWestern Energy Group, Inc. Common Stock",$68.65,-0.59,-0.852%,"4,223,200,403"
AMLX,"Amylyx Pharmaceuticals, Inc. Common Stock",$33.64,2.02,6.388%,"4,220,416,640"
REGCP,Regency Centers Corporation 6.25% Series A Cumulative Redeemable Preferred Stock,$22.9311,-0.0889,-0.386%,"4,199,155,575"
CRK,"Comstock Resources, Inc. Common Stock",$14.30,-0.48,-3.248%,"4,198,773,836"
ESAB,ESAB Corporation Common Stock,$67.52,-3.17,-4.484%,"4,197,570,531"
BFH,"Bread Financial Holdings, Inc. Common Stock",$109.23,2.86,2.689%,"4,196,536,644"
GMAB,Genmab A/S ADS,$32.65,0.18,0.554%,"4,194,768,042"
IOVA,"Iovance Biotherapeutics, Inc. Common Stock",$9.26,0.66,7.674%,"4,194,515,460"
CAR,"Avis Budget Group, Inc. Common Stock",$118.70,-3.04,-2.497%,"4,193,167,000"
SKT,Tanger Inc. Common Stock,$36.37,UNCH,--,"4,178,148,830"
RLAY,"Relay Therapeutics, Inc. Common Stock",$19.06,0.19,1.007%,"4,176,839,487"
SUNC,"SunocoCorp LLC Common Units, representing limited liability company interests",$80.94,-0.22,-0.271%,"4,169,802,006"
CBT,Cabot Corporation Common Stock,$80.76,1.08,1.355%,"4,169,720,125"
FCN,"FTI Consulting, Inc. Common Stock",$150.86,2.79,1.884%,"4,165,482,205"
CATY,Cathay General Bancorp Common Stock,$62.42,0.41,0.661%,"4,164,276,644"
DIOD,Diodes Incorporated Common Stock,$90.31,-4.70,-4.947%,"4,158,929,479"
KLIC,"Kulicke and Soffa Industries, Inc. Common Stock",$79.45,-6.68,-7.756%,"4,157,548,187"
MIAX,"Miami International Holdings, Inc. Common Stock",$41.77,0.30,0.723%,"4,144,874,609"
NVST,Envista Holdings Corporation Common Stock,$25.79,0.24,0.939%,"4,142,330,715"
CECO,CECO Environmental Corp. Common Stock,$70.67,-7.67,-9.791%,"4,139,129,886"
TNGX,"Tango Therapeutics, Inc.",$24.54,0.76,3.196%,"4,137,698,406"
ONDS,Ondas Inc. Common Stock,$7.23,UNCH,--,"4,131,617,163"
WK,Workiva Inc. Class A Common Stock,$75.89,4.03,5.608%,"4,129,667,274"
ELC,"Entergy Louisiana, Inc. Collateral Trust Mortgage Bonds, 4.875 % Series due September 1, 2066",$19.35,0.04,0.207%,"4,126,146,631"
SLGN,Silgan Holdings Inc. Common Stock,$39.02,0.39,1.01%,"4,123,712,420"
MNDY,monday.com Ltd. Ordinary Shares,$96.105,9.265,10.669%,"4,123,571,853"
WSFS,WSFS Financial Corporation Common Stock,$80.64,0.91,1.141%,"4,119,946,387"
CVCO,"Cavco Industries, Inc. Common Stock When Issued",$535.67,6.03,1.139%,"4,118,981,969"
AQN,Algonquin Power & Utilities Corp. Common Shares,$5.35,0.04,0.753%,"4,118,150,109"
SRAD,Sportradar Group AG Class A Ordinary Shares,$13.20,0.29,2.246%,"4,115,197,205"
OXLCO,"Oxford Lane Capital Corp. Preferred Stock Shares, 6.00% Series 2029",$23.70,-0.0805,-0.339%,"4,114,320,000"
CENX,Century Aluminum Company Common Stock,$41.54,-2.51,-5.698%,"4,112,181,474"
SEZL,Sezzle Inc. Common Stock,$121.57,2.70,2.271%,"4,093,871,452"
PARR,"Par Pacific Holdings, Inc.  Common Stock",$81.70,-2.95,-3.485%,"4,093,139,526"
CELC,Celcuity Inc. Common Stock,$83.53,0.08,0.096%,"4,087,282,275"
SEB,Seaboard Corporation Common Stock,"$4,264.37",-31.63,-0.736%,"4,084,388,000"
INDV,"Indivior Pharmaceuticals, Inc. Common Stock",$34.47,-0.02,-0.058%,"4,068,560,765"
GEO,Geo Group Inc (The) REIT,$30.85,-0.64,-2.032%,"4,060,464,166"
KRC,Kilroy Realty Corporation Common Stock,$34.91,0.01,0.029%,"4,060,346,771"
BRC,Brady Corporation Common Stock,$86.44,-0.50,-0.575%,"4,053,968,058"
TNL,Travel   Leisure Co. Common  Stock,$66.19,-0.55,-0.824%,"4,051,108,116"
CNK,"Cinemark Holdings Inc Cinemark Holdings, Inc. Common Stock",$34.83,-0.25,-0.713%,"4,037,209,910"
ITRI,"Itron, Inc. Common Stock",$91.89,-1.66,-1.774%,"4,023,564,733"
CAAP,Corporacion America Airports SA Common Shares,$24.33,-0.26,-1.057%,"4,019,781,822"
MAT,"Mattel, Inc. Common Stock",$14.03,0.02,0.143%,"4,008,371,000"
LILAP,Liberty Latin America Ltd. 9.0% Fixed Rate Cumulative Perpetual Redeemable Series A Preference Shares,$20.46,-0.25,-1.207%,"4,008,114,000"
MDA,MDA Space Ltd. Common Shares,$28.85,-0.12,-0.414%,"4,005,769,676"
GNW,Genworth Financial Inc Common Stock,$10.60,0.11,1.049%,"4,005,220,992"
CVBF,CVB Financial Corporation Common Stock,$22.75,0.31,1.381%,"4,003,941,646"
LOPE,"Grand Canyon Education, Inc. Common Stock",$153.48,2.28,1.508%,"4,000,461,879"
BWLP,BW LPG Limited Common Shares,$25.11,-0.02,-0.08%,"3,999,571,020"
PRIM,Primoris Services Corporation Common Stock,$74.17,-1.11,-1.474%,"3,992,743,694"
JOYY,JOYY Inc. American Depositary Shares,$77.18,-0.08,-0.104%,"3,991,903,343"
TLX,Telix Pharmaceuticals Limited American Depositary Shares,$11.78,0.49,4.34%,"3,990,793,637"
AZZ,AZZ Inc.,$132.75,-4.32,-3.152%,"3,989,336,758"
ELVN,"Enliven Therapeutics, Inc. Common Stock",$54.43,0.11,0.203%,"3,988,127,521"
DTW,DTE Energy Company 2017 Series E 5.25% Junior Subordinated Debentures due 2077,$19.15,UNCH,--,"3,984,886,521"
CCC,CCC Intelligent Solutions Holdings Inc. Common Stock,$6.76,-0.13,-1.887%,"3,981,604,199"
REGCO,Regency Centers Corporation 5.875% Series B Cumulative Redeemable Preferred Stock,$21.69,-0.4999,-2.253%,"3,971,884,664"
PHI,PLDT Inc. Sponsored ADR,$18.38,-0.11,-0.595%,"3,971,105,145"
RUM,RUM Group Inc. Class A Common Stock,$8.00,0.83,11.576%,"3,966,481,552"
RHI,Robert Half Inc. Common Stock,$38.73,1.05,2.787%,"3,964,473,598"
CDP,COPT Defense Properties Common Shares of Beneficial Interest,$34.92,-0.51,-1.439%,"3,960,293,193"
FSLY,"Fastly, Inc. Class A Common Stock",$24.86,1.70,7.34%,"3,960,198,000"
ADPT,Adaptive Biotechnologies Corporation Common Stock,$24.78,0.58,2.397%,"3,954,784,965"
INDB,Independent Bank Corp. Common Stock,$83.43,0.69,0.834%,"3,952,003,930"
ICUI,"ICU Medical, Inc. Common Stock",$157.60,1.12,0.716%,"3,941,109,189"
MDU,"MDU Resources Group, Inc. Common Stock (Holding Company)",$18.72,-0.48,-2.50%,"3,937,741,816"
WBI,WaterBridge Infrastructure LLC Class A Shares Representing Limited Liability Company Interests,$31.83,-0.46,-1.425%,"3,929,611,132"
SITE,"SiteOne Landscape Supply, Inc. Common Stock",$89.34,-3.48,-3.749%,"3,900,172,543"
BNL,"Broadstone Net Lease, Inc. Common Stock",$20.32,-0.10,-0.49%,"3,899,265,171"
AYA,Aya Gold & Silver Inc. Common Shares,$26.91,-1.06,-3.79%,"3,876,013,281"
VVV,Valvoline Inc. Common Stock,$30.37,-0.18,-0.589%,"3,874,799,515"
LAZ,"Lazard, Inc. Common Stock",$39.74,-1.36,-3.309%,"3,872,685,731"
WSBC,"WesBanco, Inc. Common Stock",$40.38,0.20,0.498%,"3,872,679,798"
LMND,"Lemonade, Inc. Common Stock",$50.03,0.63,1.275%,"3,872,152,648"
USAC,"USA Compression Partners, LP Common Units Representing Limited Partner Interests",$26.69,-0.95,-3.437%,"3,868,537,878"
PLSE,"Pulse Biosciences, Inc Common Stock (DE)",$54.21,1.10,2.071%,"3,866,398,525"
TENB,"Tenable Holdings, Inc. Common Stock",$35.08,4.97,16.506%,"3,863,710,604"
QTWO,"Q2 Holdings, Inc. Common Stock",$61.95,1.06,1.741%,"3,862,873,355"
SIG,Signet Jewelers Limited Common Shares,$100.75,0.49,0.489%,"3,860,462,232"
ARIS,Aris Mining Corporation Common Shares,$18.68,-0.86,-4.401%,"3,855,552,000"
PLNT,"Planet Fitness, Inc. Common Stock",$51.16,0.41,0.808%,"3,848,099,929"
SKE,Skeena Resources Limited Common Shares,$30.59,-1.13,-3.562%,"3,837,904,146"
MIR,"Mirion Technologies, Inc. Class A Common Stock",$15.38,-0.60,-3.755%,"3,830,199,011"
FA,First Advantage Corporation Common Stock,$22.28,1.06,4.995%,"3,826,672,235"
THO,"Thor Industries, Inc. Common Stock",$73.48,0.62,0.851%,"3,825,175,768"
CNS,Cohen & Steers Inc Common Stock,$74.11,-0.84,-1.121%,"3,810,849,811"
MSGE,Madison Square Garden Entertainment Corp. Class A Common Stock,$80.39,1.20,1.515%,"3,802,867,761"
IRTC,"iRhythm Holdings, Inc. Common Stock",$114.72,3.29,2.953%,"3,781,515,704"
AVNT,Avient Corporation Common Stock,$41.16,-0.25,-0.604%,"3,775,176,678"
SKYW,"SkyWest, Inc. Common Stock",$97.08,0.94,0.978%,"3,769,453,791"
GEF,Greif Inc. Class A Common Stock,$81.63,-0.69,-0.838%,"3,768,720,043"
GPGI,"GPGI, Inc. Class A Common Stock",$12.98,-0.32,-2.406%,"3,762,773,264"
DORM,"Dorman Products, Inc. Common Stock",$126.60,-0.06,-0.047%,"3,756,933,239"
ABG,Asbury Automotive Group Inc Common Stock,$208.91,0.41,0.197%,"3,750,334,980"
BANF,BancFirst Corporation Common Stock,$111.56,0.66,0.595%,"3,748,275,992"
ASBA,Associated Banc-Corp 6.625% Fixed-Rate Reset Subordinated Notes due 2033,$24.83,-0.06,-0.241%,"3,746,867,236"
RNST,Renasant Corporation Common Stock,$40.99,0.22,0.54%,"3,746,669,020"
AXTI,AXT Inc Common Stock,$57.06,-7.71,-11.904%,"3,741,607,477"
TARS,"Tarsus Pharmaceuticals, Inc. Common Stock",$79.95,0.64,0.807%,"3,740,995,456"
TAC,TransAlta Corporation Ordinary Shares,$11.79,-0.29,-2.401%,"3,725,640,000"
SYNA,Synaptics Incorporated Common Stock $0.001 Par Value,$95.06,-5.97,-5.909%,"3,717,510,089"
BMI,"Badger Meter, Inc. Common Stock",$127.22,2.09,1.67%,"3,687,706,675"
JOE,St. Joe Company (The) Common Stock,$64.73,-1.13,-1.716%,"3,685,108,093"
KTB,"Kontoor Brands, Inc. Common Stock ",$67.42,0.80,1.201%,"3,684,747,060"
SLG,SL Green Realty Corp Common Stock,$51.98,-1.10,-2.072%,"3,682,778,166"
OTTR,Otter Tail Corporation Common Stock,$87.61,-0.45,-0.511%,"3,678,356,664"
VKTX,"Viking Therapeutics, Inc. Common Stock",$31.53,-0.45,-1.407%,"3,678,067,104"
IDYA,"IDEAYA Biosciences, Inc. Common Stock",$38.03,0.44,1.171%,"3,669,495,077"
UNMA,Unum Group 6.250% Junior Subordinated Notes due 2058,$21.50,0.05,0.233%,"3,661,734,660"
SMR,NuScale Power Corporation Class A Common Stock,$8.51,-0.10,-1.161%,"3,656,945,045"
APLE,"Apple Hospitality REIT, Inc. Common Shares",$15.48,-0.07,-0.45%,"3,654,560,165"
CRVL,CorVel Corp. Common Stock,$72.18,2.91,4.201%,"3,646,286,095"
HHH,Howard Hughes Holdings Inc. Common Stock,$60.94,-0.61,-0.991%,"3,639,399,934"
ATMU,Atmus Filtration Technologies Inc. Common Stock,$44.37,-1.04,-2.29%,"3,620,393,533"
PLMR,"Palomar Holdings, Inc. Common stock",$137.56,3.90,2.918%,"3,620,260,473"
ABCL,AbCellera Biologics Inc. Common Shares,$11.17,0.28,2.571%,"3,618,024,759"
IRT,"Independence Realty Trust, Inc. Common Stock",$15.34,0.15,0.987%,"3,616,321,658"
LBTYA,Liberty Global Ltd. Class A Common Shares,$10.60,0.13,1.242%,"3,615,528,200"
BBWI,"Bath & Body Works, Inc.",$17.91,-0.66,-3.554%,"3,611,467,556"
LIF,"Life360, Inc. Common Stock",$44.28,1.60,3.749%,"3,607,950,739"
LEGN,Legend Biotech Corporation American Depositary Shares,$18.53,-0.11,-0.59%,"3,603,870,293"
MWA,MUELLER WATER PRODUCTS Common Stock,$23.08,-0.86,-3.592%,"3,603,380,671"
IOND,Ionic Digital Inc. Class A Common Stock,$79.86,-3.53,-4.233%,"3,593,394,536"
OPCH,"Option Care Health, Inc. Common Stock",$23.99,0.51,2.172%,"3,593,347,980"
NIC,Nicolet Bankshares Inc. Common Stock,$171.44,1.07,0.628%,"3,592,956,029"
IPAR,"Interparfums, Inc. Common Stock",$112.05,0.04,0.036%,"3,588,488,761"
CII,"BlackRock Enhanced Large Cap Core Fund, Inc. Common Stock",$24.12,-0.06,-0.248%,"3,588,150,801"
LXP,LXP Industrial Trust Common Stock (Maryland REIT),$60.81,-0.03,-0.049%,"3,585,191,224"
OGN,Organon & Co. Common Stock ,$13.65,0.01,0.073%,"3,584,618,760"
PFSI,"PennyMac Financial Services, Inc. Common Stock",$68.97,-1.39,-1.976%,"3,583,099,921"
TRMD,TORM plc Class A Common Stock,$35.34,0.26,0.741%,"3,581,898,882"
ZIM,ZIM Integrated Shipping Services Ltd. Ordinary Shares,$29.72,0.15,0.507%,"3,580,246,786"
FOUR,"Shift4 Payments, Inc. Class A Common Stock",$45.32,0.27,0.599%,"3,578,472,638"
FLY,Firefly Aerospace Inc. Common Stock,$21.36,0.23,1.088%,"3,575,763,217"
DHT,"DHT Holdings, Inc.",$22.15,0.15,0.682%,"3,567,072,260"
NHC,National HealthCare Corporation Common Stock,$227.76,3.29,1.466%,"3,567,039,325"
BTE,Baytex Energy Corp Common Shares,$5.03,UNCH,--,"3,565,706,640"
MHO,"M/I Homes, Inc. Common Stock",$140.61,0.72,0.515%,"3,555,046,989"
FIBK,"First Interstate BancSystem, Inc. Common Stock (DE)",$37.30,0.38,1.029%,"3,554,861,841"
LBTYK,Liberty Global Ltd. Class C Common Shares,$10.40,0.25,2.463%,"3,547,310,686"
BATRA,"Atlanta Braves Holdings, Inc. Series A Common Stock",$55.26,1.16,2.144%,"3,545,917,988"
PTRN,Pattern Group Inc. Series A Common Stock,$19.97,-0.08,-0.399%,"3,542,659,807"
FSM,Fortuna Mining Corp. Common Shares,$11.63,-0.36,-3.003%,"3,542,002,411"
GENVR,Gen Digital Inc. Contingent Value Rights,$5.90,1.56,35.945%,"3,531,663,489"
VAC,Marriott Vacations Worldwide Corporation Common Stock,$102.40,-1.19,-1.149%,"3,522,080,768"
OLED,Universal Display Corporation Common Stock,$76.62,-6.94,-8.305%,"3,521,978,898"
CALM,"Cal-Maine Foods, Inc. Common Stock",$75.02,1.04,1.406%,"3,519,630,443"
ERO,Ero Copper Corp. Common Shares,$33.68,-1.79,-5.047%,"3,512,081,962"
PDI,PIMCO Dynamic Income Fund Common Stock,$14.43,-0.33,-2.236%,"3,507,788,700"
POST,"Post Holdings, Inc. Common Stock",$79.37,-0.82,-1.023%,"3,488,851,613"
WIX,Wix.com Ltd. Ordinary Shares,$83.33,6.75,8.814%,"3,487,319,752"
MANU,Manchester United Ltd. Class A Ordinary Shares,$20.18,0.13,0.648%,"3,479,614,375"
TNK,Teekay Tankers Ltd.,$100.00,-0.83,-0.823%,"3,464,385,800"
LION,Lionsgate Studios Corp Common Shares,$11.63,0.36,3.194%,"3,460,619,078"
DYN,"Dyne Therapeutics, Inc. Common Stock",$18.52,0.31,1.702%,"3,458,543,902"
NHI,"National Health Investors, Inc. Common Stock",$70.37,0.05,0.071%,"3,455,901,241"
AWR,American States Water Company Common Stock,$87.12,0.64,0.74%,"3,453,055,737"
WT,"WisdomTree, Inc. Common Stock",$22.79,-1.14,-4.764%,"3,452,961,010"
SBLK,Star Bulk Carriers Corp. Common Shares,$30.83,-0.34,-1.091%,"3,438,474,525"
LRN,"Stride, Inc. Common Stock",$82.70,0.70,0.854%,"3,436,999,182"
FFBC,First Financial Bancorp. Common Stock,$32.74,0.24,0.738%,"3,436,683,096"
CSTM,Constellium SE Ordinary Shares (France),$25.29,-0.88,-3.363%,"3,427,496,241"
MGNI,"Magnite, Inc. Common Stock",$23.84,0.07,0.294%,"3,419,231,903"
NATL,NCR Atleos Corporation Common Stock,$46.27,-0.35,-0.751%,"3,419,211,136"
MCHB,Mechanics Bancorp Class A Common Stock,$15.48,0.11,0.716%,"3,410,430,704"
CLSK,"CleanSpark, Inc. Common Stock",$13.27,-0.40,-2.926%,"3,407,962,559"
FULTP,"Fulton Financial Corporation Depositary Shares, Each Representing a 1/40th Interest in a Share of Fixed Rate Non-Cumulative Perpetual Preferred Stock, Series A",$17.80,-0.02,-0.112%,"3,398,279,221"
SII,Sprott Inc. Common Shares,$131.68,-1.37,-1.03%,"3,397,344,000"
DNLI,Denali Therapeutics Inc. Common Stock,$21.22,0.13,0.616%,"3,391,961,892"
PRK,Park National Corporation Common Stock,$187.58,0.14,0.075%,"3,388,475,320"
GPI,"Group 1 Automotive, Inc. Common Stock",$284.01,5.74,2.063%,"3,386,031,122"
CXW,"CoreCivic, Inc. Common Stock",$34.23,-0.70,-2.004%,"3,385,124,128"
HIW,"Highwoods Properties, Inc. Common Stock",$30.66,-0.27,-0.873%,"3,381,988,429"
GRAL,"GRAIL, Inc. Common Stock ",$75.53,-0.70,-0.918%,"3,373,640,654"
HNI,HNI Corporation Common Stock,$46.70,-0.17,-0.363%,"3,370,890,060"
PVH,PVH Corp. Common Stock,$73.01,2.37,3.355%,"3,368,523,187"
ARLP,"Alliance Resource Partners, L.P. Common Units representing Limited Partners Interests",$26.14,-0.39,-1.47%,"3,363,141,058"
SFNC,Simmons First National Corporation Class A Common Stock,$23.25,0.06,0.259%,"3,359,945,594"
AB,AllianceBernstein Holding L.P.  Units,$36.09,UNCH,--,"3,359,084,654"
PII,Polaris Inc. Common Stock,$58.92,0.41,0.701%,"3,352,755,634"
NTRSO,"Northern Trust Corporation Depositary Shares Each Representing a 1/1,000th Interest in a Share of Series E Non-Cumulative Perpetual Preferred Stock",$18.325,0.005,0.027%,"3,352,662,341"
KEN,Kenon Holdings Ltd. Ordinary Shares,$64.31,-1.58,-2.398%,"3,351,091,011"
WSC,WillScot Holdings Corporation Class A Common Stock,$18.48,-0.18,-0.965%,"3,348,408,904"
CURB,Curbline Properties Corp. Common Stock,$29.08,-0.24,-0.819%,"3,345,305,767"
ASO,"Academy Sports and Outdoors, Inc. Common Stock",$54.25,-1.11,-2.005%,"3,340,654,837"
USLM,"United States Lime & Minerals, Inc. Common Stock",$116.43,-1.39,-1.18%,"3,340,186,104"
BTU,Peabody Energy Corporation Common Stock ,$27.35,-0.86,-3.049%,"3,333,965,000"
CBU,"Community Financial System, Inc. Common Stock",$63.34,0.80,1.279%,"3,332,691,423"
SBCF,Seacoast Banking Corporation of Florida Common Stock,$34.36,0.38,1.118%,"3,326,831,374"
BELFB,Bel Fuse Inc. Class B Common Stock,$230.39,-19.97,-7.977%,"3,326,704,886"
FSK,FS KKR Capital Corp. Common Stock,$12.03,0.14,1.177%,"3,324,373,568"
NMIH,NMI Holdings Inc. Common Stock,$44.12,0.23,0.524%,"3,318,611,586"
DTG,DTE Energy Company 2021 Series E 4.375% Junior Subordinated Debentures,$15.94,0.18,1.142%,"3,316,923,820"
VCYT,"Veracyte, Inc. Common Stock",$41.21,0.34,0.832%,"3,312,902,025"
AD,"Array Digital Infrastructure, Inc. Common Shares",$38.28,0.16,0.42%,"3,311,220,000"
NESR,National Energy Services Reunited Corp Ordinary Shares,$32.74,-0.80,-2.385%,"3,301,886,426"
CORZW,"Core Scientific, Inc. Tranche 1 Warrants",$10.27,-0.95,-8.467%,"3,300,166,329"
FRSH,Freshworks Inc. Class A Common Stock,$12.64,0.75,6.308%,"3,298,038,558"
HTGC,"Hercules Capital, Inc. Common Stock",$17.58,0.17,0.976%,"3,290,343,120"
EXPO,"Exponent, Inc. Common Stock",$69.19,1.98,2.946%,"3,289,713,552"
DTB,DTE Energy Company 2020 Series G 4.375% Junior Subordinated Debentures due 2080,$15.70,0.001,0.006%,"3,266,982,683"
VGNT,Versigent PLC Ordinary Shares,$46.08,-0.81,-1.727%,"3,264,089,011"
DAN,Dana Incorporated Common Stock ,$30.30,-0.78,-2.51%,"3,259,573,374"
XXI,"Twenty One Capital, Inc. Class A Common Stock",$5.79,0.34,6.239%,"3,256,135,165"
SMG,Scotts Miracle-Gro Company (The) Common Stock,$55.91,-0.56,-0.992%,"3,255,095,519"
BFAM,Bright Horizons Family Solutions Inc. Common Stock,$66.87,1.75,2.687%,"3,252,242,912"
ACLS,"Axcelis Technologies, Inc. Common Stock",$105.31,-8.12,-7.159%,"3,252,129,607"
CSQ,Calamos Strategic Total Return Common Stock,$20.43,-0.265,-1.281%,"3,246,074,117"
GBDC,"Golub Capital BDC, Inc. Common Stock",$12.47,0.01,0.08%,"3,237,855,315"
FRMI,Fermi Inc. Common Stock,$5.05,-0.45,-8.182%,"3,234,360,107"
COCO,"The Vita Coco Company, Inc. Common Stock",$55.03,3.02,5.807%,"3,229,941,716"
QS,QuantumScape Corporation Class A Common Stock,$5.20,-0.08,-1.515%,"3,219,390,236"
RXO,"RXO, Inc. Common Stock",$19.46,-0.03,-0.154%,"3,209,462,451"
AGO,Assured Guaranty Ltd. Common Stock,$72.92,-0.01,-0.014%,"3,206,963,847"
KNF,Knife Riv Holding Co. Common Stock,$56.47,-1.16,-2.013%,"3,205,430,327"
BATRK,"Atlanta Braves Holdings, Inc. Series C Common Stock",$49.91,1.07,2.191%,"3,202,619,739"
SA,"Seabridge Gold, Inc. Common Shares New",$29.61,-1.40,-4.515%,"3,194,066,706"
ASH,Ashland Inc. Common Stock,$69.67,-1.24,-1.749%,"3,190,424,088"
OSIS,"OSI Systems, Inc. Common Stock (DE)",$199.95,-4.34,-2.124%,"3,187,596,502"
LBRT,Liberty Energy Inc. Class A common stock,$19.53,-1.43,-6.823%,"3,187,128,354"
IPGP,IPG Photonics Corporation Common Stock,$74.90,-5.09,-6.363%,"3,185,836,971"
WRBY,Warby Parker Inc. Class A Common Stock,$25.71,1.00,4.047%,"3,177,963,068"
LUNR,"Intuitive Machines, Inc. Class A Common Stock",$13.88,-0.47,-3.275%,"3,177,466,064"
ATKR,Atkore Inc. Common Stock,$94.07,-0.08,-0.085%,"3,176,983,779"
NG,Novagold Resources Inc.,$7.23,-0.27,-3.60%,"3,172,383,839"
BSM,"Black Stone Minerals, L.P. Common units representing limited partner interests",$14.90,-0.09,-0.60%,"3,169,387,508"
BTDR,Bitdeer Technologies Group Class A Ordinary Shares,$11.66,-0.30,-2.508%,"3,168,980,977"
BKU,"BankUnited, Inc. Common Stock",$44.47,-0.31,-0.692%,"3,167,698,113"
KYIV,Kyivstar Group Ltd. Common Shares,$13.66,0.05,0.367%,"3,167,257,104"
SXI,Standex International Corporation Common Stock,$257.26,-11.91,-4.425%,"3,159,529,686"
KAI,Kadant Inc Common Stock,$267.30,1.00,0.376%,"3,156,576,974"
EROK,"EagleRock Land, LLC Class A shares representing limited liability company interests",$24.00,-1.30,-5.138%,"3,156,469,680"
AAMI,Acadian Asset Management Inc. Common Stock,$88.92,-2.10,-2.307%,"3,155,782,182"
LFTO,"Liftoff Mobile, Inc. Common Stock",$18.63,0.28,1.526%,"3,154,646,348"
TNET,"TriNet Group, Inc. Common Stock",$68.71,2.70,4.09%,"3,154,114,548"
NAN,Nuveen New York Quality Municipal Income Fund Common Stock,$10.40,-0.07,-0.669%,"3,144,084,320"
VCRE,Vicore Pharma Holding AB American Depositary Shares,$11.16,0.38,3.525%,"3,141,825,618"
AVAH,Aveanna Healthcare Holdings Inc. Common Stock,$14.38,0.30,2.131%,"3,137,999,228"
FHB,"First Hawaiian, Inc. Common Stock",$25.78,0.025,0.097%,"3,136,926,745"
LPL,"LG Display Co, Ltd AMERICAN DEPOSITORY SHARES",$3.13,-0.18,-5.438%,"3,130,000,000"
RWTN,"Redwood Trust, Inc. 9.125% Senior Notes Due 2029",$24.20,-0.3001,-1.225%,"3,127,207,829"
WING,Wingstop Inc. Common Stock,$114.71,-2.39,-2.041%,"3,124,992,452"
ZGN,Ermenegildo Zegna N.V. Ordinary Shares,$11.63,0.02,0.172%,"3,120,469,142"
QURE,uniQure N.V. Ordinary Shares,$44.93,0.42,0.944%,"3,116,632,891"
CPK,Chesapeake Utilities Corporation Common Stock,$129.25,-0.57,-0.439%,"3,115,759,309"
ECO,Okeanis Eco Tankers Corp. Common Stock,$79.72,3.57,4.688%,"3,112,639,897"
SOUN,"SoundHound AI, Inc Class A Common Stock",$6.47,0.21,3.355%,"3,112,100,299"
CARG,"CarGurus, Inc. Class A Common Stock ",$34.93,0.505,1.467%,"3,111,336,587"
MMS,"Maximus, Inc. Common Stock",$59.35,2.43,4.269%,"3,107,433,234"
FGN,"F&G Annuities & Life, Inc. 7.950% Senior Notes due 2053",$24.58,0.22,0.903%,"3,099,502,310"
SHOO,"Steven Madden, Ltd. Common Stock",$42.34,-0.59,-1.374%,"3,098,318,202"
PK,Park Hotels & Resorts Inc. Common Stock ,$15.32,0.04,0.262%,"3,084,503,216"
UUUU,Energy Fuels Inc Ordinary Shares (Canada),$12.34,-0.61,-4.71%,"3,083,358,780"
DX,"Dynex Capital, Inc. Common Stock",$12.41,-0.11,-0.879%,"3,079,751,440"
CLDX,"Celldex Therapeutics, Inc.",$39.18,2.28,6.179%,"3,076,787,064"
AGYS,"Agilysys, Inc. Common Stock (DE)",$109.07,4.58,4.383%,"3,076,405,297"
AVA,Avista Corporation Common Stock,$36.65,-0.14,-0.381%,"3,069,541,220"
RCUS,"Arcus Biosciences, Inc. Common Stock",$24.07,-0.52,-2.115%,"3,064,914,360"
FRPT,"Freshpet, Inc. Common Stock",$63.77,0.03,0.047%,"3,064,663,379"
SLDE,"Slide Insurance Holdings, Inc. Common Stock",$26.23,1.39,5.596%,"3,063,971,389"
GPOR,Gulfport Energy Corporation Common Shares,$173.06,-0.19,-0.11%,"3,060,369,850"
ATRO,Astronics Corporation Common Stock,$70.965,-3.015,-4.075%,"3,052,138,227"
ARQT,"Arcutis Biotherapeutics, Inc. Common Stock",$24.27,0.385,1.612%,"3,050,543,893"
PFS,"Provident Financial Services, Inc Common Stock",$23.34,0.04,0.172%,"3,044,063,904"
APAM,Artisan Partners Asset Management Inc. Class A Common Stock,$37.49,-0.42,-1.108%,"3,039,414,361"
KBH,KB Home Common Stock,$49.57,0.41,0.834%,"3,039,123,217"
ARCB,ArcBest Corporation Common Stock,$135.69,0.83,0.615%,"3,032,855,224"
FG,"F&G Annuities & Life, Inc. Common Stock",$23.12,0.07,0.304%,"3,027,222,032"
BBAR,Banco BBVA Argentina S.A. ADS,$14.80,-0.09,-0.604%,"3,022,703,056"
AAUC,Allied Gold Corporation Common Shares,$21.59,-1.25,-5.473%,"3,008,521,010"
UCTT,"Ultra Clean Holdings, Inc. Common Stock",$66.39,-7.65,-10.332%,"3,005,941,955"
HGV,Hilton Grand Vacations Inc. Common Stock ,$38.67,-0.80,-2.027%,"3,005,592,687"
DKL,"Delek Logistics Partners, L.P. Common Units representing Limited Partner Interests",$56.49,-0.41,-0.721%,"3,005,115,533"
BOH,Bank of Hawaii Corporation Common Stock,$76.00,0.20,0.264%,"2,998,230,096"
SPSC,"SPS Commerce, Inc. Common Stock",$83.03,0.35,0.423%,"2,989,094,447"
DBRG,"DigitalBridge Group, Inc.",$15.91,0.01,0.063%,"2,983,049,921"
CWT,California Water Service Group Common Stock,$48.23,0.01,0.021%,"2,982,499,841"
RWTO,"Redwood Trust, Inc. 9.00% Senior Notes Due 2029",$23.07,-0.64,-2.699%,"2,981,185,314"
CWK,Cushman & Wakefield Ltd. Common Shares,$12.70,-0.20,-1.55%,"2,980,864,092"
YETI,"YETI Holdings, Inc. Common Stock",$40.83,0.57,1.416%,"2,980,132,541"
FIZZ,National Beverage Corp. Common Stock,$31.81,0.44,1.403%,"2,977,902,757"
TMDX,"TransMedics Group, Inc. Common Stock",$85.86,3.68,4.478%,"2,977,207,950"
CBZ,"CBIZ, Inc. Common Stock",$54.60,0.06,0.11%,"2,962,807,793"
GRBK,"Green Brick Partners, Inc. Common Stock",$68.85,0.43,0.628%,"2,961,286,420"
SLNHP,"Soluna Holdings, Inc 9.0% Series A Cumulative Perpetual Preferred Stock ",$12.00,-0.65,-5.138%,"2,960,424,564"
VTMX,"Corporacion Inmobiliaria Vesta, S.A.B de C.V. American Depositary Shares, each representing ten (10) Common Shares",$33.43,-0.15,-0.447%,"2,956,838,169"
KN,Knowles Corporation Common Stock,$34.61,-2.31,-6.257%,"2,956,051,383"
KD,"Kyndryl Holdings, Inc. Common Stock",$13.57,0.42,3.194%,"2,955,793,829"
COLM,Columbia Sportswear Company Common Stock,$57.67,0.75,1.318%,"2,952,311,498"
REZI,"Resideo Technologies, Inc. Common Stock ",$19.43,0.32,1.675%,"2,950,394,555"
TALO,"Talos Energy, Inc. Common Stock",$17.66,-0.02,-0.113%,"2,948,610,165"
GRDN,"Guardian Pharmacy Services, Inc. Class A Common Stock",$46.49,2.85,6.531%,"2,944,783,713"
KC,Kingsoft Cloud Holdings Limited American Depositary Shares,$9.83,-0.13,-1.305%,"2,942,803,797"
CLBT,Cellebrite DI Ltd. Ordinary Shares,$11.67,0.44,3.918%,"2,933,150,170"
SDRL,Seadrill Limited Common Shares,$46.87,-1.03,-2.15%,"2,931,317,433"
IMAX,Imax Corporation Common Stock,$53.43,1.34,2.572%,"2,930,214,151"
TR,"Tootsie Roll Industries, Inc. Common Stock",$38.85,-0.04,-0.103%,"2,916,533,525"
BANC,"Banc of California, Inc. Common Stock",$18.46,-0.09,-0.485%,"2,915,766,765"
HG,"Hamilton Insurance Group, Ltd. Class B Common Shares",$34.97,0.12,0.344%,"2,909,879,473"
PONY,Pony AI Inc. American Depositary Shares ,$6.71,0.075,1.13%,"2,909,063,821"
BRZE,"Braze, Inc. Class A Common Stock",$25.60,1.66,6.934%,"2,907,761,331"
ABM,ABM Industries Incorporated Common Stock,$49.59,0.16,0.324%,"2,906,697,617"
INTA,"Intapp, Inc. Common Stock",$37.98,0.75,2.015%,"2,905,893,401"
PPLI,People Incorporated Common Stock,$38.97,1.46,3.892%,"2,901,859,157"
PAGS,PagSeguro Digital Ltd. Class A Common Shares,$9.93,-0.19,-1.877%,"2,886,429,650"
CSQR,"Csquare, Inc. Common Stock",$17.31,-0.11,-0.631%,"2,884,434,263"
DAC,Danaos Corporation Common Stock,$158.26,-1.07,-0.672%,"2,880,881,954"
PLUG,"Plug Power, Inc. Common Stock",$2.06,-0.04,-1.905%,"2,878,222,273"
EXK,Endeavour Silver Corporation Ordinary Shares (Canada),$9.72,-0.46,-4.519%,"2,877,788,755"
AVPT,"AvePoint, Inc. Class A Common Stock",$13.60,0.94,7.425%,"2,877,289,794"
MGEE,"MGE Energy, Inc",$76.12,-0.36,-0.471%,"2,876,118,993"
BHF,"Brighthouse Financial, Inc. Common Stock",$50.00,-0.11,-0.22%,"2,875,578,150"
HOG,"Harley-Davidson, Inc. Common Stock",$27.59,-0.28,-1.005%,"2,871,360,468"
TGB,Trekor Metals Limited Common Shares,$7.84,-0.30,-3.686%,"2,869,622,813"
CXT,"Crane NXT, Co. Common Stock",$49.81,-2.18,-4.193%,"2,867,128,552"
MBX,"MBX Biosciences, Inc. Common Stock",$59.49,0.47,0.796%,"2,865,044,111"
SPNT,SiriusPoint Ltd. Common Shares,$24.62,0.42,1.736%,"2,859,982,694"
AMBP,Ardagh Metal Packaging S.A. Ordinary Shares,$4.78,-0.06,-1.24%,"2,857,004,021"
BKD,Brookdale Senior Living Inc. Common Stock,$11.91,-0.23,-1.895%,"2,844,313,471"
NVTS,Navitas Semiconductor Corporation Common Stock,$10.89,-0.74,-6.363%,"2,843,308,084"
INFQ,"Infleqtion, Inc. Common Stock",$12.60,-0.52,-3.963%,"2,839,498,855"
RGC,Regencell Bioscience Holdings Limited Ordinary Shares,$5.74,0.10,1.773%,"2,838,366,332"
ATRC,"AtriCure, Inc. Common Stock",$55.79,1.25,2.292%,"2,837,830,542"
IHS,IHS Holding Limited Ordinary Shares,$8.44,-0.03,-0.354%,"2,831,799,114"
POWWP,Outdoor Holding Company 8.75% Series A Cumulative Redeemable Perpetual Preferred Stock,$24.38,0.03,0.123%,"2,829,565,498"
DNOW,DNOW Inc. Common Stock,$15.64,-0.01,-0.064%,"2,827,491,335"
AMBA,"Ambarella, Inc. Ordinary Shares",$63.98,-3.88,-5.718%,"2,824,139,325"
EXTR,"Extreme Networks, Inc. Common Stock",$21.63,-0.57,-2.568%,"2,822,512,824"
PPTA,Perpetua Resources Corp. Common Shares,$22.55,-1.08,-4.57%,"2,820,910,358"
GPK,Graphic Packaging Holding Company,$9.52,0.02,0.211%,"2,818,601,375"
LEU,Centrus Energy Corp. Class A Common Stock,$146.25,-6.06,-3.979%,"2,812,959,045"
MZTI,The Marzetti Company Common Stock,$102.94,-1.11,-1.067%,"2,809,335,540"
NOG,"Northern Oil and Gas, Inc. Common Stock",$26.36,-0.22,-0.828%,"2,808,635,014"
MNSO,"MINISO Group Holding Limited American Depositary Shares, each representing four Ordinary Shares",$9.07,UNCH,--,"2,806,176,769"
DXPE,"DXP Enterprises, Inc. Common Stock",$179.79,-7.30,-3.902%,"2,789,828,039"
FTAIM,FTAI Aviation Ltd. 9.500% Fixed-Rate Reset Series D Cumulative Perpetual Redeemable Preferred Shares,$27.155,-0.095,-0.349%,"2,789,011,056"
IMNM,"Immunome, Inc. Common Stock",$24.55,-0.12,-0.486%,"2,788,330,792"
TOWN,TowneBank Common Stock,$37.35,0.35,0.946%,"2,786,957,276"
LCLN,"Lincoln International, Inc. Class A Common Stock",$26.81,0.28,1.055%,"2,778,199,360"
WTTR,"Select Water Solutions, Inc. Class A common stock",$20.05,-0.59,-2.859%,"2,776,540,702"
ZLAB,Zai Lab Limited American Depositary Shares,$24.58,0.44,1.823%,"2,759,503,884"
FBK,FB Financial Corporation Common Stock,$55.16,0.40,0.73%,"2,756,794,092"
APPN,Appian Corporation Class A Common Stock,$38.31,3.55,10.213%,"2,744,053,241"
FUL,H. B. Fuller Company Common Stock,$50.97,-0.63,-1.221%,"2,741,544,339"
GPCR,Structure Therapeutics Inc. American Depositary Shares,$38.44,-0.22,-0.569%,"2,741,150,903"
CHRN,ChronoScale Holdings Corporation Common Stock,$18.81,-0.19,-1.00%,"2,739,440,472"
UNFI,"United Natural Foods, Inc. Common Stock",$45.23,0.78,1.755%,"2,737,280,702"
TRMK,Trustmark Corporation Common Stock,$47.13,0.15,0.319%,"2,736,866,294"
GRND,Grindr Inc. Common Stock,$15.73,0.45,2.945%,"2,734,198,463"
BELFA,Bel Fuse Inc. Class A Common Stock,$189.34,-19.38,-9.285%,"2,733,965,463"
TDC,Teradata Corporation Common Stock,$29.37,1.53,5.496%,"2,731,410,000"
HAYW,"Hayward Holdings, Inc. Common Stock",$12.87,-0.24,-1.831%,"2,729,979,020"
CALY,Callaway Golf Company Common Stock,$15.26,-0.20,-1.294%,"2,724,070,550"
AEHR,Aehr Test Systems Common Stock,$83.37,-11.32,-11.955%,"2,722,826,350"
AKR,Acadia Realty Trust Common Stock,$19.82,0.05,0.253%,"2,721,934,550"
ADEA,Adeia Inc. Common Stock,$24.66,-2.05,-7.675%,"2,719,508,499"
ALRM,"Alarm.com Holdings, Inc. Common Stock",$55.39,0.03,0.054%,"2,719,107,729"
AAP,Advance Auto Parts Inc.,$45.01,0.33,0.739%,"2,718,604,000"
SHAK,"Shake Shack, Inc. Class A Common Stock",$63.51,-0.14,-0.22%,"2,718,160,552"
NTCT,"NetScout Systems, Inc. Common Stock",$37.37,-0.68,-1.787%,"2,717,072,249"
POWI,"Power Integrations, Inc. Common Stock",$48.51,-3.77,-7.211%,"2,710,413,686"
OPEN,Opendoor Technologies Inc Common Stock,$2.79,UNCH,--,"2,709,344,030"
CDNA,"CareDx, Inc. Common Stock",$52.37,2.11,4.198%,"2,709,321,259"
NBTB,NBT Bancorp Inc. Common Stock,$52.14,0.41,0.793%,"2,709,197,581"
CLOV,"Clover Health Investments, Corp. Class A Common Stock",$5.10,0.28,5.809%,"2,708,896,941"
ASST,"Strive, Inc. Class A Common Stock",$29.03,1.41,5.105%,"2,707,412,407"
PHVS,Pharvaris N.V. Ordinary Shares,$38.86,0.84,2.209%,"2,707,238,364"
CSAN,Cosan S.A. ADS,$2.73,-0.12,-4.211%,"2,707,184,661"
EFXT,Enerflex Ltd Common Shares,$22.16,-0.76,-3.316%,"2,705,799,887"
WOR,"Worthington Enterprises, Inc. Common Shares",$55.25,-1.68,-2.951%,"2,703,204,816"
MGRC,McGrath RentCorp Common Stock,$110.63,0.23,0.208%,"2,702,211,098"
MAN,ManpowerGroup Common Stock,$58.02,1.56,2.763%,"2,698,253,171"
NMFCZ,New Mountain Finance Corporation 8.250% Notes due 2028,$25.34,0.16,0.635%,"2,695,186,752"
NMM,Navios Maritime Partners LP Common Units Representing Limited Partner Interests,$92.19,-0.16,-0.173%,"2,689,026,222"
ALHC,"Alignment Healthcare, Inc. Common Stock",$12.94,0.33,2.617%,"2,684,210,828"
HSAI,Hesai Group American Depositary Share,$17.06,-0.25,-1.444%,"2,680,846,120"
WGS,GeneDx Holdings Corp. Class A Common Stock,$89.74,4.475,5.248%,"2,676,274,829"
FBNC,First Bancorp Common Stock,$64.61,0.31,0.482%,"2,673,188,419"
NAMS,NewAmsterdam Pharma Company N.V. Ordinary Shares,$22.36,-0.44,-1.93%,"2,672,851,099"
VC,Visteon Corporation Common Stock,$100.01,-0.92,-0.912%,"2,669,809,854"
PRVA,"Privia Health Group, Inc. Common Stock",$20.88,0.46,2.253%,"2,667,090,242"
CUBI,"Customers Bancorp, Inc Common Stock",$78.91,0.03,0.038%,"2,665,879,579"
EEFT,"Euronet Worldwide, Inc. Common Stock",$71.26,-0.92,-1.275%,"2,665,380,180"
NVA,Nova Minerals Corp Common Stock,$5.90,-0.24,-3.909%,"2,661,066,398"
GDV,Gabelli Dividend & Income Trust Common Shares of Beneficial Interest,$29.40,-0.15,-0.508%,"2,651,541,635"
NRIX,"Nurix Therapeutics, Inc. Common stock",$25.52,0.42,1.673%,"2,648,508,550"
IRON,"Disc Medicine, Inc. Common Stock",$68.92,-1.14,-1.627%,"2,646,034,808"
KWR,Quaker Houghton Common Stock,$153.69,-2.53,-1.62%,"2,644,651,720"
BANR,Banner Corporation Common Stock,$71.94,0.64,0.898%,"2,635,843,616"
ZIONP,"Zions Bancorporation, N.A. Depositary Shares (Each representing 1/40th Interest in a Share of Series A Floating-Rate Non-Cumulative Perpetual Preferred Stock)",$18.05,-0.1001,-0.552%,"2,634,458,058"
BBT,Beacon Financial Corporation Common stock,$31.36,0.02,0.064%,"2,628,472,457"
BCC,"Boise Cascade, L.L.C. Common Stock",$75.25,-0.19,-0.252%,"2,625,574,163"
TTAM,Titan America SA Common Shares,$14.23,-0.37,-2.534%,"2,623,477,877"
NN,NextNav Inc. Common Stock,$15.54,0.36,2.372%,"2,623,306,001"
RDW,Redwire Corporation Common Stock,$10.49,-0.13,-1.224%,"2,622,422,468"
FCPT,"Four Corners Property Trust, Inc. Common Stock",$23.88,-0.09,-0.375%,"2,620,982,975"
DNN,Denison Mines Corp Ordinary Shares (Canada),$2.89,-0.13,-4.305%,"2,616,074,607"
HTO,H2O America Common Stock,$62.38,-0.28,-0.447%,"2,611,027,434"
FRME,First Merchants Corporation Common Stock,$41.51,0.40,0.973%,"2,606,887,069"
BKV,BKV Corporation Common Stock,$23.82,-0.41,-1.692%,"2,606,809,111"
ACHC,"Acadia Healthcare Company, Inc. Common Stock",$28.00,-0.36,-1.269%,"2,606,807,700"
NEOG,Neogen Corporation Common Stock,$11.95,0.17,1.443%,"2,606,366,760"
CHTRP,"Charter Communications, Inc. Series A Cumulative Redeemable Preferred Stock",$22.7427,-0.1173,-0.513%,"2,605,801,527"
UE,Urban Edge Properties Common Shares of Beneficial Interest,$20.58,0.01,0.049%,"2,598,111,110"
BHE,"Benchmark Electronics, Inc. Common Stock",$72.25,-5.55,-7.134%,"2,595,215,159"
SKWD,"Skyward Specialty Insurance Group, Inc. Common Stock",$58.35,1.61,2.838%,"2,590,535,367"
ARR,"ARMOUR Residential REIT, Inc.",$15.50,-0.30,-1.899%,"2,590,009,669"
AEO,"American Eagle Outfitters, Inc. Common Stock",$15.43,0.41,2.73%,"2,585,656,528"
MFAO,"MFA Financial, Inc. 9.000% Senior Notes due 2029",$25.17,UNCH,--,"2,584,171,229"
MFAN,"MFA Financial, Inc. 8.875% Senior Notes due 2029",$25.14,0.01,0.04%,"2,581,091,168"
WDFC,WD-40 Company Common Stock,$191.75,-3.07,-1.576%,"2,573,495,158"
NMRK,"Newmark Group, Inc. Class A Common Stock",$14.20,-0.22,-1.526%,"2,573,446,503"
AXGN,"Axogen, Inc. Common Stock",$43.78,1.62,3.843%,"2,568,638,839"
GCMG,GCM Grosvenor Inc. Class A Common Stock,$12.64,-0.20,-1.558%,"2,563,292,144"
MLYS,"Mineralys Therapeutics, Inc. Common Stock",$28.95,0.75,2.66%,"2,559,379,321"
BGSI,Boyd Group Services Inc. Common Shares,$91.40,1.00,1.106%,"2,544,250,159"
RH,RH Common Stock,$134.17,0.10,0.075%,"2,540,261,943"
UPST,"Upstart Holdings, Inc. Common stock",$26.10,0.51,1.993%,"2,539,870,501"
BVC,BitVentures Limited Ordinary Shares,$15.10,-0.98,-6.095%,"2,536,800,000"
MH,"McGraw Hill, Inc. Common Stock",$13.24,0.92,7.468%,"2,532,928,697"
DGII,Digi International Inc. Common Stock,$66.65,-2.38,-3.448%,"2,529,242,398"
SVM,Silvercorp Metals Inc. Common Shares,$11.44,-0.47,-3.946%,"2,527,220,822"
BUSE,First Busey Corporation Class A Common Stock,$30.53,0.09,0.296%,"2,521,074,467"
DRH,Diamondrock Hospitality Company Common Stock,$12.32,0.12,0.984%,"2,520,741,990"
HWKN,"Hawkins, Inc. Common Stock",$120.67,-3.40,-2.74%,"2,519,000,368"
VRDN,"Viridian Therapeutics, Inc. Common Stock",$22.20,0.96,4.52%,"2,515,088,372"
CENT,Central Garden & Pet Company Common Stock,$40.12,-0.07,-0.174%,"2,511,215,032"
LIFE,Ethos Technologies Inc. Class A Common Stock,$39.36,-0.89,-2.211%,"2,509,572,109"
AMR,"Alpha Metallurgical Resources, Inc. Common Stock",$197.85,-11.56,-5.52%,"2,508,549,053"
ATHM,"Autohome Inc. American Depositary Shares, each representing four class A ordinary shares.",$21.71,0.03,0.138%,"2,500,360,478"
VECO,Veeco Instruments Inc. Common Stock,$40.90,-3.93,-8.766%,"2,500,202,276"
SYBT,"Stock Yards Bancorp, Inc. Common Stock",$80.46,0.72,0.903%,"2,499,622,096"
BEAM,Beam Therapeutics Inc. Common Stock,$24.12,0.13,0.542%,"2,491,298,480"
RNW,ReNew Energy Global plc Class A Ordinary Shares,$6.83,UNCH,--,"2,488,870,359"
HURN,Huron Consulting Group Inc. Common Stock,$156.43,6.50,4.335%,"2,488,812,563"
WAFD,"WaFd, Inc. Common Stock",$33.61,-0.27,-0.797%,"2,486,979,949"
DCO,Ducommun Incorporated Common Stock,$164.50,-8.23,-4.765%,"2,483,913,646"
IVT,InvenTrust Properties Corp. Common Stock,$31.73,-0.13,-0.408%,"2,474,255,616"
EROC,"ERock, Inc. Class A Common Stock",$11.26,-1.44,-11.339%,"2,470,444,901"
INTR,Inter & Co. Inc. Class A Common Shares,$5.58,-0.13,-2.277%,"2,462,574,880"
DJT,Trump Media & Technology Group Corp. Common Stock,$8.85,0.19,2.194%,"2,459,780,275"
NWL,Newell Brands Inc. Common Stock,$5.77,-0.08,-1.368%,"2,457,443,000"
WLY,"John Wiley & Sons, Inc. Common Stock",$48.43,1.40,2.977%,"2,454,622,730"
VERA,"Vera Therapeutics, Inc. Class A Common Stock",$34.05,-1.00,-2.853%,"2,453,756,557"
PGEN,"Precigen, Inc. Common Stock",$6.85,UNCH,--,"2,452,541,442"
RVMDW,"Revolution Medicines, Inc. Warrant",$11.435,0.145,1.284%,"2,450,936,940"
STNE,StoneCo Ltd. Class A Common Shares,$9.93,-0.17,-1.683%,"2,449,876,643"
AGM,Federal Agricultural Mortgage Corporation Common Stock,$225.21,-0.30,-0.133%,"2,444,251,424"
MBIN,Merchants Bancorp Common Stock,$53.14,-0.01,-0.019%,"2,441,149,306"
SIND,Sinda Ltd. Common Stock,$15.37,0.16,1.052%,"2,440,615,902"
XNDU,Xanadu Quantum Technologies Limited Class B Subordinate Voting Shares,$8.02,-0.60,-6.961%,"2,439,876,672"
KALU,Kaiser Aluminum Corporation Common Stock,$149.06,-8.14,-5.178%,"2,436,995,654"
ANDE,"Andersons, Inc. (The) Common Stock",$71.68,0.71,1.00%,"2,435,368,858"
BRVE,"Braveheart Bio, Inc. Common Stock",$27.02,0.38,1.426%,"2,432,852,942"
WLYB,"John Wiley & Sons, Inc. Common Stock",$48.00,UNCH,--,"2,432,828,640"
CDLR,Cadeler A/S American Depositary Share (each representing four (4) Ordinary Shares),$25.16,-0.68,-2.632%,"2,427,709,459"
PLUS,ePlus inc. Common Stock,$92.865,1.035,1.127%,"2,422,886,668"
WSBCO,"WesBanco, Inc. Depositary Shares each representing 1/40th interest in a share of 7.375% Fixed-Rate Reset Non-Cumulative Perpetual Preferred Stock, Series B",$25.25,-0.12,-0.473%,"2,421,623,697"
PAYO,Payoneer Global Inc. Common Stock,$7.14,0.02,0.281%,"2,419,394,969"
HRMY,"Harmony Biosciences Holdings, Inc. Common Stock",$41.54,0.02,0.048%,"2,419,139,765"
PENN,"PENN Entertainment, Inc. Common Stock",$18.00,0.18,1.01%,"2,413,198,638"
OUST,"Ouster, Inc. Common Stock",$33.46,-1.87,-5.293%,"2,412,878,662"
SAH,"Sonic Automotive, Inc. Common Stock",$76.29,0.39,0.514%,"2,411,893,245"
SUPN,"Supernus Pharmaceuticals, Inc. Common Stock",$41.49,-0.15,-0.36%,"2,411,689,769"
ETOR,eToro Group Ltd. Class A Common Shares,$29.91,-0.44,-1.45%,"2,409,140,820"
NTB,Bank of N.T. Butterfield & Son Limited (The) Voting Ordinary Shares,$59.93,-0.31,-0.515%,"2,397,200,000"
COTY,Coty Inc. Class A Common Stock,$2.72,0.02,0.741%,"2,395,467,182"
SSMR,Sunshine Silver Mining & Refining Company Common Stock,$16.62,-0.30,-1.773%,"2,388,736,142"
PENG,"Penguin Solutions, Inc. Common Stock",$46.59,-4.57,-8.933%,"2,387,397,346"
CHA,Chagee Holdings Limited American Depositary Shares,$12.51,0.27,2.206%,"2,386,449,208"
HCM,HUTCHMED (China) Limited American Depositary Shares,$13.66,0.84,6.552%,"2,383,199,058"
BGR,BlackRock Energy and Resources Trust,$17.54,-0.09,-0.51%,"2,378,181,843"
PBI,Pitney Bowes Inc. Common Stock,$17.33,0.27,1.583%,"2,375,773,374"
FIVN,"Five9, Inc. Common Stock",$31.75,1.09,3.555%,"2,372,472,109"
HIMX,"Himax Technologies, Inc. American Depositary Shares",$13.60,-1.13,-7.671%,"2,372,192,430"
LPG,Dorian LPG Ltd. Common Stock,$55.38,0.20,0.362%,"2,369,304,874"
SLS,"SELLAS Life Sciences Group, Inc. Common Stock",$11.725,0.18,1.559%,"2,367,813,438"
COHU,"Cohu, Inc. Common Stock",$49.97,-7.11,-12.456%,"2,365,501,497"
NEO,"NeoGenomics, Inc. Common Stock",$18.41,1.09,6.293%,"2,365,232,850"
UNIT,Uniti Group Inc. Common Stock,$9.72,-0.35,-3.476%,"2,359,288,312"
ROG,Rogers Corporation Common Stock,$132.00,-4.68,-3.424%,"2,358,620,220"
OCUL,"Ocular Therapeutix, Inc. Common Stock",$10.72,0.23,2.193%,"2,354,282,105"
NGVT,Ingevity Corporation Common Stock ,$68.25,-1.16,-1.671%,"2,346,293,177"
NCNO,"nCino, Inc. Common Stock",$22.18,0.93,4.376%,"2,345,228,339"
MFICL,MidCap Financial Investment Corporation 8.00% Notes due 2028,$25.13,0.06,0.239%,"2,344,720,021"
PURR,Hyperliquid Strategies Inc Common Stock,$11.85,0.24,2.067%,"2,344,375,524"
PATK,"Patrick Industries, Inc. Common Stock",$72.98,-0.42,-0.572%,"2,343,990,907"
NKTR,Nektar Therapeutics  Common Stock,$68.50,-1.26,-1.806%,"2,338,795,089"
STUB,"StubHub Holdings, Inc. Class A Common Stock",$6.09,0.06,0.995%,"2,326,927,893"
FIGS,"FIGS, Inc. Class A Common Stock",$13.98,0.63,4.719%,"2,322,640,583"
EFSC,Enterprise Financial Services Corporation Common Stock,$64.14,0.01,0.016%,"2,321,388,233"
HCI,"HCI Group, Inc. Common Stock",$186.52,0.79,0.425%,"2,320,097,473"
ADAMI,"Adamas Trust, Inc. 9.125% Senior Notes Due 2029",$25.43,0.045,0.177%,"2,303,435,388"
ADAMM,"Adamas Trust, Inc. 7.875% Series E Fixed-to-Floating Rate Cumulative Redeemable Preferred Stock",$25.625,0.025,0.098%,"2,303,169,516"
PHIN,PHINIA Inc. Common Stock,$62.81,-3.43,-5.178%,"2,301,238,307"
LTC,"LTC Properties, Inc. Common Stock",$42.64,0.37,0.875%,"2,298,533,206"
RAMP,"LiveRamp Holdings, Inc. Common Stock",$37.65,0.05,0.133%,"2,288,931,072"
VVX,"V2X, Inc. Common Stock",$72.96,0.74,1.025%,"2,286,957,320"
NWBI,"Northwest Bancshares, Inc. Common Stock",$15.55,0.06,0.387%,"2,277,439,347"
IOSP,Innospec Inc. Common Stock,$91.96,-1.27,-1.362%,"2,265,071,082"
TRVI,"Trevi Therapeutics, Inc. Common Stock",$15.89,-0.01,-0.063%,"2,263,941,113"
NOVTU,Novanta Inc. Tangible Equity Units,$59.86,-1.78,-2.888%,"2,263,771,712"
AERO,"Grupo Aeromexico, S.A.B. de C.V. American Depositary Shares (each representing ten (10) Common Shares)",$15.48,0.47,3.131%,"2,258,584,771"
PBH,Prestige Consumer Healthcare Inc. Common Stock,$47.62,0.67,1.427%,"2,255,974,738"
WERN,"Werner Enterprises, Inc. Common Stock",$37.58,0.30,0.805%,"2,253,941,522"
PMTU,PennyMac Mortgage Investment Trust 8.50% Senior Notes due 2028,$25.82,-0.0986,-0.38%,"2,251,564,987"
ADAML,"Adamas Trust, Inc. 6.875% Series F Fixed-to-Floating Rate Cumulative Redeemable Preferred Stock, $0.01 par value per share",$24.98,0.14,0.564%,"2,245,197,054"
KMT,Kennametal Inc. Common Stock,$29.42,-0.02,-0.068%,"2,242,363,627"
OSW,OneSpaWorld Holdings Limited Common Shares,$22.06,0.32,1.472%,"2,239,061,587"
TRLV,Trulieve Cannabis Corp. Subordinate Voting Shares,$11.62,0.31,2.741%,"2,237,608,809"
TRN,"Trinity Industries, Inc. Common Stock",$28.08,-0.42,-1.474%,"2,237,119,167"
OFG,OFG Bancorp Common Stock,$52.90,0.24,0.456%,"2,235,844,633"
AMC,"AMC Entertainment Holdings, Inc. Class A Common Stock",$2.50,0.04,1.626%,"2,231,511,595"
HTH,Hilltop Holdings Inc.,$38.85,0.17,0.44%,"2,225,577,300"
BXMT,"Blackstone Mortgage Trust, Inc. Common Stock",$13.17,-0.18,-1.348%,"2,219,719,093"
LASR,"nLIGHT, Inc. Common Stock",$38.45,-1.92,-4.756%,"2,218,188,075"
WHR,Whirlpool Corporation Common Stock,$34.00,-1.21,-3.437%,"2,216,778,852"
HLIO,"Helios Technologies, Inc. Common Stock",$67.25,-3.41,-4.826%,"2,215,926,303"
BHC,Bausch Health Companies Inc. Common Stock,$5.92,0.06,1.024%,"2,214,024,121"
DRD,DRDGOLD Limited American Depositary Shares,$25.59,-1.22,-4.551%,"2,212,482,509"
ASAN,"Asana, Inc. Class A Common Stock",$9.66,0.89,10.148%,"2,211,851,330"
SRPT,"Sarepta Therapeutics, Inc. Common Stock (DE)",$20.92,0.47,2.298%,"2,209,717,279"
DBD,Diebold Nixdorf Incorporated Common stock,$65.00,-0.62,-0.945%,"2,206,528,220"
ADAMN,"Adamas Trust, Inc. 8.00% Series D Fixed-to-Floating Rate Cumulative Redeemable Preferred Stock",$24.53,0.16,0.657%,"2,204,751,151"
FLYW,Flywire Corporation Voting Common Stock,$18.10,0.23,1.287%,"2,202,184,899"
MCRI,"Monarch Casino & Resort, Inc. Common Stock",$122.78,0.89,0.73%,"2,200,527,128"
CC,Chemours Company (The) Common Stock,$14.58,-0.45,-2.994%,"2,194,275,347"
LCII,LCI Industries,$90.19,-0.83,-0.912%,"2,192,654,816"
WU,Western Union Company (The) Common Stock,$7.03,0.10,1.443%,"2,192,509,236"
ADUS,Addus HomeCare Corporation Common Stock,$117.33,0.24,0.205%,"2,191,055,619"
CALX,"Calix, Inc Common Stock",$34.75,-0.49,-1.39%,"2,187,998,618"
MD,"Pediatrix Medical Group, Inc. Common Stock",$26.91,0.14,0.523%,"2,186,525,523"
PVLA,"Palvella Therapeutics, Inc. Common Stock",$151.69,1.56,1.039%,"2,185,611,258"
AUPH,Aurinia Pharmaceuticals Inc Ordinary Shares,$16.41,0.31,1.925%,"2,183,369,667"
VIA,"Via Transportation, Inc. Class A Common Stock",$26.77,1.01,3.921%,"2,181,905,260"
PRCH,"Porch Group, Inc. Common Stock",$16.52,0.07,0.426%,"2,177,865,367"
SEDG,"SolarEdge Technologies, Inc. Common Stock",$35.33,0.65,1.874%,"2,173,704,677"
PTON,"Peloton Interactive, Inc. Class A Common Stock",$4.94,-0.01,-0.202%,"2,168,026,697"
CENTA,Central Garden & Pet Company Class A Common Stock Nonvoting,$34.61,-0.12,-0.346%,"2,166,329,817"
CNXN,"PC Connection, Inc. Common Stock",$85.75,-0.01,-0.012%,"2,164,166,989"
UAA,"Under Armour, Inc. Class A Common Stock",$5.03,-0.08,-1.566%,"2,160,614,071"
FCF,First Commonwealth Financial Corporation Common Stock,$21.38,0.07,0.328%,"2,160,575,677"
NGL,NGL ENERGY PARTNERS LP Common Units representing Limited Partner Interests,$17.29,-0.29,-1.65%,"2,158,039,057"
HUBG,"Hub Group, Inc. Class A Common Stock",$35.26,-0.78,-2.164%,"2,156,272,763"
PLGO,Pelagos Insurance Capital Limited Common Shares,$24.92,-0.28,-1.111%,"2,155,085,213"
UFPT,"UFP Technologies, Inc. Common Stock",$277.99,0.10,0.036%,"2,153,252,162"
STGW,Stagwell Inc. Class A Common Stock,$8.80,0.20,2.326%,"2,151,383,969"
RGTIW,"Rigetti Computing, Inc. Warrants",$6.44,0.01,0.156%,"2,149,470,731"
INSP,"Inspire Medical Systems, Inc. Common Stock",$74.32,1.32,1.808%,"2,148,619,070"
ALGT,Allegiant Travel Company Common Stock,$78.50,0.23,0.294%,"2,146,013,768"
ESTA,Establishment Labs Holdings Inc. Common Shares,$71.92,0.98,1.381%,"2,143,352,001"
BUSEP,"First Busey Corporation Depositary Shares, Each Representing a 1/40thInterest in a Share of 8.25% Fixed-Rate Series B Non-Cumulative Perpetual Preferred Stock, $0.001 par value",$25.95,UNCH,--,"2,142,872,008"
RLX,"RLX Technology Inc. American Depositary Shares, each representing the right to receive one (1) Class A ordinary share",$1.75,-0.02,-1.13%,"2,138,945,487"
MPT,"Medical Properties Trust, Inc. common stock",$3.58,-0.06,-1.648%,"2,137,976,000"
PGNY,"Progyny, Inc. Common Stock",$27.85,0.50,1.828%,"2,136,841,324"
UWMC,UWM Holdings Corporation Class A Common Stock,$1.33,-0.02,-1.481%,"2,136,665,821"
KEEL,Keel Infrastructure Corp. Common Stock,$3.45,-0.12,-3.361%,"2,130,627,581"
GSHD,"Goosehead Insurance, Inc. Class A Common Stock",$59.91,2.73,4.774%,"2,127,757,869"
ALKT,"Alkami Technology, Inc. Common Stock",$19.88,-0.63,-3.072%,"2,126,006,562"
CCU,"Compania Cervecerias Unidas, S.A. Common Stock",$11.50,-0.14,-1.203%,"2,124,641,514"
VERX,"Vertex, Inc. Class A Common Stock",$13.09,0.83,6.77%,"2,123,433,358"
CEPU,Central Puerto S.A. American Depositary Shares (each represents ten Common Shares),$14.00,-0.13,-0.92%,"2,119,278,308"
ECPG,Encore Capital Group Inc Common Stock,$99.74,1.18,1.197%,"2,115,422,165"
MTX,Minerals Technologies Inc. Common Stock,$67.83,-0.98,-1.424%,"2,111,463,926"
RAPP,"Rapport Therapeutics, Inc. Common Stock",$44.00,0.38,0.871%,"2,111,044,584"
BOBS,"Bob's Discount Furniture, Inc. Common Stock",$16.15,0.30,1.893%,"2,110,596,277"
UA,"Under Armour, Inc. Class C Common Stock",$4.91,-0.08,-1.603%,"2,109,068,606"
SRCE,1st Source Corporation Common Stock,$87.37,0.21,0.241%,"2,104,029,138"
BCRX,"BioCryst Pharmaceuticals, Inc. Common Stock",$8.23,0.11,1.355%,"2,103,053,914"
DV,"DoubleVerify Holdings, Inc. Common Stock",$13.52,0.11,0.82%,"2,095,422,171"
GNL,"Global Net Lease, Inc. Common Stock",$9.02,-0.03,-0.331%,"2,086,487,070"
NUVB,Nuvation Bio Inc. Class A Common Stock,$5.94,-0.13,-2.142%,"2,085,672,004"
MNR,Mach Natural Resources LP Common Units representing Limited Partner Interests,$12.49,-0.08,-0.636%,"2,085,181,694"
URGN,UroGen Pharma Ltd. Ordinary Shares,$42.64,0.33,0.78%,"2,084,267,249"
KOD,Kodiak Sciences Inc Common Stock,$33.14,0.25,0.76%,"2,082,831,005"
ZBIO,"Zenas BioPharma, Inc. Common Stock",$31.91,0.79,2.539%,"2,079,789,231"
KARO,Karooooo Ltd. Ordinary Shares,$67.23,2.45,3.782%,"2,076,956,559"
BKE,"Buckle, Inc. (The) Common Stock",$40.27,-0.43,-1.057%,"2,074,405,717"
BLKB,"Blackbaud, Inc. Common Stock",$45.67,0.19,0.418%,"2,072,965,730"
EMAT,Evolution Metals & Technologies Corp. Common Stock,$3.33,0.25,8.117%,"2,070,596,151"
XRAY,DENTSPLY SIRONA Inc. Common Stock,$10.38,-0.08,-0.765%,"2,069,293,233"
PRDO,Perdoceo Education Corporation Common Stock,$33.06,0.04,0.121%,"2,068,797,438"
TIC,"TIC Solutions, Inc. Common Stock",$9.43,-0.13,-1.36%,"2,057,817,957"
DRVN,Driven Brands Holdings Inc. Common Stock,$12.47,0.32,2.634%,"2,057,298,306"
GENB,"Generate Biomedicines, Inc. Common Stock",$16.00,0.28,1.781%,"2,053,638,976"
BLX,"Bladex, Inc. Class E Common Stock",$54.58,-0.71,-1.284%,"2,052,148,999"
VOYG,"Voyager Technologies, Inc. Class A Common Stock",$33.10,-0.68,-2.013%,"2,051,132,790"
ALG,"Alamo Group, Inc. Common Stock",$168.46,-0.62,-0.367%,"2,050,320,764"
CMPR,Cimpress plc Ordinary Shares (Ireland),$84.15,-0.62,-0.731%,"2,049,008,405"
TBBK,The Bancorp Inc Common Stock,$50.23,-0.40,-0.79%,"2,048,721,416"
UTZ,Utz Brands Inc Class A Common Stock ,$14.23,-0.05,-0.35%,"2,048,582,291"
ADMA,ADMA Biologics Inc Common Stock,$9.14,-0.09,-0.975%,"2,047,219,975"
STC,Stewart Information Services Corporation Common Stock,$67.02,0.78,1.178%,"2,045,597,777"
BTX,BlackRock Technology and Private Equity Term Trust Common Shares of Beneficial Interest,$8.67,-0.20,-2.255%,"2,044,352,829"
NWN,Northwest Natural Holding Company Common Stock,$48.56,0.12,0.248%,"2,044,062,205"
SHO,"Sunstone Hotel Investors, Inc. Sunstone Hotel Investors, Inc. Common Shares",$10.99,0.01,0.091%,"2,043,523,912"
CHCO,City Holding Company Common Stock,$145.04,1.08,0.75%,"2,037,110,006"
VET,Vermilion Energy Inc. Common (Canada),$13.29,0.06,0.454%,"2,036,028,000"
INVX,"Innovex International, Inc. Common Stock",$29.08,-1.05,-3.485%,"2,033,733,849"
VCEL,Vericel Corporation Common Stock,$39.60,1.26,3.286%,"2,027,781,914"
PLBL,Polibeli Group Ltd Class A Ordinary Shares,$5.53,-0.14,-2.469%,"2,026,122,709"
PEB,Pebblebrook Hotel Trust Common Shares of Beneficial Interest,$17.95,0.11,0.617%,"2,025,526,752"
CIMN,Chimera Investment Corporation 9.000% Senior Notes due 2029,$25.07,-0.03,-0.12%,"2,018,904,549"
HMN,Horace Mann Educators Corporation Common Stock,$49.78,1.01,2.071%,"2,016,142,468"
CMPS,COMPASS Pathways Plc American Depository Shares,$14.54,0.19,1.324%,"2,013,452,992"
KYN,"Kayne Anderson Energy Infrastructure Fund, Inc.",$14.77,-0.07,-0.472%,"2,010,662,698"
AADX,"Applied Aerospace & Defense, Inc. Common Stock",$11.65,-0.55,-4.508%,"2,008,384,485"
RUN,Sunrun Inc. Common Stock,$8.33,-0.23,-2.687%,"2,006,255,360"
CTOS,"Custom Truck One Source, Inc. Common Stock",$8.81,-0.30,-3.293%,"2,004,323,763"
LIME,"Neutron Holdings, Inc. Common Stock",$30.73,-0.99,-3.121%,"1,996,964,159"
TILE,"Interface, Inc. Common Stock",$34.43,0.30,0.879%,"1,990,069,838"
SBET,"Sharplink, Inc. Common Stock",$9.15,0.27,3.041%,"1,987,595,977"
EZPW,"EZCORP, Inc. Class A Non Voting Common Stock",$32.30,-0.17,-0.524%,"1,984,621,077"
GTY,Getty Realty Corporation Common Stock,$32.04,-0.23,-0.713%,"1,984,323,676"
AGIO,"Agios Pharmaceuticals, Inc. Common Stock",$33.22,-0.38,-1.131%,"1,983,296,520"
NTST,NetSTREIT Corp. Common Stock,$19.52,-0.12,-0.611%,"1,981,826,521"
SFB,Stifel Financial Corporation 5.20% Senior Notes due 2047,$19.3825,0.2075,1.082%,"1,980,376,042"
BLBD,Blue Bird Corporation Common Stock,$62.41,0.57,0.922%,"1,976,901,594"
CTRI,"Centuri Holdings, Inc. Common Stock",$19.57,-0.59,-2.927%,"1,975,846,947"
BFLY,"Butterfly Network, Inc. Class A Common Stock",$7.41,0.08,1.091%,"1,973,173,206"
NEXT,NextDecade Corporation Common Stock,$7.41,-0.23,-3.01%,"1,972,434,059"
BRSL,"Brightstar Lottery PLC Trading under the Legal Name to begin at the market open on July 21, 2025. Ordinary Shares",$10.69,-0.11,-1.019%,"1,972,305,000"
ALVO,Alvotech Ordinary Shares,$5.05,-0.24,-4.537%,"1,971,678,974"
ZD,"Ziff Davis, Inc. Common Stock",$57.35,1.13,2.01%,"1,966,371,379"
SPB,"Spectrum Brands Holdings, Inc. Common Stock",$85.45,-0.77,-0.893%,"1,964,973,678"
BXDC,Blackstone Digital Infrastructure Trust Inc. Common Stock,$19.52,-0.38,-1.91%,"1,964,686,146"
ASTH,Astrana Health Inc. Common Stock,$39.60,1.62,4.265%,"1,964,332,894"
UMBFO,"UMB Financial Corporation Depositary Shares Each Representing a 1/400th Interest in a Share of 7.750% Fixed-Rate Reset Non-Cumulative Perpetual Preferred Stock, Series B",$25.85,-0.01,-0.039%,"1,963,308,276"
MESO,Mesoblast Limited American Depositary Shares,$15.02,-0.46,-2.972%,"1,953,873,861"
XPRO,Expro Ltd Ordinary Shares,$17.20,-0.38,-2.162%,"1,950,398,868"
PLPC,Preformed Line Products Company Common Stock,$398.24,-25.30,-5.973%,"1,946,876,286"
KSS,Kohl's Corporation Common Stock,$17.17,-0.06,-0.348%,"1,946,673,561"
NSP,"Insperity, Inc. Common Stock",$50.96,1.27,2.556%,"1,946,430,959"
ALMR,"Alamar Biosciences, Inc. Common Stock",$27.99,0.10,0.359%,"1,942,303,520"
DXC,DXC Technology Company Common Stock ,$12.12,0.73,6.409%,"1,936,517,711"
HAPN,"Happen, Inc. Common Stock",$16.71,-0.09,-0.536%,"1,928,458,723"
ICHR,Ichor Holdings Ordinary Shares,$51.38,-5.97,-10.41%,"1,924,398,286"
OLN,Olin Corporation Common Stock,$16.88,-0.32,-1.86%,"1,924,024,431"
STDN,"Standard Nuclear, Inc. Class A Common Stock",$12.29,0.24,1.992%,"1,924,008,779"
HYMC,Hycroft Mining Holding Corporation Class A Common Stock,$20.55,-0.63,-2.975%,"1,914,883,545"
SNDA,"Sonida Senior Living, Inc. Common Stock",$39.83,0.31,0.784%,"1,913,751,442"
GHRS,GH Research PLC Ordinary Shares,$27.89,0.69,2.537%,"1,912,059,583"
STOK,"Stoke Therapeutics, Inc. Common Stock",$29.60,0.57,1.963%,"1,909,976,763"
BHVN,Biohaven Ltd. Common Shares ,$12.64,-0.07,-0.551%,"1,909,193,392"
WRD,WeRide Inc. American Depositary Shares,$5.69,-0.06,-1.043%,"1,907,609,343"
ZYME,Zymeworks Inc. Common Stock,$26.85,0.61,2.325%,"1,905,255,621"
FORTY,Formula Systems (1985) Ltd. American Depositary Shares,$124.00,1.39,1.134%,"1,899,390,708"
INOD,Innodata Inc. Common Stock,$55.24,2.03,3.815%,"1,899,297,641"
CDZIP,"Cadiz, Inc. Depositary Shares",$22.40,0.205,0.924%,"1,896,766,480"
ABXL,"Abacus Global Management, Inc. 9.875% Fixed Rate Senior Notes due 2028",$25.40,-0.02,-0.079%,"1,896,144,214"
RBCAA,"Republic Bancorp, Inc. Class A Common Stock",$96.51,0.24,0.249%,"1,894,891,913"
RVT,"Royce Small-Cap Trust, Inc. Common Stock",$17.55,-0.23,-1.294%,"1,894,640,348"
PRGO,Perrigo Company plc Ordinary Shares,$13.65,-0.01,-0.073%,"1,894,200,194"
MLCO,Melco Resorts & Entertainment Limited American Depositary Shares,$4.81,-0.24,-4.752%,"1,892,567,622"
COAG,"Hemab Therapeutics Holdings, Inc. Common Stock",$40.47,1.07,2.716%,"1,890,439,375"
NVCR,NovoCure Limited Ordinary Shares,$16.22,0.71,4.578%,"1,888,751,525"
GRC,Gorman-Rupp Company (The) Common Stock,$71.50,-2.97,-3.988%,"1,888,332,375"
GEL,"Genesis Energy, L.P. Common Units",$15.43,-0.16,-1.026%,"1,885,149,773"
ATS,ATS Corporation Common Shares,$19.43,0.23,1.198%,"1,884,855,356"
GCT,GigaCloud Technology Inc Class A Ordinary Shares,$52.74,0.87,1.677%,"1,883,357,899"
TY,Tri Continental Corporation Common Stock,$34.58,-0.34,-0.974%,"1,879,455,332"
MFP,"Midera Food Processing, Inc. Common Stock",$41.51,-0.10,-0.24%,"1,877,516,187"
GABC,"German American Bancorp, Inc. Common Stock",$49.91,0.16,0.322%,"1,875,558,307"
IMOS,ChipMOS TECHNOLOGIES INC. American Depositary Shares,$53.58,-1.75,-3.163%,"1,875,254,778"
FSUN,FirstSun Capital Bancorp Common Stock,$40.23,0.07,0.174%,"1,874,073,234"
PRLB,"Proto Labs, Inc. Common stock",$78.22,-3.76,-4.586%,"1,871,170,783"
TOP,TOP Financial Group Limited Class A Ordinary Shares,$14.88,0.25,1.709%,"1,870,498,033"
IQMX,IQM Quantum Computers Oyj American Depositary Shares,$9.82,-0.50,-4.845%,"1,860,852,861"
DHC,Diversified Healthcare Trust Common Shares of Beneficial Interest,$7.68,0.18,2.40%,"1,859,550,628"
ATEN,"A10 Networks, Inc. Common Stock",$25.61,0.87,3.517%,"1,859,517,028"
NBHC,National Bank Holdings Corporation Common Stock,$41.74,-0.02,-0.048%,"1,859,080,692"
SHAZ,"SharonAI Holdings, Inc. Class A Common Stock",$51.91,-7.50,-12.624%,"1,858,559,945"
AVEX,AEVEX Corp. Class A Common Stock,$16.26,0.18,1.119%,"1,854,318,042"
NHPBP,"National Healthcare Properties, Inc. 7.125% Series B Cumulative Redeemable Perpetual Preferred Stock",$25.35,0.005,0.02%,"1,848,138,607"
TH,Target Hospitality Corp. Common Stock,$18.55,-0.70,-3.636%,"1,848,014,497"
LMAT,"LeMaitre Vascular, Inc. Common Stock",$80.77,0.18,0.223%,"1,847,149,888"
SEPN,"Septerna, Inc. Common Stock",$39.55,1.04,2.701%,"1,846,073,254"
SONO,"Sonos, Inc. Common Stock",$15.58,0.46,3.042%,"1,843,020,193"
SGRY,"Surgery Partners, Inc. Common Stock",$14.04,-0.34,-2.364%,"1,838,092,370"
STRA,"Strategic Education, Inc. Common Stock",$82.73,1.07,1.31%,"1,837,231,356"
RXRX,"Recursion Pharmaceuticals, Inc. Class A Common Stock",$3.41,0.21,6.563%,"1,825,516,800"
CMRE,Costamare Inc. Common Stock $0.0001 par value,$15.13,-0.15,-0.982%,"1,824,507,924"
XNCR,"Xencor, Inc. Common Stock",$24.53,0.12,0.492%,"1,823,888,828"
LOB,"Live Oak Bancshares, Inc. Common Stock",$39.40,0.15,0.382%,"1,823,574,628"
VIR,"Vir Biotechnology, Inc. Common Stock",$10.765,0.145,1.365%,"1,821,609,788"
MIY,"Blackrock MuniYield Michigan Quality Fund, Inc. Common Stock",$12.24,UNCH,--,"1,820,852,645"
GENI,Genius Sports Limited Ordinary Shares,$6.80,-0.02,-0.293%,"1,819,863,308"
NBTX,Nanobiotix S.A. American Depositary Shares,$35.73,-1.28,-3.459%,"1,815,366,374"
DCOM,"Dime Commercial Bancshares, Inc. Common Stock",$41.01,0.30,0.737%,"1,810,861,961"
PDFS,"PDF Solutions, Inc. Common Stock",$42.81,-4.96,-10.383%,"1,807,747,117"
OCFC,OceanFirst Financial Corp. Common Stock,$18.67,-0.11,-0.586%,"1,804,366,239"
QUBT,Quantum Computing Inc. Common Stock,$7.97,-0.02,-0.25%,"1,803,984,482"
HWCPZ,Hancock Whitney Corporation 6.25% Subordinated Notes due 2060,$21.27,-0.03,-0.141%,"1,802,738,382"
WMK,"Weis Markets, Inc. Common Stock",$72.64,0.48,0.665%,"1,797,447,526"
AI,"C3.ai, Inc. Class A Common Stock",$11.17,0.63,5.977%,"1,795,910,992"
HOPE,"Hope Bancorp, Inc. Common Stock",$14.05,0.11,0.789%,"1,794,772,796"
PGY,Pagaya Technologies Ltd. Class A Ordinary Shares,$21.49,1.52,7.611%,"1,792,821,366"
TRNZ,Trinity Capital Inc. 7.875% Notes due 2029,$25.49,0.06,0.236%,"1,792,307,938"
WKC,World Kinect Corporation Common Stock,$35.01,-0.20,-0.568%,"1,790,818,216"
HE,"Hawaiian Electric Industries, Inc. Common Stock",$10.36,-0.02,-0.193%,"1,789,462,121"
TRNI,Trinity Capital Inc. 7.875% Notes Due 2029,$25.43,0.04,0.158%,"1,788,089,089"
CNXC,Concentrix Corporation Common Stock,$29.27,1.03,3.647%,"1,786,007,105"
SMA,"SmartStop Self Storage REIT, Inc. Common Stock",$32.21,0.09,0.28%,"1,783,432,366"
KLRA,"Kailera Therapeutics, Inc. Common Stock",$13.75,-0.19,-1.363%,"1,782,600,545"
STBA,"S&T Bancorp, Inc. Common Stock",$50.53,0.54,1.08%,"1,781,965,311"
KARD,"Kardigan, Inc. Common Stock",$19.05,0.53,2.862%,"1,781,245,466"
FLOC,Flowco Holdings Inc. Class A Common Stock,$19.71,-1.00,-4.829%,"1,780,862,124"
MUJ,"Blackrock MuniHoldings New Jersey Quality Fund, Inc. Common Stock",$11.95,0.06,0.505%,"1,777,711,528"
TSAT,Telesat Corporation Class A Common Shares and Class B Variable Voting Shares ,$49.11,-0.64,-1.286%,"1,775,719,773"
DEI,"Douglas Emmett, Inc. Common Stock",$10.57,-0.16,-1.491%,"1,770,319,272"
PRGS,Progress Software Corporation Common Stock (DE),$43.13,3.21,8.041%,"1,768,888,188"
ACVA,ACV Auctions Inc. Class A Common Stock,$10.41,UNCH,--,"1,767,701,072"
IDT,IDT Corporation Class B Common Stock,$71.02,0.51,0.723%,"1,766,165,557"
WTFCN,"Wintrust Financial Corporation Depositary Shares, Each Representing a 1/1,000th Interest in a Share of 7.875% Fixed-Rate Reset Non-Cumulative Perpetual Preferred StocK",$26.16,0.10,0.384%,"1,764,909,697"
PSQL,Pasqal Holding SA Ordinary Share,$8.31,0.33,4.135%,"1,764,160,572"
PDO,PIMCO Dynamic Income Opportunities Fund Common Shares of Beneficial Interest,$12.02,-0.34,-2.751%,"1,763,940,986"
EPAC,Enerpac Tool Group Corp. Common Stock,$34.49,-0.73,-2.073%,"1,763,737,411"
SAM,"Boston Beer Company, Inc. (The) Common Stock",$171.34,-1.21,-0.701%,"1,763,376,623"
AFGB,"American Financial Group, Inc. 5.875% Subordinated Debentures due 2059",$21.24,-0.02,-0.094%,"1,761,251,938"
BL,"BlackLine, Inc. Common Stock",$30.29,1.94,6.843%,"1,760,614,428"
LKFT,Lakefront Biotherapeutics American Depositary Shares,$26.71,-0.10,-0.373%,"1,760,110,766"
JSM,"Navient Corporation 6% Senior Notes due December 15, 2043",$17.65,0.1365,0.779%,"1,754,957,821"
VNET,"VNET Group, Inc. American Depositary Shares",$6.16,-0.17,-2.686%,"1,753,700,521"
DAO,"Youdao, Inc. American Depositary Shares, each representing one Class A Ordinary Share",$14.53,0.12,0.833%,"1,752,821,188"
DMRA,"Damora Therapeutics, Inc. Ordinary Shares",$28.39,0.29,1.032%,"1,752,671,384"
EVTC,"Evertec, Inc. Common Stock",$29.33,0.06,0.205%,"1,752,542,057"
GLOB,Globant S.A. Common Shares,$40.49,2.74,7.258%,"1,748,340,222"
TSLX,"Sixth Street Specialty Lending, Inc. Common Stock",$18.25,0.36,2.012%,"1,740,012,287"
PSNL,"Personalis, Inc. Common Stock",$16.29,0.08,0.494%,"1,739,769,915"
KOS,Kosmos Energy Ltd. Common Shares (DE),$2.92,-0.10,-3.311%,"1,738,823,941"
GLP,Global Partners LP Common Units representing Limited Partner Interests,$51.12,-1.63,-3.09%,"1,737,853,181"
LILA,Liberty Latin America Ltd. Class A Common Stock,$8.87,0.06,0.681%,"1,737,633,000"
FLNC,"Fluence Energy, Inc. Class A Common Stock",$9.41,-0.52,-5.237%,"1,737,051,832"
BY,"Byline Bancorp, Inc. Common Stock",$38.43,-0.24,-0.621%,"1,736,514,121"
MRVI,"Maravai LifeSciences Holdings, Inc. Class A Common Stock",$6.685,0.155,2.374%,"1,735,918,183"
SFL,SFL Corporation Ltd,$13.04,-0.14,-1.062%,"1,734,225,903"
BLFS,"BioLife Solutions, Inc. Common Stock",$35.43,0.48,1.373%,"1,732,764,523"
OZKAP,Bank OZK 4.625% Series A Non-Cumulative Perpetual Preferred Stock,$15.30,-0.20,-1.29%,"1,730,982,820"
CCS,"Century Communities, Inc. Common Stock",$60.85,0.31,0.512%,"1,730,141,965"
CNOB,"ConnectOne Bancorp, Inc. Common Stock",$31.86,0.06,0.189%,"1,729,850,807"
BDJ,Blackrock Enhanced Equity Dividend Trust,$9.76,0.07,0.722%,"1,726,986,636"
FLNG,FLEX LNG Ltd. Ordinary Shares,$31.92,0.22,0.694%,"1,726,628,642"
MQ,"Marqeta, Inc. Class A Common Stock",$16.58,0.25,1.531%,"1,725,958,668"
LILAK,Liberty Latin America Ltd. Class C Common Stock,$8.80,0.07,0.802%,"1,723,920,000"
NYAX,Nayax Ltd. Ordinary Shares,$46.03,-1.17,-2.479%,"1,719,643,746"
TCBK,TriCo Bancshares Common Stock,$53.64,0.11,0.205%,"1,714,690,033"
AFGD,"American Financial Group, Inc. 5.625% Subordinated Debentures due 2060",$20.66,0.08,0.389%,"1,713,157,488"
AIN,Albany International Corporation Common Stock,$60.19,-0.09,-0.149%,"1,709,396,000"
VSTS,Vestis Corporation Common Stock,$12.93,-0.04,-0.308%,"1,708,830,158"
LIND,Lindblad Expeditions Holdings Inc. Common Stock,$26.00,0.33,1.286%,"1,706,111,914"
AMPL,"Amplitude, Inc. Class A Common Stock",$13.65,1.06,8.419%,"1,705,104,301"
KRP,Kimbell Royalty Partners Common Units Representing Limited Partner Interests,$14.84,-0.06,-0.403%,"1,702,201,276"
PAX,Patria Investments Limited Class A Common Shares,$10.48,-0.14,-1.318%,"1,700,764,836"
BFC,Bank First Corporation Common Stock,$153.23,-1.18,-0.764%,"1,698,647,561"
AGRO,Adecoagro S.A. Common Shares,$11.72,-0.05,-0.425%,"1,691,295,222"
TMC,TMC the metals company Inc. Common Stock,$3.83,-0.105,-2.668%,"1,689,548,896"
CBL,"CBL & Associates Properties, Inc. Common Stock",$54.43,-0.30,-0.548%,"1,684,214,264"
TRIN,Trinity Capital Inc. Common Stock,$17.75,-0.18,-1.004%,"1,680,810,939"
QCRH,"QCR Holdings, Inc. Common Stock",$102.64,0.07,0.068%,"1,680,793,021"
OBK,"Origin Bancorp, Inc. Common Stock",$54.41,-0.02,-0.037%,"1,678,530,980"
ATEC,"Alphatec Holdings, Inc. Common Stock",$10.86,0.28,2.647%,"1,677,338,685"
ARCO,Arcos Dorados Holdings Inc. Class A Shares,$7.94,-0.07,-0.874%,"1,672,664,673"
IMCR,Immunocore Holdings plc American Depositary Shares,$32.46,-0.14,-0.429%,"1,671,645,108"
RZC,"Reinsurance Group of America, Incorporated 7.125% Fixed-Rate Reset Subordinated Debentures due 2052",$25.53,-0.08,-0.312%,"1,667,151,507"
ETV,Eaton Vance Corporation Eaton Vance Tax-Managed Buy-Write Opportunities Fund Common Shares of Beneficial Interest,$15.24,0.05,0.329%,"1,665,249,639"
PRKS,United Parks & Resorts Inc. Common Stock,$36.72,0.22,0.603%,"1,664,932,866"
RLJ,RLJ Lodging Trust Common Shares of Beneficial Interest $0.01 par value,$10.92,0.04,0.368%,"1,663,944,522"
NTLA,"Intellia Therapeutics, Inc. Common Stock",$11.87,0.13,1.107%,"1,663,303,846"
PBT,Permian Basin Royalty Trust Common Stock,$35.58,0.13,0.367%,"1,658,340,962"
NEXA,Nexa Resources S.A. Common Shares,$12.51,-0.80,-6.011%,"1,656,811,890"
OPRA,Opera Limited American Depositary Shares,$18.43,0.13,0.71%,"1,656,497,855"
OXLC,Oxford Lane Capital Corp. Common Stock,$9.54,-0.03,-0.313%,"1,656,144,000"
MGRT,Mega Fortune Company Limited Ordinary Shares,$120.425,UNCH,--,"1,655,843,750"
FTRE,Fortrea Holdings Inc. Common Stock,$17.41,0.21,1.221%,"1,655,691,000"
EFC,Ellington Financial Inc. Common Stock ,$12.81,-0.08,-0.621%,"1,651,047,415"
WS,"Worthington Steel, Inc. Common Shares",$32.35,-1.55,-4.572%,"1,648,123,125"
ETON,"Eton Pharmaceuticals, Inc. Common Stock",$57.62,0.54,0.946%,"1,646,960,239"
JBLU,JetBlue Airways Corporation Common Stock,$4.36,-0.04,-0.909%,"1,645,081,109"
KMPR,Kemper Corporation,$27.90,0.65,2.385%,"1,643,955,997"
GSL,Global Ship Lease Inc New Class A Common Shares,$45.74,-0.08,-0.175%,"1,642,900,481"
AESI,Atlas Energy Solutions Inc. Common Stock,$13.14,-1.02,-7.203%,"1,642,545,346"
LCID,"Lucid Group, Inc. Common Stock",$4.16,-0.06,-1.422%,"1,639,331,932"
SNDX,"Syndax Pharmaceuticals, Inc. Common Stock",$18.35,0.17,0.935%,"1,638,601,528"
MHD,"Blackrock MuniHoldings Fund, Inc. Common Stock",$11.01,-0.06,-0.542%,"1,637,874,806"
CASH,"Pathward Financial, Inc. Common Stock",$78.78,0.16,0.204%,"1,636,525,458"
TSHA,"Taysha Gene Therapies, Inc. Common Stock",$5.01,-0.01,-0.199%,"1,632,426,060"
BULLW,Webull Corporation Warrants,$3.02,-0.225,-6.934%,"1,632,264,353"
WB,Weibo Corporation American Depositary Share,$6.64,0.01,0.151%,"1,631,265,878"
HUN,Huntsman Corporation Common Stock,$9.30,-0.24,-2.516%,"1,631,021,129"
TGLS,Tecnoglass Holdings Inc. Common Stock,$36.75,-1.57,-4.097%,"1,630,399,638"
CTS,CTS Corporation Common Stock,$57.02,-0.83,-1.435%,"1,628,274,239"
XHR,"Xenia Hotels & Resorts, Inc. Common Stock",$17.65,0.01,0.057%,"1,628,138,988"
USAS,"Americas Gold and Silver Corporation Common Shares, no par value",$4.81,-0.24,-4.752%,"1,626,538,123"
INBX,"Inhibrx Biosciences, Inc. Common Stock",$110.47,1.20,1.098%,"1,625,859,900"
GAB,"Gabelli Equity Trust, Inc. (The) Common Stock",$5.53,-0.05,-0.896%,"1,624,809,188"
ANIP,"ANI Pharmaceuticals, Inc.",$70.40,0.21,0.299%,"1,616,347,955"
UROY,Uranium Royalty Corp. Common Stock,$4.24,-0.115,-2.641%,"1,615,725,428"
NAT,Nordic American Tankers Limited Common Stock,$7.63,0.17,2.279%,"1,615,657,559"
CPRI,Capri Holdings Limited Ordinary Shares,$14.16,0.27,1.944%,"1,609,306,911"
DSGR,"Distribution Solutions Group, Inc. Common Stock",$34.79,0.04,0.115%,"1,609,226,131"
FOIL,"Londian Wason New Energy Tech Inc. American Depositary Shares, each representing five Ordinary Shares",$20.58,-0.11,-0.532%,"1,608,500,633"
FRNM,"Freenome, Inc. Common stock",$14.96,0.59,4.106%,"1,607,404,337"
BPOPM,"Popular, Inc. Popular Capital Trust II - 6.125% Cumulative Monthly Income Trust Preferred Securities",$25.20,UNCH,--,"1,607,218,225"
HAWK,"HawkEye 360, Inc. Common Stock",$16.38,0.08,0.491%,"1,604,675,742"
WWW,"Wolverine World Wide, Inc. Common Stock",$19.53,-0.40,-2.007%,"1,602,755,601"
PLAB,"Photronics, Inc. Common Stock",$27.16,-1.83,-6.313%,"1,602,363,056"
ANAB,"AnaptysBio, Inc. Common Stock",$54.11,0.24,0.446%,"1,602,114,907"
FRA,Blackrock Floating Rate Income Strategies Fund Inc  Common Stock,$10.72,-0.09,-0.833%,"1,594,733,689"
CDNL,Cardinal Infrastructure Group Inc. Class A Common Stock,$33.54,-2.11,-5.919%,"1,592,246,399"
WLTH,Wealthfront Corporation Common Stock,$10.65,0.27,2.601%,"1,590,696,950"
ITG,"ITG, Inc. Class A Common Stock",$12.81,-0.90,-6.565%,"1,590,453,975"
BCAT,BlackRock Capital Allocation Term Trust Common Shares of Beneficial Interest,$14.70,-0.10,-0.676%,"1,589,584,500"
ADAMZ,"Adamas Trust, Inc. 7.000% Series G Cumulative Redeemable Preferred Stock, $0.01 par value per share",$17.651,0.071,0.404%,"1,586,468,103"
ICFI,"ICF International, Inc. Common Stock",$88.29,2.34,2.723%,"1,583,382,618"
NVAX,"Novavax, Inc. Common Stock",$9.59,0.17,1.805%,"1,581,829,512"
IMKTA,"Ingles Markets, Incorporated Class A Common Stock",$83.19,0.07,0.084%,"1,580,142,139"
TFIN,"Triumph Financial, Inc. Common Stock",$66.07,0.03,0.045%,"1,578,712,060"
BAND,Bandwidth Inc. Class A Common Stock,$48.97,-7.90,-13.891%,"1,575,893,188"
UZD,"Array Digital Infrastructure, Inc. 6.250% Senior Notes due 2069",$18.3101,-0.1999,-1.08%,"1,574,668,600"
FRMEP,First Merchants Corporation Depository Shares,$25.04,-0.1099,-0.437%,"1,572,547,632"
HOS,"Hornbeck Offshore Services, Inc. Common Stock",$8.49,-0.39,-4.392%,"1,572,355,488"
MQY,"Blackrock MuniYield Quality Fund, Inc. Common Stock",$10.56,-0.04,-0.377%,"1,570,931,694"
RQI,Cohen & Steers Quality Income Realty Fund Inc Common Shares,$11.69,-0.12,-1.016%,"1,569,971,770"
SID,Companhia Siderurgica Nacional S.A. Common Stock,$1.18,-0.09,-7.087%,"1,564,790,857"
ECAT,BlackRock ESG Capital Allocation Term Trust Common Shares of Beneficial Interest,$14.47,-0.27,-1.832%,"1,564,713,450"
LYNX,Lyntris Inc. Common Stock,$13.46,0.72,5.651%,"1,560,678,709"
GAM,"General American Investors, Inc. Common Stock",$65.08,-0.65,-0.989%,"1,560,332,699"
JJSF,J & J Snack Foods Corp. Common Stock,$83.40,0.11,0.132%,"1,558,046,107"
XNET,Xunlei Limited American Depositary Shares,$4.89,-0.01,-0.204%,"1,556,335,024"
IIPR,"Innovative Industrial Properties, Inc. Common Stock",$56.44,0.19,0.338%,"1,556,126,938"
NOMD,Nomad Foods Limited Ordinary Shares,$10.93,-0.05,-0.455%,"1,553,000,986"
SDGR,"Schrodinger, Inc. Common Stock",$20.75,1.73,9.096%,"1,552,216,781"
ARDT,"Ardent Health, Inc. Common Stock",$11.00,0.02,0.182%,"1,551,504,977"
AGL,"agilon health, inc. Common Stock",$92.38,2.61,2.907%,"1,551,171,980"
AVLN,Avalyn Pharma Inc. Common Stock,$34.98,1.41,4.20%,"1,550,771,663"
ADIG,ADI Global Distribution Inc. Common Stock,$20.35,-0.18,-0.877%,"1,545,037,079"
IE,Ivanhoe Electric Inc. Common Stock,$9.66,-0.74,-7.115%,"1,541,641,902"
ALNT,Allient Inc. Common Stock,$90.55,-8.11,-8.22%,"1,539,577,371"
OXSQG,Oxford Square Capital Corp. 5.50% Notes due 2028,$24.09,-0.06,-0.248%,"1,535,926,847"
BCAX,Bicara Therapeutics Inc. Common Stock,$23.20,0.39,1.71%,"1,535,212,069"
GT,The Goodyear Tire & Rubber Company Common Stock,$5.32,-0.05,-0.931%,"1,531,621,281"
AAPG,Ascentage Pharma Group International American Depository Shares,$16.41,0.31,1.925%,"1,531,554,293"
MUC,"Blackrock MuniHoldings California Quality Fund, Inc.  Common Stock",$10.28,-0.04,-0.388%,"1,529,278,202"
OMCL,"Omnicell, Inc. Common Stock ($0.001 par value)",$33.51,0.72,2.196%,"1,528,554,763"
MYI,"Blackrock MuniYield Quality Fund III, Inc Common Stock",$10.25,-0.08,-0.774%,"1,524,815,328"
ATEX,Anterix Inc. Common Stock,$77.59,-4.59,-5.585%,"1,521,523,296"
SVV,"Savers Value Village, Inc. Common Stock",$9.86,0.11,1.128%,"1,520,965,491"
TWFG,"TWFG, Inc. Class A Common Stock",$28.13,1.44,5.395%,"1,520,476,965"
ECCC,Eagle Point Credit Company 6.50% Series C Term Preferred Stock due 2031,$25.06,0.16,0.643%,"1,520,202,851"
WBTN,WEBTOON Entertainment Inc. Common stock,$11.18,0.40,3.711%,"1,517,249,763"
SAFT,"Safety Insurance Group, Inc. Common Stock",$103.30,-0.12,-0.116%,"1,516,493,791"
HCSG,"Healthcare Services Group, Inc. Common Stock",$22.04,0.06,0.273%,"1,512,653,732"
LKFN,Lakeland Financial Corporation Common Stock,$60.76,0.18,0.297%,"1,510,362,358"
INVA,"Innoviva, Inc. Common Stock",$20.90,0.24,1.162%,"1,509,930,637"
PFBC,Preferred Bank Common Stock,$105.12,2.14,2.078%,"1,509,177,355"
LTGO,"Latigo Biotherapeutics, Inc. Common Stock",$22.64,0.49,2.212%,"1,501,017,216"
CSWC,Capital Southwest Corporation Common Stock,$24.15,-0.04,-0.165%,"1,500,698,533"
SBH,"Sally Beauty Holdings, Inc. (Name to be changed from Sally Holdings, Inc.) Common Stock",$16.01,0.05,0.313%,"1,498,892,895"
TYRA,"Tyra Biosciences, Inc. Common Stock",$25.07,3.04,13.799%,"1,496,100,861"
GIC,Global Industrial Company Common Stock,$39.25,0.26,0.667%,"1,495,752,384"
TEN,Tsakos Energy Navigation Ltd Common Shares,$49.62,1.72,3.591%,"1,494,931,661"
VISN,"Vistance Networks, Inc. Common Stock",$6.465,-0.015,-0.231%,"1,490,999,754"
PRG,"PROG Holdings, Inc. Common Stock",$37.38,0.42,1.136%,"1,488,906,442"
DMC,Del Monte Corporation Ordinary Shares,$31.53,0.19,0.606%,"1,486,520,254"
NUTX,Nutex Health Inc. Common Stock,$217.02,16.78,8.38%,"1,486,147,100"
DCH,Dauch Corporation Common Stock,$6.25,-0.23,-3.549%,"1,485,028,763"
ARLO,"Arlo Technologies, Inc. Common Stock",$13.76,0.57,4.321%,"1,480,759,063"
BKT,BlackRock Income Trust Inc. (The),$9.94,-0.08,-0.798%,"1,478,698,962"
AFGC,"American Financial Group, Inc. 5.125% Subordinated Debentures due 2059",$17.82,0.0749,0.422%,"1,477,660,524"
XZO,"Exzeo Group, Inc. Common Stock",$16.35,0.33,2.06%,"1,472,904,759"
NMAX,"Newsmax, Inc. Class B Common Stock",$11.40,0.01,0.088%,"1,472,431,353"
INNV,InnovAge Holding Corp. Common Stock,$10.77,0.02,0.186%,"1,469,581,847"
ECCV,Eagle Point Credit Company 5.375% Notes due 2029,$24.1516,0.0016,0.007%,"1,465,097,015"
IAUX,i-80 Gold Corp. Common Shares,$1.69,-0.06,-3.429%,"1,463,373,844"
TV,Grupo Televisa S.A.B. Common Stock,$2.37,-0.01,-0.42%,"1,462,677,732"
DMLP,"Dorchester Minerals, L.P. Common Units Representing Limited Partnership Interests",$29.77,0.22,0.745%,"1,461,451,216"
MLKN,"MillerKnoll, Inc. Common Stock",$21.26,0.07,0.33%,"1,461,264,919"
PAHC,Phibro Animal Health Corporation Class A Common Stock,$35.94,0.32,0.898%,"1,459,221,612"
ESQ,"Esquire Financial Holdings, Inc. Common Stock",$120.33,0.47,0.392%,"1,456,544,472"
RVLV,"Revolve Group, Inc. Class A Common Stock",$20.49,-0.64,-3.029%,"1,456,540,256"
NBR,Nabors Industries Ltd.,$86.97,-3.63,-4.007%,"1,456,259,424"
MUA,"Blackrock MuniAssets Fund, Inc Common Stock",$9.78,-0.03,-0.306%,"1,454,896,966"
WEN,Wendy's Company (The) Common Stock,$7.63,UNCH,--,"1,454,811,566"
NRP,Natural Resource Partners LP Limited Partnership,$109.78,-1.32,-1.188%,"1,454,630,229"
NVGS,Navigator Holdings Ltd. Ordinary Shares (Marshall Islands),$23.48,0.35,1.513%,"1,448,715,319"
TPB,"Turning Point Brands, Inc. Common Stock",$72.17,0.66,0.923%,"1,446,930,701"
LBRX,LB Pharmaceuticals Inc Common Stock,$44.84,0.21,0.471%,"1,446,501,407"
ADNT,Adient plc Ordinary Shares ,$18.76,-0.48,-2.495%,"1,446,338,444"
MBC,"MasterBrand, Inc. Common Stock",$7.10,-0.33,-4.441%,"1,444,782,479"
BHRB,Burke & Herbert Financial Services Corp. Common Stock,$71.56,0.03,0.042%,"1,444,584,081"
KMPB,Kemper Corporation 5.875% Fixed-Rate Reset Junior Subordinated Debentures due 2062,$24.47,-0.01,-0.041%,"1,441,849,578"
AMBQ,"Ambiq Micro, Inc. Common Stock",$59.61,-3.91,-6.156%,"1,441,640,191"
YSWY,"Yesway, Inc. Class A Common Stock",$22.73,-0.22,-0.959%,"1,436,416,577"
ATLC,Atlanticus Holdings Corporation Common Stock,$94.67,0.21,0.222%,"1,436,147,497"
NCV,Virtus Convertible & Income Fund Common Shares of Beneficial Interest,$15.87,-0.30,-1.855%,"1,434,228,540"
PEBO,Peoples Bancorp Inc. Common Stock,$39.89,0.08,0.201%,"1,433,738,945"
COUR,"Coursera, Inc. Common Stock",$5.42,0.20,3.831%,"1,433,048,000"
AMAL,Amalgamated Financial Corp. Common Stock (DE),$47.78,-0.09,-0.188%,"1,428,629,024"
UFCS,"United Fire Group, Inc. Common Stock",$55.43,0.05,0.09%,"1,424,852,484"
TMP,Tompkins Financial Corporation Common Stock,$98.88,0.05,0.051%,"1,422,181,646"
APPS,"Digital Turbine, Inc. Common Stock",$11.725,-0.085,-0.72%,"1,418,915,531"
CTBI,"Community Trust Bancorp, Inc. Common Stock",$77.84,0.17,0.219%,"1,414,193,539"
KMTS,"Kestra Medical Technologies, Ltd. Common Stock",$24.06,1.21,5.295%,"1,409,991,091"
CRSR,"Corsair Gaming, Inc. Common Stock",$13.03,-0.51,-3.767%,"1,409,545,776"
AVBP,"ArriVent BioPharma, Inc. Common Stock",$28.57,-0.43,-1.483%,"1,408,721,818"
AZTA,"Azenta, Inc.",$32.04,1.19,3.857%,"1,403,620,912"
UZF,"Array Digital Infrastructure, Inc. 5.500% Senior Notes due 2070",$16.32,0.0518,0.318%,"1,403,520,000"
HLMN,Hillman Solutions Corp. Common Stock,$7.21,0.23,3.295%,"1,402,669,443"
UAN,"CVR Partners, LP Common Units representing Limited Partner Interests",$132.61,-3.27,-2.407%,"1,401,639,563"
SLVM,Sylvamo Corporation Common Stock,$35.25,-0.04,-0.113%,"1,401,548,566"
PNTG,"The Pennant Group, Inc. Common Stock ",$40.11,0.91,2.321%,"1,401,005,158"
PWP,Perella Weinberg Partners Class A Common Stock,$14.37,-0.42,-2.84%,"1,398,363,755"
UZE,"Array Digital Infrastructure, Inc. 5.500% Senior Notes due 2070",$16.245,-0.055,-0.337%,"1,397,070,000"
EFOR,"Everforth, Inc. Common Stock",$34.05,2.58,8.198%,"1,396,050,000"
EOSE,"Eos Energy Enterprises, Inc. Class A Common Stock",$3.82,-0.13,-3.291%,"1,391,120,782"
REX,REX American Resources Corporation,$41.93,0.31,0.745%,"1,391,054,585"
WD,"Walker & Dunlop, Inc Common Stock",$40.50,-0.03,-0.074%,"1,390,192,673"
SCL,Stepan Company Common Stock,$61.11,-0.46,-0.747%,"1,389,185,519"
CNMD,CONMED Corporation Common Stock,$46.38,0.08,0.173%,"1,389,138,882"
ABSI,Absci Corporation Common Stock,$8.09,-0.12,-1.462%,"1,388,357,341"
ENR,"Energizer Holdings, Inc. Common Stock",$20.27,-0.31,-1.506%,"1,388,163,322"
WABC,Westamerica Bancorporation Common Stock,$59.95,0.86,1.455%,"1,385,513,622"
EYE,"National Vision Holdings, Inc. Common Stock",$17.51,0.22,1.272%,"1,384,503,671"
DJTWW,Trump Media & Technology Group Corp. Warrants,$4.97,0.16,3.326%,"1,381,368,132"
BBAI,"BigBear.ai, Inc. Common Stock",$2.88,0.01,0.348%,"1,380,944,140"
XERS,"Xeris Biopharma Holdings, Inc. Common Stock",$7.57,0.12,1.611%,"1,380,164,716"
GOLD,"Gold.com, Inc. Common Stock",$47.32,-0.90,-1.866%,"1,379,603,054"
CNOBP,"ConnectOne Bancorp, Inc. Depositary Shares, each representing a 1/40th interest in a share of 5.25% Fixed-Rate Reset Non-Cumulative Perpetual Preferred Stock, Series A",$25.345,UNCH,--,"1,376,116,406"
FMC,FMC Corporation Common Stock,$10.98,-0.42,-3.684%,"1,374,990,692"
TRS,TriMas Corporation Common Stock,$38.24,-0.10,-0.261%,"1,371,816,904"
MAZE,"Maze Therapeutics, Inc. Common Stock",$24.67,0.07,0.285%,"1,370,397,975"
FOR,Forestar Group Inc Common Stock ,$26.83,-0.02,-0.074%,"1,368,802,932"
VOR,Vor Biopharma Inc. Common Stock,$23.08,0.78,3.498%,"1,365,465,746"
PRSU,"Pursuit Attractions and Hospitality, Inc. Common Stock",$49.87,1.32,2.719%,"1,359,663,410"
NAMSW,NewAmsterdam Pharma Company N.V. Warrant,$11.37,-0.41,-3.48%,"1,359,137,612"
FMBH,"First Mid Bancshares, Inc. Common Stock",$51.02,UNCH,--,"1,357,229,550"
ELE,Elemental Royalty Corporation Common Stock,$21.10,-0.33,-1.54%,"1,356,858,879"
VSECU,VSE Corporation Tangible Equity Units,$48.31,-1.67,-3.341%,"1,355,818,797"
RES,"RPC, Inc. Common Stock",$6.10,-0.35,-5.426%,"1,352,107,773"
FUN,Six Flags Entertainment Corporation Common Stock New,$13.18,0.06,0.457%,"1,348,528,992"
LQDT,"Liquidity Services, Inc. Common Stock",$43.04,0.55,1.294%,"1,348,512,839"
LSPD,Lightspeed Commerce Inc. Subordinate Voting Shares,$10.11,0.17,1.71%,"1,347,809,261"
VZLA,Vizsla Silver Corp. Common Shares,$3.79,-0.18,-4.534%,"1,345,665,545"
CXM,"Sprinklr, Inc. Class A Common Stock",$5.79,0.31,5.657%,"1,344,272,059"
TRAX,"First Tracks Biotherapeutics, Inc. Ordinary Shares ",$37.57,1.13,3.101%,"1,342,407,772"
RARE,Ultragenyx Pharmaceutical Inc. Common Stock,$13.61,-0.69,-4.825%,"1,341,794,562"
ASIC,Ategrity Specialty Insurance Company Holdings Common Stock,$27.99,0.52,1.893%,"1,341,474,715"
SECZ,Securitize Corp. Common Stock,$8.21,-0.06,-0.726%,"1,340,411,274"
AMPX,"Amprius Technologies, Inc. Common Stock",$9.17,-0.27,-2.86%,"1,339,559,267"
ROCK,"Gibraltar Industries, Inc. Common Stock",$45.01,-1.15,-2.491%,"1,336,071,844"
EVCM,EverCommerce Inc. Common Stock,$7.56,1.25,19.81%,"1,335,589,260"
UMH,"UMH Properties, Inc. Common Stock",$15.64,0.13,0.838%,"1,335,430,784"
PICS,PicS N.V. Class A Common Shares,$10.30,0.09,0.881%,"1,334,751,693"
CCEC,Capital Clean Energy Carriers Corp. Common Share,$22.13,-0.19,-0.851%,"1,334,212,787"
HBT,"HBT Financial, Inc. Common Stock",$36.68,0.17,0.466%,"1,333,890,648"
GBX,"Greenbrier Companies, Inc. (The) Common Stock",$43.08,-0.01,-0.023%,"1,332,881,673"
DRTS,Alpha Tau Medical Ltd. Ordinary Shares,$14.40,-0.03,-0.208%,"1,331,685,418"
AAT,"American Assets Trust, Inc. Common Stock",$21.64,0.14,0.651%,"1,328,787,169"
AMN,AMN Healthcare Services Inc,$34.19,0.85,2.549%,"1,324,178,392"
SPTX,"Seaport Therapeutics, Inc. Common Stock",$24.70,1.36,5.827%,"1,322,204,585"
BJRI,"BJ's Restaurants, Inc. Common Stock",$62.14,1.36,2.238%,"1,321,951,757"
AMSC,American Superconductor Corporation Common Stock,$27.28,-2.25,-7.619%,"1,321,501,661"
AFGE,"American Financial Group, Inc. 4.500% Subordinated Debentures due 2060",$15.93,0.12,0.759%,"1,320,938,953"
CYD,China Yuchai International Limited Common Stock,$35.00,-0.82,-2.289%,"1,313,141,270"
CGEM,"Cullinan Therapeutics, Inc. Common Stock",$20.40,-0.19,-0.923%,"1,312,835,758"
ORIC,"Oric Pharmaceuticals, Inc. Common Stock",$12.65,0.61,5.066%,"1,311,206,098"
TBN,Tamboran Resources Corporation Common stock,$37.57,-1.56,-3.987%,"1,309,555,399"
OSBC,"Old Second Bancorp, Inc. Common Stock",$25.51,-0.07,-0.274%,"1,297,839,515"
FUBO,FuboTV Inc. Class A Common Stock,$11.87,0.34,2.949%,"1,296,165,957"
ULCC,"Frontier Group Holdings, Inc. Common Stock",$5.63,0.01,0.178%,"1,296,114,791"
IMTX,Immatics N.V. Ordinary Shares,$8.62,-0.17,-1.934%,"1,289,825,047"
PUMP,ProPetro Holding Corp. Common Stock,$10.50,-0.95,-8.297%,"1,289,651,129"
XPEL,"XPEL, Inc. Common Stock",$46.77,-0.43,-0.911%,"1,289,483,884"
AKTS,"Aktis Oncology, Inc. Common stock",$23.17,-0.13,-0.558%,"1,288,703,792"
TE,T1 Energy Inc. Common Stock,$4.37,-0.24,-5.206%,"1,286,862,414"
POET,POET Technologies Inc. Common Shares,$7.43,-0.52,-6.541%,"1,285,821,594"
AFYA,Afya Limited Class A Common Shares,$13.70,-0.19,-1.368%,"1,284,002,785"
NSSC,"NAPCO Security Technologies, Inc. Common Stock",$35.86,-0.40,-1.103%,"1,282,656,151"
ALX,"Alexander's, Inc. Common Stock",$250.61,1.43,0.574%,"1,279,937,947"
OPY,"Oppenheimer Holdings, Inc. Class A Common Stock (DE)",$119.48,-3.81,-3.09%,"1,279,392,437"
HROW,"Harrow, Inc. Common Stock",$34.07,-0.41,-1.189%,"1,277,211,050"
EOSEW,"Eos Energy Enterprises, Inc. Warrant",$3.50,-0.15,-4.11%,"1,274,587,104"
SENEB,Seneca Foods Corp. Class B Common Stock,$188.22,UNCH,--,"1,274,335,417"
FLO,"Flowers Foods, Inc. Common Stock",$6.00,-0.09,-1.478%,"1,272,344,508"
WOLF,"Wolfspeed, Inc. Common Stock New",$23.96,-1.96,-7.562%,"1,269,769,688"
BORR,Borr Drilling Limited Common Shares,$4.12,-0.15,-3.513%,"1,267,728,429"
OMER,Omeros Corporation Common Stock,$17.46,-0.82,-4.486%,"1,263,899,997"
HLF,Herbalife Ltd. Common Shares,$12.05,0.03,0.25%,"1,262,880,729"
SENEA,Seneca Foods Corp. Class A Common Stock,$186.35,-4.27,-2.24%,"1,261,674,662"
OMDA,"Omada Health, Inc. Common Stock",$20.50,0.84,4.273%,"1,254,942,412"
DOLE,Dole plc Ordinary Shares,$13.24,-0.09,-0.675%,"1,250,634,605"
ODC,Oil-Dri Corporation Of America Common Stock,$86.26,-0.28,-0.324%,"1,249,763,777"
RDWR,Radware Ltd. Ordinary Shares,$29.50,1.60,5.735%,"1,248,055,615"
UVE,UNIVERSAL INSURANCE HOLDINGS INC Common Stock,$44.70,0.37,0.835%,"1,244,016,869"
RYZ,Ryerson Holding Corporation Common Stock,$23.97,-1.31,-5.182%,"1,244,010,712"
ORC,"Orchid Island Capital, Inc. Common Stock",$6.23,-0.10,-1.58%,"1,243,529,419"
ANRO,"Alto Neuroscience, Inc. Common Stock",$31.68,-0.32,-1.00%,"1,243,189,855"
VTOL,"Bristow Group, Inc. Common Stock",$41.93,-0.77,-1.803%,"1,242,889,060"
WLDN,"Willdan Group, Inc. Common Stock",$81.54,-0.66,-0.803%,"1,242,024,700"
LZB,La-Z-Boy Incorporated Common Stock,$30.97,0.33,1.077%,"1,240,434,318"
IRS,IRSA Inversiones Y Representaciones S.A. Global Depositary Shares (Each representing ten shares of Common Stock),$15.26,-0.28,-1.802%,"1,237,276,405"
MGTX,MeiraGTx Holdings plc Ordinary Shares,$12.88,0.09,0.704%,"1,237,033,788"
JCAP,"Jefferson Capital, Inc. Common Stock",$21.51,0.13,0.608%,"1,235,223,279"
REPL,"Replimune Group, Inc. Common Stock",$13.11,0.19,1.471%,"1,235,219,402"
CNL,Collective Mining Ltd. Common Shares,$13.30,-0.775,-5.506%,"1,233,478,003"
AZUL,"Azul S.A. American Depositary Shares, each representing two (2) Common Shares",$6.69,-0.16,-2.336%,"1,232,826,256"
EPC,Edgewell Personal Care Company Common Stock,$26.71,-0.22,-0.817%,"1,231,034,920"
HLIT,Harmonic Inc. Common Stock,$11.25,-0.75,-6.25%,"1,226,997,506"
CDRE,"Cadre Holdings, Inc. Common Stock",$28.62,0.04,0.14%,"1,225,529,407"
TK,Teekay Corporation Ltd. Common Stock,$14.12,-0.26,-1.808%,"1,225,312,872"
SLSR,Solaris Resources Inc. Common Shares,$7.33,-0.58,-7.332%,"1,224,368,954"
RDVT,"Red Violet, Inc. Common Stock ",$76.29,1.27,1.693%,"1,224,223,723"
IART,Integra LifeSciences Holdings Corporation Common Stock,$15.71,0.21,1.355%,"1,221,806,069"
CLVT,Clarivate Plc Ordinary Shares,$1.91,0.04,2.139%,"1,221,758,246"
FCEL,"FuelCell Energy, Inc. Common Stock",$15.28,-0.61,-3.839%,"1,221,700,115"
LADR,Ladder Capital Corp Class A Common Stock,$9.62,0.01,0.104%,"1,220,444,215"
CERT,"Certara, Inc. Common Stock",$8.00,0.45,5.96%,"1,220,310,240"
GTM,ZoomInfo Technologies Inc Common Stock,$4.19,0.39,10.263%,"1,219,751,093"
AORT,"Artivion, Inc. Common Stock",$24.97,-0.11,-0.439%,"1,217,442,838"
PSNY,Polestar Automotive Holding UK PLC Class A ADS,$7.40,-0.44,-5.612%,"1,215,672,955"
GDRX,"GoodRx Holdings, Inc. Class A Common Stock",$3.56,0.17,5.015%,"1,214,477,581"
CCO,"Clear Channel Outdoor Holdings, Inc. Common Stock",$2.38,UNCH,--,"1,211,643,351"
WAFDP,"WaFd, Inc. Depositary Shares",$16.35,-0.05,-0.305%,"1,209,822,141"
MNKD,MannKind Corporation Common Stock,$3.75,UNCH,--,"1,205,791,815"
PRCT,PROCEPT BioRobotics Corporation Common Stock,$21.02,0.64,3.14%,"1,203,892,312"
AMRC,"Ameresco, Inc. Class A Common Stock",$22.68,-1.10,-4.626%,"1,203,541,665"
LNN,Lindsay Corporation Common Stock,$118.34,1.99,1.71%,"1,203,385,851"
USPH,"U.S. Physical Therapy, Inc. Common Stock",$80.52,1.80,2.287%,"1,201,575,643"
ALMS,Alumis Inc. Common Stock,$9.22,0.04,0.436%,"1,193,392,904"
GIII,"G-III Apparel Group, LTD. Common Stock",$27.83,-0.06,-0.215%,"1,193,253,218"
CRON,Cronos Group Inc. Common Share,$3.235,0.095,3.025%,"1,191,815,615"
RCAT,"Red Cat Holdings, Inc. Common Stock",$7.80,-0.16,-2.01%,"1,191,172,024"
DFIN,"Donnelley Financial Solutions, Inc. Common Stock ",$48.44,0.49,1.022%,"1,190,915,953"
REAL,"The RealReal, Inc. Common Stock",$9.755,-0.075,-0.763%,"1,186,901,727"
SHLS,"Shoals Technologies Group, Inc. Class A Common Stock",$7.05,-0.25,-3.425%,"1,186,514,648"
CLBK,"Columbia Financial, Inc. Common Stock",$11.40,-0.13,-1.127%,"1,186,141,147"
GLUE,"Monte Rosa Therapeutics, Inc. Common Stock",$13.90,-0.17,-1.208%,"1,185,856,274"
YELP,Yelp Inc. Common Stock,$21.83,0.55,2.585%,"1,184,574,846"
LGIH,"LGI Homes, Inc. Common Stock",$50.94,1.52,3.076%,"1,184,266,976"
SCCD,Sachem Capital Corp. 6.00% Notes due 2026,$25.00,0.05,0.20%,"1,183,557,200"
CRCT,"Cricut, Inc. Class A Common Stock",$5.65,0.03,0.534%,"1,183,360,950"
UVSP,Univest Financial Corporation Common Stock,$42.88,0.21,0.492%,"1,182,663,332"
TDOC,"Teladoc Health, Inc. Common Stock",$6.50,0.34,5.519%,"1,180,946,137"
SCSC,"ScanSource, Inc. Common Stock",$58.59,0.40,0.687%,"1,180,167,355"
IMPPP,Imperial Petroleum Inc. 8.75% Series A Cumulative Redeemable Perpetual Preferred Shares,$26.10,0.34,1.32%,"1,180,076,474"
SCCG,Sachem Capital Corp. 8.00% Notes due 2027,$24.92,0.03,0.121%,"1,179,769,817"
MBINM,"Merchants Bancorp Depositary Shares, Each Representing a 1/40th Interest in a Share of 8.25% Fixed-Rate Reset Series D Non-Cumulative Perpetual Preferred Stock",$25.66,-0.065,-0.253%,"1,178,771,005"
GNK,Genco Shipping & Trading Limited Ordinary Shares New (Marshall Islands),$27.00,0.17,0.634%,"1,176,838,335"
NHP,"National Healthcare Properties, Inc. Class A Common Stock",$16.14,0.40,2.541%,"1,176,684,699"
PCT,"PureCycle Technologies, Inc. Common stock",$5.85,-0.17,-2.824%,"1,175,293,139"
THRM,Gentherm Inc Common Stock,$38.23,-0.62,-1.596%,"1,173,864,269"
MMI,"Marcus & Millichap, Inc. Common Stock",$30.96,-0.31,-0.991%,"1,172,486,253"
TNC,Tennant Company Common Stock,$68.68,-0.06,-0.087%,"1,170,946,130"
SCCF,Sachem Capital Corp. 7.125% Notes due 2027,$24.72,0.12,0.488%,"1,170,301,359"
HBNB,Hotel101 Global Holdings Corp. Class A Ordinary Shares,$5.00,0.015,0.301%,"1,170,161,930"
TNDM,"Tandem Diabetes Care, Inc. Common Stock",$16.81,-0.30,-1.753%,"1,169,618,065"
SCCE,Sachem Capital Corp. 6.00% Notes due 2027,$24.705,0.0959,0.39%,"1,169,591,225"
AIIR,Air Global PLC Ordinary Shares,$7.29,0.04,0.552%,"1,169,218,329"
HFWA,Heritage Financial Corporation Common Stock,$28.54,0.13,0.458%,"1,167,730,025"
PD,"PagerDuty, Inc. Common Stock",$14.84,0.75,5.323%,"1,167,164,115"
ODTX,"Odyssey Therapeutics, Inc. Common Stock",$24.26,-0.37,-1.502%,"1,165,899,865"
OPK,"OPKO Health, Inc. Common Stock",$1.56,-0.01,-0.637%,"1,164,272,031"
SLBT,SL Science Holding Limited Ordinary Shares,$2.07,0.01,0.485%,"1,160,772,697"
BRUN,Boost Run Inc. Class A Common Stock,$14.57,-2.06,-12.387%,"1,158,132,015"
AMTB,Amerant Bancorp Inc. Class A Common Stock,$29.54,0.22,0.75%,"1,157,668,405"
STAA,STAAR Surgical Company Common Stock,$23.07,0.41,1.809%,"1,156,821,711"
JBIO,"Jade Biosciences, Inc. Common Stock",$18.18,0.29,1.621%,"1,156,200,496"
GO,Grocery Outlet Holding Corp. Common Stock,$11.66,0.41,3.644%,"1,155,325,177"
PSEC,Prospect Capital Corporation Common Stock,$2.20,-0.02,-0.901%,"1,154,631,491"
HZO,"MarineMax, Inc.  (FL) Common Stock",$52.21,UNCH,--,"1,153,149,009"
PDM,"Piedmont Realty Trust, Inc. Class A Common Stock",$9.20,-0.37,-3.866%,"1,151,221,990"
ARHS,"Arhaus, Inc. Class A Common Stock",$8.12,0.02,0.247%,"1,151,024,072"
DFH,"Dream Finders Homes, Inc. Class A Common Stock",$12.70,0.43,3.504%,"1,149,795,999"
TRUP,"Trupanion, Inc. Common Stock",$26.15,1.26,5.062%,"1,147,268,778"
BRAI,Braiin Limited Common Stock,$5.55,-0.13,-2.289%,"1,143,789,665"
WLFC,Willis Lease Finance Corporation Common Stock,$54.06,-2.11,-3.756%,"1,143,050,641"
MRTN,"Marten Transport, Ltd. Common Stock",$13.99,0.19,1.377%,"1,142,446,749"
DEC,Diversified Energy Company Common Stock,$14.88,0.07,0.473%,"1,142,133,610"
MBINL,"Merchants Bancorp Depositary Shares, Each Representing a 1/40thInterest in a Share of 7.25% Fixed Rate Series E Non-CumulativePerpetual Preferred Stock, without par value",$24.8599,0.1099,0.444%,"1,142,015,951"
MUX,McEwen Inc. Common Stock,$18.60,-0.93,-4.762%,"1,141,269,328"
VYX,NCR Voyix Corporation Common Stock,$8.26,-0.29,-3.392%,"1,140,457,357"
NCZ,Virtus Convertible & Income Fund II Common Shares of Beneficial Interest,$14.89,-0.37,-2.425%,"1,133,363,503"
UMAC,"Unusual Machines, Inc. Common Stock",$22.66,-0.29,-1.264%,"1,132,014,403"
MCB,Metropolitan Bank Holding Corp. Common Stock,$91.29,0.50,0.551%,"1,131,793,154"
SPH,"Suburban Propane Partners, L.P. Common Stock",$16.93,-0.14,-0.82%,"1,129,440,712"
CBRL,"Cracker Barrel Old Country Store, Inc Common Stock",$50.53,1.05,2.122%,"1,129,419,274"
FSBC,Five Star Bancorp Common Stock,$45.99,-0.42,-0.905%,"1,128,438,878"
DEA,"Easterly Government Properties, Inc. Common Stock",$23.84,-0.05,-0.209%,"1,128,147,349"
LU,"Lufax Holding Ltd American Depositary Shares, each representing two (2) Ordinary Shares",$1.30,0.09,7.438%,"1,126,695,560"
UVV,Universal Corporation Common Stock,$45.12,-0.06,-0.133%,"1,123,454,476"
AVO,"Mission Produce, Inc. Common Stock",$12.81,-0.20,-1.537%,"1,123,160,355"
LOMA,Loma Negra Compania Industrial Argentina Sociedad Anonima ADS,$9.61,-0.14,-1.436%,"1,121,454,614"
UTI,Universal Technical Institute Inc Common Stock,$20.33,0.02,0.098%,"1,120,086,046"
CFFN,"Capitol Federal Financial, Inc. Common Stock",$8.91,0.09,1.02%,"1,119,971,702"
MYE,"Myers Industries, Inc. Common Stock",$29.77,-0.24,-0.80%,"1,119,889,944"
CRI,"Carter's, Inc. Common Stock",$30.50,0.07,0.23%,"1,119,691,143"
OCSL,Oaktree Specialty Lending Corporation Common Stock,$12.71,0.04,0.316%,"1,119,566,997"
ATTO,"Attovia Therapeutics, Inc. Common Stock",$24.52,1.73,7.591%,"1,119,368,944"
OBX,"Obsidian Therapeutics, Inc. Common Stock",$18.10,0.30,1.685%,"1,118,089,056"
BST,BlackRock Science and Technology Trust Common Shares of Beneficial Interest,$50.35,0.02,0.04%,"1,115,646,741"
BOW,Bowhead Specialty Holdings Inc. Common Stock,$33.72,0.05,0.149%,"1,110,838,129"
HSLV,Highlander Silver Corp. Common Shares,$5.45,-0.05,-0.909%,"1,109,202,628"
BVS,Bioventus Inc. Class A Common Stock,$13.16,0.18,1.387%,"1,106,649,141"
EDN,Empresa Distribuidora Y Comercializadora Norte S.A. (Edenor) American Depositary Shares,$24.38,-0.10,-0.408%,"1,103,022,438"
CRVS,"Corvus Pharmaceuticals, Inc. Common Stock",$13.11,0.20,1.549%,"1,102,825,576"
IGIC,International General Insurance Holdings Ltd. Ordinary Share,$25.74,-0.25,-0.962%,"1,102,758,640"
PDS,Precision Drilling Corporation Common Stock,$86.50,-3.27,-3.643%,"1,102,568,617"
NPKI,NPK International Inc. Common Stock,$12.97,-0.29,-2.187%,"1,101,281,325"
LFMDP,"LifeMD, Inc. 8.875% Series A Cumulative Perpetual Preferred Stock",$22.83,-0.1701,-0.74%,"1,100,425,109"
TUYA,"Tuya Inc. American Depositary Shares, each representing one Class A Ordinary Share",$1.79,-0.01,-0.556%,"1,097,782,126"
SVRA,Savara Inc. Common Stock,$5.34,0.04,0.755%,"1,097,156,480"
LMRI,"Lumexa Imaging Holdings, Inc. Common Stock",$11.39,-0.10,-0.87%,"1,094,293,977"
NPK,"National Presto Industries, Inc. Common Stock",$153.33,-0.95,-0.616%,"1,094,173,153"
ECVT,Ecovyst Inc. Common Stock,$9.97,0.05,0.504%,"1,091,399,928"
DLX,Deluxe Corporation Common Stock,$23.79,0.17,0.72%,"1,090,921,139"
NEWP,New Pacific Metals Corp. Common Shares,$5.87,-0.01,-0.17%,"1,089,424,418"
UPWK,Upwork Inc. Common Stock,$8.70,-0.02,-0.229%,"1,086,659,276"
GSBD,"Goldman Sachs BDC, Inc. Common Stock",$9.63,0.01,0.104%,"1,084,040,115"
TRIP,"TripAdvisor, Inc. Common Stock",$9.23,0.14,1.54%,"1,081,749,927"
MLTX,MoonLake Immunotherapeutics Class A Ordinary Shares,$12.68,0.17,1.359%,"1,079,152,766"
GOODN,Gladstone Commercial Corporation 6.625% Series E Cumulative Redeemable Preferred Stock,$22.2783,0.2683,1.219%,"1,078,436,830"
BCX,BlackRock Resources Common Shares of Beneficial Interest,$12.70,-0.22,-1.703%,"1,077,696,727"
SBR,Sabine Royalty Trust Common Stock,$73.82,-1.03,-1.376%,"1,076,247,248"
WINA,Winmark Corporation Common Stock,$299.47,-9.00,-2.918%,"1,075,746,850"
LZ,"LegalZoom.com, Inc. Common Stock",$6.28,0.23,3.802%,"1,075,543,019"
NBN,Northeast Bank Common Stock,$132.23,-0.41,-0.309%,"1,075,029,900"
HTFC,Horizon Technology Finance Corporation 6.25% Notes due 2027,$25.17,-0.01,-0.04%,"1,070,875,747"
BRBR,"BellRing Brands, Inc. Common Stock ",$9.20,0.06,0.656%,"1,069,759,385"
ASA,ASA  Gold and Precious Metals Limited,$58.62,-2.21,-3.633%,"1,067,877,199"
ODD,ODDITY Tech Ltd. Class A Ordinary Shares,$18.82,0.54,2.954%,"1,066,278,812"
MSEX,Middlesex Water Company Common Stock,$56.50,-0.19,-0.335%,"1,064,682,949"
UPBD,"Upbound Group, Inc. Common Stock",$18.25,-0.06,-0.328%,"1,063,964,141"
APMD,"Apnimed, Inc. Common Stock",$25.55,-0.68,-2.592%,"1,063,666,403"
CPAC,Cementos Pacasmayo S.A.A. American Depositary Shares (Each representing five Common Shares),$12.52,-0.02,-0.159%,"1,061,366,599"
MBWM,Mercantile Bank Corporation Common Stock,$61.33,-0.41,-0.664%,"1,060,146,026"
HPK,"HighPeak Energy, Inc. Common Stock",$8.38,-0.09,-1.063%,"1,059,674,498"
YSS,York Space Systems Inc. Common Stock,$7.71,-0.17,-2.157%,"1,059,027,135"
JANX,"Janux Therapeutics, Inc. Common Stock",$17.31,0.21,1.228%,"1,058,277,541"
ASM,Avino Silver & Gold Mines Ltd. Common Shares (Canada),$6.23,-0.26,-4.006%,"1,058,198,338"
ETW,Eaton Vance Corporation Eaton Vance Tax-Managed Global Buy-Write Opportunites Fund Common Shares of Beneficial Interest,$9.65,UNCH,--,"1,057,618,635"
XIFR,"XPLR Infrastructure, LP Common Units representing limited partner interests",$11.20,-0.20,-1.754%,"1,055,855,304"
DCBG,"Dime Commercial Bancshares, Inc. 9.000% Junior Subordinated Notes",$26.97,0.1801,0.672%,"1,055,838,740"
DSL,DoubleLine Income Solutions Fund Common Shares of Beneficial Interests,$10.35,-0.05,-0.481%,"1,055,667,170"
IRMD,iRadimed Corporation Common Stock,$82.53,0.31,0.377%,"1,055,310,367"
QNST,"QuinStreet, Inc. Common Stock",$18.48,0.10,0.544%,"1,054,956,838"
ENOV,Enovis Corporation Common Stock,$18.22,-1.06,-5.498%,"1,050,738,181"
LAC,Lithium Americas Corp. Common Shares,$2.89,-0.02,-0.687%,"1,049,194,105"
BW,"Babcock & Wilcox Enterprises, Inc. Common Stock",$7.03,-0.91,-11.461%,"1,047,224,414"
BTZ,BlackRock Credit Allocation Income Trust,$9.67,-0.03,-0.309%,"1,045,665,450"
HRTG,"Heritage Insurance Holdings, Inc. Common Stock",$35.09,0.51,1.475%,"1,043,310,477"
CRAI,"CRA International, Inc. Common Stock",$165.98,4.10,2.533%,"1,041,833,223"
BV,"BrightView Holdings, Inc. Common Stock",$11.25,0.06,0.536%,"1,041,750,000"
VMET,Versamet Royalties Corporation Common Stock,$9.57,-0.08,-0.829%,"1,041,498,382"
GLIBA,Liberty Capital Corporation Series A GCI Group Common Stock,$26.08,0.03,0.115%,"1,040,722,244"
SBGI,"Sinclair, Inc. Class A Common Stock",$14.39,0.49,3.525%,"1,040,656,883"
HQH,abrdn Healthcare Investors Shares of Beneficial Interest,$21.98,0.22,1.011%,"1,040,615,097"
AEF,"abrdn Emerging Markets ex-China Fund, Inc. Common Stock",$9.69,-0.23,-2.319%,"1,040,342,625"
EQBK,"Equity Bancshares, Inc. Class A Common Stock",$50.23,0.18,0.36%,"1,034,360,773"
FSCO,FS Credit Opportunities Corp. Common Stock,$5.20,UNCH,--,"1,031,450,680"
AGBK,AGI Inc Class A Common Shares,$6.44,-0.21,-3.158%,"1,031,269,864"
QFIN,"Qfin Holdings, Inc. American Depositary Shares",$8.47,UNCH,--,"1,031,238,457"
GLIBK,Liberty Capital Corporation Series C GCI Group Common Stock,$25.84,0.06,0.233%,"1,031,145,045"
KURA,"Kura Oncology, Inc. Common Stock",$11.56,0.17,1.493%,"1,028,384,756"
ITRN,Ituran Location and Control Ltd. Ordinary Shares,$51.57,-1.10,-2.088%,"1,025,911,921"
ANL,Adlai Nortye Group Ltd. American Depositary Shares,$15.93,0.72,4.734%,"1,025,859,152"
CCNE,CNB Financial Corporation Common Stock,$34.62,0.14,0.406%,"1,025,475,039"
BFST,"Business First Bancshares, Inc. Common Stock",$31.48,0.06,0.191%,"1,024,670,317"
GPRE,Green Plains Inc. Common Stock,$14.61,-0.29,-1.946%,"1,024,092,742"
ANGX,"Angel Studios, Inc. Class A Common Stock",$5.48,0.03,0.55%,"1,023,424,628"
AEVA,"Aeva Technologies, Inc. Common Stock",$14.67,-0.85,-5.477%,"1,022,583,470"
CSTL,"Castle Biosciences, Inc. Common Stock",$33.44,1.11,3.433%,"1,021,575,514"
MCBS,"MetroCity Bankshares, Inc. Common Stock",$35.43,-0.07,-0.197%,"1,019,718,943"
AMPH,"Amphastar Pharmaceuticals, Inc. Common Stock",$23.91,0.13,0.547%,"1,017,082,241"
HBNC,"Horizon Bancorp, Inc. Common Stock",$19.78,UNCH,--,"1,015,594,586"
ABUS,Arbutus Biopharma Corporation Common Stock,$5.13,0.01,0.195%,"1,014,959,394"
LUXE,"LuxExperience B.V. American Depositary Shares, each representing one Ordinary Share",$7.44,0.05,0.677%,"1,014,624,465"
AIP,"Arteris, Inc. Common Stock",$20.61,-2.08,-9.167%,"1,013,024,822"
FTH,"Faeth Therapeutics, Inc. Common Stock",$39.09,1.65,4.407%,"1,010,102,213"
CMP,Compass Minerals Intl Inc Common Stock,$24.06,-0.74,-2.984%,"1,010,059,828"
PSUS,"Pershing Square USA, Ltd. Common Shares",$38.43,-0.06,-0.156%,"1,004,944,500"
NBBK,"NB Bancorp, Inc. Common Stock",$22.89,0.10,0.439%,"1,003,005,236"
SGML,Sigma Lithium Corporation Common Shares,$8.91,-0.59,-6.211%,"1,002,983,669"
TRST,TrustCo Bank Corp NY Common Stock,$58.62,0.17,0.291%,"998,166,119"
RHLD,Resolute Holdings Management Common Stock ,$127.38,-2.76,-2.121%,"996,060,011"
OI,"O-I Glass, Inc. Common Stock",$6.42,-0.11,-1.685%,"986,495,576"
TBLA,Taboola.com Ltd. Ordinary Shares,$3.91,0.11,2.895%,"985,772,598"
CAC,Camden National Corporation Common Stock,$58.30,0.36,0.621%,"985,097,957"
CSR,D/B/A Centerspace Common Stock,$58.62,0.33,0.566%,"984,473,132"
PCRX,"Pacira BioSciences, Inc. Common Stock",$24.68,-0.68,-2.681%,"983,791,346"
IBTA,"Ibotta, Inc. Class A Common Stock",$42.40,1.26,3.063%,"982,391,634"
GHM,Graham Corporation Common Stock,$83.69,-4.21,-4.79%,"982,272,292"
SIFY,Sify Technologies Limited American Depositary Shares,$13.56,-0.22,-1.597%,"982,213,379"
JMIA,"Jumia Technologies AG American Depositary Shares, each representing two Ordinary Shares",$7.34,-0.11,-1.477%,"980,813,673"
SAFE,Safehold Inc. New Common Stock ,$13.85,-0.18,-1.283%,"980,805,478"
KRT,Karat Packaging Inc. Common Stock,$49.16,2.22,4.729%,"979,843,404"
PXED,"Phoenix Education Partners, Inc. Common Stock",$27.09,0.25,0.931%,"976,523,416"
RMIX,"Suncrete, Inc. Class A Common Stock",$13.28,-0.08,-0.599%,"975,891,876"
LAR,Lithium Argentina AG Common Shares,$5.94,0.09,1.538%,"974,754,000"
GOODO,"Gladstone Commercial Corporation 6.00% Series G Cumulative Redeemable Preferred Stock, par value $0.001 per share",$20.1301,0.3101,1.565%,"974,447,836"
CPF,Central Pacific Financial Corp New,$37.83,UNCH,--,"974,025,353"
PTA,Cohen & Steers Tax-Advantaged Preferred Securities and Income Fund Common Shares of Beneficial Interest,$17.62,-0.19,-1.067%,"973,918,312"
NWPX,"NWPX Infrastructure, Inc. Common Stock",$100.52,-4.12,-3.937%,"968,731,545"
TDAY,"USA TODAY Co., Inc. Common Stock",$6.59,0.23,3.616%,"967,530,231"
BANFP,BancFirst Corporation - BFC Capital Trust II Cumulative Trust Preferred Securities,$28.7772,0.4872,1.722%,"966,877,805"
HTLD,"Heartland Express, Inc. Common Stock",$12.45,0.11,0.891%,"962,791,007"
NX,Quanex Building Products Corporation Common Stock,$20.98,-0.59,-2.735%,"961,433,844"
BXBL,"BOXABL, Inc. Common stock",$3.98,0.04,1.015%,"961,143,505"
BUR,Burford Capital Limited Ordinary Shares,$4.39,0.04,0.92%,"960,582,884"
IQ,"iQIYI, Inc. American Depositary Shares",$0.995,0.0426,4.473%,"960,199,611"
UTL,UNITIL Corporation Common Stock,$52.63,-0.46,-0.866%,"959,796,153"
FRBT,"Forbright, Inc. Class A Common Stock",$18.90,0.48,2.606%,"959,446,782"
SBSI,"Southside Bancshares, Inc. Common Stock",$32.17,0.10,0.312%,"958,922,717"
RNP,"Cohen & Steers REIT and Preferred and Income Fund, Inc. Common Shares",$19.51,-0.16,-0.813%,"958,694,632"
SGP,"SpyGlass Pharma, Inc. Common Stock",$28.66,1.14,4.142%,"958,619,078"
TTI,"Tetra Technologies, Inc. Common Stock",$6.47,-0.34,-4.993%,"958,030,880"
SANA,"Sana Biotechnology, Inc. Common Stock",$3.20,0.07,2.236%,"957,954,038"
REPX,"Riley Exploration Permian, Inc. Common Stock",$43.22,-0.29,-0.667%,"957,486,588"
FEIM,"Frequency Electronics, Inc. Common Stock",$85.50,-2.875,-3.253%,"955,678,815"
FTK,"Flotek Industries, Inc. Common Stock",$26.34,-0.99,-3.622%,"954,046,100"
SB,"Safe Bulkers, Inc Common Stock ($0.001 par value)",$8.35,-0.16,-1.88%,"953,943,930"
VRTS,"Virtus Investment Partners, Inc. Common Stock",$143.52,-3.89,-2.639%,"950,488,469"
HAFC,Hanmi Financial Corporation Common Stock,$32.05,0.25,0.786%,"950,258,623"
CRML,Critical Metals Corp. Ordinary Shares,$6.46,0.03,0.467%,"948,901,344"
ASTE,"Astec Industries, Inc. Common Stock",$41.16,-0.26,-0.628%,"947,724,106"
PDX,PIMCO Dynamic Income Strategy Fund Common Shares of Beneficial Interest,$21.13,-0.50,-2.312%,"944,658,910"
MPB,Mid Penn Bancorp Common Stock,$37.12,0.05,0.135%,"940,443,181"
FMNB,Farmers National Banc Corp. Common Stock,$15.82,0.08,0.508%,"937,296,589"
SLDB,Solid Biosciences Inc. Common Stock,$8.74,0.04,0.46%,"937,148,580"
RUMBW,RUM Group Inc. Warrant,$1.89,0.325,20.767%,"937,081,267"
ACEL,"Accel Entertainment, Inc. ",$11.53,-0.07,-0.603%,"936,160,767"
KFRC,"Kforce, Inc. Common Stock",$52.27,1.03,2.01%,"936,103,430"
EVLV,"Evolv Technologies Holdings, Inc. Class A Common Stock",$5.16,0.21,4.242%,"934,610,913"
CBLL,"CeriBell, Inc. Common Stock",$24.33,0.70,2.962%,"933,739,197"
AEBI,Aebi Schmidt Holding AG Common Stock ,$12.03,-0.03,-0.249%,"933,520,590"
DJCO,Daily Journal Corp. (S.C.) Common Stock,$677.05,15.15,2.289%,"932,942,402"
HEPS,D-Market Electronic Services & Trading American Depositary Shares,$2.61,-0.01,-0.382%,"932,357,772"
THFF,First Financial Corporation Common Stock,$78.20,0.36,0.462%,"929,946,267"
ABX,"Abacus Global Management, Inc. Class A Common Stock",$9.49,-0.02,-0.21%,"928,048,443"
DGICB,"Donegal Group, Inc. Class B Common Stock",$24.99,UNCH,--,"927,610,857"
CIM,Chimera Investment Corporation Common Stock,$11.08,-0.05,-0.449%,"927,526,943"
KRO,Kronos Worldwide Inc Common Stock,$8.05,-0.09,-1.106%,"926,535,004"
BTGO,"BitGo Holdings, Inc. Class A Common Stock",$7.88,0.23,3.007%,"926,259,501"
FET,"Forum Energy Technologies, Inc. Common Stock",$80.69,-2.33,-2.807%,"925,732,082"
PLOW,"Douglas Dynamics, Inc. Common Stock",$40.11,-0.13,-0.323%,"925,620,315"
SOC,Sable Offshore Corp. Common Stock,$4.82,-0.35,-6.77%,"924,811,337"
GAINZ,Gladstone Investment Corporation 4.875% Notes due 2028,$24.175,-0.02,-0.083%,"923,949,885"
REF,Reformation Inc. Common Stock,$14.51,0.48,3.421%,"923,704,960"
NXDR,"Nextdoor Holdings, Inc. Class A Common Stock",$2.38,0.11,4.846%,"920,699,197"
PSF,"Cohen & Steers Select Preferred and Income Fund, Inc. Common Stock",$18.73,-0.08,-0.425%,"920,366,502"
INR,"Infinity Natural Resources, Inc. Class A Common Stock",$14.49,-0.43,-2.882%,"918,988,518"
BBDC,"Barings BDC, Inc. Common Stock",$8.77,UNCH,--,"918,279,373"
NAVI,Navient Corporation Common Stock,$9.78,0.36,3.822%,"917,205,838"
RZLV,Rezolve AI PLC Ordinary Shares,$2.29,UNCH,--,"916,897,144"
IVA,Inventiva S.A. American Depository Shares,$3.88,-0.14,-3.483%,"916,767,184"
MTA,Metalla Royalty & Streaming Ltd. Common Shares,$9.80,-0.40,-3.922%,"916,259,565"
MBINN,Merchants Bancorp Depositary Shares Preferred Series C,$19.92,-0.09,-0.45%,"915,086,454"
CVLG,"Covenant Logistics Group, Inc. Class A Common Stock",$35.94,0.31,0.87%,"912,077,341"
SIGIP,"Selective Insurance Group, Inc. Depositary Shares, each representing a 1/1,000th interest in a share of 4.60% Non-Cumulative Preferred Stock, Series B",$15.305,-0.095,-0.617%,"911,705,366"
PSIX,"Power Solutions International, Inc. Common Stock",$39.46,-2.65,-6.293%,"910,162,657"
RWAYL,Runway Growth Finance Corp. 7.50% Notes due 2027,$25.12,UNCH,--,"909,761,796"
PLTK,Playtika Holding Corp. Common Stock,$2.38,0.07,3.03%,"907,775,283"
FMN,Federated Hermes Premier Municipal Income Fund,$10.50,-0.05,-0.474%,"905,675,925"
AIZN,"Assurant, Inc. 5.25% Subordinated Notes due 2061",$17.94,-0.06,-0.333%,"905,238,245"
WVE,"Wave Life Sciences, Inc. Common Stock",$4.58,-0.01,-0.218%,"902,480,642"
EIG,Employers Holdings Inc Common Stock,$50.21,0.55,1.108%,"901,797,006"
OLMA,"Olema Pharmaceuticals, Inc. Common Stock",$10.29,0.07,0.685%,"900,350,376"
QMCO,Quantum Corporation Common Stock,$22.825,-0.755,-3.202%,"899,533,273"
FCBC,"First Community Bankshares, Inc. (VA) Common Stock",$47.39,0.11,0.233%,"896,160,491"
KODK,Eastman Kodak Company Common New,$9.14,-0.17,-1.826%,"894,806,000"
MNTN,"MNTN, Inc. Class A Common Stock",$11.96,0.13,1.099%,"894,645,829"
WRLD,World Acceptance Corporation Common Stock,$191.82,1.07,0.561%,"894,491,188"
SMBK,"SmartFinancial, Inc. Common Stock",$52.08,-0.16,-0.306%,"890,488,474"
RXT,"Rackspace Technology, Inc. Common Stock",$3.49,0.27,8.385%,"889,506,247"
ACDC,ProFrac Holding Corp. Class A Common Stock,$4.88,-0.33,-6.334%,"888,759,079"
RPC,"Ridgepost Capital, Inc. Class A Common Stock",$8.05,-0.06,-0.74%,"887,419,442"
BZH,"Beazer Homes USA, Inc. Common Stock",$33.23,-0.02,-0.06%,"886,563,872"
TBPH,"Theravance Biopharma, Inc. Ordinary Shares",$17.03,0.02,0.118%,"884,176,381"
LANDO,Gladstone Land Corporation 6.00% Series B Cumulative Redeemable Preferred Stock,$20.495,-0.04,-0.195%,"884,084,064"
MAKO,Mako Mining Corp Common Stock,$10.06,-0.02,-0.198%,"881,315,445"
LXRX,"Lexicon Pharmaceuticals, Inc. Common Stock",$1.98,-0.02,-1.00%,"881,012,749"
GERN,Geron Corporation Common Stock,$1.37,0.02,1.481%,"880,188,570"
SMPL,The Simply Good Foods Company Common Stock,$9.94,0.10,1.016%,"879,297,817"
NNNN,Anbio Biotechnology Class A Ordinary Shares,$6.11,-0.23,-3.628%,"879,175,232"
CSIQ,Canadian Solar Inc. Common Shares (ON),$12.95,0.19,1.489%,"878,226,576"
SABR,Sabre Corporation Common Stock,$2.175,0.005,0.23%,"877,793,490"
ARDX,"Ardelyx, Inc. Common Stock",$3.52,-0.06,-1.676%,"877,140,253"
LANDP,Gladstone Land Corporation 6.00% Series C Cumulative Redeemable Preferred Stock,$20.31,-0.05,-0.246%,"876,103,798"
GSBC,"Great Southern Bancorp, Inc. Common Stock",$80.30,0.14,0.175%,"875,069,812"
BHFAL,"Brighthouse Financial, Inc. 6.25% Junior Subordinated Debentures due 2058",$15.20,0.03,0.198%,"874,175,758"
IMMX,"Immix Biopharma, Inc. Common Stock",$12.21,0.07,0.577%,"873,495,024"
KOP,Koppers Holdings Inc. Common Stock,$46.00,-0.35,-0.755%,"869,932,128"
RERE,ATRenew Inc. American Depositary Shares (every three of which representing two Class A ordinary shares),$3.96,-0.01,-0.252%,"868,289,384"
AVTX,"Avalo Therapeutics, Inc. Common Stock",$16.18,0.06,0.372%,"867,733,222"
ABR,Arbor Realty Trust Common Stock,$4.65,-0.07,-1.483%,"867,494,900"
TIGR,UP Fintech Holding Ltd American Depositary Share representing fifteen Class A Ordinary Shares,$4.85,0.02,0.414%,"866,698,206"
HSTM,"HealthStream, Inc. Common Stock",$29.63,0.52,1.786%,"866,379,867"
CCBG,Capital City Bank Group Common Stock,$50.59,-0.11,-0.217%,"865,761,695"
SVC,Service Properties Trust Common Shares of Beneficial Interest,$6.67,-0.13,-1.912%,"863,828,285"
SG,"Sweetgreen, Inc. Class A Common Stock",$7.25,0.15,2.113%,"863,049,534"
RPD,"Rapid7, Inc. Common Stock",$12.79,2.48,24.054%,"862,054,186"
DAKT,"Daktronics, Inc. Common Stock",$17.91,0.02,0.112%,"861,339,362"
KBDC,"Kayne Anderson BDC, Inc. Common Stock",$13.03,0.07,0.54%,"860,472,664"
CAPL,CrossAmerica Partners LP Common Units representing limited partner interests,$22.52,-0.28,-1.228%,"859,661,703"
CRESY,Cresud S.A.C.I.F. y A. American Depositary Shares,$12.12,-0.02,-0.165%,"859,613,376"
DSP,Viant Technology Inc. Class A Common Stock,$12.92,0.34,2.703%,"858,854,907"
INMD,InMode Ltd. Ordinary Shares,$14.89,-0.01,-0.067%,"855,888,695"
RSKD,Riskified Ltd. Class A Ordinary Shares,$6.29,0.20,3.284%,"855,227,448"
MFA,"MFA Financial, Inc.",$8.46,-0.10,-1.168%,"855,203,955"
SMP,"Standard Motor Products, Inc. Common Stock",$38.25,0.20,0.526%,"854,516,207"
TCBIO,"Texas Capital Bancshares, Inc. Depositary Shares 5.75% Fixed Rate Non-Cumulative Perpetual Preferred Stock Series B",$19.64,-0.07,-0.355%,"853,836,607"
ADSE,ADS-TEC ENERGY PLC Ordinary Shares,$11.36,-0.22,-1.90%,"853,473,733"
NNE,Nano Nuclear Energy Inc. Common Stock,$15.89,-0.52,-3.169%,"853,263,540"
EGBN,"Eagle Bancorp, Inc. Common Stock",$27.98,0.38,1.377%,"852,941,565"
HIPO,Hippo Holdings Inc. Common Stock,$32.32,0.32,1.00%,"852,904,794"
MCS,Marcus Corporation (The) Common Stock,$27.63,0.49,1.805%,"851,892,553"
MPLT,"MapLight Therapeutics, Inc. Common Stock",$13.15,0.15,1.154%,"851,772,919"
BKSY,BlackSky Technology Inc. Class A Common Stock,$20.80,0.19,0.922%,"851,236,797"
CODI,D/B/A Compass Diversified Holdings Shares of Beneficial Interest,$11.31,0.30,2.725%,"850,918,775"
OGG,Osisko Gold Group Inc. Common Shares,$2.78,-0.05,-1.767%,"850,229,187"
HMH,HMH Holding Inc. Class A Common Stock,$19.35,-0.88,-4.35%,"850,128,260"
AVR,Anteris Technologies Global Corp. Common Stock,$8.72,0.37,4.431%,"849,837,893"
BH,Biglari Holdings Inc. Class B Common Stock,$364.95,-7.72,-2.072%,"849,074,423"
CRTO,Criteo S.A. Ordinary Shares,$17.32,-0.12,-0.688%,"848,637,722"
RIGL,"Rigel Pharmaceuticals, Inc. Common Stock",$45.35,-1.89,-4.001%,"847,131,832"
AIO,Virtus Artificial Intelligence & Technology Opportunities Fund Common Shares of Beneficial Interest,$24.66,-0.77,-3.028%,"846,848,370"
EVER,"EverQuote, Inc. Class A Common Stock",$24.03,0.05,0.209%,"846,811,217"
HSHP,Himalaya Shipping Ltd. Common Shares,$18.11,0.02,0.111%,"846,642,500"
DSGN,"Design Therapeutics, Inc. Common Stock",$13.52,-1.11,-7.587%,"846,103,922"
HELP,Cybin Inc. Common Stock,$13.61,0.64,4.934%,"843,603,302"
TXO,"TXO Partners, L.P. Common Units Representing Limited Partner Interests",$15.21,-0.23,-1.49%,"843,339,850"
ARI,"Apollo Commercial Real Estate Finance, Inc",$6.57,-0.06,-0.905%,"842,353,451"
ROOT,"Root, Inc. Class A Common Stock",$54.33,0.845,1.58%,"841,748,381"
JBGS,JBG SMITH Properties Common Shares ,$11.25,-0.12,-1.055%,"839,457,540"
SIBN,"SI-BONE, Inc. Common Stock",$18.70,0.32,1.741%,"838,107,353"
CLYM,"Climb Bio, Inc. Common Stock",$14.56,0.31,2.175%,"836,271,873"
ORRF,"Orrstown Financial Services, Inc. Common Stock",$42.47,0.13,0.307%,"835,369,016"
SPFI,"South Plains Financial, Inc. Common Stock",$44.28,-0.48,-1.072%,"834,195,569"
SCZM,Santacruz Silver Mining Ltd. Common Shares,$8.97,-0.68,-7.047%,"834,122,847"
OBE,Obsidian Energy Ltd. Common Shares,$12.49,-0.48,-3.701%,"833,402,369"
YALA,"Yalla Group Limited American Depositary Shares, each representing one Class A Ordinary Share",$5.48,-0.02,-0.364%,"832,022,849"
FBYD,"Falcon's Beyond Global, Inc. Class A Common Stock",$6.86,0.67,10.824%,"831,838,441"
ALRS,Alerus Financial Corporation Common Stock,$33.32,0.05,0.15%,"830,585,166"
GFR,Greenfire Resources Ltd. Common Shares,$6.62,0.10,1.534%,"830,336,862"
ACRS,"Aclaris Therapeutics, Inc. Common Stock",$5.64,0.32,6.015%,"830,201,757"
SKYH,Sky Harbour Group Corporation Class A Common Stock,$10.14,0.13,1.299%,"827,723,211"
RJET,Republic Airways Holdings Inc. Common Stock,$17.64,0.02,0.114%,"825,895,980"
IBCP,Independent Bank Corporation Common Stock,$37.19,0.12,0.324%,"825,591,781"
FOXF,Fox Factory Holding Corp. Common Stock,$19.59,-0.24,-1.21%,"823,387,310"
MTAL,Metals Acquisition Corp. II Class A Ordinary Shares,$9.95,-0.25,-2.451%,"820,497,238"
HIVE,HIVE Digital Technologies Ltd. Common Shares,$2.99,-0.04,-1.32%,"820,089,241"
CADL,"Candel Therapeutics, Inc. Common Stock",$10.675,0.13,1.233%,"816,835,681"
APEI,"American Public Education, Inc. Common Stock",$44.43,-0.51,-1.135%,"813,137,555"
PGC,Peapack-Gladstone Financial Corporation Common Stock,$45.82,0.02,0.044%,"812,294,761"
ADAM,"Adamas Trust, Inc. Common Stock",$9.02,-0.07,-0.77%,"810,715,670"
JBSS,"John B. Sanfilippo & Son, Inc. Common Stock",$69.33,-0.93,-1.324%,"810,709,038"
SXC,"SunCoke Energy, Inc. Common Stock",$9.54,-0.48,-4.79%,"809,706,069"
KOPN,Kopin Corporation Common Stock,$4.35,-0.21,-4.605%,"808,545,871"
CYRX,"CryoPort, Inc. Common Stock",$15.96,0.41,2.637%,"808,359,636"
FISI,"Financial Institutions, Inc. Common Stock",$41.02,0.10,0.244%,"808,354,887"
MITK,"Mitek Systems, Inc. Common Stock",$17.90,0.68,3.949%,"807,690,495"
SMBC,"Southern Missouri Bancorp, Inc. Common Stock",$73.30,0.04,0.055%,"807,445,826"
HTB,"HomeTrust Bancshares, Inc. Common Stock",$48.30,-0.24,-0.494%,"806,280,594"
VPG,"Vishay Precision Group, Inc. Common Stock",$60.49,-4.88,-7.465%,"805,752,811"
BBSI,"Barrett Business Services, Inc. Common Stock",$33.22,-0.13,-0.39%,"805,092,680"
ELVR,Elevra Lithium Limited American Depository Shares,$47.35,-3.47,-6.828%,"801,999,006"
WGO,"Winnebago Industries, Inc. Common Stock",$28.36,0.11,0.389%,"801,705,805"
AHCO,AdaptHealth Corp. Common Stock,$5.88,-0.18,-2.97%,"801,703,872"
BAK,Braskem SA ADR,$2.01,-0.07,-3.365%,"801,193,873"
FINV,FinVolution Group American Depositary Shares,$3.39,-0.01,-0.294%,"800,358,667"
LXU,"LSB Industries, Inc. Common Stock",$11.06,-0.52,-4.491%,"796,292,394"
BLZE,"Backblaze, Inc. Class A Common Stock",$12.84,0.44,3.548%,"794,796,000"
BHFAO,"Brighthouse Financial, Inc. Depositary Shares 6.75% Non-Cumulative Preferred Stock, Series B",$13.80,-0.265,-1.884%,"793,659,569"
KELYB,"Kelly Services, Inc. Class B Common Stock",$22.8247,0.3347,1.488%,"792,746,179"
LINC,Lincoln Educational Services Corporation Common Stock,$24.97,-0.05,-0.20%,"792,085,331"
PMT,PennyMac Mortgage Investment Trust Common Shares of Beneficial Interest,$9.05,-0.12,-1.309%,"789,181,376"
GSM,Ferroglobe PLC Ordinary Shares,$4.22,-0.06,-1.402%,"788,551,382"
NABL,"N-able, Inc. Common Stock",$4.17,0.31,8.031%,"787,738,229"
SHBI,Shore Bancshares Inc Common Stock,$23.52,0.08,0.341%,"784,915,932"
HDL,SUPER HI INTERNATIONAL HOLDING LTD. American Depositary Shares,$12.05,UNCH,--,"783,610,295"
CGBD,"Carlyle Secured Lending, Inc. Common Stock",$11.37,UNCH,--,"782,308,086"
DC,Dakota Gold Corp. Common Stock,$5.83,0.02,0.344%,"782,228,538"
CEVA,"CEVA, Inc. Common Stock",$27.78,-1.23,-4.24%,"782,120,120"
CTO,"CTO Realty Growth, Inc. Common Stock",$20.86,0.15,0.724%,"781,946,570"
WHK,WhiteHawk Minerals Corp Class A Common Stock,$28.38,-0.07,-0.246%,"781,739,871"
NAK,"Northern Dynasty Minerals, Ltd. Common Stock",$1.39,-0.02,-1.418%,"781,349,110"
VTS,"Vitesse Energy, Inc. Common Stock",$18.51,-0.25,-1.333%,"779,350,908"
DQ,"DAQO New Energy Corp. American Depositary Shares, each representing five ordinary shares",$11.51,-0.03,-0.26%,"778,837,237"
BHFAP,"Brighthouse Financial, Inc. Depositary Shares 6.6% Non-Cumulative Preferred Stock, Series A",$13.53,-0.22,-1.60%,"778,131,447"
VREX,Varex Imaging Corporation Common Stock,$18.46,UNCH,--,"777,166,000"
GRPN,"Groupon, Inc. Common Stock",$19.11,0.38,2.029%,"777,113,807"
MTUS,Metallus Inc. Common Shares,$18.74,-0.50,-2.599%,"776,759,582"
APOG,"Apogee Enterprises, Inc. Common Stock",$37.17,-0.71,-1.874%,"775,674,488"
GROY,Gold Royalty Corp. Common Shares,$3.36,-0.05,-1.466%,"775,518,915"
SUPV,Grupo Supervielle S.A. American Depositary Shares each Representing five Class B shares,$8.47,-0.03,-0.353%,"773,687,610"
TRNS,"Transcat, Inc. Common Stock",$82.18,-2.13,-2.526%,"771,530,001"
BFS,"Saul Centers, Inc. Common Stock",$31.14,-0.13,-0.416%,"769,690,525"
RILYN,"BRC Group Holdings, Inc. 6.50% Senior Notes Due 2026",$25.20,0.01,0.04%,"768,526,063"
EVC,Entravision Communications Corporation Common Stock,$8.32,-0.29,-3.368%,"767,838,698"
WEST,Westrock Coffee Company Common Stock,$7.84,0.14,1.818%,"765,398,714"
ASC,Ardmore Shipping Corporation Common Stock,$18.75,0.08,0.428%,"765,049,013"
PHAR,"Pharming Group N.V. ADS, each representing 10 ordinary shares",$10.82,-0.39,-3.479%,"764,164,989"
GOOS,Canada Goose Holdings Inc. Subordinate Voting Shares,$7.82,-0.11,-1.387%,"763,714,494"
BLMN,"Bloomin' Brands, Inc. Common Stock",$8.91,0.22,2.532%,"762,882,370"
QDEL,QuidelOrtho Corporation Common Stock,$11.12,-0.66,-5.603%,"762,558,748"
NVCT,"Nuvectis Pharma, Inc. Common Stock",$23.35,-0.64,-2.668%,"761,538,441"
WASH,"Washington Trust Bancorp, Inc. Common Stock",$39.86,-0.13,-0.325%,"760,302,435"
FDMT,"4D Molecular Therapeutics, Inc. Common Stock",$13.76,0.59,4.48%,"760,160,343"
GDOT,"Green Dot Corporation Class A Common Stock, $0.001 par value",$13.32,0.06,0.452%,"759,042,584"
BLDP,"Ballard Power Systems, Inc. Common Shares",$2.16,-0.05,-2.262%,"758,355,925"
LUCK,Lucky Strike Entertainment Corporation Class A Common Stock,$5.56,-0.08,-1.418%,"757,983,791"
WLKP,Westlake Chemical Partners LP Common Units representing limited partner interests,$21.48,-0.04,-0.186%,"757,081,481"
TCBX,"Third Coast Bancshares, Inc. Common Stock",$45.38,0.38,0.844%,"755,802,539"
PUBM,"PubMatic, Inc. Class A Common Stock",$16.59,0.10,0.606%,"755,675,512"
TASK,"TaskUs, Inc. Class A Common Stock",$8.24,0.10,1.229%,"755,501,053"
RILYG,"BRC Group Holdings, Inc. 5.00% Senior Notes due 2026",$24.74,-0.04,-0.161%,"754,497,413"
SWIM,"Latham Group, Inc. Common Stock",$6.40,0.08,1.266%,"752,934,950"
BBNX,"Beta Bionics, Inc. Common Stock",$16.73,0.16,0.966%,"752,677,480"
KDK,"Kodiak AI, Inc. Common Stock ",$3.74,UNCH,--,"750,311,956"
RCBC,River City Bank Common stock,$52.80,0.56,1.072%,"749,744,371"
ANNX,"Annexon, Inc. Common Stock",$3.95,0.01,0.254%,"748,837,579"
SMWB,Similarweb Ltd. Ordinary Shares,$8.61,0.54,6.691%,"748,781,152"
MFIC,MidCap Financial Investment Corporation Common Stock,$9.09,0.05,0.553%,"748,767,189"
PAR,PAR Technology Corporation Common Stock,$18.09,0.09,0.50%,"748,251,388"
MITN,"TPG Mortgage Investment Trust, Inc. 9.500% Senior Notes due 2029",$25.35,-0.11,-0.432%,"747,647,144"
GYRE,"Gyre Therapeutics, Inc. Common Stock",$6.69,-0.04,-0.594%,"746,000,890"
VLRS,"Controladora Vuela Compania de Aviacion, S.A.B. de C.V. American Depositary Shares, each representing ten (10) Ordinary Participation Certificates",$6.42,-0.10,-1.534%,"745,977,813"
SATL,Satellogic Inc. Class A Common Stock,$4.85,0.06,1.253%,"745,638,568"
NRGV,"Energy Vault Holdings, Inc. Common Stock",$4.10,-0.21,-4.872%,"745,542,237"
LYTS,LSI Industries Inc. Common Stock,$20.00,-0.03,-0.15%,"745,226,720"
GPRK,Geopark Ltd Common Shares,$11.47,-0.01,-0.087%,"744,354,287"
ACHV,"Achieve Life Sciences, Inc. Common Shares",$7.23,0.17,2.408%,"743,985,003"
VBNK,VersaBank Common Shares,$22.94,0.32,1.415%,"743,693,672"
MITP,"TPG Mortgage Investment Trust, Inc. 9.500% Senior Notes due 2029",$25.20,-0.02,-0.079%,"743,223,197"
COLL,"Collegium Pharmaceutical, Inc. Common Stock",$22.81,0.06,0.264%,"742,593,533"
MOV,Movado Group Inc. Common Stock,$33.28,0.53,1.618%,"742,551,514"
FPH,"Five Point Holdings, LLC Class A Common Shares",$5.02,-0.03,-0.594%,"742,355,913"
BCSF,"Bain Capital Specialty Finance, Inc. Common Stock",$11.44,-0.03,-0.262%,"742,095,720"
FDUS,Fidus Investment Corporation Common Stock,$19.51,-0.06,-0.307%,"740,489,642"
EVEX,"Eve Holding, Inc. Common Stock",$2.12,0.01,0.474%,"738,791,026"
ESRT,"Empire State Realty Trust, Inc. Class A Common Stock",$4.29,0.01,0.234%,"738,590,608"
LWLG,"Lightwave Logic, Inc. Common Stock",$4.79,-0.44,-8.413%,"738,461,151"
OPTT,"Ocean Power Technologies, Inc. Common Stock",$2.73,-0.465,-14.554%,"737,478,987"
BWMN,Bowman Consulting Group Ltd. Common Stock,$42.43,0.01,0.024%,"735,545,774"
CCB,Coastal Financial Corporation Common Stock,$48.04,0.58,1.222%,"734,355,149"
CCNEP,"CNB Financial Corporation Depositary Shares, each representing a 1/40th ownership interest in a share of 7.125% Series A Fixed-Rate Non-Cumulative Perpetual Preferred Stock",$24.75,UNCH,--,"733,116,904"
TRON,Tron Inc. Common Stock,$1.545,-0.005,-0.323%,"732,920,289"
AOSL,Alpha and Omega Semiconductor Limited Common Shares,$24.22,-1.56,-6.051%,"732,879,156"
GILT,Gilat Satellite Networks Ltd. Ordinary Shares,$9.70,-0.19,-1.921%,"732,068,196"
CBIO,"Crescent Biopharma, Inc. Common Stock",$19.68,0.27,1.391%,"730,992,739"
DBVT,DBV Technologies S.A. American Depositary Shares,$12.35,0.50,4.219%,"730,910,482"
PRAA,"PRA Group, Inc. Common Stock",$19.39,0.46,2.43%,"729,994,836"
MOMO,Hello Group Inc. American Depositary Shares,$4.93,-0.02,-0.404%,"728,394,687"
MTW,"Manitowoc Company, Inc. (The) Common Stock",$20.18,-0.60,-2.887%,"727,730,534"
MNPR,Monopar Therapeutics Inc. Common Stock,$108.32,-1.94,-1.759%,"727,062,471"
AURA,"Aura Biosciences, Inc. Common Stock",$7.01,0.015,0.214%,"726,970,711"
INDI,"indie Semiconductor, Inc. Class A Common Stock",$3.13,-0.22,-6.567%,"725,561,804"
PAYS,"Paysign, Inc. Common Stock",$12.83,-0.18,-1.384%,"724,409,461"
DGICA,"Donegal Group, Inc. Class A Common Stock",$19.45,0.09,0.465%,"721,970,035"
AROW,Arrow Financial Corporation Common Stock,$38.93,-0.22,-0.562%,"721,128,536"
GEGGL,"Great Elm Group, Inc.  7.25% Notes due 2027",$24.85,UNCH,--,"720,570,157"
PFIS,Peoples Financial Services Corp. Common Stock,$71.90,-0.08,-0.111%,"719,745,387"
PZZA,"Papa John's International, Inc. Common Stock",$21.82,1.26,6.128%,"718,351,210"
IVR,INVESCO MORTGAGE CAPITAL INC Common Stock,$6.67,-0.13,-1.912%,"717,961,581"
NEWTP,"NewtekOne, Inc. Depositary Shares, Non-Cumulative Perpetual Preferred Stock, Series B",$24.84,-0.19,-0.759%,"717,496,718"
GMRS,GMR Solutions Inc. Class A Common Stock,$13.26,0.48,3.756%,"716,327,888"
ZVRA,"Zevra Therapeutics, Inc. Common Stock",$12.05,0.04,0.333%,"715,574,561"
AAC,Ares Acquisition Corporation III Class A Ordinary Shares,$10.10,-0.02,-0.198%,"713,103,026"
CASS,"Cass Information Systems, Inc Common Stock",$55.68,0.50,0.906%,"713,046,376"
OFRM,"Once Upon a Farm, PBC Common Stock",$16.98,0.80,4.944%,"713,001,288"
GLAS,Glass House Brands Inc. Subordinate Voting Shares,$8.10,0.17,2.144%,"712,783,670"
PSTL,"Postal Realty Trust, Inc. Class A Common Stock",$23.56,0.36,1.552%,"712,663,448"
CWBC,Community West Bancshares Common Stock,$26.22,0.03,0.115%,"711,376,865"
MAX,"MediaAlpha, Inc. Class A Common Stock",$11.60,-0.05,-0.429%,"710,662,145"
BCAL,California BanCorp Common Stock,$22.03,0.22,1.009%,"708,276,418"
UAMY,United States Antimony Corporation Common Stock,$4.73,-0.14,-2.875%,"707,936,186"
PFLT,PennantPark Floating Rate Capital Ltd. Common Stock,$7.12,UNCH,--,"706,431,420"
SPT,"Sprout Social, Inc Class A Common Stock",$11.63,0.83,7.685%,"704,687,426"
NGNE,Neurogene Inc. Common Stock ,$35.21,-0.27,-0.761%,"704,600,760"
PHAT,"Phathom Pharmaceuticals, Inc. Common Stock",$8.68,0.32,3.828%,"702,220,107"
HTZ,"Hertz Global Holdings, Inc Common Stock",$1.97,-0.07,-3.431%,"702,209,244"
MAMA,"Mama's Creations, Inc. Common Stock",$14.88,0.16,1.087%,"701,554,339"
FWRG,"First Watch Restaurant Group, Inc. Common Stock",$11.36,0.01,0.088%,"701,053,262"
HOV,"Hovnanian Enterprises, Inc. Class A Common Stock",$117.47,1.55,1.337%,"700,108,278"
NIE,Virtus Equity & Convertible Income Fund Common Shares of Beneficial Interest,$25.19,-0.81,-3.115%,"697,988,828"
CTMX,"CytomX Therapeutics, Inc. Common Stock",$3.20,-0.09,-2.736%,"697,277,709"
MSBI,"Midland States Bancorp, Inc. Common Stock",$33.59,0.14,0.419%,"697,063,442"
WOOF,"Petco Health and Wellness Company, Inc. Class A Common Stock",$2.43,-0.02,-0.816%,"695,999,038"
CARE,"Carter Bankshares, Inc. Common Stock",$31.14,-0.09,-0.288%,"690,184,811"
TROX,Tronox Holdings plc Ordinary Shares (UK),$4.32,-0.10,-2.262%,"689,904,125"
SMC,Summit Midstream Corporation Common Stock,$33.97,-0.08,-0.235%,"689,865,647"
IRWD,"Ironwood Pharmaceuticals, Inc. Class A Common Stock",$4.17,0.09,2.206%,"689,050,579"
AHG,Akso Health Group ADS,$0.8018,-0.0374,-4.457%,"686,905,409"
AGNT,"AGNT, Inc. Common Stock",$4.11,0.09,2.239%,"686,854,721"
OIO,OIO Group Ordinary Shares,$1.97,-0.02,-1.005%,"685,603,553"
VEL,"Velocity Financial, Inc. Common Stock",$17.36,-0.61,-3.395%,"685,398,094"
XFLT,XAI Floating Rate & Alternative Income Trust Common Shares of Beneficial Interest,$19.31,-0.21,-1.076%,"684,897,353"
NMFC,New Mountain Finance Corporation Common Stock,$7.25,0.01,0.138%,"684,779,828"
IMC,IMC Rare Earths Ltd Ordinary Shares,$6.51,-0.30,-4.405%,"684,201,000"
WYFI,"WhiteFiber, Inc. Ordinary Shares",$17.59,-1.55,-8.098%,"683,338,396"
HNRG,Hallador Energy Company Common Stock,$14.48,-0.86,-5.606%,"682,635,809"
BHB,"Bar Harbor Bankshares, Inc. Common Stock",$40.70,0.14,0.345%,"682,379,456"
CSHR,CoinShares PLC Ordinary Shares,$5.17,-0.19,-3.545%,"681,303,681"
CUBB,"Customers Bancorp, Inc 5.375% Subordinated Notes Due 2034",$21.52,0.28,1.318%,"680,537,505"
VSTM,"Verastem, Inc. Common Stock",$7.51,0.19,2.596%,"680,131,442"
MLAB,"Mesa Laboratories, Inc. Common Stock",$121.48,0.61,0.505%,"679,786,166"
CNNE,"Cannae Holdings, Inc. Common Stock",$15.66,0.25,1.622%,"679,240,395"
ARRY,"Array Technologies, Inc. Common Stock",$4.41,-0.21,-4.545%,"679,173,922"
SSII,SS Innovations International Inc. Common Stock,$3.385,0.075,2.266%,"678,304,697"
TBLD,Thornburg Income Builder Opportunities Trust Common Stock,$21.13,-0.25,-1.169%,"677,890,188"
HYLN,Hyliion Holdings Corp. Class A Common Stock,$3.79,-0.11,-2.821%,"676,883,456"
NGVC,"Natural Grocers by Vitamin Cottage, Inc. Common Stock",$29.36,0.80,2.801%,"676,626,185"
CCSI,"Consensus Cloud Solutions, Inc. Common Stock",$36.92,0.19,0.517%,"676,556,120"
MDXG,"MiMedx Group, Inc Common Stock",$4.64,0.07,1.532%,"676,328,572"
RRBI,"Red River Bancshares, Inc. Common Stock",$102.69,-0.79,-0.763%,"676,121,845"
GRNT,"Granite Ridge Resources, Inc. Common Stock",$5.12,0.01,0.196%,"675,329,239"
BSTZ,BlackRock Science and Technology Term Trust Common Shares of Beneficial Interest,$30.44,-0.60,-1.933%,"674,484,345"
KRNT,Kornit Digital Ltd. Ordinary Shares,$15.62,-0.43,-2.679%,"671,137,261"
NSLRL,Neostellar Capital Corp. 6.00% Notes due 2026,$25.35,0.07,0.277%,"671,096,178"
SGMT,Sagimet Biosciences Inc. Series A Common Stock,$10.88,UNCH,--,"670,111,810"
SCHL,Scholastic Corporation Common Stock,$35.30,0.29,0.828%,"669,456,169"
SOPH,SOPHiA GENETICS SA Ordinary Shares,$7.86,-0.01,-0.127%,"669,104,705"
PKE,Park Aerospace Corp. Common Stock,$30.71,-1.05,-3.306%,"667,979,690"
GDYN,"Grid Dynamics Holdings, Inc. Class A Common Stock",$8.23,0.25,3.133%,"667,674,231"
HIFS,Hingham Institution for Savings Common Stock,$310.16,-2.33,-0.746%,"666,037,584"
NEWTG,"NewtekOne, Inc. 8.50% Fixed Rate Senior Notes due 2029",$25.265,0.11,0.437%,"665,021,591"
STLN,"Starling Oncology, Inc. Common Stock",$6.52,0.35,5.673%,"664,493,070"
TIPT,Tiptree Inc. Common Stock,$17.81,0.01,0.056%,"663,238,915"
OPFI,OppFi Inc. Class A Common Stock,$7.78,-0.20,-2.506%,"662,920,162"
ENVX,Enovix Corporation Common Stock,$3.02,-0.08,-2.581%,"662,734,576"
ONT,"Onterris, Inc. Common Stock",$18.86,0.53,2.891%,"662,314,617"
ISOU,IsoEnergy Ltd. Common Shares,$10.14,-0.50,-4.699%,"661,547,380"
SLRC,SLR Investment Corp. Common Stock,$12.12,0.04,0.331%,"661,202,164"
ACNB,ACNB Corporation Common Stock,$64.99,-0.20,-0.307%,"660,943,751"
VLGEA,"Village Super Market, Inc. Class A Common Stock",$44.56,1.33,3.077%,"659,910,919"
NEWTI,"NewtekOne, Inc. 8.00% Fixed Rate Senior Notes due 2028",$25.0601,-0.1799,-0.713%,"659,628,243"
EGY,"VAALCO Energy, Inc.  Common Stock",$6.27,-0.05,-0.791%,"659,552,448"
BUUU,BUUU Group Limited Class A Ordinary Share,$39.50,UNCH,--,"658,662,500"
BLSM,"BlossomHill Therapeutics, Inc. Common Stock",$21.74,0.88,4.219%,"657,700,981"
ELMT,The Elmet Group Co. Common Stock,$21.50,5.31,32.798%,"654,879,207"
PSNYW,Polestar Automotive Holding UK PLC Class C-1 ADS (ADW),$3.98,-0.06,-1.485%,"653,834,913"
LEGH,Legacy Housing Corporation Common Stock (TX),$27.49,-0.18,-0.651%,"653,756,211"
METC,"Ramaco Resources, Inc. Class A Common Stock",$10.29,-0.90,-8.043%,"652,264,979"
MATV,"Mativ Holdings, Inc. Common Stock",$11.81,-0.13,-1.089%,"651,795,057"
OABI,"OmniAb, Inc. Common Stock",$4.48,0.41,10.074%,"651,348,983"
PKOH,Park-Ohio Holdings Corp. Common Stock,$44.91,-1.54,-3.315%,"650,746,349"
DLY,DoubleLine Yield Opportunities Fund Common Shares of Beneficial Interest,$13.57,-0.16,-1.165%,"650,624,221"
SSYS,"Stratasys, Ltd. Ordinary Shares (Israel)",$7.55,-0.17,-2.202%,"650,602,669"
PHR,"Phreesia, Inc. Common Stock",$10.42,0.11,1.067%,"646,779,236"
OSPN,OneSpan Inc. Common Stock,$17.52,0.67,3.976%,"645,650,071"
AUXX,Gold X2 Mining Inc. Common Shares,$6.37,-0.11,-1.698%,"644,547,227"
RILYT,"BRC Group Holdings, Inc. 6.00% Senior Notes Due 2028",$21.05,-0.31,-1.451%,"641,963,239"
FBRT,"Franklin BSP Realty Trust, Inc. Common Stock",$7.73,-0.05,-0.643%,"641,941,066"
ALT,"Altimmune, Inc. Common Stock",$3.30,0.03,0.917%,"641,908,413"
YEXT,"Yext, Inc. Common Stock",$6.48,0.08,1.25%,"641,382,002"
ANGO,"AngioDynamics, Inc. Common Stock",$15.51,0.24,1.572%,"641,065,353"
HELE,Helen of Troy Limited Common Stock,$27.52,0.71,2.648%,"640,997,519"
LOT,Lotus Technology Inc. American Depositary Shares,$0.9978,-0.0922,-8.459%,"640,677,277"
EFSCP,"Enterprise Financial Services Corporation Depositary Shares Each Representing a 1/40th Interest in a Share of 5% Fixed Rate Non-Cumulative Perpetual Preferred Stock, Series A",$17.67,0.0791,0.45%,"639,521,828"
NXP,Nuveen Select Tax Free Income Portfolio Common Stock,$13.66,-0.09,-0.655%,"639,275,884"
GAIN,Gladstone Investment Corporation Business Development Company,$16.01,0.11,0.692%,"637,549,692"
HPP,"Hudson Pacific Properties, Inc. Common Stock",$11.74,-0.49,-4.007%,"637,115,019"
KRNY,Kearny Financial Corp Common Stock,$9.78,UNCH,--,"635,009,356"
VTEX,VTEX Class A Common Shares,$3.67,0.07,1.944%,"634,886,068"
CWH,"Camping World Holdings, Inc. Class A Common Stock",$6.14,0.10,1.656%,"634,230,784"
NFGC,New Found Gold Corp Common Shares,$1.65,-0.04,-2.367%,"634,189,956"
BHFAN,"Brighthouse Financial, Inc. Depositary shares, each representing a 1/1,000th interest in a share of 5.375% Non-Cumulative Preferred Stock, Series C",$11.02,-0.24,-2.131%,"633,777,424"
DCBO,Docebo Inc. Common Shares,$25.38,1.13,4.66%,"633,169,936"
VALN,Valneva SE American Depositary Shares,$6.67,0.01,0.15%,"632,887,079"
VMO,Invesco Municipal Opportunity Trust Common Stock,$9.38,UNCH,--,"632,593,625"
ABTC,American Bitcoin Corp. Class A Common Stock,$8.65,0.33,3.966%,"629,890,517"
OOMA,"Ooma, Inc. Common Stock",$22.81,0.04,0.176%,"629,556,000"
SHEN,Shenandoah Telecommunications Co Common Stock,$11.79,-0.12,-1.008%,"629,169,577"
CTKB,"Cytek Biosciences, Inc. Common Stock",$4.83,0.22,4.772%,"627,819,112"
CARS,Cars.com Inc. Common Stock ,$11.71,0.10,0.861%,"626,868,081"
FOF,"Cohen & Steers Closed-End Opportunity Fund, Inc. Common Stock",$12.75,-0.16,-1.239%,"626,517,507"
DRUG,Bright Minds Biosciences Inc. Common Stock,$63.38,0.20,0.317%,"625,184,186"
ENHA,Enhanced Group Inc. Class A Common Stock,$1.58,0.02,1.282%,"624,694,178"
DDI,"DoubleDown Interactive Co., Ltd. American Depository Shares",$12.60,-0.08,-0.631%,"624,373,344"
GEMI,"Gemini Space Station, Inc. Class A Common Stock",$4.81,0.35,7.848%,"623,627,092"
MGRE,"Affiliated Managers Group, Inc. 6.750% Junior Subordinated Notes due 2064",$21.92,-0.03,-0.137%,"622,792,421"
STTK,"Shattuck Labs, Inc. Common Stock",$6.20,UNCH,--,"622,252,169"
JBI,"Janus International Group, Inc. Common Stock",$4.56,-0.03,-0.654%,"622,147,202"
MG,Mistras Group Inc Common Stock,$19.53,-0.28,-1.413%,"622,028,410"
MATW,Matthews International Corporation Class A Common Stock,$19.91,-0.09,-0.45%,"621,454,274"
BXC,Bluelinx Holdings Inc. Common Stock,$78.83,-0.93,-1.166%,"619,620,906"
CTGO,Contango Silver & Gold Inc. Common Stock,$18.50,0.19,1.038%,"618,652,784"
CTEV,Claritev Corporation Class A Common Stock,$36.44,0.46,1.278%,"617,565,552"
GOOD,Gladstone Commercial Corporation Real Estate Investment Trust,$12.75,0.04,0.315%,"617,195,638"
RSVR,"Reservoir Media, Inc. Common Stock",$9.36,-0.11,-1.162%,"617,111,754"
INN,"Summit Hotel Properties, Inc. Common Stock",$5.72,0.13,2.326%,"616,921,808"
MLR,"Miller Industries, Inc. Common Stock",$54.29,-0.43,-0.786%,"616,310,069"
CGNT,Cognyte Software Ltd. Ordinary Shares,$8.33,0.31,3.865%,"615,590,174"
IPX,IperionX Limited American Depositary Share,$18.13,-0.54,-2.892%,"615,303,319"
FBIOP,"Fortress Biotech, Inc. 9.375% Series A Cumulative Redeemable Perpetual Preferred Stock",$18.44,-0.01,-0.054%,"614,992,311"
CRMD,CorMedix Inc. Common Stock,$7.89,0.065,0.831%,"614,980,716"
ALLO,"Allogene Therapeutics, Inc. Common Stock",$1.78,UNCH,--,"614,973,768"
OCS,Oculis Holding AG Ordinary shares,$10.60,0.04,0.379%,"614,635,043"
RMT,"Royce Micro-Cap Trust, Inc. Common Stock",$13.28,-0.16,-1.19%,"614,453,741"
RMR,The RMR Group Inc. Class A Common Stock,$19.15,0.13,0.683%,"614,336,328"
RILYZ,"BRC Group Holdings, Inc. 5.25% Senior Notes due 2028",$20.13,-0.37,-1.805%,"613,905,939"
BWMX,"Betterware de Mexico, S.A.P.I. de C.V. Ordinary Shares",$15.52,-0.02,-0.129%,"612,808,023"
AQST,"Aquestive Therapeutics, Inc. Common Stock",$4.88,0.10,2.092%,"612,496,842"
SLN,Silence Therapeutics Plc American Depository Share,$13.06,0.04,0.307%,"611,208,000"
VINP,Vinci Compass Investments Ltd. Class A Common Shares,$9.34,-0.10,-1.059%,"611,042,395"
LMB,"Limbach Holdings, Inc. Common Stock",$51.18,0.68,1.347%,"610,321,142"
THM,"International Tower Hill Mines, Ltd. Ordinary Shares (Canada)",$2.33,-0.07,-2.917%,"609,615,312"
FBIZ,"First Business Financial Services, Inc. Common Stock",$72.62,-0.14,-0.192%,"607,707,398"
NVRI,Enviri Corporation Common Stock,$21.55,-0.76,-3.407%,"607,497,064"
NRDS,"NerdWallet, Inc. Class A Common Stock",$9.50,0.07,0.742%,"607,270,153"
CLDT,Chatham Lodging Trust (REIT) Common Shares of Beneficial Interest,$13.01,0.11,0.853%,"605,818,638"
AGMB,AgomAb Therapeutics NV American Depositary Shares,$12.28,-0.78,-5.972%,"604,765,133"
GCBC,"Greene County Bancorp, Inc. Common Stock",$35.48,-0.23,-0.644%,"604,064,208"
WTI,"W&T Offshore, Inc. Common Stock",$4.00,-0.11,-2.676%,"603,771,808"
NCDL,Nuveen Churchill Direct Lending Corp. Common Stock,$12.22,0.07,0.576%,"603,509,934"
YB,Yuanbao Inc. American Depositary Shares,$13.08,-0.83,-5.967%,"602,729,029"
UNTY,"Unity Bancorp, Inc. Common Stock",$59.95,-0.18,-0.299%,"602,052,551"
RGR,"Sturm, Ruger & Company, Inc. Common Stock",$37.63,-0.09,-0.239%,"601,261,773"
EVO,Evotec SE American Depositary Shares,$1.68,-0.05,-2.89%,"597,669,348"
SFST,"Southern First Bancshares, Inc. Common Stock",$63.10,-0.02,-0.032%,"597,667,741"
NUAI,"New Era Energy & Digital, Inc. Common Stock",$5.60,-0.34,-5.724%,"596,732,298"
BWB,"Bridgewater Bancshares, Inc. Common Stock",$21.39,UNCH,--,"596,434,974"
HY,"Hyster-Yale, Inc. Class A common stock",$33.22,-0.39,-1.16%,"595,647,456"
BMM,Blue Moon Metals Inc. Common Shares,$5.68,0.225,4.125%,"595,621,846"
HNST,"The Honest Company, Inc. Common Stock",$5.55,0.14,2.588%,"595,428,303"
JKS,JinkoSolar Holding Company Limited American Depositary Shares (each representing 4 Common Shares),$11.35,-0.10,-0.873%,"594,401,634"
CBNK,"Capital Bancorp, Inc. Common Stock",$36.47,0.22,0.607%,"594,112,930"
BME,Blackrock Health Sciences Trust,$44.49,0.27,0.611%,"593,185,971"
SWBI,"Smith & Wesson Brands, Inc. Common Stock",$13.20,0.05,0.38%,"591,883,776"
ALOY,REalloys Inc. Common Stock,$8.52,0.11,1.308%,"591,449,292"
ASMB,"Assembly Biosciences, Inc. Common Stock",$28.96,-0.84,-2.819%,"589,642,860"
NPB,"Northpointe Bancshares, Inc. Common Stock",$16.98,-0.24,-1.394%,"587,199,677"
SWRD,Stewards Inc Common Stock,$2.78,-0.18,-6.081%,"586,996,897"
WEAV,"Weave Communications, Inc. Common Stock",$7.32,0.01,0.137%,"585,593,551"
CMDB,Costamare Bulkers Holdings Limited Common Stock,$24.21,-0.30,-1.224%,"585,409,227"
NXRT,"NexPoint Residential Trust, Inc. Common Stock",$22.87,0.08,0.351%,"584,324,223"
WHFCL,"WhiteHorse Finance, Inc. 7.875% Notes due 2028",$25.10,0.01,0.04%,"583,401,509"
KIDS,OrthoPediatrics Corp. Common Stock,$22.34,0.28,1.269%,"583,292,664"
NTGR,"NETGEAR, Inc. Common Stock",$21.43,-0.80,-3.599%,"582,446,420"
TECX,"Tectonic Therapeutic, Inc. Common Stock",$29.71,0.66,2.272%,"580,811,664"
NRIM,Northrim BanCorp Inc Common Stock,$26.10,-0.06,-0.229%,"580,588,393"
PRME,"Prime Medicine, Inc. Common Stock",$3.18,0.05,1.597%,"576,778,402"
IIIN,"Insteel Industries, Inc. Common Stock",$29.72,-0.89,-2.908%,"575,327,101"
KE,"Kimball Electronics, Inc. Common Stock",$23.95,-2.22,-8.483%,"574,009,530"
RGNX,REGENXBIO Inc. Common Stock,$8.69,0.16,1.876%,"573,654,638"
ADTN,"ADTRAN Holdings, Inc. Common Stock",$7.04,-0.50,-6.631%,"573,629,105"
CIVB,"Civista Bancshares, Inc. Common Stock",$27.53,0.09,0.328%,"572,465,372"
LPTH,"LightPath Technologies, Inc. Class A Common Stock",$9.11,-0.09,-0.978%,"572,011,498"
UHT,Universal Health Realty Income Trust Common Stock,$41.12,0.72,1.782%,"571,513,886"
ITIC,Investors Title Company Common Stock,$302.54,5.01,1.684%,"571,194,310"
TITN,Titan Machinery Inc. Common Stock,$24.25,1.03,4.436%,"570,672,752"
DCTH,"Delcath Systems, Inc. Common Stock",$16.44,0.53,3.331%,"570,448,190"
XMAX,"XMAX, Inc. Common Stock",$8.83,0.28,3.275%,"569,741,852"
FLGT,"Fulgent Genetics, Inc. Common Stock",$20.65,0.20,0.978%,"568,190,800"
ROMA,Roma Green Finance Limited Class A Ordinary Shares,$9.50,0.06,0.636%,"565,863,425"
IIM,Invesco Value Municipal Income Trust Common Stock,$12.00,-0.11,-0.908%,"564,821,268"
TLRY,"Tilray Brands, Inc. Common Stock ",$4.14,0.12,2.985%,"563,882,817"
FWRD,Forward Air Corporation Common Stock,$16.69,0.06,0.361%,"563,802,587"
KELYA,"Kelly Services, Inc. Class A Common Stock",$16.23,0.35,2.204%,"563,699,435"
TRTX,"TPG RE Finance Trust, Inc. Common Stock",$7.34,-0.08,-1.078%,"563,484,526"
RYAM,Rayonier Advanced Materials Inc. Common Stock,$8.32,-0.18,-2.118%,"562,799,811"
MSIF,"MSC Income Fund, Inc. Common Stock",$12.40,-0.09,-0.721%,"562,280,840"
BRBI,BRBI BR Partners S.A. ADSs,$11.20,UNCH,--,"561,529,315"
SLDP,"Solid Power, Inc. Class A Common Stock",$2.46,-0.07,-2.767%,"561,325,782"
CLB,Core Laboratories Inc. Common Stock,$12.22,-0.28,-2.24%,"560,709,103"
BRSP,"BrightSpire Capital, Inc. Class A Common Stock",$4.43,-0.02,-0.449%,"560,502,117"
ETD,Ethan Allen Interiors Inc. Common Stock,$22.20,0.27,1.231%,"559,495,567"
HQ,Horizon Quantum Holdings Ltd. Class A Ordinary Shares,$10.34,-4.88,-32.063%,"558,071,307"
CTNM,"Contineum Therapeutics, Inc. Class A Common Stock",$14.82,UNCH,--,"557,545,176"
SCTX,Scribe Therapeutics Inc. Common Stock,$29.42,-0.32,-1.076%,"556,970,026"
TMQ,Trilogy Metals Inc. Common Stock,$3.22,-0.05,-1.529%,"556,240,958"
NDMO,Nuveen Dynamic Municipal Opportunities Fund Common Shares of Beneficial Interest,$9.35,-0.09,-0.953%,"555,999,938"
MGR,"Affiliated Managers Group, Inc. 5.875% Junior Subordinated Notes due 2059",$19.55,-0.28,-1.412%,"555,455,832"
DNUT,"Krispy Kreme, Inc. Common Stock",$3.20,-0.01,-0.312%,"555,200,000"
BHFAM,"Brighthouse Financial, Inc. Depositary shares each representing a 1/1,000th Interest in a Share of 4.625% Non-Cumulative Preferred Stock, Series D",$9.65,-0.12,-1.228%,"554,986,583"
ENRD,Einride AB American Depositary Shares,$3.84,0.18,4.918%,"553,595,412"
TMS,Teamshares Inc. Common Stock,$7.51,0.155,2.107%,"553,190,475"
VRRM,Verra Mobility Corporation Class A Common Stock,$3.63,0.08,2.254%,"551,697,579"
ITRG,Integra Resources Corp. Common Shares,$2.71,-0.14,-4.912%,"549,786,020"
ARVN,"Arvinas, Inc. Common Stock",$8.40,-0.05,-0.592%,"549,244,004"
BTBT,"Bit Digital, Inc. Ordinary Shares",$1.52,-0.07,-4.403%,"548,162,925"
BWBBP,"Bridgewater Bancshares, Inc. Depositary Shares, Each Representing a 1/100th Interest in a Share of 5.875% Non-Cumulative Perpetual Preferred Stock, Series A",$19.65,0.02,0.102%,"547,917,122"
PROK,ProKidney Corp. Class A Ordinary Shares,$1.81,0.01,0.556%,"547,204,006"
SDHC,Smith Douglas Homes Corp. Class A Common Stock,$10.76,0.18,1.701%,"546,913,380"
HBCP,"Home Bancorp, Inc. Common Stock",$69.41,0.19,0.274%,"546,308,758"
BWAY,BrainsWay Ltd. American Depositary Shares,$13.63,-0.30,-2.154%,"545,650,144"
PANL,Pangaea Logistics Solutions Ltd. Common Shares,$8.325,-0.085,-1.011%,"545,069,152"
BWFG,"Bankwell Financial Group, Inc. Common Stock",$68.25,-0.32,-0.467%,"544,087,089"
FAC,Factorial Energy Inc. Class A Common Stock,$5.08,-0.23,-4.331%,"543,678,085"
NOAH,Noah Holdings Limited American Depositary Shares,$8.04,-0.10,-1.229%,"539,095,322"
GAU,Galiano Gold Inc.,$2.06,-0.10,-4.63%,"538,879,034"
EBF,"Ennis, Inc. Common Stock",$21.28,-0.02,-0.094%,"538,347,228"
IBEX,IBEX Limited Common Shares,$40.49,0.69,1.734%,"537,651,891"
YORW,York Water Company (The) Common Stock,$33.06,-0.11,-0.332%,"536,516,888"
SD,"SandRidge Energy, Inc. Common Stock",$14.47,-0.16,-1.094%,"536,479,533"
RFI,"Cohen & Steers Total Return Realty Fund, Inc. Common Stock",$10.89,-0.12,-1.09%,"535,119,659"
OVID,Ovid Therapeutics Inc. Common Stock,$2.74,0.05,1.859%,"535,116,128"
DDD,3D Systems Corporation Common Stock,$3.21,-0.11,-3.313%,"533,331,957"
EPRX,Eupraxia Pharmaceuticals Inc. Common Stock,$8.07,-0.35,-4.157%,"531,866,520"
VGM,Invesco Trust for Investment Grade Municipals Common Stock (DE),$9.77,-0.08,-0.812%,"529,846,327"
BSRR,Sierra Bancorp Common Stock,$40.84,0.11,0.27%,"529,425,133"
MSBIP,"Midland States Bancorp, Inc. Depositary Shares Each Representing a 1/40th Interest in a Share of 7.750% Fixed-Rate Reset Non-Cumulative Perpetual Preferred Stock, Series A",$25.50,0.0808,0.318%,"529,178,856"
NMCO,Nuveen Municipal Credit Opportunities Fund Common Shares,$9.66,-0.01,-0.103%,"529,092,439"
CLMB,"Climb Global Solutions, Inc. Common Stock",$28.33,0.83,3.018%,"528,655,903"
NB,NioCorp Developments Ltd. Common Stock,$3.63,-0.175,-4.599%,"528,480,984"
ESEA,Euroseas Ltd. Common Stock (Marshall Islands),$74.80,0.24,0.322%,"527,779,899"
WRN,Western Copper and Gold Corporation Common Stock,$2.33,-0.08,-3.32%,"526,988,743"
TYG,Tortoise Energy Infrastructure Corporation Common Stock,$44.12,-0.03,-0.068%,"526,259,080"
BSVN,Bank7 Corp. Common stock,$55.24,0.35,0.638%,"526,208,285"
QUAD,"Quad Graphics, Inc Class A Common Stock",$10.22,0.12,1.188%,"525,934,506"
DDL,Dingdong (Cayman) Limited American Depositary Shares (each two representing three Ordinary Shares),$2.22,0.08,3.738%,"524,425,461"
EOLS,"Evolus, Inc. Common Stock",$7.93,0.09,1.148%,"523,779,989"
PBAM,"Private Bancorp of America, Inc. Common Stock",$91.20,0.35,0.385%,"522,556,666"
RILYL,"BRC Group Holdings, Inc. Depositary Shares each representing 1/1000th in a share of 7.375% Series B Cumulative Perpetual Preferred Stock, par value $0.0001",$12.99,-0.10,-0.764%,"522,194,817"
CSV,"Carriage Services, Inc. Common Stock",$32.84,0.32,0.984%,"521,574,601"
NKLR,Terra Innovatum Global N.V. Ordinary shares,$4.72,-0.39,-7.632%,"521,564,286"
NEXN,Nexxen International Ltd. Ordinary Shares,$9.36,0.20,2.183%,"521,546,491"
AGCC,Agencia Comercial Spirits Ltd Class A Ordinary Shares,$13.95,0.25,1.825%,"520,146,675"
AII,"American Integrity Insurance Group, Inc. Common Stock",$26.49,0.56,2.16%,"519,029,881"
BBCP,"Concrete Pumping Holdings, Inc. Common Stock",$10.29,-0.14,-1.342%,"518,548,292"
VKQ,Invesco Municipal Trust Common Stock,$9.37,-0.02,-0.213%,"518,493,776"
IQI,Invesco Quality Municipal Income Trust Common Stock,$9.78,-0.07,-0.711%,"517,203,535"
IPI,"Intrepid Potash, Inc Common Stock",$38.42,-1.26,-3.175%,"517,005,415"
LAES,SEALSQ Corp Ordinary Shares,$2.32,-0.06,-2.521%,"516,835,678"
AUTL,Autolus Therapeutics plc American Depositary Share,$1.94,0.06,3.191%,"516,355,328"
GFUZ,General Fusion Group Ltd. Common Shares,$8.12,-0.29,-3.448%,"516,015,615"
ILPT,Industrial Logistics Properties Trust Common Shares of Beneficial Interest,$7.73,-0.03,-0.387%,"515,945,660"
SLI,Standard Lithium Ltd. Common Shares,$2.09,-0.14,-6.278%,"515,778,899"
OBT,"Orange County Bancorp, Inc. Common Stock",$38.38,0.10,0.261%,"514,597,620"
CERS,Cerus Corporation Common Stock,$2.55,0.06,2.41%,"513,888,490"
BDN,Brandywine Realty Trust Common Stock,$2.94,-0.07,-2.326%,"513,256,077"
FWDI,"Forward Industries, Inc. Common Stock",$6.95,0.40,6.107%,"513,235,837"
ARKO,ARKO Corp. Common Stock,$4.57,0.05,1.106%,"512,688,745"
VHI,"Valhi, Inc. Common Stock",$18.10,-0.16,-0.876%,"512,613,593"
SWMR,"Swarmer, Inc Common Stock",$32.16,-7.43,-18.767%,"512,533,309"
CAPR,"Capricor Therapeutics, Inc. Common Stock",$8.81,0.44,5.257%,"512,204,493"
TCMD,"Tactile Systems Technology, Inc. Common Stock",$22.57,0.17,0.759%,"511,262,095"
COFS,"ChoiceOne Financial Services, Inc. Common Stock",$34.15,0.10,0.294%,"510,731,008"
HQL,abrdn Life Sciences Investors Shares of Beneficial Interest,$19.86,0.10,0.506%,"509,997,571"
EIKN,"Eikon Therapeutics, Inc. Common Stock",$9.36,0.42,4.698%,"506,984,681"
GTN,"Gray Media, Inc. Common Stock",$4.92,0.07,1.443%,"506,683,164"
AMCX,AMC Global Media Inc. Class A Common Stock,$12.27,0.10,0.822%,"506,137,144"
OIS,"Oil States International, Inc. Common Stock",$8.39,-0.30,-3.452%,"506,106,773"
WNC,Wabash National Corporation Common Stock,$12.41,-0.14,-1.116%,"505,548,317"
OLP,"One Liberty Properties, Inc. Common Stock",$23.10,-0.10,-0.431%,"504,158,054"
WTBA,West Bancorporation Common Stock,$29.51,0.14,0.477%,"502,960,856"
ETO,Eaton Vance Tax-Advantage Global Dividend Opp Common Stock,$30.66,-0.27,-0.873%,"502,460,311"
GRVY,"GRAVITY Co., Ltd. American Depository Shares",$72.26,0.97,1.361%,"502,127,514"
CTRN,"Citi Trends, Inc. Common Stock",$60.20,-0.42,-0.693%,"502,034,709"
TATT,TAT Technologies Ltd. Ordinary Shares,$38.62,0.16,0.416%,"501,408,751"
KRUS,"Kura Sushi USA, Inc. Class A Common Stock",$41.26,0.46,1.127%,"501,302,233"
NPCE,"Neuropace, Inc. Common Stock",$14.59,0.55,3.917%,"500,791,158"
ALTI,"AlTi Global, Inc. Class A Common Stock",$3.21,-0.08,-2.432%,"500,578,417"
SOUNW,"SoundHound AI, Inc. Warrant",$1.04,0.03,2.97%,"500,244,870"
ZURA,Zura Bio Limited Class A Ordinary Shares,$5.21,UNCH,--,"499,269,804"
RILYP,"BRC Group Holdings, Inc. Depositary Shares, each representing a 1/1000th fractional interest in a share of Series A Cumulative Perpetual Preferred Stock",$12.40,-0.2399,-1.898%,"498,476,962"
ULH,"Universal Logistics Holdings, Inc. Common Stock",$18.89,0.38,2.053%,"498,087,836"
URG,Ur Energy Inc Common Shares (Canada),$1.25,-0.04,-3.101%,"497,329,650"
IRD,"Opus Genetics, Inc. Common Stock",$5.97,-0.07,-1.159%,"496,679,063"
BALY,Bally's Corporation Common Stock,$9.84,0.67,7.306%,"496,620,096"
ARTV,"Artiva Biotherapeutics, Inc. Common Stock",$10.14,-0.08,-0.783%,"495,745,827"
PRTH,"Priority Technology Holdings, Inc. Common Stock",$6.005,0.065,1.094%,"495,054,434"
NRC,NRC Health Common Stock,$22.31,1.19,5.634%,"493,487,517"
CABA,"Cabaletta Bio, Inc. Common Stock",$2.91,0.18,6.593%,"493,377,245"
FMAO,"Farmers & Merchants Bancorp, Inc. Common Stock",$35.81,0.34,0.959%,"493,216,931"
GOTU,Gaotu Techedu Inc. American Depositary Shares,$2.06,-0.04,-1.905%,"491,190,195"
PDLB,"Ponce Financial Group, Inc. Common Stock",$20.27,-0.27,-1.315%,"490,288,753"
GLRE,"Greenlight Capital Re, Ltd. Class A Ordinary Shares",$15.02,0.05,0.334%,"490,272,987"
ENTX,Entera Bio Ltd. Ordinary Shares,$2.82,-0.02,-0.704%,"490,212,644"
ASPI,ASP Isotopes Inc. Common Stock,$3.19,-0.12,-3.625%,"489,056,922"
MCFT,"MasterCraft Boat Holdings, Inc. Common Stock",$20.07,0.43,2.189%,"488,491,176"
CMCL,Caledonia Mining Corporation Plc Common Shares,$25.22,-0.48,-1.868%,"487,630,692"
MEI,"Methode Electronics, Inc. Common Stock",$13.62,-1.03,-7.031%,"485,485,622"
GORO,Goldgroup Mining Inc. Common Shares,$3.57,-0.03,-0.833%,"484,251,290"
STRZ,Starz Entertainment Corp. Common Shares,$28.26,2.39,9.239%,"483,929,072"
MBUU,"Malibu Boats, Inc. Class A Common Stock",$24.52,-0.37,-1.487%,"482,486,808"
VOGX,Vogenx Inc Common Stock,$32.42,-0.29,-0.887%,"481,601,921"
RWT,"Redwood Trust, Inc. Common Stock",$3.83,0.28,7.887%,"481,095,615"
XRN,Chiron Real Estate Inc. Common Stock,$36.27,0.28,0.778%,"480,136,094"
KMDA,Kamada Ltd. Ordinary Shares,$8.31,0.39,4.924%,"479,572,635"
CCOI,"Cogent Communications Holdings, Inc.",$9.32,-0.01,-0.107%,"477,330,660"
HUYA,"HUYA Inc. American depositary shares, each  representing one Class A ordinary share",$2.09,0.05,2.451%,"477,285,134"
FTHY,First Trust High Yield Opportunities 2027 Term Fund Common Stock,$12.96,-0.04,-0.308%,"476,577,937"
CMCO,Columbus McKinnon Corporation Common Stock,$16.45,-1.29,-7.272%,"474,816,814"
SRTA,"Strata Critical Medical, Inc. Class A Common Stock",$5.36,0.165,3.176%,"474,182,080"
IMSR,Terrestrial Energy Inc. Common Stock  ,$4.475,-0.27,-5.69%,"474,060,262"
RLMD,"Relmada Therapeutics, Inc. Common Stock",$4.44,-0.08,-1.77%,"473,614,116"
VCV,Invesco California Value Municipal Income Trust Common Stock,$9.87,-0.06,-0.604%,"472,679,482"
PBYI,Puma Biotechnology Inc Common Stock,$9.14,0.02,0.219%,"471,807,403"
MTC,"MMTec, Inc. Common Shares",$4.73,-0.01,-0.211%,"471,050,346"
CIX,CompX International Inc. Common Stock,$38.15,2.50,7.013%,"470,643,465"
NVEC,NVE Corporation Common Stock,$97.26,-3.25,-3.234%,"470,462,765"
FPI,Farmland Partners Inc. Common Stock,$10.75,0.05,0.467%,"469,030,262"
CZNC,Citizens & Northern Corp Common Stock,$26.09,0.12,0.462%,"467,920,680"
SENS,"Senseonics Holdings, Inc. Common Stock",$8.84,0.13,1.493%,"467,406,629"
SBC,SBC Medical Group Holdings Incorporated Common Stock,$4.54,0.08,1.794%,"466,925,121"
JOUT,Johnson Outdoors Inc. Class A Common Stock,$44.55,-0.06,-0.134%,"466,869,299"
MFI,mF International Limited Class A Ordinary Shares,$9.30,-0.0501,-0.536%,"466,641,311"
ATNI,"ATN International, Inc. Common Stock",$30.26,-0.06,-0.198%,"466,105,583"
LOCO,"El Pollo Loco Holdings, Inc. Common Stock",$15.30,0.12,0.791%,"465,623,936"
AHRT,"AH Realty Trust, Inc. Common Stock",$6.24,-0.08,-1.266%,"465,460,270"
AMSF,"AMERISAFE, Inc. Common Stock",$25.10,0.33,1.332%,"465,255,056"
EVH,"Evolent Health, Inc Class A Common Stock",$4.10,-0.09,-2.148%,"463,543,274"
ZKH,"ZKH Group Limited American Depositary Shares, each representing thirty-five (35) Class A Ordinary Shares",$2.91,-0.01,-0.342%,"462,455,212"
CBK,"Commercial Bancgroup, Inc. Common Stock",$33.75,-0.12,-0.354%,"462,417,863"
GUT,Gabelli Utility Trust (The) Common Stock,$6.30,-0.11,-1.716%,"462,413,883"
LXFR,Luxfer Holdings PLC Ordinary Shares,$17.26,-0.04,-0.231%,"461,864,500"
MEC,"Mayville Engineering Company, Inc. Common Stock",$18.09,-1.01,-5.288%,"461,300,988"
OXM,"Oxford Industries, Inc. Common Stock",$30.79,-0.74,-2.347%,"461,181,056"
ADUR,Aduro Clean Technologies Inc. Common Stock,$12.91,0.01,0.078%,"460,948,297"
SPIR,"Spire Global, Inc. Class A Common Stock",$11.34,-0.08,-0.701%,"460,657,687"
NGS,"Natural Gas Services Group, Inc. Common Stock",$35.60,-2.27,-5.994%,"459,178,946"
IDR,"Idaho Strategic Resources, Inc. Common Stock",$29.01,-1.90,-6.147%,"459,117,192"
TWI,"Titan International, Inc. (DE) Common Stock",$7.10,-0.09,-1.252%,"458,250,699"
SPCE,"Virgin Galactic Holdings, Inc. Common Stock",$3.02,0.10,3.425%,"457,819,627"
KYTX,"Kyverna Therapeutics, Inc. Common Stock",$7.40,0.14,1.928%,"457,641,486"
MGRB,"Affiliated Managers Group, Inc. 4.750% Junior Subordinated Notes due 2060",$16.06,-0.085,-0.526%,"456,297,732"
EVGO,EVgo Inc. Class A Common Stock,$1.45,0.09,6.618%,"456,047,794"
ETB,Eaton Vance Tax-Managed Buy-Write Income Fund Eaton Vance Tax-Managed Buy-Write Income Fund Common Shares of Beneficial Interest,$15.50,-0.04,-0.257%,"455,256,669"
PRTA,Prothena Corporation plc Ordinary Shares,$8.86,-0.07,-0.784%,"454,845,590"
CBAN,"Colony Bankcorp, Inc. Common Stock",$21.40,-0.06,-0.28%,"454,128,651"
FRBA,First Bank Common Stock,$17.99,0.06,0.335%,"452,167,910"
RBB,RBB Bancorp Common Stock,$26.67,0.12,0.452%,"451,148,760"
DNA,"Ginkgo Bioworks Holdings, Inc. Class A Common Stock",$7.01,0.26,3.852%,"451,025,342"
MTLS,Materialise NV American Depositary Shares,$7.63,-0.01,-0.131%,"450,682,629"
OPTU,"Optimum Communications, Inc. Class A common stock",$0.9881,-0.0319,-3.127%,"450,163,395"
CWCO,Consolidated Water Co. Ltd. Ordinary Shares,$28.03,-0.13,-0.462%,"448,840,606"
SGHT,"Sight Sciences, Inc. Common Stock",$8.13,-0.01,-0.123%,"447,865,359"
BMRC,Bank of Marin Bancorp Common Stock,$27.65,-0.14,-0.504%,"447,770,957"
SPRY,"ARS Pharmaceuticals, Inc. Common Stock",$4.50,-0.26,-5.462%,"447,513,044"
ASTL,Algoma Steel Group Inc. Common Shares,$4.24,-0.02,-0.469%,"446,847,745"
PBFS,"Pioneer Bancorp, Inc. Common Stock",$17.97,-0.09,-0.498%,"446,404,684"
FVR,"FrontView REIT, Inc. Common Stock",$18.24,-0.24,-1.299%,"446,076,583"
NMG,Nouveau Monde Graphite Inc. Common Shares,$1.35,UNCH,--,"444,361,721"
AVBC,"Avidia Bancorp, Inc. Common Stock",$22.18,0.41,1.883%,"442,941,387"
VFSWW,VinFast Auto Ltd. Warrant,$0.1892,-0.0667,-26.065%,"442,640,213"
ACIC,American Coastal Insurance Corporation Common Stock,$9.36,0.02,0.214%,"442,464,310"
ASIX,AdvanSix Inc. Common Stock ,$16.33,-0.27,-1.627%,"440,929,367"
GLAD,Gladstone Capital Corporation Common Stock,$19.47,-0.01,-0.051%,"439,887,053"
GBLI,"Global Indemnity Group, LLC Class A Common Stock ",$30.00,0.50,1.695%,"439,218,420"
BLW,Blackrock Limited Duration Income Trust,$12.28,-0.10,-0.808%,"438,534,187"
RMNI,"Rimini Street, Inc. (DE) Common Stock",$4.69,0.15,3.304%,"437,839,640"
ACTG,Acacia Research Corporation (Acacia Tech) Common Stock,$4.48,-0.09,-1.969%,"437,188,886"
PLBC,Plumas Bancorp,$62.66,-0.06,-0.096%,"436,051,943"
XRX,Xerox Holdings Corporation Common Stock,$3.31,-0.12,-3.499%,"434,651,031"
ARCT,Arcturus Therapeutics Holdings Inc. Common Stock,$15.29,0.56,3.802%,"434,588,725"
REAX,Real REMAX Group Inc. Common Stock,$19.81,-0.47,-2.318%,"434,235,200"
HVT,"Haverty Furniture Companies, Inc. Common Stock",$27.83,0.23,0.833%,"433,970,612"
CAL,"Caleres, Inc. Common Stock",$12.54,0.03,0.24%,"432,692,412"
TRC,Tejon Ranch Co Common Stock,$15.95,-0.26,-1.604%,"430,992,032"
VITL,"Vital Farms, Inc. Common Stock",$10.03,0.29,2.977%,"430,603,166"
IMXI,"International Money Express, Inc. Common Stock",$14.17,0.07,0.496%,"428,098,755"
ADV,Advantage Solutions Inc. Class A Common Stock,$33.32,UNCH,--,"427,236,704"
USCB,"USCB Financial Holdings, Inc. Class A Common Stock",$23.10,-0.06,-0.259%,"426,760,257"
AVIR,"Atea Pharmaceuticals, Inc. Common Stock",$5.32,0.01,0.188%,"426,688,999"
CDRO,"Codere Online Luxembourg, S.A. Ordinary Shares",$9.36,0.04,0.429%,"425,598,404"
ISTR,Investar Holding Corporation Common Stock,$30.80,-0.07,-0.227%,"424,332,401"
TRX,TRX Gold Corporation Common Stock,$1.29,0.16,14.159%,"422,441,472"
CHCT,Community Healthcare Trust Incorporated Common Stock,$14.74,0.13,0.89%,"422,357,631"
CCCC,"C4 Therapeutics, Inc. Common Stock",$3.43,-0.08,-2.279%,"421,976,216"
FISN,"Deep Fission, Inc. Common Stock",$7.16,UNCH,--,"421,766,516"
RDIB,Reading International Inc Class B Common Stock,$18.42,1.40,8.226%,"421,636,139"
WEYS,"Weyco Group, Inc. Common Stock",$44.13,-0.46,-1.032%,"421,484,880"
FRPH,"FRP Holdings, Inc. Common Stock",$21.93,-0.22,-0.993%,"421,018,741"
EDIT,"Editas Medicine, Inc. Common Stock",$2.74,0.04,1.481%,"420,809,296"
GMTL,Guardian Metal Resources PLC ADS,$10.56,0.03,0.285%,"419,859,285"
PACB,"Pacific Biosciences of California, Inc. Common Stock",$1.35,0.05,3.846%,"419,621,525"
ECX,ECARX Holdings Inc. Class A Ordinary shares,$1.10,0.03,2.804%,"419,165,982"
QNC,Quantum eMotion Corp. Common Shares,$1.91,0.21,12.353%,"419,091,570"
KREF,KKR Real Estate Finance Trust Inc. Common Stock,$7.15,UNCH,--,"418,832,328"
CARL,"Carlsmed, Inc. Common Stock",$15.34,0.61,4.141%,"418,824,078"
GNE,Genie Energy Ltd. Class B Common Stock Stock,$15.90,0.12,0.76%,"418,482,006"
INDP,"Indaptus Therapeutics, Inc. Common Stock",$3.14,0.37,13.357%,"418,380,897"
SGU,Star Group L.P. Common Stock,$12.74,-0.14,-1.087%,"418,014,892"
HBB,Hamilton Beach Brands Holding Company Class A Common Stock ,$31.05,1.05,3.50%,"417,384,409"
BTQ,BTQ Technologies Corp. Common Stock,$2.83,UNCH,--,"416,238,316"
CYH,"Community Health Systems, Inc. Common Stock",$2.95,0.03,1.027%,"415,977,603"
CPS,Cooper-Standard Holdings Inc. Common Stock,$23.41,-0.69,-2.863%,"415,977,159"
OTLY,Oatly Group AB American Depositary Shares,$13.02,0.31,2.439%,"415,497,599"
BNTC,Benitec Biopharma Inc. Common Stock,$12.08,-0.11,-0.902%,"415,000,355"
BOC,Boston Omaha Corporation Class A Common Stock,$13.71,0.14,1.032%,"413,035,220"
SFIX,"Stitch Fix, Inc. Class A Common Stock",$3.09,0.14,4.746%,"412,285,895"
IIIV,"i3 Verticals, Inc. Class A Common Stock",$15.65,0.10,0.643%,"411,939,441"
MGRD,"Affiliated Managers Group, Inc. 4.200% Junior Subordinated Notes due 2061",$14.4841,-0.0559,-0.384%,"411,523,162"
EVN,Eaton Vance Municipal Income Trust Common Stock,$10.37,-0.05,-0.48%,"411,348,480"
CINT,CI&T Inc Class A Common Shares,$3.19,-0.04,-1.238%,"411,158,312"
CLPT,"ClearPoint Neuro, Inc. Common Stock",$13.46,-0.26,-1.895%,"410,586,895"
ORBS,Eightco Holdings Inc. Common Stock,$0.9551,-0.0183,-1.88%,"410,480,395"
ALLT,Allot Ltd. Ordinary Shares,$8.38,0.86,11.436%,"409,975,570"
MAGN,Magnera Corporation Common Stock,$11.45,-0.25,-2.137%,"409,910,000"
CHMG,Chemung Financial Corp Common Stock,$84.99,-0.11,-0.129%,"409,776,905"
AIOT,"PowerFleet, Inc. Common Stock",$3.05,0.05,1.667%,"409,389,050"
RZLT,"Rezolute, Inc. Common Stock (NV)",$4.25,0.03,0.711%,"409,242,407"
DDT,Dillard's Capital Trust I,$26.19,0.2517,0.97%,"409,073,422"
BRCB,"Black Rock Coffee Bar, Inc. Class A Common Stock",$8.16,-0.32,-3.774%,"408,593,061"
PRE,Prenetics Global Limited Class A Ordinary Share,$24.12,0.65,2.769%,"408,537,806"
TRVG,trivago N.V. American Depositary Shares,$5.77,0.15,2.669%,"407,475,519"
PKBK,"Parke Bancorp, Inc. Common Stock",$34.62,-0.10,-0.288%,"407,182,091"
MVBF,MVB Financial Corp. Common Stock,$31.38,0.05,0.16%,"406,920,370"
LAND,Gladstone Land Corporation Common Stock,$9.41,-0.14,-1.466%,"405,915,152"
BBOT,"BridgeBio Oncology Therapeutics, Inc. Common Stock  ",$5.05,0.10,2.02%,"404,880,048"
NPWR,NET Power Inc. Class A Common Stock,$1.80,-0.11,-5.759%,"404,745,410"
ASPN,"Aspen Aerogels, Inc. Common Stock",$4.87,-0.04,-0.815%,"404,155,378"
NATH,"Nathan's Famous, Inc. Common Stock",$98.31,0.34,0.347%,"402,841,053"
PHOE,Phoenix Asia Holdings Limited Ordinary Shares,$18.63,-0.84,-4.314%,"402,408,000"
MASS,908 Devices Inc. Common Stock,$9.73,0.21,2.206%,"402,176,950"
MNRO,"Monro, Inc. Common Stock",$12.86,0.07,0.547%,"402,055,812"
FCBM,"First Carolina Financial Services, Inc. Common Stock",$12.93,UNCH,--,"401,720,256"
TTRX,Turn Therapeutics Inc. Common Stock,$13.45,0.76,5.989%,"400,649,138"
HCMA,HCM III Acquisition Corp. Class A Ordinary Share,$10.32,UNCH,--,"400,545,000"
FRST,Primis Financial Corp. Common Stock,$16.15,UNCH,--,"400,505,013"
FNLC,"First Bancorp, Inc  (ME) Common Stock",$35.28,0.33,0.944%,"398,040,955"
CGC,Canopy Growth Corporation Common Shares,$0.9384,0.0107,1.153%,"396,978,554"
CZFS,"Citizens Financial Services, Inc. Common Stock",$82.47,0.26,0.316%,"396,668,742"
REI,"Ring Energy, Inc. Common Stock",$1.52,-0.01,-0.654%,"396,020,203"
SAZ,Saratoga Investment Corp 8.50% Notes due 2028,$25.18,-0.07,-0.277%,"394,523,539"
AXG,Solowin Holdings Class A Ordinary Share,$2.04,-0.09,-4.225%,"393,931,807"
SHIP,Seanergy Maritime Holdings Corp. Common Stock,$18.16,-0.25,-1.358%,"393,494,476"
SAY,Saratoga Investment Corp 8.125% Notes due 2027,$25.11,UNCH,--,"393,426,769"
SAJ,Saratoga Investment Corp 8.00% Notes due 2027,$25.0956,-0.0644,-0.256%,"393,201,148"
GEVO,"Gevo, Inc. Common Stock",$1.59,0.02,1.274%,"393,106,995"
PCB,PCB Bancorp Common Stock,$27.97,0.09,0.323%,"392,827,518"
LRMR,"Larimar Therapeutics, Inc. Common Stock",$3.78,-0.14,-3.571%,"392,677,502"
VOXR,Vox Royalty Corp. Common Stock,$5.65,-0.14,-2.418%,"392,648,355"
SAT,Saratoga Investment Corp 6.00% Notes due 2027,$25.06,0.02,0.08%,"392,643,363"
ARQQ,Arqit Quantum Inc. Ordinary Shares,$16.29,-3.76,-18.753%,"392,435,630"
CLNE,Clean Energy Fuels Corp. Common Stock,$1.78,0.15,9.202%,"392,392,127"
BMBL,Bumble Inc. Class A Common Stock,$2.97,-0.02,-0.669%,"391,945,893"
GREEL,Vulcan Infrastructure and Power Inc. 8.50% Senior Notes due 2026,$25.0031,-0.009,-0.036%,"391,884,013"
ACCO,Acco Brands Corporation Common Stock,$4.24,UNCH,--,"391,384,088"
CLFD,"Clearfield, Inc. Common Stock",$28.73,-1.29,-4.297%,"390,267,027"
HTT,"High Templar Tech Limited American depositary shares, each representing one Class A ordinary share",$2.51,0.01,0.40%,"389,761,595"
TREE,"LendingTree, Inc. Common Stock",$27.76,0.94,3.505%,"389,738,213"
BIOA,"BioAge Labs, Inc. Common Stock",$8.48,-0.01,-0.118%,"389,205,788"
FSTR,L.B. Foster Company Common Stock,$36.97,-0.62,-1.649%,"388,915,638"
PESI,"Perma-Fix Environmental Services, Inc. Common Stock",$18.28,-0.49,-2.611%,"387,871,456"
RNGR,"Ranger Energy Services, Inc. Class A Common Stock",$16.56,-0.79,-4.553%,"387,537,501"
MCI,Barings Corporate Investors Common Stock,$19.12,-0.42,-2.149%,"387,404,067"
GALT,Galectin Therapeutics Inc. Common Stock,$3.84,-0.07,-1.79%,"387,262,633"
SOR,"Source Capital, Inc. Cmn Shs of BI",$46.16,-0.395,-0.848%,"385,181,335"
ATLCZ,Atlanticus Holdings Corporation 9.25% Senior Notes due 2029,$25.46,-0.0201,-0.079%,"385,093,932"
RLGT,"Radiant Logistics, Inc. Common Stock",$8.21,0.08,0.984%,"384,487,978"
SERV,Serve Robotics Inc. Common Stock,$4.43,-0.05,-1.116%,"384,114,256"
SDHY,PGIM Short Duration High Yield Opportunities Fund Common Shares,$15.52,-0.13,-0.831%,"382,925,829"
ENTA,"Enanta Pharmaceuticals, Inc. Common Stock",$13.12,0.16,1.235%,"382,125,274"
SI,"Shoulder Innovations, Inc. Common Stock",$18.35,-0.18,-0.971%,"382,027,861"
CURR,Currenc Group Inc. Ordinary Shares,$3.40,0.02,0.592%,"381,758,409"
TACO,Berto Acquisition Corp. Ordinary Shares,$10.47,-0.015,-0.143%,"381,550,169"
ATLCL,Atlanticus Holdings Corporation 6.125% Senior Notes due 2026,$25.21,-0.01,-0.04%,"381,312,569"
BNED,"Barnes & Noble Education, Inc Common Stock",$10.99,-0.24,-2.137%,"380,968,130"
WSBF,"Waterstone Financial, Inc. Common Stock (MD)",$21.17,-0.20,-0.936%,"380,573,683"
DSC,DSC Holdings Ltd. American Depositary Shares,$7.59,-0.3201,-4.047%,"380,050,214"
KNOP,KNOT Offshore Partners LP Common Units representing Limited Partner Interests,$11.28,0.05,0.445%,"379,688,658"
NWFL,Norwood Financial Corp. Common Stock,$34.75,0.23,0.666%,"378,847,072"
EVMN,"Evommune, Inc. Common Stock",$10.43,-0.11,-1.044%,"378,526,739"
GCO,Genesco Inc. Common Stock,$34.97,-0.15,-0.427%,"378,380,715"
DGXX,Digi Power X Inc. Subordinate Voting Shares,$3.73,-0.08,-2.10%,"378,197,214"
CRNC,Cerence Inc. Common Stock,$8.35,-0.16,-1.88%,"377,672,646"
AUNA,Auna SA Class A Ordinary Shares,$5.09,-0.08,-1.547%,"376,725,992"
VKI,Invesco Advantage Municipal Income Trust II Common Shares of Beneficial Interest (DE),$8.48,-0.06,-0.703%,"376,563,050"
RCKT,"Rocket Pharmaceuticals, Inc. Common Stock",$3.43,0.08,2.388%,"376,526,868"
FENC,Fennec Pharmaceuticals Inc. Common Stock,$10.72,-0.24,-2.19%,"375,564,480"
GTE,Gran Tierra Energy Inc. Common Stock,$10.57,-0.22,-2.039%,"373,971,135"
WDH,Waterdrop Inc. American Depositary Shares (each representing the right to receive 10 Class A Ordinary Shares),$1.04,0.02,1.961%,"373,674,031"
SION,"Sionna Therapeutics, Inc. Common Stock",$8.26,0.41,5.223%,"373,454,416"
BKKT,"Bakkt, Inc. Class A Common Stock",$8.27,0.09,1.10%,"372,724,418"
LWAY,"Lifeway Foods, Inc. Common Stock",$24.67,0.06,0.244%,"372,683,448"
SLP,"Simulations Plus, Inc. Common Stock",$18.42,UNCH,--,"372,541,516"
OPRT,Oportun Financial Corporation Common Stock,$8.10,0.23,2.922%,"372,496,749"
OFIX,Orthofix Medical Inc. Common Stock (DE),$9.11,0.18,2.016%,"371,074,059"
LND,Brasilagro Brazilian Agric Real Estate Co Sponsored ADR (Brazil),$3.61,-0.10,-2.695%,"370,687,233"
NECB,"NorthEast Community Bancorp, Inc. Common Stock",$26.91,0.11,0.41%,"370,444,648"
DSX,Diana Shipping inc. common stock,$2.96,-0.01,-0.337%,"368,264,555"
VALU,"Value Line, Inc. Common Stock",$39.21,-0.08,-0.204%,"367,929,897"
DIN,"Dine Brands Global, Inc. Common Stock",$29.01,0.72,2.545%,"367,241,942"
GRRR,Gorilla Technology Group Inc. Ordinary shares,$13.22,-0.37,-2.723%,"366,953,806"
RR,Richtech Robotics Inc. Class B Common Stock,$1.63,-0.02,-1.212%,"366,916,167"
EYPT,"EyePoint, Inc. Common Stock",$4.25,0.02,0.473%,"366,401,587"
PRLD,Prelude Therapeutics Incorporated Common Stock,$4.59,UNCH,--,"366,297,996"
CCAP,"Crescent Capital BDC, Inc. Common stock",$9.94,0.02,0.202%,"366,248,763"
TKNO,"Alpha Teknova, Inc. Common Stock",$6.82,0.11,1.639%,"366,153,838"
BRBS,"Blue Ridge Bankshares, Inc. Common Stock",$4.08,-0.01,-0.244%,"365,930,520"
LEO,"BNY Mellon Strategic Municipals, Inc. Common Stock",$5.86,-0.06,-1.014%,"365,024,404"
IHRT,"iHeartMedia, Inc. Class A Common Stock",$2.73,0.03,1.111%,"364,998,617"
ORN,"Orion Group Holdings, Inc. Common",$9.01,-0.35,-3.739%,"364,862,563"
ARTNA,Artesian Resources Corporation Class A Common Stock,$35.33,-0.52,-1.45%,"364,857,185"
CNCK,Coincheck Group N.V. Ordinary Shares,$1.90,-0.02,-1.042%,"364,416,149"
TSBK,"Timberland Bancorp, Inc. Common Stock",$46.81,0.34,0.732%,"363,979,019"
OPI,Office Properties Income Trust Common shares of beneficial interest,$16.54,-0.30,-1.781%,"363,112,164"
MYGN,"Myriad Genetics, Inc. Common Stock",$3.79,0.37,10.819%,"362,512,155"
ATLCP,"Atlanticus Holdings Corporation 7.625% Series B Cumulative Perpetual Preferred Stock, no par value per share",$23.875,-0.175,-0.728%,"362,184,657"
IPSC,"Century Therapeutics, Inc. Common Stock",$2.00,0.06,3.093%,"362,150,642"
ERII,"Energy Recovery, Inc. Common Stock",$7.09,-0.46,-6.093%,"361,908,164"
GOGO,Gogo Inc. Common Stock,$2.67,0.05,1.908%,"361,805,992"
OCGN,"Ocugen, Inc. Common Stock",$1.06,0.04,3.922%,"359,457,025"
XFOR,"X4 Pharmaceuticals, Inc. Common Stock",$3.62,0.12,3.429%,"358,911,210"
MRAM,"Everspin Technologies, Inc. Common Stock",$14.73,-1.49,-9.186%,"358,675,633"
NOA,North American Construction Group Ltd. Common Shares (no par),$12.92,-0.57,-4.225%,"358,019,169"
SOHU,Sohu.com Limited American Depositary Shares,$13.72,0.045,0.329%,"357,666,982"
RBBN,Ribbon Communications Inc. Common Stock,$2.00,0.01,0.503%,"357,646,704"
MSC,"Studio City International Holdings Limited American depositary shares, each representing four  Class A ordinary shares",$1.6956,-0.0744,-4.203%,"357,290,245"
PALI,"Palisade Bio, Inc. Common Stock",$2.05,-0.01,-0.485%,"357,254,644"
LSAK,"Lesaka Technologies, Inc. Common Stock",$4.16,-0.11,-2.576%,"357,028,231"
PERI,Perion Network Ltd. Ordinary Shares,$9.06,-0.13,-1.415%,"356,332,690"
TDUP,ThredUp Inc. Class A Common Stock,$2.71,0.10,3.831%,"355,914,192"
PPHC,"Public Policy Holding Company, Inc. Common Stock",$11.89,0.40,3.481%,"355,454,986"
OBIO,"Orchestra BioMed Holdings, Inc. Ordinary Shares",$5.90,-0.22,-3.595%,"354,619,789"
FIP,FTAI Infrastructure Inc. Common Stock ,$3.00,-0.31,-9.366%,"354,545,211"
METCB,"Ramaco Resources, Inc. Class B Common Stock",$5.59,-0.40,-6.678%,"354,340,256"
NEWT,"NewtekOne, Inc. Common Stock",$12.26,0.04,0.327%,"354,126,802"
JILL,"J. Jill, Inc. Common Stock",$23.77,-0.31,-1.287%,"353,292,963"
DMAC,DiaMedica Therapeutics Inc. Common Stock,$6.55,0.08,1.236%,"353,213,315"
CMPX,"Compass Therapeutics, Inc. Common Stock",$1.96,-0.04,-2.00%,"352,972,313"
FXHO,UTime Limited Class A Ordinary Shares,$13.36,1.04,8.442%,"351,051,782"
SHOE,"Shoe Station Group, Inc. Common Stock",$12.91,0.20,1.574%,"350,943,052"
TWIN,"Twin Disc, Incorporated Common Stock",$24.10,-0.44,-1.793%,"350,387,876"
CION,CION Investment Corporation Common Stock,$7.11,-0.07,-0.975%,"349,831,225"
IQMXW,IQM Quantum Computers Oyj Warrants to purchase American Depositary Shares,$1.84,-0.16,-8.00%,"348,673,041"
AVBH,"Avidbank Holdings, Inc. Common stock",$31.62,0.05,0.158%,"347,297,638"
VFF,"Village Farms International, Inc. Common Shares",$2.84,-0.04,-1.389%,"347,293,083"
MOVE,"Corvex, Inc. Common Stock",$10.99,-0.14,-1.258%,"346,759,502"
DRTSW,Alpha Tau Medical Ltd. Warrant,$3.7401,-0.0998,-2.599%,"345,877,544"
SUJA,"Suja Life, Inc. Class A Common Stock",$8.95,0.10,1.13%,"345,693,857"
LXEO,"Lexeo Therapeutics, Inc. Common Stock",$4.21,-0.04,-0.941%,"345,414,734"
CVEO,Civeo Corporation (Canada) Common Shares,$33.41,-0.64,-1.88%,"345,354,459"
TCI,"Transcontinental Realty Investors, Inc. Common Stock",$39.36,0.26,0.665%,"345,343,262"
CUB,Lionheart Holdings Class A Ordinary Shares,$10.8701,0.0001,0.001%,"345,327,598"
NXH,"Neighborhood Intelligence, Inc. Common Stock",$3.615,0.035,0.978%,"345,224,124"
FSBW,"FS Bancorp, Inc. Common Stock",$43.83,0.53,1.224%,"344,597,947"
AIV,Apartment Investment and Management Company Common Stock,$2.37,-0.03,-1.25%,"344,211,448"
NL,"NLI Holdings, Inc. Common Stock",$7.02,0.01,0.143%,"343,269,113"
ELA,Envela Corporation Common Stock,$13.22,-0.24,-1.783%,"343,237,153"
SUPX,SuperX AI Technology Limited Ordinary Shares,$7.94,0.20,2.584%,"343,139,288"
BLND,"Blend Labs, Inc. Class A Common Stock",$1.45,0.04,2.837%,"342,944,313"
EH,EHang Holdings Limited ADS,$4.51,-0.02,-0.442%,"342,062,583"
API,"Agora, Inc. American Depositary Shares",$4.08,0.02,0.493%,"341,802,000"
GASS,"StealthGas, Inc. Common Stock",$9.19,-0.23,-2.442%,"341,736,454"
PSFE,Paysafe Limited Common Shares,$6.53,0.19,2.997%,"340,967,032"
LZM,Lifezone Metals Limited Ordinary Shares,$3.78,-0.15,-3.817%,"339,877,025"
TCPC,BlackRock TCP Capital Corp. Common Stock,$4.05,-0.02,-0.491%,"339,806,239"
CLW,Clearwater Paper Corporation Common Stock,$20.91,0.67,3.31%,"337,231,545"
SNDL,SNDL Inc. Common Shares,$1.37,0.03,2.239%,"337,185,555"
VMD,"Viemed Healthcare, Inc. Common Shares",$8.84,0.05,0.569%,"336,699,936"
BURU,"Nuburu, Inc. Common Stock",$1.35,1.314,3650.00%,"336,207,775"
FLXS,"Flexsteel Industries, Inc. Common Stock",$81.90,0.50,0.614%,"335,113,588"
BBW,"Build-A-Bear Workshop, Inc. Common Stock",$27.16,-0.42,-1.523%,"334,593,139"
HTZWW,"Hertz Global Holdings, Inc Warrant",$0.9386,-0.0314,-3.237%,"334,565,277"
MOBI,"Mobia Medical, Inc. Common Stock",$10.03,0.02,0.20%,"333,909,693"
DBI,Designer Brands Inc. Class A Common Stock,$6.53,0.65,11.054%,"333,835,828"
MPTI,"M-tron Industries, Inc. Common Stock",$76.80,-2.69,-3.384%,"333,809,357"
PNRG,PrimeEnergy Resources Corporation Common Stock,$210.89,-0.22,-0.104%,"333,754,514"
FVRR,"Fiverr International Ltd. Ordinary Shares, no par value",$9.28,0.25,2.769%,"333,622,756"
IKT,"Inhibikase Therapeutics, Inc. Common Stock",$2.39,0.05,2.137%,"333,490,801"
CATX,"Perspective Therapeutics, Inc. Common Stock",$2.92,0.11,3.915%,"333,322,856"
ALIT,"Alight, Inc. Class A Common Stock",$12.37,0.41,3.428%,"333,236,580"
OEC,Orion S.A. Common Shares,$5.89,0.09,1.552%,"332,918,697"
PACK,Ranpak Holdings Corp Class A Common Stock,$3.88,-0.07,-1.772%,"332,742,161"
FVCB,"FVCBankcorp, Inc. Common Stock",$18.45,-0.02,-0.108%,"332,731,082"
RPAY,Repay Holdings Corporation Class A Common Stock,$3.70,0.14,3.933%,"332,484,394"
IA,"Innovative Solutions and Support, Inc. Common Stock",$18.57,-0.51,-2.673%,"332,387,643"
CD,Chaince Digital Holdings Inc. Ordinary Shares,$3.02,0.08,2.721%,"332,211,476"
KTF,DWS Municipal Income Trust,$8.40,-0.06,-0.709%,"331,807,879"
ZNTL,"Zentalis Pharmaceuticals, Inc. Common Stock",$3.50,-0.01,-0.285%,"331,339,988"
TMCR,The Metals Royalty Company Inc. Common Stock,$5.25,-0.40,-7.08%,"331,006,951"
PPT,Franklin Premier Income Trust Shares of Beneficial Interest,$3.32,0.01,0.302%,"330,433,833"
FTW,Presidio Production Company Class A Common Stock,$10.53,0.08,0.766%,"329,860,832"
HLLY,Holley Inc. Common Stock,$2.72,0.03,1.115%,"329,756,869"
BCML,BayCom Corp Common Stock,$30.18,0.08,0.266%,"329,569,131"
JMSB,"John Marshall Bancorp, Inc. Common Stock",$23.33,0.28,1.215%,"329,236,086"
COSO,"CoastalSouth Bancshares, Inc. Common Stock",$27.54,0.06,0.218%,"329,225,443"
PMO,Franklin Municipal Opportunities Trust Shares of Beneficial Interest,$9.68,-0.08,-0.82%,"328,941,569"
HRZN,Horizon Technology Finance Corporation Common Stock,$4.90,UNCH,--,"328,466,154"
CHSCP,CHS Inc. 8%  Cumulative Redeemable Preferred Stock,$26.69,0.06,0.225%,"327,539,760"
EBS,Emergent BioSolutions Inc. Common Stock,$6.38,0.15,2.408%,"327,123,884"
CV,"CapsoVision, Inc. Common Stock",$6.51,-0.09,-1.364%,"325,805,404"
RCKY,"Rocky Brands, Inc. Common Stock",$43.36,-0.83,-1.878%,"324,849,261"
ZIP,"ZipRecruiter, Inc. Class A Common Stock",$3.95,0.21,5.615%,"324,793,344"
QTTB,Q32 Bio Inc. Common Stock,$10.91,-0.19,-1.712%,"324,784,874"
SEG,Seaport Entertainment Group Inc. Common Stock,$25.35,-0.09,-0.354%,"324,721,738"
NNDM,Nano Dimension Ltd. American Depositary Shares,$1.54,0.01,0.654%,"324,692,077"
FDBC,"Fidelity D & D Bancorp, Inc. Common Stock",$55.87,1.12,2.046%,"324,521,342"
OPAL,OPAL Fuels Inc. Class A Common Stock,$1.85,-0.04,-2.116%,"323,176,500"
CRMLW,Critical Metals Corp. Warrants,$2.20,-0.01,-0.452%,"323,155,257"
PINE,"Alpine Income Property Trust, Inc. Common Stock",$18.31,UNCH,--,"322,635,237"
NREF,"NexPoint Real Estate Finance, Inc. Common Stock",$17.11,-0.18,-1.041%,"322,489,776"
MLP,"Maui Land & Pineapple Company, Inc. Common Stock",$16.22,-0.07,-0.43%,"322,115,494"
ABAT,American Battery Technology Company Common Stock,$2.36,-0.11,-4.453%,"321,938,005"
FCCO,First Community Corporation Common Stock,$34.23,0.13,0.381%,"321,752,792"
SMTI,Sanara MedTech Inc. Common Stock,$34.98,0.06,0.172%,"321,397,464"
VELO,"Velo3D, Inc. Common stock",$9.99,-0.54,-5.128%,"321,169,689"
NFEGP,New Fortress Energy Inc. Series A Mandatorily Convertible Preferred Stock,$56.22,17.82,46.406%,"321,167,600"
AGEN,Agenus Inc. Common Stock,$7.13,0.19,2.738%,"320,995,502"
OFSSH,OFS Capital Corporation 4.95% Notes due 2028,$23.95,0.14,0.588%,"320,883,968"
TLS,Telos Corporation Common Stock,$4.29,0.34,8.608%,"320,620,825"
ELVA,Electrovaya Inc. Common Shares,$6.38,-0.05,-0.778%,"318,992,963"
CHSCO,CHS Inc. Class B Cumulative Redeemable Preferred Stock,$25.97,0.08,0.309%,"318,703,918"
UPB,"Upstream Bio, Inc. Common Stock",$5.81,0.08,1.396%,"318,219,748"
MGPI,"MGP Ingredients, Inc.",$14.83,0.07,0.474%,"317,570,747"
VGZ,Vista Gold Corp Common Stock,$2.17,UNCH,--,"316,757,821"
MNTK,"Montauk Renewables, Inc. Common Stock",$2.215,-0.425,-16.098%,"315,285,623"
RCEL,"Avita Medical, Inc. Common Stock",$10.19,0.31,3.138%,"315,144,571"
SABS,"SAB Biotherapeutics, Inc. Common Stock",$3.46,0.05,1.466%,"314,812,833"
GLOO,"Gloo Holdings, Inc. Class A Common Stock",$3.42,0.09,2.703%,"313,036,160"
IFRX,InflaRx N.V. Common Stock,$2.12,0.03,1.435%,"312,420,629"
CHSCL,"CHS Inc Class B Cumulative Redeemable Preferred Stock, Series 4",$25.435,-0.035,-0.137%,"312,138,396"
VNDA,Vanda Pharmaceuticals Inc. Common Stock,$5.15,0.06,1.179%,"311,382,838"
FINS,Angel Oak Financial Strategies Income Term Trust Common Shares of Beneficial Interest,$12.42,-0.07,-0.56%,"311,277,964"
SWKHL,SWK Holdings Corporation 9.00% Senior Notes due 2027,$25.57,-0.0199,-0.078%,"310,608,788"
ABEO,Abeona Therapeutics Inc. Common Stock,$5.43,0.015,0.277%,"310,509,212"
LE,"Lands' End, Inc. Common Stock",$10.50,0.13,1.254%,"310,213,617"
CFFI,C&F Financial Corporation Common Stock,$95.31,0.31,0.326%,"309,918,669"
NODK,"NI Holdings, Inc. Common Stock",$15.12,0.07,0.465%,"308,519,412"
PTLO,Portillo's Inc. Class A Common Stock,$4.06,-0.03,-0.733%,"308,329,489"
FUND,"Sprott Focus Trust, Inc. Common Stock",$10.38,-0.21,-1.983%,"307,596,322"
MRLN,"Merlin, Inc. Common Stock",$3.04,0.06,2.013%,"307,246,063"
ALTO,"Alto Ingredients, Inc. Common Stock",$3.96,0.06,1.538%,"307,167,553"
CHSCN,CHS Inc Preferred Class B Series 2 Reset Rate,$25.021,-0.219,-0.868%,"307,057,787"
EFT,Eaton Vance Floating Rate Income Trust Common Shares of Beneficial Interest,$10.52,-0.07,-0.661%,"306,031,166"
CDZI,"CADIZ, Inc. Common Stock",$3.60,-0.05,-1.37%,"304,837,470"
RFMZ,"RiverNorth Flexible Municipal Income Fund II, Inc. Common Stock",$12.51,-0.14,-1.107%,"304,640,468"
FNKO,"Funko, Inc. Class A Common Stock",$5.44,-0.03,-0.548%,"304,616,967"
AIRJ,AirJoule Technologies Corporation Class A Common Stock,$4.15,-0.13,-3.037%,"304,391,685"
RM,Regional Management Corp. Common Stock,$32.90,-0.09,-0.273%,"303,528,623"
LEGO,Legato Merger Corp. IV Ordinary Shares,$10.00,UNCH,--,"303,070,360"
NEGG,"Newegg Commerce, Inc. Common Shares",$14.42,-0.25,-1.704%,"302,436,760"
CMRC,"Commerce.com, Inc. Series 1 Common Stock",$3.64,0.135,3.852%,"301,606,727"
TMCI,"Treace Medical Concepts, Inc. Common Stock",$4.63,0.12,2.661%,"301,109,976"
ISBA,Isabella Bank Corporation Common stock,$39.45,0.09,0.229%,"300,959,040"
CBNA,"Chain Bridge Bancorp, Inc. Class A Common Stock",$45.84,-0.48,-1.036%,"300,793,691"
MYFW,"First Western Financial, Inc. Common Stock",$30.75,-0.24,-0.774%,"300,277,717"
GBAB,Guggenheim Taxable Municipal Bond & Investment Grade Debt Trust Common Shares of Beneficial Interest,$13.37,-0.09,-0.669%,"299,446,620"
PSQLW,Pasqal Holding SA Warrant,$1.41,-0.05,-3.425%,"299,334,104"
AFRI,Forafric Global PLC Ordinary Shares,$11.10,0.03,0.271%,"299,298,347"
FRD,Friedman Industries Inc. Common Stock,$41.38,-1.90,-4.39%,"298,465,292"
CHSCM,"CHS Inc Class B Reset Rate Cumulative Redeemable Preferred Stock, Series 3",$24.25,-0.14,-0.574%,"297,596,073"
BPRN,"Princeton Bancorp, Inc. Common Stock (PA)",$43.60,0.25,0.577%,"297,055,564"
EMBC,Embecta Corp. Common Stock,$5.24,0.30,6.073%,"296,896,299"
AMRN,Amarin Corporation plc,$14.00,0.20,1.449%,"295,719,676"
AENT,Alliance Entertainment Holding Corporation Class A Common Stock,$5.78,-0.64,-9.969%,"294,662,261"
PLAY,"Dave & Buster's Entertainment, Inc. Common Stock",$8.47,0.33,4.054%,"294,660,238"
FOSL,"Fossil Group, Inc. Common Stock",$4.97,0.24,5.074%,"293,916,118"
CUVL,Clinuvel Pharmaceuticals Limited American Depositary Shares,$5.87,-0.08,-1.345%,"293,856,309"
TLSI,"TriSalus Life Sciences, Inc. Common Stock",$4.77,0.105,2.251%,"293,710,842"
SSP,E.W. Scripps Company (The) Class A Common Stock,$3.16,UNCH,--,"292,834,012"
NC,"NACCO Industries, Inc. Common Stock",$38.80,-0.90,-2.267%,"292,811,766"
FGBIP,"First Guaranty Bancshares, Inc. 6.75% Series A Fixed-Rate Non-Cumulative Perpetual Preferred Stock",$17.70,-0.22,-1.228%,"292,741,964"
ALCO,"Alico, Inc. Common Stock",$39.46,-0.10,-0.253%,"292,736,417"
GBFH,GBank Financial Holdings Inc. Common Stock,$20.08,-0.06,-0.298%,"291,490,457"
OCCIN,"OFS Credit Company, Inc. 5.25% Series E Term Preferred Stock Due 2026",$25.045,0.085,0.341%,"290,935,493"
OVLY,Oak Valley Bancorp (CA) Common Stock,$34.44,-0.10,-0.29%,"289,733,664"
FULC,"Fulcrum Therapeutics, Inc. Common Stock",$3.79,-0.01,-0.263%,"289,166,604"
BDSX,"Biodesix, Inc. Common Stock",$27.40,0.435,1.613%,"289,100,633"
TBI,"TrueBlue, Inc. Common Stock",$9.49,0.74,8.457%,"288,916,825"
ATLO,Ames National Corporation Common Stock,$32.45,-0.04,-0.123%,"287,416,789"
PMM,Franklin Managed Municipal Income Trust Shares of Beneficial Interest,$5.88,-0.06,-1.01%,"286,584,197"
NNBR,"NN, Inc. Common Stock",$3.47,-0.11,-3.073%,"286,555,598"
PYXS,"Pyxis Oncology, Inc. Common Stock",$3.43,0.22,6.854%,"286,089,612"
ONIT,Onity Group Inc. Common Stock,$34.23,-0.11,-0.32%,"285,975,220"
HCKT,Hackett Group Inc (The). Common Stock,$11.49,0.51,4.645%,"285,846,761"
KINS,"Kingstone Companies, Inc. Common Stock",$19.73,0.51,2.653%,"285,614,104"
XLAB,Exascale Labs Holdings Inc. Class A Common Stock,$3.13,-0.68,-17.848%,"285,456,000"
KWY,Kingsway Corporation Common Stock,$9.86,0.27,2.815%,"285,259,660"
MKTW,"MarketWise, Inc. Class A Common Stock",$18.06,-0.33,-1.794%,"284,887,199"
FRAF,Franklin Financial Services Corporation Common Stock,$63.26,-0.28,-0.441%,"284,643,557"
BRR,"ProCap Financial, Inc. Common Stock",$3.22,0.10,3.205%,"284,550,032"
RCMT,"RCM Technologies, Inc. Common Stock",$40.00,-0.11,-0.274%,"284,430,360"
FXNC,First National Corporation Common Stock,$31.45,0.39,1.256%,"284,390,682"
FUNC,First United Corporation Common Stock,$44.05,-0.40,-0.90%,"284,291,476"
SLNH,"Soluna Holdings, Inc. Common Stock",$1.15,-0.04,-3.361%,"283,707,354"
ANIK,Anika Therapeutics Inc. Common Stock,$21.19,0.33,1.582%,"283,585,050"
FNRN,First Northern Community Bancorp Common stock,$17.26,UNCH,--,"282,982,930"
PHOS,First Phosphate Corp. American Depositary Shares,$14.96,-0.40,-2.604%,"282,960,217"
MTRX,Matrix Service Company Common Stock,$10.00,-0.61,-5.749%,"282,919,210"
STRT,STRATTEC SECURITY CORPORATION Common Stock,$70.95,-0.43,-0.602%,"282,736,672"
USNA,"USANA Health Sciences, Inc. Common Stock",$15.27,0.25,1.664%,"282,136,674"
KLC,"KinderCare Learning Companies, Inc. Common Stock",$2.38,0.01,0.422%,"282,070,539"
LDI,"loanDepot, Inc. Class A Common Stock",$0.8333,-0.0018,-0.216%,"281,784,785"
RWAY,Runway Growth Finance Corp. Common Stock,$6.72,0.11,1.664%,"281,634,555"
PDYN,Palladyne AI Corp. Common Stock,$5.70,-0.07,-1.213%,"281,229,507"
JACK,Jack In The Box Inc. Common Stock,$14.66,-0.12,-0.812%,"281,168,978"
ELLO,Ellomay Capital Ltd Ordinary Shares (Israel),$20.35,-0.54,-2.585%,"280,488,731"
XPER,Xperi Inc. Common Stock ,$5.75,-0.13,-2.211%,"280,437,977"
STRO,"Sutro Biopharma, Inc. Common Stock",$16.91,0.05,0.297%,"280,387,602"
FATE,"Fate Therapeutics, Inc. Common Stock",$2.34,0.03,1.299%,"280,380,003"
IMRX,Immuneering Corporation Class A Common Stock,$4.33,0.06,1.405%,"280,139,751"
TII,Titan Mining Corporation Common Shares,$2.83,-0.12,-4.068%,"280,114,323"
TTGT,"TechTarget, Inc. Common Stock",$3.87,UNCH,--,"279,927,394"
PMTS,CPI Card Group Inc. Common Stock,$24.26,1.76,7.822%,"279,734,030"
SAR,Saratoga Investment Corp New,$17.34,0.12,0.697%,"278,843,083"
TROO,"TROOPS, Inc. Ordinary Shares ",$2.28,0.19,9.091%,"278,525,178"
JAKK,"JAKKS Pacific, Inc. Common Stock",$24.33,0.16,0.662%,"278,457,142"
NXDT,NexPoint Diversified Real Estate Trust Common Stock,$5.24,-0.08,-1.504%,"278,275,581"
CYPH,Cypherpunk Technologies Inc. Common Stock,$2.58,0.315,13.907%,"278,032,106"
MSB,Mesabi Trust Common Stock,$21.17,-1.56,-6.863%,"277,750,612"
XYF,"X Financial American Depositary Shares, each representing six Class A Ordinary Shares",$5.07,-0.09,-1.744%,"277,748,999"
LYEL,"Lyell Immunopharma, Inc. Common Stock",$11.33,-0.63,-5.268%,"277,643,248"
REFI,"Chicago Atlantic Real Estate Finance, Inc. Common Stock",$10.83,0.10,0.932%,"277,477,011"
MFIN,Medallion Financial Corp. Common Stock,$12.07,0.02,0.166%,"277,130,205"
ARDC,"Ares Dynamic Credit Allocation Fund, Inc. Common Shares",$12.09,-0.09,-0.739%,"277,041,613"
WNEB,"Western New England Bancorp, Inc. Common Stock",$13.81,0.04,0.29%,"276,833,492"
LAW,"CS Disco, Inc. Common Stock",$4.26,0.19,4.668%,"276,558,199"
RMMZ,"RiverNorth Managed Duration Municipal Income Fund II, Inc. Common Stock",$14.01,-0.17,-1.199%,"276,552,188"
LCNB,LCNB Corporation Common Stock,$19.29,0.18,0.942%,"274,978,719"
OIA,Invesco Municipal Income Opportunities Trust Common Stock,$5.77,-0.08,-1.368%,"274,684,249"
TRDA,"Entrada Therapeutics, Inc. Common Stock",$7.05,0.25,3.676%,"274,503,516"
LAB,Standard BioTools Inc. Common Stock,$0.6965,0.0065,0.942%,"273,431,140"
OPTX,"Syntec Optics Holdings, Inc. Class A Common Stock",$6.78,-0.32,-4.507%,"273,097,573"
NKSH,"National Bankshares, Inc. Common Stock",$42.85,0.01,0.023%,"272,981,067"
HWBK,"Hawthorn Bancshares, Inc. Common Stock",$39.47,-0.36,-0.904%,"272,369,761"
BCYC,Bicycle Therapeutics plc American Depositary Shares,$3.89,0.03,0.777%,"272,272,268"
FCNCN,"First Citizens BancShares, Inc. Depositary Shares, each representing a 1/40th interest in a share of 6.625% Non-Cumulative Perpetual Preferred Stock, Series E",$24.10,-0.04,-0.166%,"272,164,192"
QNBC,QNB Corp. Common Stock,$44.90,-0.05,-0.111%,"271,581,646"
YDES,YD Bio Limited Ordinary Shares,$3.83,-0.17,-4.25%,"271,284,055"
RMM,"RiverNorth Managed Duration Municipal Income Fund, Inc. Common Stock",$13.73,-0.12,-0.866%,"271,025,092"
ACIU,AC Immune SA Common Stock,$2.66,-0.10,-3.623%,"270,717,704"
LCTX,"Lineage Cell Therapeutics, Inc. Common Stock",$1.07,0.06,5.941%,"270,610,986"
BKTI,BK Technologies Corporation Common Stock,$71.74,-0.93,-1.28%,"270,415,967"
RC,Ready Capital Corporation Common Stock,$1.63,-0.01,-0.61%,"269,261,317"
IMPP,Imperial Petroleum Inc. Common Shares,$5.95,0.16,2.763%,"269,021,265"
MIN,Aberdeen Intermediate Income Fund Common Shares of Beneficial Interest,$2.34,0.01,0.429%,"268,860,784"
ESCA,"Escalade, Incorporated Common Stock",$19.47,-0.04,-0.205%,"268,025,461"
MGNX,"MacroGenics, Inc. Common Stock",$4.20,0.20,5.00%,"267,540,785"
NUAIW,"New Era Energy & Digital, Inc. Warrants",$2.51,-0.10,-3.831%,"267,463,941"
PAMT,PAMT CORP Common Stock,$12.75,-0.60,-4.494%,"267,013,777"
AKBA,"Akebia Therapeutics, Inc. Common Stock",$0.9629,0.0112,1.177%,"266,825,603"
VABK,Virginia National Bankshares Corporation Common Stock,$49.16,-0.06,-0.122%,"266,706,863"
CAMP,CAMP4 Therapeutics Corporation Common Stock,$4.25,UNCH,--,"266,701,100"
BRT,BRT Apartments Corp. (MD) Common Stock,$14.18,-0.01,-0.07%,"266,488,668"
EGHT,8x8 Inc Common Stock,$1.845,0.005,0.272%,"266,483,499"
PCYO,Pure Cycle Corporation Common Stock,$11.05,-0.07,-0.629%,"266,275,939"
RZLVW,Rezolve AI PLC Warrants,$0.665,-0.015,-2.206%,"266,260,524"
ALXO,ALX Oncology Holdings Inc. Common Stock,$1.925,-0.015,-0.773%,"266,183,219"
ACV,Virtus Diversified Income & Convertible Fund Common Shares of Beneficial Interest,$25.63,-0.50,-1.914%,"265,602,511"
RMBI,"Richmond Mutual Bancorporation, Inc. Common Stock",$15.82,-0.08,-0.503%,"265,128,108"
CHAD,DeFi Development Corp. Variable Rate Series C Perpetual Preferred Stock,$8.50,0.238,2.881%,"263,481,215"
OFLX,"Omega Flex, Inc. Common Stock",$26.05,0.47,1.837%,"262,957,088"
IVVD,"Invivyd, Inc. Common Stock",$0.8918,0.1063,13.533%,"262,865,850"
SY,So-Young International Inc. American Depository Shares,$2.62,-0.09,-3.321%,"262,791,688"
PRQR,ProQR Therapeutics N.V. Ordinary Shares,$1.86,UNCH,--,"262,485,945"
NRSN,NeuroSense Therapeutics Ltd. Ordinary Shares,$6.90,-0.044,-0.634%,"261,772,448"
FOA,Finance of America Companies Inc. Class A Common Stock,$15.11,-0.15,-0.983%,"261,507,108"
III,Information Services Group Inc. Common Stock,$5.38,0.19,3.661%,"260,464,426"
GWRS,"Global Water Resources, Inc. Common Stock",$8.69,-0.02,-0.23%,"260,050,822"
ARL,"American Realty Investors, Inc. Common Stock",$16.08,UNCH,--,"259,724,851"
DUOT,"Duos Technologies Group, Inc. Common Stock",$8.24,-0.02,-0.242%,"259,333,392"
MMT,Aberdeen Multi-Market Income Fund Common Shares of Beneficial Interest,$4.35,0.03,0.694%,"259,035,127"
FHTX,Foghorn Therapeutics Inc. Common Stock,$4.36,-0.06,-1.357%,"258,919,973"
VPV,Invesco Pennsylvania Value Municipal Income Trust Common Stock (DE),$10.86,-0.07,-0.64%,"258,788,848"
ASLE,AerSale Corporation Common Stock,$5.42,-0.01,-0.184%,"258,679,055"
ZH,"Zhihu Inc. American Depositary Shares, each representing three (3) Class A Ordinary Shares",$2.90,0.06,2.113%,"257,475,816"
BGS,"B&G Foods, Inc. Common Stock",$3.16,0.01,0.317%,"256,831,120"
SMHI,SEACOR Marine Holdings Inc. Common Stock ,$9.44,-0.09,-0.944%,"256,133,877"
AZ,A2Z Cust2Mate Solutions Corp. Common Shares,$5.80,0.01,0.173%,"255,353,509"
HUBC,Hub Cyber Security Ltd. Ordinary Shares,$7.635,-0.8775,-10.308%,"255,208,732"
FBLA,"FB Bancorp, Inc. Common Stock",$15.97,-0.01,-0.063%,"254,692,403"
GENC,"Gencor Industries, Inc. Common Stock",$17.33,-0.60,-3.346%,"254,017,976"
RXST,"RxSight, Inc. Common Stock",$6.105,0.085,1.412%,"253,926,828"
CPZ,Calamos Long/Short Equity & Dynamic Income Trust Common Stock,$12.90,-0.015,-0.116%,"253,255,303"
AVNW,"Aviat Networks, Inc. Common Stock",$19.78,-0.95,-4.583%,"253,214,441"
UXIN,Uxin Limited ADS,$1.15,UNCH,--,"252,977,300"
RILY,"BRC Group Holdings, Inc. Common Stock",$6.24,-0.36,-5.455%,"250,846,471"
INBK,First Internet Bancorp Common Stock,$28.68,0.68,2.429%,"250,478,902"
USAU,U.S. Gold Corp. Common Stock,$15.15,-0.05,-0.329%,"250,371,369"
EOT,Eaton Vance Municipal Income Trust EATON VANCE NATIONAL MUNICIPAL OPPORTUNITIES TRUST,$16.00,-0.23,-1.417%,"249,998,736"
POWW,Outdoor Holding Company Common Stock,$2.15,0.02,0.939%,"249,531,002"
LTBR,Lightbridge Corporation Common Stock,$6.66,-0.36,-5.128%,"249,470,886"
EFSI,Eagle Financial Services Inc Common Stock,$46.05,0.53,1.164%,"249,204,871"
GPRO,"GoPro, Inc. Class A Common Stock",$1.35,-0.03,-2.174%,"249,080,952"
ASUR,"Asure Software, Inc Common Stock",$8.58,0.13,1.538%,"247,784,634"
PRHIZ,"Presurance Holdings, Inc. 9.75% Senior Unsecured Notes due 2028",$20.24,0.01,0.049%,"247,391,111"
ALEC,"Alector, Inc. Common Stock",$2.21,0.07,3.271%,"246,761,791"
CAN,Canaan Inc. American Depositary Shares,$0.3462,0.0096,2.852%,"246,276,001"
CNDT,Conduent Incorporated Common Stock ,$1.58,0.01,0.637%,"245,722,864"
PPIH,"Perma-Pipe International Holdings, Inc. Common Stock",$29.83,-1.08,-3.494%,"244,462,190"
INFU,"InfuSystems Holdings, Inc. Common Stock",$12.25,0.10,0.823%,"243,985,467"
RNAC,"Cartesian Therapeutics, Inc. Common Stock",$8.04,-0.15,-1.832%,"243,253,030"
LMNR,Limoneira Co Common Stock,$13.38,0.335,2.568%,"242,606,254"
BETR,Better Home & Finance Holding Company Class A Common Stock,$12.765,-0.185,-1.429%,"242,516,861"
YSG,"Yatsen Holding Limited American Depositary Shares, each representing twenty (20) Class A Ordinary Shares",$2.58,-0.07,-2.642%,"242,172,737"
RELL,"Richardson Electronics, Ltd. Common Stock",$16.28,-1.19,-6.812%,"241,989,469"
PEBK,"Peoples Bancorp of North Carolina, Inc. Common Stock",$44.21,-0.13,-0.293%,"241,452,473"
AVXL,Anavex Life Sciences Corp. Common Stock,$2.60,-0.02,-0.763%,"241,011,789"
AIAI,AIAI Holdings Corporation Class A Common Stock,$3.41,0.05,1.488%,"240,960,015"
ACRE,Ares Commercial Real Estate Corporation Common Stock,$4.34,0.02,0.463%,"240,788,030"
NAGE,"Niagen Bioscience, Inc. Common Stock",$3.04,UNCH,--,"240,543,046"
FF,FutureFuel Corp.  Common shares,$5.48,0.01,0.183%,"240,370,983"
CRDL,Cardiol Therapeutics Inc. Class A Common Shares,$1.99,-0.005,-0.251%,"240,114,286"
IMMR,Immersion Corporation Common Stock,$7.21,-0.19,-2.568%,"239,313,606"
SNFCA,Security National Financial Corporation Class A Common Stock,$8.72,-0.07,-0.796%,"238,729,960"
TSSI,"TSS, Inc. Common Stock",$8.45,-0.48,-5.375%,"238,451,142"
AUDC,AudioCodes Ltd. Common Stock,$9.69,0.08,0.832%,"238,285,327"
ASYS,"Amtech Systems, Inc. Common Stock",$13.61,-1.30,-8.719%,"238,285,255"
CHPT,"ChargePoint Holdings, Inc. Common Stock",$8.84,-0.22,-2.428%,"237,356,864"
BAFN,BayFirst Financial Corp. Common Stock,$8.80,0.05,0.571%,"237,272,772"
MBI,MBIA Inc. Common Stock,$4.65,0.01,0.216%,"237,226,465"
NUS,"Nu Skin Enterprises, Inc. Common Stock",$4.87,0.02,0.412%,"237,055,208"
NATR,"Nature's Sunshine Products, Inc. Common Stock",$13.45,-0.10,-0.738%,"236,659,744"
ACB,Aurora Cannabis Inc. Common Shares,$3.81,0.07,1.872%,"236,055,880"
AMWL,American Well Corporation Class A Common Stock,$13.87,0.87,6.692%,"235,911,473"
LTRX,"Lantronix, Inc. Common Stock",$5.05,-0.19,-3.626%,"235,861,826"
MRBK,Meridian Corporation Common Stock,$19.77,0.16,0.816%,"235,837,279"
SILC,Silicom Ltd Ordinary Shares,$41.02,-1.23,-2.911%,"235,767,003"
GLSI,"Greenwich LifeSciences, Inc. Common Stock",$16.05,0.60,3.883%,"235,585,238"
AIBZ,Bitzero Holdings Inc. Common Shares,$4.17,-0.12,-2.797%,"235,111,481"
PNNT,PennantPark Investment Corporation Common Stock,$3.60,0.02,0.559%,"235,065,938"
KGEI,Kolibri Global Energy Inc. Common stock,$6.57,0.01,0.152%,"235,036,481"
TG,Tredegar Corporation Common Stock,$6.72,-0.44,-6.145%,"234,824,782"
APC,ARKO Petroleum Corp. Class A Common Stock,$18.67,-0.25,-1.321%,"234,686,063"
CGEN,Compugen Ltd. Ordinary Shares,$2.48,0.01,0.405%,"234,569,897"
NXXT,"NextNRG, Inc. Common Stock",$1.39,-0.069,-4.729%,"233,705,493"
NGEN,NervGen Pharma Corp. Common stock,$2.195,0.01,0.458%,"233,575,729"
OSUR,"OraSure Technologies, Inc. Common Stock",$3.37,0.12,3.692%,"232,424,273"
LIEN,"Chicago Atlantic BDC, Inc. Common Stock",$10.18,0.04,0.394%,"232,313,606"
ACU,Acme United Corporation. Common Stock,$60.56,-0.16,-0.264%,"232,176,321"
WHWK,"Whitehawk Therapeutics, Inc. Common Stock",$4.07,-0.04,-0.973%,"232,026,671"
SCM,Stellus Capital Investment Corporation Common Stock,$8.14,-0.04,-0.489%,"231,826,687"
HITI,High Tide Inc. Common Shares,$2.63,0.10,3.953%,"231,171,417"
TARA,"Protara Therapeutics, Inc.  Common Stock",$3.91,0.09,2.356%,"231,063,358"
VRXA,Veraxa Biotech AG Ordinary Shares,$1.63,-0.02,-1.212%,"230,494,735"
DEFT,"Defi Technologies, Inc. Common Stock",$0.5929,0.0164,2.845%,"230,100,473"
OPBK,OP Bancorp Common Stock,$15.40,0.04,0.26%,"229,962,271"
ALMU,"Aeluma, Inc. Common Stock",$12.54,-0.87,-6.488%,"229,548,901"
MKDW,MKDWELL Tech Inc. Ordinary Share,$6.69,-1.06,-13.677%,"228,787,577"
AIRO,"AIRO Group Holdings, Inc. Common Stock",$7.25,UNCH,--,"228,780,398"
NCMI,"National CineMedia, Inc. Common Stock",$2.43,0.01,0.413%,"228,591,176"
FTF,Franklin Limited Duration Income Trust Common Shares of Beneficial Interest,$5.65,-0.03,-0.528%,"228,290,363"
FORR,"Forrester Research, Inc. Common Stock",$11.99,0.24,2.043%,"228,277,610"
SES,SES AI Corporation Class A Common Stock,$0.6137,0.0835,15.749%,"227,859,077"
HQWWW,Horizon Quantum Holdings Ltd. Warrant,$4.22,-3.345,-44.217%,"227,762,178"
SPOK,"Spok Holdings, Inc. Common Stock",$10.88,0.23,2.16%,"227,589,331"
CMTV,Community Bancorp. Common Stock,$40.61,0.12,0.296%,"227,452,630"
ANNA,"AleAnna, Inc. Class A Common Stock",$3.39,-0.11,-3.143%,"226,907,616"
FUFU,BitFuFu Inc. Class A Ordinary Shares,$1.36,0.07,5.426%,"226,648,893"
CFBK,CF Bankshares Inc. Common Stock,$35.29,0.11,0.313%,"226,403,418"
SIGA,SIGA Technologies Inc. Common Stock,$3.15,0.12,3.96%,"226,326,605"
LVWR,"LiveWire Group, Inc. Common Stock",$1.10,-0.04,-3.509%,"225,953,703"
OSG,"Octave Specialty Group, Inc. Common Stock",$5.00,0.16,3.306%,"225,257,430"
ELDN,"Eledon Pharmaceuticals, Inc. Common Stock",$2.77,-0.01,-0.36%,"225,093,391"
RICK,"RCI Hospitality Holdings, Inc. Common Stock",$29.44,0.35,1.203%,"225,054,080"
UTMD,"Utah Medical Products, Inc. Common Stock",$70.67,0.96,1.377%,"225,000,418"
BRCC,BRC Inc. Class A Common Stock,$8.98,0.42,4.907%,"224,758,139"
HQI,"HireQuest, Inc. Common Stock (DE)",$16.15,0.10,0.623%,"224,485,000"
ECC           ,Eagle Point Credit Company Common Share of Beneficial Interest,$3.70,UNCH,--,"224,451,339"
FCNCO,"First Citizens BancShares, Inc. 5.625% Non-Cumulative Perpetual Preferred Stock, Series C",$19.87,0.14,0.71%,"224,394,294"
HDSN,"Hudson Technologies, Inc. Common Stock",$5.33,-0.075,-1.388%,"224,331,956"
TORO,Toro Corp. Common Stock,$6.48,-0.20,-2.994%,"223,944,458"
RAIL,"FreightCar America, Inc. Common Stock",$6.82,0.01,0.147%,"223,636,530"
SBMT,Silver Bow Mining Corp. Common Shares,$7.57,-0.59,-7.23%,"223,530,745"
MVST,"Microvast Holdings, Inc. Common Stock",$0.5808,-0.0167,-2.795%,"223,337,629"
PLX,"Protalix BioTherapeutics, Inc. (DE) Common Stock",$2.77,0.13,4.924%,"223,183,448"
CURV,Torrid Holdings Inc. Common Stock,$2.23,-0.02,-0.889%,"222,374,340"
SMRT,"SmartRent, Inc. Class A Common Stock",$1.16,UNCH,--,"222,269,687"
KROS,"Keros Therapeutics, Inc. Common Stock",$11.21,0.13,1.173%,"222,262,777"
IONR,ioneer Ltd American Depositary Shares,$2.89,0.10,3.584%,"222,142,304"
EICA,Eagle Point Income Company 5.00% Series A Term Preferred Shares due 2026,$24.9301,0.0101,0.041%,"222,080,023"
CUE,"Cue Biopharma, Inc. Common Stock",$30.55,1.81,6.298%,"221,927,848"
RGCO,RGC Resources Inc. Common Stock,$21.28,-0.04,-0.188%,"221,728,152"
EVI,"EVI Industries, Inc.  Common Stock",$17.20,1.30,8.176%,"221,510,750"
TBCH,Turtle Beach Corporation Common Stock,$12.36,-0.45,-3.513%,"221,364,028"
STIM,"Neuronetics, Inc. Common Stock",$2.905,-0.125,-4.125%,"221,352,930"
CHRS,"Coherus Oncology, Inc. Common Stock",$1.43,0.10,7.519%,"220,936,381"
ELMD,"Electromed, Inc. Common Stock",$26.40,-0.85,-3.119%,"220,866,703"
INBKZ,First Internet Bancorp 6.0% Fixed-to-Floating Rate Subordinated Notes Due 2029,$25.32,0.125,0.496%,"220,615,540"
ZUMZ,Zumiez Inc. Common Stock,$14.38,-0.17,-1.168%,"220,454,215"
OVBC,Ohio Valley Banc Corp. Common Stock,$46.63,-0.06,-0.129%,"219,673,977"
RDNW,"RideNow Group, Inc. Class B Common Stock",$5.62,-0.01,-0.178%,"219,242,315"
SVCO,"Silvaco Group, Inc. Common Stock",$6.47,-0.24,-3.577%,"219,240,854"
FCNCP,"First Citizens BancShares, Inc. Depositary Shares",$19.395,0.095,0.492%,"219,030,062"
AREC,American Resources Corporation Class A Common Stock,$2.04,-0.10,-4.673%,"218,221,395"
OSS,"One Stop Systems, Inc. Common Stock",$8.72,-0.47,-5.114%,"217,477,934"
BNC,CEA Industries Inc. Common Stock,$5.27,0.47,9.792%,"217,460,490"
HKD,AMTD Digital Inc. American Depositary Shares (every five of which represent two Class A Ordinary Shares),$1.72,0.03,1.775%,"217,002,030"
BMEZ,BlackRock Health Sciences Term Trust Common Shares of Beneficial Interest,$16.27,-0.18,-1.094%,"216,928,203"
REA,"Rare Earths Americas, Inc. Common Stock",$10.87,-0.09,-0.821%,"216,898,806"
KLTR,"Kaltura, Inc. Common Stock",$1.42,0.01,0.709%,"216,622,737"
GLDG,GoldMining Inc. Common Shares,$1.01,-0.03,-2.885%,"216,247,260"
ADAG,Adagene Inc. American Depositary Shares,$3.27,-0.13,-3.824%,"215,988,712"
SND,"Smart Sand, Inc. Common Stock",$5.09,-0.12,-2.303%,"215,811,220"
SLGL,Sol-Gel Technologies Ltd. Ordinary Shares,$65.18,-0.76,-1.153%,"213,399,255"
PDEX,"Pro-Dex, Inc. Common Stock",$66.56,3.755,5.979%,"213,213,911"
PROF,Profound Medical Corp. Common Stock,$5.81,-0.16,-2.68%,"212,254,371"
LOVE,The Lovesac Company Common Stock,$14.69,0.78,5.607%,"211,880,231"
MFM,Aberdeen Municipal Income Fund Common Shares of Beneficial Interest,$5.13,-0.05,-0.965%,"211,292,547"
CZWI,"Citizens Community Bancorp, Inc. Common Stock",$21.82,-0.06,-0.274%,"210,568,040"
TPVG,TriplePoint Venture Growth BDC Corp. Common Stock,$5.17,0.01,0.194%,"210,469,268"
CMTG,"Claros Mortgage Trust, Inc. Common Stock",$1.49,-0.02,-1.325%,"210,215,467"
NEOV,NeoVolta Inc. Common Stock,$3.57,-0.11,-2.989%,"210,141,792"
VUZI,Vuzix Corporation Common Stock,$2.485,-0.055,-2.165%,"209,769,362"
SRZN,"Surrozen, Inc. Common Stock",$17.84,-1.16,-6.105%,"209,683,475"
NKTX,"Nkarta, Inc. Common Stock",$2.92,0.01,0.344%,"209,144,390"
ESOA,Energy Services of America Corporation Common Stock,$11.20,-0.18,-1.582%,"208,982,827"
GDEV,GDEV Inc. Ordinary Shares,$11.49,0.5092,4.637%,"208,549,119"
DHX,"DHI Group, Inc. Common Stock",$4.80,0.27,5.96%,"208,436,112"
DERM,Journey Medical Corporation Common Stock,$7.38,0.15,2.075%,"208,296,035"
MPAA,"Motorcar Parts  of America, Inc. Common Stock",$11.00,0.19,1.758%,"208,265,277"
NSLR,Neostellar Capital Corp. Common Stock,$7.86,-1.75,-18.21%,"208,079,525"
PED,Pedevco Corp. Common Stock,$15.65,0.81,5.458%,"208,020,003"
EXFY,"Expensify, Inc. Class A Common Stock",$2.28,0.12,5.556%,"207,905,594"
MSLE,Satellos Bioscience Inc. Common Stock,$9.79,0.04,0.41%,"207,708,938"
OWLS,OBOOK Holdings Inc. Class A Common Shares,$5.49,0.11,2.045%,"207,661,506"
CMT,Core Molding Technologies Inc Common Stock,$23.41,-0.34,-1.432%,"207,155,886"
MITT,"TPG Mortgage Investment Trust, Inc. Common Stock",$6.50,-0.06,-0.915%,"206,722,588"
IPHA,Innate Pharma S.A. ADS,$1.85,-0.02,-1.07%,"206,645,642"
ARMP,"Armata Pharmaceuticals, Inc. Common Stock",$5.55,0.17,3.16%,"206,359,983"
ANTX,"AN2 Therapeutics, Inc. Common Stock",$5.46,0.05,0.924%,"206,039,854"
FC,Franklin Covey Company Common Stock,$18.24,0.28,1.559%,"206,000,244"
CPSS,"Consumer Portfolio Services, Inc. Common Stock",$9.55,0.12,1.273%,"205,847,519"
PEPG,PepGen Inc. Common Stock,$2.97,-0.01,-0.336%,"205,700,765"
FCAP,"First Capital, Inc. Common Stock",$61.32,-1.33,-2.123%,"205,092,405"
BGIN,Bgin Blockchain Limited Class A Ordinary Shares,$1.81,-0.01,-0.549%,"204,776,053"
KRRO,"Korro Bio, Inc. Common Stock",$13.88,0.07,0.507%,"204,391,966"
DPRO,Draganfly Inc. Common Shares,$5.52,-0.09,-1.604%,"204,240,000"
LODE,Comstock Inc. Common Stock,$2.68,-0.14,-4.965%,"203,661,366"
SRI,"Stoneridge, Inc. Common Stock",$7.14,-0.13,-1.788%,"203,653,320"
KTWO,K2 Capital Acquisition Corporation Class A Ordinary Share,$10.10,UNCH,--,"202,415,716"
USDE,StablecoinX Inc. Class A Common Stock,$7.44,0.18,2.479%,"202,272,240"
PMA,PMA Graphene Technology Group Inc. Class A Ordinary Shares,$1.24,-0.06,-4.615%,"202,089,000"
ABOS,"Acumen Pharmaceuticals, Inc. Common Stock",$2.79,-0.13,-4.452%,"201,765,225"
TNXP,Tonix Pharmaceuticals Holding Corp. Common Stock,$11.73,-0.14,-1.179%,"201,181,512"
ANGI,Angi Inc. Class A Common Stock,$4.96,0.24,5.085%,"201,159,005"
RBKB,"Rhinebeck Bancorp, Inc. Common Stock",$12.86,0.04,0.312%,"201,078,523"
SKYX,SKYX Platforms Corp. Common Stock,$1.48,0.13,9.63%,"200,437,871"
AMPY,Amplify Energy Corp. Common Stock,$4.81,-0.12,-2.434%,"199,405,525"
SGC,"Superior Group of Companies, Inc. Common Stock",$12.47,-0.06,-0.479%,"198,836,656"
LARK,Landmark Bancorp Inc. Common Stock,$32.47,-0.03,-0.092%,"198,084,339"
ETX           ,Eaton Vance Municipal Income 2028 Term Trust Common Shares of Beneficial Interest,$18.19,0.06,0.331%,"197,997,350"
CHCI,"Comstock Holding Companies, Inc. Class A Common Stock",$19.21,-0.86,-4.285%,"197,516,298"
STRW,"Strawberry Fields REIT, Inc. Common Stock",$13.95,0.13,0.941%,"197,494,837"
MINE,Mayfair Gold Corp. Common Shares,$2.94,-0.11,-3.607%,"197,387,178"
XPOF,"Xponential Fitness, Inc. Class A Common Stock",$3.99,-0.12,-2.92%,"196,802,760"
PERF,Perfect Corp. Class A Ordinary Share,$1.93,UNCH,--,"196,567,935"
VYGR,"Voyager Therapeutics, Inc. Common Stock",$3.19,UNCH,--,"196,561,254"
SIDU,"Sidus Space, Inc. Class A Common Stock",$1.94,-0.06,-3.00%,"196,377,132"
FLWS,"1-800-FLOWERS.COM, Inc. Common Stock",$3.06,0.045,1.493%,"196,141,358"
VTN,Invesco Trust for Investment Grade New York Municipals Common Stock,$10.02,-0.04,-0.398%,"195,249,510"
ALTG,Alta Equipment Group Inc. Class A Common Stock,$5.96,0.08,1.361%,"194,694,557"
QMLS,"QumulusAI, Inc. Common Stock",$5.81,-0.58,-9.077%,"194,393,972"
SSTK,"Shutterstock, Inc. Common Stock",$5.26,0.22,4.365%,"194,344,818"
ORMP,Oramed Pharmaceuticals Inc. Common Stock,$4.67,0.01,0.215%,"194,259,643"
HNVR,"Hanover Bancorp, Inc. Common Stock",$27.41,0.63,2.353%,"193,389,172"
SHMD,SCHMID Group N.V. Class A Ordinary Shares,$3.17,-0.21,-6.213%,"193,239,723"
ORGO,Organogenesis Holdings Inc. Class A Common Stock,$1.50,0.01,0.671%,"193,011,822"
OZ,"Belpointe PREP, LLC Class A Units",$47.60,0.075,0.158%,"192,954,502"
AOUT,"American Outdoor Brands, Inc. Common Stock ",$15.23,-0.45,-2.87%,"192,221,257"
CXDO,"Crexendo, Inc. Common Stock",$5.76,0.04,0.699%,"191,541,830"
NERV,"Minerva Neurosciences, Inc Common Stock",$4.01,-0.14,-3.373%,"191,467,712"
GSIT,GSI Technology Common Stock,$4.98,-0.13,-2.544%,"191,394,298"
TAYD,"Taylor Devices, Inc. Common Stock",$59.29,-0.69,-1.15%,"191,231,891"
EXOD,"Exodus Movement, Inc. Class A Common Stock",$6.33,0.32,5.324%,"191,186,623"
ESP,Espey Mfg. & Electronics Corp. Common Stock,$63.62,-0.07,-0.11%,"190,600,558"
LCUT,"Lifetime Brands, Inc. Common Stock",$8.29,-0.29,-3.38%,"190,577,450"
EPSN,Epsilon Energy Ltd. Common Share,$6.27,-0.07,-1.104%,"189,879,294"
ACOG,Alpha Cognition Inc. Common Stock,$8.71,-0.19,-2.135%,"189,652,446"
DTIL,"Precision BioSciences, Inc. Common Stock",$6.86,-0.31,-4.324%,"189,346,660"
AIIO,Robo.ai Inc. Class B Ordinary Shares,$1.59,-0.09,-5.357%,"189,266,566"
QUIK,QuickLogic Corporation Common Stock,$10.33,-0.49,-4.529%,"189,222,265"
FNWD,Finward Bancorp Common Stock,$43.64,0.47,1.089%,"189,092,207"
OMSE,OMS Energy Technologies Inc. Ordinary Shares,$4.44,-0.06,-1.333%,"188,472,246"
NMRA,"Neumora Therapeutics, Inc. Common Stock",$0.9994,-0.0406,-3.904%,"187,783,174"
FT,Franklin Universal Trust Common Stock,$7.46,-0.07,-0.93%,"187,483,929"
AOMR,"Angel Oak Mortgage REIT, Inc. Common Stock",$8.04,-0.06,-0.741%,"186,647,611"
CBFV,"CB Financial Services, Inc. Common Stock",$36.70,-0.56,-1.503%,"186,494,133"
EDRY,EuroDry Ltd. Common Shares ,$65.00,-2.12,-3.159%,"186,328,415"
NBP,NovaBridge Biosciences American Depositary Shares,$1.61,0.02,1.258%,"185,764,524"
CRNT,Ceragon Networks Ltd. Ordinary Shares,$2.03,-0.04,-1.932%,"185,299,439"
RVII,Robinhood Ventures Fund II Common Shares of Beneficial Interest,$23.15,-1.15,-4.733%,"185,200,000"
DOMO,"Domo, Inc. Class B Common Stock",$3.92,0.09,2.35%,"184,381,751"
USBC,"USBC, Inc. Common Stock",$0.475,-0.0139,-2.843%,"184,368,604"
ECBK,"ECB Bancorp, Inc. Common Stock",$21.08,-0.13,-0.613%,"184,190,758"
CLLS,Cellectis S.A. American Depositary Shares,$1.83,-1.27,-40.968%,"183,964,915"
CEPL,"Capstone Energy Plus, Inc. Common Stock",$5.64,-0.25,-4.244%,"183,929,362"
CIA,"Citizens, Inc. Class A Common Stock ($1.00 Par)",$3.62,0.04,1.117%,"183,328,051"
NUCL,Eagle Nuclear Energy Corp. Common stock,$6.18,-0.08,-1.278%,"182,803,152"
SAFX,"XCF Global, Inc. Class A Common Stock",$0.4391,0.029,7.071%,"182,356,867"
UIS,Unisys Corporation New Common Stock,$2.50,0.08,3.306%,"182,289,888"
DVLT,Datavault AI Inc. Common Stock,$0.1919,-0.0026,-1.337%,"182,252,919"
MPV,Barings Participation Investors Common Stock,$17.19,-0.01,-0.058%,"182,243,223"
JRVR,"James River Group Holdings, Inc. Common Stock",$3.94,-0.01,-0.253%,"182,181,778"
GPJA,"Georgia Power Company Series 2017A 5.00% Junior Subordinated Notes due October 1, 2077",$19.60,-0.19,-0.96%,"181,525,400"
MRDN,Meridian Holdings Inc. Common Stock,$14.32,0.61,4.449%,"181,426,939"
SBFG,"SB Financial Group, Inc. Common Stock",$28.99,-0.15,-0.515%,"181,274,238"
IMSRW,Terrestrial Energy Inc. Warrant,$1.71,-0.14,-7.568%,"181,149,284"
FINW,FinWise Bancorp Common Stock,$13.02,-0.31,-2.326%,"180,752,494"
MNSB,"MainStreet Bancshares, Inc. Common Stock",$25.35,0.09,0.356%,"180,519,277"
BVFL,"BV Financial, Inc. Common Stock",$21.30,0.38,1.816%,"180,423,865"
EU,enCore Energy Corp. Common Shares,$0.9258,-0.1742,-15.836%,"179,865,323"
MDWD,MediWound Ltd. Ordinary Shares,$13.88,0.77,5.873%,"179,194,659"
PLG,Platinum Group Metals Ltd. Ordinary Shares (Canada),$1.40,-0.06,-4.11%,"179,039,157"
MNSBP,"MainStreet Bancshares, Inc. Depositary Shares",$25.09,-0.21,-0.83%,"178,667,797"
EBMT,"Eagle Bancorp Montana, Inc. Common Stock",$22.41,0.01,0.045%,"178,505,309"
XGN,Exagen Inc. Common Stock,$7.35,0.32,4.552%,"178,056,242"
JELD,"JELD-WEN Holding, Inc. Common Stock",$2.05,-0.01,-0.485%,"177,864,933"
WHLRD,"Wheeler Real Estate Investment Trust, Inc. Series D Cumulative Preferred Stock",$36.05,UNCH,--,"177,535,471"
BYND,"Beyond Meat, Inc. Common Stock",$10.31,0.10,0.979%,"177,269,789"
WHG,Westwood Holdings Group Inc Common Stock,$18.53,-0.26,-1.384%,"176,834,607"
ONEW,OneWater Marine Inc. Class A Common Stock,$10.61,-0.12,-1.118%,"176,822,218"
TONX,TON Strategy Company Common Stock,$3.18,0.14,4.605%,"175,128,925"
RNA,"Atrium Therapeutics, Inc. Common Stock",$10.21,-0.15,-1.448%,"174,648,615"
EAF,GrafTech International Ltd. Common Stock,$6.66,0.08,1.216%,"173,773,812"
KZIA,Kazia Therapeutics Limited American Depositary Shares,$11.16,-0.03,-0.268%,"173,525,478"
GCTS,"GCT Semiconductor Holding, Inc. Common Stock",$1.87,-0.04,-2.094%,"171,983,388"
AIRS,"AirSculpt Technologies, Inc. Common Stock",$2.38,-0.04,-1.653%,"171,586,597"
FIRY,Firy Inc. Class A Common Stock,$10.30,0.35,3.518%,"171,209,247"
DLTH,Duluth Holdings Inc. Class B Common Stock,$4.50,-0.15,-3.226%,"171,022,505"
VLN,Valens Semiconductor Ltd. Ordinary Shares,$1.62,-0.04,-2.41%,"170,574,174"
MRT,"Marti Technologies, Inc. Class A Ordinary Shares",$1.98,-0.09,-4.348%,"170,364,597"
NIOBW,NioCorp Developments Ltd. Warrant,$1.16,0.14,13.725%,"168,880,976"
GNT,"GAMCO Natural Resources, Gold & Income Trust",$9.14,0.06,0.661%,"168,865,512"
GRX,The Gabelli Healthcare & Wellness Trust Common Shares of Beneficial Interest,$9.85,0.13,1.337%,"168,365,784"
LEE,"Lee Enterprises, Incorporated Common Stock",$7.54,-0.15,-1.951%,"168,082,012"
SEVN,Seven Hills Realty Trust Common Stock,$7.40,-0.01,-0.135%,"167,658,884"
CNTN,"Canton Strategic Holdings, Inc. Common Stock",$2.10,-0.01,-0.474%,"167,330,858"
RDCM,Radcom Ltd. Ordinary Shares,$9.97,0.06,0.605%,"166,403,856"
LFMD,"LifeMD, Inc. Common Stock",$3.44,0.39,12.787%,"165,810,879"
CURI,CuriosityStream Inc. Class A Common Stock,$2.79,0.13,4.887%,"165,553,098"
SWVL,Swvl Holdings Corp Class A Common Shares,$5.51,-1.605,-22.558%,"165,298,744"
SPRB,"Spruce Biosciences, Inc. Common Stock",$56.85,3.15,5.866%,"163,387,639"
TOYO,"TOYO Co., Ltd Ordinary Shares",$4.27,-0.13,-2.955%,"163,000,811"
DAVA,Endava plc American Depositary Shares (each representing one Class A Ordinary Share),$3.00,0.09,3.093%,"162,982,809"
NIU,Niu Technologies American Depositary Shares,$2.07,0.04,1.97%,"162,362,702"
NLOP,Net Lease Office Properties Common Shares of Beneficial Interest,$10.96,0.09,0.828%,"162,362,262"
CDXS,"Codexis, Inc. Common Stock",$1.48,0.015,1.024%,"162,068,532"
DFDV,DeFi Development Corp. Common Stock,$5.22,0.14,2.756%,"161,808,464"
AP,Ampco-Pittsburgh Corporation Common Stock,$7.81,-0.30,-3.699%,"161,343,830"
LFCR,"Lifecore Biomedical, Inc. Common Stock",$4.25,0.13,3.155%,"160,875,505"
HTLM,HomesToLife Ltd Ordinary Shares,$1.79,-0.01,-0.556%,"160,540,625"
NYXH,Nyxoah SA Ordinary Shares,$1.60,0.06,3.896%,"160,116,504"
CAAS,"China Automotive Systems, Inc. Ordinary Share",$5.28,-0.08,-1.493%,"159,301,307"
LUCD,Lucid Diagnostics Inc. Common Stock,$0.7826,-0.0003,-0.038%,"159,058,731"
QSI,Quantum-Si Incorporated Class A Common Stock,$0.725,-0.015,-2.027%,"158,690,836"
AUC,ATIF Holdings Limited Ordinary Shares,$7.15,0.15,2.143%,"158,217,903"
ENGS,Energys Group Limited Ordinary Shares,$2.92,UNCH,--,"158,195,485"
DOUG,Douglas Elliman Inc. Common Stock,$1.74,0.01,0.578%,"158,149,423"
MENS,Jyong Biotech Ltd. Ordinary Shares,$2.08,0.09,4.523%,"158,137,547"
BZUN,Baozun Inc. American Depositary Shares,$2.72,-0.01,-0.366%,"158,109,218"
EARN,Ellington Credit Company Common Shares of Beneficial Interest,$4.17,-0.15,-3.472%,"156,621,843"
SRBK,"SR Bancorp, Inc. Common stock",$19.70,0.21,1.077%,"156,306,813"
CRBP,"Corbus Pharmaceuticals Holdings, Inc. Common Stock",$8.08,-0.04,-0.493%,"156,277,647"
HUMA,"Humacyte, Inc. Common Stock",$0.561,-0.0066,-1.163%,"155,844,737"
TNYA,"Tenaya Therapeutics, Inc. Common Stock",$0.6929,0.0529,8.266%,"155,368,975"
OTLK,"Outlook Therapeutics, Inc. Common Stock",$0.6379,-0.0221,-3.348%,"155,295,195"
BCBP,"BCB Bancorp, Inc. (NJ) Common Stock",$8.56,-0.02,-0.233%,"154,951,596"
BIPI,BIP Bermuda Holdings I Limited 5.125% Perpetual Subordinated Notes,$16.35,-0.04,-0.244%,"154,947,315"
ZJYL,JIN MEDICAL INTERNATIONAL LTD. Class A Ordinary Shares,$1.97,-0.10,-4.831%,"154,511,995"
PIM,Franklin Master Intermediate Income Trust Shares of Beneficial Interest,$3.07,-0.01,-0.325%,"154,277,920"
FOCL,EDAP TMS S.A. American Depositary Shares,$4.11,0.01,0.244%,"154,239,875"
BSET,"Bassett Furniture Industries, Incorporated Common Stock",$17.80,0.11,0.622%,"154,117,188"
ATOM,Atomera Incorporated Common Stock,$3.93,-0.22,-5.301%,"153,364,485"
IMUX,"Immunic, Inc. Common Stock",$11.23,-0.19,-1.664%,"153,227,364"
GSIW,Garden Stage Limited Class A Ordinary Shares,$14.30,-0.05,-0.348%,"153,187,306"
EML,Eastern Company (The) Common Stock,$25.45,0.97,3.962%,"153,146,851"
OPENW,"Opendoor Technologies Inc  Series K Warrants, each whole warrant exercisable to purchase one share of Common Stock at an exercise price of $9.00 per warrant",$0.157,0.029,22.656%,"152,461,295"
WW,"WW International, Inc.  Common Stock",$15.23,0.45,3.045%,"152,281,115"
SITC,SITE Centers Corp. Common Stock,$2.90,0.08,2.837%,"152,178,483"
WALD,Waldencast plc Class A Ordinary Share,$1.18,-0.13,-9.924%,"151,749,077"
OGI,Organigram Global Inc. Common Shares,$1.075,0.025,2.381%,"151,581,984"
NEN,New England Realty Associates Limited Partnership Class A Depositary Receipts Evidencing Units of Limited Partnership,$54.6352,-1.3648,-2.437%,"151,571,922"
NRXP,"NRX Pharmaceuticals, Inc. Common Stock",$3.49,0.09,2.647%,"151,102,227"
XHG,XChange TEC.INC American Depositary Shares ,$2.93,-0.09,-2.98%,"151,035,423"
TRAK,"ReposiTrak, Inc. Common Stock",$8.31,0.31,3.875%,"151,022,325"
MOLN,Molecular Partners AG American Depositary Shares,$4.02,-0.16,-3.828%,"150,794,875"
TLYS,"Tilly's, Inc. Common Stock",$4.92,0.32,6.957%,"150,489,344"
HOFT,Hooker Furnishings Corporation Common Stock,$13.94,1.11,8.652%,"149,738,601"
BANX,ArrowMark Financial Corp. Common Stock,$21.06,0.095,0.453%,"149,581,304"
WHF,"WhiteHorse Finance, Inc. Common Stock",$6.95,-0.09,-1.278%,"149,261,473"
GRO,Brazil Potash Corp. Common Shares,$2.40,-0.01,-0.415%,"148,670,916"
ELME,Elme Communities Common Stock,$1.67,0.01,0.602%,"148,392,665"
DH,Definitive Healthcare Corp. Class A Common Stock,$1.02,-0.03,-2.857%,"147,869,447"
SJT,San Juan Basin Royalty Trust Common Stock,$3.17,-0.03,-0.938%,"147,749,883"
TUSK,"Mammoth Energy Services, Inc. Common Stock",$3.06,-0.04,-1.29%,"147,270,410"
OPRX,OptimizeRx Corporation Common Stock,$7.81,0.52,7.133%,"147,108,777"
WYHG,Wing Yip Food Holdings Group Limited American Depositary Shares,$4.13,-0.42,-9.231%,"146,956,683"
CTW,CTW Class A Ordinary Shares,$2.355,0.015,0.641%,"146,952,000"
NAKA,Nakamoto Inc. Common Stock,$8.21,0.02,0.244%,"146,917,482"
PAAC,Proem Acquisition Corp I Ordinary Shares,$10.15,UNCH,--,"146,840,050"
RGP,"Resources Connection, Inc. Common Stock",$4.23,0.26,6.549%,"146,786,507"
RRGB,"Red Robin Gourmet Burgers, Inc. Common Stock",$7.76,-0.11,-1.398%,"146,693,116"
DIBS,"1stdibs.com, Inc. Common Stock",$4.36,0.03,0.693%,"146,562,677"
HURC,"Hurco Companies, Inc. Common Stock",$22.58,0.79,3.626%,"146,235,351"
ZSQR,Z Squared Inc. Common Stock,$2.755,-0.315,-10.261%,"146,016,094"
OXSQ,Oxford Square Capital Corp. Common Stock,$1.35,0.01,0.746%,"145,405,496"
NXG,NXG NextGen Infrastructure Income Fund Common Shares of Beneficial Interest,$55.80,-0.39,-0.694%,"145,175,641"
KRMD,"KORU Medical Systems, Inc. Common Stock (DE)",$3.14,-0.02,-0.633%,"144,979,772"
ONL,Orion Properties Inc. Common Stock,$2.52,-0.04,-1.563%,"143,752,679"
BRLT,"Brilliant Earth Group, Inc. Class A Common Stock",$1.41,-0.01,-0.704%,"143,570,141"
UNCY,"Unicycive Therapeutics, Inc. Common Stock",$5.15,-0.14,-2.647%,"143,454,574"
ZJK,"ZJK Industrial Co., Ltd. Class A Ordinary Shares",$2.23,-0.05,-2.193%,"143,438,615"
DOYU,DouYu International Holdings Limited ADS,$4.75,0.05,1.064%,"143,349,580"
DCX,Digital Currency X Technology Inc. Class A Ordinary Shares,$0.4067,-0.1333,-24.685%,"142,986,441"
NINE,"Nine Energy Service, Inc. Common Stock",$10.24,-0.27,-2.569%,"142,847,898"
LSBK,"Lake Shore Bancorp, Inc. Common Stock",$18.16,-0.26,-1.412%,"142,624,790"
SHIM,Shimmick Corporation Common Stock,$3.43,-0.01,-0.291%,"141,781,873"
ADCT,ADC Therapeutics SA Common Shares,$1.11,0.04,3.738%,"141,711,141"
GHI,Greystone Housing Impact Investors LP Beneficial Unit Certificates representing assignments of limited partnership interests,$5.98,-0.29,-4.625%,"140,903,810"
GGZ,Gabelli Global Small and Mid Cap Value Trust (The) Common Shares of Beneficial Interest,$15.88,-0.18,-1.121%,"140,886,836"
AMTX,"Aemetis, Inc. (DE) Common Stock",$1.95,-0.06,-2.985%,"140,730,708"
LENZ,"LENZ Therapeutics, Inc. Common Stock",$4.47,-0.05,-1.106%,"140,448,933"
WSHP,WeShop Holdings Limited Class A Ordinary Shares,$5.795,0.545,10.381%,"140,338,286"
HSDT,Solana Company Class A Common Stock (DE),$2.31,0.09,4.054%,"139,659,604"
DLNG,Dynagas LNG Partners LP Common Units,$3.83,0.05,1.323%,"139,343,102"
PAL,"Proficient Auto Logistics, Inc. Common Stock",$4.95,0.10,2.062%,"138,861,969"
INGN,"Inogen, Inc Common Stock",$5.23,-0.08,-1.507%,"138,795,503"
CRBU,"Caribou Biosciences, Inc. Common Stock",$1.29,0.02,1.575%,"138,297,692"
FGBI,"First Guaranty Bancshares, Inc. Common Stock",$8.36,0.41,5.157%,"138,266,826"
OWLT,"Owlet, Inc. Class A Common Stock",$4.72,0.03,0.64%,"137,926,315"
PLBY,"Playboy, Inc. Common Stock",$1.15,0.01,0.877%,"137,778,841"
COOK,"Traeger, Inc. Common Stock",$49.22,0.02,0.041%,"137,728,585"
ANTA,Antalpha Platform Holding Company Class A Ordinary Shares,$3.66,-0.065,-1.745%,"137,616,000"
INTT,inTest Corporation Common Stock,$10.72,-0.70,-6.13%,"137,492,426"
CLAR,Clarus Corporation Common Stock,$3.58,0.03,0.845%,"137,071,595"
HCAT,"Health Catalyst, Inc Common Stock",$1.82,0.12,7.059%,"136,966,613"
INSE,"Inspired Entertainment, Inc. Common Stock",$5.19,0.09,1.765%,"136,799,951"
EGAN,eGain Corporation Common Stock,$5.20,-0.06,-1.141%,"136,091,628"
BMHL,Bluemount Holdings Limited Class B Ordinary Shares,$5.30,0.18,3.516%,"135,256,779"
ACNT,Ascent Industries Co. Common Stock,$14.95,-0.05,-0.333%,"134,691,322"
LX,LexinFintech Holdings Ltd. American Depositary Shares,$0.816,0.0118,1.467%,"134,467,232"
LANV,Lanvin Group Holdings Limited Ordinary Shares,$1.07,-0.03,-2.727%,"134,387,628"
MED,MEDIFAST INC Common Stock,$12.00,-0.04,-0.332%,"134,168,436"
CNXU,Conexeu Sciences Inc. Common Stock,$5.00,0.54,12.108%,"133,791,650"
HYNE,"Hoyne Bancorp, Inc. Common Stock",$16.49,0.03,0.182%,"133,518,508"
UP,Wheels Up Experience Inc. Class A Common Stock,$3.68,-0.02,-0.541%,"133,495,095"
EPM,"Evolution Petroleum Corporation, Inc. Common Stock",$3.71,-0.01,-0.269%,"133,373,918"
STXS,"Stereotaxis, Inc. Common Stock",$1.33,0.04,3.101%,"133,268,897"
EQ,"Equillium, Inc. Common Stock",$2.095,-0.015,-0.711%,"132,839,932"
QVCG,"QVC Group, Inc. Common Stock",$16.35,-0.50,-2.967%,"132,338,568"
IMDX,Insight Molecular Diagnostics Inc. Common Stock,$4.02,-0.18,-4.286%,"131,551,622"
SIF,"SIFCO Industries, Inc. Common Stock",$21.03,-0.52,-2.413%,"131,524,312"
TP,Ticketplus Ltd. Ordinary Shares,$8.1321,-0.4179,-4.888%,"130,710,000"
LGCY,Legacy Education Inc. Common Stock,$10.33,0.18,1.773%,"130,695,553"
HURA,"TuHURA Biosciences, Inc. Common Stock",$2.05,UNCH,--,"130,639,565"
BHR,Braemar Hotels & Resorts Inc. Common Stock,$1.89,0.03,1.613%,"129,803,911"
BEBE,TGE Value Creative Solutions Corp Class A Ordinary Shares,$10.05,0.02,0.199%,"129,343,500"
BMEA,"Biomea Fusion, Inc. Common Stock",$1.78,0.04,2.299%,"129,021,257"
KVHI,"KVH Industries, Inc. Common Stock",$7.05,-0.18,-2.49%,"127,893,782"
ALVOW,Alvotech Warrant,$0.3273,0.0318,10.761%,"127,788,223"
BOOM,DMC Global Inc. Common Stock,$6.22,-0.14,-2.201%,"127,764,703"
SMID,Smith-Midland Corporation Common Stock,$24.08,-0.41,-1.674%,"127,734,912"
APYX,Apyx Medical Corporation Common Stock,$3.02,0.12,4.138%,"127,214,549"
CVGI,"Commercial Vehicle Group, Inc. Common Stock",$3.13,-0.04,-1.262%,"127,180,295"
ZENA,"ZenaTech, Inc. Common Stock",$1.48,-0.04,-2.632%,"127,152,764"
ENGN,enGene Therapeutics Inc. Common Stock,$1.87,0.07,3.889%,"125,320,511"
BOTJ,"Bank of the James Financial Group, Inc. Common Stock",$27.55,0.08,0.291%,"125,168,962"
VIVO,VivoPower PLC Class A Ordinary Shares,$3.90,-0.09,-2.256%,"124,774,865"
NIPG,NIP Group Inc. American Depositary Shares,$14.64,0.29,2.021%,"124,756,019"
AGPU,Axe Compute Inc. Common Stock,$10.76,-0.41,-3.671%,"124,720,494"
JLHL,Julong Holding Limited Class A Ordinary Shares,$5.81,-0.28,-4.598%,"124,616,552"
VTVT,vTv Therapeutics Inc. Class A Common Stock,$31.44,-0.53,-1.658%,"124,311,496"
MGYR,"Magyar Bancorp, Inc. Common Stock",$19.18,-0.27,-1.388%,"123,814,246"
SFBC,"Sound Financial Bancorp, Inc. Common Stock",$48.19,0.19,0.396%,"123,753,992"
UFI,"Unifi, Inc. New Common Stock",$6.65,-0.11,-1.627%,"123,615,766"
TISI,"Team, Inc. Common Stock",$26.90,1.04,4.022%,"123,288,322"
BNR,Burning Rock Biotech Limited American Depositary Shares,$11.60,-0.68,-5.537%,"122,337,579"
INO,"Inovio Pharmaceuticals, Inc. Common Stock",$1.18,-0.07,-5.60%,"122,009,071"
OKUR,"OnKure Therapeutics, Inc. Class A Common Stock",$3.00,-0.10,-3.226%,"121,488,927"
AARD,"Aardvark Therapeutics, Inc. Common Stock",$5.55,0.42,8.187%,"121,460,895"
AXR,AMREP Corporation Common Stock,$22.80,-0.14,-0.61%,"121,406,557"
MXCT,"MaxCyte, Inc. Common Stock",$1.175,0.015,1.293%,"121,267,292"
JHS,John Hancock Income Securities Trust Common Stock,$10.41,-0.19,-1.792%,"121,240,950"
CODA,"Coda Octopus Group, Inc. Common stock",$10.73,0.71,7.086%,"121,042,490"
WSBK,"Winchester Bancorp, Inc. Common Stock",$12.95,-0.01,-0.077%,"120,375,119"
KDKRW,"Kodiak AI, Inc. Warrants",$0.60,0.0478,8.656%,"120,370,902"
SANG,Sangoma Technologies Corporation Common Shares,$3.61,-0.09,-2.432%,"120,136,432"
AKA,a.k.a. Brands Holding Corp. Common Stock,$10.89,0.02,0.184%,"119,692,633"
PMN,ProMIS Neurosciences Inc. Common Shares (ON),$13.26,-0.30,-2.212%,"118,911,609"
FGNXP,FG Nexus Inc. 8.00% Cumulative Preferred Stock,$23.3231,UNCH,--,"118,847,241"
QTRX,Quanterix Corporation Common Stock,$2.50,-0.06,-2.344%,"118,232,663"
MIST,Milestone Pharmaceuticals Inc. Common Shares,$0.9494,-0.0307,-3.132%,"118,198,382"
NRDY,Nerdy Inc. Class A Common Stock,$9.25,-0.21,-2.22%,"118,159,435"
UNB,"Union Bankshares, Inc. Common Stock",$23.87,0.12,0.505%,"118,057,869"
BSBK,Bogota Financial Corp. Common Stock,$9.2097,0.1597,1.765%,"117,527,864"
JYNT,The Joint Corp. Common Stock,$8.30,0.45,5.732%,"117,388,178"
ICG,Intchains Group Limited American Depositary Shares,$0.9718,0.0019,0.196%,"117,376,824"
BEEP,Mobile Infrastructure Corporation Common Stock,$2.84,0.04,1.429%,"117,292,000"
NICM,Nicola Mining Inc. American Depositary Shares,$5.91,-0.23,-3.746%,"117,145,579"
TCX,Tucows Inc. Class A Common Stock,$10.46,-0.35,-3.238%,"116,964,892"
WTF,Waton Financial Limited Ordinary Shares,$2.4201,-0.1799,-6.919%,"116,739,506"
OCC,Optical Cable Corporation Common Stock,$13.20,-1.42,-9.713%,"116,714,717"
BDTX,"Black Diamond Therapeutics, Inc. Common Stock",$2.03,0.05,2.525%,"116,631,106"
HDRN,"Hadron Energy, Inc. Common Stock  ",$1.63,-0.105,-6.052%,"116,543,112"
RANI,"Rani Therapeutics Holdings, Inc. Class A Common Stock",$0.8358,-0.0068,-0.807%,"116,506,608"
PROV,"Provident Financial Holdings, Inc. Common Stock",$18.685,0.055,0.295%,"116,481,505"
TJGC,TJGC Group Limited Class A Ordinary Shares,$11.53,0.34,3.038%,"116,453,265"
CABO,"Cable One, Inc. Common Stock",$20.44,-0.87,-4.083%,"115,975,027"
VERI,"Veritone, Inc. Common Stock",$1.15,0.11,10.577%,"115,525,628"
PNBK,Patriot National Bancorp Inc. Common Stock,$0.9718,-0.0082,-0.837%,"115,393,670"
NAUT,"Nautilus Biotechnology, Inc. Common Stock",$0.9063,-0.1137,-11.147%,"115,331,409"
HOVNP,Hovnanian Enterprises Inc Dep Shr Srs A Pfd,$19.2979,-0.0021,-0.011%,"115,013,361"
GNLX,Genelux Corporation Common Stock,$2.54,0.05,2.008%,"114,923,151"
CITR,CitroTech Inc. Common Stock,$5.09,-0.25,-4.682%,"114,797,183"
SAMG,Silvercrest Asset Management Group Inc. Class A Common Stock,$9.66,-0.29,-2.915%,"114,449,429"
FLYX,"flyExclusive, Inc. Class A Common Stock",$1.12,UNCH,--,"114,331,558"
RYDE,Ryde Group Ltd. Class A Ordinary Shares,$0.634,-0.016,-2.462%,"114,263,478"
OPHC,"OptimumBank Holdings, Inc. Common Stock",$9.05,-0.02,-0.221%,"114,233,354"
CBUS,"Cibus, Inc. Class A Common Stock",$1.49,-0.08,-5.096%,"113,879,156"
VANI,"Vivani Medical, Inc. Common Stock (DE)",$1.26,-0.01,-0.787%,"113,656,229"
RFL,"Rafael Holdings, Inc. Class B Common Stock",$2.18,-0.10,-4.386%,"113,359,991"
TLSA,Tiziana Life Sciences Ltd. Common Shares,$0.8902,-0.0698,-7.271%,"113,286,078"
DMRC,Digimarc Corporation Common Stock,$5.04,0.04,0.80%,"113,275,658"
USGO,U.S. GoldMining Inc. Common stock,$8.07,-0.09,-1.103%,"113,268,390"
PZG,Paramount Gold Nevada Corp. Common Stock,$1.32,UNCH,--,"113,235,383"
HLP,Hongli Group Inc. Class A Ordinary Shares,$1.51,0.30,24.793%,"112,855,513"
STHO,Star Holdings Shares of Beneficial Interest,$9.32,0.01,0.107%,"112,598,024"
NTHI,"NeOnc Technologies Holdings, Inc. Common Stock",$3.78,0.10,2.717%,"112,515,839"
RVSB,Riverview Bancorp Inc Common Stock,$5.58,0.23,4.299%,"112,496,221"
MWC,"Micware Co., Ltd. American Depositary Shares",$1.83,0.41,28.873%,"112,237,542"
FBYDW,"Falcon's Beyond Global, Inc. Warrants",$0.9199,-0.0316,-3.321%,"111,546,382"
WYY,WidePoint Corporation Common Stock,$11.13,0.30,2.77%,"111,280,578"
GGT,"Gabelli Multi-Media Trust, Inc. (The) Common Stock",$4.04,0.01,0.248%,"111,244,434"
GLU,Gabelli Global Utility Common Shares of Beneficial Ownership,$18.63,-0.3201,-1.689%,"111,200,812"
QUCY,Quantum Cyber N.V. Ordinary Shares,$1.32,-0.02,-1.493%,"110,970,013"
SRG,Seritage Growth Properties Class A Common Stock,$1.97,0.05,2.604%,"110,959,476"
HOVR,New Horizon Aircraft Ltd. Class A Ordinary Share,$1.65,-0.01,-0.602%,"110,754,503"
PMVP,"PMV Pharmaceuticals, Inc. Common Stock",$1.46,0.06,4.286%,"110,252,531"
KULR,"KULR Technology Group, Inc. Common Stock",$2.38,UNCH,--,"110,147,166"
BYFC,Broadway Financial Corporation Class A Common Stock,$11.81,-0.04,-0.338%,"109,579,616"
JHI,John Hancock Investors Trust Common Stock,$12.50,-0.11,-0.872%,"109,306,838"
COYA,"Coya Therapeutics, Inc. Common Stock",$4.64,0.26,5.936%,"108,844,419"
CNTB,Connect Biopharma Holdings Limited Ordinary Shares,$1.725,-0.315,-15.441%,"108,630,683"
PYPD,PolyPid Ltd. Ordinary Shares,$5.33,0.18,3.495%,"108,261,713"
CSTE,Caesarstone Ltd. Ordinary Shares,$3.13,-0.06,-1.881%,"108,226,245"
TRBG,TurboGen Ltd. Ordinary Shares,$4.25,-0.08,-1.848%,"108,187,958"
INVZ,Innoviz Technologies Ltd. Ordinary shares,$0.3041,-0.0078,-2.501%,"107,863,865"
FJET,"Starfighters Space, Inc. Common Stock",$1.96,0.01,0.513%,"107,792,197"
FURY,Fury Gold Mines Limited Common Shares,$0.5643,-0.0227,-3.867%,"107,291,598"
GOAI,Eva Live Inc. Common Stock,$2.68,-0.13,-4.626%,"107,184,295"
XHLD,"TEN Holdings, Inc. Common Stock",$8.92,-3.61,-28.811%,"106,861,092"
CHMI,Cherry Hill Mortgage Investment Corporation Common Stock,$2.89,0.02,0.697%,"106,777,969"
GRABW,Grab Holdings Limited Warrant,$0.026,0.0058,28.713%,"106,612,526"
WRAP,"Wrap Technologies, Inc. Common Stock",$1.65,-0.03,-1.786%,"106,551,344"
AMBR,Amber International Holding Limited American Depositary Shares,$1.13,0.05,4.63%,"106,531,034"
JXG,JX Luxventure Group Inc. Common Stock,$8.80,-0.15,-1.676%,"106,126,918"
FLNT,"Fluent, Inc. Common Stock",$3.35,0.26,8.414%,"105,883,738"
ZSTK,ZeroStack Corp. Common Stock,$4.85,0.01,0.207%,"105,829,556"
SEER,"Seer, Inc. Class A Common Stock",$1.91,-0.04,-2.051%,"105,760,549"
FLX,BingEx Limited American Depositary Shares,$1.44,-0.10,-6.494%,"105,307,070"
MX,Magnachip Semiconductor Corporation Common Stock,$2.88,-0.07,-2.373%,"105,149,120"
HMR,Heidmar Maritime Holdings Corp. Common Stock,$1.77,0.34,23.776%,"104,415,835"
SPWR,SunPower Inc. Common Stock,$0.3345,-0.0022,-0.653%,"104,332,538"
EP,Empire Petroleum Corporation Common Stock,$2.50,UNCH,--,"103,993,353"
ONCY,"Oncolytics Biotech, Inc. Common Stock",$0.8127,0.0672,9.014%,"103,627,787"
SIEB,Siebert Financial Corp. Common Stock,$2.52,-0.18,-6.667%,"103,574,359"
OESX,"Orion Energy Systems, Inc. Common Stock",$25.29,-1.96,-7.193%,"103,418,043"
LAKE,"Lakeland Industries, Inc. Common Stock",$10.38,0.30,2.976%,"103,087,371"
VENU,Venu Holding Corporation Common Stock,$1.75,0.01,0.575%,"103,021,343"
GHG,"GreenTree Hospitality Group Ltd. American depositary shares, each representing one Class A ordinary share",$1.02,-0.011,-1.067%,"102,915,272"
RTB,"RTB Digital, Inc. Common Stock",$7.11,-0.64,-8.258%,"102,842,702"
BUDA,"Buda Juice, Inc. Common Stock",$8.175,0.415,5.348%,"102,732,495"
ILLU,Illumination Acquisition Corp I Class A Ordinary Shares,$9.99,0.01,0.10%,"102,544,793"
LPA,Logistic Properties of the Americas Ordinary Shares,$3.24,-0.14,-4.142%,"102,441,721"
HERE,Here Group Limited American Depositary Shares,$1.88,-0.01,-0.529%,"102,243,076"
BGM,BGM Group Ltd. Class A Ordinary Shares,$0.2546,-0.0084,-3.194%,"101,998,707"
CRDF,"Cardiff Oncology, Inc. Common Stock",$1.31,0.10,8.264%,"101,911,776"
AMPG,"Amplitech Group, Inc. Common Stock",$3.38,-0.08,-2.312%,"101,548,338"
EVTL,Vertical Aerospace Ltd. Ordinary Shares,$0.5887,0.0529,9.873%,"101,093,707"
AIB,AIB Data Centers Inc. Common Stock,$1.33,-0.06,-4.317%,"101,052,690"
AUROW,"Aurora Innovation, Inc. Warrant",$0.0504,-0.0196,-28.00%,"101,009,426"
AEYE,"AudioEye, Inc. Common Stock",$8.03,0.10,1.261%,"100,934,482"
PARK,"Park Dental Partners, Inc. Common Stock",$21.21,0.62,3.011%,"100,859,531"
HUHU,HUHUTECH International Group Inc. Ordinary Shares,$3.95,-0.10,-2.469%,"100,700,309"
PLYX,"Polaryx Therapeutics, Inc. Common Stock",$2.02,0.01,0.498%,"100,688,906"
KEQU,Kewaunee Scientific Corporation Common Stock,$35.05,0.6001,1.742%,"100,607,871"
ACR,ACRES Commercial Realty Corp. Common Stock,$13.43,-0.13,-0.959%,"100,435,745"
SUNS,"Sunrise Realty Trust, Inc. Common Stock",$7.43,0.16,2.201%,"100,422,773"
CPIX,Cumberland Pharmaceuticals Inc. Common Stock,$6.70,0.31,4.851%,"100,386,817"
DWSN,Dawson Geophysical Company Common Stock,$3.22,-0.14,-4.167%,"99,999,090"
TRT,Trio-Tech International Common Stock,$9.87,-0.23,-2.277%,"99,811,352"
ZVIA,Zevia PBC Class A Common Stock,$1.29,0.03,2.381%,"99,775,567"
GETY,"Getty Images Holdings, Inc. Class A Common Stock",$0.2382,-0.0218,-8.385%,"98,808,053"
VATE,INNOVATE Corp. Common Stock,$7.24,0.08,1.117%,"98,767,110"
VNCE,Vince Holding Corp. Common Stock,$7.65,2.41,45.992%,"98,281,799"
RFIL,"RF Industries, Ltd. Common Stock",$9.05,-1.27,-12.306%,"98,203,948"
CIGL,Concorde International Group Ltd Class A Ordinary Shares,$0.4317,-0.0085,-1.931%,"97,989,627"
RDZN,"Roadzen, Inc. Ordinary Shares",$1.15,0.01,0.877%,"97,939,822"
FNWB,First Northwest Bancorp Common Stock,$10.28,-0.17,-1.627%,"97,779,402"
FDSB,"Fifth District Bancorp, Inc. Common Stock",$18.64,0.12,0.648%,"97,592,665"
MBOT,Microbot Medical Inc. Common Stock,$1.45,UNCH,--,"97,388,961"
GUTS,"Fractyl Health, Inc. Common Stock",$0.6116,-0.0284,-4.438%,"97,354,395"
ANIX,"Anixa Biosciences, Inc. Common Stock",$2.80,0.04,1.449%,"97,338,646"
MBAI,MBody AI Ltd. Ordinary Share,$6.30,-0.10,-1.563%,"96,349,378"
LUD,Luda Technology Group Limited Ordinary Shares,$4.245,UNCH,--,"96,319,050"
VIRC,Virco Manufacturing Corporation Common Stock,$6.10,-0.10,-1.613%,"96,159,272"
CGTX,"Cognition Therapeutics, Inc. Common Stock",$1.01,0.0272,2.768%,"96,044,683"
LNSR,"LENSAR, Inc. Common Stock",$7.81,0.21,2.763%,"95,952,606"
PUSA,Aureus Greenway Holdings Inc. Common Stock,$3.47,-0.19,-5.191%,"95,923,230"
LSE,"Leishen Energy Holding Co., Ltd. Class A Ordinary Shares",$5.58,0.0644,1.168%,"94,999,500"
MDIA,Mediaco Holding Inc. Class A Common Stock ,$1.13,-0.02,-1.739%,"94,942,440"
OPENL,"Opendoor Technologies Inc  Series A Warrants, each whole warrant exercisable to purchase one share of Common Stock at an exercise price of $13.00 per warrant",$0.0977,0.0234,31.494%,"94,875,596"
CMCM,"Cheetah Mobile Inc. American Depositary Shares, each representing fifty (50) Class A Ordinary Shares",$3.04,-0.05,-1.618%,"94,774,548"
TSQ,"Townsquare Media, Inc. Class A Common Stock",$5.19,-0.03,-0.575%,"94,622,206"
RPT,Rithm Property Trust Inc. Common stock,$12.14,-0.32,-2.568%,"94,358,927"
ARBE,Arbe Robotics Ltd. Ordinary Shares,$0.739,-0.0446,-5.692%,"94,151,600"
ARQ,"Arq, Inc. Common Stock",$2.14,-0.06,-2.727%,"93,450,554"
OPENZ,"Opendoor Technologies Inc  Series Z Warrants, each whole warrant exercisable to purchase one share of Common Stock at an exercise price of $17.00 per warrant",$0.0957,0.0057,6.333%,"92,933,413"
HFFG,HF Foods Group Inc. Common Stock,$1.67,0.01,0.602%,"92,856,703"
ATRA,"Atara Biotherapeutics, Inc. Common Stock",$9.25,-0.13,-1.386%,"92,848,818"
GFUZW,General Fusion Group Ltd. Warrant,$1.46,-0.1399,-8.744%,"92,781,133"
QXL,Quantum X Labs Inc. Common Stock,$4.30,-0.14,-3.153%,"92,741,652"
BWEN,"Broadwind, Inc. Common Stock",$3.92,-0.06,-1.508%,"92,736,902"
RMI,"RiverNorth Opportunistic Municipal Income Fund, Inc. Common Stock",$14.55,-0.0204,-0.14%,"92,731,049"
ULBI,Ultralife Corporation Common Stock,$5.56,-0.04,-0.714%,"92,647,776"
BZFD,"BuzzFeed, Inc. Class A Common Stock",$1.11,0.03,2.778%,"92,501,554"
MNOV,Medicinova Inc Common Stock,$1.87,0.06,3.315%,"92,043,730"
FUSB,"First US Bancshares, Inc. Common Stock",$16.72,-0.27,-1.589%,"92,038,734"
AUBN,"Auburn National Bancorporation, Inc. Common Stock",$26.40,-0.14,-0.528%,"91,985,309"
SLNG,"Stabilis Solutions, Inc. Common Stock",$4.945,-0.285,-5.449%,"91,958,708"
GRWG,GrowGeneration Corp. Common Stock,$1.55,0.02,1.307%,"91,326,696"
SKIN,SkinHealth Systems Inc. Class A Common Stock,$0.7001,0.0001,0.014%,"91,111,548"
VIOT,"Viomi Technology Co., Ltd American Depositary Shares",$1.35,-0.05,-3.571%,"90,884,336"
TGEN,Tecogen Inc. Common Stock,$3.01,-0.04,-1.311%,"90,865,344"
ACET,"Adicet Bio, Inc. Common Stock",$9.70,0.18,1.891%,"90,806,453"
RGT,"Royce Global Trust, Inc. Common Stock",$14.42,-0.19,-1.30%,"90,369,318"
ATLX,Atlas Lithium Corporation Common Stock,$3.00,-0.03,-0.99%,"90,299,415"
SPAI,Safe Pro Group Inc. Common Stock,$4.43,-0.06,-1.336%,"90,207,479"
XTND,"Xtend AI Robotics, Inc. Common Stock",$4.45,-0.04,-0.891%,"90,025,293"
MGF,Aberdeen Government Markets Income Fund Common Shares of Beneficial Interest,$2.76,-0.01,-0.361%,"89,968,805"
CPBI,"Central Plains Bancshares, Inc. Common Stock",$21.4407,0.0407,0.19%,"89,455,660"
PFX,PhenixFIN Corporation Common Stock,$46.08,0.76,1.677%,"88,993,060"
CCLD,"CareCloud, Inc. Common Stock",$2.09,0.04,1.951%,"88,812,165"
SEV,Aptera Motors Corp. Class B Common Stock,$2.19,-0.07,-3.097%,"88,789,444"
CBAT,CBAK Energy Technology Limited Ordinary Shares,$1.00,UNCH,--,"88,645,836"
DTI,Drilling Tools International Corporation Common Stock,$2.51,-0.12,-4.563%,"88,558,382"
BCIC,BCP Investment Corporation Common Stock,$7.15,0.02,0.281%,"88,543,112"
THRY,"Thryv Holdings, Inc. Common Stock",$1.99,0.20,11.173%,"88,433,831"
LINK,"Interlink Electronics, Inc. Common Stock",$5.61,-0.23,-3.938%,"88,376,624"
UBCP,"United Bancorp, Inc. Common Stock",$15.40,-0.32,-2.036%,"88,326,977"
MNTS,Momentus Inc. Class A Common Stock,$4.02,-0.02,-0.495%,"88,292,872"
SLQT,"SelectQuote, Inc. Common Stock",$0.4999,-0.0001,-0.02%,"88,268,909"
ICCC,ImmuCell Corporation Common Stock,$9.71,-0.14,-1.421%,"88,188,133"
ALDX,"Aldeyra Therapeutics, Inc. Common Stock",$1.46,0.12,8.955%,"88,076,575"
ECOR,"electroCore, Inc. Common Stock",$9.76,0.14,1.455%,"87,995,038"
RLYB,Rallybio Corporation Common Stock,$16.51,-0.365,-2.163%,"87,676,338"
EIC,Eagle Point Income Company Common Shares of Beneficial Interest,$9.83,-0.06,-0.607%,"87,566,702"
YRD,"Yiren Digital Ltd. American Depositary Shares, each representing two ordinary shares",$0.9999,-0.0101,-1.00%,"87,479,712"
YDDL,One and One Green Technologies. Inc Class A Ordinary Shares,$1.56,-0.07,-4.294%,"87,411,999"
CTOR,"Citius Oncology, Inc. Common Stock",$0.94,0.0225,2.452%,"87,402,332"
BYRN,"Byrna Technologies, Inc. Common Stock",$3.73,0.11,3.039%,"87,299,732"
MHH,"Mastech Digital, Inc Common Stock",$7.26,-0.21,-2.811%,"87,211,338"
GCV,"Gabelli Convertible and Income Securities Fund, Inc. (The) Common Stock",$4.5492,-0.0308,-0.672%,"86,616,900"
BSIN,Big Sky Industrial Inc. Common Stock,$1.65,0.08,5.096%,"86,614,156"
VRA,"Vera Bradley, Inc. Common Stock",$3.04,-0.10,-3.185%,"86,452,286"
ACH,"Accendra Health, Inc. Common Stock",$1.12,0.04,3.704%,"86,133,268"
MMLP,Martin Midstream Partners L.P. Limited Partnership,$2.1999,0.0199,0.913%,"86,070,397"
FTLF,"FitLife Brands, Inc. Common Stock",$9.15,-0.06,-0.651%,"85,928,309"
PBHC,"Pathfinder Bancorp, Inc. Common Stock (MD)",$17.52,0.31,1.801%,"85,819,267"
GECC,Great Elm Capital Corp. Common Stock,$6.17,0.19,3.177%,"85,699,758"
EVF,Eaton Vance Senior Income Trust Common Stock,$4.87,-0.08,-1.616%,"85,414,238"
LGL,"LGL Group, Inc. (The) Common Stock",$6.77,-0.01,-0.147%,"85,391,019"
HYPR,"Hyperfine, Inc. Class A Common Stock",$0.804,0.0139,1.759%,"85,263,130"
GIBO,GIBO Holdings Limited Class A Ordinary Shares,$32.70,-0.84,-2.504%,"85,173,854"
MHNC,"Maiden Holdings North America, Ltd. 7.75% Notes due 2043",$11.00,-0.14,-1.257%,"85,161,373"
SRL,Scully Royalty Ltd.,$5.57,-0.06,-1.066%,"84,810,775"
CHGG,"Chegg, Inc. Common Stock",$0.763,0.0283,3.852%,"84,713,969"
LUNG,Pulmonx Corporation Common Stock,$1.97,0.12,6.486%,"84,608,090"
MAIA,"MAIA Biotechnology, Inc. Common Stock",$1.39,0.09,6.923%,"84,559,546"
FBIO,"Fortress Biotech, Inc. Common Stock",$2.53,0.01,0.397%,"84,378,012"
ISPR,Ispire Technology Inc. Common Stock,$1.47,-0.02,-1.342%,"84,377,112"
ATGL,Alpha Technology Group Limited Class A Ordinary Shares,$5.12,-0.18,-3.396%,"84,288,000"
NTRB,Nutriband Inc. Common Stock,$6.925,-0.035,-0.503%,"84,178,105"
RFM,"RiverNorth Flexible Municipal Income Fund, Inc. Common Stock",$13.76,-0.10,-0.722%,"84,138,258"
PTHS,Pelthos Therapeutics Inc. Common Stock,$21.94,0.04,0.183%,"83,996,610"
ACRV,"Acrivon Therapeutics, Inc. Common Stock",$1.96,-0.04,-2.00%,"83,992,590"
NRT,North European Oil Royality Trust Common Stock,$9.11,0.01,0.11%,"83,726,275"
BDL,"Flanigan's Enterprises, Inc. Common Stock",$45.04,-0.38,-0.837%,"83,713,461"
BZAI,"Blaize Holdings, Inc. Common Stock",$0.5768,0.0168,3.00%,"83,539,120"
RML,Resolution Minerals Ltd American Depositary Shares,$7.46,-0.30,-3.866%,"83,538,975"
EMPD,Empery Digital Inc. Common stock,$2.97,-0.07,-2.303%,"83,487,030"
ROC,Rank One Computing Corporation Common stock,$4.36,0.11,2.588%,"83,189,354"
NDLS,Noodles & Company Class A Common Stock,$13.93,0.19,1.383%,"83,115,574"
VHUB,"VenHub Global, Inc. Common Stock",$0.85,-0.073,-7.909%,"82,813,678"
WFF,WF Holding Limited Ordinary Shares,$1.97,-0.06,-2.956%,"82,582,270"
BARK,"BARK, Inc. Class A Common Stock",$9.14,-0.45,-4.692%,"82,565,797"
CPHC,Canterbury Park Holding Corporation 'New' Common Stock,$15.88,0.04,0.253%,"82,312,297"
VRCA,Verrica Pharmaceuticals Inc. Common Stock,$4.78,-0.13,-2.648%,"82,114,597"
WSTN,Westin Acquisition Corp Class A Ordinary Share,$10.16,UNCH,--,"81,838,800"
ASRV,AmeriServ Financial Inc. Common Stock,$4.81,-0.08,-1.636%,"81,670,274"
HNNA,"Hennessy Advisors, Inc. Common Stock",$10.28,-0.02,-0.194%,"81,257,335"
AZI,Autozi Internet Technology (Global) Ltd. Class A Ordinary Shares,$1.22,-0.03,-2.40%,"80,947,078"
NEXM,NexMetals Mining Corp. Common Shares,$2.27,-0.04,-1.732%,"80,921,332"
MAYS,"J. W. Mays, Inc. Common Stock",$40.1197,UNCH,--,"80,872,489"
UPXI,"Upexi, Inc. Common Stock",$1.10,0.06,5.769%,"80,797,594"
FSEA,"First Seacoast Bancorp, Inc. Common Stock",$17.17,UNCH,--,"80,774,977"
SSBI,Summit State Bank Common Stock,$12.09,-0.115,-0.942%,"80,678,142"
INTG,Intergroup Corporation (The) Common Stock,$37.54,-0.20,-0.53%,"80,666,402"
DTF,DTF Tax-Free Income 2028 Term Fund Inc. Common Stock,$11.456,-0.024,-0.209%,"80,530,720"
TELO,"Telomir Pharmaceuticals, Inc. Common Stock",$1.17,UNCH,--,"80,466,699"
DTCX,"Datacentrex, Inc. Common Stock",$2.00,-0.02,-0.99%,"80,287,252"
CSPI,CSP Inc. Common Stock,$7.93,0.17,2.191%,"79,939,515"
CVRX,"CVRx, Inc. Common Stock",$3.00,0.12,4.167%,"79,924,791"
FATN,"FatPipe, Inc. Common Stock",$5.645,0.035,0.624%,"79,755,202"
AFCG,Advanced Flower Capital Inc. Common Stock,$3.50,-0.05,-1.408%,"79,351,717"
LNZA,"LanzaTech Global, Inc. Common Stock",$6.06,-0.05,-0.818%,"79,320,328"
NFE,New Fortress Energy Inc. Class A Common Stock,$13.88,-2.60,-15.777%,"79,292,179"
TYGO,"Tigo Energy, Inc. Common Stock",$1.03,0.01,0.98%,"79,076,922"
OSTX,OS Therapies Incorporated Common Stock,$1.70,0.02,1.19%,"79,000,343"
SERA,"Sera Prognostics, Inc. Class A Common Stock",$2.00,-0.03,-1.478%,"78,898,932"
KLRS,"Kalaris Therapeutics, Inc. Common Stock",$3.30,-0.08,-2.367%,"78,556,437"
SUIG,Sui Group Holdings Limited Common Stock,$1.02,0.0289,2.916%,"78,338,929"
LFVN,Lifevantage Corporation Common Stock (Delaware),$6.25,0.08,1.297%,"78,295,925"
NEOVW,NeoVolta Inc. Warrant,$1.33,UNCH,--,"78,288,119"
GLBS,Globus Maritime Limited Common Stock,$3.62,-0.10,-2.688%,"78,127,930"
MEGL,Magic Empire Global Limited Class A Ordinary Shares,$1.20,0.02,1.695%,"78,076,860"
GCL,GCL Global Holdings Ltd Ordinary Shares,$0.5993,-0.0093,-1.528%,"77,990,164"
NAAS,NaaS Technology Inc. American Depositary Shares,$3.1748,-0.0752,-2.314%,"77,982,197"
BLNK,Blink Charging Co. Common Stock,$0.5346,-0.0096,-1.764%,"77,484,238"
SCOR,"comScore, Inc. Common Stock",$5.10,0.14,2.823%,"77,440,063"
IBIO,"iBio, Inc. Common Stock",$1.20,-0.005,-0.415%,"77,168,707"
ETS,Elite Express Holding Inc. Class A Common Stock,$1.58,0.08,5.333%,"76,972,342"
SATLW,Satellogic Inc. Warrant,$0.5005,0.0612,13.931%,"76,946,825"
JFIN,Jiayin Group Inc. American Depositary Shares,$1.47,0.03,2.083%,"76,924,433"
AIRT,"Air T, Inc. Common Stock",$28.615,-2.075,-6.761%,"76,738,219"
SSTI,"SoundThinking, Inc. Common Stock",$5.82,0.21,3.743%,"76,613,258"
NTIC,Northern Technologies International Corporation Common Stock,$8.045,-0.075,-0.924%,"76,398,852"
HFBL,"Home Federal Bancorp, Inc. of Louisiana Common Stock",$25.00,UNCH,--,"76,347,225"
EGG,Enigmatig Limited Class A Ordinary Shares,$2.74,-0.12,-4.196%,"76,295,848"
RNXT,"RenovoRx, Inc. Common Stock",$1.69,-0.07,-3.977%,"76,268,869"
CPSH,CPS Technologies Corp. Common Stock,$3.93,-0.15,-3.676%,"76,194,612"
GANX,"Gain Therapeutics, Inc. Common Stock",$1.74,-0.01,-0.571%,"75,939,897"
CANG,Cango Inc. Class A Ordinary Shares,$1.85,0.02,1.093%,"75,890,639"
FACWW,Factorial Energy Inc. Warrant,$0.709,-0.0004,-0.056%,"75,879,481"
GLV,Clough Global Dividend and Income Fund Common Shares of beneficial interest,$5.96,-0.11,-1.812%,"75,749,115"
AEC,Anfield Energy Inc. Common Shares,$3.79,-0.17,-4.293%,"75,610,409"
WCT,Wellchange Holdings Company Limited Class A Ordinary shares,$7.02,-0.13,-1.818%,"75,402,283"
FTFT,Future FinTech Group Inc. Common Stock,$8.04,5.16,179.167%,"75,375,000"
IOR,"Income Opportunity Realty Investors, Inc. Common Stock",$18.4999,UNCH,--,"75,223,886"
CING,Cingulate Inc. Common Stock,$5.17,0.15,2.988%,"75,181,240"
BSEM,"BioStem Technologies, Inc. Common Stock",$4.21,-0.10,-2.32%,"75,146,273"
BLUW,Blue Water Acquisition Corp. III Class A Ordinary Shares,$10.365,-0.005,-0.048%,"75,094,425"
MHLA,"Maiden Holdings, Ltd. 6.625% Notes due 2046",$9.63,0.03,0.313%,"74,554,911"
WBX,Wallbox N.V. Class A Ordinary Shares,$3.12,-0.19,-5.74%,"74,540,229"
BATL,Battalion Oil Corporation Common Stock,$1.30,-0.04,-2.985%,"74,466,802"
PCLA,PicoCELA Inc. American Depositary Shares,$7.73,-2.38,-23.541%,"74,314,713"
FSI,Flexible Solutions International Inc. Common Stock (CDA),$5.80,0.15,2.655%,"74,080,488"
NSTS,"NSTS Bancorp, Inc. Common Stock",$14.08,-0.03,-0.213%,"73,964,084"
MB,MasterBeef Group Ordinary Shares,$4.29,-0.04,-0.924%,"73,594,950"
AMCI,AMC Robotics Corporation Common Stock,$3.17,-0.11,-3.354%,"73,564,361"
STEX,Streamex Corp. Common Stock,$0.631,-0.0303,-4.582%,"73,489,678"
OKYO,OKYO Pharma Limited Ordinary Shares,$1.40,UNCH,--,"73,471,338"
AMTD,"AMTD IDEA Group American Depositary Shares, each representing six (6) Class A Ordinary Shares",$0.7666,-0.0024,-0.312%,"73,367,878"
AIRJW,AirJoule Technologies Corporation Warrant,$1.00,UNCH,--,"73,347,394"
CLST,"Catalyst Bancorp, Inc. Common Stock",$18.15,0.1046,0.58%,"73,213,307"
SGLD,Scorpio Gold Corporation American Depositary Shares ,$4.22,-0.18,-4.091%,"73,040,646"
WWR,"Westwater Resources, Inc. Common Stock",$0.568,0.006,1.068%,"73,024,825"
FLL,"Full House Resorts, Inc. Common Stock",$1.99,-0.02,-0.995%,"72,922,515"
CEV,Eaton Vance California Municipal Income Trust Shares of Beneficial Interest,$10.35,0.10,0.976%,"72,797,501"
AIFC,AI Financial Corporation Common Stock,$0.5186,0.0115,2.268%,"72,519,215"
PRTS,"CarParts.com, Inc. Common Stock",$8.98,-0.33,-3.545%,"72,427,579"
OPXS,"Optex Systems Holdings, Inc. Common Stock",$10.395,0.185,1.812%,"72,347,880"
NRXS,"Neuraxis, Inc. Common Stock",$5.75,0.01,0.174%,"72,207,149"
TMSWW,Teamshares Inc. Warrants,$0.98,-0.02,-2.00%,"72,187,306"
YTRA,"Yatra Online, Inc. Ordinary Shares",$1.125,0.075,7.143%,"71,967,697"
INV,"Innventure, Inc. Common Stock",$0.8504,-0.0856,-9.145%,"71,954,604"
CRT,Cross Timbers Royalty Trust Common Stock,$11.99,0.28,2.391%,"71,940,000"
IPWR,Ideal Power Inc. Common Stock,$4.35,-0.44,-9.186%,"71,490,749"
COE,"51Talk Online Education Group American depositary shares, each representing 60 Class A ordinary shares",$11.90,1.29,12.158%,"71,487,049"
INSG,Inseego Corp. Common Stock,$4.35,-0.12,-2.685%,"71,429,575"
ORIQU,Origin Investment Corp I Units,$10.35,UNCH,--,"71,415,000"
BTCS,BTCS Inc. Common Stock,$1.36,0.04,3.03%,"71,361,840"
PLRX,"Pliant Therapeutics, Inc. Common Stock",$1.15,-0.02,-1.709%,"71,210,182"
PXS,Pyxis Tankers Inc. Common Stock,$6.93,0.05,0.727%,"71,206,713"
ZONE,Zone Frontier Inc. Class B Common Stock,$0.1416,-0.0054,-3.673%,"71,095,981"
PODC,"PodcastOne, Inc. Common Stock",$2.35,-0.10,-4.082%,"71,093,836"
RGS,Regis Corporation Common Stock,$28.345,0.845,3.073%,"70,827,862"
LONA,"LeonaBio, Inc. Common Stock",$7.47,0.55,7.948%,"70,379,823"
ATHE,Alterity Therapeutics Limited American Depositary Shares,$3.86,-0.19,-4.691%,"70,284,300"
DGNX,Diginex Limited Ordinary Shares,$1.40,0.03,2.19%,"70,182,182"
ROLR,"High Roller Technologies, Inc. Common Stock",$6.36,0.21,3.415%,"70,146,431"
LGO,Largo Inc. Common Shares,$0.68,0.0013,0.192%,"70,131,120"
YARW,"Yarrow Bioscience, Inc. Common Stock",$26.26,-0.75,-2.777%,"70,107,530"
YIBO,Planet Image International Limited Class A Ordinary Shares,$1.18,UNCH,--,"69,896,381"
NAMM,Namib Minerals Ordinary Shares,$1.25,-0.09,-6.716%,"69,815,508"
SOTK,Sono-Tek Corporation Common Stock,$4.43,-0.16,-3.486%,"69,625,083"
TENX,"Tenax Therapeutics, Inc. Common Stock",$1.86,UNCH,--,"69,608,486"
WKEY,WISeKey International Holding Ltd American Depositary Shares,$6.11,-0.25,-3.931%,"69,521,621"
NVX,NOVONIX Limited American Depository Shares,$3.23,0.25,8.389%,"69,518,738"
DRIO,DarioHealth Corp. Common Stock,$7.09,0.16,2.309%,"69,478,320"
GNSS,Genasys Inc. Common Stock,$1.515,-0.045,-2.885%,"68,996,144"
CSBR,"Champions Oncology, Inc. Common Stock",$4.92,-0.18,-3.529%,"68,479,369"
RNTX,"Rein Therapeutics, Inc. Common Stock",$0.791,0.006,0.764%,"68,237,222"
CLSKW,"CleanSpark, Inc. Warrant",$0.265,0.0048,1.845%,"68,056,524"
AIRG,"Airgain, Inc. Common Stock",$5.19,-0.20,-3.711%,"67,990,214"
GEG,"Great Elm Group, Inc. Common Stock",$2.18,-0.02,-0.909%,"67,786,860"
USIO,"Usio, Inc. Common Stock",$2.37,-0.08,-3.265%,"67,534,131"
MDXH,MDxHealth SA Ordinary Shares,$0.7072,0.0026,0.369%,"67,479,173"
ODYS,Odysight.ai Inc. Common Stock,$3.33,-0.12,-3.478%,"67,413,869"
ZYBT,Zhengye Biotechnology Holding Limited Class A Ordinary Shares,$1.42,-0.13,-8.387%,"67,295,754"
WFCF,"Where Food Comes From, Inc. Common Stock",$13.51,0.31,2.348%,"67,275,247"
GDHG,Golden Heaven Group Holdings Ltd. Class A Ordinary Shares,$1.13,-0.12,-9.60%,"67,224,717"
APLM,Apollomics Inc. Class A Ordinary Shares,$23.18,-0.025,-0.108%,"67,130,509"
TREO,Tactical Resources Corp. Common Shares,$4.90,-0.37,-7.021%,"66,698,967"
ALPS,ALPS Group Inc Ordinary Share,$0.40,UNCH,--,"66,560,126"
CVU,"CPI Aerostructures, Inc. Common Stock",$5.02,-0.13,-2.524%,"66,513,665"
SPRO,"Spero Therapeutics, Inc. Common Stock",$1.14,0.01,0.885%,"66,387,703"
XBIT,XBiotech Inc. Common Stock,$2.17,-0.02,-0.913%,"66,158,376"
AISP,"Airship AI Holdings, Inc. Class A Common Stock",$1.92,-0.02,-1.031%,"66,123,959"
AVD,American Vanguard Corporation Common Stock ($0.10 Par Value),$2.24,-0.02,-0.885%,"66,081,416"
COPR,Idaho Copper Corporation Common Stock,$3.51,0.06,1.739%,"65,912,900"
ELOX,"Eloxx Pharmaceuticals, Inc. Common Stock",$16.30,0.55,3.492%,"65,794,282"
DXR,Daxor Corporation Common Stock,$11.2664,-0.2036,-1.775%,"65,775,767"
GEOS,Geospace Technologies Corporation Common Stock (Texas),$5.07,-0.03,-0.588%,"65,583,507"
AIFU,AIFU Inc. Class A Ordinary Share,$10.61,-0.13,-1.21%,"65,524,241"
GOSS,"Gossamer Bio, Inc. Common Stock",$10.70,-0.03,-0.28%,"65,383,249"
SOWG,Sow Good Inc. Common Stock,$3.25,-0.09,-2.695%,"65,324,652"
ASPS,Altisource Portfolio Solutions S.A. Common Stock,$5.72,-0.095,-1.634%,"65,323,578"
RSSS,"Research Solutions, Inc Common Stock",$1.98,-0.16,-7.477%,"65,152,842"
JRSH,"Jerash Holdings (US), Inc. Common Stock",$5.13,-0.17,-3.208%,"65,150,692"
ZEPP,"Zepp Health Corporation American depositary shares, each representing sixteen Class A ordinary shares",$4.44,-0.14,-3.057%,"65,112,516"
BBBYW,"Neighborhood Intelligence, Inc. Warrants",$0.68,-0.031,-4.36%,"64,938,424"
RENT,"Rent the Runway, Inc. Class A Common Stock",$1.93,-0.52,-21.224%,"64,821,808"
INMB,INmune Bio Inc. Common stock,$2.33,0.11,4.955%,"64,666,328"
PEW,GrabAGun Digital Holdings Inc. Common Stock,$2.19,-0.04,-1.794%,"64,634,429"
BOLD,"Boundless Bio, Inc. Common Stock",$2.84,0.01,0.353%,"64,604,277"
TLPH,"Talphera, Inc. Common Stock",$1.24,UNCH,--,"64,363,187"
REKR,"Rekor Systems, Inc. Common Stock",$0.4675,0.0075,1.63%,"64,345,061"
ZKIN,"ZK International Group Co., Ltd Ordinary Share",$1.12,UNCH,--,"64,189,785"
CAST,"FreeCast, Inc. Class A Common Stock",$1.34,-0.07,-4.965%,"63,758,623"
HOUR,"Hour Loop, Inc. Common Stock",$1.81,-0.03,-1.63%,"63,711,674"
DIT,AMCON Distributing Company Common Stock,$64.78,UNCH,--,"63,227,094"
SPCB,"SuperCom, Ltd. Ordinary Shares (Israel)",$10.06,0.10,1.004%,"63,181,347"
INVE,"Identiv, Inc. Common Stock",$2.60,0.02,0.775%,"63,012,958"
BOF,BranchOut Food Inc. Common Stock,$3.86,-0.03,-0.771%,"62,762,465"
DWTX,"Dogwood Therapeutics, Inc. Common Stock",$1.845,-0.095,-4.897%,"62,716,260"
WNW,Meiwu Technology Company Limited Ordinary Shares,$2.38,0.07,3.03%,"62,666,521"
INCR,Intercure Ltd. Ordinary Shares,$5.29,0.13,2.519%,"62,663,811"
GRSD,Grandstand Limited Ordinary Shares,$1.78,UNCH,--,"62,472,998"
HWH,HWH International Inc. Common Stock,$2.10,-0.05,-2.326%,"62,425,440"
NPT,Texxon Holding Limited Ordinary shares,$2.81,-0.12,-4.096%,"62,339,850"
SER,"Serina Therapeutics, Inc. Common Stock",$2.45,0.23,10.36%,"62,231,159"
HYFT,MindWalk Holdings Corp. Common Stock,$1.33,0.025,1.916%,"62,126,782"
PVL,Permianville Royalty Trust Units of Beneficial Interest,$1.88,0.01,0.535%,"62,040,000"
UEIC,Universal Electronics Inc. Common Stock,$4.79,0.005,0.104%,"61,719,447"
TTEC,"TTEC Holdings, Inc. Common Stock",$1.25,-0.02,-1.575%,"61,619,925"
ZOOZ,ZOOZ Strategy Ltd. Ordinary Shares,$7.69,0.37,5.055%,"61,593,886"
SKYA,"SkyAI, Inc. Common Stock",$1.42,0.04,2.899%,"61,411,459"
INKT,"MiNK Therapeutics, Inc. Common Stock",$11.97,-0.03,-0.25%,"61,082,934"
WATT,Energous Corporation Common Stock,$10.99,-0.34,-3.001%,"60,742,510"
SDA,SunCar Technology Group Inc. Class A Ordinary Shares,$0.574,0.0254,4.63%,"60,641,904"
ELTK,Eltek Ltd. Ordinary Shares,$9.0001,0.8501,10.431%,"60,479,115"
IH,"iHuman Inc. American depositary shares, each representing five Class A ordinary shares",$1.18,-0.025,-2.075%,"60,313,177"
YOUL,Youlife Group Inc. American Depositary Shares,$0.43,-0.0117,-2.649%,"60,075,732"
AACG,ATA Creativity Global American Depositary Shares,$0.877,-0.0018,-0.205%,"60,042,946"
BAER,"Bridger Aerospace Group Holdings, Inc. Common Stock",$1.02,-0.02,-1.923%,"60,002,663"
TZOO,Travelzoo Common Stock,$5.88,UNCH,--,"59,989,742"
VGAS,"Verde Clean Fuels, Inc. Class A Common Stock",$1.345,-0.065,-4.61%,"59,919,240"
HRTX,"Heron Therapeutics, Inc. Common Stock",$0.3153,-0.0002,-0.063%,"59,860,432"
STI,"Solidion Technology, Inc. Common Stock",$7.03,-0.20,-2.766%,"59,844,780"
MYPS,"PLAYSTUDIOS, Inc.  Class A Common Stock",$0.4982,0.0074,1.508%,"59,844,473"
SRFM,Surf Air Mobility Inc. Common Stock,$0.4823,-0.0269,-5.283%,"59,633,618"
PIII,P3 Health Partners Inc. Class A Common Stock,$8.21,-0.22,-2.61%,"59,612,662"
CTM,"Castellum, Inc. Common Stock",$0.6271,0.0062,0.999%,"59,437,344"
CRGO,Freightos Limited Ordinary shares,$1.14,-0.05,-4.202%,"59,363,773"
OM,"Outset Medical, Inc. Common Stock",$3.15,-0.06,-1.869%,"59,211,067"
LITB,"LightInTheBox Holding Co., Ltd. American Depositary Shares, each representing twelve ordinary shares",$3.00,-0.15,-4.762%,"59,179,746"
UAVS,"AgEagle Aerial Systems, Inc. Common Stock",$0.9403,-0.0271,-2.801%,"59,150,235"
FRMM,"Forum Markets, Incorporated Common Stock",$4.46,-0.11,-2.407%,"58,867,308"
KNDI,"Kandi Technologies Group, Inc. Ordinary Shares",$0.5858,-0.0207,-3.413%,"58,823,321"
XLO,"Xilio Therapeutics, Inc. Common Stock",$8.93,UNCH,--,"58,760,731"
RPID,"Rapid Micro Biosystems, Inc. Class A Common Stock",$1.17,-0.06,-4.878%,"58,686,681"
EXOZ,eXoZymes Inc. Common Stock,$6.28,-0.0215,-0.341%,"58,286,935"
SELF,"Global Self Storage, Inc. Common Stock",$5.10,-0.01,-0.196%,"58,249,242"
HIT,"Health In Tech, Inc. Class A Common Stock",$0.8894,-0.0163,-1.80%,"58,169,116"
MOB,Mobilicom Limited Ordinary Shares,$4.60,-0.19,-3.967%,"58,113,507"
NCTY,The9 Limited American Depository Shares,$3.80,-0.38,-9.091%,"58,038,035"
VOC,VOC Energy Trust Units of Beneficial Interest,$3.41,0.05,1.488%,"57,970,000"
GENK,"GEN Restaurant Group, Inc. Class A Common Stock",$1.75,-0.03,-1.685%,"57,688,082"
CIRC,"Circle8 Group, Inc. Common Stock",$0.5017,-0.0422,-7.759%,"57,397,953"
SGA,"Saga Communications, Inc. Class A Common Stock (FL)",$9.02,-0.11,-1.205%,"57,349,052"
SLSN,"Solesence, Inc. Common Stock",$0.8101,0.0015,0.186%,"57,231,171"
LIDR,"AEye, Inc. Class A Common Stock",$1.23,-0.06,-4.651%,"57,180,624"
JZXN,"Jiuzi Holdings, Inc. Ordinary Shares",$1.11,-0.04,-3.478%,"57,179,162"
NXB,NextBoat Inc. Common Stcok,$2.27,UNCH,--,"57,074,372"
BNAI,Brand Engagement Network Inc. Common Stock,$7.59,-0.44,-5.479%,"56,949,167"
IMA,"ImageneBio, Inc. Common Stock",$5.00,-0.08,-1.575%,"56,757,280"
CPOP,"Pop Culture Group Co., Ltd Class A Ordinary Shares",$3.745,0.124,3.424%,"56,651,690"
HYPD,"Hyperion DeFi, Inc. Common Stock",$3.64,0.15,4.298%,"56,563,540"
XPL,Solitario Resources Corp. Common Stock,$0.596,-0.0239,-3.855%,"56,431,940"
COCH,"Envoy Medical, Inc. Class A Common Stock",$0.7301,-0.0101,-1.364%,"56,359,774"
NCEW,New Century Logistics (BVI) Limited Ordinary Shares,$17.60,-1.33,-7.026%,"56,320,000"
WATR,Air Water Ventures Limited Ordinary Shares,$1.78,-0.10,-5.319%,"56,318,228"
ELBM,Electra Battery Materials Corporation Common Stock,$0.527,0.0048,0.919%,"56,283,673"
LFS,"LEIFRAS Co., Ltd. American Depositary Shares  ",$2.14,-0.05,-2.283%,"55,983,725"
EDSA,"Edesa Biotech, Inc. Common Shares",$4.135,-0.095,-2.246%,"55,837,895"
BGSF,"BGSF, Inc. Common Stock",$5.19,0.04,0.777%,"55,397,961"
FEAM,"5E Advanced Materials, Inc. Common Stock",$1.33,-0.11,-7.639%,"55,215,247"
SORA,AsiaStrategy Ordinary Shares,$2.22,-0.02,-0.893%,"55,198,080"
TOUR,Tuniu Corporation American Depositary Shares,$5.08,-0.03,-0.587%,"55,187,886"
NNOX,NANO-X IMAGING LTD Ordinary Shares,$0.70,-0.0238,-3.288%,"55,012,047"
SCWO,374Water Inc. Common Stock,$3.10,-0.14,-4.321%,"54,926,299"
PLCE,"Children's Place, Inc. (The) Common Stock",$2.47,0.04,1.646%,"54,925,555"
BRID,Bridgford Foods Corporation Common Stock,$6.05,0.07,1.171%,"54,914,834"
VRM,"Vroom, Inc. Common Stock",$10.49,0.45,4.482%,"54,908,363"
SEAT,Vivid Seats Inc. Class A Common Stock,$4.68,-0.27,-5.455%,"54,812,895"
NA,Nano Labs Ltd Class A Ordinary Shares,$2.36,-0.12,-4.839%,"54,785,252"
TPCS,TechPrecision Corporation Common stock,$5.40,-0.37,-6.412%,"54,719,609"
FTEK,"Fuel Tech, Inc. Common Stock",$1.75,0.02,1.156%,"54,629,381"
MCHX,"Marchex, Inc. Class B Common Stock",$1.23,-0.135,-9.89%,"54,535,605"
AURE,Aurelion Inc. Class A Ordinary Shares,$1.45,0.01,0.694%,"54,520,000"
DLHC,DLH Holdings Corp.,$3.76,-0.17,-4.326%,"54,493,812"
CLPR,Clipper Realty Inc. Common Stock,$3.36,0.14,4.348%,"54,289,422"
HAIN,"Hain Celestial Group, Inc. (The) Common Stock",$0.6001,-0.0193,-3.116%,"54,161,115"
DOMH,Dominari Holdings Inc. Common Stock,$2.23,0.05,2.294%,"54,063,331"
APWC,"Asia Pacific Wire & Cable Corporation, Ltd. Ordinary Shares (Bermuda)",$1.31,-0.05,-3.676%,"54,014,515"
ZBAO,Zhibao Technology Inc. Class A Ordinary Shares,$0.115,-0.034,-22.819%,"53,599,351"
OABIW,"OmniAb, Inc. Warrant",$0.3675,UNCH,--,"53,430,971"
GLND,Greenland Energy Company Common Stock,$1.22,UNCH,--,"53,350,837"
APT,"Alpha Pro Tech, Ltd. Common Stock",$5.20,0.01,0.193%,"53,072,334"
TACT,TransAct Technologies Incorporated Common Stock,$5.12,-0.04,-0.775%,"52,861,292"
NMAD,"Nomad Power Solutions, Inc. Common Stock",$3.27,-0.27,-7.627%,"52,650,492"
ELTX,"Elicio Therapeutics, Inc. Common Stock",$2.00,-0.05,-2.439%,"52,563,764"
CNVS,Cineverse Corp. Class A Common Stock,$2.21,UNCH,--,"52,534,765"
LVO,"LiveOne, Inc. Common Stock",$3.83,-0.155,-3.89%,"52,516,152"
IBO,"Impact BioMedical, Inc. Common Stock",$0.4841,0.0239,5.193%,"52,196,258"
OFS,OFS Capital Corporation Common Stock,$3.89,0.03,0.777%,"52,118,523"
IDN,"Intellicheck, Inc. Common Stock",$2.56,-0.04,-1.538%,"51,882,862"
MDAI,"Spectral AI, Inc. Class A Common Stock",$1.61,0.01,0.625%,"51,817,734"
TC,Token Cat Limited American Depositary Shares,$1.96,0.01,0.513%,"51,769,129"
ACFN,"Acorn Energy, Inc. Common Stock",$20.605,-1.01,-4.673%,"51,710,679"
SRTS,"Sensus Healthcare, Inc. Common Stock",$3.13,-0.02,-0.635%,"51,526,245"
FNUC,Frontier Nuclear and Minerals Inc. Common Shares,$1.435,0.03,2.135%,"51,515,131"
MYO,Myomo Inc. Common Stock,$1.30,UNCH,--,"51,490,210"
AGIG,Abundia Global Impact Group Inc. Common stock,$1.16,0.01,0.87%,"51,214,372"
TIL,"Instil Bio, Inc. Common Stock",$7.45,0.07,0.949%,"50,525,721"
RYOJ,"rYojbaba Co., Ltd. Common Shares",$4.37,-0.28,-6.022%,"50,473,500"
IPDN,"Professional Diversity Network, Inc. Common Stock",$3.49,-0.158,-4.331%,"50,431,627"
AIRTP,"Air T, Inc. Air T Funding Alpha Income Trust Preferred Securities",$18.785,UNCH,--,"50,376,636"
BTMD,Biote Corp. Class A Common Stock,$1.40,0.07,5.263%,"50,298,455"
TCBS,"Texas Community Bancshares, Inc. Common Stock",$17.50,0.12,0.69%,"50,272,723"
STKS,"The ONE Group Hospitality, Inc. Common Stock",$1.58,-0.01,-0.629%,"50,068,658"
EUDA,EUDA Health Holdings Limited Ordinary Shares,$16.56,3.11,23.123%,"49,586,022"
MVIS,"MicroVision, Inc. Common Stock",$1.63,-0.01,-0.61%,"49,144,544"
KG,"Kestrel Group, Ltd.",$6.27,-0.295,-4.494%,"49,056,668"
RDI,Reading International Inc Class A Common Stock,$2.14,-0.03,-1.382%,"48,984,872"
ELWT,"Elauwit Connection, Inc. Common Stock",$7.3985,0.2333,3.256%,"48,976,561"
TVGN,Tevogen Inc. Common Stock,$7.51,0.15,2.038%,"48,901,665"
NTWK,NetSol Technologies Inc. Common  Stock,$4.11,0.11,2.75%,"48,812,062"
PRPO,"Precipio, Inc.  Common Stock",$27.23,-0.09,-0.329%,"48,746,819"
OPTXW,"Syntec Optics Holdings, Inc. Warrant",$1.21,-0.05,-3.968%,"48,738,652"
IMMP,Immutep Limited American Depositary Shares,$0.3311,-0.0422,-11.305%,"48,735,282"
ANVS,"Annovis Bio, Inc. Common Stock",$1.14,0.02,1.786%,"48,571,013"
IZEA,"IZEA Worldwide, Inc. Common Stock",$2.78,-0.11,-3.806%,"48,417,275"
ABLV,Able View Global Inc. Class B Ordinary Shares,$0.98,-0.008,-0.81%,"48,402,124"
RYM,"RYTHM, Inc. Common Stock",$21.98,0.33,1.524%,"48,356,000"
RSF,RiverNorth Capital and Income Fund Common Stock,$14.47,0.0001,0.001%,"48,352,619"
DSWL,"Deswell Industries, Inc. Common Shares",$3.04,0.03,0.997%,"48,291,127"
KFFB,Kentucky First Federal Bancorp Common Stock,$5.96,0.30,5.30%,"48,196,821"
GRCE,"Grace Therapeutics, Inc. Common Stock",$2.29,0.07,3.153%,"48,172,280"
SOGP,Sound Group Inc. American Depositary Shares,$11.54,-0.32,-2.698%,"48,169,645"
NEPH,"Nephros, Inc. Common Stock",$4.43,-0.04,-0.895%,"48,110,332"
PFXNZ,PhenixFIN Corporation  5.25% Notes due 2028,$23.97,-0.03,-0.125%,"48,032,740"
QTEX,QTREX Quantum Ltd. Ordinary Shares,$0.8552,-0.0348,-3.91%,"47,860,356"
HGBL,Heritage Global Inc. Common Stock,$1.38,-0.03,-2.128%,"47,802,434"
PROP,Prairie Operating Co. Common Stock,$0.4232,-0.0278,-6.164%,"47,736,118"
CULP,"Culp, Inc. Common Stock",$3.75,UNCH,--,"47,699,708"
MATH,Metalpha Technology Holding Limited Ordinary Shares,$1.01,0.1338,15.27%,"47,584,368"
USDEW,StablecoinX Inc. Warrants,$1.75,-0.005,-0.285%,"47,577,476"
MCRB,"Seres Therapeutics, Inc. Common Stock",$4.73,-0.28,-5.589%,"47,511,814"
POCI,"Precision Optics Corporation, Inc. Common stock",$4.34,-0.02,-0.459%,"47,500,731"
SACH,Sachem Capital Corp. Common Shares,$0.9901,0.0578,6.20%,"47,479,881"
ADBT,"Advasa Holdings, Inc. Common Stock",$0.097,-0.1353,-58.244%,"47,245,373"
INDO,Indonesia Energy Corporation Limited Ordinary Shares,$3.07,UNCH,--,"47,237,599"
CATO,Cato Corporation (The) Class A Common Stock,$2.37,-0.04,-1.66%,"47,191,319"
TELA,"TELA Bio, Inc. Common Stock",$1.04,0.07,7.216%,"46,949,146"
TEAD,Teads Holding Co. Common Stock,$0.4773,0.0085,1.813%,"46,806,502"
VHC,VirnetX Holding Corp Common Stock,$11.07,-0.43,-3.739%,"46,678,127"
ZDGE,"Zedge, Inc. Class B Common Stock ",$2.97,-0.13,-4.194%,"46,584,682"
HOWL,"Werewolf Therapeutics, Inc. Common Stock",$0.9579,-0.0241,-2.454%,"46,553,045"
GAME,"GameSquare Holdings, Inc. Common Stock",$3.60,-0.08,-2.174%,"46,022,339"
XTNT,"Xtant Medical Holdings, Inc. Common Stock",$0.328,-0.0178,-5.147%,"46,014,451"
KPLT,"Katapult Holdings, Inc. Common Stock",$9.25,-0.18,-1.909%,"45,994,746"
LOAN,"Manhattan Bridge Capital, Inc",$4.02,-0.03,-0.741%,"45,930,546"
AVAT,Avalanche Treasury Corporation Class A Common Stock,$1.05,0.05,5.00%,"45,906,466"
SCYX,"SCYNEXIS, Inc. Common Stock",$4.60,-0.24,-4.959%,"45,768,201"
STEM,"Stem, Inc. Class A Common Stock",$4.75,0.03,0.636%,"45,727,034"
STKE,Sol Strategies Inc. Common Shares,$1.15,0.10,9.524%,"45,409,911"
SPWH,"Sportsman's Warehouse Holdings, Inc. Common Stock",$1.16,-0.03,-2.521%,"45,404,099"
SFWL,Shengfeng Development Limited Class A Ordinary Shares,$8.19,-0.1864,-2.225%,"45,043,640"
MGX,"Metagenomi Therapeutics, Inc. Common Stock",$1.19,0.03,2.586%,"44,954,755"
CMTL,Comtech Telecommunications Corp. Common Stock,$1.50,-0.01,-0.662%,"44,942,147"
THCH,TH International Limited Ordinary shares,$1.35,-0.01,-0.735%,"44,878,836"
SDEV,Stablecoin Development Corporation Common Stock,$0.8848,-0.0084,-0.94%,"44,784,539"
PAAI,"Paradium.AI, Inc. Common Stock",$0.9405,-0.0895,-8.689%,"44,777,819"
AIOS,AIOS Tech Inc. Class A Common Shares,$13.78,0.89,6.905%,"44,774,734"
BDMD,Baird Medical Investment Holdings Ltd Ordinary Share,$1.06,-0.04,-3.636%,"44,741,289"
SKIL,Skillsoft Corp. Class A Common Stock,$4.91,0.59,13.657%,"44,683,180"
XRXDW,Xerox Holdings Corporation Warrants,$0.3384,-0.0116,-3.314%,"44,436,831"
MBBC,"Marathon Bancorp, Inc. Common Stock",$15.05,0.05,0.333%,"44,408,727"
PTLE,PTL LTD Class A Ordinary Shares,$7.06,-0.145,-2.012%,"44,344,721"
WHLRP,"Wheeler Real Estate Investment Trust, Inc. Class B Preferred Stock",$9.00,UNCH,--,"44,322,309"
KBSX,FST Corp. Ordinary Shares,$0.98,-0.01,-1.01%,"43,870,683"
GROV,"Grove Collaborative Holdings, Inc. Class A Common Stock",$1.02,0.01,0.99%,"43,555,067"
GPMT,Granite Point Mortgage Trust Inc. Common Stock,$0.9017,-0.0397,-4.217%,"43,460,286"
MREO,Mereo BioPharma Group plc American Depositary Shares,$0.28,UNCH,--,"43,440,770"
LSF,"Laird Superfood, Inc. Common Stock",$3.87,-0.05,-1.276%,"43,316,461"
SCLX,Scilex Holding Company Common Stock,$5.10,0.09,1.796%,"43,314,300"
TGE,The Generation Essentials Group Class A Ordinary Shares,$0.889,-0.001,-0.112%,"43,081,891"
BRIA,BrilliA Inc Class A Ordinary Shares,$1.40,-0.04,-2.778%,"42,875,000"
GMHS,Gamehaus Holdings Inc. Class A Ordinary Shares,$0.7547,0.0001,0.013%,"42,867,828"
NSRX,Nasus Pharma Ltd. Ordinary Shares,$3.65,0.2451,7.198%,"42,744,449"
CLNN,Clene Inc. Common Stock,$3.28,-0.29,-8.123%,"42,143,123"
SYPR,"Sypris Solutions, Inc. Common Stock",$1.83,-0.05,-2.66%,"42,138,372"
SAIH,SAIHEAT Limited Class A Ordinary Shares,$23.20,-0.40,-1.695%,"42,000,352"
MLGO,"MicroAlgo, Inc. Class A Ordinary Shares",$3.374,-0.276,-7.562%,"41,963,993"
SQNS,Sequans Communications S.A. American Depositary Shares (each representing one hundred (100) Ordinary Shares),$2.80,-0.06,-2.098%,"41,937,462"
BRAG,Bragg Gaming Group Inc. Common Shares,$1.35,0.01,0.746%,"41,935,595"
ENRDW,Einride AB Warrants,$0.29,-0.03,-9.375%,"41,807,987"
RAVE,"Rave Restaurant Group, Inc. Common Stock",$2.94,0.04,1.379%,"41,782,004"
AHMA,Ambitions Enterprise Management Co. L.L.C Class A Ordinary Shares,$1.405,-0.085,-5.705%,"41,763,625"
KXIN,Kaixin Holdings Ordinary Shares,$1.04,-0.01,-0.952%,"41,635,239"
FGNX,FG Nexus Inc. Common Stock ,$8.17,0.16,1.998%,"41,631,771"
YQ,17 Education & Technology Group Inc. American Depositary Shares,$3.83,0.07,1.862%,"41,577,285"
MGLD,"The Marygold Companies, Inc. Common Stock",$0.97,-0.01,-1.02%,"41,526,876"
OMEX,"Odyssey Marine Exploration, Inc. Common Stock",$0.7063,-0.0388,-5.207%,"41,453,728"
PLUT,Plutus Financial Group Limited Ordinary Shares,$2.69,UNCH,--,"41,291,500"
PXLW,"Pixelworks, Inc.  Common Stock",$6.81,-0.33,-4.622%,"41,196,366"
PHUN,"Phunware, Inc. Common Stock",$2.01,-0.02,-0.985%,"41,129,977"
ATHR,"Aether Holdings, Inc. Common Stock",$3.35,-0.11,-3.179%,"40,997,498"
YSXT,"YSX Tech. Co., Ltd Class A Ordinary Shares",$1.2841,0.0041,0.32%,"40,940,318"
MAMO,Massimo Group Common Stock,$0.9801,-0.0082,-0.83%,"40,812,295"
BHST,BioHarvest Sciences Inc. Common Stock,$1.80,-0.05,-2.703%,"40,802,116"
SNSC,SunScout Holding Limited Class A Ordinary Shares,$1.07,-0.07,-6.14%,"40,767,000"
AXIL,"AXIL Brands, Inc. Common Stock",$5.97,-0.195,-3.163%,"40,731,406"
CELU,Celularity Inc. Class A Common Stock,$1.40,-0.01,-0.709%,"40,524,345"
ATNM,"Actinium Pharmaceuticals, Inc. (Delaware) Common Stock",$1.28,-0.12,-8.571%,"40,245,038"
STG,"Sunlands Technology Group American Depositary Shares, representing Class A ordinary shares",$2.9999,0.0399,1.348%,"40,177,649"
GNTA,Genenta Science S.p.A. American Depositary Shares,$0.8314,-0.0094,-1.118%,"40,087,496"
LASE,Laser Photonics Corporation Common Stock,$0.7961,0.1011,14.547%,"39,946,480"
VERU,Veru Inc. Common Stock,$2.34,-0.10,-4.098%,"39,897,749"
EHLD,Euroholdings Ltd. Common Stock ,$14.125,-1.075,-7.072%,"39,784,687"
GGR,Gogoro Inc. Ordinary Shares,$2.69,0.115,4.466%,"39,740,750"
ONMD,OneMedNet Corp Class A Common Stock,$0.67,0.0174,2.666%,"39,721,922"
IXHL,Incannex Healthcare Inc. Common Stock,$3.29,0.03,0.92%,"39,363,383"
ACCL,Acco Group Holdings Limited Class A Ordinary Shares,$2.83,0.17,6.391%,"39,337,000"
SLMT,Brera Holdings PLC Class B Ordinary Shares,$3.57,0.02,0.563%,"39,303,180"
AEI,Alset Inc. Common Stock (TX),$1.01,-0.105,-9.417%,"39,284,788"
XTIA,"XTI Aerospace, Inc. Common Stock",$1.02,0.01,0.99%,"39,247,345"
PSIG,PS International Group Ltd. Ordinary Shares,$2.54,-0.135,-5.047%,"39,067,288"
ANPA,Rich Sparkle Holdings Limited Ordinary Shares,$2.5781,-0.0419,-1.599%,"38,933,835"
RMCO,Royalty Management Holding Corporation Class A Common Stock,$2.56,-0.12,-4.478%,"38,842,132"
SNT,Senstar Technologies Corporation Common Shares,$1.66,0.01,0.606%,"38,730,544"
JG,Aurora Mobile Limited American Depositary Shares,$6.47,-0.03,-0.462%,"38,571,442"
MLSS,"Milestone Scientific, Inc. Common Stock",$0.424,-0.02,-4.505%,"38,433,227"
BCHT,Birchtech Corp. Common Stock,$1.46,0.08,5.797%,"38,406,710"
CRVO,CervoMed Inc. Common Stock,$2.53,-0.04,-1.556%,"38,251,313"
WLDSW,Wearable Devices Ltd. Warrant,$15.54,3.04,24.32%,"38,224,375"
STRR,"Star Equity Holdings, Inc. Common Stock",$10.35,-0.05,-0.481%,"38,185,321"
ATYR,"aTyr Pharma, Inc. Common Stock",$0.3886,-0.0412,-9.586%,"38,116,773"
QTI,"QT Imaging Holdings, Inc. Common Stock",$2.60,-0.04,-1.515%,"38,054,962"
MIND,"MIND Technology, Inc. Common Stock (DE)",$4.18,0.26,6.633%,"37,992,250"
ARBK,Argo Blockchain plc American Depositary Shares,$2.826,-0.1039,-3.546%,"37,755,456"
NSPR,InspireMD Inc. Common Stock,$0.8093,0.0194,2.456%,"37,623,643"
BODI,"The Beachbody Company, Inc. Class A Common Stock",$5.17,-0.06,-1.147%,"37,539,277"
CREX,"Creative Realities, Inc. Common Stock",$2.75,-0.08,-2.827%,"37,197,892"
AERT,"Aeries Technology, Inc. Class A Ordinary Share",$7.08,0.23,3.358%,"37,154,792"
DCGO,DocGo Inc. Common Stock,$0.3752,0.0229,6.50%,"37,117,924"
NTIP,"Network-1 Technologies, Inc. Common Stock",$1.62,-0.01,-0.613%,"37,038,353"
WPRT,Westport Fuel Systems Inc Common Shares,$1.94,0.10,5.435%,"36,851,724"
HBIO,"Harvard Bioscience, Inc. Common Stock",$8.09,0.06,0.747%,"36,828,147"
XOS,"Xos, Inc. Common Stock",$2.58,-0.13,-4.797%,"36,682,058"
LITS,"Lite Strategy, Inc. Common Stock",$1.15,0.04,3.604%,"36,665,045"
HOLO,MicroCloud Hologram Inc. Ordinary Shares,$1.60,0.01,0.629%,"36,659,776"
CCG,Cheche Group Inc. Class A Ordinary Shares,$14.61,-1.3531,-8.476%,"36,604,274"
MLCI,Mount Logan Capital Inc. Common Stock,$3.27,0.07,2.188%,"36,587,271"
SNWV,"SANUWAVE Health, Inc. Common Stock",$4.25,0.15,3.659%,"36,559,813"
FTCI,"FTC Solar, Inc. Common Stock",$2.21,-0.09,-3.913%,"36,512,285"
GROW,"U.S. Global Investors, Inc. Class A Common Stock",$2.96,0.0575,1.981%,"36,402,660"
KPTI,Karyopharm Therapeutics Inc. Common Stock,$1.60,-0.01,-0.621%,"36,290,336"
PETS,"PetMed Express, Inc. Common Stock",$1.67,0.02,1.212%,"36,203,786"
TOON,"Kartoon Studios, Inc. Common Stock",$0.58,-0.026,-4.29%,"36,078,381"
VTIX,Virtuix Holdings Inc. Class A Common Stock,$1.06,0.03,2.913%,"36,009,630"
DXLG,"Destination XL Group, Inc. Common Stock",$0.645,0.005,0.781%,"35,767,540"
FBDT,First Breach Inc. Common Stock,$0.6411,-0.0189,-2.864%,"35,758,122"
KAZR,Skyline Builders Group Holding Limited Class A Ordinary Shares,$1.99,-0.195,-8.924%,"35,704,767"
BLNE,"Beeline Holdings, Inc. Common Stock",$1.08,0.05,4.854%,"35,562,400"
XBP,"XBP Global Holdings, Inc. Common Stock",$2.99,0.16,5.654%,"35,525,204"
CCEL,"Cryo-Cell International, Inc. Common Stock",$4.40,UNCH,--,"35,475,660"
PFAI,Pinnacle Food Group Limited Class A Common Shares,$3.0064,UNCH,--,"35,284,854"
FSP,Franklin Street Properties Corp. Common Stock,$0.339,-0.0069,-1.995%,"35,259,969"
BGDE,"Big Digital Energy, Inc. Common Stock",$6.21,-0.58,-8.542%,"35,175,545"
PAVM,PAVmed Inc. Common Stock,$4.39,0.21,5.024%,"35,102,080"
STRRP,"Star Equity Holdings, Inc. 10% Series A Cumulative Perpetual Preferred Stock",$9.50,-0.20,-2.062%,"35,049,329"
WAVE,Eco Wave Power Global AB (publ) American Depositary Shares,$5.615,0.055,0.989%,"35,035,713"
COHN,Cohen & Company Inc.,$10.85,0.04,0.37%,"35,034,325"
NWGL,CL Workshop Group Limited American Depositary Shares,$1.21,-0.04,-3.20%,"34,912,330"
ELUT,Elutia Inc. Class A Common Stock,$0.785,-0.025,-3.086%,"34,767,046"
FLNA,"Filana Therapeutics, Inc. Common Stock",$0.7188,-0.0538,-6.963%,"34,723,716"
BHM,"Bluerock Homes Trust, Inc. Class A Common Stock",$8.44,-0.0599,-0.705%,"34,671,756"
BRRWW,"ProCap Financial, Inc. Warrant",$0.39,0.004,1.036%,"34,464,134"
LFT,"Lument Finance Trust, Inc. Common Stock",$6.55,-0.11,-1.652%,"34,378,415"
PRHI,"Presurance Holdings, Inc. Common Stock",$9.155,0.415,4.748%,"34,295,472"
MNY,MoneyHero Limited Class A Ordinary Shares,$0.77,0.01,1.316%,"34,213,578"
SST,"System1, Inc. Class A Common Stock",$3.26,-0.16,-4.678%,"34,192,996"
SRXH,SRX Global Inc. Common Stock,$1.68,0.09,5.66%,"34,045,857"
SBCWW,SBC Medical Group Holdings Incorporated Warrants,$0.33,-0.0012,-0.362%,"33,939,491"
BBGI,"Beasley Broadcast Group, Inc. Class A Common Stock",$18.29,2.34,14.671%,"33,886,816"
ITOC,iTonic Holdings Ltd Class A Ordinary Shares,$0.2895,-0.0136,-4.487%,"33,885,975"
PPSI,"Pioneer Power Solutions, Inc. Common Stock",$3.05,-0.01,-0.327%,"33,852,761"
CNF,"CNFinance Holdings Limited American Depositary Shares, each representing two hundred (200) Ordinary Shares",$1.90,-0.05,-2.564%,"33,815,982"
GPUS,"Hyperscale Data, Inc. Common Stock",$0.1984,0.012,6.438%,"33,736,332"
VIP,Vulcan Infrastructure and Power Inc. Class A Common Stock,$1.82,0.04,2.247%,"33,542,422"
CPHI,"China Pharma Holdings, Inc. Common Stock",$0.7785,0.0182,2.394%,"33,492,629"
BOSC,B.O.S. Better Online Solutions Common Stock,$4.73,0.07,1.502%,"33,345,601"
VTSI,"VirTra, Inc. Common Stock",$2.93,-0.05,-1.678%,"33,166,498"
AFRIW,Forafric Global PLC Warrants,$1.23,0.14,12.844%,"33,165,492"
UG,"United-Guardian, Inc. Common Stock",$7.16,-0.01,-0.139%,"32,895,324"
FIEE,"FiEE, Inc Common Stock",$3.85,-0.11,-2.778%,"32,835,102"
JAGU,Jaguar Uranium Corp. Class A Common Shares,$1.62,0.06,3.846%,"32,713,919"
WKHS,"Workhorse Group, Inc. Common Stock",$2.99,-0.02,-0.664%,"32,676,469"
CVV,CVD Equipment Corporation Common Stock,$4.70,0.02,0.427%,"32,670,654"
KYNB,"Kyntra Bio, Inc. Common Stock",$8.03,0.06,0.753%,"32,514,466"
KOSS,Koss Corporation Common Stock,$3.43,0.02,0.587%,"32,469,882"
CNTX,Context Therapeutics Inc. Common Stock,$0.351,0.0006,0.171%,"32,249,591"
BEEM,Beam Global Common Stock,$1.42,-0.01,-0.699%,"32,139,307"
HHS,"Harte Hanks, Inc. Common Stock",$4.30,0.10,2.381%,"32,053,232"
NSYS,Nortech Systems Incorporated Common Stock,$11.18,-0.01,-0.089%,"31,905,104"
CNTY,"Century Casinos, Inc. Common Stock",$1.13,-0.02,-1.739%,"31,795,592"
KLXE,"KLX Energy Services Holdings, Inc. Common Stock",$1.49,-0.05,-3.247%,"31,696,858"
SLND,"Southland Holdings, Inc. Common Stock",$0.5816,-0.0075,-1.273%,"31,659,545"
KSCP,"Knightscope, Inc. Class A Common Stock",$1.34,-0.015,-1.107%,"31,648,598"
MIRA,"MIRA Pharmaceuticals, Inc. Common Stock",$0.7526,-0.0212,-2.74%,"31,625,823"
ALGS,"Aligos Therapeutics, Inc. Common Stock",$5.04,-0.18,-3.448%,"31,472,572"
RMTI,"Rockwell Medical, Inc. Common Stock",$7.78,-0.18,-2.261%,"31,357,018"
RAND,Rand Capital Corporation Common Stock,$10.55,UNCH,--,"31,331,538"
GAIA,"Gaia, Inc. Class A Common Stock",$1.23,-0.12,-8.889%,"31,273,725"
BYSI,BeyondSpring Inc. Ordinary Shares,$0.76,-0.004,-0.524%,"31,251,063"
SWAG,"Stran & Company, Inc. Common Stock",$1.67,-0.02,-1.183%,"31,128,114"
SJ,Scienjoy Holding Corporation Class A Ordinary Shares ,$0.73,0.03,4.286%,"30,997,821"
BCTX,BriaCell Therapeutics Corp. Common Shares,$3.56,-0.07,-1.928%,"30,971,242"
CLPS,CLPS Incorporation Common Stock,$1.04,-0.005,-0.478%,"30,933,190"
YI,"111, Inc. American Depositary Shares",$3.50,-0.0898,-2.502%,"30,789,374"
NCI,Neo-Concept International Group Holdings Limited Class A Ordinary Shares,$12.92,-0.05,-0.386%,"30,546,523"
JFU,9F Inc. American Depositary Shares,$2.59,-0.11,-4.074%,"30,492,932"
NXTC,"NextCure, Inc. Common Stock",$6.64,-0.36,-5.143%,"30,393,664"
LOTWW,Lotus Technology Inc. Warrants,$0.0473,UNCH,--,"30,370,851"
GNS,Genius Group Limited Ordinary Shares,$0.158,-0.0025,-1.558%,"30,327,706"
BRLS,Borealis Foods Inc. Class A Common Shares,$1.40,UNCH,--,"30,048,628"
LOCL,Local Bounti Corporation Common Stock,$1.28,-0.02,-1.538%,"29,926,552"
ANGH,Anghami Inc. Ordinary Shares,$3.29,-0.085,-2.519%,"29,823,218"
PN,PN Smart Energy Limited Class A Ordinary Shares,$2.02,-0.38,-15.833%,"29,803,131"
VIDA,VIDA Global Inc. Class A Common Stock,$2.04,-0.09,-4.225%,"29,749,181"
OCCI,"OFS Credit Company, Inc. Common Stock",$2.56,-0.06,-2.29%,"29,738,266"
BIRD,"Smartbird, Inc. Class A Common Stock",$2.51,0.07,2.869%,"29,641,074"
EHTH,"eHealth, Inc. Common Stock",$0.923,-0.0091,-0.976%,"29,566,140"
SPRU,Spruce Power Holding Corporation Class A Common Stock,$1.53,-0.11,-6.707%,"29,455,845"
VAI,Valor Energy Incorporated Common Stock,$2.02,0.02,1.00%,"29,406,128"
ARAY,Accuray Incorporated Common Stock,$0.2453,-0.0049,-1.958%,"29,298,462"
TAOX,Tao Synergies Inc. Common Stock,$3.90,UNCH,--,"29,184,644"
QNCX,"Quince Therapeutics, Inc. Common Stock",$28.59,-0.96,-3.249%,"29,077,831"
FLD,"Fold Holdings, Inc. Class A Common Stock",$0.5253,-0.0168,-3.099%,"28,932,046"
RADX,Radiopharm Theranostics Limited American Depositary Shares,$2.01,0.03,1.515%,"28,898,465"
QRHC,Quest Resource Holding Corporation Common Stock,$1.37,UNCH,--,"28,897,213"
SPHL,Springview Holdings Ltd Class A Ordinary Shares,$2.35,0.04,1.732%,"28,815,653"
DAIO,Data I/O Corporation Common Stock,$2.76,-0.01,-0.361%,"28,691,931"
GTEC,Greenland Technologies Holding Corporation Class A Ordinary Shares,$1.08,0.03,2.857%,"28,667,760"
EONR,EON Resources Inc. Class A Common Stock,$0.5712,-0.0223,-3.757%,"28,541,918"
SMJF,SMJ International Holdings Inc. Class A Ordinary Shares,$1.03,-0.04,-3.738%,"28,536,150"
DFDVW,DeFi Development Corp. Warrant,$0.92,-0.0475,-4.91%,"28,517,967"
IGC,"IGC Pharma, Inc. Common Stock",$0.2755,-0.0031,-1.113%,"28,482,294"
RYET,Ruanyun Edai Technology Inc. Ordinary shares,$0.7625,0.0445,6.198%,"28,426,003"
USEA,United Maritime Corporation Common Stock,$2.98,-0.01,-0.334%,"28,423,654"
AVX,Avax One Technology Ltd. Common Shares,$3.84,-0.09,-2.29%,"28,405,951"
LVLU,"Lulu's Fashion Lounge Holdings, Inc. Common Stock",$9.88,-0.765,-7.186%,"28,371,171"
MCRP,Micropolis AI Robotics Ordinary Shares,$0.81,-0.09,-10.00%,"28,259,642"
QNTM,Quantum Biopharma Ltd. Class B Subordinate Voting Shares,$3.46,0.26,8.125%,"27,982,823"
RNAZ,"TransCode Therapeutics, Inc. Common Stock",$1.65,-0.04,-2.367%,"27,935,719"
FKWL,Franklin Wireless Corp. Common Stock,$2.36,-0.019,-0.799%,"27,810,901"
SKYQ,Sky Quarry Inc. Common Stock,$3.14,0.03,0.965%,"27,736,845"
EVAX,Evaxion A/S American Depositary Share,$3.07,-0.06,-1.917%,"27,695,953"
ASTI,"Ascent Solar Technologies, Inc. Common Stock",$2.82,-0.04,-1.399%,"27,682,335"
CRWS,Crown Crafts Inc Common Stock,$2.57,-0.08,-3.019%,"27,653,938"
ESLA,"Estrella Immunopharma, Inc. Common Stock",$0.6355,-0.0241,-3.654%,"27,642,893"
YDESW,YD Bio Limited Warrants,$0.39,-0.0099,-2.476%,"27,624,225"
OPTH,Optimi Health Corp. Common Shares,$4.76,0.34,7.692%,"27,255,127"
ATCH,"AtlasClear Holdings, Inc. Common Stock",$0.1811,0.0009,0.499%,"27,226,171"
COSM,Cosmos Health Inc. Common Stock,$0.2693,0.0157,6.191%,"27,100,675"
BIOX,Bioceres Crop Solutions Corp. Ordinary Shares,$0.4282,0.0091,2.171%,"27,074,332"
AWRE,"Aware, Inc. Common Stock",$1.24,0.02,1.639%,"27,047,670"
NNVC,"NanoViricides, Inc. Common Stock",$1.05,0.03,2.941%,"26,803,721"
CVM,Cel-Sci Corporation Common Stock,$1.52,0.03,2.013%,"26,735,260"
ABVC,"ABVC BioPharma, Inc. Common Stock",$1.00,0.0199,2.03%,"26,654,365"
EDHL,Everbright Digital Holding Limited Ordinary Shares,$4.445,0.025,0.566%,"26,488,977"
CDROW,"Codere Online Luxembourg, S.A. Warrants",$0.58,UNCH,--,"26,372,551"
AAME,Atlantic American Corporation Common Stock,$1.29,UNCH,--,"26,312,424"
DFNS,T3 Defense Inc. Common Stock,$9.23,-0.36,-3.754%,"26,215,932"
CLIR,ClearSign Technologies Corporation Common Stock (DE),$3.85,-0.1801,-4.469%,"26,208,702"
KTCC,Key Tronic Corporation Common Stock,$2.41,-0.03,-1.23%,"26,170,838"
MERC,Mercer International Inc. Common Stock,$0.3871,-0.0031,-0.794%,"25,942,681"
MBNKO,"Medallion Bank Fixed-Rate Reset Non-Cumulative Perpetual Preferred Stock, Series G, par value $1.00 per share",$25.88,UNCH,--,"25,880,000"
JOB,GEE Group Inc. Common Stock,$0.2339,-0.0039,-1.64%,"25,698,753"
PRT,PermRock Royalty Trust Units of Beneficial Interest,$2.11,0.04,1.932%,"25,669,695"
ANY,Sphere 3D Corp. Common Shares,$2.93,0.23,8.519%,"25,505,111"
RCON,"Recon Technology, Ltd. Class A Ordinary Shares",$1.21,-0.08,-6.202%,"25,365,501"
NXPL,NextPlat Corp Common Stock,$9.28,0.28,3.111%,"25,178,700"
AIXC,"AIxCrypto Holdings, Inc. Common Stock",$1.19,0.2934,32.724%,"25,119,572"
TXMD,"TherapeuticsMD, Inc. Common Stock",$2.16,UNCH,--,"25,000,622"
LIQT,"LiqTech International, Inc. Common Stock",$0.758,0.0441,6.177%,"24,974,463"
MF,MindForge Inc. Class A Ordinary Shares,$13.69,-0.18,-1.298%,"24,866,516"
GIFT,"Giftify, Inc. Common Stock",$0.7005,-0.0645,-8.431%,"24,815,336"
ATOS,"Atossa Therapeutics, Inc. Common Stock",$2.48,-0.03,-1.195%,"24,748,659"
ACTU,"Actuate Therapeutics, Inc. Common stock",$1.03,-0.04,-3.738%,"24,734,628"
INLX,"Intellinetics, Inc. Common Stock",$5.50,-0.17,-2.998%,"24,722,467"
FMST,Foremost Clean Energy Ltd. Common Shares,$0.8202,-0.001,-0.122%,"24,675,424"
TVRD,"Tvardi Therapeutics, Inc. Common Stock",$1.83,-0.04,-2.139%,"24,410,266"
CCHH,CCH Holdings Ltd Class A Ordinary Shares,$1.225,-0.005,-0.407%,"24,274,266"
PLRZ,Polyrizon Ltd. Ordinary Shares,$11.32,0.29,2.629%,"24,219,898"
UPC,Universe Pharmaceuticals Inc. Class A Ordinary Shares,$4.81,0.45,10.321%,"24,167,316"
GRAN,Grande Group Limited Class A Ordinary Shares,$0.9682,-0.0718,-6.904%,"24,114,231"
CTRM,Castor Maritime Inc. Common Shares,$2.49,0.07,2.893%,"24,059,261"
ORIO,Orion Digital Corp. Common Shares,$1.01,-0.04,-3.81%,"24,018,810"
PAPL,Pineapple Financial Inc. Common Stock,$0.9502,0.0041,0.433%,"24,012,691"
BLIV,BeLive Holdings Ordinary Share,$2.21,-0.04,-1.778%,"24,011,212"
LIVE,Live Ventures Incorporated Common Stock,$7.80,-0.28,-3.465%,"23,958,917"
JVA,"Coffee Holding Co., Inc. Common Stock",$4.17,0.315,8.171%,"23,804,858"
CDLX,"Cardlytics, Inc. Common Stock",$4.04,-0.11,-2.651%,"23,790,413"
PTN,"Palatin Technologies, Inc. Common Stock",$13.36,1.56,13.22%,"23,771,114"
TRSG,Tungray Technologies Inc Class A Ordinary Shares,$1.453,-0.072,-4.721%,"23,761,614"
RPGL,Republic Power Group Limited Class A Ordinary Shares,$1.46,-0.03,-2.013%,"23,575,918"
HOVRW,New Horizon Aircraft Ltd. Warrant,$0.35,UNCH,--,"23,493,379"
LOOP,"Loop Industries, Inc. Common Stock",$0.4855,0.0127,2.686%,"23,488,670"
SNAL,"Snail, Inc. Class A Common Stock",$2.62,0.04,1.55%,"23,464,225"
HKIT,Hitek Global Inc. Class A Ordinary Share,$2.58,0.14,5.738%,"23,198,999"
GRNQ,Greenpro Capital Corp. Common Stock,$12.70,0.59,4.872%,"23,022,382"
TWG,Top Wealth Group Holding Limited Class A Ordinary Shares,$0.366,-0.0055,-1.48%,"22,965,237"
PBM,Psyence Biomedical Ltd. Common Shares,$6.00,0.60,11.111%,"22,885,968"
BEAT,"Heartbeam, Inc. Common Stock",$0.4058,-0.0006,-0.148%,"22,866,494"
MXC,Mexco Energy Corporation Common Stock,$11.16,0.30,2.762%,"22,833,360"
NTRP,"NextTrip, Inc. Common Stock",$1.51,0.09,6.338%,"22,780,013"
FEDU,"Four Seasons Education (Cayman) Inc. American Depositary Shares, each ADS representing 10 ordinary shares",$10.01,UNCH,--,"22,636,994"
TGHL,The GrowHub Limited Class A Ordinary Shares,$0.8925,-0.0547,-5.775%,"22,580,080"
COCP,"Cocrystal Pharma, Inc. Common Stock",$1.17,-0.07,-5.645%,"22,537,944"
SVRN,"SVRN, Inc. Common Stock",$11.94,-0.01,-0.084%,"22,397,243"
CKX,"CKX Lands, Inc. Common Stock",$10.9008,UNCH,--,"22,380,749"
FEMY,Femasys Inc. Common Stock,$2.67,-0.11,-3.957%,"22,361,322"
PDSB,PDS Biotechnology Corporation Common Stock,$0.3991,0.1042,35.334%,"22,338,161"
STAK,STAK Inc. Class A Ordinary Shares,$1.15,-0.03,-2.542%,"22,091,901"
LGVN,Longeveron Inc. Class A Common Stock,$6.92,-0.41,-5.593%,"22,062,337"
YAAS,Youxin Technology Ltd Class A Ordinary shares,$1.40,0.01,0.719%,"22,000,492"
LTRN,Lantern Pharma Inc. Common Stock,$1.71,UNCH,--,"21,860,890"
CLRB,"Cellectar Biosciences, Inc.  Common Stock",$2.31,UNCH,--,"21,834,369"
INTZ,Intrusion Inc. Common Stock,$0.8898,0.0448,5.302%,"21,806,287"
NOMA,NOMADAR Corp. Class A Common Stock,$1.42,-0.03,-2.069%,"21,702,611"
UTSI,UTStarcom Holdings Corp. Ordinary Shares,$2.27,-0.05,-2.155%,"21,551,630"
BCG,"Binah Capital Group, Inc. Common Stock",$1.26,-0.02,-1.563%,"21,495,765"
AKTX,Akari Therapeutics plc ADS,$11.04,-0.26,-2.301%,"21,494,681"
AYTU,"Aytu BioPharma, Inc.  Common Stock",$2.00,0.01,0.503%,"21,466,416"
TLF,"Tandy Leather Factory, Inc. Common Stock",$2.615,-0.005,-0.191%,"21,422,276"
BESS,Bimergen Energy Corporation Common Stock,$2.99,-0.03,-0.993%,"21,221,743"
GRDX,GridAI Technologies Corp. Common Stock,$2.97,0.11,3.846%,"21,179,435"
KRSA,"Korsana Biosciences, Inc. Common Stock",$31.61,-0.295,-0.925%,"21,139,630"
SUNE,"SUNation Energy, Inc. Common Stock",$3.24,0.04,1.25%,"21,102,470"
SPPL,SIMPPLE LTD. Ordinary Shares,$2.155,0.305,16.486%,"21,089,227"
JSPR,"Jasper Therapeutics, Inc. Common Stock",$0.6328,-0.0275,-4.165%,"21,056,142"
MODD,"Modular Medical, Inc. Common Stock",$2.58,0.04,1.575%,"21,029,123"
MNDO,MIND C.T.I. Ltd. Ordinary Shares,$1.04,0.015,1.463%,"20,992,573"
GTBP,"GT Biopharma, Inc. Common Stock",$11.63,3.02,35.075%,"20,984,928"
BMR,Beamr Imaging Ltd. Ordinary Share,$1.34,-0.01,-0.741%,"20,810,004"
UONE,"Urban One, Inc. Class A Common Stock",$4.50,-0.1365,-2.944%,"20,767,338"
PSHG,Performance Shipping Inc. Common Shares,$1.67,-0.01,-0.595%,"20,760,535"
ANNAW,"AleAnna, Inc. Warrant",$0.309,-0.0381,-10.977%,"20,682,730"
NEUP,Neuphoria Therapeutics Inc. Common Stock,$3.80,0.07,1.877%,"20,537,294"
MSGM,Motorsport Games Inc. Class A Common Stock,$4.45,-0.52,-10.463%,"20,420,169"
RVP,"Retractable Technologies, Inc. Common Stock",$0.682,0.0019,0.279%,"20,417,142"
NUCLW,Eagle Nuclear Energy Corp. Warrants,$0.69,0.03,4.545%,"20,410,061"
DAVEW,Dave Inc. Warrants,$1.60,0.16,11.111%,"20,408,811"
KMRK,K-Tech Solutions Company Limited Class A Ordinary Shares,$0.9655,0.0574,6.321%,"20,372,050"
BFRI,Biofrontera Inc. Common Stock,$1.36,-0.19,-12.258%,"20,199,208"
MWYN,"Marwynn Holdings, Inc. Common stock",$1.00,0.0695,7.469%,"20,194,804"
AIFA,"All In FutureTech Alliance, Inc. Common Stock",$3.14,0.04,1.29%,"20,159,792"
LFWD,Lifeward Ltd. Ordinary Shares,$7.11,-0.0101,-0.142%,"20,135,634"
XLABW,Exascale Labs Holdings Inc. Warrant,$0.22,-0.0412,-15.773%,"20,064,000"
BRFH,Barfresh Food Group Inc. Common Stock,$1.23,-0.01,-0.806%,"20,059,052"
EXYN,"Exyn Technologies, Inc. Common Stock",$2.52,-0.15,-5.618%,"20,043,972"
JDZG,JIADE LIMITED Class A Ordinary Shares,$3.68,0.18,5.143%,"19,987,857"
AHT,Ashford Hospitality Trust Inc Common Stock,$3.05,-0.11,-3.481%,"19,732,933"
FTHM,Fathom Holdings Inc. Common Stock,$0.5717,-0.0132,-2.257%,"19,556,278"
MRKR,"Marker Therapeutics, Inc. Common Stock",$1.17,0.02,1.739%,"19,507,559"
GMM,Global Mofy AI Limited Class A Ordinary Shares,$2.00,-0.1299,-6.099%,"19,502,014"
WIMI,WiMi Hologram Cloud Inc. Class B Ordinary Shares,$1.06,0.03,2.913%,"19,488,157"
TCRX,"TScan Therapeutics, Inc. Common Stock",$0.3063,-0.0141,-4.401%,"19,450,867"
RECT,Rectitude Holdings Ltd Ordinary Shares,$1.25,UNCH,--,"19,353,438"
NYC,American Strategic Investment Co. Class A Common Stock,$6.10,-0.10,-1.613%,"19,298,155"
LGPS,LogProstyle Inc. Common Shares,$0.8104,-0.0197,-2.373%,"19,134,249"
CTSO,Cytosorbents Corporation Common Stock,$6.0699,-0.3401,-5.306%,"19,126,868"
GRML,Greenland Mines Ltd. Common Stock,$3.26,0.11,3.492%,"19,072,539"
UFG,Uni-Fuels Holdings Limited Class A Ordinary Shares,$0.5855,0.0202,3.573%,"19,008,258"
NCEL,NewcelX Ltd. Ordinary Shares,$3.28,-0.0245,-0.741%,"18,945,700"
AZIO,"Azio AI Holdings, Inc. Common Stock",$1.15,-0.03,-2.542%,"18,938,025"
MDRR,"Medalist Diversified, Inc. Common Stock",$11.62,-0.3723,-3.104%,"18,923,170"
UONEK,"Urban One, Inc. Class D Common Stock",$4.09,0.06,1.489%,"18,875,203"
MDCXW,Medicus Pharma Ltd. Warrant,$0.31,UNCH,--,"18,652,094"
ALLR,"Allarity Therapeutics, Inc. Common Stock",$1.17,-0.05,-4.098%,"18,615,547"
YFOR,YYForce Inc. Class A Ordinary Shares,$1.44,0.16,12.50%,"18,485,827"
PMEC,Primech Holdings Ltd. Ordinary Shares,$0.481,-0.0114,-2.315%,"18,479,052"
NUR,Nuran Wireless Inc. Common Shares,$1.40,-0.07,-4.762%,"18,472,580"
PRZO,ParaZero Technologies Ltd. Ordinary Shares,$0.7119,-0.0643,-8.284%,"18,458,550"
ACCS,ACCESS Newswire Inc. Common Stock,$4.82,-0.38,-7.308%,"18,447,605"
DUKR,DUKE Robotics Corp. Common Stock,$5.38,-0.01,-0.186%,"18,431,762"
MYND,"Mynd.ai, Inc. American Depositary Shares",$0.3891,0.0091,2.395%,"18,343,966"
PSQH,"PSQ Holdings, Inc. Class A Common Stock",$4.92,-0.01,-0.203%,"18,337,667"
FOXX,Foxx Development Holdings Inc. Common Stock,$2.60,UNCH,--,"18,307,099"
LPCN,Lipocine Inc. Common Stock,$2.22,-0.05,-2.203%,"18,302,242"
DUO,Fangdd Network Group Ltd. Class A Ordinary Shares,$0.4723,-0.0387,-7.573%,"18,206,415"
SMX,SMX (Security Matters) Public Limited Company Ordinary Shares,$16.69,-0.43,-2.512%,"18,168,868"
BTCT,BTC Digital Ltd. Ordinary Shares,$1.53,0.08,5.517%,"18,054,868"
BCDA,"BioCardia, Inc. Common Stock",$1.19,0.11,10.185%,"18,015,151"
EPSM,Epsium Enterprise Limited Class A Ordinary Shares,$1.34,-0.02,-1.471%,"18,006,966"
ZTG,Zenta Group Company Limited Class A Ordinary Shares,$0.742,-0.037,-4.75%,"17,872,687"
LEDS,SemiLEDS Corporation Common Stock,$2.16,0.01,0.465%,"17,870,550"
LHAI,Linkhome Holdings Inc. Common stock,$1.08,0.04,3.846%,"17,852,400"
FENG,"Phoenix New Media Limited American Depositary Shares, each representing 48 Class A ordinary shares.",$1.48,-0.01,-0.671%,"17,775,948"
CMMB,Chemomab Therapeutics Ltd. American Depositary Share,$2.45,-0.13,-5.039%,"17,751,740"
LICN,Lichen International Limited Class A Ordinary Shares,$1.07,0.03,2.885%,"17,587,403"
BTLN,"Brightline Interactive, Inc. Common Stock",$0.8101,-0.10,-10.988%,"17,578,208"
OPAD,Offerpad Solutions Inc. Class A Common Stock,$3.63,-0.17,-4.474%,"17,542,879"
IDAI,T Stamp Inc. Class A Common Stock,$3.11,-0.09,-2.813%,"17,538,195"
JF,J and Friends Holdings Limited American Depositary Shares,$0.955,0.004,0.421%,"17,514,847"
SDOT,Sadot Group Inc. Common Stock,$12.03,-0.36,-2.906%,"17,501,581"
EFOI,"Energy Focus, Inc. Common Stock",$2.74,-0.07,-2.491%,"17,451,668"
TMDE,TMD Energy Limited Ordinary Shares,$0.74,-0.009,-1.202%,"17,438,100"
MOBX,"Mobix Labs, Inc. Class A Common Stock",$1.02,-0.09,-8.108%,"17,389,380"
EPOW,E-Power Inc. Class A Ordinary Shares,$0.2986,-0.0218,-6.804%,"17,369,811"
MDAIW,"Spectral AI, Inc. Warrants",$0.5395,-0.0001,-0.019%,"17,363,769"
BIVI,BioVie Inc. Class A Common Stock,$2.05,0.12,6.218%,"17,324,853"
VNTG,Vantage Corp Class A Ordinary Shares,$0.565,-0.044,-7.225%,"17,323,403"
FGI,FGI Industries Ltd. Ordinary Shares,$8.95,0.64,7.702%,"17,284,875"
DSY,Big Tree Cloud Holdings Limited Class A Ordinary Shares,$3.63,-0.14,-3.714%,"17,249,295"
FUSE,Fusemachines Inc. Common stock,$0.5949,-0.0081,-1.343%,"17,243,356"
MGIH,Millennium Group International Holdings Limited Ordinary Shares,$1.53,UNCH,--,"17,212,500"
NIKI,"Niki BioSolutions, Inc. Common Stock",$5.84,0.13,2.277%,"17,161,570"
JL,J-Long Group Limited Class A Ordinary Shares,$4.8002,0.0602,1.27%,"17,113,678"
LRE,"Lead Real Estate Co., Ltd American Depositary Shares",$1.25,-0.02,-1.575%,"17,052,375"
KTTA,Pasithea Therapeutics Corp. Common Stock,$0.51,-0.02,-3.774%,"17,041,368"
PASW,"Ping An Biomedical Co., Ltd. Class A Ordinary Shares",$0.1367,-0.0013,-0.942%,"17,025,985"
DYAI,"Dyadic International, Inc. Common Stock",$0.4244,-0.0596,-12.314%,"17,003,036"
BZAIW,"Blaize Holdings, Inc. Warrants",$0.1173,0.0062,5.581%,"16,988,798"
TLIH,Ten-League International Holdings Limited Ordinary Shares,$5.75,UNCH,--,"16,907,501"
ARKR,Ark Restaurants Corp. Common Stock,$4.68,-0.145,-3.005%,"16,876,815"
CCM,Concord Medical Services Holdings Limited American Depositary Shares (Each represents thirty (30) Class A ordinary shares),$3.88,-0.09,-2.267%,"16,845,885"
IPM,Intelligent Protection Management Corp. Common Stock ,$1.85,-0.03,-1.596%,"16,716,099"
RKTO,Rocket One Inc. Common Stock,$0.671,0.0304,4.746%,"16,706,277"
MOBBW,Mobilicom Limited Warrants,$1.32,-0.33,-20.00%,"16,676,050"
ATCX,Atlas Critical Minerals Corporation Common Stock,$3.25,-0.06,-1.813%,"16,520,842"
ONEG,OneConstruction Group Limited Ordinary Shares,$1.03,UNCH,--,"16,480,000"
AIFF,"Firefly Neuroscience, Inc. Common Stock",$1.05,-0.02,-1.869%,"16,474,832"
HUIZ,Huize Holding Limited American Depositary Shares,$1.63,0.10,6.536%,"16,472,904"
CNSY,"Cerenome, Inc. Common Stock ",$2.17,-0.155,-6.667%,"16,469,486"
FABC,"Fabric.AI, Inc. Common Stock",$2.34,-0.09,-3.704%,"16,388,454"
SMSI,"Smith Micro Software, Inc. Common Stock",$2.93,0.03,1.034%,"16,378,348"
AENTW,Alliance Entertainment Holding Corporation Warrant,$0.3212,0.0091,2.916%,"16,374,657"
TULP,"Bloomia Holdings, Inc. Common Stock",$3.4033,UNCH,--,"16,242,443"
DOGZ,Dogness (International) Corporation Class A Common Stock,$0.92,0.007,0.767%,"16,211,005"
ATTT,Atlas Trinity Tech Limited Ordinary Shares,$2.74,-0.22,-7.432%,"16,096,796"
SCAG,Scage Future American Depositary Shares,$0.22,-0.0116,-5.009%,"15,974,126"
GTIM,Good Times Restaurants Inc. Common Stock,$1.51,0.005,0.332%,"15,942,423"
MYSE,"Myseum.AI, Inc. Common Stock",$3.06,0.39,14.607%,"15,901,076"
ALAR,Alarum Technologies Ltd. American Depositary Share,$2.19,0.27,14.063%,"15,878,531"
CHOW,ChowChow Cloud International Holdings Limited Ordinary Shares,$0.4473,-0.0029,-0.644%,"15,874,677"
YXT,YXT.COM GROUP HOLDING LIMITED American Depository Shares,$2.40,0.02,0.84%,"15,864,638"
ARTW,"Art's-Way Manufacturing Co., Inc. Common Stock",$3.04,0.02,0.662%,"15,812,213"
UUU,"Universal Safety Products, Inc. Common Stock",$5.21,-0.17,-3.16%,"15,778,292"
AUST,Austin Gold Corp. Common Shares,$1.15,UNCH,--,"15,746,951"
PLSM,Pulsenmore Ltd. Ordinary Shares,$2.42,UNCH,--,"15,736,882"
CTXR,"Citius Pharmaceuticals, Inc. Common Stock",$0.5731,-0.0079,-1.36%,"15,733,068"
ILLR,Triller Group Inc. Common Stock,$0.7658,0.0344,4.703%,"15,689,237"
UCL,uCloudlink Group Inc. American Depositary Shares,$0.4117,-0.015,-3.515%,"15,682,579"
BNGO,"Bionano Genomics, Inc. Common Stock",$1.33,0.11,9.016%,"15,663,410"
PASG,"Passage Bio, Inc. Common Stock",$4.86,-0.14,-2.80%,"15,638,557"
MIMI,Mint Incorporation Limited Class A Ordinary Shares,$0.9804,0.0118,1.218%,"15,581,126"
HODO,House of Doge Inc. Common Stock,$0.1832,-0.0078,-4.084%,"15,554,227"
TOMZ,"TOMI Environmental Solutions, Inc. Common Stock",$1.58,-0.04,-2.469%,"15,472,254"
MTEX,"Mannatech, Incorporated Common Stock",$8.00,-0.21,-2.558%,"15,437,360"
BBLGW,Bone Biologics Corp Warrants,$5.60,1.06,23.348%,"15,433,919"
WETH,Wetouch Technology Inc. Common Stock,$1.15,UNCH,--,"15,388,764"
MOGU,MOGU Inc. American Depositary Shares (each  representing 25 Class A Ordinary Shares),$1.88,UNCH,--,"15,384,591"
SLGB,Smart Logistics Global Limited Class A Ordinary Shares,$0.3405,-0.0245,-6.712%,"15,322,500"
PLUR,Pluri Inc. Common Stock,$1.24,0.06,5.085%,"15,307,473"
HTOO,Fusion Fuel Green PLC Class A Ordinary Shares,$2.13,-0.1801,-7.796%,"15,213,583"
AISPW,"Airship AI Holdings, Inc. Warrants",$0.44,UNCH,--,"15,153,407"
MRNO,Murano Global Investments PLC Ordinary Shares,$0.1912,-0.0058,-2.944%,"15,151,237"
HCAI,"Huachen AI Parking Management Technology Holding Co., Ltd. Class A Ordinary Shares",$1.855,-0.385,-17.188%,"15,142,877"
ENLV,Enlivex Ltd. Ordinary Shares,$0.8645,-0.095,-9.901%,"15,116,182"
MBRX,"Moleculin Biotech, Inc. Common Stock",$0.7752,0.0602,8.42%,"15,098,865"
OFAL,OFA Group Class A Ordinary Shares,$0.63,0.0404,6.852%,"14,990,016"
EDTK,Skillful Craftsman Education Technology Limited Ordinary Share,$0.925,0.005,0.543%,"14,984,492"
NIXX,"Nixxy, Inc. Common Stock",$0.5158,-0.0204,-3.805%,"14,911,179"
ZEO,Zeo Energy Corporation Class A Common Stock,$0.2396,0.002,0.842%,"14,899,164"
BRN,"Barnwell Industries, Inc. Common Stock",$1.03,-0.01,-0.962%,"14,867,339"
WVVIP,"Willamette Valley Vineyards, Inc. Series A Redeemable Preferred Stock",$2.98,0.13,4.561%,"14,838,996"
DFLI,Dragonfly Energy Holdings Corp. Common Stock (NV),$0.9901,-0.0399,-3.874%,"14,830,513"
TDTH,Trident Digital Tech Holdings Ltd Class B Ordinary Shares,$1.715,0.035,2.083%,"14,812,028"
CRMT,America's Car-Mart Inc Common Stock,$1.76,-0.14,-7.368%,"14,675,721"
PMI,"Picard Medical, Inc. Common Stock",$6.26,0.93,17.448%,"14,639,849"
PBK,PowerBank Corporation Common Stock,$0.3112,-0.0243,-7.243%,"14,612,952"
GIGM,GigaMedia Limited Ordinary Shares,$1.3217,-0.0483,-3.526%,"14,607,739"
GYGY,"Game Your Game, Inc. Common Stock",$1.01,-0.04,-3.81%,"14,535,920"
DARE,"Dare Bioscience, Inc. Common Stock",$0.7363,0.0303,4.292%,"14,482,346"
HIND,"Vyome Holdings, Inc. Common Stock",$2.06,UNCH,--,"14,458,168"
FOFO,"Hang Feng Technology Innovation Co., Ltd. Ordinary Shares",$1.8999,-0.2201,-10.382%,"14,384,291"
TANH,Tantech Holdings Ltd. Class A Common Shares,$21.52,1.07,5.232%,"14,367,763"
HTCO,High-Trend International Group Class A Ordinary Shares,$2.12,-0.36,-14.516%,"14,321,287"
AEON,"AEON Biopharma, Inc. Class A Common Stock",$0.2862,-0.0407,-12.45%,"14,276,454"
GIXI,Gix Internet Ltd. Ordinary Shares,$5.71,0.21,3.818%,"14,231,324"
EQS,"Equus Total Return, Inc. Common Stock",$1.015,0.035,3.571%,"14,176,196"
DDC,DDC Enterprise Limited Class A Ordinary Shares,$0.2416,-0.0104,-4.127%,"14,155,648"
GWH,"ESS Tech, Inc. Common Stock",$0.351,-0.0299,-7.85%,"14,136,227"
SOS,SOS Limited Class A Ordinary Shares,$0.7766,0.0126,1.649%,"14,111,071"
DLPN,"Dolphin Entertainment, Inc. Common Stock",$1.08,-0.025,-2.262%,"14,067,595"
LSTA,"Lisata Therapeutics, Inc. Common Stock",$1.56,-0.07,-4.294%,"14,057,062"
GLNDW,Greenland Energy Company Warrant,$0.3199,0.0043,1.362%,"13,989,289"
MDBH,"MDB Capital Holdings, LLC Class A common",$2.57,0.02,0.784%,"13,977,284"
NEON,Neonode Inc. Common Stock,$0.8319,0.0019,0.229%,"13,961,713"
SCNX,"Scienture Holdings, Inc. Common Stock",$0.3389,-0.009,-2.587%,"13,916,639"
FRTT,Fort Technology Inc. Common Shares,$0.925,-0.0273,-2.867%,"13,914,388"
SKK,SKK Holdings Limited Class A Ordinary Shares,$4.36,0.01,0.23%,"13,910,999"
RCT,RedCloud Holdings plc Ordinary Shares,$0.2034,0.0044,2.211%,"13,908,617"
XCH,XCHG Limited American Depositary Share,$3.14,-0.025,-0.79%,"13,899,003"
NHTC,Natural Health Trends Corp. Common Stock,$1.62,0.05,3.185%,"13,896,114"
QNRX,"Quoin Pharmaceuticals, Ltd. American Depositary Shares",$6.88,0.09,1.325%,"13,817,909"
ASTC,Astrotech Corporation (DE) Common Stock,$6.55,-0.57,-8.006%,"13,804,754"
HSCS,HeartSciences Inc. Common Stock,$3.54,0.15,4.425%,"13,804,198"
PRPL,"Purple Innovation, Inc. Common Stock",$3.16,-0.11,-3.364%,"13,755,824"
PETZ,"TDH Holdings, Inc. Common Shares",$1.33,-0.08,-5.674%,"13,729,946"
BIYA,Baiya International Group Inc Class A Ordinary Shares,$2.15,-0.07,-3.153%,"13,718,617"
VWAV,"VisionWave Holdings, Inc. Common Stock",$0.4534,-0.0135,-2.891%,"13,694,574"
NMTC,NeuroOne Medical Technologies Corporation Common Stock,$1.50,-0.06,-3.846%,"13,658,645"
CALC,"CalciMedica, Inc. Common Stock",$2.00,0.02,1.01%,"13,656,584"
ICU,SeaStar Medical Holding Corporation Common Stock,$3.0705,0.0405,1.337%,"13,531,205"
ENGNW,enGene Therapeutics Inc. Warrants,$0.20,-0.03,-13.043%,"13,403,263"
ATER,"Aterian, Inc. Common Stock",$0.7407,-0.0322,-4.166%,"13,308,090"
DETX,"Liberty Defense Holdings, Ltd. Common Shares",$2.3401,0.0401,1.743%,"13,296,408"
REFR,Research Frontiers Incorporated Common Stock,$0.381,-0.008,-2.057%,"13,284,626"
EBON,Ebang International Holdings Inc. Class A Ordinary Shares,$2.03,-0.10,-4.695%,"13,284,194"
RGNT,Regentis Biomaterials Ltd. Ordinary Shares,$1.88,-0.01,-0.529%,"13,204,971"
ADIL,"Adial Pharmaceuticals, Inc Common Stock",$5.00,0.10,2.041%,"13,129,450"
INTS,"Intensity Therapeutics, Inc. Common stock",$3.98,-0.04,-0.995%,"12,994,218"
TPST,"Tempest Therapeutics, Inc. Common Stock",$0.7843,-0.0274,-3.376%,"12,972,139"
RETO,"ReTo Eco-Solutions, Inc. Class A Shares",$0.3607,-0.0273,-7.036%,"12,930,485"
CJMB,Callan JMB Inc. Common Stock,$2.24,-0.06,-2.609%,"12,885,304"
AIRI,Air Industries Group Common Stock,$2.65,-0.02,-0.749%,"12,854,244"
ADVB,Advanced Biomed Inc. Common Stock,$7.78,-0.41,-5.006%,"12,853,595"
COOT,Australian Oilseeds Holdings Limited Ordinary Shares,$0.4268,-0.052,-10.86%,"12,833,280"
NCT,Intercont (Cayman) Limited Class A Ordinary shares,$0.50,0.2003,66.834%,"12,822,169"
ZDAI,"DirectBooking Technology Co., Ltd. Class A Ordinary Shares",$1.525,0.015,0.993%,"12,792,421"
TURB,"Turbo Energy, S.A. American Depositary Shares",$1.06,-0.09,-7.826%,"12,738,168"
CETY,"Clean Energy Technologies, Inc. Common Stock",$1.045,0.015,1.456%,"12,713,581"
IHT,InnSuites Hospitality Trust Shares of Beneficial Interest,$1.34,UNCH,--,"12,599,798"
ICMB,"Investcorp Credit Management BDC, Inc. Common Stock",$0.8701,0.0051,0.59%,"12,557,694"
BENF,Beneficient Class A Common Stock,$0.8059,-0.2541,-23.972%,"12,455,766"
SEED,Origin Agritech Limited Common Stock,$1.025,-0.02,-1.914%,"12,447,114"
ASBP,"Aspire-Lakewood Holdings, Inc. Common Stock",$8.86,-0.20,-2.208%,"12,426,655"
BTOC,Armlogi Holding Corp. Common Stock,$0.272,-0.0084,-2.996%,"12,360,517"
ARAI,Arrive AI Inc. Common Stock,$0.2372,0.0148,6.655%,"12,305,037"
NAII,"Natural Alternatives International, Inc. Common Stock",$1.96,UNCH,--,"12,299,449"
CLRO,"ClearOne, Inc. Common Stock",$4.58,-0.41,-8.216%,"12,253,387"
BANL,CBL International Limited Class B Ordinary Shares,$5.80,-0.50,-7.937%,"12,173,956"
OXBR,Oxbridge Re Holdings Limited Ordinary Shares,$1.49,-0.08,-5.096%,"12,126,480"
JBDI,JBDI Holdings Limited Ordinary Shares,$1.27,0.07,5.833%,"12,083,456"
CABR,"Caring Brands, Inc. Common Stock",$1.16,-0.03,-2.521%,"12,027,142"
PHIO,Phio Pharmaceuticals Corp. Common Stock,$1.03,UNCH,--,"11,965,768"
SINT,"SiNtx Technologies, Inc. Common Stock",$1.79,-0.01,-0.556%,"11,929,516"
WXM,WF International Limited Ordinary Shares,$3.94,-0.06,-1.50%,"11,923,441"
FLUX,"Flux Power Holdings, Inc. Common Stock",$0.551,-0.0212,-3.705%,"11,913,525"
SOAR,"Volato Group, Inc. Class A Common Stock",$0.22,0.0292,15.304%,"11,799,315"
BLRX,BioLineRx Ltd. American Depositary Shares,$2.43,-0.08,-3.187%,"11,783,048"
KPRX,"Kiora Pharmaceuticals, Inc.  Common Stock",$2.65,UNCH,--,"11,724,626"
CLWT,Euro Tech Holdings Company Limited Common Stock,$1.58,UNCH,--,"11,710,113"
AIMD,"Ainos, Inc. Common Stock",$1.37,-0.07,-4.861%,"11,705,380"
NTRBW,Nutriband Inc. Warrant,$0.958,0.3565,59.268%,"11,645,144"
SAGT,SAGTEC GLOBAL LIMITED Class A Ordinary shares,$0.6003,0.0493,8.947%,"11,435,715"
IQST,iQSTEL Inc. Common Stock,$1.04,0.0945,9.995%,"11,352,493"
SEGG,Sports Entertainment Gaming Global Corporation Common Stock,$3.48,-0.08,-2.247%,"11,343,015"
VRXAW,Veraxa Biotech AG Warrants,$0.08,-0.0172,-17.695%,"11,312,625"
SLE,"Super League Enterprise, Inc. Common Stock",$4.57,-0.34,-6.925%,"11,302,391"
IMRN,Immuron Limited American Depositary Shares,$1.40,-0.05,-3.448%,"11,299,683"
CISO,"CISO Global, Inc. Common Stock",$0.2482,0.0142,6.068%,"11,299,468"
IRIX,IRIDEX Corporation Common Stock,$0.64,-0.02,-3.03%,"11,241,544"
BMGL,Basel Medical Group Ltd Ordinary Shares,$7.14,2.56,55.895%,"11,177,527"
EDUC,Educational Development Corporation Common Stock,$1.31,UNCH,--,"11,167,703"
NVNI,Nvni Group Limited Ordinary Shares,$0.9541,0.0534,5.929%,"11,155,464"
HPAI,Helport AI Limited Ordinary Shares,$0.2955,0.0019,0.647%,"11,124,662"
HCTI,"Healthcare Triangle, Inc. Common Stock",$0.7428,-0.0029,-0.389%,"11,122,926"
HDRNW,"Hadron Energy, Inc. Warrant",$0.1555,0.0355,29.583%,"11,118,070"
GYRO,"Gyrodyne, LLC Common Stock",$5.04,0.05,1.002%,"11,084,512"
HUDI,"Huadi International Group Co., Ltd. Ordinary Shares",$0.7722,-0.0128,-1.631%,"11,057,272"
BTBD,"BT Brands, Inc. Common Stock",$1.7829,0.0429,2.466%,"11,026,744"
BLIN,"Bridgeline Digital, Inc. Common Stock",$0.8751,-0.0059,-0.67%,"11,026,154"
QH,Quhuo Limited Class A Ordinary Shares,$4.00,0.09,2.302%,"11,003,572"
INAB,"IN8bio, Inc. Common Stock",$1.11,0.04,3.738%,"10,942,805"
CENN,Cenntro Inc. Common Stock,$4.45,0.09,2.064%,"10,931,211"
CYN,Cyngn Inc. Common Stock,$0.7575,-0.0371,-4.669%,"10,925,635"
BNKK,"Bonk, Inc. Common Stock",$1.365,-0.025,-1.799%,"10,921,283"
FNGR,"FingerMotion, Inc. Common Stock",$0.145,-0.0273,-15.844%,"10,904,671"
CLIK,Click Holdings Limited Class A Ordinary Share,$1.27,-0.06,-4.511%,"10,875,052"
AMOD,"Alpha Modus Holdings, Inc. Class A Common Stock",$2.18,-0.06,-2.679%,"10,870,056"
CYCU,"Cycurion, Inc. Common Stock",$3.36,0.03,0.901%,"10,852,941"
QNME,"Quanome Technologies, Inc. Common Stock",$0.315,0.01,3.279%,"10,844,681"
BMRA,"Biomerica, Inc. Common Stock",$2.36,0.12,5.357%,"10,829,964"
TOVX,"Theriva Biologics, Inc. Common Stock",$0.2356,-0.012,-4.847%,"10,812,313"
VTGN,"Vistagen Therapeutics, Inc. Common Stock",$0.2432,0.0062,2.616%,"10,792,465"
MSAI,"MultiSensor AI Holdings, Inc. Common Stock",$4.89,0.08,1.663%,"10,785,619"
GFAI,"Guardforce AI Co., Limited Ordinary Shares",$0.3407,-0.0198,-5.492%,"10,695,710"
MTVA,MetaVia Inc. Common Stock,$1.62,-0.04,-2.41%,"10,672,724"
AZTR,Azitra Inc Common Stock,$0.1755,-0.0026,-1.46%,"10,635,957"
LZMH,LZ Technology Holdings Limited Class B Ordinary Shares,$1.18,-0.08,-6.349%,"10,594,630"
KALA,"KALA BIO, Inc. Common Stock",$0.5407,-0.0317,-5.538%,"10,457,022"
MSN,Emerson Radio Corporation Common Stock,$0.4965,-0.0236,-4.538%,"10,447,677"
MMA,Mixed Martial Arts Group Limited Ordinary Shares,$0.393,-0.0269,-6.406%,"10,408,032"
BIOT,Instinct Bio Technical Company Holdings Inc. Ordinary Shares,$0.3617,-0.0083,-2.243%,"10,400,268"
KNRX,KNOREX LTD. Class A Ordinary Shares,$0.34,-0.012,-3.409%,"10,343,858"
YJ,Yunji Inc. American Depository Shares,$2.10,0.11,5.528%,"10,343,634"
TPET,Trio Petroleum Corp. Common Stock,$1.94,0.06,3.191%,"10,328,380"
FBLG,"FibroBiologics, Inc. Common Stock",$1.55,-0.06,-3.727%,"10,320,199"
JCTC,Jewett-Cameron Trading Company Common Shares,$2.90,-0.0267,-0.912%,"10,208,328"
XBIO,"Xenetic Biosciences, Inc. Common Stock",$4.33,0.43,11.026%,"10,145,974"
INUV,"Inuvo, Inc.",$0.6152,-0.0034,-0.55%,"10,140,390"
SQFTP,"Presidio Property Trust, Inc. 9.375% Series D Cumulative Redeemable Perpetual Preferred Stock, $0.01 par value per share",$7.05,0.2754,4.065%,"10,112,746"
AWX,Avalon Holdings Corporation Common Stock,$2.59,-0.07,-2.632%,"10,099,526"
GDTC,CytoMed Therapeutics Limited Ordinary Shares,$0.8517,0.0699,8.941%,"10,074,278"
ADGM,"Adagio Medical Holdings, Inc Common Stock",$0.4505,-0.1105,-19.697%,"10,005,812"
GITS,"Global Interactive Technologies, Inc. Common Stock",$2.38,0.20,9.174%,"10,003,388"
MTEK,Maris-Tech Ltd. Ordinary Shares,$1.03,UNCH,--,"9,989,585"
APRE,"Aprea Therapeutics, Inc. Common stock",$0.7814,0.0074,0.956%,"9,838,714"
LNAI,Lunai Bioworks Inc. Common Stock,$2.17,-0.21,-8.824%,"9,838,541"
IOTR,iOThree Limited Ordinary Shares,$2.02,-0.3466,-14.645%,"9,825,025"
GLE,Global Engine Group Holding Limited Class A Ordinary Shares,$0.5351,-0.0149,-2.709%,"9,792,330"
HCWC,Healthy Choice Wellness Corp. Class A Common Stock,$10.55,0.67,6.781%,"9,783,722"
PLAG,Planet Green Holdings Corp. Common Stock,$0.6863,-0.0287,-4.014%,"9,767,912"
AMS,American Shared Hospital Services Common Stock,$1.45,-0.0245,-1.662%,"9,642,500"
MDCX,Medicus Pharma Ltd. Common Stock  ,$0.1593,-0.0033,-2.03%,"9,584,769"
CVR,Chicago Rivet & Machine Co. Common Stock,$9.92,-0.09,-0.899%,"9,584,029"
SDAWW,SunCar Technology Group Inc. Warrant,$0.0902,UNCH,--,"9,529,442"
DTSS,Datasea Intelligent Technology Ltd. Class A Ordinary Shares,$0.6589,-0.0012,-0.182%,"9,504,554"
WVVI,"Willamette Valley Vineyards, Inc. Common Stock",$1.90,-0.2033,-9.666%,"9,461,105"
OBAI,"Our Bond, Inc. Common Stock",$0.3152,-0.0141,-4.282%,"9,448,286"
SNTI,"Senti Biosciences Holdings, Inc. Common Stock",$0.3021,-0.0039,-1.275%,"9,408,830"
INHD,Inno Holdings Inc. Common Stock,$3.72,-0.24,-6.061%,"9,376,561"
ENSC,"Ensysce Biosciences, Inc. Common Stock",$0.4814,-0.0055,-1.13%,"9,366,501"
PDC,Perpetuals.com Ltd American Depositary Shares,$3.04,-0.16,-5.00%,"9,273,733"
BIAF,"bioAffinity Technologies, Inc. Common Stock",$7.93,-0.02,-0.252%,"9,251,336"
UPLD,"Upland Software, Inc. Common Stock",$3.12,-0.10,-3.106%,"9,226,436"
MARPS,Marine Petroleum Trust Units of Beneficial Interest,$4.59,UNCH,--,"9,180,000"
BON,Bon Natural Life Limited Class A Ordinary Shares,$1.11,-0.0003,-0.027%,"9,022,979"
AIRE,reAlpha Tech Corp. Common Stock,$1.53,0.02,1.325%,"9,002,941"
BGL,Blue Gold Limited Class A Ordinary Shares,$0.22,0.0131,6.332%,"8,984,310"
XCUR,"Exicure, Inc. Common Stock",$1.37,-0.03,-2.143%,"8,968,013"
SMXT,Solarmax Technology Inc. Common Stock,$1.89,-0.45,-19.231%,"8,962,786"
NAMMW,Namib Minerals Warrants,$0.16,-0.0395,-19.799%,"8,936,385"
AEHL,Antelope Enterprise Holdings Limited Class A Ordinary Shares,$6.07,-1.74,-22.279%,"8,916,314"
MGRX,"Mangoceuticals, Inc. Common Stock",$0.41,0.0072,1.787%,"8,842,643"
BAERW,"Bridger Aerospace Group Holdings, Inc. Warrant",$0.1501,UNCH,--,"8,829,804"
SKYE,"Skye Bioscience, Inc. Common Stock",$1.99,-0.05,-2.451%,"8,811,077"
NDRA,ENDRA Life Sciences Inc. Common Stock,$5.87,0.25,4.448%,"8,804,049"
LCFYW,Locafy Limited Warrant,$4.80,-0.21,-4.192%,"8,782,565"
BAOS,Baosheng Media Group Holdings Limited Ordinary shares,$0.2628,-0.0384,-12.749%,"8,769,587"
BFRG,"Bullfrog AI Holdings, Inc. Common Stock",$0.4712,-0.0047,-0.988%,"8,736,826"
SFHG,Samfine Creation Holdings Group Limited Class A Ordinary Share,$2.15,-0.10,-4.444%,"8,729,000"
REED,"Reed's, Inc. Common Stock",$0.736,-0.1124,-13.248%,"8,726,815"
DFSC,DEFSEC Technologies Inc. Common Stock,$1.315,-0.115,-8.042%,"8,638,327"
NXTT,Next Technology Holding Inc. Ordinary Shares,$5.845,0.515,9.662%,"8,609,463"
CUPR,Cuprina Holdings (Cayman) Limited Class A Ordinary Shares,$3.20,0.05,1.587%,"8,580,000"
WOK,WORK Medical Technology Group LTD Class A Ordinary Shares,$1.92,0.04,2.128%,"8,577,750"
INEO,INNEOVA Holdings Limited Class A Ordinary Shares,$0.5301,-0.0274,-4.915%,"8,572,048"
SURG,"SurgePays, Inc. Common Stock",$0.1601,-0.013,-7.51%,"8,470,639"
RMCF,"Rocky Mountain Chocolate Factory, Inc. Common Stock",$0.8959,-0.0014,-0.156%,"8,456,926"
ALZN,"Alzamend Neuro, Inc. Common Stock",$1.75,0.03,1.744%,"8,445,015"
RVSN,Rail Vision Ltd. Ordinary Share,$3.85,-0.04,-1.028%,"8,439,916"
RAIN,"Rain Enhancement Technologies Holdco, Inc. Class A Common Stock",$0.721,-0.018,-2.436%,"8,438,621"
VRME,"VerifyMe, Inc. Common Stock",$0.6351,0.0214,3.487%,"8,361,216"
CNSP,"CNS Pharmaceuticals, Inc. Common Stock",$5.70,-0.14,-2.397%,"8,330,259"
AMSS,AMASS Brands Inc. Common Stock,$0.717,0.007,0.986%,"8,320,843"
GAUZ,Gauzy Ltd. Ordinary Shares,$7.23,-0.57,-7.308%,"8,310,032"
AUID,authID Inc. Common Stock,$0.4963,0.0926,22.938%,"8,298,304"
IMNN,"Imunon, Inc. Common Stock",$1.465,-0.005,-0.34%,"8,220,705"
SPWRW,SunPower Inc. Warrants,$0.0261,0.0004,1.556%,"8,140,745"
YMAT,"J-Star Holding Co., Ltd. Class A Ordinary Shares",$2.02,-0.05,-2.415%,"8,100,408"
IFBD,"Infobird Co., Ltd Ordinary Shares",$0.9892,-0.0008,-0.081%,"8,100,137"
AQMS,"Aqua Metals, Inc. Common Stock",$2.25,-0.06,-2.597%,"8,017,945"
THH,TryHard Holdings Limited Ordinary Shares,$1.60,-0.07,-4.192%,"8,007,400"
CCTG,CCSC Technology International Holdings Limited Class A Ordinary Shares,$0.5894,-0.0205,-3.361%,"8,004,162"
XWEL,"XWELL, Inc. Common Stock",$0.9299,-0.0348,-3.607%,"7,987,158"
TRAW,"Traws Pharma, Inc. Common Stock",$0.5189,-0.0454,-8.045%,"7,974,599"
CMCT,Creative Media & Community Trust Corporation Common stock,$2.705,0.035,1.311%,"7,972,969"
AMIX,"Autonomix Medical, Inc. Common Stock",$4.33,-0.04,-0.915%,"7,917,427"
AIM,AIM ImmunoTech Inc. Common Stock,$0.2229,0.0012,0.541%,"7,914,729"
VSA,VisionSys AI Inc. American Depositary Shares,$2.82,-0.08,-2.759%,"7,876,080"
SNGX,"Soligenix, Inc. Common Stock",$0.3608,-0.0032,-0.879%,"7,852,985"
EVGN,Evogene Ltd Ordinary Shares,$0.4948,0.0147,3.062%,"7,818,536"
CODX,"Co-Diagnostics, Inc. Common Stock",$1.11,-0.01,-0.893%,"7,749,264"
LOBO,LOBO TECHNOLOGIES LTD. Class A Ordinary Shares,$0.5583,-0.0297,-5.051%,"7,727,954"
ACXP,"Acurx Pharmaceuticals, Inc. Common Stock",$1.39,-0.01,-0.714%,"7,727,573"
MTEN,Mingteng International Corporation Inc. Class A Ordinary Shares,$1.01,-0.01,-0.98%,"7,726,364"
ARBB,ARB IOT Group Limited Ordinary Shares,$4.36,-0.13,-2.895%,"7,696,516"
BOLT,"Bolt Biotherapeutics, Inc. Common Stock",$3.98,0.03,0.759%,"7,666,853"
BCTXL,BriaCell Therapeutics Corp. Warrant expiring 2031,$0.88,UNCH,--,"7,655,813"
FEBO,Fenbo Holdings Limited Class A Ordinary Shares,$0.692,-0.0477,-6.449%,"7,655,250"
DSS,"DSS, Inc. Common Stock",$0.762,0.0395,5.467%,"7,652,399"
TDIC,Dreamland Limited Class A Ordinary Shares,$2.17,-0.08,-3.556%,"7,563,715"
PRSO,Peraso Inc. Common Stock,$0.4972,-0.0422,-7.824%,"7,490,057"
LEXX,Lexaria Bioscience Corp. Common Stock,$3.55,-0.42,-10.579%,"7,478,029"
ACON,"Aclarion, Inc. Common Stock",$2.58,-0.02,-0.769%,"7,436,517"
ELOG,Eastern International Ltd. Ordinary Shares,$0.5754,-0.0226,-3.779%,"7,383,533"
REBN,"Reborn Coffee, Inc. Common Stock",$0.8956,0.0548,6.518%,"7,355,970"
SGLY,Singularity Future Technology Ltd. Common Stock,$1.36,-0.23,-14.465%,"7,349,152"
JCSE,JE Cleantech Holdings Limited Ordinary Shares,$1.39,-0.05,-3.472%,"7,301,281"
GELS,Gelteq Limited Ordinary Shares,$0.6799,-0.0202,-2.885%,"7,282,449"
TKLF,"Tokyo Lifestyle Co., Ltd. American Depositary Shares",$1.72,-0.01,-0.578%,"7,280,383"
RDZNW,"Roadzen, Inc. Warrants",$0.085,UNCH,--,"7,239,030"
ICCM,IceCure Medical Ltd. Ordinary Shares,$2.09,-0.12,-5.43%,"7,161,124"
LUCY,"Innovative Eyewear, Inc. Common Stock",$0.8312,-0.0039,-0.467%,"7,155,964"
YHGJ,Yunhong Green CTI Ltd. Common Stock,$2.74,0.09,3.396%,"7,149,329"
INM,InMed Pharmaceuticals Inc. Common Shares,$1.30,0.01,0.775%,"7,141,856"
VEEA,Veea Inc. Common Stock,$2.29,0.73,46.795%,"7,123,521"
TAOP,Taoping Inc. Ordinary Shares ,$0.744,-0.0288,-3.727%,"7,107,271"
UCAR,U Power Limited Class A Ordinary Shares,$3.98,-0.99,-19.92%,"7,064,253"
WKSP,"Worksport, Ltd. Common Stock",$0.4603,0.0001,0.022%,"7,041,823"
CURX,Curanex Pharmaceuticals Inc Common Stock,$4.49,-0.06,-1.319%,"7,041,402"
CHAI,"Core AI Holdings, Inc. Common Shares",$0.27,-0.0002,-0.074%,"6,984,048"
GXAI,Gaxos.ai Inc. Common Stock,$0.6489,-0.0313,-4.602%,"6,972,193"
ERNA,Ernexa Therapeutics Inc. Common Stock,$4.27,0.105,2.521%,"6,970,395"
CGTL,Creative Global Technology Holdings Limited Class A Ordinary Shares,$4.015,0.155,4.016%,"6,902,809"
HXHX,Haoxin Holdings Limited Class A Ordinary Shares,$0.4661,-0.0049,-1.04%,"6,860,992"
DTST,Data Storage Corporation Common Stock,$2.93,-0.11,-3.618%,"6,849,572"
LHSW,Lianhe Sowell International Group Ltd Class A Ordinary Shares,$0.6228,0.1407,29.185%,"6,792,360"
MWG,Multi Ways Holdings Limited Class A Ordinary Shares,$1.32,UNCH,--,"6,787,472"
DLXY,Delixy Holdings Limited Class A Ordinary Shares,$0.4141,0.0021,0.51%,"6,770,535"
ZCMD,Zhongchao Inc. Class A Ordinary Shares,$0.7532,-0.0516,-6.412%,"6,683,502"
AMST,Amesite Inc. Common Stock,$1.02,-0.015,-1.449%,"6,680,848"
AIDX,"20/20 Biolabs, Inc. Common Stock",$0.5205,-0.0395,-7.054%,"6,646,943"
ENVB,"Enveric Biosciences, Inc. Common Stock",$1.48,0.06,4.225%,"6,624,308"
GP,GreenPower Motor Company Inc. Common Shares,$0.7511,-0.0003,-0.04%,"6,603,523"
CLGN,CollPlant Biotechnologies Ltd Ordinary Shares,$3.49,-0.01,-0.286%,"6,598,965"
MRM,MEDIROM Healthcare Technologies Inc. American Depositary Share,$0.835,0.005,0.602%,"6,598,128"
GURE,"Gulf Resources, Inc. (NV) Common Stock",$3.6248,-0.0252,-0.69%,"6,573,687"
NVNO,enVVeno Medical Corporation Common Stock,$9.38,-1.11,-10.582%,"6,517,468"
SVRE,SaverOne 2014 Ltd. American Depositary Shares,$2.60,0.18,7.438%,"6,499,571"
FFAI,Faraday Future Intelligent Electric Inc. Class A Common Stock,$1.68,0.01,0.599%,"6,476,906"
ALP,Alpha Compute Corp Ordinary Shares,$4.16,0.12,2.97%,"6,447,368"
VS,Versus Systems Inc. Common Stock,$1.03,-0.10,-8.85%,"6,399,025"
UZX,Linkage Global Inc. Class A Ordinary Shares,$0.0965,0.0053,5.811%,"6,382,335"
BQ,Boqii Holding Limited Class A Ordinary Shares,$0.8092,-0.0448,-5.246%,"6,376,184"
MITQ,"Moving iMage Technologies, Inc. Common Stock",$0.64,0.04,6.667%,"6,362,286"
OLB,"The OLB Group, Inc. Common Stock",$0.2641,-0.0182,-6.447%,"6,347,097"
NWTG,"Newton Golf Company, Inc. Common Stock",$1.1686,-0.1014,-7.984%,"6,336,472"
JYD,Jayud Global Logistics Limited Class A Ordinary Shares,$0.7628,-0.0555,-6.782%,"6,330,401"
CXAI,CXApp Inc. Class A Common Stock,$2.69,-0.15,-5.282%,"6,287,622"
INBS,Intelligent Bio Solutions Inc. Common Stock,$2.07,-0.06,-2.817%,"6,266,863"
KRKR,36Kr Holdings Inc. American Depositary Shares,$3.1702,0.0302,0.962%,"6,257,372"
KAPA,"Kairos Pharma, Ltd. Common Stock",$1.84,0.082,4.664%,"6,229,105"
SNOA,"Sonoma Pharmaceuticals, Inc. Common Stock",$1.29,-0.015,-1.149%,"6,177,068"
EEIQ,EpicQuest Education Group International Limited Common Stock,$3.75,0.13,3.591%,"6,174,836"
ILAG,Intelligent Living Application Group Inc. Ordinary Shares,$2.96,UNCH,--,"6,147,766"
CDIO,Cardio Diagnostics Holdings Inc. Common stock,$2.07,0.04,1.97%,"6,126,101"
BYAH,"Park Ha Biological Technology Co., Ltd. Class A Ordinary Shares",$2.60,0.22,9.244%,"6,098,370"
TRIB,Trinity Biotech plc American Depositary Shares,$7.47,-0.27,-3.488%,"6,074,096"
ORKT,Orangekloud Technology Inc. Class A Ordinary Shares,$1.04,0.03,2.97%,"6,073,361"
HKPD,"Cellyan Biotechnology Co., Ltd Class A Ordinary Shares",$0.1249,-0.0001,-0.08%,"6,057,645"
WAFU,Wah Fu Education Group Limited Ordinary Shares,$1.37,-0.005,-0.364%,"6,042,466"
GLXG,Galaxy Payroll Group Limited Class A Ordinary Shares,$1.0069,0.0376,3.879%,"6,002,649"
TGL,Treasure Global Inc. Common Stock,$3.06,0.33,12.088%,"5,981,786"
XTLB,XTL Biopharmaceuticals Ltd. American Depositary Shares,$2.43,-0.129,-5.041%,"5,971,635"
BGMS,"Bio Green Med Solution, Inc. Common Stock",$0.8976,0.0256,2.936%,"5,944,620"
ADXN,Addex Therapeutics Ltd American Depositary Shares,$3.48,-0.01,-0.287%,"5,928,921"
AQB,"AquaBounty Technologies, Inc. Common Stock",$1.15,-0.07,-5.738%,"5,919,285"
AUUD,Auddia Inc. Common Stock,$1.02,0.038,3.87%,"5,919,111"
AMBO,Ambow Education Holding Ltd. American Depository Shares (each representing twenty (20) Class A Ordinary Shares),$2.06,-0.03,-1.435%,"5,892,263"
VNRX,VolitionRX Limited Common Stock,$0.3121,0.0019,0.613%,"5,844,993"
XELB,"Xcel Brands, Inc. Common Stock",$0.8905,0.0008,0.09%,"5,841,924"
GCDT,Green Circle Decarbonize Technology Limited Class A Ordinary Shares,$0.4291,-0.0188,-4.197%,"5,814,822"
CELZ,"Creative Medical Technology Holdings, Inc. Common Stock",$0.8779,-0.0827,-8.609%,"5,787,606"
GDC,GD Culture Group Limited Common Stock,$1.38,UNCH,--,"5,744,250"
TNON,"Tenon Medical, Inc. Common Stock",$5.56,-0.37,-6.239%,"5,741,134"
VIVK,"Vivakor, Inc. Common Stock",$0.7001,-0.0871,-11.065%,"5,729,357"
NAMI,Jinxin Technology Holding Company American Depositary Shares,$1.80,-0.03,-1.639%,"5,693,141"
EHGO,Eshallgo Inc. Class A Ordinary Shares,$1.02,-0.05,-4.673%,"5,647,309"
SYNX,Silynxcom Ltd. Ordinary Shares,$0.8397,0.0169,2.054%,"5,570,939"
POLA,"Polar Power, Inc. Common Stock",$1.32,0.01,0.763%,"5,559,264"
POAS,Phaos Technology Holdings (Cayman) Limited Class A Ordinary Shares,$0.1755,0.0036,2.094%,"5,540,886"
CRE,Cre8 Enterprise Limited Class A Ordinary Shares,$2.74,-0.02,-0.725%,"5,518,319"
NCNA,NuCana plc American Depositary Share,$1.32,UNCH,--,"5,493,802"
VEEE,Twin Vee PowerCats Co. Common Stock,$9.36,-0.24,-2.50%,"5,469,245"
NCRA,"Nocera, Inc. Common Stock",$2.29,0.06,2.691%,"5,441,379"
BNCWZ,CEA Industries Inc. Warrant,$0.1307,-0.0194,-12.925%,"5,393,185"
YCBD,"cbdMD, Inc. Common Stock",$0.4771,-0.0051,-1.058%,"5,345,927"
FCUV,Focus Universal Inc. Common Stock,$5.44,-0.26,-4.561%,"5,342,145"
CWD,CaliberCos Inc. Class A Common Stock,$0.5144,0.0044,0.863%,"5,341,866"
CYAB,"Cyabra, Inc. Common Stock",$0.3025,-0.0306,-9.186%,"5,323,114"
PULM,"Pulmatrix, Inc. Common Stock",$1.45,0.04,2.837%,"5,295,813"
POM,POMDOCTOR LIMITED American Depositary Shares,$0.7099,-0.0205,-2.807%,"5,292,484"
WBUY,WEBUY GLOBAL LTD. Class A Ordinary Shares,$0.963,0.063,7.00%,"5,278,303"
DKI,DarkIris Inc. Class A Ordinary Shares,$2.535,-0.125,-4.699%,"5,266,348"
DPU,Top KingWin Ltd Class A Ordinary Shares,$1.75,-0.06,-3.315%,"5,260,287"
PCSA,"Processa Pharmaceuticals, Inc. Common Stock",$1.88,-0.20,-9.615%,"5,251,566"
BTTC,Black Titan Corporation Ordinary Shares,$0.38,0.0165,4.539%,"5,205,507"
ZNB,Zeta Network Group Class A Ordinary Shares,$1.41,UNCH,--,"5,181,823"
MLEC,Moolec Science SA Ordinary Shares,$7.10,0.07,0.996%,"5,155,438"
RITR,Reitar Logtech Holdings Limited Ordinary shares,$0.0824,-0.0031,-3.626%,"5,145,365"
JWEL,Jowell Global Ltd. Ordinary Shares,$2.15,-0.09,-4.018%,"5,108,682"
RMSG,Real Messenger Corporation Ordinary Shares,$0.3156,-0.0096,-2.952%,"5,102,832"
FBGL,FBS Global Limited Ordinary Shares,$0.3809,0.006,1.60%,"5,093,885"
LABT,Lakewood-Amedex Biotherapeutics Inc. Common Stock,$2.12,-0.10,-4.505%,"5,023,739"
TWAV,"TaoWeave, Inc. Common Stock",$1.29,0.08,6.612%,"5,001,613"
SLDPW,"Solid Power, Inc. Warrant",$0.0219,-0.0012,-5.195%,"4,997,169"
NTCL,NETCLASS TECHNOLOGY INC Class A Ordinary Shares,$2.04,0.11,5.699%,"4,954,870"
AMPGZ,"Amplitech Group, Inc. Series B Right",$0.1645,-0.0565,-25.566%,"4,942,219"
CANF,"Can-Fite Biopharma Ltd American Depositary Shares, each representing two (2) Ordinary Shares",$2.30,-0.03,-1.288%,"4,927,858"
VMAR,Vision Marine Technologies Inc. Common Shares,$7.52,0.32,4.444%,"4,910,906"
GWAV,"Greenwave Technology Solutions, Inc. Common Stock",$3.175,-0.625,-16.447%,"4,906,264"
AGRZ,Agroz Inc. Class A Ordinary Shares,$0.24,-0.0001,-0.042%,"4,901,636"
SNTG,Sentage Holdings Inc. Class A Ordinary Shares,$1.73,0.005,0.29%,"4,853,212"
DUKRW,DUKE Robotics Corp. Warrant,$1.41,0.085,6.415%,"4,830,629"
DBGI,"Digital Brands Group, Inc. Common Stock",$5.17,-0.83,-13.833%,"4,826,242"
TRNR,Interactive Strength Inc. Common Stock,$2.93,-0.11,-3.618%,"4,745,727"
CHNR,"China Natural Resources, Inc. Common Stock",$3.84,-0.1431,-3.593%,"4,735,569"
LIMN,"Liminatus Pharma, Inc. Class A Common Stock",$3.52,0.05,1.441%,"4,728,092"
EZGO,EZGO Technologies Ltd. Ordinary Shares,$0.89,0.0369,4.325%,"4,722,250"
KITT,"Nauticus Robotics, Inc. Common stock",$0.6286,-0.0277,-4.221%,"4,696,874"
BRNX,BrenX Ltd. Ordinary Shares,$2.76,0.22,8.661%,"4,678,275"
VIVS,"VivoSim Labs, Inc. Common Stock",$0.2811,-0.002,-0.706%,"4,662,464"
XPON,"Expion Energy, Inc. Common Stock",$4.59,-0.48,-9.467%,"4,647,366"
EZRA,"Reliance Global Group, Inc. Common Stock",$2.76,0.06,2.222%,"4,636,623"
SNES,"SenesTech, Inc. Common Stock",$0.8548,-0.0057,-0.662%,"4,636,044"
DRMA,"Dermata Therapeutics, Inc. Common Stock",$1.15,-0.04,-3.361%,"4,625,464"
LESL,"Leslie's, Inc. Common Stock",$0.4927,-0.0093,-1.853%,"4,614,370"
YDKG,Yueda Digital Holding Class A Ordinary Share,$0.83,0.0005,0.06%,"4,600,077"
ABTS,Abits Group Inc Ordinary Shares,$1.43,0.0125,0.882%,"4,596,656"
DXST,Decent Holding Inc Class A Ordinary Shares,$2.53,0.03,1.20%,"4,592,274"
QCLS,"Q/C Technologies, Inc. Common Stock",$0.5601,-1.1499,-67.246%,"4,587,128"
HYFM,"Hydrofarm Holdings Group, Inc. Common Stock",$0.9502,-0.03,-3.061%,"4,579,321"
FLDDW,"Fold Holdings, Inc. Warrant",$0.0831,0.0001,0.12%,"4,576,914"
MTR,Mesa Royalty Trust Common Stock,$2.45,UNCH,--,"4,565,796"
SONM,"DNA X, Inc. Common Stock",$3.0652,-0.0948,-3.00%,"4,561,839"
GVH,Globavend Holdings Limited Ordinary Shares,$1.05,0.04,3.96%,"4,519,385"
CNET,ZW Data Action Technologies Inc. Common Stock,$1.23,0.0023,0.187%,"4,512,168"
JUNS,"Jupiter Neurosciences, Inc. Common Stock",$3.41,0.36,11.803%,"4,496,157"
ATXG,Addentax Group Corp. Common Stock,$3.80,-0.05,-1.299%,"4,476,301"
DAIC,"CID HoldCo, Inc. Common Stock",$2.28,-0.25,-9.881%,"4,474,737"
RENX,RenX Enterprises Corp. Common Stock,$1.69,-0.09,-5.056%,"4,472,093"
LCFY,Locafy Limited Ordinary Share,$2.44,0.20,8.929%,"4,464,470"
STFS,Star Fashion Culture Holdings Limited Class A Ordinary Shares,$3.71,-0.24,-6.076%,"4,428,909"
JTAI,Jet.AI Inc. Common Stock,$1.24,-0.01,-0.80%,"4,411,326"
BGLC,BioNexus Gene Lab Corp Common stock,$1.50,-0.11,-6.832%,"4,400,163"
INTJ,Intelligent Group Limited Class A Ordinary Shares ,$2.86,-0.14,-4.667%,"4,397,244"
MSGY,Masonglory Limited Class A Ordinary Shares ,$2.04,-0.04,-1.923%,"4,324,035"
CNEY,CN Energy Group Inc. Class A Ordinary Shares,$0.525,-0.015,-2.778%,"4,306,736"
FMFC,Kandal M Venture Limited Class A Ordinary Shares,$0.1997,0.0016,0.808%,"4,253,610"
KUST,"Kustom Entertainment, Inc. Common Stock",$0.6492,-0.021,-3.133%,"4,224,254"
PMCB,"PharmaCyte  Biotech, Inc. Common Stock",$0.392,-0.0582,-12.928%,"4,208,374"
CDTG,CDT Environmental Technology Investment Holdings Limited ordinary shares,$1.38,-0.03,-2.128%,"4,168,980"
RIME,"Algorhythm Holdings, Inc. Common Stock",$0.2452,0.0045,1.87%,"4,165,981"
GRRRW,Gorilla Technology Group Inc. Warrant,$0.15,-0.007,-4.459%,"4,163,621"
SCKT,"Socket Mobile, Inc. Common Stock",$0.5019,-0.0221,-4.218%,"4,161,595"
SBFM,Sunshine Biopharma Inc. Common Stock,$1.07,0.01,0.943%,"4,148,751"
NXL,"Nexalin Technology, Inc. Common Stock",$4.99,0.17,3.527%,"4,138,706"
GRI,"GRI Bio, Inc. Common Stock",$1.89,-0.01,-0.526%,"4,131,757"
HIHO,Highway Holdings Limited Common Stock,$0.8873,-0.0128,-1.422%,"4,105,250"
CETX,Cemtrex Inc. Common Stock,$2.36,-0.07,-2.881%,"4,061,893"
FAMI,"Farmmi, Inc. Class A Ordinary Shares",$0.1265,0.0043,3.519%,"4,050,401"
HCWB,HCW Biologics Inc. Common Stock,$2.20,-0.04,-1.786%,"4,039,913"
MKZR,"MacKenzie Realty Capital, Inc. Common Stock",$1.45,0.01,0.694%,"4,023,298"
OMH,Ohmyhome Limited Class A Ordinary Shares,$2.37,0.21,9.722%,"4,002,193"
RBNE,Robin Energy Ltd. Common Stock,$3.00,0.34,12.782%,"3,996,891"
BOXL,Boxlight Corporation Class A Common Stock,$5.43,-0.26,-4.569%,"3,989,329"
EOCN,Eocene Ltd. Ordinary Shares,$3.82,-0.02,-0.521%,"3,978,778"
TOPP,Toppoint Holdings Inc. Common Stock,$0.16,UNCH,--,"3,952,000"
AGMH,AGM Group Holdings Inc. Class A Ordinary Shares,$0.8214,-0.0366,-4.266%,"3,939,742"
TOPS,"TOP Ships, Inc. Common Stock",$0.7101,-0.0107,-1.484%,"3,935,140"
GOVX,"GeoVax Labs, Inc. Common Stock",$0.4302,-0.0328,-7.084%,"3,912,183"
EJH,E-Home Household Service Holdings Limited Ordinary Shares,$1.22,0.02,1.667%,"3,904,188"
CHSN,Chanson International Holding Class A Ordinary Shares,$1.05,UNCH,--,"3,895,276"
MBIO,"Mustang Bio, Inc. Common Stock",$0.5101,0.0029,0.572%,"3,865,286"
WLDS,Wearable Devices Ltd. Ordinary Share,$1.56,-0.10,-6.024%,"3,837,196"
PAVS,Paranovus Entertainment Technology Ltd. Class A Ordinary Shares,$4.41,-0.09,-2.00%,"3,835,104"
BKYI,"BIO-key International, Inc. Common Stock",$2.65,-0.0011,-0.041%,"3,806,312"
REVB,"Revelation Biosciences, Inc. Common Stock",$0.9552,-0.0372,-3.748%,"3,804,959"
BJDX,"Bluejay Diagnostics, Inc. Common Stock",$0.8501,-0.0472,-5.26%,"3,798,290"
TCRT,"Alaunos Therapeutics, Inc. Common Stock",$1.49,-0.02,-1.325%,"3,785,315"
CVKD,"Cadrenal Therapeutics, Inc. Common Stock",$1.06,-0.03,-2.752%,"3,781,648"
BIVIW,BioVie Inc. Warrant,$0.4473,0.0973,27.80%,"3,780,199"
GBR,"New Concept Energy, Inc Common Stock",$0.7361,-0.0255,-3.348%,"3,777,617"
MASK,3 E Network Technology Group Ltd Class A Ordinary Shares,$1.04,-0.19,-15.447%,"3,763,848"
XRTX,XORTX Therapeutics Inc. Common Shares,$2.07,-0.26,-11.159%,"3,760,290"
ELAB,PMGC Holdings Inc. Common Stock,$4.62,0.10,2.212%,"3,740,255"
RDHL,Redhill Biopharma Ltd. American Depositary Shares,$0.6139,-0.031,-4.807%,"3,733,077"
BRTX,"BioRestorative Therapies, Inc. Common Stock (NV)",$2.70,0.03,1.124%,"3,729,046"
CAPS,Capstone Holding Corp. Common Stock,$0.1703,-0.0109,-6.015%,"3,704,025"
ISPC,iSpecimen Inc. Common Stock,$1.47,UNCH,--,"3,702,327"
NXAT,Nexus Advanced Technologies Inc. Ordinary Shares,$1.35,-0.015,-1.099%,"3,658,842"
SILO,"Silo Pharma, Inc. Common Stock",$2.07,-0.03,-1.429%,"3,629,228"
VSME,VS Media Holdings Limited Class A Ordinary Shares,$1.30,0.2301,21.507%,"3,576,019"
IVDA,"Iveda Solutions, Inc. Common Stock",$0.284,-0.0015,-0.525%,"3,555,404"
VVOS,"Vivos Therapeutics, Inc. Common Stock",$0.1767,-0.0073,-3.967%,"3,554,855"
SHPH,"Shuttle Pharmaceuticals Holdings, Inc. Common Stock",$3.45,-0.08,-2.266%,"3,543,888"
ICON,Icon Energy Corp. Common stock,$0.9396,0.0197,2.142%,"3,532,251"
SXTC,"China SXT Pharmaceuticals, Inc. Class A Ordinary Shares",$2.66,0.10,3.906%,"3,515,126"
VRAX,Virax Biolabs Group Limited Ordinary Shares,$2.61,-0.06,-2.247%,"3,510,419"
CSAI,"Cloudastructure, Inc. Class A Common Stock",$4.015,-0.045,-1.108%,"3,482,900"
CHR,"Cheer Holding, Inc. Class A Ordinary Share",$1.63,0.01,0.617%,"3,361,195"
LXEH,"Lixiang Education Holding Co., Ltd. American Depositary Shares",$1.75,-0.04,-2.235%,"3,354,167"
YYAI,AiRWA Inc. Common Stock,$0.731,-0.0039,-0.531%,"3,348,987"
FRSX,Foresight Autonomous Holdings Ltd. American Depositary Shares,$1.10,UNCH,--,"3,278,343"
NCPL,Netcapital Inc. Common Stock,$0.4167,-0.0335,-7.441%,"3,270,220"
EXYNW,"Exyn Technologies, Inc. Warrant",$0.4081,0.0632,18.324%,"3,246,010"
APVO,Aptevo Therapeutics Inc. Common Stock,$1.80,-0.02,-1.099%,"3,243,546"
INLF,INLIF LIMITED Class A Ordinary Shares,$2.96,-0.32,-9.756%,"3,227,282"
COCHW,"Envoy Medical, Inc Warrant",$0.041,-0.006,-12.766%,"3,164,978"
SXTP,"60 Degrees Pharmaceuticals, Inc. Common Stock",$0.8985,-0.0015,-0.167%,"3,160,014"
VTAK,"Catheter Precision, Inc. Common Stock",$0.1665,-0.0085,-4.857%,"3,158,846"
APUS,"Apimeds Pharmaceuticals US, Inc. Common Stock",$2.09,-0.015,-0.713%,"3,154,057"
CLDI,"Calidi Biotherapeutics, Inc. Common Stock",$1.22,-0.02,-1.613%,"3,152,704"
ASPSW,Altisource Portfolio Solutions S.A. Net Settle Stakeholder Warrants,$0.272,UNCH,--,"3,106,296"
FEED,"ENvue Medical, Inc. Common Stock",$3.35,-0.23,-6.425%,"3,094,455"
OCG,Oriental Culture Holding LTD Ordinary Shares,$1.58,0.05,3.268%,"3,062,533"
STLNW,"Starling Oncology, Inc. Warrant",$0.03,-0.0142,-32.127%,"3,057,483"
AMZE,"Amaze Holdings, Inc. Common Stock",$0.1465,-0.0125,-7.862%,"3,050,741"
ESLAW,"Estrella Immunopharma, Inc. Warrant",$0.07,0.0031,4.634%,"3,044,850"
RDGT,"Ridgetech, Inc. Ordinary Shares",$0.838,0.0091,1.098%,"3,041,555"
XAIR,"Beyond Air, Inc. Common Stock",$3.14,-0.06,-1.875%,"3,006,961"
CDT,CDT Equity Inc. Common Stock,$0.219,-0.031,-12.40%,"2,998,957"
FLYE,"Fly-E Group, Inc. Common Stock",$1.83,-0.01,-0.543%,"2,987,266"
PPCB,"Propanc Biopharma, Inc. Common Stock",$0.85,-0.071,-7.709%,"2,978,499"
TRUG,"TruGolf Holdings, Inc. Class A Common Stock",$0.6404,-0.0129,-1.975%,"2,953,817"
HLSQ,Tessera Defense and Homeland Security Inc. Common Stock,$1.07,-0.20,-15.748%,"2,921,100"
NUWE,"Nuwellis, Inc. Common Stock",$0.7964,0.0224,2.894%,"2,904,681"
HTCR,"Heartcore Enterprises, Inc. Common Stock",$1.91,-0.08,-4.02%,"2,894,276"
SSM,Sono Group N.V. Ordinary Shares,$2.01,-0.10,-4.739%,"2,863,916"
PPBT,Purple Biotech Ltd. American Depositary Shares,$1.76,0.04,2.326%,"2,863,286"
SPRC,SciSparc Ltd. Ordinary Shares,$4.91,-0.17,-3.346%,"2,852,577"
EDBL,Edible Garden AG Incorporated Common Stock,$1.45,-0.01,-0.685%,"2,829,688"
GNPX,"Genprex, Inc. Common Stock",$3.45,0.10,2.985%,"2,827,996"
MTNB,"Matinas Biopharma Holdings, Inc. Common Stock",$0.192,0.007,3.784%,"2,821,017"
ONCO,"Onconetix, Inc. Common Stock",$0.6374,-0.119,-15.732%,"2,792,145"
MEDS,"DataMeds AI, Inc. Common Stock",$0.8653,-0.0348,-3.866%,"2,766,912"
RUBI,Rubico Inc. Common Stock,$1.54,0.03,1.987%,"2,758,765"
NXGL,"NexGel, Inc Common Stock",$0.2807,-0.0104,-3.573%,"2,736,169"
ITP,"IT Tech Packaging, Inc. Common Stock",$0.1598,-0.0039,-2.382%,"2,711,074"
VBIO,"Valion Bio, Inc. Common Stock",$2.10,-0.16,-7.08%,"2,699,813"
ARTL,"Artelo Biosciences, Inc. Common Stock",$4.87,-0.56,-10.313%,"2,667,659"
JEM,707 Cayman Holdings Limited Ordinary Shares,$3.97,-0.04,-0.998%,"2,663,668"
PRFX,PRF Technologies Ltd. Ordinary Shares,$0.8605,0.0004,0.047%,"2,617,495"
ELPW,Elong Power Holding Limited Class A Ordinary Shares,$2.72,-0.02,-0.73%,"2,535,282"
WETO,Wetour Robotics Limited Ordinary Shares,$2.33,-0.11,-4.508%,"2,511,276"
PW,Power REIT (MD) Common Stock,$6.83,-0.335,-4.676%,"2,507,430"
KIDZ,KIDZ AI Inc. Class B Common Stock,$2.91,-0.465,-13.778%,"2,504,570"
CIIT,"Tianci International, Inc. Common Stock",$2.58,-0.17,-6.182%,"2,495,869"
AEMD,"Aethlon Medical, Inc. Common Stock",$1.54,0.01,0.654%,"2,470,306"
PWCM,"PowerCompute, Inc. Common Stock",$1.02,-0.03,-2.857%,"2,469,901"
ARBEW,Arbe Robotics Ltd. Warrant,$0.0191,-0.0047,-19.748%,"2,433,418"
STKH,Steakholder Foods Ltd. American Depositary Shares,$2.17,-0.17,-7.265%,"2,416,575"
IPST,"IP Strategy Holdings, Inc. Common Stock",$3.32,-0.38,-10.27%,"2,395,639"
TNMG,TNL Mediagene Ordinary Shares,$3.14,-0.22,-6.548%,"2,388,199"
IVF,"INVO Fertility, Inc. Common Stock",$0.9511,-0.018,-1.857%,"2,384,378"
ATPC,Agape ATP Corporation Common Stock,$2.34,-0.0399,-1.677%,"2,341,465"
CRIS,"Curis, Inc. Common Stock",$1.12,-0.01,-0.885%,"2,340,886"
CHGA,Change Agents Corporation Common Stock,$2.155,-0.075,-3.363%,"2,270,489"
NXTS,Nexentis Technologies Inc. Common Stock,$1.5601,-0.0599,-3.698%,"2,267,345"
GSUN,Golden Sun Technology Group Limited Class A Ordinary Shares,$0.2249,-0.0001,-0.044%,"2,255,493"
OGEN,Oragenics Inc. Common Stock,$0.499,0.021,4.393%,"2,251,467"
NIVF,NewGenIvf Group Limited Class A Ordinary Shares,$0.9292,-0.1308,-12.34%,"2,246,276"
CRGOW,Freightos Limited Warrants,$0.0428,0.0076,21.591%,"2,228,745"
SLXN,Silexion Therapeutics Corp Ordinary Shares,$0.3854,0.0281,7.865%,"2,218,313"
VCIG,VCI Global Limited Ordinary Share,$1.72,-0.10,-5.495%,"2,178,373"
RMCOW,Royalty Management Holding Corporation Warrant,$0.143,UNCH,--,"2,169,697"
AIIOW,Robo.ai Inc. Warrant,$0.0182,-0.0024,-11.65%,"2,166,447"
ONFO,Onfolio Holdings Inc. Common Stock,$0.8761,0.0311,3.68%,"2,148,821"
SOBR,"SOBR Safe, Inc. Common Stock",$0.3901,-0.025,-6.023%,"2,101,551"
RAYA,Erayak Power Solution Group Inc. Class A Ordinary Shares,$1.95,-0.20,-9.302%,"2,056,685"
CISS,C3is Inc. Common Stock,$1.37,UNCH,--,"2,038,519"
CMND,Clearmind Medicine Inc. Common Shares,$0.944,-0.0227,-2.348%,"2,025,079"
SDST,Stardust Power Inc. Common Stock,$0.136,-0.007,-4.895%,"1,975,255"
ASPSZ,Altisource Portfolio Solutions S.A. Cash Exercise Stakeholder Warrants,$0.1723,-0.0153,-8.156%,"1,967,701"
SHFS,"SHF Holdings, Inc. Class A Common Stock",$0.159,0.005,3.247%,"1,960,940"
GCTK,"GlucoTrack, Inc. Common Stock",$2.45,-0.10,-3.922%,"1,955,453"
NRSNW,NeuroSense Therapeutics Ltd. Warrant,$0.0515,0.0015,3.00%,"1,953,809"
SQFT,"Presidio Property Trust, Inc. Class A Common Stock",$1.35,UNCH,--,"1,936,483"
GNLN,"Greenlane Holdings, Inc. Class A Common Stock",$2.78,-0.20,-6.711%,"1,930,832"
VWAVW,"VisionWave Holdings, Inc. Warrant",$0.0629,0.0029,4.833%,"1,899,843"
IPW,iPower Inc. Common Stock,$1.93,0.16,9.04%,"1,846,495"
JZ,Jianzhi Education Technology Group Company Limited American Depositary Shs,$0.7588,-0.001,-0.132%,"1,827,428"
WHLR,"Wheeler Real Estate Investment Trust, Inc. Common Stock",$0.3656,-0.0262,-6.687%,"1,800,471"
YHC,LQR House Inc. Common Stock,$1.38,-0.025,-1.779%,"1,799,323"
PMAX,Powell Max Limited Class A Ordinary Shares,$0.9105,-0.0511,-5.314%,"1,786,369"
EDVA,"Endovia Health Sciences, Inc. Common Stock",$0.2401,-0.0091,-3.652%,"1,785,005"
DCOY,Decoy Therapeutics Inc. Common Stock,$2.71,0.04,1.498%,"1,775,551"
IBG,Innovation Beverage Group Limited Ordinary Shares,$0.975,0.0149,1.552%,"1,770,484"
MNDR,Mobile-health Network Solutions Class A Ordinary Shares,$1.45,0.08,5.839%,"1,732,079"
JAGX,"Jaguar Health, Inc. Common Stock",$0.3189,0.0049,1.561%,"1,701,355"
MOBXW,"Mobix Labs, Inc Warrants",$0.0988,-0.0004,-0.403%,"1,684,383"
SUGP,SU Group Holdings Limited Class A Ordinary Shares,$0.7114,0.0615,9.463%,"1,655,071"
LNKS,Linkers Industries Limited Class A Ordinary Shares,$1.03,0.03,3.00%,"1,654,811"
PGYWW,Pagaya Technologies Ltd. Warrants,$0.0192,0.0041,27.152%,"1,601,776"
FUSEW,Fusemachines Inc. Warrants,$0.0549,UNCH,--,"1,591,293"
PFSA,"Profusa, Inc. Common Stock",$2.59,0.16,6.584%,"1,568,626"
IMTE,Integrated Media Technology Limited Ordinary Shares,$0.4525,-0.0104,-2.247%,"1,559,511"
SKYAW,"SkyAI, Inc. Warrant",$0.0349,UNCH,--,"1,509,338"
AKAN,Akanda Corp. Common Shares,$2.79,-0.28,-9.121%,"1,508,946"
BBLG,Bone Biologics Corp Common Stock,$0.5401,-0.0107,-1.943%,"1,488,546"
MSS,Maison Solutions Inc. Class A Common Stock,$1.72,-0.08,-4.444%,"1,471,183"
LBGJ,Li Bang International Corporation Class A Ordinary Shares,$2.14,-0.11,-4.889%,"1,470,662"
DRCT,"Direct Digital Holdings, Inc. Class A Common Stock",$1.83,0.12,7.018%,"1,468,990"
MNYWW,MoneyHero Limited Warrants,$0.0322,-0.0018,-5.294%,"1,430,750"
DXF,"Eason Technology Limited American Depositary Shares (each representing sixty-thousand (60,000) Ordinary Shares)",$0.4406,-0.0114,-2.522%,"1,425,762"
LRHC,La Rosa Holdings Corp. Common Stock,$2.55,-0.025,-0.971%,"1,410,079"
SGRX,SANGRIX INC. Class A Ordinary Shares,$1.68,UNCH,--,"1,398,083"
SNYR,Synergy CHC Corp. Common Stock,$0.091,-0.0096,-9.543%,"1,355,889"
OLOX,Olenox Industries Inc. Common Stock,$0.8064,-0.0636,-7.31%,"1,338,097"
XXII,"22nd Century Group, Inc. Common Stock",$1.85,-0.14,-7.035%,"1,320,889"
UK,Ucommune International Ltd Class A Ordinary Shares,$1.94,-0.10,-4.902%,"1,315,225"
SDSTW,Stardust Power Inc. Warrant,$0.09,UNCH,--,"1,307,154"
SMTK,"SmartKem, Inc. Common Stock",$2.31,0.07,3.125%,"1,305,785"
OXBRW,Oxbridge Re Holdings Limited Warrant expiring 3/26/2029,$0.16,UNCH,--,"1,302,172"
SABSW,"SAB Biotherapeutics, Inc. Warrant",$0.0142,-0.0048,-25.263%,"1,292,006"
BRLSW,Borealis Foods Inc. Warrant,$0.0596,UNCH,--,"1,279,213"
WALDW,Waldencast plc Warrant ,$0.0098,-0.016,-62.016%,"1,260,289"
FCHL,Fitness Champs Holdings Limited Common Stock,$0.9444,0.0094,1.005%,"1,245,420"
ZEOWW,Zeo Energy Corporation Warrants,$0.02,0.001,5.263%,"1,243,670"
SCNI,Scinai Immunotherapeutics Ltd. American Depositary Shares,$2.44,0.78,46.988%,"1,223,284"
MYSZ,"My Size, Inc. Common Stock",$1.66,-0.07,-4.046%,"1,209,280"
GIPR,Generation Income Properties Inc. Common Stock,$0.395,-0.006,-1.496%,"1,200,065"
BDRX,Biodexa Pharmaceuticals plc American Depositary Shs,$1.12,-0.18,-13.846%,"1,152,554"
MI,NFT Limited Class A Ordinary Share,$2.23,0.18,8.78%,"1,138,926"
BCTXZ,BriaCell Therapeutics Corp. Warrant expiring 2030,$0.13,-0.0141,-9.785%,"1,130,972"
RKDA,"Arcadia Biosciences, Inc. Common Stock",$0.449,0.0179,4.152%,"1,081,736"
LGCL,Lucas GC Limited Class A Ordinary Shares,$3.11,-0.04,-1.27%,"1,064,625"
YMT,Yimutian Inc. American Depositary Shares,$2.20,-0.04,-1.786%,"1,048,456"
GRMLW,Greenland Mines Ltd Warrant,$0.1785,-0.0214,-10.705%,"1,044,309"
IMCC,IM Cannabis Corp. Common Shares,$1.72,-0.03,-1.714%,"1,038,746"
ASTLW,Algoma Steel Group Inc. Warrant,$0.0098,0.004,68.966%,"1,032,808"
HAO,Haoxi Health Technology Limited Class A Ordinary Shares,$2.79,-0.07,-2.448%,"1,021,492"
BGLWW,Blue Gold Limited Warrant,$0.0241,0.0005,2.119%,"984,190"
VGASW,"Verde Clean Fuels, Inc. Warrant",$0.022,-0.0047,-17.603%,"980,092"
HOLOW,MicroCloud Hologram Inc. Warrant,$0.0412,UNCH,--,"943,989"
SCLXW,Scilex Holding Company Warrant,$0.11,UNCH,--,"934,230"
ABLVW,Able View Global Inc. Warrant,$0.0179,0.003,20.134%,"884,080"
NEXR,Nexera Technologies Ltd Ordinary Shares,$1.51,-0.04,-2.581%,"841,771"
KLXER,"KLX Energy Services Holdings, Inc.  Rights ",$0.0304,-0.0945,-75.661%,"651,433"
RMSGW,Real Messenger Corporation Warrants,$0.0399,UNCH,--,"645,130"
BIOTW,Instinct Bio Technical Company Holdings Inc. Warrants,$0.0211,0.0042,24.852%,"606,706"
BNAIW,Brand Engagement Network Inc. Warrant,$0.075,-0.015,-16.667%,"562,739"
MRNOW,Murano Global Investments PLC Warrants,$0.0071,0.0001,1.429%,"562,624"
CTNT,Cheetah Net Supply Chain Service Inc Class A Common Stock,$0.1514,-1.0086,-86.948%,"478,332"
FRGT,"Freight Technologies, Inc. Ordinary Shares",$0.835,-0.035,-4.023%,"477,724"
BNCWW,CEA Industries Inc. Warrant,$0.011,0.0005,4.762%,"453,902"
BEATW,"Heartbeam, Inc. Warrant",$0.0077,-0.0036,-31.858%,"433,889"
COOTW,Australian Oilseeds Holdings Limited Warrant,$0.014,-0.0029,-17.16%,"420,960"
GMEX,GMEX ROBOTICS CORPORATION Class A Ordinary Shares,$0.4494,-0.0316,-6.57%,"406,456"
HUBCZ,Hub Cyber Security Ltd. Warrant ,$0.0121,UNCH,--,"404,457"
FOXXW,Foxx Development Holdings Inc. Warrant,$0.0549,UNCH,--,"386,561"
LGHL,Lion Group Holding Ltd. American Depositary Share,$8.34,0.04,0.482%,"384,841"
FGL,Founder Group Limited Class A Ordinary Shares,$4.985,-0.465,-8.532%,"376,657"
TVGNW,Tevogen Inc. Warrant,$0.0539,0.0021,4.054%,"350,972"
BTBDW,"BT Brands, Inc. Warrant",$0.0548,UNCH,--,"338,923"
LUCYW,"Innovative Eyewear, Inc. Series A Warrants 8/16/27",$0.0391,UNCH,--,"336,620"
DFLIW,Dragonfly Energy Holdings Corp. Warrant,$0.0221,-0.0064,-22.456%,"331,032"
AIXI,XIAO-I Corporation American Depositary Shares,$2.39,-0.30,-11.152%,"314,316"
BFRIW,Biofrontera Inc. Warrants,$0.02,UNCH,--,"297,047"
HUBCW,Hub Cyber Security Ltd. Warrant 2/27/28,$0.0082,0.0002,2.50%,"274,095"
JSPRW,"Japer Therapeutics, Inc. Warrants",$0.008,UNCH,--,"266,196"
NCPLW,Netcapital Inc. Warrants,$0.0329,UNCH,--,"258,196"
SEATW,Vivid Seats Inc. Warrant,$0.021,-0.0104,-33.121%,"245,955"
SWVLW,Swvl Holdings Corp Warrant,$0.008,-0.0028,-25.926%,"239,998"
BIAFW,"bioAffinity Technologies, Inc. Warrant",$0.198,-0.0404,-16.946%,"230,992"
HSCSW,HeartSciences Inc. Warrant,$0.0577,-0.0073,-11.231%,"225,001"
GFAIW,"Guardforce AI Co., Limited Warrant",$0.007,-0.0075,-51.724%,"219,753"
NVNIW,Nvni Group Limited Warrants,$0.018,0.0017,10.429%,"210,458"
PRENW,Prenetics Global Limited Warrant,$0.012,-0.0009,-6.977%,"203,253"
PDYNW,Palladyne AI Corp Warrants,$0.004,UNCH,--,"197,354"
ZOOZW,ZOOZ Strategy Ltd. Warrant,$0.0245,UNCH,--,"196,235"
DFNSW,T3 Defense Inc. Warrants,$0.0687,0.0001,0.146%,"195,128"
SHFSW,"SHF Holdings, Inc. Warrants",$0.0158,-0.0027,-14.595%,"194,861"
CDTTW,CDT Equity Inc. Warrant,$0.0128,0.0029,29.293%,"175,281"
MGN,Megan Holdings Limited Class A Ordinary Shares,$0.1772,0.0078,4.604%,"163,910"
LNZAW,"LanzaTech Global, Inc. Warrant",$0.0121,-0.0007,-5.469%,"158,379"
BENFW,Beneficient Warrant,$0.0092,0.0011,13.58%,"142,193"
PBMWW,Psyence Biomedical Ltd. Warrant,$0.0349,0.006,20.761%,"133,120"
NXGLW,"NexGel, Inc Warrant",$0.0135,UNCH,--,"131,593"
SXTPW,"60 Degrees Pharmaceuticals, Inc. Warrant",$0.0352,0.0006,1.734%,"123,798"
SBFMW,Sunshine Biopharma Inc. Warrant,$0.031,UNCH,--,"120,197"
EDBLW,Edible Garden AG Incorporated Warrant,$0.0574,UNCH,--,"112,017"
KTTAW,Pasithea Therapeutics Corp. Warrant,$0.003,-0.0005,-14.286%,"100,243"
FGIWW,FGI Industries Ltd. Warrant,$0.0499,0.0099,24.75%,"96,370"
AMODW,"Alpha Modus Holdings, Inc. Warrant",$0.0189,UNCH,--,"94,240"
KITTW,"Nauticus Robotics, Inc. Warrant",$0.012,-0.0012,-9.091%,"89,664"
ANGHW,Anghami Inc. Warrants,$0.009,-0.001,-10.00%,"81,583"
VEEAW,Veea Inc. Warrant,$0.0252,UNCH,--,"78,390"
CYCUW,"Cycurion, Inc. Warrant",$0.0237,UNCH,--,"76,552"
CXAIW,CXApp Inc. Warrant,$0.032,-0.0024,-6.977%,"74,797"
GGROW,Gogoro Inc. Warrant,$0.005,UNCH,--,"73,868"
ACONW,"Aclarion, Inc. Warrant",$0.0256,UNCH,--,"73,789"
MSAIW,"MultiSensor AI Holdings, Inc. Warrant",$0.0323,0.0029,9.864%,"71,242"
ICUCW,SeaStar Medical Holding Corporation Warrant,$0.0159,UNCH,--,"70,069"
DSYWW,Big Tree Cloud Holdings Limited Warrants,$0.0142,-0.0054,-27.551%,"67,477"
SLXNW,Silexion Therapeutics Corp Warrant,$0.0113,-0.0004,-3.419%,"65,041"
SWAGW,"Stran & Company, Inc. Warrant",$0.0032,0.0006,23.077%,"59,647"
ERNAW,Ernexa Therapeutics Inc. Warrants,$0.0362,0.0001,0.277%,"59,093"
RVSNW,Rail Vision Ltd. Warrant,$0.0244,UNCH,--,"53,489"
NXATW,Nexus Advanced Technologies Inc. Warrant,$0.0192,0.0012,6.667%,"52,037"
PIIIW,P3 Health Partners Inc. Warrant,$0.0063,-0.0028,-30.769%,"45,744"
NIVFW,NewGenIvf Group Limited Warrants,$0.018,UNCH,--,"43,514"
SAIHW,SAIHEAT Limited Warrant,$0.0218,-0.008,-26.846%,"39,466"
ONFOW,Onfolio Holdings Inc. Warrant,$0.0156,0.0011,7.586%,"38,262"
APLMW,Apollomics Inc. Warrant,$0.012,UNCH,--,"34,753"
PARAW,"Banzai International, Inc. Warrant",$0.008,-0.0012,-13.043%,"28,408"
SQFTW,"Presidio Property Trust, Inc. Series A Common Stock Purchase Warrants",$0.0136,-0.0036,-20.93%,"19,508"
SMXWW,SMX (Security Matters) Public Limited Company Warrant,$0.015,-0.0045,-23.077%,"16,329"
DAICW,"CID HoldCo, Inc. Warrants",$0.006,UNCH,--,"11,776"
MLECW,Moolec Science SA Warrant,$0.0153,UNCH,--,"11,110"
LTRYW,Sports Entertainment Gaming Global Corporation Warrants,$0.0031,UNCH,--,"10,104"
KIDZW,KIDZ AI Inc. Warrants,$0.0097,-0.0002,-2.02%,"8,349"
TNONW,"Tenon Medical, Inc. Warrant",$0.0061,-0.0019,-23.75%,"6,299"
AACI,Armada Acquisition Corp. III Class A Ordinary Share,$10.05,UNCH,--,NA
AACIW,Armada Acquisition Corp. III Warrant,$0.235,-0.0001,-0.043%,NA
AACO,Abony Acquisition Corp. I Class A Ordinary Share,$9.99,UNCH,--,NA
AACP,Apogee Acquisition Corp Class A Ordinary Shares,$10.07,0.01,0.099%,NA
AACPR,Apogee Acquisition Corp Rights,$0.1502,-0.0199,-11.699%,NA
AACPW,Apogee Acquisition Corp Warrant,$0.11,0.006,5.769%,NA
ABR^D,"Arbor Realty Trust 6.375% Series D Cumulative Redeemable Preferred Stock, Liquidation Preference $25.00 per Share",$15.47,-0.01,-0.065%,NA
ABR^E,Arbor Realty Trust 6.25% Series E Cumulative Redeemable Preferred Stock,$15.30,0.03,0.196%,NA
ABR^F,"Arbor Realty Trust 6.25% Series F Fixed-to-Floating Rate Cumulative Redeemable Preferred Stock, Liquidation Preference $25.00 per share",$22.36,0.01,0.045%,NA
ACAA,Averin Capital Acquisition Corp. Class A Ordinary Shares,$9.98,UNCH,--,NA
ACAAU,Averin Capital Acquisition Corp. Units,$10.16,0.04,0.395%,NA
ACAAW,Averin Capital Acquisition Corp. Warrants,$0.756,UNCH,--,NA
ACGC,ACP Holdings Acquisition Corp. Class A Ordinary Shares,$10.0434,0.0234,0.234%,NA
ACGCW,ACP Holdings Acquisition Corp. Warrants,$0.30,-0.0001,-0.033%,NA
ACP,abrdn Income Credit Strategies Fund Common Shares,$4.57,-0.27,-5.579%,NA
ACP^A,abrdn Income Credit Strategies Fund 5.250% Series A Perpetual Preferred Stock,$18.78,0.01,0.053%,NA
ACR^C,ACRES Commercial Realty Corp. 8.625% Fixed-to-Floating Series C Cumulative Redeemable Preferred Stock ,$23.53,-0.06,-0.254%,NA
ACR^D,ACRES Commercial Realty Corp. 7.875% Series D Cumulative Redeemable Preferred Stock,$19.14,-0.29,-1.493%,NA
ADAC,American Drive Acquisition Company Class A Ordinary Shares,$10.075,-0.015,-0.149%,NA
ADACW,American Drive Acquisition Company Warrant,$0.3001,UNCH,--,NA
ADAMG,"Adamas Trust, Inc. 9.125% Senior Notes Due 2030",$25.28,-0.01,-0.04%,NA
ADAMH,"Adamas Trust, Inc. 9.875% Senior Notes Due 2030",$25.64,-0.005,-0.019%,NA
ADAMK,"Adamas Trust, Inc. 9.600% Senior Notes Due 2031 ",$25.47,-0.01,-0.039%,NA
ADAMO,"Adamas Trust, Inc. 9.250% Senior Notes Due 2031",$25.26,0.03,0.119%,NA
ADC^A,"Agree Realty Corporation Depositary Shares, each representing 1/1,000th of a 4.250% Series A Cumulative Redeemable Preferred Stock",$15.84,0.01,0.063%,NA
ADX,Adams Diversified Equity Fund Inc.,$25.65,-0.15,-0.581%,NA
AEAQ,Activate Energy Acquisition Corp. Class A Ordinary Share,$10.09,0.01,0.099%,NA
AEAQW,Activate Energy Acquisition Corp. Warrant,$0.2902,-0.0498,-14.647%,NA
AEFC,Aegon Funding Company LLC 5.10% Subordinated Notes due 2049,$17.80,-0.10,-0.559%,NA
AESP,Aeon Acquisition I Corp. Class A Ordinary Shares,$9.98,0.01,0.10%,NA
AEXA,American Exceptionalism Acquisition Corp. A Class A Ordinary Shares,$11.20,-0.10,-0.885%,NA
AFB,AllianceBernstein National Municipal Income Fund Inc,$10.24,-0.02,-0.195%,NA
AFJK,"Aimei Health Technology Co., Ltd Ordinary Share",$12.35,0.05,0.407%,NA
AFJKR,"Aimei Health Technology Co., Ltd Right",$0.15,UNCH,--,NA
AGD,abrdn Global Dynamic Dividend Fund Common Shares of Beneficial Interest,$11.95,-0.01,-0.084%,NA
AGM^D,"Federal Agricultural Mortgage Corporation 5.700% Non-Cumulative Preferred Stock, Series D",$20.9324,-0.2076,-0.982%,NA
AGM^E,"Federal Agricultural Mortgage Corporation 5.750% Non-Cumulative Preferred Stock, Series E",$20.75,0.16,0.777%,NA
AGM^F,"Federal Agricultural Mortgage Corporation 5.250% Non-Cumulative Preferred Stock, Series F",$18.5501,0.12,0.651%,NA
AGM^G,"Federal Agricultural Mortgage Corporation 4.875% Non-Cumulative Preferred Stock, Series G",$17.38,0.1368,0.793%,NA
AGM^H,"Federal Agricultural Mortgage Corporation 6.500% Non-Cumulative Preferred Stock, Series H",$23.35,0.05,0.215%,NA
AGM^I,"Federal Agricultural Mortgage Corporation 6.875% Non-Cumulative Preferred Stock, Series I",$24.75,-0.0499,-0.201%,NA
AHL^D,Aspen Insurance Holdings Limited 5.625% Perpetual Non-Cumulative Preference Shares,$18.45,-0.07,-0.378%,NA
AHL^E,"Aspen Insurance Holdings Limited Depositary Shares, each representing a 1/1000th interest in a share of 5.625% Perpetual Non-Cumulative Preference Shares",$18.26,-0.0845,-0.461%,NA
AHL^F,"Aspen Insurance Holdings Limited Depositary Shares, each representing a 1/1,000th Interest in a 7.00% Perpetual Non-Cumulative Preference Share",$23.2801,-0.2149,-0.915%,NA
AHRT^A,"AH Realty Trust, Inc. 6.75% Series A Cumulative Redeemable Perpetual Preferred Stock",$21.3053,-0.0989,-0.462%,NA
AHT^D,Ashford Hospitality Trust Inc 8.45% Series D Cumulative Preferred Stock,$5.94,-0.26,-4.194%,NA
AHT^F,Ashford Hospitality Trust Inc 7.375% Series F Cumulative Preferred Stock,$6.095,UNCH,--,NA
AHT^G,Ashford Hospitality Trust Inc 7.375% Series G Cumulative Preferred Stock,$5.775,UNCH,--,NA
AHT^H,Ashford Hospitality Trust Inc 7.50% Series H Cumulative Preferred Stock,$5.96,0.32,5.674%,NA
AHT^I,Ashford Hospitality Trust Inc 7.50% Series I Cumulative Preferred Stock,$5.36,-0.04,-0.741%,NA
AIIA,AI Infrastructure Acquisition Corp. Class A Ordinary Shares,$10.24,-0.01,-0.098%,NA
AKO/A,Embotelladora Andina S.A.,$23.40,-0.87,-3.585%,NA
AKO/B,Embotelladora Andina S.A.,$29.40,-0.10,-0.339%,NA
ALB^A,Albemarle Corporation Depositary Shares each representing a 1/20th of 7.25% Series A Mandatory Convertible Preferred Stock,$48.24,-1.02,-2.071%,NA
ALDF,Aldel Financial II Inc. Class A Ordinary Shares,$10.82,UNCH,--,NA
ALF,Centurion Acquisition Corp. Class A Ordinary Shares,$10.89,UNCH,--,NA
ALIS,Calisa Acquisition Corp Ordinary shares,$10.34,UNCH,--,NA
ALISR,Calisa Acquisition Corp Right,$0.781,UNCH,--,NA
ALL^B,Allstate Corporation (The) 5.100% Fixed-to-Floating Rate Subordinated Debentures due 2053,$25.60,0.02,0.078%,NA
ALL^H,"Allstate Corporation (The) Depositary Shares each representing a 1/1,000th interest in a share of Fixed Rate Noncumulative Perpetual Preferred Stock, Series H",$18.51,0.03,0.162%,NA
ALL^I,"Allstate Corporation (The) Depositary Shares each representing a 1/1,000th interest in a share of Fixed Rate Noncumulative Perpetual Preferred Stock, Series I",$17.34,0.04,0.231%,NA
ALL^J,"Allstate Corporation (The) Depositary Shares each representing a 1/1,000th interest in a share of Fixed Rate Noncumulative Perpetual Preferred Stock, Series J",$25.81,UNCH,--,NA
ALOV,"Aldabra 4 Liquidity Opportunity Vehicle, Inc. Class A Ordinary Shares",$9.98,UNCH,--,NA
ALOVW,"Aldabra 4 Liquidity Opportunity Vehicle, Inc. Warrants",$0.3684,-0.0316,-7.90%,NA
ALPX,Alpex Acquisition Corporation Class A Ordinary Shares,$9.95,UNCH,--,NA
ALPXR,Alpex Acquisition Corporation Rights,$0.18,-0.0001,-0.056%,NA
ALPXU,Alpex Acquisition Corporation Unit,$10.18,0.03,0.296%,NA
ALTG^A,Alta Equipment Group Inc. Depositary Shares (each representing 1/1000th in a share of 10% Series A Cumulative Perpetual Preferred Stock),$25.88,0.05,0.194%,NA
ALUB,Alussa Energy Acquisition Corp. II Class A Ordinary Shares,$10.15,0.03,0.296%,NA
AMAC,AMR Resources Acquisition Corp Class A Ordinary Shares,$9.83,-0.0415,-0.42%,NA
AMACU,AMR Resources Acquisition Corp Units,$9.95,-0.01,-0.10%,NA
AMACW,AMR Resources Acquisition Corp Warrants,$0.26,0.02,8.333%,NA
AMAN,Amanat Acquisition Corp Class A Ordinary Shares,$10.70,UNCH,--,NA
AMH^G,American Homes 4 Rent Series G cumulative redeemable perpetual preferred shares of beneficial interest,$21.3799,-0.2602,-1.202%,NA
AMH^H,American Homes 4 Rent Series H cumulative redeemable perpetual Preferred Shares of Beneficial Interest,$22.48,-0.145,-0.641%,NA
ANG^D,"American National Group Inc. Depositary Shares, each representing a 1/1000th interest in a share of 7.375% Fixed-Rate Non-Cumulative Preferred Stock, Series D",$23.28,0.04,0.172%,NA
AOD,abrdn Total Dynamic Dividend Fund Common Shares of Beneficial Interest,$10.51,-0.01,-0.095%,NA
AOMD,"Angel Oak Mortgage REIT, Inc. 9.750% Senior Notes due 2030",$25.05,UNCH,--,NA
AOMN,"Angel Oak Mortgage REIT, Inc. 9.500% Senior Notes due 2029",$25.26,-0.015,-0.059%,NA
APAC,StoneBridge Acquisition II Corporation Class A Ordinary Shares,$10.24,-0.01,-0.098%,NA
APACR,StoneBridge Acquisition II Corporation Rights,$0.12,UNCH,--,NA
APMC,AmperCap Acquisition Company Ordinary Shares,$9.97,0.01,0.10%,NA
APUR,Aperture AC Class A Ordinary Shares,$10.0215,-0.0085,-0.085%,NA
APURR,Aperture AC Rights,$0.33,-0.04,-10.811%,NA
APXT,Apex Treasury Corporation Class A Ordinary Share,$10.14,-0.005,-0.049%,NA
APXTU,Apex Treasury Corporation Units,$10.29,UNCH,--,NA
APXTW,Apex Treasury Corporation Warrants,$0.30,UNCH,--,NA
ARCI,Archimedes Tech SPAC Partners III Co. Ordinary Share,$10.10,UNCH,--,NA
ARCL,ARC Group Acquisition I Corp Class A Ordinary Shares,$10.01,-0.015,-0.15%,NA
ARCLR,ARC Group Acquisition I Corp Right,$0.204,0.0239,13.27%,NA
ARCLW,ARC Group Acquisition I Corp Warrants,$0.0637,0.0035,5.814%,NA
ARES^B,Ares Management Corporation 6.75% Series B Mandatory Convertible Preferred Stock,$42.32,-0.03,-0.071%,NA
ARR^C,"ARMOUR Residential REIT, Inc. 7% Series C Cumulative Redeemable Preferred Stock (liquidation preference $25.00 per share)",$20.49,-0.02,-0.098%,NA
ARTC,Art Technology Acquisition Corp. Class A Ordinary Shares,$9.97,-0.03,-0.30%,NA
ARTCW,Art Technology Acquisition Corp. Warrants,$0.3201,-0.0001,-0.031%,NA
ASB^E,"Associated Banc-Corp Depositary Shares, each representing a 1/40th interest in a share of 5.875% Non-Cumulative Perpetual Preferred Stock, Series E",$19.5926,0.0426,0.218%,NA
ASB^F,"Associated Banc-Corp Depositary Shares, each representing a 1/40th interest in a share of Associated Banc-Corp 5.625% Non-Cumulative Perpetual Preferred Stock, Series F",$18.88,0.09,0.479%,NA
ASG,"Liberty All-Star Growth Fund, Inc.",$5.03,-0.01,-0.198%,NA
ASGI,abrdn Global Infrastructure Income Fund Common Shares of Beneficial Interest,$20.09,-2.12,-9.545%,NA
ASPC,A SPAC III Acquisition Corp. Class A Ordinary Shares,$11.00,0.02,0.182%,NA
ASPCR,A SPAC III Acquisition Corp. Right,$0.1075,UNCH,--,NA
ASPCU,A SPAC III Acquisition Corp. Unit,$11.99,UNCH,--,NA
ATH^A,"Athene Holding Ltd. Depositary Shares, Each Representing a 1/1,000th Interest in a 6.35% Fixed-to-Floating Rate Perpetual Non-Cumulative Preference Share, Series A",$23.82,0.06,0.253%,NA
ATH^B,"Athene Holding Ltd. Depositary Shares, Each Representing a 1/1,000th Interest in a 5.625% Fixed Rate Perpetual Non- Cumulative Preference Share, Series B, par value $1.00 per share",$18.19,-0.02,-0.11%,NA
ATH^D,"Athene Holding Ltd. Depositary Shares, Each Representing a 1/1,000th Interest in a 4.875% Fixed-Rate Perpetual Non-Cumulative Preference Share, Series D",$15.90,-0.05,-0.313%,NA
ATH^E,"Athene Holding Ltd. Depositary Shares, Each Representing a 1/1,000th Interest in a 7.750% Fixed-Rate Reset Perpetual Non-Cumulative Preference Share, Series E",$25.19,-0.08,-0.317%,NA
ATII,Archimedes Tech SPAC Partners II Co. Ordinary Shares,$10.665,0.025,0.235%,NA
ATIIW,Archimedes Tech SPAC Partners II Co. Warrant,$1.315,-0.005,-0.379%,NA
ATLQ,JAB Acquisition Corp I Class A Ordinary Shares,$9.96,-0.01,-0.10%,NA
ATLQR,JAB Acquisition Corp I Rights,$0.14,-0.01,-6.667%,NA
ATLQU,JAB Acquisition Corp I Unit,$10.135,UNCH,--,NA
ATLQW,JAB Acquisition Corp I Warrants,$0.042,-0.003,-6.667%,NA
AUB^A,"Atlantic Union Bankshares Corporation Depositary Shares each representing a 1/400th ownership interest in a share of 6.875% Perpetual Non-Cumulative Preferred Stock, Series A",$23.84,0.05,0.21%,NA
AVK,Advent Convertible and Income Fund,$12.06,-0.17,-1.39%,NA
AWF,Alliancebernstein Global High Income Fund,$9.94,-0.02,-0.201%,NA
AWP,abrdn Global Premier Properties Fund Common Shares of Beneficial Interest,$11.02,-0.13,-1.166%,NA
AXIN,Axiom Intelligence Acquisition Corp 1 Class A Ordinary Shares,$10.34,0.01,0.097%,NA
AXINR,Axiom Intelligence Acquisition Corp 1 Right,$0.341,0.0199,6.197%,NA
AXINU,Axiom Intelligence Acquisition Corp 1 Units,$10.62,-0.105,-0.979%,NA
AXS^E,"Axis Capital Holdings Limited Depositary Shares, each representing 1/100th interest in a share of a 5.50% Series E Preferred Shares",$18.28,-0.02,-0.109%,NA
BA^A,"Boeing Company (The) Depositary Shares, each representing a 1/20th interest in a share of 6.00% Series A Mandatory Convertible Preferred Stock, par value $1.00",$65.07,-0.27,-0.413%,NA
BAC^B,"Bank of America Corporation Depositary Shares, each representing a 1/1,000th interest in a share of 6.000% Non-Cumulative Preferred Stock, Series GG",$23.33,-0.19,-0.808%,NA
BAC^E,Bank of America Corporation Depositary Sh repstg 1/1000th Perp Pfd Ser E,$18.44,-0.06,-0.324%,NA
BAC^K,"Bank of America Corporation Depositary Shares, each representing a 1/1,000th interest in a share of 5.875% Non- Cumulative Preferred Stock, Series HH",$22.85,-0.09,-0.392%,NA
BAC^L,Bank of America Corporation Non Cumulative Perpetual Conv Pfd Ser L,"$1,266.29",-30.95,-2.386%,NA
BAC^M,"Bank of America Corporation Depositary Shares, each representing a 1/1,000th interest in a share of 5.375% Non-Cumulative Preferred Stock, Series KK",$19.73,-0.13,-0.655%,NA
BAC^N,"Bank of America Corporation Depositary shares, each representing 1/1,000th interest in a share of 5.000% Non-Cumulative Preferred Stock, Series LL",$18.40,-0.15,-0.809%,NA
BAC^O,"Bank of America Corporation Depositary shares, each representing 1/1,000th interest in a share of 4.375% Non-Cumulative Preferred Stock, Series NN",$16.23,-0.09,-0.551%,NA
BAC^P,"Bank of America Corporation Depositary Shares, each representing a 1/1,000th interest in a share of 4.125% Non-Cumulative Preferred Stock, Series PP",$15.50,-0.15,-0.958%,NA
BAC^Q,"Bank of America Corporation Depositary shares, each representing 1/1,000th interest in a share of 4.250% Non-Cumulative Preferred Stock, Series QQ",$15.72,-0.08,-0.506%,NA
BAC^S,"Bank of America Corporation Depositary shares, each representing 1/1,000th interest in a share of 4.750% Non-Cumulative Preferred Stock, Series SS",$17.56,-0.07,-0.397%,NA
BACC,Blue Acquisition Corp. Class A Ordinary Shares,$10.48,-0.02,-0.19%,NA
BANC^F,"Banc of California, Inc. Depositary Shares, each representing a 1/40th interest in a share of 7.75% non-cumulative perpetual preferred stock, Series F",$25.15,0.01,0.04%,NA
BBN,BlackRock Taxable Municipal Bond Trust Common Shares of Beneficial Interest,$15.16,-0.06,-0.394%,NA
BC^C,Brunswick Corporation 6.375% Notes due 2049,$23.955,-0.295,-1.216%,NA
BCCQ,Bleichroeder Acquisition Corp. III Class A Ordinary Shares,$9.98,UNCH,--,NA
BCCQU,Bleichroeder Acquisition Corp. III Units,$10.285,0.02,0.195%,NA
BCCQW,Bleichroeder Acquisition Corp. III Warrant,$1.01,-0.04,-3.81%,NA
BCSS,Bain Capital GSS Investment Corp. Class A Ordinary Shares,$10.30,0.01,0.097%,NA
BCV,"Bancroft Fund, Ltd.",$23.99,-0.53,-2.162%,NA
BCV^A,Bancroft Fund Limited 5.375% Series A Cumulative Preferred Shares,$19.6501,-0.1899,-0.957%,NA
BDCI,BTC Development Corp. Class A Ordinary Shares,$10.16,UNCH,--,NA
BEAG,Bold Eagle Acquisition Corp. Class A Ordinary Shares,$10.70,UNCH,--,NA
BEAGR,Bold Eagle Acquisition Corp. Right,$0.195,0.015,8.333%,NA
BEP^A,"Brookfield Renewable Partners L.P. 5.25% Class A Preferred Limited Partnership Units, Series 17",$16.82,-0.0699,-0.414%,NA
BF/A,Brown Forman Corporation,$26.75,0.11,0.413%,NA
BF/B,Brown Forman Corporation,$26.24,0.02,0.076%,NA
BFH^A,"Bread Financial Holdings, Inc. Depositary Shares, each representing a 1/40th interest in a share of 8.625% Non-Cumulative Perpetual Preferred Stock, Series A",$24.405,-0.065,-0.266%,NA
BFH^B,"Bread Financial Holdings, Inc. Depositary Shares, each representing a 1/40th interest in a share of 8.875% Fixed Rate Reset Non-Cumulative Perpetual Preferred Stock, Series B",$24.72,0.12,0.488%,NA
BFS^D,"Saul Centers, Inc. Depositary Shares, each representing 1/100th of a share of 6.125% Series D Cumulative Redeemable Preferred Stock",$20.18,-0.08,-0.395%,NA
BFS^E,"Saul Centers, Inc. Depositary shares, each representing a 1/100th fractional interest in a share of 6.000% Series E Cumulative Redeemable Preferred Stock",$20.21,-0.20,-0.98%,NA
BGB,Blackstone Strategic Credit 2027 Term Fund Common Shares of Beneficial Interest,$11.17,-0.05,-0.446%,NA
BGH,Barings Global Short Duration High Yield Fund Common Shares of Beneficial Interests,$13.68,-0.16,-1.156%,NA
BGT,BlackRock Floating Rate Income Trust,$10.93,-0.06,-0.546%,NA
BGX,Blackstone Long Short Credit Income Fund Common Shares,$10.62,UNCH,--,NA
BGY,Blackrock Enhanced International Dividend Trust,$5.81,-0.01,-0.172%,NA
BHAV,BHAV Acquisition Corp Class A Ordinary Shares,$10.03,UNCH,--,NA
BHK,Blackrock Core Bond Trust,$8.68,-0.07,-0.80%,NA
BHR^B,"Braemar Hotels & Resorts Inc. 5.50% Series B Cumulative Convertible Preferred Stock, par value $0.01 per share",$13.60,-0.25,-1.805%,NA
BHR^D,"Braemar Hotels & Resorts Inc. 8.25% Series D Cumulative Preferred Stock,  par value $0.01 per share",$17.55,-0.03,-0.171%,NA
BHV,BlackRock Virginia Municipal Bond Trust,$12.67,0.28,2.26%,NA
BID,Tribeca Strategic Acquisition Corp. Class A Ordinary Shares,$9.91,-0.03,-0.302%,NA
BIDWR,Tribeca Strategic Acquisition Corp. Rights,$0.13,-0.01,-7.143%,NA
BIDWU,Tribeca Strategic Acquisition Corp. Unit,$10.075,0.0251,0.25%,NA
BIII,Black Spade Acquisition III Co Class A Ordinary Shares,$10.06,UNCH,--,NA
BIO/B,"Bio-Rad Laboratories, Inc.",$365.08,UNCH,--,NA
BIP^A,"Brookfield Infrastructure Partners LP 5.125% Class A Preferred Limited Partnership Units, Series 13",$16.58,0.03,0.181%,NA
BIP^B,"Brookfield Infrastructure Partners LP 5.000% Class A Preferred Limited Partnership Units, Series 14",$16.14,-0.09,-0.555%,NA
BIT,BlackRock Multi-Sector Income Trust Common Shares of Beneficial Interest,$11.62,-0.10,-0.853%,NA
BIXI,Bitcoin Infrastructure Acquisition Corp Ltd. Class A Ordinary Shares,$10.09,-0.01,-0.099%,NA
BIXIU,Bitcoin Infrastructure Acquisition Corp Ltd. Unit ,$10.23,-0.01,-0.098%,NA
BIXIW,Bitcoin Infrastructure Acquisition Corp Ltd. Warrant,$0.375,UNCH,--,NA
BKHA,Black Hawk Acquisition Corporation Class A Ordinary Shares,$11.99,UNCH,--,NA
BKHAR,Black Hawk Acquisition Corporation Rights,$1.30,0.06,4.839%,NA
BKHAU,Black Hawk Acquisition Corporation Units,$12.00,UNCH,--,NA
BLRK,Bluerock Acquisition Corp. Class A Ordinary Shares,$10.125,0.015,0.148%,NA
BLRKU,Bluerock Acquisition Corp. Unit,$10.47,0.24,2.346%,NA
BLRKW,Bluerock Acquisition Corp. Warrants,$0.39,UNCH,--,NA
BLZR,Trailblazer Acquisition Corp. Class A Ordinary Shares,$10.225,0.0149,0.146%,NA
BLZRU,Trailblazer Acquisition Corp. Unit,$10.33,UNCH,--,NA
BML^G,"Bank of America Corporation Depositary Shares (Each representing a 1/1200th interest in a share of Floating Rate Non-Cumulative Preferred Stock , Series 1)",$18.6257,0.0376,0.202%,NA
BML^H,"Bank of America Corporation Depositary Shares (Each representing a 1/1200th interest in a Share of Floating Rate Non-Cumulative Preferred Stock, Series 2)",$18.4202,-0.0548,-0.297%,NA
BML^J,"Bank of America Corporation Depositary Shares (Each representing a 1/1200th interest in a Share of Floating Rate Non-Cumulative Preferred Stock, Series 4)",$19.56,0.09,0.462%,NA
BML^L,"Bank of America Corporation Depositary Shares (Each representing a 1/1200th Interest in a Share of Floating Rate Non-Cumulative Preferred Stock, Series 5)",$19.34,0.03,0.155%,NA
BMN,BlackRock 2037 Municipal Target Term Trust Common Shares of Beneficial Interest,$24.58,-0.0251,-0.102%,NA
BNY^K,"The Bank Of New York Mellon Corporation  Depositary Shares, each representing a 1/4,000th interest in a share of Series K Noncumulative Perpetual Preferred Stock",$24.81,UNCH,--,NA
BOE,Blackrock Enhanced Global Dividend Trust Common Shares of Beneficial Interest,$12.18,0.01,0.082%,NA
BOH^A,"Bank of Hawaii Corporation Depositary Shares Each Representing a 1/40th Interest in a Share of 4.375% Fixed Rate Non-Cumulative Perpetual Preferred Stock, Series A",$15.23,-0.02,-0.131%,NA
BOH^B,"Bank of Hawaii Corporation Depositary Shares, Each Representing a 1/40th Interest in a Share of 8.000% Fixed Rate Non-Cumulative Perpetual Preferred Stock, Series B",$25.61,0.07,0.274%,NA
BOT,"RoboStrategy, Inc. Common Stock",$26.01,-0.84,-3.128%,NA
BPAC,Blueport Acquisition Ltd Class A Ordinary Shares,$10.19,0.01,0.098%,NA
BPRE,Bluerock Private Real Estate Fund Common Shares of Beneficial Interest,$11.93,-0.22,-1.811%,NA
BREZ,Breeze Acquisition Corp. II Ordinary Shares,$10.02,UNCH,--,NA
BREZR,Breeze Acquisition Corp. II Right,$0.2799,-0.0001,-0.036%,NA
BRKH,Burtech Acquisition Corp II Class A Ordinary Shares,$9.99,-0.04,-0.399%,NA
BRKHU,Burtech Acquisition Corp II Unit,$10.09,-0.04,-0.395%,NA
BRKHW,Burtech Acquisition Corp II Warrants,$0.14,-0.01,-6.667%,NA
BRTM,B&R Technology Merger Corp. Class A Ordinary Shares,$9.85,-0.02,-0.203%,NA
BRTMU,B&R Technology Merger Corp. Units,$9.95,-0.03,-0.301%,NA
BRTMW,B&R Technology Merger Corp. Warrants,$0.311,-0.114,-26.824%,NA
BRW,Saba Capital Income & Opportunities Fund SBI,$6.27,-0.13,-2.031%,NA
BSAA,BEST SPAC I Acquisition Corp. Class A Ordinary Shares,$11.10,UNCH,--,NA
BSAAR,BEST SPAC I Acquisition Corp. Rights,$0.1012,0.0096,10.48%,NA
BSL,Blackstone Senior Floating Rate 2027 Term Fund Common Shares of Beneficial Interest,$12.93,-0.03,-0.231%,NA
BTO,John Hancock Financial Opportunities Fund Common Stock,$38.94,0.16,0.413%,NA
BTT,BlackRock Municipal 2030 Target Term Trust,$22.25,UNCH,--,NA
BUI,"BlackRock Utility, Infrastructure & Power Opportunities Trust",$26.25,-0.26,-0.981%,NA
BW^A,"Babcock & Wilcox Enterprises, Inc. 7.75% Series A Cumulative Perpetual Preferred Stock",$22.10,0.26,1.19%,NA
BWG,BrandywineGLOBAL Global Income Opportunities Fund Inc.,$7.41,-0.05,-0.67%,NA
BWIV,Blue Water Acquisition Corp. IV Class A Ordinary Shares,$9.97,0.02,0.201%,NA
BXSL,Blackstone Secured Lending Fund Common Shares of Beneficial Interest,$24.65,0.24,0.983%,NA
C^N,Citigroup Capital XIII 7.875% Fixed rate Floating Rate trust Preferred Securities (TruPS),$26.28,0.06,0.229%,NA
C^R,"Citigroup Inc. Depositary Shares, Each Representing a 1/1,000th Interest in a Share of 6.250% Noncumulative Preferred Stock, Series II",$23.60,-0.03,-0.127%,NA
CAES,"Cantor Equity Partners VII, Inc. Class A Ordinary Shares",$10.07,UNCH,--,NA
CAF,Morgan Stanley China A Share Fund Inc. Common Stock,$18.325,-0.086,-0.467%,NA
CAII,Collective Acquisition Corp. II Class A Ordinary Shares,$10.01,0.01,0.10%,NA
CAIIW,Collective Acquisition Corp. II Warrants,$0.19,-0.0089,-4.475%,NA
CAPN,Cayson Acquisition Corp Ordinary shares,$11.23,0.0499,0.446%,NA
CAQ,Cambridge Acquisition Corp. Class A Ordinary Shares,$10.03,UNCH,--,NA
CATLU,Catalyst Acquisition Corp. Units,$9.971,0.001,0.01%,NA
CCAQ,Collective Acquisition Corp. Class A Ordinary Shares,$10.70,0.02,0.187%,NA
CCAQW,Collective Acquisition Corp. Warrants,$0.25,-0.03,-10.714%,NA
CCCT,Columbus Circle Capital Corp III Class A Ordinary Shares,$9.835,-0.005,-0.051%,NA
CCCTU,Columbus Circle Capital Corp III Units,$9.93,UNCH,--,NA
CCCTW,Columbus Circle Capital Corp III Warrants,$0.37,0.01,2.778%,NA
CCD,Calamos Dynamic Convertible & Income Fund Common Stock,$23.45,-0.335,-1.408%,NA
CCID,Carlyle Credit Income Fund 7.375% Series D Term Preferred Shares due 2028,$25.00,-0.005,-0.02%,NA
CCIF,Carlyle Credit Income Fund Shares of Beneficial Interest,$2.52,-0.03,-1.176%,NA
CCII,Cohen Circle Acquisition Corp. II Class A Ordinary Shares,$10.32,0.005,0.048%,NA
CCIIW,Cohen Circle Acquisition Corp. II Warrant,$0.70,UNCH,--,NA
CCXI,Churchill Capital Corp XI Class A Ordinary Shares,$12.00,-0.32,-2.597%,NA
CCXIU,Churchill Capital Corp XI Units,$12.50,-1.29,-9.355%,NA
CCXIW,Churchill Capital Corp XI Warrants,$5.10,-0.79,-13.413%,NA
CDR^B,"Cedar Realty Trust, Inc. 7.25% Series B Cumulative Redeemable Preferred Stock",$16.30,-0.1949,-1.182%,NA
CDR^C,"Cedar Realty Trust, Inc. 6.50% Series C Cumulative Redeemable Preferred Stock",$15.348,-0.052,-0.338%,NA
CEE,"The Central and Eastern Europe Fund, Inc. (The) Common Stock",$20.03,0.03,0.15%,NA
CEPF,"Cantor Equity Partners IV, Inc. Class A Ordinary Shares",$10.365,0.01,0.097%,NA
CEPO,"Cantor Equity Partners I, Inc. Class A Ordinary Shares",$10.75,-0.005,-0.046%,NA
CEPS,"Cantor Equity Partners VI, Inc. Class A Ordinary Shares",$10.35,UNCH,--,NA
CEPV,"Cantor Equity Partners V, Inc. Class A Ordinary Shares",$10.335,-0.055,-0.529%,NA
CFG^E,"Citizens Financial Group, Inc. Depositary Shares Each Representing 1/40th Interest in a Share of 5.000% Fixed-Rate Non-Cumulative Perpetual Preferred Stock, Series E",$17.60,-0.15,-0.845%,NA
CFG^H,"Citizens Financial Group, Inc. Depositary Shares Each Representing a 1/40th Interest in a Share of 7.375% Fixed-Rate Non-Cumulative Perpetual Preferred Stock, Series H",$25.98,0.0696,0.269%,NA
CFG^I,"Citizens Financial Group, Inc. Depositary Shares, Each Representing a 1/40th Interest in a Share of 6.500% Fixed-Rate Reset Non-Cumulative Perpetual Preferred Stock, Series I",$24.82,0.03,0.121%,NA
CFND,C1 Fund Inc. Common Stock,$3.15,-0.03,-0.943%,NA
CFR^B,"Cullen/Frost Bankers, Inc. Depositary Shares, each representing a 1/40th ownership interest in a share of 4.450% non-cumulative perpetual preferred stock, Series B",$16.07,-0.03,-0.186%,NA
CFTR^A,"Cantor Fitzgerald Income Trust, Inc. 9.50% Series A Cumulative Redeemable Preferred Stock",$25.79,0.325,1.276%,NA
CGCF,Cartesian Growth Corporation IV Class A Ordinary Shares,$9.84,UNCH,--,NA
CGCFU,Cartesian Growth Corporation IV Unit,$9.91,-0.04,-0.402%,NA
CGO,Calamos Global Total Return Fund Common Stock,$12.78,-0.28,-2.144%,NA
CHAR,Charlton Aria Acquisition Corporation Class A Ordinary Shares,$10.96,-0.01,-0.091%,NA
CHEC,Chenghe Acquisition III Co. Class A Ordinary Share,$10.25,UNCH,--,NA
CHECU,Chenghe Acquisition III Co. Units,$10.25,UNCH,--,NA
CHECW,Chenghe Acquisition III Co. Warrants,$0.11,-0.0101,-8.41%,NA
CHI,Calamos Convertible Opportunities and Income Fund Common Stock,$12.17,-0.095,-0.775%,NA
CHMI^A,Cherry Hill Mortgage Investment Corporation 8.20% Series A Cumulative Redeemable Preferred Stock,$21.76,-0.19,-0.866%,NA
CHMI^B,Cherry Hill Mortgage Investment Corporation 8.250% Series B Fixed-to-Floating Rate Cumulative Redeemable Preferred Stock,$23.78,-0.09,-0.377%,NA
CHPG,ChampionsGate Acquisition Corporation Class A Ordinary Share,$10.45,-0.05,-0.476%,NA
CHPGR,ChampionsGate Acquisition Corporation Rights,$0.165,-0.0244,-12.883%,NA
CHW,Calamos Global Dynamic Income Fund Common Stock,$8.21,-0.16,-1.912%,NA
CHY,Calamos Convertible and High Income Fund Common Stock,$12.22,-0.24,-1.926%,NA
CICB,CION Investment Corporation 7.50% Notes due 2029,$25.18,0.05,0.199%,NA
CICC,CION Investment Corporation 7.50% Notes due 2031,$24.97,-0.02,-0.08%,NA
CIK,"UBS Asset Management Income Fund, Inc. Common Stock",$2.38,-0.03,-1.245%,NA
CIM^A,Chimera Investment Corporation 8.00% Series A Cumulative Redeemable Preferred Stock,$20.7525,0.0101,0.049%,NA
CIM^B,Chimera Investment Corporation 8.00% Series B Fixed-to-Floating Rate Cumulative Redeemable Preferred Stock,$23.84,0.0099,0.042%,NA
CIM^C,Chimera Investment Corporation 7.75% Series C Fixed-to-Floating Rate  Cumulative Redeemable  Preferred Stock,$22.57,-0.10,-0.441%,NA
CIM^D,Chimera Investment Corporation 8.00% Series D Fixed-to-Floating Rate Cumulative Redeemable Preferred Stock,$23.62,-0.03,-0.127%,NA
CIMO,Chimera Investment Corporation 9.250% Senior Notes due 2029,$25.28,-0.0001,0.00%,NA
CIMP,Chimera Investment Corporation 8.875% Senior Notes due 2030,$25.05,-0.02,-0.08%,NA
CLBR,Colombier Acquisition Corp. III Class A Ordinary Shares,$10.23,UNCH,--,NA
CLDT^A,Chatham Lodging Trust (REIT) 6.625% Series A Cumulative Redeemable Preferred Shares of Beneficial Interest,$20.20,0.10,0.498%,NA
CLM,"Cornerstone Strategic Investment Fund, Inc. Common Shares",$6.52,-0.06,-0.912%,NA
CMRE^B,Costamare Inc. Perpetual Preferred Stock Series B (Marshall Islands),$25.42,-0.03,-0.118%,NA
CMRE^C,Costamare Inc. Perpetual Preferred Series C (Marshall Islands),$26.69,-0.03,-0.112%,NA
CMRE^D,Costamare Inc. 8.75% Series D Cumulative Redeemable Perpetual Preferred Stock,$26.6448,0.0363,0.136%,NA
CMS^B,CMS Energy Corporation Preferred Stock,$77.385,-0.0049,-0.006%,NA
CMS^C,"CMS Energy Corporation Depositary Shares, each representing a 1/1,000th interest in a share of 4.200% Cumulative Redeemable Perpetual Preferred Stock, Series C",$16.145,-0.005,-0.031%,NA
CNO^A,"CNO Financial Group, Inc. 5.125% Subordinated Debentures due 2060",$16.40,0.03,0.183%,NA
CODI^A,Compass Diversified Holdings 7.250% Series A Preferred Shares representing beneficial interest in Compass Diversified Holdings,$19.30,-0.06,-0.31%,NA
CODI^B,Compass Diversified Holdings 7.875% Series B Fixed-to-Floating Rate Cumulative Preferred Shares representing beneficial interests in Compass Diversified Holdings,$22.24,UNCH,--,NA
CODI^C,Compass Diversified Holdings 7.875% Series C Cumulative Preferred Shares,$21.725,0.025,0.115%,NA
COF^I,"Capital One Financial Corporation Depositary shares each representing a 1/40th interest in a share of Fixed Rate Non-Cumulative Perpetual Preferred Stock, Series I of the Issuer",$17.30,-0.06,-0.346%,NA
COF^J,"Capital One Financial Corporation Depositary Shares, Each Representing a 1/40th Interest in a Share of Fixed Rate Non- Cumulative Perpetual Preferred Stock, Series J",$16.74,-0.13,-0.771%,NA
COF^K,"Capital One Financial Corporation Depositary Shares, Each Representing a 1/40th Ownership Interest in a Share of Fixed Rate Non-Cumulative Perpetual Preferred Stock, Series K",$16.11,0.06,0.374%,NA
COF^L,"Capital One Financial Corporation Depositary Shares, Each Representing a 1/40th Interest in a Share of Fixed Rate Non-Cumulative Perpetual Preferred Stock, Series L",$15.31,-0.13,-0.842%,NA
COF^N,"Capital One Financial Corporation Depositary Shares, Each Representing a 1/40th Ownership Interest in a Share of Fixed Rate Non-Cumulative Perpetual Preferred Stock, Series N",$15.1995,0.0395,0.261%,NA
COLA,Columbus Acquisition Corp Ordinary Shares,$10.76,0.15,1.414%,NA
COLAR,Columbus Acquisition Corp Rights,$0.392,-0.008,-2.00%,NA
COPL,Copley Acquisition Corp Ordinary Shares,$10.54,0.0046,0.044%,NA
CRAC,Crown Reserve Acquisition Corp. I Class A Ordinary Shares,$10.19,-0.01,-0.098%,NA
CRAN,Crane Harbor Acquisition Corp. II Class A Ordinary Shares,$10.14,UNCH,--,NA
CRANR,Crane Harbor Acquisition Corp. II Rights,$0.19,UNCH,--,NA
CRANU,Crane Harbor Acquisition Corp. II Units,$10.3378,UNCH,--,NA
CRAQ,Cal Redwood Acquisition Corp. Class A Ordinary Shares,$10.39,UNCH,--,NA
CRBD,Corebridge Financial Inc. 6.375% Junior Subordinated Notes due 2064,$20.84,-0.13,-0.62%,NA
CRD/A,Crawford & Company,$12.45,-0.03,-0.24%,NA
CRD/B,Crawford & Company,$11.74,-0.07,-0.593%,NA
CRF,"Cornerstone Total Return Fund, Inc. (The) Common Stock",$6.34,-0.03,-0.471%,NA
CTA^A,"EIDP, Inc. Preferred Stock $3.50 Series",$51.95,UNCH,--,NA
CTA^B,"EIDP, Inc. Preferred Stock $4.50 Series",$65.13,0.26,0.401%,NA
CTAA,ClearThink 1 Acquisition Corp. Class A Ordinary Shares,$9.95,UNCH,--,NA
CTGG,Qwest Corporation 6.500% Senior Notes due 2051 (denominations of $25),$16.00,0.10,0.629%,NA
CTHH,Qwest Corporation 6.750% Senior Notes due 2052 (denominations of $25),$16.61,0.225,1.373%,NA
CTO^A,"CTO Realty Growth, Inc. 6.375% Series A Cumulative Redeemable Preferred Stock",$20.14,-0.1599,-0.788%,NA
CUBWW,Lionheart Holdings Warrant,$0.22,-0.0299,-11.965%,NA
CXII,Churchill Capital Corp XII Class A Ordinary Shares,$10.78,UNCH,--,NA
CXIIW,Churchill Capital Corp XII Warrants,$2.18,UNCH,--,NA
DAAQ,Digital Asset Acquisition Corp. Class A Ordinary shares,$10.44,UNCH,--,NA
DAAQU,Digital Asset Acquisition Corp. Units,$11.76,UNCH,--,NA
DAAQW,Digital Asset Acquisition Corp. Warrant,$0.14,UNCH,--,NA
DBCA,D. Boral Acquisition I Corp. Class A Ordinary Shares,$10.03,0.01,0.10%,NA
DBCAW,D. Boral Acquisition I Corp. Warrants,$0.3699,UNCH,--,NA
DBL,DoubleLine Opportunistic Credit Fund Common Shares of Beneficial Interest,$13.97,-0.08,-0.569%,NA
DBRG^H,"DigitalBridge Group, Inc. 7.125% Series H ",$15.01,0.06,0.401%,NA
DBRG^I,"DigitalBridge Group, Inc. 7.15% Series I ",$15.07,0.025,0.166%,NA
DBRG^J,"DigitalBridge Group, Inc. 7.125% Series J ",$15.44,0.075,0.488%,NA
DCOM^,"Dime Commercial Bancshares, Inc. Preferred Stock, Series A",$16.60,-0.25,-1.484%,NA
DFP,Flaherty & Crumrine Dynamic Preferred and Income Fund Inc. Common Stock,$19.46,-0.28,-1.418%,NA
DGAC,Disciplined Growth Acquisition Corporation Class A Ordinary Shares,$10.00,UNCH,--,NA
DHF,BNY Mellon High Yield Strategies Fund Common Stock,$2.27,-0.03,-1.304%,NA
DHY,UBS Asset Management High Yield Credit Fund Common Stock,$1.65,-0.03,-1.786%,NA
DLNG^A,Dynagas LNG Partners LP 9.00% Series A Cumulative Redeemable Preferred Units,$26.31,0.01,0.038%,NA
DLR^J,"Digital Realty Trust, Inc. 5.250% Series J Cumulative Redeemable Preferred Stock",$18.73,0.03,0.16%,NA
DLR^K,"Digital Realty Trust, Inc. 5.850% Series K Cumulative Redeemable Preferred Stock, par value $0.01 per share",$21.23,0.105,0.497%,NA
DLR^L,"Digital Realty Trust, Inc. 5.200% Series L Cumulative Redeemable Preferred Stock",$18.55,0.06,0.324%,NA
DMA,Destra Multi-Alternative Fund Common Stock,$7.6597,-0.0903,-1.165%,NA
DMAA,Drugs Made In America Acquisition Corp. Ordinary Shares,$10.83,0.03,0.278%,NA
DMAAR,Drugs Made In America Acquisition Corp. Rights,$0.1274,UNCH,--,NA
DMB,"BNY Mellon Municipal Bond Infrastructure Fund, Inc. Common Stock",$10.05,-0.14,-1.374%,NA
DMII,Drugs Made In America Acquisition II Corp. Ordinary Shares,$10.18,0.0172,0.169%,NA
DMIIR,Drugs Made In America Acquisition II Corp. Right,$0.0749,-0.0051,-6.375%,NA
DMO,Western Asset Mortgage Opportunity Fund Inc. Common Stock,$9.81,-0.08,-0.809%,NA
DNMX,Dynamix Corporation III Class A Ordinary Shares,$10.07,UNCH,--,NA
DNMXU,Dynamix Corporation III Unit,$10.12,-0.04,-0.394%,NA
DNP,"DNP Select Income Fund, Inc. Common Stock",$10.26,-0.31,-2.933%,NA
DPG,Duff & Phelps Utility and Infrastructure Fund Inc.,$13.65,-0.26,-1.869%,NA
DRDB,Roman DBDR Acquisition Corp. II Ordinary shares,$10.67,UNCH,--,NA
DRDBU,Roman DBDR Acquisition Corp. II Unit,$10.72,UNCH,--,NA
DSAC,Daedalus Special Acquisition Corp. Class A Ordinary Shares,$10.17,-0.01,-0.098%,NA
DSM,"BNY Mellon Strategic Municipal Bond Fund, Inc. Common Stock",$5.50,-0.08,-1.434%,NA
DSU,"Blackrock Debt Strategies Fund, Inc. Common Stock",$9.22,-0.10,-1.073%,NA
DSX^B,Diana Shipping Inc. Perpetual Preferred Shares Series B (Marshall Islands),$27.45,0.2999,1.105%,NA
DTK,DTE Energy Company 2025 Series H 6.25% Junior Subordinated Debentures due 2085,$21.90,-0.20,-0.905%,NA
DTSQ,DT Cloud Star Acquisition Corporation Ordinary Shares,$11.4001,0.0151,0.133%,NA
DTSQR,DT Cloud Star Acquisition Corporation Right,$0.1299,0.0249,23.714%,NA
DTSQU,DT Cloud Star Acquisition Corporation Units,$11.49,UNCH,--,NA
DUK^A,"Duke Energy Corporation Depositary Shares, each representing a 1/1,000th interest in a share of 5.75% Series A Cumulative Redeemable Perpetual Preferred Stock",$23.03,-0.16,-0.69%,NA
DUKU,Duke Energy Corporation Corporate Units,$49.40,-0.51,-1.022%,NA
DX^C,"Dynex Capital, Inc. 6.900% Series C Fixed-to-Floating Rate Cumulative Redeemable Preferred Stock",$25.93,-0.019,-0.073%,NA
DXYZ,Destiny Tech100 Inc. Common Stock,$31.57,-0.54,-1.682%,NA
DYNC,Dynamix Corporation Class A Ordinary Shares,$10.9001,-0.0099,-0.091%,NA
DYOR,Insight Digital Partners II Class A Ordinary Shares,$10.13,UNCH,--,NA
EAD,Allspring Income Opportunities Fund Common Shares,$6.21,-0.05,-0.799%,NA
ECC^D,Eagle Point Credit Company 6.75% Series D Preferred Stock,$18.31,0.07,0.384%,NA
ECCU,Eagle Point Credit Company 7.75% Notes due 2030,$25.45,-0.0515,-0.202%,NA
ECF,Ellsworth Growth and Income Fund Ltd.,$12.37,-0.14,-1.119%,NA
ECF^A,Ellsworth Growth and Income Fund Ltd. 5.25% Series A Cumulative Preferred Shares (Liquidation Preference $25.00 per share),$19.24,-0.66,-3.317%,NA
EDD,"Morgan Stanley Emerging Markets Domestic Debt Fund, Inc. Common Stock",$5.73,-0.18,-3.046%,NA
EDF,Virtus Stone Harbor Emerging Markets Income Fund Common Shares of Beneficial Interest,$5.32,-0.10,-1.845%,NA
EEA,"The European Equity Fund, Inc. Common Stock",$10.76,-0.15,-1.375%,NA
EFC^B,Ellington Financial Inc. 6.250% Series B Fixed-Rate Reset Cumulative Redeemable Preferred Stock,$25.21,0.02,0.079%,NA
EFC^C,Ellington Financial Inc. 8.625% Series C Fixed-Rate Reset Cumulative Redeemable Preferred Stock,$25.70,0.1499,0.587%,NA
EFC^D,Ellington Financial Inc. 7.00% Series D Cumulative Perpetual Redeemable Preferred Stock,$23.77,-0.0013,-0.005%,NA
EFR,Eaton Vance Senior Floating-Rate Fund Common Shares of Beneficial Interest,$10.39,-0.03,-0.288%,NA
EGHA,EGH Acquisition Corp. Class A Ordinary Shares,$10.392,UNCH,--,NA
EGHAR,EGH Acquisition Corp. Rights,$0.30,-0.0199,-6.221%,NA
EHI,Western Asset Global High Income Fund Inc Common Stock,$5.57,-0.04,-0.713%,NA
EIIA,Eagle Point Institutional Income Fund 8.125% Series A Term Preferred Shares Due 2029,$25.06,-0.042,-0.167%,NA
EIM,"Eaton Vance Municipal Bond Fund Common Shares of Beneficial Interest, $.01 par value",$9.29,-0.04,-0.429%,NA
ELLA,Ellington Credit Company 8.50% Notes due 2031,$25.49,0.075,0.295%,NA
EMD,Western Asset Emerging Markets Debt Fund Inc Common Stock,$10.11,-0.06,-0.59%,NA
EMF,Templeton Emerging Markets Fund Common Stock,$22.02,-0.58,-2.566%,NA
EMIS,Emmis Acquisition Corp. Class A Ordinary Shares,$10.25,UNCH,--,NA
EMO,ClearBridge Energy Midstream Opportunity Fund Inc. Common Stock,$54.61,-0.42,-0.763%,NA
EOD,Allspring Global Dividend Opportunity Fund Common Shares of Beneficial Interest,$6.37,-0.06,-0.933%,NA
EOI,Eaton Vance Enhance Equity Income Fund Eaton Vance Enhanced Equity Income Fund Shares of Beneficial Interest,$19.71,0.02,0.102%,NA
EOS,Eaton Vance Enhance Equity Income Fund II Common Stock,$21.23,-0.06,-0.282%,NA
EP^C,El Paso Corporation Preferred Stock,$50.40,-0.0001,0.00%,NA
EPR^C,EPR Properties 5.75% Series C Cumulative Convertible Preferred Shares,$26.06,-0.47,-1.772%,NA
EPR^E,EPR Properties Series E Cumulative Conv Pfd Shs Ser E,$32.07,-0.03,-0.093%,NA
EPR^G,EPR Properties 5.750% Series G Cumulative Redeemable Preferred Shares,$19.81,0.17,0.866%,NA
EQH^A,"Equitable Holdings, Inc. Depositary Shares",$18.15,-0.08,-0.439%,NA
EQH^C,"Equitable Holdings, Inc. Depositary Shares, each representing a 1/1,000th interest in a share of Fixed Rate Noncumulative Perpetual Preferred Stock, Series C",$15.99,-0.06,-0.374%,NA
ERC,Allspring Multi-Sector Income Fund Common Stock,$8.95,-0.07,-0.776%,NA
ERH,Allspring Utilities and High Income Fund Common Shares,$10.92,-0.30,-2.674%,NA
ET^I,Energy Transfer L.P. Series I Fixed Rate Perpetual Preferred Units,$11.39,-0.05,-0.437%,NA
ETG,Eaton Vance Tax-Advantaged Global Dividend Income Fund Common Shares of Beneficial Interest,$23.20,-0.19,-0.812%,NA
ETI^,"Entergy Texas Inc 5.375% Series A Preferred Stock, Cumulative, No Par Value",$22.36,-0.92,-3.952%,NA
ETJ,Eaton Vance Risk-Managed Diversified Equity Income Fund Common Shares of Beneficial Interest,$8.32,UNCH,--,NA
ETSS,Energy Transition Special Opportunities Class A Ordinary Shares,$9.94,0.01,0.101%,NA
ETY,"Eaton Vance Tax-Managed Diversified Equity Income Fund Common Shares of Beneficial Interest,",$14.15,-0.04,-0.282%,NA
EURK,Eureka Acquisition Corp Class A Ordinary Share,$11.49,0.04,0.349%,NA
EVAC,EQV Ventures Acquisition Corp. II Class A Ordinary Shares,$10.30,UNCH,--,NA
EVG,Eaton Vance Short Diversified Income Fund Eaton Vance Short Duration Diversified Income Fund Common Shares of Beneficial Interest,$10.34,-0.07,-0.672%,NA
EVOX,Evolution Global Acquisition Corp Class A Ordinary Shares,$10.12,UNCH,--,NA
EVOXU,Evolution Global Acquisition Corp Units,$10.28,UNCH,--,NA
EVOXW,Evolution Global Acquisition Corp Warrants,$0.36,UNCH,--,NA
EVT,Eaton Vance Tax Advantaged Dividend Income Fund Common Shares of Beneficial Interest,$28.61,-0.06,-0.209%,NA
EVV,Eaton Vance Limited Duration Income Fund Common Shares of Beneficial Interest,$8.68,-0.17,-1.921%,NA
EWAV,East West Ave Acquisition Corp. Common Stock,$9.89,UNCH,--,NA
EWAVU,East West Ave Acquisition Corp. Units,$10.03,0.01,0.10%,NA
EXG,Eaton Vance Tax-Managed Global Diversified Equity Income Fund Common Shares of Beneficial Interest,$9.68,-0.02,-0.206%,NA
F^B,"Ford Motor Company 6.20% Notes due June 1, 2059",$19.88,-0.03,-0.151%,NA
F^C,"Ford Motor Company 6% Notes due December 1, 2059",$19.60,UNCH,--,NA
F^D,"Ford Motor Company 6.500% Notes due August 15, 2062",$20.81,0.01,0.048%,NA
FACT,FACT II Acquisition Corp. Class A Ordinary Shares,$10.7199,UNCH,--,NA
FACTW,FACT II Acquisition Corp. Warrant,$0.175,0.0347,24.733%,NA
FAX,"abrdn Asia-Pacific Income Fund, Inc. Common Stock",$14.03,-0.39,-2.705%,NA
FBRT^E,"Franklin BSP Realty Trust, Inc. 7.50% Series E Cumulative Redeemable Preferred Stock",$19.35,-0.06,-0.309%,NA
FCRS,FutureCrest Acquisition Corp. Class A Ordinary Shares,$10.27,UNCH,--,NA
FDMM,Freedom Metals Acquisition Corp. Class A Ordinary Shares,$9.86,UNCH,--,NA
FERA,Fifth Era Acquisition Corp I Class A Ordinary Shares,$10.52,UNCH,--,NA
FERAR,Fifth Era Acquisition Corp I Rights,$0.28,-0.0099,-3.415%,NA
FFA,First Trust Enhanced Equity Income Fund Common Shares of Beneficial Interest,$22.94,-0.07,-0.304%,NA
FFC,Flaherty & Crumrine Preferred and Income Securities Fund Incorporated,$15.41,-0.21,-1.344%,NA
FGII,FG Imperii Acquisition Corp. Class A Ordinary Shares,$10.02,UNCH,--,NA
FGIIW,FG Imperii Acquisition Corp. Warrants,$0.1628,-0.0222,-12.00%,NA
FGSN,"F&G Annuities & Life, Inc. 7.300% Junior Subordinated Notes due 2065",$20.56,-0.24,-1.154%,NA
FHN^E,"First Horizon Corporation Depositary Shares, each representing a 1/4,000th interest in a share of Non-Cumulative Perpetual Preferred Stock, Series E",$23.01,-0.1899,-0.819%,NA
FHN^F,"First Horizon Corporation Depositary Shares, each representing 1/4000th Interest in a Share of Non-Cumulative Perpetual Preferred Stock, Series F",$16.42,-0.21,-1.263%,NA
FHN^H,"First Horizon Corporation Depositary Shares each representing a 1/4,000th interest in a share of Non-Cumulative Perpetual Preferred Stock, Series H",$23.55,-0.17,-0.717%,NA
FIGX,FIGX Capital Acquisition Corp. Class A Ordinary Share,$10.33,0.01,0.097%,NA
FIGXW,FIGX Capital Acquisition Corp. Warrant,$0.16,-0.039,-19.598%,NA
FITB^A,"Fifth Third Bancorp Depositary Shares each representing 1/40th share of Fifth Third 6.00% Non-Cumulative Perpetual Class B Preferred Stock, Series A",$21.70,0.1884,0.876%,NA
FITB^I,Fifth Third Bancorp Depositary Share repstg 1/1000th Ownership Interest Perp Pfd Series I,$25.53,0.03,0.118%,NA
FITB^K,"Fifth Third Bancorp Depositary Shares each representing a 1/1000th ownership interest in a share of Non-Cumulative Perpetual Preferred Stock, Series K",$18.17,0.22,1.226%,NA
FITB^M,"Fifth Third Bancorp Depositary Shares Representing a 1/40th Ownership Interest in a Share of 6.875% Fixed-Rate Reset Non-Cumulative Perpetual Preferred Stock, Series M",$25.68,0.03,0.117%,NA
FJDIU,ARC Group Securities Acquisition I Units,$9.995,-0.01,-0.10%,NA
FLC,Flaherty & Crumrine Total Return Fund Inc Common Stock,$16.09,-0.15,-0.924%,NA
FLG^A,"Flagstar Bank, N.A. Depositary shares, each representing a 1/40th interest in a share of Fixed-to-Floating Rate Series A Noncumulative Perpetual Preferred Stock",$23.70,-0.09,-0.378%,NA
FLG^U,"Flagstar Bank, N.A. Bifurcated Option Note Unit SecuritiES",$39.82,-0.04,-0.10%,NA
FMAC,Future Money Acquisition Corporation Ordinary Shares,$10.06,UNCH,--,NA
FMACR,Future Money Acquisition Corporation Rights,$0.17,-0.02,-10.526%,NA
FMACU,Future Money Acquisition Corporation Units,$10.3082,UNCH,--,NA
FMY,First Trust Mortgage Income Fund Common Shares of Beneficial Interest,$11.41,0.06,0.529%,NA
FOUR^A,"Shift4 Payments, Inc. 6.00% Series A Mandatory Convertible Preferred Stock",$59.16,-0.25,-0.421%,NA
FPF,First Trust Intermediate Duration Preferred & Income Fund Common Shares of Beneficial Interest,$16.89,-0.14,-0.822%,NA
FRT^C,"Federal Realty Investment Trust Depositary Shares, each representing a 1/1000th interest in a 5.000% Series C Cumulative Redeemable Preferred Share",$18.52,-0.21,-1.121%,NA
FSHP,Flag Ship Acquisition Corp. Ordinary Shares,$11.545,UNCH,--,NA
FSHPR,Flag Ship Acquisition Corp. Right,$0.09,-0.0087,-8.815%,NA
FSSL,FS Specialty Lending Fund Common Shares of Beneficial Interest,$11.53,-0.08,-0.689%,NA
FTHA,Forefront Tech Holdings Acquisition Corp Class A Ordinary Shares,$9.98,UNCH,--,NA
FTRA,FutureCorp Space Acquisition 1 Class A Ordinary Shares,$9.90,UNCH,--,NA
FVAV,Fortress Value Acquisition Corp. V Class A Ordinary Shares,$10.26,0.01,0.098%,NA
FVN,Future Vision II Acquisition Corporation Ordinary shares,$10.25,-0.05,-0.485%,NA
FVNNR,Future Vision II Acquisition Corporation Right,$0.215,UNCH,--,NA
FVNNU,Future Vision II Acquisition Corporation Units,$13.50,UNCH,--,NA
FWAC,Futurewave Acquisition Corporation Ordinary Shares,$9.94,UNCH,--,NA
FWACR,Futurewave Acquisition Corporation Rights,$0.1699,UNCH,--,NA
FXAC,FortuneX Acquisition Corporation Ordinary shares,$10.08,UNCH,--,NA
FXACW,FortuneX Acquisition Corporation Warrant,$0.1601,0.0001,0.063%,NA
GAB^G,"Gabelli Equity Trust, Inc. (The) Series G Cumulative Preferred Stock",$19.03,-0.01,-0.053%,NA
GAB^H,"Gabelli Equity Trust, Inc. (The) Pfd Ser H",$18.85,-0.12,-0.633%,NA
GAB^K,"Gabelli Equity Trust, Inc. (The) 5.00% Series K Cumulative Preferred Stock",$19.04,0.04,0.211%,NA
GAING,Gladstone Investment Corporation 7.125% Notes due 2031,$25.149,-0.021,-0.083%,NA
GAINI,Gladstone Investment Corporation 7.875% Notes due 2030,$25.3798,-0.0402,-0.158%,NA
GAM^B,"General American Investors Company, Inc. Cumulative Preferred Stock",$24.0345,-0.1255,-0.519%,NA
GCGR,General Catalyst Global Resilience Merger Corp. Class A Ordinary Shares,$10.135,-0.055,-0.54%,NA
GCGRW,General Catalyst Global Resilience Merger Corp. Warrants,$0.80,UNCH,--,NA
GDL,"GDL Fund, The Common Shares of Beneficial Interest",$8.41,-0.01,-0.119%,NA
GDO,Western Asset Global Corporate Opportunity Fund Inc. Common Stock,$9.86,-0.07,-0.705%,NA
GDV^H,The Gabelli Dividend & Income Trust 5.375% Series H Cumulative Preferred Shares,$20.93,-0.0144,-0.069%,NA
GDV^K,The Gabelli Dividend & Income Trust 4.250% Series K Cumulative Preferred Shares,$16.72,-0.125,-0.742%,NA
GECCG,Great Elm Capital Corp. 7.75% Notes Due 2030,$24.85,UNCH,--,NA
GECCH,Great Elm Capital Corp. 8.125% Notes Due 2029,$25.41,0.16,0.634%,NA
GECCI,Great Elm Capital Corp. 8.50% NOTES DUE 2029,$25.50,0.05,0.196%,NA
GF,"New Germany Fund, Inc. (The) Common Stock",$11.25,-0.0164,-0.146%,NA
GGN,"GAMCO Global Gold, Natural Resources & Income Trust",$5.50,-0.06,-1.079%,NA
GGN^B,"GAMCO Global Gold, Natural Reources & Income Trust 5.00% Series B Cumulative 25.00 Liquidation Preference",$18.75,-0.02,-0.107%,NA
GGT^E,Gabelli Multi-Media Trust Inc. (The) 5.125% Series E Cumulative Preferred Stock,$20.205,0.275,1.38%,NA
GGT^G,Gabelli Multi-Media Trust Inc. (The) 5.125% Series G Cumulative Preferred Shares,$19.9701,UNCH,--,NA
GHXI,"Gores Holdings XI, Inc. Class A Ordinary Shares",$9.99,UNCH,--,NA
GHXIU,"Gores Holdings XI, Inc. Units",$10.19,0.02,0.197%,NA
GHY,"PGIM Global High Yield Fund, Inc.",$11.27,0.01,0.089%,NA
GIW,GigCapital8 Corp. Class A Ordinary Shares,$10.16,UNCH,--,NA
GIX,GigCapital9 Corp. Class A Ordinary Share,$10.04,UNCH,--,NA
GJH,Synthetic Fixed-Income Securities Inc 6.375% (STRATS) Cl A-1,$9.4732,0.0832,0.886%,NA
GJO,"Synthetic Fixed-Income Securities, Inc. on behalf of STRATS(SM) Trust for Wal-Mart Stores, Inc. Securities, Series 2004-5",$24.56,-0.06,-0.244%,NA
GJR,"Synthetic Fixed-Income Securities, Inc. STRATS Trust for Procter&Gamble Securities, Series 2006-1",$24.22,-0.50,-2.023%,NA
GL^D,Globe Life Inc. 4.25% Junior Subordinated Debentures due 2061,$14.60,0.01,0.069%,NA
GLED,GalaxyEdge Acquisition Corporation Ordinary Shares,$10.02,UNCH,--,NA
GLO,Clough Global Opportunities Fund Common Stock,$5.54,-0.08,-1.423%,NA
GLOP^A,GasLog Partners LP 8.625% Series A Cumulative Redeemable Perpetual Fixed to Floating Rate Preference Units,$25.57,0.07,0.275%,NA
GLOP^B,GasLog Partners LP 8.200% Series B Cumulative Redeemable Perpetual Fixed to Floating Rate Preference Units,$25.62,-0.0801,-0.312%,NA
GLOP^C,GasLog Partners LP 8.500% Series C Cumulative Redeemable Perpetual Fixed to Floating Rate Preference Units,$25.5999,-0.0002,-0.001%,NA
GLQ,Clough Global Equity Fund Clough Global Equity Fund Common Shares of Beneficial Interest,$7.83,-0.09,-1.136%,NA
GLU^B,The Gabelli Global Utility and Income Trust Series B Cumulative Puttable and Callable Preferred Shares,$50.735,0.135,0.267%,NA
GNL^A,"Global Net Lease, Inc. 7.25% Series A Cumulative Redeemable Preferred Stock, $0.01 par value per share",$22.40,-0.19,-0.841%,NA
GNL^B,"Global Net Lease, Inc. 6.875% Series B Cumulative Redeemable Perpetual Preferred Stock",$21.60,-0.32,-1.46%,NA
GNL^D,"Global Net Lease, Inc. 7.50% Series D Cumulative Redeemable Perpetual Preferred Stock",$22.77,-0.16,-0.698%,NA
GNL^E,"Global Net Lease, Inc. 7.375% Series E Cumulative Redeemable Perpetual Preferred Stock",$22.57,-0.085,-0.375%,NA
GNT^A,"GAMCO Natural Resources, Gold & Income Tust  5.20% Series A Cumulative Preferred Shares (Liquidation Preference $25.00 per share)",$19.21,-0.17,-0.877%,NA
GOF,Guggenheim Strategic Opportunities Fund Common Shares of Beneficial Interest,$9.02,-0.16,-1.743%,NA
GPAC,General Purpose Acquisition Corp. Class A Ordinary Shares,$10.07,0.01,0.099%,NA
GPACU,General Purpose Acquisition Corp. Units,$10.18,0.01,0.098%,NA
GPACW,General Purpose Acquisition Corp. Warrant,$0.1694,-0.1166,-40.769%,NA
GPAT,GP-Act III Acquisition Corp. Class A Ordinary Share,$10.98,0.01,0.091%,NA
GPATW,GP-Act III Acquisition Corp. Warrants,$0.1501,-0.0199,-11.706%,NA
GPMT^A,Granite Point Mortgage Trust Inc. 7.00% Series A Fixed-to-Floating Rate Cumulative Redeemable Preferred Stock,$15.51,-0.62,-3.844%,NA
GPUS^D,"Hyperscale Data, Inc. 13.00% Series D Cumulative Redeemable Perpetual Preferred Stock",$19.96,0.635,3.286%,NA
GRBK^A,"Green Brick Partners, Inc. Depositary Shares (each representing a 1/1000th fractional interest in a share of 5.75% Series A Cumulative Perpetual Preferred Stock)",$22.3455,0.2755,1.248%,NA
GRF,"Eagle Capital Growth Fund, Inc. Common Stock",$10.33,-0.09,-0.864%,NA
GS^A,"Goldman Sachs Group, Inc. (The) Depositary Shares each representing 1/1000th Interest in a Share of Floating Rate Non-Cumulative Preferred Stock Series A",$19.01,0.07,0.37%,NA
GS^C,"Goldman Sachs Group, Inc. (The) Depositary Share repstg 1/1000th Preferred Series C",$19.33,0.08,0.416%,NA
GS^D,"Goldman Sachs Group, Inc. (The) Dep Shs repstg 1/1000 Pfd Ser D Fltg",$18.62,0.02,0.108%,NA
GSHR,Gesher Acquisition Corp. II Class A Ordinary Shares,$10.55,UNCH,--,NA
GSL^B,"Global Ship Lease, Inc. Depository Shares Representing 1/100th Perpetual Preferred Series B% (Marshall Island)",$26.57,0.0675,0.255%,NA
GSRF,GSR IV Acquisition Corp. Class A ordinary share,$10.23,UNCH,--,NA
GSRV,GSR V Acquisition Corp. Class A ordinary shares,$9.90,UNCH,--,NA
GSRVR,GSR V Acquisition Corp. Rights,$1.45,-0.07,-4.605%,NA
GSRVU,GSR V Acquisition Corp. Units,$10.11,-0.54,-5.07%,NA
GTEN,"Gores Holdings X, Inc. Class A ordinary shares",$10.55,UNCH,--,NA
GTENW,"Gores Holdings X, Inc. Warrants",$0.6513,-0.1243,-16.026%,NA
GTERA,Globa Terra Acquisition Corporation Class A Ordinary Shares,$10.42,UNCH,--,NA
GTERR,Globa Terra Acquisition Corporation Rights,$0.065,UNCH,--,NA
GTERW,Globa Terra Acquisition Corporation Warrants,$0.0399,-0.0101,-20.20%,NA
GUAC,Berto Acquisition Corp. II Ordinary Shares,$9.91,UNCH,--,NA
GUG,Guggenheim Active Allocation Fund Common Shares of Beneficial Interest,$14.61,-0.39,-2.60%,NA
GUT^C,Gabelli Utility Trust (The) 5.375% Series C Cumulative Preferred Shares,$20.57,0.02,0.097%,NA
HACQ,HCM IV Acquisition Corp. Class A Ordinary Share,$10.08,UNCH,--,NA
HACQU,HCM IV Acquisition Corp. Unit,$10.15,UNCH,--,NA
HACQW,HCM IV Acquisition Corp. Warrants,$0.43,UNCH,--,NA
HAVA,Harvard Ave Acquisition Corporation Class A Ordinary Share,$10.21,UNCH,--,NA
HCAC,Hall Chadwick Acquisition Corp Class A Ordinary Shares,$10.10,UNCH,--,NA
HCACR,Hall Chadwick Acquisition Corp Rights,$0.2301,-0.0199,-7.96%,NA
HCACU,Hall Chadwick Acquisition Corp. Unit,$10.38,0.06,0.581%,NA
HCIC,Hennessy Capital Investment Corp. VIII Class A Ordinary Shares,$9.99,UNCH,--,NA
HCICR,Hennessy Capital Investment Corp. VIII Share Rights,$0.1398,0.0098,7.538%,NA
HEI/A,Heico Corporation,$227.73,-7.52,-3.197%,NA
HEQ,John Hancock Diversified Income Fund Common Shares of Beneficial Interest,$11.28,-0.03,-0.265%,NA
HERZ,"Herzfeld Credit Income Fund, Inc. Common Stock",$16.29,0.165,1.023%,NA
HFRO,Highland Opportunities and Income Fund Common Shares of Beneficial Interest,$7.27,-0.12,-1.624%,NA
HFRO^A,Highland Opportunities and Income Fund 5.375% Series A Cumulative Preferred Shares,$16.29,-0.18,-1.093%,NA
HFRO^B,Highland Opportunities and Income Fund 5.375% Series B Cumulative Preferred Shares,$16.21,-0.17,-1.038%,NA
HGLB,Highland Global Allocation Fund Common Stock,$7.24,-0.07,-0.958%,NA
HIG^G,"The Hartford Insurance Group, Inc. Depositary Shares each representing a 1/1000th interest in a share of 6.000% Non-Cumulative Preferred Stock, Series G",$23.24,-0.07,-0.30%,NA
HIO,"Western Asset High Income Opportunity Fund, Inc. Common Stock",$3.42,-0.02,-0.581%,NA
HIX,Western Asset High Income Fund II Inc. Common Stock,$3.79,-0.01,-0.263%,NA
HL^B,Hecla Mining Company Preferred Stock,$70.05,-2.94,-4.028%,NA
HLXC,Helix Acquisition Corp. III Class A Ordinary Shares,$10.80,UNCH,--,NA
HPE^C,Hewlett Packard Enterprise Company 7.625% Series C Mandatory Convertible Preferred Stock,$142.40,-16.51,-10.39%,NA
HPF,John Hancock Pfd Income Fund II Pfd Income Fund II,$14.52,-0.27,-1.826%,NA
HPI,John Hancock Preferred Income Fund Common Shares of Beneficial Interest,$14.90,-0.20,-1.325%,NA
HPP^C,"Hudson Pacific Properties, Inc. 4.750% Series C Cumulative Redeemable Preferred Stock",$14.25,0.05,0.352%,NA
HPS,John Hancock Preferred Income Fund III Preferred Income Fund III,$12.95,-0.15,-1.145%,NA
HTD,John Hancock Tax Advantaged Dividend Income Fund Common Shares of Beneficial Interest,$24.24,-0.50,-2.021%,NA
HVII,Hennessy Capital Investment Corp. VII Ordinary Shares,$10.03,-0.565,-5.333%,NA
HVIIR,Hennessy Capital Investment Corp. VII Rights,$0.3299,0.0174,5.568%,NA
HVIIU,Hennessy Capital Investment Corp. VII Unit,$10.20,-3.10,-23.308%,NA
HVMC,Highview Merger Corp. Class A Ordinary Share,$10.26,0.01,0.098%,NA
HVT/A,"Haverty Furniture Companies, Inc.",$29.15,0.54,1.887%,NA
HYI,Western Asset High Yield Opportunity Fund Inc. Common Stock,$10.16,-0.04,-0.392%,NA
HYT,"Blackrock Corporate High Yield Fund, Inc. Common Stock",$8.07,-0.06,-0.738%,NA
IACO,Idea Acquisition Corp. Class A Ordinary Shares,$10.005,0.015,0.15%,NA
IACQ,Irenic Acquisition Corp. Class A Ordinary Shares,$9.95,-0.04,-0.40%,NA
IACQW,Irenic Acquisition Corp. Warrants,$0.4001,-0.0319,-7.384%,NA
IAE,Voya Asia Pacific High Dividend Equity Income Fund ING Asia Pacific High Dividend Equity Income Fund Common Shares of Beneficial Interest,$8.78,-0.03,-0.341%,NA
IAF,"abrdn Australia Equity Fund, Inc. Common Stock",$12.90,-0.06,-0.463%,NA
IBAC,IB Acquisition Corp. Common Stock,$10.92,UNCH,--,NA
IBACR,IB Acquisition Corp. Right,$0.115,-0.0109,-8.658%,NA
ICR^A,"InPoint Commercial Real Estate Income, Inc. 6.75% Series A Cumulative Redeemable Preferred Stock",$22.9999,0.4999,2.222%,NA
IDAC,Iron Dome Acquisition I Corp. Class A Ordinary Shares,$10.00,UNCH,--,NA
IDE,"Voya Infrastructure, Industrials and Materials Fund Common Shares of Beneficial Interest",$12.49,-0.22,-1.731%,NA
IEAG,Infinite Eagle Acquisition Corp. Class A Ordinary Shares,$10.20,-0.02,-0.196%,NA
IEAGR,Infinite Eagle Acquisition Corp. Rights,$0.1603,UNCH,--,NA
IFN,"Aberdeen India Fund, Inc. Common Stock",$11.14,-0.01,-0.09%,NA
IGA,Voya Global Advantage and Premium Opportunity Fund Common Shares of Beneficial Interest,$10.50,0.08,0.768%,NA
IGAC,Invest Green Acquisition Corporation Class A Ordinary Shares,$10.07,0.02,0.199%,NA
IGD,Voya Global Equity Dividend and Premium Opportunity Fund,$6.33,UNCH,--,NA
IGI,Western Asset Investment Grade Opportunity Trust Inc. Common Stock,$15.32,-0.35,-2.234%,NA
IGR,CBRE Global Real Estate Income Fund Common Shares of Beneficial Interest,$12.60,-0.03,-0.238%,NA
IHD,Voya Emerging Markets High Income Dividend Equity Fund Common Shares,$7.50,-0.17,-2.216%,NA
IIF,"Morgan Stanley India Investment Fund, Inc. Common Stock",$22.39,-0.03,-0.134%,NA
IIPR^A,"Innovative Industrial Properties, Inc. 9.00% Series A Cumulative Redeemable Preferred Stock",$24.94,-0.08,-0.32%,NA
ILLUW,Illumination Acquisition Corp I Warrant,$0.37,0.0201,5.744%,NA
INAC,Indigo Acquisition Corp. Ordinary Shares,$10.35,0.0061,0.059%,NA
INN^E,"Summit Hotel Properties, Inc. 6.250% Series E Cumulative Redeemable Preferred Stock",$17.53,-0.0299,-0.17%,NA
INN^F,"Summit Hotel Properties, Inc. 5.875% Series F Cumulative Redeemable Preferred Stock, $0.01 par value per share",$16.78,-0.14,-0.827%,NA
IPEX,Inflection Point Acquisition Corp. V Class A Ordinary Shares,$8.58,0.48,5.926%,NA
IPEXR,Inflection Point Acquisition Corp. V Rights,$0.56,0.06,12.00%,NA
IPEXU,Inflection Point Acquisition Corp. V Units,$8.10,UNCH,--,NA
IPFX,Inflection Point Acquisition Corp. VI Class A Ordinary Shares,$10.04,-0.01,-0.10%,NA
IPFXW,Inflection Point Acquisition Corp. VI Warrant,$0.99,-0.05,-4.808%,NA
IPHXU,Inflection Point Acquisition Corp. VIII Unit,$10.08,-0.02,-0.198%,NA
IPVV,"InterPrivate Investment Partners V, Inc. Class A Ordinary Shares",$9.84,UNCH,--,NA
IPXG,Inflection Point Acquisition Corp. VII Class A Ordinary Shares,$10.04,-0.0197,-0.196%,NA
IPXGW,Inflection Point Acquisition Corp. VII Warrant,$0.70,-0.05,-6.667%,NA
IRAB,Iris Acquisition Corp II Class A Ordinary Shares,$10.08,0.08,0.80%,NA
IRHO,Iron Horse Acquisitions II Corp. Common Stock,$10.07,0.01,0.099%,NA
IRHOR,Iron Horse Acquisitions Corp. II Rights,$0.16,-0.0082,-4.875%,NA
IRHOU,Iron Horse Acquisitions II Corp. Units,$10.16,-0.0899,-0.877%,NA
ISD,"PGIM High Yield Bond Fund, Inc.",$12.00,-0.11,-0.908%,NA
ISNR,Snow Rothschild Acquisition Corp. Class A Ordinary Shares,$9.91,0.0999,1.018%,NA
ISNRU,Snow Rothschild Acquisition Corp. Units,$9.97,UNCH,--,NA
ISNRW,Snow Rothschild Acquisition Corp. Warrants,$0.235,0.0347,17.324%,NA
ITHA,ITHAX Acquisition Corp III Class A Ordinary Shares,$10.06,0.01,0.10%,NA
ITHAW,ITHAX Acquisition Corp III Warrants,$0.15,-0.025,-14.286%,NA
IVR^C,"INVESCO MORTGAGE CAPITAL INC 7.5% Fixed-to-Floating Series C Cumulative Redeemable Preferred Stock, Liquation Preference $25.00 per Share",$24.10,-0.399,-1.629%,NA
IZM,ICZOOM Group Inc. Class A Ordinary Shares,$0.2195,0.0046,2.141%,NA
JACS,Jackson Acquisition Company II Class A Ordinary Shares,$10.76,UNCH,--,NA
JATT,JATT II Acquisition Corp Ordinary Shares,$12.16,-0.09,-0.735%,NA
JBK,Lehman ABS 3.50 3.50% Adjustable Corp Backed Tr Certs GS Cap I,$25.32,UNCH,--,NA
JCE,Nuveen Core Equity Alpha Fund Common Shares of Beneficial Interest,$17.01,0.16,0.95%,NA
JENA,Jena Acquisition Corporation II Class A Ordinary Shares,$10.48,UNCH,--,NA
JFR,Nuveen Floating Rate Income Fund Common Stock,$7.53,-0.07,-0.921%,NA
JGH,Nuveen Global High Income Fund Common Shares of Beneficial Interest,$12.19,-0.01,-0.082%,NA
JLS,Nuveen Mortgage and Income Fund,$16.595,-0.225,-1.338%,NA
JMM,Nuveen Multi-Market Income Fund (MA),$5.59,-0.09,-1.585%,NA
JOF,Japan Smaller Capitalization Fund Inc Common Stock,$12.42,-0.14,-1.115%,NA
JONE,Jones Ventures INTL Acquisition1 Corp Class A Ordinary Shares,$9.82,UNCH,--,NA
JONER,Jones Ventures INTL Acquisition1 Corp Rights,$0.15,-0.01,-6.25%,NA
JONEU,Jones Ventures INTL Acquisition1 Corp Units,$10.00,UNCH,--,NA
JPC,Nuveen Preferred & Income Opportunities Fund,$7.07,-0.08,-1.119%,NA
JPM^C,"J P Morgan Chase & Co Depositary Shares, each representing a 1/400th interest in a share of 6.00% Non-Cumulative  Preferred Stock, Series EE",$23.98,-0.17,-0.704%,NA
JPM^D,"J P Morgan Chase & Co Depositary Shares, each representing a 1/400th  interest in a share of 5.75% Non-Cumulative  Preferred Stock, Series DD",$22.52,-0.10,-0.442%,NA
JPM^J,"J P Morgan Chase & Co Depositary Shares, each representing a 1/400th interest in a share of JPMorgan Chase & Co. 4.75% Non-Cumulative Preferred Stock, Series GG",$18.00,-0.07,-0.387%,NA
JPM^K,"J P Morgan Chase & Co Depositary Shares, each representing a 1/400th interest in a share of 4.55% Non-Cumulative Preferred Stock, Series JJ",$17.29,-0.05,-0.288%,NA
JPM^L,"J P Morgan Chase & Co Depositary Shares, each representing a 1/400th interest in a share of 4.625% Non-Cumulative Preferred Stock, Series LL",$17.56,-0.06,-0.341%,NA
JPM^M,"J P Morgan Chase & Co Depositary Shares, each representing a 1/400th interest in a share of 4.20% Non-Cumulative Preferred Stock, Series MM",$16.26,-0.14,-0.854%,NA
JQC,Nuveen Credit Strategies Income Fund Shares of Beneficial Interest,$4.70,-0.01,-0.212%,NA
JRI,Nuveen Real Asset Income and Growth Fund Common Shares of Beneficial Interest,$11.96,-0.05,-0.416%,NA
JRS,Nuveen Real Estate Income Fund Common Shares of Beneficial Interest,$8.02,-0.04,-0.496%,NA
JTTT,JATT III Acquisition Corp Ordinary Shares,$11.00,UNCH,--,NA
JXN^A,"Jackson Financial Inc. Depositary Shares, each representing a 1/1,000th interest in a share of Fixed-Rate Reset Noncumulative Perpetual Preferred Stock, Series A",$25.88,0.14,0.544%,NA
KBON,Karbon Capital Partners Corp. Class A Ordinary Shares,$10.10,UNCH,--,NA
KBONU,Karbon Capital Partners Corp. Units,$10.30,UNCH,--,NA
KCHV,Kochav Defense Acquisition Corp. Class A Ordinary Shares,$10.45,UNCH,--,NA
KCHVU,Kochav Defense Acquisition Corp. Units,$10.52,UNCH,--,NA
KEY^I,"KeyCorp Depositary Shares Each Representing a 1/40th Ownership Interest in a Share of Fixed-to-Floating Rate Perpetual Non-Cumulative Preferred Stock, Series E",$24.97,0.009,0.036%,NA
KEY^J,"KeyCorp Depositary Shares each representing a 1/40th ownership interest in a share of Fixed Rate Perpetual Non-Cumulative Preferred Stock, Series F",$20.36,-0.17,-0.828%,NA
KEY^K,"KeyCorp Depositary Shares, each representing a 1/40th ownership interest in a share of Fixed Rate Perpetual Non-Cumulative Preferred Stock, Series G",$20.21,-0.07,-0.345%,NA
KEY^L,"KeyCorp Depositary Shares each representing a 1/40th ownership interest in a share of Fixed Rate Perpetual Non-Cumulative Preferred Stock, Series H",$24.97,UNCH,--,NA
KEYY,Keystone Acquisition Corp. Class A Ordinary Shares,$9.91,0.01,0.101%,NA
KEYYW,Keystone Acquisition Corp. Warrants,$0.381,0.0027,0.714%,NA
KF,"Korea Fund, Inc. (The) New Common Stock",$63.71,-4.27,-6.281%,NA
KFII,K&F Growth Acquisition Corp. II Class A Ordinary shares,$10.66,0.01,0.094%,NA
KFIIR,K&F Growth Acquisition Corp. II Rights,$0.10,0.01,11.111%,NA
KIM^L,"Kimco Realty Corporation Class L Depositary Shares, each of which represents a one-one thousandth fractional interest in a share of 5.125% Class L Cumulative Redeemable Preferred Stock, liquidation preference $25,000.00 per share",$19.94,0.14,0.707%,NA
KIM^M,"Kimco Realty Corporation Class M Depositary Shares, each of which represents a one-one thousandth fractional interest in a share of 5.25% Class M Cumulative Redeemable Preferred Stock, liquidation preference $25,000.00 per share",$20.16,0.04,0.199%,NA
KIM^N,"Kimco Realty Corporation Depositary Shares, each representing 1/1,000th interest in a share of 7.25% Class N Cumulative Convertible Perpetual Preferred Stock",$60.75,UNCH,--,NA
KIO,KKR Income Opportunities Fund Common Shares,$10.85,-0.10,-0.913%,NA
KKR^D,KKR & Co. Inc. 6.25% Series D Mandatory Convertible Preferred Stock,$45.34,0.30,0.666%,NA
KKRT,KKR & Co. Inc. 6.875% Subordinated Notes due 2065,$22.65,-0.35,-1.522%,NA
KOYN,CSLM Digital Asset Acquisition Corp III Class A Ordinary Shares,$10.235,0.005,0.049%,NA
KPET,KPET Ultra Paceline Corporation Class A Ordinary Shares,$9.98,UNCH,--,NA
KRAQ,KRAKacquisition Corp Class A Ordinary Shares,$10.03,-0.0091,-0.091%,NA
KRAQU,KRAKacquisition Corp Unit,$10.1201,-0.0099,-0.098%,NA
KRAQW,KRAKacquisition Corp Warrants,$0.40,UNCH,--,NA
KREF^A,KKR Real Estate Finance Trust Inc. 6.50% Series A Cumulative Redeemable Preferred Stock,$18.05,0.19,1.064%,NA
KRSP,Rice Acquisition Corporation 3 Class A Ordinary Shares,$10.53,-0.05,-0.473%,NA
KTH,Structures Products Cp 8% CorTS Issued by Peco Energy Cap Tr II Preferred Stock,$28.37,UNCH,--,NA
KTN,Structured Products Corp 8.205% CorTS 8.205% Corporate Backed Trust Securities (CorTS),$25.54,-0.03,-0.117%,NA
LAFA,LaFayette Acquisition Corp. Ordinary Share,$10.16,UNCH,--,NA
LAFAR,LaFayette Acquisition Corp. Rights,$0.08,UNCH,--,NA
LATA,Galata Acquisition Corp. II Class A Ordinary Shares,$10.19,UNCH,--,NA
LATAU,Galata Acquisition Corp. II Units,$10.30,UNCH,--,NA
LCCC,Lakeshore Acquisition III Corp. Ordinary Shares,$10.52,-0.01,-0.095%,NA
LDP,"Cohen & Steers Limited Duration Preferred and Income Fund, Inc.",$19.76,-0.19,-0.952%,NA
LFAC,Leapfrog Acquisition Corporation Class A Ordinary Shares,$10.07,UNCH,--,NA
LFACW,Leapfrog Acquisition Corporation Warrants,$0.28,-0.0101,-3.482%,NA
LFT^A,"Lument Finance Trust, Inc. 7.875% Series A Cumulative Redeemable Preferred Stock",$16.80,0.26,1.572%,NA
LGI,Lazard Global Total Return and Income Fund Common Stock,$17.34,-0.13,-0.744%,NA
LKSP,Lake Superior Acquisition Corp. Class A Ordinary Shares,$10.23,0.01,0.098%,NA
LNC^D,"Lincoln National Corporation Depositary Shares Each Representing a 1/1,000th Interest in a Share of 9.000% Non-Cumulative Preferred Stock, Series D",$26.08,0.01,0.038%,NA
LOB^A,"Live Oak Bancshares, Inc. Depositary Shares, Each Representing a 1/40th Interest in a Share of 8.375% Fixed Rate Series A Non-Cumulative Perpetual Preferred Stock",$25.11,-0.14,-0.554%,NA
LPAA,Launch One Acquisition Corp. Class A Ordinary shares,$10.76,UNCH,--,NA
LPBB,Launch Two Acquisition Corp. Class A Ordinary Shares,$10.81,-0.01,-0.092%,NA
LPBBW,Launch Two Acquisition Corp. Warrant,$0.20,-0.02,-9.091%,NA
LPCV,Launchpad Cadenza Acquisition Corp I Class A Ordinary Share,$10.065,0.025,0.249%,NA
LPCVU,Launchpad Cadenza Acquisition Corp I Unit,$10.1201,0.0201,0.199%,NA
LPCVW,Launchpad Cadenza Acquisition Corp I Warrant,$0.3201,-0.0099,-3.00%,NA
LTGR,Long Table Growth Corp. Class A Ordinary Shares,$9.94,-0.025,-0.251%,NA
LTGRW,Long Table Growth Corp. Warrants,$0.2717,-0.0039,-1.415%,NA
LWAC,LightWave Acquisition Corp. Class A Ordinary Shares,$10.32,UNCH,--,NA
LWACU,LightWave Acquisition Corp. Units,$10.36,UNCH,--,NA
LWACW,LightWave Acquisition Corp. Warrants,$0.1892,UNCH,--,NA
LXP^C,LXP Industrial Trust 6.5% Series C Cumulative Convertible Preferred Stock,$49.25,-0.05,-0.101%,NA
MAA^I,"Mid-America Apartment Communities, Inc. 8.50% Series I Cumulative Redeemable Preferred Stock",$51.05,-0.05,-0.098%,NA
MACI,Melar Acquisition Corp. I Class A Ordinary Shares,$11.02,0.02,0.182%,NA
MBVI,M3-Brigade Acquisition VI Corp. Class A Ordinary Shares,$10.2499,0.0099,0.097%,NA
MCAH,Mountain Crest Acquisition 6 Corp. Ordinary Shares,$10.02,0.005,0.05%,NA
MCGA,Yorkville Acquisition Corp. Class A Ordinary Share,$10.35,-0.0005,-0.005%,NA
MCGAU,Yorkville Acquisition Corp. Unit,$10.335,-0.075,-0.72%,NA
MCGAW,Yorkville Acquisition Corp. Warrant,$0.30,-0.0401,-11.791%,NA
MCN,XAI Madison Equity Premium Income Fund Common Shares,$5.55,-0.05,-0.893%,NA
MEGI,NYLIM CBRE Global Infrastructure Megatrends Term Fund Common Shares,$14.23,-0.34,-2.334%,NA
MER^K,"Bank of America Corporation Income Capital Obligation Notes initially due December 15, 2066",$24.085,-0.485,-1.974%,NA
MESH,Meshflow Acquisition Corp. Class A Ordinary Shares,$10.08,UNCH,--,NA
MESHW,Meshflow Acquisition Corp. Warrants,$0.30,-0.0381,-11.269%,NA
MET^A,"MetLife, Inc. Preferred Series A Floating Rate",$20.70,UNCH,--,NA
MET^E,"MetLife, Inc. Depositary Shares ",$20.17,-0.09,-0.444%,NA
MET^F,"MetLife, Inc. Depositary Shares, each representing a 1/1,000th interest in a share of 4.75% Non-Cumulative Preferred Stock, Series F",$17.25,-0.06,-0.347%,NA
METCI,"Ramaco Resources, Inc. 8.250% Senior Notes due 2030",$25.37,-0.0249,-0.098%,NA
METCZ,"Ramaco Resources, Inc. 8.375% Senior Notes due 2029",$25.50,UNCH,--,NA
MEVO,M Evo Global Acquisition Corp II Class A Ordinary Shares,$10.05,0.03,0.299%,NA
MFA^B,"MFA Financial, Inc. Preferred Series B",$19.89,-0.0403,-0.202%,NA
MFA^C,"MFA Financial, Inc. 6.50% Series C Fixed-to-Floating Rate Cumulative Redeemable Preferred Stock",$22.67,UNCH,--,NA
MHF,"Western Asset Municipal High Income Fund, Inc. Common Stock",$6.48,-0.05,-0.766%,NA
MIAC,Meridian3 Industrials Acquisition Corp Class A Ordinary Shares,$9.84,0.01,0.102%,NA
MIACW,Meridian3 Industrials Acquisition Corp Warrant,$0.39,0.0499,14.672%,NA
MITT^A,"TPG Mortgage Investment Trust, Inc. 8.25% Series A Cumulative Redeemable Preferred Stock",$21.54,-0.035,-0.162%,NA
MITT^B,"TPG Mortgage Investment Trust, Inc. 8.00% Series B Cumulative Redeemable Preferred Stock",$20.05,0.01,0.05%,NA
MITT^C,"TPG Mortgage Investment Trust, Inc. 8.00% Series C Fixed-to-Floating Rate Cumulative Redeemable Preferred Stock, $0.01 par value per share",$24.80,-0.16,-0.641%,NA
MKLY,McKinley Acquisition Corporation Class A Ordinary Shares,$10.255,0.005,0.049%,NA
MKLYR,McKinley Acquisition Corporation Rights,$0.2532,-0.0119,-4.489%,NA
MLAA,Mountain Lake Acquisition Corp. II Class A Ordinary Shares,$10.02,0.01,0.10%,NA
MLCIL,Mount Logan Capital Inc. 8.00% Notes Due 2031,$22.30,-0.1501,-0.669%,NA
MMD,NYLIM MacKay DefinedTerm Muni Opportunities Fund Common Shares,$14.41,-0.11,-0.758%,NA
MMTX,Miluna Acquisition Corp Class A Ordinary Share,$10.18,UNCH,--,NA
MMU,"Western Asset Managed Municipals Fund, Inc. Common Stock",$9.53,-0.10,-1.038%,NA
MPA,Blackrock MuniYield Pennsylvania Quality Fund Common Stock,$10.33,-0.07,-0.673%,NA
MPU,Mega Matrix Inc. Class A Ordinary Shares,$0.1934,-0.0036,-1.827%,NA
MRCO,Mercator Acquisition Corp. Class A Ordinary Shares,$9.88,-0.01,-0.101%,NA
MRCOW,Mercator Acquisition Corp. Warrant,$0.31,-0.01,-3.125%,NA
MS^A,Morgan Stanley Dep Shs repstg 1/1000 Pfd Ser A,$18.77,0.03,0.16%,NA
MS^E,Morgan Stanley DEPOSITARY SHARES REP 1/1000TH SHARES FIXED/FLTG PREFERRED STOCK SERIES E,$25.40,0.01,0.039%,NA
MS^F,Morgan Stanley Dep Shs Rpstg 1/1000th Int Prd Ser F Fxd to Flag,$25.27,0.03,0.119%,NA
MS^I,Morgan Stanley Depository Shares Representing 1/1000th Preferred Series 1 Fixed to Floating Non (Cum),$24.04,-0.13,-0.538%,NA
MS^K,"Morgan Stanley Depositary Shares, each representing 1/1,000th of a share of Fixed-to-Floating Rate Non-Cumulative Preferred Stock,  Series K",$21.91,-0.07,-0.318%,NA
MS^L,"Morgan Stanley Depositary Shares, each representing 1/1,000th of a share of 4.875% Non-Cumulative Preferred Stock, Series L",$18.37,-0.04,-0.217%,NA
MS^O,"Morgan Stanley Depositary Shares, each representing 1/1,000th of a share of 4.250% Non-Cumulative Preferred Stock, Series O",$16.10,-0.07,-0.433%,NA
MS^P,"Morgan Stanley Depositary Shares, each representing 1/1,000th of a share of 6.500% Non-Cumulative Preferred Stock, Series P",$24.75,-0.03,-0.121%,NA
MS^Q,"Morgan Stanley Depositary Shares, each representing 1/1,000th of a share of 6.625% Non-Cumulative Preferred Stock, Series Q",$25.13,0.0185,0.074%,NA
MSD,"Morgan Stanley Emerging Markets Debt Fund, Inc. Common Stock",$7.09,-0.08,-1.116%,NA
MSDL,Morgan Stanley Direct Lending Fund Common Stock,$14.71,UNCH,--,NA
MTAKU,Market Technology Acquisition Corp Unit,$10.00,0.06,0.604%,NA
MTB^H,"M&T Bank Corporation Perpetual Fixed-to-Floating Rate Non-Cumulative Preferred Stock, Series H",$25.00,0.02,0.08%,NA
MTB^J,"M&T Bank Corporation Depositary Shares each representing a 1/400th ownership interest in a share of Perpetual 7.500% Non-Cumulative Preferred Stock, Series J",$25.50,-0.07,-0.274%,NA
MTB^K,"M&T Bank Corporation Depositary Shares each representing a 1/400th interest in a share of Perpetual 6.350% Non-Cumulative Preferred Stock, Series K",$23.30,-0.03,-0.129%,NA
MTB^L,"M&T Bank Corporation Depositary Shares each representing a 1/400th ownership interest in a share of Perpetual 6.625% Non-Cumulative Preferred Stock, Series L",$24.42,-0.13,-0.53%,NA
MTNE,CH4 Natural Solutions Corporation Class A Ordinary Shares,$9.91,0.01,0.101%,NA
MUZE,Muzero Acquisition Corp Class A Ordinary Shares,$10.01,0.01,0.10%,NA
MUZEW,Muzero Acquisition Corp Warrant,$0.24,-0.0095,-3.808%,NA
MXE,"Mexico Equity and Income Fund, Inc. (The) Common Stock",$13.3226,UNCH,--,NA
MXF,"Mexico Fund, Inc. (The) Common Stock",$21.32,UNCH,--,NA
MYN,"Blackrock MuniYield New York Quality Fund, Inc.Common Stock",$9.21,-0.03,-0.325%,NA
MYX,Maywood Acquisition Corp. 2 Class A Ordinary Share,$9.99,UNCH,--,NA
MYXXR,Maywood Acquisition Corp. 2 Rights,$0.207,UNCH,--,NA
MZYX,MOZAYYX Acquisition Corp. Class A Ordinary Shares,$10.00,-0.01,-0.10%,NA
NAC,Nuveen California Quality Municipal Income Fund,$10.89,-0.18,-1.626%,NA
NAD,Nuveen Quality Municipal Income Fund Common Stock,$10.94,-0.08,-0.726%,NA
NAZ,Nuveen Arizona Quality Municipal Income Fund Common Stock,$11.825,-0.065,-0.547%,NA
NBB,Nuveen Taxable Municipal Income Fund Common Shares of Beneficial Interest,$15.06,-0.10,-0.66%,NA
NBH,Neuberger Municipal Fund Inc. Common Stock,$9.70,-0.05,-0.513%,NA
NBRG,Newbridge Acquisition Limited Class A Ordinary Share,$10.09,UNCH,--,NA
NBRGR,Newbridge Acquisition Limited Rights,$0.23,UNCH,--,NA
NBXG,Neuberger Next Generation Connectivity Fund Inc. Common Stock,$15.31,-0.11,-0.713%,NA
NCA,Nuveen California Municipal Value Fund,$8.81,-0.065,-0.732%,NA
NCO,Southern Cross Acquisition I Corp. Ordinary Shares,$9.91,UNCH,--,NA
NCOOR,Southern Cross Acquisition I Corp. Rights,$0.185,0.005,2.778%,NA
NCOOU,Southern Cross Acquisition I Corp. Units,$10.15,0.02,0.197%,NA
NCOOW,Southern Cross Acquisition I Corp. Warrants,$0.0306,-0.0094,-23.50%,NA
NCV^A,Virtus Convertible & Income Fund 5.625% Series A Cumulative Preferred Shares,$19.74,-0.01,-0.051%,NA
NCZ^A,Virtus Convertible & Income Fund II 5.50% Series A Cumulative Preferred Shares,$19.25,0.05,0.26%,NA
NEA,Nuveen AMT-Free Quality Municipal Income Fund Common Shares of Beneficial Interest Par Value $.01,$10.73,-0.12,-1.106%,NA
NEE^N,"NextEra Energy Capital Holdings Inc. Series N Junior Subordinated Debentures due March 1, 2079",$19.73,-0.11,-0.554%,NA
NEE^S,"NextEra Energy, Inc. 7.299% Corporate Units",$50.69,-0.33,-0.647%,NA
NEE^T,"NextEra Energy, Inc. 7.234% Corporate Units",$47.4405,-0.3995,-0.835%,NA
NEE^U,"NextEra Energy, Inc. Series U Junior Subordinated Debentures due June 1, 2085",$22.56,-0.12,-0.529%,NA
NEE^V,"NextEra Energy, Inc. 7.375% Corporate Units",$45.07,-0.28,-0.617%,NA
NEE^W,"NextEra Energy Capital Holdings Inc. Series Z Junior Subordinated Debentures due April 15, 2086",$23.01,0.05,0.218%,NA
NEWTH,"NewtekOne, Inc. 8.625% Fixed Rate Senior Notes due 2029",$25.18,-0.045,-0.178%,NA
NEWTO,"NewtekOne, Inc. 8.50% Fixed Rate Senior Notes due 2031",$25.995,UNCH,--,NA
NFJ,"Virtus Dividend, Interest & Premium Strategy Fund Common Shares of Beneficial Interest",$15.27,-0.43,-2.739%,NA
NGL^B,NGL ENERGY PARTNERS LP 9.00% Class B Fixed-to-Floating Rate Cumulative Redeemable Perpetual Preferred Units representing limited partnership interests,$25.80,-0.041,-0.159%,NA
NGL^C,NGL ENERGY PARTNERS LP 9.625% Class C Fixed-to-Floating Rate Cumulative  Redeemable Perpetual Preferred Units representing  limited partner interests,$25.71,UNCH,--,NA
NHIC,NewHold Investment Corp III Class A Ordinary Shares,$10.64,UNCH,--,NA
NHICU,NewHold Investment Corp III Units,$11.04,-0.43,-3.749%,NA
NHICW,NewHold Investment Corp III Warrants,$1.30,UNCH,--,NA
NHIV,NewHold Investment Corp IV Class A Ordinary Shares,$10.05,-0.0001,-0.001%,NA
NHS,Neuberger High Yield Strategies Fund Inc. Common Stock,$5.79,-0.06,-1.026%,NA
NIM,Nuveen Select Maturities Municipal Fund Common Stock,$8.96,-0.06,-0.665%,NA
NKX,Nuveen California AMT-Free Quality Municipal Income Fund,$11.57,-0.15,-1.28%,NA
NLY^F,Annaly Capital Management Inc 6.95% Series F,$25.20,-0.04,-0.158%,NA
NLY^G,Annaly Capital Management Inc 6.50% Series G Fixed-to-Floating Rate Cumulative Redeemable Preferred Stock,$25.16,-0.02,-0.079%,NA
NLY^I,Annaly Capital Management Inc 6.750% Series I Fixed-to-Floating Rate Cumulative Redeemable Preferred Stock,$24.94,0.01,0.04%,NA
NLY^J,Annaly Capital Management Inc. 8.875% Series J Fixed-Rate Cumulative Redeemable Preferred Stock,$25.85,0.03,0.116%,NA
NMAI,Nuveen Multi-Asset Income Fund Common Shares of Beneficial Interest,$14.41,-0.04,-0.277%,NA
NMI,"Nuveen Municipal Income Fund, Inc. Common Stock",$9.95,-0.03,-0.301%,NA
NML,Neuberger Energy Infrastructure and Income Fund Inc. Common Stock,$10.81,0.17,1.598%,NA
NMP,NMP Acquisition Corp. Class A Ordinary Shares,$10.36,-0.0001,-0.001%,NA
NMPAR,NMP Acquisition Corp. Right,$0.2589,-0.0011,-0.423%,NA
NMS,Nuveen Minnesota Quality Municipal Income Fund ,$10.55,0.055,0.524%,NA
NMT,Nuveen Massachusetts Quality Municipal Income Fund Common Stock,$11.24,-0.29,-2.515%,NA
NMZ,"Nuveen Municipal High Income Opportunity Fund Common Stock, $0.01 par value, per share",$9.46,-0.14,-1.458%,NA
NNY,Nuveen New York Municipal Value Fund Common Stock,$7.93,-0.01,-0.126%,NA
NOEM,CO2 Energy Transition Corp. Common Stock,$10.69,UNCH,--,NA
NOEMR,CO2 Energy Transition Corp. Right,$0.17,-0.01,-5.556%,NA
NOEMW,CO2 Energy Transition Corp. Warrant,$0.12,-0.03,-20.00%,NA
NPAC,New Providence Acquisition Corp. III Class A Ordinary Shares,$10.48,UNCH,--,NA
NPACU,New Providence Acquisition Corp. III Units,$10.59,UNCH,--,NA
NPACW,New Providence Acquisition Corp. III Warrants,$0.26,UNCH,--,NA
NPCT,Nuveen Core Plus Impact Fund Common Shares of Beneficial Interest,$9.67,-0.05,-0.514%,NA
NPFD,Nuveen Variable Rate Preferred & Income Fund Common Shares,$18.05,-0.19,-1.042%,NA
NPV,Nuveen Virginia Quality Municipal Income Fund Common Stock,$9.89,-0.08,-0.802%,NA
NREF^A,"NexPoint Real Estate Finance, Inc. 8.50% Series A Cumulative Redeemable Preferred Stock",$24.85,-0.25,-0.996%,NA
NRK,Nuveen New York AMT-Free Quality Municipal Income Fund ,$9.97,0.03,0.302%,NA
NRO,Neuberger Real Estate Securities Income Fund Inc. Common Stock,$2.77,-0.04,-1.423%,NA
NRUC,National Rural Utilities Cooperative Finance Corporation 5.500% Subordinated Notes due 2064 (Subordinated Deferrable Interest Notes),$20.55,0.12,0.587%,NA
NSAI,NorthStrive Acquisition Corp I. Class A Ordinary Shares,$9.87,0.01,0.101%,NA
NSAIR,NorthStrive Acquisition Corp I. Rights,$0.1824,0.0424,30.286%,NA
NSAIU,NorthStrive Acquisition Corp I. Units,$10.02,UNCH,--,NA
NSAIW,NorthStrive Acquisition Corp I. Warrants,$0.05,UNCH,--,NA
NTWO,Newbury Street II Acquisition Corp Class A Ordinary Shares,$10.93,0.03,0.275%,NA
NTWOW,Newbury Street II Acquisition Corp Warrant,$1.2195,0.0695,6.043%,NA
NUV,"Nuveen Municipal Value Fund, Inc. Common Stock",$8.63,-0.09,-1.032%,NA
NUW,Nuveen AMT-Free Municipal Value Fund,$13.38,-0.11,-0.815%,NA
NVG,Nuveen AMT-Free Municipal Credit Income Fund ,$11.56,-0.06,-0.516%,NA
NWAX,New America Acquisition I Corp. Class A Common Stock,$10.13,0.005,0.049%,NA
NXDT^A,NexPoint Diversified Real Estate Trust 5.50% Series A Cumulative Preferred Shares ($25.00 liquidation preference per share),$13.05,-0.03,-0.229%,NA
NZF,Nuveen Municipal Credit Income Fund ,$11.50,-0.02,-0.174%,NA
OACC,Oaktree Acquisition Corp. III Life Sciences Class A Ordinary Share,$10.7712,0.0062,0.058%,NA
OACCU,Oaktree Acquisition Corp. III Life Sciences Unit,$10.9988,UNCH,--,NA
OAK^A,"Brookfield Oaktree Holdings, LLC 6.625% Series A Preferred Units",$20.48,0.2684,1.328%,NA
OAK^B,"Brookfield Oaktree Holdings, LLC 6.550% Series B Preferred Units",$19.95,-0.05,-0.25%,NA
OBA,Oxley Bridge Acquisition Limited Class A Ordinary Shares,$10.33,0.0099,0.096%,NA
OBAWW,Oxley Bridge Acquisition Limited Warrants,$0.24,-0.01,-4.00%,NA
OCAC,Ocean Capital Acquisition Corporation Ordinary Shares,$9.98,UNCH,--,NA
OCCIM,"OFS Credit Company, Inc. 7.875% Series F Term Preferred Stock",$25.20,0.012,0.048%,NA
OCLT,OceanLight Acquisition Corporation Ordinary Shares,$9.89,-0.01,-0.101%,NA
OCLTR,OceanLight Acquisition Corporation Rights,$0.195,0.03,18.182%,NA
OCLTU,OceanLight Acquisition Corporation Units,$10.125,0.105,1.048%,NA
OCLTW,OceanLight Acquisition Corporation Warrants,$0.0351,-0.003,-7.874%,NA
OFSSO,OFS Capital Corporation 7.50% Notes due 2028,$25.46,0.01,0.039%,NA
OHAC,Oceanhawk Acquisition Corp. Class A Ordinary Shares,$9.985,0.005,0.05%,NA
OHACR,Oceanhawk Acquisition Corp. Rights,$0.26,UNCH,--,NA
OIM,OneIM Acquisition Corp. Class A Ordinary Shares,$10.13,UNCH,--,NA
OIMAW,OneIM Acquisition Corp. Warrant,$0.72,-0.065,-8.28%,NA
ONCH,1RT Acquisition Corp. Class A Ordinary Share,$10.32,UNCH,--,NA
ONCHU,1RT Acquisition Corp. Units,$10.4201,-0.02,-0.192%,NA
OPP,"RiverNorth/DoubleLine Strategic Opportunity Fund, Inc. Common Stock",$7.28,-0.08,-1.087%,NA
OPP^A,"RiverNorth/DoubleLine Strategic Opportunity Fund, Inc. 4.375% Series A Cumulative Preferred Stock",$15.22,0.01,0.066%,NA
OPP^B,"RiverNorth/DoubleLine Strategic Opportunity Fund, Inc. 4.75% Series B Cumulative Preferred Stock",$16.54,0.115,0.70%,NA
OPP^C,"RiverNorth/DoubleLine Strategic Opportunity Fund, Inc. 6.00% Series C Term Preferred Stock (Liquidation Preference $10.00 per share)",$10.25,0.14,1.385%,NA
ORCL^D,"Oracle Corporation Depositary Shares, each representing a 1/2,000th interest in a sh of 6.50% Series D Mandatory Convertible Preferred Stock",$46.25,-0.85,-1.805%,NA
ORIQ,Origin Investment Corp I Ordinary Shares,$10.37,0.03,0.29%,NA
OSPR,Osprey Acquisition Corp. III Class A Ordinary Shares,$9.85,UNCH,--,NA
OSPRU,Osprey Acquisition Corp. III Units,$9.98,UNCH,--,NA
OTAI,Starlink AI Acquisition Corporation Ordinary Shares,$10.02,UNCH,--,NA
OTGA,OTG Acquisition Corp. I Class A Ordinary Share ,$10.25,0.02,0.196%,NA
OTGAW,OTG Acquisition Corp. I Warrants,$0.3501,-0.0099,-2.75%,NA
OXLCG,Oxford Lane Capital Corp. 7.95% Notes due 2032,$25.40,0.115,0.455%,NA
OXLCI,Oxford Lane Capital Corp. 8.75% Notes due 2030,$25.81,0.05,0.194%,NA
OXSQH,Oxford Square Capital Corp. 7.75% Notes due 2030,$25.14,0.04,0.159%,NA
OYSE,Oyster Enterprises II Acquisition Corp Class A Ordinary Shares,$10.38,UNCH,--,NA
PAACW,Proem Acquisition Corp I Warrants,$0.44,UNCH,--,NA
PACH,Pioneer Acquisition I Corp Class A Ordinary Shares,$10.33,-0.005,-0.048%,NA
PACHU,Pioneer Acquisition I Corp Units,$10.3801,UNCH,--,NA
PACHW,Pioneer Acquisition I Corp Warrants,$0.13,-0.0401,-23.574%,NA
PAI,Western Asset Investment Grade Income Fund Inc.,$11.68,-0.03,-0.256%,NA
PAII,Pyrophyte Acquisition Corp. II Class A Ordinary Shares,$10.30,UNCH,--,NA
PALO,Paloma Acquisition Corp I Class A Ordinary Shares,$9.9983,0.0283,0.284%,NA
PARA,"Banzai International, Inc. Class A Common Stock",$1.01,0.0111,1.111%,NA
PAXS,PIMCO Access Income Fund Common Shares of Beneficial Interest,$13.37,-0.35,-2.551%,NA
PBI^B,Pitney Bowes Inc 6.70% Notes Due 2043,$21.78,0.08,0.369%,NA
PCAP,ProCap Acquisition Corp Class A Ordinary Shares,$10.37,UNCH,--,NA
PCAPU,ProCap Acquisition Corp Unit,$10.4501,UNCH,--,NA
PCAPW,ProCap Acquisition Corp Warrant,$0.30,UNCH,--,NA
PCF,High Income Securities Fund Common Stock,$5.42,-0.06,-1.095%,NA
PCG^A,Pacific Gas & Electric Co. 6% Preferred Stock,$20.575,-0.10,-0.484%,NA
PCG^B,Pacific Gas & Electric Co. 5 1/2% Preferred Stock,$18.85,UNCH,--,NA
PCG^C,Pacific Gas & Electric Co. 5% 1st Preferred Stock,$17.7565,UNCH,--,NA
PCG^D,Pacific Gas & Electric Co. 5% 1st  Red. Preferred Stock,$17.18,0.03,0.175%,NA
PCG^E,Pacific Gas & Electric Co. 5% 1st A Preferred Stock,$17.25,UNCH,--,NA
PCG^G,Pacific Gas & Electric Co. 4.80% 1st Preferred Stock,$16.5724,UNCH,--,NA
PCG^H,Pacific Gas & Electric Co. 4.50% 1st Preferred Stock,$16.01,UNCH,--,NA
PCG^I,Pacific Gas & Electric Co. 4.36% 1st Preferred Stock,$15.23,-0.55,-3.485%,NA
PCG^X,PG&E Corp 6.000% Series A Mandatory Convertible Preferred Stock,$34.31,-0.245,-0.709%,NA
PCM,"PCM Fund, Inc. Common Stock",$5.06,-0.04,-0.784%,NA
PCN,Pimco Corporate & Income Strategy Fund Common Stock,$11.22,-0.18,-1.579%,NA
PCQ,PIMCO California Municipal Income Fund Common Stock,$8.33,-0.03,-0.359%,NA
PDCC,Pearl Diver Credit Company Inc. Common Stock,$9.10,0.14,1.563%,NA
PDPA,Pearl Diver Credit Company Inc. 8.00% Series A Preferred Stock Due 2029,$25.0633,-0.1067,-0.424%,NA
PDT,John Hancock Premium Dividend Fund,$12.01,-0.12,-0.989%,NA
PEB^E,Pebblebrook Hotel Trust 6.375% Series E Cumulative Redeemable Preferred Shares of Beneficial Interest,$20.13,0.0607,0.302%,NA
PEB^F,Pebblebrook Hotel Trust 6.3% Series F Cumulative Redeemable Preferred Shares of Beneficial Interest,$19.85,-0.029,-0.146%,NA
PEB^G,Pebblebrook Hotel Trust 6.375% Series G Cumulative Redeemable Preferred Shares of Beneficial Interest,$19.83,0.0157,0.079%,NA
PEB^H,Pebblebrook Hotel Trust 5.700% Series H Cumulative Redeemable Preferred Shares of Beneficial Interest,$18.42,0.01,0.054%,NA
PECE,Peace Acquisition Corp Ordinary Shares,$10.01,UNCH,--,NA
PECER,Peace Acquisition Corp Right,$0.39,-0.01,-2.50%,NA
PECEU,Peace Acquisition Corp Units,$10.38,0.09,0.875%,NA
PECEW,Peace Acquisition Corp Warrant,$0.08,-0.0001,-0.125%,NA
PEO,"Adams Natural Resources Fund, Inc. Common Stock",$29.12,-0.21,-0.716%,NA
PFD,Flaherty & Crumrine Preferred and Income Fund Incorporated,$11.0208,-0.0992,-0.892%,NA
PFL,PIMCO Income Strategy Fund Shares of Beneficial Interest,$7.21,-0.12,-1.637%,NA
PFLA,PennantPark Floating Rate Capital Ltd. 7.375% Notes Due 2031,$24.94,-0.07,-0.28%,NA
PFN,PIMCO Income Strategy Fund II,$6.50,-0.14,-2.108%,NA
PFO,Flaherty & Crumrine Preferred and Income Opportunity Fund Incorporated,$8.86,-0.10,-1.116%,NA
PGAC,Pantages Capital Acquisition Corporation Class A Ordinary Shares,$10.71,UNCH,--,NA
PGP,Pimco Global StocksPlus & Income Fund Common Shares of Beneficial Interest,$8.41,-0.10,-1.175%,NA
PGZ,Principal Real Estate Income Fund Common Shares of Beneficial Interest,$9.55,-0.03,-0.313%,NA
PHK,Pimco High Income Fund,$4.34,-0.02,-0.459%,NA
PHXE^,"Phoenix Energy One, LLC Series A Cumulative Redeemable Preferred Shares",$25.38,0.045,0.178%,NA
PINE^A,"Alpine Income Property Trust, Inc. 8.00% Series A Cumulative Redeemable Preferred Stock",$24.8405,0.0405,0.163%,NA
PLCI,Pelican Acquisition II Corporation Ordinary Shares,$9.90,0.01,0.101%,NA
PLCIR,Pelican Acquisition II Corporation Right,$0.13,UNCH,--,NA
PLCIU,Pelican Acquisition II Corporation Unit,$10.075,0.065,0.649%,NA
PLMK,Plum Acquisition Corp. IV Class A Ordinary Shares,$10.65,-0.02,-0.187%,NA
PLUN,Plutonian Acquisition Corp II Class A Ordinary Shares,$10.07,0.02,0.199%,NA
PML,Pimco Municipal Income Fund II Common Shares of Beneficial Interest,$6.92,-0.09,-1.284%,NA
PMT^A,PennyMac Mortgage Investment Trust 8.125% Series A Fixed-to-Floating Rate Cumulative Redeemable Preferred Shares of Beneficial Interest,$22.23,0.0913,0.412%,NA
PMT^B,PennyMac Mortgage Investment Trust 8.00% Series B Fixed-to-Floating Rate Cumulative Redeemable Preferred Shares of Beneficial Interest,$21.85,0.0507,0.233%,NA
PMT^C,PennyMac Mortgage Investment Trust 6.75% Series C Cumulative Redeemable Preferred Shares of Beneficial Interest,$17.55,0.24,1.386%,NA
PMTR,Perimeter Acquisition Corp. I Class A Ordinary Shares,$10.415,-0.005,-0.048%,NA
PMTRW,Perimeter Acquisition Corp. I Warrant,$0.69,-0.11,-13.75%,NA
PMTV,PennyMac Mortgage Investment Trust 9.00% Senior Notes due 2030,$25.35,0.025,0.099%,NA
PMTW,PennyMac Mortgage Investment Trust 9.00% Senior Notes due 2030,$25.17,-0.01,-0.04%,NA
PNFP^A,"Pinnacle Financial Partners, Inc. Fixed-to-Floating Rate Non-Cumulative Perpetual Preferred Stock, Series A",$25.3899,0.1249,0.494%,NA
PNFP^B,"Pinnacle Financial Partners, Inc. Fixed-to-Floating Rate Non-Cumulative Perpetual Preferred Stock, Series B",$26.15,0.11,0.422%,NA
PNFP^C,"Pinnacle Financial Partners, Inc. Fixed-to-Floating Rate Non-Cumulative Perpetual Preferred Stock, Series C",$23.88,0.0182,0.076%,NA
PNI,Pimco New York Municipal Income Fund II Common Shares of Beneficial Interest,$6.49,-0.04,-0.613%,NA
POLE,Andretti Acquisition Corp. II Class A Ordinary Shares,$10.72,UNCH,--,NA
POLEW,Andretti Acquisition Corp. II Warrant,$0.1401,UNCH,--,NA
PONO,"Pono Capital Four, Inc. Class A Ordinary Shares",$10.02,-0.04,-0.398%,NA
PONOR,"Pono Capital Four, Inc. Rights",$0.22,-0.0101,-4.389%,NA
PRIF^D,"Priority Income Fund, Inc. 7.00% Series D Term Preferred Stock due 2029",$24.9305,0.0905,0.364%,NA
PRIF^K,"Priority Income Fund, Inc. 7.000% Series K Cumulative Preferred Stock",$21.89,0.34,1.578%,NA
PRIF^L,"Priority Income Fund, Inc. 6.375% Series L Term Preferred Stock Due 2029",$25.25,0.7432,3.033%,NA
PSA^F,"Public Storage Depositary Shares Each Representing 1/1,000 of a 5.15% Cumulative Preferred Share of Beneficial Interest, Series F, par value $0.01 per share",$18.82,-0.0671,-0.355%,NA
PSA^G,"Public Storage Depositary Shares, Each Representing 1/1,000 of a 5.05% Cumulative Preferred Share of Beneficial Interest, Series G",$18.60,0.07,0.378%,NA
PSA^H,"Public Storage Depositary Shares Each Representing 1/1,000 of a  5.60% Cumulative Preferred  Share of Beneficial Interest, Series H",$20.40,-0.0568,-0.278%,NA
PSA^I,"Public Storage Depositary Shares Each Representing 1/1,000 of a 4.875% Cumulative Preferred Share of Beneficial Interest, Series I, par value $0.01 per share",$17.935,0.035,0.196%,NA
PSA^J,"Public Storage Depositary Shares Each Representing 1/1,000 of a 4.700% Cumulative Preferred Share of Beneficial Interest, Series J, par value $0.01 per share",$17.39,0.07,0.404%,NA
PSA^K,"Public Storage Depositary Shares Each Representing 1/1,000 of a 4.75% Cumulative Preferred Share of Beneficial Interest, Series K",$17.33,0.05,0.289%,NA
PSA^L,"Public Storage Depositary Shares Each Representing 1/1,000 of a 4.625% Cumulative Preferred Share of Beneficial Interest, Series L, par value $0.01 per share",$16.86,0.05,0.297%,NA
PSA^M,"Public Storage Depositary Shares Each Representing 1/1,000 of a 4.125% Cumulative Preferred Share of Beneficial Interest, Series M",$15.05,-0.045,-0.298%,NA
PSA^N,"Public Storage Depositary Shares Each Representing 1/1,000 of a 3.875% Cumulative Preferred Share of Beneficial Interest, Series N",$14.25,0.01,0.07%,NA
PSA^O,"Public Storage Depositary Shares Each Representing 1/1,000 of a 3.900% Cumulative Preferred Share of Beneficial Interest, Series O",$14.24,0.015,0.105%,NA
PSA^P,"Public Storage Depositary Shares Each Representing 1/1,000 of a 4.000% Cumulative Preferred Share of Bene cial Interest, Series P",$14.55,-0.03,-0.206%,NA
PSA^Q,"Public Storage Depositary Shares Each Representing 1/1,000 of a 3.950% Cumulative Preferred Share of Beneficial Interest, Series Q, par value $0.01 per share",$14.459,0.029,0.201%,NA
PSA^R,"Public Storage Depositary Shares Each Representing 1/1,000 of a 4.00% Cumulative Preferred Share of Bene cial Interest, Series R",$14.60,0.05,0.344%,NA
PSA^S,"Public Storage Depositary Shares Each Representing 1/1,000 of a 4.100% Cumulative Preferred Share of Beneficial Interest, Series S",$15.00,0.12,0.806%,NA
PSA^T,"Public Storage 6.000% Cumulative Preferred Shares of beneficial interest, Series T",$22.05,-0.0001,0.00%,NA
PSA^U,"Public Storage 6.000% Cumulative Preferred Shares of Beneficial Interest, Series U",$23.06,-0.08,-0.346%,NA
PSBD,Palmer Square Capital BDC Inc. Common Stock,$10.23,0.07,0.689%,NA
PSEC^A,Prospect Capital Corporation 5.35% Series A Fixed Rate Cumulative Perpetual Preferred Stock,$15.6278,-0.1972,-1.246%,NA
PTAC,Patriot Acquisition Corp. Class A Ordinary Shares,$9.95,-0.01,-0.10%,NA
PTACU,Patriot Acquisition Corp. Units,$10.04,UNCH,--,NA
PTOR,Praetorian Acquisition Corp. Class A Ordinary Shares,$9.99,0.0027,0.027%,NA
PTORU,Praetorian Acquisition Corp. Units,$10.15,UNCH,--,NA
PTY,Pimco Corporate & Income Opportunity Fund,$11.24,-0.19,-1.662%,NA
PW^A,Power REIT 7.75% Series A Cumulative Perpetual Preferred Stock,$9.34,UNCH,--,NA
PWRL,Powerlaw Corp. Common Stock,$10.41,0.15,1.462%,NA
PYT,PPlus Tr GSC-2 Tr Ctf Fltg Rate,$23.77,UNCH,--,NA
QADR,QDRO Acquisition Corp. Class A Ordinary Shares,$9.98,UNCH,--,NA
QETA,Quetta Acquisition Corporation Common Stock,$11.85,UNCH,--,NA
QETAR,Quetta Acquisition Corporation Right,$0.4101,UNCH,--,NA
QLEP,Quantum Leap Acquisition Corp Class A Ordinary Shares,$10.02,-0.03,-0.299%,NA
QQQX,Nuveen NASDAQ 100 Dynamic Overwrite Fund Shares of Beneficial Interest,$30.40,0.03,0.099%,NA
QRED,QuasarEdge Acquisition Corporation Ordinary Shares,$10.04,UNCH,--,NA
QSEA,Quartzsea Acquisition Corporation Ordinary Shares,$10.63,-0.01,-0.094%,NA
QSEAR,Quartzsea Acquisition Corporation Rights,$0.21,0.0598,39.814%,NA
QUMS,Quantumsphere Acquisition Corp. Ordinary Shares,$10.34,UNCH,--,NA
QUMSR,Quantumsphere Acquisition Corp. Rights,$0.0602,-0.0064,-9.61%,NA
QXO^B,"QXO, Inc.  Depositary Shares, each representing a 1/20th interest in a share of 5.50% Series B Mandatory Convertible Preferred Stock",$37.86,-0.72,-1.866%,NA
RA,Brookfield Real Assets Income Fund Inc. Common Stock,$12.12,-0.06,-0.493%,NA
RAC,Rithm Acquisition Corp. Class A Ordinary Shares,$10.58,UNCH,--,NA
RACC,Research Alliance Corporation III Class A Ordinary Shares,$11.30,UNCH,--,NA
RACD,Research Alliance Corporation IV Class A Ordinary Shares,$11.5927,-0.1273,-1.086%,NA
RANG,Range Capital Acquisition Corp. Ordinary Shares,$10.82,0.01,0.093%,NA
RANGR,Range Capital Acquisition Corp. Rights,$0.27,-0.0106,-3.778%,NA
RC^C,Ready Capital Corporation 6.25% Series C Cumulative Convertible Preferred Stock,$12.26,UNCH,--,NA
RC^E,Ready Capital Corporation 6.50% Series E Cumulative Redeemable Preferred Stock,$12.50,-0.42,-3.251%,NA
RCD,Ready Capital Corporation 9.00% Senior Notes due 2029,$23.1301,0.1511,0.658%,NA
RCG,"RENN Fund, Inc Common Stock",$3.035,0.0149,0.493%,NA
RCS,"PIMCO Strategic Income Fund, Inc.",$4.90,-0.13,-2.584%,NA
RDAC,Rising Dragon Acquisition Corp. Ordinary Shares,$5.55,0.26,4.915%,NA
RDACR,Rising Dragon Acquisition Corp. Rights,$0.10,UNCH,--,NA
RDAG,Republic Digital Acquisition Company Class A Ordinary Shares,$10.43,UNCH,--,NA
REXR^B,"Rexford Industrial Realty, Inc. 5.875% Series B Cumulative Redeemable Preferred Stock",$21.61,-0.23,-1.053%,NA
REXR^C,"Rexford Industrial Realty, Inc. 5.625% Series C Cumulative Redeemable Preferred Stock, par value $0.01 per share",$20.34,-0.36,-1.739%,NA
RF^C,"Regions Financial Corporation Depositary Shares, each Representing a 1/40th Interest in a  Share of 5.700% Fixed-to-Floating Rate Non-Cumulative  Perpetual Preferred Stock, Series C",$24.48,-0.16,-0.649%,NA
RF^E,"Regions Financial Corporation Depositary Shares, Each Representing a 1/40th Interest in a Share of 4.45% Non-Cumulative Perpetual Preferred Stock, Series E",$15.54,-0.02,-0.129%,NA
RF^F,"Regions Financial Corporation Depositary Shares Each Representing a 1/40th Interest in a Share of Non-Cumulative Perpetual Preferred Stock, Series F",$25.04,UNCH,--,NA
RFAI,RF Acquisition Corp II Ordinary Shares,$29.21,-0.89,-2.957%,NA
RFAIR,RF Acquisition Corp II Right,$0.154,UNCH,--,NA
RFAM,RF Acquisition Corp III Ordinary Shares,$9.99,0.01,0.10%,NA
RFAMU,RF Acquisition Corp III Units,$10.01,UNCH,--,NA
RIBB,Ribbon Acquisition Corp Class A Ordinary Shares,$8.40,-1.80,-17.647%,NA
RIBBR,Ribbon Acquisition Corp Rights,$0.30,UNCH,--,NA
RIBBU,Ribbon Acquisition Corp Unit,$14.09,-0.81,-5.436%,NA
RITM^A,Rithm Capital Corp. 7.50% Series A Fixed-to-Floating Rate Cumulative Redeemable Preferred Stock,$25.3351,0.0051,0.02%,NA
RITM^B,Rithm Capital Corp. 7.125% Series B Fixed-to-Floating Rate Cumulative Redeemable Preferred Stock,$25.259,-0.0024,-0.01%,NA
RITM^C,Rithm Capital Corp. 6.375% Series C Fixed-to-Floating Rate Cumulative Redeemable Preferred Stock,$24.73,-0.045,-0.182%,NA
RITM^D,Rithm Capital Corp. 7.00% Fixed-Rate Reset Series D Cumulative Redeemable Preferred Stock,$25.13,0.02,0.08%,NA
RITM^E,Rithm Capital Corp. 8.75% Series E Fixed-Rate Cumulative Redeemable Preferred Stock,$24.30,-0.11,-0.451%,NA
RITM^F,Rithm Capital Corp. 8.750% Series F Fixed-Rate Reset Cumulative Redeemable Preferred Stock,$24.65,-0.08,-0.323%,NA
RIV,"RiverNorth Opportunities Fund, Inc. Common Stock",$10.59,-0.18,-1.671%,NA
RIV^A,"RiverNorth Opportunities Fund, Inc. 6.00% Series A Perpetual Preferred Stock",$20.9225,-0.1775,-0.841%,NA
RLJ^A,RLJ Lodging Trust $1.95 Series A Cumulative Convertible  Preferred Shares,$25.035,-0.0151,-0.06%,NA
RLTY,Cohen & Steers Real Estate Opportunities and Income Fund Common Shares of Beneficial Interest,$14.78,-0.07,-0.471%,NA
RNAQU,Rainier Acquisition Corporation Units,$10.1999,-0.0001,-0.001%,NA
RNGT,Range Capital Acquisition Corp II Class A Ordinary Shares,$10.17,UNCH,--,NA
RNGTU,Range Capital Acquisition Corp II Units,$10.46,UNCH,--,NA
RNGTW,Range Capital Acquisition Corp II Warrants,$0.3001,-0.0249,-7.662%,NA
RNR^F,"RenaissanceRe Holdings Ltd. Depositary Shares, each Representing a 1/1,000th Interest in a 5.750% Series F Preference Share",$19.54,-0.02,-0.102%,NA
RNR^G,"RenaissanceRe Holdings Ltd. Depositary Shares, each representing a 1/1,000th interest in a share of 4.20% Series G Preference Shares",$14.30,-0.079,-0.549%,NA
RPT^C,Rithm Property Trust Inc. 9.875% Series C Fixed-to-Floating Rate Cumulative Redeemable Preferred Stock,$25.15,UNCH,--,NA
RREV,RRE Ventures Acquisition Corp. Class A Ordinary Shares,$9.91,UNCH,--,NA
RREVU,RRE Ventures Acquisition Corp. Units,$10.10,UNCH,--,NA
RREVW,RRE Ventures Acquisition Corp. Warrants,$0.45,0.005,1.124%,NA
RTAC,Renatus Tactical Acquisition Corp I Class A Ordinary Shares,$10.435,-0.025,-0.239%,NA
RTACU,Renatus Tactical Acquisition Corp I Unit,$10.73,-0.02,-0.186%,NA
RTACW,Renatus Tactical Acquisition Corp I Warrant,$0.61,-0.0896,-12.807%,NA
RVI,Robinhood Ventures Fund I Common Shares of Beneficial Interest,$27.38,-0.90,-3.182%,NA
RWAYI,Runway Growth Finance Corp. 7.25% Notes due 2031,$24.88,0.005,0.02%,NA
RWT^A,"Redwood Trust, Inc. 10.00% Series A Fixed-Rate Reset Cumulative Redeemable Preferred Stock",$23.58,0.06,0.255%,NA
RWTP,"Redwood Trust, Inc. 9.125% Senior Notes Due 2030",$22.351,-0.5991,-2.61%,NA
RWTQ,"Redwood Trust, Inc. 9.500% Senior Notes Due 2030",$22.10,-0.39,-1.734%,NA
RWTS,"Redwood Trust, Inc. 9.75% Senior Notes Due 2031",$22.20,-0.415,-1.835%,NA
SAAQ,Space Asset Acquisition Corp. Class A Ordinary Shares,$10.10,UNCH,--,NA
SAAQU,Space Asset Acquisition Corp. Units,$10.3201,-0.0498,-0.48%,NA
SAAQW,Space Asset Acquisition Corp. Warrants,$0.6001,-0.1199,-16.653%,NA
SABA,Saba Capital Income & Opportunities Fund II Shares of Beneficial Interest,$8.04,-0.09,-1.107%,NA
SAC,Safeguard Acquisition Corp. Class A Ordinary Shares,$10.11,0.0001,0.001%,NA
SACH^A,Sachem Capital Corp. 7.75% Series A Cumulative Redeemable Preferred Stock,$22.04,0.37,1.707%,NA
SAGU,Shreya Acquisition Group Class A Ordinary Shares,$9.97,-0.08,-0.796%,NA
SAMO,Samos Energy Acquisition Corporation Class A Ordinary Shares,$9.83,UNCH,--,NA
SAV,Saratoga Investment Corp 7.50% Notes due 2031,$24.4999,0.1809,0.744%,NA
SAX,Saratoga Investment Corp 8.00% Notes due 2031,$24.94,-0.025,-0.10%,NA
SB^C,"Safe Bulkers, Inc Cumulative Redeemable Perpetual Preferred Series C (Marshall Islands)",$26.17,-0.0357,-0.136%,NA
SB^D,"Safe Bulkers, Inc Perpetual Preferred Series D (Marshall Islands)",$25.755,UNCH,--,NA
SBI,Western Asset Intermediate Muni Fund Inc Common Stock,$7.37,-0.08,-1.074%,NA
SBXD,SilverBox Corp IV Class A Ordinary Shares,$10.87,UNCH,--,NA
SBXE,SilverBox Corp V Class A Ordinary Shares,$10.10,UNCH,--,NA
SCATU,Southern Cross Acquisition II Corp. Units,$10.025,0.005,0.05%,NA
SCD,LMP Capital and Income Fund Inc. Common Stock,$15.33,-0.02,-0.13%,NA
SCE^G,SCE Trust II Trust Preferred Securities,$16.70,-0.23,-1.359%,NA
SCE^L,SCE TRUST VI,$16.32,-0.37,-2.217%,NA
SCE^M,SCE Trust VII 7.50% Trust Preference Securities,$23.33,-0.50,-2.098%,NA
SCE^N,SCE Trust VIII 6.95% Trust Preference Securities,$22.01,-0.35,-1.565%,NA
SCHW^D,"The Charles Schwab Corporation Depositary Shares each representing 1/40th interest in a share of 5.95% Non-Cumulative Perpetual Preferred Stock, Series D",$21.99,-0.19,-0.857%,NA
SCHW^J,"The Charles Schwab Corporation Depositary Shares, Each Representing a 1/40th Interest in a Share of 4.450% Non-Cumulative Perpetual Preferred Stock, Series J",$16.26,-0.12,-0.733%,NA
SCII,SC II Acquisition Corp. Class A ordinary share,$10.12,UNCH,--,NA
SCIIR,SC II Acquisition Corp. Rights,$0.187,0.0169,9.935%,NA
SCPQ,Social Commerce Partners Corporation Class A Ordinary Shares,$10.03,UNCH,--,NA
SCPQU,Social Commerce Partners Corporation Unit,$10.28,UNCH,--,NA
SCPQW,Social Commerce Partners Corporation Warrant,$0.34,-0.0051,-1.478%,NA
SDHI,Siddhi Acquisition Corp Class A Common stock,$10.53,UNCH,--,NA
SEAL^A,Seapeak LLC 9.00% Series A Cumulative Redeemable Perpetual Preferred Units,$25.73,-0.075,-0.291%,NA
SEAL^B,Seapeak LLC 8.50% Series B Fixed-to-Floating Rate Cumulative Redeemable Perpetual Preferred Units,$25.6414,0.0714,0.279%,NA
SF^B,"Stifel Financial Corporation Depositary Shares, Each Representing 1/1,000th  Interest in a Share of 6.25% Non-Cumulative  Preferred Stock, Series B",$22.12,0.22,1.005%,NA
SF^C,"Stifel Financial Corporation Depositary Shares, Each Representing 1/1,000th Interest in a Share of 6.125% Non Cumulative Preferred Stock, Series C",$21.05,0.16,0.766%,NA
SF^D,"Stifel Financial Corporation Depositary Shares, Each Representing 1/1,000th Interest in a Share of 4.50% Non-Cumulative Preferred Stock, Series D",$15.48,0.30,1.976%,NA
SHO^H,"Sunstone Hotel Investors, Inc. 6.125% Series H Cumulative Redeemable Preferred Stock",$22.3501,-0.0199,-0.089%,NA
SHO^I,"Sunstone Hotel Investors, Inc. 5.70% Series I Cumulative Redeemable Preferred Stock",$21.70,-0.07,-0.322%,NA
SHOT,RMG ML Sports Holdings Class A Ordinary Shares,$9.8501,-0.0116,-0.118%,NA
SHOTR,RMG ML Sports Holdings Rights,$0.135,0.0045,3.448%,NA
SHOTU,RMG ML Sports Holdings Unit,$9.9746,-0.0054,-0.054%,NA
SIMA,SIM Acquisition Corp. I Class A Ordinary Shares,$11.10,-0.05,-0.448%,NA
SLG^I,SL Green Realty Corporation Preferred Series I,$21.25,UNCH,--,NA
SNUS^H,"Santander Holdings USA, Inc. Depositary Shares, Each Representing a 1/1,000th Interest in a Share of Fixed-Rate Reset Non-Cumulative Perpetual Preferred Stock, Series H",$19.87,-0.21,-1.046%,NA
SNUS^I,"Santander Holdings USA, Inc. Depositary Shares, Each Representing a 1/40th Interest in a Share of Fixed-Rate Reset Non-Cumulative Perpetual Preferred Stock, Series I",$23.50,-0.13,-0.55%,NA
SOCA,Solarius Capital Acquisition Corp. Class A Ordinary Share,$10.345,UNCH,--,NA
SOCAW,Solarius Capital Acquisition Corp. Warrant,$0.1602,-0.0498,-23.714%,NA
SOJF,"Southern Company (The) Series 2025A 6.50% Junior Subordinated Notes due March 15, 2085",$23.90,-0.51,-2.089%,NA
SORN,Soren Acquisition Corp. Class A Ordinary Shares,$10.02,0.02,0.20%,NA
SORNU,Soren Acquisition Corp. Unit,$10.25,UNCH,--,NA
SORNW,Soren Acquisition Corp. Warrant,$0.24,-0.0244,-9.228%,NA
SOUL,Soulpower Acquisition Corporation Class A Ordinary Shares,$10.4639,0.0039,0.037%,NA
SPE,"Special Opportunities Fund, Inc Common Stock",$13.19,-0.13,-0.976%,NA
SPE^C,"Special Opportunities Fund Inc. 2.75% Convertible Preferred Stock, Series C",$24.78,0.03,0.121%,NA
SPEG,Silver Pegasus Acquisition Corp Class A Ordinary Shares,$10.36,UNCH,--,NA
SPEGR,Silver Pegasus Acquisition Corp Rights.,$0.19,-0.01,-5.00%,NA
SPG^J,"Simon Property Group, Inc. Simon Property Group 8 3/8% Series J Cumulative Redeemable Preferred Stock",$55.78,0.28,0.505%,NA
SPKL,Spark I Acquisition Corp. Class A Ordinary Share,$11.58,UNCH,--,NA
SPKLW,Spark I Acquisition Corp. Warrant,$0.9698,-0.0902,-8.509%,NA
SPMA,"Sound Point Meridian Capital, Inc. 8.00% Series A Preferred Shares Due 2029",$25.17,0.015,0.06%,NA
SPMC,"Sound Point Meridian Capital, Inc. Common Stock",$9.70,0.02,0.207%,NA
SPME,"Sound Point Meridian Capital, Inc. 7.875% Series B Preferred Shares due 2030",$24.98,0.0228,0.091%,NA
SPXX,Nuveen S&P 500 Dynamic Overwrite Fund,$19.02,0.07,0.369%,NA
SRG^A,Seritage Growth Properties 7.00% Series A Cumulative Redeemable Preferred Shares of Beneficial Interest,$20.71,-0.49,-2.311%,NA
SRJN,Spire Inc. 6.375% Junior Subordinated Notes due 2086,$21.82,0.02,0.092%,NA
SRV,NXG Cushing Midstream Energy Fund Common Shares of Beneficial Interest,$46.25,-0.50,-1.07%,NA
SSAC,SPACSphere Acquisition Corp. Class A Ordinary Shares,$10.11,0.01,0.099%,NA
SSACR,SPACSphere Acquisition Corp. Rights,$0.1749,0.0059,3.491%,NA
SSACU,SPACSphere Acquisition Corp. Unit,$10.28,UNCH,--,NA
SSACW,SPACSphere Acquisition Corp. Warrant,$0.0678,-0.0264,-28.025%,NA
SSEA,Starry Sea Acquisition Corp	Ordinary Shares,$10.33,-0.05,-0.482%,NA
SSEAU,Starry Sea Acquisition Corp Unit,$10.43,-0.05,-0.477%,NA
STEW,"SRH Total Return Fund, Inc. Common Stock",$18.29,-0.04,-0.218%,NA
STK,Columbia Seligman Premium Technology Growth Fund Inc,$51.43,-0.22,-0.426%,NA
STT^G,"State Street Corporation Depositary shares, each representing a 1/4,000th ownership interest in a share of Fixed-to-Floating Rate Non-Cumulative",$19.96,0.14,0.706%,NA
SUMA,SUMA Acquisition Corporation Class A Ordinary Shares,$9.96,0.0199,0.20%,NA
SUMAR,SUMA Acquisition Corporation Rights,$0.2603,-0.0001,-0.038%,NA
SVAQ,Silicon Valley Acquisition Corp. Class A Ordinary Shares,$10.07,UNCH,--,NA
SVAQW,Silicon Valley Acquisition Corp. Warrants,$0.43,UNCH,--,NA
SVCC,Stellar V Capital Corp. Class A Ordinary Shares,$10.69,UNCH,--,NA
SVCCW,Stellar V Capital Corp. Warrant,$0.26,UNCH,--,NA
SVIV,Spring Valley Acquisition Corp. IV Class A Ordinary Shares,$10.18,UNCH,--,NA
SWZ,Total Return Securities Fund Common Stock,$5.90,-0.02,-0.338%,NA
SYF^A,"Synchrony Financial Depositary Shares, each Representing a 1/40th Interest in a Share of 5.625% Fixed Rate Non-Cumulative Perpetual Preferred Stock, Series A",$18.36,-0.13,-0.703%,NA
SYF^B,"Synchrony Financial Depositary Shares Each Representing a 1/40th Interest in a Share of 8.250% Fixed Rate Reset Non-Cumulative Perpetual Preferred Stock, Series B",$26.06,-0.16,-0.61%,NA
SZZL,Sizzle Acquisition Corp. II Class A ordinary shares,$10.4895,0.0245,0.234%,NA
SZZLU,Sizzle Acquisition Corp. II Unit,$10.54,UNCH,--,NA
T^A,"AT&T Inc. Depositary Shares, each representing a 1/1,000th interest in a share of 5.000% Perpetual Preferred Stock, Series A",$17.55,-0.11,-0.623%,NA
T^C,"AT&T Inc. Depositary Shares, each representing a 1/1,000th interest in a share of 4.750% Perpetual Preferred Stock, Series C",$16.61,-0.04,-0.24%,NA
TACH,Titan Acquisition Corp. Class A Ordinary Shares,$10.51,0.01,0.095%,NA
TACHU,Titan Acquisition Corp. Units,$10.75,UNCH,--,NA
TAVI,Tavia Acquisition Corp. Ordinary Shares,$10.75,0.01,0.093%,NA
TAVIU,Tavia Acquisition Corp. Unit,$10.80,-0.05,-0.461%,NA
TBCVU,"Thunder Bridge Capital Partners V, Ltd. Units",$9.92,-0.01,-0.101%,NA
TCGX,TCGX Acquisition Corp. Class A Ordinary Shares,$13.01,-0.43,-3.199%,NA
TCPA,TransCanada PipeLines Limited 6.250% Junior Subordinated Notes due 2085,$22.01,0.115,0.525%,NA
TDAC,Translational Development Acquisition Corp. Ordinary Shares,$10.87,0.01,0.092%,NA
TDACW,Translational Development Acquisition Corp. Warrants,$1.60,UNCH,--,NA
TDF,"Templeton Dragon Fund, Inc. Common Stock",$10.40,0.01,0.096%,NA
TDS^U,"Telephone and Data Systems, Inc. Depositary Shares, Each Representing a 1/1,000th Interest in a 6.625% Series UU Cumulative Redeemable Perpetual Preferred Stock",$20.76,0.20,0.973%,NA
TDS^V,"Telephone and Data Systems, Inc. Depositary Shares, Each Representing a 1/1,000th Interest in a 6.000% Series VV Cumulative Redeemable Perpetual Preferred Stock",$18.84,0.03,0.159%,NA
TDWD,Tailwind 2.0 Acquisition Corp. Class A Ordinary Shares,$10.11,0.01,0.099%,NA
TDWDU,Tailwind 2.0 Acquisition Corp. Unit,$10.15,UNCH,--,NA
TEI,"Templeton Emerging Markets Income Fund, Inc. Common Stock",$6.52,-0.11,-1.659%,NA
TEN^E,"Tsakos Energy Navigation Ltd Series E Fixed-to-Floating Rate Cumulative Redeemable Perpetual Preferred Shares, par value $1.00",$25.63,0.01,0.039%,NA
TEN^F,"Tsakos Energy Navigation Ltd Series F Fixed-to-Floating Rate Cumulative Redeemable Perpetual Preferred Shares, par value $1.00",$26.6738,-0.1112,-0.415%,NA
TFC^I,Truist Financial Corporation Depositary Shares,$17.68,-0.02,-0.113%,NA
TFC^O,"Truist Financial Corporation Depositary Shares, Each Representing a 1/1,000th Interest in a Share of Series O Non-Cumulative Perpetual Preferred Stock",$19.11,-0.12,-0.624%,NA
TFC^R,"Truist Financial Corporation Depositary Shares, each representing 1/1,000th interest in a share of Series R Non-Cumulative Perpetual Preferred Stock",$17.20,-0.05,-0.29%,NA
TFIN^,"Triumph Financial, Inc. Depositary Shares, Each Representing a 1/40th Interest in a Share of 7.125% Series C Fixed-Rate Non-Cumulative Perpetual Preferred Stock",$22.42,0.13,0.583%,NA
THEO,BOA Acquisition Corp. II Class A Ordinary Shares,$9.87,-0.01,-0.101%,NA
THQ,abrdn Healthcare Opportunities Fund Shares of Beneficial Interest,$19.15,0.23,1.216%,NA
THW,abrdn World Healthcare Fund Shares of Beneficial Interest,$13.62,0.23,1.718%,NA
TLACU,Three Lions Acquisition Corp. Units,$10.01,UNCH,--,NA
TLNC,Talon Capital Corp. Class A Ordinary Shares,$10.2339,-0.0161,-0.157%,NA
TLNCU,Talon Capital Corp. Units,$10.50,UNCH,--,NA
TMTS,Spartacus Acquisition Corp. II Class A Ordinary Shares,$10.06,UNCH,--,NA
TMUSI,"T-Mobile US, Inc. 5.500% Senior Notes due June 2070",$19.29,-0.21,-1.077%,NA
TMUSL,"T-Mobile US, Inc. 6.250% Senior Notes due 2069",$22.12,-0.23,-1.029%,NA
TMUSZ,"T-Mobile US, Inc. 5.500% Senior Notes due March 2070",$19.3801,-0.0999,-0.513%,NA
TONT,Graf Global Corp. Class A ordinary shares,$10.89,0.01,0.092%,NA
TPTS,"Terra Property Trust, Inc. 7.00% Senior Secured Notes due 2029",$15.90,UNCH,--,NA
TRAD,APEX Tech Acquisition Inc. Ordinary Shares,$10.02,UNCH,--,NA
TRGS,TRG Latin America Acquisitions Corp. Class A Ordinary Shares,$10.03,0.07,0.703%,NA
TRGSR,TRG Latin America Acquisitions Corp. Rights,$0.1684,0.0034,2.061%,NA
TRTN^A,Triton International Limited 8.50% Series A Cumulative Redeemable Perpetual  Preference Shares,$25.4688,-0.3312,-1.284%,NA
TRTN^B,Triton International Limited 8.00% Series B Cumulative Redeemable Perpetual Preference Shares,$25.1256,0.0456,0.182%,NA
TRTN^C,Triton International Limited 7.375% Series C Cumulative Redeemable Perpetual Preference Shares,$24.15,-0.0776,-0.32%,NA
TRTN^D,Triton International Limited 6.875% Series D Cumulative Redeemable Perpetual Preference Shares,$22.11,-0.195,-0.874%,NA
TRTN^E,Triton International Limited 5.75% Series E Cumulative Redeemable Perpetual Preference Shares,$18.30,-0.11,-0.598%,NA
TRTN^F,Triton International Limited 7.625% Series F Cumulative Redeemable Perpetual Preference Shares,$23.855,0.015,0.063%,NA
TRTN^G,Triton International Limited 7.500% Series G Cumulative Redeemable Perpetual Preference Shares,$23.20,-0.0352,-0.151%,NA
TRTX^C,"TPG RE Finance Trust, Inc. 6.25% Series C Cumulative Redeemable Preferred Stock, $0.001 par value per share",$18.10,-0.17,-0.93%,NA
TSI,"TCW Strategic Income Fund, Inc. Common Stock",$4.25,-0.09,-2.074%,NA
TVA,Texas Ventures Acquisition III Corp Class A Ordinary Share,$10.55,UNCH,--,NA
TVACW,Texas Ventures Acquisition III Corp Warrants,$0.2499,-0.0101,-3.885%,NA
TVAI,Thayer Ventures Acquisition Corporation II Class A Ordinary Shares,$10.40,UNCH,--,NA
TVAIR,Thayer Ventures Acquisition Corporation II Rights,$0.104,-0.0359,-25.661%,NA
TVC,Tennessee Valley Authority Common Stock,$23.94,0.12,0.504%,NA
TVE,Tennessee Valley Authority,$23.485,0.165,0.708%,NA
TVIV,Texas Ventures Acquisition IV Corp Class A Ordinary Shares,$9.93,-0.04,-0.401%,NA
TVIVW,Texas Ventures Acquisition IV Corp Warrant,$0.2217,-0.0389,-14.927%,NA
TWLV,Twelve Seas Investment Company III Class A Ordinary Shares,$10.07,UNCH,--,NA
TWLVR,Twelve Seas Investment Company III Rights,$0.0856,-0.0066,-7.158%,NA
TWN,"Taiwan Fund, Inc. (The) Common Stock",$98.13,-5.02,-4.867%,NA
TWO^A,Two Harbors Investments Corp 8.125% Series A Fixed-to-Floating Rate Cumulative Redeemable Preferred Stock ($25.00 liquidation preference per share),$25.28,UNCH,--,NA
TWO^B,Two Harbors Investments Corp 7.625% Series B Fixed-to-Floating Rate Cumulative Redeemable Preferred Stock,$25.26,UNCH,--,NA
TWO^C,Two Harbors Investments Corp 7.25% Series C Fixed-to-Floating Rate Cumulative Redeemable Preferred Stock,$25.33,-0.005,-0.02%,NA
TWOD,Two Harbors Investments Corp 9.375% Senior Notes due 2030,$26.25,0.09,0.344%,NA
TY^,Tri Continental Corporation Preferred Stock,$41.50,UNCH,--,NA
UAC,United Acquisition Corp. I Class A Ordinary Shares,$9.97,UNCH,--,NA
UMH^D,"UMH Properties, Inc. 6.375% Series D Cumulative Redeemable Preferred Stock, Liquidation Preference $25 per share",$21.28,0.215,1.021%,NA
USA,Liberty All-Star Equity Fund Common Stock,$5.89,0.01,0.17%,NA
USB^A,"U.S. Bancorp Depositary Shares, Each representing a 1/100th interest in a share of Series A Non-CumulativePerpetual Pfd Stock",$766.00,-0.035,-0.005%,NA
USB^H,U.S. Bancorp Depositary Shares repstg 1/1000th Pfd Ser B,$18.40,0.18,0.988%,NA
USB^P,"U.S. Bancorp Depositary Shares each representing a 1/1,000th interest in a share of Series K Non-Cumulative Perpetual Preferred Stock",$20.24,0.04,0.198%,NA
USB^Q,"U.S. Bancorp Depositary Shares, Each Representing a 1/1,000th Interest in a Share of Series L Non-Cumulative Perpetual Preferred Stock",$13.98,-0.04,-0.285%,NA
USB^R,"U.S. Bancorp Depositary Shares, Each Representing a 1/1,000th Interest in a Share of Series M Non-Cumulative Perpetual Preferred Stock",$14.85,-0.01,-0.067%,NA
USB^S,"U.S. Bancorp Depositary Shares, each representing a 1/1,000th interest in a share of Series O Non-Cumulative Perpetual Preferred Stock",$16.58,-0.01,-0.06%,NA
UTF,"Cohen & Steers Infrastructure Fund, Inc Common Stock",$25.20,-0.73,-2.815%,NA
UTG,Reaves Utility Income Fund Common Shares of Beneficial Interest,$36.63,-1.23,-3.249%,NA
UYSC,UY Scuti Acquisition Corp. Ordinary Shares,$11.00,0.07,0.64%,NA
VACI,Viking Acquisition Corp. I Class A Ordinary Shares,$6.65,-0.23,-3.343%,NA
VBF,Invesco Bond Fund Common Stock,$14.39,-0.09,-0.622%,NA
VCX,"Fundrise Innovation Fund, LLC Common Shares of Limited Liability Company Interests",$32.34,-1.16,-3.463%,NA
VECA,Vernal Capital Acquisition Corp. Ordinary Shares,$10.03,0.01,0.10%,NA
VGI,Virtus Global Multi-Sector Income Fund Common Shares of Beneficial Interest,$7.03,-0.15,-2.089%,NA
VHCP,Vine Hill Capital Investment Corp. II Class A Ordinary Shares,$10.09,0.02,0.199%,NA
VHCPU,Vine Hill Capital Investment Corp. II Units,$10.25,0.0701,0.689%,NA
VHCPW,Vine Hill Capital Investment Corp. II Warrants,$0.36,UNCH,--,NA
VII,Viking Acquisition Corp. II Class A Ordinary Shares,$9.82,-0.005,-0.051%,NA
VLOS,Velos Acquisition I Corp. Class A Ordinary shares,$10.67,-0.06,-0.559%,NA
VLT,Invesco High Income Trust II,$9.46,-0.23,-2.374%,NA
VNME,Vendome Acquisition Corporation I Class A Ordinary Shares,$10.30,0.03,0.292%,NA
VNMEW,Vendome Acquisition Corporation I Warrant,$0.241,-0.0001,-0.041%,NA
VNO^L,Vornado Realty Trust Pfd Ser L %,$17.06,UNCH,--,NA
VNO^M,"Vornado Realty Trust 5.25% Series M Cumulative Redeemable Preferred Shares of Beneficial Interest, liquidation preference $25.00 per share, no par value per share",$17.08,0.03,0.176%,NA
VNO^N,"Vornado Realty Trust 5.25% Series N Cumulative Redeemable Preferred Shares of Beneficial Interest, liquidation preference $25.00 per share",$16.80,-0.01,-0.059%,NA
VNO^O,"Vornado Realty Trust 4.45% Series O Cumulative Redeemable Preferred Shares, Liquidation Preference $25.00 Per Share",$14.09,0.01,0.071%,NA
VOYA^B,"Voya Financial, Inc. Depositary Shares, each representing a 1/40th interest in a share of 5.35% Fixed-Rate Reset Non-Cumulative Preferred Stock, Series B",$23.75,0.42,1.80%,NA
VVR,Invesco Senior Income Trust Common Stock (DE),$2.90,-0.04,-1.361%,NA
WAL^A,"Western Alliance Bancorporation Depositary Shares, Each Representing a 1/400th Interest in a Share of 4.250% Fixed-Rate Non-Cumulative Perpetual Preferred Stock, Series A",$24.99,0.06,0.241%,NA
WDI,Western Asset Diversified Income Fund Common Shares of Beneficial Interest,$12.22,-0.17,-1.372%,NA
WEA,Western Asset Bond Fund Share of Beneficial Interest,$10.10,-0.24,-2.321%,NA
WENC,West Enclave Merger Corp. Ordinary Shares,$9.99,UNCH,--,NA
WENN,Wen Acquisition Corp Class A Ordinary Shares,$10.40,UNCH,--,NA
WENNW,Wen Acquisition Corp Warrant,$0.29,0.01,3.571%,NA
WFC^A,"Wells Fargo & Company Depositary Shares, each representing a 1/1,000th interest in a share of Non-Cumulative Perpetual Class A Preferred Stock, Series AA",$17.04,-0.02,-0.117%,NA
WFC^C,"Wells Fargo & Company Depositary Shares, each representing a 1/1,000th interest in a share of Non-Cumulative Perpetual Class A Preferred Stock, Series CC",$15.90,-0.07,-0.438%,NA
WFC^D,"Wells Fargo & Company Depositary Shares, each representing a 1/1,000th interest in  a share of Non-Cumulative Perpetual Class A Preferred Stock, Series DD",$15.54,-0.01,-0.064%,NA
WFC^L,"Wells Fargo & Company 7.50% Non-Cumulative Perpetual Convertible Class A Preferred Stock, Series L","$1,116.60",-9.46,-0.84%,NA
WFC^Y,"Wells Fargo & Company Depositary Shares, each representing a 1/1,000th interest in a share of Non-Cumulative Perpetual Class A Preferred Stock, Series Y",$20.78,UNCH,--,NA
WFC^Z,"Wells Fargo & Company Depositary Shares, each representing a 1/1,000th interest in a share of Non-Cumulative Perpetual Class A Preferred Stock, Series Z",$17.20,-0.10,-0.578%,NA
WHR^A,"Whirlpool Corporation Depositary Shares, each representing a 1/20th interest in a share of 8.50% Series A Mandatory Convertible Preferred Stock",$30.54,-0.70,-2.241%,NA
WIA,Western Asset Inflation-Linked Income Fund,$7.82,UNCH,--,NA
WIW,Western Asset Inflation-Linked Opportunities & Income Fund,$8.20,-0.02,-0.243%,NA
WLCO,Wilco 63 Corporation Class A Ordinary Shares,$9.83,0.02,0.204%,NA
WLCOU,Wilco 63 Corporation Units,$10.05,UNCH,--,NA
WLCOW,Wilco 63 Corporation Warrant,$0.28,-0.0199,-6.636%,NA
WLII,Willow Lane Acquisition Corp. II Class A Ordinary Shares,$10.255,UNCH,--,NA
WLIIW,Willow Lane Acquisition Corp. II Warrants,$0.80,UNCH,--,NA
WPAC,White Pearl Acquisition Corp. Class A Ordinary Shares,$10.05,UNCH,--,NA
WRB^E,W.R. Berkley Corporation 5.70% Subordinated Debentures due 2058,$20.4725,-0.0875,-0.426%,NA
WRB^F,W.R. Berkley Corporation 5.10% Subordinated Debentures due 2059,$17.89,-0.02,-0.112%,NA
WRB^G,W.R. Berkley Corporation 4.25% Subordinated Debentures due 2060,$16.05,-0.03,-0.187%,NA
WRB^H,W.R. Berkley Corporation 4.125% Subordinated Debentures due 2061,$15.25,0.0405,0.266%,NA
WSO/B,"Watsco, Inc.",$312.46,UNCH,--,NA
WTG,Wintergreen Acquisition Corp. Ordinary Shares,$10.58,UNCH,--,NA
WTGUU,Wintergreen Acquisition Corp. Unit,$10.57,-0.01,-0.095%,NA
XCBE,X3 Acquisition Corp. Ltd. Class A Ordinary Shares,$10.01,UNCH,--,NA
XELLL,"Xcel Energy Inc. 6.25% Junior Subordinated Notes, Series due 2085",$21.77,-0.06,-0.275%,NA
XFLH,XFLH Capital Corporation Ordinary Shares,$10.00,UNCH,--,NA
XIIIU,Churchill Capital Corp XIII Units,$10.60,UNCH,--,NA
XRN^A,Chiron Real Estate Inc. Series A Cumulative Redeemable Preferred Stock,$25.20,0.225,0.901%,NA
XRN^B,"Chiron Real Estate Inc. 8.00% Series B Cumulative Redeemable Preferred Stock, $0.001 par value per share",$25.4799,0.4699,1.879%,NA
XRPN,Armada Acquisition Corp. II Class A Ordinary Shares,$10.55,UNCH,--,NA
XRPNU,Armada Acquisition Corp. II Units,$10.93,UNCH,--,NA
XRPNW,Armada Acquisition Corp. II Warrant,$1.02,-0.0199,-1.914%,NA
XSLL,Xsolla SPAC 1 Class A Ordinary Shares,$10.00,UNCH,--,NA
XTER,Karman Line Acquisition Corp. Class A Ordinary Shares,$9.8199,UNCH,--,NA
YCY,AA Mission Acquisition Corp. II Class A Ordinary Shares,$10.23,UNCH,--,NA
YHNA,YHN Acquisition I Limited Ordinary Shares,$11.35,0.26,2.344%,NA
YICC,Yorkville International Capital Corp. Class A Ordinary Shares,$9.92,UNCH,--,NA
YICCU,Yorkville International Capital Corp. Units,$10.50,UNCH,--,NA
YICCW,Yorkville International Capital Corp. Warrants,$0.3801,-0.0099,-2.538%,NA
ZKP,Lafayette Digital Acquisition Corp. I Class A Ordinary Shares,$10.05,UNCH,--,NA
ZKPU,Lafayette Digital Acquisition Corp. I Unit,$10.24,0.21,2.094%,NA
ZKPW,Lafayette Digital Acquisition Corp. I Warrant,$0.2855,-0.0233,-7.545%,NA
ZTR,Virtus Total Return Fund Inc.,$6.36,-0.24,-3.636%,NA
