Symbol,Name,Last Sale,Net Change,% Change,Market Cap
NVDA,NVIDIA Corporation Common Stock,$225.01,-0.15,-0.067%,"5,445,242,000,000"
AAPL,Apple Inc. Common Stock,$305.59,-0.34,-0.111%,"4,459,835,466,200"
GOOGL,Alphabet Inc. Class A Common Stock,$344.00,-1.90,-0.549%,"4,207,120,000,000"
GOOG,Alphabet Inc. Class C Capital Stock,$341.45,-2.09,-0.608%,"4,175,933,500,000"
MSFT,Microsoft Corporation Common Stock,$480.35,-15.05,-3.038%,"3,566,860,776,602"
AMZN,"Amazon.com, Inc. Common Stock",$261.31,-1.34,-0.51%,"2,818,571,599,499"
TSM,Taiwan Semiconductor Manufacturing Company Ltd.,$430.97,4.62,1.084%,"2,235,228,018,477"
SPCX,Space Exploration Technologies Corp. Class A Common Stock,$146.23,6.23,4.45%,"1,927,571,681,357"
AVGO,Broadcom Inc. Common Stock,$392.43,-0.56,-0.142%,"1,867,017,197,101"
META,"Meta Platforms, Inc. Class A Common Stock",$568.97,-20.88,-3.54%,"1,449,454,616,838"
TSLA,"Tesla, Inc. Common Stock",$339.30,-2.97,-0.868%,"1,340,081,430,784"
SKHY,SK hynix Inc. American Depositary Shares,$171.38,5.05,3.036%,"1,249,129,693,900"
MU,"Micron Technology, Inc. Common Stock","$1,011.75",40.09,4.126%,"1,142,663,520,524"
LLY,Eli Lilly and Company Common Stock,"$1,183.16",3.00,0.254%,"1,113,776,025,025"
BRK/A,Berkshire Hathaway Inc.,"$747,400.00","-8,170.01",-1.081%,"1,099,331,227,600"
BRK/B,Berkshire Hathaway Inc.,$498.23,-5.80,-1.151%,"1,099,250,514,373"
JPM,JP Morgan Chase & Co. Common Stock,$360.96,-1.88,-0.518%,"959,498,888,947"
WMT,Walmart Inc. Common Stock,$114.33,-0.94,-0.815%,"909,847,189,791"
AMD,"Advanced Micro Devices, Inc. Common Stock",$506.00,-8.39,-1.631%,"826,032,371,252"
ASML,ASML Holding N.V. New York Registry Shares,"$1,883.12",39.04,2.117%,"725,787,713,315"
XOM,ExxonMobil Holdings Corporation Common Stock,$161.46,1.36,0.849%,"663,909,305,062"
V,Visa Inc.,$358.84,-5.31,-1.458%,"641,159,244,939"
JNJ,Johnson & Johnson Common Stock,$262.37,2.02,0.776%,"632,285,094,895"
GOOGM,Alphabet Inc. Depositary Shares representing a 1/20th Interest in a Share of Series A Mandatory Convertible Preferred Stock,$49.03,-0.26,-0.527%,"599,636,900,000"
GOOGN,Alphabet Inc. Depositary Shares representing a 1/20th Interest in a Share of Series B Mandatory Convertible Preferred Stock,$48.71,-0.26,-0.531%,"595,723,300,000"
INTC,Intel Corporation Common Stock,$103.49,0.99,0.966%,"546,951,843,693"
MA,Mastercard Incorporated Common Stock,$562.26,-7.03,-1.235%,"492,545,348,864"
BAC,Bank of America Corporation Common Stock,$63.89,-0.60,-0.93%,"446,766,693,040"
CSCO,"Cisco Systems, Inc. Common Stock (DE)",$112.90,1.22,1.092%,"444,987,973,679"
ABBV,AbbVie Inc. Common Stock,$250.33,0.87,0.349%,"442,362,469,954"
LRCX,Lam Research Corporation Common Stock,$343.84,11.48,3.454%,"430,254,212,640"
AMAT,"Applied Materials, Inc. Common Stock",$535.31,28.13,5.546%,"425,014,422,473"
COST,Costco Wholesale Corporation Common Stock,$953.50,-7.60,-0.791%,"422,857,039,614"
ORCL,Oracle Corporation Common Stock,$146.65,-3.87,-2.571%,"422,421,072,150"
PLTR,Palantir Technologies Inc. Class A Common Stock,$172.55,-1.49,-0.856%,"414,474,327,974"
CAT,"Caterpillar, Inc. Common Stock",$881.65,25.08,2.928%,"405,272,365,887"
CVX,Chevron Corporation Common Stock,$202.70,2.70,1.35%,"400,488,837,240"
GE,GE Aerospace Common Stock,$369.43,1.05,0.285%,"383,306,719,178"
KO,Coca-Cola Company (The) Common Stock,$86.98,-0.73,-0.832%,"374,235,733,156"
HSBC,"HSBC Holdings, plc. Common Stock",$103.80,0.01,0.01%,"356,730,785,318"
UNH,UnitedHealth Group Incorporated Common Stock (DE),$395.62,-6.11,-1.521%,"355,106,473,370"
MS,Morgan Stanley Common Stock,$218.21,0.85,0.391%,"342,713,270,577"
HD,"Home Depot, Inc. (The) Common Stock",$337.88,-0.98,-0.289%,"336,905,784,514"
MRK,"Merck & Company, Inc. Common Stock (new)",$135.97,0.13,0.096%,"335,461,327,619"
PG,Procter & Gamble Company (The) Common Stock,$143.12,-1.43,-0.989%,"332,672,859,547"
NFLX,"Netflix, Inc. Common Stock",$76.02,-2.14,-2.738%,"316,542,694,170"
DELL,Dell Technologies Inc. Class C Common Stock ,$479.81,-11.00,-2.241%,"310,968,695,162"
PANW,"Palo Alto Networks, Inc. Common Stock",$375.76,-8.51,-2.215%,"306,244,400,000"
GS,"Goldman Sachs Group, Inc. (The) Common Stock","$1,051.31",11.89,1.144%,"306,111,412,944"
RY,Royal Bank Of Canada Common Stock,$216.19,-0.37,-0.171%,"300,455,951,677"
TM,Toyota Motor Corporation Common Stock,$189.18,-1.93,-1.01%,"298,809,572,768"
RTX,RTX Corporation Common Stock,$221.64,-1.33,-0.596%,"298,717,115,036"
BABA,Alibaba Group Holding Limited American Depositary Shares each representing eight Ordinary share,$124.71,0.90,0.727%,"291,040,218,805"
NVS,Novartis AG Common Stock,$151.97,1.09,0.722%,"289,981,810,658"
ARM,Arm Holdings plc American Depositary Shares,$271.43,-8.01,-2.866%,"288,816,517,050"
PM,Philip Morris International Inc Common Stock,$184.52,-5.87,-3.083%,"287,595,351,764"
GEV,GE Vernova Inc. Common Stock,"$1,079.00",15.75,1.481%,"287,373,933,899"
MUFG,"Mitsubishi UFJ Financial Group, Inc. Common Stock",$23.03,-0.03,-0.13%,"273,313,382,488"
KLAC,KLA Corporation Common Stock,$205.76,2.27,1.116%,"268,835,066,070"
WFC,Wells Fargo & Company Common Stock,$87.54,-1.28,-1.441%,"264,720,901,873"
SNDK,Sandisk Corporation Common Stock,"$1,786.85",145.74,8.881%,"264,614,184,082"
SHEL,Shell PLC American Depositary Shares (each representing two (2) Ordinary Shares) ,$91.62,1.15,1.271%,"260,653,937,403"
TXN,Texas Instruments Incorporated Common Stock,$282.91,3.33,1.191%,"258,366,902,846"
SAP,SAP  SE ADS,$207.84,-0.13,-0.063%,"255,332,319,579"
ANET,"Arista Networks, Inc. Common Stock",$201.80,2.98,1.499%,"254,515,133,966"
AZN,AstraZeneca PLC Ordinary Shares,$156.89,0.44,0.281%,"243,293,381,587"
C,"Citigroup, Inc. Common Stock",$138.51,-0.82,-0.589%,"232,341,768,813"
AXP,American Express Company Common Stock,$336.21,-6.27,-1.831%,"227,045,918,953"
AMGN,Amgen Inc. Common Stock,$419.38,4.17,1.004%,"226,730,250,257"
STX,Seagate Technology Holdings PLC Ordinary Shares (Ireland),$994.79,21.35,2.193%,"225,463,700,061"
CCZ,Comcast Holdings ZONES,$63.30,1.10,1.768%,"224,628,695,071"
BHP,BHP Group Limited American Depositary Shares (Each representing two Ordinary Shares),$88.37,1.59,1.832%,"224,521,292,530"
LIN,Linde plc Ordinary Shares,$474.33,-8.41,-1.742%,"218,656,720,716"
CRWD,"CrowdStrike Holdings, Inc. Class A Common Stock",$213.90,-3.05,-1.406%,"217,805,659,992"
TMO,Thermo Fisher Scientific Inc Common Stock,$585.51,-2.78,-0.473%,"216,490,733,426"
IBM,International Business Machines Corporation Common Stock,$228.85,-5.47,-2.334%,"215,607,455,152"
SAN,"Banco Santander, S.A. Sponsored ADR (Spain)",$14.59,-0.17,-1.152%,"214,317,171,534"
APH,Amphenol Corporation Common Stock,$170.87,3.76,2.25%,"210,679,883,298"
TD,Toronto Dominion Bank (The) Common Stock,$124.34,-0.02,-0.016%,"205,461,902,800"
MRVL,"Marvell Technology, Inc. Common Stock",$234.33,12.31,5.545%,"205,218,345,902"
VZ,Verizon Communications Inc. Common Stock,$48.06,-0.42,-0.866%,"199,678,496,208"
NVO,Novo Nordisk A/S Common Stock,$44.88,-1.01,-2.201%,"198,725,521,738"
TTE,TotalEnergies SE Ordinary Shares,$88.63,0.30,0.34%,"193,378,411,689"
TMUS,"T-Mobile US, Inc. Common Stock",$180.12,-2.49,-1.364%,"193,209,610,934"
SHOP,Shopify Inc. Class A Subordinate Voting Shares,$148.65,-5.67,-3.674%,"192,622,308,866"
SCHW,Charles Schwab Corporation (The) Common Stock,$110.58,-0.51,-0.459%,"191,229,943,254"
ABT,Abbott Laboratories Common Stock,$110.37,-0.88,-0.791%,"190,982,404,380"
ADI,"Analog Devices, Inc. Common Stock",$390.28,0.89,0.229%,"190,100,329,971"
PEP,"PepsiCo, Inc. Common Stock",$138.24,-2.55,-1.811%,"188,682,608,978"
MCD,McDonald's Corporation Common Stock,$265.53,-7.30,-2.676%,"187,900,055,726"
WDC,Western Digital Corporation Common Stock,$536.01,27.21,5.348%,"184,753,069,037"
NEE,"NextEra Energy, Inc. Common Stock",$86.22,0.03,0.035%,"179,853,041,180"
DIS,Walt Disney Company (The) Common Stock,$103.50,-3.35,-3.135%,"178,712,094,357"
BA,Boeing Company (The) Common Stock,$225.95,-5.72,-2.469%,"178,584,106,019"
UNP,Union Pacific Corporation Common Stock,$299.90,6.22,2.118%,"178,163,241,850"
BLK,"BlackRock, Inc. Common Stock","$1,147.11",-26.62,-2.268%,"177,652,075,691"
ETN,"Eaton Corporation, PLC Ordinary Shares",$455.40,3.89,0.862%,"176,877,360,000"
GILD,"Gilead Sciences, Inc. Common Stock",$138.92,0.56,0.405%,"172,254,570,133"
QCOM,QUALCOMM Incorporated Common Stock,$162.18,-3.61,-2.177%,"170,326,937,308"
WELL,Welltower Inc. Common Stock,$235.30,-0.22,-0.093%,"169,591,286,970"
T,AT&T Inc.,$24.68,-0.21,-0.844%,"169,116,877,842"
TJX,"TJX Companies, Inc. (The) Common Stock",$150.85,-1.26,-0.828%,"166,644,665,679"
UBS,UBS Group AG Registered Ordinary Shares,$53.44,-0.19,-0.354%,"165,847,580,241"
BBVA,Banco Bilbao Vizcaya Argentaria S.A. Common Stock,$28.80,0.10,0.348%,"164,418,298,560"
DE,Deere & Company Common Stock,$599.92,-8.93,-1.467%,"161,940,860,006"
SCCO,Southern Copper Corporation Common Stock,$192.04,7.43,4.025%,"160,225,060,820"
CRM,"Salesforce, Inc. Common Stock",$190.97,-5.24,-2.671%,"156,404,430,000"
BKNG,Booking Holdings Inc. Common Stock,$204.76,-7.30,-3.442%,"153,852,671,180"
COP,ConocoPhillips Common Stock,$127.56,0.78,0.615%,"153,242,608,821"
UBER,"Uber Technologies, Inc. Common Stock",$74.99,-0.96,-1.264%,"153,171,583,474"
PFE,"Pfizer, Inc. Common Stock",$26.87,0.08,0.299%,"153,150,229,336"
BUD,Anheuser-Busch Inbev SA Sponsored ADR (Belgium),$77.20,-2.53,-3.173%,"152,248,671,769"
GLW,Corning Incorporated Common Stock,$173.21,7.22,4.35%,"149,201,072,813"
DHR,Danaher Corporation Common Stock,$202.63,0.18,0.089%,"142,446,064,122"
SONY,Sony Group Corporation American Depositary Shares ,$23.70,-0.59,-2.429%,"140,011,678,370"
ISRG,"Intuitive Surgical, Inc. Common Stock",$390.33,-4.18,-1.06%,"137,895,016,573"
TBB,AT&T Inc. 5.350% Global Notes due 2066,$19.28,-0.21,-1.077%,"137,859,432,054"
LMT,Lockheed Martin Corporation Common Stock,$593.74,-14.94,-2.454%,"137,029,701,686"
COF,Capital One Financial Corporation Common Stock,$221.45,-5.89,-2.591%,"135,856,216,932"
MFG,"Mizuho Financial Group, Inc. Sponosred ADR (Japan)",$10.83,-0.04,-0.368%,"134,825,301,365"
UL,Unilever PLC American Depositary Shares (each representing One Ordinary Share),$61.23,-0.86,-1.385%,"133,800,117,274"
MNST,Monster Beverage Corporation,$45.52,-1.30,-2.777%,"133,764,188,229"
PLD,"Prologis, Inc. Common Stock",$140.62,-0.41,-0.291%,"133,318,447,120"
PH,Parker-Hannifin Corporation Common Stock,"$1,053.76",-2.09,-0.198%,"132,864,793,273"
BMY,Bristol-Myers Squibb Company Common Stock,$64.63,0.80,1.253%,"132,020,648,217"
CB,Chubb Limited  Common Stock,$340.86,-2.78,-0.809%,"131,503,739,939"
VRTX,Vertex Pharmaceuticals Incorporated Common Stock,$515.55,9.80,1.938%,"130,671,779,368"
BMO,Bank Of Montreal Common Stock,$185.28,-0.53,-0.285%,"130,607,561,481"
SYK,Stryker Corporation Common Stock,$331.68,-7.53,-2.22%,"127,223,507,897"
NEM,Newmont Corporation,$120.33,2.57,2.182%,"126,790,790,969"
PDD,PDD Holdings Inc. American Depositary Shares,$86.94,2.15,2.536%,"123,750,088,406"
SBUX,Starbucks Corporation Common Stock,$107.92,0.23,0.214%,"123,028,800,000"
RIO,Rio Tinto Plc Common Stock,$97.21,1.53,1.599%,"122,099,510,751"
NOW,"ServiceNow, Inc. Common Stock",$117.70,-6.30,-5.081%,"121,701,800,000"
SPGI,S&P Global Inc. Common Stock,$410.53,-8.27,-1.975%,"121,024,244,000"
LOW,"Lowe's Companies, Inc. Common Stock",$215.81,-2.66,-1.218%,"121,006,186,518"
BTI,"British American Tobacco  Industries, p.l.c. Common Stock ADR",$55.73,-1.33,-2.331%,"120,815,414,661"
CVS,CVS Health Corporation Common Stock,$94.01,-3.15,-3.242%,"120,236,004,390"
SMFG,Sumitomo Mitsui Financial Group Inc Unsponsored American Depositary Shares (Japan),$26.24,-0.08,-0.304%,"119,689,820,641"
HDB,HDFC Bank Limited Common Stock,$23.15,-0.22,-0.941%,"118,785,492,264"
PGR,Progressive Corporation (The) Common Stock,$203.84,-5.76,-2.748%,"118,506,821,597"
PBR,Petroleo Brasileiro S.A. Petrobras ADS,$18.25,0.37,2.069%,"117,609,686,453"
MDT,Medtronic plc. Ordinary Shares,$90.60,-0.67,-0.734%,"115,972,094,214"
HWM,Howmet Aerospace Inc. Common Stock,$289.12,-0.06,-0.021%,"115,301,460,479"
SNOW,Snowflake Inc. Common Stock,$330.11,1.19,0.362%,"114,416,126,000"
FTNT,"Fortinet, Inc. Common Stock",$155.85,-4.16,-2.60%,"114,349,272,820"
ACN,Accenture plc Class A Ordinary Shares (Ireland),$169.98,-6.91,-3.906%,"113,463,385,496"
CM,Canadian Imperial Bank of Commerce Common Stock,$123.45,-0.29,-0.234%,"112,932,983,529"
VRT,"Vertiv Holdings, LLC Class A Common Stock",$292.43,-1.41,-0.48%,"112,582,091,430"
BP,BP p.l.c. Common Stock,$42.85,0.32,0.752%,"112,178,317,683"
BNS,Bank Nova Scotia Halifax Pfd 3 Ordinary Shares,$91.35,-0.19,-0.208%,"112,067,025,336"
BNY,The Bank of New York Mellon Corporation Common Stock,$164.27,1.03,0.631%,"111,457,875,406"
ENB,Enbridge Inc Common Stock,$50.58,-0.33,-0.648%,"110,446,381,731"
NET,"Cloudflare, Inc. Class A Common Stock",$307.01,-8.77,-2.777%,"109,320,033,302"
SNY,Sanofi ADS,$44.41,0.69,1.578%,"108,309,514,667"
EQIX,"Equinix, Inc. Common Stock REIT","$1,097.61",-4.49,-0.407%,"108,303,029,270"
ABNB,"Airbnb, Inc. Class A Common Stock",$179.29,-4.77,-2.592%,"107,356,284,926"
MO,"Altria Group, Inc.",$63.96,-1.74,-2.648%,"106,796,821,507"
PWR,"Quanta Services, Inc. Common Stock",$722.31,36.53,5.327%,"106,417,772,669"
SO,Southern Company (The) Common Stock,$92.29,-0.51,-0.55%,"106,166,998,132"
GD,General Dynamics Corporation Common Stock,$391.14,-4.64,-1.172%,"105,825,741,252"
ADP,"Automatic Data Processing, Inc. Common Stock",$266.06,-6.90,-2.528%,"105,695,723,806"
BX,Blackstone Inc. Common Stock,$140.57,-3.36,-2.334%,"105,515,372,275"
IBN,ICICI Bank Limited Common Stock,$29.40,-0.34,-1.143%,"105,253,654,779"
BN,Brookfield Corporation Class A Limited Voting Shares,$42.75,-1.10,-2.509%,"104,769,548,179"
TT,Trane Technologies plc,$475.32,-4.88,-1.016%,"104,581,416,492"
EQNR,Equinor ASA,$41.82,1.05,2.575%,"104,561,334,475"
APP,Applovin Corporation Class A Common Stock,$311.98,-3.46,-1.097%,"104,404,418,980"
ING,"ING Group, N.V. Common Stock",$35.63,-0.07,-0.196%,"103,413,854,823"
CNQ,Canadian Natural Resources Limited Common Stock,$49.27,1.30,2.71%,"101,931,746,800"
GSK,GSK plc American Depositary Shares (Each representing two Ordinary Shares),$50.28,0.76,1.535%,"101,823,438,555"
PNC,"PNC Financial Services Group, Inc. (The) Common Stock",$254.55,-2.42,-0.942%,"101,551,110,435"
SPOT,Spotify Technology S.A. Ordinary Shares,$492.47,-20.35,-3.968%,"101,366,344,572"
USB,U.S. Bancorp Common Stock,$64.87,-0.55,-0.841%,"101,070,797,302"
ADBE,Adobe Inc. Common Stock,$254.04,-9.98,-3.78%,"100,980,900,000"
MPC,Marathon Petroleum Corporation Common Stock,$358.18,2.76,0.777%,"100,585,813,611"
MCK,McKesson Corporation Common Stock,$859.92,-9.08,-1.045%,"100,258,384,951"
VLO,Valero Energy Corporation Common Stock,$347.19,5.52,1.616%,"99,965,535,185"
CEG,Constellation Energy Corporation Common Stock ,$278.20,-4.30,-1.522%,"98,568,312,838"
FCX,"Freeport-McMoRan, Inc. Common Stock",$68.38,1.89,2.843%,"98,194,878,223"
KKR,KKR & Co. Inc. Common Stock,$108.83,-5.18,-4.543%,"97,689,682,457"
RACE,Ferrari N.V. Common Shares,$417.10,2.25,0.542%,"97,578,265,131"
BCS,Barclays PLC Common Stock,$27.80,-0.34,-1.208%,"96,647,340,401"
DUK,Duke Energy Corporation (Holding Company) Common Stock,$123.58,-0.34,-0.274%,"96,355,597,011"
CME,CME Group Inc. Class A Common Stock,$267.88,-1.92,-0.712%,"96,324,092,972"
PSX,Phillips 66 Common Stock,$240.55,6.94,2.971%,"95,984,481,344"
AEM,Agnico Eagle Mines Limited Common Stock,$188.78,2.32,1.244%,"95,817,365,202"
CSX,CSX Corporation Common Stock,$50.58,0.42,0.837%,"93,698,181,302"
JCI,Johnson Controls International plc Ordinary Share,$153.92,0.28,0.182%,"93,235,727,062"
MAR,Marriott International Class A Common Stock,$356.57,-0.15,-0.042%,"92,981,435,312"
MMM,3M Company Common Stock,$180.21,-2.44,-1.336%,"92,938,336,768"
DASH,"DoorDash, Inc. Class A Common Stock",$212.72,-4.30,-1.981%,"92,171,137,159"
INTU,Intuit Inc. Common Stock,$335.60,-10.06,-2.91%,"91,799,017,200"
LYG,Lloyds Banking Group Plc American Depositary Shares,$6.15,-0.06,-0.966%,"91,149,235,571"
CMCSA,Comcast Corporation Class A Common Stock,$25.57,-0.61,-2.33%,"90,738,637,172"
MELI,"MercadoLibre, Inc. Common Stock","$1,787.57",-57.01,-3.091%,"90,624,082,351"
EMR,Emerson Electric Company Common Stock,$162.05,-1.12,-0.686%,"90,391,490,000"
WMB,"Williams Companies, Inc. (The) Common Stock",$73.45,-1.75,-2.327%,"89,841,650,818"
WM,"Waste Management, Inc. Common Stock",$224.02,-0.53,-0.236%,"89,544,195,520"
CDNS,"Cadence Design Systems, Inc. Common Stock",$323.47,-1.35,-0.416%,"89,081,373,710"
ASX,"ASE Technology Holding Co., Ltd. American Depositary Shares (each representing Two Common Shares) ",$39.91,0.37,0.936%,"88,875,530,749"
DDOG,"Datadog, Inc. Class A Common Stock",$247.32,-8.14,-3.186%,"88,806,434,936"
CMI,Cummins Inc. Common Stock,$641.16,9.90,1.568%,"88,264,962,485"
E,ENI S.p.A. Common Stock,$56.03,0.75,1.357%,"88,156,624,669"
MRSH,Marsh Common Stock,$184.21,-3.61,-1.922%,"87,907,087,678"
HCA,"HCA Healthcare, Inc. Common Stock",$404.98,0.30,0.074%,"87,678,777,470"
UPS,"United Parcel Service, Inc. Common Stock",$102.02,-2.48,-2.373%,"86,796,736,996"
ICE,Intercontinental Exchange Inc. Common Stock,$154.31,-0.42,-0.271%,"86,628,783,289"
HOOD,"Robinhood Markets, Inc. Class A Common Stock",$96.25,0.69,0.722%,"86,536,668,776"
SHW,Sherwin-Williams Company (The) Common Stock,$349.97,-9.13,-2.542%,"84,958,070,105"
ELV,"Elevance Health, Inc. Common Stock",$390.24,-10.08,-2.518%,"84,631,071,730"
BAM,Brookfield Asset Management Inc Class A Limited Voting Shares,$52.57,-1.74,-3.204%,"83,966,750,036"
CP,Canadian Pacific Kansas City Limited Common Shares,$93.92,0.42,0.449%,"83,801,425,206"
EPD,Enterprise Products Partners L.P. Common Stock,$38.61,-0.29,-0.746%,"83,377,413,495"
REGN,"Regeneron Pharmaceuticals, Inc. Common Stock",$805.93,2.45,0.305%,"82,974,513,479"
MCO,Moody's Corporation Common Stock,$477.17,-7.79,-1.606%,"82,645,844,000"
ITW,Illinois Tool Works Inc. Common Stock,$287.28,-3.53,-1.214%,"81,817,344,000"
ITUB,Itau Unibanco Banco Holding SA American Depositary Shares (Each repstg 500 Preferred shares),$7.36,-0.04,-0.541%,"81,155,220,541"
NOC,Northrop Grumman Corporation Common Stock,$570.20,-15.67,-2.675%,"81,004,337,425"
RCL,Royal Caribbean Cruises Ltd. Common Stock,$301.79,-3.21,-1.052%,"80,714,364,430"
NGG,"National Grid Transco, PLC National Grid PLC (NEW) American Depositary Shares",$81.29,0.24,0.296%,"80,664,796,740"
AMT,American Tower Corporation (REIT) Common Stock,$172.23,-3.35,-1.908%,"80,252,299,067"
SLB,SLB Limited Common Shares,$53.86,0.09,0.167%,"79,935,954,422"
APO,"Apollo Global Management, Inc. (New) Common Stock",$134.54,-6.22,-4.419%,"79,451,676,612"
NTES,"NetEase, Inc. American Depositary Shares",$124.40,-0.72,-0.575%,"79,383,136,262"
MDLZ,"Mondelez International, Inc. Class A Common Stock",$62.18,-1.43,-2.248%,"79,360,834,984"
CTAS,Cintas Corporation Common Stock,$197.82,-1.70,-0.852%,"79,161,542,557"
SNPS,"Synopsys, Inc. Common Stock",$413.22,-8.28,-1.964%,"79,123,086,677"
FDX,FedEx Corporation Common Stock,$331.49,-3.15,-0.941%,"78,427,391,475"
NWG,"NatWest Group plc American Depositary Shares, (each representing two (2) Ordinary Shares)",$19.04,-0.06,-0.314%,"78,321,437,536"
SU,Suncor Energy  Inc. Common Stock,$66.66,0.84,1.276%,"77,967,509,936"
ECL,Ecolab Inc. Common Stock,$275.84,-0.27,-0.098%,"77,325,841,852"
CVNA,Carvana Co. Class A Common Stock,$70.09,-5.50,-7.276%,"77,131,505,639"
EOG,"EOG Resources, Inc. Common Stock",$146.15,3.54,2.482%,"76,659,939,072"
NSC,Norfolk Southern Corporation Common Stock,$341.12,6.71,2.007%,"76,618,408,198"
CNI,Canadian National Railway Company Common Stock,$126.59,-0.25,-0.197%,"76,473,019,000"
HPE,Hewlett Packard Enterprise Company Common Stock,$57.61,-1.10,-1.874%,"76,287,364,845"
TRV,"The Travelers Companies, Inc. Common Stock",$364.51,-5.85,-1.58%,"76,027,681,269"
MSI,"Motorola Solutions, Inc. Common Stock",$457.08,-9.43,-2.021%,"75,643,900,619"
ROST,"Ross Stores, Inc. Common Stock",$235.28,-10.08,-4.108%,"75,473,371,561"
LITE,Lumentum Holdings Inc. Common Stock,$968.90,42.76,4.617%,"75,380,420,000"
BSX,Boston Scientific Corporation Common Stock,$51.43,-0.40,-0.772%,"74,533,874,522"
GM,General Motors Company Common Stock,$84.37,-2.40,-2.766%,"74,030,586,514"
MFC,Manulife Financial Corporation Common Stock,$44.23,-0.23,-0.517%,"73,815,027,434"
AON,Aon plc Class A Ordinary Shares (Ireland),$347.22,-8.61,-2.42%,"73,654,193,193"
HLT,Hilton Worldwide Holdings Inc. Common Stock ,$326.12,-1.09,-0.333%,"73,398,168,449"
DLR,"Digital Realty Trust, Inc. Common Stock",$197.91,-2.24,-1.119%,"73,233,859,592"
SE,"Sea Limited American Depositary Shares, each representing one Class A Ordinary Share",$119.45,-2.49,-2.042%,"73,161,276,153"
NBIS,Nebius Group N.V. Class A Ordinary Shares,$268.85,-8.83,-3.18%,"73,088,275,359"
ORLY,"O'Reilly Automotive, Inc. Common Stock",$90.23,-0.82,-0.901%,"72,992,532,262"
CI,The Cigna Group Common Stock,$275.33,-7.23,-2.559%,"72,753,333,010"
HON,Honeywell International Inc. Common Stock,$229.45,-4.51,-1.928%,"72,721,885,295"
URI,"United Rentals, Inc. Common Stock","$1,164.82",10.99,0.952%,"72,501,296,037"
ET,Energy Transfer LP Common Units ,$20.94,-0.11,-0.523%,"72,102,693,645"
KMI,"Kinder Morgan, Inc. Common Stock",$32.33,-0.49,-1.493%,"71,992,511,537"
CL,Colgate-Palmolive Company Common Stock,$90.21,-1.74,-1.892%,"71,912,960,904"
SPG,"Simon Property Group, Inc. Common Stock",$221.67,2.09,0.952%,"71,721,664,330"
DB,Deutsche Bank AG Common Stock,$38.12,-0.44,-1.141%,"71,718,968,000"
NU,Nu Holdings Ltd. Class A Ordinary Shares,$14.74,-0.49,-3.217%,"71,572,629,336"
AMX,"America Movil, S.A.B. de C.V. American Depositary Shares (each representing the right to receive twenty (20) Series B Shares",$23.68,0.23,0.981%,"71,270,880,000"
WBD,"Warner Bros. Discovery, Inc. Series A Common Stock ",$27.93,-0.06,-0.214%,"70,123,943,560"
B,Barrick Mining Corporation Common Shares,$42.52,0.92,2.212%,"69,983,005,496"
MPWR,"Monolithic Power Systems, Inc. Common Stock","$1,415.99",13.98,0.997%,"69,585,996,570"
TER,"Teradyne, Inc. Common Stock",$443.14,24.35,5.814%,"69,280,839,955"
AEP,"American Electric Power Company, Inc. Common Stock",$126.53,0.93,0.74%,"68,882,596,949"
PCAR,PACCAR Inc. Common Stock,$130.84,0.05,0.038%,"68,869,590,451"
COHR,Coherent Corp. Common Stock,$351.22,25.39,7.792%,"68,712,442,322"
TGT,Target Corporation Common Stock,$151.01,-3.47,-2.246%,"68,587,399,823"
TDG,Transdigm Group Incorporated Common Stock,"$1,237.82",-19.08,-1.518%,"68,422,388,176"
BE,Bloom Energy Corporation Class A Common Stock,$232.16,2.22,0.965%,"68,377,468,647"
APD,"Air Products and Chemicals, Inc. Common Stock",$300.86,-8.11,-2.625%,"66,997,168,556"
FIX,"Comfort Systems USA, Inc. Common Stock","$1,881.18",107.12,6.038%,"66,206,867,828"
RSG,"Republic Services, Inc. Common Stock",$215.26,0.55,0.256%,"65,915,405,644"
ALL,Allstate Corporation (The) Common Stock,$258.10,-3.31,-1.266%,"65,262,636,895"
IMO,Imperial Oil Limited Common Stock,$134.88,1.60,1.20%,"65,227,023,840"
BRKRP,"Bruker Corporation 6.375% Mandatory Convertible Preferred Stock, Series A",$424.62,-0.79,-0.186%,"64,694,812,760"
BKR,Baker Hughes Company Class A Common Stock,$64.90,0.08,0.123%,"64,424,547,208"
CRH,CRH PLC Ordinary Shares,$96.05,-1.10,-1.132%,"64,290,052,444"
TFC,Truist Financial Corporation Common Stock,$52.53,-0.57,-1.073%,"64,172,023,656"
AJG,Arthur J. Gallagher & Co. Common Stock,$247.97,-3.24,-1.29%,"63,554,711,000"
TRP,TC Energy Corporation Common Stock,$63.28,-0.74,-1.156%,"63,280,000,000"
CIEN,Ciena Corporation Common Stock,$445.18,16.41,3.827%,"63,016,529,816"
TEL,TE Connectivity plc Ordinary Shares,$217.38,1.15,0.532%,"62,934,385,503"
GWW,"W.W. Grainger, Inc. Common Stock","$1,317.68",-4.96,-0.375%,"62,063,969,255"
WPM,Wheaton Precious Metals Corp Common Shares (Canada),$136.61,2.40,1.788%,"62,042,793,228"
NOK,Nokia Corporation Sponsored American Depositary Shares,$10.78,0.02,0.186%,"61,901,343,923"
NUE,Nucor Corporation Common Stock,$272.68,3.77,1.402%,"61,864,459,332"
KEYS,Keysight Technologies Inc. Common Stock,$361.15,3.33,0.931%,"61,718,862,153"
MET,"MetLife, Inc. Common Stock",$96.68,-0.98,-1.003%,"61,437,909,302"
ARGX,argenx SE American Depositary Shares,$987.84,136.55,16.04%,"61,308,203,282"
RELX,RELX PLC PLC American Depositary Shares (Each representing One Ordinary Share),$33.56,-0.87,-2.527%,"61,212,684,732"
AFL,AFLAC Incorporated Common Stock,$120.98,-0.47,-0.387%,"60,652,512,192"
D,"Dominion Energy, Inc. Common Stock",$68.77,UNCH,--,"60,484,999,513"
CVE,Cenovus Energy Inc Common Stock,$32.13,1.12,3.612%,"60,243,750,000"
OKE,"ONEOK, Inc. Common Stock",$95.32,0.33,0.347%,"60,086,836,658"
MPLX,MPLX LP Common Units Representing Limited Partner Interests,$59.08,-0.40,-0.672%,"59,898,745,469"
CBRS,Cerebras Systems Inc. Class A Common Stock,$251.98,33.00,15.07%,"59,861,387,051"
COR,"Cencora, Inc. Common Stock",$312.52,-1.30,-0.414%,"59,637,305,606"
TRGP,"Targa Resources, Inc. Common Stock",$277.94,2.15,0.78%,"59,598,957,977"
GRMN,Garmin Ltd. Common Stock (Switzerland),$307.50,-2.70,-0.87%,"59,302,154,820"
O,Realty Income Corporation Common Stock,$62.40,-0.34,-0.542%,"59,044,005,259"
OXY,Occidental Petroleum Corporation Common Stock,$59.04,0.68,1.165%,"59,018,590,384"
FAST,Fastenal Company Common Stock,$51.23,0.21,0.412%,"58,786,300,665"
VALE,VALE S.A.  American Depositary Shares Each Representing one common share,$13.75,0.12,0.88%,"58,705,822,354"
NXPI,NXP Semiconductors N.V. Common Stock,$232.72,-1.99,-0.848%,"58,683,646,573"
CRWV,"CoreWeave, Inc. Class A Common Stock",$106.00,0.74,0.703%,"58,462,879,812"
AME,"AMETEK, Inc.",$254.17,-0.62,-0.243%,"58,271,330,387"
NKE,"Nike, Inc. Common Stock",$39.09,-1.64,-4.027%,"57,989,964,300"
FANG,"Diamondback Energy, Inc. Common Stock",$206.29,3.82,1.887%,"57,766,223,780"
DAL,"Delta Air Lines, Inc. Common Stock",$87.59,-1.76,-1.97%,"57,601,201,198"
PSA,Public Storage Common Stock,$324.31,-1.62,-0.497%,"56,955,689,968"
SOMN,Southern Company (The) 2025 Series A Corporate Units,$49.14,-0.02,-0.041%,"56,528,836,149"
SRE,DBA Sempra Common Stock,$85.94,-0.47,-0.544%,"56,196,195,907"
MT,Arcelor Mittal NY Registry Shares NEW,$73.80,-0.06,-0.081%,"56,171,085,442"
ALAB,"Astera Labs, Inc. Common Stock",$320.17,-1.44,-0.448%,"55,544,725,748"
LNG,"Cheniere Energy, Inc. Common Stock",$266.93,-4.71,-1.734%,"55,130,162,795"
F,Ford Motor Company Common Stock,$14.05,-0.32,-2.227%,"55,030,247,454"
TAK,Takeda Pharmaceutical Company Limited American Depositary Shares (each representing 1/2 of a share of Common Stock),$17.38,-0.25,-1.418%,"54,918,099,287"
CAH,"Cardinal Health, Inc. Common Stock",$235.66,0.49,0.208%,"54,808,796,060"
BMNP,"BitMine Immersion Technologies, Inc. 9.5% Series A Perpetual Preferred Stock",$90.80,0.20,0.221%,"54,772,956,575"
NDAQ,"Nasdaq, Inc. Common Stock",$96.68,-0.34,-0.35%,"54,041,932,325"
STT,State Street Corporation Common Stock,$193.04,1.30,0.678%,"53,028,428,716"
CRDO,Credo Technology Group Holding Ltd Ordinary Shares,$282.82,22.92,8.819%,"52,739,679,112"
EW,Edwards Lifesciences Corporation Common Stock,$90.81,-0.79,-0.862%,"52,342,884,000"
DVN,Devon Energy Corporation Common Stock,$47.57,1.72,3.751%,"52,327,000,000"
FITB,Fifth Third Bancorp Common Stock,$57.60,-0.46,-0.792%,"52,237,011,686"
HEI,Heico Corporation Common Stock,$371.28,-3.39,-0.905%,"51,881,816,226"
LHX,"L3Harris Technologies, Inc. Common Stock",$278.38,-13.44,-4.606%,"51,838,424,802"
PYPL,"PayPal Holdings, Inc. Common Stock",$60.47,-1.19,-1.93%,"51,729,719,051"
CARR,Carrier Global Corporation Common Stock ,$62.56,-0.22,-0.35%,"51,569,775,566"
HONA,Honeywell Aerospace Inc. Common Stock ,$161.56,-4.80,-2.885%,"51,206,882,251"
DEO,Diageo plc Common Stock,$91.82,-3.62,-3.793%,"51,107,300,774"
ADSK,"Autodesk, Inc. Common Stock",$241.64,-10.02,-3.982%,"50,986,040,000"
WAB,Westinghouse Air Brake Technologies Corporation Common Stock,$300.65,1.63,0.545%,"50,783,047,353"
HBANL,"Huntington Bancshares Incorporated Depositary Shares, Each Representing a 1/40th Interest in a Share of 6.875% Series J Non-Cumulative Perpetual Preferred Stock",$25.1164,-0.0762,-0.302%,"50,745,546,936"
CTVA,"Corteva, Inc. Common Stock ",$76.01,-0.67,-0.874%,"50,713,567,960"
ETR,Entergy Corporation Common Stock,$108.52,0.68,0.631%,"50,638,850,163"
AMP,"Ameriprise Financial, Inc. Common Stock",$561.63,-7.91,-1.389%,"50,488,899,287"
AU,AngloGold Ashanti PLC Ordinary Shares,$99.60,3.30,3.427%,"50,374,617,898"
STM,STMicroelectronics N.V. Common Stock,$55.79,1.50,2.763%,"49,795,097,099"
BDX,"Becton, Dickinson and Company Common Stock",$182.09,-1.31,-0.714%,"49,598,912,412"
XEL,Xcel Energy Inc. Common Stock,$79.21,0.04,0.051%,"49,477,283,378"
ROK,"Rockwell Automation, Inc. Common Stock",$444.60,-4.77,-1.061%,"49,472,399,504"
AZO,"AutoZone, Inc. Common Stock","$3,019.30",-5.70,-0.188%,"49,291,144,352"
UMC,United Microelectronics Corporation (NEW) Common Stock,$19.53,0.38,1.984%,"49,169,338,684"
RKLB,Rocket Lab Corporation Common Stock,$82.08,1.83,2.28%,"49,121,575,377"
AXON,"Axon Enterprise, Inc. Common Stock",$604.32,-8.51,-1.389%,"49,093,394,633"
VST,Vistra Corp. Common Stock,$146.11,-2.02,-1.364%,"49,039,658,341"
XYZ,"Block, Inc. Class A Common Stock,",$80.20,-2.68,-3.234%,"48,183,759,000"
FLEX,Flex Ltd. Ordinary Shares,$130.00,3.84,3.044%,"48,022,387,140"
CCEP,Coca-Cola Europacific Partners plc Ordinary Shares,$105.57,-2.07,-1.923%,"47,926,925,452"
FERG,Ferguson Enterprises Inc. Common Stock,$244.98,0.04,0.016%,"47,392,046,611"
WDAY,"Workday, Inc. Class A Common Stock",$191.18,-7.50,-3.775%,"47,221,460,000"
INFY,Infosys Limited American Depositary Shares,$11.62,-0.47,-3.888%,"47,134,904,257"
EXC,Exelon Corporation Common Stock,$45.57,-0.29,-0.632%,"47,039,813,276"
PCG,Pacific Gas & Electric Co. Common Stock,$17.50,-0.34,-1.906%,"46,901,933,680"
VTR,"Ventas, Inc. Common Stock",$91.17,-0.35,-0.382%,"46,765,319,550"
ARES,Ares Management Corporation Class A Common Stock,$141.34,-2.68,-1.861%,"46,681,383,547"
HUM,Humana Inc. Common Stock,$384.31,-4.74,-1.218%,"46,148,063,167"
FNV,Franco-Nevada Corporation,$238.56,4.35,1.857%,"46,011,976,114"
FER,Ferrovial N.V. Ordinary Shares,$63.92,-0.21,-0.327%,"45,987,739,508"
MDLN,Medline Inc. Class A Common Stock,$34.88,-0.86,-2.406%,"45,856,997,321"
RVMD,"Revolution Medicines, Inc. Common Stock",$212.00,8.29,4.07%,"45,439,320,616"
NTRA,"Natera, Inc. Common Stock",$314.18,4.25,1.371%,"45,287,215,331"
TTWO,"Take-Two Interactive Software, Inc. Common Stock",$241.61,-5.34,-2.162%,"45,176,344,833"
IX,ORIX Corporation American Depositary Shares,$40.13,-0.03,-0.075%,"45,110,398,821"
SLF,Sun Life Financial Inc. Common Stock,$80.71,-0.66,-0.811%,"44,944,558,331"
EBAY,eBay Inc. Common Stock,$100.94,-2.20,-2.133%,"44,918,300,000"
WDS,"Woodside Energy Group Limited American Depositary Shares, each representing one Ordinary Share",$23.61,0.44,1.899%,"44,884,974,376"
VIK,Viking Holdings Ltd Ordinary Shares,$99.86,1.87,1.908%,"44,516,193,855"
ODFL,"Old Dominion Freight Line, Inc. Common Stock",$211.96,0.99,0.469%,"43,951,309,599"
ABEV,Ambev S.A. American Depositary Shares (Each representing 1 Common Share),$2.78,-0.02,-0.714%,"43,817,355,742"
MCHP,Microchip Technology Incorporated Common Stock,$80.26,1.09,1.377%,"43,581,877,540"
LYV,"Live Nation Entertainment, Inc. Common Stock",$184.44,-4.02,-2.133%,"43,460,309,138"
KB,KB Financial Group Inc,$120.31,0.36,0.30%,"43,141,688,834"
IDXX,"IDEXX Laboratories, Inc. Common Stock",$546.09,-4.87,-0.884%,"43,021,579,636"
PRU,"Prudential Financial, Inc. Common Stock",$124.56,-0.57,-0.456%,"42,973,200,000"
CCJ,Cameco Corporation Common Stock,$98.58,0.84,0.859%,"42,934,840,971"
TRI,Thomson Reuters Corporation Common Shares,$99.06,-4.55,-4.391%,"42,912,792,000"
CBRE,CBRE Group Inc Common Stock Class A,$147.96,-4.90,-3.206%,"42,845,561,092"
IBKR,"Interactive Brokers Group, Inc. Class A Common Stock",$94.33,2.27,2.466%,"42,738,863,870"
CMG,"Chipotle Mexican Grill, Inc. Common Stock",$33.76,0.26,0.776%,"42,720,511,680"
HLN,Haleon plc American Depositary Shares (Each representing two Ordinary Shares),$9.58,-0.12,-1.237%,"42,661,998,437"
BSBR,"Banco Santander Brasil SA American Depositary Shares, each representing one unit",$5.71,-0.06,-1.04%,"42,660,541,328"
TEVA,Teva Pharmaceutical Industries Limited American Depositary Shares,$36.46,-0.31,-0.843%,"42,486,695,223"
PAYX,"Paychex, Inc. Common Stock",$118.54,-3.48,-2.852%,"42,162,646,224"
WCN,"Waste Connections, Inc. Common Shares",$165.01,-1.28,-0.77%,"42,114,681,870"
A,"Agilent Technologies, Inc. Common Stock",$148.45,-0.08,-0.054%,"41,927,022,087"
DHI,"D.R. Horton, Inc. Common Stock",$148.34,-0.47,-0.316%,"41,490,885,947"
HMC,"Honda Motor Company, Ltd. Common Stock",$31.90,0.32,1.013%,"41,391,105,367"
ONC,BeOne Medicines Ltd. American Depositary Shares,$362.51,15.03,4.325%,"41,218,067,431"
KDP,Keurig Dr Pepper Inc. Common Stock,$30.28,-1.16,-3.69%,"41,205,812,431"
RKT,"Rocket Companies, Inc. Class A Common Stock",$14.50,-0.26,-1.762%,"41,058,815,105"
HBANM,Huntington Bancshares Incorporated Depositary Shares each representing a 1/1000th interest in a share of Huntington Series I Preferred Stock,$20.30,-0.29,-1.408%,"41,014,420,968"
ED,"Consolidated Edison, Inc. Common Stock",$108.99,0.19,0.175%,"40,307,622,711"
TEAM,Atlassian Corporation Class A Common Stock,$158.34,-3.88,-2.392%,"40,181,603,269"
NTAP,"NetApp, Inc. Common Stock",$204.20,-2.88,-1.391%,"40,071,036,913"
WAT,Waters Corporation Common Stock,$407.74,-4.43,-1.075%,"40,059,684,779"
MSCI,MSCI Inc. Common Stock,$550.68,-18.45,-3.242%,"40,034,436,000"
FMX,Fomento Economico Mexicano S.A.B. de C.V. Common Stock,$117.28,-0.99,-0.837%,"39,955,122,567"
COIN,"Coinbase Global, Inc. Class A Common Stock",$150.55,2.08,1.401%,"39,720,648,758"
IQV,"IQVIA Holdings, Inc. Common Stock",$241.24,4.58,1.935%,"39,708,104,000"
UAL,"United Airlines Holdings, Inc. Common Stock",$122.26,-3.08,-2.457%,"39,683,611,965"
AIG,"American International Group, Inc. New Common Stock",$75.81,-0.83,-1.083%,"39,640,531,142"
YUM,"Yum! Brands, Inc.",$145.14,-2.97,-2.005%,"39,608,863,477"
BTSGU,"BrightSpring Health Services, Inc. Tangible Equity Unit",$198.51,-4.66,-2.294%,"39,278,030,481"
HBANZ,"Huntington Bancshares Incorporated Depositary Shares, Each Representing a 1/1000th Interest in a Share of 5.50% Series L Non-Cumulative Perpetual Preferred Stock",$19.40,-0.05,-0.257%,"39,196,047,624"
ADM,Archer-Daniels-Midland Company Common Stock,$81.29,0.84,1.044%,"39,178,494,502"
SYY,Sysco Corporation Common Stock,$81.85,-1.14,-1.374%,"39,139,246,465"
CLS,"Celestica, Inc. Common Stock",$340.40,5.35,1.597%,"39,136,845,623"
VEEV,Veeva Systems Inc. Class A Common Stock,$238.34,-5.41,-2.219%,"38,896,777,681"
P,"Everpure, Inc. Class A common stock",$116.99,-1.17,-0.99%,"38,888,052,995"
SMCIP,"Super Micro Computer, Inc. Depositary Shares representing a 1/20th Interest in a Share of 7% Series A Mandatory Convertible Preferred Stock",$64.56,-2.34,-3.498%,"38,827,577,198"
JBL,Jabil Inc. Common Stock,$369.89,6.79,1.87%,"38,759,696,350"
IRM,Iron Mountain Incorporated (Delaware)Common Stock REIT,$129.90,0.47,0.363%,"38,671,595,279"
ROP,"Roper Technologies, Inc. Common Stock",$389.71,-9.63,-2.411%,"38,542,659,607"
VOD,Vodafone Group Plc American Depositary Shares,$16.20,-0.22,-1.34%,"38,489,593,576"
JD,"JD.com, Inc. American Depositary Shares",$28.50,-0.56,-1.927%,"38,304,000,000"
EME,"EMCOR Group, Inc. Common Stock",$862.54,26.25,3.139%,"38,046,554,009"
CCL,Carnival Corporation Ltd. Common Shares,$27.73,-0.39,-1.387%,"37,980,370,070"
PEG,Public Service Enterprise Group Incorporated Common Stock,$75.61,-0.43,-0.565%,"37,685,538,468"
MSTR,Strategy Inc Common Stock Class A,$97.68,4.64,4.987%,"37,531,171,358"
MCHPP,Microchip Technology Incorporated Depositary Shares Each Representing a 1/20th Interest in a Share of 7.50% Series A Mandatory Convertible Preferred Stock,$68.96,0.82,1.203%,"37,445,879,331"
GFI,Gold Fields Limited American Depositary Shares,$41.50,1.26,3.131%,"37,143,506,251"
HIG,"The Hartford Insurance Group, Inc. Common Stock",$136.71,-1.31,-0.949%,"37,030,911,393"
STLD,"Steel Dynamics, Inc.",$258.16,2.39,0.934%,"37,001,579,198"
TKO,"TKO Group Holdings, Inc. Class A Common Stock",$195.14,-6.14,-3.05%,"36,934,091,795"
STRF,Strategy Inc 10.00% Series A Perpetual Strife Preferred Stock,$96.03,-0.18,-0.187%,"36,897,198,869"
MTB,M&T Bank Corporation Common Stock,$252.86,-1.23,-0.484%,"36,517,096,009"
EXPE,"Expedia Group, Inc. Common Stock",$318.50,-14.19,-4.265%,"36,466,941,284"
ESLT,Elbit Systems Ltd. Ordinary Shares,$782.84,-0.78,-0.10%,"36,409,053,110"
HSY,The Hershey Company Common Stock,$181.06,-3.16,-1.715%,"36,379,599,456"
EC,Ecopetrol S.A. American Depositary Shares,$17.67,0.50,2.912%,"36,326,599,767"
HBAN,Huntington Bancshares Incorporated Common Stock,$17.95,0.04,0.223%,"36,266,446,127"
STRC,Strategy Inc Variable Rate Series A Perpetual Stretch Preferred Stock,$94.36,-0.42,-0.443%,"36,255,541,864"
SHG,Shinhan Financial Group Co Ltd American Depositary Shares,$75.92,0.56,0.743%,"36,225,789,732"
ALC,Alcon Inc. Ordinary Shares,$72.49,-1.76,-2.37%,"36,223,253,000"
KVUE,Kenvue Inc. Common Stock,$18.79,-0.41,-2.135%,"36,091,333,445"
VMC,Vulcan Materials Company (Holding Company) Common Stock,$278.15,-3.85,-1.365%,"36,042,326,253"
PUK,Prudential Public Limited Company Common Stock,$28.19,0.31,1.112%,"36,016,093,169"
WEC,"WEC Energy Group, Inc. Common Stock",$110.49,-0.03,-0.027%,"36,003,098,328"
KMB,Kimberly-Clark Corporation Common Stock,$107.91,-2.48,-2.247%,"35,888,603,991"
PPLC,PPL Corporation Corporate Units,$47.51,0.01,0.021%,"35,753,405,396"
BAP,Credicorp Ltd. Common Stock,$378.28,-8.08,-2.091%,"35,702,942,875"
BIDU,"Baidu, Inc. ADS",$104.12,0.45,0.434%,"35,427,106,855"
UI,Ubiquiti Inc. Common Stock,$583.67,10.87,1.898%,"35,324,925,352"
MDB,"MongoDB, Inc. Class A Common Stock",$438.70,-21.63,-4.699%,"35,285,486,375"
TWLO,Twilio Inc. Class A Common Stock,$228.61,-9.59,-4.026%,"35,108,831,044"
QSR,Restaurant Brands International Inc. Common Shares,$77.16,-0.48,-0.618%,"35,069,906,184"
NTRS,Northern Trust Corporation Common Stock,$191.47,0.06,0.031%,"35,030,518,880"
RJF,"Raymond James Financial, Inc. Common Stock",$179.48,-1.33,-0.736%,"34,525,079,890"
VG,"Venture Global, Inc. Class A common stock",$13.75,-0.24,-1.716%,"34,376,276,701"
KR,Kroger Company (The) Common Stock,$56.07,-0.62,-1.094%,"34,351,133,102"
ERIC,Ericsson American Depositary Shares,$10.17,-0.10,-0.974%,"34,286,647,145"
RPRX,Royalty Pharma plc Class A Ordinary Shares ,$59.45,0.85,1.451%,"34,183,821,578"
SUNB,"Sunbelt Rentals Holdings, Inc. Common Stock",$83.14,-1.66,-1.958%,"34,067,494,954"
DXCM,"DexCom, Inc. Common Stock",$88.76,-0.99,-1.103%,"33,494,541,501"
ACGL,Arch Capital Group Ltd. Common Stock,$97.81,-0.90,-0.912%,"33,375,620,814"
EQT,EQT Corporation Common Stock,$53.01,-1.41,-2.591%,"33,158,603,160"
KGC,Kinross Gold Corporation Common Stock,$27.72,0.41,1.501%,"33,100,452,000"
CBOE,"Cboe Global Markets, Inc. Common Stock",$295.00,-1.14,-0.385%,"32,986,531,250"
CHT,"Chunghwa Telecom Co., Ltd.",$42.49,-0.09,-0.211%,"32,961,390,348"
NTR,Nutrien Ltd. Common Shares,$68.29,0.05,0.073%,"32,913,200,892"
CQP,"Cheniere Energy Partners, LP Common Units",$67.63,-1.42,-2.056%,"32,736,822,522"
GEHC,GE HealthCare Technologies Inc. Common Stock ,$72.37,-1.32,-1.791%,"32,688,534,057"
BBD,Banco Bradesco Sa American Depositary Shares,$3.09,-0.05,-1.592%,"32,682,967,167"
HBANP,Huntington Bancshares Incorporated Depositary Shares 4.500% Series H Non-Cumulative Perpetual Preferred Stock,$16.08,-0.075,-0.464%,"32,488,270,402"
ON,ON Semiconductor Corporation Common Stock,$83.38,0.72,0.871%,"32,460,811,297"
MLM,"Martin Marietta Materials, Inc. Common Stock",$538.66,-9.27,-1.692%,"32,355,064,836"
CASY,"Casey's General Stores, Inc. Common Stock",$870.01,23.56,2.783%,"32,194,645,229"
IR,Ingersoll Rand Inc. Common Stock,$82.31,-1.03,-1.236%,"31,936,233,001"
CNC,Centene Corporation Common Stock,$64.41,-3.06,-4.535%,"31,818,217,950"
RMD,ResMed Inc. Common Stock,$220.37,-4.09,-1.822%,"31,788,880,673"
TECK,Teck Resources Ltd Ordinary Shares,$64.84,1.31,2.062%,"31,741,957,097"
BBDO,Banco Bradesco Sa American Depositary Shares (each representing one Common Share),$3.00,-0.02,-0.662%,"31,731,036,084"
CCI,Crown Castle Inc. Common Stock,$74.44,-1.54,-2.027%,"31,670,902,879"
RDDT,"Reddit, Inc. Class A Common Stock",$164.50,-13.59,-7.631%,"31,649,225,895"
ATI,ATI Inc. Common Stock,$231.78,3.30,1.444%,"31,561,571,372"
TDY,Teledyne Technologies Incorporated Common Stock,$677.27,-2.40,-0.353%,"31,395,306,653"
FTI,TechnipFMC plc Ordinary Share,$79.81,1.20,1.527%,"31,298,639,806"
CFG,"Citizens Financial Group, Inc. Common Stock",$74.31,-0.42,-0.562%,"31,297,647,116"
EXR,Extra Space Storage Inc Common Stock,$146.89,-1.01,-0.683%,"31,033,385,375"
ZM,"Zoom Communications, Inc. Class A Common Stock",$105.56,-0.40,-0.378%,"30,953,592,932"
BIIB,Biogen Inc. Common Stock,$209.15,-0.68,-0.324%,"30,902,748,682"
AGNCN,"AGNC Investment Corp. Depositary Shares Each Representing a 1/1,000th Interest in a Share of 7.00% Series C Fixed-To-Floating Rate Cumulative Redeemable Preferred Stock",$25.87,-0.11,-0.423%,"30,668,405,034"
EL,"Estee Lauder Companies, Inc. (The) Common Stock",$84.34,-1.76,-2.044%,"30,513,783,131"
AGNCO,"AGNC Investment Corp. Depositary Shares, each representing a 1/1,000th interest in a share of 6.50% Series E Fixed-to-Floating Cumulative Redeemable Preferred Stock",$25.65,-0.03,-0.117%,"30,407,599,116"
AEE,Ameren Corporation Common Stock,$109.47,-0.27,-0.246%,"30,306,030,687"
WTW,Willis Towers Watson Public Limited Company Ordinary Shares,$326.06,-5.53,-1.668%,"30,281,823,778"
AGNCZ,"AGNC Investment Corp. Depositary Shares Each Representing a 1/1,000th Interest in a Share of 8.75% Series H Fixed-Rate Cumulative Redeemable Preferred Stock",$25.51,0.01,0.039%,"30,241,631,713"
RYAAY,Ryanair Holdings plc American Depositary Shares,$57.34,-1.47,-2.50%,"30,174,245,461"
ZTS,Zoetis Inc. Class A Common Stock,$72.97,-0.82,-1.111%,"30,152,926,238"
ALNY,"Alnylam Pharmaceuticals, Inc. Common Stock",$224.60,-4.05,-1.771%,"30,053,527,903"
AGNCP,"AGNC Investment Corp. Depositary Shares Each Representing a 1/1,000th Interest in a Share of 6.125% Series F Fixed-to-Floating Rate Cumulative Redeemable Preferred Stock",$25.35,0.04,0.158%,"30,051,954,681"
SYF,Synchrony Financial Common Stock,$80.75,-0.25,-0.309%,"30,043,647,001"
ZS,"Zscaler, Inc. Common Stock",$184.44,0.84,0.458%,"29,825,704,791"
AGNCM,AGNC Investment Corp. Depositary Shares rep 6.875% Series D Fixed-to-Floating Cumulative Redeemable Preferred Stock,$25.135,-0.105,-0.416%,"29,797,076,170"
TSEM,Tower Semiconductor Ltd. Ordinary Shares,$263.73,-1.75,-0.659%,"29,755,322,481"
GFS,GlobalFoundries Inc. Ordinary Shares,$53.44,-1.14,-2.089%,"29,734,938,161"
AGNCL,"AGNC Investment Corp. Depositary Shares Each Representing a 1/1,000th Interest in a Share of 7.75% Series G Fixed-Rate Reset Cumulative Redeemable Preferred Stock",$24.91,-0.1197,-0.478%,"29,530,342,845"
Q,"Qnity Electronics, Inc. Common Stock",$140.76,-1.54,-1.082%,"29,448,194,513"
LVS,Las Vegas Sands Corp. Common Stock,$45.43,-0.80,-1.73%,"29,425,064,789"
DTE,DTE Energy Company Common Stock,$141.15,0.31,0.22%,"29,371,630,939"
KHC,The Kraft Heinz Company Common Stock,$24.75,-0.76,-2.979%,"29,349,138,011"
CPRT,"Copart, Inc. (DE) Common Stock",$31.70,0.09,0.285%,"29,348,223,979"
ILMN,"Illumina, Inc. Common Stock",$193.135,2.245,1.176%,"29,163,385,000"
FOXA,Fox Corporation Class A Common Stock,$69.19,0.15,0.217%,"29,035,593,809"
LPLA,LPL Financial Holdings Inc. Common Stock,$368.20,-2.47,-0.666%,"28,992,911,178"
HAL,Halliburton Company Common Stock,$34.73,0.31,0.901%,"28,934,617,646"
FTS,Fortis Inc. Common Shares,$56.44,-0.24,-0.423%,"28,835,196,000"
ATO,Atmos Energy Corporation Common Stock,$169.90,-0.02,-0.012%,"28,711,155,155"
NVT,nVent Electric plc Ordinary Shares ,$177.21,5.82,3.396%,"28,682,845,370"
TS,Tenaris S.A. American Depositary Shares,$53.44,-0.14,-0.261%,"28,643,704,530"
VICI,VICI Properties Inc. Common Stock,$25.96,-0.40,-1.517%,"28,583,973,510"
NMR,Nomura Holdings Inc ADR American Depositary Shares,$9.81,-0.01,-0.102%,"28,462,118,167"
MTD,"Mettler-Toledo International, Inc. Common Stock","$1,417.42",-1.60,-0.113%,"28,400,219,458"
WSM,"Williams-Sonoma, Inc. Common Stock (DE)",$240.42,-1.16,-0.48%,"28,308,640,217"
PBA,Pembina Pipeline Corp. Ordinary Shares (Canada),$48.66,-0.67,-1.358%,"28,298,466,300"
CPNG,"Coupang, Inc. Class A Common Stock",$15.72,-0.40,-2.481%,"28,256,883,955"
TCOM,Trip.com Group Limited American Depositary Shares,$44.85,-0.13,-0.289%,"28,242,279,207"
INSM,Insmed Incorporated Common Stock,$128.32,4.58,3.701%,"28,022,714,465"
DOV,Dover Corporation Common Stock,$206.47,-0.60,-0.29%,"27,807,426,056"
FISV,"Fiserv, Inc. Common Stock",$52.21,-2.18,-4.008%,"27,763,540,503"
ASTS,"AST SpaceMobile, Inc. Class A Common Stock",$71.14,0.16,0.225%,"27,685,375,523"
FE,FirstEnergy Corp. Common Stock,$47.42,0.01,0.021%,"27,439,105,575"
EIX,Edison International Common Stock,$71.30,-0.11,-0.154%,"27,437,236,703"
XYL,Xylem Inc. Common Stock New,$117.47,-2.21,-1.847%,"27,427,695,806"
RBLX,Roblox Corporation Class A Common Stock,$37.93,-0.30,-0.785%,"27,096,279,442"
ES,Eversource Energy (D/B/A) Common Stock,$71.91,-0.45,-0.622%,"27,086,681,560"
PPL,PPL Corporation Common Stock,$35.95,-0.07,-0.194%,"27,053,987,034"
RF,Regions Financial Corporation Common Stock,$31.70,-0.20,-0.627%,"27,006,165,340"
AER,AerCap Holdings N.V. Ordinary Shares,$150.45,-2.00,-1.312%,"26,937,130,533"
HPQ,HP Inc. Common Stock,$29.40,-0.71,-2.358%,"26,886,967,086"
CRS,Carpenter Technology Corporation Common Stock,$542.38,-2.21,-0.406%,"26,879,575,027"
ECHO,EchoStar  Corporation Common Stock,$92.51,0.62,0.675%,"26,873,295,397"
OTIS,Otis Worldwide Corporation Common Stock ,$70.56,-2.07,-2.85%,"26,860,028,560"
CPAY,"Corpay, Inc. Common Stock",$407.62,-9.98,-2.39%,"26,764,165,744"
CNP,"CenterPoint Energy, Inc (Holding Co) Common Stock",$40.63,-0.20,-0.49%,"26,763,805,301"
AWK,"American Water Works Company, Inc. Common Stock",$134.35,-1.85,-1.358%,"26,699,239,672"
HUBB,Hubbell Inc Common Stock,$504.30,-7.09,-1.386%,"26,643,465,555"
JBHT,"J.B. Hunt Transport Services, Inc. Common Stock",$283.37,3.66,1.308%,"26,612,676,264"
DG,Dollar General Corporation Common Stock,$120.08,-3.20,-2.596%,"26,488,044,572"
STRD,Strategy Inc 10.00% Series A Perpetual Stride Preferred Stock,$68.73,0.90,1.327%,"26,407,835,866"
STRK,Strategy Inc 8.00% Series A Perpetual Strike Preferred Stock,$68.65,0.05,0.073%,"26,377,097,806"
PHG,Koninklijke Philips N.V. NY Registry Shares,$26.82,-0.47,-1.722%,"26,360,969,987"
CINF,Cincinnati Financial Corporation Common Stock,$171.06,-2.11,-1.218%,"26,253,954,378"
LH,Labcorp Holdings Inc. Common Stock,$323.34,5.21,1.638%,"26,222,874,000"
ROIV,Roivant Sciences Ltd. Common Shares,$36.24,0.04,0.11%,"26,176,986,064"
DGX,Quest Diagnostics Incorporated Common Stock,$235.52,1.12,0.478%,"25,995,133,747"
BSP,Bending Spoons S.p.A. Ordinary Shares,$38.50,-0.81,-2.061%,"25,931,342,360"
WRB,W.R. Berkley Corporation Common Stock,$69.75,-0.76,-1.078%,"25,893,120,148"
SN,"SharkNinja, Inc. Ordinary Shares",$183.62,-1.48,-0.80%,"25,866,834,378"
FOX,Fox Corporation Class B Common Stock,$61.49,0.08,0.13%,"25,804,287,662"
MRNA,"Moderna, Inc. Common Stock",$64.46,1.14,1.80%,"25,734,745,405"
TPR,"Tapestry, Inc. Common Stock",$129.02,0.04,0.031%,"25,725,514,296"
DRI,"Darden Restaurants, Inc. Common Stock",$225.50,0.24,0.107%,"25,724,582,010"
NRG,"NRG Energy, Inc. Common Stock",$122.37,-3.87,-3.066%,"25,723,456,805"
CW,Curtiss-Wright Corporation Common Stock,$696.07,-3.24,-0.463%,"25,708,958,435"
SYM,Symbotic Inc. Class A Common Stock,$42.35,-0.35,-0.82%,"25,613,352,334"
FWONK,Liberty Media Corporation Series C Liberty Formula One Common Stock,$101.98,-1.92,-1.848%,"25,567,251,300"
CTSH,Cognizant Technology Solutions Corporation Class A Common Stock,$56.61,-2.18,-3.708%,"25,499,646,671"
FCNCA,"First Citizens BancShares, Inc. Class A Common Stock","$2,248.18",-43.15,-1.883%,"25,388,966,522"
PPG,"PPG Industries, Inc. Common Stock",$113.44,-0.67,-0.587%,"25,217,712,000"
SW,Smurfit WestRock plc Ordinary Shares,$47.81,-1.44,-2.924%,"25,077,440,231"
INCY,Incyte Corp. Common Stock,$123.50,3.34,2.78%,"25,033,171,631"
MTSI,"MACOM Technology Solutions Holdings, Inc. Common Stock",$327.53,11.09,3.505%,"25,013,771,030"
AMRZ,Amrize Ltd Ordinary Shares,$45.73,-0.96,-2.056%,"25,010,909,700"
AFRM,"Affirm Holdings, Inc. Class A Common Stock",$74.52,-3.83,-4.888%,"24,956,641,064"
ENTG,"Entegris, Inc. Common Stock",$163.09,1.33,0.822%,"24,920,152,000"
OKTA,"Okta, Inc. Class A Common Stock",$143.24,-4.19,-2.842%,"24,896,166,963"
DLTR,Dollar Tree Inc. Common Stock,$129.54,0.15,0.116%,"24,894,296,130"
TPL,Texas Pacific Land Corporation Common Stock,$360.79,2.27,0.633%,"24,885,375,880"
XPO,"XPO, Inc. Common Stock",$210.99,-0.07,-0.033%,"24,704,073,250"
VRSN,"VeriSign, Inc. Common Stock",$272.77,-11.47,-4.035%,"24,631,131,000"
TW,Tradeweb Markets Inc. Class A Common Stock,$105.17,-1.12,-1.054%,"24,612,752,315"
KEY,KeyCorp Common Stock,$23.04,-0.27,-1.158%,"24,586,641,884"
EXPD,"Expeditors International of Washington, Inc. Common Stock",$188.27,2.15,1.155%,"24,473,334,404"
WST,"West Pharmaceutical Services, Inc. Common Stock",$346.61,-2.81,-0.804%,"24,392,942,867"
MTZ,"MasTec, Inc. Common Stock",$302.48,4.89,1.643%,"24,290,640,671"
IHG,Intercontinental Hotels Group American Depositary Shares (Each representing one Ordinary Share),$160.25,0.03,0.019%,"24,260,504,381"
PFG,Principal Financial Group Inc Common Stock,$112.97,-1.01,-0.886%,"24,187,401,294"
PHM,"PulteGroup, Inc. Common Stock",$128.49,-1.69,-1.298%,"24,085,776,865"
ARXS,"Arxis, Inc. Class A Common Stock",$57.60,0.32,0.559%,"24,046,523,712"
GPN,Global Payments Inc. Common Stock,$90.38,-2.67,-2.869%,"23,916,210,088"
EQR,Equity Residential Common Shares of Beneficial Interest,$63.66,-2.31,-3.502%,"23,868,961,077"
SOFI,"SoFi Technologies, Inc. Common Stock  ",$18.31,0.02,0.109%,"23,648,652,632"
VLTO,Veralto Corp Common Stock ,$96.75,-0.93,-0.952%,"23,587,006,032"
TROW,"T. Rowe Price Group, Inc. Common Stock",$110.46,-0.10,-0.09%,"23,562,868,791"
ROKU,"Roku, Inc. Class A Common Stock",$158.31,0.63,0.40%,"23,496,206,982"
USFD,US Foods Holding Corp. Common Stock,$108.61,-0.31,-0.285%,"23,495,679,825"
OMC,Omnicom Group Inc. Common Stock,$85.46,-2.11,-2.41%,"23,445,606,340"
FWONA,Liberty Media Corporation Series A Liberty Formula One Common Stock,$93.46,-1.85,-1.941%,"23,431,215,008"
BEP,Brookfield Renewable Partners L.P. Limited Partnership Units,$34.44,-0.31,-0.892%,"23,426,047,533"
FSLR,"First Solar, Inc. Common Stock",$217.85,-7.71,-3.418%,"23,412,293,316"
FTAI,FTAI Aviation Ltd. Common Stock,$227.43,10.30,4.744%,"23,358,673,706"
CHD,"Church & Dwight Company, Inc. Common Stock",$97.98,-3.32,-3.277%,"23,241,238,808"
BRO,"Brown & Brown, Inc. Common Stock",$68.86,-1.68,-2.382%,"23,041,269,183"
SMCI,"Super Micro Computer, Inc. Common Stock",$38.28,-1.56,-3.916%,"23,022,299,491"
BNTX,BioNTech SE American Depositary Share,$91.60,-1.49,-1.601%,"23,010,319,926"
CIB,Grupo Cibest S.A. American Depositary Shares each representing four Preferred Shares,$96.54,0.17,0.176%,"23,005,835,916"
FICO,Fair Isaac Corporation Common Stock,"$1,064.41",-21.37,-1.968%,"22,988,738,670"
L,Loews Corporation Common Stock,$112.38,-0.65,-0.575%,"22,973,587,174"
VRSK,"Verisk Analytics, Inc. Common Stock",$175.62,-6.05,-3.33%,"22,857,998,827"
BNH,"Brookfield Finance Inc. 4.625% Subordinated Notes due October 16, 2080",$15.1186,-0.0314,-0.207%,"22,795,779,180"
IOT,Samsara Inc. Class A Common Stock,$39.00,-0.79,-1.985%,"22,725,693,198"
BNJ,Brookfield Finance Inc. 4.50% Perpetual Subordinated Notes,$15.07,-0.02,-0.133%,"22,722,500,247"
DOW,Dow Inc. Common Stock ,$31.34,0.27,0.869%,"22,638,157,883"
RL,Ralph Lauren Corporation Common Stock,$379.31,-9.61,-2.471%,"22,600,139,075"
PKG,Packaging Corporation of America Common Stock,$252.97,-2.51,-0.982%,"22,539,196,698"
SITM,SiTime Corporation Common Stock,$749.44,37.53,5.272%,"22,536,437,220"
STE,STERIS plc (Ireland) Ordinary Shares,$229.75,-3.53,-1.513%,"22,400,650,273"
FFIV,"F5, Inc. Common Stock",$395.54,-7.66,-1.90%,"22,398,315,568"
CMS,CMS Energy Corporation Common Stock,$71.40,0.29,0.408%,"22,389,407,510"
STZ,"Constellation Brands, Inc. Common Stock",$130.56,-8.62,-6.193%,"22,296,832,343"
MKL,Markel Group Inc. Common Stock,"$1,799.20",-48.04,-2.601%,"22,292,012,434"
BG,Bunge Limited Common Shares,$114.91,1.22,1.073%,"22,076,408,424"
WWD,"Woodward, Inc. Common Stock",$370.40,-0.16,-0.043%,"21,870,571,728"
RS,"Reliance, Inc. Common Stock",$428.02,1.48,0.347%,"21,852,370,631"
UTHR,United Therapeutics Corporation Common Stock,$508.48,8.75,1.751%,"21,809,059,068"
EXE,Expand Energy Corporation Common Stock,$94.175,-0.605,-0.638%,"21,801,869,329"
SOJC,"Southern Company (The) Series 2017B 5.25% Junior Subordinated Notes due December 1, 2077",$19.80,-0.12,-0.602%,"21,780,938,659"
BCE,"BCE, Inc. Common Stock",$23.35,-0.12,-0.511%,"21,774,477,827"
GH,"Guardant Health, Inc. Common Stock",$161.67,4.46,2.837%,"21,695,494,804"
MKSI,MKS Inc. Common Stock,$320.74,10.01,3.221%,"21,687,655,553"
RIVN,"Rivian Automotive, Inc. Class A Common Stock",$14.87,-0.49,-3.19%,"21,529,687,568"
FDXF,"FedEx Freight Holding Company, Inc. Common Stock",$143.82,-6.47,-4.305%,"21,503,697,888"
SQM,Sociedad Quimica y Minera S.A. Common Stock,$75.10,0.78,1.05%,"21,451,399,381"
FN,Fabrinet Ordinary Shares,$598.58,28.36,4.974%,"21,446,965,769"
IP,International Paper Company Common Stock,$40.26,-0.48,-1.178%,"21,320,483,973"
THC,Tenet Healthcare Corporation Common Stock,$264.56,-3.34,-1.247%,"21,302,106,640"
FIS,"Fidelity National Information Services, Inc. Common Stock",$41.17,-1.75,-4.077%,"21,231,612,603"
ULTA,"Ulta Beauty, Inc. Common Stock",$493.33,-17.42,-3.411%,"21,207,916,796"
LUV,Southwest Airlines Company Common Stock,$43.35,-0.91,-2.056%,"21,207,175,513"
BURL,"Burlington Stores, Inc. Common Stock",$336.85,-10.82,-3.112%,"21,202,082,091"
SNX,TD SYNNEX Corporation Common Stock,$263.88,5.14,1.987%,"21,099,515,478"
INIO,INNIO N.V. Ordinary Shares,$28.12,0.69,2.515%,"21,090,000,000"
AMCR,Amcor plc Ordinary Shares,$45.53,-0.50,-1.086%,"21,050,599,266"
LYB,LyondellBasell Industries NV Ordinary Shares Class A (Netherlands),$64.73,0.97,1.521%,"20,910,246,633"
IFF,"International Flavors & Fragrances, Inc. Common Stock",$81.83,-2.35,-2.792%,"20,878,921,472"
LEN,Lennar Corporation Class A Common Stock,$86.54,-0.29,-0.334%,"20,847,065,589"
RBRK,"Rubrik, Inc. Class A Common Stock",$101.02,-1.21,-1.184%,"20,792,801,737"
EFX,"Equifax, Inc. Common Stock",$176.80,-4.05,-2.239%,"20,771,329,613"
BCH,Banco De Chile ADS,$41.09,0.40,0.983%,"20,753,959,333"
SNA,Snap-On Incorporated Common Stock,$401.22,-2.34,-0.58%,"20,753,956,691"
YPF,YPF Sociedad Anonima American Depositary Shares,$52.70,2.65,5.295%,"20,727,584,191"
TSN,"Tyson Foods, Inc. Common Stock",$58.61,0.44,0.756%,"20,619,086,618"
NI,NiSource Inc Common Stock,$42.37,-0.13,-0.306%,"20,318,961,437"
GIS,"General Mills, Inc. Common Stock",$37.98,-1.22,-3.112%,"20,305,227,347"
SOJD,"Southern Company (The) Series 2020A 4.95% Junior Subordinated Notes due January 30, 2080",$18.27,-0.18,-0.976%,"20,097,866,126"
WES,"Western Midstream Partners, LP Common Units Representing Limited Partner Interests",$48.59,-0.33,-0.675%,"20,076,153,474"
RGLD,"Royal Gold, Inc. Common Stock",$236.62,5.94,2.575%,"20,048,305,523"
WIT,Wipro Limited Common Stock,$1.91,-0.03,-1.546%,"20,032,867,795"
U,Unity Software Inc. Common Stock,$45.45,-0.80,-1.73%,"20,002,042,005"
PAAS,Pan American Silver Corp. Common Stock,$48.11,0.69,1.455%,"19,947,271,980"
CDE,"Coeur Mining, Inc. Common Stock",$19.31,0.50,2.658%,"19,849,424,811"
TOST,"Toast, Inc. Class A Common Stock",$34.32,-0.43,-1.237%,"19,836,960,000"
AQNB,"Algonquin Power & Utilities Corp. 6.20% Fixed-to-Floating Subordinated Notes Series 2019-A due July 1, 2079",$25.615,-0.035,-0.136%,"19,672,960,401"
ITT,ITT Inc. Common Stock ,$219.81,0.41,0.187%,"19,651,014,000"
TPG,TPG Inc. Class A Common Stock,$51.77,-1.26,-2.376%,"19,564,854,516"
RCI,"Rogers Communication, Inc. Common Stock",$36.09,-0.35,-0.96%,"19,496,694,193"
EVRG,"Evergy, Inc. Common Stock",$83.93,-0.10,-0.119%,"19,351,502,746"
APG,APi Group Corporation Common Stock,$44.72,0.77,1.752%,"19,326,208,482"
DD,"DuPont de Nemours, Inc. Common Stock",$143.07,-3.19,-2.181%,"19,320,598,433"
SBAC,SBA Communications Corporation Class A Common Stock,$182.11,-3.09,-1.668%,"19,319,705,712"
BR,"Broadridge Financial Solutions, Inc. Common Stock",$167.84,-3.17,-1.854%,"19,137,418,576"
PKX,POSCO HOLDINGS INC. American Depositary Shares (Each representing 1/4th of a share of Common Stock),$59.07,0.47,0.802%,"19,122,837,899"
BEKE,KE Holdings Inc American Depositary Shares (each representing three Class A Ordinary Shares),$16.85,-0.16,-0.941%,"19,037,802,551"
CRCL,"Circle Internet Group, Inc. Class A Common Stock",$74.59,2.99,4.176%,"18,936,601,964"
BPYPP,Brookfield Property Partners L.P. 6.50% Class A Cumulative Redeemable Perpetual Preferred Units,$16.28,0.1101,0.681%,"18,933,876,288"
MGA,"Magna International, Inc. Common Stock",$71.29,1.05,1.495%,"18,924,240,326"
ONON,On Holding AG Class A Ordinary Shares,$31.31,-0.91,-2.824%,"18,893,426,802"
LSCC,Lattice Semiconductor Corporation Common Stock,$132.67,2.21,1.694%,"18,843,156,186"
KSPI,Joint Stock Company Kaspi.kz American Depository Shares,$99.05,0.35,0.355%,"18,753,479,708"
BPYPM,"Brookfield Property Partners L.P. 6.25% Class A Cumulative Redeemable Preferred Units, Series 1",$16.109,-0.191,-1.172%,"18,735,000,806"
ZBH,"Zimmer Biomet Holdings, Inc. Common Stock",$98.20,-2.45,-2.434%,"18,730,441,060"
SSNC,"SS&C Technologies Holdings, Inc. Common Stock",$79.80,-1.70,-2.086%,"18,725,468,681"
VTRS,Viatris Inc. Common Stock,$16.23,UNCH,--,"18,641,629,723"
PR,Permian Resources Corporation Class A Common Stock,$22.18,0.68,3.163%,"18,577,014,903"
EWBC,"East West Bancorp, Inc. Common Stock",$135.52,-1.08,-0.791%,"18,567,846,725"
STRL,"Sterling Infrastructure, Inc. Common Stock",$603.89,27.41,4.755%,"18,472,100,135"
FTV,Fortive Corporation Common Stock ,$60.64,-0.98,-1.59%,"18,314,314,033"
GPC,Genuine Parts Company Common Stock,$132.52,-2.51,-1.859%,"18,269,175,130"
LNT,Alliant Energy Corporation Common Stock,$70.35,-0.25,-0.354%,"18,240,678,575"
VIV,Telefonica Brasil S.A. American Depositary Shares (Each representing One Common Share),$11.40,-0.01,-0.088%,"18,214,956,206"
ESS,"Essex Property Trust, Inc. Common Stock",$283.06,-4.46,-1.551%,"18,191,824,343"
OWL,Blue Owl Capital Inc. Class A Common Stock,$11.66,-0.56,-4.583%,"18,179,015,320"
WCC,"WESCO International, Inc. Common Stock",$372.96,11.41,3.156%,"18,175,405,228"
AS,"Amer Sports, Inc. Ordinary Shares",$32.57,-0.30,-0.913%,"18,163,226,795"
TSCO,Tractor Supply Company Common Stock,$34.68,-1.15,-3.21%,"18,069,671,951"
OVV,Ovintiv Inc. (DE),$63.85,0.83,1.317%,"18,050,395,000"
AEG,Aegon Ltd. New York Registry Shares,$9.44,-0.01,-0.106%,"18,020,492,814"
BBY,"Best Buy Co., Inc. Common Stock",$85.44,-0.98,-1.134%,"18,007,943,245"
BPYPO,"Brookfield Property Partners L.P. 6.375% Class A Cumulative Redeemable Perpetual Preferred Units, Series 2",$15.385,-0.005,-0.032%,"17,892,978,298"
LDOS,"Leidos Holdings, Inc. Common Stock",$142.25,-1.58,-1.099%,"17,851,266,730"
IONQ,"IonQ, Inc. Common Stock",$46.84,0.58,1.254%,"17,846,148,388"
CF,"CF Industries Holdings, Inc. Common Stock",$117.78,-0.52,-0.44%,"17,824,604,951"
BIP,Brookfield Infrastructure Partners LP Limited Partnership Units,$38.91,-0.83,-2.089%,"17,809,435,945"
NTNX,"Nutanix, Inc. Class A Common Stock",$65.66,-0.945,-1.419%,"17,749,244,621"
IEX,IDEX Corporation Common Stock,$240.39,1.45,0.607%,"17,721,525,799"
NWS,News Corporation Class B Common Stock,$32.68,-0.49,-1.477%,"17,681,600,210"
AKAM,"Akamai Technologies, Inc. Common Stock",$122.97,-2.02,-1.616%,"17,672,831,409"
JHX,James Hardie Industries plc. Ordinary Shares,$30.43,-0.61,-1.965%,"17,665,299,310"
RBC,RBC Bearings Incorporated Common Stock,$557.62,-2.87,-0.512%,"17,653,828,197"
ZTO,"ZTO Express (Cayman) Inc. American Depositary Shares, each representing one Class A ordinary share.",$22.91,0.01,0.044%,"17,638,424,877"
NLY,Annaly Capital Management Inc. Common Stock,$23.37,0.04,0.171%,"17,614,306,510"
ZBRA,Zebra Technologies Corporation Class A Common Stock,$371.26,-4.77,-1.269%,"17,564,555,632"
DKS,Dick's Sporting Goods Inc Common Stock,$196.24,-5.73,-2.837%,"17,563,977,861"
INVH,Invitation Homes Inc. Common Stock,$29.69,-0.60,-1.981%,"17,535,603,580"
SOJE,"Southern Company (The) Series 2020C 4.20% Junior Subordinated Notes due October 15, 2060",$15.95,-0.24,-1.482%,"17,458,323,505"
WF,Woori Financial Group Inc. American Depositary Shares (each representing three (3) shares of Common Stock),$71.48,0.11,0.154%,"17,418,218,952"
QNT,Quantinuum Inc. Class A Common Stock,$66.01,2.425,3.814%,"17,380,970,453"
BEN,"Franklin Templeton, Inc. Common Stock",$34.19,0.33,0.975%,"17,371,149,553"
WY,Weyerhaeuser Company Common Stock,$24.08,-0.48,-1.954%,"17,355,322,880"
ROL,"Rollins, Inc. Common Stock",$36.02,-0.18,-0.497%,"17,330,857,452"
CG,The Carlyle Group Inc. Common Stock,$48.54,-0.39,-0.797%,"17,296,394,015"
DUKB,Duke Energy Corporation 5.625% Junior Subordinated Debentures due 2078,$22.17,-0.13,-0.583%,"17,285,997,619"
NDSN,Nordson Corporation Common Stock,$309.83,1.11,0.36%,"17,263,091,829"
ONTO,Onto Innovation Inc. Common Stock,$351.16,19.45,5.864%,"17,232,912,577"
CLH,"Clean Harbors, Inc. Common Stock",$326.05,4.07,1.264%,"17,211,282,210"
CHTR,"Charter Communications, Inc. Class A Common Stock New",$144.10,-10.17,-6.592%,"17,187,886,597"
H,Hyatt Hotels Corporation Class A Common Stock,$181.60,0.62,0.343%,"17,113,391,258"
TLN,Talen Energy Corporation Common Stock,$356.92,-5.82,-1.604%,"17,101,557,322"
JLL,Jones Lang LaSalle Incorporated Common Stock,$370.31,-4.69,-1.251%,"17,037,112,498"
CHRW,"C.H. Robinson Worldwide, Inc. Common Stock",$144.78,-3.79,-2.551%,"16,917,725,133"
CDW,CDW Corporation Common Stock,$135.30,-4.12,-2.955%,"16,914,857,738"
DINO,HF Sinclair Corporation Common Stock,$94.99,1.32,1.409%,"16,887,687,817"
FLUT,Flutter Entertainment plc Ordinary Shares,$96.39,-5.02,-4.95%,"16,885,707,578"
CX,"Cemex, S.A.B. de C.V. Sponsored ADR",$11.11,0.05,0.452%,"16,841,828,038"
J,Jacobs Solutions Inc. Common Stock,$143.63,-1.03,-0.712%,"16,810,255,698"
GIB,CGI Inc. Common Stock,$72.47,-0.94,-1.28%,"16,804,950,971"
NVR,"NVR, Inc. Common Stock","$6,298.83",-9.10,-0.144%,"16,785,500,114"
PAA,"Plains All American Pipeline, L.P. Common Units representing Limited Partner Interests",$23.75,-0.15,-0.628%,"16,757,203,425"
MEDP,"Medpace Holdings, Inc. Common Stock",$597.12,18.62,3.219%,"16,666,607,434"
PFGC,Performance Food Group Company Common Stock,$104.68,-2.57,-2.396%,"16,490,557,790"
GEN,Gen Digital Inc. Common Stock,$27.41,-0.945,-3.333%,"16,407,270,547"
KIM,Kimco Realty Corporation (HC) Common Stock,$24.36,-0.05,-0.205%,"16,340,429,126"
WPC,W. P. Carey Inc. REIT,$71.52,-0.10,-0.14%,"16,293,463,186"
ARMK,Aramark Common Stock,$61.80,-0.59,-0.946%,"16,292,027,719"
BSAC,Banco Santander - Chile ADS,$34.57,0.02,0.058%,"16,286,456,509"
BPYPN,"Brookfield Property Partners L.P. 5.750% Class A Cumulative Redeemable Perpetual Preferred Units, Series 3",$13.96,-0.0399,-0.285%,"16,235,682,615"
PNFP,"Pinnacle Financial Partners, Inc. Common stock",$107.35,-0.66,-0.611%,"16,221,941,904"
BALL,Ball Corporation Common Stock,$61.18,-0.64,-1.035%,"16,194,551,381"
YUMC,"Yum China Holdings, Inc. Common Stock",$47.14,-0.45,-0.946%,"16,143,476,531"
SBS,Companhia de saneamento Basico Do Estado De Sao Paulo - Sabesp American Depositary Shares (Each repstg 250 Common Shares),$4.58,-0.02,-0.435%,"16,142,365,835"
RGA,"Reinsurance Group of America, Incorporated Common Stock",$246.98,-2.47,-0.99%,"16,128,205,222"
JAZZ,Jazz Pharmaceuticals plc Common Stock (Ireland),$248.36,3.40,1.388%,"16,122,184,344"
IREN,IREN Limited Ordinary Shares,$44.90,0.84,1.906%,"16,046,302,463"
DOCN,"DigitalOcean Holdings, Inc. Common Stock",$135.28,5.36,4.126%,"15,906,161,524"
WSE,Wise Group plc Class A Ordinary Shares,$12.91,-0.18,-1.375%,"15,872,887,745"
PTC,PTC Inc. Common Stock,$145.98,-3.77,-2.518%,"15,839,743,981"
IESC,"IES Holdings, Inc. Common Stock",$793.96,37.78,4.996%,"15,819,141,690"
ALB,Albemarle Corporation Common Stock,$133.99,-2.16,-1.586%,"15,811,497,587"
TIGO,Millicom International Cellular S.A. Common Stock,$94.26,0.37,0.394%,"15,792,398,542"
PS,Pershing Square Inc. Common Stock,$39.38,-1.45,-3.551%,"15,752,000,000"
BWXT,"BWX Technologies, Inc. Common Stock",$171.54,-1.68,-0.97%,"15,716,834,449"
EMA,Emera Incorporated Common Shares,$51.16,-0.35,-0.679%,"15,716,352,000"
NBIX,"Neurocrine Biosciences, Inc. Common Stock",$154.49,1.77,1.159%,"15,703,781,973"
HST,"Host Hotels & Resorts, Inc. Common Stock",$22.81,-0.09,-0.393%,"15,627,687,541"
BBIO,"BridgeBio Pharma, Inc. Common Stock",$79.89,0.03,0.038%,"15,617,494,298"
LECO,"Lincoln Electric Holdings, Inc. Common Shares",$286.02,-0.85,-0.296%,"15,589,736,617"
ULS,UL Solutions Inc. Class A Common Stock,$77.11,-0.35,-0.452%,"15,568,368,120"
GFL,"GFL Environmental Inc. Subordinate voting shares, no par value",$41.54,-0.36,-0.859%,"15,534,051,362"
NWSA,News Corporation Class A Common Stock,$28.70,-0.46,-1.578%,"15,528,210,711"
LAMR,Lamar Advertising Company Class A Common Stock,$152.38,-3.09,-1.988%,"15,474,140,848"
VNOM,"Viper Energy, Inc. Class A Common Stock",$43.05,0.76,1.797%,"15,463,340,144"
TU,Telus Corporation Ordinary Shares,$9.69,-0.07,-0.717%,"15,397,410,000"
SUN,Sunoco LP Common Units representing limited partner interests,$74.96,-0.62,-0.82%,"15,353,654,190"
FUTU,Futu Holdings Limited American Depositary Shares,$109.50,4.27,4.058%,"15,348,355,157"
RBA,"RB Global, Inc. Common Stock",$82.11,-2.15,-2.552%,"15,346,359,000"
ASND,Ascendis Pharma A/S Ordinary Share,$247.40,-1.10,-0.443%,"15,333,210,739"
SKM,"SK Telecom Co., Ltd. Common Stock",$39.96,1.45,3.765%,"15,327,856,800"
AMKR,"Amkor Technology, Inc. Common Stock",$61.30,2.31,3.916%,"15,230,136,534"
MAA,"Mid-America Apartment Communities, Inc. Common Stock",$131.12,-2.37,-1.775%,"15,212,799,002"
KEP,Korea Electric Power Corporation Common Stock,$11.81,0.04,0.34%,"15,163,191,499"
TRU,TransUnion Common Stock,$78.70,-1.78,-2.212%,"15,078,920,000"
TXT,Textron Inc. Common Stock,$87.65,-1.35,-1.517%,"15,074,653,275"
SWK,"Stanley Black & Decker, Inc. Common Stock",$99.59,-2.48,-2.43%,"15,039,747,277"
NXT,Nextpower Inc. Class A Common Stock,$99.09,-2.38,-2.346%,"15,034,878,137"
LTM,"LATAM Airlines Group S.A. American Depositary Shares (each representing two thousand (2,000) shares of Common Stock)",$52.29,0.03,0.057%,"15,012,876,902"
TTMI,"TTM Technologies, Inc. Common Stock",$140.98,0.98,0.70%,"14,852,082,847"
MAIR,Madison Air Solutions Corporation Class A Common Stock,$29.57,-1.71,-5.467%,"14,835,937,637"
STLA,Stellantis N.V. Common Shares,$5.12,-0.24,-4.478%,"14,835,113,964"
CRBG,Corebridge Financial Inc. Common Stock,$33.18,-1.29,-3.742%,"14,790,732,280"
SUI,"Sun Communities, Inc. Common Stock",$121.36,-1.93,-1.565%,"14,781,764,142"
SOLV,Solventum Corporation Common Stock,$86.82,-1.77,-1.998%,"14,778,824,152"
MLI,"Mueller Industries, Inc. Common Stock",$66.63,0.73,1.108%,"14,737,315,882"
TLK,"PT Telekomunikasi Indonesia, Tbk",$14.83,-0.01,-0.067%,"14,690,926,722"
GRAB,Grab Holdings Limited Class A Ordinary Shares,$3.58,-0.04,-1.105%,"14,679,724,783"
COO,"The Cooper Companies, Inc. Common Stock",$75.10,-1.07,-1.405%,"14,646,800,313"
MAS,Masco Corporation Common Stock,$73.93,-0.40,-0.538%,"14,578,066,700"
APA,APA Corporation Common Stock,$41.58,1.11,2.743%,"14,567,615,786"
APOS,"Apollo Global Management, Inc. 7.625% Fixed-Rate Resettable Junior Subordinated Notes due 2053",$25.52,-0.04,-0.156%,"14,534,514,596"
KKRS,KKR Group Finance Co. IX LLC 4.625% Subordinated Notes due 2061,$16.17,-0.06,-0.37%,"14,514,767,668"
QXO,"QXO, Inc. Common Stock",$13.98,-0.53,-3.653%,"14,504,250,000"
MKC,"McCormick & Company, Incorporated Common Stock",$53.94,-0.73,-1.335%,"14,501,852,715"
BNT,Brookfield Wealth Solutions Ltd. Class A Exchangeable Limited Voting Shares,$42.86,-0.97,-2.213%,"14,487,292,469"
UNM,Unum Group Common Stock,$91.51,-1.82,-1.95%,"14,486,655,085"
LOGI,Logitech International S.A. Ordinary Shares,$101.12,-1.97,-1.911%,"14,479,204,132"
JBS,JBS N.V. Class A Common Shares,$13.44,-0.21,-1.538%,"14,393,288,273"
LII,"Lennox International, Inc. Common Stock",$416.13,-5.88,-1.393%,"14,381,733,688"
IVZ,Invesco Ltd Common Stock,$32.57,0.02,0.061%,"14,379,647,835"
SMTC,Semtech Corporation Common Stock,$154.22,13.87,9.882%,"14,365,773,129"
CACI,"CACI International, Inc. Class A Common Stock",$649.34,-21.20,-3.162%,"14,350,114,654"
UHAL,U-Haul Holding Company Common Stock,$73.76,-0.45,-0.606%,"14,338,464,191"
RPM,RPM International Inc. Common Stock,$112.23,-1.59,-1.397%,"14,336,418,669"
HTHT,H World Group Limited American Depositary Shares,$46.61,4.73,11.294%,"14,333,685,204"
CSL,Carlisle Companies Incorporated Common Stock,$360.70,-9.34,-2.524%,"14,324,887,773"
GWRE,"Guidewire Software, Inc. Common Stock",$171.99,-3.60,-2.05%,"14,319,262,044"
PAG,"Penske Automotive Group, Inc. Common Stock",$217.95,-1.90,-0.864%,"14,311,223,170"
AGI,Alamos Gold Inc. Class A Common Shares,$33.99,0.63,1.888%,"14,274,624,320"
BWA,BorgWarner Inc. Common Stock,$69.90,1.24,1.806%,"14,236,278,145"
VLYPN,"Valley National Bancorp 8.250% Fixed-Rate Reset Non-Cumulative Perpetual Preferred Stock, Series C",$25.70,0.03,0.117%,"14,201,954,308"
DOC,"Healthpeak Properties, Inc. Common Stock",$20.58,-0.21,-1.01%,"14,190,471,011"
W,Wayfair Inc. Class A Common Stock,$103.08,1.45,1.427%,"14,118,668,656"
OHI,"Omega Healthcare Investors, Inc. Common Stock",$46.57,0.04,0.086%,"14,111,315,410"
ARCC,Ares Capital Corporation Common Stock,$19.64,-0.23,-1.158%,"14,101,968,676"
SLMBP,"SLM Corporation Floating Rate Non-Cumulative Preferred Stock, Series B",$75.00,0.40,0.536%,"14,096,021,850"
EG,"Everest Group, Ltd. Common Stock",$365.15,-4.96,-1.34%,"14,000,849,320"
REG,Regency Centers Corporation Common Stock,$76.37,-0.34,-0.443%,"13,984,916,174"
AUR,"Aurora Innovation, Inc. Class A Common Stock",$6.97,-0.02,-0.286%,"13,968,962,218"
AEIS,"Advanced Energy Industries, Inc. Common Stock",$348.63,18.37,5.562%,"13,962,785,594"
TME,"Tencent Music Entertainment Group American Depositary Shares, each representing two Class A Ordinary Shares",$8.87,0.03,0.339%,"13,960,532,915"
EQH,"Equitable Holdings, Inc. Common Stock",$51.13,-1.96,-3.692%,"13,960,287,577"
EMBJ,Embraer S.A. Common Stock,$77.15,1.77,2.348%,"13,940,351,925"
VLYPP,"Valley National Bancorp 6.25% Fixed-to-Floating Rate Non-Cumulative Perpetual Preferred Stock, Series A",$25.11,0.02,0.08%,"13,875,917,225"
AIZ,"Assurant, Inc. Common Stock",$281.11,-1.27,-0.45%,"13,865,404,141"
WMG,Warner Music Group Corp. Class A Common Stock,$26.37,0.72,2.807%,"13,794,404,609"
GL,Globe Life Inc. Common Stock,$179.41,-1.59,-0.878%,"13,787,559,286"
ALLE,Allegion plc Ordinary Shares,$162.10,-2.68,-1.626%,"13,784,463,011"
DTM,"DT Midstream, Inc. Common Stock ",$135.00,-1.90,-1.388%,"13,772,064,960"
KLAR,Klarna Group plc Ordinary Shares,$19.51,-1.28,-6.157%,"13,767,124,175"
DT,"Dynatrace, Inc. Common Stock",$47.61,-1.53,-3.114%,"13,759,391,314"
VLYPO,"Valley National Bancorp 5.50% Fixed-to-Floating Rate Non-Cumulative Perpetual Preferred Stock, Series B",$24.845,0.105,0.424%,"13,729,476,840"
CRL,"Charles River Laboratories International, Inc. Common Stock",$286.64,6.59,2.353%,"13,683,870,270"
SGI,Somnigroup International Inc. Common Stock,$65.01,-1.05,-1.589%,"13,675,860,570"
AA,Alcoa Corporation Common Stock ,$51.71,1.73,3.461%,"13,646,757,401"
TOL,"Toll Brothers, Inc. Common Stock",$145.45,-2.82,-1.902%,"13,595,356,950"
CNA,CNA Financial Corporation Common Stock,$50.00,-1.00,-1.961%,"13,530,046,400"
TXRH,"Texas Roadhouse, Inc. Common Stock",$204.40,-2.70,-1.304%,"13,417,005,274"
HAS,"Hasbro, Inc. Common Stock",$95.05,-1.65,-1.706%,"13,406,276,588"
BAX,Baxter International Inc. Common Stock,$25.91,-0.82,-3.068%,"13,395,366,334"
AVY,Avery Dennison Corporation Common Stock,$176.62,-2.31,-1.291%,"13,385,701,640"
NVMI,Nova Ltd. Ordinary Shares,$420.79,2.67,0.639%,"13,373,956,788"
FIG,"Figma, Inc. Class A Common Stock",$24.99,-0.43,-1.692%,"13,319,916,576"
CET,Central Securities Corporation Common Stock,$54.90,-0.26,-0.471%,"13,287,183,480"
ALLY,Ally Financial Inc. Common Stock,$43.61,-1.30,-2.895%,"13,266,148,612"
LI,Li Auto Inc. American Depositary Shares,$12.41,0.15,1.223%,"13,257,050,792"
RNR,RenaissanceRe Holdings Ltd. Common Stock,$318.50,-4.86,-1.503%,"13,234,277,921"
BEPC,Brookfield Renewable Corporation Brookfield Renewable Corporation Class A Subordinate Voting Shares,$35.10,-0.40,-1.127%,"13,228,706,813"
HRL,Hormel Foods Corporation Common Stock,$24.02,-0.52,-2.119%,"13,218,565,315"
GGG,Graco Inc. Common Stock,$81.55,-0.39,-0.476%,"13,207,334,347"
FIVE,"Five Below, Inc. Common Stock",$238.56,-5.98,-2.445%,"13,191,258,935"
FNF,"Fidelity National Financial, Inc. Common Stock",$49.13,-0.34,-0.687%,"13,176,313,591"
AIT,"Applied Industrial Technologies, Inc. Common Stock",$358.78,-3.17,-0.876%,"13,166,815,556"
FMS,Fresenius Medical Care AG American Depositary Shares (Each representing 1/2 of an Ordinary Share),$23.50,-0.27,-1.136%,"13,126,577,595"
TYL,"Tyler Technologies, Inc. Common Stock",$320.48,-8.16,-2.483%,"13,124,384,772"
AAOI,"Applied Optoelectronics, Inc. Common Stock",$154.89,4.61,3.068%,"13,098,929,119"
PINS,"Pinterest, Inc. Class A Common Stock",$23.07,-0.99,-4.115%,"13,064,841,533"
GNRC,Generac Holdlings Inc. Common Stock,$221.25,1.95,0.889%,"13,055,157,371"
SREA,DBA Sempra 5.750% Junior Subordinated Notes due 2079,$20.58,-0.09,-0.435%,"13,030,142,108"
DY,"Dycom Industries, Inc. Common Stock",$432.89,13.82,3.298%,"13,000,316,555"
TRMB,Trimble Inc. Common Stock,$55.69,-1.91,-3.316%,"12,985,785,735"
AGNC,AGNC Investment Corp. Common Stock,$10.95,-0.01,-0.091%,"12,981,021,845"
ICLR,ICON plc Ordinary Shares,$169.45,6.30,3.861%,"12,974,333,221"
CHKP,Check Point Software Technologies Ltd. Ordinary Shares,$127.01,-4.71,-3.576%,"12,967,801,524"
EXEL,"Exelixis, Inc. Common Stock",$52.32,1.08,2.108%,"12,963,938,125"
RVTY,"Revvity, Inc. Common Stock",$116.17,-0.67,-0.573%,"12,962,992,204"
BMRN,BioMarin Pharmaceutical Inc. Common Stock,$66.64,-0.72,-1.069%,"12,899,755,300"
PEN,"Penumbra, Inc. Common Stock",$327.17,0.15,0.046%,"12,887,037,196"
WSO,"Watsco, Inc. Common Stock",$311.86,-1.20,-0.383%,"12,864,909,221"
WTS,"Watts Water Technologies, Inc. Class A Common Stock",$385.18,0.76,0.198%,"12,858,483,199"
CLX,Clorox Company (The) Common Stock,$105.94,0.24,0.227%,"12,811,430,670"
WBS,Webster Financial Corporation Common Stock,$78.69,-0.31,-0.392%,"12,750,412,023"
CNH,CNH Industrial N.V. Common Shares,$10.29,-0.15,-1.437%,"12,736,200,108"
HMY,Harmony Gold Mining Company Limited,$20.03,0.59,3.035%,"12,714,397,512"
CSGP,"CoStar Group, Inc. Common Stock",$31.35,-1.03,-3.181%,"12,702,944,384"
SF,Stifel Financial Corporation Common Stock,$83.99,-1.63,-1.904%,"12,682,635,639"
CORT,Corcept Therapeutics Incorporated Common Stock,$117.17,2.70,2.359%,"12,665,889,176"
SEIC,SEI Investments Company Common Stock,$105.47,-0.91,-0.855%,"12,658,423,126"
HL,Hecla Mining Company Common Stock,$18.82,0.45,2.45%,"12,642,681,871"
CCK,"Crown Holdings, Inc.",$116.24,-2.78,-2.336%,"12,642,321,799"
CR,Crane Company Common Stock,$218.59,0.25,0.115%,"12,634,579,818"
SNN,"Smith & Nephew SNATS, Inc. Common Stock",$29.68,-0.13,-0.436%,"12,609,904,457"
SJM,The J.M. Smucker Company Common Stock,$117.83,-3.56,-2.933%,"12,593,751,703"
ELS,"Equity Lifestyle Properties, Inc. Common Stock",$64.89,-0.72,-1.097%,"12,592,853,127"
DKNG,DraftKings Inc. Class A Common Stock,$25.30,-0.84,-3.213%,"12,560,287,414"
LULU,lululemon athletica inc. Common Stock,$115.74,-3.81,-3.187%,"12,550,609,143"
HII,"Huntington Ingalls Industries, Inc. Common Stock",$318.34,-9.37,-2.859%,"12,544,059,727"
ARWR,"Arrowhead Pharmaceuticals, Inc. Common Stock",$88.70,2.06,2.378%,"12,529,271,223"
COKE,"Coca-Cola Consolidated, Inc. Common Stock",$186.21,-2.90,-1.533%,"12,394,937,186"
FHN,First Horizon Corporation Common Stock,$26.02,-0.20,-0.763%,"12,327,681,651"
DECK,Deckers Outdoor Corporation Common Stock,$90.11,-2.98,-3.201%,"12,292,285,995"
GLPI,"Gaming and Leisure Properties, Inc. Common Stock",$42.25,-1.32,-3.03%,"12,291,371,817"
PAC,"Grupo Aeroportuario Del Pacifico, S.A. B. de C.V. Grupo Aeroportuario Del Pacifico, S.A. de C.V. (each representing 10 Series B shares)",$205.69,-1.29,-0.623%,"12,238,929,356"
HBM,Hudbay Minerals Inc. Ordinary Shares (Canada),$27.44,0.75,2.81%,"12,187,332,214"
PNW,Pinnacle West Capital Corporation Common Stock,$100.41,-1.07,-1.054%,"12,169,414,266"
ALGN,"Align Technology, Inc. Common Stock",$171.16,-10.15,-5.598%,"12,159,181,068"
OC,Owens Corning Inc Common Stock New,$153.81,-0.86,-0.556%,"12,158,477,932"
AFG,"American Financial Group, Inc. Common Stock",$146.60,0.31,0.212%,"12,156,286,916"
MDGL,"Madrigal Pharmaceuticals, Inc. Common Stock",$524.87,17.31,3.41%,"12,126,662,614"
DRS,"Leonardo DRS, Inc. Common Stock",$45.35,-0.18,-0.395%,"12,103,530,205"
AMH,American Homes 4 Rent Common Shares of Beneficial Interest,$33.63,-0.45,-1.32%,"12,079,221,517"
BJ,"BJ's Wholesale Club Holdings, Inc. Common Stock",$94.43,1.02,1.092%,"12,058,143,192"
EHC,Encompass Health Corporation Common Stock,$121.99,-1.60,-1.295%,"12,034,726,314"
LFUS,"Littelfuse, Inc. Common Stock",$471.81,14.24,3.112%,"11,983,382,822"
TFII,TFI International Inc. Common Shares,$145.61,-1.03,-0.702%,"11,967,690,414"
UDR,"UDR, Inc. Common Stock",$37.24,-0.70,-1.845%,"11,963,879,627"
BTSG,"BrightSpring Health Services, Inc. Common Stock",$60.38,-1.33,-2.155%,"11,947,042,872"
AHR,"American Healthcare REIT, Inc. Common Stock",$54.68,0.37,0.681%,"11,920,173,017"
CHYM,"Chime Financial, Inc. Class A Common Stock",$31.45,-0.57,-1.78%,"11,906,501,741"
KTOS,"Kratos Defense & Security Solutions, Inc. Common Stock",$63.29,-1.29,-1.998%,"11,880,882,786"
RTO,Rentokil Initial plc American Depositary Shares (each representing five (5) Ordinary Shares),$23.55,-0.29,-1.216%,"11,878,620,000"
KNX,Knight-Swift Transportation Holdings Inc.,$72.80,0.38,0.525%,"11,848,636,800"
FPS,"Forgent Power Solutions, Inc. Class A Common Stock",$38.83,-0.83,-2.093%,"11,820,973,760"
ELAN,Elanco Animal Health Incorporated Common Stock,$23.61,-0.06,-0.253%,"11,796,071,406"
GDDY,GoDaddy Inc. Class A Common Stock,$92.37,-2.54,-2.676%,"11,698,448,418"
HALO,"Halozyme Therapeutics, Inc. Common Stock",$103.00,4.34,4.399%,"11,690,294,000"
VICR,Vicor Corporation Common Stock,$253.50,18.76,7.992%,"11,688,056,562"
FROG,JFrog Ltd. Ordinary Shares,$94.64,-1.53,-1.591%,"11,669,236,073"
XPEV,"XPeng Inc. American depositary shares, each representing two Class A ordinary shares",$12.20,0.50,4.274%,"11,661,117,460"
EVR,Evercore Inc. Class A Common Stock,$303.18,-4.20,-1.366%,"11,659,629,134"
ENLT,Enlight Renewable Energy Ltd. Ordinary Shares,$83.54,-1.90,-2.224%,"11,649,156,772"
MICC,The Magnum Ice Cream Company N.V. Ordinary Shares,$19.01,-0.57,-2.911%,"11,639,057,638"
SANM,Sanmina Corporation Common Stock,$217.03,6.19,2.936%,"11,632,234,173"
RRX,Regal Rexnord Corporation Common Stock,$174.52,-0.97,-0.553%,"11,621,612,629"
UMBF,UMB Financial Corporation Common Stock,$151.95,-0.09,-0.059%,"11,540,607,059"
PSKY,Paramount Skydance Corporation Class B Common Stock,$10.28,0.14,1.381%,"11,533,602,608"
NIO,"NIO Inc. American depositary shares, each  representing one Class A ordinary share",$4.60,0.08,1.77%,"11,526,068,301"
MOD,Modine Manufacturing Company Common Stock,$216.75,7.25,3.461%,"11,512,179,459"
MANH,"Manhattan Associates, Inc. Common Stock",$196.47,-0.92,-0.466%,"11,455,177,849"
ERIE,Erie Indemnity Company Class A Common Stock,$247.75,-8.24,-3.219%,"11,443,341,597"
GMED,"Globus Medical, Inc. Class A Common Stock",$85.12,-0.78,-0.908%,"11,428,374,120"
DOCU,"DocuSign, Inc. Common Stock",$59.82,-2.22,-3.578%,"11,422,306,451"
VIAV,Viavi Solutions Inc. Common Stock,$46.26,2.72,6.247%,"11,414,647,043"
BIPJ,Brookfield Infrastructure Corporation 7.250% Subordinated Notes due 2084,$24.69,-0.04,-0.162%,"11,390,582,669"
TECH,Bio-Techne Corp Common Stock,$72.39,-0.01,-0.014%,"11,334,011,885"
AXSM,"Axsome Therapeutics, Inc. Common Stock",$216.27,2.60,1.217%,"11,328,399,509"
IT,"Gartner, Inc. Common Stock",$179.19,-1.90,-1.049%,"11,315,665,009"
CART,Maplebear Inc. Common Stock,$48.86,-0.02,-0.041%,"11,311,093,274"
MGM,MGM Resorts International Common Stock,$43.78,-0.32,-0.726%,"11,309,387,201"
BMNR,"BitMine Immersion Technologies, Inc. Common Stock",$18.73,0.65,3.595%,"11,298,430,360"
WTRG,"Essential Utilities, Inc. Common Stock",$39.80,-0.58,-1.436%,"11,294,388,479"
BPOP,"Popular, Inc. Common Stock",$176.91,-0.96,-0.54%,"11,283,054,612"
SCI,Service Corporation International Common Stock,$82.53,-1.70,-2.018%,"11,275,205,189"
DVA,DaVita Inc. Common Stock,$176.70,-3.36,-1.866%,"11,273,460,000"
ARW,"Arrow Electronics, Inc. Common Stock",$220.36,6.37,2.977%,"11,217,519,012"
VSAT,"ViaSat, Inc. Common Stock",$81.41,-1.46,-1.762%,"11,214,700,492"
CGNX,Cognex Corporation Common Stock,$66.60,0.97,1.478%,"11,203,707,877"
AR,Antero Resources Corporation Common Stock,$36.40,-0.97,-2.596%,"11,190,779,600"
WMS,"Advanced Drainage Systems, Inc. Common Stock",$147.98,-2.93,-1.942%,"11,158,482,509"
DPZ,Domino's Pizza Inc Common Stock,$335.42,-10.85,-3.133%,"11,096,275,554"
DCI,"Donaldson Company, Inc. Common Stock",$94.68,-1.27,-1.324%,"10,974,458,782"
GKOS,Glaukos Corporation Common Stock,$185.62,1.09,0.591%,"10,948,598,386"
EGP,"EastGroup Properties, Inc. Common Stock",$203.55,0.49,0.241%,"10,945,558,675"
RMBS,Rambus Inc. Common Stock,$100.61,-0.24,-0.238%,"10,912,321,878"
SPXC,"SPX Technologies, Inc. Common Stock",$217.63,0.31,0.143%,"10,900,185,712"
CPT,Camden Property Trust Common Stock,$108.26,-2.10,-1.903%,"10,884,390,031"
IAG,Iamgold Corporation Ordinary Shares,$19.05,0.75,4.098%,"10,877,550,000"
WTFC,Wintrust Financial Corporation Common Stock,$160.96,-1.51,-0.929%,"10,859,322,048"
HUT,Hut 8 Corp. Common Stock,$88.04,2.60,3.043%,"10,851,763,563"
FORM,"FormFactor, Inc. FormFactor, Inc. Common Stock",$138.16,6.56,4.985%,"10,793,159,366"
AYI,Acuity Inc. Common Stock,$360.40,1.97,0.55%,"10,788,771,139"
MUSA,Murphy USA Inc. Common Stock,$586.06,16.94,2.977%,"10,771,986,163"
GSAT,"Globalstar, Inc. Common Stock",$83.03,0.64,0.777%,"10,757,648,272"
SSB,SouthState Bank Corporation Common Stock,$110.82,-0.77,-0.69%,"10,746,717,858"
HUBS,"HubSpot, Inc. Common Stock",$215.17,-8.97,-4.002%,"10,729,710,469"
DAR,Darling Ingredients Inc. Common Stock,$67.67,0.63,0.94%,"10,678,523,326"
TX,"Ternium S.A. Ternium S.A. American Depositary Shares (each representing ten shares, USD1.00 par value)",$54.35,0.54,1.004%,"10,669,322,299"
RYAN,"Ryan Specialty Holdings, Inc. Class A Common Stock",$41.68,-0.14,-0.335%,"10,662,360,239"
JKHY,"Jack Henry & Associates, Inc. Common Stock",$149.87,-3.44,-2.244%,"10,648,380,399"
BXP,"BXP, Inc. Common Stock",$66.69,-1.76,-2.571%,"10,647,829,170"
MOH,Molina Healthcare Inc Common Stock,$203.06,-9.37,-4.411%,"10,599,732,000"
WYNN,"Wynn Resorts, Limited Common stock",$102.79,0.26,0.254%,"10,584,686,256"
ENSG,"The Ensign Group, Inc. Common Stock",$181.53,-0.12,-0.066%,"10,580,010,244"
JEF,Jefferies Financial Group Inc. Common Stock,$54.56,-0.58,-1.052%,"10,570,601,166"
CYTK,"Cytokinetics, Incorporated Common Stock",$75.87,1.74,2.347%,"10,547,706,724"
SAIL,"SailPoint, Inc. Common Stock",$18.59,-0.94,-4.813%,"10,543,931,914"
EGO,Eldorado Gold Corporation Ordinary Shares,$40.33,0.60,1.51%,"10,539,030,075"
AES,The AES Corporation Common Stock,$14.76,0.03,0.204%,"10,530,354,179"
AM,Antero Midstream Corporation Common Stock,$22.15,-0.40,-1.774%,"10,514,029,100"
PRAX,"Praxis Precision Medicines, Inc. Common Stock",$376.38,9.57,2.609%,"10,508,525,083"
ALSN,"Allison Transmission Holdings, Inc. Common Stock",$127.11,1.24,0.985%,"10,496,494,410"
BSY,"Bentley Systems, Incorporated Class B Common Stock",$34.74,-1.50,-4.139%,"10,494,706,964"
NYT,New York Times Company (The) Common Stock,$65.27,0.48,0.741%,"10,476,021,803"
ZION,Zions Bancorporation N.A. Common Stock,$71.58,-0.62,-0.859%,"10,447,341,151"
CFR,"Cullen/Frost Bankers, Inc. Common Stock",$168.07,-2.01,-1.182%,"10,445,346,295"
MP,MP Materials Corp. Common Stock,$58.51,-0.23,-0.392%,"10,420,723,914"
ABVX,Abivax SA American Depositary Shares,$120.73,1.77,1.488%,"10,394,193,211"
APTV,Aptiv PLC Ordinary Shares,$50.04,0.48,0.969%,"10,389,971,883"
EAT,"Brinker International, Inc. Common Stock",$241.71,4.56,1.923%,"10,366,407,721"
ONB,Old National Bancorp Common Stock,$27.07,-0.10,-0.368%,"10,356,169,900"
GIL,"Gildan Activewear, Inc. Class A Sub. Vot. Common Stock",$55.89,-0.83,-1.463%,"10,350,372,385"
FLS,Flowserve Corporation Common Stock,$80.97,0.10,0.124%,"10,292,321,797"
SAIA,"Saia, Inc. Common Stock",$385.22,0.90,0.234%,"10,275,608,673"
PSO,"Pearson, Plc Common Stock",$16.15,UNCH,--,"10,267,732,949"
PTGX,"Protagonist Therapeutics, Inc. Common Stock",$158.62,3.52,2.27%,"10,264,028,167"
ORI,Old Republic International Corporation Common Stock,$42.51,-0.34,-0.793%,"10,263,313,514"
FRT,Federal Realty Investment Trust Common Stock,$118.02,-0.37,-0.313%,"10,254,655,477"
PNR,Pentair plc. Ordinary Share,$64.10,-2.06,-3.114%,"10,232,792,595"
SMMT,Summit Therapeutics Inc. Common Stock ,$12.78,-0.57,-4.27%,"10,195,239,914"
SWKS,"Skyworks Solutions, Inc. Common Stock",$67.73,-1.89,-2.715%,"10,191,521,525"
APGE,"Apogee Therapeutics, Inc. Common Stock",$134.59,0.04,0.03%,"10,186,812,254"
R,"Ryder System, Inc. Common Stock",$264.70,0.74,0.28%,"10,150,415,960"
PAYP,PayPay Corporation American Depository Shares,$14.97,0.08,0.537%,"10,136,832,731"
LTH,"Life Time Group Holdings, Inc. Common Stock",$45.34,0.08,0.177%,"10,131,764,722"
RDY,Dr. Reddy's Laboratories Ltd Common Stock,$12.11,-0.16,-1.304%,"10,107,695,907"
KYMR,"Kymera Therapeutics, Inc. Common Stock",$121.41,4.02,3.424%,"10,095,316,531"
UHS,"Universal Health Services, Inc. Common Stock",$170.53,0.51,0.30%,"10,050,443,903"
WLK,Westlake Corporation Common Stock,$78.21,-1.34,-1.684%,"9,994,968,019"
HSIC,"Henry Schein, Inc. Common Stock",$89.52,-0.25,-0.278%,"9,976,694,440"
KRYS,"Krystal Biotech, Inc. Common Stock",$335.73,3.46,1.041%,"9,937,217,210"
SUZ,Suzano S.A. American Depositary Shares (each representing One Ordinary Share),$7.86,-0.25,-3.083%,"9,935,964,454"
SOLS,Solstice Advanced Materials Inc. Common Stock ,$62.55,-0.10,-0.16%,"9,935,902,931"
MSGS,Madison Square Garden Sports Corp. Class A Common Stock (New),$411.94,4.77,1.172%,"9,919,490,896"
FDS,FactSet Research Systems Inc. Common Stock,$276.76,-6.73,-2.374%,"9,843,119,681"
SIRI,SiriusXM Holdings Inc. Common Stock,$29.125,0.665,2.337%,"9,817,073,200"
VMI,"Valmont Industries, Inc. Common Stock",$506.79,11.54,2.33%,"9,783,508,986"
OGE,OGE Energy Corp Common Stock,$47.35,-0.15,-0.316%,"9,781,623,939"
IONS,"Ionis Pharmaceuticals, Inc. Common Stock",$58.63,1.39,2.428%,"9,743,386,799"
OSCR,"Oscar Health, Inc. Class A Common Stock",$31.55,-1.21,-3.694%,"9,737,749,750"
LLYVK,"Liberty Live Holdings, Inc. Series C Liberty Live Group Common Stock",$105.70,-3.16,-2.903%,"9,724,968,243"
PODD,Insulet Corporation Common Stock,$139.70,-3.64,-2.539%,"9,688,781,600"
PAYC,"Paycom Software, Inc. Common Stock",$214.19,-3.94,-1.806%,"9,653,890,074"
AG,First Majestic Silver Corp. Ordinary Shares (Canada),$19.57,0.31,1.61%,"9,646,177,915"
AMG,"Affiliated Managers Group, Inc. Common Stock",$371.40,-2.97,-0.793%,"9,604,379,116"
FRHC,Freedom Holding Corp. Common Stock,$150.47,4.02,2.745%,"9,598,130,103"
ESI,Element Solutions Inc. Common Stock,$39.22,0.41,1.056%,"9,557,557,647"
AAL,American Airlines Group Inc. Common Stock,$14.43,-0.40,-2.697%,"9,552,226,393"
ONBPO,"Old National Bancorp Depositary Shares, Each Representing a 1/40th Interest in a Share of Series C Preferred Stock",$24.95,-0.05,-0.20%,"9,545,121,500"
RGEN,Repligen Corporation Common Stock,$169.04,2.21,1.325%,"9,539,877,374"
PRI,"Primerica, Inc. Common Stock",$309.92,-3.77,-1.202%,"9,538,516,312"
ONBPP,"Old National Bancorp Depositary Shares, Each Representing a 1/40th Interest in a Share of Series A Preferred Stock",$24.91,0.01,0.04%,"9,529,818,700"
OSK,Oshkosh Corporation (Holding Company)Common Stock,$153.97,1.08,0.706%,"9,506,069,154"
BIO,"Bio-Rad Laboratories, Inc. Class A Common Stock",$355.23,-1.03,-0.289%,"9,498,201,905"
GGB,Gerdau S.A. Common Stock,$4.80,0.06,1.266%,"9,494,486,635"
JAN,"Janus Living, Inc. Class A-1 Common Stock",$30.41,-0.22,-0.718%,"9,435,942,498"
FRO,Frontline Plc Ordinary Shares,$42.18,0.97,2.354%,"9,390,233,458"
COMP,"Compass, Inc. Class A Common Stock",$12.39,-0.63,-4.839%,"9,385,700,021"
FCFS,"FirstCash Holdings, Inc. Common Stock",$216.24,1.49,0.694%,"9,378,718,032"
LLYVA,"Liberty Live Holdings, Inc. Series A Liberty Live Group Common Stock",$101.89,-3.10,-2.953%,"9,374,427,761"
TEM,"Tempus AI, Inc. Class A Common Stock",$51.64,-0.46,-0.883%,"9,317,650,800"
EQX,Equinox Gold Corp. Common Shares,$11.79,0.19,1.638%,"9,303,561,320"
LINE,"Lineage, Inc. Common Stock",$40.80,-0.95,-2.275%,"9,290,568,490"
TTC,Toro Company (The) Common Stock,$97.50,-0.88,-0.894%,"9,284,879,565"
ENJ,"Entergy New Orleans, LLC First Mortgage Bonds, 5.0% Series due December 1, 2052",$19.8907,UNCH,--,"9,281,627,137"
TKR,Timken Company (The) Common Stock,$133.93,0.43,0.322%,"9,280,925,647"
CTRE,"CareTrust REIT, Inc. Common Stock",$39.26,0.49,1.264%,"9,276,870,993"
ADC,Agree Realty Corporation Common Stock,$74.54,-0.20,-0.268%,"9,271,233,767"
CUBE,CubeSmart Common Shares,$41.14,-0.34,-0.82%,"9,263,175,088"
SIMO,Silicon Motion Technology Corporation American Depositary Shares,$272.70,3.80,1.413%,"9,246,666,605"
VIRT,"Virtu Financial, Inc. Class A Common Stock",$59.50,-0.52,-0.866%,"9,234,413,507"
SYRE,"Spyre Therapeutics, Inc. Common Stock",$104.60,0.97,0.936%,"9,222,975,505"
EMP,"Entergy Mississippi, LLC First Mortgage Bonds, 4.90% Series Due October 1, 2066",$19.75,-0.06,-0.303%,"9,215,972,086"
EAI,"Entergy Arkansas, LLC First Mortgage Bonds, 4.875% Series Due September 1, 2066",$19.7204,-0.0896,-0.452%,"9,202,159,793"
RRC,Range Resources Corporation Common Stock,$39.36,-0.96,-2.381%,"9,197,625,710"
YMM,Full Truck Alliance Co. Ltd. American Depositary Shares (each representing 20 Class A Ordinary Shares),$8.84,0.03,0.341%,"9,171,891,868"
TTEK,"Tetra Tech, Inc. Common Stock",$35.82,-0.69,-1.89%,"9,171,511,411"
MHK,"Mohawk Industries, Inc. Common Stock",$135.34,-4.76,-3.398%,"9,167,680,544"
AVAV,"AeroVironment, Inc. Common Stock",$181.13,-11.68,-6.058%,"9,166,632,474"
KT,KT Corporation Common Stock,$19.00,-0.12,-0.628%,"9,161,612,394"
COLB,"Columbia Banking System, Inc. Common Stock",$32.34,-0.35,-1.071%,"9,149,059,347"
BRX,Brixmor Property Group Inc. Common Stock,$29.76,-0.22,-0.734%,"9,132,520,124"
AVTR,"Avantor, Inc. Common Stock",$13.50,-0.16,-1.171%,"9,130,844,340"
APLD,Applied Digital Corporation Common Stock,$31.18,-0.02,-0.064%,"9,088,006,912"
JMKE,Jersey Mike's Subs Inc. Class A Common Stock,$22.55,0.39,1.76%,"9,075,103,699"
VOYA,"Voya Financial, Inc. Common Stock",$100.14,-1.38,-1.359%,"9,072,318,389"
SARO,"StandardAero, Inc. Common Stock",$27.39,-0.51,-1.828%,"9,063,883,215"
CHWY,"Chewy, Inc. Class A Common Stock",$22.13,-0.29,-1.293%,"9,060,557,701"
DDS,"Dillard's, Inc. Common Stock",$579.68,18.80,3.352%,"9,054,294,949"
IMVT,"Immunovant, Inc. Common Stock",$43.71,1.89,4.519%,"9,028,417,730"
JXN,Jackson Financial Inc. Class A Common Stock ,$133.15,-2.17,-1.604%,"9,018,082,264"
BAH,Booz Allen Hamilton Holding Corporation Common Stock,$74.97,-2.49,-3.215%,"9,017,764,426"
IDCC,"InterDigital, Inc. Common Stock",$348.39,4.74,1.379%,"8,990,554,779"
CRNX,"Crinetics Pharmaceuticals, Inc. Common Stock",$84.75,0.05,0.059%,"8,989,028,158"
PCVX,"Vaxcyte, Inc. Common Stock",$60.22,2.15,3.702%,"8,961,053,841"
PB,"Prosperity Bancshares, Inc. Common Stock",$74.48,-0.57,-0.759%,"8,950,765,904"
WAL,Western Alliance Bancorporation Common Stock (DE),$81.72,-0.60,-0.729%,"8,915,722,606"
SFD,"Smithfield Foods, Inc. Common Stock",$22.61,-0.15,-0.659%,"8,903,081,615"
PBF,PBF Energy Inc. Class A Common Stock,$75.07,3.22,4.482%,"8,898,560,429"
PCOR,"Procore Technologies, Inc. Common Stock",$58.38,-1.42,-2.375%,"8,871,152,632"
NNN,"NNN REIT, Inc. Common Stock",$46.16,0.16,0.348%,"8,859,553,424"
BOKF,BOK Financial Corporation Common Stock,$145.72,-0.35,-0.24%,"8,854,947,859"
ALV,"Autoliv, Inc. Common Stock",$120.76,-1.35,-1.106%,"8,844,126,325"
PRMB,Primo Brands Corporation Class A Common Stock,$24.38,-0.32,-1.296%,"8,834,191,617"
BROS,Dutch Bros Inc. Class A Common Stock,$50.42,-1.60,-3.076%,"8,807,452,121"
BRKR,Bruker Corporation Common Stock,$57.67,-0.03,-0.052%,"8,786,561,754"
WULF,TeraWulf Inc. Common Stock,$17.60,0.22,1.266%,"8,781,848,715"
QGEN,Qiagen N.V. Common Shares,$42.60,-0.35,-0.815%,"8,778,784,478"
CNM,"Core & Main, Inc. Class A Common Stock",$45.34,-0.64,-1.392%,"8,774,198,387"
SNAP,Snap Inc. Class A Common Stock,$5.18,-0.23,-4.251%,"8,760,404,148"
HLI,"Houlihan Lokey, Inc. Class A Common Stock",$125.22,-3.46,-2.689%,"8,751,187,530"
NEU,NewMarket Corp Common Stock,$951.06,-10.86,-1.129%,"8,746,333,890"
CAE,CAE Inc. Common Shares,$27.14,0.96,3.667%,"8,725,745,032"
PL,Planet Labs PBC Class A Common Stock,$24.38,-0.31,-1.256%,"8,689,093,584"
LEVI,Levi Strauss & Co Class A Common Stock,$22.57,0.02,0.089%,"8,686,077,184"
ESTC,Elastic N.V. Ordinary Shares,$83.44,-3.24,-3.738%,"8,673,724,258"
BVN,Buenaventura Mining Company Inc.,$33.96,0.22,0.652%,"8,625,394,003"
KNTK,Kinetik Holdings Inc. Class A Common Stock,$52.98,-0.46,-0.861%,"8,602,846,254"
CBSH,"Commerce Bancshares, Inc. Common Stock",$59.71,-0.56,-0.929%,"8,564,335,348"
RHP,"Ryman Hospitality Properties, Inc. (REIT)",$124.11,-1.41,-1.123%,"8,561,524,189"
HQY,"HealthEquity, Inc. Common Stock",$102.33,-2.40,-2.292%,"8,555,008,726"
LNC,Lincoln National Corporation Common Stock,$44.67,-0.79,-1.738%,"8,551,952,499"
GLXY,Galaxy Digital Inc. Class A Common Stock,$21.87,0.21,0.97%,"8,548,744,398"
MTCH,"Match Group, Inc. Common Stock",$37.22,-0.73,-1.924%,"8,543,887,662"
SATA,"Strive, Inc. Variable Rate Series A Perpetual Preferred Stock",$99.48,0.2716,0.274%,"8,499,760,510"
QRVO,"Qorvo, Inc. Common Stock",$96.04,-2.07,-2.11%,"8,472,805,633"
EDU,"New Oriental Education & Technology Group, Inc. Sponsored ADR representing 10 Ordinary Share (Cayman Islands)",$53.20,0.66,1.256%,"8,466,553,740"
EMN,Eastman Chemical Company Common Stock,$73.97,-0.10,-0.135%,"8,460,497,831"
SM,SM Energy Company Common Stock,$35.48,1.73,5.126%,"8,439,062,333"
TTAN,"ServiceTitan, Inc. Class A Common Stock",$88.39,-2.01,-2.223%,"8,432,192,008"
TIMB,TIM S.A. American Depositary Shares (Each representing 5 Common Shares) ,$17.59,0.24,1.383%,"8,415,498,881"
IBRX,"ImmunityBio, Inc. Common Stock",$7.92,0.35,4.624%,"8,393,903,282"
ATR,"AptarGroup, Inc. Common Stock",$131.74,-0.36,-0.273%,"8,376,177,934"
KNSL,"Kinsale Capital Group, Inc. Common Stock",$367.16,-12.03,-3.173%,"8,363,326,523"
ALKS,Alkermes plc Ordinary Shares,$49.85,0.79,1.61%,"8,362,999,109"
NCLH,Norwegian Cruise Line Holdings Ltd. Ordinary Shares,$18.18,-0.83,-4.366%,"8,348,035,040"
STN,Stantec Inc Common Stock,$74.27,0.57,0.773%,"8,347,925,942"
AOS,A.O. Smith Corporation Common Stock,$61.40,-0.77,-1.239%,"8,344,786,382"
ZWS,Zurn Elkay Water Solutions Corporation Common Stock,$50.31,-0.66,-1.295%,"8,344,622,720"
FR,"First Industrial Realty Trust, Inc. Common Stock",$62.90,0.03,0.048%,"8,338,838,303"
XE,"X-Energy, Inc. Class A Common Stock",$20.455,-0.52,-2.479%,"8,312,218,739"
KMX,CarMax Inc,$58.53,-1.39,-2.32%,"8,306,056,449"
CAVA,"CAVA Group, Inc. Common Stock",$71.02,-3.40,-4.569%,"8,295,576,182"
PATH,"UiPath, Inc. Class A Common Stock",$15.99,-0.02,-0.125%,"8,284,743,053"
TPGXL,"TPG Operating Group II, L.P. 6.950% Fixed-Rate Junior Subordinated Notes due 2064",$22.68,-0.22,-0.961%,"8,274,248,577"
AGX,"Argan, Inc. Common Stock",$589.27,11.05,1.911%,"8,261,121,680"
VLY,Valley National Bancorp Common Stock,$14.94,-0.07,-0.466%,"8,255,922,076"
GME,GameStop Corporation Common Stock,$18.40,-0.26,-1.393%,"8,255,919,129"
SNEX,StoneX Group Inc. Common Stock,$68.41,1.31,1.952%,"8,251,390,841"
TWST,Twist Bioscience Corporation Common Stock,$124.41,5.84,4.925%,"8,248,529,057"
ALGM,"Allegro MicroSystems, Inc. Common Stock",$44.25,-0.14,-0.315%,"8,248,290,536"
KRMN,Karman Holdings Inc. Common Stock,$61.78,-0.23,-0.371%,"8,187,932,480"
IDA,"IDACORP, Inc. Common Stock",$141.47,-1.14,-0.799%,"8,182,913,823"
ARE,"Alexandria Real Estate Equities, Inc. Common Stock",$46.94,-1.20,-2.493%,"8,179,180,936"
OKLO,Oklo Inc. Class A common stock,$43.88,-0.50,-1.127%,"8,162,454,482"
XP,XP Inc. Class A Common Stock,$15.70,-0.12,-0.759%,"8,137,497,442"
LAD,"Lithia Motors, Inc. Common Stock",$369.52,-8.03,-2.127%,"8,123,201,024"
AVT,"Avnet, Inc. Common Stock",$98.63,2.92,3.051%,"8,090,035,109"
CMC,Commercial Metals Company Common Stock,$72.73,1.10,1.536%,"8,045,707,885"
VIST,"Vista Energy S.A.B. de C.V. American Depositary Shares, each representing one series A share, with no par value",$72.16,3.85,5.636%,"8,032,663,728"
SSD,"Simpson Manufacturing Company, Inc. Common Stock",$195.89,2.11,1.089%,"8,028,489,357"
ACM,AECOM Common Stock,$62.22,-0.89,-1.41%,"8,007,491,564"
CAMT,Camtek Ltd. Ordinary Shares,$171.80,6.42,3.882%,"7,997,050,683"
REXR,"Rexford Industrial Realty, Inc. Common Stock",$35.86,-0.37,-1.021%,"7,996,354,127"
ESE,ESCO Technologies Inc. Common Stock,$308.01,2.15,0.703%,"7,979,789,712"
POWL,"Powell Industries, Inc. Common Stock",$218.73,5.25,2.459%,"7,968,894,724"
RAL,Ralliant Corporation Common Stock,$71.97,-0.32,-0.443%,"7,962,761,376"
RYTM,"Rhythm Pharmaceuticals, Inc. Common Stock",$115.44,-0.04,-0.035%,"7,948,284,346"
ELPC,Companhia Paranaense de Energia (COPEL) American Depositary Shares (each representing four (4) Common Shares),$10.60,0.14,1.338%,"7,904,448,069"
ASR,"Grupo Aeroportuario del Sureste, S.A. de C.V. Common Stock",$263.00,-1.58,-0.597%,"7,890,000,000"
FIGR,"Figure Technology Solutions, Inc. Class A Common Stock",$35.755,4.325,13.761%,"7,884,542,286"
MBLY,Mobileye Global Inc. Class A Common Stock,$9.23,0.31,3.475%,"7,847,231,530"
JOBY,"Joby Aviation, Inc. Common Stock",$7.91,-0.01,-0.126%,"7,823,972,715"
CHRD,Chord Energy Corporation Common Stock,$142.88,5.56,4.049%,"7,815,231,951"
CBC,"Central Bancompany, Inc. Class A Common Stock",$32.55,-0.12,-0.367%,"7,804,453,673"
HXL,Hexcel Corporation Common Stock,$103.10,-0.97,-0.932%,"7,796,777,901"
NFG,National Fuel Gas Company Common Stock,$81.82,-0.10,-0.122%,"7,776,590,000"
SBSW,D/B/A Sibanye-Stillwater Limited ADS,$10.97,0.20,1.857%,"7,762,830,722"
MORN,"Morningstar, Inc. Common Stock",$206.74,-0.67,-0.323%,"7,755,555,669"
THG,Hanover Insurance Group Inc,$222.10,-3.19,-1.416%,"7,733,571,084"
AXTA,Axalta Coating Systems Ltd. Common Shares,$36.11,-1.20,-3.216%,"7,728,262,092"
PCTY,Paylocity Holding Corporation Common Stock,$145.47,-2.81,-1.895%,"7,718,196,408"
ZG,"Zillow Group, Inc. Class A Common Stock",$34.32,-0.84,-2.389%,"7,717,708,421"
QBTS,D-Wave Quantum Inc. Common Stock,$20.87,-0.30,-1.417%,"7,706,536,278"
NOV,NOV Inc. Common Stock,$21.60,0.46,2.176%,"7,699,927,500"
FSS,Federal Signal Corporation Common Stock,$126.14,0.29,0.23%,"7,699,788,812"
TEX,Terex Corporation Common Stock,$67.34,-0.58,-0.854%,"7,696,962,000"
DPC,DPC Holdings PLC Ordinary Shares,$51.46,1.37,2.735%,"7,687,764,603"
MXL,"MaxLinear, Inc. Common Stock",$84.76,-0.08,-0.094%,"7,687,154,869"
CIFR,Cipher Digital Inc. Common Stock,$18.50,0.645,3.612%,"7,678,068,357"
SOBO,South Bow Corporation Common Shares,$36.68,-0.11,-0.299%,"7,650,884,118"
PRH,"Prudential Financial, Inc. 5.950% Junior Subordinated Notes due 2062",$21.61,-0.13,-0.598%,"7,606,720,000"
SSL,Sasol Ltd. American Depositary Shares,$11.71,0.18,1.561%,"7,604,182,468"
TAP,Molson Coors Beverage Company Class B Common Stock,$40.74,-2.03,-4.746%,"7,596,133,230"
Z,"Zillow Group, Inc. Class C Capital Stock",$33.72,-1.06,-3.048%,"7,582,783,449"
CELH,"Celsius Holdings, Inc. Common Stock",$29.945,0.855,2.939%,"7,577,134,482"
AWI,Armstrong World Industries Inc Common Stock,$179.17,-3.03,-1.663%,"7,572,230,534"
LGN,Legence Corp. Class A Common stock,$70.04,3.665,5.522%,"7,569,606,619"
TXG,"10x Genomics, Inc. Class A Common Stock",$57.99,1.90,3.387%,"7,555,584,832"
BLDR,"Builders FirstSource, Inc. Common Stock",$70.21,-2.30,-3.172%,"7,554,347,246"
TGTX,"TG Therapeutics, Inc. Common Stock",$49.28,0.54,1.108%,"7,543,242,932"
DBX,"Dropbox, Inc. Class A Common Stock",$33.38,-1.04,-3.021%,"7,534,175,933"
UGI,UGI Corporation Common Stock,$35.09,-0.28,-0.792%,"7,526,628,392"
RIOT,"Riot Platforms, Inc. Common Stock ",$20.04,1.025,5.39%,"7,520,189,057"
SFM,"Sprouts Farmers Market, Inc. Common Stock",$80.60,-1.90,-2.303%,"7,515,758,575"
OMF,"OneMain Holdings, Inc. Common Stock",$65.15,-0.53,-0.807%,"7,494,951,705"
S,"SentinelOne, Inc. Class A Common Stock",$21.82,-1.29,-5.582%,"7,479,977,236"
FAF,First American Corporation (New) Common Stock,$73.18,-0.68,-0.921%,"7,471,678,000"
MAAS,Maase Inc. Class A Ordinary Shares,$16.88,0.22,1.321%,"7,463,923,757"
CAG,"ConAgra Brands, Inc. Common Stock",$15.54,-0.08,-0.512%,"7,460,250,830"
ORKA,"Oruka Therapeutics, Inc. Common Stock",$112.66,1.62,1.459%,"7,459,184,689"
KEX,Kirby Corporation Common Stock,$141.13,2.51,1.811%,"7,451,664,000"
TRNO,Terreno Realty Corporation Common Stock,$68.18,-0.04,-0.059%,"7,429,595,736"
GJS,"Goldman Sachs Group Securities STRATS Trust for Goldman Sachs Group Securities, Series 2006-2",$23.63,0.06,0.255%,"7,373,482,350"
BIPH,Brookfield Infrastructure Corporation 5.000% Subordinated Notes due 2081,$15.9798,-0.0002,-0.001%,"7,372,184,404"
NPO,Enpro Inc. Common Stock,$346.33,2.99,0.871%,"7,331,002,961"
ECG,"Everus Construction Group, Inc. Common Stock",$143.40,2.36,1.673%,"7,322,554,082"
FLR,Fluor Corporation Common Stock,$54.74,2.37,4.525%,"7,320,986,008"
SLAB,"Silicon Laboratories, Inc. Common Stock",$219.29,0.88,0.403%,"7,316,997,020"
PLXS,Plexus Corp. Common Stock,$274.20,6.79,2.539%,"7,308,005,546"
VCTR,"Victory Capital Holdings, Inc. Class A Common Stock",$118.81,0.575,0.486%,"7,307,952,249"
NAVN,"Navan, Inc. Class A Common Stock",$28.72,-0.535,-1.829%,"7,304,393,845"
VFS,VinFast Auto Ltd. Ordinary Shares,$3.12,-0.05,-1.577%,"7,299,352,351"
ENS,EnerSys Common Stock,$202.34,-1.06,-0.521%,"7,297,437,424"
MSA,MSA Safety Incorporated Common Stock,$189.14,0.01,0.005%,"7,296,697,581"
LOAR,Loar Holdings Inc. Common Stock,$77.83,0.42,0.543%,"7,291,773,698"
PRS,"Prudential Financial, Inc. 5.625% Junior Subordinated Notes due 2058",$20.71,-0.15,-0.719%,"7,289,920,000"
AXS,Axis Capital Holdings Limited Common Stock,$99.88,-1.32,-1.304%,"7,287,875,742"
GAP,"Gap, Inc. (The) Common Stock",$20.18,-0.42,-2.039%,"7,264,374,868"
AAON,"AAON, Inc. Common Stock",$88.09,0.29,0.33%,"7,263,341,060"
ZETA,Zeta Global Holdings Corp. Class A Common Stock,$28.83,-0.22,-0.757%,"7,236,722,232"
LW,"Lamb Weston Holdings, Inc. Common Stock ",$52.49,-0.58,-1.093%,"7,216,378,267"
NE,Noble Corporation plc A Ordinary Shares,$45.18,0.08,0.177%,"7,212,635,409"
UGP,Ultrapar Participacoes S.A. (New) American Depositary Shares (Each representing one Common Share),$6.48,0.32,5.195%,"7,211,010,044"
NXE,Nexgen Energy Ltd. Common Shares,$10.75,0.36,3.465%,"7,207,940,586"
BZ,KANZHUN LIMITED American Depository Shares,$15.55,0.04,0.258%,"7,196,628,682"
ETSY,"Etsy, Inc. Common Stock",$78.41,-1.49,-1.865%,"7,196,606,861"
BILI,Bilibili Inc. American Depositary Shares,$17.23,-0.21,-1.204%,"7,178,425,438"
GTES,Gates Industrial Corporation Ltd. Common Shares,$28.14,0.38,1.369%,"7,123,673,924"
ACA,"Arcosa, Inc. Common Stock ",$145.01,-0.39,-0.268%,"7,120,978,373"
STAG,"Stag Industrial, Inc. Common Stock",$36.80,0.05,0.136%,"7,095,346,507"
HNGE,"Hinge Health, Inc. Class A Common Stock",$87.87,-0.62,-0.701%,"7,090,618,422"
GDS,GDS Holdings Limited ADS,$35.38,0.97,2.819%,"7,089,359,948"
VNO,Vornado Realty Trust Common Stock,$37.90,-1.10,-2.821%,"7,076,708,125"
ICL,ICL Group Ltd. Ordinary Shares,$5.46,-0.09,-1.622%,"7,047,073,100"
CLF,Cleveland-Cliffs Inc. Common Stock,$12.31,0.41,3.445%,"7,023,347,979"
PACS,"PACS Group, Inc. Common Stock",$44.32,-0.12,-0.27%,"7,017,434,324"
BEPJ,Brookfield BRP Holdings (Canada) Inc. 7.250% Perpetual Subordinated Notes,$24.42,-0.03,-0.123%,"7,012,553,183"
PJT,PJT Partners Inc. Class A Common Stock,$170.96,-3.40,-1.95%,"7,011,344,675"
ORA,"Ormat Technologies, Inc. Common Stock",$113.91,-0.85,-0.741%,"7,005,116,549"
MAC,Macerich Company (The) Common Stock,$24.66,-0.05,-0.202%,"6,992,574,188"
AGCO,AGCO Corporation Common Stock,$99.75,-1.58,-1.559%,"6,985,664,968"
GGAL,Grupo Financiero Galicia S.A. American Depositary Shares,$43.42,0.05,0.115%,"6,974,353,696"
MSM,"MSC Industrial Direct Company, Inc. Common Stock",$124.60,0.78,0.63%,"6,958,448,731"
LQDA,Liquidia Corporation Common Stock,$77.70,3.26,4.379%,"6,954,840,831"
APPF,"AppFolio, Inc. Class A Common Stock",$195.965,-8.245,-4.038%,"6,940,490,837"
MTDR,Matador Resources Company Common Stock,$55.94,2.25,4.191%,"6,922,810,843"
POOL,Pool Corporation Common Stock,$190.47,-4.37,-2.243%,"6,921,822,081"
ROAD,"Construction Partners, Inc. Class A Common Stock",$120.46,-1.09,-0.897%,"6,911,338,895"
GLBE,Global-E Online Ltd. Ordinary Shares,$41.18,-1.18,-2.786%,"6,900,462,100"
BTG,B2Gold Corp Common shares (Canada),$5.20,0.06,1.167%,"6,869,567,962"
CHE,Chemed Corp,$524.98,-7.90,-1.483%,"6,861,468,126"
PPC,Pilgrim's Pride Corporation Common Stock,$28.77,0.87,3.118%,"6,850,382,235"
FNB,F.N.B. Corporation Common Stock,$19.40,-0.08,-0.411%,"6,848,218,857"
ACT,"Enact Holdings, Inc. Common Stock",$49.78,-0.16,-0.32%,"6,843,937,142"
GTLB,GitLab Inc. Class A Common Stock,$40.52,-2.10,-4.927%,"6,843,828,000"
CGON,"CG Oncology, Inc. Common stock",$77.11,2.08,2.772%,"6,835,059,316"
VSEC,VSE Corporation Common Stock,$243.48,1.66,0.686%,"6,833,259,383"
MRCY,Mercury Systems Inc Common Stock,$113.36,2.24,2.016%,"6,806,506,561"
LUMN,"Lumen Technologies, Inc. Common Stock",$6.58,-0.14,-2.083%,"6,786,910,758"
AN,"AutoNation, Inc. Common Stock",$204.96,-4.45,-2.125%,"6,776,142,798"
CPB,The Campbell's Company Common Stock,$22.68,-0.49,-2.115%,"6,763,317,591"
MOS,Mosaic Company (The) Common Stock,$21.23,-0.38,-1.758%,"6,748,924,565"
VIPS,"Vipshop Holdings Limited American Depositary Shares, each representing two ordinary shares",$14.04,-0.14,-0.987%,"6,742,998,382"
BIRK,Birkenstock Holding plc Ordinary Shares,$37.86,-1.49,-3.787%,"6,734,832,752"
EPRT,"Essential Properties Realty Trust, Inc. Common Stock",$31.14,0.08,0.258%,"6,734,741,345"
VSXY,Victorias Secret & Co. Common Stock ,$84.10,-4.92,-5.527%,"6,685,253,652"
KGS,"Kodiak Gas Services, Inc. Common Stock",$66.12,0.77,1.178%,"6,684,998,530"
SSRM,SSR Mining Inc. Common Stock,$32.78,0.59,1.833%,"6,684,147,247"
ST,Sensata Technologies Holding plc Ordinary Shares,$45.92,-0.31,-0.671%,"6,683,006,783"
HIMS,"Hims & Hers Health, Inc. Class A Common Stock",$28.61,0.46,1.634%,"6,675,096,746"
WFRD,Weatherford International plc Ordinary Shares,$93.08,-1.705,-1.799%,"6,672,481,034"
UBSI,"United Bankshares, Inc. Common Stock",$48.98,-0.29,-0.589%,"6,671,691,728"
RRR,"Red Rock Resorts, Inc. Class A Common Stock",$63.21,-0.45,-0.707%,"6,638,073,307"
SGHC,Super Group (SGHC) Limited Ordinary Shares,$13.03,-0.27,-2.03%,"6,620,240,548"
OGC,OceanaGold Corporation Common Shares,$29.49,0.89,3.112%,"6,612,189,498"
SWX,"Southwest Gas Holdings, Inc. Common Stock (DE)",$91.26,-1.34,-1.447%,"6,611,408,545"
ACGLO,"Arch Capital Group Ltd. Depositary Shares Each Representing 1/1,000th Interest in a Share of 5.45% Non-Cumulative Preferred Shares, Series F",$19.36,-0.025,-0.129%,"6,606,195,879"
LNTH,"Lantheus Holdings, Inc. Common Stock",$100.91,-0.04,-0.04%,"6,586,634,756"
AUGO,Aura Minerals Inc. Common Shares,$78.54,2.52,3.315%,"6,580,805,574"
MATX,"Matson, Inc. Common Stock",$219.95,2.65,1.22%,"6,577,265,587"
BLTE,"Belite Bio, Inc American Depositary Shares",$163.21,0.41,0.252%,"6,572,816,622"
COGT,"Cogent Biosciences, Inc. Common Stock",$37.87,-0.06,-0.158%,"6,571,391,068"
ENVA,"Enova International, Inc. Common Stock",$263.91,-1.54,-0.58%,"6,570,929,091"
HR,Healthcare Realty Trust Incorporated Common Stock,$19.15,-0.10,-0.519%,"6,563,083,404"
URBN,"Urban Outfitters, Inc. Common Stock",$76.64,-1.17,-1.504%,"6,563,072,761"
LSTR,"Landstar System, Inc. Common Stock",$193.38,3.19,1.677%,"6,562,722,557"
RIG,Transocean Ltd (Switzerland) Common Stock,$5.87,0.11,1.91%,"6,556,086,099"
TFPM,Triple Flag Precious Metals Corp. Common Shares,$31.64,0.17,0.54%,"6,536,947,776"
INGR,Ingredion Incorporated Common Stock,$103.59,-1.61,-1.53%,"6,532,797,585"
LYFT,"Lyft, Inc. Class A Common Stock",$17.22,-0.26,-1.487%,"6,518,463,088"
AVAL,Grupo Aval Acciones y Valores S.A. ADR (Each representing 20 preferred shares),$5.49,0.19,3.585%,"6,517,584,096"
MIRM,"Mirum Pharmaceuticals, Inc. Common Stock",$99.83,-0.81,-0.805%,"6,482,181,825"
TAL,TAL Education Group American Depositary Shares,$11.68,0.03,0.258%,"6,478,910,647"
IBP,"Installed Building Products, Inc. Common Stock",$243.54,3.31,1.378%,"6,473,092,767"
CORZ,"Core Scientific, Inc. Common Stock",$20.13,-0.05,-0.248%,"6,468,583,077"
GBCI,"Glacier Bancorp, Inc. Common Stock",$49.61,-0.32,-0.641%,"6,459,814,988"
INGM,Ingram Micro Holding Corporation Common Stock,$27.99,-0.56,-1.961%,"6,456,226,693"
CORZZ,"Core Scientific, Inc. Tranche 2 Warrants",$20.09,-0.06,-0.298%,"6,455,729,460"
LKQ,LKQ Corporation Common Stock,$25.45,0.03,0.118%,"6,438,903,089"
STVN,Stevanato Group S.p.A. Ordinary Shares,$21.26,0.20,0.95%,"6,438,432,315"
WEX,WEX Inc. common stock,$188.87,-2.91,-1.517%,"6,436,993,870"
DNTH,"Dianthus Therapeutics, Inc. Common Stock",$114.86,-1.10,-0.949%,"6,424,622,657"
DSGX,Descartes Systems Group Inc. (The) Common Stock,$74.92,-2.32,-3.004%,"6,419,956,759"
AMRX,"Amneal Pharmaceuticals, Inc. Class A Common Stock",$18.42,0.27,1.488%,"6,415,612,633"
CMSC,CMS Energy Corporation 5.875% Junior Subordinated Notes due 2078,$21.36,-0.09,-0.42%,"6,393,805,447"
ERAS,"Erasca, Inc. Common Stock",$18.28,-0.10,-0.544%,"6,393,650,000"
RUSHA,"Rush Enterprises, Inc. Common Stock Cl A",$82.13,-0.10,-0.122%,"6,391,379,350"
MWH,"SOLV Energy, Inc. Class A Common Stock",$31.55,-0.45,-1.406%,"6,385,579,066"
SNDR,"Schneider National, Inc. Common Stock",$36.41,0.31,0.859%,"6,382,705,733"
NOVT,Novanta Inc. Common Stock,$168.75,2.17,1.303%,"6,381,748,688"
MTG,MGIC Investment Corporation Common Stock,$31.11,-0.05,-0.16%,"6,381,433,772"
GATX,GATX Corporation Common Stock,$180.64,UNCH,--,"6,376,592,000"
RYN,Rayonier Inc. REIT Common Stock,$21.41,-0.16,-0.742%,"6,370,915,700"
HRB,"H&R Block, Inc. Common Stock",$50.13,-3.79,-7.029%,"6,354,489,177"
MGY,Magnolia Oil & Gas Corporation Class A Common Stock,$26.79,0.55,2.096%,"6,348,388,580"
QLYS,"Qualys, Inc. Common Stock",$183.31,-2.74,-1.473%,"6,341,609,633"
CMSD,CMS Energy Corporation 5.875% Junior Subordinated Notes due 2079,$21.18,-0.40,-1.854%,"6,339,925,064"
SRRK,Scholar Rock Holding Corporation Common Stock,$52.05,-0.47,-0.895%,"6,338,923,928"
HWC,Hancock Whitney Corporation Common Stock,$78.84,-0.94,-1.178%,"6,324,785,893"
IFS,Intercorp Financial Services Inc. Common Shares,$54.64,-0.05,-0.091%,"6,308,062,601"
ENIC,Enel Chile S.A. American Depositary Shares (Each representing 50 shares of Common Stock),$4.56,0.03,0.662%,"6,307,990,017"
EXP,Eagle Materials Inc Common Stock,$205.51,-3.01,-1.444%,"6,304,086,041"
TTD,"The Trade Desk, Inc. Class A Common Stock",$13.40,-0.74,-5.233%,"6,296,394,600"
AXTI,AXT Inc Common Stock,$95.97,14.33,17.553%,"6,293,061,156"
CHDN,"Churchill Downs, Incorporated Common Stock",$89.70,-1.12,-1.233%,"6,252,111,797"
OR,OR Royalties Inc. Common Shares,$33.33,-0.03,-0.09%,"6,249,237,147"
RUSHB,"Rush Enterprises, Inc. Class B",$80.23,-0.04,-0.05%,"6,243,520,824"
ESNT,Essent Group Ltd. Common Shares,$69.43,-0.14,-0.201%,"6,240,124,909"
RGTI,"Rigetti Computing, Inc. Common Stock",$18.67,-0.15,-0.797%,"6,231,462,506"
CROX,"Crocs, Inc. Common Stock",$129.97,-1.75,-1.329%,"6,231,421,398"
HOMB,"Home BancShares, Inc. Common Stock",$31.11,-0.28,-0.892%,"6,223,543,989"
AIR,AAR Corp. Common Stock,$153.71,8.46,5.824%,"6,188,186,296"
DOX,Amdocs Limited Ordinary Shares,$57.25,-0.97,-1.666%,"6,180,111,108"
KNSA,"Kiniksa Pharmaceuticals International, plc Class A Ordinary Shares",$79.18,2.43,3.166%,"6,177,941,349"
SPHR,Sphere Entertainment Co. Class A Common Stock,$171.60,3.60,2.143%,"6,162,774,961"
LEA,Lear Corporation Common Stock,$124.89,-0.06,-0.048%,"6,160,169,776"
NTSK,"Netskope, Inc. Class A Common Stock",$15.25,-0.56,-3.542%,"6,159,835,647"
JBTM,JBT Marel Corporation Common Stock,$118.73,-1.45,-1.207%,"6,159,334,482"
FSV,FirstService Corporation Common Shares,$139.87,-0.94,-0.668%,"6,143,445,670"
LB,LandBridge Company LLC Class A Shares Representing Limited Liability Company Interests,$79.49,0.80,1.017%,"6,127,519,400"
CAI,"Caris Life Sciences, Inc. Common Stock",$21.63,-0.17,-0.78%,"6,112,533,873"
CMSA,CMS Energy Corporation 5.625% Junior Subordinated Notes due 2078,$20.41,-0.0843,-0.411%,"6,109,436,759"
M,Macy's Inc Common Stock,$23.22,-0.19,-0.812%,"6,107,741,292"
DUOL,"Duolingo, Inc. Class A Common Stock",$130.16,-2.67,-2.01%,"6,089,700,773"
PTCT,"PTC Therapeutics, Inc. Common Stock",$72.88,1.18,1.646%,"6,082,623,250"
DFTX,"Definium Therapeutics, Inc. Common Shares",$45.26,2.63,6.169%,"6,081,448,157"
AUB,Atlantic Union Bankshares Corporation Common Stock,$42.54,-0.34,-0.793%,"6,075,345,676"
BLCO,Bausch + Lomb Corporation Common Shares,$17.00,-0.05,-0.293%,"6,071,809,182"
AROC,"Archrock, Inc. Common Stock",$34.62,-0.07,-0.202%,"6,070,207,965"
ASB,Associated Banc-Corp Common Stock,$32.06,-0.27,-0.835%,"6,054,520,068"
VAL,Valaris Limited Common Shares,$87.08,1.46,1.705%,"6,046,470,074"
CZR,"Caesars Entertainment, Inc. Common Stock",$29.66,-0.09,-0.303%,"6,042,346,234"
XENE,Xenon Pharmaceuticals Inc. Common Shares,$62.36,0.01,0.016%,"6,038,969,340"
FND,"Floor & Decor Holdings, Inc. Common Stock",$56.62,-1.95,-3.329%,"6,029,461,818"
BBUC,Brookfield Business Corporation Class A Subordinate Voting Shares,$28.95,-0.42,-1.43%,"6,018,705,000"
BYD,Boyd Gaming Corporation Common Stock,$82.77,-1.36,-1.617%,"6,013,688,617"
STWD,"STARWOOD PROPERTY TRUST, INC. Starwood Property Trust Inc.",$16.24,-0.06,-0.368%,"6,011,543,748"
CRUS,"Cirrus Logic, Inc. Common Stock",$119.87,-1.22,-1.008%,"6,007,592,037"
OTEX,Open Text Corporation Common Shares,$23.93,-0.61,-2.486%,"5,996,924,454"
MTRN,Materion Corporation,$287.79,4.65,1.642%,"5,995,737,718"
BETA,"Beta Technologies, Inc. Class A Common Stock",$25.60,0.74,2.977%,"5,988,891,136"
TVTX,"Travere Therapeutics, Inc. Common Stock",$63.53,1.39,2.237%,"5,988,406,539"
POR,Portland General Electric Co Common Stock,$50.87,0.11,0.217%,"5,982,705,734"
CVLT,"Commvault Systems, Inc. Common Stock",$144.32,-2.765,-1.88%,"5,981,279,476"
RDNT,"RadNet, Inc. Common Stock",$75.93,-0.42,-0.55%,"5,975,482,724"
ABCB,Ameris Bancorp Common Stock,$89.04,-0.73,-0.813%,"5,975,228,561"
ACMR,"ACM Research, Inc. Class A Common Stock",$85.64,5.22,6.491%,"5,964,757,145"
CACC,Credit Acceptance Corporation Common Stock,$573.09,-14.18,-2.415%,"5,949,006,592"
TXNM,"TXNM Energy, Inc. Common Stock",$57.58,0.18,0.314%,"5,933,395,071"
YOU,"Clear Secure, Inc. Class A Common Stock",$43.84,-1.61,-3.542%,"5,931,029,515"
ACI,"Albertsons Companies, Inc. Class A Common Stock",$12.20,-0.22,-1.771%,"5,920,973,333"
RSI,"Rush Street Interactive, Inc. Class A Common Stock",$25.45,-0.13,-0.508%,"5,898,631,961"
MCY,Mercury General Corporation Common Stock,$106.38,1.00,0.949%,"5,892,242,140"
WHD,"Cactus, Inc. Class A Common Stock",$73.45,0.17,0.232%,"5,889,178,179"
STEP,StepStone Group Inc. Class A Common Stock,$48.28,-2.12,-4.206%,"5,826,269,531"
LGND,Ligand Pharmaceuticals Incorporated Common Stock,$291.77,-2.825,-0.959%,"5,816,612,638"
CGABL,The Carlyle Group Inc. 4.625% Subordinated Notes due 2061,$16.08,-0.01,-0.062%,"5,816,214,905"
NICE,NICE Ltd American Depositary Shares,$97.90,-4.36,-4.264%,"5,815,610,482"
MBGL,Mobility Global Inc. Common Stock,$19.72,-0.62,-3.048%,"5,813,876,430"
FLG,"Flagstar Bank, N.A. Common Stock",$14.00,-0.25,-1.754%,"5,811,299,704"
HRI,Herc Holdings Inc. Common Stock ,$173.12,-0.39,-0.225%,"5,787,651,585"
OZK,Bank OZK Common Stock,$51.11,-1.38,-2.629%,"5,782,387,707"
FTDR,"Frontdoor, Inc. Common Stock",$83.75,-2.72,-3.146%,"5,769,815,215"
DLB,Dolby Laboratories Common Stock,$61.35,-1.04,-1.667%,"5,746,580,573"
TEO,Telecom Argentina SA,$13.32,-0.02,-0.15%,"5,737,424,859"
RITM,Rithm Capital Corp. Common Stock,$10.26,-0.10,-0.965%,"5,729,256,138"
RLI,RLI Corp. Common Stock (DE),$62.42,-1.35,-2.117%,"5,728,468,787"
MKTX,"MarketAxess Holdings, Inc. Common Stock",$162.56,-0.01,-0.006%,"5,720,956,361"
TBBB,BBB Foods Inc. Class A Common Shares,$48.45,0.66,1.381%,"5,710,178,869"
KOF,"Coca Cola Femsa S.A.B. de C.V.  American Depositary Shares, each representing 10 Units (each Unit consists of 3 Series B Shares and 5 Series L Shares)",$108.69,-0.25,-0.229%,"5,708,486,513"
NXST,"Nexstar Media Group, Inc. Common Stock",$184.80,-4.77,-2.516%,"5,693,374,025"
VFC,V.F. Corporation Common Stock,$14.48,-0.39,-2.623%,"5,692,588,574"
BCPC,Balchem Corporation Common Stock,$178.38,-0.13,-0.073%,"5,686,401,386"
CWST,"Casella Waste Systems, Inc. Class A Common Stock",$89.31,-1.41,-1.554%,"5,683,692,508"
SXT,Sensient Technologies Corporation Common Stock,$133.45,-0.02,-0.015%,"5,680,007,128"
OBDC,Blue Owl Capital Corporation Common Stock,$11.50,-0.22,-1.877%,"5,671,139,544"
G,Genpact Limited Common Stock,$33.70,-0.16,-0.473%,"5,662,759,516"
AX,"Axos Financial, Inc. Common Stock",$99.32,-2.84,-2.78%,"5,649,781,948"
TFX,Teleflex Incorporated Common Stock,$133.07,-4.10,-2.989%,"5,638,494,869"
MMYT,MakeMyTrip Limited Ordinary Shares,$59.70,-0.72,-1.192%,"5,615,302,121"
SON,Sonoco Products Company Common Stock,$56.75,-1.52,-2.609%,"5,611,156,420"
GVA,Granite Construction Incorporated Common Stock,$128.02,0.92,0.724%,"5,602,732,570"
CWEN,"Clearway Energy, Inc. Class C Common Stock",$34.15,0.01,0.029%,"5,597,653,197"
BKH,Black Hills Corporation Common Stock,$73.39,-0.90,-1.211%,"5,596,218,018"
CSW,"CSW Industrials, Inc. Common Stock",$342.71,-2.44,-0.707%,"5,583,940,930"
NJR,NewJersey Resources Corporation Common Stock,$54.97,-0.63,-1.133%,"5,577,692,992"
WPP,WPP plc American Depositary Shares,$25.84,-1.07,-3.976%,"5,575,250,596"
RELY,"Remitly Global, Inc. Common Stock",$26.30,UNCH,--,"5,567,290,620"
HLNE,Hamilton Lane Incorporated Class A Common Stock,$100.84,-3.40,-3.262%,"5,557,356,736"
FBIN,"Fortune Brands Innovations, Inc. Common Stock",$46.55,-1.29,-2.696%,"5,556,742,254"
PSMT,"PriceSmart, Inc. Common Stock",$179.99,0.47,0.262%,"5,554,585,715"
ANDG,Andersen Group Inc. Class A Common Stock,$49.00,0.11,0.225%,"5,536,434,197"
ACGLN,"Arch Capital Group Ltd. Depositary Shares, each Representing a 1/1,000th Interest in a 4.550% Non-Cumulative Preferred Share, Series G",$16.20,-0.07,-0.43%,"5,527,911,841"
UEC,Uranium Energy Corp. Common Stock,$11.17,-0.04,-0.357%,"5,527,724,328"
ELF,"e.l.f. Beauty, Inc. Common Stock",$93.66,2.22,2.428%,"5,526,688,905"
CPA,"Copa Holdings, S.A. Class A Common Stock",$133.79,-2.08,-1.531%,"5,503,927,006"
CIG,Comp En De Mn Cemig ADS American Depositary Shares,$1.92,-0.01,-0.518%,"5,494,621,238"
PFH,"Prudential Financial, Inc. 4.125% Junior Subordinated Notes due 2060",$15.375,-0.075,-0.485%,"5,488,875,000"
CMBT,CMB.TECH NV Ordinary Shares,$17.37,0.13,0.754%,"5,488,531,728"
SIGI,"Selective Insurance Group, Inc. Common Stock",$92.10,-1.84,-1.959%,"5,486,315,860"
MMED,"MiniMed Group, Inc. Common Stock",$19.53,-0.62,-3.077%,"5,484,860,763"
REYN,Reynolds Consumer Products Inc. Common Stock,$25.91,-0.11,-0.423%,"5,461,594,344"
VSH,"Vishay Intertechnology, Inc. Common Stock",$35.58,0.50,1.425%,"5,457,230,762"
VSNT,"Versant Media Group, Inc. Class A Common Stock ",$39.23,-0.42,-1.059%,"5,444,822,047"
MAIN,Main Street Capital Corporation Common Stock,$58.15,-0.65,-1.105%,"5,437,517,007"
EQPT,EquipmentShare.com Inc Class A Common Stock,$21.43,0.80,3.878%,"5,429,846,887"
CAKE,Cheesecake Factory Incorporated (The) Common Stock,$109.07,-4.31,-3.801%,"5,427,392,350"
GXO,"GXO Logistics, Inc. Common Stock ",$47.32,-1.26,-2.594%,"5,426,874,278"
HASI,"HA Sustainable Infrastructure Capital, Inc. Common Stock",$42.13,0.01,0.024%,"5,413,527,633"
WH,"Wyndham Hotels & Resorts, Inc. Common Stock ",$72.94,-0.69,-0.937%,"5,412,959,239"
EBC,"Eastern Bankshares, Inc. Common Stock",$23.65,0.025,0.106%,"5,404,298,205"
OII,"Oceaneering International, Inc. Common Stock",$54.11,1.91,3.659%,"5,385,549,091"
BDC,Belden Inc Common Stock,$137.59,1.69,1.244%,"5,376,768,300"
SHC,Sotera Health Company Common Stock,$18.80,-0.09,-0.476%,"5,365,046,146"
MMSI,"Merit Medical Systems, Inc. Common Stock",$89.73,-1.03,-1.135%,"5,357,815,987"
WFG,West Fraser Timber Co. Ltd Common stock,$68.41,-2.35,-3.321%,"5,356,764,463"
RNG,"RingCentral, Inc. Class A Common Stock",$64.07,-0.42,-0.651%,"5,350,239,799"
GRFS,"Grifols, S.A. American Depositary Shares",$7.77,-0.01,-0.129%,"5,342,301,635"
FRVO,Fervo Energy Company Class A common stock,$18.10,-1.66,-8.401%,"5,335,213,902"
PRM,"Perimeter Solutions, SA Common Stock",$32.59,-1.31,-3.864%,"5,334,556,821"
BC,Brunswick Corporation Common Stock,$82.30,-0.37,-0.448%,"5,332,828,324"
GLNG,Golar Lng Ltd,$52.47,-0.02,-0.038%,"5,330,388,892"
GTX,Garrett Motion Inc. Common Stock,$28.58,-0.42,-1.448%,"5,329,981,772"
KLIC,"Kulicke and Soffa Industries, Inc. Common Stock",$101.77,2.68,2.705%,"5,325,534,034"
PIPR,Piper Sandler Companies Common Stock,$75.24,-1.26,-1.647%,"5,317,232,695"
BGC,"BGC Group, Inc. Class A Common Stock",$11.16,-0.04,-0.357%,"5,306,206,386"
MYRG,"MYR Group, Inc. Common Stock",$340.78,6.39,1.911%,"5,305,689,015"
KRG,Kite Realty Group Trust Common Stock,$26.48,0.03,0.113%,"5,305,186,786"
IRDM,Iridium Communications Inc Common Stock,$50.05,-0.15,-0.299%,"5,303,317,169"
MRX,Marex Group Limited Ordinary Shares,$71.45,0.39,0.549%,"5,296,791,204"
GOLF,Acushnet Holdings Corp. Common Stock,$90.66,0.60,0.666%,"5,295,001,289"
CIGI,Colliers International Group Inc. Subordinate Voting Shares,$103.43,-1.98,-1.878%,"5,285,668,206"
ACIW,"ACI Worldwide, Inc. Common Stock",$52.13,-1.31,-2.451%,"5,262,796,713"
SAIC,Science Applications International Corporation Common Stock,$124.34,-2.34,-1.847%,"5,256,699,674"
CRSP,CRISPR Therapeutics AG Common Shares,$54.28,0.73,1.363%,"5,248,477,205"
PI,"Impinj, Inc. Common Stock",$171.71,-0.94,-0.544%,"5,246,498,256"
ADT,ADT Inc. Common Stock,$7.18,-0.31,-4.139%,"5,245,415,401"
OUT,OUTFRONT Media Inc. Common Stock,$29.78,-0.46,-1.521%,"5,245,307,775"
PEGA,Pegasystems Inc. Common Stock,$31.88,-0.357,-1.107%,"5,241,229,647"
EXLS,"ExlService Holdings, Inc. Common Stock",$34.56,-0.255,-0.732%,"5,239,727,965"
CNX,CNX Resources Corporation Common Stock,$35.34,-0.38,-1.064%,"5,228,328,132"
MTN,"Vail Resorts, Inc. Common Stock",$146.60,-1.70,-1.146%,"5,223,874,912"
MC,Moelis & Company Class A Common Stock,$66.73,-1.68,-2.456%,"5,222,894,908"
HCC,"Warrior Met Coal, Inc. Common Stock",$98.63,0.43,0.438%,"5,207,869,841"
MIDD,Middleby Corporation (The) Common Stock,$114.88,-3.03,-2.57%,"5,195,143,453"
LAUR,"Laureate Education, Inc. Common Stock",$37.71,0.09,0.239%,"5,194,528,366"
SBRA,"Sabra Health Care REIT, Inc. Common Stock",$20.31,-0.01,-0.049%,"5,188,448,574"
UNF,Unifirst Corporation Common Stock,$286.47,-0.29,-0.101%,"5,180,573,039"
XMTR,"Xometry, Inc. Class A Common Stock",$89.73,-6.53,-6.784%,"5,143,644,205"
PECO,"Phillips Edison & Company, Inc. Common Stock",$39.95,-0.4417,-1.094%,"5,141,565,000"
ONDS,Ondas Inc. Common Stock,$9.00,-0.24,-2.597%,"5,134,971,069"
SLM,SLM Corporation Common Stock,$27.28,-0.75,-2.676%,"5,127,193,014"
PAY,"Paymentus Holdings, Inc. Class A Common Stock",$40.66,-1.20,-2.867%,"5,120,706,047"
BB,BlackBerry Limited Common Stock,$8.73,-0.17,-1.91%,"5,116,316,083"
TPC,Tutor Perini Corporation Common Stock,$97.22,0.40,0.413%,"5,110,769,555"
ENPH,"Enphase Energy, Inc. Common Stock",$38.65,-1.83,-4.521%,"5,107,390,645"
ESAB,ESAB Corporation Common Stock,$82.13,-2.68,-3.16%,"5,105,842,235"
PAGP,"Plains GP Holdings, L.P. Class A Units representing Limited Partner Interests",$25.79,-0.05,-0.193%,"5,103,947,358"
OTF,Blue Owl Technology Finance Corp. Common Stock,$11.13,-0.33,-2.88%,"5,099,603,380"
EPAM,"EPAM Systems, Inc. Common Stock",$98.73,-1.77,-1.761%,"5,093,182,634"
HESM,Hess Midstream LP Class A Representing Limited Partner Interests,$39.66,-0.87,-2.147%,"5,090,395,940"
NIQ,NIQ Global Intelligence plc Ordinary Shares,$17.25,-0.20,-1.146%,"5,087,988,654"
ATHS,Athene Holding Ltd. 7.250% Fixed-Rate Reset Junior Subordinated Debentures due 2064,$24.93,-0.07,-0.28%,"5,080,858,650"
CNO,"CNO Financial Group, Inc. Common Stock",$54.81,-0.47,-0.85%,"5,071,096,345"
SIM,"Grupo Simec, S.A.B. de C.V. American Depositary Shares",$30.50,UNCH,--,"5,060,043,666"
SKY,"Champion Homes, Inc. Common Stock",$93.21,-1.32,-1.396%,"5,059,451,290"
LPX,Louisiana-Pacific Corporation Common Stock,$72.29,-1.60,-2.165%,"5,054,763,309"
IEP,"Icahn Enterprises, L.P. Common Stock",$7.11,0.19,2.746%,"5,054,606,311"
SEI,"Solaris Energy Infrastructure, Inc. Class A Common Stock",$65.97,2.67,4.218%,"5,051,084,880"
WTM,"White Mountains Insurance Group, Ltd. Common Stock","$2,113.40",-23.72,-1.11%,"5,044,096,161"
BMA,Banco Macro S.A.  ADR (representing Ten Class B Common Shares),$78.83,1.22,1.572%,"5,040,313,735"
OGS,"ONE Gas, Inc. Common Stock",$79.98,-1.00,-1.235%,"5,027,244,475"
GNTX,Gentex Corporation Common Stock,$23.81,-0.06,-0.251%,"5,016,370,111"
MRP,"Millrose Properties, Inc. Class A Common Stock",$30.16,-0.17,-0.561%,"5,008,005,478"
ACAD,ACADIA Pharmaceuticals Inc. Common Stock,$29.01,0.77,2.727%,"4,998,583,077"
FFIN,"First Financial Bankshares, Inc. Common Stock",$34.86,-0.42,-1.19%,"4,996,396,894"
AMTM,"Amentum Holdings, Inc. Common Stock",$20.43,-1.04,-4.844%,"4,995,266,018"
KVYO,"Klaviyo, Inc. Series A Common Stock",$17.54,-0.95,-5.138%,"4,994,119,245"
MUR,Murphy Oil Corporation Common Stock,$34.82,0.25,0.723%,"4,992,530,773"
CAR,"Avis Budget Group, Inc. Common Stock",$141.30,3.45,2.503%,"4,991,529,040"
BOOT,"Boot Barn Holdings, Inc. Common Stock",$164.13,0.81,0.496%,"4,970,651,446"
TREX,"Trex Company, Inc. Common Stock",$48.75,-0.88,-1.773%,"4,965,928,013"
OMAB,Grupo Aeroportuario del Centro Norte S.A.B. de C.V. ADS,$102.79,-0.60,-0.58%,"4,961,794,387"
VRNS,"Varonis Systems, Inc. Common Stock",$43.17,-1.82,-4.045%,"4,958,527,137"
DIOD,Diodes Incorporated Common Stock,$107.56,4.08,3.943%,"4,953,321,390"
SFBS,"ServisFirst Bancshares, Inc. Common Stock",$90.53,-0.80,-0.876%,"4,949,502,330"
CE,Celanese Corporation Common Stock,$44.99,-0.67,-1.467%,"4,937,604,181"
GHC,Graham Holdings Company Common Stock,"$1,165.29",-25.91,-2.175%,"4,934,919,249"
GBTG,"Global Business Travel Group, Inc. Class A Common Stock",$9.44,-0.02,-0.211%,"4,931,205,302"
CECO,CECO Environmental Corp. Common Stock,$84.15,4.56,5.729%,"4,928,651,195"
ALH,Alliance Laundry Holdings Inc. Common Stock,$24.79,-0.68,-2.67%,"4,927,485,890"
ACHR,Archer Aviation Inc. Class A Common Stock,$6.39,-0.23,-3.474%,"4,920,452,082"
ALK,"Alaska Air Group, Inc. Common Stock",$44.04,-1.92,-4.178%,"4,915,001,405"
TFSL,TFS Financial Corporation Common Stock,$17.505,-0.135,-0.765%,"4,909,150,426"
RDN,Radian Group Inc. Common Stock,$37.05,-0.21,-0.564%,"4,901,763,832"
MDA,MDA Space Ltd. Common Shares,$35.26,0.05,0.142%,"4,895,786,439"
PSN,Parsons Corporation Common Stock,$45.76,-2.14,-4.468%,"4,887,414,829"
DYN,"Dyne Therapeutics, Inc. Common Stock",$26.15,0.45,1.751%,"4,883,419,171"
INDV,"Indivior Pharmaceuticals, Inc. Common Stock",$39.08,0.07,0.179%,"4,876,004,566"
LBRDK,Liberty Broadband Corporation Class C Common Stock,$33.96,-2.37,-6.524%,"4,873,182,911"
INSW,"International Seaways, Inc. Common Stock ",$98.36,1.31,1.35%,"4,871,899,750"
LBRDA,Liberty Broadband Corporation Class A Common Stock,$33.94,-2.36,-6.501%,"4,870,312,956"
UFPI,"UFP Industries, Inc. Common Stock",$88.29,-1.58,-1.758%,"4,870,208,040"
SR,Spire Inc. Common Stock,$82.29,-0.55,-0.664%,"4,864,392,888"
BIPC,Brookfield Infrastructure Corporation Brookfield Infrastructure Corporation,$39.50,-0.94,-2.324%,"4,858,712,747"
OCTV,Octave Intelligence plc Class B Ordinary Shares,$18.02,-0.89,-4.707%,"4,837,248,940"
BILL,"BILL Holdings, Inc. Common Stock",$48.50,-1.28,-2.571%,"4,830,441,260"
CUZ,Cousins Properties Incorporated Common Stock,$29.18,-0.52,-1.751%,"4,803,088,052"
ATAT,Atour Lifestyle Holdings Limited American Depositary Shares,$35.29,1.10,3.217%,"4,800,964,387"
LFST,"LifeStance Health Group, Inc. Common Stock",$12.55,0.13,1.047%,"4,794,797,893"
FHI,"Federated Hermes, Inc. Common Stock",$64.15,0.02,0.031%,"4,789,457,026"
EWTX,"Edgewise Therapeutics, Inc. Common Stock",$44.04,-0.13,-0.294%,"4,782,925,841"
TKC,Turkcell Iletisim Hizmetleri AS Common Stock,$5.42,-0.04,-0.733%,"4,769,600,000"
CNR,"Core Natural Resources, Inc. Common Stock",$95.87,-0.07,-0.073%,"4,758,627,959"
CRC,California Resources Corporation Common Stock,$53.53,0.22,0.413%,"4,754,528,872"
AEHR,Aehr Test Systems Common Stock,$145.61,11.55,8.616%,"4,749,863,725"
CHH,"Choice Hotels International, Inc. Common Stock",$104.93,0.49,0.469%,"4,740,678,639"
KBR,"KBR, Inc. Common Stock",$37.55,-0.82,-2.137%,"4,733,844,200"
WAY,Waystar Holding Corp. Common Stock,$24.68,-0.10,-0.404%,"4,732,350,907"
USAR,"USA Rare Earth, Inc. Class A Common Stock",$19.29,-0.71,-3.55%,"4,720,650,710"
ALM,Almonty Industries Inc. Common Shares,$16.36,1.27,8.416%,"4,713,463,305"
DOO,BRP Inc. Common Subordinate Voting Shares,$63.795,-0.715,-1.108%,"4,711,045,952"
MTH,Meritage Homes Corporation Common Stock,$72.23,-0.85,-1.163%,"4,707,524,737"
TDW,Tidewater Inc. Common Stock,$93.97,-0.31,-0.329%,"4,675,593,027"
ANF,Abercrombie & Fitch Company Common Stock,$105.16,-2.97,-2.747%,"4,672,438,624"
FULT,Fulton Financial Corporation Common Stock,$24.47,-0.17,-0.69%,"4,671,679,357"
LUNR,"Intuitive Machines, Inc. Class A Common Stock",$20.38,1.37,7.207%,"4,665,472,506"
CENX,Century Aluminum Company Common Stock,$47.12,0.40,0.856%,"4,664,564,060"
PTEN,"Patterson-UTI Energy, Inc. Common Stock",$12.215,0.845,7.432%,"4,658,616,236"
BEPI,Brookfield BRP Holdings (Canada) Inc. 4.875% Perpetual Subordinated Notes,$16.16,-0.0099,-0.061%,"4,640,575,734"
EPR,EPR Properties Common Stock,$60.50,-0.75,-1.224%,"4,634,839,781"
GFF,Griffon Corporation Common Stock,$102.18,-1.98,-1.901%,"4,628,214,081"
FSLY,"Fastly, Inc. Class A Common Stock",$29.04,-0.89,-2.974%,"4,626,072,000"
CVCO,"Cavco Industries, Inc. Common Stock When Issued",$599.98,-5.07,-0.838%,"4,613,487,412"
AZZ,AZZ Inc.,$153.24,1.89,1.249%,"4,605,092,013"
FELE,"Franklin Electric Co., Inc. Common Stock",$104.02,-1.75,-1.655%,"4,598,876,485"
BCO,Brinks Company (The) Common Stock,$111.28,-2.99,-2.617%,"4,583,582,472"
ICUI,"ICU Medical, Inc. Common Stock",$182.51,-0.47,-0.257%,"4,564,034,505"
HCXY,"Hercules Capital, Inc. 6.25% Notes due 2033",$25.06,0.0031,0.012%,"4,552,792,616"
FLY,Firefly Aerospace Inc. Common Stock,$27.18,0.51,1.912%,"4,550,058,251"
IBOC,International Bancshares Corporation Common Stock,$73.14,-0.24,-0.327%,"4,548,687,334"
PBLS,"Parabilis Medicines, Inc. Common Stock",$37.22,0.15,0.405%,"4,539,054,557"
CON,"Concentra Group Holdings Parent, Inc. Common Stock",$35.53,0.10,0.282%,"4,530,705,160"
OLLI,"Ollie's Bargain Outlet Holdings, Inc. Common Stock",$74.93,-1.56,-2.039%,"4,529,765,170"
RLAY,"Relay Therapeutics, Inc. Common Stock",$20.67,0.81,4.079%,"4,529,657,513"
DHCNL,Diversified Healthcare Trust 6.25% Senior Notes Due 2046,$18.76,0.03,0.16%,"4,528,933,337"
CELC,Celcuity Inc. Common Stock,$92.44,0.44,0.478%,"4,523,265,576"
MANE,"Veradermics, Incorporated Common Stock",$108.22,-4.49,-3.984%,"4,521,446,318"
CHEF,"The Chefs' Warehouse, Inc. Common Stock",$110.57,1.49,1.366%,"4,510,822,897"
TNL,Travel   Leisure Co. Common  Stock,$73.69,-1.80,-2.384%,"4,510,139,856"
FBP,First BanCorp. New Common Stock,$29.54,-0.16,-0.539%,"4,509,820,637"
CVSA,Covista Inc. Common Shares,$132.32,0.31,0.235%,"4,504,016,662"
NNI,"Nelnet, Inc. Common Stock",$125.83,-1.96,-1.534%,"4,502,126,684"
LIVN,LivaNova PLC Ordinary Shares,$81.48,-0.74,-0.90%,"4,489,018,950"
AQN,Algonquin Power & Utilities Corp. Common Shares,$5.83,-0.06,-1.019%,"4,487,628,998"
PRIM,Primoris Services Corporation Common Stock,$83.05,-0.25,-0.30%,"4,470,774,757"
BOX,"Box, Inc. Class A Common Stock",$32.29,-0.36,-1.103%,"4,470,544,849"
HP,"Helmerich & Payne, Inc. Common Stock",$44.72,0.52,1.176%,"4,469,269,620"
KTB,"Kontoor Brands, Inc. Common Stock ",$81.77,-3.13,-3.687%,"4,469,026,507"
ENO,"Entergy New Orleans, LLC First Mortgage Bonds, 5.50% Series due April 1, 2066",$20.8724,-0.0676,-0.323%,"4,463,162,950"
CBT,Cabot Corporation Common Stock,$86.40,-1.48,-1.684%,"4,460,919,005"
ACLS,"Axcelis Technologies, Inc. Common Stock",$144.11,3.96,2.826%,"4,450,331,380"
BRC,Brady Corporation Common Stock,$94.26,0.12,0.127%,"4,440,851,585"
NVST,Envista Holdings Corporation Common Stock,$27.64,-0.43,-1.532%,"4,439,473,477"
MEOH,Methanex Corporation Common Stock,$57.29,1.17,2.085%,"4,432,198,627"
BLLN,"BillionToOne, Inc. Class A Common Stock",$93.91,0.58,0.621%,"4,431,334,739"
DHCNI,Diversified Healthcare Trust 5.625% Senior Notes due 2042,$18.35,0.09,0.493%,"4,429,953,451"
LBTYB,Liberty Global Ltd. Class B Common Shares,$12.97,1.08,9.083%,"4,423,905,731"
HGTY,"Hagerty, Inc. Class A Common Stock",$12.86,-0.11,-0.848%,"4,418,987,652"
UCB,"United Community Banks, Inc. Common Stock",$36.63,-0.11,-0.299%,"4,416,680,675"
SKT,Tanger Inc. Common Stock,$38.41,-0.04,-0.104%,"4,412,501,967"
ITRI,"Itron, Inc. Common Stock",$100.61,-0.95,-0.935%,"4,405,385,219"
SLGN,Silgan Holdings Inc. Common Stock,$41.67,-0.81,-1.907%,"4,403,769,773"
TCBI,"Texas Capital Bancshares, Inc. Common Stock",$101.09,0.07,0.069%,"4,394,823,962"
NSIT,"Insight Enterprises, Inc. Common Stock",$149.31,-4.94,-3.203%,"4,382,076,794"
CGAU,Centerra Gold Inc. Common Shares,$21.92,0.41,1.906%,"4,377,650,236"
VNT,Vontier Corporation Common Stock ,$32.33,-0.51,-1.553%,"4,371,016,000"
DOCS,"Doximity, Inc. Class A Common Stock",$24.52,-0.28,-1.129%,"4,370,591,430"
OXLCM,"Oxford Lane Capital Corp. Preferred Stock Shares, 8.25% Series 2031",$25.16,0.1569,0.628%,"4,367,776,000"
ELVN,"Enliven Therapeutics, Inc. Common Stock",$59.535,0.715,1.216%,"4,362,174,756"
BEPH,Brookfield BRP Holdings (Canada) Inc. 4.625% Perpetual Subordinated Notes,$15.18,0.06,0.397%,"4,359,154,681"
NWE,"NorthWestern Energy Group, Inc. Common Stock",$70.82,-0.32,-0.45%,"4,356,694,137"
PAM,Pampa Energia S.A.,$79.86,0.93,1.178%,"4,355,629,486"
DAVE,Dave Inc. Class A Common Stock,$341.43,6.86,2.05%,"4,355,112,755"
CNK,"Cinemark Holdings Inc Cinemark Holdings, Inc. Common Stock",$37.52,0.14,0.375%,"4,349,012,800"
RHI,Robert Half Inc. Common Stock,$42.47,-0.75,-1.735%,"4,347,306,835"
BULL,Webull Corporation Class A Ordinary Shares,$8.16,0.12,1.493%,"4,339,640,306"
OXLCZ,Oxford Lane Capital Corp. 5.00% Notes due 2027,$24.9521,-0.0229,-0.092%,"4,331,684,560"
MDU,"MDU Resources Group, Inc. Common Stock (Holding Company)",$20.57,-0.08,-0.387%,"4,326,888,310"
SYNA,Synaptics Incorporated Common Stock $0.001 Par Value,$110.58,1.95,1.795%,"4,324,450,512"
NP,Neptune Insurance Holdings Inc. Class A Common Stock,$31.48,-0.23,-0.725%,"4,320,097,673"
CORZW,"Core Scientific, Inc. Tranche 1 Warrants",$13.44,-0.04,-0.297%,"4,318,815,527"
VVV,Valvoline Inc. Common Stock,$33.80,-0.39,-1.141%,"4,312,420,928"
BELFB,Bel Fuse Inc. Class B Common Stock,$297.91,7.83,2.699%,"4,301,656,550"
CATY,Cathay General Bancorp Common Stock,$64.40,-0.53,-0.816%,"4,296,370,008"
BWIN,"The Baldwin Insurance Group, Inc. Class A Common Stock",$30.77,-0.74,-2.348%,"4,292,363,737"
OXLCN,Oxford Lane Capital Corp. 7.125% Series 2029 Term Preferred Stock,$24.72,0.0876,0.356%,"4,291,392,000"
CNS,Cohen & Steers Inc Common Stock,$83.34,-1.40,-1.652%,"4,285,470,560"
OPLN,"OPENLANE, Inc. Common Stock",$35.09,-0.41,-1.155%,"4,283,431,563"
BFH,"Bread Financial Holdings, Inc. Common Stock",$111.25,-2.15,-1.896%,"4,274,143,565"
WSC,WillScot Holdings Corporation Class A Common Stock,$23.58,-0.18,-0.758%,"4,272,482,790"
KFY,Korn Ferry Common Stock,$83.05,-1.14,-1.354%,"4,265,126,846"
SEB,Seaboard Corporation Common Stock,"$4,452.32",88.17,2.02%,"4,264,405,382"
TNGX,"Tango Therapeutics, Inc.",$25.29,-0.31,-1.211%,"4,264,156,181"
LAZ,"Lazard, Inc. Common Stock",$43.75,-0.89,-1.994%,"4,263,462,525"
TGS,Transportadora de Gas del Sur SA TGS Common Stock,$28.30,0.20,0.712%,"4,260,627,600"
REGCP,Regency Centers Corporation 6.25% Series A Cumulative Redeemable Preferred Stock,$23.23,0.1936,0.84%,"4,253,890,307"
ITGR,Integer Holdings Corporation Common Stock,$125.08,-0.18,-0.144%,"4,251,725,364"
CLMT,"Calumet, Inc. Common Stock",$48.35,0.63,1.32%,"4,249,879,614"
ARX,Accelerant Holdings Class A Common Shares,$19.54,-0.04,-0.204%,"4,243,864,306"
OXLCL,Oxford Lane Capital Corp. 6.75% Notes due 2031,$24.425,-0.045,-0.184%,"4,240,180,000"
GMAB,Genmab A/S ADS,$32.84,0.90,2.818%,"4,219,178,637"
ELC,"Entergy Louisiana, Inc. Collateral Trust Mortgage Bonds, 4.875 % Series due September 1, 2066",$19.74,-0.03,-0.152%,"4,209,309,276"
MIAX,"Miami International Holdings, Inc. Common Stock",$42.41,-1.11,-2.551%,"4,208,382,384"
CRGY,Crescent Energy Company Class A Common Stock,$12.69,0.49,4.016%,"4,192,822,902"
KRC,Kilroy Realty Corporation Common Stock,$36.03,-0.28,-0.771%,"4,190,612,838"
WSFS,WSFS Financial Corporation Common Stock,$81.81,0.15,0.184%,"4,179,722,395"
SITE,"SiteOne Landscape Supply, Inc. Common Stock",$95.65,-2.95,-2.992%,"4,175,638,054"
CDP,COPT Defense Properties Common Shares of Beneficial Interest,$36.81,-0.14,-0.379%,"4,174,638,959"
ATMU,Atmus Filtration Technologies Inc. Common Stock,$51.13,0.12,0.235%,"4,171,979,296"
MAT,"Mattel, Inc. Common Stock",$14.58,-0.45,-2.994%,"4,165,506,000"
AVNT,Avient Corporation Common Stock,$45.39,-0.95,-2.05%,"4,163,150,375"
STNG,Scorpio Tankers Inc. Common Shares,$80.33,0.92,1.159%,"4,158,104,921"
OXLCO,"Oxford Lane Capital Corp. Preferred Stock Shares, 6.00% Series 2029",$23.90,-0.025,-0.104%,"4,149,040,000"
COLD,"Americold Realty Trust, Inc. Common Stock",$14.50,-0.38,-2.554%,"4,139,467,990"
FCN,"FTI Consulting, Inc. Common Stock",$149.82,-2.03,-1.337%,"4,136,766,167"
DK,"Delek US Holdings, Inc. Common Stock",$67.21,1.74,2.658%,"4,115,414,415"
SEZL,Sezzle Inc. Common Stock,$122.18,-6.78,-5.257%,"4,114,413,211"
PARR,"Par Pacific Holdings, Inc.  Common Stock",$82.07,1.75,2.179%,"4,111,676,388"
PHI,PLDT Inc. Sponsored ADR,$19.03,-0.28,-1.45%,"4,111,541,398"
VAC,Marriott Vacations Worldwide Corporation Common Stock,$119.47,-1.52,-1.256%,"4,109,208,880"
HAE,Haemonetics Corporation Common Stock,$90.27,-0.53,-0.584%,"4,107,018,794"
DLO,DLocal Limited Class A Common Shares,$13.91,-0.26,-1.835%,"4,102,503,508"
SKYW,"SkyWest, Inc. Common Stock",$105.60,-1.98,-1.84%,"4,100,271,120"
GEO,Geo Group Inc (The) REIT,$31.15,-0.07,-0.224%,"4,099,950,042"
LILAP,Liberty Latin America Ltd. 9.0% Fixed Rate Cumulative Perpetual Redeemable Series A Preference Shares,$20.91,-0.05,-0.239%,"4,096,269,000"
SRAD,Sportradar Group AG Class A Ordinary Shares,$13.13,-0.69,-4.993%,"4,093,374,189"
EE,"Excelerate Energy, Inc. Class A Common Stock",$36.08,-0.55,-1.502%,"4,091,547,948"
LIF,"Life360, Inc. Common Stock",$50.18,-1.03,-2.011%,"4,088,684,916"
RUM,RUM Group Inc. Class A Common Stock,$8.24,0.78,10.456%,"4,085,475,999"
INDB,Independent Bank Corp. Common Stock,$86.04,0.10,0.116%,"4,075,637,278"
CVBF,CVB Financial Corporation Common Stock,$23.15,-0.10,-0.43%,"4,074,340,620"
WSBC,"WesBanco, Inc. Common Stock",$42.48,-0.21,-0.492%,"4,074,082,165"
BNL,"Broadstone Net Lease, Inc. Common Stock",$21.22,-0.17,-0.795%,"4,071,968,845"
WIX,Wix.com Ltd. Ordinary Shares,$73.72,-0.41,-0.553%,"4,058,098,235"
DTW,DTE Energy Company 2017 Series E 5.25% Junior Subordinated Debentures due 2077,$19.50,-0.44,-2.207%,"4,057,717,346"
CSTM,Constellium SE Ordinary Shares (France),$29.92,0.32,1.081%,"4,054,989,622"
THO,"Thor Industries, Inc. Common Stock",$77.64,-1.36,-1.722%,"4,041,734,440"
GEF,Greif Inc. Class A Common Stock,$87.36,0.01,0.011%,"4,033,264,523"
TAC,TransAlta Corporation Ordinary Shares,$12.71,-0.08,-0.625%,"4,016,360,000"
QTWO,"Q2 Holdings, Inc. Common Stock",$64.41,-0.32,-0.494%,"4,016,265,905"
MANU,Manchester United Ltd. Class A Ordinary Shares,$23.29,-0.90,-3.721%,"4,015,868,126"
MSGE,Madison Square Garden Entertainment Corp. Class A Common Stock,$84.86,-0.58,-0.679%,"4,014,322,157"
REGCO,Regency Centers Corporation 5.875% Series B Cumulative Redeemable Preferred Stock,$21.88,-0.3201,-1.442%,"4,006,677,568"
ATRO,Astronics Corporation Common Stock,$93.05,-0.40,-0.428%,"4,001,993,405"
SKE,Skeena Resources Limited Common Shares,$32.15,-0.91,-2.753%,"3,986,654,623"
LEGN,Legend Biotech Corporation American Depositary Shares,$20.65,0.28,1.375%,"3,985,450,000"
BLSH,Bullish Ordinary Shares,$24.96,0.57,2.337%,"3,984,644,901"
OLED,Universal Display Corporation Common Stock,$86.64,-2.28,-2.564%,"3,982,566,584"
HHH,Howard Hughes Holdings Inc. Common Stock,$66.65,0.05,0.075%,"3,980,407,049"
UCTT,"Ultra Clean Holdings, Inc. Common Stock",$87.88,2.95,3.473%,"3,978,945,309"
CRK,"Comstock Resources, Inc. Common Stock",$13.55,-0.51,-3.627%,"3,978,558,425"
SLG,SL Green Realty Corp Common Stock,$56.11,0.02,0.036%,"3,975,388,282"
TLX,Telix Pharmaceuticals Limited American Depositary Shares,$11.73,-0.09,-0.761%,"3,973,854,785"
TDS,"Telephone and Data Systems, Inc. Common Shares",$34.52,-0.69,-1.96%,"3,973,252,000"
DORM,"Dorman Products, Inc. Common Stock",$133.70,-2.69,-1.972%,"3,967,630,127"
CAAP,Corporacion America Airports SA Common Shares,$24.01,-0.47,-1.92%,"3,966,911,695"
PFSI,"PennyMac Financial Services, Inc. Common Stock",$76.31,-1.72,-2.204%,"3,964,424,459"
SXI,Standex International Corporation Common Stock,$326.97,-4.21,-1.271%,"3,961,216,046"
VEON,VEON Ltd. ADS,$57.48,0.40,0.701%,"3,958,141,489"
ADPT,Adaptive Biotechnologies Corporation Common Stock,$24.77,0.03,0.121%,"3,953,189,006"
SMR,NuScale Power Corporation Class A Common Stock,$9.19,-0.20,-2.13%,"3,949,156,870"
RNST,Renasant Corporation Common Stock,$43.11,-0.44,-1.01%,"3,940,446,486"
CCC,CCC Intelligent Solutions Holdings Inc. Common Stock,$6.69,-0.28,-4.017%,"3,940,374,570"
MWA,MUELLER WATER PRODUCTS Common Stock,$25.18,-0.36,-1.41%,"3,931,244,597"
IRT,"Independence Realty Trust, Inc. Common Stock",$16.67,-0.36,-2.114%,"3,929,861,932"
HAFN,Hafnia Limited Common Shares,$7.86,0.12,1.55%,"3,928,281,057"
WBI,WaterBridge Infrastructure LLC Class A Shares Representing Limited Liability Company Interests,$31.78,0.05,0.158%,"3,923,438,322"
VKTX,"Viking Therapeutics, Inc. Common Stock",$33.63,0.44,1.326%,"3,923,038,271"
MIR,"Mirion Technologies, Inc. Class A Common Stock",$15.74,-0.15,-0.944%,"3,919,852,564"
FRMI,Fermi Inc. Common Stock,$6.14,-0.26,-4.063%,"3,914,705,827"
USAC,"USA Compression Partners, LP Common Units Representing Limited Partner Interests",$26.91,0.29,1.089%,"3,900,425,414"
KAI,Kadant Inc Common Stock,$329.72,-4.50,-1.346%,"3,893,702,057"
DNLI,Denali Therapeutics Inc. Common Stock,$24.35,-0.05,-0.205%,"3,892,284,263"
OTTR,Otter Tail Corporation Common Stock,$92.63,-0.24,-0.258%,"3,889,124,275"
PII,Polaris Inc. Common Stock,$68.33,-1.16,-1.669%,"3,888,217,795"
SUNC,"SunocoCorp LLC Common Units, representing limited liability company interests",$75.46,-0.76,-0.997%,"3,887,487,761"
TENB,"Tenable Holdings, Inc. Common Stock",$35.29,-3.04,-7.931%,"3,886,840,000"
MNDY,monday.com Ltd. Ordinary Shares,$83.33,-4.19,-4.787%,"3,871,759,373"
RXO,"RXO, Inc. Common Stock",$23.45,-0.07,-0.298%,"3,867,517,702"
LMND,"Lemonade, Inc. Common Stock",$49.95,-2.69,-5.11%,"3,865,960,919"
BANF,BancFirst Corporation Common Stock,$114.93,-0.79,-0.683%,"3,861,503,763"
JOE,St. Joe Company (The) Common Stock,$67.78,-0.62,-0.906%,"3,858,745,969"
IRTC,"iRhythm Holdings, Inc. Common Stock",$116.92,-9.52,-7.529%,"3,854,034,311"
COCO,"The Vita Coco Company, Inc. Common Stock",$65.50,0.29,0.445%,"3,844,469,969"
GPCR,Structure Therapeutics Inc. American Depositary Shares,$53.76,-0.75,-1.376%,"3,833,617,912"
GPGI,"GPGI, Inc. Class A Common Stock",$13.19,0.41,3.208%,"3,823,650,182"
AYA,Aya Gold & Silver Inc. Common Shares,$26.67,0.75,2.894%,"3,823,137,806"
MHO,"M/I Homes, Inc. Common Stock",$151.20,-0.91,-0.598%,"3,822,794,287"
EROC,"ERock, Inc. Class A Common Stock",$17.40,0.68,4.067%,"3,817,561,392"
GNW,Genworth Financial Inc Common Stock,$10.09,-0.07,-0.689%,"3,812,516,963"
PLNT,"Planet Fitness, Inc. Common Stock",$50.63,0.27,0.536%,"3,808,234,938"
JOYY,JOYY Inc. American Depositary Shares,$73.62,0.60,0.822%,"3,807,773,051"
NVTS,Navitas Semiconductor Corporation Common Stock,$14.58,0.13,0.90%,"3,806,743,055"
WK,Workiva Inc. Class A Common Stock,$69.87,-0.64,-0.908%,"3,802,080,017"
BBWI,"Bath & Body Works, Inc.",$18.81,-0.60,-3.091%,"3,791,377,684"
QS,QuantumScape Corporation Class A Common Stock,$6.12,-0.07,-1.131%,"3,788,974,663"
OSIS,"OSI Systems, Inc. Common Stock (DE)",$229.87,1.60,0.701%,"3,788,921,924"
KNF,Knife Riv Holding Co. Common Stock,$66.65,0.25,0.377%,"3,783,281,943"
CALM,"Cal-Maine Foods, Inc. Common Stock",$80.435,-0.655,-0.808%,"3,773,775,330"
RCUS,"Arcus Biosciences, Inc. Common Stock",$29.56,0.08,0.271%,"3,763,974,595"
CSQR,"Csquare, Inc. Common Stock",$22.55,-0.17,-0.748%,"3,757,596,339"
APLE,"Apple Hospitality REIT, Inc. Common Shares",$15.91,-0.16,-0.996%,"3,756,075,725"
MARA,"MARA Holdings, Inc. Common Stock",$9.715,0.515,5.598%,"3,752,897,670"
PDI,PIMCO Dynamic Income Fund Common Stock,$15.43,-0.32,-2.032%,"3,750,878,700"
IPGP,IPG Photonics Corporation Common Stock,$88.10,2.31,2.693%,"3,747,292,886"
ABG,Asbury Automotive Group Inc Common Stock,$208.54,-2.12,-1.006%,"3,743,692,771"
ARIS,Aris Mining Corporation Common Shares,$18.12,0.23,1.286%,"3,739,968,000"
BMI,"Badger Meter, Inc. Common Stock",$128.70,-2.12,-1.621%,"3,730,607,209"
NIC,Nicolet Bankshares Inc. Common Stock,$177.90,-1.12,-0.626%,"3,728,341,563"
PRK,Park National Corporation Common Stock,$205.53,-2.26,-1.088%,"3,712,727,010"
FIBK,"First Interstate BancSystem, Inc. Common Stock (DE)",$38.89,-0.28,-0.715%,"3,706,396,166"
LOPE,"Grand Canyon Education, Inc. Common Stock",$141.84,-2.36,-1.637%,"3,697,064,848"
UUUU,Energy Fuels Inc Ordinary Shares (Canada),$14.79,-0.31,-2.053%,"3,695,532,930"
ASBA,Associated Banc-Corp 6.625% Fixed-Rate Reset Subordinated Notes due 2033,$24.46,-0.2999,-1.211%,"3,691,033,935"
MCHB,Mechanics Bancorp Class A Common Stock,$16.75,-0.33,-1.932%,"3,690,227,022"
BWLP,BW LPG Limited Common Shares,$23.10,0.48,2.122%,"3,679,414,200"
LEU,Centrus Energy Corp. Class A Common Stock,$184.12,-6.03,-3.171%,"3,673,720,215"
CII,"BlackRock Enhanced Large Cap Core Fund, Inc. Common Stock",$24.68,0.12,0.489%,"3,671,457,784"
PTRN,Pattern Group Inc. Series A Common Stock,$20.67,-0.77,-3.591%,"3,666,839,170"
CVI,CVR Energy Inc. Common Stock,$36.42,1.16,3.29%,"3,661,324,416"
HTFL,"Heartflow, Inc. Common Stock",$41.94,-0.14,-0.333%,"3,646,835,116"
ERO,Ero Copper Corp. Common Shares,$34.91,1.11,3.284%,"3,640,343,863"
LBRT,Liberty Energy Inc. Class A common stock,$22.24,0.23,1.045%,"3,629,377,092"
NESR,National Energy Services Reunited Corp Ordinary Shares,$35.78,-0.53,-1.46%,"3,608,475,758"
UNMA,Unum Group 6.250% Junior Subordinated Notes due 2058,$21.17,0.08,0.379%,"3,605,531,291"
NHI,"National Health Investors, Inc. Common Stock",$73.41,0.46,0.631%,"3,605,196,960"
PVH,PVH Corp. Common Stock,$78.18,-4.29,-5.202%,"3,604,730,633"
BATRA,"Atlanta Braves Holdings, Inc. Series A Common Stock",$56.12,-1.21,-2.111%,"3,601,102,380"
OGN,Organon & Co. Common Stock ,$13.70,-0.02,-0.146%,"3,597,749,232"
ZGN,Ermenegildo Zegna N.V. Ordinary Shares,$13.37,-0.39,-2.834%,"3,587,332,109"
FFBC,First Financial Bancorp. Common Stock,$34.17,-0.21,-0.611%,"3,586,788,680"
BELFA,Bel Fuse Inc. Class A Common Stock,$248.02,5.13,2.112%,"3,581,272,389"
IPAR,"Interparfums, Inc. Common Stock",$111.78,-2.85,-2.486%,"3,579,841,800"
LXP,LXP Industrial Trust Common Stock (Maryland REIT),$60.66,0.09,0.149%,"3,576,347,634"
NHC,National HealthCare Corporation Common Stock,$228.20,4.61,2.062%,"3,573,930,339"
LION,Lionsgate Studios Corp Common Shares,$11.95,-0.04,-0.334%,"3,555,838,176"
LBTYA,Liberty Global Ltd. Class A Common Shares,$10.37,-0.10,-0.955%,"3,537,078,059"
LPL,"LG Display Co, Ltd AMERICAN DEPOSITORY SHARES",$3.53,0.03,0.857%,"3,530,000,000"
IDYA,"IDEAYA Biosciences, Inc. Common Stock",$36.54,0.24,0.661%,"3,525,725,745"
FOUR,"Shift4 Payments, Inc. Class A Common Stock",$44.35,-1.02,-2.248%,"3,501,881,322"
OPCH,"Option Care Health, Inc. Common Stock",$23.37,-0.575,-2.401%,"3,500,481,129"
WT,"WisdomTree, Inc. Common Stock",$23.09,0.28,1.228%,"3,498,414,643"
FRPT,"Freshpet, Inc. Common Stock",$72.65,-0.11,-0.151%,"3,491,419,076"
HGV,Hilton Grand Vacations Inc. Common Stock ,$44.92,-1.01,-2.199%,"3,491,368,593"
SA,"Seabridge Gold, Inc. Common Shares New",$32.42,-1.10,-3.282%,"3,489,135,682"
POST,"Post Holdings, Inc. Common Stock",$79.35,-1.60,-1.977%,"3,487,972,477"
HNI,HNI Corporation Common Stock,$48.32,-0.54,-1.105%,"3,487,824,576"
FA,First Advantage Corporation Common Stock,$20.30,-1.28,-5.931%,"3,486,599,927"
AWR,American States Water Company Common Stock,$87.87,-1.10,-1.236%,"3,482,782,457"
OUST,"Ouster, Inc. Common Stock",$48.13,-0.58,-1.191%,"3,470,766,587"
ZIM,ZIM Integrated Shipping Services Ltd. Ordinary Shares,$28.81,0.67,2.381%,"3,470,622,809"
FG,"F&G Annuities & Life, Inc. Common Stock",$26.50,-0.92,-3.355%,"3,469,783,039"
POWI,"Power Integrations, Inc. Common Stock",$62.10,-0.65,-1.036%,"3,469,731,806"
MGNI,"Magnite, Inc. Common Stock",$24.19,-0.54,-2.184%,"3,469,430,358"
LRN,"Stride, Inc. Common Stock",$83.43,0.07,0.084%,"3,467,337,868"
SBCF,Seacoast Banking Corporation of Florida Common Stock,$35.80,-0.33,-0.913%,"3,466,256,204"
PONY,Pony AI Inc. American Depositary Shares ,$7.98,-0.16,-1.966%,"3,459,661,593"
SFNC,Simmons First National Corporation Class A Common Stock,$23.94,-0.135,-0.561%,"3,459,660,109"
CURB,Curbline Properties Corp. Common Stock,$29.99,-0.25,-0.827%,"3,449,990,370"
SMG,Scotts Miracle-Gro Company (The) Common Stock,$59.20,-1.74,-2.855%,"3,446,640,221"
AMBA,"Ambarella, Inc. Ordinary Shares",$78.54,-3.50,-4.266%,"3,445,407,250"
LBTYK,Liberty Global Ltd. Class C Common Shares,$10.10,-0.12,-1.174%,"3,444,984,417"
VCRE,Vicore Pharma Holding AB American Depositary Shares,$12.23,-0.70,-5.414%,"3,443,058,002"
OPEN,Opendoor Technologies Inc Common Stock,$3.54,-0.10,-2.747%,"3,437,662,317"
NMIH,NMI Holdings Inc. Common Stock,$45.56,-0.15,-0.328%,"3,426,925,292"
BRZE,"Braze, Inc. Class A Common Stock",$27.95,-0.98,-3.387%,"3,426,105,382"
AAP,Advance Auto Parts Inc.,$56.72,0.17,0.301%,"3,425,020,694"
XNDU,Xanadu Quantum Technologies Limited Class B Subordinate Voting Shares,$11.25,-0.28,-2.428%,"3,422,520,270"
NATL,NCR Atleos Corporation Common Stock,$46.31,-0.62,-1.321%,"3,422,167,014"
CBU,"Community Financial System, Inc. Common Stock",$65.01,-0.83,-1.261%,"3,420,559,984"
FUL,H. B. Fuller Company Common Stock,$63.58,0.83,1.323%,"3,419,803,591"
BFAM,Bright Horizons Family Solutions Inc. Common Stock,$70.29,-1.02,-1.43%,"3,418,575,659"
SHOO,"Steven Madden, Ltd. Common Stock",$46.60,-0.54,-1.146%,"3,410,052,627"
KC,Kingsoft Cloud Holdings Limited American Depositary Shares,$11.39,-0.32,-2.733%,"3,409,820,473"
BKU,"BankUnited, Inc. Common Stock",$47.86,-0.48,-0.993%,"3,409,175,437"
GBDC,"Golub Capital BDC, Inc. Common Stock",$13.12,-0.14,-1.056%,"3,406,628,848"
NAN,Nuveen New York Quality Municipal Income Fund Common Stock,$11.26,-0.09,-0.793%,"3,404,075,908"
NG,Novagold Resources Inc.,$7.75,-0.19,-2.393%,"3,400,549,759"
KBH,KB Home Common Stock,$55.44,-0.62,-1.106%,"3,399,011,320"
ASH,Ashland Inc. Common Stock,$74.17,0.46,0.624%,"3,396,494,253"
FULTP,"Fulton Financial Corporation Depositary Shares, Each Representing a 1/40th Interest in a Share of Fixed Rate Non-Cumulative Perpetual Preferred Stock, Series A",$17.75,0.15,0.852%,"3,388,733,493"
SIG,Signet Jewelers Limited Common Shares,$86.11,-4.46,-4.924%,"3,386,687,614"
KEN,Kenon Holdings Ltd. Ordinary Shares,$64.97,-1.52,-2.286%,"3,385,482,553"
BATRK,"Atlanta Braves Holdings, Inc. Series C Common Stock",$52.72,-0.86,-1.605%,"3,382,931,530"
VCYT,"Veracyte, Inc. Common Stock",$42.08,0.83,2.012%,"3,382,841,960"
HIW,"Highwoods Properties, Inc. Common Stock",$30.66,-0.85,-2.698%,"3,381,988,429"
CRVL,CorVel Corp. Common Stock,$66.87,1.14,1.734%,"3,378,043,103"
USLM,"United States Lime & Minerals, Inc. Common Stock",$117.64,0.23,0.196%,"3,374,899,023"
DAN,Dana Incorporated Common Stock ,$31.35,1.00,3.295%,"3,372,528,887"
EROK,"EagleRock Land, LLC Class A shares representing limited liability company interests",$25.63,0.61,2.438%,"3,370,846,579"
AB,AllianceBernstein Holding L.P.  Units,$36.19,-0.46,-1.255%,"3,368,392,176"
APAM,Artisan Partners Asset Management Inc. Class A Common Stock,$41.48,-0.70,-1.66%,"3,362,894,310"
SBLK,Star Bulk Carriers Corp. Common Shares,$30.09,1.04,3.58%,"3,355,942,214"
RDW,Redwire Corporation Common Stock,$13.41,-0.17,-1.252%,"3,352,400,887"
AGO,Assured Guaranty Ltd. Common Stock,$76.22,-0.57,-0.742%,"3,352,095,234"
NTRSO,"Northern Trust Corporation Depositary Shares Each Representing a 1/1,000th Interest in a Share of Series E Non-Cumulative Perpetual Preferred Stock",$18.31,-0.09,-0.489%,"3,349,918,006"
FHB,"First Hawaiian, Inc. Common Stock",$27.52,0.12,0.438%,"3,348,651,048"
DTB,DTE Energy Company 2020 Series G 4.375% Junior Subordinated Debentures due 2080,$16.05,-0.1099,-0.68%,"3,339,813,507"
DTG,DTE Energy Company 2021 Series E 4.375% Junior Subordinated Debentures,$16.04,-0.3806,-2.318%,"3,337,732,627"
PLSE,"Pulse Biosciences, Inc Common Stock (DE)",$46.79,2.25,5.052%,"3,337,184,782"
ARLP,"Alliance Resource Partners, L.P. Common Units representing Limited Partners Interests",$25.93,0.51,2.006%,"3,336,122,710"
KN,Knowles Corporation Common Stock,$38.99,0.48,1.246%,"3,330,148,611"
MNSO,"MINISO Group Holding Limited American Depositary Shares, each representing four Ordinary Shares",$10.76,-1.04,-8.814%,"3,329,047,633"
QURE,uniQure N.V. Ordinary Shares,$47.97,-0.65,-1.337%,"3,327,506,784"
VECO,Veeco Instruments Inc. Common Stock,$54.40,2.00,3.817%,"3,325,452,416"
RH,RH Common Stock,$175.90,-5.86,-3.224%,"3,324,680,447"
CXW,"CoreCivic, Inc. Common Stock",$33.58,0.76,2.316%,"3,320,843,361"
CSQ,Calamos Strategic Total Return Common Stock,$20.90,-0.03,-0.143%,"3,320,751,300"
FSK,FS KKR Capital Corp. Common Stock,$12.01,-0.35,-2.832%,"3,318,846,763"
VGNT,Versigent PLC Ordinary Shares,$46.78,0.58,1.255%,"3,313,673,697"
CWK,Cushman & Wakefield Ltd. Common Shares,$14.09,-0.31,-2.153%,"3,307,116,146"
LFTO,"Liftoff Mobile, Inc. Common Stock",$19.53,-2.08,-9.625%,"3,307,044,722"
ALMS,Alumis Inc. Common Stock,$25.50,0.19,0.751%,"3,300,598,595"
ABCL,AbCellera Biologics Inc. Common Shares,$11.20,-0.18,-1.582%,"3,300,253,958"
AAMI,Acadian Asset Management Inc. Common Stock,$92.99,0.48,0.519%,"3,300,227,003"
CLDX,"Celldex Therapeutics, Inc.",$41.92,-0.03,-0.072%,"3,291,957,981"
MBX,"MBX Biosciences, Inc. Common Stock",$68.25,-0.32,-0.467%,"3,286,926,552"
FSM,Fortuna Mining Corp. Common Shares,$10.77,0.10,0.937%,"3,280,083,058"
ADEA,Adeia Inc. Common Stock,$29.67,-0.16,-0.536%,"3,272,012,051"
AVA,Avista Corporation Common Stock,$39.03,-0.12,-0.307%,"3,268,872,955"
PLMR,"Palomar Holdings, Inc. Common stock",$123.92,-4.29,-3.346%,"3,261,287,277"
ARCB,ArcBest Corporation Common Stock,$145.87,2.99,2.093%,"3,260,392,008"
GPK,Graphic Packaging Holding Company,$11.00,-0.40,-3.509%,"3,256,787,303"
DX,"Dynex Capital, Inc. Common Stock",$13.07,0.01,0.077%,"3,243,541,605"
CPK,Chesapeake Utilities Corporation Common Stock,$134.55,-0.55,-0.407%,"3,243,523,520"
NN,NextNav Inc. Common Stock,$19.20,-0.695,-3.493%,"3,241,150,272"
PENG,"Penguin Solutions, Inc. Common Stock",$63.08,-0.72,-1.129%,"3,232,389,453"
BTE,Baytex Energy Corp Common Shares,$4.55,0.18,4.119%,"3,225,440,400"
CHRN,ChronoScale Holdings Corporation Common Stock,$22.19,1.26,6.02%,"3,222,316,967"
ARQT,"Arcutis Biotherapeutics, Inc. Common Stock",$25.61,-0.58,-2.215%,"3,218,971,121"
FRSH,Freshworks Inc. Class A Common Stock,$12.33,-0.33,-2.607%,"3,217,153,119"
IOVA,"Iovance Biotherapeutics, Inc. Common Stock",$7.10,0.12,1.719%,"3,216,097,167"
NAMS,NewAmsterdam Pharma Company N.V. Ordinary Shares,$26.90,-0.08,-0.297%,"3,215,549,846"
TGB,Trekor Metals Limited Common Shares,$8.77,0.42,5.03%,"3,210,024,499"
BHF,"Brighthouse Financial, Inc. Common Stock",$55.74,-2.94,-5.01%,"3,205,694,522"
PFS,"Provident Financial Services, Inc Common Stock",$24.57,-0.07,-0.284%,"3,204,483,724"
CARG,"CarGurus, Inc. Class A Common Stock ",$35.77,-1.67,-4.46%,"3,186,158,308"
PLUG,"Plug Power, Inc. Common Stock",$2.28,-0.04,-1.724%,"3,185,605,234"
CLSK,"CleanSpark, Inc. Common Stock",$12.40,0.31,2.564%,"3,184,531,705"
EXTR,"Extreme Networks, Inc. Common Stock",$24.28,-0.13,-0.533%,"3,175,291,977"
SHAK,"Shake Shack, Inc. Class A Common Stock",$74.19,-0.65,-0.869%,"3,175,253,210"
LBRDP,Liberty Broadband Corporation Series A Cumulative Redeemable Preferred Stock,$22.10,0.10,0.455%,"3,171,299,833"
RWTN,"Redwood Trust, Inc. 9.125% Senior Notes Due 2029",$24.5049,0.0748,0.306%,"3,166,608,063"
ATKR,Atkore Inc. Common Stock,$93.71,-0.09,-0.096%,"3,164,825,661"
WRBY,Warby Parker Inc. Class A Common Stock,$25.60,-0.31,-1.196%,"3,164,366,182"
DGII,Digi International Inc. Common Stock,$83.34,-1.78,-2.091%,"3,162,596,571"
BTU,Peabody Energy Corporation Common Stock ,$25.91,0.43,1.688%,"3,158,429,000"
WING,Wingstop Inc. Common Stock,$115.72,-10.40,-8.246%,"3,152,507,423"
RWTO,"Redwood Trust, Inc. 9.00% Senior Notes Due 2029",$24.3801,-0.2399,-0.974%,"3,150,480,975"
FGN,"F&G Annuities & Life, Inc. 7.950% Senior Notes due 2053",$24.98,0.1999,0.807%,"3,149,941,729"
BOH,Bank of Hawaii Corporation Common Stock,$79.83,-0.46,-0.573%,"3,149,325,113"
EXPO,"Exponent, Inc. Common Stock",$66.19,-0.91,-1.356%,"3,147,075,300"
MZTI,The Marzetti Company Common Stock,$114.76,-1.29,-1.112%,"3,146,948,720"
SII,Sprott Inc. Common Shares,$121.93,5.16,4.419%,"3,145,794,000"
AGYS,"Agilysys, Inc. Common Stock (DE)",$111.33,-2.67,-2.342%,"3,140,150,378"
YETI,"YETI Holdings, Inc. Common Stock",$43.00,-1.56,-3.501%,"3,138,518,228"
REZI,"Resideo Technologies, Inc. Common Stock ",$20.64,0.14,0.683%,"3,134,129,882"
HAYW,"Hayward Holdings, Inc. Common Stock",$14.76,-0.40,-2.639%,"3,130,885,030"
SOUN,"SoundHound AI, Inc Class A Common Stock",$7.04,-0.39,-5.249%,"3,126,533,302"
GRAL,"GRAIL, Inc. Common Stock ",$69.95,2.08,3.065%,"3,124,403,068"
AADX,"Applied Aerospace & Defense, Inc. Common Stock",$18.12,0.20,1.116%,"3,123,770,546"
AMBP,Ardagh Metal Packaging S.A. Ordinary Shares,$5.22,-0.01,-0.191%,"3,119,991,839"
AAUC,Allied Gold Corporation Common Shares,$22.37,-0.40,-1.757%,"3,117,212,366"
BBAR,Banco BBVA Argentina S.A. ADS,$15.26,-0.08,-0.522%,"3,116,651,935"
LASR,"nLIGHT, Inc. Common Stock",$54.00,1.40,2.662%,"3,115,270,638"
IMNM,"Immunome, Inc. Common Stock",$27.40,0.20,0.735%,"3,112,027,035"
BANC,"Banc of California, Inc. Common Stock",$19.69,-0.05,-0.253%,"3,110,045,916"
DXPE,"DXP Enterprises, Inc. Common Stock",$199.91,-0.93,-0.463%,"3,102,033,057"
TRMD,TORM plc Class A Common Stock,$30.61,0.53,1.762%,"3,101,794,161"
DCO,Ducommun Incorporated Common Stock,$205.23,-1.75,-0.845%,"3,098,927,644"
TARS,"Tarsus Pharmaceuticals, Inc. Common Stock",$70.615,1.415,2.045%,"3,098,797,763"
BSM,"Black Stone Minerals, L.P. Common units representing limited partner interests",$14.56,0.20,1.393%,"3,097,065,914"
GPI,"Group 1 Automotive, Inc. Common Stock",$259.68,-4.27,-1.618%,"3,095,963,388"
HTGC,"Hercules Capital, Inc. Common Stock",$16.54,-0.16,-0.958%,"3,095,692,560"
TNK,Teekay Tankers Ltd.,$89.11,3.98,4.675%,"3,087,114,186"
TNET,"TriNet Group, Inc. Common Stock",$67.14,-1.61,-2.342%,"3,082,044,109"
WDFC,WD-40 Company Common Stock,$229.01,-0.23,-0.10%,"3,073,565,195"
IRON,"Disc Medicine, Inc. Common Stock",$80.05,1.21,1.535%,"3,073,347,162"
CWT,California Water Service Group Common Stock,$49.66,-0.74,-1.468%,"3,070,929,756"
FBK,FB Financial Corporation Common Stock,$61.34,-0.46,-0.744%,"3,065,658,985"
TMDX,"TransMedics Group, Inc. Common Stock",$88.35,-0.23,-0.26%,"3,063,549,061"
MGEE,"MGE Energy, Inc",$81.03,-0.70,-0.856%,"3,061,638,492"
AD,"Array Digital Infrastructure, Inc. Common Shares",$35.36,-0.62,-1.723%,"3,058,640,000"
PPTA,Perpetua Resources Corp. Common Shares,$24.39,-0.85,-3.368%,"3,051,054,928"
GRBK,"Green Brick Partners, Inc. Common Stock",$70.88,0.42,0.596%,"3,048,598,132"
DHT,"DHT Holdings, Inc.",$18.90,-0.62,-3.176%,"3,043,686,939"
SLNHP,"Soluna Holdings, Inc 9.0% Series A Cumulative Perpetual Preferred Stock ",$12.40,0.13,1.059%,"3,032,923,130"
KALU,Kaiser Aluminum Corporation Common Stock,$185.50,3.77,2.075%,"3,032,756,566"
KYIV,Kyivstar Group Ltd. Common Shares,$13.12,-0.12,-0.906%,"3,028,930,747"
BHE,"Benchmark Electronics, Inc. Common Stock",$84.17,2.42,2.96%,"3,023,380,761"
PK,Park Hotels & Resorts Inc. Common Stock ,$15.00,-0.13,-0.859%,"3,020,074,950"
TR,"Tootsie Roll Industries, Inc. Common Stock",$40.20,-0.72,-1.76%,"3,017,880,250"
INFQ,"Infleqtion, Inc. Common Stock",$13.41,0.55,4.277%,"3,012,974,691"
EXK,Endeavour Silver Corporation Ordinary Shares (Canada),$10.14,-0.52,-4.878%,"3,002,137,652"
GPOR,Gulfport Energy Corporation Common Shares,$169.60,-0.43,-0.253%,"2,999,183,674"
IOND,Ionic Digital Inc. Class A Common Stock,$66.66,1.51,2.318%,"2,994,462,324"
VTMX,"Corporacion Inmobiliaria Vesta, S.A.B de C.V. American Depositary Shares, each representing ten (10) Common Shares",$33.80,-0.15,-0.442%,"2,989,564,167"
DBRG,"DigitalBridge Group, Inc.",$15.91,-0.01,-0.063%,"2,983,049,921"
CBZ,"CBIZ, Inc. Common Stock",$54.67,0.21,0.386%,"2,966,606,265"
INTA,"Intapp, Inc. Common Stock",$38.49,-1.62,-4.039%,"2,966,100,792"
CALY,Callaway Golf Company Common Stock,$16.61,0.13,0.789%,"2,965,059,754"
COHU,"Cohu, Inc. Common Stock",$62.62,3.32,5.599%,"2,964,332,674"
MGRC,McGrath RentCorp Common Stock,$121.04,-1.24,-1.014%,"2,956,482,250"
WTTR,"Select Water Solutions, Inc. Class A common stock",$21.32,0.46,2.205%,"2,952,411,360"
PPLI,People Incorporated Common Stock,$39.50,-0.90,-2.228%,"2,941,325,038"
HG,"Hamilton Insurance Group, Ltd. Class B Common Shares",$35.26,-0.49,-1.371%,"2,934,010,587"
SDRL,Seadrill Limited Common Shares,$46.90,-1.08,-2.251%,"2,933,193,677"
KWR,Quaker Houghton Common Stock,$169.96,-0.76,-0.445%,"2,924,621,032"
COLM,Columbia Sportswear Company Common Stock,$57.09,-0.33,-0.575%,"2,922,619,445"
BKD,Brookdale Senior Living Inc. Common Stock,$12.23,-0.41,-3.244%,"2,920,734,992"
DNOW,DNOW Inc. Common Stock,$16.15,-0.28,-1.704%,"2,919,692,140"
UNFI,"United Natural Foods, Inc. Common Stock",$48.11,-0.31,-0.64%,"2,911,575,825"
FIZZ,National Beverage Corp. Common Stock,$31.03,-0.28,-0.894%,"2,904,783,525"
CXT,"Crane NXT, Co. Common Stock",$50.33,-1.33,-2.575%,"2,897,060,430"
RLX,"RLX Technology Inc. American Depositary Shares, each representing the right to receive one (1) Class A ordinary share",$1.87,-0.07,-3.608%,"2,896,518,374"
UPST,"Upstart Holdings, Inc. Common stock",$29.75,-0.68,-2.235%,"2,895,063,119"
DNN,Denison Mines Corp Ordinary Shares (Canada),$3.19,-0.04,-1.238%,"2,887,639,445"
BKV,BKV Corporation Common Stock,$26.35,-0.38,-1.422%,"2,883,686,821"
ZLAB,Zai Lab Limited American Depositary Shares,$25.64,-0.26,-1.004%,"2,878,506,086"
TTAM,Titan America SA Common Shares,$15.61,-0.43,-2.681%,"2,877,898,079"
VC,Visteon Corporation Common Stock,$107.80,-0.42,-0.388%,"2,877,767,246"
IMAX,Imax Corporation Common Stock,$52.39,-0.49,-0.927%,"2,873,178,352"
DKL,"Delek Logistics Partners, L.P. Common Units representing Limited Partner Interests",$53.77,-0.24,-0.444%,"2,860,418,875"
AKR,Acadia Realty Trust Common Stock,$20.82,-0.03,-0.144%,"2,859,267,272"
ASO,"Academy Sports and Outdoors, Inc. Common Stock",$46.10,-1.885,-3.928%,"2,859,046,903"
BCC,"Boise Cascade, L.L.C. Common Stock",$81.94,-1.30,-1.562%,"2,858,997,301"
MMS,"Maximus, Inc. Common Stock",$54.43,-0.85,-1.538%,"2,849,833,040"
NTCT,"NetScout Systems, Inc. Common Stock",$39.14,-0.53,-1.336%,"2,845,764,192"
FTAIM,FTAI Aviation Ltd. 9.500% Fixed-Rate Reset Series D Cumulative Perpetual Redeemable Preferred Shares,$27.5552,0.0752,0.274%,"2,830,114,434"
POWWP,Outdoor Holding Company 8.75% Series A Cumulative Redeemable Perpetual Preferred Stock,$24.35,-0.04,-0.164%,"2,824,973,943"
WOR,"Worthington Enterprises, Inc. Common Shares",$57.71,-0.95,-1.62%,"2,823,564,705"
RGTIW,"Rigetti Computing, Inc. Warrants",$8.45,-0.15,-1.744%,"2,820,345,912"
NRIX,"Nurix Therapeutics, Inc. Common stock",$27.17,0.12,0.444%,"2,819,748,327"
HOG,"Harley-Davidson, Inc. Common Stock",$27.03,-0.75,-2.70%,"2,813,079,864"
SUPN,"Supernus Pharmaceuticals, Inc. Common Stock",$48.27,UNCH,--,"2,805,790,918"
TOWN,TowneBank Common Stock,$37.59,-0.23,-0.608%,"2,804,865,435"
AVPT,"AvePoint, Inc. Class A Common Stock",$13.25,-0.23,-1.706%,"2,803,241,895"
BEAM,Beam Therapeutics Inc. Common Stock,$27.10,0.35,1.308%,"2,799,095,722"
ABM,ABM Industries Incorporated Common Stock,$47.72,-0.41,-0.852%,"2,795,481,646"
TRMK,Trustmark Corporation Common Stock,$48.13,-0.16,-0.331%,"2,794,936,871"
IHS,IHS Holding Limited Ordinary Shares,$8.33,UNCH,--,"2,794,891,779"
WAFD,"WaFd, Inc. Common Stock",$37.76,-0.18,-0.474%,"2,794,060,187"
ACHC,"Acadia Healthcare Company, Inc. Common Stock",$30.00,-0.83,-2.692%,"2,793,008,250"
ALHC,"Alignment Healthcare, Inc. Common Stock",$13.46,-0.50,-3.582%,"2,792,077,106"
TBBK,The Bancorp Inc Common Stock,$68.27,-1.41,-2.024%,"2,784,515,450"
XXI,"Twenty One Capital, Inc. Class A Common Stock",$4.95,0.17,3.556%,"2,783,742,499"
GCMG,GCM Grosvenor Inc. Class A Common Stock,$13.70,-0.16,-1.154%,"2,778,251,770"
CUBI,"Customers Bancorp, Inc Common Stock",$82.11,-1.47,-1.759%,"2,773,987,736"
KD,"Kyndryl Holdings, Inc. Common Stock",$12.72,-0.45,-3.417%,"2,770,648,305"
AVAH,Aveanna Healthcare Holdings Inc. Common Stock,$12.69,0.37,3.003%,"2,769,207,942"
NBTB,NBT Bancorp Inc. Common Stock,$53.29,-0.27,-0.504%,"2,768,951,651"
GDV,Gabelli Dividend & Income Trust Common Shares of Beneficial Interest,$30.63,-0.13,-0.423%,"2,762,473,479"
UE,Urban Edge Properties Common Shares of Beneficial Interest,$21.85,-0.02,-0.091%,"2,758,441,582"
SHAZ,"SharonAI Holdings, Inc. Class A Common Stock",$76.90,0.435,0.569%,"2,753,289,535"
FCPT,"Four Corners Property Trust, Inc. Common Stock",$25.07,-0.14,-0.555%,"2,751,593,098"
ARR,"ARMOUR Residential REIT, Inc.",$16.46,-0.28,-1.673%,"2,750,423,171"
GRND,Grindr Inc. Common Stock,$15.81,-0.20,-1.249%,"2,748,104,113"
HWKN,"Hawkins, Inc. Common Stock",$131.57,0.52,0.397%,"2,746,539,144"
PRVA,"Privia Health Group, Inc. Common Stock",$21.50,-0.50,-2.273%,"2,746,285,451"
EFXT,Enerflex Ltd Common Shares,$22.48,0.03,0.134%,"2,744,872,810"
SPSC,"SPS Commerce, Inc. Common Stock",$76.23,-3.17,-3.992%,"2,744,293,264"
NMRK,"Newmark Group, Inc. Class A Common Stock",$15.13,-0.12,-0.787%,"2,741,989,127"
TALO,"Talos Energy, Inc. Common Stock",$16.41,0.64,4.058%,"2,739,903,330"
AEO,"American Eagle Outfitters, Inc. Common Stock",$16.35,0.18,1.113%,"2,739,823,995"
FBNC,First Bancorp Common Stock,$66.12,-0.22,-0.332%,"2,735,663,493"
BBT,Beacon Financial Corporation Common stock,$32.61,0.54,1.684%,"2,733,242,564"
PHIN,PHINIA Inc. Common Stock,$74.60,0.11,0.148%,"2,733,201,365"
FRME,First Merchants Corporation Common Stock,$43.52,-0.18,-0.412%,"2,733,117,929"
SPNT,SiriusPoint Ltd. Common Shares,$23.45,-0.27,-1.138%,"2,724,069,625"
PATK,"Patrick Industries, Inc. Common Stock",$84.78,-1.28,-1.487%,"2,722,986,422"
STUB,"StubHub Holdings, Inc. Class A Common Stock",$7.12,-0.96,-11.881%,"2,720,480,558"
NOG,"Northern Oil and Gas, Inc. Common Stock",$25.53,1.03,4.204%,"2,720,199,238"
CENT,Central Garden & Pet Company Common Stock,$43.35,-0.38,-0.869%,"2,713,389,123"
OSW,OneSpaWorld Holdings Limited Common Shares,$26.725,-0.195,-0.724%,"2,712,553,078"
HLIO,"Helios Technologies, Inc. Common Stock",$82.00,0.51,0.626%,"2,701,947,314"
ALRM,"Alarm.com Holdings, Inc. Common Stock",$55.00,-0.57,-1.026%,"2,699,962,540"
ICHR,Ichor Holdings Ordinary Shares,$71.87,0.82,1.154%,"2,691,835,438"
VISN,"Vistance Networks, Inc. Common Stock",$11.66,0.13,1.127%,"2,689,103,964"
HIMX,"Himax Technologies, Inc. American Depositary Shares",$15.41,0.18,1.182%,"2,687,903,335"
ZIONP,"Zions Bancorporation, N.A. Depositary Shares (Each representing 1/40th Interest in a Share of Series A Floating-Rate Non-Cumulative Perpetual Preferred Stock)",$18.41,-0.125,-0.674%,"2,687,001,266"
ATAI,AtaiBeckley Inc. Common Stock,$7.24,-0.02,-0.275%,"2,685,060,204"
VOYG,"Voyager Technologies, Inc. Class A Common Stock",$43.98,1.00,2.327%,"2,684,058,059"
NMFCZ,New Mountain Finance Corporation 8.250% Notes due 2028,$25.15,-0.0399,-0.158%,"2,674,978,169"
DAC,Danaos Corporation Common Stock,$146.28,4.36,3.072%,"2,662,804,323"
HTO,H2O America Common Stock,$63.21,-0.64,-1.002%,"2,645,768,581"
RGC,Regencell Bioscience Holdings Limited Ordinary Shares,$5.35,-0.10,-1.835%,"2,645,515,658"
AXGN,"Axogen, Inc. Common Stock",$49.15,0.42,0.862%,"2,642,378,364"
MAN,ManpowerGroup Common Stock,$56.77,-1.53,-2.624%,"2,640,121,209"
EEFT,"Euronet Worldwide, Inc. Common Stock",$70.55,-2.65,-3.62%,"2,638,823,627"
SVM,Silvercorp Metals Inc. Common Shares,$11.92,-0.10,-0.832%,"2,636,779,203"
TRVI,"Trevi Therapeutics, Inc. Common Stock",$18.48,0.02,0.108%,"2,632,953,542"
NOVTU,Novanta Inc. Tangible Equity Units,$69.565,0.485,0.702%,"2,630,793,170"
SLS,"SELLAS Life Sciences Group, Inc. Common Stock",$13.00,0.22,1.721%,"2,625,294,217"
SYBT,"Stock Yards Bancorp, Inc. Common Stock",$84.28,-0.78,-0.917%,"2,618,296,672"
SIND,Sinda Ltd. Common Stock,$16.69,0.11,0.663%,"2,616,570,578"
VRDN,"Viridian Therapeutics, Inc. Common Stock",$23.09,1.01,4.574%,"2,615,918,491"
IQMX,IQM Quantum Computers Oyj American Depositary Shares,$9.92,0.02,0.202%,"2,611,174,303"
WLYB,"John Wiley & Sons, Inc. Common Stock",$51.43,UNCH,--,"2,610,771,434"
ROG,Rogers Corporation Common Stock,$145.94,3.03,2.12%,"2,607,704,810"
IVT,InvenTrust Properties Corp. Common Stock,$33.42,-0.21,-0.624%,"2,606,039,164"
NGVT,Ingevity Corporation Common Stock ,$75.79,-0.98,-1.277%,"2,605,502,708"
CLBT,Cellebrite DI Ltd. Ordinary Shares,$10.44,-0.70,-6.284%,"2,604,151,689"
VVX,"V2X, Inc. Common Stock",$82.65,-0.35,-0.422%,"2,590,693,839"
ATHM,"Autohome Inc. American Depositary Shares, each representing four class A ordinary shares.",$22.49,-0.18,-0.794%,"2,590,193,788"
NEOG,Neogen Corporation Common Stock,$11.87,0.22,1.888%,"2,588,324,910"
MFAO,"MFA Financial, Inc. 9.000% Senior Notes due 2029",$25.1549,-0.0651,-0.258%,"2,582,620,932"
WHR,Whirlpool Corporation Common Stock,$39.59,-1.78,-4.303%,"2,581,243,375"
RVMDW,"Revolution Medicines, Inc. Warrant",$12.04,0.94,8.468%,"2,580,610,473"
WLY,"John Wiley & Sons, Inc. Common Stock",$50.80,-0.59,-1.148%,"2,578,790,372"
MFAN,"MFA Financial, Inc. 8.875% Senior Notes due 2029",$25.10,UNCH,--,"2,576,984,420"
RARE,Ultragenyx Pharmaceutical Inc. Common Stock,$26.13,-0.36,-1.359%,"2,576,127,251"
KOD,Kodiak Sciences Inc Common Stock,$40.98,-0.37,-0.895%,"2,575,570,748"
NWL,Newell Brands Inc. Common Stock,$6.04,-0.20,-3.205%,"2,572,436,000"
BUSE,First Busey Corporation Class A Common Stock,$31.08,-0.15,-0.48%,"2,566,491,792"
TDC,Teradata Corporation Common Stock,$27.53,-0.15,-0.542%,"2,560,290,000"
BGSI,Boyd Group Services Inc. Common Shares,$91.92,-3.13,-3.293%,"2,558,725,105"
SKWD,"Skyward Specialty Insurance Group, Inc. Common Stock",$57.57,-2.23,-3.729%,"2,555,906,102"
LCLN,"Lincoln International, Inc. Class A Common Stock",$24.98,-0.61,-2.384%,"2,552,745,219"
BTDR,Bitdeer Technologies Group Class A Ordinary Shares,$9.39,0.26,2.848%,"2,552,035,281"
BCRX,"BioCryst Pharmaceuticals, Inc. Common Stock",$9.94,0.20,2.053%,"2,540,018,944"
SAH,"Sonic Automotive, Inc. Common Stock",$80.26,-0.57,-0.705%,"2,537,404,009"
LCII,LCI Industries,$104.12,-1.98,-1.866%,"2,531,314,109"
DRH,Diamondrock Hospitality Company Common Stock,$12.36,UNCH,--,"2,528,926,217"
SLDE,"Slide Insurance Holdings, Inc. Common Stock",$21.60,-0.33,-1.505%,"2,523,133,130"
NTB,Bank of N.T. Butterfield & Son Limited (The) Voting Ordinary Shares,$62.96,-0.95,-1.486%,"2,518,400,000"
PAGS,PagSeguro Digital Ltd. Class A Common Shares,$8.66,-0.06,-0.688%,"2,517,268,960"
AGM,Federal Agricultural Mortgage Corporation Common Stock,$231.72,-0.98,-0.421%,"2,514,905,821"
MBIN,Merchants Bancorp Common Stock,$54.54,-0.34,-0.62%,"2,505,462,611"
COAG,"Hemab Therapeutics Holdings, Inc. Common Stock",$53.59,-1.35,-2.457%,"2,503,302,350"
BANR,Banner Corporation Common Stock,$73.65,-0.36,-0.486%,"2,502,988,548"
APPN,Appian Corporation Class A Common Stock,$34.91,-0.50,-1.412%,"2,500,519,411"
PENN,"PENN Entertainment, Inc. Common Stock",$18.65,-0.14,-0.745%,"2,500,341,922"
CSAN,Cosan S.A. ADS,$2.52,UNCH,--,"2,498,939,687"
UFPT,"UFP Technologies, Inc. Common Stock",$321.31,-0.45,-0.14%,"2,488,799,785"
CALX,"Calix, Inc Common Stock",$39.52,-0.02,-0.051%,"2,488,336,845"
RNW,ReNew Energy Global plc Class A Ordinary Shares,$6.82,0.01,0.147%,"2,485,226,332"
WSBCO,"WesBanco, Inc. Depositary Shares each representing 1/40th interest in a share of 7.375% Fixed-Rate Reset Non-Cumulative Perpetual Preferred Stock, Series B",$25.74,0.06,0.234%,"2,468,617,583"
BHC,Bausch Health Companies Inc. Common Stock,$6.58,0.07,1.075%,"2,460,857,891"
PHVS,Pharvaris N.V. Ordinary Shares,$35.32,0.18,0.512%,"2,460,619,120"
NKTR,Nektar Therapeutics  Common Stock,$72.67,-0.35,-0.479%,"2,455,230,945"
BVC,BitVentures Limited Ordinary Shares,$14.60,-0.43,-2.861%,"2,452,800,000"
HYMC,Hycroft Mining Holding Corporation Class A Common Stock,$26.32,-0.75,-2.771%,"2,452,541,844"
LCID,"Lucid Group, Inc. Common Stock",$6.22,UNCH,--,"2,451,116,495"
ECO,Okeanis Eco Tankers Corp. Common Stock,$62.70,2.41,3.997%,"2,448,099,869"
MH,"McGraw Hill, Inc. Common Stock",$12.77,-0.33,-2.519%,"2,443,013,555"
LIME,"Neutron Holdings, Inc. Common Stock",$37.43,0.36,0.971%,"2,432,358,232"
KMT,Kennametal Inc. Common Stock,$31.81,0.59,1.89%,"2,424,527,090"
MPT,"Medical Properties Trust, Inc. common stock",$4.05,-0.13,-3.11%,"2,418,660,000"
PAYO,Payoneer Global Inc. Common Stock,$7.13,UNCH,--,"2,416,006,461"
NMM,Navios Maritime Partners LP Common Units Representing Limited Partner Interests,$82.77,0.89,1.087%,"2,414,260,770"
CTRI,"Centuri Holdings, Inc. Common Stock",$23.91,0.29,1.228%,"2,414,026,597"
HUBG,"Hub Group, Inc. Class A Common Stock",$39.47,-0.83,-2.06%,"2,413,729,040"
GRDN,"Guardian Pharmacy Services, Inc. Class A Common Stock",$38.00,-0.43,-1.119%,"2,407,007,552"
URGN,UroGen Pharma Ltd. Ordinary Shares,$49.14,0.92,1.908%,"2,401,990,915"
BFLY,"Butterfly Network, Inc. Class A Common Stock",$9.02,0.18,2.036%,"2,401,892,351"
BXMT,"Blackstone Mortgage Trust, Inc. Common Stock",$14.24,-0.24,-1.657%,"2,400,060,736"
KLRA,"Kailera Therapeutics, Inc. Common Stock",$18.51,0.57,3.177%,"2,399,704,443"
CDNA,"CareDx, Inc. Common Stock",$46.38,1.06,2.339%,"2,399,433,263"
BOBS,"Bob's Discount Furniture, Inc. Common Stock",$18.34,-0.58,-3.066%,"2,396,800,974"
UNIT,Uniti Group Inc. Common Stock,$9.85,-0.16,-1.598%,"2,390,842,580"
UWMC,UWM Holdings Corporation Class A Common Stock,$1.49,-0.10,-6.289%,"2,390,276,473"
AMLX,"Amylyx Pharmaceuticals, Inc. Common Stock",$21.43,-0.20,-0.925%,"2,387,795,919"
EFSC,Enterprise Financial Services Corporation Common Stock,$65.96,-0.47,-0.708%,"2,387,258,619"
CTOS,"Custom Truck One Source, Inc. Common Stock",$10.49,-0.04,-0.38%,"2,386,533,062"
FIVN,"Five9, Inc. Common Stock",$31.85,-1.15,-3.485%,"2,379,944,462"
TRN,"Trinity Industries, Inc. Common Stock",$29.87,0.28,0.946%,"2,379,727,547"
FIGS,"FIGS, Inc. Class A Common Stock",$14.32,-0.37,-2.519%,"2,379,128,265"
MFICL,MidCap Financial Investment Corporation 8.00% Notes due 2028,$25.469,0.019,0.075%,"2,376,349,949"
PBH,Prestige Consumer Healthcare Inc. Common Stock,$50.04,-1.34,-2.608%,"2,370,621,081"
RUN,Sunrun Inc. Common Stock,$9.83,-0.36,-3.533%,"2,367,525,833"
DBD,Diebold Nixdorf Incorporated Common stock,$69.70,-3.36,-4.599%,"2,366,077,184"
CC,Chemours Company (The) Common Stock,$15.72,-0.13,-0.82%,"2,365,844,201"
PLBL,Polibeli Group Ltd Class A Ordinary Shares,$6.45,-0.71,-9.916%,"2,363,199,182"
HURN,Huron Consulting Group Inc. Common Stock,$148.33,-3.54,-2.331%,"2,359,940,980"
CENTA,Central Garden & Pet Company Class A Common Stock Nonvoting,$37.64,-0.21,-0.555%,"2,355,985,389"
COTY,Coty Inc. Class A Common Stock,$2.67,-0.18,-6.316%,"2,350,845,389"
WERN,"Werner Enterprises, Inc. Common Stock",$39.11,0.23,0.592%,"2,345,706,571"
PGEN,"Precigen, Inc. Common Stock",$6.55,0.45,7.377%,"2,345,130,868"
ANDE,"Andersons, Inc. (The) Common Stock",$68.88,2.98,4.522%,"2,340,237,262"
OCUL,"Ocular Therapeutix, Inc. Common Stock",$10.65,0.61,6.076%,"2,338,908,994"
INTR,Inter & Co. Inc. Class A Common Shares,$5.29,0.10,1.927%,"2,334,591,597"
FLNC,"Fluence Energy, Inc. Class A Common Stock",$12.63,-0.51,-3.881%,"2,331,452,140"
KEEL,Keel Infrastructure Corp. Common Stock,$3.77,0.26,7.407%,"2,328,251,009"
RAPP,"Rapport Therapeutics, Inc. Common Stock",$48.42,1.00,2.109%,"2,323,108,608"
PLPC,Preformed Line Products Company Common Stock,$475.03,10.40,2.238%,"2,322,279,636"
PTON,"Peloton Interactive, Inc. Class A Common Stock",$5.29,-0.34,-6.039%,"2,321,631,827"
IOSP,Innospec Inc. Common Stock,$93.83,-0.02,-0.021%,"2,311,131,140"
WGS,GeneDx Holdings Corp. Class A Common Stock,$77.39,-0.69,-0.884%,"2,307,966,448"
AVEX,AEVEX Corp. Class A Common Stock,$20.22,-1.32,-6.128%,"2,305,923,174"
BGR,BlackRock Energy and Resources Trust,$17.00,0.11,0.651%,"2,304,965,298"
ALGT,Allegiant Travel Company Common Stock,$84.30,-1.45,-1.691%,"2,304,572,747"
MLYS,"Mineralys Therapeutics, Inc. Common Stock",$26.05,0.41,1.599%,"2,302,999,354"
SSMR,Sunshine Silver Mining & Refining Company Common Stock,$16.00,-0.06,-0.374%,"2,299,625,648"
NWBI,"Northwest Bancshares, Inc. Common Stock",$15.69,-0.06,-0.381%,"2,297,943,624"
AERO,"Grupo Aeromexico, S.A.B. de C.V. American Depositary Shares (each representing ten (10) Common Shares)",$15.71,-0.04,-0.254%,"2,292,142,555"
NGL,NGL ENERGY PARTNERS LP Common Units representing Limited Partner Interests,$18.36,0.39,2.17%,"2,291,590,346"
RAMP,"LiveRamp Holdings, Inc. Common Stock",$37.68,-0.17,-0.449%,"2,290,754,922"
PSNY,Polestar Automotive Holding UK PLC Class A ADS,$13.93,-0.32,-2.246%,"2,288,422,197"
GSHD,"Goosehead Insurance, Inc. Class A Common Stock",$64.40,-1.89,-2.851%,"2,287,224,282"
ADAMM,"Adamas Trust, Inc. 7.875% Series E Fixed-to-Floating Rate Cumulative Redeemable Preferred Stock",$25.43,-0.06,-0.235%,"2,285,642,958"
ADAMI,"Adamas Trust, Inc. 9.125% Senior Notes Due 2029",$25.22,-0.105,-0.415%,"2,284,413,704"
ESTA,Establishment Labs Holdings Inc. Common Shares,$76.62,-2.85,-3.586%,"2,283,420,888"
VERA,"Vera Therapeutics, Inc. Class A Common Stock",$31.63,UNCH,--,"2,279,363,286"
ATRC,"AtriCure, Inc. Common Stock",$44.77,0.47,1.061%,"2,277,283,982"
NUVB,Nuvation Bio Inc. Class A Common Stock,$6.48,0.26,4.18%,"2,275,278,550"
UAA,"Under Armour, Inc. Class A Common Stock",$5.29,-0.07,-1.306%,"2,272,295,912"
HCI,"HCI Group, Inc. Common Stock",$182.65,-1.70,-0.922%,"2,271,959,058"
HAWK,"HawkEye 360, Inc. Common Stock",$23.16,0.38,1.668%,"2,268,752,882"
CLOV,"Clover Health Investments, Corp. Class A Common Stock",$4.27,-0.33,-7.174%,"2,268,037,243"
ETOR,eToro Group Ltd. Class A Common Shares,$28.12,-0.46,-1.61%,"2,264,962,884"
PLUS,ePlus inc. Common Stock,$86.78,-1.75,-1.977%,"2,264,126,474"
OFG,OFG Bancorp Common Stock,$53.52,-0.43,-0.797%,"2,262,049,239"
VNET,"VNET Group, Inc. American Depositary Shares",$7.92,0.32,4.211%,"2,254,757,813"
STNE,StoneCo Ltd. Class A Common Shares,$9.27,-0.28,-2.932%,"2,254,725,655"
HTH,Hilltop Holdings Inc.,$39.33,-0.27,-0.682%,"2,253,074,781"
MTX,Minerals Technologies Inc. Common Stock,$72.37,-0.61,-0.836%,"2,252,788,506"
DJT,Trump Media & Technology Group Corp. Common Stock,$8.10,-0.17,-2.056%,"2,251,324,319"
PMTU,PennyMac Mortgage Investment Trust 8.50% Senior Notes due 2028,$25.75,0.0199,0.077%,"2,245,460,822"
LIFE,Ethos Technologies Inc. Class A Common Stock,$35.17,1.15,3.38%,"2,242,419,997"
WU,Western Union Company (The) Common Stock,$7.18,-0.27,-3.624%,"2,239,291,084"
ADAML,"Adamas Trust, Inc. 6.875% Series F Fixed-to-Floating Rate Cumulative Redeemable Preferred Stock, $0.01 par value per share",$24.9072,0.0072,0.029%,"2,238,653,806"
CMPR,Cimpress plc Ordinary Shares (Ireland),$91.75,-2.71,-2.869%,"2,234,064,423"
VCEL,Vericel Corporation Common Stock,$43.59,-0.61,-1.38%,"2,232,096,304"
XRAY,DENTSPLY SIRONA Inc. Common Stock,$11.19,-0.40,-3.451%,"2,230,769,872"
PDFS,"PDF Solutions, Inc. Common Stock",$52.80,1.90,3.733%,"2,229,597,005"
ALMR,"Alamar Biosciences, Inc. Common Stock",$32.13,-1.03,-3.106%,"2,229,589,572"
UA,"Under Armour, Inc. Class C Common Stock",$5.19,-0.06,-1.143%,"2,229,341,358"
FLYW,Flywire Corporation Voting Common Stock,$18.30,-0.51,-2.711%,"2,226,518,434"
MLCO,Melco Resorts & Entertainment Limited American Depositary Shares,$5.47,-0.13,-2.321%,"2,225,152,267"
BKE,"Buckle, Inc. (The) Common Stock",$43.19,-0.92,-2.086%,"2,225,066,134"
HRMY,"Harmony Biosciences Holdings, Inc. Common Stock",$38.14,0.02,0.052%,"2,221,136,029"
ADAMN,"Adamas Trust, Inc. 8.00% Series D Fixed-to-Floating Rate Cumulative Redeemable Preferred Stock",$24.71,-0.0401,-0.162%,"2,220,929,512"
NVA,Nova Minerals Corp Common Stock,$4.92,-0.17,-3.34%,"2,219,058,759"
NCNO,"nCino, Inc. Common Stock",$20.23,-0.58,-2.787%,"2,216,256,179"
MCRI,"Monarch Casino & Resort, Inc. Common Stock",$123.65,-0.43,-0.347%,"2,216,119,722"
HAPN,"Happen, Inc. Common Stock",$19.19,-0.38,-1.942%,"2,214,669,234"
PVLA,"Palvella Therapeutics, Inc. Common Stock",$153.52,-2.61,-1.672%,"2,211,978,643"
INOD,Innodata Inc. Common Stock,$64.30,0.45,0.705%,"2,210,804,459"
PRCH,"Porch Group, Inc. Common Stock",$16.76,-0.62,-3.567%,"2,209,505,057"
ECPG,Encore Capital Group Inc Common Stock,$103.68,-0.06,-0.058%,"2,198,987,067"
TILE,"Interface, Inc. Common Stock",$38.04,0.08,0.211%,"2,198,729,498"
MESO,Mesoblast Limited American Depositary Shares,$17.02,1.425,9.138%,"2,196,945,327"
PBI,Pitney Bowes Inc. Common Stock,$16.02,-0.40,-2.436%,"2,196,185,196"
HCM,HUTCHMED (China) Limited American Depositary Shares,$12.56,0.36,2.951%,"2,191,286,981"
KSS,Kohl's Corporation Common Stock,$19.28,0.07,0.364%,"2,186,351,865"
BHVN,Biohaven Ltd. Common Shares ,$14.46,-0.18,-1.23%,"2,184,093,073"
LTC,"LTC Properties, Inc. Common Stock",$40.51,0.29,0.721%,"2,183,714,357"
BTX,BlackRock Technology and Private Equity Term Trust Common Shares of Beneficial Interest,$9.25,0.14,1.537%,"2,181,114,610"
AMC,"AMC Entertainment Holdings, Inc. Class A Common Stock",$2.44,-0.06,-2.40%,"2,177,955,317"
FCF,First Commonwealth Financial Corporation Common Stock,$21.51,-0.11,-0.509%,"2,173,712,947"
PRLB,"Proto Labs, Inc. Common stock",$90.86,-1.01,-1.099%,"2,173,543,561"
OLN,Olin Corporation Common Stock,$19.01,-0.09,-0.471%,"2,166,807,135"
ALKT,"Alkami Technology, Inc. Common Stock",$20.21,-0.46,-2.225%,"2,161,297,416"
CCU,"Compania Cervecerias Unidas, S.A. Common Stock",$11.66,-0.13,-1.103%,"2,154,201,744"
INVX,"Innovex International, Inc. Common Stock",$30.79,-0.45,-1.44%,"2,153,324,113"
LIND,Lindblad Expeditions Holdings Inc. Common Stock,$32.77,-0.81,-2.412%,"2,150,357,209"
ADUS,Addus HomeCare Corporation Common Stock,$114.90,-1.16,-0.999%,"2,145,677,070"
AMR,"Alpha Metallurgical Resources, Inc. Common Stock",$169.01,2.96,1.783%,"2,142,885,395"
MD,"Pediatrix Medical Group, Inc. Common Stock",$26.34,-0.27,-1.015%,"2,140,211,158"
STDN,"Standard Nuclear, Inc. Class A Common Stock",$13.31,UNCH,--,"2,138,564,844"
BRSL,"Brightstar Lottery PLC Trading under the Legal Name to begin at the market open on July 21, 2025. Ordinary Shares",$11.57,-0.22,-1.866%,"2,134,665,000"
GRC,Gorman-Rupp Company (The) Common Stock,$80.65,-0.16,-0.198%,"2,129,986,098"
DRD,DRDGOLD Limited American Depositary Shares,$24.61,0.42,1.736%,"2,127,752,815"
STGW,Stagwell Inc. Class A Common Stock,$8.70,-0.42,-4.605%,"2,126,936,424"
BUSEP,"First Busey Corporation Depositary Shares, Each Representing a 1/40thInterest in a Share of 8.25% Fixed-Rate Series B Non-Cumulative Perpetual Preferred Stock, $0.001 par value",$25.73,0.1656,0.648%,"2,124,705,078"
NWN,Northwest Natural Holding Company Common Stock,$50.43,-0.43,-0.845%,"2,122,777,121"
MNR,Mach Natural Resources LP Common Units representing Limited Partner Interests,$12.69,-0.32,-2.46%,"2,118,571,313"
SRCE,1st Source Corporation Common Stock,$87.90,-0.70,-0.79%,"2,116,792,505"
FLOC,Flowco Holdings Inc. Class A Common Stock,$23.41,-0.32,-1.349%,"2,115,169,067"
XPRO,Expro Ltd Ordinary Shares,$18.57,-0.14,-0.748%,"2,105,750,405"
DRVN,Driven Brands Holdings Inc. Common Stock,$12.755,-0.185,-1.43%,"2,104,317,553"
TIC,"TIC Solutions, Inc. Common Stock",$9.61,-0.24,-2.437%,"2,097,097,621"
ADMA,ADMA Biologics Inc Common Stock,$9.34,-0.13,-1.373%,"2,092,016,911"
HMN,Horace Mann Educators Corporation Common Stock,$51.30,-1.17,-2.23%,"2,077,704,070"
STC,Stewart Information Services Corporation Common Stock,$68.07,-0.13,-0.191%,"2,077,646,086"
GENI,Genius Sports Limited Ordinary Shares,$7.76,-0.62,-7.399%,"2,076,785,186"
NEO,"NeoGenomics, Inc. Common Stock",$16.16,0.22,1.38%,"2,076,163,110"
NTST,NetSTREIT Corp. Common Stock,$20.43,-0.28,-1.352%,"2,074,216,999"
STOK,"Stoke Therapeutics, Inc. Common Stock",$32.13,0.86,2.75%,"2,073,228,155"
VIA,"Via Transportation, Inc. Class A Common Stock",$25.42,-0.77,-2.94%,"2,071,872,682"
BLX,"Bladex, Inc. Class E Common Stock",$55.10,-0.08,-0.145%,"2,071,700,437"
LPG,Dorian LPG Ltd. Common Stock,$48.42,1.05,2.217%,"2,071,537,414"
SEPN,"Septerna, Inc. Common Stock",$44.20,-0.30,-0.674%,"2,063,121,057"
DV,"DoubleVerify Holdings, Inc. Common Stock",$13.30,0.01,0.075%,"2,061,325,065"
GHRS,GH Research PLC Ordinary Shares,$29.98,0.49,1.662%,"2,055,344,077"
RVT,"Royce Small-Cap Trust, Inc. Common Stock",$19.03,0.04,0.211%,"2,054,416,286"
CDLR,Cadeler A/S American Depositary Share (each representing four (4) Ordinary Shares),$23.38,0.34,1.476%,"2,051,347,078"
QUBT,Quantum Computing Inc. Common Stock,$9.05,0.04,0.444%,"2,048,439,092"
GTY,Getty Realty Corporation Common Stock,$33.07,-0.11,-0.332%,"2,048,114,356"
PEB,Pebblebrook Hotel Trust Common Shares of Beneficial Interest,$18.14,-0.11,-0.603%,"2,046,966,868"
CHCO,City Holding Company Common Stock,$145.69,-1.59,-1.08%,"2,046,239,360"
BXDC,Blackstone Digital Infrastructure Trust Inc. Common Stock,$20.33,-0.64,-3.052%,"2,046,212,569"
NVCR,NovoCure Limited Ordinary Shares,$17.53,0.58,3.422%,"2,041,295,575"
HE,"Hawaiian Electric Industries, Inc. Common Stock",$11.81,0.08,0.682%,"2,039,917,727"
WRD,WeRide Inc. American Depositary Shares,$6.08,0.23,3.932%,"2,038,359,368"
UTZ,Utz Brands Inc Class A Common Stock ,$14.15,-0.02,-0.141%,"2,037,065,314"
NBTX,Nanobiotix S.A. American Depositary Shares,$42.05,3.74,9.762%,"2,035,643,359"
ASAN,"Asana, Inc. Class A Common Stock",$8.83,-0.31,-3.392%,"2,035,401,772"
PLGO,Pelagos Insurance Capital Limited Common Shares,$23.53,-0.31,-1.30%,"2,034,877,812"
MFP,"Midera Food Processing, Inc. Common Stock",$45.00,-0.57,-1.251%,"2,034,450,000"
AUPH,Aurinia Pharmaceuticals Inc Ordinary Shares,$15.29,-0.18,-1.164%,"2,034,352,359"
BRVE,"Braveheart Bio, Inc. Common Stock",$27.66,0.63,2.331%,"2,032,051,249"
UMBFO,"UMB Financial Corporation Depositary Shares Each Representing a 1/400th Interest in a Share of 7.750% Fixed-Rate Reset Non-Cumulative Perpetual Preferred Stock, Series B",$26.69,0.075,0.282%,"2,027,106,301"
SHO,"Sunstone Hotel Investors, Inc. Sunstone Hotel Investors, Inc. Common Shares",$10.89,-0.05,-0.457%,"2,024,929,517"
BLBD,Blue Bird Corporation Common Stock,$63.88,-0.93,-1.435%,"2,023,465,371"
TSHA,"Taysha Gene Therapies, Inc. Common Stock",$6.21,0.26,4.37%,"2,023,426,314"
VERX,"Vertex, Inc. Class A Common Stock",$12.47,-0.25,-1.965%,"2,022,858,211"
SPB,"Spectrum Brands Holdings, Inc. Common Stock",$87.85,-2.08,-2.313%,"2,020,163,109"
CIMN,Chimera Investment Corporation 9.000% Senior Notes due 2029,$25.0601,-0.0499,-0.199%,"2,018,107,295"
PRKS,United Parks & Resorts Inc. Common Stock,$44.45,-0.48,-1.068%,"2,015,421,185"
GENB,"Generate Biomedicines, Inc. Common Stock",$15.69,0.05,0.32%,"2,013,849,721"
KYN,"Kayne Anderson Energy Infrastructure Fund, Inc.",$14.75,-0.07,-0.472%,"2,007,940,068"
AGIO,"Agios Pharmaceuticals, Inc. Common Stock",$33.63,0.07,0.209%,"2,007,774,292"
DHC,Diversified Healthcare Trust Common Shares of Beneficial Interest,$8.29,-0.09,-1.074%,"2,007,249,311"
PRDO,Perdoceo Education Corporation Common Stock,$32.04,0.03,0.094%,"2,004,968,842"
LOB,"Live Oak Bancshares, Inc. Common Stock",$43.29,0.02,0.046%,"2,003,617,910"
IMOS,ChipMOS TECHNOLOGIES INC. American Depositary Shares,$57.245,-1.115,-1.911%,"2,003,526,685"
SFB,Stifel Financial Corporation 5.20% Senior Notes due 2047,$19.55,UNCH,--,"1,997,490,087"
CCS,"Century Communities, Inc. Common Stock",$70.24,-0.39,-0.552%,"1,997,126,896"
ZBIO,"Zenas BioPharma, Inc. Common Stock",$30.50,0.99,3.355%,"1,987,890,052"
ATEN,"A10 Networks, Inc. Common Stock",$27.35,-0.05,-0.182%,"1,985,856,724"
CNXN,"PC Connection, Inc. Common Stock",$78.55,-2.53,-3.12%,"1,982,452,676"
PLAB,"Photronics, Inc. Common Stock",$33.60,0.28,0.84%,"1,981,180,253"
JBLU,JetBlue Airways Corporation Common Stock,$5.24,-0.41,-7.257%,"1,977,115,828"
CEPU,Central Puerto S.A. American Depositary Shares (each represents ten Common Shares),$13.05,-0.07,-0.534%,"1,975,470,137"
ASTH,Astrana Health Inc. Common Stock,$39.75,-1.06,-2.597%,"1,971,773,549"
ALG,"Alamo Group, Inc. Common Stock",$161.87,-3.06,-1.855%,"1,970,114,105"
BLKB,"Blackbaud, Inc. Common Stock",$43.39,-1.86,-4.11%,"1,969,476,309"
DAO,"Youdao, Inc. American Depositary Shares, each representing one Class A Ordinary Share",$16.29,-1.66,-9.248%,"1,965,138,139"
TY,Tri Continental Corporation Common Stock,$36.00,0.06,0.167%,"1,956,633,660"
GEL,"Genesis Energy, L.P. Common Units",$16.00,0.18,1.138%,"1,954,789,136"
PGNY,"Progyny, Inc. Common Stock",$25.33,-0.95,-3.615%,"1,943,489,793"
DEI,"Douglas Emmett, Inc. Common Stock",$11.60,-0.08,-0.685%,"1,942,829,097"
CHA,Chagee Holdings Limited American Depositary Shares,$10.15,-0.12,-1.168%,"1,936,247,759"
WS,"Worthington Steel, Inc. Common Shares",$37.87,-0.07,-0.185%,"1,929,406,289"
NSP,"Insperity, Inc. Common Stock",$50.46,-1.74,-3.333%,"1,927,333,324"
NBHC,National Bank Holdings Corporation Common Stock,$43.21,-0.32,-0.735%,"1,924,553,826"
ATS,ATS Corporation Common Shares,$19.59,-0.72,-3.545%,"1,922,305,853"
KARO,Karooooo Ltd. Ordinary Shares,$62.21,-0.07,-0.112%,"1,921,872,193"
ALNT,Allient Inc. Common Stock,$113.02,1.61,1.445%,"1,921,623,793"
KARD,"Kardigan, Inc. Common Stock",$20.55,0.35,1.733%,"1,921,501,014"
SRPT,"Sarepta Therapeutics, Inc. Common Stock (DE)",$18.18,0.08,0.442%,"1,920,299,242"
DMRA,"Damora Therapeutics, Inc. Ordinary Shares",$31.09,0.05,0.161%,"1,919,357,286"
GABC,"German American Bancorp, Inc. Common Stock",$50.94,-0.44,-0.856%,"1,914,264,480"
NAMSW,NewAmsterdam Pharma Company N.V. Warrant,$16.00,-0.99,-5.827%,"1,912,594,704"
CDZIP,"Cadiz, Inc. Depositary Shares",$22.5801,0.0901,0.401%,"1,912,016,821"
FSUN,FirstSun Capital Bancorp Common Stock,$40.98,-0.13,-0.316%,"1,909,011,214"
NEXA,Nexa Resources S.A. Common Shares,$14.38,0.20,1.41%,"1,904,472,820"
ABXL,"Abacus Global Management, Inc. 9.875% Fixed Rate Senior Notes due 2028",$25.49,0.05,0.197%,"1,902,862,835"
CMPS,COMPASS Pathways Plc American Depository Shares,$13.72,0.27,2.007%,"1,899,901,998"
RBCAA,"Republic Bancorp, Inc. Class A Common Stock",$96.76,-1.21,-1.235%,"1,899,800,451"
OCFC,OceanFirst Financial Corp. Common Stock,$19.64,-0.13,-0.658%,"1,898,112,101"
EPAC,Enerpac Tool Group Corp. Common Stock,$37.08,0.14,0.379%,"1,896,183,914"
SEDG,"SolarEdge Technologies, Inc. Common Stock",$30.79,-1.63,-5.028%,"1,894,377,781"
SMA,"SmartStop Self Storage REIT, Inc. Common Stock",$34.10,-0.05,-0.146%,"1,888,079,592"
LMAT,"LeMaitre Vascular, Inc. Common Stock",$82.51,0.13,0.158%,"1,886,942,395"
HWCPZ,Hancock Whitney Corporation 6.25% Subordinated Notes due 2060,$22.22,-0.0092,-0.041%,"1,883,255,611"
SGRY,"Surgery Partners, Inc. Common Stock",$14.36,-0.67,-4.458%,"1,879,986,214"
FOIL,"Londian Wason New Energy Tech Inc. American Depositary Shares, each representing five Ordinary Shares",$24.10,UNCH,--,"1,879,314,771"
SAM,"Boston Beer Company, Inc. (The) Common Stock",$182.30,-3.47,-1.868%,"1,876,173,446"
SNDA,"Sonida Senior Living, Inc. Common Stock",$39.03,-0.12,-0.307%,"1,875,313,050"
CDNL,Cardinal Infrastructure Group Inc. Class A Common Stock,$39.23,-0.19,-0.482%,"1,862,368,105"
ZD,"Ziff Davis, Inc. Common Stock",$54.31,-1.07,-1.932%,"1,862,138,266"
TFIN,"Triumph Financial, Inc. Common Stock",$77.78,-0.44,-0.563%,"1,858,517,088"
GNL,"Global Net Lease, Inc. Common Stock",$8.81,0.05,0.571%,"1,858,294,181"
WB,Weibo Corporation American Depositary Share,$7.56,-0.11,-1.434%,"1,857,284,644"
PAX,Patria Investments Limited Class A Common Shares,$11.42,-0.08,-0.696%,"1,853,314,354"
NEXT,NextDecade Corporation Common Stock,$6.95,-0.24,-3.338%,"1,849,988,759"
MIY,"Blackrock MuniYield Michigan Quality Fund, Inc. Common Stock",$12.41,-0.05,-0.401%,"1,846,142,265"
NHPBP,"National Healthcare Properties, Inc. 7.125% Series B Cumulative Redeemable Perpetual Preferred Stock",$25.21,-0.04,-0.158%,"1,837,931,924"
TCBK,TriCo Bancshares Common Stock,$57.46,-0.11,-0.191%,"1,836,802,560"
NHPAP,"National Healthcare Properties, Inc. 7.375% Series A Cumulative Redeemable Perpetual Preferred Stock",$25.19,0.0098,0.039%,"1,836,473,826"
HOPE,"Hope Bancorp, Inc. Common Stock",$14.36,-0.09,-0.623%,"1,834,372,765"
PDO,PIMCO Dynamic Income Opportunities Fund Common Shares of Beneficial Interest,$12.72,-0.07,-0.547%,"1,829,809,969"
MBC,"MasterBrand, Inc. Common Stock",$8.99,-0.16,-1.749%,"1,829,379,505"
TSAT,Telesat Corporation Class A Common Shares and Class B Variable Voting Shares ,$50.55,-0.09,-0.178%,"1,827,787,304"
OZKAP,Bank OZK 4.625% Series A Non-Cumulative Perpetual Preferred Stock,$16.155,-0.015,-0.093%,"1,827,714,212"
SONO,"Sonos, Inc. Common Stock",$15.45,-0.86,-5.273%,"1,827,641,976"
TRLV,Trulieve Cannabis Corp. Subordinate Voting Shares,$9.47,-0.18,-1.865%,"1,823,593,410"
WKC,World Kinect Corporation Common Stock,$35.64,-0.47,-1.302%,"1,823,043,737"
MUJ,"Blackrock MuniHoldings New Jersey Quality Fund, Inc. Common Stock",$12.24,-0.08,-0.649%,"1,820,852,645"
VET,Vermilion Energy Inc. Common (Canada),$11.88,0.54,4.762%,"1,820,016,000"
WOLF,"Wolfspeed, Inc. Common Stock New",$34.96,3.17,9.972%,"1,816,944,651"
EVTC,"Evertec, Inc. Common Stock",$30.39,-1.18,-3.738%,"1,815,879,751"
AIN,Albany International Corporation Common Stock,$63.88,-0.99,-1.526%,"1,814,192,000"
LKFT,Lakefront Biotherapeutics American Depositary Shares,$27.52,-0.01,-0.036%,"1,813,487,394"
CMRE,Costamare Inc. Common Stock $0.0001 par value,$15.02,0.38,2.596%,"1,811,243,160"
CTS,CTS Corporation Common Stock,$63.37,-0.10,-0.158%,"1,809,606,077"
HUN,Huntsman Corporation Common Stock,$10.31,0.01,0.097%,"1,808,153,531"
TGLS,Tecnoglass Holdings Inc. Common Stock,$40.72,-1.12,-2.677%,"1,806,527,164"
DCOM,"Dime Commercial Bancshares, Inc. Common Stock",$40.88,-0.08,-0.195%,"1,805,121,604"
SFL,SFL Corporation Ltd,$12.48,0.13,1.053%,"1,804,394,929"
TH,Target Hospitality Corp. Common Stock,$18.07,0.63,3.612%,"1,800,195,254"
EZPW,"EZCORP, Inc. Class A Non Voting Common Stock",$29.29,-0.20,-0.678%,"1,799,676,512"
STBA,"S&T Bancorp, Inc. Common Stock",$51.00,-0.14,-0.274%,"1,798,540,092"
ZYME,Zymeworks Inc. Common Stock,$25.31,0.19,0.756%,"1,795,978,390"
ATEX,Anterix Inc. Common Stock,$91.57,0.04,0.044%,"1,795,668,104"
GCT,GigaCloud Technology Inc Class A Ordinary Shares,$50.28,-1.59,-3.065%,"1,795,510,716"
EVCM,EverCommerce Inc. Common Stock,$10.16,-0.03,-0.294%,"1,794,918,899"
NYAX,Nayax Ltd. Ordinary Shares,$48.01,-2.59,-5.119%,"1,793,614,952"
STRA,"Strategic Education, Inc. Common Stock",$80.69,-1.64,-1.992%,"1,791,927,936"
FCEL,"FuelCell Energy, Inc. Common Stock",$22.36,-0.01,-0.045%,"1,787,775,823"
TRNZ,Trinity Capital Inc. 7.875% Notes due 2029,$25.33,0.02,0.079%,"1,781,057,673"
CNOB,"ConnectOne Bancorp, Inc. Common Stock",$32.78,-0.245,-0.742%,"1,779,802,556"
PRGO,Perrigo Company plc Ordinary Shares,$12.82,-0.22,-1.687%,"1,779,021,721"
TRNI,Trinity Capital Inc. 7.875% Notes Due 2029,$25.25,-0.09,-0.355%,"1,775,432,540"
CASH,"Pathward Financial, Inc. Common Stock",$85.39,-1.28,-1.477%,"1,773,837,381"
VSTS,Vestis Corporation Common Stock,$13.41,0.08,0.60%,"1,772,267,008"
BY,"Byline Bancorp, Inc. Common Stock",$39.15,-0.12,-0.306%,"1,769,048,343"
ANAB,"AnaptysBio, Inc. Common Stock",$59.69,1.22,2.087%,"1,767,330,231"
SNDX,"Syndax Pharmaceuticals, Inc. Common Stock",$19.76,-0.08,-0.403%,"1,764,510,419"
ETON,"Eton Pharmaceuticals, Inc. Common Stock",$61.73,2.87,4.876%,"1,764,436,924"
JSM,"Navient Corporation 6% Senior Notes due December 15, 2043",$17.74,-0.2743,-1.523%,"1,763,906,614"
OPRA,Opera Limited American Depositary Shares,$19.62,-0.71,-3.492%,"1,763,455,665"
CBL,"CBL & Associates Properties, Inc. Common Stock",$56.94,-1.17,-2.013%,"1,761,880,584"
XHR,"Xenia Hotels & Resorts, Inc. Common Stock",$19.07,-0.09,-0.47%,"1,759,128,073"
TV,Grupo Televisa S.A.B. Common Stock,$2.85,-0.05,-1.724%,"1,758,916,260"
TSLX,"Sixth Street Specialty Lending, Inc. Common Stock",$18.44,-0.33,-1.758%,"1,758,127,483"
PRGS,Progress Software Corporation Common Stock (DE),$42.86,-0.87,-1.989%,"1,757,814,694"
WTFCN,"Wintrust Financial Corporation Depositary Shares, Each Representing a 1/1,000th Interest in a Share of 7.875% Fixed-Rate Reset Non-Cumulative Perpetual Preferred StocK",$26.05,-0.01,-0.038%,"1,757,488,440"
EFC,Ellington Financial Inc. Common Stock ,$13.59,-0.08,-0.585%,"1,751,579,576"
PGY,Pagaya Technologies Ltd. Class A Ordinary Shares,$20.93,-0.63,-2.922%,"1,746,102,894"
ANIP,"ANI Pharmaceuticals, Inc.",$76.00,-0.54,-0.706%,"1,744,921,088"
BDJ,Blackrock Enhanced Equity Dividend Trust,$9.85,-0.01,-0.101%,"1,743,711,833"
CYD,China Yuchai International Limited Common Stock,$46.43,1.19,2.63%,"1,741,975,690"
GT,The Goodyear Tire & Rubber Company Common Stock,$6.05,-0.06,-0.982%,"1,741,787,359"
USAS,"Americas Gold and Silver Corporation Common Shares, no par value",$5.16,-0.08,-1.527%,"1,741,694,981"
BFC,Bank First Corporation Common Stock,$156.88,-1.12,-0.709%,"1,739,110,026"
WMK,"Weis Markets, Inc. Common Stock",$70.25,-0.68,-0.959%,"1,738,307,939"
EMAT,Evolution Metals & Technologies Corp. Common Stock,$2.79,-0.24,-7.921%,"1,734,795,902"
BLFS,"BioLife Solutions, Inc. Common Stock",$35.45,0.38,1.084%,"1,733,742,657"
GLP,Global Partners LP Common Units representing Limited Partner Interests,$50.88,0.05,0.098%,"1,729,694,245"
FTRE,Fortrea Holdings Inc. Common Stock,$18.10,0.69,3.963%,"1,721,310,000"
XNCR,"Xencor, Inc. Common Stock",$23.12,-0.22,-0.943%,"1,719,050,539"
KRP,Kimbell Royalty Partners Common Units Representing Limited Partner Interests,$14.97,-0.13,-0.861%,"1,717,112,742"
QCRH,"QCR Holdings, Inc. Common Stock",$104.84,-1.72,-1.614%,"1,716,819,372"
MHD,"Blackrock MuniHoldings Fund, Inc. Common Stock",$11.54,-0.11,-0.944%,"1,716,718,915"
HLMN,Hillman Solutions Corp. Common Stock,$8.82,0.12,1.379%,"1,715,886,891"
AFGB,"American Financial Group, Inc. 5.875% Subordinated Debentures due 2059",$20.68,0.02,0.097%,"1,714,815,917"
TPB,"Turning Point Brands, Inc. Common Stock",$85.30,-2.04,-2.336%,"1,710,173,047"
GENVR,Gen Digital Inc. Contingent Value Rights,$2.85,-0.75,-20.833%,"1,705,973,041"
VSECU,VSE Corporation Tangible Equity Units,$60.75,0.73,1.216%,"1,704,947,049"
BL,"BlackLine, Inc. Common Stock",$29.30,-1.23,-4.029%,"1,703,070,411"
BCAT,BlackRock Capital Allocation Term Trust Common Shares of Beneficial Interest,$15.72,-0.14,-0.883%,"1,699,882,200"
BAND,Bandwidth Inc. Class A Common Stock,$52.79,-1.18,-2.186%,"1,698,823,799"
AAPG,Ascentage Pharma Group International American Depository Shares,$18.20,-0.80,-4.211%,"1,698,615,974"
TRIN,Trinity Capital Inc. Common Stock,$17.92,-0.22,-1.213%,"1,696,908,846"
AVLN,Avalyn Pharma Inc. Common Stock,$38.25,-1.00,-2.548%,"1,695,740,884"
NTLA,"Intellia Therapeutics, Inc. Common Stock",$12.09,0.18,1.511%,"1,694,131,718"
AMPX,"Amprius Technologies, Inc. Common Stock",$11.58,-0.93,-7.434%,"1,691,613,556"
IE,Ivanhoe Electric Inc. Common Stock,$10.59,0.18,1.729%,"1,690,060,843"
GAB,"Gabelli Equity Trust, Inc. (The) Common Stock",$5.75,-0.05,-0.862%,"1,689,448,975"
RLJ,RLJ Lodging Trust Common Shares of Beneficial Interest $0.01 par value,$11.07,0.08,0.728%,"1,686,800,903"
IMCR,Immunocore Holdings plc American Depositary Shares,$35.05,0.84,2.455%,"1,685,496,527"
FORTY,Formula Systems (1985) Ltd. American Depositary Shares,$109.875,0.625,0.572%,"1,683,028,662"
PRG,"PROG Holdings, Inc. Common Stock",$42.16,-0.46,-1.079%,"1,679,301,647"
RZC,"Reinsurance Group of America, Incorporated 7.125% Fixed-Rate Reset Subordinated Debentures due 2052",$25.66,-0.09,-0.35%,"1,675,640,724"
ADAMZ,"Adamas Trust, Inc. 7.000% Series G Cumulative Redeemable Preferred Stock, $0.01 par value per share",$18.6233,0.0233,0.125%,"1,673,858,219"
MQY,"Blackrock MuniYield Quality Fund, Inc. Common Stock",$11.24,-0.07,-0.619%,"1,672,090,174"
FLNG,FLEX LNG Ltd. Ordinary Shares,$30.88,0.08,0.26%,"1,670,372,571"
CPRI,Capri Holdings Limited Ordinary Shares,$14.67,-0.67,-4.368%,"1,667,269,236"
LILA,Liberty Latin America Ltd. Class A Common Stock,$8.51,-0.11,-1.276%,"1,667,109,000"
ECAT,BlackRock ESG Capital Allocation Term Trust Common Shares of Beneficial Interest,$15.41,-0.07,-0.452%,"1,666,360,350"
RXRX,"Recursion Pharmaceuticals, Inc. Class A Common Stock",$3.11,-0.05,-1.582%,"1,664,914,149"
TMC,TMC the metals company Inc. Common Stock,$3.77,-0.24,-5.985%,"1,663,080,767"
LZB,La-Z-Boy Incorporated Common Stock,$41.52,-0.33,-0.789%,"1,661,265,315"
DXC,DXC Technology Company Common Stock ,$10.39,-0.40,-3.707%,"1,660,100,579"
RQI,Cohen & Steers Quality Income Realty Fund Inc Common Shares,$12.35,-0.15,-1.20%,"1,658,610,039"
ARCO,Arcos Dorados Holdings Inc. Class A Shares,$7.86,-0.05,-0.632%,"1,655,811,628"
AEVA,"Aeva Technologies, Inc. Common Stock",$23.75,0.47,2.019%,"1,655,511,753"
OBK,"Origin Bancorp, Inc. Common Stock",$53.66,-0.94,-1.722%,"1,655,393,721"
INSP,"Inspire Medical Systems, Inc. Common Stock",$57.22,0.12,0.21%,"1,654,251,658"
LILAK,Liberty Latin America Ltd. Class C Common Stock,$8.44,-0.05,-0.589%,"1,653,396,000"
IDT,IDT Corporation Class B Common Stock,$66.46,-0.09,-0.135%,"1,652,764,896"
BCAX,Bicara Therapeutics Inc. Common Stock,$24.94,0.66,2.718%,"1,650,352,974"
ETV,Eaton Vance Corporation Eaton Vance Tax-Managed Buy-Write Opportunities Fund Common Shares of Beneficial Interest,$15.10,0.06,0.399%,"1,649,952,070"
RVLV,"Revolve Group, Inc. Class A Common Stock",$23.14,-0.55,-2.322%,"1,644,916,619"
WEN,Wendy's Company (The) Common Stock,$8.62,-0.02,-0.231%,"1,643,574,797"
OMCL,"Omnicell, Inc. Common Stock ($0.001 par value)",$36.03,-1.27,-3.405%,"1,643,504,271"
IMKTA,"Ingles Markets, Incorporated Class A Common Stock",$86.52,-0.49,-0.563%,"1,643,393,412"
AMBQ,"Ambiq Micro, Inc. Common Stock",$67.86,3.35,5.193%,"1,641,162,613"
JJSF,J & J Snack Foods Corp. Common Stock,$87.445,-2.025,-2.263%,"1,633,613,212"
FBRX,"Forte Biosciences, Inc. Common Stock",$76.89,0.06,0.078%,"1,632,304,499"
OXLC,Oxford Lane Capital Corp. Common Stock,$9.40,-0.01,-0.106%,"1,631,840,000"
UZD,"Array Digital Infrastructure, Inc. 6.250% Senior Notes due 2069",$18.97,0.12,0.637%,"1,631,420,000"
KMTS,"Kestra Medical Technologies, Ltd. Common Stock",$27.82,-0.20,-0.714%,"1,630,338,826"
SVV,"Savers Value Village, Inc. Common Stock",$10.56,-0.10,-0.938%,"1,628,944,786"
WWW,"Wolverine World Wide, Inc. Common Stock",$19.83,-1.20,-5.706%,"1,627,375,502"
ADIG,ADI Global Distribution Inc. Common Stock,$21.43,0.19,0.895%,"1,627,034,133"
POET,POET Technologies Inc. Common Shares,$9.40,-0.18,-1.879%,"1,626,746,027"
AGL,"agilon health, inc. Common Stock",$96.86,-0.04,-0.041%,"1,626,396,601"
GAM,"General American Investors, Inc. Common Stock",$67.71,-0.18,-0.265%,"1,623,388,553"
FRA,Blackrock Floating Rate Income Strategies Fund Inc  Common Stock,$10.90,-0.05,-0.457%,"1,621,510,934"
NOMD,Nomad Foods Limited Ordinary Shares,$11.38,-0.35,-2.984%,"1,616,939,727"
AFGD,"American Financial Group, Inc. 5.625% Subordinated Debentures due 2060",$19.49,-0.01,-0.051%,"1,616,139,372"
DCH,Dauch Corporation Common Stock,$6.80,0.07,1.04%,"1,615,711,294"
MQ,"Marqeta, Inc. Class A Common Stock",$15.52,-0.815,-4.989%,"1,615,613,904"
DSGR,"Distribution Solutions Group, Inc. Common Stock",$34.87,-0.09,-0.257%,"1,612,926,565"
BPOPM,"Popular, Inc. Popular Capital Trust II - 6.125% Cumulative Monthly Income Trust Preferred Securities",$25.15,-0.09,-0.357%,"1,604,029,300"
AESI,Atlas Energy Solutions Inc. Common Stock,$12.82,0.37,2.972%,"1,602,544,242"
MYI,"Blackrock MuniYield Quality Fund III, Inc Common Stock",$10.77,-0.06,-0.554%,"1,602,171,813"
FUN,Six Flags Entertainment Corporation Common Stock New,$15.60,-0.80,-4.878%,"1,596,134,467"
RCAT,"Red Cat Holdings, Inc. Common Stock",$10.44,-0.69,-6.199%,"1,594,337,939"
MUC,"Blackrock MuniHoldings California Quality Fund, Inc.  Common Stock",$10.69,-0.07,-0.651%,"1,590,270,815"
MLKN,"MillerKnoll, Inc. Common Stock",$23.34,-0.49,-2.056%,"1,589,996,375"
VIR,"Vir Biotechnology, Inc. Common Stock",$9.39,0.15,1.623%,"1,588,937,846"
FRMEP,First Merchants Corporation Depository Shares,$25.29,-0.17,-0.668%,"1,588,247,988"
ABSI,Absci Corporation Common Stock,$9.24,0.06,0.654%,"1,585,713,452"
XNET,Xunlei Limited American Depositary Shares,$4.97,-0.28,-5.333%,"1,581,796,537"
YSWY,"Yesway, Inc. Class A Common Stock",$25.03,-0.14,-0.556%,"1,581,764,492"
PWP,Perella Weinberg Partners Class A Common Stock,$16.78,-0.60,-3.452%,"1,577,962,372"
AMPL,"Amplitude, Inc. Class A Common Stock",$12.61,-0.42,-3.223%,"1,575,191,592"
PUMP,ProPetro Holding Corp. Common Stock,$12.79,0.69,5.702%,"1,570,917,898"
CSWC,Capital Southwest Corporation Common Stock,$24.64,-0.24,-0.965%,"1,570,402,483"
CXM,"Sprinklr, Inc. Class A Common Stock",$6.70,-0.19,-2.758%,"1,569,332,705"
GLOB,Globant S.A. Common Shares,$36.26,-1.12,-2.996%,"1,565,690,701"
TYRA,"Tyra Biosciences, Inc. Common Stock",$26.22,0.93,3.677%,"1,564,729,341"
BULLW,Webull Corporation Warrants,$2.93,UNCH,--,"1,558,228,688"
GSL,Global Ship Lease Inc New Class A Common Shares,$43.38,1.21,2.869%,"1,558,133,425"
TRAX,"First Tracks Biotherapeutics, Inc. Ordinary Shares ",$43.60,-0.44,-0.999%,"1,557,864,755"
AMSC,American Superconductor Corporation Common Stock,$32.13,0.21,0.658%,"1,556,446,055"
NCV,Virtus Convertible & Income Fund Common Shares of Beneficial Interest,$17.22,-0.11,-0.635%,"1,556,232,858"
BKT,BlackRock Income Trust Inc. (The),$10.45,0.03,0.288%,"1,554,567,822"
HLX,"Helix Energy Solutions Group, Inc. Common Stock",$10.54,0.11,1.055%,"1,553,410,991"
XERS,"Xeris Biopharma Holdings, Inc. Common Stock",$8.52,-0.08,-0.93%,"1,553,369,007"
MAZE,"Maze Therapeutics, Inc. Common Stock",$27.95,0.77,2.833%,"1,552,599,246"
ICFI,"ICF International, Inc. Common Stock",$86.50,-1.89,-2.138%,"1,551,280,966"
FLO,"Flowers Foods, Inc. Common Stock",$7.31,-0.21,-2.793%,"1,549,670,511"
ADNT,Adient plc Ordinary Shares ,$20.10,-0.28,-1.374%,"1,549,648,333"
TNDM,"Tandem Diabetes Care, Inc. Common Stock",$22.255,-0.465,-2.047%,"1,548,474,124"
KOS,Kosmos Energy Ltd. Common Shares (DE),$2.60,0.06,2.362%,"1,548,267,893"
SLBT,SL Science Holding Limited Ordinary Shares,$2.76,0.10,3.759%,"1,547,696,929"
KMPR,Kemper Corporation,$26.21,-1.21,-4.413%,"1,544,375,866"
NBR,Nabors Industries Ltd.,$96.71,2.54,2.697%,"1,543,619,934"
PFBC,Preferred Bank Common Stock,$107.47,-0.43,-0.399%,"1,542,915,624"
ITG,"ITG, Inc. Class A Common Stock",$12.41,-0.56,-4.318%,"1,540,791,088"
BBAI,"BigBear.ai, Inc. Common Stock",$3.21,-0.06,-1.835%,"1,539,177,323"
IIPR,"Innovative Industrial Properties, Inc. Common Stock",$55.80,-0.19,-0.339%,"1,538,481,274"
LKFN,Lakeland Financial Corporation Common Stock,$61.82,-0.67,-1.072%,"1,536,711,669"
ARDT,"Ardent Health, Inc. Common Stock",$10.89,-0.02,-0.183%,"1,535,989,927"
PBT,Permian Basin Royalty Trust Common Stock,$32.92,0.23,0.704%,"1,534,361,564"
OXSQG,Oxford Square Capital Corp. 5.50% Notes due 2028,$24.05,0.09,0.376%,"1,533,376,533"
ENR,"Energizer Holdings, Inc. Common Stock",$22.36,-0.40,-1.757%,"1,531,294,123"
SBH,"Sally Beauty Holdings, Inc. (Name to be changed from Sally Holdings, Inc.) Common Stock",$16.24,-0.18,-1.096%,"1,520,426,022"
AMAL,Amalgamated Financial Corp. Common Stock (DE),$50.82,-0.24,-0.47%,"1,519,525,471"
ATLC,Atlanticus Holdings Corporation Common Stock,$100.14,-2.44,-2.379%,"1,519,127,605"
SAFT,"Safety Insurance Group, Inc. Common Stock",$103.36,0.01,0.01%,"1,517,374,620"
RYZ,Ryerson Holding Corporation Common Stock,$29.20,0.26,0.898%,"1,515,440,668"
INVA,"Innoviva, Inc. Common Stock",$20.96,-0.23,-1.085%,"1,514,265,366"
AMRC,"Ameresco, Inc. Class A Common Stock",$28.50,0.60,2.151%,"1,512,387,014"
ECCC,Eagle Point Credit Company 6.50% Series C Term Preferred Stock due 2031,$24.92,0.27,1.095%,"1,511,710,098"
AI,"C3.ai, Inc. Class A Common Stock",$9.70,-0.23,-2.316%,"1,507,857,987"
UMAC,"Unusual Machines, Inc. Common Stock",$30.15,-3.91,-11.48%,"1,506,188,626"
ESQ,"Esquire Financial Holdings, Inc. Common Stock",$124.09,-3.97,-3.10%,"1,502,057,704"
MUA,"Blackrock MuniAssets Fund, Inc Common Stock",$10.09,-0.14,-1.369%,"1,501,013,332"
JBIO,"Jade Biosciences, Inc. Common Stock",$23.45,-1.26,-5.099%,"1,491,358,725"
LBRX,LB Pharmaceuticals Inc Common Stock,$46.23,-1.545,-3.234%,"1,491,341,660"
FOR,Forestar Group Inc Common Stock ,$29.16,-0.28,-0.951%,"1,487,674,003"
REX,REX American Resources Corporation,$45.13,0.54,1.211%,"1,486,479,213"
AFGC,"American Financial Group, Inc. 5.125% Subordinated Debentures due 2059",$17.92,0.005,0.028%,"1,485,952,671"
PSNL,"Personalis, Inc. Common Stock",$13.89,-0.15,-1.068%,"1,483,450,222"
HCSG,"Healthcare Services Group, Inc. Common Stock",$21.59,UNCH,--,"1,481,769,241"
APPS,"Digital Turbine, Inc. Common Stock",$12.24,-0.20,-1.608%,"1,481,238,900"
HROW,"Harrow, Inc. Common Stock",$39.475,-0.555,-1.386%,"1,479,832,879"
BW,"Babcock & Wilcox Enterprises, Inc. Common Stock",$9.92,-0.37,-3.596%,"1,477,733,455"
PEBO,Peoples Bancorp Inc. Common Stock,$41.07,-0.31,-0.749%,"1,476,150,877"
ARLO,"Arlo Technologies, Inc. Common Stock",$13.71,-0.62,-4.327%,"1,475,378,398"
CNMD,CONMED Corporation Common Stock,$49.25,-1.16,-2.301%,"1,475,098,964"
MRVI,"Maravai LifeSciences Holdings, Inc. Class A Common Stock",$5.68,-0.02,-0.351%,"1,474,946,190"
GIC,Global Industrial Company Common Stock,$38.61,-0.35,-0.898%,"1,471,363,046"
SCL,Stepan Company Common Stock,$64.72,-0.45,-0.691%,"1,471,249,989"
AZTA,"Azenta, Inc.",$33.58,0.20,0.599%,"1,471,085,837"
AZUL,"Azul S.A. American Depositary Shares, each representing two (2) Common Shares",$7.98,-0.22,-2.683%,"1,470,546,117"
ECCV,Eagle Point Credit Company 5.375% Notes due 2029,$24.21,0.10,0.415%,"1,468,639,706"
COUR,"Coursera, Inc. Common Stock",$5.54,-0.24,-4.152%,"1,464,776,000"
HLIT,Harmonic Inc. Common Stock,$13.43,-0.49,-3.52%,"1,464,192,320"
ULCC,"Frontier Group Holdings, Inc. Common Stock",$6.35,-0.34,-5.082%,"1,461,870,146"
EYE,"National Vision Holdings, Inc. Common Stock",$18.47,-0.83,-4.301%,"1,460,410,211"
BHRB,Burke & Herbert Financial Services Corp. Common Stock,$72.33,-0.82,-1.121%,"1,460,128,097"
ATEC,"Alphatec Holdings, Inc. Common Stock",$9.45,-0.34,-3.473%,"1,459,562,668"
RES,"RPC, Inc. Common Stock",$6.57,0.21,3.302%,"1,456,286,569"
OMDA,"Omada Health, Inc. Common Stock",$23.75,-0.29,-1.206%,"1,453,896,696"
QFIN,"Qfin Holdings, Inc. American Depositary Shares",$11.94,-0.33,-2.689%,"1,453,717,495"
KMPB,Kemper Corporation 5.875% Fixed-Rate Reset Junior Subordinated Debentures due 2062,$24.65,-0.03,-0.122%,"1,452,455,746"
PCT,"PureCycle Technologies, Inc. Common stock",$7.215,0.265,3.813%,"1,449,528,204"
UZF,"Array Digital Infrastructure, Inc. 5.500% Senior Notes due 2070",$16.85,0.03,0.178%,"1,449,100,000"
SLVM,Sylvamo Corporation Common Stock,$36.43,-1.96,-5.105%,"1,448,465,652"
INNV,InnovAge Holding Corp. Common Stock,$10.67,0.06,0.566%,"1,448,307,313"
NAT,Nordic American Tankers Limited Common Stock,$6.82,0.11,1.639%,"1,444,139,522"
TMP,Tompkins Financial Corporation Common Stock,$100.28,-0.93,-0.919%,"1,442,317,713"
UTI,Universal Technical Institute Inc Common Stock,$26.15,1.00,3.976%,"1,440,740,291"
UZE,"Array Digital Infrastructure, Inc. 5.500% Senior Notes due 2070",$16.73,0.01,0.06%,"1,438,780,000"
TE,T1 Energy Inc. Common Stock,$4.88,-0.23,-4.501%,"1,437,292,082"
DMC,Del Monte Corporation Ordinary Shares,$30.42,0.02,0.066%,"1,434,187,952"
PURR,Hyperliquid Strategies Inc Common Stock,$7.15,0.47,7.036%,"1,434,030,391"
EOSE,"Eos Energy Enterprises, Inc. Class A Common Stock",$3.93,-0.09,-2.239%,"1,431,179,234"
AVBP,"ArriVent BioPharma, Inc. Common Stock",$29.01,-0.50,-1.694%,"1,430,417,218"
IAUX,i-80 Gold Corp. Common Shares,$1.65,-0.02,-1.198%,"1,428,737,777"
ENOV,Enovis Corporation Common Stock,$24.74,-1.32,-5.065%,"1,426,743,282"
CDRE,"Cadre Holdings, Inc. Common Stock",$33.30,-0.84,-2.46%,"1,425,930,442"
CTBI,"Community Trust Bancorp, Inc. Common Stock",$78.48,-0.39,-0.494%,"1,425,821,030"
GIII,"G-III Apparel Group, LTD. Common Stock",$33.77,-0.13,-0.383%,"1,424,775,650"
CNXC,Concentrix Corporation Common Stock,$23.33,-1.16,-4.737%,"1,423,558,106"
GBX,"Greenbrier Companies, Inc. (The) Common Stock",$45.78,0.34,0.748%,"1,416,418,825"
SBET,"Sharplink, Inc. Common Stock",$6.51,0.25,3.994%,"1,414,125,662"
ROCK,"Gibraltar Industries, Inc. Common Stock",$47.53,-0.35,-0.731%,"1,410,875,244"
BJRI,"BJ's Restaurants, Inc. Common Stock",$66.27,-1.68,-2.472%,"1,409,812,407"
TWFG,"TWFG, Inc. Class A Common Stock",$26.08,-0.69,-2.578%,"1,409,670,788"
TOP,TOP Financial Group Limited Class A Ordinary Shares,$11.37,0.24,2.156%,"1,406,531,092"
NVGS,Navigator Holdings Ltd. Ordinary Shares (Marshall Islands),$21.55,0.55,2.619%,"1,406,147,068"
PAHC,Phibro Animal Health Corporation Class A Common Stock,$34.63,0.27,0.786%,"1,404,756,115"
TRS,TriMas Corporation Common Stock,$39.14,0.20,0.514%,"1,404,103,389"
WD,"Walker & Dunlop, Inc Common Stock",$40.70,-1.86,-4.37%,"1,397,057,822"
FRNM,"Freenome, Inc. Common stock",$13.00,1.44,12.457%,"1,396,808,582"
XZO,"Exzeo Group, Inc. Common Stock",$15.49,0.32,2.109%,"1,395,430,870"
MLTX,MoonLake Immunotherapeutics Class A Ordinary Shares,$16.35,-0.12,-0.729%,"1,391,494,300"
AAT,"American Assets Trust, Inc. Common Stock",$22.65,-0.12,-0.527%,"1,390,805,424"
BRUN,Boost Run Inc. Class A Common Stock,$22.63,-0.30,-1.308%,"1,390,130,893"
CRI,"Carter's, Inc. Common Stock",$37.82,-0.90,-2.324%,"1,388,417,017"
ORIC,"Oric Pharmaceuticals, Inc. Common Stock",$13.38,-0.49,-3.533%,"1,386,872,537"
SHLS,"Shoals Technologies Group, Inc. Class A Common Stock",$8.23,-0.22,-2.604%,"1,385,108,589"
BORR,Borr Drilling Limited Common Shares,$4.50,0.07,1.58%,"1,384,654,838"
YSS,York Space Systems Inc. Common Stock,$10.66,-0.27,-2.47%,"1,382,542,922"
FMBH,"First Mid Bancshares, Inc. Common Stock",$51.95,-0.06,-0.115%,"1,381,969,328"
AORT,"Artivion, Inc. Common Stock",$28.32,-0.82,-2.814%,"1,380,776,179"
DMLP,"Dorchester Minerals, L.P. Common Units Representing Limited Partnership Interests",$28.11,0.40,1.444%,"1,379,959,479"
XPEL,"XPEL, Inc. Common Stock",$49.995,-0.005,-0.01%,"1,378,399,546"
UMH,"UMH Properties, Inc. Common Stock",$16.14,-0.31,-1.884%,"1,378,123,584"
NRP,Natural Resource Partners LP Limited Partnership,$103.94,-0.62,-0.593%,"1,377,247,823"
WABC,Westamerica Bancorporation Common Stock,$59.50,-0.38,-0.635%,"1,375,113,604"
MGRT,Mega Fortune Company Limited Ordinary Shares,$100.00,-0.08,-0.08%,"1,375,000,000"
AKTS,"Aktis Oncology, Inc. Common stock",$24.72,-0.21,-0.842%,"1,374,914,015"
IART,Integra LifeSciences Holdings Corporation Common Stock,$17.66,-0.68,-3.708%,"1,373,462,456"
UFCS,"United Fire Group, Inc. Common Stock",$53.40,-0.88,-1.621%,"1,372,670,443"
PNTG,"The Pennant Group, Inc. Common Stock ",$39.18,-0.14,-0.356%,"1,368,521,119"
WLTH,Wealthfront Corporation Common Stock,$9.16,0.02,0.219%,"1,368,148,739"
DFH,"Dream Finders Homes, Inc. Class A Common Stock",$15.08,-0.52,-3.333%,"1,368,116,095"
VTOL,"Bristow Group, Inc. Common Stock",$46.15,-0.38,-0.817%,"1,367,978,300"
CCEC,Capital Clean Energy Carriers Corp. Common Share,$22.69,0.08,0.354%,"1,367,975,063"
AIP,"Arteris, Inc. Common Stock",$27.83,-0.49,-1.73%,"1,367,902,999"
ELE,Elemental Royalty Corporation Common Stock,$21.24,0.18,0.855%,"1,365,861,734"
ALX,"Alexander's, Inc. Common Stock",$267.22,-2.53,-0.938%,"1,364,770,034"
LSPD,Lightspeed Commerce Inc. Subordinate Voting Shares,$10.23,-0.44,-4.124%,"1,363,806,997"
LGIH,"LGI Homes, Inc. Common Stock",$58.62,-1.18,-1.973%,"1,362,813,705"
VOR,Vor Biopharma Inc. Common Stock,$23.01,-0.02,-0.087%,"1,361,324,385"
CNOBP,"ConnectOne Bancorp, Inc. Depositary Shares, each representing a 1/40th interest in a share of 5.25% Fixed-Rate Reset Non-Cumulative Perpetual Preferred Stock, Series A",$25.05,UNCH,--,"1,360,099,269"
NSSC,"NAPCO Security Technologies, Inc. Common Stock",$38.06,-0.26,-0.678%,"1,359,782,446"
JCAP,"Jefferson Capital, Inc. Common Stock",$23.65,-0.35,-1.458%,"1,358,113,926"
CNL,Collective Mining Ltd. Common Shares,$14.63,-0.18,-1.215%,"1,356,825,803"
GHM,Graham Corporation Common Stock,$115.48,1.49,1.307%,"1,355,392,571"
INBX,"Inhibrx Biosciences, Inc. Common Stock",$92.01,3.64,4.119%,"1,354,171,897"
REPL,"Replimune Group, Inc. Common Stock",$14.63,-0.34,-2.271%,"1,352,081,382"
ARHS,"Arhaus, Inc. Class A Common Stock",$9.53,-0.28,-2.854%,"1,350,894,015"
REAL,"The RealReal, Inc. Common Stock",$11.08,-0.32,-2.807%,"1,348,115,954"
HBT,"HBT Financial, Inc. Common Stock",$36.94,-0.25,-0.672%,"1,343,345,707"
AFGE,"American Financial Group, Inc. 4.500% Subordinated Debentures due 2060",$16.20,0.03,0.186%,"1,343,327,749"
ODC,Oil-Dri Corporation Of America Common Stock,$92.54,2.13,2.356%,"1,340,750,521"
SLSR,Solaris Resources Inc. Common Shares,$8.02,0.30,3.886%,"1,339,623,331"
LQDT,"Liquidity Services, Inc. Common Stock",$42.71,-0.76,-1.748%,"1,338,173,405"
NMAX,"Newsmax, Inc. Class B Common Stock",$10.36,-0.51,-4.692%,"1,338,104,282"
AMN,AMN Healthcare Services Inc,$34.54,0.04,0.116%,"1,337,733,889"
AGRO,Adecoagro S.A. Common Shares,$9.26,0.35,3.928%,"1,336,296,395"
ORC,"Orchid Island Capital, Inc. Common Stock",$6.67,0.02,0.301%,"1,331,354,931"
NVAX,"Novavax, Inc. Common Stock",$8.07,0.02,0.248%,"1,331,112,009"
THRM,Gentherm Inc Common Stock,$43.34,-0.66,-1.50%,"1,330,768,439"
CGEM,"Cullinan Therapeutics, Inc. Common Stock",$20.59,0.25,1.229%,"1,325,063,149"
PICS,PicS N.V. Class A Common Shares,$10.22,-1.20,-10.508%,"1,324,384,689"
CRSR,"Corsair Gaming, Inc. Common Stock",$12.24,-0.75,-5.774%,"1,324,085,978"
MGTX,MeiraGTx Holdings plc Ordinary Shares,$13.77,0.25,1.849%,"1,322,512,055"
CBRL,"Cracker Barrel Old Country Store, Inc Common Stock",$59.04,1.115,1.925%,"1,319,630,198"
ANRO,"Alto Neuroscience, Inc. Common Stock",$33.60,1.46,4.543%,"1,318,534,694"
GOLD,"Gold.com, Inc. Common Stock",$45.39,1.39,3.159%,"1,316,508,536"
TRUP,"Trupanion, Inc. Common Stock",$29.99,-0.61,-1.993%,"1,315,739,604"
OSBC,"Old Second Bancorp, Inc. Common Stock",$25.83,-0.08,-0.309%,"1,314,119,744"
GLUE,"Monte Rosa Therapeutics, Inc. Common Stock",$15.38,-0.12,-0.774%,"1,312,120,107"
DRTS,Alpha Tau Medical Ltd. Ordinary Shares,$14.15,-0.10,-0.702%,"1,308,565,879"
PRSU,"Pursuit Attractions and Hospitality, Inc. Common Stock",$47.99,0.03,0.063%,"1,308,406,798"
SPTX,"Seaport Therapeutics, Inc. Common Stock",$24.40,0.18,0.743%,"1,306,145,420"
LEG,"Leggett & Platt, Incorporated Common Stock",$9.56,-0.10,-1.035%,"1,305,790,792"
SDGR,"Schrodinger, Inc. Common Stock",$17.40,-0.19,-1.08%,"1,301,617,927"
ACVA,ACV Auctions Inc. Class A Common Stock,$7.62,-0.65,-7.86%,"1,293,936,808"
EPC,Edgewell Personal Care Company Common Stock,$28.06,-0.36,-1.267%,"1,293,254,955"
EOSEW,"Eos Energy Enterprises, Inc. Warrant",$3.55,0.45,14.516%,"1,292,795,491"
UAN,"CVR Partners, LP Common Units representing Limited Partner Interests",$122.29,-1.21,-0.98%,"1,292,560,909"
AFYA,Afya Limited Class A Common Shares,$13.79,-0.05,-0.361%,"1,292,437,839"
VZLA,Vizsla Silver Corp. Common Shares,$3.65,-0.11,-2.926%,"1,290,404,334"
NUTX,Nutex Health Inc. Common Stock,$188.41,0.99,0.528%,"1,290,226,593"
SGML,Sigma Lithium Corporation Common Shares,$11.43,-0.56,-4.671%,"1,284,118,358"
IQ,"iQIYI, Inc. American Depositary Shares",$1.33,-0.02,-1.481%,"1,283,482,898"
SENEA,Seneca Foods Corp. Class A Common Stock,$189.50,-2.20,-1.148%,"1,283,001,602"
SENEB,Seneca Foods Corp. Class B Common Stock,$188.80,UNCH,--,"1,278,262,282"
HBNB,Hotel101 Global Holdings Corp. Class A Ordinary Shares,$5.45,0.05,0.926%,"1,275,476,504"
FMC,FMC Corporation Common Stock,$10.18,0.03,0.296%,"1,274,809,221"
WLDN,"Willdan Group, Inc. Common Stock",$83.47,-2.93,-3.391%,"1,271,422,636"
TEN,Tsakos Energy Navigation Ltd Common Shares,$42.16,0.71,1.713%,"1,270,179,742"
GDRX,"GoodRx Holdings, Inc. Class A Common Stock",$3.72,-0.01,-0.268%,"1,269,060,843"
OPY,"Oppenheimer Holdings, Inc. Class A Common Stock (DE)",$118.26,1.92,1.65%,"1,266,328,671"
RMIX,"Suncrete, Inc. Class A Common Stock",$17.68,-0.79,-4.277%,"1,265,917,207"
EFOR,"Everforth, Inc. Common Stock",$30.86,-0.81,-2.558%,"1,265,260,000"
TWO,Two Harbors Investment Corp,$12.01,-0.03,-0.249%,"1,262,668,468"
BKSY,BlackSky Technology Inc. Class A Common Stock,$30.77,-0.15,-0.485%,"1,259,257,511"
LU,"Lufax Holding Ltd American Depositary Shares, each representing two (2) Ordinary Shares",$1.45,-0.05,-3.333%,"1,256,698,893"
OMER,Omeros Corporation Common Stock,$17.36,0.17,0.989%,"1,256,661,166"
HLF,Herbalife Ltd. Common Shares,$11.99,-0.34,-2.758%,"1,256,592,526"
WINA,Winmark Corporation Common Stock,$349.78,-1.23,-0.35%,"1,256,468,873"
CRVS,"Corvus Pharmaceuticals, Inc. Common Stock",$14.91,0.02,0.134%,"1,254,243,275"
MNKD,MannKind Corporation Common Stock,$3.90,0.05,1.299%,"1,254,008,484"
LADR,Ladder Capital Corp Class A Common Stock,$9.88,-0.10,-1.002%,"1,253,429,194"
YELP,Yelp Inc. Common Stock,$23.07,-1.63,-6.599%,"1,251,861,736"
MRTN,"Marten Transport, Ltd. Common Stock",$15.27,0.06,0.394%,"1,246,973,686"
TTI,"Tetra Technologies, Inc. Common Stock",$8.42,-0.13,-1.52%,"1,246,772,799"
MYE,"Myers Industries, Inc. Common Stock",$33.04,0.04,0.121%,"1,242,901,033"
IMTX,Immatics N.V. Ordinary Shares,$9.25,-0.19,-2.013%,"1,240,393,328"
APMD,"Apnimed, Inc. Common Stock",$32.55,0.80,2.52%,"1,236,888,282"
WLFC,Willis Lease Finance Corporation Common Stock,$58.43,1.50,2.635%,"1,235,450,406"
AIIR,Air Global PLC Ordinary Shares,$7.70,0.24,3.217%,"1,234,976,835"
NEWP,New Pacific Metals Corp. Common Shares,$6.66,-0.18,-2.632%,"1,232,565,234"
FBYD,"Falcon's Beyond Global, Inc. Class A Common Stock",$10.16,0.30,3.043%,"1,231,993,960"
NCZ,Virtus Convertible & Income Fund II Common Shares of Beneficial Interest,$16.07,-0.09,-0.557%,"1,223,180,086"
ASM,Avino Silver & Gold Mines Ltd. Common Shares (Canada),$7.20,0.18,2.564%,"1,222,957,951"
DOLE,Dole plc Ordinary Shares,$12.93,-0.37,-2.782%,"1,221,352,375"
RDWR,Radware Ltd. Ordinary Shares,$28.86,-0.48,-1.636%,"1,220,979,154"
NNNN,Anbio Biotechnology Class A Ordinary Shares,$8.485,-0.255,-2.918%,"1,220,916,832"
LTGO,"Latigo Biotherapeutics, Inc. Common Stock",$19.30,-0.19,-0.975%,"1,220,493,979"
CERT,"Certara, Inc. Common Stock",$8.00,UNCH,--,"1,220,310,240"
WAFDP,"WaFd, Inc. Depositary Shares",$16.46,-0.11,-0.664%,"1,217,961,617"
NPKI,NPK International Inc. Common Stock,$14.32,0.10,0.703%,"1,215,909,682"
CLBK,"Columbia Financial, Inc. Common Stock",$11.68,-0.11,-0.933%,"1,215,274,438"
ALVO,Alvotech Ordinary Shares,$3.88,-0.175,-4.316%,"1,211,154,276"
HFWA,Heritage Financial Corporation Common Stock,$29.60,-0.14,-0.471%,"1,211,100,517"
CLVT,Clarivate Plc Ordinary Shares,$1.89,-0.04,-2.073%,"1,208,964,966"
NHP,"National Healthcare Properties, Inc. Class A Common Stock",$16.57,0.18,1.098%,"1,208,033,795"
STAA,STAAR Surgical Company Common Stock,$24.09,-2.09,-7.983%,"1,207,968,575"
PRCT,PROCEPT BioRobotics Corporation Common Stock,$21.09,-0.56,-2.587%,"1,207,901,468"
BLZE,"Backblaze, Inc. Class A Common Stock",$19.39,0.37,1.945%,"1,200,241,000"
SID,Companhia Siderurgica Nacional S.A. Common Stock,$0.9001,0.0148,1.672%,"1,193,617,162"
TRIP,"TripAdvisor, Inc. Common Stock",$10.17,-0.57,-5.307%,"1,191,917,308"
TDOC,"Teladoc Health, Inc. Common Stock",$6.54,-0.27,-3.965%,"1,188,213,497"
UVE,UNIVERSAL INSURANCE HOLDINGS INC Common Stock,$42.69,-0.52,-1.203%,"1,188,077,855"
UVSP,Univest Financial Corporation Common Stock,$43.06,-0.10,-0.232%,"1,187,627,870"
IRS,IRSA Inversiones Y Representaciones S.A. Global Depositary Shares (Each representing ten shares of Common Stock),$14.64,-0.06,-0.408%,"1,187,006,984"
BRBR,"BellRing Brands, Inc. Common Stock ",$10.18,-0.57,-5.302%,"1,183,712,015"
CCO,"Clear Channel Outdoor Holdings, Inc. Common Stock",$2.32,-0.01,-0.429%,"1,181,097,720"
WYFI,"WhiteFiber, Inc. Ordinary Shares",$30.35,0.83,2.812%,"1,179,040,381"
SCCD,Sachem Capital Corp. 6.00% Notes due 2026,$24.90,0.01,0.04%,"1,178,822,971"
KYIVW,Kyivstar Group Ltd. Warrant,$5.10,UNCH,--,"1,177,404,482"
MMI,"Marcus & Millichap, Inc. Common Stock",$31.03,-0.55,-1.742%,"1,175,137,223"
MBINM,"Merchants Bancorp Depositary Shares, Each Representing a 1/40th Interest in a Share of 8.25% Fixed-Rate Reset Series D Non-Cumulative Perpetual Preferred Stock",$25.56,-0.07,-0.273%,"1,174,177,197"
DFIN,"Donnelley Financial Solutions, Inc. Common Stock ",$47.72,-1.27,-2.592%,"1,173,214,477"
PDM,"Piedmont Realty Trust, Inc. Class A Common Stock",$9.36,-0.12,-1.266%,"1,171,243,242"
USPH,"U.S. Physical Therapy, Inc. Common Stock",$78.48,-2.76,-3.397%,"1,171,133,339"
BVS,Bioventus Inc. Class A Common Stock,$13.88,-0.38,-2.665%,"1,167,195,294"
SPH,"Suburban Propane Partners, L.P. Common Stock",$17.49,-0.26,-1.465%,"1,166,799,649"
SCCG,Sachem Capital Corp. 8.00% Notes due 2027,$24.612,-0.038,-0.154%,"1,165,188,392"
IMPPP,Imperial Petroleum Inc. 8.75% Series A Cumulative Redeemable Perpetual Preferred Shares,$25.71,0.01,0.039%,"1,162,443,147"
SCCE,Sachem Capital Corp. 6.00% Notes due 2027,$24.53,-0.03,-0.122%,"1,161,306,325"
SCCF,Sachem Capital Corp. 7.125% Notes due 2027,$24.53,-0.03,-0.122%,"1,161,306,325"
DEA,"Easterly Government Properties, Inc. Common Stock",$24.53,-0.26,-1.049%,"1,160,799,265"
CRON,Cronos Group Inc. Common Share,$3.15,0.01,0.318%,"1,160,500,522"
LNN,Lindsay Corporation Common Stock,$114.04,-1.03,-0.895%,"1,159,659,645"
QNST,"QuinStreet, Inc. Common Stock",$20.175,-0.325,-1.585%,"1,158,960,340"
MCB,Metropolitan Bank Holding Corp. Common Stock,$93.34,-0.70,-0.744%,"1,157,208,599"
MUX,McEwen Inc. Common Stock,$18.85,0.05,0.266%,"1,156,608,969"
ASIC,Ategrity Specialty Insurance Company Holdings Common Stock,$24.09,-0.61,-2.47%,"1,154,559,696"
CRCT,"Cricut, Inc. Class A Common Stock",$5.51,-0.25,-4.34%,"1,154,038,732"
HZO,"MarineMax, Inc.  (FL) Common Stock",$52.25,0.23,0.442%,"1,154,032,479"
TNC,Tennant Company Common Stock,$67.57,-1.02,-1.487%,"1,152,021,404"
FSBC,Five Star Bancorp Common Stock,$46.86,0.11,0.235%,"1,149,785,732"
WBTN,WEBTOON Entertainment Inc. Common stock,$8.43,0.145,1.75%,"1,144,044,320"
AVO,"Mission Produce, Inc. Common Stock",$12.95,-0.11,-0.842%,"1,143,741,501"
LWLG,"Lightwave Logic, Inc. Common Stock",$7.42,-0.15,-1.982%,"1,143,606,328"
LAC,Lithium Americas Corp. Common Shares,$3.15,-0.23,-6.805%,"1,143,585,270"
GNK,Genco Shipping & Trading Limited Ordinary Shares New (Marshall Islands),$26.22,-0.12,-0.456%,"1,142,840,783"
GOODN,Gladstone Commercial Corporation 6.625% Series E Cumulative Redeemable Preferred Stock,$23.5998,-0.1502,-0.632%,"1,142,407,342"
MBINL,"Merchants Bancorp Depositary Shares, Each Representing a 1/40thInterest in a Share of 7.25% Fixed Rate Series E Non-CumulativePerpetual Preferred Stock, without par value",$24.85,-0.03,-0.121%,"1,141,561,164"
GO,Grocery Outlet Holding Corp. Common Stock,$11.49,0.36,3.235%,"1,138,480,813"
ECVT,Ecovyst Inc. Common Stock,$10.39,UNCH,--,"1,137,376,655"
AMTB,Amerant Bancorp Inc. Class A Common Stock,$29.02,-0.15,-0.514%,"1,137,289,679"
LMRI,"Lumexa Imaging Holdings, Inc. Common Stock",$11.81,-0.21,-1.747%,"1,134,645,467"
UPBD,"Upbound Group, Inc. Common Stock",$19.42,-0.20,-1.019%,"1,132,174,445"
OCSL,Oaktree Specialty Lending Corporation Common Stock,$12.85,-0.13,-1.002%,"1,131,898,971"
GPRE,Green Plains Inc. Common Stock,$16.14,0.55,3.528%,"1,131,338,594"
PDS,Precision Drilling Corporation Common Stock,$88.61,3.98,4.703%,"1,129,463,643"
NWPX,"NWPX Infrastructure, Inc. Common Stock",$117.04,0.88,0.758%,"1,127,938,122"
ASST,"Strive, Inc. Class A Common Stock",$13.20,0.885,7.186%,"1,127,833,120"
IRMD,iRadimed Corporation Common Stock,$88.02,1.07,1.231%,"1,125,510,948"
BRAI,Braiin Limited Common Stock,$5.46,-0.06,-1.087%,"1,125,241,725"
IGIC,International General Insurance Holdings Ltd. Ordinary Share,$26.24,-0.97,-3.565%,"1,124,179,748"
SIFY,Sify Technologies Limited American Depositary Shares,$15.50,-0.07,-0.45%,"1,122,736,533"
FUBO,FuboTV Inc. Class A Common Stock,$10.27,0.12,1.182%,"1,121,451,085"
LFMDP,"LifeMD, Inc. 8.875% Series A Cumulative Perpetual Preferred Stock",$23.25,-0.25,-1.064%,"1,120,669,460"
VMET,Versamet Royalties Corporation Common Stock,$10.32,0.19,1.876%,"1,120,638,387"
HQH,abrdn Healthcare Investors Shares of Beneficial Interest,$23.67,0.35,1.501%,"1,120,625,994"
TK,Teekay Corporation Ltd. Common Stock,$12.85,0.38,3.047%,"1,115,104,136"
VRTS,"Virtus Investment Partners, Inc. Common Stock",$168.14,-0.89,-0.527%,"1,113,539,097"
DLX,Deluxe Corporation Common Stock,$24.27,0.22,0.915%,"1,112,932,158"
IVA,Inventiva S.A. American Depository Shares,$4.70,0.10,2.174%,"1,110,516,949"
BST,BlackRock Science and Technology Trust Common Shares of Beneficial Interest,$50.08,0.26,0.522%,"1,109,664,126"
PSEC,Prospect Capital Corporation Common Stock,$2.21,-0.09,-3.913%,"1,107,226,913"
DEC,Diversified Energy Company Common Stock,$14.39,0.07,0.489%,"1,104,523,027"
UVV,Universal Corporation Common Stock,$44.32,-0.45,-1.005%,"1,103,535,070"
SVRA,Savara Inc. Common Stock,$5.37,-0.01,-0.186%,"1,103,320,281"
BTZ,BlackRock Credit Allocation Income Trust,$10.20,-0.02,-0.196%,"1,102,977,000"
BOW,Bowhead Specialty Holdings Inc. Common Stock,$33.45,-0.06,-0.179%,"1,101,943,517"
SANA,"Sana Biotechnology, Inc. Common Stock",$3.68,0.13,3.662%,"1,101,647,144"
GSBD,"Goldman Sachs BDC, Inc. Common Stock",$9.78,-0.07,-0.711%,"1,100,925,475"
ELVR,Elevra Lithium Limited American Depository Shares,$64.99,0.13,0.20%,"1,100,779,628"
DSL,DoubleLine Income Solutions Fund Common Shares of Beneficial Interests,$10.78,-0.06,-0.554%,"1,099,525,806"
CFFN,"Capitol Federal Financial, Inc. Common Stock",$8.72,-0.01,-0.115%,"1,096,089,028"
GTM,ZoomInfo Technologies Inc Common Stock,$3.76,-0.29,-7.16%,"1,094,573,773"
XIFR,"XPLR Infrastructure, LP Common Units representing limited partner interests",$11.61,-0.14,-1.191%,"1,094,507,150"
MSEX,Middlesex Water Company Common Stock,$58.02,-0.35,-0.60%,"1,093,325,747"
RDVT,"Red Violet, Inc. Common Stock ",$68.04,-1.74,-2.494%,"1,091,836,179"
INDI,"indie Semiconductor, Inc. Class A Common Stock",$4.71,UNCH,--,"1,091,819,839"
TUYA,"Tuya Inc. American Depositary Shares, each representing one Class A Ordinary Share",$1.78,-0.04,-2.198%,"1,091,649,265"
LOMA,Loma Negra Compania Industrial Argentina Sociedad Anonima ADS,$9.34,-0.10,-1.059%,"1,089,946,524"
NBN,Northeast Bank Common Stock,$134.01,-0.91,-0.674%,"1,089,501,300"
ASA,ASA  Gold and Precious Metals Limited,$59.63,1.03,1.758%,"1,086,276,311"
LAR,Lithium Argentina AG Common Shares,$6.60,-0.22,-3.226%,"1,083,060,000"
OBX,"Obsidian Therapeutics, Inc. Common Stock",$17.535,-0.235,-1.322%,"1,082,386,645"
BCX,BlackRock Resources Common Shares of Beneficial Interest,$12.75,0.10,0.791%,"1,081,939,628"
CMP,Compass Minerals Intl Inc Common Stock,$25.76,-0.61,-2.313%,"1,081,427,314"
ETW,Eaton Vance Corporation Eaton Vance Tax-Managed Global Buy-Write Opportunites Fund Common Shares of Beneficial Interest,$9.84,0.05,0.511%,"1,078,442,214"
HSLV,Highlander Silver Corp. Common Shares,$5.26,0.05,0.96%,"1,070,533,179"
RHLD,Resolute Holdings Management Common Stock ,$136.86,3.40,2.548%,"1,070,189,772"
AVTX,"Avalo Therapeutics, Inc. Common Stock",$19.95,0.36,1.838%,"1,069,918,281"
VYX,NCR Voyix Corporation Common Stock,$7.70,-0.46,-5.637%,"1,063,138,215"
HTFC,Horizon Technology Finance Corporation 6.25% Notes due 2027,$24.97,0.02,0.08%,"1,062,366,603"
SAFE,Safehold Inc. New Common Stock ,$14.98,-0.27,-1.77%,"1,060,827,874"
SBR,Sabine Royalty Trust Common Stock,$72.69,-0.21,-0.288%,"1,059,772,588"
EQBK,"Equity Bancshares, Inc. Class A Common Stock",$51.37,-0.27,-0.523%,"1,057,836,211"
TBN,Tamboran Resources Corporation Common stock,$37.35,0.54,1.467%,"1,057,711,251"
MBWM,Mercantile Bank Corporation Common Stock,$61.14,-0.42,-0.682%,"1,056,861,699"
TDAY,"USA TODAY Co., Inc. Common Stock",$7.17,0.13,1.847%,"1,052,684,637"
NNE,Nano Nuclear Energy Inc. Common Stock,$19.59,-0.07,-0.356%,"1,051,946,680"
BV,"BrightView Holdings, Inc. Common Stock",$11.35,-0.39,-3.322%,"1,051,010,000"
SCSC,"ScanSource, Inc. Common Stock",$51.71,-1.48,-2.782%,"1,050,981,395"
ITRN,Ituran Location and Control Ltd. Ordinary Shares,$52.83,-0.56,-1.049%,"1,050,977,831"
LUXE,"LuxExperience B.V. American Depositary Shares, each representing one Ordinary Share",$7.69,0.05,0.654%,"1,048,718,029"
SVC,Service Properties Trust Common Shares of Beneficial Interest,$8.09,-0.04,-0.492%,"1,047,731,758"
HBNC,"Horizon Bancorp, Inc. Common Stock",$20.36,-0.21,-1.021%,"1,045,374,407"
BFST,"Business First Bancshares, Inc. Common Stock",$32.11,-0.01,-0.031%,"1,045,176,743"
RZLV,Rezolve AI PLC Ordinary Shares,$2.61,-0.06,-2.247%,"1,045,022,509"
GLIBA,Liberty Capital Corporation Series A GCI Group Common Stock,$26.14,-0.94,-3.471%,"1,043,116,543"
EDN,Empresa Distribuidora Y Comercializadora Norte S.A. (Edenor) American Depositary Shares,$23.02,-0.12,-0.519%,"1,041,492,064"
LXRX,"Lexicon Pharmaceuticals, Inc. Common Stock",$2.34,0.02,0.862%,"1,041,196,886"
MCBS,"MetroCity Bankshares, Inc. Common Stock",$36.16,-0.08,-0.221%,"1,040,729,241"
DCBG,"Dime Commercial Bancshares, Inc. 9.000% Junior Subordinated Notes",$26.56,0.03,0.113%,"1,039,787,799"
PSUS,"Pershing Square USA, Ltd. Common Shares",$39.72,-0.54,-1.341%,"1,038,678,000"
BXBL,"BOXABL, Inc. Common stock",$4.30,-0.41,-8.705%,"1,038,421,375"
FTK,"Flotek Industries, Inc. Common Stock",$28.66,-7.17,-20.011%,"1,038,077,495"
AHG,Akso Health Group ADS,$1.21,-0.06,-4.724%,"1,036,612,054"
ATTO,"Attovia Therapeutics, Inc. Common Stock",$22.71,2.85,14.35%,"1,035,099,476"
PTA,Cohen & Steers Tax-Advantaged Preferred Securities and Income Fund Common Shares of Beneficial Interest,$18.71,-0.15,-0.795%,"1,034,166,380"
NPK,"National Presto Industries, Inc. Common Stock",$144.17,4.31,3.082%,"1,032,767,129"
CCNE,CNB Financial Corporation Common Stock,$34.85,-0.09,-0.258%,"1,032,287,842"
FINV,FinVolution Group American Depositary Shares,$4.37,-0.01,-0.228%,"1,031,730,789"
CRAI,"CRA International, Inc. Common Stock",$164.21,-4.12,-2.448%,"1,030,723,181"
SBGI,"Sinclair, Inc. Class A Common Stock",$14.25,-0.59,-3.976%,"1,030,532,355"
UPWK,Upwork Inc. Common Stock,$8.19,-0.295,-3.477%,"1,022,958,559"
KFRC,"Kforce, Inc. Common Stock",$57.06,-1.02,-1.756%,"1,021,887,540"
GLIBK,Liberty Capital Corporation Series C GCI Group Common Stock,$25.57,-1.13,-4.232%,"1,020,370,697"
REF,Reformation Inc. Common Stock,$16.00,0.45,2.894%,"1,018,558,192"
OI,"O-I Glass, Inc. Common Stock",$6.62,-0.17,-2.504%,"1,017,227,525"
HRTG,"Heritage Insurance Holdings, Inc. Common Stock",$34.17,0.21,0.618%,"1,015,956,655"
VPG,"Vishay Precision Group, Inc. Common Stock",$76.23,3.51,4.827%,"1,015,416,379"
OPK,"OPKO Health, Inc. Common Stock",$1.36,-0.02,-1.449%,"1,015,006,386"
GOODO,"Gladstone Commercial Corporation 6.00% Series G Cumulative Redeemable Preferred Stock, par value $0.001 per share",$20.92,0.04,0.192%,"1,012,684,921"
ARDX,"Ardelyx, Inc. Common Stock",$4.06,UNCH,--,"1,011,701,542"
FSCO,FS Credit Opportunities Corp. Common Stock,$5.10,-0.01,-0.196%,"1,011,615,090"
AEF,"abrdn Emerging Markets ex-China Fund, Inc. Common Stock",$9.42,-0.10,-1.05%,"1,011,354,750"
RXT,"Rackspace Technology, Inc. Common Stock",$3.95,-0.26,-6.176%,"1,006,747,758"
RNP,"Cohen & Steers REIT and Preferred and Income Fund, Inc. Common Shares",$20.45,-0.09,-0.438%,"1,004,884,943"
NBBK,"NB Bancorp, Inc. Common Stock",$22.91,-0.07,-0.305%,"1,003,881,606"
KURA,"Kura Oncology, Inc. Common Stock",$11.28,0.42,3.867%,"1,003,475,782"
CSIQ,Canadian Solar Inc. Common Shares (ON),$14.79,-0.35,-2.312%,"1,003,009,348"
WVE,"Wave Life Sciences, Inc. Common Stock",$5.09,-0.32,-5.915%,"1,002,975,211"
ODTX,"Odyssey Therapeutics, Inc. Common Stock",$20.86,0.13,0.627%,"1,002,500,873"
CLYM,"Climb Bio, Inc. Common Stock",$17.44,1.11,6.797%,"1,001,688,287"
CPAC,Cementos Pacasmayo S.A.A. American Depositary Shares (Each representing five Common Shares),$11.80,-0.06,-0.506%,"1,000,329,542"
RERE,ATRenew Inc. American Depositary Shares (every three of which representing two Class A ordinary shares),$4.56,0.01,0.22%,"999,848,382"
QDEL,QuidelOrtho Corporation Common Stock,$14.58,0.28,1.958%,"999,829,726"
HPK,"HighPeak Energy, Inc. Common Stock",$7.88,0.45,6.057%,"996,448,096"
ASTE,"Astec Industries, Inc. Common Stock",$43.25,-0.03,-0.069%,"995,847,123"
JANX,"Janux Therapeutics, Inc. Common Stock",$16.26,0.14,0.868%,"994,083,929"
HTLD,"Heartland Express, Inc. Common Stock",$12.82,0.03,0.235%,"991,404,073"
EVLV,"Evolv Technologies Holdings, Inc. Class A Common Stock",$5.47,-0.33,-5.69%,"990,760,019"
ACEL,"Accel Entertainment, Inc. ",$12.19,-0.23,-1.852%,"989,748,460"
KOPN,Kopin Corporation Common Stock,$5.32,-0.18,-3.273%,"988,842,306"
CPF,Central Pacific Financial Corp New,$38.40,-0.30,-0.775%,"988,701,389"
CAC,Camden National Corporation Common Stock,$58.38,-0.39,-0.664%,"986,449,721"
UTL,UNITIL Corporation Common Stock,$54.06,-0.50,-0.916%,"985,874,596"
BBDC,"Barings BDC, Inc. Common Stock",$9.39,0.08,0.859%,"983,197,641"
GERN,Geron Corporation Common Stock,$1.53,0.06,4.082%,"982,984,316"
CIM,Chimera Investment Corporation Common Stock,$11.74,-0.06,-0.508%,"982,776,743"
QMCO,Quantum Corporation Common Stock,$24.92,-1.19,-4.558%,"982,097,225"
TBLA,Taboola.com Ltd. Ordinary Shares,$3.89,-0.16,-3.951%,"980,730,283"
JBSS,"John B. Sanfilippo & Son, Inc. Common Stock",$83.79,-0.96,-1.133%,"979,469,489"
HEPS,D-Market Electronic Services & Trading American Depositary Shares,$2.74,-0.05,-1.792%,"978,797,048"
KODK,Eastman Kodak Company Common New,$9.97,-0.03,-0.30%,"976,063,000"
SLDB,Solid Biosciences Inc. Common Stock,$9.10,-0.10,-1.087%,"975,749,666"
SBSI,"Southside Bancshares, Inc. Common Stock",$32.72,-0.36,-1.088%,"975,317,106"
NXDR,"Nextdoor Holdings, Inc. Class A Common Stock",$2.52,-0.06,-2.326%,"974,857,973"
PDX,PIMCO Dynamic Income Strategy Fund Common Shares of Beneficial Interest,$21.78,-0.11,-0.503%,"973,718,460"
ANNX,"Annexon, Inc. Common Stock",$5.13,-0.16,-3.025%,"972,540,957"
AGBK,AGI Inc Class A Common Shares,$6.08,-0.06,-0.977%,"972,374,826"
ANL,Adlai Nortye Ltd. American Depositary Shares,$13.34,0.09,0.679%,"971,945,423"
FET,"Forum Energy Technologies, Inc. Common Stock",$86.31,0.95,1.113%,"970,667,721"
THFF,First Financial Corporation Common Stock,$81.61,-0.45,-0.548%,"970,497,633"
FRBT,"Forbright, Inc. Class A Common Stock",$19.11,-0.23,-1.189%,"970,107,302"
DJTWW,Trump Media & Technology Group Corp. Warrants,$3.49,0.02,0.576%,"970,015,046"
PXED,"Phoenix Education Partners, Inc. Common Stock",$26.89,-0.30,-1.103%,"969,313,941"
PLOW,"Douglas Dynamics, Inc. Common Stock",$41.98,-0.30,-0.71%,"968,774,391"
MPB,Mid Penn Bancorp Common Stock,$38.185,-0.245,-0.638%,"967,425,185"
TRST,TrustCo Bank Corp NY Common Stock,$56.80,-0.55,-0.959%,"967,175,632"
CRML,Critical Metals Corp. Ordinary Shares,$6.57,-0.09,-1.351%,"965,059,107"
FMN,Federated Hermes Premier Municipal Income Fund,$11.18,-0.01,-0.089%,"964,329,223"
DQ,"DAQO New Energy Corp. American Depositary Shares, each representing five ordinary shares",$14.24,-0.40,-2.732%,"963,565,791"
DAKT,"Daktronics, Inc. Common Stock",$19.94,-0.47,-2.303%,"963,218,170"
AEBI,Aebi Schmidt Holding AG Common Stock ,$12.40,-0.31,-2.439%,"962,232,362"
ACDC,ProFrac Holding Corp. Class A Common Stock,$5.28,-0.09,-1.676%,"961,608,183"
SMPL,The Simply Good Foods Company Common Stock,$10.84,-0.47,-4.156%,"958,912,308"
PSF,"Cohen & Steers Select Preferred and Income Fund, Inc. Common Stock",$19.48,-0.03,-0.154%,"957,220,473"
ALOY,REalloys Inc. Common Stock,$13.855,-0.865,-5.876%,"955,823,780"
FMNB,Farmers National Banc Corp. Common Stock,$16.12,-0.19,-1.165%,"955,070,861"
HAFC,Hanmi Financial Corporation Common Stock,$32.20,-0.24,-0.74%,"954,706,011"
KRT,Karat Packaging Inc. Common Stock,$47.80,-0.11,-0.23%,"952,736,264"
NX,Quanex Building Products Corporation Common Stock,$20.74,-0.21,-1.002%,"952,545,994"
INMD,InMode Ltd. Ordinary Shares,$15.02,-0.13,-0.858%,"951,648,425"
RJET,Republic Airways Holdings Inc. Common Stock,$20.22,-0.11,-0.541%,"946,690,290"
DSGN,"Design Therapeutics, Inc. Common Stock",$15.10,0.27,1.821%,"944,982,930"
OLMA,"Olema Pharmaceuticals, Inc. Common Stock",$10.77,0.14,1.317%,"942,349,227"
RPC,"Ridgepost Capital, Inc. Class A Common Stock",$8.53,-0.14,-1.615%,"940,333,893"
AOSL,Alpha and Omega Semiconductor Limited Common Shares,$31.07,0.30,0.975%,"939,960,710"
SIGIP,"Selective Insurance Group, Inc. Depositary Shares, each representing a 1/1,000th interest in a share of 4.60% Non-Cumulative Preferred Stock, Series B",$15.75,-0.02,-0.127%,"938,213,624"
AIZN,"Assurant, Inc. 5.25% Subordinated Notes due 2061",$18.58,0.01,0.054%,"937,532,140"
CBLL,"CeriBell, Inc. Common Stock",$24.40,1.07,4.586%,"936,425,664"
BUR,Burford Capital Limited Ordinary Shares,$4.27,-0.10,-2.288%,"934,325,494"
LANDO,Gladstone Land Corporation 6.00% Series B Cumulative Redeemable Preferred Stock,$21.65,0.1213,0.563%,"933,906,805"
RSKD,Riskified Ltd. Class A Ordinary Shares,$6.30,-0.24,-3.67%,"933,692,231"
HMH,HMH Holding Inc. Class A Common Stock,$21.25,0.80,3.912%,"933,603,386"
ABR,Arbor Realty Trust Common Stock,$5.00,-0.09,-1.768%,"932,790,215"
MNTN,"MNTN, Inc. Class A Common Stock",$12.46,-0.06,-0.479%,"932,047,411"
ABUS,Arbutus Biopharma Corporation Common Stock,$4.71,0.04,0.857%,"931,863,303"
LZ,"LegalZoom.com, Inc. Common Stock",$5.44,-0.18,-3.203%,"931,680,577"
KRO,Kronos Worldwide Inc Common Stock,$8.09,-0.38,-4.486%,"931,138,904"
CADL,"Candel Therapeutics, Inc. Common Stock",$12.16,0.44,3.754%,"930,465,750"
FCBC,"First Community Bankshares, Inc. (VA) Common Stock",$49.18,-0.34,-0.687%,"930,009,980"
MTA,Metalla Royalty & Streaming Ltd. Common Shares,$9.95,0.20,2.051%,"929,755,482"
LPTH,"LightPath Technologies, Inc. Class A Common Stock",$14.80,-0.37,-2.439%,"929,283,224"
EVEX,"Eve Holding, Inc. Common Stock",$2.66,-0.07,-2.564%,"926,973,646"
PCRX,"Pacira BioSciences, Inc. Common Stock",$23.24,0.24,1.043%,"926,390,231"
AIO,Virtus Artificial Intelligence & Technology Opportunities Fund Common Shares of Beneficial Interest,$26.95,0.38,1.43%,"925,489,195"
GAINZ,Gladstone Investment Corporation 4.875% Notes due 2028,$24.19,0.05,0.207%,"924,523,174"
MCS,Marcus Corporation (The) Common Stock,$29.95,-0.05,-0.167%,"923,423,162"
TROX,Tronox Holdings plc Ordinary Shares (UK),$5.78,-0.18,-3.02%,"923,066,168"
CEVA,"CEVA, Inc. Common Stock",$32.71,-0.57,-1.713%,"920,919,695"
MFA,"MFA Financial, Inc.",$9.11,-0.05,-0.546%,"920,911,115"
CAPL,CrossAmerica Partners LP Common Units representing limited partner interests,$24.07,0.47,1.992%,"918,830,248"
DGICB,"Donegal Group, Inc. Class B Common Stock",$24.74,0.64,2.656%,"918,331,037"
BANFP,BancFirst Corporation - BFC Capital Trust II Cumulative Trust Preferred Securities,$27.3258,0.0558,0.205%,"918,112,586"
AVR,Anteris Technologies Global Corp. Common Stock,$9.42,0.02,0.213%,"918,058,825"
CSR,D/B/A Centerspace Common Stock,$54.64,-1.20,-2.149%,"917,632,411"
HDL,SUPER HI INTERNATIONAL HOLDING LTD. American Depositary Shares,$14.10,0.30,2.174%,"916,921,590"
LANDP,Gladstone Land Corporation 6.00% Series C Cumulative Redeemable Preferred Stock,$21.252,-0.025,-0.117%,"916,738,449"
MBINN,Merchants Bancorp Depositary Shares Preferred Series C,$19.94,-0.06,-0.30%,"916,005,216"
LUCK,Lucky Strike Entertainment Corporation Class A Common Stock,$6.70,-0.26,-3.736%,"915,368,660"
BLMN,"Bloomin' Brands, Inc. Common Stock",$10.69,0.14,1.327%,"915,287,603"
CSTL,"Castle Biosciences, Inc. Common Stock",$29.95,0.33,1.114%,"914,957,735"
COLL,"Collegium Pharmaceutical, Inc. Common Stock",$28.07,-0.16,-0.567%,"913,836,057"
MTUS,Metallus Inc. Common Shares,$22.03,0.22,1.009%,"913,127,727"
PSIX,"Power Solutions International, Inc. Common Stock",$39.50,-1.04,-2.565%,"911,085,275"
LINC,Lincoln Educational Services Corporation Common Stock,$28.72,-1.22,-4.075%,"911,040,877"
BH,Biglari Holdings Inc. Class B Common Stock,$391.30,6.27,1.628%,"910,379,015"
CODI,D/B/A Compass Diversified Holdings Shares of Beneficial Interest,$12.10,-0.61,-4.799%,"910,355,189"
RWAYL,Runway Growth Finance Corp. 7.50% Notes due 2027,$25.12,0.01,0.04%,"909,761,796"
ADAM,"Adamas Trust, Inc. Common Stock",$10.12,UNCH,--,"909,583,434"
LYTS,LSI Industries Inc. Common Stock,$24.75,-0.11,-0.442%,"908,631,999"
BHFAL,"Brighthouse Financial, Inc. 6.25% Junior Subordinated Debentures due 2058",$15.77,-0.02,-0.127%,"906,957,349"
HQ,Horizon Quantum Holdings Ltd. Class A Ordinary Shares,$16.80,-0.19,-1.118%,"906,730,944"
NAK,"Northern Dynasty Minerals, Ltd. Common Stock",$1.61,-0.01,-0.617%,"905,015,876"
PD,"PagerDuty, Inc. Common Stock",$11.70,-0.20,-1.681%,"902,334,011"
ADSE,ADS-TEC ENERGY PLC Ordinary Shares,$12.00,0.31,2.652%,"901,556,760"
CVLG,"Covenant Logistics Group, Inc. Class A Common Stock",$35.44,0.54,1.547%,"899,388,452"
KOP,Koppers Holdings Inc. Common Stock,$47.45,0.31,0.658%,"897,353,902"
TCBIO,"Texas Capital Bancshares, Inc. Depositary Shares 5.75% Fixed Rate Non-Cumulative Perpetual Preferred Stock Series B",$20.565,0.025,0.122%,"894,050,398"
IMC,IMC Rare Earths Ltd Ordinary Shares,$8.50,0.40,4.938%,"893,350,000"
SATL,Satellogic Inc. Class A Common Stock,$5.81,0.01,0.172%,"893,228,883"
WGO,"Winnebago Industries, Inc. Common Stock",$31.58,0.03,0.095%,"892,731,641"
ABX,"Abacus Global Management, Inc. Class A Common Stock",$9.12,-0.15,-1.618%,"891,865,311"
RUMBW,RUM Group Inc. Warrant,$1.795,0.135,8.133%,"889,979,298"
CCBG,Capital City Bank Group Common Stock,$51.97,-0.52,-0.991%,"889,378,045"
SMBK,"SmartFinancial, Inc. Common Stock",$51.97,-0.81,-1.535%,"888,607,642"
ENRD,Einride AB American Depositary Shares,$6.16,0.06,0.984%,"888,059,308"
AMPH,"Amphastar Pharmaceuticals, Inc. Common Stock",$20.86,-0.05,-0.239%,"887,341,512"
WRLD,World Acceptance Corporation Common Stock,$190.00,-4.75,-2.439%,"886,004,200"
BZH,"Beazer Homes USA, Inc. Common Stock",$33.17,0.07,0.211%,"884,963,095"
VLRS,"Controladora Vuela Compania de Aviacion, S.A.B. de C.V. American Depositary Shares, each representing ten (10) Ordinary Participation Certificates",$7.60,-0.28,-3.553%,"883,089,000"
APOG,"Apogee Enterprises, Inc. Common Stock",$42.18,-0.40,-0.939%,"880,224,641"
SECZ,Securitize Corp. Common Stock,$5.39,-0.22,-3.922%,"880,002,042"
KBDC,"Kayne Anderson BDC, Inc. Common Stock",$13.32,-0.18,-1.333%,"879,623,629"
ANGX,"Angel Studios, Inc. Class A Common Stock",$4.71,0.34,7.78%,"879,622,262"
TBPH,"Theravance Biopharma, Inc. Ordinary Shares",$16.92,-0.05,-0.295%,"878,465,318"
INR,"Infinity Natural Resources, Inc. Class A Common Stock",$13.85,-0.23,-1.634%,"878,398,273"
TRNS,"Transcat, Inc. Common Stock",$93.84,0.14,0.149%,"878,324,852"
GSBC,"Great Southern Bancorp, Inc. Common Stock",$80.39,-1.20,-1.471%,"876,050,588"
ARI,"Apollo Commercial Real Estate Finance, Inc",$6.83,UNCH,--,"875,688,595"
CRTO,Criteo S.A. Ordinary Shares,$17.82,-1.18,-6.211%,"873,136,501"
WOOF,"Petco Health and Wellness Company, Inc. Class A Common Stock",$2.70,-0.12,-4.255%,"873,061,292"
ACRS,"Aclaris Therapeutics, Inc. Common Stock",$5.92,0.14,2.422%,"871,417,447"
TALK,"Talkspace, Inc. Common Stock",$5.25,UNCH,--,"870,575,034"
JKS,JinkoSolar Holding Company Limited American Depositary Shares (each representing 4 Common Shares),$16.62,-0.13,-0.776%,"870,392,525"
SABR,Sabre Corporation Common Stock,$2.155,-0.075,-3.363%,"869,721,826"
DBVT,DBV Technologies S.A. American Depositary Shares,$14.67,0.65,4.636%,"868,644,426"
SMP,"Standard Motor Products, Inc. Common Stock",$38.76,-0.18,-0.462%,"865,909,757"
TIGR,UP Fintech Holding Ltd American Depositary Share representing fifteen Class A Ordinary Shares,$4.84,0.24,5.217%,"864,911,199"
FEIM,"Frequency Electronics, Inc. Common Stock",$78.84,0.11,0.14%,"863,757,164"
FOXF,Fox Factory Holding Corp. Common Stock,$20.55,-0.47,-2.236%,"863,737,071"
EIG,Employers Holdings Inc Common Stock,$48.09,-0.64,-1.313%,"863,720,734"
SGP,"SpyGlass Pharma, Inc. Common Stock",$25.78,-0.42,-1.603%,"862,288,899"
PLTK,Playtika Holding Corp. Common Stock,$2.26,-0.25,-9.96%,"862,005,100"
MAKO,Mako Mining Corp Common Stock,$9.84,-0.28,-2.767%,"861,636,126"
HIPO,Hippo Holdings Inc. Common Stock,$32.64,-0.40,-1.211%,"861,349,396"
OGG,Osisko Gold Group Inc. Common Shares,$2.81,-0.05,-1.748%,"859,404,322"
NAVI,Navient Corporation Common Stock,$9.16,-0.01,-0.109%,"859,059,864"
SPFI,"South Plains Financial, Inc. Common Stock",$45.35,-0.21,-0.461%,"854,353,412"
IBCP,Independent Bank Corporation Common Stock,$38.38,0.07,0.183%,"852,008,942"
JBGS,JBG SMITH Properties Common Shares ,$11.39,-0.09,-0.784%,"849,904,123"
GILT,Gilat Satellite Networks Ltd. Ordinary Shares,$11.24,-0.27,-2.346%,"848,293,456"
BFS,"Saul Centers, Inc. Common Stock",$34.27,-0.53,-1.523%,"847,055,051"
FTH,"Faeth Therapeutics, Inc. Common Stock",$32.77,0.43,1.33%,"846,790,727"
ORRF,"Orrstown Financial Services, Inc. Common Stock",$43.03,-0.31,-0.715%,"846,384,007"
MOMO,Hello Group Inc. American Depositary Shares,$5.72,-0.03,-0.522%,"845,115,134"
MTAL,Metals Acquisition Corp. II Class A Ordinary Shares,$10.21,0.03,0.295%,"841,937,367"
UAMY,United States Antimony Corporation Common Stock,$5.62,0.11,1.996%,"841,141,938"
SMBC,"Southern Missouri Bancorp, Inc. Common Stock",$76.35,-0.41,-0.534%,"841,043,503"
PMT,PennyMac Mortgage Investment Trust Common Shares of Beneficial Interest,$9.62,0.17,1.799%,"838,886,722"
SWIM,"Latham Group, Inc. Common Stock",$7.13,-0.19,-2.596%,"838,816,593"
DSP,Viant Technology Inc. Class A Common Stock,$12.61,-0.40,-3.075%,"838,247,707"
SIBN,"SI-BONE, Inc. Common Stock",$18.69,-0.24,-1.268%,"837,659,167"
MITK,"Mitek Systems, Inc. Common Stock",$18.53,-0.90,-4.632%,"836,117,590"
ALRS,Alerus Financial Corporation Common Stock,$33.49,-0.18,-0.535%,"834,009,441"
RPD,"Rapid7, Inc. Common Stock",$12.37,-0.63,-4.846%,"833,745,917"
EVER,"EverQuote, Inc. Class A Common Stock",$23.65,-0.77,-3.153%,"833,420,111"
IPX,IperionX Limited American Depositary Share,$24.55,0.98,4.158%,"833,187,892"
IBTA,"Ibotta, Inc. Class A Common Stock",$35.94,-2.90,-7.467%,"832,715,927"
PHAR,"Pharming Group N.V. ADS, each representing 10 ordinary shares",$11.79,0.07,0.597%,"832,671,462"
KDK,"Kodiak AI, Inc. Common Stock ",$4.15,-0.01,-0.24%,"832,565,406"
KELYB,"Kelly Services, Inc. Class B Common Stock",$23.94,UNCH,--,"831,482,715"
SB,"Safe Bulkers, Inc Common Stock ($0.001 par value)",$8.10,0.35,4.516%,"828,182,734"
PGC,Peapack-Gladstone Financial Corporation Common Stock,$46.71,0.03,0.064%,"828,072,638"
GOOS,Canada Goose Holdings Inc. Subordinate Voting Shares,$8.46,-0.28,-3.204%,"826,217,982"
GRPN,"Groupon, Inc. Common Stock",$20.30,-1.21,-5.625%,"825,505,509"
DC,Dakota Gold Corp. Common Stock,$6.13,-0.10,-1.605%,"822,480,435"
REPX,"Riley Exploration Permian, Inc. Common Stock",$37.10,0.97,2.685%,"821,905,424"
CTO,"CTO Realty Growth, Inc. Common Stock",$21.91,-0.09,-0.409%,"821,306,297"
DJCO,Daily Journal Corp. (S.C.) Common Stock,$595.97,-7.36,-1.22%,"821,218,053"
HIVE,HIVE Digital Technologies Ltd. Common Shares,$3.07,0.38,14.126%,"821,012,620"
EVC,Entravision Communications Corporation Common Stock,$8.89,-0.12,-1.332%,"820,443,031"
KRNT,Kornit Digital Ltd. Ordinary Shares,$17.70,-0.34,-1.885%,"820,226,443"
HSTM,"HealthStream, Inc. Common Stock",$28.02,-0.885,-3.062%,"819,303,539"
FISI,"Financial Institutions, Inc. Common Stock",$41.56,-0.19,-0.455%,"818,996,322"
JMIA,"Jumia Technologies AG American Depositary Shares, each representing two Ordinary Shares",$6.33,0.10,1.605%,"817,183,111"
PKE,Park Aerospace Corp. Common Stock,$37.49,-0.71,-1.859%,"815,452,900"
GROY,Gold Royalty Corp. Common Shares,$3.20,0.06,1.911%,"814,215,539"
IMMX,"Immix Biopharma, Inc. Common Stock",$11.34,0.37,3.373%,"811,255,821"
APEI,"American Public Education, Inc. Common Stock",$44.31,-0.92,-2.034%,"810,941,370"
YALA,"Yalla Group Limited American Depositary Shares, each representing one Class A Ordinary Share",$5.34,-0.14,-2.555%,"810,766,791"
WEST,Westrock Coffee Company Common Stock,$8.30,-0.13,-1.542%,"810,307,312"
IVR,INVESCO MORTGAGE CAPITAL INC Common Stock,$7.52,0.04,0.535%,"809,455,936"
SCZM,Santacruz Silver Mining Ltd. Common Shares,$8.75,-0.10,-1.13%,"809,293,616"
GFR,Greenfire Resources Ltd. Common Shares,$6.45,-0.49,-7.061%,"809,014,012"
TMS,Teamshares Inc. Common Stock,$8.94,-0.19,-2.081%,"808,025,012"
SXC,"SunCoke Energy, Inc. Common Stock",$9.51,0.15,1.603%,"807,159,824"
FDMT,"4D Molecular Therapeutics, Inc. Common Stock",$14.545,2.355,19.319%,"803,527,049"
ESRT,"Empire State Realty Trust, Inc. Class A Common Stock",$4.66,-0.09,-1.895%,"802,291,896"
GSM,Ferroglobe PLC Ordinary Shares,$4.29,-0.10,-2.278%,"801,631,618"
BAK,Braskem SA ADR,$2.01,0.06,3.077%,"801,193,873"
MFIC,MidCap Financial Investment Corporation Common Stock,$9.70,-0.05,-0.513%,"799,014,492"
HTB,"HomeTrust Bancshares, Inc. Common Stock",$47.80,-2.18,-4.362%,"797,934,004"
BHFAO,"Brighthouse Financial, Inc. Depositary Shares 6.75% Non-Cumulative Preferred Stock, Series B",$13.87,-0.14,-0.999%,"797,685,379"
AURA,"Aura Biosciences, Inc. Common Stock",$7.68,-0.01,-0.13%,"796,452,933"
RIGL,"Rigel Pharmaceuticals, Inc. Common Stock",$42.45,-0.13,-0.305%,"792,960,227"
AHCO,AdaptHealth Corp. Common Stock,$5.81,UNCH,--,"792,159,779"
BBNX,"Beta Bionics, Inc. Common Stock",$17.56,-0.01,-0.057%,"790,018,921"
SHBI,Shore Bancshares Inc Common Stock,$23.64,-0.33,-1.377%,"788,920,605"
ENVX,Enovix Corporation Common Stock,$3.595,-0.795,-18.109%,"788,917,483"
SKYH,Sky Harbour Group Corporation Class A Common Stock,$10.28,0.02,0.195%,"787,619,995"
MOV,Movado Group Inc. Common Stock,$35.43,-0.70,-1.937%,"787,510,865"
SCHL,Scholastic Corporation Common Stock,$41.48,0.05,0.121%,"786,658,411"
PUBM,"PubMatic, Inc. Class A Common Stock",$17.27,-0.32,-1.819%,"786,649,553"
BLDP,"Ballard Power Systems, Inc. Common Shares",$2.60,-0.10,-3.704%,"783,916,884"
BCSF,"Bain Capital Specialty Finance, Inc. Common Stock",$12.06,-0.49,-3.904%,"782,314,194"
MNPR,Monopar Therapeutics Inc. Common Stock,$116.49,3.45,3.052%,"781,900,916"
DRUG,Bright Minds Biosciences Inc. Common Stock,$79.48,3.04,3.977%,"779,862,608"
MAX,"MediaAlpha, Inc. Class A Common Stock",$12.69,-0.48,-3.645%,"777,439,881"
VREX,Varex Imaging Corporation Common Stock,$18.46,-0.03,-0.162%,"777,166,000"
BHFAP,"Brighthouse Financial, Inc. Depositary Shares 6.6% Non-Cumulative Preferred Stock, Series A",$13.5099,-0.15,-1.098%,"776,975,465"
CYRX,"CryoPort, Inc. Common Stock",$15.32,0.07,0.459%,"775,944,212"
METC,"Ramaco Resources, Inc. Class A Common Stock",$12.23,-0.02,-0.163%,"775,238,163"
CGBD,"Carlyle Secured Lending, Inc. Common Stock",$11.26,-0.09,-0.793%,"774,739,582"
OBE,Obsidian Energy Ltd. Common Shares,$11.57,0.90,8.435%,"772,014,845"
ACHV,"Achieve Life Sciences, Inc. Common Shares",$7.50,-0.09,-1.186%,"771,768,675"
SOC,Sable Offshore Corp. Common Stock,$4.02,-0.13,-3.133%,"771,315,679"
ROOT,"Root, Inc. Class A Common Stock",$49.70,-1.75,-3.401%,"770,014,624"
HTZ,"Hertz Global Holdings, Inc Common Stock",$2.16,-0.08,-3.571%,"769,935,009"
TXO,"TXO Partners, L.P. Common Units Representing Limited Partner Interests",$13.85,0.04,0.29%,"767,932,737"
PAR,PAR Technology Corporation Common Stock,$18.55,-0.50,-2.625%,"767,278,233"
WASH,"Washington Trust Bancorp, Inc. Common Stock",$40.22,0.03,0.075%,"767,169,191"
ARRY,"Array Technologies, Inc. Common Stock",$4.98,-0.07,-1.386%,"766,958,306"
GDOT,"Green Dot Corporation Class A Common Stock, $0.001 par value",$13.45,-0.08,-0.591%,"766,450,658"
HOV,"Hovnanian Enterprises, Inc. Class A Common Stock",$130.69,-3.36,-2.507%,"765,790,732"
PZZA,"Papa John's International, Inc. Common Stock",$23.23,-1.03,-4.246%,"764,770,789"
HSHP,Himalaya Shipping Ltd. Common Shares,$16.34,0.23,1.428%,"763,895,000"
WLKP,Westlake Chemical Partners LP Common Units representing limited partner interests,$21.66,-0.04,-0.184%,"763,425,739"
HNRG,Hallador Energy Company Common Stock,$16.19,0.03,0.186%,"763,250,950"
RILYN,"BRC Group Holdings, Inc. 6.50% Senior Notes Due 2026",$25.01,0.005,0.02%,"762,731,621"
OCS,Oculis Holding AG Ordinary shares,$13.14,0.20,1.546%,"761,915,515"
SSYS,"Stratasys, Ltd. Ordinary Shares (Israel)",$8.84,-0.16,-1.778%,"761,765,245"
PRAA,"PRA Group, Inc. Common Stock",$20.23,-0.37,-1.796%,"761,619,161"
GLAS,Glass House Brands Inc. Subordinate Voting Shares,$9.69,0.28,2.976%,"761,426,256"
TCBX,"Third Coast Bancshares, Inc. Common Stock",$45.66,-0.47,-1.019%,"760,465,930"
FWRG,"First Watch Restaurant Group, Inc. Common Stock",$12.31,-0.41,-3.223%,"759,680,075"
GYRE,"Gyre Therapeutics, Inc. Common Stock",$6.81,0.13,1.946%,"759,382,072"
BBSI,"Barrett Business Services, Inc. Common Stock",$31.33,-0.91,-2.823%,"759,288,189"
FPH,"Five Point Holdings, LLC Class A Common Shares",$5.12,-0.04,-0.775%,"757,143,880"
LXU,"LSB Industries, Inc. Common Stock",$10.50,0.27,2.639%,"755,973,792"
SSII,SS Innovations International Inc. Common Stock,$3.76,-0.13,-3.342%,"753,449,236"
CTMX,"CytomX Therapeutics, Inc. Common Stock",$3.45,0.09,2.679%,"751,752,530"
RILYG,"BRC Group Holdings, Inc. 5.00% Senior Notes due 2026",$24.63,-0.02,-0.081%,"751,142,736"
PHAT,"Phathom Pharmaceuticals, Inc. Common Stock",$9.28,-0.30,-3.132%,"750,760,668"
MITN,"TPG Mortgage Investment Trust, Inc. 9.500% Senior Notes due 2029",$25.45,0.1414,0.559%,"750,596,443"
CRESY,Cresud S.A.C.I.F. y A. American Depositary Shares,$10.58,0.01,0.095%,"750,388,574"
HPP,"Hudson Pacific Properties, Inc. Common Stock",$13.80,-0.10,-0.719%,"748,908,626"
CCB,Coastal Financial Corporation Common Stock,$48.94,-3.53,-6.728%,"748,112,843"
RGNX,REGENXBIO Inc. Common Stock,$11.33,0.565,5.248%,"747,929,465"
GMRS,GMR Solutions Inc. Class A Common Stock,$13.84,0.53,3.982%,"747,660,480"
SMWB,Similarweb Ltd. Ordinary Shares,$8.56,-0.33,-3.712%,"744,432,829"
MITP,"TPG Mortgage Investment Trust, Inc. 9.500% Senior Notes due 2029",$25.23,0.01,0.04%,"744,107,986"
NIE,Virtus Equity & Convertible Income Fund Common Shares of Beneficial Interest,$26.78,-0.02,-0.075%,"742,046,083"
CCNEP,"CNB Financial Corporation Depositary Shares, each representing a 1/40th ownership interest in a share of 7.125% Series A Fixed-Rate Non-Cumulative Perpetual Preferred Stock",$25.04,0.0601,0.241%,"741,706,960"
STTK,"Shattuck Labs, Inc. Common Stock",$7.39,-0.03,-0.404%,"741,684,440"
FDUS,Fidus Investment Corporation Common Stock,$19.48,-0.11,-0.562%,"739,351,011"
ASC,Ardmore Shipping Corporation Common Stock,$18.07,0.46,2.612%,"737,303,235"
BWMN,Bowman Consulting Group Ltd. Common Stock,$42.37,0.07,0.165%,"734,505,643"
NGNE,Neurogene Inc. Common Stock ,$36.68,0.54,1.494%,"734,017,492"
PAYS,"Paysign, Inc. Common Stock",$13.00,-0.17,-1.291%,"734,008,028"
CASS,"Cass Information Systems, Inc Common Stock",$57.26,-1.15,-1.969%,"733,280,092"
OFRM,"Once Upon a Farm, PBC Common Stock",$17.44,-0.03,-0.172%,"732,316,988"
IQMXW,IQM Quantum Computers Oyj Warrants to purchase American Depositary Shares,$2.78,0.16,6.107%,"731,760,540"
HYLN,Hyliion Holdings Corp. Class A Common Stock,$4.09,0.03,0.739%,"730,462,622"
SUPV,Grupo Supervielle S.A. American Depositary Shares each Representing five Class B shares,$7.98,-0.07,-0.87%,"728,928,823"
MTW,"Manitowoc Company, Inc. (The) Common Stock",$20.19,-0.49,-2.369%,"728,091,154"
BBOT,"BridgeBio Oncology Therapeutics, Inc. Common Stock  ",$9.04,-0.02,-0.221%,"724,775,374"
IRWD,"Ironwood Pharmaceuticals, Inc. Class A Common Stock",$4.36,0.05,1.16%,"720,446,169"
PFLT,PennantPark Floating Rate Capital Ltd. Common Stock,$7.26,-0.10,-1.359%,"720,321,925"
AROW,Arrow Financial Corporation Common Stock,$38.86,-0.39,-0.994%,"719,831,876"
WHK,WhiteHawk Minerals Corp Class A Common Stock,$26.13,-0.02,-0.076%,"719,762,609"
ALLO,"Allogene Therapeutics, Inc. Common Stock",$2.08,0.03,1.463%,"718,621,032"
GEGGL,"Great Elm Group, Inc.  7.25% Notes due 2027",$24.7583,0.0083,0.034%,"717,911,152"
MATW,Matthews International Corporation Class A Common Stock,$23.00,-0.25,-1.075%,"717,902,979"
NEWTP,"NewtekOne, Inc. Depositary Shares, Non-Cumulative Perpetual Preferred Stock, Series B",$24.8501,-0.4699,-1.856%,"717,788,454"
HELP,Cybin Inc. Common Stock,$11.57,-0.42,-3.503%,"717,155,782"
THM,"International Tower Hill Mines, Ltd. Ordinary Shares (Canada)",$2.74,0.02,0.735%,"716,886,676"
PHR,"Phreesia, Inc. Common Stock",$11.58,-0.70,-5.70%,"715,781,675"
TBLD,Thornburg Income Builder Opportunities Trust Common Stock,$22.295,-0.1545,-0.688%,"715,265,581"
PFIS,Peoples Financial Services Corp. Common Stock,$71.41,0.05,0.07%,"714,840,307"
EFSCP,"Enterprise Financial Services Corporation Depositary Shares Each Representing a 1/40th Interest in a Share of 5% Fixed Rate Non-Cumulative Perpetual Preferred Stock, Series A",$19.68,-0.255,-1.279%,"712,268,794"
ISOU,IsoEnergy Ltd. Common Shares,$10.91,0.62,6.025%,"711,783,227"
TRON,Tron Inc. Common Stock,$1.50,-0.02,-1.316%,"711,573,096"
SDHC,Smith Douglas Homes Corp. Class A Common Stock,$13.99,0.01,0.072%,"711,089,050"
AGNT,"AGNT, Inc. Common Stock",$4.25,-0.10,-2.299%,"710,251,232"
CARE,"Carter Bankshares, Inc. Common Stock",$32.03,-0.65,-1.989%,"709,910,710"
PKOH,Park-Ohio Holdings Corp. Common Stock,$48.87,-0.53,-1.073%,"708,126,789"
MAMA,"Mama's Creations, Inc. Common Stock",$17.27,0.02,0.116%,"707,063,763"
VEL,"Velocity Financial, Inc. Common Stock",$17.90,-0.26,-1.432%,"706,718,080"
NMFC,New Mountain Finance Corporation Common Stock,$7.47,-0.26,-3.364%,"705,559,353"
SMC,Summit Midstream Corporation Common Stock,$34.74,-0.22,-0.629%,"705,502,873"
ADTN,"ADTRAN Holdings, Inc. Common Stock",$8.655,0.255,3.036%,"705,221,578"
CWBC,Community West Bancshares Common Stock,$25.98,-0.13,-0.498%,"704,865,406"
BSTZ,BlackRock Science and Technology Term Trust Common Shares of Beneficial Interest,$31.71,0.23,0.731%,"702,624,789"
CUBB,"Customers Bancorp, Inc 5.375% Subordinated Notes Due 2034",$22.17,-0.17,-0.761%,"701,092,773"
CSHR,CoinShares PLC Ordinary Shares,$5.32,0.10,1.916%,"701,070,712"
NB,NioCorp Developments Ltd. Common Stock,$4.81,-0.30,-5.871%,"700,273,701"
VTS,"Vitesse Energy, Inc. Common Stock",$16.63,0.41,2.528%,"700,194,792"
SG,"Sweetgreen, Inc. Class A Common Stock",$5.88,-0.40,-6.369%,"699,962,932"
LOT,Lotus Technology Inc. American Depositary Shares,$1.09,0.04,3.81%,"699,877,964"
RCBC,River City Bank Common stock,$47.84,0.18,0.378%,"699,787,254"
VRRM,Verra Mobility Corporation Class A Common Stock,$4.60,-0.12,-2.542%,"699,120,898"
EVO,Evotec SE American Depositary Shares,$1.96,UNCH,--,"697,280,905"
JBI,"Janus International Group, Inc. Common Stock",$5.11,UNCH,--,"697,186,887"
NRGV,"Energy Vault Holdings, Inc. Common Stock",$3.82,0.03,0.792%,"694,627,157"
GRNT,"Granite Ridge Resources, Inc. Common Stock",$5.26,0.15,2.935%,"693,795,273"
LEGH,Legacy Housing Corporation Common Stock (TX),$29.10,-0.23,-0.784%,"692,044,589"
MSBI,"Midland States Bancorp, Inc. Common Stock",$33.32,-0.06,-0.18%,"691,460,372"
SLRC,SLR Investment Corp. Common Stock,$12.67,-0.22,-1.707%,"691,207,213"
NEXN,Nexxen International Ltd. Ordinary Shares,$10.53,0.06,0.573%,"690,374,915"
BCAL,California BanCorp Common Stock,$21.41,-0.27,-1.245%,"688,343,083"
PSTL,"Postal Realty Trust, Inc. Class A Common Stock",$22.75,-0.25,-1.087%,"688,161,861"
DGICA,"Donegal Group, Inc. Class A Common Stock",$18.46,-0.29,-1.547%,"685,221,946"
ODD,ODDITY Tech Ltd. Class A Ordinary Shares,$12.09,-1.02,-7.78%,"684,979,322"
XFLT,XAI Floating Rate & Alternative Income Trust Common Shares of Beneficial Interest,$19.31,0.03,0.156%,"684,897,353"
ZVRA,"Zevra Therapeutics, Inc. Common Stock",$11.53,0.21,1.855%,"684,694,995"
BRUNW,Boost Run Inc. Warrant,$11.05,-0.23,-2.039%,"678,786,848"
DLY,DoubleLine Yield Opportunities Fund Common Shares of Beneficial Interest,$14.15,-0.09,-0.632%,"678,432,773"
BHB,"Bar Harbor Bankshares, Inc. Common Stock",$40.33,-0.29,-0.714%,"676,176,006"
RMT,"Royce Micro-Cap Trust, Inc. Common Stock",$14.61,UNCH,--,"675,991,653"
NEWTG,"NewtekOne, Inc. 8.50% Fixed Rate Senior Notes due 2029",$25.65,0.08,0.313%,"675,155,504"
CCSI,"Consensus Cloud Solutions, Inc. Common Stock",$36.84,-2.23,-5.708%,"675,090,126"
MATV,"Mativ Holdings, Inc. Common Stock",$12.23,0.02,0.164%,"674,974,899"
RRBI,"Red River Bancshares, Inc. Common Stock",$102.40,-0.30,-0.292%,"674,212,454"
AGMB,AgomAb Therapeutics NV American Depositary Shares,$13.68,0.46,3.48%,"673,712,298"
SHEN,Shenandoah Telecommunications Co Common Stock,$12.62,-0.65,-4.898%,"673,462,262"
FOF,"Cohen & Steers Closed-End Opportunity Fund, Inc. Common Stock",$13.70,-0.05,-0.364%,"673,199,204"
NEWTI,"NewtekOne, Inc. 8.00% Fixed Rate Senior Notes due 2028",$25.55,0.15,0.591%,"672,523,319"
VTEX,VTEX Class A Common Shares,$3.53,-0.21,-5.615%,"671,983,706"
SLN,Silence Therapeutics Plc American Depository Share,$14.35,0.63,4.592%,"671,580,000"
BXC,Bluelinx Holdings Inc. Common Stock,$85.29,-1.23,-1.422%,"670,397,908"
VALN,Valneva SE American Depositary Shares,$7.06,-0.07,-0.982%,"669,892,470"
RILYT,"BRC Group Holdings, Inc. 6.00% Senior Notes Due 2028",$21.92,-0.03,-0.137%,"668,495,687"
NSLRL,Neostellar Capital Corp. 6.00% Notes due 2026,$25.2001,-0.0699,-0.277%,"667,127,842"
NXP,Nuveen Select Tax Free Income Portfolio Common Stock,$14.25,-0.06,-0.419%,"666,887,360"
FBRT,"Franklin BSP Realty Trust, Inc. Common Stock",$8.03,-0.04,-0.496%,"666,854,690"
ENHA,Enhanced Group Inc. Class A Common Stock,$1.71,-0.25,-12.755%,"663,155,261"
OIO,OIO Group Ordinary Shares,$1.905,-0.045,-2.308%,"662,982,116"
YB,Yuanbao Inc. American Depositary Shares,$14.38,0.91,6.756%,"662,633,290"
TIPT,Tiptree Inc. Common Stock,$17.79,-0.20,-1.112%,"662,494,121"
NKLR,Terra Innovatum Global N.V. Ordinary shares,$5.99,-0.105,-1.723%,"661,900,439"
TECX,"Tectonic Therapeutic, Inc. Common Stock",$33.85,-1.06,-3.036%,"661,746,039"
CTGO,Contango Silver & Gold Inc. Common Stock,$19.78,-0.42,-2.079%,"661,456,868"
CGNT,Cognyte Software Ltd. Ordinary Shares,$8.95,-0.17,-1.864%,"661,408,410"
TASK,"TaskUs, Inc. Class A Common Stock",$7.19,-0.31,-4.133%,"659,229,681"
VMO,Invesco Municipal Opportunity Trust Common Stock,$9.74,-0.11,-1.117%,"656,872,272"
HELE,Helen of Troy Limited Common Stock,$28.15,-2.07,-6.85%,"655,671,517"
ACNB,ACNB Corporation Common Stock,$64.37,-0.56,-0.862%,"654,638,394"
RMR,The RMR Group Inc. Class A Common Stock,$20.38,0.12,0.592%,"653,795,006"
FWRD,Forward Air Corporation Common Stock,$19.32,0.36,1.899%,"652,646,254"
BTGO,"BitGo Holdings, Inc. Class A Common Stock",$5.55,-0.21,-3.646%,"652,378,202"
GAIN,Gladstone Investment Corporation Business Development Company,$16.34,0.03,0.184%,"650,690,941"
VSTM,"Verastem, Inc. Common Stock",$7.18,0.60,9.119%,"650,245,506"
SOPH,SOPHiA GENETICS SA Ordinary Shares,$7.63,0.13,1.733%,"649,525,305"
CBIO,"Crescent Biopharma, Inc. Common Stock",$17.48,0.34,1.984%,"649,276,071"
HIFS,Hingham Institution for Savings Common Stock,$301.87,-7.46,-2.412%,"648,235,638"
ANGO,"AngioDynamics, Inc. Common Stock",$15.67,-0.18,-1.136%,"647,678,536"
RSVR,"Reservoir Media, Inc. Common Stock",$9.80,-0.16,-1.606%,"646,121,281"
LAES,SEALSQ Corp Ordinary Shares,$2.90,-0.11,-3.654%,"646,044,597"
KE,"Kimball Electronics, Inc. Common Stock",$26.85,1.00,3.868%,"645,713,636"
CNNE,"Cannae Holdings, Inc. Common Stock",$14.88,0.25,1.709%,"645,408,498"
KIDS,OrthoPediatrics Corp. Common Stock,$24.70,-0.10,-0.403%,"644,911,764"
VBNK,VersaBank Common Shares,$19.99,-0.44,-2.154%,"643,591,983"
STLN,"Starling Oncology, Inc. Common Stock",$6.31,-0.14,-2.171%,"643,090,686"
MLR,"Miller Industries, Inc. Common Stock",$56.62,-0.24,-0.422%,"642,760,658"
TMQ,Trilogy Metals Inc. Common Stock,$3.72,-0.02,-0.535%,"642,613,777"
CWH,"Camping World Holdings, Inc. Class A Common Stock",$6.22,-0.19,-2.964%,"642,494,378"
MGRE,"Affiliated Managers Group, Inc. 6.750% Junior Subordinated Notes due 2064",$22.61,-0.15,-0.659%,"642,396,744"
SGMT,Sagimet Biosciences Inc. Series A Common Stock,$10.43,-0.12,-1.137%,"642,395,788"
NGVC,"Natural Grocers by Vitamin Cottage, Inc. Common Stock",$27.85,-0.28,-0.995%,"641,826,950"
INN,"Summit Hotel Properties, Inc. Common Stock",$5.95,-0.09,-1.49%,"641,728,105"
MEI,"Methode Electronics, Inc. Common Stock",$18.08,0.94,5.484%,"641,330,252"
NFGC,New Found Gold Corp Common Shares,$1.66,-0.03,-1.775%,"638,033,531"
IIIN,"Insteel Industries, Inc. Common Stock",$32.82,0.20,0.613%,"635,337,667"
CARS,Cars.com Inc. Common Stock ,$11.86,-0.52,-4.20%,"634,897,988"
SWBI,"Smith & Wesson Brands, Inc. Common Stock",$14.15,-0.18,-1.256%,"634,481,472"
BHFAN,"Brighthouse Financial, Inc. Depositary shares, each representing a 1/1,000th interest in a share of 5.375% Non-Cumulative Preferred Stock, Series C",$11.0299,-0.1201,-1.077%,"634,346,789"
VLGEA,"Village Super Market, Inc. Class A Common Stock",$42.80,-0.24,-0.558%,"633,846,215"
KRNY,Kearny Financial Corp Common Stock,$9.77,0.15,1.559%,"632,501,505"
BWMX,"Betterware de Mexico, S.A.P.I. de C.V. Ordinary Shares",$15.93,-0.52,-3.161%,"628,996,894"
GOOD,Gladstone Commercial Corporation Real Estate Investment Trust,$12.97,0.04,0.309%,"627,845,288"
MEC,"Mayville Engineering Company, Inc. Common Stock",$24.50,0.41,1.702%,"624,758,110"
BWB,"Bridgewater Bancshares, Inc. Common Stock",$22.33,0.10,0.45%,"622,645,768"
GPRK,Geopark Ltd Common Shares,$9.59,0.12,1.267%,"622,350,271"
ALTI,"AlTi Global, Inc. Class A Common Stock",$3.99,-0.02,-0.499%,"622,214,294"
HY,"Hyster-Yale, Inc. Class A common stock",$34.70,0.26,0.755%,"622,184,429"
SOUNW,"SoundHound AI, Inc. Warrant",$1.40,-0.2415,-14.712%,"621,753,782"
NVCT,"Nuvectis Pharma, Inc. Common Stock",$19.08,0.12,0.633%,"621,655,650"
SPRY,"ARS Pharmaceuticals, Inc. Common Stock",$6.24,0.59,10.442%,"620,551,420"
BWAY,BrainsWay Ltd. American Depositary Shares,$15.49,-0.83,-5.086%,"620,111,573"
NABL,"N-able, Inc. Common Stock",$3.27,-0.17,-4.942%,"617,722,784"
DDI,"DoubleDown Interactive Co., Ltd. American Depository Shares",$12.455,-0.465,-3.599%,"617,188,095"
IMSR,Terrestrial Energy Inc. Common Stock  ,$5.82,-0.07,-1.188%,"616,543,178"
ASPI,ASP Isotopes Inc. Common Stock,$4.02,-0.25,-5.855%,"616,303,708"
CTKB,"Cytek Biosciences, Inc. Common Stock",$4.74,0.05,1.066%,"616,120,619"
EGY,"VAALCO Energy, Inc.  Common Stock",$5.85,0.07,1.211%,"615,371,901"
KRUS,"Kura Sushi USA, Inc. Class A Common Stock",$50.62,-2.34,-4.418%,"615,024,698"
BRSP,"BrightSpire Capital, Inc. Class A Common Stock",$4.86,-0.14,-2.80%,"614,907,515"
NTGR,"NETGEAR, Inc. Common Stock",$22.61,-1.54,-6.377%,"614,517,665"
NRDS,"NerdWallet, Inc. Class A Common Stock",$9.60,-0.24,-2.439%,"613,662,470"
CBNK,"Capital Bancorp, Inc. Common Stock",$37.66,0.02,0.053%,"613,498,573"
NXRT,"NexPoint Residential Trust, Inc. Common Stock",$23.97,-0.53,-2.163%,"612,429,018"
UNTY,"Unity Bancorp, Inc. Common Stock",$60.87,-0.95,-1.537%,"611,291,723"
ASMB,"Assembly Biosciences, Inc. Common Stock",$30.01,-2.94,-8.923%,"611,021,486"
MDXG,"MiMedx Group, Inc Common Stock",$4.19,-0.08,-1.874%,"610,736,361"
VINP,Vinci Compass Investments Ltd. Class A Common Shares,$9.33,-0.20,-2.099%,"610,388,174"
RILYZ,"BRC Group Holdings, Inc. 5.25% Senior Notes due 2028",$20.00,-0.02,-0.10%,"609,941,320"
TRTX,"TPG RE Finance Trust, Inc. Common Stock",$7.94,0.01,0.126%,"609,545,931"
SFST,"Southern First Bancshares, Inc. Common Stock",$64.35,0.17,0.265%,"609,507,434"
UROY,Uranium Royalty Corp. Common Stock,$4.16,0.04,0.971%,"609,367,229"
GDYN,"Grid Dynamics Holdings, Inc. Class A Common Stock",$7.50,-0.25,-3.226%,"608,451,608"
AUTL,Autolus Therapeutics plc American Depositary Share,$2.28,0.13,6.047%,"606,850,591"
CTRN,"Citi Trends, Inc. Common Stock",$72.67,-1.24,-1.678%,"605,330,054"
DDD,3D Systems Corporation Common Stock,$3.64,-0.07,-1.887%,"604,775,178"
FBIOP,"Fortress Biotech, Inc. 9.375% Series A Cumulative Redeemable Perpetual Preferred Stock",$18.13,-0.525,-2.814%,"604,653,503"
CLDT,Chatham Lodging Trust (REIT) Common Shares of Beneficial Interest,$12.98,-0.01,-0.077%,"604,421,670"
NCDL,Nuveen Churchill Direct Lending Corp. Common Stock,$12.22,-0.22,-1.768%,"603,509,934"
RWT,"Redwood Trust, Inc. Common Stock",$4.80,-0.01,-0.208%,"602,939,674"
MLAB,"Mesa Laboratories, Inc. Common Stock",$107.64,1.60,1.509%,"602,339,339"
ARVN,"Arvinas, Inc. Common Stock",$9.20,0.23,2.564%,"601,552,957"
CTEV,Claritev Corporation Class A Common Stock,$35.35,-2.77,-7.267%,"599,092,817"
NPB,"Northpointe Bancshares, Inc. Common Stock",$17.32,-0.18,-1.029%,"598,957,503"
CERS,Cerus Corporation Common Stock,$2.97,-0.01,-0.336%,"598,528,947"
RGR,"Sturm, Ruger & Company, Inc. Common Stock",$37.44,-0.23,-0.611%,"598,225,905"
OPFI,OppFi Inc. Class A Common Stock,$7.02,-0.14,-1.955%,"598,161,894"
NRIM,Northrim BanCorp Inc Common Stock,$26.89,-0.36,-1.321%,"598,161,758"
CRMD,CorMedix Inc. Common Stock,$7.67,0.13,1.724%,"597,832,965"
NDMO,Nuveen Dynamic Municipal Opportunities Fund Common Shares of Beneficial Interest,$10.02,-0.04,-0.398%,"595,841,645"
IIM,Invesco Value Municipal Income Trust Common Stock,$12.65,-0.14,-1.095%,"595,415,753"
FBIZ,"First Business Financial Services, Inc. Common Stock",$70.95,-0.49,-0.686%,"593,732,304"
VFSWW,VinFast Auto Ltd. Warrant,$0.2533,0.0133,5.542%,"592,604,471"
BME,Blackrock Health Sciences Trust,$44.40,0.26,0.589%,"591,985,999"
DCTH,"Delcath Systems, Inc. Common Stock",$17.05,0.32,1.913%,"591,614,455"
CIVB,"Civista Bancshares, Inc. Common Stock",$28.36,-0.15,-0.526%,"589,724,590"
NVRI,Enviri Corporation Common Stock,$20.91,0.32,1.554%,"589,455,388"
WHFCL,"WhiteHorse Finance, Inc. 7.875% Notes due 2028",$25.3402,0.0152,0.06%,"588,984,499"
OSPN,OneSpan Inc. Common Stock,$15.93,-0.41,-2.509%,"587,055,116"
ARQQ,Arqit Quantum Inc. Ordinary Shares,$24.35,-0.01,-0.041%,"586,605,745"
NVEC,NVE Corporation Common Stock,$121.09,-0.16,-0.132%,"585,732,431"
YEXT,"Yext, Inc. Common Stock",$5.84,-0.09,-1.518%,"585,448,997"
ALT,"Altimmune, Inc. Common Stock",$3.00,0.06,2.041%,"583,553,103"
GCBC,"Greene County Bancorp, Inc. Common Stock",$34.25,-0.72,-2.059%,"583,122,861"
ELMT,The Elmet Group Co. Common Stock,$19.10,0.285,1.515%,"581,776,412"
ETD,Ethan Allen Interiors Inc. Common Stock,$22.77,-0.07,-0.306%,"579,413,139"
CLB,Core Laboratories Inc. Common Stock,$12.62,0.17,1.365%,"579,062,920"
ILPT,Industrial Logistics Properties Trust Common Shares of Beneficial Interest,$8.67,-0.25,-2.803%,"578,686,788"
SPT,"Sprout Social, Inc Class A Common Stock",$9.55,-0.34,-3.438%,"578,655,625"
MG,Mistras Group Inc Common Stock,$18.14,0.04,0.221%,"577,757,059"
MBUU,"Malibu Boats, Inc. Class A Common Stock",$29.41,0.08,0.273%,"577,525,729"
BTBT,"Bit Digital, Inc. Ordinary Shares",$1.60,0.03,1.911%,"577,013,605"
PRME,"Prime Medicine, Inc. Common Stock",$3.17,0.08,2.589%,"574,964,634"
ARTV,"Artiva Biotherapeutics, Inc. Common Stock",$11.74,0.29,2.533%,"573,970,021"
NMCO,Nuveen Municipal Credit Opportunities Fund Common Shares,$10.46,-0.15,-1.414%,"572,909,618"
NOAH,Noah Holdings Limited American Depositary Shares,$8.54,-0.09,-1.043%,"572,621,151"
XMAX,"XMAX, Inc. Common Stock",$8.95,-0.12,-1.323%,"569,240,818"
EIKN,"Eikon Therapeutics, Inc. Common Stock",$10.47,-0.58,-5.249%,"567,107,864"
WTI,"W&T Offshore, Inc. Common Stock",$3.75,0.08,2.18%,"566,036,070"
HBCP,"Home Bancorp, Inc. Common Stock",$71.85,-0.11,-0.153%,"565,513,388"
SLI,Standard Lithium Ltd. Common Shares,$2.29,-0.09,-3.782%,"565,135,731"
EBF,"Ennis, Inc. Common Stock",$22.32,0.22,0.995%,"564,657,431"
OVID,Ovid Therapeutics Inc. Common Stock,$2.89,0.06,2.12%,"564,410,807"
MGR,"Affiliated Managers Group, Inc. 5.875% Junior Subordinated Notes due 2059",$19.86,-0.14,-0.70%,"564,263,571"
ONT,"Onterris, Inc. Common Stock",$16.04,-1.58,-8.967%,"563,283,481"
RYAM,Rayonier Advanced Materials Inc. Common Stock,$8.32,-0.10,-1.188%,"562,799,811"
VGM,Invesco Trust for Investment Grade Municipals Common Stock (DE),$10.37,-0.14,-1.332%,"562,385,508"
RFI,"Cohen & Steers Total Return Realty Fund, Inc. Common Stock",$11.43,-0.08,-0.695%,"561,654,518"
DCBO,Docebo Inc. Common Shares,$22.55,-0.47,-2.042%,"561,482,598"
ADUR,Aduro Clean Technologies Inc. Common Stock,$15.85,-0.32,-1.979%,"559,714,680"
UHT,Universal Health Realty Income Trust Common Stock,$40.27,-1.03,-2.494%,"559,700,005"
KELYA,"Kelly Services, Inc. Class A Common Stock",$16.09,0.03,0.187%,"558,836,963"
SPIR,"Spire Global, Inc. Class A Common Stock",$13.74,-0.21,-1.505%,"558,151,378"
TCMD,"Tactile Systems Technology, Inc. Common Stock",$24.59,0.39,1.612%,"557,019,713"
ITRG,Integra Resources Corp. Common Shares,$2.74,-0.04,-1.439%,"555,872,212"
OABI,"OmniAb, Inc. Common Stock",$3.82,0.44,13.018%,"555,391,320"
DNUT,"Krispy Kreme, Inc. Common Stock",$3.20,-0.13,-3.904%,"555,200,000"
MSIF,"MSC Income Fund, Inc. Common Stock",$12.21,-0.23,-1.849%,"553,665,246"
KYTX,"Kyverna Therapeutics, Inc. Common Stock",$8.95,0.78,9.547%,"553,498,824"
NUAI,"New Era Energy & Digital, Inc. Common Stock",$5.46,0.39,7.692%,"553,048,467"
OIS,"Oil States International, Inc. Common Stock",$9.16,0.23,2.576%,"552,555,190"
CSV,"Carriage Services, Inc. Common Stock",$34.76,-1.68,-4.61%,"552,068,609"
GAU,Galiano Gold Inc.,$2.11,0.02,0.957%,"551,958,622"
OOMA,"Ooma, Inc. Common Stock",$20.07,-0.76,-3.649%,"551,925,000"
CMCO,Columbus McKinnon Corporation Common Stock,$19.08,-0.17,-0.883%,"550,729,776"
CCOI,"Cogent Communications Holdings, Inc.",$10.75,-0.56,-4.951%,"550,569,162"
WRN,Western Copper and Gold Corporation Common Stock,$2.43,0.03,1.25%,"549,606,285"
BWBBP,"Bridgewater Bancshares, Inc. Depositary Shares, Each Representing a 1/100th Interest in a Share of 5.875% Non-Cumulative Perpetual Preferred Stock, Series A",$19.70,-0.216,-1.085%,"549,311,313"
HQL,abrdn Life Sciences Investors Shares of Beneficial Interest,$21.37,0.27,1.28%,"548,773,821"
BHFAM,"Brighthouse Financial, Inc. Depositary shares each representing a 1/1,000th Interest in a Share of 4.625% Non-Cumulative Preferred Stock, Series D",$9.54,-0.05,-0.521%,"548,660,311"
RILYL,"BRC Group Holdings, Inc. Depositary Shares each representing 1/1000th in a share of 7.375% Series B Cumulative Perpetual Preferred Stock, par value $0.0001",$13.6001,-0.1263,-0.92%,"546,720,688"
CTNM,"Contineum Therapeutics, Inc. Class A Common Stock",$14.53,0.34,2.396%,"546,635,048"
BTQ,BTQ Technologies Corp. Common Stock,$3.85,-0.21,-5.172%,"545,856,581"
ARKO,ARKO Corp. Common Stock,$4.86,0.01,0.206%,"545,222,604"
OXM,"Oxford Industries, Inc. Common Stock",$36.51,0.14,0.385%,"545,128,327"
ESEA,Euroseas Ltd. Common Stock (Marshall Islands),$77.17,3.37,4.566%,"544,502,337"
ITIC,Investors Title Company Common Stock,$288.35,0.64,0.222%,"544,403,647"
ZURA,Zura Bio Limited Class A Ordinary Shares,$5.68,0.11,1.975%,"544,309,498"
VKQ,Invesco Municipal Trust Common Stock,$9.78,-0.12,-1.212%,"541,181,337"
URG,Ur Energy Inc Common Shares (Canada),$1.36,0.01,0.741%,"541,094,659"
DDL,Dingdong (Cayman) Limited American Depositary Shares (each two representing three Ordinary Shares),$2.29,-0.10,-4.184%,"540,961,399"
BWFG,"Bankwell Financial Group, Inc. Common Stock",$67.66,-0.47,-0.69%,"539,383,626"
AQST,"Aquestive Therapeutics, Inc. Common Stock",$4.29,0.04,0.941%,"538,444,970"
LMB,"Limbach Holdings, Inc. Common Stock",$45.06,-0.48,-1.054%,"537,340,185"
YORW,York Water Company (The) Common Stock,$33.06,-0.25,-0.751%,"536,516,888"
SLDP,"Solid Power, Inc. Class A Common Stock",$2.35,-0.07,-2.893%,"536,225,848"
ROMA,Roma Green Finance Limited Class A Ordinary Shares,$9.00,-0.14,-1.532%,"536,081,139"
BMM,Blue Moon Metals Inc. Common Shares,$5.11,0.29,6.017%,"535,849,935"
IQI,Invesco Quality Municipal Income Trust Common Stock,$10.12,-0.15,-1.461%,"535,184,026"
AGCC,Agencia Comercial Spirits Ltd Class A Ordinary Shares,$14.33,-0.27,-1.849%,"534,315,545"
SD,"SandRidge Energy, Inc. Common Stock",$14.32,0.29,2.067%,"530,918,239"
REAX,"The Real Brokerage, Inc. Common Shares",$2.42,0.02,0.833%,"530,464,000"
OLP,"One Liberty Properties, Inc. Common Stock",$24.25,0.02,0.083%,"529,256,832"
BSRR,Sierra Bancorp Common Stock,$40.81,-0.20,-0.488%,"529,036,232"
RILYP,"BRC Group Holdings, Inc. Depositary Shares, each representing a 1/1000th fractional interest in a share of Series A Cumulative Perpetual Preferred Stock",$13.15,-0.30,-2.23%,"528,626,778"
TYG,Tortoise Energy Infrastructure Corporation Common Stock,$44.31,0.02,0.045%,"528,525,382"
SWMR,"Swarmer, Inc Common Stock",$47.08,5.48,13.173%,"527,778,852"
TATT,TAT Technologies Ltd. Ordinary Shares,$40.63,-1.06,-2.543%,"527,504,856"
PHOE,Phoenix Asia Holdings Limited Ordinary Shares,$24.36,2.06,9.238%,"526,176,000"
FAC,Factorial Energy Inc. Class A Common Stock,$4.91,-0.25,-4.845%,"525,484,133"
BDN,Brandywine Realty Trust Common Stock,$3.01,-0.08,-2.589%,"525,476,460"
CCCC,"C4 Therapeutics, Inc. Common Stock",$4.265,0.025,0.59%,"524,702,205"
MSBIP,"Midland States Bancorp, Inc. Depositary Shares Each Representing a 1/40th Interest in a Share of 7.750% Fixed-Rate Reset Non-Cumulative Perpetual Preferred Stock, Series A",$25.2499,0.0313,0.124%,"523,988,753"
ETO,Eaton Vance Tax-Advantage Global Dividend Opp Common Stock,$31.94,-0.16,-0.498%,"523,437,128"
TLRY,"Tilray Brands, Inc. Common Stock ",$4.48,-0.19,-4.069%,"522,021,248"
SRTA,"Strata Critical Medical, Inc. Class A Common Stock",$5.90,UNCH,--,"521,954,155"
QUAD,"Quad Graphics, Inc Class A Common Stock",$10.12,0.18,1.811%,"520,788,376"
HUYA,"HUYA Inc. American depositary shares, each  representing one Class A ordinary share",$2.28,-0.02,-0.87%,"520,674,692"
CLMB,"Climb Global Solutions, Inc. Common Stock",$27.84,-0.67,-2.35%,"519,512,190"
OBT,"Orange County Bancorp, Inc. Common Stock",$38.72,-0.47,-1.199%,"519,156,327"
WNC,Wabash National Corporation Common Stock,$12.73,0.17,1.354%,"518,584,212"
ABTC,American Bitcoin Corp. Class A Common Stock,$7.12,-0.14,-1.928%,"518,476,357"
EVMN,"Evommune, Inc. Common Stock",$14.25,-0.40,-2.73%,"517,162,610"
ULH,"Universal Logistics Holdings, Inc. Common Stock",$19.55,0.26,1.348%,"515,490,588"
FLGT,"Fulgent Genetics, Inc. Common Stock",$18.66,0.10,0.539%,"513,435,367"
EOLS,"Evolus, Inc. Common Stock",$7.77,-0.385,-4.721%,"513,211,919"
GTN,"Gray Media, Inc. Common Stock",$4.98,-0.24,-4.598%,"512,862,227"
AXG,Solowin Holdings Class A Ordinary Share,$2.65,-0.05,-1.852%,"511,725,142"
COFS,"ChoiceOne Financial Services, Inc. Common Stock",$34.17,-0.21,-0.611%,"511,030,118"
WTBA,West Bancorporation Common Stock,$29.92,0.09,0.302%,"509,948,791"
RLMD,"Relmada Therapeutics, Inc. Common Stock",$4.77,-0.03,-0.625%,"508,815,165"
VCV,Invesco California Value Municipal Income Trust Common Stock,$10.60,-0.16,-1.487%,"507,639,565"
BALY,Bally's Corporation Common Stock,$10.31,-3.68,-26.305%,"504,662,076"
HNST,"The Honest Company, Inc. Common Stock",$4.70,-0.14,-2.893%,"504,236,581"
GLRE,"Greenlight Capital Re, Ltd. Class A Ordinary Shares",$15.40,-0.36,-2.284%,"502,676,698"
GMTL,Guardian Metal Resources PLC ADS,$12.95,0.04,0.31%,"502,480,668"
FIP,FTAI Infrastructure Inc. Common Stock ,$4.25,-0.26,-5.765%,"502,272,382"
PANL,Pangaea Logistics Solutions Ltd. Common Shares,$7.67,0.23,3.091%,"502,183,831"
ENTX,Entera Bio Ltd. Ordinary Shares,$2.90,0.01,0.346%,"502,111,310"
PDLB,"Ponce Financial Group, Inc. Common Stock",$20.75,-0.01,-0.048%,"501,898,946"
VELO,"Velo3D, Inc. Common stock",$15.595,-0.565,-3.496%,"501,365,495"
JOUT,Johnson Outdoors Inc. Class A Common Stock,$47.74,-0.44,-0.913%,"500,299,446"
AMCX,AMC Global Media Inc. Class A Common Stock,$12.09,-0.27,-2.184%,"498,712,149"
EVH,"Evolent Health, Inc Class A Common Stock",$4.41,-0.27,-5.769%,"498,591,667"
AHRT,"AH Realty Trust, Inc. Common Stock",$6.66,-0.13,-1.915%,"496,789,327"
BSVN,Bank7 Corp. Common stock,$52.09,-0.20,-0.382%,"496,201,839"
PBAM,"Private Bancorp of America, Inc. Common Stock",$87.01,0.41,0.473%,"496,069,330"
BLSM,"BlossomHill Therapeutics, Inc. Common Stock",$16.38,0.20,1.236%,"495,544,713"
GFUZ,General Fusion Group Ltd. Common Shares,$7.77,-0.36,-4.428%,"493,743,034"
FTHY,First Trust High Yield Opportunities 2027 Term Fund Common Stock,$13.42,-0.05,-0.371%,"493,493,512"
NGS,"Natural Gas Services Group, Inc. Common Stock",$38.26,0.29,0.764%,"493,488,384"
IPI,"Intrepid Potash, Inc Common Stock",$36.60,-0.02,-0.055%,"492,514,268"
CPS,Cooper-Standard Holdings Inc. Common Stock,$27.63,-0.82,-2.882%,"490,963,217"
MPLT,"MapLight Therapeutics, Inc. Common Stock",$11.245,-0.505,-4.298%,"490,847,860"
NPCE,"Neuropace, Inc. Common Stock",$14.28,-0.49,-3.318%,"490,150,633"
AII,"American Integrity Insurance Group, Inc. Common Stock",$25.01,1.02,4.252%,"490,031,609"
CABA,"Cabaletta Bio, Inc. Common Stock",$2.89,0.14,5.091%,"489,986,336"
AMSF,"AMERISAFE, Inc. Common Stock",$26.41,-1.24,-4.485%,"489,537,292"
QNC,Quantum eMotion Corp. Common Shares,$2.23,-0.20,-8.23%,"489,194,364"
EVGO,EVgo Inc. Class A Common Stock,$1.55,-0.10,-6.061%,"487,499,366"
AIIO,Robo.ai Inc. Class B Ordinary Shares,$2.88,-0.09,-3.03%,"486,907,894"
ATNI,"ATN International, Inc. Common Stock",$31.57,-0.14,-0.442%,"486,283,980"
IDR,"Idaho Strategic Resources, Inc. Common Stock",$30.65,-1.24,-3.888%,"485,072,111"
BBCP,"Concrete Pumping Holdings, Inc. Common Stock",$9.60,UNCH,--,"483,776,832"
MRAM,"Everspin Technologies, Inc. Common Stock",$19.85,0.97,5.138%,"483,347,679"
ASPN,"Aspen Aerogels, Inc. Common Stock",$5.82,-0.03,-0.513%,"482,994,723"
FMAO,"Farmers & Merchants Bancorp, Inc. Common Stock",$35.03,-0.08,-0.228%,"482,473,865"
NRC,NRC Health Common Stock,$21.77,0.58,2.737%,"481,542,952"
XRN,Chiron Real Estate Inc. Common Stock,$36.37,-0.74,-1.994%,"481,459,877"
CWCO,Consolidated Water Co. Ltd. Ordinary Shares,$30.05,-1.18,-3.778%,"481,186,593"
NMG,Nouveau Monde Graphite Inc. Common Shares,$1.46,-0.01,-0.68%,"480,568,972"
CBK,"Commercial Bancgroup, Inc. Common Stock",$35.06,-0.24,-0.68%,"480,366,526"
GRVY,"GRAVITY Co., Ltd. American Depository Shares",$69.00,-1.38,-1.961%,"479,474,100"
VITL,"Vital Farms, Inc. Common Stock",$11.16,0.26,2.385%,"479,115,786"
BBW,"Build-A-Bear Workshop, Inc. Common Stock",$38.19,-0.15,-0.391%,"478,804,948"
FISN,"Deep Fission, Inc. Common Stock",$8.12,-0.52,-6.019%,"478,316,217"
FVR,"FrontView REIT, Inc. Common Stock",$19.55,-0.21,-1.063%,"478,113,881"
BIOA,"BioAge Labs, Inc. Common Stock",$10.40,-0.20,-1.887%,"477,327,854"
FRBA,First Bank Common Stock,$18.96,-0.06,-0.315%,"476,548,281"
QTTB,Q32 Bio Inc. Common Stock,$15.95,0.80,5.281%,"474,822,983"
SPCE,"Virgin Galactic Holdings, Inc. Common Stock",$3.13,-0.19,-5.723%,"474,495,176"
CLPT,"ClearPoint Neuro, Inc. Common Stock",$15.50,0.16,1.043%,"472,815,519"
LOCO,"El Pollo Loco Holdings, Inc. Common Stock",$15.46,-0.08,-0.515%,"470,493,206"
CBAN,"Colony Bankcorp, Inc. Common Stock",$22.09,-0.18,-0.808%,"468,771,117"
GEMI,"Gemini Space Station, Inc. Class A Common Stock",$3.61,-0.31,-7.908%,"468,044,449"
CMDB,Costamare Bulkers Holdings Limited Common Stock,$19.33,1.10,6.034%,"467,408,524"
GUT,Gabelli Utility Trust (The) Common Stock,$6.36,-0.13,-2.003%,"466,817,824"
OCGN,"Ocugen, Inc. Common Stock",$1.375,0.025,1.852%,"466,276,801"
CZNC,Citizens & Northern Corp Common Stock,$25.99,0.01,0.038%,"466,127,193"
IBEX,IBEX Limited Common Shares,$34.79,-1.04,-2.903%,"465,807,346"
MGRB,"Affiliated Managers Group, Inc. 4.750% Junior Subordinated Notes due 2060",$16.31,-0.16,-0.971%,"463,400,748"
RMNI,"Rimini Street, Inc. (DE) Common Stock",$4.96,-0.03,-0.601%,"463,045,760"
RBB,RBB Bancorp Common Stock,$27.32,-0.27,-0.979%,"462,144,136"
VHI,"Valhi, Inc. Common Stock",$16.25,0.04,0.247%,"460,219,386"
BUUU,BUUU Group Limited Class A Ordinary Share,$27.55,-1.89,-6.42%,"459,396,250"
LXFR,Luxfer Holdings PLC Ordinary Shares,$17.12,0.04,0.234%,"458,118,206"
BRBI,BRBI BR Partners S.A. ADSs,$9.1345,-0.124,-1.339%,"457,972,279"
ETB,Eaton Vance Tax-Managed Buy-Write Income Fund Eaton Vance Tax-Managed Buy-Write Income Fund Common Shares of Beneficial Interest,$15.59,0.09,0.581%,"457,900,095"
ZKH,"ZKH Group Limited American Depositary Shares, each representing thirty-five (35) Class A Ordinary Shares",$2.88,-0.03,-1.031%,"457,687,633"
BLW,Blackrock Limited Duration Income Trust,$12.81,-0.06,-0.466%,"457,461,151"
HBB,Hamilton Beach Brands Holding Company Class A Common Stock ,$34.00,0.66,1.98%,"457,039,288"
ACTG,Acacia Research Corporation (Acacia Tech) Common Stock,$4.68,0.09,1.961%,"456,706,247"
CINT,CI&T Inc Class A Common Shares,$3.54,-0.11,-3.014%,"456,269,726"
BMRC,Bank of Marin Bancorp Common Stock,$28.16,-0.13,-0.46%,"456,030,024"
PRTA,Prothena Corporation plc Ordinary Shares,$8.88,0.02,0.226%,"455,872,329"
PBYI,Puma Biotechnology Inc Common Stock,$8.82,-0.01,-0.113%,"455,288,982"
FCBM,"First Carolina Financial Services, Inc. Common Stock",$12.70,-0.03,-0.236%,"453,971,050"
SGHT,"Sight Sciences, Inc. Common Stock",$8.24,0.10,1.229%,"453,925,038"
CMCL,Caledonia Mining Corporation Plc Common Shares,$23.45,0.98,4.361%,"453,407,603"
PSNYW,Polestar Automotive Holding UK PLC Class C-1 ADS (ADW),$2.75,-0.14,-4.844%,"451,770,355"
ASIX,AdvanSix Inc. Common Stock ,$16.71,-0.33,-1.937%,"451,189,818"
RZLT,"Rezolute, Inc. Common Stock (NV)",$4.68,0.08,1.739%,"450,648,109"
IMXI,"International Money Express, Inc. Common Stock",$14.89,0.30,2.056%,"449,851,126"
EPRX,Eupraxia Pharmaceuticals Inc. Common Stock,$6.82,0.10,1.488%,"449,483,230"
PACK,Ranpak Holdings Corp Class A Common Stock,$5.24,-0.33,-5.925%,"449,373,434"
PRLD,Prelude Therapeutics Incorporated Common Stock,$5.63,0.08,1.441%,"449,293,621"
BNTC,Benitec Biopharma Inc. Common Stock,$13.07,0.51,4.061%,"449,011,145"
LRMR,"Larimar Therapeutics, Inc. Common Stock",$4.32,-0.04,-0.917%,"448,774,288"
TRC,Tejon Ranch Co Common Stock,$16.57,0.22,1.346%,"447,745,327"
KMDA,Kamada Ltd. Ordinary Shares,$7.76,0.18,2.375%,"447,643,795"
AVBC,"Avidia Bancorp, Inc. Common Stock",$22.41,0.24,1.083%,"447,534,557"
ACIC,American Coastal Insurance Corporation Common Stock,$9.45,-0.41,-4.158%,"446,718,775"
CAL,"Caleres, Inc. Common Stock",$13.28,-0.09,-0.673%,"446,071,800"
DNA,"Ginkgo Bioworks Holdings, Inc. Class A Common Stock",$6.92,0.13,1.915%,"445,234,717"
SFIX,"Stitch Fix, Inc. Class A Common Stock",$3.33,-0.26,-7.242%,"444,308,100"
ISSC,"Innovative Solutions and Support, Inc. Common Stock",$24.78,1.78,7.739%,"443,541,507"
HVT,"Haverty Furniture Companies, Inc. Common Stock",$28.44,-0.35,-1.216%,"443,482,723"
DIN,"Dine Brands Global, Inc. Common Stock",$34.99,-0.32,-0.906%,"442,943,659"
WEAV,"Weave Communications, Inc. Common Stock",$5.53,0.07,1.282%,"442,395,128"
PRTH,"Priority Technology Holdings, Inc. Common Stock",$5.34,-0.15,-2.732%,"440,231,586"
TREE,"LendingTree, Inc. Common Stock",$31.35,-1.24,-3.805%,"440,140,237"
GLAD,Gladstone Capital Corporation Common Stock,$19.47,-0.29,-1.468%,"439,887,053"
ASTL,Algoma Steel Group Inc. Common Shares,$4.16,-0.12,-2.804%,"438,416,655"
KREF,KKR Real Estate Finance Trust Inc. Common Stock,$7.47,-0.15,-1.969%,"437,577,272"
WEYS,"Weyco Group, Inc. Common Stock",$45.79,0.53,1.171%,"437,339,512"
EDIT,"Editas Medicine, Inc. Common Stock",$2.84,0.02,0.709%,"436,167,299"
OTLY,Oatly Group AB American Depositary Shares,$13.65,-0.18,-1.302%,"435,602,322"
STRZ,Starz Entertainment Corp. Common Shares,$25.43,-0.57,-2.192%,"435,467,669"
PLBC,Plumas Bancorp,$62.48,-0.60,-0.951%,"434,799,320"
CURR,Currenc Group Inc. Ordinary Shares,$3.86,0.23,6.336%,"433,408,076"
CAPR,"Capricor Therapeutics, Inc. Common Stock",$7.45,0.80,12.03%,"431,443,603"
MAGN,Magnera Corporation Common Stock,$12.00,-0.48,-3.846%,"429,600,000"
TWI,"Titan International, Inc. (DE) Common Stock",$6.62,-0.28,-4.058%,"427,270,370"
PSFE,Paysafe Limited Common Shares,$6.71,0.07,1.054%,"427,268,530"
EVN,Eaton Vance Municipal Income Trust Common Stock,$10.76,-0.14,-1.284%,"426,818,674"
ECX,ECARX Holdings Inc. Class A Ordinary shares,$1.12,0.05,4.673%,"426,787,182"
FPI,Farmland Partners Inc. Common Stock,$9.78,-0.14,-1.411%,"426,708,461"
XFOR,"X4 Pharmaceuticals, Inc. Common Stock",$4.30,0.08,1.896%,"426,330,995"
ISTR,Investar Holding Corporation Common Stock,$30.91,-0.04,-0.129%,"425,847,874"
SERV,Serve Robotics Inc. Common Stock,$4.90,-0.09,-1.804%,"424,866,784"
PBFS,"Pioneer Bancorp, Inc. Common Stock",$17.10,-0.32,-1.837%,"424,792,437"
SENS,"Senseonics Holdings, Inc. Common Stock",$8.03,0.22,2.817%,"424,578,646"
PROK,ProKidney Corp. Class A Ordinary Shares,$1.40,0.07,5.263%,"423,251,717"
CGC,Canopy Growth Corporation Common Shares,$1.00,-0.02,-1.961%,"423,037,675"
TITN,Titan Machinery Inc. Common Stock,$18.11,-0.31,-1.683%,"422,002,480"
MASS,908 Devices Inc. Common Stock,$10.19,0.18,1.798%,"421,190,454"
IIIV,"i3 Verticals, Inc. Class A Common Stock",$16.00,-0.34,-2.081%,"421,152,144"
FRPH,"FRP Holdings, Inc. Common Stock",$21.93,-0.21,-0.949%,"421,018,741"
SHOE,"Shoe Station Group, Inc. Common Stock",$15.50,0.26,1.706%,"420,845,274"
MGRD,"Affiliated Managers Group, Inc. 4.200% Junior Subordinated Notes due 2061",$14.81,-0.11,-0.737%,"420,782,653"
AIRJ,AirJoule Technologies Corporation Class A Common Stock,$5.81,-0.23,-3.808%,"420,647,416"
CHCT,Community Healthcare Trust Incorporated Common Stock,$14.67,-0.41,-2.719%,"420,351,862"
EYPT,"EyePoint, Inc. Common Stock",$4.87,-9.88,-66.983%,"419,853,112"
AVIR,"Atea Pharmaceuticals, Inc. Common Stock",$5.22,0.10,1.953%,"418,668,529"
OPI,Office Properties Income Trust Common shares of beneficial interest,$19.00,0.01,0.053%,"417,117,963"
CMPX,"Compass Therapeutics, Inc. Common Stock",$2.31,0.06,2.667%,"416,003,084"
CYH,"Community Health Systems, Inc. Common Stock",$2.95,-0.05,-1.667%,"415,977,603"
USCB,"USCB Financial Holdings, Inc. Class A Common Stock",$22.50,0.155,0.694%,"415,675,575"
ERII,"Energy Recovery, Inc. Common Stock",$8.14,-0.21,-2.515%,"415,505,283"
GRRR,Gorilla Technology Group Inc. Ordinary shares,$14.95,-1.42,-8.674%,"414,974,236"
SI,"Shoulder Innovations, Inc. Common Stock",$19.92,-0.81,-3.907%,"414,713,623"
CRMLW,Critical Metals Corp. Warrants,$2.82,-0.05,-1.742%,"414,226,283"
CDRO,"Codere Online Luxembourg, S.A. Ordinary Shares",$9.09,-0.08,-0.872%,"413,321,527"
RNGR,"Ranger Energy Services, Inc. Class A Common Stock",$17.65,0.26,1.495%,"413,045,706"
FENC,Fennec Pharmaceuticals Inc. Common Stock,$11.83,0.11,0.939%,"412,710,241"
FRST,Primis Financial Corp. Common Stock,$16.64,-0.02,-0.12%,"412,656,558"
BNED,"Barnes & Noble Education, Inc Common Stock",$11.87,-0.27,-2.224%,"411,473,313"
SGU,Star Group L.P. Common Stock,$12.53,-0.11,-0.87%,"411,124,536"
EH,EHang Holdings Limited ADS,$5.71,-0.22,-3.71%,"411,033,539"
DDT,Dillard's Capital Trust I,$26.311,0.041,0.156%,"410,963,901"
ELA,Envela Corporation Common Stock,$15.82,-0.21,-1.31%,"410,742,190"
PKBK,"Parke Bancorp, Inc. Common Stock",$34.90,-0.23,-0.655%,"410,475,303"
LSAK,"Lesaka Technologies, Inc. Common Stock",$4.77,0.035,0.739%,"409,250,707"
MCFT,"MasterCraft Boat Holdings, Inc. Common Stock",$25.11,0.13,0.52%,"408,788,038"
LXEO,"Lexeo Therapeutics, Inc. Common Stock",$4.98,0.14,2.893%,"408,590,350"
OFIX,Orthofix Medical Inc. Common Stock (DE),$10.03,-0.31,-2.998%,"408,548,058"
TMCR,The Metals Royalty Company Inc. Common Stock,$6.57,-1.12,-14.564%,"407,633,870"
RLGT,"Radiant Logistics, Inc. Common Stock",$8.68,-0.03,-0.344%,"406,498,861"
FSTR,L.B. Foster Company Common Stock,$38.48,-0.26,-0.671%,"404,800,480"
OPTU,"Optimum Communications, Inc. Class A common stock",$0.8842,-0.0362,-3.933%,"402,828,129"
ADV,Advantage Solutions Inc. Class A Common Stock,$31.34,-1.44,-4.393%,"401,848,688"
PCTTW,"PureCycle Technologies, Inc. Warrant",$2.00,0.01,0.503%,"401,809,620"
WILC,"G. Willi-Food International,  Ltd. Ordinary Shares",$28.80,0.07,0.244%,"401,192,928"
HCMA,HCM III Acquisition Corp. Class A Ordinary Share,$10.32,UNCH,--,"400,545,000"
FHTX,Foghorn Therapeutics Inc. Common Stock,$6.74,0.48,7.668%,"400,257,023"
SDHY,PGIM Short Duration High Yield Opportunities Fund Common Shares,$16.22,0.12,0.745%,"400,196,968"
CLFD,"Clearfield, Inc. Common Stock",$29.46,0.67,2.327%,"400,183,314"
METCB,"Ramaco Resources, Inc. Class B Common Stock",$6.31,-0.50,-7.342%,"399,979,788"
ZIP,"ZipRecruiter, Inc. Class A Common Stock",$4.86,0.16,3.404%,"399,619,152"
NATH,"Nathan's Famous, Inc. Common Stock",$97.50,0.53,0.547%,"399,521,948"
CHMG,Chemung Financial Corp Common Stock,$82.79,-1.13,-1.347%,"399,169,667"
FNLC,"First Bancorp, Inc  (ME) Common Stock",$35.37,-0.25,-0.702%,"399,056,366"
CCAP,"Crescent Capital BDC, Inc. Common stock",$10.82,-0.33,-2.96%,"398,673,201"
MFI,mF International Limited Class A Ordinary Shares,$7.94,UNCH,--,"398,401,291"
AUNA,Auna SA Class A Ordinary Shares,$5.38,0.14,2.672%,"398,189,752"
MVBF,MVB Financial Corp. Common Stock,$30.69,-0.02,-0.065%,"397,972,790"
GBLI,"Global Indemnity Group, LLC Class A Common Stock ",$27.18,0.11,0.406%,"397,931,889"
VKI,Invesco Advantage Municipal Income Trust II Common Shares of Beneficial Interest (DE),$8.96,-0.16,-1.754%,"397,877,939"
MTLS,Materialise NV American Depositary Shares,$6.73,-0.19,-2.746%,"397,522,162"
ORN,"Orion Group Holdings, Inc. Common",$9.81,-0.12,-1.208%,"397,258,795"
NEGG,"Newegg Commerce, Inc. Common Shares",$18.92,0.22,1.176%,"396,817,163"
SAJ,Saratoga Investment Corp 8.00% Notes due 2027,$25.3214,-0.0086,-0.034%,"396,739,012"
IHRT,"iHeartMedia, Inc. Class A Common Stock",$2.96,0.01,0.339%,"395,749,416"
HQWWW,Horizon Quantum Holdings Ltd. Warrant,$7.33,-0.0205,-0.279%,"395,615,346"
GEVO,"Gevo, Inc. Common Stock",$1.60,-0.09,-5.325%,"395,579,366"
BRCB,"Black Rock Coffee Bar, Inc. Class A Common Stock",$7.90,-0.29,-3.541%,"395,574,164"
BOC,Boston Omaha Corporation Class A Common Stock,$13.12,-0.82,-5.882%,"395,260,546"
SAZ,Saratoga Investment Corp 8.50% Notes due 2028,$25.19,-0.02,-0.079%,"394,680,220"
PCB,PCB Bancorp Common Stock,$28.08,-0.35,-1.231%,"394,372,424"
CZFS,"Citizens Financial Services, Inc. Common Stock",$81.89,-0.65,-0.787%,"393,879,026"
SAY,Saratoga Investment Corp 8.125% Notes due 2027,$25.09,UNCH,--,"393,113,407"
UPB,"Upstream Bio, Inc. Common Stock",$7.14,0.07,0.99%,"391,065,233"
GOTU,Gaotu Techedu Inc. American Depositary Shares,$1.64,-0.04,-2.381%,"391,044,621"
SAT,Saratoga Investment Corp 6.00% Notes due 2027,$24.95,0.0701,0.282%,"390,919,868"
MOBI,"Mobia Medical, Inc. Common Stock",$11.74,-0.02,-0.17%,"390,837,467"
ACCO,Acco Brands Corporation Common Stock,$4.23,-0.11,-2.535%,"390,461,013"
HTZWW,"Hertz Global Holdings, Inc Warrant",$1.095,-0.025,-2.232%,"390,314,275"
GREEL,Vulcan Infrastructure and Power Inc. 8.50% Senior Notes due 2026,$24.90,0.15,0.606%,"390,268,083"
HTT,"High Templar Tech Limited American depositary shares, each representing one Class A ordinary share",$2.51,-0.02,-0.791%,"389,761,595"
NPWR,NET Power Inc. Class A Common Stock,$1.73,-0.22,-11.282%,"389,005,311"
SOR,"Source Capital, Inc. Cmn Shs of BI",$46.49,0.065,0.14%,"387,935,015"
TKNO,"Alpha Teknova, Inc. Common Stock",$7.22,-0.07,-0.96%,"387,629,136"
XRX,Xerox Holdings Corporation Common Stock,$2.95,-0.15,-4.839%,"387,377,807"
CD,Chaince Digital Holdings Inc. Ordinary Shares,$3.52,-0.44,-11.111%,"387,213,376"
RR,Richtech Robotics Inc. Class B Common Stock,$1.72,-0.08,-4.444%,"387,175,342"
AIOT,"PowerFleet, Inc. Common Stock",$2.88,-0.23,-7.395%,"386,570,644"
LEO,"BNY Mellon Strategic Municipals, Inc. Common Stock",$6.20,-0.06,-0.958%,"386,203,295"
NOA,North American Construction Group Ltd. Common Shares (no par),$13.93,0.08,0.578%,"386,006,736"
GNE,Genie Energy Ltd. Class B Common Stock Stock,$14.65,0.11,0.757%,"385,582,477"
CRNC,Cerence Inc. Common Stock,$8.52,-0.47,-5.228%,"385,361,790"
ELVA,Electrovaya Inc. Common Shares,$7.70,-0.25,-3.145%,"384,991,507"
GCO,Genesco Inc. Common Stock,$34.64,-0.55,-1.563%,"384,745,545"
ATLCZ,Atlanticus Holdings Corporation 9.25% Senior Notes due 2029,$25.4299,-0.0279,-0.11%,"384,638,656"
OPAL,OPAL Fuels Inc. Class A Common Stock,$2.20,0.05,2.326%,"384,464,478"
CNCK,Coincheck Group N.V. Ordinary Shares,$2.00,-0.04,-1.961%,"383,595,946"
MSC,"Studio City International Holdings Limited American depositary shares, each representing four  Class A ordinary shares",$1.82,0.02,1.111%,"383,503,329"
MGPI,"MGP Ingredients, Inc.",$17.89,0.17,0.959%,"383,097,820"
MPTI,"M-tron Industries, Inc. Common Stock",$88.05,-0.49,-0.553%,"382,707,212"
TACO,Berto Acquisition Corp. Ordinary Shares,$10.45,UNCH,--,"380,821,324"
PERI,Perion Network Ltd. Ordinary Shares,$9.68,-0.11,-1.124%,"380,717,488"
SOHU,Sohu.com Limited American Depositary Shares,$14.60,0.10,0.69%,"380,607,721"
AIV,Apartment Investment and Management Company Common Stock,$2.62,-0.02,-0.758%,"380,520,673"
ATLCL,Atlanticus Holdings Corporation 6.125% Senior Notes due 2026,$25.10,-0.01,-0.04%,"379,648,770"
CIX,CompX International Inc. Common Stock,$30.77,-0.43,-1.378%,"379,598,936"
FLXS,"Flexsteel Industries, Inc. Common Stock",$70.86,-2.93,-3.971%,"379,492,927"
WSBF,"Waterstone Financial, Inc. Common Stock (MD)",$21.10,-0.16,-0.753%,"379,315,291"
LE,"Lands' End, Inc. Common Stock",$12.32,-0.16,-1.282%,"378,727,481"
PTLO,Portillo's Inc. Class A Common Stock,$4.97,-0.19,-3.682%,"377,437,823"
CARL,"Carlsmed, Inc. Common Stock",$13.78,-0.54,-3.771%,"376,231,799"
PACB,"Pacific Biosciences of California, Inc. Common Stock",$1.21,0.06,5.217%,"376,105,218"
ALLT,Allot Ltd. Ordinary Shares,$7.68,-0.15,-1.916%,"375,729,400"
TDUP,ThredUp Inc. Class A Common Stock,$2.86,-0.21,-6.84%,"375,614,239"
SBC,SBC Medical Group Holdings Incorporated Common Stock,$3.65,-0.01,-0.273%,"375,391,342"
PALI,"Palisade Bio, Inc. Common Stock",$2.15,0.01,0.467%,"374,681,700"
PESI,"Perma-Fix Environmental Services, Inc. Common Stock",$17.63,0.26,1.497%,"374,079,528"
LWAY,"Lifeway Foods, Inc. Common Stock",$24.75,-1.07,-4.144%,"373,891,988"
ENTA,"Enanta Pharmaceuticals, Inc. Common Stock",$12.83,-0.33,-2.508%,"373,678,908"
RCKT,"Rocket Pharmaceuticals, Inc. Common Stock",$3.40,-0.07,-2.017%,"373,233,630"
SHMD,SCHMID Group N.V. Class A Ordinary Shares,$5.68,0.23,4.22%,"373,038,124"
GORO,Goldgroup Mining Inc. Common Shares,$2.76,0.01,0.364%,"372,305,251"
API,"Agora, Inc. American Depositary Shares",$4.40,-0.24,-5.172%,"372,019,054"
RBBN,Ribbon Communications Inc. Common Stock,$2.08,-0.03,-1.422%,"371,952,572"
NWFL,Norwood Financial Corp. Common Stock,$34.09,-0.40,-1.16%,"371,651,703"
SLP,"Simulations Plus, Inc. Common Stock",$18.36,0.01,0.054%,"371,328,026"
DSC,DSC Holdings Ltd. American Depositary Shares,$7.405,0.205,2.847%,"370,786,803"
NEWT,"NewtekOne, Inc. Common Stock",$12.83,-0.19,-1.459%,"370,591,099"
SHIP,Seanergy Maritime Holdings Corp. Common Stock,$17.10,0.33,1.968%,"370,526,186"
HLLY,Holley Inc. Common Stock,$3.05,-0.06,-1.929%,"369,764,136"
VOXR,Vox Royalty Corp. Common Stock,$5.32,0.11,2.111%,"369,714,911"
STRO,"Sutro Biopharma, Inc. Common Stock",$22.28,1.80,8.789%,"369,428,490"
MCI,Barings Corporate Investors Common Stock,$18.22,1.18,6.925%,"369,168,520"
NECB,"NorthEast Community Bancorp, Inc. Common Stock",$26.77,-0.26,-0.962%,"368,517,399"
CATX,"Perspective Therapeutics, Inc. Common Stock",$3.22,0.02,0.625%,"367,568,355"
ATLCP,"Atlanticus Holdings Corporation 7.625% Series B Cumulative Perpetual Preferred Stock, no par value per share",$24.225,0.015,0.062%,"367,494,171"
GOGO,Gogo Inc. Common Stock,$2.70,-0.13,-4.594%,"365,871,227"
LND,Brasilagro Brazilian Agric Real Estate Co Sponsored ADR (Brazil),$3.56,-0.02,-0.559%,"365,553,061"
FOA,Finance of America Companies Inc. Class A Common Stock,$21.09,-0.67,-3.079%,"365,002,310"
CLNE,Clean Energy Fuels Corp. Common Stock,$1.655,-0.175,-9.563%,"364,836,500"
REI,"Ring Energy, Inc. Common Stock",$1.40,0.03,2.19%,"364,755,450"
TRX,TRX Gold Corporation Common Stock,$1.11,-0.01,-0.893%,"363,496,150"
OPTX,"Syntec Optics Holdings, Inc. Class A Common Stock",$9.01,0.20,2.27%,"362,921,701"
TWIN,"Twin Disc, Incorporated Common Stock",$25.16,0.62,2.526%,"362,878,327"
ALIT,"Alight, Inc. Class A Common Stock",$13.44,-0.36,-2.609%,"362,061,410"
MNRO,"Monro, Inc. Common Stock",$11.56,0.08,0.697%,"361,412,534"
ARTNA,Artesian Resources Corporation Class A Common Stock,$34.95,-0.5101,-1.439%,"360,932,879"
GTE,Gran Tierra Energy Inc. Common Stock,$9.38,0.19,2.067%,"360,192,000"
LZM,Lifezone Metals Limited Ordinary Shares,$4.00,0.04,1.01%,"359,658,228"
WDH,Waterdrop Inc. American Depositary Shares (each representing the right to receive 10 Class A Ordinary Shares),$1.00,UNCH,--,"359,301,953"
BRBS,"Blue Ridge Bankshares, Inc. Common Stock",$4.00,0.31,8.401%,"358,755,412"
AVBH,"Avidbank Holdings, Inc. Common stock",$32.65,-0.23,-0.70%,"358,610,622"
PMO,Franklin Municipal Opportunities Trust Shares of Beneficial Interest,$10.51,-0.08,-0.755%,"357,146,269"
DMAC,DiaMedica Therapeutics Inc. Common Stock,$6.62,-0.06,-0.898%,"356,988,114"
GASS,"StealthGas, Inc. Common Stock",$9.60,0.14,1.48%,"356,982,586"
TSBK,"Timberland Bancorp, Inc. Common Stock",$45.87,-0.18,-0.391%,"356,669,891"
KNOP,KNOT Offshore Partners LP Common Units representing Limited Partner Interests,$10.56,-0.11,-1.031%,"355,453,212"
LAND,Gladstone Land Corporation Common Stock,$8.24,-0.07,-0.842%,"355,445,362"
HSAI,Hesai Group American Depositary Share,$18.07,-0.14,-0.769%,"354,944,962"
CION,CION Investment Corporation Common Stock,$7.21,-0.22,-2.961%,"354,751,496"
FTW,Presidio Production Company Class A Common Stock,$11.31,0.09,0.802%,"354,294,968"
GALT,Galectin Therapeutics Inc. Common Stock,$3.51,0.07,2.035%,"353,982,250"
TRVG,trivago N.V. American Depositary Shares,$5.01,-0.09,-1.765%,"353,804,567"
AIBZ,Bitzero Holdings Inc. Common Shares,$6.55,-0.20,-2.963%,"353,394,541"
KTF,DWS Municipal Income Trust,$8.94,-0.05,-0.556%,"353,138,386"
PLAY,"Dave & Buster's Entertainment, Inc. Common Stock",$10.15,-0.04,-0.393%,"353,105,244"
IPSC,"Century Therapeutics, Inc. Common Stock",$1.95,0.03,1.563%,"353,096,876"
AIAI,AIAI Holdings Corporation Class A Common Stock,$5.01,-0.87,-14.796%,"352,273,090"
OEC,Orion S.A. Common Shares,$6.23,-0.21,-3.261%,"352,136,415"
BLND,"Blend Labs, Inc. Class A Common Stock",$1.48,-0.01,-0.671%,"350,039,712"
SEG,Seaport Entertainment Group Inc. Common Stock,$27.31,-0.40,-1.444%,"349,828,428"
RCKY,"Rocky Brands, Inc. Common Stock",$46.68,-0.85,-1.788%,"349,722,405"
CVEO,Civeo Corporation (Canada) Common Shares,$33.74,0.45,1.352%,"348,765,623"
FRD,Friedman Industries Inc. Common Stock,$48.08,2.23,4.864%,"346,790,991"
OPRT,Oportun Financial Corporation Common Stock,$7.52,-0.19,-2.464%,"345,824,143"
PINE,"Alpine Income Property Trust, Inc. Common Stock",$19.59,-0.16,-0.81%,"345,189,748"
VMD,"Viemed Healthcare, Inc. Common Shares",$9.05,-0.15,-1.63%,"344,698,463"
CUB,Lionheart Holdings Class A Ordinary Shares,$10.84,-0.01,-0.092%,"344,371,364"
CUVL,Clinuvel Pharmaceuticals Limited American Depositary Shares,$6.875,-0.025,-0.362%,"344,167,313"
PPT,Franklin Premier Income Trust Shares of Beneficial Interest,$3.45,-0.01,-0.289%,"343,372,507"
BMBL,Bumble Inc. Class A Common Stock,$2.60,-0.11,-4.059%,"343,117,616"
SABS,"SAB Biotherapeutics, Inc. Common Stock",$3.77,0.07,1.892%,"343,018,607"
SCTX,Scribe Therapeutics Inc. Common Stock,$21.19,0.46,2.219%,"342,896,792"
TCPC,BlackRock TCP Capital Corp. Common Stock,$4.08,UNCH,--,"342,323,322"
STRT,STRATTEC SECURITY CORPORATION Common Stock,$81.74,-1.60,-1.92%,"341,575,030"
MRLN,"Merlin, Inc. Common Stock",$3.535,-0.22,-5.859%,"341,212,524"
FNKO,"Funko, Inc. Class A Common Stock",$6.09,-0.05,-0.814%,"341,014,215"
PNRG,PrimeEnergy Resources Corporation Common Stock,$210.60,9.62,4.787%,"340,750,800"
ABEO,Abeona Therapeutics Inc. Common Stock,$5.94,-0.045,-0.752%,"339,673,061"
FOSL,"Fossil Group, Inc. Common Stock",$5.74,0.17,3.052%,"339,452,418"
NNBR,"NN, Inc. Common Stock",$4.11,0.21,5.385%,"339,407,351"
FVCB,"FVCBankcorp, Inc. Common Stock",$18.74,-0.04,-0.213%,"337,961,002"
IMRX,Immuneering Corporation Class A Common Stock,$5.22,0.16,3.162%,"337,720,438"
MTRX,Matrix Service Company Common Stock,$11.98,0.07,0.588%,"337,043,523"
VALU,"Value Line, Inc. Common Stock",$35.89,-1.68,-4.472%,"336,776,435"
NNDM,Nano Dimension Ltd. American Depositary Shares,$1.59,-0.04,-2.454%,"335,234,027"
OSS,"One Stop Systems, Inc. Common Stock",$13.44,-0.17,-1.249%,"335,195,347"
HRZN,Horizon Technology Finance Corporation Common Stock,$5.00,0.08,1.626%,"335,169,545"
PHOS,First Phosphate Corp. American Depositary Shares,$17.71,0.31,1.782%,"334,974,963"
VGZ,Vista Gold Corp Common Stock,$2.29,-0.02,-0.866%,"334,274,382"
BCML,BayCom Corp Common Stock,$30.60,-0.465,-1.497%,"334,155,580"
DRTSW,Alpha Tau Medical Ltd. Warrant,$3.61,-0.13,-3.476%,"333,846,136"
IKT,"Inhibikase Therapeutics, Inc. Common Stock",$2.39,-0.02,-0.83%,"333,490,801"
ELMD,"Electromed, Inc. Common Stock",$40.23,-0.99,-2.402%,"333,106,975"
CLW,Clearwater Paper Corporation Common Stock,$20.63,-0.79,-3.688%,"332,715,771"
COSO,"CoastalSouth Bancshares, Inc. Common Stock",$27.83,0.02,0.072%,"332,692,232"
LYEL,"Lyell Immunopharma, Inc. Common Stock",$13.55,-0.40,-2.867%,"332,044,661"
ABAT,American Battery Technology Company Common Stock,$2.43,-0.06,-2.41%,"331,487,014"
DSX,Diana Shipping inc. common stock,$2.66,0.18,7.258%,"330,940,445"
PMTS,CPI Card Group Inc. Common Stock,$28.70,0.20,0.702%,"330,930,200"
TLS,Telos Corporation Common Stock,$4.39,-0.15,-3.304%,"328,094,504"
JACK,Jack In The Box Inc. Common Stock,$17.10,0.07,0.411%,"327,966,543"
ALTO,"Alto Ingredients, Inc. Common Stock",$4.22,0.04,0.957%,"327,335,120"
CHSCP,CHS Inc. 8%  Cumulative Redeemable Preferred Stock,$26.64,-0.06,-0.225%,"326,926,160"
FCCO,First Community Corporation Common Stock,$34.70,0.35,1.019%,"326,170,666"
JMSB,"John Marshall Bancorp, Inc. Common Stock",$23.09,-0.16,-0.688%,"325,849,174"
WAVE,Eco Wave Power Global AB (publ) American Depositary Shares,$6.97,-0.18,-2.517%,"325,619,637"
ALMU,"Aeluma, Inc. Common Stock",$17.78,-0.64,-3.474%,"325,468,856"
SLNH,"Soluna Holdings, Inc. Common Stock",$1.33,0.02,1.527%,"325,305,465"
PRE,Prenetics Global Limited Class A Ordinary Share,$19.37,-0.38,-1.924%,"325,016,145"
RFMZ,"RiverNorth Flexible Municipal Income Fund II, Inc. Common Stock",$13.34,-0.06,-0.448%,"324,852,425"
TLSI,"TriSalus Life Sciences, Inc. Common Stock",$5.27,UNCH,--,"324,498,142"
CV,"CapsoVision, Inc. Common Stock",$6.445,-0.015,-0.232%,"322,552,354"
AGEN,Agenus Inc. Common Stock,$7.15,-0.17,-2.322%,"321,895,910"
BKKT,"Bakkt, Inc. Class A Common Stock",$7.12,-0.53,-6.928%,"320,894,541"
AZ,A2Z Cust2Mate Solutions Corp. Common Shares,$7.28,-0.05,-0.682%,"320,512,680"
NREF,"NexPoint Real Estate Finance, Inc. Common Stock",$16.99,0.04,0.236%,"320,228,013"
SNDL,SNDL Inc. Common Shares,$1.23,-0.03,-2.381%,"320,169,000"
ONIT,Onity Group Inc. Common Stock,$38.25,-0.97,-2.473%,"319,560,390"
PDYN,Palladyne AI Corp. Common Stock,$6.47,-0.14,-2.118%,"319,220,160"
FSBW,"FS Bancorp, Inc. Common Stock",$42.87,-0.61,-1.403%,"318,608,640"
VNDA,Vanda Pharmaceuticals Inc. Common Stock,$5.26,0.04,0.766%,"318,033,734"
FUND,"Sprott Focus Trust, Inc. Common Stock",$10.72,0.035,0.328%,"317,671,731"
CHSCO,CHS Inc. Class B Cumulative Redeemable Preferred Stock,$25.8799,0.1199,0.465%,"317,598,210"
OFSSH,OFS Capital Corporation 4.95% Notes due 2028,$23.698,-0.002,-0.008%,"317,507,652"
MLP,"Maui Land & Pineapple Company, Inc. Common Stock",$15.98,0.70,4.581%,"317,436,404"
XPER,Xperi Inc. Common Stock ,$6.50,-0.24,-3.561%,"317,016,843"
FDBC,"Fidelity D & D Bancorp, Inc. Common Stock",$54.42,-1.32,-2.368%,"316,099,005"
FWDI,"Forward Industries, Inc. Common Stock",$4.28,0.02,0.469%,"316,064,659"
FINS,Angel Oak Financial Strategies Income Term Trust Common Shares of Beneficial Interest,$12.60,-0.07,-0.552%,"315,789,239"
AREC,American Resources Corporation Class A Common Stock,$2.95,0.07,2.431%,"315,565,252"
VFF,"Village Farms International, Inc. Common Shares",$2.58,0.05,1.976%,"315,498,646"
RPAY,Repay Holdings Corporation Class A Common Stock,$3.51,-0.15,-4.098%,"315,410,871"
EFT,Eaton Vance Floating Rate Income Trust Common Shares of Beneficial Interest,$10.84,-0.05,-0.459%,"315,340,099"
FGBIP,"First Guaranty Bancshares, Inc. 6.75% Series A Fixed-Rate Non-Cumulative Perpetual Preferred Stock",$19.125,-0.05,-0.261%,"314,878,743"
FVRR,"Fiverr International Ltd. Ordinary Shares, no par value",$8.74,-0.27,-2.997%,"314,209,363"
NL,"NLI Holdings, Inc. Common Stock",$6.42,-0.02,-0.311%,"313,929,872"
FATE,"Fate Therapeutics, Inc. Common Stock",$2.62,0.05,1.946%,"313,929,747"
CAMP,CAMP4 Therapeutics Corporation Common Stock,$5.00,-0.44,-8.088%,"313,766,000"
NC,"NACCO Industries, Inc. Common Stock",$41.51,-1.13,-2.65%,"313,263,309"
ISBA,Isabella Bank Corporation Common stock,$41.00,-0.60,-1.442%,"312,783,793"
CLLS,Cellectis S.A. American Depositary Shares,$3.11,0.06,1.967%,"312,639,828"
SMTI,Sanara MedTech Inc. Common Stock,$34.00,-0.15,-0.439%,"312,393,190"
GBAB,Guggenheim Taxable Municipal Bond & Investment Grade Debt Trust Common Shares of Beneficial Interest,$13.92,-0.16,-1.136%,"311,764,918"
CHSCL,"CHS Inc Class B Cumulative Redeemable Preferred Stock, Series 4",$25.35,0.02,0.079%,"311,095,276"
NODK,"NI Holdings, Inc. Common Stock",$15.22,-0.08,-0.523%,"310,559,884"
RM,Regional Management Corp. Common Stock,$33.66,0.16,0.478%,"310,540,226"
MVST,"Microvast Holdings, Inc. Common Stock",$0.8074,-0.0311,-3.709%,"310,473,144"
TCI,"Transcontinental Realty Investors, Inc. Common Stock",$35.38,-0.53,-1.476%,"310,422,882"
CBNA,"Chain Bridge Bancorp, Inc. Class A Common Stock",$47.08,0.23,0.491%,"308,930,344"
SWKHL,SWK Holdings Corporation 9.00% Senior Notes due 2027,$25.43,0.0292,0.115%,"308,908,153"
MYFW,"First Western Financial, Inc. Common Stock",$31.62,-0.09,-0.284%,"308,773,379"
CHSCN,CHS Inc Preferred Class B Series 2 Reset Rate,$25.16,-0.05,-0.198%,"308,763,595"
PMM,Franklin Managed Municipal Income Trust Shares of Beneficial Interest,$6.33,0.01,0.158%,"308,516,661"
GBFH,GBank Financial Holdings Inc. Common Stock,$21.21,-0.25,-1.165%,"307,894,053"
MKTW,"MarketWise, Inc. Class A Common Stock",$19.46,0.07,0.361%,"306,971,478"
FXHO,UTime Limited Class A Ordinary Shares,$11.63,0.44,3.932%,"305,593,730"
LTBR,Lightbridge Corporation Common Stock,$8.15,-0.30,-3.55%,"305,283,442"
IFRX,InflaRx N.V. Common Stock,$2.07,0.03,1.471%,"305,052,217"
ZUMZ,Zumiez Inc. Common Stock,$18.02,-0.62,-3.326%,"304,037,314"
IRD,"Opus Genetics, Inc. Common Stock",$3.65,0.04,1.108%,"303,664,754"
MSB,Mesabi Trust Common Stock,$23.13,0.17,0.74%,"303,465,831"
KLC,"KinderCare Learning Companies, Inc. Common Stock",$2.56,-0.04,-1.538%,"303,403,604"
LEGO,Legato Merger Corp. IV Ordinary Shares,$9.99,UNCH,--,"302,767,290"
TBI,"TrueBlue, Inc. Common Stock",$9.94,-0.29,-2.835%,"302,616,779"
DUOT,"Duos Technologies Group, Inc. Common Stock",$10.28,1.17,12.843%,"302,367,655"
SSP,E.W. Scripps Company (The) Class A Common Stock,$3.26,-0.19,-5.507%,"302,100,911"
SAR,Saratoga Investment Corp New,$18.71,-0.19,-1.005%,"300,873,938"
CHSCM,"CHS Inc Class B Reset Rate Cumulative Redeemable Preferred Stock, Series 3",$24.48,-0.0487,-0.199%,"300,418,633"
YSG,"Yatsen Holding Limited American Depositary Shares, each representing twenty (20) Class A Ordinary Shares",$3.19,-0.21,-6.176%,"299,430,632"
AVXL,Anavex Life Sciences Corp. Common Stock,$3.21,-0.01,-0.311%,"297,476,343"
AIRO,"AIRO Group Holdings, Inc. Common Stock",$9.41,-0.16,-1.672%,"296,941,179"
AMRN,Amarin Corporation plc,$14.01,-0.06,-0.426%,"295,930,904"
LDI,"loanDepot, Inc. Class A Common Stock",$0.8748,-0.0218,-2.431%,"295,818,228"
TTRX,Turn Therapeutics Inc. Common Stock,$9.91,0.34,3.553%,"295,199,476"
ASYS,"Amtech Systems, Inc. Common Stock",$16.86,0.82,5.112%,"295,186,583"
DBI,Designer Brands Inc. Class A Common Stock,$5.81,-0.08,-1.358%,"295,014,829"
ORBS,Eightco Holdings Inc. Common Stock,$0.6824,-0.0392,-5.432%,"293,280,098"
GENC,"Gencor Industries, Inc. Common Stock",$20.00,2.00,11.111%,"293,154,040"
FULC,"Fulcrum Therapeutics, Inc. Common Stock",$3.84,0.10,2.674%,"292,981,467"
RELL,"Richardson Electronics, Ltd. Common Stock",$19.92,-0.42,-2.065%,"292,674,461"
TMCI,"Treace Medical Concepts, Inc. Common Stock",$4.50,-0.29,-6.054%,"292,655,484"
MYGN,"Myriad Genetics, Inc. Common Stock",$3.05,0.02,0.66%,"291,731,417"
JAKK,"JAKKS Pacific, Inc. Common Stock",$25.47,-0.23,-0.895%,"291,504,456"
BPRN,"Princeton Bancorp, Inc. Common Stock (PA)",$42.76,-0.71,-1.633%,"291,332,475"
SUPX,SuperX AI Technology Limited Ordinary Shares,$6.74,-0.25,-3.577%,"291,279,446"
RMMZ,"RiverNorth Managed Duration Municipal Income Fund II, Inc. Common Stock",$14.756,0.016,0.109%,"291,277,951"
ELDN,"Eledon Pharmaceuticals, Inc. Common Stock",$3.58,0.04,1.13%,"290,914,924"
AUROW,"Aurora Innovation, Inc. Warrant",$0.1451,-0.0298,-17.038%,"290,802,929"
EMBC,Embecta Corp. Common Stock,$5.13,0.03,0.588%,"290,663,743"
XYF,"X Financial American Depositary Shares, each representing six Class A Ordinary Shares",$5.30,-0.12,-2.214%,"290,349,052"
FUNC,First United Corporation Common Stock,$44.93,-0.45,-0.992%,"289,970,851"
OCCIN,"OFS Credit Company, Inc. 5.25% Series E Term Preferred Stock Due 2026",$24.96,0.03,0.12%,"289,948,090"
ALCO,"Alico, Inc. Common Stock",$39.07,-1.01,-2.52%,"289,843,178"
REA,"Rare Earths Americas, Inc. Common Stock",$14.51,-0.63,-4.161%,"289,530,973"
SMJF,SMJ International Holdings Inc. Class A Ordinary Shares,$10.45,0.20,1.951%,"289,517,250"
OIA,Invesco Municipal Income Opportunities Trust Common Stock,$6.08,-0.06,-0.977%,"289,441,981"
MTC,"MMTec, Inc. Common Shares",$2.90,0.02,0.694%,"288,804,652"
KINS,"Kingstone Companies, Inc. Common Stock",$19.90,0.21,1.067%,"288,075,047"
FNRN,First Northern Community Bancorp Common stock,$17.55,UNCH,--,"287,737,568"
RCMT,"RCM Technologies, Inc. Common Stock",$40.43,5.38,15.35%,"287,487,986"
OVLY,Oak Valley Bancorp (CA) Common Stock,$34.17,0.10,0.294%,"287,487,860"
ANIK,Anika Therapeutics Inc. Common Stock,$21.47,-0.03,-0.14%,"287,332,280"
BKTI,BK Technologies Corporation Common Stock,$76.22,2.22,3.00%,"287,302,830"
FXNC,First National Corporation Common Stock,$31.77,-0.11,-0.345%,"287,284,323"
FRAF,Franklin Financial Services Corporation Common Stock,$63.84,-0.22,-0.343%,"287,253,315"
OFLX,"Omega Flex, Inc. Common Stock",$28.45,-0.22,-0.767%,"287,183,461"
IMSRW,Terrestrial Energy Inc. Warrant,$2.70,0.05,1.887%,"286,025,186"
RZLVW,Rezolve AI PLC Warrants,$0.7143,-0.0157,-2.151%,"285,999,838"
ARDC,"Ares Dynamic Credit Allocation Fund, Inc. Common Shares",$12.48,UNCH,--,"285,978,439"
RILY,"BRC Group Holdings, Inc. Common Stock",$7.11,-0.34,-4.564%,"285,820,258"
AFRI,Forafric Global PLC Ordinary Shares,$10.58,-0.04,-0.377%,"285,277,163"
AVNW,"Aviat Networks, Inc. Common Stock",$22.04,-0.11,-0.497%,"285,185,765"
RMM,"RiverNorth Managed Duration Municipal Income Fund, Inc. Common Stock",$14.44,-0.02,-0.138%,"285,040,228"
TRDA,"Entrada Therapeutics, Inc. Common Stock",$7.32,-0.14,-1.877%,"285,016,417"
ACV,Virtus Diversified Income & Convertible Fund Common Shares of Beneficial Interest,$27.44,-0.11,-0.399%,"284,359,458"
KWY,Kingsway Corporation Common Stock,$9.82,-0.12,-1.207%,"284,102,420"
OBIO,"Orchestra BioMed Holdings, Inc. Ordinary Shares",$4.72,0.31,7.029%,"283,695,831"
SMRT,"SmartRent, Inc. Class A Common Stock",$1.48,-0.01,-0.671%,"283,585,463"
LCNB,LCNB Corporation Common Stock,$19.89,0.04,0.202%,"283,531,711"
ZH,"Zhihu Inc. American Depositary Shares, each representing three (3) Class A Ordinary Shares",$3.19,0.01,0.314%,"283,223,397"
MIN,Aberdeen Intermediate Income Fund Common Shares of Beneficial Interest,$2.46,-0.02,-0.806%,"282,648,517"
ATLO,Ames National Corporation Common Stock,$31.88,0.28,0.886%,"282,368,174"
NMRA,"Neumora Therapeutics, Inc. Common Stock",$1.52,-0.08,-5.00%,"281,632,051"
ASLE,AerSale Corporation Common Stock,$5.90,0.03,0.511%,"281,587,902"
FCNCN,"First Citizens BancShares, Inc. Depositary Shares, each representing a 1/40th interest in a share of 6.625% Non-Cumulative Perpetual Preferred Stock, Series E",$24.89,-0.20,-0.797%,"281,085,757"
RC,Ready Capital Corporation Common Stock,$1.70,-0.15,-8.108%,"280,824,686"
MOVE,"Corvex, Inc. Common Stock",$10.16,-1.56,-13.311%,"280,779,169"
BGS,"B&G Foods, Inc. Common Stock",$3.45,-0.17,-4.696%,"280,401,065"
BCYC,Bicycle Therapeutics plc American Depositary Shares,$4.00,0.10,2.564%,"279,971,484"
SILC,Silicom Ltd Ordinary Shares,$48.65,-0.85,-1.717%,"279,621,275"
CFFI,C&F Financial Corporation Common Stock,$85.96,-2.43,-2.749%,"279,515,358"
SRZN,"Surrozen, Inc. Common Stock",$23.78,-0.18,-0.751%,"279,499,609"
JILL,"J. Jill, Inc. Common Stock",$18.68,-0.22,-1.164%,"279,292,432"
WNEB,"Western New England Bancorp, Inc. Common Stock",$13.93,0.07,0.505%,"279,238,997"
ESCA,"Escalade, Incorporated Common Stock",$20.26,0.195,0.972%,"278,900,659"
TG,Tredegar Corporation Common Stock,$7.98,0.05,0.631%,"278,854,429"
AENT,Alliance Entertainment Holding Corporation Class A Common Stock,$5.46,-0.20,-3.534%,"278,348,780"
LAW,"CS Disco, Inc. Common Stock",$4.28,-0.12,-2.727%,"277,856,594"
RNAC,"Cartesian Therapeutics, Inc. Common Stock",$9.18,0.34,3.846%,"277,744,131"
ELLO,Ellomay Capital Ltd Ordinary Shares (Israel),$20.01,-0.39,-1.912%,"275,802,432"
OCSAW,Oculis Holding AG Warrants,$4.75,-0.25,-5.00%,"275,426,081"
NSLR,Neostellar Capital Corp. Common Stock,$10.39,-0.13,-1.236%,"275,056,777"
HWBK,"Hawthorn Bancshares, Inc. Common Stock",$39.71,-0.19,-0.476%,"274,025,923"
DVLT,Datavault AI Inc. Common Stock,$0.3203,0.0023,0.723%,"273,682,457"
RMAX,"RE/MAX Holdings, Inc. Class A Common Stock",$12.80,0.25,1.992%,"272,867,098"
EOT,Eaton Vance Municipal Income Trust EATON VANCE NATIONAL MUNICIPAL OPPORTUNITIES TRUST,$17.44,0.0373,0.214%,"272,498,622"
ALXO,ALX Oncology Holdings Inc. Common Stock,$1.97,0.01,0.51%,"272,405,684"
PRQR,ProQR Therapeutics N.V. Ordinary Shares,$1.93,0.01,0.521%,"272,364,449"
BRT,BRT Apartments Corp. (MD) Common Stock,$14.48,0.12,0.836%,"272,126,651"
PCYO,Pure Cycle Corporation Common Stock,$11.27,0.01,0.089%,"271,577,360"
NKSH,"National Bankshares, Inc. Common Stock",$42.61,0.20,0.472%,"271,452,118"
ZJYL,JIN MEDICAL INTERNATIONAL LTD. Class A Ordinary Shares,$3.46,0.08,2.367%,"271,376,398"
CDZI,"CADIZ, Inc. Common Stock",$3.20,-0.27,-7.781%,"270,966,640"
DGXX,Digi Power X Inc. Subordinate Voting Shares,$3.88,-0.09,-2.267%,"270,852,902"
TTGT,"TechTarget, Inc. Common Stock",$3.74,-0.11,-2.857%,"270,524,148"
RWAY,Runway Growth Finance Corp. Common Stock,$6.45,-0.14,-2.124%,"270,318,881"
RXST,"RxSight, Inc. Common Stock",$6.48,-0.41,-5.951%,"269,524,299"
LAB,Standard BioTools Inc. Common Stock,$0.6845,-0.0279,-3.916%,"268,720,194"
LCTX,"Lineage Cell Therapeutics, Inc. Common Stock",$1.06,-0.01,-0.935%,"268,081,912"
TSSI,"TSS, Inc. Common Stock",$9.48,-0.20,-2.066%,"267,516,784"
SION,"Sionna Therapeutics, Inc. Common Stock",$5.91,-0.55,-8.514%,"267,205,278"
SMHI,SEACOR Marine Holdings Inc. Common Stock ,$9.82,-0.04,-0.406%,"266,444,351"
MMT,Aberdeen Multi-Market Income Fund Common Shares of Beneficial Interest,$4.47,0.03,0.676%,"266,180,923"
MNTK,"Montauk Renewables, Inc. Common Stock",$1.87,-0.01,-0.532%,"266,177,930"
VPV,Invesco Pennsylvania Value Municipal Income Trust Common Stock (DE),$11.17,-0.10,-0.887%,"266,176,006"
RMBI,"Richmond Mutual Bancorporation, Inc. Common Stock",$15.86,-0.06,-0.377%,"265,798,470"
ZNTL,"Zentalis Pharmaceuticals, Inc. Common Stock",$3.705,0.145,4.073%,"265,544,441"
PAMT,PAMT CORP Common Stock,$12.66,-0.10,-0.784%,"265,128,974"
LTRX,"Lantronix, Inc. Common Stock",$6.65,0.18,2.782%,"264,782,585"
WHWK,"Whitehawk Therapeutics, Inc. Common Stock",$4.64,0.18,4.036%,"264,521,806"
LODE,Comstock Inc. Common Stock,$3.47,0.01,0.289%,"263,695,873"
REFI,"Chicago Atlantic Real Estate Finance, Inc. Common Stock",$10.27,0.12,1.182%,"263,129,169"
CPZ,Calamos Long/Short Equity & Dynamic Income Trust Common Stock,$13.40,-0.08,-0.593%,"263,071,400"
VRXA,Veraxa Biotech AG Ordinary Shares,$1.86,-0.01,-0.535%,"263,018,532"
OSUR,"OraSure Technologies, Inc. Common Stock",$3.81,-0.03,-0.781%,"262,770,469"
GLOO,"Gloo Holdings, Inc. Class A Common Stock",$3.20,-0.28,-8.046%,"262,754,102"
CNXU,Conexeu Sciences Inc. Common Stock,$9.78,0.88,9.888%,"261,696,467"
VUZI,Vuzix Corporation Common Stock,$3.09,-0.01,-0.323%,"260,839,971"
GSIT,GSI Technology Common Stock,$6.78,-0.25,-3.556%,"260,572,960"
TII,Titan Mining Corporation Common Shares,$2.63,-0.10,-3.663%,"260,318,257"
HDSN,"Hudson Technologies, Inc. Common Stock",$6.15,0.48,8.466%,"258,844,564"
HCKT,Hackett Group Inc (The). Common Stock,$10.40,-0.26,-2.439%,"258,729,879"
NATR,"Nature's Sunshine Products, Inc. Common Stock",$14.70,-0.42,-2.778%,"258,654,144"
NUAIW,"New Era Energy & Digital, Inc. Warrants",$2.55,0.115,4.723%,"258,291,866"
MGNX,"MacroGenics, Inc. Common Stock",$4.06,-0.16,-3.791%,"258,066,279"
POWW,Outdoor Holding Company Common Stock,$2.22,-0.02,-0.893%,"257,554,093"
ACIU,AC Immune SA Common Stock,$2.53,0.04,1.606%,"257,487,140"
BETR,Better Home & Finance Holding Company Class A Common Stock,$13.54,-0.19,-1.384%,"257,240,760"
SUJA,"Suja Life, Inc. Class A Common Stock",$6.65,0.17,2.623%,"256,856,330"
NCMI,"National CineMedia, Inc. Common Stock",$2.73,-0.13,-4.545%,"256,812,309"
SIDU,"Sidus Space, Inc. Class A Common Stock",$2.535,-0.065,-2.50%,"256,606,201"
FLWS,"1-800-FLOWERS.COM, Inc. Common Stock",$4.00,-0.08,-1.961%,"256,393,932"
ACRE,Ares Commercial Real Estate Corporation Common Stock,$4.62,-0.10,-2.119%,"256,322,742"
NXDT,NexPoint Diversified Real Estate Trust Common Stock,$4.95,-0.16,-3.131%,"256,032,701"
GWRS,"Global Water Resources, Inc. Common Stock",$8.88,0.3053,3.56%,"255,702,726"
GLSI,"Greenwich LifeSciences, Inc. Common Stock",$17.38,0.58,3.452%,"255,107,255"
MFIN,Medallion Financial Corp. Common Stock,$11.10,-0.24,-2.116%,"254,858,764"
ADAG,Adagene Inc. American Depositary Shares,$3.83,0.13,3.514%,"252,977,605"
PPHC,"Public Policy Holding Company, Inc. Common Stock",$10.05,-0.07,-0.692%,"252,604,529"
INBK,First Internet Bancorp Common Stock,$28.85,-0.21,-0.723%,"251,963,610"
PYXS,"Pyxis Oncology, Inc. Common Stock",$3.02,0.01,0.332%,"251,892,311"
FF,FutureFuel Corp.  Common shares,$5.74,0.15,2.683%,"251,775,445"
MBI,MBIA Inc. Common Stock,$4.93,-0.24,-4.642%,"251,511,069"
XPOF,"Xponential Fitness, Inc. Class A Common Stock",$5.09,0.22,4.517%,"251,059,160"
VABK,Virginia National Bankshares Corporation Common Stock,$46.19,-0.60,-1.282%,"250,593,776"
LOVE,The Lovesac Company Common Stock,$17.11,-0.18,-1.041%,"250,463,332"
KLTR,"Kaltura, Inc. Common Stock",$1.64,0.01,0.613%,"250,184,006"
LMNR,Limoneira Co Common Stock,$13.79,-0.06,-0.433%,"250,040,377"
AUDC,AudioCodes Ltd. Common Stock,$10.14,-0.23,-2.218%,"249,351,209"
IMMR,Immersion Corporation Common Stock,$7.51,0.01,0.133%,"249,271,177"
STIM,"Neuronetics, Inc. Common Stock",$3.27,-0.03,-0.909%,"249,164,916"
SVCO,"Silvaco Group, Inc. Common Stock",$7.35,0.09,1.24%,"249,060,321"
UXIN,Uxin Limited ADS,$1.13,-0.05,-4.237%,"248,577,695"
FBLA,"FB Bancorp, Inc. Common Stock",$15.53,-0.13,-0.83%,"247,675,204"
CMTG,"Claros Mortgage Trust, Inc. Common Stock",$1.75,-0.07,-3.846%,"246,897,361"
BGIN,Bgin Blockchain Limited Class A Ordinary Shares,$2.1801,0.1301,6.346%,"246,647,665"
IONR,ioneer Ltd American Depositary Shares,$3.20,0.03,0.946%,"245,970,717"
USAU,U.S. Gold Corp. Common Stock,$14.87,0.02,0.135%,"245,744,044"
BDSX,"Biodesix, Inc. Common Stock",$23.25,-0.75,-3.125%,"245,313,494"
APC,ARKO Petroleum Corp. Class A Common Stock,$19.50,0.25,1.299%,"245,119,349"
SCM,Stellus Capital Investment Corporation Common Stock,$8.58,-0.20,-2.278%,"244,357,859"
RCEL,"Avita Medical, Inc. Common Stock",$7.90,0.05,0.637%,"244,322,091"
TROO,"TROOPS, Inc. Ordinary Shares ",$2.00,0.01,0.503%,"244,320,332"
PEBK,"Peoples Bancorp of North Carolina, Inc. Common Stock",$44.60,-0.24,-0.535%,"243,582,454"
ESOA,Energy Services of America Corporation Common Stock,$13.04,0.21,1.637%,"243,315,720"
RAIL,"FreightCar America, Inc. Common Stock",$7.42,0.10,1.366%,"243,311,298"
INFU,"InfuSystems Holdings, Inc. Common Stock",$12.16,-0.11,-0.896%,"242,192,921"
NAGE,"Niagen Bioscience, Inc. Common Stock",$3.04,0.02,0.662%,"240,543,046"
ASUR,"Asure Software, Inc Common Stock",$8.30,-0.17,-2.007%,"239,698,422"
PROF,Profound Medical Corp. Common Stock,$6.55,-0.08,-1.207%,"239,288,491"
III,Information Services Group Inc. Common Stock,$4.94,-0.22,-4.264%,"239,162,502"
RDNW,"RideNow Group, Inc. Class B Common Stock",$6.13,-0.22,-3.465%,"239,137,969"
MRBK,Meridian Corporation Common Stock,$20.03,-0.05,-0.249%,"238,938,831"
YDES,YD Bio Limited Ordinary Shares,$3.37,0.39,13.087%,"238,701,636"
AKBA,"Akebia Therapeutics, Inc. Common Stock",$0.86,-0.0128,-1.467%,"238,311,371"
RICK,"RCI Hospitality Holdings, Inc. Common Stock",$31.09,0.22,0.713%,"237,667,505"
USNA,"USANA Health Sciences, Inc. Common Stock",$12.86,-0.51,-3.815%,"237,608,227"
ACU,Acme United Corporation. Common Stock,$61.91,1.51,2.50%,"237,351,982"
PNNT,PennantPark Investment Corporation Common Stock,$3.63,-0.09,-2.419%,"237,024,821"
EFSI,Eagle Financial Services Inc Common Stock,$43.69,0.03,0.069%,"236,433,459"
LVWR,"LiveWire Group, Inc. Common Stock",$1.15,-0.05,-4.167%,"236,224,326"
FTF,Franklin Limited Duration Income Trust Common Shares of Beneficial Interest,$5.83,-0.01,-0.171%,"235,563,330"
SNFCA,Security National Financial Corporation Class A Common Stock,$8.60,-0.68,-7.328%,"235,444,685"
TARA,"Protara Therapeutics, Inc.  Common Stock",$3.98,0.01,0.252%,"235,200,042"
ARL,"American Realty Investors, Inc. Common Stock",$14.55,-0.45,-3.00%,"235,012,226"
QMLS,"QumulusAI, Inc. Common Stock",$7.14,-0.18,-2.459%,"234,677,027"
VOGX,Vogenx Inc Common Stock,$15.75,0.97,6.563%,"233,779,502"
SLGL,Sol-Gel Technologies Ltd. Ordinary Shares,$83.01,-1.68,-1.984%,"233,248,056"
CMT,Core Molding Technologies Inc Common Stock,$26.28,0.97,3.832%,"232,552,614"
FCNCO,"First Citizens BancShares, Inc. 5.625% Non-Cumulative Perpetual Preferred Stock, Series C",$20.585,-0.0551,-0.267%,"232,468,875"
OPBK,OP Bancorp Common Stock,$15.53,-0.10,-0.64%,"231,903,511"
ARCT,Arcturus Therapeutics Holdings Inc. Common Stock,$8.14,-0.09,-1.094%,"231,363,782"
QUIK,QuickLogic Corporation Common Stock,$12.63,-0.13,-1.019%,"231,353,069"
EBS,Emergent BioSolutions Inc. Common Stock,$4.50,-0.09,-1.961%,"230,730,012"
CFBK,CF Bankshares Inc. Common Stock,$35.92,-0.13,-0.361%,"230,445,191"
RTB,"RTB Digital, Inc. Common Stock",$16.90,-0.49,-2.818%,"230,177,949"
ECC           ,Eagle Point Credit Company Common Share of Beneficial Interest,$3.79,-0.07,-1.813%,"229,910,966"
SPOK,"Spok Holdings, Inc. Common Stock",$10.99,0.03,0.274%,"229,890,326"
PRHIZ,"Presurance Holdings, Inc. 9.75% Senior Unsecured Notes due 2028",$18.785,0.2851,1.541%,"229,606,820"
ALTG,Alta Equipment Group Inc. Class A Common Stock,$7.02,-0.23,-3.172%,"229,321,441"
SBMT,Silver Bow Mining Corp. Common Shares,$7.76,-0.24,-3.00%,"229,141,160"
ALEC,"Alector, Inc. Common Stock",$2.05,0.09,4.592%,"228,896,684"
CMTV,Community Bancorp. Common Stock,$40.85,-1.08,-2.576%,"228,402,685"
NUS,"Nu Skin Enterprises, Inc. Common Stock",$4.68,-0.12,-2.50%,"227,806,647"
CNDT,Conduent Incorporated Common Stock ,$1.46,-0.06,-3.947%,"227,060,368"
TOYO,"TOYO Co., Ltd Ordinary Shares",$5.94,-0.13,-2.142%,"226,750,542"
MPAA,"Motorcar Parts  of America, Inc. Common Stock",$11.95,-0.51,-4.093%,"226,251,824"
NUCL,Eagle Nuclear Energy Corp. Common stock,$7.62,-0.38,-4.75%,"225,398,061"
FCNCP,"First Citizens BancShares, Inc. Depositary Shares",$19.95,-0.03,-0.15%,"225,297,744"
GLDG,GoldMining Inc. Common Shares,$1.05,UNCH,--,"224,811,508"
IMPP,Imperial Petroleum Inc. Common Shares,$4.97,0.18,3.758%,"224,711,880"
HQI,"HireQuest, Inc. Common Stock (DE)",$16.15,-0.67,-3.983%,"224,485,000"
LX,LexinFintech Holdings Ltd. American Depositary Shares,$1.36,UNCH,--,"224,112,053"
MFM,Aberdeen Municipal Income Fund Common Shares of Beneficial Interest,$5.44,-0.04,-0.73%,"224,060,713"
ALOT,"AstroNova, Inc. Common Stock",$28.89,-0.02,-0.069%,"223,833,133"
UTMD,"Utah Medical Products, Inc. Common Stock",$70.21,-0.79,-1.113%,"223,535,862"
TPVG,TriplePoint Venture Growth BDC Corp. Common Stock,$5.49,0.04,0.734%,"223,496,379"
ACB,Aurora Cannabis Inc. Common Shares,$3.60,-0.08,-2.174%,"223,044,926"
FJET,"Starfighters Space, Inc. Common Stock",$4.05,-0.19,-4.481%,"222,733,877"
NBP,NovaBridge Biosciences American Depositary Shares,$1.93,-0.03,-1.531%,"222,686,666"
AIRS,"AirSculpt Technologies, Inc. Common Stock",$3.085,-0.345,-10.058%,"222,413,720"
EICA,Eagle Point Income Company Inc. 5.00% Series A Term Preferred Stock due 2026,$24.955,-0.005,-0.02%,"222,301,835"
CGEN,Compugen Ltd. Ordinary Shares,$2.35,-0.06,-2.49%,"222,273,895"
RGCO,RGC Resources Inc. Common Stock,$21.28,-0.26,-1.207%,"221,728,152"
RNA,"Atrium Therapeutics, Inc. Common Stock",$12.96,0.12,0.935%,"221,689,133"
SY,So-Young International Inc. American Depository Shares,$2.21,-0.03,-1.339%,"221,667,798"
ORGO,Organogenesis Holdings Inc. Class A Common Stock,$1.72,-0.07,-3.911%,"221,320,223"
INBKZ,First Internet Bancorp 6.0% Fixed-to-Floating Rate Subordinated Notes Due 2029,$25.27,0.16,0.637%,"220,179,885"
EU,enCore Energy Corp. Common Shares,$1.13,-0.08,-6.612%,"219,537,497"
TBCH,Turtle Beach Corporation Common Stock,$12.24,-0.51,-4.00%,"219,214,863"
IMUX,"Immunic, Inc. Common Stock",$16.03,-0.03,-0.187%,"218,720,806"
LCUT,"Lifetime Brands, Inc. Common Stock",$9.51,-0.32,-3.255%,"218,623,830"
IVVD,"Invivyd, Inc. Common Stock",$0.7405,0.0196,2.719%,"218,268,851"
CXDO,"Crexendo, Inc. Common Stock",$6.55,-0.10,-1.504%,"217,812,325"
CEPL,"Capstone Energy Plus, Inc. Common Stock",$6.67,-0.005,-0.075%,"217,519,299"
TNXP,Tonix Pharmaceuticals Holding Corp. Common Stock,$12.66,-0.05,-0.393%,"217,131,964"
GDEV,GDEV Inc. Ordinary Shares,$11.96,-0.195,-1.604%,"217,079,848"
LIEN,"Chicago Atlantic BDC, Inc. Common Stock",$9.48,-0.04,-0.42%,"216,339,193"
ANTX,"AN2 Therapeutics, Inc. Common Stock",$5.73,-0.26,-4.341%,"216,228,638"
PPIH,"Perma-Pipe International Holdings, Inc. Common Stock",$26.61,-0.21,-0.783%,"216,225,223"
KGEI,Kolibri Global Energy Inc. Common stock,$6.04,0.27,4.679%,"216,076,156"
HKD,AMTD Digital Inc. American Depositary Shares (every five of which represent two Class A Ordinary Shares),$1.71,-0.06,-3.39%,"215,740,390"
FC,Franklin Covey Company Common Stock,$19.08,-1.17,-5.778%,"215,487,097"
NIOBW,NioCorp Developments Ltd. Warrant,$1.48,-0.16,-9.756%,"215,468,831"
FUFU,BitFuFu Inc. Class A Ordinary Shares,$1.29,-0.16,-11.034%,"214,983,141"
MITT,"TPG Mortgage Investment Trust, Inc. Common Stock",$6.75,-0.01,-0.148%,"214,673,456"
PDEX,"Pro-Dex, Inc. Common Stock",$67.15,0.13,0.194%,"214,393,767"
NEOV,NeoVolta Inc. Common Stock,$3.64,0.01,0.275%,"214,262,219"
VTN,Invesco Trust for Investment Grade New York Municipals Common Stock,$10.99,-0.24,-2.137%,"214,150,909"
OVBC,Ohio Valley Banc Corp. Common Stock,$45.41,0.84,1.885%,"213,926,555"
BMEZ,BlackRock Health Sciences Term Trust Common Shares of Beneficial Interest,$16.02,-0.03,-0.187%,"213,594,948"
FCAP,"First Capital, Inc. Common Stock",$63.69,-0.82,-1.271%,"213,019,166"
FORR,"Forrester Research, Inc. Common Stock",$11.15,-0.23,-2.021%,"212,284,850"
IPHA,Innate Pharma S.A. ADS,$2.26,0.08,3.67%,"211,965,497"
ATOM,Atomera Incorporated Common Stock,$5.42,-0.18,-3.214%,"211,510,308"
SES,SES AI Corporation Class A Common Stock,$0.5691,-0.0319,-5.308%,"211,299,659"
NERV,"Minerva Neurosciences, Inc Common Stock",$4.42,-0.16,-3.493%,"211,044,211"
PEPG,PepGen Inc. Common Stock,$3.04,0.05,1.672%,"210,548,932"
SIGA,SIGA Technologies Inc. Common Stock,$2.93,-0.07,-2.333%,"210,519,668"
CRDL,Cardiol Therapeutics Inc. Class A Common Shares,$1.80,UNCH,--,"210,280,808"
AMWL,American Well Corporation Class A Common Stock,$12.34,-0.11,-0.884%,"209,888,074"
RDIB,Reading International Inc Class B Common Stock,$9.20,0.20,2.222%,"208,998,792"
SND,"Smart Sand, Inc. Common Stock",$4.91,-0.19,-3.725%,"208,179,390"
KROS,"Keros Therapeutics, Inc. Common Stock",$10.48,0.38,3.762%,"207,788,930"
OSG,"Octave Specialty Group, Inc. Common Stock",$4.61,-0.29,-5.918%,"207,687,350"
AOMR,"Angel Oak Mortgage REIT, Inc. Common Stock",$8.94,0.01,0.112%,"207,541,000"
MSLE,Satellos Bioscience Inc. Common Stock,$9.94,0.33,3.434%,"207,062,029"
EXFY,"Expensify, Inc. Class A Common Stock",$2.27,-0.03,-1.304%,"206,993,727"
EGAN,eGain Corporation Common Stock,$7.50,-0.01,-0.133%,"205,875,608"
OWLS,OBOOK Holdings Inc. Class A Common Shares,$5.43,0.11,2.068%,"205,391,982"
HITI,High Tide Inc. Common Shares,$2.33,-0.02,-0.851%,"204,802,053"
ZSQR,Z Squared Inc. Common Stock,$3.86,-0.08,-2.03%,"204,581,532"
DTIL,"Precision BioSciences, Inc. Common Stock",$7.40,-0.03,-0.404%,"204,251,500"
UIS,Unisys Corporation New Common Stock,$2.80,-0.06,-2.098%,"204,164,674"
BRCC,BRC Inc. Class A Common Stock,$0.8155,-0.0338,-3.98%,"204,109,426"
SGC,"Superior Group of Companies, Inc. Common Stock",$12.75,-0.28,-2.149%,"203,301,313"
CRBP,"Corbus Pharmaceuticals Holdings, Inc. Common Stock",$10.49,0.40,3.964%,"202,890,164"
CZWI,"Citizens Community Bancorp, Inc. Common Stock",$20.92,-0.10,-0.476%,"201,882,833"
KTWO,K2 Capital Acquisition Corporation Class A Ordinary Share,$10.06,UNCH,--,"201,614,070"
XHG,XChange TEC.INC American Depositary Shares ,$3.91,0.11,2.895%,"201,552,391"
SRI,"Stoneridge, Inc. Common Stock",$7.06,-0.13,-1.808%,"201,371,490"
VLN,Valens Semiconductor Ltd. Ordinary Shares,$1.91,-0.03,-1.546%,"201,109,057"
CURV,Torrid Holdings Inc. Common Stock,$2.02,-0.18,-8.182%,"201,031,170"
RRGB,"Red Robin Gourmet Burgers, Inc. Common Stock",$10.59,0.45,4.438%,"200,190,734"
BYND,"Beyond Meat, Inc. Common Stock",$11.63,-1.84,-13.66%,"199,965,825"
SSTK,"Shutterstock, Inc. Common Stock",$5.41,-0.28,-4.921%,"199,886,970"
AMPY,Amplify Energy Corp. Common Stock,$4.82,0.04,0.837%,"199,820,089"
EVI,"EVI Industries, Inc.  Common Stock",$15.50,-0.89,-5.43%,"199,471,252"
EXOD,"Exodus Movement, Inc. Class A Common Stock",$6.60,-1.17,-15.058%,"199,341,503"
ETX           ,Eaton Vance Municipal Income 2028 Term Trust Common Shares of Beneficial Interest,$18.29,UNCH,--,"199,085,845"
VYGR,"Voyager Therapeutics, Inc. Common Stock",$3.23,-0.04,-1.223%,"199,025,972"
CRNT,Ceragon Networks Ltd. Ordinary Shares,$2.18,-0.02,-0.909%,"198,991,516"
LUCD,Lucid Diagnostics Inc. Common Stock,$0.9777,0.01,1.033%,"198,711,629"
RBKB,"Rhinebeck Bancorp, Inc. Common Stock",$12.68,-0.02,-0.157%,"198,264,049"
CPSS,"Consumer Portfolio Services, Inc. Common Stock",$9.19,-0.32,-3.365%,"198,087,822"
MINE,Mayfair Gold Corp. Common Shares,$2.95,0.25,9.259%,"198,058,563"
FT,Franklin Universal Trust Common Stock,$7.87,-0.02,-0.253%,"197,788,006"
AP,Ampco-Pittsburgh Corporation Common Stock,$9.47,0.10,1.067%,"195,637,141"
ACR,ACRES Commercial Realty Corp. Common Stock,$14.52,0.27,1.895%,"195,330,140"
LARK,Landmark Bancorp Inc. Common Stock,$31.99,-0.20,-0.621%,"195,156,083"
FNWD,Finward Bancorp Common Stock,$45.00,-0.28,-0.618%,"194,985,090"
OPENW,"Opendoor Technologies Inc  Series K Warrants, each whole warrant exercisable to purchase one share of Common Stock at an exercise price of $9.00 per warrant",$0.1998,-0.0028,-1.382%,"194,023,992"
KRRO,"Korro Bio, Inc. Common Stock",$13.14,-0.14,-1.054%,"193,494,988"
CIA,"Citizens, Inc. Class A Common Stock ($1.00 Par)",$3.82,-0.15,-3.778%,"193,456,673"
HNVR,"Hanover Bancorp, Inc. Common Stock",$27.40,-0.13,-0.472%,"193,318,618"
PLG,Platinum Group Metals Ltd. Ordinary Shares (Canada),$1.51,0.03,2.027%,"193,106,519"
CHCI,"Comstock Holding Companies, Inc. Class A Common Stock",$18.77,1.74,10.217%,"192,992,239"
STRW,"Strawberry Fields REIT, Inc. Common Stock",$13.60,-0.14,-1.019%,"192,539,770"
PERF,Perfect Corp. Class A Ordinary Share,$1.89,0.02,1.07%,"192,493,988"
ACOG,Alpha Cognition Inc. Common Stock,$8.84,UNCH,--,"192,483,079"
ESP,Espey Mfg. & Electronics Corp. Common Stock,$64.23,0.14,0.218%,"192,428,070"
ABOS,"Acumen Pharmaceuticals, Inc. Common Stock",$2.66,-0.01,-0.375%,"192,363,978"
GCTS,"GCT Semiconductor Holding, Inc. Common Stock",$2.09,0.12,6.091%,"192,216,727"
EAF,GrafTech International Ltd. Common Stock,$7.36,-0.25,-3.285%,"192,038,327"
USDE,StablecoinX Inc. Class A Common Stock,$3.02,0.09,3.072%,"191,820,129"
ONEW,OneWater Marine Inc. Class A Common Stock,$11.47,-0.43,-3.613%,"191,154,650"
FINW,FinWise Bancorp Common Stock,$13.71,-0.17,-1.225%,"190,331,543"
ORMP,Oramed Pharmaceuticals Inc. Common Stock,$4.57,0.09,2.009%,"190,099,908"
GSIW,Garden Stage Limited Class A Ordinary Shares,$17.72,0.21,1.199%,"189,823,710"
CBFV,"CB Financial Services, Inc. Common Stock",$37.32,0.13,0.35%,"189,644,715"
GPJA,"Georgia Power Company Series 2017A 5.00% Junior Subordinated Notes due October 1, 2077",$20.42,-0.15,-0.729%,"189,119,830"
CUE,"Cue Biopharma, Inc. Common Stock",$27.64,-6.56,-19.181%,"188,681,337"
OMSE,OMS Energy Technologies Inc. Ordinary Shares,$4.43,-0.07,-1.556%,"188,047,759"
OZ,"Belpointe PREP, LLC Class A Units",$47.525,0.265,0.561%,"187,897,977"
JRVR,"James River Group Holdings, Inc. Common Stock",$4.02,-0.15,-3.597%,"185,880,901"
EBMT,"Eagle Bancorp Montana, Inc. Common Stock",$23.30,-0.13,-0.555%,"185,594,542"
WHG,Westwood Holdings Group Inc Common Stock,$19.41,-0.04,-0.206%,"185,232,580"
DHX,"DHI Group, Inc. Common Stock",$4.25,0.31,7.868%,"184,552,808"
PLX,"Protalix BioTherapeutics, Inc. (DE) Common Stock",$2.29,0.07,3.153%,"184,509,060"
LEE,"Lee Enterprises, Incorporated Common Stock",$8.24,-0.29,-3.40%,"183,686,443"
ANNA,"AleAnna, Inc. Class A Common Stock",$2.73,-0.02,-0.727%,"182,730,912"
DERM,Journey Medical Corporation Common Stock,$6.46,-0.26,-3.869%,"182,329,592"
MRDN,Meridian Holdings Inc. Common Stock,$14.33,0.04,0.28%,"181,553,634"
BVFL,"BV Financial, Inc. Common Stock",$21.36,0.16,0.755%,"180,932,101"
ANGI,Angi Inc. Class A Common Stock,$4.46,-0.26,-5.508%,"180,880,879"
DEFT,"Defi Technologies, Inc. Common Stock",$0.465,-0.0243,-4.966%,"180,371,635"
ECBK,"ECB Bancorp, Inc. Common Stock",$20.64,-0.13,-0.626%,"180,346,169"
INTT,inTest Corporation Common Stock,$14.04,0.07,0.501%,"180,074,035"
MNSBP,"MainStreet Bancshares, Inc. Depositary Shares",$25.23,UNCH,--,"179,664,747"
NGEN,NervGen Pharma Corp. Common stock,$1.68,-0.055,-3.17%,"178,773,223"
TAYD,"Taylor Devices, Inc. Common Stock",$55.345,-0.015,-0.027%,"178,161,754"
UP,Wheels Up Experience Inc. Class A Common Stock,$4.91,-0.12,-2.386%,"178,114,379"
CHRS,"Coherus Oncology, Inc. Common Stock",$1.15,-0.05,-4.167%,"177,676,111"
OWLT,"Owlet, Inc. Class A Common Stock",$6.11,-0.55,-8.258%,"177,580,759"
MPV,Barings Participation Investors Common Stock,$16.75,0.47,2.887%,"177,578,475"
DOUG,Douglas Elliman Inc. Common Stock,$1.95,-0.08,-3.941%,"177,236,422"
ZENA,"ZenaTech, Inc. Common Stock",$2.05,-0.09,-4.206%,"176,123,762"
CAN,Canaan Inc. American Depositary Shares,$0.2285,-0.0015,-0.652%,"175,938,104"
SAFX,"XCF Global, Inc. Class A Common Stock",$0.4346,-0.0074,-1.674%,"175,426,390"
MNSB,"MainStreet Bancshares, Inc. Common Stock",$24.61,-0.25,-1.006%,"175,249,680"
CURI,CuriosityStream Inc. Class A Common Stock,$2.95,-0.60,-16.901%,"175,047,183"
WALD,Waldencast plc Class A Ordinary Share,$1.36,0.01,0.741%,"174,897,242"
CDXS,"Codexis, Inc. Common Stock",$1.59,0.03,1.923%,"174,114,166"
NKTX,"Nkarta, Inc. Common Stock",$2.43,0.10,4.292%,"174,048,242"
SEVN,Seven Hills Realty Trust Common Stock,$7.65,-0.11,-1.418%,"173,323,036"
DPRO,Draganfly Inc. Common Shares,$4.68,-0.21,-4.294%,"173,160,000"
MDWD,MediWound Ltd. Ordinary Shares,$13.39,-0.17,-1.254%,"172,868,622"
RDCM,Radcom Ltd. Ordinary Shares,$10.35,-0.14,-1.335%,"172,746,230"
OGI,Organigram Global Inc. Common Shares,$1.225,-0.005,-0.407%,"172,732,959"
DOMO,"Domo, Inc. Class B Common Stock",$3.81,-0.10,-2.558%,"172,023,645"
LFCR,"Lifecore Biomedical, Inc. Common Stock",$4.54,-0.18,-3.814%,"171,852,892"
MOLN,Molecular Partners AG American Depositary Shares,$4.25,0.04,0.95%,"171,543,154"
EPSN,Epsilon Energy Ltd. Common Share,$5.65,0.07,1.254%,"171,103,351"
CMRC,"Commerce.com, Inc. Series 1 Common Stock",$2.06,-0.13,-5.936%,"170,689,521"
CABO,"Cable One, Inc. Common Stock",$29.88,-4.60,-13.341%,"169,536,879"
HTLM,HomesToLife Ltd Ordinary Shares,$1.89,UNCH,--,"169,509,375"
SBFG,"SB Financial Group, Inc. Common Stock",$27.10,-0.14,-0.514%,"169,456,083"
NLOP,Net Lease Office Properties Common Shares of Beneficial Interest,$11.42,-0.17,-1.467%,"169,176,737"
GRX,The Gabelli Healthcare & Wellness Trust Common Shares of Beneficial Interest,$9.885,-0.035,-0.353%,"168,964,038"
CRBU,"Caribou Biosciences, Inc. Common Stock",$1.57,-0.01,-0.633%,"168,315,795"
ARMP,"Armata Pharmaceuticals, Inc. Common Stock",$4.48,-0.08,-1.754%,"166,575,266"
PED,Pedevco Corp. Common Stock,$12.53,0.03,0.24%,"166,535,002"
OKUR,"OnKure Therapeutics, Inc. Class A Common Stock",$4.11,0.12,3.008%,"166,439,830"
DIBS,"1stdibs.com, Inc. Common Stock",$4.95,0.05,1.02%,"166,395,700"
CTW,CTW Class A Ordinary Shares,$2.66,-0.11,-3.971%,"165,984,000"
EARN,Ellington Credit Company Common Shares of Beneficial Interest,$4.41,0.01,0.227%,"165,636,050"
BSET,"Bassett Furniture Industries, Incorporated Common Stock",$19.00,-0.12,-0.628%,"164,507,111"
BAFN,BayFirst Financial Corp. Common Stock,$6.10,-0.31,-4.836%,"164,473,172"
GNT,"GAMCO Natural Resources, Gold & Income Trust",$8.87,0.07,0.795%,"163,877,144"
PAL,"Proficient Auto Logistics, Inc. Common Stock",$5.89,0.39,7.091%,"163,565,736"
FOCL,EDAP TMS S.A. American Depositary Shares,$4.36,-0.40,-8.403%,"163,430,541"
QSI,Quantum-Si Incorporated Class A Common Stock,$0.7442,0.0044,0.595%,"162,893,407"
XGN,Exagen Inc. Common Stock,$6.70,0.04,0.601%,"162,309,771"
JELD,"JELD-WEN Holding, Inc. Common Stock",$1.87,-0.06,-3.109%,"162,247,524"
TORO,Toro Corp. Common Stock,$5.62,-0.03,-0.531%,"162,148,712"
ONL,Orion Properties Inc. Common Stock,$2.84,-0.03,-1.045%,"162,006,988"
BCBP,"BCB Bancorp, Inc. (NJ) Common Stock",$8.94,-0.06,-0.667%,"161,830,289"
BZUN,Baozun Inc. American Depositary Shares,$2.78,-0.05,-1.767%,"161,596,921"
RYDE,Ryde Group Ltd. Class A Ordinary Shares,$0.9699,0.0987,11.329%,"161,147,242"
NXG,NXG NextGen Infrastructure Income Fund Common Shares of Beneficial Interest,$61.93,-0.93,-1.479%,"161,124,148"
JLHL,Julong Holding Limited Class A Ordinary Shares,$7.50,0.31,4.312%,"160,864,740"
BRR,"ProCap Financial, Inc. Common Stock",$1.82,0.14,8.333%,"160,832,627"
NIU,Niu Technologies American Depositary Shares,$2.05,-0.03,-1.442%,"160,793,980"
DAVA,Endava plc American Depositary Shares (each representing one Class A Ordinary Share),$2.95,-0.15,-4.839%,"160,266,429"
LFMD,"LifeMD, Inc. Common Stock",$3.32,-0.13,-3.768%,"160,026,779"
PIM,Franklin Master Intermediate Income Trust Shares of Beneficial Interest,$3.18,0.01,0.315%,"159,805,793"
OPRX,OptimizeRx Corporation Common Stock,$8.48,-0.24,-2.752%,"159,728,864"
SRBK,"SR Bancorp, Inc. Common stock",$20.04,-0.11,-0.546%,"159,004,494"
INSE,"Inspired Entertainment, Inc. Common Stock",$6.03,-0.19,-3.055%,"158,940,983"
TUSK,"Mammoth Energy Services, Inc. Common Stock",$3.30,-0.02,-0.602%,"158,821,031"
MRT,"Marti Technologies, Inc. Class A Ordinary Shares",$1.84,0.04,2.222%,"158,318,616"
BIPI,BIP Bermuda Holdings I Limited 5.125% Perpetual Subordinated Notes,$16.69,-0.05,-0.299%,"158,169,461"
EQ,"Equillium, Inc. Common Stock",$2.48,0.12,5.085%,"157,252,043"
TNYA,"Tenaya Therapeutics, Inc. Common Stock",$0.7001,-0.028,-3.846%,"156,983,431"
CNTB,Connect Biopharma Holdings Limited Ordinary Shares,$2.49,-0.06,-2.353%,"156,806,029"
CNTN,"Canton Strategic Holdings, Inc. Common Stock",$2.025,0.005,0.248%,"156,173,233"
NINE,"Nine Energy Service, Inc. Common Stock",$11.18,0.39,3.614%,"155,960,888"
SITC,SITE Centers Corp. Common Stock,$2.97,0.01,0.338%,"155,851,757"
HUMA,"Humacyte, Inc. Common Stock",$0.5606,-0.0442,-7.308%,"155,733,618"
FIRY,Firy Inc. Class A Common Stock,$9.96,0.46,4.842%,"155,451,268"
NEN,New England Realty Associates Limited Partnership Class A Depositary Receipts Evidencing Units of Limited Partnership,$56.00,0.49,0.883%,"155,358,224"
TONX,TON Strategy Company Common Stock,$2.82,0.13,4.833%,"155,303,009"
UNCY,"Unicycive Therapeutics, Inc. Common Stock",$5.57,0.06,1.089%,"155,153,781"
KRMD,"KORU Medical Systems, Inc. Common Stock (DE)",$3.36,-0.04,-1.176%,"155,137,591"
COOK,"Traeger, Inc. Common Stock",$55.40,-3.21,-5.477%,"155,021,610"
KZIA,Kazia Therapeutics Limited American Depositary Shares,$13.56,0.04,0.296%,"154,948,750"
HOFT,Hooker Furnishings Corporation Common Stock,$14.42,-0.25,-1.704%,"154,894,593"
ENGS,Energys Group Limited Ordinary Shares,$2.85,UNCH,--,"154,403,128"
SKYX,SKYX Platforms Corp. Common Stock,$1.14,0.02,1.786%,"154,391,333"
OXSQ,Oxford Square Capital Corp. Common Stock,$1.42,-0.005,-0.351%,"152,945,041"
MENS,Jyong Biotech Ltd. Ordinary Shares,$2.01,-0.01,-0.495%,"152,815,611"
SHIM,Shimmick Corporation Common Stock,$3.69,-0.02,-0.539%,"152,529,187"
CHPT,"ChargePoint Holdings, Inc. Common Stock",$5.88,-0.30,-4.854%,"152,278,070"
SPRB,"Spruce Biosciences, Inc. Common Stock",$52.92,0.28,0.532%,"152,092,768"
WHF,"WhiteHorse Finance, Inc. Common Stock",$7.08,0.01,0.141%,"152,053,415"
DMRC,Digimarc Corporation Common Stock,$6.78,-0.75,-9.96%,"151,918,965"
AOUT,"American Outdoor Brands, Inc. Common Stock ",$12.12,-0.69,-5.386%,"151,586,294"
INGN,"Inogen, Inc Common Stock",$5.71,-0.04,-0.696%,"151,533,904"
SMID,Smith-Midland Corporation Common Stock,$28.54,0.33,1.17%,"151,449,051"
OCC,Optical Cable Corporation Common Stock,$17.12,-0.68,-3.82%,"151,119,815"
EML,Eastern Company (The) Common Stock,$25.11,-0.30,-1.181%,"151,100,881"
LENZ,"LENZ Therapeutics, Inc. Common Stock",$4.79,0.06,1.268%,"150,503,443"
GGZ,Gabelli Global Small and Mid Cap Value Trust (The) Common Shares of Beneficial Interest,$16.94,0.24,1.437%,"150,291,121"
DLTH,Duluth Holdings Inc. Class B Common Stock,$3.95,-0.08,-1.985%,"150,108,180"
BOOM,DMC Global Inc. Common Stock,$7.30,-0.25,-3.311%,"149,948,928"
UFI,"Unifi, Inc. New Common Stock",$8.03,1.58,24.496%,"149,255,650"
BMHL,Bluemount Holdings Limited Class B Ordinary Shares,$5.8399,0.0232,0.399%,"149,035,106"
FLX,BingEx Limited American Depositary Shares,$2.03,0.03,1.50%,"148,453,717"
KVHI,"KVH Industries, Inc. Common Stock",$8.15,0.17,2.13%,"147,848,840"
AARD,"Aardvark Therapeutics, Inc. Common Stock",$6.74,0.20,3.058%,"147,503,862"
TRAK,"ReposiTrak, Inc. Common Stock",$8.11,-0.41,-4.812%,"147,387,612"
BANX,ArrowMark Financial Corp. Common Stock,$20.73,-0.10,-0.48%,"147,237,437"
HURC,"Hurco Companies, Inc. Common Stock",$22.60,0.08,0.355%,"146,364,877"
TLSA,Tiziana Life Sciences Ltd. Common Shares,$1.15,0.015,1.322%,"146,348,001"
RFIL,"RF Industries, Ltd. Common Stock",$13.45,-0.16,-1.176%,"145,949,514"
ANTA,Antalpha Platform Holding Company Class A Ordinary Shares,$3.87,0.29,8.101%,"145,512,000"
HURA,"TuHURA Biosciences, Inc. Common Stock",$2.28,-0.19,-7.692%,"145,196,164"
RGP,"Resources Connection, Inc. Common Stock",$4.21,-0.015,-0.355%,"145,007,665"
WTF,Waton Financial Limited Ordinary Shares,$3.005,0.075,2.56%,"144,953,603"
OPENL,"Opendoor Technologies Inc  Series A Warrants, each whole warrant exercisable to purchase one share of Common Stock at an exercise price of $13.00 per warrant",$0.149,-0.007,-4.487%,"144,692,566"
PAAC,Proem Acquisition Corp I Ordinary Shares,$9.97,UNCH,--,"144,235,990"
ELME,Elme Communities Common Stock,$1.61,-0.01,-0.617%,"143,061,192"
USBC,"USBC, Inc. Common Stock",$0.367,-0.016,-4.178%,"142,449,005"
BHR,Braemar Hotels & Resorts Inc. Common Stock,$2.07,0.04,1.97%,"142,166,188"
DOYU,DouYu International Holdings Limited ADS,$4.71,0.01,0.213%,"142,142,426"
PLBY,"Playboy, Inc. Common Stock",$1.18,-0.08,-6.349%,"141,373,072"
ADCT,ADC Therapeutics SA Common Shares,$1.10,0.09,8.911%,"140,434,465"
IMDX,Insight Molecular Diagnostics Inc. Common Stock,$4.27,-0.05,-1.157%,"139,732,693"
STXS,"Stereotaxis, Inc. Common Stock",$1.39,0.01,0.725%,"139,281,027"
CLAR,Clarus Corporation Common Stock,$3.63,0.005,0.138%,"138,986,003"
DLNG,Dynagas LNG Partners LP Common Units,$3.81,-0.05,-1.295%,"138,615,462"
GHI,Greystone Housing Impact Investors LP Beneficial Unit Certificates representing assignments of limited partnership interests,$5.88,-0.09,-1.508%,"138,547,559"
QTRX,Quanterix Corporation Common Stock,$2.92,0.33,12.741%,"138,095,750"
CAAS,"China Automotive Systems, Inc. Ordinary Share",$4.575,-0.145,-3.072%,"138,030,962"
SIF,"SIFCO Industries, Inc. Common Stock",$22.05,2.05,10.25%,"137,903,522"
CVGI,"Commercial Vehicle Group, Inc. Common Stock",$3.39,0.13,3.988%,"137,744,792"
EPM,"Evolution Petroleum Corporation, Inc. Common Stock",$3.82,0.06,1.596%,"137,033,810"
MIST,Milestone Pharmaceuticals Inc. Common Shares,$1.10,UNCH,--,"136,947,778"
SANG,Sangoma Technologies Corporation Common Shares,$4.1047,UNCH,--,"136,599,449"
FGBI,"First Guaranty Bancshares, Inc. Common Stock",$8.29,-0.02,-0.241%,"136,488,616"
KDKRW,"Kodiak AI, Inc. Warrants",$0.68,-0.1199,-14.989%,"136,420,356"
ACNT,Ascent Industries Co. Common Stock,$15.13,0.08,0.532%,"136,313,024"
MXCT,"MaxCyte, Inc. Common Stock",$1.32,UNCH,--,"136,232,192"
WW,"WW International, Inc.  Common Stock",$13.58,-0.48,-3.414%,"135,783,161"
VIVO,VivoPower PLC Class A Ordinary Shares,$4.90,0.03,0.616%,"134,966,217"
LSBK,"Lake Shore Bancorp, Inc. Common Stock",$17.175,0.015,0.087%,"134,888,809"
AUC,ATIF Holdings Limited Ordinary Shares,$6.98,UNCH,--,"134,807,344"
LANV,Lanvin Group Holdings Limited Ordinary Shares,$1.07,UNCH,--,"134,387,628"
NCSM,"NCS Multistage Holdings, Inc. Common Stock",$51.14,-0.545,-1.054%,"134,218,106"
HYNE,"Hoyne Bancorp, Inc. Common Stock",$16.49,-0.13,-0.782%,"133,518,508"
INDP,"Indaptus Therapeutics, Inc. Common Stock",$1.00,-0.07,-6.542%,"133,242,324"
HOVR,New Horizon Aircraft Ltd. Class A Ordinary Share,$1.98,0.01,0.508%,"132,315,157"
MX,Magnachip Semiconductor Corporation Common Stock,$3.62,-0.19,-4.987%,"132,166,602"
GRO,Brazil Potash Corp. Common Shares,$2.15,-0.06,-2.715%,"131,784,067"
PMN,ProMIS Neurosciences Inc. Common Shares (ON),$14.66,-0.20,-1.346%,"131,466,379"
NRDY,Nerdy Inc. Class A Common Stock,$0.6855,-0.0216,-3.055%,"131,348,580"
FLNT,"Fluent, Inc. Common Stock",$4.15,0.055,1.343%,"131,169,407"
LGCY,Legacy Education Inc. Common Stock,$10.35,-0.39,-3.631%,"130,948,593"
INVZ,Innoviz Technologies Ltd. Ordinary shares,$0.368,-0.0033,-0.889%,"130,529,110"
SJT,San Juan Basin Royalty Trust Common Stock,$2.80,-0.01,-0.356%,"130,504,629"
HDRN,"Hadron Energy, Inc. Common Stock  ",$1.82,-0.07,-3.704%,"130,127,892"
AMTX,"Aemetis, Inc. (DE) Common Stock",$1.80,0.03,1.695%,"129,905,269"
CITR,CitroTech Inc. Common Stock,$5.73,-0.04,-0.693%,"129,231,406"
SRG,Seritage Growth Properties Class A Common Stock,$2.29,0.02,0.881%,"128,983,350"
APYX,Apyx Medical Corporation Common Stock,$3.06,0.03,0.99%,"128,899,510"
BEBE,TGE Value Creative Solutions Corp Class A Ordinary Shares,$10.00,UNCH,--,"128,700,000"
SLQT,"SelectQuote, Inc. Common Stock",$0.7266,-0.0022,-0.302%,"128,134,293"
HCAT,"Health Catalyst, Inc Common Stock",$1.70,-0.15,-8.108%,"127,935,848"
MED,MEDIFAST INC Common Stock,$11.44,UNCH,--,"127,907,242"
RDZN,"Roadzen, Inc. Ordinary Shares",$1.50,0.07,4.895%,"127,747,595"
JHS,John Hancock Income Securities Trust Common Stock,$10.96,-0.01,-0.091%,"127,646,572"
CBUS,"Cibus, Inc. Class A Common Stock",$1.67,-0.10,-5.65%,"127,636,370"
OPHC,"OptimumBank Holdings, Inc. Common Stock",$10.09,0.28,2.854%,"127,360,722"
NTHI,"NeOnc Technologies Holdings, Inc. Common Stock",$4.91,0.69,16.351%,"127,347,552"
FGNXP,FG Nexus Inc. 8.00% Cumulative Preferred Stock,$24.9901,UNCH,--,"127,341,753"
PNBK,Patriot National Bancorp Inc. Common Stock,$1.08,-0.02,-1.818%,"127,083,224"
PZG,Paramount Gold Nevada Corp. Common Stock,$1.48,-0.06,-3.896%,"126,960,884"
BOTJ,"Bank of the James Financial Group, Inc. Common Stock",$27.73,-0.04,-0.144%,"125,986,763"
MGYR,"Magyar Bancorp, Inc. Common Stock",$19.49,0.19,0.984%,"125,815,415"
OTLK,"Outlook Therapeutics, Inc. Common Stock",$0.6722,-0.0842,-11.132%,"125,699,382"
USGO,U.S. GoldMining Inc. Common stock,$8.95,0.12,1.359%,"125,619,837"
BWEN,"Broadwind, Inc. Common Stock",$5.27,-0.11,-2.045%,"124,674,356"
QVCG,"QVC Group, Inc. Common Stock",$15.40,0.175,1.149%,"124,649,171"
AIB,AIB Data Centers Inc. Common Stock,$1.64,-0.18,-9.89%,"124,606,324"
NRXP,"NRX Pharmaceuticals, Inc. Common Stock",$3.43,0.16,4.893%,"124,265,443"
BRLT,"Brilliant Earth Group, Inc. Class A Common Stock",$1.22,-0.11,-8.271%,"124,223,810"
HUHU,HUHUTECH International Group Inc. Ordinary Shares,$4.87,-0.04,-0.815%,"124,154,558"
TMSWW,Teamshares Inc. Warrants,$1.37,-0.11,-7.432%,"123,824,862"
VTVT,vTv Therapeutics Inc. Class A Common Stock,$31.31,1.19,3.951%,"123,797,486"
ZJK,"ZJK Industrial Co., Ltd. Class A Ordinary Shares",$1.92,-0.07,-3.518%,"123,498,718"
RENT,"Rent the Runway, Inc. Class A Common Stock",$3.64,0.11,3.116%,"122,254,602"
GNLX,Genelux Corporation Common Stock,$2.70,-0.04,-1.46%,"122,162,405"
AGPU,Axe Compute Inc. Common Stock,$10.62,2.35,28.416%,"122,072,525"
VANI,"Vivani Medical, Inc. Common Stock (DE)",$1.35,-0.05,-3.571%,"121,774,531"
SPAI,Safe Pro Group Inc. Common Stock,$5.90,-0.27,-4.376%,"121,651,020"
AMCI,AMC Robotics Corporation Common Stock,$5.38,0.62,13.025%,"121,589,953"
SATLW,Satellogic Inc. Warrant,$0.79,0.02,2.597%,"121,454,530"
OPENZ,"Opendoor Technologies Inc  Series Z Warrants, each whole warrant exercisable to purchase one share of Common Stock at an exercise price of $17.00 per warrant",$0.125,-0.0065,-4.943%,"121,386,381"
KULR,"KULR Technology Group, Inc. Common Stock",$2.62,-0.02,-0.758%,"121,254,444"
ULBI,Ultralife Corporation Common Stock,$7.27,-0.24,-3.196%,"121,141,966"
AXR,AMREP Corporation Common Stock,$22.75,0.24,1.066%,"121,140,315"
UNB,"Union Bankshares, Inc. Common Stock",$24.42,-0.17,-0.691%,"120,778,097"
WSBK,"Winchester Bancorp, Inc. Common Stock",$12.98,-0.02,-0.154%,"120,653,980"
TCX,Tucows Inc. Class A Common Stock,$10.78,-0.45,-4.007%,"120,543,167"
SAMG,Silvercrest Asset Management Group Inc. Class A Common Stock,$10.16,-0.02,-0.196%,"120,373,313"
INO,"Inovio Pharmaceuticals, Inc. Common Stock",$1.15,0.06,5.505%,"118,907,146"
SFBC,"Sound Financial Bancorp, Inc. Common Stock",$46.30,0.05,0.108%,"118,900,391"
JYNT,The Joint Corp. Common Stock,$8.40,-0.05,-0.592%,"118,802,494"
ANIX,"Anixa Biosciences, Inc. Common Stock",$3.49,0.31,9.748%,"118,740,490"
FURY,Fury Gold Mines Limited Common Shares,$0.624,0.0092,1.496%,"118,642,490"
CSTE,Caesarstone Ltd. Ordinary Shares,$3.43,-0.01,-0.291%,"118,599,367"
NICM,Nicola Mining Inc. American Depositary Shares,$6.19,0.17,2.824%,"118,397,009"
CODA,"Coda Octopus Group, Inc. Common stock",$10.47,-0.11,-1.04%,"118,109,494"
BSBK,Bogota Financial Corp. Common Stock,$9.25,0.17,1.872%,"118,042,145"
AMBR,Amber International Holding Limited American Depositary Shares,$1.25,-0.06,-4.58%,"117,844,064"
BDTX,"Black Diamond Therapeutics, Inc. Common Stock",$2.05,0.03,1.485%,"117,780,181"
JHI,John Hancock Investors Trust Common Stock,$13.43,-0.03,-0.223%,"117,439,266"
FLYX,"flyExclusive, Inc. Class A Common Stock",$1.15,-0.11,-8.73%,"117,394,010"
TRT,Trio-Tech International Common Stock,$11.60,0.14,1.222%,"117,306,148"
INV,"Innventure, Inc. Common Stock",$1.385,-0.23,-14.241%,"117,188,530"
GLU,Gabelli Global Utility Common Shares of Beneficial Ownership,$19.62,0.145,0.745%,"117,110,034"
SNSC,SunScout Holding Limited Class A Ordinary Shares,$3.00,-0.07,-2.28%,"117,000,000"
JFIN,Jiayin Group Inc. American Depositary Shares,$2.22,-0.06,-2.632%,"116,171,592"
LAKE,"Lakeland Industries, Inc. Common Stock",$11.76,-0.095,-0.801%,"116,061,369"
HOVNP,Hovnanian Enterprises Inc Dep Shr Srs A Pfd,$19.75,-0.005,-0.025%,"115,727,041"
AKA,a.k.a. Brands Holding Corp. Common Stock,$10.51,-0.37,-3.401%,"115,516,030"
EDRY,EuroDry Ltd. Common Shares ,$39.95,3.38,9.243%,"115,477,353"
ATGL,Alpha Technology Group Limited Class A Ordinary Shares,$7.00,-0.15,-2.098%,"115,237,500"
CPIX,Cumberland Pharmaceuticals Inc. Common Stock,$7.68,-0.11,-1.412%,"115,070,262"
GETY,"Getty Images Holdings, Inc. Class A Common Stock",$0.2757,-0.0318,-10.341%,"114,363,477"
WSHP,WeShop Holdings Limited Class A Ordinary Shares,$4.75,-0.13,-2.664%,"113,966,760"
GHG,"GreenTree Hospitality Group Ltd. American depositary shares, each representing one Class A ordinary share",$1.1289,0.0189,1.703%,"113,902,990"
ENGN,enGene Therapeutics Inc. Common Stock,$1.70,UNCH,--,"113,882,092"
GGT,"Gabelli Multi-Media Trust, Inc. (The) Common Stock",$4.13,-0.06,-1.432%,"113,722,652"
SHMDW,SCHMID Group N.V. Warrants,$1.73,0.06,3.593%,"113,619,006"
COE,"51Talk Online Education Group American depositary shares, each representing 60 Class A ordinary shares",$18.87,-0.80,-4.067%,"113,358,034"
GPRO,"GoPro, Inc. Class A Common Stock",$0.6143,0.0193,3.244%,"113,341,058"
STHO,Star Holdings Shares of Beneficial Interest,$9.37,-0.43,-4.388%,"113,202,090"
TP,Ticketplus Ltd. Ordinary Shares,$7.03,-0.4119,-5.535%,"112,995,573"
SEER,"Seer, Inc. Class A Common Stock",$2.03,-0.05,-2.404%,"112,405,190"
PROV,"Provident Financial Holdings, Inc. Common Stock",$17.95,-0.03,-0.167%,"112,253,753"
TLYS,"Tilly's, Inc. Common Stock",$3.68,-0.31,-7.769%,"112,197,386"
NAUT,"Nautilus Biotechnology, Inc. Common Stock",$0.8805,-0.0115,-1.289%,"112,048,224"
GRWG,GrowGeneration Corp. Common Stock,$1.89,0.12,6.78%,"111,359,649"
AMPG,"Amplitech Group, Inc. Common Stock",$3.70,-0.295,-7.384%,"111,162,382"
EVTL,Vertical Aerospace Ltd. Ordinary Shares,$0.8018,-0.0276,-3.328%,"110,961,348"
RANI,"Rani Therapeutics Holdings, Inc. Class A Common Stock",$0.7959,-0.0002,-0.025%,"110,944,734"
YARW,"Yarrow Bioscience, Inc. Common Stock",$41.40,-1.09,-2.565%,"110,527,484"
CIGL,Concorde International Group Ltd Class A Ordinary Shares,$0.485,-0.021,-4.15%,"110,087,952"
EP,Empire Petroleum Corporation Common Stock,$2.76,-0.02,-0.719%,"109,826,483"
BUDA,"Buda Juice, Inc. Common Stock",$8.72,-0.21,-2.352%,"109,581,328"
COYA,"Coya Therapeutics, Inc. Common Stock",$4.67,-0.12,-2.505%,"109,548,155"
VERI,"Veritone, Inc. Common Stock",$1.085,-0.065,-5.652%,"108,995,919"
SLNG,"Stabilis Solutions, Inc. Common Stock",$5.86,-0.62,-9.568%,"108,974,324"
PARK,"Park Dental Partners, Inc. Common Stock",$22.88,-0.09,-0.392%,"108,800,852"
BGM,BGM Group Ltd. Class A Ordinary Shares,$0.2715,-0.0197,-6.765%,"108,769,242"
AIRJW,AirJoule Technologies Corporation Warrant,$1.50,-0.085,-5.363%,"108,600,882"
ICG,Intchains Group Limited American Depositary Shares,$0.898,0.0184,2.092%,"108,463,046"
LPA,Logistic Properties of the Americas Ordinary Shares,$3.43,0.15,4.573%,"108,449,105"
FNWB,First Northwest Bancorp Common Stock,$11.40,-0.11,-0.956%,"108,432,411"
KXIN,Kaixin Holdings Ordinary Shares,$5.41,0.31,6.078%,"108,383,312"
CHMI,Cherry Hill Mortgage Investment Corporation Common Stock,$2.92,UNCH,--,"107,886,390"
TGEN,Tecogen Inc. Common Stock,$3.57,-0.08,-2.192%,"107,770,525"
BYFC,Broadway Financial Corporation Class A Common Stock,$11.56,-0.3451,-2.899%,"107,259,980"
BEEP,Mobile Infrastructure Corporation Common Stock,$2.58,-0.01,-0.386%,"106,554,000"
AIFU,AIFU Inc. Class A Ordinary Share,$17.25,-19.05,-52.479%,"106,530,929"
TSQ,"Townsquare Media, Inc. Class A Common Stock",$5.78,0.08,1.404%,"105,378,873"
GUTS,"Fractyl Health, Inc. Common Stock",$0.66,-0.02,-2.941%,"105,058,700"
CCLD,"CareCloud, Inc. Common Stock",$2.47,-0.12,-4.633%,"104,959,832"
ONCY,"Oncolytics Biotech, Inc. Common Stock",$0.8227,-0.0113,-1.355%,"104,902,892"
SUNS,"Sunrise Realty Trust, Inc. Common Stock",$7.76,0.01,0.129%,"104,883,004"
GFUZW,General Fusion Group Ltd. Warrant,$1.65,-0.11,-6.25%,"104,848,907"
BNC,CEA Industries Inc. Common Stock,$2.54,-0.08,-3.053%,"104,810,179"
PLYX,"Polaryx Therapeutics, Inc. Common Stock",$2.10,-0.50,-19.231%,"104,676,585"
YDDL,One and One Green Technologies. Inc Class A Ordinary Shares,$1.865,-0.005,-0.267%,"104,502,166"
BNAI,Brand Engagement Network Inc. Common Stock,$16.05,0.15,0.943%,"104,448,376"
NDLS,Noodles & Company Class A Common Stock,$17.50,-0.42,-2.344%,"104,416,550"
RVSB,Riverview Bancorp Inc Common Stock,$5.14,-0.11,-2.095%,"104,264,622"
KEQU,Kewaunee Scientific Corporation Common Stock,$36.32,-0.185,-0.507%,"104,253,291"
YRD,"Yiren Digital Ltd. American Depositary Shares, each representing two ordinary shares",$1.19,UNCH,--,"104,111,269"
VENU,Venu Holding Corporation Common Stock,$1.85,-0.13,-6.566%,"103,989,521"
AEYE,"AudioEye, Inc. Common Stock",$8.26,0.27,3.379%,"103,825,507"
ARBE,Arbe Robotics Ltd. Ordinary Shares,$0.813,0.0158,1.982%,"103,579,501"
VATE,INNOVATE Corp. Common Stock,$7.56,-0.40,-5.025%,"103,132,507"
MNTS,Momentus Inc. Class A Common Stock,$4.69,-0.15,-3.099%,"103,008,351"
TISI,"Team, Inc. Common Stock",$22.36,0.24,1.085%,"102,480,553"
RPT,Rithm Property Trust Inc. Common stock,$13.10,-0.25,-1.873%,"101,820,588"
MBOT,Microbot Medical Inc. Common Stock,$1.51,-0.04,-2.581%,"101,418,850"
ARQ,"Arq, Inc. Common Stock",$2.31,-0.03,-1.282%,"100,874,196"
ZVIA,Zevia PBC Class A Common Stock,$1.30,-0.02,-1.515%,"100,549,021"
QXL,Quantum X Labs Inc. Common Stock,$4.66,0.25,5.669%,"100,506,069"
RMI,"RiverNorth Opportunistic Municipal Income Fund, Inc. Common Stock",$15.7284,0.0184,0.117%,"100,241,308"
HERE,Here Group Limited American Depositary Shares,$1.84,-0.01,-0.541%,"100,067,692"
LUD,Luda Technology Group Limited Ordinary Shares,$4.40,0.11,2.564%,"99,836,000"
MB,MasterBeef Group Ordinary Shares,$5.80,0.50,9.434%,"99,499,000"
LNSR,"LENSAR, Inc. Common Stock",$8.09,-0.11,-1.341%,"99,392,648"
PTHS,Pelthos Therapeutics Inc. Common Stock,$25.90,-1.60,-5.818%,"99,157,347"
NIPG,NIP Group Inc. American Depositary Shares,$11.59,0.86,8.015%,"98,765,182"
PUSA,Aureus Greenway Holdings Inc. Common Stock,$3.665,0.025,0.687%,"98,748,228"
HFFG,HF Foods Group Inc. Common Stock,$1.83,-0.01,-0.543%,"98,638,729"
CMCM,"Cheetah Mobile Inc. American Depositary Shares, each representing fifty (50) Class A Ordinary Shares",$3.15,-0.18,-5.405%,"98,203,890"
DFDV,DeFi Development Corp. Common Stock,$3.16,0.09,2.932%,"97,953,016"
BMEA,"Biomea Fusion, Inc. Common Stock",$1.35,0.03,2.273%,"97,853,200"
RFL,"Rafael Holdings, Inc. Class B Common Stock",$1.87,-0.12,-6.03%,"97,239,993"
CGTX,"Cognition Therapeutics, Inc. Common Stock",$1.02,0.01,0.99%,"96,995,621"
HSDT,Solana Company Class A Common Stock (DE),$1.66,-0.04,-2.353%,"96,921,881"
PYPD,PolyPid Ltd. Ordinary Shares,$4.77,0.03,0.633%,"96,887,124"
BNR,Burning Rock Biotech Limited American Depositary Shares,$9.10,0.27,3.058%,"95,971,721"
FDSB,"Fifth District Bancorp, Inc. Common Stock",$18.31,-0.0477,-0.26%,"95,864,898"
LUNG,Pulmonx Corporation Common Stock,$2.23,-0.19,-7.851%,"95,774,640"
RGT,"Royce Global Trust, Inc. Common Stock",$15.27,-0.08,-0.521%,"95,696,220"
MMLP,Martin Midstream Partners L.P. Limited Partnership,$2.44,0.04,1.667%,"95,464,234"
HYPR,"Hyperfine, Inc. Class A Common Stock",$0.8958,0.0029,0.325%,"94,998,398"
BCIC,BCP Investment Corporation Common Stock,$7.63,-0.02,-0.261%,"94,487,265"
LGL,"LGL Group, Inc. (The) Common Stock",$7.48,0.055,0.741%,"94,346,355"
KLRS,"Kalaris Therapeutics, Inc. Common Stock",$3.96,-0.12,-2.941%,"94,267,725"
ALDX,"Aldeyra Therapeutics, Inc. Common Stock",$1.56,UNCH,--,"94,109,217"
FBIO,"Fortress Biotech, Inc. Common Stock",$2.82,-0.11,-3.754%,"94,049,800"
MHH,"Mastech Digital, Inc Common Stock",$7.80,-0.08,-1.015%,"93,698,132"
VIRC,Virco Manufacturing Corporation Common Stock,$5.95,-0.10,-1.653%,"93,590,781"
STEX,Streamex Corp. Common Stock,$0.8966,-0.1434,-13.788%,"93,492,801"
BARK,"BARK, Inc. Class A Common Stock",$10.30,0.18,1.779%,"93,044,607"
MHNC,"Maiden Holdings North America, Ltd. 7.75% Notes due 2043",$11.99,-0.01,-0.083%,"92,825,897"
NVX,NOVONIX Limited American Depository Shares,$0.4416,0.002,0.455%,"92,744,148"
DH,Definitive Healthcare Corp. Class A Common Stock,$0.6394,0.0002,0.031%,"92,693,847"
MGF,Aberdeen Government Markets Income Fund Common Shares of Beneficial Interest,$2.84,UNCH,--,"92,576,596"
BZFD,"BuzzFeed, Inc. Class A Common Stock",$1.11,UNCH,--,"92,501,554"
ECOR,"electroCore, Inc. Common Stock",$10.25,0.28,2.808%,"92,412,821"
CSHRW,CoinShares PLC Warrants,$0.70,0.0046,0.661%,"92,246,146"
ATLX,Atlas Lithium Corporation Common Stock,$3.11,-0.10,-3.115%,"91,716,659"
AUBN,"Auburn National Bancorporation, Inc. Common Stock",$26.26,0.01,0.038%,"91,497,508"
FTLF,"FitLife Brands, Inc. Common Stock",$9.72,-1.08,-10.00%,"91,281,220"
HLP,Hongli Group Inc. Class A Ordinary Shares,$1.22,-0.05,-3.937%,"91,181,275"
FUSB,"First US Bancshares, Inc. Common Stock",$16.49,0.03,0.182%,"90,772,651"
WRAP,"Wrap Technologies, Inc. Common Stock",$1.62,-0.26,-13.83%,"90,725,894"
DTI,Drilling Tools International Corporation Common Stock,$2.57,0.02,0.784%,"90,675,316"
RFM,"RiverNorth Flexible Municipal Income Fund, Inc. Common Stock",$14.82,0.06,0.407%,"90,619,839"
WYY,WidePoint Corporation Common Stock,$9.05,-0.40,-4.233%,"90,484,208"
AEC,Anfield Energy Inc. Common Shares,$4.53,0.30,7.092%,"90,373,391"
RLYB,Rallybio Corporation Common Stock,$17.00,0.01,0.059%,"90,278,483"
BYRN,"Byrna Technologies, Inc. Common Stock",$3.96,-0.23,-5.489%,"90,277,530"
VRA,"Vera Bradley, Inc. Common Stock",$3.17,-0.10,-3.058%,"90,149,259"
ISPR,Ispire Technology Inc. Common Stock,$1.57,0.02,1.29%,"90,117,052"
NAKA,Nakamoto Inc. Common Stock,$5.03,0.10,2.028%,"90,011,563"
GCV,"Gabelli Convertible and Income Securities Fund, Inc. (The) Common Stock",$4.72,-0.04,-0.84%,"89,868,937"
TYGO,"Tigo Energy, Inc. Common Stock",$1.17,-0.05,-4.098%,"89,825,242"
LINK,"Interlink Electronics, Inc. Common Stock",$5.70,-0.085,-1.469%,"89,794,431"
SRL,Scully Royalty Ltd.,$5.86,-0.01,-0.17%,"89,226,417"
REKR,"Rekor Systems, Inc. Common Stock",$0.648,-0.0657,-9.206%,"89,188,449"
EIC,Eagle Point Income Company Inc. Common Stock,$10.01,-0.09,-0.891%,"89,170,161"
PFX,PhenixFIN Corporation Common Stock,$46.13,0.43,0.941%,"89,089,623"
GANX,"Gain Therapeutics, Inc. Common Stock",$2.04,-0.08,-3.774%,"89,032,983"
BDL,"Flanigan's Enterprises, Inc. Common Stock",$47.89,-0.61,-1.258%,"89,010,605"
ASRV,AmeriServ Financial Inc. Common Stock,$5.24,0.23,4.591%,"88,892,759"
DWSN,Dawson Geophysical Company Common Stock,$2.86,-0.335,-10.485%,"88,811,122"
WHLRD,"Wheeler Real Estate Investment Trust, Inc. Series D Cumulative Preferred Stock",$36.32,UNCH,--,"88,435,713"
THRY,"Thryv Holdings, Inc. Common Stock",$1.985,-0.175,-8.102%,"88,211,635"
XHLD,"TEN Holdings, Inc. Common Stock",$7.36,1.48,25.17%,"88,153,980"
ICCC,ImmuCell Corporation Common Stock,$9.70,-0.35,-3.483%,"88,097,311"
SEV,Aptera Motors Corp. Class B Common Stock,$2.17,-0.01,-0.459%,"87,978,581"
ACRV,"Acrivon Therapeutics, Inc. Common Stock",$2.05,0.10,5.128%,"87,849,392"
UBCP,"United Bancorp, Inc. Common Stock",$15.28,-0.17,-1.10%,"87,638,715"
EVF,Eaton Vance Senior Income Trust Common Stock,$4.99,-0.0021,-0.042%,"87,518,901"
CPBI,"Central Plains Bancshares, Inc. Common Stock",$20.93,-0.07,-0.333%,"87,324,899"
NFE,New Fortress Energy Inc. Class A Common Stock,$0.3052,-0.0189,-5.832%,"87,175,695"
CRGO,Freightos Limited Ordinary shares,$1.67,0.32,23.704%,"86,311,442"
SSBI,Summit State Bank Common Stock,$12.92,UNCH,--,"86,216,840"
FATN,"FatPipe, Inc. Common Stock",$6.07,-0.16,-2.568%,"85,759,801"
JXG,JX Luxventure Group Inc. Common Stock,$7.096,UNCH,--,"85,576,887"
IPWR,Ideal Power Inc. Common Stock,$5.20,-0.03,-0.574%,"85,460,206"
PODC,"PodcastOne, Inc. Common Stock",$2.83,-0.34,-10.726%,"85,458,523"
ZEPP,"Zepp Health Corporation American depositary shares, each representing sixteen Class A ordinary shares",$5.82,0.40,7.38%,"85,350,189"
SRFM,Surf Air Mobility Inc. Common Stock,$0.6901,-0.036,-4.958%,"85,326,892"
SCOR,"comScore, Inc. Common Stock",$5.65,-0.55,-8.871%,"85,279,382"
JFB,JFB Construction Holdings Class A Common Stock,$4.20,-0.40,-8.696%,"84,967,693"
CHGG,"Chegg, Inc. Common Stock",$0.7652,-0.023,-2.918%,"84,958,229"
SOTK,Sono-Tek Corporation Common Stock,$5.40,0.26,5.058%,"84,870,304"
OM,"Outset Medical, Inc. Common Stock",$4.51,UNCH,--,"84,775,210"
WFF,WF Holding Limited Ordinary Shares,$2.02,0.58,40.278%,"84,678,267"
MAIA,"MAIA Biotechnology, Inc. Common Stock",$1.39,-0.01,-0.714%,"84,547,923"
BLNK,Blink Charging Co. Common Stock,$0.5821,-0.0104,-1.755%,"84,368,827"
ROC,Rank One Computing Corporation Common stock,$4.41,0.07,1.613%,"84,143,360"
VRCA,Verrica Pharmaceuticals Inc. Common Stock,$4.89,-0.08,-1.61%,"84,004,264"
CPSH,CPS Technologies Corp. Common Stock,$4.33,0.02,0.464%,"83,949,789"
ATRA,"Atara Biotherapeutics, Inc. Common Stock",$8.36,0.27,3.337%,"83,915,256"
MAYS,"J. W. Mays, Inc. Common Stock",$41.50,UNCH,--,"83,654,870"
LSE,"Leishen Energy Holding Co., Ltd. Class A Ordinary Shares",$4.90,-0.30,-5.769%,"83,422,500"
MHLA,"Maiden Holdings, Ltd. 6.625% Notes due 2046",$10.77,-0.1101,-1.012%,"83,380,726"
GNSS,Genasys Inc. Common Stock,$1.83,0.10,5.78%,"83,341,876"
ATHE,Alterity Therapeutics Limited American Depositary Shares,$4.57,-0.22,-4.593%,"82,834,627"
ACH,"Accendra Health, Inc. Common Stock",$1.07,0.1191,12.525%,"82,288,033"
LFVN,Lifevantage Corporation Common Stock (Delaware),$6.52,-0.05,-0.761%,"82,255,159"
SEAT,Vivid Seats Inc. Class A Common Stock,$7.00,-0.18,-2.507%,"81,985,099"
ACET,"Adicet Bio, Inc. Common Stock",$8.74,0.36,4.296%,"81,819,423"
WSTN,Westin Acquisition Corp Class A Ordinary Share,$10.145,-0.0051,-0.05%,"81,717,975"
MDXH,MDxHealth SA Ordinary Shares,$0.8556,0.0476,5.891%,"81,639,112"
WATT,Energous Corporation Common Stock,$14.75,-0.81,-5.206%,"81,524,297"
IOR,"Income Opportunity Realty Investors, Inc. Common Stock",$20.02,0.32,1.624%,"81,404,884"
BATL,Battalion Oil Corporation Common Stock,$1.42,0.04,2.899%,"81,340,660"
GRABW,Grab Holdings Limited Warrant,$0.0198,-0.0022,-10.00%,"81,189,539"
DTF,DTF Tax-Free Income 2028 Term Fund Inc. Common Stock,$11.54,0.03,0.261%,"81,121,203"
CPHC,Canterbury Park Holding Corporation 'New' Common Stock,$15.63,-0.095,-0.604%,"81,016,448"
SDA,SunCar Technology Group Inc. Class A Ordinary Shares,$0.7614,0.0002,0.026%,"80,440,323"
FSEA,"First Seacoast Bancorp, Inc. Common Stock",$17.08,-0.02,-0.117%,"80,351,579"
GLV,Clough Global Dividend and Income Fund Common Shares of beneficial interest,$6.32,0.02,0.317%,"80,324,565"
MCHX,"Marchex, Inc. Class B Common Stock",$1.81,-0.04,-2.162%,"80,251,581"
NRT,North European Oil Royality Trust Common Stock,$8.73,-0.19,-2.13%,"80,233,851"
HMR,Heidmar Maritime Holdings Corp. Common Stock,$1.36,-0.04,-2.857%,"80,229,116"
FLL,"Full House Resorts, Inc. Common Stock",$2.18,-0.05,-2.242%,"79,884,966"
SIEB,Siebert Financial Corp. Common Stock,$1.94,0.02,1.042%,"79,735,816"
GECC,Great Elm Capital Corp. Common Stock,$5.74,0.05,0.879%,"79,727,165"
PBHC,"Pathfinder Bancorp, Inc. Common Stock (MD)",$16.27,UNCH,--,"79,696,317"
CSPI,CSP Inc. Common Stock,$7.90,-0.15,-1.863%,"79,567,591"
VNCE,Vince Holding Corp. Common Stock,$6.19,-0.11,-1.746%,"79,524,750"
ELTX,"Elicio Therapeutics, Inc. Common Stock",$3.02,-0.07,-2.265%,"79,371,284"
GLBS,Globus Maritime Limited Common Stock,$3.67,0.03,0.824%,"79,207,045"
GIBO,GIBO Holdings Limited Class A Ordinary Shares,$30.40,0.60,2.013%,"79,183,032"
HNNA,"Hennessy Advisors, Inc. Common Stock",$9.98,-0.045,-0.449%,"78,886,012"
FRMM,"Forum Markets, Incorporated Common Stock",$5.89,-0.20,-3.284%,"78,871,836"
NRXS,"Neuraxis, Inc. Common Stock",$6.28,-0.02,-0.317%,"78,862,764"
OESX,"Orion Energy Systems, Inc. Common Stock",$19.28,-0.07,-0.362%,"78,841,434"
EMPD,Empery Digital Inc. Common stock,$2.80,-0.09,-3.114%,"78,708,311"
AFCG,Advanced Flower Capital Inc. Common Stock,$3.47,0.31,9.81%,"78,671,559"
MWC,"Micware Co., Ltd. American Depositary Shares",$1.32,-0.065,-4.693%,"78,433,626"
NEOVW,NeoVolta Inc. Warrant,$1.33,0.15,12.712%,"78,288,119"
DFNS,T3 Defense Inc. Common Stock,$30.99,-2.79,-8.259%,"78,288,116"
NPT,Texxon Holding Limited Ordinary shares,$3.52,-0.09,-2.493%,"78,091,200"
OPXS,"Optex Systems Holdings, Inc. Common Stock",$11.22,-0.15,-1.319%,"78,089,775"
SKIN,SkinHealth Systems Inc. Class A Common Stock,$0.60,-0.067,-10.045%,"78,084,458"
RPID,"Rapid Micro Biosystems, Inc. Class A Common Stock",$1.55,-0.13,-7.738%,"77,747,312"
NEXM,NexMetals Mining Corp. Common Shares,$2.17,-0.04,-1.81%,"77,356,516"
YMT,Yimutian Inc. American Depositary Shares,$0.2213,-0.0034,-1.513%,"77,340,861"
YIBO,Planet Image International Limited Class A Ordinary Shares,$1.30,0.001,0.077%,"77,004,487"
SERA,"Sera Prognostics, Inc. Class A Common Stock",$1.95,-0.01,-0.51%,"76,926,459"
WKEY,WISeKey International Holding Ltd American Depositary Shares,$6.76,0.13,1.961%,"76,917,538"
PIII,P3 Health Partners Inc. Class A Common Stock,$10.57,-0.115,-1.076%,"76,748,580"
DTCX,"Datacentrex, Inc. Common Stock",$1.91,-0.03,-1.546%,"76,674,326"
NAMM,Namib Minerals Ordinary Shares,$1.37,0.03,2.239%,"76,517,796"
NTIC,Northern Technologies International Corporation Common Stock,$8.05,0.06,0.751%,"76,446,334"
CYPH,Cypherpunk Technologies Inc. Common Stock,$0.7053,0.0613,9.519%,"76,006,219"
XPL,Solitario Resources Corp. Common Stock,$0.8022,0.0023,0.288%,"75,955,876"
MOB,Mobilicom Limited Ordinary Shares,$6.01,-0.09,-1.475%,"75,926,560"
CVU,"CPI Aerostructures, Inc. Common Stock",$5.73,-0.13,-2.218%,"75,920,976"
RSSS,"Research Solutions, Inc Common Stock",$2.305,-0.015,-0.647%,"75,847,122"
CING,Cingulate Inc. Common Stock,$5.21,0.12,2.358%,"75,762,913"
WWR,"Westwater Resources, Inc. Common Stock",$0.5889,0.0234,4.138%,"75,711,830"
PEW,GrabAGun Digital Holdings Inc. Common Stock,$2.56,0.01,0.392%,"75,554,401"
INTG,Intergroup Corporation (The) Common Stock,$35.16,-0.32,-0.902%,"75,552,230"
BZAI,"Blaize Holdings, Inc. Common Stock",$0.5206,-0.0725,-12.224%,"75,399,560"
ZTEK,Zentek Ltd. Common Stock,$0.595,-0.0151,-2.475%,"75,338,622"
BLUW,Blue Water Acquisition Corp. III Class A Ordinary Shares,$10.36,UNCH,--,"75,058,200"
AIRT,"Air T, Inc. Common Stock",$27.81,-1.62,-5.505%,"74,989,915"
INSG,Inseego Corp. Common Stock,$4.56,-0.13,-2.772%,"74,877,900"
CEV,Eaton Vance California Municipal Income Trust Shares of Beneficial Interest,$10.63,0.15,1.431%,"74,766,902"
GEOS,Geospace Technologies Corporation Common Stock (Texas),$5.77,0.17,3.036%,"74,638,429"
ELOX,"Eloxx Pharmaceuticals, Inc. Common Stock",$18.47,-0.29,-1.546%,"74,553,398"
BSIN,Big Sky Industrial Inc. Common Stock,$1.42,-0.01,-0.699%,"74,540,668"
YOUL,Youlife Group Inc. American Depositary Shares,$0.53,0.0411,8.407%,"74,046,832"
NMAD,"Nomad Power Solutions, Inc. Common Stock",$3.90,-0.15,-3.704%,"73,985,375"
HFBL,"Home Federal Bancorp, Inc. of Louisiana Common Stock",$24.20,0.22,0.917%,"73,904,114"
SSTI,"SoundThinking, Inc. Common Stock",$5.58,-0.62,-10.00%,"73,453,982"
CANG,Cango Inc. Class A Ordinary Shares,$1.79,-0.26,-12.683%,"73,429,321"
NNOX,NANO-X IMAGING LTD Ordinary Shares,$0.9336,-0.0641,-6.425%,"73,370,352"
CVRX,"CVRx, Inc. Common Stock",$2.75,-0.33,-10.714%,"73,264,392"
BDRX,Biodexa Pharmaceuticals plc American Depositary Shs,$1.42,-0.10,-6.579%,"73,063,659"
NSTS,"NSTS Bancorp, Inc. Common Stock",$13.89,0.03,0.216%,"72,965,990"
TELO,"Telomir Pharmaceuticals, Inc. Common Stock",$1.06,-0.03,-2.752%,"72,901,453"
GRSD,Grandstand Limited Ordinary Shares,$2.07,-0.21,-9.211%,"72,651,183"
SFWL,Shengfeng Development Limited Class A Ordinary Shares,$0.88,0.0487,5.858%,"72,597,811"
LONA,"LeonaBio, Inc. Common Stock",$7.71,-0.255,-3.202%,"72,423,993"
SER,"Serina Therapeutics, Inc. Common Stock",$2.85,0.05,1.786%,"72,391,348"
AMTD,"AMTD IDEA Group American Depositary Shares, each representing six (6) Class A Ordinary Shares",$0.7542,-0.0098,-1.283%,"72,181,129"
DRIO,DarioHealth Corp. Common Stock,$7.36,-0.225,-2.966%,"72,124,180"
ZYBT,Zhengye Biotechnology Holding Limited Class A Ordinary Shares,$1.52,-0.04,-2.564%,"72,034,892"
IBIO,"iBio, Inc. Common Stock",$1.45,0.02,1.399%,"72,033,913"
RNTX,"Rein Therapeutics, Inc. Common Stock",$0.8413,0.0353,4.38%,"71,963,988"
MDIA,Mediaco Holding Inc. Class A Common Stock ,$0.8717,-0.0826,-8.656%,"71,762,039"
WBX,Wallbox N.V. Class A Ordinary Shares,$3.00,-0.10,-3.226%,"71,673,297"
JRSH,"Jerash Holdings (US), Inc. Common Stock",$5.64,0.39,7.429%,"71,627,662"
GCL,GCL Global Holdings Ltd Ordinary Shares,$0.5501,0.0259,4.941%,"71,587,501"
TTEC,"TTEC Holdings, Inc. Common Stock",$1.45,-0.13,-8.228%,"71,479,113"
ORIQU,Origin Investment Corp I Units,$10.35,UNCH,--,"71,415,000"
CLST,"Catalyst Bancorp, Inc. Common Stock",$17.61,0.34,1.969%,"71,353,889"
CLSKW,"CleanSpark, Inc. Warrant",$0.2775,0.0075,2.778%,"71,266,738"
AIRG,"Airgain, Inc. Common Stock",$5.41,-0.10,-1.815%,"70,872,266"
NCTY,The9 Limited American Depository Shares,$4.63,0.05,1.092%,"70,714,763"
TZOO,Travelzoo Common Stock,$6.92,-0.22,-3.081%,"70,600,172"
TWG,Top Wealth Group Holding Limited Class A Ordinary Shares,$1.125,-0.025,-2.174%,"70,589,869"
XBIT,XBiotech Inc. Common Stock,$2.31,0.01,0.435%,"70,426,659"
CRDF,"Cardiff Oncology, Inc. Common Stock",$0.9043,-0.0587,-6.096%,"70,350,244"
DCGO,DocGo Inc. Common Stock,$0.7101,0.0427,6.398%,"70,142,551"
BAER,"Bridger Aerospace Group Holdings, Inc. Common Stock",$1.19,-0.06,-4.80%,"70,003,107"
CSBR,"Champions Oncology, Inc. Common Stock",$5.03,-0.035,-0.691%,"69,884,652"
NYXH,Nyxoah SA Ordinary Shares,$1.60,-0.02,-1.235%,"69,859,845"
USIO,"Usio, Inc. Common Stock",$2.45,-0.31,-11.232%,"69,813,764"
SPCB,"SuperCom, Ltd. Ordinary Shares (Israel)",$11.09,0.34,3.163%,"69,650,213"
AISP,"Airship AI Holdings, Inc. Class A Common Stock",$2.02,0.06,3.061%,"69,567,915"
PROP,Prairie Operating Co. Common Stock,$0.71,-0.29,-29.00%,"69,389,843"
FEAM,"5E Advanced Materials, Inc. Common Stock",$1.67,0.06,3.727%,"69,330,422"
SPRO,"Spero Therapeutics, Inc. Common Stock",$1.19,-0.04,-3.252%,"69,299,444"
DWTX,"Dogwood Therapeutics, Inc. Common Stock",$2.06,-0.09,-4.186%,"69,276,879"
SKIL,Skillsoft Corp. Class A Common Stock,$7.72,-0.55,-6.651%,"69,229,324"
SOWG,Sow Good Inc. Common Stock,$3.44,0.12,3.614%,"69,213,202"
AACG,ATA Creativity Global American Depositary Shares,$1.01,0.05,5.208%,"69,148,660"
LASE,Laser Photonics Corporation Common Stock,$1.45,-0.03,-2.027%,"69,089,052"
CTOR,"Citius Oncology, Inc. Common Stock",$0.74,-0.1698,-18.663%,"68,806,091"
FSI,Flexible Solutions International Inc. Common Stock (CDA),$5.39,0.35,6.944%,"68,709,014"
PCLA,PicoCELA Inc. American Depositary Shares,$7.14,0.38,5.621%,"68,642,568"
ENRDW,Einride AB Warrants,$0.4756,-0.0144,-2.939%,"68,565,098"
GOSS,"Gossamer Bio, Inc. Common Stock",$0.14,-0.0142,-9.209%,"68,438,541"
APLM,Apollomics Inc. Class A Ordinary Shares,$23.55,0.15,0.641%,"68,202,048"
LGO,Largo Inc. Common Shares,$0.6612,-0.0703,-9.61%,"68,192,063"
PLRX,"Pliant Therapeutics, Inc. Common Stock",$1.10,0.03,2.804%,"68,114,087"
ALVOW,Alvotech Warrant,$0.2175,0.0273,14.353%,"67,893,313"
RGS,Regis Corporation Common Stock,$27.10,-0.63,-2.272%,"67,716,884"
GEG,"Great Elm Group, Inc. Common Stock",$2.15,-0.01,-0.463%,"67,417,567"
WNW,Meiwu Technology Company Limited Ordinary Shares,$2.56,UNCH,--,"67,406,006"
OSTX,OS Therapies Incorporated Common Stock,$1.47,-0.15,-9.259%,"67,271,758"
WYHG,Wing Yip Food Holdings Group Limited American Depositary Shares,$5.32,0.14,2.703%,"66,940,134"
FLZH,"Flash Sports & Media Holdings, Inc. Common Stock",$1.18,-0.14,-10.606%,"66,925,189"
PMVP,"PMV Pharmaceuticals, Inc. Common Stock",$1.25,-0.01,-0.794%,"66,664,708"
HOUR,"Hour Loop, Inc. Common Stock",$1.8899,-0.0541,-2.783%,"66,524,140"
INVE,"Identiv, Inc. Common Stock",$2.74,0.09,3.396%,"66,405,963"
DIT,AMCON Distributing Company Common Stock,$68.00,UNCH,--,"66,369,904"
GOAI,Eva Live Inc. Common Stock,$1.69,UNCH,--,"66,336,194"
STI,"Solidion Technology, Inc. Common Stock",$7.79,-0.09,-1.142%,"66,314,486"
HIT,"Health In Tech, Inc. Class A Common Stock",$1.01,0.005,0.498%,"66,190,005"
SLSN,"Solesence, Inc. Common Stock",$0.9354,-0.0846,-8.294%,"66,069,589"
OPTXW,"Syntec Optics Holdings, Inc. Warrant",$1.64,0.1199,7.888%,"66,059,000"
UEIC,Universal Electronics Inc. Common Stock,$5.12,-0.15,-2.846%,"65,971,517"
IH,"iHuman Inc. American depositary shares, each representing five Class A ordinary shares",$1.29,-0.07,-5.147%,"65,935,592"
AVD,American Vanguard Corporation Common Stock ($0.10 Par Value),$2.23,0.11,5.189%,"65,786,409"
ODYS,Odysight.ai Inc. Common Stock,$3.91,-0.07,-1.759%,"65,714,999"
CATO,Cato Corporation (The) Class A Common Stock,$3.27,-0.13,-3.824%,"65,265,466"
DLHC,DLH Holdings Corp.,$4.50,-0.16,-3.433%,"65,218,658"
CNVS,Cineverse Corp. Class A Common Stock,$2.74,0.05,1.859%,"65,133,600"
MNOV,Medicinova Inc Common Stock,$1.32,0.01,0.763%,"64,972,045"
CBAT,CBAK Energy Technology Limited Ordinary Shares,$0.7317,0.0087,1.203%,"64,862,158"
BOLD,"Boundless Bio, Inc. Common Stock",$2.83,UNCH,--,"64,376,798"
FACWW,Factorial Energy Inc. Warrant,$0.6002,-0.0991,-14.171%,"64,235,352"
ANPA,Rich Sparkle Holdings Limited Ordinary Shares,$4.25,-0.04,-0.932%,"64,182,459"
TENX,"Tenax Therapeutics, Inc. Common Stock",$1.71,-0.09,-5.00%,"63,994,898"
LNZA,"LanzaTech Global, Inc. Common Stock",$6.30,-0.04,-0.631%,"63,561,727"
CRT,Cross Timbers Royalty Trust Common Stock,$10.57,0.20,1.929%,"63,420,000"
IMA,"ImageneBio, Inc. Common Stock",$5.58,-0.26,-4.452%,"63,341,124"
KNDI,"Kandi Technologies Group, Inc. Ordinary Shares",$0.6299,0.0024,0.382%,"63,251,638"
ROLR,"High Roller Technologies, Inc. Common Stock",$5.72,0.01,0.175%,"63,087,670"
TPCS,TechPrecision Corporation Common stock,$6.23,0.24,4.007%,"62,924,938"
SUIG,Sui Group Holdings Limited Common Stock,$0.8181,0.0111,1.375%,"62,832,430"
DOMH,Dominari Holdings Inc. Common Stock,$2.59,-0.12,-4.428%,"62,791,043"
XLO,"Xilio Therapeutics, Inc. Common Stock",$9.49,0.32,3.49%,"62,445,614"
GENK,"GEN Restaurant Group, Inc. Class A Common Stock",$1.89,-0.04,-2.073%,"62,303,128"
TLPH,"Talphera, Inc. Common Stock",$1.20,-0.03,-2.439%,"62,286,955"
APWC,"Asia Pacific Wire & Cable Corporation, Ltd. Ordinary Shares (Bermuda)",$1.51,-0.01,-0.658%,"62,261,006"
MYO,Myomo Inc. Common Stock,$1.57,-0.15,-8.721%,"62,184,331"
HYFT,MindWalk Holdings Corp. Common Stock,$1.33,-0.08,-5.674%,"62,126,782"
MYPS,"PLAYSTUDIOS, Inc.  Class A Common Stock",$0.5157,-0.0099,-1.884%,"61,946,597"
ASPS,Altisource Portfolio Solutions S.A. Common Stock,$5.42,-0.22,-3.901%,"61,897,517"
WFCF,"Where Food Comes From, Inc. Common Stock",$12.34,-0.01,-0.081%,"61,449,041"
BOF,BranchOut Food Inc. Common Stock,$4.01,-0.15,-3.606%,"61,417,280"
TJGC,TJGC Group Limited Class A Ordinary Shares,$4.01,UNCH,--,"61,353,000"
TEAD,Teads Holding Co. Common Stock,$0.6255,-0.0552,-8.109%,"61,339,759"
LFS,"LEIFRAS Co., Ltd. American Depositary Shares  ",$2.34,-0.08,-3.306%,"61,215,848"
ELBM,Electra Battery Materials Corporation Common Stock,$0.5722,-0.018,-3.05%,"61,111,039"
VGAS,"Verde Clean Fuels, Inc. Class A Common Stock",$1.37,-0.02,-1.439%,"61,032,981"
ELTK,Eltek Ltd. Ordinary Shares,$9.05,0.4268,4.949%,"60,814,434"
GNTA,Genenta Science S.p.A. American Depositary Shares,$1.26,-0.04,-3.077%,"60,753,241"
HRTX,"Heron Therapeutics, Inc. Common Stock",$0.32,-0.0167,-4.96%,"60,752,738"
SORA,AsiaStrategy Ordinary Shares,$2.44,-0.26,-9.63%,"60,668,160"
DGNX,Diginex Limited Ordinary Shares,$1.21,-0.11,-8.333%,"60,657,457"
XTIA,"XTI Aerospace, Inc. Common Stock",$1.57,-0.05,-3.086%,"60,410,129"
LGCL,Lucas GC Limited Ordinary Shares,$1.41,-0.04,-2.759%,"60,334,470"
VHUB,"VenHub Global, Inc. Common Stock",$0.66,0.0003,0.045%,"60,319,286"
ANVS,"Annovis Bio, Inc. Common Stock",$1.74,-0.11,-5.946%,"60,285,550"
TC,Token Cat Limited American Depositary Shares,$2.28,0.11,5.069%,"60,221,232"
SELF,"Global Self Storage, Inc. Common Stock",$5.27,-0.08,-1.495%,"60,190,883"
RETO,"ReTo Eco-Solutions, Inc. Class A Shares",$1.67,0.39,30.469%,"59,866,676"
GDHG,Golden Heaven Group Holdings Ltd. Class A Ordinary Shares,$1.27,-0.07,-5.224%,"59,851,468"
SGA,"Saga Communications, Inc. Class A Common Stock (FL)",$9.40,-0.36,-3.689%,"59,821,299"
YTRA,"Yatra Online, Inc. Ordinary Shares",$0.935,-0.0078,-0.827%,"59,813,152"
IDN,"Intellicheck, Inc. Common Stock",$2.95,0.145,5.169%,"59,786,892"
DXR,Daxor Corporation Common Stock,$10.203,-0.197,-1.894%,"59,567,399"
CTM,"Castellum, Inc. Common Stock",$0.6284,-0.0234,-3.59%,"59,560,560"
LIDR,"AEye, Inc. Class A Common Stock",$1.28,-0.03,-2.29%,"59,505,039"
KG,"Kestrel Group, Ltd.",$7.60,-0.29,-3.676%,"59,462,628"
BGSF,"BGSF, Inc. Common Stock",$5.57,-0.09,-1.59%,"59,454,074"
CIRC,"Circle8 Group, Inc. Common Stock",$0.6422,-0.0258,-3.862%,"59,354,049"
AIFC,AI Financial Corporation Common Stock,$0.4235,0.0158,3.875%,"59,220,762"
AURE,Aurelion Inc. Class A Ordinary Shares,$1.71,-0.06,-3.39%,"59,164,003"
INMB,INmune Bio Inc. Common stock,$2.13,-0.04,-1.843%,"59,115,571"
STEM,"Stem, Inc. Class A Common Stock",$6.10,-0.24,-3.785%,"58,723,138"
UPXI,"Upexi, Inc. Common Stock",$0.799,0.0515,6.89%,"58,688,434"
AEI,Alset Inc. Common Stock (TX),$1.50,0.16,11.94%,"58,343,745"
LITB,"LightInTheBox Holding Co., Ltd. American Depositary Shares, each representing twelve ordinary shares",$2.95,-0.125,-4.065%,"58,193,417"
PVL,Permianville Royalty Trust Units of Beneficial Interest,$1.76,UNCH,--,"58,080,000"
BRID,Bridgford Foods Corporation Common Stock,$6.36,-0.06,-0.935%,"57,728,652"
NAAS,NaaS Technology Inc. American Depositary Shares,$3.38,0.03,0.896%,"57,647,124"
ELWT,"Elauwit Connection, Inc. Common Stock",$8.66,0.3575,4.306%,"57,327,433"
INKT,"MiNK Therapeutics, Inc. Common Stock",$11.22,-0.05,-0.444%,"57,255,682"
VTIX,Virtuix Holdings Inc. Class A Common Stock,$1.69,-0.08,-4.52%,"57,219,219"
IMMP,Immutep Limited American Depositary Shares,$0.3865,0.0065,1.711%,"56,889,721"
HWH,HWH International Inc. Common Stock,$1.91,0.10,5.525%,"56,777,424"
COCH,"Envoy Medical, Inc. Class A Common Stock",$0.735,-0.065,-8.125%,"56,738,027"
VHC,VirnetX Holding Corp Common Stock,$13.54,-1.46,-9.733%,"56,676,436"
THCH,TH International Limited Ordinary shares,$1.70,0.11,6.918%,"56,514,089"
GPMT,Granite Point Mortgage Trust Inc. Common Stock,$1.17,-0.02,-1.681%,"56,391,854"
INCR,Intercure Ltd. Ordinary Shares,$0.9478,-0.0422,-4.263%,"56,136,825"
STKS,"The ONE Group Hospitality, Inc. Common Stock",$1.77,-0.06,-3.279%,"56,089,572"
GLND,Greenland Energy Company Common Stock,$1.28,UNCH,--,"55,974,648"
EXOZ,eXoZymes Inc. Common Stock,$6.03,0.21,3.608%,"55,966,595"
CVV,CVD Equipment Corporation Common Stock,$8.04,-0.035,-0.433%,"55,887,672"
BTCS,BTCS Inc. Common Stock,$1.12,UNCH,--,"55,748,416"
NCEW,New Century Logistics (BVI) Limited Ordinary Shares,$17.31,UNCH,--,"55,392,000"
VOC,VOC Energy Trust Units of Beneficial Interest,$3.24,0.07,2.208%,"55,080,000"
ETS,Elite Express Holding Inc. Class A Common Stock,$1.13,0.025,2.262%,"55,049,839"
APT,"Alpha Pro Tech, Ltd. Common Stock",$5.36,-0.07,-1.289%,"54,705,328"
SCLX,Scilex Holding Company Common Stock,$6.40,-0.36,-5.325%,"54,344,109"
RNXT,"RenovoRx, Inc. Common Stock",$1.20,-0.20,-14.286%,"54,155,410"
LVO,"LiveOne, Inc. Common Stock",$3.93,-0.22,-5.301%,"54,155,259"
CLPR,Clipper Realty Inc. Common Stock,$3.35,0.01,0.299%,"54,127,846"
UAVS,"AgEagle Aerial Systems, Inc. Common Stock",$0.92,-0.17,-15.596%,"53,909,350"
IZEA,"IZEA Worldwide, Inc. Common Stock",$3.09,0.02,0.651%,"53,816,324"
CLNN,Clene Inc. Common Stock,$4.20,0.06,1.449%,"53,668,889"
BSEM,"BioStem Technologies, Inc. Common Stock",$3.00,-0.21,-6.542%,"53,548,413"
ALPS,ALPS Group Inc Ordinary Share,$0.3202,0.0002,0.063%,"53,281,381"
KAZR,Skyline Builders Group Holding Limited Class A Ordinary Shares,$2.15,-0.01,-0.463%,"53,269,456"
TOUR,Tuniu Corporation American Depositary Shares,$4.88,-0.02,-0.408%,"53,015,134"
PXS,Pyxis Tankers Inc. Common Stock,$5.14,-0.02,-0.388%,"52,814,214"
MDAI,"Spectral AI, Inc. Class A Common Stock",$1.64,-0.04,-2.381%,"52,783,282"
RYOJ,"rYojbaba Co., Ltd. Common Shares",$4.56,-0.09,-1.935%,"52,668,000"
MLGO,"MicroAlgo, Inc. Class A Ordinary Shares",$4.23,-0.08,-1.856%,"52,610,460"
QTEX,QTREX Quantum Ltd. Ordinary Shares,$0.9399,-0.04,-4.082%,"52,360,674"
OPTT,"Ocean Power Technologies, Inc. Common Stock",$0.1935,-0.0135,-6.522%,"52,271,862"
IBO,"Impact BioMedical, Inc. Common Stock",$0.4774,0.0181,3.941%,"51,473,856"
OKYO,OKYO Pharma Limited Ordinary Shares,$1.52,UNCH,--,"51,436,800"
TACT,TransAct Technologies Incorporated Common Stock,$5.00,-0.18,-3.475%,"51,381,395"
MVIS,"MicroVision, Inc. Common Stock",$2.14,-0.095,-4.251%,"50,907,230"
ATYR,"aTyr Pharma, Inc. Common Stock",$0.5189,-0.0401,-7.174%,"50,897,565"
SCYX,"SCYNEXIS, Inc. Common Stock",$5.09,-0.09,-1.737%,"50,643,510"
AIRTP,"Air T, Inc. Air T Funding Alpha Income Trust Preferred Securities",$18.7751,0.0852,0.456%,"50,627,226"
VRM,"Vroom, Inc. Common Stock",$9.66,-1.19,-10.968%,"50,563,850"
HAIN,"Hain Celestial Group, Inc. (The) Common Stock",$0.559,-0.0215,-3.704%,"50,451,697"
OMEX,"Odyssey Marine Exploration, Inc. Common Stock",$0.856,-0.0448,-4.973%,"50,239,829"
EDSA,"Edesa Biotech, Inc. Common Shares",$5.65,0.30,5.607%,"50,239,523"
CMTL,Comtech Telecommunications Corp. Common Stock,$1.67,-0.09,-5.114%,"50,035,590"
LSF,"Laird Superfood, Inc. Common Stock",$4.47,-0.24,-5.096%,"50,032,191"
TCBS,"Texas Community Bancshares, Inc. Common Stock",$17.41,0.01,0.057%,"50,014,177"
TIL,"Instil Bio, Inc. Common Stock",$7.36,-0.02,-0.271%,"49,915,343"
TCRX,"TScan Therapeutics, Inc. Common Stock",$0.7835,0.0047,0.603%,"49,754,340"
SDEV,Stablecoin Development Corporation Common Stock,$0.98,-0.05,-4.854%,"49,603,128"
PLCE,"Children's Place, Inc. (The) Common Stock",$2.23,-0.21,-8.607%,"49,588,659"
DSWL,"Deswell Industries, Inc. Common Shares",$3.11,-0.03,-0.955%,"49,403,093"
BTMD,Biote Corp. Class A Common Stock,$1.37,-0.10,-6.803%,"49,220,631"
BHST,BioHarvest Sciences Inc. Common Stock,$2.17,0.10,4.831%,"49,189,217"
MKDW,MKDWELL Tech Inc. Ordinary Share,$11.69,UNCH,--,"49,079,787"
PRTS,"CarParts.com, Inc. Common Stock",$6.08,-0.05,-0.816%,"49,037,827"
ACFN,"Acorn Energy, Inc. Common Stock",$19.48,0.08,0.412%,"48,887,359"
CNTX,Context Therapeutics Inc. Common Stock,$0.5303,0.0074,1.415%,"48,723,528"
RSF,RiverNorth Capital and Income Fund Common Stock,$14.56,0.02,0.138%,"48,653,361"
FSP,Franklin Street Properties Corp. Common Stock,$0.4665,-0.0217,-4.445%,"48,521,462"
NXB,NextBoat Inc. Common Stcok,$1.92,-0.09,-4.478%,"48,274,358"
SOGP,Sound Group Inc. American Depositary Shares,$11.56,0.28,2.482%,"48,253,128"
BDMD,Baird Medical Investment Holdings Ltd Ordinary Share,$1.14,0.01,0.885%,"48,117,990"
NTWK,NetSol Technologies Inc. Common  Stock,$4.05,-0.02,-0.491%,"48,099,477"
PFXNZ,PhenixFIN Corporation  5.25% Notes due 2028,$24.00,0.1499,0.629%,"48,092,856"
AREN,"The Arena Group Holdings, Inc. Common Stock",$1.01,-0.14,-12.174%,"48,086,760"
FIEE,"FiEE, Inc Common Stock",$5.63,0.63,12.60%,"48,016,007"
SRTS,"Sensus Healthcare, Inc. Common Stock",$2.90,0.04,1.399%,"47,739,971"
MREO,Mereo BioPharma Group plc American Depositary Shares,$0.3077,-0.0112,-3.512%,"47,738,303"
OFS,OFS Capital Corporation Common Stock,$3.56,-0.03,-0.836%,"47,697,158"
HCMAW,HCM III Acquisition Corp. Warrants,$0.6012,-0.0087,-1.426%,"47,640,815"
LOAN,"Manhattan Bridge Capital, Inc",$4.11,-0.01,-0.243%,"46,958,842"
SYPR,"Sypris Solutions, Inc. Common Stock",$2.04,-0.02,-0.971%,"46,942,705"
NEPH,"Nephros, Inc. Common Stock",$4.32,-0.305,-6.595%,"46,915,718"
COPR,Idaho Copper Corporation Common Stock,$2.54,-0.04,-1.55%,"46,912,088"
AHMA,Ambitions Enterprise Management Co. L.L.C Class A Ordinary Shares,$1.57,-0.09,-5.422%,"46,668,250"
TCRT,"Alaunos Therapeutics, Inc. Common Stock",$1.91,-0.02,-1.036%,"46,646,299"
INDO,Indonesia Energy Corporation Limited Ordinary Shares,$3.03,0.05,1.678%,"46,622,125"
YAAS,Youxin Technology Ltd Class A Ordinary shares,$2.96,0.11,3.86%,"46,515,326"
XTNT,"Xtant Medical Holdings, Inc. Common Stock",$0.3315,0.0265,8.689%,"46,505,459"
BODI,"The Beachbody Company, Inc. Class A Common Stock",$6.40,-0.63,-8.962%,"46,470,285"
CPHI,"China Pharma Holdings, Inc. Common Stock",$1.08,-0.05,-4.425%,"46,463,762"
AIOS,AIOS Tech Inc. Class A Common Shares,$14.26,2.21,18.34%,"46,334,376"
MGX,"Metagenomi Therapeutics, Inc. Common Stock",$1.22,-0.01,-0.813%,"46,088,068"
CNCKW,Coincheck Group N.V. Warrants,$0.24,-0.02,-7.692%,"46,031,514"
POCI,"Precision Optics Corporation, Inc. Common stock",$4.18,-0.205,-4.675%,"45,749,552"
NUR,Nuran Wireless Inc. Common Shares,$3.48,-1.03,-22.838%,"45,534,812"
GRCE,"Grace Therapeutics, Inc. Common Stock",$2.16,UNCH,--,"45,437,609"
BRAG,Bragg Gaming Group Inc. Common Shares,$1.46,-0.07,-4.575%,"45,352,570"
MCRB,"Seres Therapeutics, Inc. Common Stock",$4.51,-0.03,-0.661%,"45,301,962"
SPWH,"Sportsman's Warehouse Holdings, Inc. Common Stock",$1.16,-0.03,-2.521%,"45,262,962"
SQNS,Sequans Communications S.A. American Depositary Shares (each representing one hundred (100) Ordinary Shares),$3.02,UNCH,--,"45,232,548"
FTEK,"Fuel Tech, Inc. Common Stock",$1.44,-0.01,-0.69%,"44,952,176"
VERU,Veru Inc. Common Stock,$2.63,-0.10,-3.663%,"44,842,342"
NA,Nano Labs Ltd Class A Ordinary Shares,$1.93,0.06,3.209%,"44,803,194"
MGLD,"The Marygold Companies, Inc. Common Stock",$1.045,-0.03,-2.791%,"44,737,717"
RYM,"RYTHM, Inc. Common Stock",$20.33,-0.47,-2.26%,"44,726,000"
MIND,"MIND Technology, Inc. Common Stock (DE)",$4.92,0.19,4.017%,"44,718,151"
GROV,"Grove Collaborative Holdings, Inc. Class A Common Stock",$1.04,0.01,0.971%,"44,409,088"
KBSX,FST Corp. Ordinary Shares,$0.9899,0.0799,8.78%,"44,313,866"
RMCO,Royalty Management Holding Corporation Class A Common Stock,$2.92,-0.10,-3.311%,"44,304,307"
MBBC,"Marathon Bancorp, Inc. Common Stock",$15.00,-0.26,-1.704%,"44,261,190"
KFFB,Kentucky First Federal Bancorp Common Stock,$5.46,-0.11,-1.975%,"44,153,464"
MAMO,Massimo Group Common Stock,$1.06,UNCH,--,"44,139,407"
HYPD,"Hyperion DeFi, Inc. Common Stock",$2.84,0.12,4.412%,"44,131,993"
ATHR,"Aether Holdings, Inc. Common Stock",$3.60,-0.05,-1.37%,"44,057,012"
VIOT,"Viomi Technology Co., Ltd American Depositary Shares",$0.70,-0.0012,-0.171%,"43,721,032"
SLMT,Brera Holdings PLC Class B Ordinary Shares,$3.97,-0.07,-1.733%,"43,706,897"
TGE,The Generation Essentials Group Class A Ordinary Shares,$0.901,-0.0043,-0.475%,"43,663,424"
SCWO,374Water Inc. Common Stock,$2.46,-0.04,-1.60%,"43,586,676"
EUDA,EUDA Health Holdings Limited Ordinary Shares,$14.4876,0.3176,2.241%,"43,380,583"
ZOOZ,ZOOZ Strategy Ltd. Ordinary Shares,$5.35,-0.0005,-0.009%,"43,341,046"
NSRX,Nasus Pharma Ltd. Ordinary Shares,$3.70,0.08,2.21%,"43,329,990"
MLSS,"Milestone Scientific, Inc. Common Stock",$0.488,-0.0071,-1.434%,"43,304,722"
LVLU,"Lulu's Fashion Lounge Holdings, Inc. Common Stock",$15.08,-1.19,-7.314%,"43,303,366"
ELUT,Elutia Inc. Class A Common Stock,$0.9759,0.0349,3.709%,"43,142,818"
FLNA,"Filana Therapeutics, Inc. Common Stock",$0.89,-0.0233,-2.551%,"42,994,027"
SKYA,"SkyAI, Inc. Common Stock",$1.00,0.02,2.041%,"42,982,506"
AXIL,"AXIL Brands, Inc. Common Stock",$6.30,0.215,3.533%,"42,951,617"
PRPO,"Precipio, Inc.  Common Stock",$23.90,0.40,1.702%,"42,718,191"
PTLE,PTL LTD Class A Ordinary Shares,$6.80,-0.87,-11.343%,"42,711,630"
SNWV,"SANUWAVE Health, Inc. Common Stock",$4.96,0.22,4.641%,"42,667,453"
RAVE,"Rave Restaurant Group, Inc. Common Stock",$3.00,-0.04,-1.316%,"42,634,698"
CULP,"Culp, Inc. Common Stock",$3.35,0.035,1.056%,"42,611,739"
STG,"Sunlands Technology Group American Depositary Shares, representing Class A ordinary shares",$3.18,0.01,0.315%,"42,589,727"
PAVM,PAVmed Inc. Common Stock,$5.325,0.125,2.404%,"42,578,263"
CCG,Cheche Group Inc. Class A Ordinary Shares,$16.99,0.05,0.295%,"42,567,188"
NXXT,"NextNRG, Inc. Common Stock",$0.2517,-0.0155,-5.801%,"42,341,412"
TVGN,Tevogen Inc. Common Stock,$6.58,-0.29,-4.221%,"42,220,833"
PHUN,"Phunware, Inc. Common Stock",$2.05,-0.04,-1.914%,"41,948,484"
PLUT,Plutus Financial Group Limited Ordinary Shares,$2.725,UNCH,--,"41,828,750"
BRIA,BrilliA Inc Class A Ordinary Shares,$1.36,-0.02,-1.449%,"41,650,000"
PN,PN Smart Energy Limited Class A Ordinary Shares,$2.81,0.17,6.439%,"41,458,810"
KTCC,Key Tronic Corporation Common Stock,$3.81,-0.16,-4.03%,"41,373,815"
GAME,"GameSquare Holdings, Inc. Common Stock",$0.441,0.027,6.522%,"41,320,255"
NSPR,InspireMD Inc. Common Stock,$0.8798,-0.1026,-10.444%,"41,256,443"
PXLW,"Pixelworks, Inc.  Common Stock",$6.80,-0.18,-2.579%,"41,135,872"
ALGS,"Aligos Therapeutics, Inc. Common Stock",$6.575,-0.315,-4.572%,"41,057,969"
KPTI,Karyopharm Therapeutics Inc. Common Stock,$1.81,-0.21,-10.396%,"41,053,443"
AGIG,Abundia Global Impact Group Inc. Common stock,$0.927,0.0294,3.275%,"40,927,348"
GMHS,Gamehaus Holdings Inc. Class A Ordinary Shares,$0.764,0.009,1.192%,"40,926,990"
NOMA,NOMADAR Corp. Class A Common Stock,$2.75,0.06,2.23%,"40,923,941"
CAST,"FreeCast, Inc. Class A Common Stock",$0.8598,-0.1365,-13.701%,"40,910,197"
CNF,"CNFinance Holdings Limited American Depositary Shares, each representing two hundred (200) Ordinary Shares",$2.29,0.04,1.778%,"40,757,157"
HGBL,Heritage Global Inc. Common Stock,$1.17,0.08,7.339%,"40,647,617"
SNT,Senstar Technologies Corporation Common Shares,$1.74,-0.10,-5.435%,"40,597,076"
MCRP,Micropolis AI Robotics Ordinary Shares,$1.16,0.12,11.538%,"40,470,599"
MNY,MoneyHero Limited Class A Ordinary Shares,$0.91,UNCH,--,"40,434,228"
BBGI,"Beasley Broadcast Group, Inc. Class A Common Stock",$22.34,-0.25,-1.107%,"40,400,036"
SJ,Scienjoy Holding Corporation Class A Ordinary Shares ,$0.9499,-0.0001,-0.011%,"40,335,383"
CREX,"Creative Realities, Inc. Common Stock",$3.05,-0.23,-7.012%,"39,948,571"
SPWR,SunPower Inc. Common Stock,$0.2177,-0.0028,-1.27%,"39,851,628"
RDI,Reading International Inc Class A Common Stock,$1.75,0.14,8.696%,"39,755,205"
IXHL,Incannex Healthcare Inc. Common Stock,$3.315,0.035,1.067%,"39,662,497"
ACCL,Acco Group Holdings Limited Class A Ordinary Shares,$2.85,0.01,0.352%,"39,615,000"
QTI,"QT Imaging Holdings, Inc. Common Stock",$2.70,-0.18,-6.25%,"39,518,615"
CRVO,CervoMed Inc. Common Stock,$2.61,-0.12,-4.396%,"39,460,841"
GROW,"U.S. Global Investors, Inc. Class A Common Stock",$3.18,0.0075,0.236%,"39,445,343"
VWAV,"VisionWave Holdings, Inc. Common Stock",$1.43,-0.35,-19.663%,"39,442,359"
COHN,Cohen & Company Inc.,$12.19,-0.21,-1.694%,"39,361,144"
XRXDW,Xerox Holdings Corporation Warrants,$0.2996,-0.0102,-3.292%,"39,341,827"
NTRB,Nutriband Inc. Common Stock,$3.23,-0.07,-2.121%,"39,263,825"
ARAY,Accuray Incorporated Common Stock,$0.3266,0.0484,17.398%,"39,008,878"
RYET,Ruanyun Edai Technology Inc. Ordinary shares,$1.0439,0.0039,0.375%,"38,916,596"
STKE,Sol Strategies Inc. Common Shares,$1.01,-0.02,-1.942%,"38,807,407"
BGDE,"Big Digital Energy, Inc. Common Stock",$7.00,0.17,2.489%,"38,648,764"
MATH,Metalpha Technology Holding Limited Ordinary Shares,$0.8197,0.0497,6.455%,"38,618,720"
ZTG,Zenta Group Company Limited Class A Ordinary Shares,$3.27,-6.55,-66.701%,"38,614,904"
EHTH,"eHealth, Inc. Common Stock",$1.20,-0.02,-1.639%,"38,439,185"
ARBK,Argo Blockchain plc American Depositary Shares,$2.875,-0.005,-0.174%,"38,409,057"
GAIA,"Gaia, Inc. Class A Common Stock",$1.51,0.05,3.425%,"38,392,947"
HODO,House of Doge Inc. Common Stock,$0.5058,-0.0286,-5.352%,"38,391,730"
RADX,Radiopharm Theranostics Limited American Depositary Shares,$2.67,0.11,4.297%,"38,387,514"
FTCI,"FTC Solar, Inc. Common Stock",$2.32,-0.02,-0.855%,"38,329,639"
SRXH,SRX Global Inc. Common Stock,$1.89,-0.03,-1.563%,"38,301,589"
ZDGE,"Zedge, Inc. Class B Common Stock ",$2.93,-0.01,-0.34%,"38,291,089"
USDEW,StablecoinX Inc. Warrants,$0.60,0.10,20.00%,"38,109,959"
HOLO,MicroCloud Hologram Inc. Ordinary Shares,$1.66,-0.07,-4.046%,"38,034,518"
PETS,"PetMed Express, Inc. Common Stock",$1.75,-0.075,-4.11%,"37,938,100"
SACH,Sachem Capital Corp. Common Shares,$0.79,UNCH,--,"37,884,159"
NCT,Intercont (Cayman) Limited Class A Ordinary shares,$3.87,0.22,6.027%,"37,323,588"
SPRU,Spruce Power Holding Corporation Class A Common Stock,$1.90,0.06,3.261%,"36,579,153"
STRR,"Star Equity Holdings, Inc. Common Stock",$9.82,0.02,0.204%,"36,293,640"
WKHS,"Workhorse Group, Inc. Common Stock",$3.31,0.25,8.17%,"36,173,616"
ABLV,Able View Global Inc. Class B Ordinary Shares,$0.7301,0.0451,6.584%,"36,059,582"
SLND,"Southland Holdings, Inc. Common Stock",$0.6607,0.0705,11.945%,"35,965,374"
AERT,"Aeries Technology, Inc. Class A Ordinary Share",$6.85,-0.21,-2.975%,"35,947,786"
SAIH,SAIHEAT Limited Class A Ordinary Shares,$19.845,-0.165,-0.825%,"35,926,594"
TOON,"Kartoon Studios, Inc. Common Stock",$0.6026,-0.0293,-4.637%,"35,639,291"
CNTY,"Century Casinos, Inc. Common Stock",$1.265,-0.015,-1.172%,"35,594,180"
RPGL,Republic Power Group Limited Class A Ordinary Shares,$2.20,0.26,13.402%,"35,525,356"
BHM,"Bluerock Homes Trust, Inc. Class A Common Stock",$8.64,-0.21,-2.373%,"35,493,362"
VIDA,VIDA Global Inc. Class A Common Stock,$2.43,0.08,3.404%,"35,436,525"
SWAG,"Stran & Company, Inc. Common Stock",$1.90,UNCH,--,"35,415,219"
FGNX,FG Nexus Inc. Common Stock ,$6.95,-0.16,-2.25%,"35,415,032"
ZEO,Zeo Energy Corporation Class A Common Stock,$0.6059,-0.0123,-1.99%,"35,311,835"
NXTC,"NextCure, Inc. Common Stock",$7.71,-0.50,-6.09%,"35,291,438"
ZONE,CleanCore Solutions Inc. Class B Common Stock,$0.1559,-0.0042,-2.623%,"35,274,041"
NSYS,Nortech Systems Incorporated Common Stock,$12.36,0.25,2.064%,"35,272,548"
VTSI,"VirTra, Inc. Common Stock",$3.11,-0.12,-3.715%,"35,204,031"
STRRP,"Star Equity Holdings, Inc. 10% Series A Cumulative Perpetual Preferred Stock",$9.50,-0.2826,-2.889%,"35,110,955"
LPSN,"LivePerson, Inc. Common Stock",$2.84,-0.005,-0.176%,"35,037,923"
KOSS,Koss Corporation Common Stock,$3.70,-0.05,-1.333%,"35,025,821"
BENF,Beneficient Class A Common Stock,$2.27,-0.13,-5.417%,"34,998,733"
CDROW,"Codere Online Luxembourg, S.A. Warrants",$0.7683,-0.0117,-1.50%,"34,934,536"
MLCI,Mount Logan Capital Inc. Common Stock,$3.12,-0.02,-0.637%,"34,908,956"
ONMD,OneMedNet Corp Class A Common Stock,$0.6102,-0.171,-21.889%,"34,752,508"
NTIP,"Network-1 Technologies, Inc. Common Stock",$1.52,-0.03,-1.935%,"34,752,035"
QNCX,"Quince Therapeutics, Inc. Common Stock",$34.12,0.08,0.235%,"34,702,190"
NNVC,"NanoViricides, Inc. Common Stock",$1.36,-0.02,-1.449%,"34,542,851"
TLSIW,"TriSalus Life Sciences, Inc. Warrant",$0.56,UNCH,--,"34,481,776"
GGR,Gogoro Inc. Ordinary Shares,$2.33,0.05,2.193%,"34,422,285"
QRHC,Quest Resource Holding Corporation Common Stock,$1.63,0.03,1.875%,"34,381,355"
VIP,Vulcan Infrastructure and Power Inc. Class A Common Stock,$1.89,0.05,2.717%,"34,273,150"
KLXE,"KLX Energy Services Holdings, Inc. Common Stock",$1.61,-0.05,-3.012%,"34,249,625"
BCHT,Birchtech Corp. Common Stock,$1.30,0.01,0.775%,"34,197,756"
ZSTK,ZeroStack Corp. Common Stock,$1.95,0.01,0.515%,"34,105,165"
KPLT,"Katapult Holdings, Inc. Common Stock",$6.845,-0.535,-7.249%,"34,036,112"
KSCP,"Knightscope, Inc. Class A Common Stock",$1.43,-0.09,-5.921%,"33,774,251"
PFAI,Pinnacle Food Group Limited Class A Common Shares,$2.8605,-0.1595,-5.281%,"33,572,487"
QUCY,Quantum Cyber N.V. Ordinary Shares,$1.47,-0.005,-0.339%,"33,467,863"
WPRT,Westport Fuel Systems Inc Common Shares,$1.75,-0.01,-0.568%,"33,242,535"
MIRA,"MIRA Pharmaceuticals, Inc. Common Stock",$0.79,0.0098,1.256%,"33,197,449"
LTRN,Lantern Pharma Inc. Common Stock,$2.60,-0.05,-1.887%,"33,173,067"
DXLG,"Destination XL Group, Inc. Common Stock",$0.60,-0.0404,-6.309%,"33,163,855"
JG,Aurora Mobile Limited American Depositary Shares,$5.55,-0.18,-3.141%,"33,086,786"
ESLA,"Estrella Immunopharma, Inc. Common Stock",$0.7602,0.037,5.116%,"33,067,076"
ATNM,"Actinium Pharmaceuticals, Inc. (Delaware) Common Stock",$1.05,0.01,0.962%,"33,013,508"
SPHL,Springview Holdings Ltd Class A Ordinary Shares,$2.68,-0.04,-1.471%,"32,862,106"
UG,"United-Guardian, Inc. Common Stock",$7.15,UNCH,--,"32,849,381"
PPSI,"Pioneer Power Solutions, Inc. Common Stock",$2.94,0.03,1.031%,"32,623,022"
MERC,Mercer International Inc. Common Stock,$0.4867,0.0157,3.333%,"32,617,677"
GPUS,"Hyperscale Data, Inc. Common Stock",$0.0936,-0.0194,-17.168%,"32,553,391"
BOSC,B.O.S. Better Online Solutions Common Stock,$4.60,0.04,0.877%,"32,429,126"
ANGH,Anghami Inc. Ordinary Shares,$3.57,0.05,1.42%,"32,361,365"
DAIO,Data I/O Corporation Common Stock,$3.11,-0.05,-1.582%,"32,330,400"
FNUC,Frontier Nuclear and Minerals Inc. Common Shares,$1.79,-0.03,-1.648%,"32,267,022"
ASTI,"Ascent Solar Technologies, Inc. Common Stock",$3.27,-0.05,-1.506%,"32,099,729"
BLNE,"Beeline Holdings, Inc. Common Stock",$0.98,-0.03,-2.97%,"31,966,415"
YI,"111, Inc. American Depositary Shares",$3.61,-0.06,-1.635%,"31,757,040"
CRWS,Crown Crafts Inc Common Stock,$2.95,0.10,3.509%,"31,742,847"
YSXT,"YSX Tech. Co., Ltd Class A Ordinary Shares",$0.9899,-0.0101,-1.01%,"31,560,487"
LFT,"Lument Finance Trust, Inc. Common Stock",$0.60,-0.0597,-9.05%,"31,491,677"
LOOP,"Loop Industries, Inc. Common Stock",$0.65,0.0072,1.12%,"31,447,241"
GRAN,Grande Group Limited Class A Ordinary Shares,$1.26,-0.19,-13.103%,"31,381,875"
OABIW,"OmniAb, Inc. Warrant",$0.2151,0.13,152.761%,"31,273,475"
CLIR,ClearSign Technologies Corporation Common Stock (DE),$4.56,-0.09,-1.935%,"31,041,995"
HHS,"Harte Hanks, Inc. Common Stock",$4.18,-0.12,-2.791%,"31,013,385"
LIVE,Live Ventures Incorporated Common Stock,$10.06,-0.345,-3.316%,"30,900,859"
NUCLW,Eagle Nuclear Energy Corp. Warrants,$1.04,-0.085,-7.556%,"30,762,990"
GIFT,"Giftify, Inc. Common Stock",$0.8667,-0.0233,-2.618%,"30,703,000"
JAGU,Jaguar Uranium Corp. Class A Common Shares,$1.52,-0.11,-6.748%,"30,694,541"
XBP,"XBP Global Holdings, Inc. Common Stock",$2.60,-0.215,-7.638%,"30,596,930"
GNS,Genius Group Limited Ordinary Shares,$0.1584,-0.0019,-1.185%,"30,404,485"
RMTI,"Rockwell Medical, Inc. Common Stock",$7.485,0.075,1.012%,"30,168,031"
EHLD,Euroholdings Ltd. Common Stock ,$10.68,1.38,14.839%,"30,081,448"
RAND,Rand Capital Corporation Common Stock,$10.12,-0.02,-0.197%,"30,054,518"
LITS,"Lite Strategy, Inc. Common Stock",$0.8801,-0.0064,-0.722%,"29,945,579"
CCEL,"Cryo-Cell International, Inc. Common Stock",$3.70,-0.26,-6.566%,"29,831,805"
XOS,"Xos, Inc. Common Stock",$2.09,-0.005,-0.239%,"29,715,311"
HBIO,"Harvard Bioscience, Inc. Common Stock",$6.50,-0.155,-2.329%,"29,589,983"
BCTX,BriaCell Therapeutics Corp. Common Shares,$3.39,-0.05,-1.453%,"29,492,278"
BIRD,"Smartbird, Inc. Class A Common Stock",$2.48,-0.07,-2.745%,"29,286,799"
BYSI,BeyondSpring Inc. Ordinary Shares,$0.7115,-0.1276,-15.207%,"29,256,752"
TELA,"TELA Bio, Inc. Common Stock",$0.65,0.0057,0.885%,"29,181,592"
UPC,Universe Pharmaceuticals Inc. Class A Ordinary Shares,$5.78,0.13,2.301%,"29,040,974"
AAME,Atlantic American Corporation Common Stock,$1.42,-0.03,-2.069%,"28,964,064"
ATCH,"AtlasClear Holdings, Inc. Common Stock",$0.1923,-0.0071,-3.561%,"28,909,954"
NCI,Neo-Concept International Group Holdings Limited Class A Ordinary Shares,$12.18,-0.03,-0.246%,"28,796,955"
OCCI,"OFS Credit Company, Inc. Common Stock",$2.47,-0.04,-1.594%,"28,692,780"
DYAI,"Dyadic International, Inc. Common Stock",$0.7803,0.0052,0.671%,"28,433,120"
MOBBW,Mobilicom Limited Warrants,$2.25,0.39,20.968%,"28,425,085"
BEAT,"Heartbeam, Inc. Common Stock",$0.50,0.0007,0.14%,"28,174,586"
FKWL,Franklin Wireless Corp. Common Stock,$2.37,-0.06,-2.469%,"27,928,744"
BTAI,"BioXcel Therapeutics, Inc. Common Stock",$0.89,-0.30,-25.21%,"27,861,894"
ATOS,"Atossa Therapeutics, Inc. Common Stock",$2.79,0.19,7.308%,"27,842,241"
GYGY,"Game Your Game, Inc. Common Stock",$1.93,-0.24,-11.06%,"27,768,840"
BIOX,Bioceres Crop Solutions Corp. Ordinary Shares,$0.4371,-0.0119,-2.65%,"27,637,063"
ENLV,Enlivex Ltd. Ordinary Shares,$1.58,UNCH,--,"27,627,030"
SNAL,"Snail, Inc. Class A Common Stock",$3.08,UNCH,--,"27,583,898"
KYNB,"Kyntra Bio, Inc. Common Stock",$6.81,-0.24,-3.404%,"27,574,534"
AFRIW,Forafric Global PLC Warrants,$1.02,0.02,2.00%,"27,503,091"
PRPL,"Purple Innovation, Inc. Common Stock",$6.31,-0.51,-7.478%,"27,468,118"
HOVRW,New Horizon Aircraft Ltd. Warrant,$0.4099,0.0299,7.868%,"27,391,911"
JFU,9F Inc. American Depositary Shares,$2.32,0.09,4.036%,"27,314,133"
GRDX,GridAI Technologies Corp. Common Stock,$3.95,-0.22,-5.276%,"27,307,302"
FTFT,Future FinTech Group Inc. Common Stock,$0.8501,0.025,3.03%,"27,271,914"
BESS,Bimergen Energy Corporation Common Stock,$3.84,0.19,5.205%,"27,254,680"
HKIT,Hitek Global Inc. Class A Ordinary Share,$3.03,-0.08,-2.572%,"27,245,336"
CCHH,CCH Holdings Ltd Class A Ordinary Shares,$1.37,-0.02,-1.439%,"27,147,546"
EPOW,E-Power Inc. Class A Ordinary Shares,$0.4901,-0.0419,-7.876%,"27,106,387"
CVM,Cel-Sci Corporation Common Stock,$1.55,0.01,0.649%,"27,089,573"
IGC,"IGC Pharma, Inc. Common Stock",$0.28,-0.0178,-5.977%,"26,829,046"
PRT,PermRock Royalty Trust Units of Beneficial Interest,$2.195,0.005,0.228%,"26,703,782"
BCG,"Binah Capital Group, Inc. Common Stock",$1.56,0.02,1.299%,"26,613,804"
PAPL,Pineapple Financial Inc. Common Stock,$1.04,-0.01,-0.952%,"26,282,045"
CRMT,America's Car-Mart Inc Common Stock,$3.14,0.05,1.618%,"26,147,813"
LGVN,Longeveron Inc. Class A Common Stock,$0.82,0.0801,10.826%,"26,143,223"
EVAX,Evaxion A/S American Depositary Share,$3.13,-0.21,-6.287%,"26,104,873"
UCL,uCloudlink Group Inc. American Depositary Shares,$0.68,-0.05,-6.849%,"25,902,730"
MBNKO,"Medallion Bank Fixed-Rate Reset Non-Cumulative Perpetual Preferred Stock, Series G, par value $1.00 per share",$25.8925,0.1267,0.492%,"25,892,500"
JOB,GEE Group Inc. Common Stock,$0.2356,-0.0098,-3.993%,"25,885,534"
USEA,United Maritime Corporation Common Stock,$2.70,UNCH,--,"25,752,975"
KMRK,K-Tech Solutions Company Limited Class A Ordinary Shares,$1.21,UNCH,--,"25,531,000"
AWRE,"Aware, Inc. Common Stock",$1.17,-0.04,-3.306%,"25,520,785"
CLPS,CLPS Incorporation Common Stock,$0.8558,-0.0102,-1.178%,"25,454,446"
DUO,Fangdd Network Group Ltd. Class A Ordinary Shares,$0.66,0.024,3.774%,"25,441,953"
AYTU,"Aytu BioPharma, Inc.  Common Stock",$2.36,-0.02,-0.84%,"25,330,371"
DDC,DDC Enterprise Limited Class A Ordinary Shares,$0.55,-0.114,-17.169%,"25,314,011"
TAOX,Tao Synergies Inc. Common Stock,$3.38,-0.06,-1.744%,"25,293,358"
FLD,"Fold Holdings, Inc. Class A Common Stock",$0.455,-0.019,-4.008%,"25,060,120"
BLIV,BeLive Holdings Ordinary Share,$2.30,UNCH,--,"24,989,045"
EONR,EON Resources Inc. Class A Common Stock,$0.50,0.023,4.822%,"24,984,172"
OFAL,OFA Group Class A Ordinary Shares,$1.10,0.01,0.917%,"24,900,757"
LOCL,Local Bounti Corporation Common Stock,$1.06,-0.06,-5.357%,"24,782,926"
FTHM,Fathom Holdings Inc. Common Stock,$0.723,-0.0296,-3.933%,"24,731,833"
INLX,"Intellinetics, Inc. Common Stock",$5.50,UNCH,--,"24,722,467"
SBCWW,SBC Medical Group Holdings Incorporated Warrants,$0.24,-0.04,-14.286%,"24,683,266"
HUBC,Hub Cyber Security Ltd. Ordinary Shares,$0.7375,-0.0035,-0.472%,"24,651,793"
NIKI,"Niki BioSolutions, Inc. Common Stock",$8.26,-0.55,-6.243%,"24,559,326"
PRHI,"Presurance Holdings, Inc. Common Stock",$6.55,0.17,2.665%,"24,536,903"
MIMI,Mint Incorporation Limited Class A Ordinary Shares,$1.82,-0.18,-9.00%,"24,374,570"
YQ,17 Education & Technology Group Inc. American Depositary Shares,$2.24,-0.085,-3.656%,"24,316,741"
BRNS,Barinthus Biotherapeutics plc American Depositary Shares,$0.5935,0.0025,0.423%,"24,243,818"
FUSE,Fusemachines Inc. Common stock,$0.8361,-0.0093,-1.10%,"24,234,611"
CLRB,"Cellectar Biosciences, Inc.  Common Stock",$2.56,-0.04,-1.538%,"24,197,396"
GRML,Greenland Mines Ltd. Common Stock,$0.1992,-0.0041,-2.017%,"24,150,741"
SKYQ,Sky Quarry Inc. Common Stock,$2.73,-0.02,-0.727%,"24,115,155"
BEEM,Beam Global Common Stock,$1.14,0.01,0.885%,"24,096,161"
SLGB,Smart Logistics Global Limited Class A Ordinary Shares,$0.559,0.007,1.268%,"24,037,000"
CDLX,"Cardlytics, Inc. Common Stock",$4.05,-0.18,-4.255%,"23,849,300"
TRSG,Tungray Technologies Inc Class A Ordinary Shares,$1.4559,UNCH,--,"23,809,039"
CTSO,Cytosorbents Corporation Common Stock,$0.3772,-0.0227,-5.676%,"23,704,285"
ACTU,"Actuate Therapeutics, Inc. Common stock",$0.99,-0.02,-1.98%,"23,686,593"
JSPR,"Jasper Therapeutics, Inc. Common Stock",$0.8422,0.0521,6.594%,"23,589,855"
WHLRP,"Wheeler Real Estate Investment Trust, Inc. Class B Preferred Stock",$9.6741,0.5241,5.728%,"23,555,505"
QNTM,Quantum Biopharma Ltd. Class B Subordinate Voting Shares,$3.68,-0.12,-3.158%,"23,546,866"
TGHL,The GrowHub Limited Class A Ordinary Shares,$0.9227,-0.1173,-11.279%,"23,344,135"
FUFUW,BitFuFu Inc. Warrant,$0.14,0.0074,5.581%,"23,331,504"
TXMD,"TherapeuticsMD, Inc. Common Stock",$2.01,-0.06,-2.899%,"23,264,468"
UONE,"Urban One, Inc. Class A Common Stock",$5.04,-0.0115,-0.228%,"23,259,419"
UONEK,"Urban One, Inc. Class D Common Stock",$5.025,-0.055,-1.083%,"23,190,194"
SST,"System1, Inc. Class A Common Stock",$2.21,-0.14,-5.957%,"23,179,914"
TVRD,"Tvardi Therapeutics, Inc. Common Stock",$1.86,-0.04,-2.105%,"23,141,728"
EDHL,Everbright Digital Holding Limited Ordinary Shares,$3.88,0.02,0.518%,"23,121,987"
SPPL,SIMPPLE LTD. Ordinary Shares,$2.36,0.009,0.383%,"23,095,394"
QCLS,"Q/C Technologies, Inc. Common Stock",$2.81,0.04,1.444%,"23,013,445"
UTSI,UTStarcom Holdings Corp. Ordinary Shares,$2.42,-0.05,-2.024%,"22,975,746"
NXPL,NextPlat Corp Common Stock,$8.46,0.22,2.67%,"22,913,969"
ABVC,"ABVC BioPharma, Inc. Common Stock",$0.8499,-0.05,-5.556%,"22,653,545"
CALC,"CalciMedica, Inc. Common Stock",$0.6625,-0.0126,-1.866%,"22,618,717"
AVX,Avax One Technology Ltd. Common Shares,$3.05,-0.105,-3.328%,"22,562,018"
CTRM,Castor Maritime Inc. Common Shares,$2.33,-0.01,-0.427%,"22,513,285"
YXT,YXT.COM GROUP HOLDING LIMITED American Depository Shares,$3.55,-0.02,-0.56%,"22,223,944"
CNSY,"Cerenome, Inc. Common Stock ",$3.20,-0.48,-13.043%,"22,025,939"
BANL,CBL International Limited Class B Ordinary Shares,$10.35,-0.58,-5.306%,"21,894,494"
BRRWW,"ProCap Financial, Inc. Warrant",$0.2476,0.0297,13.63%,"21,880,307"
AIHS,Senmiao Technology Limited Common Stock,$1.50,-0.14,-8.537%,"21,836,234"
UCAR,U Power Limited Class A Ordinary Shares,$0.6144,-0.046,-6.965%,"21,810,434"
CKX,"CKX Lands, Inc. Common Stock",$10.61,-0.09,-0.841%,"21,783,699"
PSHG,Performance Shipping Inc. Common Shares,$1.75,-0.01,-0.568%,"21,755,052"
XCH,XCHG Limited American Depositary Share,$0.2454,-0.0099,-3.878%,"21,724,939"
LGPS,LogProstyle Inc. Common Shares,$0.9181,0.0502,5.784%,"21,677,140"
NYC,American Strategic Investment Co. Class A Common Stock,$6.83,-0.73,-9.656%,"21,607,607"
PBK,PowerBank Corporation Common Stock,$0.4574,0.007,1.554%,"21,478,034"
BRFH,Barfresh Food Group Inc. Common Stock,$1.33,-0.59,-30.729%,"21,470,856"
GLNDW,Greenland Energy Company Warrant,$0.49,0.07,16.667%,"21,427,795"
PMA,Ming Shing Group Holdings Limited Ordinary Shares,$1.65,-0.08,-4.624%,"21,408,750"
TLF,"Tandy Leather Factory, Inc. Common Stock",$2.60,0.04,1.563%,"21,299,395"
ORIO,Orion Digital Corp. Common Shares,$0.8904,0.0403,4.741%,"21,174,602"
AMOD,"Alpha Modus Holdings, Inc. Class A Common Stock",$4.34,-0.155,-3.448%,"21,164,414"
NTRP,"NextTrip, Inc. Common Stock",$1.40,-0.06,-4.11%,"21,120,541"
FABC,"Fabric.AI, Inc. Common Stock",$2.88,0.05,1.767%,"21,083,161"
MF,MindForge Inc. Class A Ordinary Shares,$11.60,-1.40,-10.769%,"21,070,240"
COCP,"Cocrystal Pharma, Inc. Common Stock",$1.09,-0.03,-2.679%,"20,996,888"
RVP,"Retractable Technologies, Inc. Common Stock",$0.70,0.0075,1.083%,"20,956,011"
LFWD,Lifeward Ltd. Ordinary Shares,$7.39,-0.06,-0.805%,"20,901,595"
LICN,Lichen International Limited Class A Ordinary Shares,$1.27,-0.07,-5.224%,"20,874,768"
SCAG,Scage Future American Depositary Shares,$0.2869,-0.0571,-16.599%,"20,831,713"
NEUP,Neuphoria Therapeutics Inc. Common Stock,$3.85,-0.02,-0.517%,"20,807,521"
FEDU,"Four Seasons Education (Cayman) Inc. American Depositary Shares, each ADS representing 10 ordinary shares",$9.20,-0.05,-0.541%,"20,805,230"
MWYN,"Marwynn Holdings, Inc. Common stock",$1.03,-0.01,-0.962%,"20,800,648"
MNDO,MIND C.T.I. Ltd. Ordinary Shares,$1.03,0.01,0.98%,"20,790,721"
AHT,Ashford Hospitality Trust Inc Common Stock,$3.21,UNCH,--,"20,768,103"
MYND,"Mynd.ai, Inc. American Depositary Shares",$0.44,0.05,12.821%,"20,743,626"
OSRH,"OSR Health, Inc. Common Stock",$0.59,0.274,86.709%,"20,720,028"
ALLR,"Allarity Therapeutics, Inc. Common Stock",$1.34,-0.03,-2.19%,"20,717,370"
FMST,Foremost Clean Energy Ltd. Common Shares,$1.19,-0.07,-5.556%,"20,649,050"
NIXX,"Nixxy, Inc. Common Stock",$0.7133,0.0333,4.897%,"20,620,675"
STAK,STAK Inc. Class A Ordinary Shares,$1.56,-0.20,-11.364%,"20,608,144"
PLRZ,Polyrizon Ltd. Ordinary Shares,$10.98,UNCH,--,"20,552,891"
DETX,"Liberty Defense Holdings, Ltd. Common Shares",$3.62,0.01,0.277%,"20,481,746"
ILLR,Triller Group Inc. Common Stock,$0.9996,-0.0704,-6.579%,"20,479,187"
FOFO,"Hang Feng Technology Innovation Co., Ltd. Ordinary Shares",$2.70,0.17,6.719%,"20,441,911"
DSY,Big Tree Cloud Holdings Limited Class A Ordinary Shares,$4.27,-0.11,-2.511%,"20,290,493"
OPAD,Offerpad Solutions Inc. Class A Common Stock,$4.19,-0.26,-5.843%,"20,249,218"
CCM,Concord Medical Services Holdings Limited American Depositary Shares (Each represents thirty (30) Class A ordinary shares),$4.66,-0.10,-2.101%,"20,232,429"
INHD,Inno Holdings Inc. Common Stock,$8.02,-0.44,-5.201%,"20,215,060"
WETO,Wetour Robotics Limited Ordinary Shares,$24.59,16.37,199.148%,"20,183,472"
ARKR,Ark Restaurants Corp. Common Stock,$5.59,-0.0101,-0.18%,"20,158,418"
CELU,Celularity Inc. Class A Common Stock,$0.696,0.0002,0.029%,"20,146,389"
JVA,"Coffee Holding Co., Inc. Common Stock",$3.52,-0.01,-0.283%,"20,094,268"
GWH,"ESS Tech, Inc. Common Stock",$0.6093,-0.0097,-1.567%,"20,088,636"
BFRI,Biofrontera Inc. Common Stock,$1.35,0.05,3.846%,"20,050,685"
BMR,Beamr Imaging Ltd. Ordinary Share,$1.29,-0.03,-2.273%,"20,033,512"
HTCO,High-Trend International Group Class A Ordinary Shares,$2.96,-0.01,-0.337%,"19,995,759"
HKPD,"Cellyan Biotechnology Co., Ltd Class A Ordinary Shares",$0.4121,-0.0078,-1.858%,"19,986,833"
MDCXW,Medicus Pharma Ltd. Warrant,$0.3302,UNCH,--,"19,867,488"
GGRP,"The Glimpse Group, Inc. Common Stock",$0.94,0.0359,3.971%,"19,811,916"
HOWL,"Werewolf Therapeutics, Inc. Common Stock",$0.4055,0.0008,0.198%,"19,706,921"
RECT,Rectitude Holdings Ltd Ordinary Shares,$1.27,0.01,0.794%,"19,663,093"
VNTG,Vantage Corp Class A Ordinary Shares,$0.6385,-0.0212,-3.214%,"19,576,978"
ACCS,ACCESS Newswire Inc. Common Stock,$5.10,0.13,2.616%,"19,519,250"
EXYN,"Exyn Technologies, Inc. Common Stock",$2.45,-0.26,-9.594%,"19,487,195"
MRKR,"Marker Therapeutics, Inc. Common Stock",$1.16,0.02,1.754%,"19,340,827"
AIFA,"All In FutureTech Alliance, Inc. Common Stock",$3.025,0.125,4.31%,"19,292,001"
SCNX,"Scienture Holdings, Inc. Common Stock",$0.4692,0.0102,2.222%,"19,267,297"
DUKR,DUKE Robotics Corp. Common Stock,$5.62,0.09,1.627%,"19,253,996"
UFG,Uni-Fuels Holdings Limited Class A Ordinary Shares,$0.5903,0.0113,1.952%,"19,164,090"
MOBX,"Mobix Labs, Inc. Class A Common Stock",$1.26,-0.01,-0.787%,"19,150,334"
MDRR,"Medalist Diversified, Inc. Common Stock",$11.74,0.2829,2.469%,"19,118,590"
EPSM,Epsium Enterprise Limited Class A Ordinary Shares,$1.42,-0.07,-4.698%,"19,082,008"
RKTO,Rocket One Inc. Common Stock,$0.766,0.0021,0.275%,"19,071,547"
ECXWW,ECARX Holdings Inc. Warrants,$0.0497,0.0064,14.781%,"18,938,681"
CYCN,"Cyclerion Therapeutics, Inc. Common Stock",$4.03,0.24,6.332%,"18,865,845"
DCX,Digital Currency X Technology Inc. Class A Ordinary Shares,$0.9513,-0.0587,-5.812%,"18,859,485"
ATCX,Atlas Critical Minerals Corporation Common Stock,$3.70,0.30,8.824%,"18,808,343"
PLSM,Pulsenmore Ltd. Ordinary Shares,$2.89,-0.06,-2.034%,"18,793,219"
BRLS,Borealis Foods Inc. Class A Common Shares,$0.872,0.016,1.869%,"18,716,003"
TMDE,TMD Energy Limited Ordinary Shares,$0.7931,0.063,8.629%,"18,689,402"
EFOI,"Energy Focus, Inc. Common Stock",$2.92,-0.094,-3.119%,"18,598,128"
FNGR,"FingerMotion, Inc. Common Stock",$0.3031,-0.0019,-0.623%,"18,583,170"
PMEC,Primech Holdings Ltd. Ordinary Shares,$0.483,-0.017,-3.40%,"18,555,888"
FENG,"Phoenix New Media Limited American Depositary Shares, each representing 48 Class A ordinary shares.",$1.54,0.03,1.987%,"18,496,595"
LIQT,"LiqTech International, Inc. Common Stock",$0.5605,UNCH,--,"18,467,265"
LEDS,SemiLEDS Corporation Common Stock,$2.23,0.01,0.45%,"18,449,689"
MXC,Mexco Energy Corporation Common Stock,$9.01,-0.2999,-3.221%,"18,434,460"
LRE,"Lead Real Estate Co., Ltd American Depositary Shares",$1.35,0.02,1.504%,"18,416,565"
SMXT,Solarmax Technology Inc. Common Stock,$3.88,-0.23,-5.596%,"18,399,794"
DAVEW,Dave Inc. Warrants,$1.44,-0.06,-4.00%,"18,367,930"
GRNQ,Greenpro Capital Corp. Common Stock,$10.04,2.39,31.242%,"18,200,371"
GRMLW,Greenland Mines Ltd Warrant,$0.15,-0.009,-5.66%,"18,185,799"
ANY,Sphere 3D Corp. Common Shares,$2.10,UNCH,--,"18,100,215"
TPST,"Tempest Therapeutics, Inc. Common Stock",$1.13,0.115,11.33%,"18,056,734"
DFLI,Dragonfly Energy Holdings Corp. Common Stock (NV),$1.26,-0.02,-1.563%,"18,037,328"
MDAIW,"Spectral AI, Inc. Warrants",$0.56,0.0449,8.717%,"18,023,560"
BIYA,Baiya International Group Inc Class A Ordinary Shares,$2.63,-0.02,-0.755%,"17,962,542"
DOGZ,Dogness (International) Corporation Class A Common Stock,$1.23,0.07,6.034%,"17,848,109"
AIFF,"Firefly Neuroscience, Inc. Common Stock",$1.13,0.04,3.67%,"17,730,057"
AZIO,"Azio AI Holdings, Inc. Common Stock",$1.37,-0.13,-8.667%,"17,715,085"
YDESW,YD Bio Limited Warrants,$0.25,-0.0199,-7.373%,"17,707,837"
PTN,"Palatin Technologies, Inc. Common Stock",$9.95,0.59,6.303%,"17,703,786"
FOXX,Foxx Development Holdings Inc. Common Stock,$2.51,-0.0642,-2.494%,"17,673,392"
HCTI,"Healthcare Triangle, Inc. Common Stock",$1.18,-0.03,-2.479%,"17,669,700"
HPAI,Helport AI Limited Ordinary Shares,$0.468,-0.0181,-3.724%,"17,618,754"
ZKIN,"ZK International Group Co., Ltd Ordinary Share",$1.02,-0.04,-3.774%,"17,617,754"
KALA,"KALA BIO, Inc. Common Stock",$0.9102,-0.0353,-3.733%,"17,603,073"
NCEL,NewcelX Ltd. Ordinary Shares,$3.26,-0.085,-2.541%,"17,551,419"
MGIH,Millennium Group International Holdings Limited Ordinary Shares,$1.56,0.02,1.299%,"17,550,000"
FGI,FGI Industries Ltd. Ordinary Shares,$9.08,-0.91,-9.109%,"17,535,941"
AVAT,Avalanche Treasury Corporation Class A Common Stock,$0.386,0.0059,1.552%,"17,493,691"
BZAIW,"Blaize Holdings, Inc. Warrants",$0.1199,0.0096,8.704%,"17,365,361"
IPM,Intelligent Protection Management Corp. Common Stock ,$1.915,0.045,2.406%,"17,303,421"
YYGH,YY Group Holding Limited Class A Ordinary Shares,$1.44,0.11,8.271%,"17,264,366"
PLUR,Pluri Inc. Common Stock,$1.60,UNCH,--,"17,263,274"
AUST,Austin Gold Corp. Common Shares,$1.26,-0.05,-3.817%,"17,253,181"
MRNO,Murano Global Investments PLC Ordinary Shares,$0.2169,-0.0163,-6.99%,"17,187,779"
NMTC,NeuroOne Medical Technologies Corporation Common Stock,$1.88,-0.06,-3.093%,"17,118,834"
JF,J and Friends Holdings Limited American Depositary Shares,$0.9301,-0.02,-2.105%,"17,058,177"
LEXX,Lexaria Bioscience Corp. Common Stock,$10.32,1.28,14.159%,"17,053,986"
WETH,Wetouch Technology Inc. Common Stock,$1.27,0.05,4.098%,"16,994,548"
LPCN,Lipocine Inc. Common Stock,$2.05,-0.06,-2.844%,"16,900,719"
TLIH,Ten-League International Holdings Limited Ordinary Shares,$5.70,-0.035,-0.61%,"16,760,480"
ARTW,"Art's-Way Manufacturing Co., Inc. Common Stock",$3.22,0.10,3.205%,"16,748,463"
PASW,"Ping An Biomedical Co., Ltd. Class A Ordinary Shares",$0.134,0.0023,1.746%,"16,689,700"
ONEG,OneConstruction Group Limited Ordinary Shares,$1.04,-0.03,-2.804%,"16,640,000"
GTEC,Greenland Technologies Holding Corporation Class A Ordinary Shares,$0.81,0.10,14.085%,"16,631,310"
PSIG,PS International Group Ltd. Ordinary Shares,$1.08,-0.04,-3.571%,"16,611,288"
GTIM,Good Times Restaurants Inc. Common Stock,$1.57,0.02,1.29%,"16,575,897"
TULP,"Bloomia Holdings, Inc. Common Stock",$3.46,-0.15,-4.155%,"16,513,047"
GIGM,GigaMedia Limited Ordinary Shares,$1.49,0.015,1.017%,"16,467,830"
ASTC,Astrotech Corporation (DE) Common Stock,$8.16,-0.25,-2.973%,"16,393,848"
ENGNW,enGene Therapeutics Inc. Warrants,$0.2447,0.0322,15.153%,"16,392,322"
SMSI,"Smith Micro Software, Inc. Common Stock",$2.92,0.06,2.098%,"16,322,450"
NRSN,NeuroSense Therapeutics Ltd. Ordinary Shares,$0.432,-0.0211,-4.657%,"16,314,954"
MSGM,Motorsport Games Inc. Class A Common Stock,$3.88,-0.56,-12.613%,"16,195,333"
MDBH,"MDB Capital Holdings, LLC Class A common",$2.9407,-0.0393,-1.319%,"15,993,385"
KTTA,Pasithea Therapeutics Corp. Common Stock,$0.478,-0.0025,-0.52%,"15,972,106"
SUNE,"SUNation Energy, Inc. Common Stock",$2.45,-0.11,-4.297%,"15,957,115"
HIND,"Vyome Holdings, Inc. Common Stock",$2.27,0.09,4.128%,"15,932,059"
INTZ,Intrusion Inc. Common Stock,$0.6499,-0.0205,-3.058%,"15,927,069"
SMX,SMX (Security Matters) Public Limited Company Ordinary Shares,$14.59,-1.67,-10.271%,"15,882,791"
RAY,Raytech Holding Limited Ordinary Shares,$2.6999,-0.1576,-5.515%,"15,861,219"
FRTT,Fort Technology Inc. Common Shares,$1.06,-0.05,-4.505%,"15,804,578"
HTOO,Fusion Fuel Green PLC Class A Ordinary Shares,$2.21,-0.17,-7.143%,"15,784,985"
TURB,"Turbo Energy, S.A. American Depositary Shares",$1.31,0.01,0.769%,"15,742,453"
JL,J-Long Group Limited Class A Ordinary Shares,$4.3901,-0.1799,-3.937%,"15,651,589"
MDCX,Medicus Pharma Ltd. Common Stock  ,$0.26,-0.0201,-7.176%,"15,643,691"
EQS,"Equus Total Return, Inc. Common Stock",$1.12,-0.0288,-2.507%,"15,642,700"
MOGU,MOGU Inc. American Depositary Shares (each  representing 25 Class A Ordinary Shares),$1.89,-0.1035,-5.192%,"15,466,424"
CTXR,"Citius Pharmaceuticals, Inc. Common Stock",$0.562,-0.1936,-25.622%,"15,428,344"
BBLGW,Bone Biologics Corp Warrants,$8.50,0.74,9.536%,"15,388,230"
OPTH,Optimi Health Corp. Common Shares,$4.77,-0.02,-0.418%,"15,387,529"
IRIX,IRIDEX Corporation Common Stock,$0.88,0.024,2.804%,"15,317,736"
AENTW,Alliance Entertainment Holding Corporation Warrant,$0.30,-0.0926,-23.586%,"15,293,889"
CYN,Cyngn Inc. Common Stock,$1.06,-0.05,-4.505%,"15,288,678"
BAOS,Baosheng Media Group Holdings Limited Ordinary shares,$0.4797,-0.0203,-4.06%,"15,271,003"
CJMB,Callan JMB Inc. Common Stock,$2.68,0.31,13.08%,"15,181,846"
IHT,InnSuites Hospitality Trust Shares of Beneficial Interest,$1.60,0.01,0.629%,"15,044,534"
REFR,Research Frontiers Incorporated Common Stock,$0.4305,-0.0095,-2.159%,"15,010,582"
DLPN,"Dolphin Entertainment, Inc. Common Stock",$1.15,-0.05,-4.167%,"14,979,384"
RCT,RedCloud Holdings plc Ordinary Shares,$0.219,0.001,0.459%,"14,975,355"
NEON,Neonode Inc. Common Stock,$0.8886,-0.0255,-2.79%,"14,913,304"
NTZ,"Natuzzi, S.p.A.",$1.35,0.01,0.746%,"14,869,722"
AISPW,"Airship AI Holdings, Inc. Warrants",$0.4301,-0.0199,-4.422%,"14,812,456"
NHTC,Natural Health Trends Corp. Common Stock,$1.72,-0.09,-4.972%,"14,753,899"
AKTX,Akari Therapeutics plc ADS,$7.52,-0.02,-0.265%,"14,641,305"
PASG,"Passage Bio, Inc. Common Stock",$4.54,-0.05,-1.089%,"14,608,857"
SKYE,"Skye Bioscience, Inc. Common Stock",$0.4151,-0.0864,-17.228%,"14,588,159"
PRZO,ParaZero Technologies Ltd. Ordinary Shares,$0.622,-0.0082,-1.301%,"14,571,536"
TOMZ,"TOMI Environmental Solutions, Inc. Common Stock",$1.78,0.03,1.714%,"14,493,629"
ADGM,"Adagio Medical Holdings, Inc Common Stock",$0.6515,-0.0407,-5.88%,"14,470,114"
CHOW,ChowChow Cloud International Holdings Limited Ordinary Shares,$0.4056,-0.0269,-6.22%,"14,394,744"
AIXC,"AIxCrypto Holdings, Inc. Common Stock",$0.7102,0.0331,4.888%,"14,370,892"
QNME,"Quanome Technologies, Inc. Common Stock",$0.4167,-0.0458,-9.903%,"14,345,964"
FFAI,Faraday Future Intelligent Electric Inc. Class A Common Stock,$3.72,-0.20,-5.102%,"14,341,720"
RGNT,Regentis Biomaterials Ltd. Ordinary Shares,$2.04,0.04,2.00%,"14,328,799"
ICU,SeaStar Medical Holding Corporation Common Stock,$3.25,0.07,2.201%,"14,322,233"
BCDA,"BioCardia, Inc. Common Stock",$0.94,-0.0337,-3.461%,"14,230,455"
MODD,"Modular Medical, Inc. Common Stock",$2.37,-0.12,-4.819%,"14,182,654"
IDAI,T Stamp Inc. Class A Common Stock,$2.51,0.07,2.869%,"14,154,620"
CMCT,Creative Media & Community Trust Corporation Common stock,$5.10,0.36,7.595%,"14,070,059"
ANNAW,"AleAnna, Inc. Warrant",$0.2101,-0.0279,-11.723%,"14,062,917"
PETZ,"TDH Holdings, Inc. Common Shares",$1.36,-0.02,-1.449%,"14,039,644"
BNGO,"Bionano Genomics, Inc. Common Stock",$1.19,0.01,0.847%,"14,014,630"
SWVL,Swvl Holdings Corp Class A Common Shares,$1.405,-0.015,-1.056%,"13,999,903"
SDOT,Sadot Group Inc. Common Stock,$10.57,-1.17,-9.966%,"13,952,559"
EDTK,Skillful Craftsman Education Technology Limited Ordinary Share,$0.86,-0.02,-2.273%,"13,931,528"
MYSE,"Myseum.AI, Inc. Common Stock",$2.67,0.01,0.376%,"13,874,468"
UPLD,"Upland Software, Inc. Common Stock",$4.72,-0.63,-11.776%,"13,859,430"
BRN,"Barnwell Industries, Inc. Common Stock",$0.96,-0.006,-0.621%,"13,856,938"
PSQH,"PSQ Holdings, Inc. Class A Common Stock",$4.11,-0.51,-11.039%,"13,833,368"
CMMB,Chemomab Therapeutics Ltd. American Depositary Share,$1.92,0.01,0.524%,"13,809,153"
CABR,"Caring Brands, Inc. Common Stock",$1.33,-0.05,-3.623%,"13,789,741"
PBM,Psyence Biomedical Ltd. Common Shares,$3.61,0.13,3.736%,"13,769,724"
MPU,Mega Matrix Inc. Class A Ordinary Shares,$0.2024,-0.0074,-3.527%,"13,761,215"
NAMMW,Namib Minerals Warrants,$0.245,0.0133,5.74%,"13,683,839"
HUDI,"Huadi International Group Co., Ltd. Ordinary Shares",$0.95,-0.0092,-0.959%,"13,603,223"
ADVB,Advanced Biomed Inc. Common Stock,$8.23,-0.72,-8.045%,"13,597,055"
ZDAI,"DirectBooking Technology Co., Ltd. Class A Ordinary Shares",$1.69,0.07,4.321%,"13,593,938"
FLUX,"Flux Power Holdings, Inc. Common Stock",$0.635,0.04,6.723%,"13,564,478"
INTS,"Intensity Therapeutics, Inc. Common stock",$4.15,0.1899,4.795%,"13,549,248"
JBDI,JBDI Holdings Limited Ordinary Shares,$1.41,0.02,1.439%,"13,415,490"
SNTI,"Senti Biosciences Holdings, Inc. Common Stock",$0.43,-0.019,-4.232%,"13,392,244"
WVVIP,"Willamette Valley Vineyards, Inc. Series A Redeemable Preferred Stock",$2.685,-0.0237,-0.875%,"13,370,035"
HUIZ,Huize Holding Limited American Depositary Shares,$1.31,0.07,5.645%,"13,238,960"
CLRO,"ClearOne, Inc. Common Stock",$4.94,-0.28,-5.364%,"13,216,535"
THH,TryHard Holdings Limited Ordinary Shares,$2.64,0.06,2.326%,"13,212,210"
QH,Quhuo Limited Class A Ordinary Shares,$4.79,0.48,11.137%,"13,176,777"
ADIL,"Adial Pharmaceuticals, Inc Common Stock",$4.99,1.01,25.377%,"13,103,191"
EBON,Ebang International Holdings Inc. Class A Ordinary Shares,$2.00,-0.0301,-1.483%,"13,087,876"
IOTR,iOThree Limited Ordinary Shares,$2.69,0.03,1.128%,"13,083,821"
RMCF,"Rocky Mountain Chocolate Factory, Inc. Common Stock",$1.37,0.15,12.295%,"12,932,234"
SEED,Origin Agritech Limited Common Stock,$1.06,0.03,2.913%,"12,872,138"
ARAI,Arrive AI Inc. Common Stock,$0.248,-0.0045,-1.782%,"12,865,300"
NAII,"Natural Alternatives International, Inc. Common Stock",$2.05,0.01,0.49%,"12,864,219"
OGGWZ,Osisko Gold Group Inc. Warrant expiring 5/27/2027,$0.042,-0.0079,-15.832%,"12,845,189"
AEON,"AEON Biopharma, Inc. Class A Common Stock",$0.2555,-0.0196,-7.125%,"12,745,053"
COSM,Cosmos Health Inc. Common Stock,$0.205,-0.0129,-5.92%,"12,726,071"
REED,"Reed's, Inc. Common Stock",$1.07,0.15,16.304%,"12,687,082"
GTBP,"GT Biopharma, Inc. Common Stock",$0.285,-0.011,-3.716%,"12,636,493"
SDAWW,SunCar Technology Group Inc. Warrant,$0.1195,UNCH,--,"12,624,926"
ALAR,Alarum Technologies Ltd. American Depositary Share,$1.74,-0.07,-3.867%,"12,615,820"
BLIN,"Bridgeline Digital, Inc. Common Stock",$1.00,UNCH,--,"12,599,879"
MTEX,"Mannatech, Incorporated Common Stock",$6.50,0.25,4.00%,"12,542,855"
DARE,"Dare Bioscience, Inc. Common Stock",$0.8102,-0.1198,-12.882%,"12,387,555"
VRXAW,Veraxa Biotech AG Warrants,$0.0875,-0.0006,-0.681%,"12,373,184"
INUV,"Inuvo, Inc.",$0.7501,-0.0318,-4.067%,"12,363,958"
PDSB,PDS Biotechnology Corporation Common Stock,$0.2205,-0.0101,-4.38%,"12,341,680"
BTOC,Armlogi Holding Corp. Common Stock,$0.271,-0.012,-4.24%,"12,315,074"
PHIO,Phio Pharmaceuticals Corp. Common Stock,$1.06,-0.03,-2.752%,"12,314,285"
CLWT,Euro Tech Holdings Company Limited Common Stock,$1.66,-0.03,-1.775%,"12,303,030"
LHAI,Linkhome Holdings Inc. Common stock,$0.7401,-0.0356,-4.589%,"12,233,853"
COOT,Australian Oilseeds Holdings Limited Ordinary Shares,$0.438,0.0079,1.837%,"12,219,560"
SVRN,OceanPal Inc. Common Stock,$7.11,0.12,1.717%,"12,193,821"
NVNI,Nvni Group Limited Ordinary Shares,$1.04,-0.01,-0.952%,"12,159,818"
REBN,"Reborn Coffee, Inc. Common Stock",$1.48,0.14,10.448%,"12,155,913"
AIMD,"Ainos, Inc. Common Stock",$1.42,UNCH,--,"12,132,584"
AIRI,Air Industries Group Common Stock,$2.50,-0.04,-1.575%,"12,126,645"
GYRO,"Gyrodyne, LLC Common Stock",$5.48,0.08,1.481%,"12,052,208"
WIMI,WiMi Hologram Cloud Inc. Class B Ordinary Shares,$1.31,-0.05,-3.676%,"12,042,210"
AMPGZ,"Amplitech Group, Inc. Series B Right",$0.40,0.0749,23.039%,"12,017,555"
PLAG,Planet Green Holdings Corp. Common Stock,$0.8433,-0.0567,-6.30%,"12,002,448"
MSAI,"MultiSensor AI Holdings, Inc. Common Stock",$5.42,0.20,3.831%,"11,954,612"
ICMB,"Investcorp Credit Management BDC, Inc. Common Stock",$0.828,-0.011,-1.311%,"11,950,087"
CLIK,Click Holdings Limited Class A Ordinary Share,$1.39,-0.02,-1.418%,"11,902,616"
MBRX,"Moleculin Biotech, Inc. Common Stock",$0.607,-0.0052,-0.849%,"11,822,770"
EDUC,Educational Development Corporation Common Stock,$1.38,UNCH,--,"11,764,450"
JCTC,Jewett-Cameron Trading Company Common Shares,$3.30,0.39,13.402%,"11,616,373"
GP,GreenPower Motor Company Inc. Common Shares,$1.64,-0.18,-9.89%,"11,541,930"
VTGN,"Vistagen Therapeutics, Inc. Common Stock",$0.26,-0.0076,-2.84%,"11,537,997"
UUU,"Universal Safety Products, Inc. Common Stock",$3.80,0.355,10.305%,"11,508,159"
BLRX,BioLineRx Ltd. American Depositary Shares,$2.64,-0.12,-4.348%,"11,487,582"
ALP,Alpha Compute Corp Common Stock,$0.1587,-0.0147,-8.478%,"11,462,472"
KPRX,"Kiora Pharmaceuticals, Inc.  Common Stock",$2.59,0.04,1.569%,"11,459,162"
MGRX,"Mangoceuticals, Inc. Common Stock",$0.5289,-0.0055,-1.029%,"11,407,009"
CISO,"CISO Global, Inc. Common Stock",$0.2505,-0.019,-7.05%,"11,350,991"
MTEK,Maris-Tech Ltd. Ordinary Shares,$1.17,-0.07,-5.645%,"11,347,392"
WVVI,"Willamette Valley Vineyards, Inc. Common Stock",$2.26,-0.042,-1.825%,"11,253,736"
CETY,"Clean Energy Technologies, Inc. Common Stock",$0.92,-0.0125,-1.34%,"11,192,818"
SKK,SKK Holdings Limited Class A Ordinary Shares,$4.56,0.26,6.047%,"11,165,976"
OXBR,Oxbridge Re Holdings Limited Ordinary Shares,$1.37,-0.16,-10.458%,"11,149,850"
TPET,Trio Petroleum Corp. Common Stock,$0.2497,0.0036,1.463%,"11,053,638"
AMSS,AMASS Brands Inc. Common Stock,$0.95,-0.07,-6.863%,"11,015,327"
DTSS,Datasea Intelligent Technology Ltd. Class A Ordinary Shares,$0.7599,-0.0037,-0.485%,"10,961,467"
RVSN,Rail Vision Ltd. Ordinary Share,$5.00,-0.16,-3.101%,"10,960,930"
INAB,"IN8bio, Inc. Common Stock",$1.11,0.01,0.909%,"10,942,805"
GFAI,"Guardforce AI Co., Limited Ordinary Shares",$0.3484,-0.0022,-0.627%,"10,937,439"
SINT,"SiNtx Technologies, Inc. Common Stock",$1.64,UNCH,--,"10,929,836"
BIOT,Instinct Bio Technical Company Holdings Inc. Ordinary Shares,$0.3794,0.0124,3.379%,"10,909,211"
TOVX,"Theriva Biologics, Inc. Common Stock",$0.2376,0.0096,4.211%,"10,904,098"
ASBP,"Aspire Biopharma Holdings, Inc. Common Stock",$7.74,-0.11,-1.401%,"10,855,791"
MBAI,Check-Cap Ltd. Ordinary Share,$8.02,-0.70,-8.028%,"10,841,965"
OBAI,"Our Bond, Inc. Common Stock",$0.3613,-0.0275,-7.073%,"10,829,442"
AWX,Avalon Holdings Corporation Common Stock,$2.77,-0.01,-0.36%,"10,801,424"
IQST,iQSTEL Inc. Common Stock,$1.12,-0.05,-4.274%,"10,787,514"
HDRNW,"Hadron Energy, Inc. Warrant",$0.15,-0.0001,-0.067%,"10,724,826"
GDTC,CytoMed Therapeutics Limited Ordinary Shares,$0.9058,-0.0431,-4.542%,"10,714,196"
NWGL,CL Workshop Group Limited American Depositary Shares,$0.3703,-0.0665,-15.224%,"10,684,327"
BAERW,"Bridger Aerospace Group Holdings, Inc. Warrant",$0.178,0.0228,14.691%,"10,471,053"
MMA,Mixed Martial Arts Group Limited Ordinary Shares,$0.395,-0.0119,-2.925%,"10,460,999"
QNRX,"Quoin Pharmaceuticals, Ltd. American Depositary Shares",$5.19,0.10,1.965%,"10,423,689"
AMS,American Shared Hospital Services Common Stock,$1.55,0.05,3.333%,"10,307,500"
BFRG,"Bullfrog AI Holdings, Inc. Common Stock",$0.5555,-0.0127,-2.235%,"10,299,887"
ELOG,Eastern International Ltd. Ordinary Shares,$0.7957,-0.0318,-3.843%,"10,210,422"
LNAI,Lunai Bioworks Inc. Common Stock,$2.25,0.03,1.351%,"10,201,253"
SFHG,Samfine Creation Holdings Group Limited Class A Ordinary Share,$2.51,-0.11,-4.198%,"10,190,600"
KNRX,KNOREX LTD. Class A Ordinary Shares,$0.3341,-0.0031,-0.919%,"10,164,362"
PRSO,Peraso Inc. Common Stock,$0.6705,-0.0086,-1.266%,"10,100,731"
WKSP,"Worksport, Ltd. Common Stock",$0.66,-0.0378,-5.417%,"10,096,900"
LZMH,LZ Technology Holdings Limited Class B Ordinary Shares,$1.12,-0.06,-5.085%,"10,055,920"
SLDPW,"Solid Power, Inc. Warrant",$0.044,-0.002,-4.348%,"10,039,973"
CVR,Chicago Rivet & Machine Co. Common Stock,$10.1793,-0.1507,-1.459%,"9,834,547"
SQFTP,"Presidio Property Trust, Inc. 9.375% Series D Cumulative Redeemable Perpetual Preferred Stock, $0.01 par value per share",$6.82,-0.1505,-2.159%,"9,782,826"
MTVA,MetaVia Inc. Common Stock,$1.48,-0.01,-0.671%,"9,750,389"
NAMI,Jinxin Technology Holding Company American Depositary Shares,$3.08,-0.09,-2.839%,"9,741,596"
LSTA,"Lisata Therapeutics, Inc. Common Stock",$1.08,-0.01,-0.917%,"9,731,812"
ICCM,IceCure Medical Ltd. Ordinary Shares,$2.82,-0.20,-6.623%,"9,662,378"
AQMS,"Aqua Metals, Inc. Common Stock",$2.69,-0.12,-4.27%,"9,585,898"
MARPS,Marine Petroleum Trust Units of Beneficial Interest,$4.7853,0.0753,1.599%,"9,570,600"
LIMN,"Liminatus Pharma, Inc. Class A Common Stock",$0.1414,0.0014,1.00%,"9,496,475"
PDC,Perpetuals.com Ltd American Depositary Shares,$3.11,0.06,1.967%,"9,487,273"
INEO,INNEOVA Holdings Limited Class A Ordinary Shares,$0.586,-0.0205,-3.38%,"9,475,986"
LOBO,LOBO TECHNOLOGIES LTD. Class A Ordinary Shares,$0.6801,0.0185,2.796%,"9,413,902"
SDST,Stardust Power Inc. Common Stock,$0.67,-0.0024,-0.357%,"9,413,090"
ZCMD,Zhongchao Inc. Class A Ordinary Shares,$1.06,0.06,6.00%,"9,405,885"
DFDVW,DeFi Development Corp. Warrant,$0.3001,0.0001,0.033%,"9,302,437"
VSA,VisionSys AI Inc. American Depositary Shares,$3.32,UNCH,--,"9,272,548"
BON,Bon Natural Life Limited Class A Ordinary Shares,$1.14,0.04,3.636%,"9,266,843"
YJ,Yunji Inc. American Depository Shares,$1.88,0.01,0.535%,"9,260,015"
GXAI,Gaxos.ai Inc. Common Stock,$0.8558,0.0258,3.108%,"9,195,258"
TDTH,Trident Digital Tech Holdings Ltd Class B Ordinary Shares,$1.93,0.04,2.116%,"9,107,392"
RAIN,"Rain Enhancement Technologies Holdco, Inc. Class A Common Stock",$0.8807,-0.0392,-4.261%,"9,057,105"
CCTG,CCSC Technology International Holdings Limited Class A Ordinary Shares,$0.6653,-0.0775,-10.433%,"9,034,898"
IMNN,"Imunon, Inc. Common Stock",$1.60,-0.05,-3.03%,"8,978,245"
SPWRW,SunPower Inc. Warrants,$0.049,-0.001,-2.00%,"8,969,820"
BIVI,BioVie Inc. Class A Common Stock,$1.17,-0.23,-16.429%,"8,824,886"
VRME,"VerifyMe, Inc. Common Stock",$0.6683,0.0082,1.242%,"8,798,300"
XCUR,"Exicure, Inc. Common Stock",$1.38,0.13,10.40%,"8,796,033"
IMRN,Immuron Limited American Depositary Shares,$1.08,-0.02,-1.818%,"8,716,898"
JYD,Jayud Global Logistics Limited Class A Ordinary Shares,$1.05,0.05,5.00%,"8,713,845"
ACXP,"Acurx Pharmaceuticals, Inc. Common Stock",$1.65,0.255,18.28%,"8,695,370"
RDZNW,"Roadzen, Inc. Warrants",$0.1021,-0.0379,-27.071%,"8,695,353"
NXTT,Next Technology Holding Inc. Ordinary Shares,$5.90,-0.635,-9.717%,"8,690,476"
YHGJ,Yunhong Green CTI Ltd. Common Stock,$3.33,-0.045,-1.333%,"8,688,783"
APRE,"Aprea Therapeutics, Inc. Common stock",$0.69,0.0101,1.486%,"8,687,884"
HSCS,HeartSciences Inc. Common Stock,$2.21,0.15,7.282%,"8,617,875"
AIRE,reAlpha Tech Corp. Common Stock,$1.47,-0.16,-9.816%,"8,616,734"
MTEN,Mingteng International Corporation Inc. Class A Ordinary Shares,$1.12,-0.10,-8.197%,"8,567,849"
CENN,Cenntro Inc. Common Stock,$3.47,-0.03,-0.857%,"8,555,118"
MRM,MEDIROM Healthcare Technologies Inc. American Depositary Share,$1.08,0.01,0.935%,"8,534,106"
IFBD,"Infobird Co., Ltd Ordinary Shares",$1.04,-0.02,-1.887%,"8,516,117"
LHSW,Lianhe Sowell International Group Ltd Class A Ordinary Shares,$2.62,-0.32,-10.884%,"8,515,000"
ZBAO,Zhibao Technology Inc. Class A Ordinary Shares,$0.2184,-0.0079,-3.491%,"8,486,925"
CDTG,CDT Environmental Technology Investment Holdings Limited ordinary shares,$2.80,0.71,33.971%,"8,458,800"
DKI,DarkIris Inc. Class A Ordinary Shares,$4.04,-0.06,-1.463%,"8,392,918"
CYCU,"Cycurion, Inc. Common Stock",$0.7315,0.0465,6.788%,"8,392,198"
CODX,"Co-Diagnostics, Inc. Common Stock",$1.34,-0.06,-4.286%,"8,378,107"
VEEA,Veea Inc. Common Stock,$0.1337,-0.0003,-0.224%,"8,318,033"
JCSE,JE Cleantech Holdings Limited Ordinary Shares,$1.58,0.06,3.947%,"8,299,298"
SNGX,"Soligenix, Inc. Common Stock",$0.3812,-0.0188,-4.70%,"8,297,001"
TRAW,"Traws Pharma, Inc. Common Stock",$0.54,-0.031,-5.429%,"8,223,297"
BMGL,Basel Medical Group Ltd Ordinary Shares,$5.25,-0.01,-0.19%,"8,218,770"
CGTL,Creative Global Technology Holdings Limited Class A Ordinary Shares,$4.79,0.38,8.617%,"8,214,850"
AZTR,Azitra Inc Common Stock,$0.1353,-0.004,-2.872%,"8,199,686"
BQ,Boqii Holding Limited Class A Ordinary Shares,$1.04,-0.07,-6.306%,"8,194,799"
FEBO,Fenbo Holdings Limited Class A Ordinary Shares,$0.7401,-0.0199,-2.618%,"8,187,356"
SAGT,SAGTEC GLOBAL LIMITED Class A Ordinary shares,$0.6486,-0.0504,-7.21%,"8,139,930"
HCWC,Healthy Choice Wellness Corp. Class A Common Stock,$0.2717,0.0067,2.528%,"8,121,759"
BGL,Blue Gold Limited Class A Ordinary Shares,$0.1982,-0.0091,-4.39%,"8,094,047"
TAOP,Taoping Inc. Ordinary Shares ,$0.8469,0.0009,0.106%,"8,090,252"
INBS,Intelligent Bio Solutions Inc. Common Stock,$3.37,0.60,21.661%,"8,060,521"
NVNO,enVVeno Medical Corporation Common Stock,$11.80,0.81,7.37%,"8,056,120"
SEGG,Sports Entertainment Gaming Global Corporation Common Stock,$2.47,-0.05,-1.984%,"8,050,933"
ACON,"Aclarion, Inc. Common Stock",$2.77,0.31,12.602%,"7,984,168"
TKLF,"Tokyo Lifestyle Co., Ltd. American Depositary Shares",$1.88,-0.06,-3.093%,"7,957,628"
DPU,Top KingWin Ltd Class A Ordinary Shares,$2.30,0.1226,5.631%,"7,950,546"
DBGI,"Digital Brands Group, Inc. Common Stock",$13.77,-1.27,-8.444%,"7,917,750"
CNSP,"CNS Pharmaceuticals, Inc. Common Stock",$5.40,-0.12,-2.174%,"7,891,825"
HXHX,Haoxin Holdings Limited Class A Ordinary Shares,$0.5732,0.0594,11.561%,"7,881,500"
UZX,Linkage Global Inc. Class A Ordinary Shares,$0.1191,-0.0029,-2.377%,"7,877,058"
XWEL,"XWELL, Inc. Common Stock",$0.93,-0.05,-5.102%,"7,853,167"
CUPR,Cuprina Holdings (Cayman) Limited Class A Ordinary Shares,$2.92,-0.09,-2.99%,"7,829,250"
YMAT,"J-Star Holding Co., Ltd. Class A Ordinary Shares",$1.95,-0.03,-1.515%,"7,819,701"
MSN,Emerson Radio Corporation Common Stock,$0.3711,-0.005,-1.329%,"7,808,928"
BNKK,"Bonk, Inc. Common Stock",$0.9756,-0.1044,-9.667%,"7,805,717"
KAPA,"Kairos Pharma, Ltd. Common Stock",$0.3245,-0.0165,-4.839%,"7,689,898"
CANF,"Can-Fite Biopharma Ltd American Depositary Shares, each representing two (2) Ordinary Shares",$3.58,0.18,5.294%,"7,670,318"
XBIO,"Xenetic Biosciences, Inc. Common Stock",$3.26,-0.02,-0.61%,"7,638,770"
JDZG,JIADE LIMITED Class A Ordinary Shares,$4.17,0.32,8.312%,"7,637,276"
SCKT,"Socket Mobile, Inc. Common Stock",$0.92,-0.25,-21.368%,"7,628,347"
RITR,Reitar Logtech Holdings Limited Ordinary shares,$0.1218,-0.0044,-3.487%,"7,605,649"
ALZN,"Alzamend Neuro, Inc. Common Stock",$1.58,0.03,1.935%,"7,570,610"
BTBD,"BT Brands, Inc. Common Stock",$1.22,-0.05,-3.937%,"7,545,363"
TRIB,Trinity Biotech plc American Depositary Shares,$11.17,-0.50,-4.284%,"7,540,074"
ARBB,ARB IOT Group Limited Ordinary Shares,$4.27,-0.22,-4.90%,"7,537,643"
AEHL,Antelope Enterprise Holdings Limited Class A Ordinary Shares,$5.11,0.17,3.441%,"7,506,156"
GLE,Global Engine Group Holding Limited Class A Ordinary Shares,$0.41,0.0341,9.072%,"7,503,000"
GDC,GD Culture Group Limited Common Stock,$1.80,-0.06,-3.226%,"7,492,462"
NXL,"Nexalin Technology, Inc. Common Stock",$0.34,-0.01,-2.857%,"7,492,377"
EVGN,Evogene Ltd Ordinary Shares,$0.56,-0.0408,-6.791%,"7,424,772"
OMH,Ohmyhome Limited Class A Ordinary Shares,$0.0877,-0.0031,-3.414%,"7,404,900"
AIM,AIM ImmunoTech Inc. Common Stock,$0.243,0.0231,10.505%,"7,397,440"
ENSC,"Ensysce Biosciences, Inc. Common Stock",$0.3766,-0.0233,-5.826%,"7,327,429"
BCTXL,BriaCell Therapeutics Corp. Warrant expiring 2031,$0.84,-0.01,-1.176%,"7,307,821"
LCFYW,Locafy Limited Warrant,$3.99,UNCH,--,"7,300,507"
CELZ,"Creative Medical Technology Holdings, Inc. Common Stock",$1.10,-0.12,-9.836%,"7,251,813"
KWM,"K Wave Media, Ltd. Ordinary Shares",$2.77,0.29,11.694%,"7,249,506"
PMI,"Picard Medical, Inc. Common Stock",$3.52,-0.01,-0.283%,"7,229,795"
ADXN,Addex Therapeutics Ltd American Depositary Shares,$5.70,-0.25,-4.202%,"7,215,311"
DLXY,Delixy Holdings Limited Class A Ordinary Shares,$0.4411,0.0162,3.813%,"7,211,985"
AQB,"AquaBounty Technologies, Inc. Common Stock",$1.40,-0.085,-5.724%,"7,206,086"
BGI,Birks Group Inc. Common Stock,$0.364,-0.015,-3.958%,"7,172,720"
GAUZ,Gauzy Ltd. Ordinary Shares,$0.38,-0.0366,-8.785%,"7,121,995"
KITT,"Nauticus Robotics, Inc. Common stock",$0.9531,0.0403,4.415%,"7,121,525"
SYNX,Silynxcom Ltd. Ordinary Shares,$1.07,UNCH,--,"7,098,851"
PCSA,"Processa Pharmaceuticals, Inc. Common Stock",$2.13,-0.30,-12.346%,"7,085,296"
DTST,Data Storage Corporation Common Stock,$3.01,-0.05,-1.634%,"7,036,591"
SURG,"SurgePays, Inc. Common Stock",$0.2776,-0.0044,-1.56%,"6,973,838"
BYAH,"Park Ha Biological Technology Co., Ltd. Class A Ordinary Shares",$2.96,-0.35,-10.574%,"6,942,760"
OLB,"The OLB Group, Inc. Common Stock",$0.2879,-0.0101,-3.389%,"6,917,641"
ILAG,Intelligent Living Application Group Inc. Ordinary Shares,$3.30,0.0799,2.481%,"6,853,928"
GITS,"Global Interactive Technologies, Inc. Common Stock",$1.86,-0.07,-3.627%,"6,834,027"
VNRX,VolitionRX Limited Common Stock,$0.50,-0.0374,-6.959%,"6,824,692"
FBLG,"FibroBiologics, Inc. Common Stock",$1.02,-0.04,-3.774%,"6,791,357"
NWTG,"Newton Golf Company, Inc. Common Stock",$1.47,0.14,10.526%,"6,750,333"
AIDX,"20/20 Biolabs, Inc. Common Stock",$0.5503,0.0013,0.237%,"6,741,834"
AUID,authID Inc. Common Stock,$0.40,-0.1279,-24.228%,"6,688,136"
SOAR,"Volato Group, Inc. Class A Common Stock",$0.1574,-0.0126,-7.412%,"6,633,509"
ERNA,Ernexa Therapeutics Inc. Common Stock,$4.06,-0.21,-4.918%,"6,627,589"
MWG,Multi Ways Holdings Limited Class A Ordinary Shares,$1.28,-0.01,-0.775%,"6,581,791"
SNES,"SenesTech, Inc. Common Stock",$1.21,UNCH,--,"6,562,486"
POM,POMDOCTOR LIMITED American Depositary Shares,$0.8755,-0.092,-9.509%,"6,527,074"
FEMY,Femasys Inc. Common Stock,$2.16,-0.13,-5.677%,"6,522,193"
XELB,"Xcel Brands, Inc. Common Stock",$0.99,0.05,5.319%,"6,494,671"
POLA,"Polar Power, Inc. Common Stock",$1.68,-0.10,-5.618%,"6,470,829"
JWEL,Jowell Global Ltd. Ordinary Shares,$2.72,-0.37,-11.974%,"6,463,076"
APUS,"Apimeds Pharmaceuticals US, Inc. Common Stock",$4.28,-0.27,-5.934%,"6,459,025"
NCNA,NuCana plc American Depositary Share,$1.55,-0.04,-2.516%,"6,451,055"
VS,Versus Systems Inc. Common Stock,$1.31,-0.10,-7.092%,"6,421,197"
XTLB,XTL Biopharmaceuticals Ltd. American Depositary Shares,$2.60,-0.185,-6.643%,"6,389,404"
SNOA,"Sonoma Pharmaceuticals, Inc. Common Stock",$1.32,0.02,1.538%,"6,320,721"
AMST,Amesite Inc. Common Stock,$0.9601,-0.0122,-1.255%,"6,288,512"
CVKD,"Cadrenal Therapeutics, Inc. Common Stock",$1.76,-0.11,-5.882%,"6,278,962"
KRKR,36Kr Holdings Inc. American Depositary Shares,$3.175,0.1765,5.886%,"6,266,847"
CXAI,CXApp Inc. Class A Common Stock,$0.089,-0.0216,-19.53%,"6,237,946"
MLEC,Moolec Science SA Ordinary Shares,$8.57,1.37,19.028%,"6,222,831"
AMIX,"Autonomix Medical, Inc. Common Stock",$6.40,-0.45,-6.569%,"6,214,675"
VEEE,Twin Vee PowerCats Co. Common Stock,$10.74,-0.97,-8.284%,"6,170,151"
RMSG,Real Messenger Corporation Ordinary Shares,$0.3816,0.0002,0.052%,"6,169,964"
BOLT,"Bolt Biotherapeutics, Inc. Common Stock",$3.20,-0.15,-4.478%,"6,164,304"
LESL,"Leslie's, Inc. Common Stock",$0.6558,0.0108,1.674%,"6,141,879"
DUKRW,DUKE Robotics Corp. Warrant,$1.78,UNCH,--,"6,098,241"
CLGN,CollPlant Biotechnologies Ltd Ordinary Shares,$0.3197,-0.01,-3.033%,"6,044,954"
WAFU,Wah Fu Education Group Limited Ordinary Shares,$1.37,-0.02,-1.439%,"6,042,466"
GELS,Gelteq Limited Ordinary Shares,$0.5641,-0.0159,-2.741%,"6,042,108"
CURX,Curanex Pharmaceuticals Inc Common Stock,$0.2127,-0.0047,-2.162%,"6,033,196"
LUCY,"Innovative Eyewear, Inc. Common Stock",$0.7003,-0.0339,-4.617%,"6,026,972"
MEGL,Magic Empire Global Limited Class A Ordinary Shares,$1.185,-0.045,-3.659%,"6,000,899"
GCDT,Green Circle Decarbonize Technology Limited Class A Ordinary Shares,$0.4793,-0.011,-2.244%,"5,991,250"
YDKG,Yueda Digital Holding Class A Ordinary Share,$1.08,0.01,0.935%,"5,971,524"
ENVB,"Enveric Biosciences, Inc. Common Stock",$1.48,-0.055,-3.583%,"5,962,146"
HYFM,"Hydrofarm Holdings Group, Inc. Common Stock",$1.25,-0.22,-14.966%,"5,955,765"
AMBO,Ambow Education Holding Ltd. American Depository Shares (each representing twenty (20) Class A Ordinary Shares),$2.07,-0.06,-2.817%,"5,920,867"
WLDS,Wearable Devices Ltd. Ordinary Share,$2.70,-0.20,-6.897%,"5,911,566"
ORKT,Orangekloud Technology Inc. Class A Ordinary Shares,$1.01,UNCH,--,"5,898,168"
CDIO,Cardio Diagnostics Holdings Inc. Common stock,$1.99,-0.05,-2.451%,"5,889,343"
SOS,SOS Limited Class A Ordinary Shares,$0.8648,-0.0093,-1.064%,"5,875,342"
DRMA,"Dermata Therapeutics, Inc. Common Stock",$1.46,UNCH,--,"5,872,329"
GLXG,Galaxy Payroll Group Limited Class A Ordinary Shares,$0.9827,-0.0773,-7.292%,"5,858,381"
PMCB,"PharmaCyte  Biotech, Inc. Common Stock",$0.5422,-0.0088,-1.597%,"5,820,869"
STLNW,"Starling Oncology, Inc. Warrant",$0.0569,-0.0025,-4.209%,"5,799,027"
TMCWW,TMC the metals company Inc. Warrants,$0.0131,-0.003,-18.634%,"5,778,875"
DFSC,DEFSEC Technologies Inc. Common Stock,$2.16,-0.84,-28.00%,"5,759,925"
MSGY,Masonglory Limited Class A Ordinary Shares ,$2.71,-0.04,-1.455%,"5,744,184"
PULM,"Pulmatrix, Inc. Common Stock",$1.56,0.02,1.299%,"5,697,565"
AZI,Autozi Internet Technology (Global) Ltd. Class A Ordinary Shares,$1.25,-0.06,-4.58%,"5,688,040"
DSS,"DSS, Inc. Common Stock",$0.5615,-0.0036,-0.637%,"5,638,874"
HCAI,"Huachen AI Parking Management Technology Holding Co., Ltd. Class A Ordinary Shares",$4.82,0.26,5.702%,"5,606,990"
BRTX,"BioRestorative Therapies, Inc. Common Stock (NV)",$0.22,-0.0059,-2.612%,"5,605,197"
CRE,Cre8 Enterprise Limited Class A Ordinary Shares,$2.78,0.09,3.346%,"5,598,878"
CHAI,"Core AI Holdings, Inc. Common Shares",$0.2809,-0.0141,-4.78%,"5,596,209"
CYAB,"Cyabra, Inc. Common Stock",$0.3175,-0.02,-5.926%,"5,587,070"
TGL,Treasure Global Inc. Common Stock,$2.85,-0.15,-5.00%,"5,571,271"
NDRA,ENDRA Life Sciences Inc. Common Stock,$4.49,0.02,0.447%,"5,570,972"
AGRZ,Agroz Inc. Class A Ordinary Shares,$0.2681,0.0228,9.295%,"5,475,536"
XAIR,"Beyond Air, Inc. Common Stock",$5.71,-0.605,-9.58%,"5,468,073"
ISPC,iSpecimen Inc. Common Stock,$2.15,-0.10,-4.444%,"5,414,969"
KTWOR,K2 Capital Acquisition Corporation Rights,$0.2699,0.0067,2.546%,"5,409,109"
TANH,Tantech Holdings Ltd. Class A Common Shares,$0.3711,-0.0259,-6.524%,"5,353,913"
FBGL,FBS Global Limited Ordinary Shares,$0.399,0.0036,0.91%,"5,335,942"
GMM,Global Mofy AI Limited Class A Ordinary Shares,$2.73,-0.13,-4.545%,"5,332,782"
IPST,"IP Strategy Holdings, Inc. Common Stock",$7.39,5.1899,235.894%,"5,332,461"
YCBD,"cbdMD, Inc. Common Stock",$0.475,-0.0208,-4.195%,"5,322,396"
SNTG,Sentage Holdings Inc. Class A Ordinary Shares,$1.89,-0.09,-4.545%,"5,302,064"
NTCL,NETCLASS TECHNOLOGY INC Class A Ordinary Shares,$2.49,-0.134,-5.107%,"5,300,856"
WXM,WF International Limited Ordinary Shares,$4.70,-0.30,-6.00%,"5,296,313"
TDIC,Dreamland Limited Class A Ordinary Shares,$2.79,UNCH,--,"5,271,861"
MITQ,"Moving iMage Technologies, Inc. Common Stock",$0.5302,-0.02,-3.635%,"5,270,756"
TOPP,Toppoint Holdings Inc. Common Stock,$0.2121,-0.0489,-18.736%,"5,238,870"
EHGO,Eshallgo Inc. Class A Ordinary Shares,$1.83,0.07,3.977%,"5,236,686"
POAS,Phaos Technology Holdings (Cayman) Limited Class A Ordinary Shares,$0.165,-0.001,-0.602%,"5,209,380"
FMSTW,Foremost Clean Energy Ltd. Warrant,$0.3001,0.0101,3.483%,"5,207,378"
BTCT,BTC Digital Ltd. Ordinary Shares,$0.4411,-0.0043,-0.965%,"5,205,230"
AUUD,Auddia Inc. Common Stock,$0.9701,-0.0499,-4.892%,"5,203,665"
CETX,Cemtrex Inc. Common Stock,$3.02,UNCH,--,"5,197,846"
INTJ,Intelligent Group Limited Class A Ordinary Shares ,$3.38,0.03,0.896%,"5,196,743"
INLF,INLIF LIMITED Class A Ordinary Shares,$4.76,-0.21,-4.225%,"5,189,818"
EXYNW,"Exyn Technologies, Inc. Warrant",$0.65,UNCH,--,"5,170,072"
FMFC,Kandal M Venture Limited Class A Ordinary Shares,$0.242,0.0015,0.624%,"5,154,600"
MTR,Mesa Royalty Trust Common Stock,$2.7599,-0.1311,-4.535%,"5,143,322"
LABT,Lakewood-Amedex Biotherapeutics Inc. Common Stock,$2.16,-0.11,-4.846%,"5,118,526"
MASK,3 E Network Technology Group Ltd Class A Ordinary Shares,$1.46,-0.06,-3.947%,"5,115,401"
BCAB,"BioAtla, Inc. Common Stock",$3.06,-0.03,-0.971%,"5,098,266"
CHNR,"China Natural Resources, Inc. Common Stock",$4.10,-0.07,-1.679%,"5,056,206"
CTNT,Cheetah Net Supply Chain Service Inc Class A Common Stock,$1.60,-0.01,-0.621%,"5,055,026"
CNET,ZW Data Action Technologies Inc. Common Stock,$1.31,0.02,1.55%,"5,041,442"
STFS,Star Fashion Culture Holdings Limited Class A Ordinary Shares,$4.21,0.31,7.949%,"5,025,797"
BGMS,"Bio Green Med Solution, Inc. Common Stock",$0.9091,-0.0059,-0.645%,"5,017,737"
LCFY,Locafy Limited Ordinary Share,$2.74,-0.025,-0.904%,"5,013,381"
ATER,"Aterian, Inc. Common Stock",$0.4572,-0.0429,-8.578%,"4,974,066"
SONM,"DNA X, Inc. Common Stock",$3.34,-0.1455,-4.174%,"4,970,815"
TWAV,"TaoWeave, Inc. Common Stock",$1.27,UNCH,--,"4,924,068"
CSAI,"Cloudastructure, Inc. Class A Common Stock",$5.70,-0.01,-0.175%,"4,876,692"
TOPS,"TOP Ships, Inc. Common Stock",$0.88,UNCH,--,"4,876,670"
SILO,"Silo Pharma, Inc. Common Stock",$3.07,-0.13,-4.063%,"4,875,928"
SLE,"Super League Enterprise, Inc. Common Stock",$3.02,0.75,33.04%,"4,859,026"
GRRRW,Gorilla Technology Group Inc. Warrant,$0.175,UNCH,--,"4,857,558"
CNEY,CN Energy Group Inc. Class A Ordinary Shares,$0.5911,-0.0189,-3.098%,"4,848,975"
CPOP,"Pop Culture Group Co., Ltd Class A Ordinary Shares",$0.389,-0.0207,-5.052%,"4,838,656"
GOVX,"GeoVax Labs, Inc. Common Stock",$0.655,-0.063,-8.774%,"4,826,854"
BMRA,"Biomerica, Inc. Common Stock",$1.56,-0.02,-1.266%,"4,820,820"
BOXL,Boxlight Corporation Class A Common Stock,$7.22,0.27,3.885%,"4,815,386"
DXST,Decent Holding Inc Class A Ordinary Shares,$2.64,-0.06,-2.222%,"4,791,872"
RIME,"Algorhythm Holdings, Inc. Common Stock",$0.31,-0.0651,-17.355%,"4,782,047"
HIHO,Highway Holdings Limited Common Stock,$1.03,-0.04,-3.738%,"4,765,476"
RCON,"Recon Technology, Ltd. Class A Ordinary Shares",$0.0224,-0.0032,-12.50%,"4,763,242"
VIVS,"VivoSim Labs, Inc. Common Stock",$0.318,-0.0045,-1.395%,"4,722,495"
RENX,RenX Enterprises Corp. Common Stock,$1.78,-0.10,-5.319%,"4,710,252"
ITOC,iTonic Holdings Ltd Class A Ordinary Shares,$0.2759,-0.0374,-11.937%,"4,704,095"
VMAR,Vision Marine Technologies Inc. Common Shares,$0.714,0.049,7.368%,"4,662,748"
SUGP,SU Group Holdings Limited Class A Ordinary Shares,$2.00,0.02,1.01%,"4,652,998"
AGMH,AGM Group Holdings Inc. Class A Ordinary Shares,$0.97,-0.0154,-1.563%,"4,652,484"
EJH,E-Home Household Service Holdings Limited Ordinary Shares,$1.45,-0.29,-16.667%,"4,640,223"
GURE,"Gulf Resources, Inc. (NV) Common Stock",$2.9999,-0.0101,-0.336%,"4,618,439"
NCRA,"Nocera, Inc. Common Stock",$2.16,-0.15,-6.494%,"4,614,829"
WBUY,WEBUY GLOBAL LTD. Class A Ordinary Shares,$0.8391,-0.0053,-0.628%,"4,599,194"
NUWE,"Nuwellis, Inc. Common Stock",$1.26,-0.05,-3.817%,"4,595,553"
REVB,"Revelation Biosciences, Inc. Common Stock",$1.15,0.101,9.628%,"4,580,928"
CWD,CaliberCos Inc. Class A Common Stock,$0.518,-0.007,-1.333%,"4,579,236"
HCWB,HCW Biologics Inc. Common Stock,$2.52,-0.16,-5.97%,"4,575,138"
FLDDW,"Fold Holdings, Inc. Warrant",$0.083,0.0068,8.924%,"4,571,407"
FCUV,Focus Universal Inc. Common Stock,$6.49,0.87,15.48%,"4,561,243"
BJDX,"Bluejay Diagnostics, Inc. Common Stock",$1.02,-0.03,-2.857%,"4,557,412"
BKYI,"BIO-key International, Inc. Common Stock",$3.14,-0.04,-1.258%,"4,510,120"
MBIO,"Mustang Bio, Inc. Common Stock",$0.5943,0.0008,0.135%,"4,503,312"
CAPS,Capstone Holding Corp. Common Stock,$0.2139,-0.0041,-1.881%,"4,401,752"
MEDS,"DataMeds AI, Inc. Common Stock",$1.49,0.01,0.676%,"4,363,535"
GVH,Globavend Holdings Limited Ordinary Shares,$1.01,0.01,1.00%,"4,347,218"
JAGX,"Jaguar Health, Inc. Common Stock",$0.8789,-0.0371,-4.05%,"4,315,752"
FEED,"ENvue Medical, Inc. Common Stock",$0.4641,0.0271,6.201%,"4,314,583"
APVO,Aptevo Therapeutics Inc. Common Stock,$2.81,-0.13,-4.422%,"4,265,425"
XPON,Expion360 Inc. Common Stock,$4.43,0.79,21.703%,"4,263,144"
FAMI,"Farmmi, Inc. Class A Ordinary Shares",$0.1318,0.0038,2.969%,"4,220,101"
JZ,Jianzhi Education Technology Group Company Limited American Depositary Shs,$1.75,-0.12,-6.417%,"4,214,548"
SHPH,"Shuttle Pharmaceuticals Holdings, Inc. Common Stock",$4.10,0.03,0.737%,"4,211,577"
VVOS,"Vivos Therapeutics, Inc. Common Stock",$0.3012,-0.0421,-12.263%,"4,185,054"
ATXG,Addentax Group Corp. Common Stock,$4.04,-0.11,-2.651%,"4,166,997"
IVDA,"Iveda Solutions, Inc. Common Stock",$0.37,-0.056,-13.146%,"4,121,704"
INM,InMed Pharmaceuticals Inc. Common Shares,$1.46,-0.01,-0.68%,"4,094,112"
CHSN,Chanson International Holding Class A Ordinary Shares,$1.10,-0.02,-1.786%,"4,080,766"
ARBEW,Arbe Robotics Ltd. Warrant,$0.0319,0.0044,16.00%,"4,064,190"
PPCB,"Propanc Biopharma, Inc. Common Stock",$1.15,-0.07,-5.738%,"4,029,733"
SGLY,Singularity Future Technology Ltd. Common Stock,$4.49,-0.43,-8.74%,"4,027,099"
STKH,Steakholder Foods Ltd. American Depositary Shares,$3.96,0.36,10.00%,"4,017,115"
JUNS,"Jupiter Neurosciences, Inc. Common Stock",$5.18,-0.06,-1.145%,"3,989,020"
AIIOW,Robo.ai Inc. Warrant,$0.0235,0.001,4.444%,"3,973,033"
ELAB,PMGC Holdings Inc. Common Stock,$0.873,-0.037,-4.066%,"3,966,695"
GLMD,Galmed Pharmaceuticals Ltd. Ordinary Shares,$0.5134,-0.0097,-1.854%,"3,945,004"
EEIQ,EpicQuest Education Group International Limited Common Stock,$2.39,0.08,3.463%,"3,935,429"
ABTS,Abits Group Inc Ordinary Shares,$1.21,-0.11,-8.333%,"3,889,478"
HTCR,"Heartcore Enterprises, Inc. Common Stock",$2.55,-0.05,-1.923%,"3,864,086"
OLOX,Olenox Industries Inc. Common Stock,$2.73,0.114,4.358%,"3,859,950"
BGLC,BioNexus Gene Lab Corp Common stock,$1.5911,0.0211,1.344%,"3,846,188"
PHGE,BiomX Inc. COmmon Stock,$0.1445,-0.0025,-1.701%,"3,837,863"
CHGA,Change Agents Corporation Common Stock,$0.195,-0.0179,-8.408%,"3,831,127"
CHR,"Cheer Holding, Inc. Class A Ordinary Share",$1.85,-0.01,-0.538%,"3,814,854"
SPRC,SciSparc Ltd. Ordinary Shares,$6.64,0.05,0.759%,"3,806,334"
GBR,"New Concept Energy, Inc Common Stock",$0.7402,0.0271,3.80%,"3,798,658"
RBNE,Robin Energy Ltd. Common Stock,$2.83,0.29,11.417%,"3,770,401"
CRIS,"Curis, Inc. Common Stock",$1.80,UNCH,--,"3,762,139"
XRTX,XORTX Therapeutics Inc. Common Shares,$2.06,-0.095,-4.408%,"3,742,124"
SSM,Sono Group N.V. Ordinary Shares,$2.62,-0.01,-0.38%,"3,733,065"
MGN,Megan Holdings Limited Class A Ordinary Shares,$0.1005,-0.0042,-4.011%,"3,718,500"
ASPSW,Altisource Portfolio Solutions S.A. Net Settle Stakeholder Warrants,$0.32,-0.011,-3.323%,"3,654,466"
GCTK,"GlucoTrack, Inc. Common Stock",$0.342,-0.0254,-6.913%,"3,617,957"
NIVF,NewGenIvf Group Limited Class A Ordinary Shares,$0.6084,0.0228,3.893%,"3,589,560"
FTRK,FAST TRACK GROUP Ordinary shares,$0.16,-0.126,-44.056%,"3,570,321"
RDHL,Redhill Biopharma Ltd. American Depositary Shares,$0.585,-0.0149,-2.484%,"3,557,338"
FRSX,Foresight Autonomous Holdings Ltd. American Depositary Shares,$1.1904,-0.1096,-8.431%,"3,547,763"
KUST,"Kustom Entertainment, Inc. Common Stock",$1.09,-0.14,-11.382%,"3,544,527"
EZRA,"Reliance Global Group, Inc. Common Stock",$2.21,-0.25,-10.163%,"3,539,912"
CLDI,"Calidi Biotherapeutics, Inc. Common Stock",$1.36,-0.23,-14.465%,"3,514,490"
IVF,"INVO Fertility, Inc. Common Stock",$1.53,0.5584,57.472%,"3,511,404"
KIDZ,KIDZ AI Inc. Class B Common Stock,$4.07,0.11,2.778%,"3,502,715"
NXGL,"NexGel, Inc Common Stock",$0.3755,-0.1895,-33.54%,"3,464,078"
BTOG,Bit Origin Limited Class A Ordinary Shares,$0.8199,-0.0001,-0.012%,"3,411,570"
CIIT,"Tianci International, Inc. Common Stock",$3.50,-0.14,-3.846%,"3,385,869"
RNAZ,"TransCode Therapeutics, Inc. Common Stock",$3.16,-0.12,-3.659%,"3,344,800"
LXEH,"Lixiang Education Holding Co., Ltd. American Depositary Shares",$1.74,-0.03,-1.695%,"3,335,001"
VSME,VS Media Holdings Limited Class A Ordinary Shares,$1.21,-0.09,-6.923%,"3,328,449"
VWAVW,"VisionWave Holdings, Inc. Warrant",$0.1202,-0.0998,-45.364%,"3,315,365"
ARTL,"Artelo Biosciences, Inc. Common Stock",$0.721,-0.0692,-8.757%,"3,313,044"
PFSA,"Profusa, Inc. Common Stock",$4.53,0.9308,25.861%,"3,311,974"
ICON,Icon Energy Corp. Common stock,$1.03,-0.005,-0.483%,"3,310,491"
RUBI,Rubico Inc. Common Stock,$1.8349,-0.0351,-1.877%,"3,287,051"
TNON,"Tenon Medical, Inc. Common Stock",$4.92,-0.24,-4.651%,"3,281,871"
MTNB,"Matinas Biopharma Holdings, Inc. Common Stock",$0.2222,-0.0118,-5.043%,"3,264,739"
OCG,Oriental Culture Holding LTD Ordinary Shares,$1.68,-0.03,-1.754%,"3,256,364"
PAVS,Paranovus Entertainment Technology Ltd. Class A Ordinary Shares,$6.36,-0.63,-9.013%,"3,199,646"
BIAF,"bioAffinity Technologies, Inc. Common Stock",$0.392,-0.0101,-2.512%,"3,175,876"
LIMNW,"Liminatus Pharma, Inc. Warrants",$0.047,-0.0032,-6.375%,"3,156,537"
SXTP,"60 Degrees Pharmaceuticals, Inc. Common Stock",$1.08,-0.115,-9.623%,"3,078,928"
MKZR,"MacKenzie Realty Capital, Inc. Common Stock",$1.56,-0.06,-3.704%,"3,067,584"
GRI,"GRI Bio, Inc. Common Stock",$1.73,0.06,3.593%,"3,063,550"
GSUN,Golden Sun Technology Group Limited Class A Ordinary Shares,$0.3051,-0.0549,-15.25%,"3,059,808"
GWAV,"Greenwave Technology Solutions, Inc. Common Stock",$3.68,-0.34,-8.458%,"3,053,042"
EDBL,Edible Garden AG Incorporated Common Stock,$1.56,-0.11,-6.587%,"3,044,354"
WALDW,Waldencast plc Warrant ,$0.0233,-0.0002,-0.851%,"2,996,401"
ONCO,"Onconetix, Inc. Common Stock",$0.7575,-0.0538,-6.631%,"2,991,449"
ITP,"IT Tech Packaging, Inc. Common Stock",$0.1753,0.0038,2.216%,"2,974,038"
IPDN,"Professional Diversity Network, Inc. Common Stock",$0.2302,-0.0286,-11.051%,"2,953,552"
PRFX,PRF Technologies Ltd. Ordinary Shares,$0.9702,-0.0598,-5.806%,"2,951,183"
ELPW,Elong Power Holding Limited Class A Ordinary Shares,$3.75,-0.25,-6.25%,"2,934,544"
AKAN,Akanda Corp. Common Shares,$5.41,-1.04,-16.124%,"2,925,950"
CRGOW,Freightos Limited Warrants,$0.0564,0.0194,52.432%,"2,914,949"
RMCOW,Royalty Management Holding Corporation Warrant,$0.1902,-0.0048,-2.462%,"2,885,849"
PW,Power REIT (MD) Common Stock,$7.86,-0.14,-1.75%,"2,885,563"
FLYE,"Fly-E Group, Inc. Common Stock",$1.74,0.0167,0.969%,"2,840,352"
WCT,Wellchange Holdings Company Limited Class A Ordinary shares,$0.925,-0.0183,-1.94%,"2,835,428"
NRSNW,NeuroSense Therapeutics Ltd. Warrant,$0.075,-0.0437,-36.816%,"2,832,457"
IZM,ICZOOM Group Inc. Class A Ordinary Shares,$0.2354,-0.0165,-6.55%,"2,829,063"
NXTS,Nexentis Technologies Inc. Common Stock,$1.94,0.03,1.571%,"2,819,466"
RDGT,"Ridgetech, Inc. Ordinary Shares",$0.7728,-0.0568,-6.847%,"2,804,909"
JEM,707 Cayman Holdings Limited Ordinary Shares,$4.04,-0.28,-6.481%,"2,710,634"
SVRE,SaverOne 2014 Ltd. American Depositary Shares,$2.90,-0.11,-3.654%,"2,709,299"
BGLWW,Blue Gold Limited Warrant,$0.065,UNCH,--,"2,654,455"
CXAIW,CXApp Inc. Warrant,$0.0376,-0.0022,-5.528%,"2,635,357"
GCLWW,GCL Global Holdings Ltd Warrants,$0.0198,UNCH,--,"2,576,682"
ATPC,Agape ATP Corporation Common Stock,$2.52,0.03,1.205%,"2,521,578"
NCPL,Netcapital Inc. Common Stock,$0.3194,0.0023,0.725%,"2,506,619"
PPBT,Purple Biotech Ltd. American Depositary Shares,$1.53,0.03,2.00%,"2,489,107"
VIVK,"Vivakor, Inc. Common Stock",$1.22,UNCH,--,"2,478,690"
RNWWW,ReNew Energy Global plc Warrant,$0.0068,0.0058,580.00%,"2,477,938"
BNCWZ,CEA Industries Inc. Warrant,$0.0599,UNCH,--,"2,471,705"
IPW,iPower Inc. Common Stock,$3.14,-0.275,-8.053%,"2,452,554"
RAYA,Erayak Power Solution Group Inc. Class A Ordinary Shares,$2.32,-0.16,-6.452%,"2,446,927"
AIXI,XIAO-I Corporation American Depositary Shares,$0.8923,0.0653,7.896%,"2,442,463"
SBEV,"Splash Beverage Group, Inc. (NV) Common Stock",$0.378,-0.027,-6.667%,"2,423,933"
OGEN,Oragenics Inc. Common Stock,$0.535,0.0021,0.394%,"2,413,897"
SBFM,Sunshine Biopharma Inc. Common Stock,$1.12,-0.03,-2.609%,"2,378,471"
VCIG,VCI Global Limited Ordinary Share,$0.2555,-0.0025,-0.969%,"2,372,295"
COCHW,"Envoy Medical, Inc Warrant",$0.0301,UNCH,--,"2,323,557"
PMAX,Powell Max Limited Class A Ordinary Shares,$1.18,-0.38,-24.359%,"2,315,119"
SNYR,Synergy CHC Corp. Common Stock,$0.1549,0.0552,55.366%,"2,307,992"
DCOY,Decoy Therapeutics Inc. Common Stock,$3.52,-0.06,-1.676%,"2,306,251"
ASPSZ,Altisource Portfolio Solutions S.A. Cash Exercise Stakeholder Warrants,$0.20,0.01,5.263%,"2,284,041"
SLXN,Silexion Therapeutics Corp Ordinary Shares,$0.422,0.0018,0.428%,"2,259,918"
GNPX,"Genprex, Inc. Common Stock",$4.475,0.155,3.588%,"2,259,589"
MYSZ,"My Size, Inc. Common Stock",$3.08,0.11,3.704%,"2,243,725"
VRAX,Virax Biolabs Group Limited Ordinary Shares,$2.81,-0.05,-1.748%,"2,239,536"
CDT,CDT Equity Inc. Common Stock,$2.8038,-0.1162,-3.979%,"2,205,665"
JTAI,Jet.AI Inc. Common Stock,$1.55,-0.16,-9.357%,"2,203,668"
EZGO,EZGO Technologies Ltd. Ordinary Shares,$0.955,-0.195,-16.957%,"2,202,134"
BRNX,BrenX Ltd. Ordinary Shares,$3.05,-0.50,-14.085%,"2,198,708"
VEEAW,Veea Inc. Warrant,$0.0352,UNCH,--,"2,189,938"
BFRGW,"Bullfrog AI Holdings, Inc. Warrants",$0.1169,-0.0044,-3.627%,"2,167,519"
PGYWW,Pagaya Technologies Ltd. Warrants,$0.0259,-0.003,-10.381%,"2,160,729"
AEMD,"Aethlon Medical, Inc. Common Stock",$2.935,0.105,3.71%,"2,087,184"
DRCT,"Direct Digital Holdings, Inc. Class A Common Stock",$2.66,0.02,0.758%,"2,080,862"
SQFT,"Presidio Property Trust, Inc. Class A Common Stock",$1.45,-0.03,-2.027%,"2,079,926"
XXII,"22nd Century Group, Inc. Common Stock",$4.12,-0.205,-4.74%,"2,071,697"
HUMAW,"Humacyte, Inc. Warrant",$0.0074,0.0004,5.714%,"2,055,706"
MNDR,Mobile-health Network Solutions Class A Ordinary Shares,$1.69,-0.04,-2.312%,"2,018,768"
SHFS,"SHF Holdings, Inc. Class A Common Stock",$0.1629,-0.0084,-4.904%,"2,009,038"
ONFO,Onfolio Holdings Inc. Common Stock,$2.35,-0.24,-9.266%,"1,997,500"
BETRW,Better Home & Finance Holding Company Warrant,$0.104,-0.016,-13.333%,"1,975,852"
SDSTW,Stardust Power Inc. Warrant,$0.1396,-0.0098,-6.56%,"1,961,295"
LBGJ,Li Bang International Corporation Class A Ordinary Shares,$3.24,0.12,3.846%,"1,940,728"
SCAGW,Scage Future Warrants,$0.0267,-0.0002,-0.743%,"1,938,678"
CMND,Clearmind Medicine Inc. Common Shares,$1.89,0.03,1.613%,"1,925,972"
SMTK,"SmartKem, Inc. Common Stock",$0.0891,UNCH,--,"1,910,858"
FUSEW,Fusemachines Inc. Warrants,$0.065,UNCH,--,"1,884,045"
MI,NFT Limited Class A Ordinary Share,$8.11,UNCH,--,"1,873,296"
TRNR,Interactive Strength Inc. Common Stock,$3.52,-0.05,-1.401%,"1,810,688"
BIVIW,BioVie Inc. Warrant,$0.24,-0.05,-17.241%,"1,810,233"
SXTC,"China SXT Pharmaceuticals, Inc. Class A Ordinary Shares",$3.75,-0.58,-13.395%,"1,791,473"
MNYWW,MoneyHero Limited Warrants,$0.04,0.0017,4.439%,"1,777,329"
LNKS,Linkers Industries Limited Class A Ordinary Shares,$1.09,-0.05,-4.386%,"1,751,208"
OSRHW,"OSR Health, Inc. Warrant",$0.0496,0.0021,4.421%,"1,741,887"
IMTE,Integrated Media Technology Limited Ordinary Shares,$0.50,-0.0232,-4.434%,"1,723,217"
TRUG,"TruGolf Holdings, Inc. Class A Common Stock",$1.54,0.5705,58.845%,"1,715,076"
DXF,"Eason Technology Limited American Depositary Shares (each representing sixty-thousand (60,000) Ordinary Shares)",$0.5062,0.0002,0.04%,"1,638,041"
IBG,Innovation Beverage Group Limited Ordinary Shares,$0.90,-0.0326,-3.496%,"1,634,293"
YHC,LQR House Inc. Common Stock,$1.655,-0.035,-2.071%,"1,619,972"
SABSW,"SAB Biotherapeutics, Inc. Warrant",$0.0177,-0.0031,-14.904%,"1,610,459"
UK,Ucommune International Ltd Class A Ordinary Shares,$2.30,0.06,2.679%,"1,559,287"
RAINW,"Rain Enhancement Technologies Holdco, Inc. Warrants",$0.1475,0.02,15.686%,"1,516,888"
SOBR,"SOBR Safe, Inc. Common Stock",$0.5333,-0.0182,-3.30%,"1,496,749"
HAO,Haoxi Health Technology Limited Class A Ordinary Shares,$4.08,0.10,2.513%,"1,493,794"
VGASW,"Verde Clean Fuels, Inc. Warrant",$0.0335,UNCH,--,"1,492,412"
FCHL,Fitness Champs Holdings Limited Common Stock,$1.12,-0.03,-2.609%,"1,476,991"
NEXR,Nexera Technologies Ltd Ordinary Shares,$2.60,-0.26,-9.091%,"1,449,406"
SCLXW,Scilex Holding Company Warrant,$0.17,-0.0046,-2.635%,"1,443,515"
BZFDW,"BuzzFeed, Inc. Warrant",$0.0167,0.0005,3.086%,"1,391,690"
HOLOW,MicroCloud Hologram Inc. Warrant,$0.0597,0.0042,7.568%,"1,367,868"
MOBXW,"Mobix Labs, Inc Warrants",$0.0859,UNCH,--,"1,305,566"
YYAI,AiRWA Inc. Common Stock,$1.22,0.09,7.965%,"1,285,344"
LRHC,La Rosa Holdings Corp. Common Stock,$0.6039,0.0069,1.156%,"1,273,188"
GNLN,"Greenlane Holdings, Inc. Class A Common Stock",$2.01,0.08,4.145%,"1,269,233"
MSS,Maison Solutions Inc. Class A Common Stock,$1.46,0.02,1.389%,"1,248,795"
PWCM,"PowerCompute, Inc. Common Stock",$1.28,0.02,1.587%,"1,196,366"
BBLG,Bone Biologics Corp Common Stock,$0.66,0.005,0.763%,"1,194,851"
AMZE,"Amaze Holdings, Inc. Common Stock",$0.2114,-0.0336,-13.714%,"1,191,251"
RKDA,"Arcadia Biosciences, Inc. Common Stock",$0.4802,-0.1444,-23.119%,"1,156,903"
SCNI,Scinai Immunotherapeutics Ltd. American Depositary Shares,$0.2282,-0.0143,-5.897%,"1,144,071"
TNMG,TNL Mediagene Ordinary Shares,$0.39,-0.001,-0.256%,"1,143,191"
MTEKW,Maris-Tech Ltd. Warrants,$0.1129,UNCH,--,"1,094,975"
GMEX,GMEX ROBOTICS CORPORATION Class A Ordinary Shares,$1.21,0.07,6.14%,"1,094,374"
ZEOWW,Zeo Energy Corporation Warrants,$0.018,UNCH,--,"1,049,039"
MRNOW,Murano Global Investments PLC Warrants,$0.0124,0.0052,72.222%,"982,612"
FRGT,"Freight Technologies, Inc. Ordinary Shares",$1.71,-0.12,-6.557%,"978,334"
SKYAW,"SkyAI, Inc. Warrant",$0.0226,-0.0005,-2.165%,"971,405"
BCTXZ,BriaCell Therapeutics Corp. Warrant expiring 2030,$0.1099,-0.0001,-0.091%,"956,107"
WHLR,"Wheeler Real Estate Investment Trust, Inc. Common Stock",$0.374,0.0094,2.578%,"910,654"
AIMDW,"Ainos, Inc. Warrants",$0.1034,UNCH,--,"883,457"
BEATW,"Heartbeam, Inc. Warrant",$0.015,-0.001,-6.25%,"845,238"
ILLRW,Triller Group Inc. Warrant,$0.0403,UNCH,--,"825,641"
BNCWW,CEA Industries Inc. Warrant,$0.02,UNCH,--,"825,277"
VTAK,"Catheter Precision, Inc. Common Stock",$0.228,-0.052,-18.571%,"822,959"
ABLVW,Able View Global Inc. Warrant,$0.0166,UNCH,--,"819,873"
BTTC,Black Titan Corporation Ordinary Shares,$0.599,-0.0114,-1.868%,"796,810"
GFAIW,"Guardforce AI Co., Limited Warrant",$0.0249,UNCH,--,"781,694"
VBIO,"Valion Bio, Inc. Common Stock",$0.1825,-0.0081,-4.25%,"757,605"
ASTLW,Algoma Steel Group Inc. Warrant,$0.0069,0.0005,7.813%,"727,181"
CISS,C3is Inc. Common Stock,$0.0594,-0.0199,-25.095%,"711,767"
JZXN,"Jiuzi Holdings, Inc. Ordinary Shares",$1.36,-0.03,-2.158%,"697,350"
LGHL,Lion Group Holding Ltd. American Depositary Share,$0.742,-0.0483,-6.112%,"684,775"
DAIC,"CID HoldCo, Inc. Common Stock",$0.558,0.0678,13.831%,"675,394"
OXBRW,Oxbridge Re Holdings Limited Warrant expiring 3/26/2029,$0.0805,UNCH,--,"655,155"
IMCC,IM Cannabis Corp. Common Shares,$0.105,-0.0171,-14.005%,"653,449"
BNAIW,Brand Engagement Network Inc. Warrant,$0.10,-0.0229,-18.633%,"650,769"
BIAFW,"bioAffinity Technologies, Inc. Warrant",$0.075,0.005,7.143%,"607,629"
SEATW,Vivid Seats Inc. Warrant,$0.0492,-0.0004,-0.806%,"576,238"
RMSGW,Real Messenger Corporation Warrants,$0.0347,-0.0048,-12.152%,"561,053"
ZNB,Zeta Network Group Class A Ordinary Shares,$2.12,0.04,1.923%,"555,614"
FOXXW,Foxx Development Holdings Inc. Warrant,$0.07,UNCH,--,"492,883"
FGL,Founder Group Limited Class A Ordinary Shares,$0.4144,0.014,3.497%,"474,762"
XBPEW,"XBP Europe Holdings, Inc. Warrant",$0.0401,UNCH,--,"471,899"
COOTW,Australian Oilseeds Holdings Limited Warrant,$0.0167,0.0001,0.602%,"465,906"
DFLIW,Dragonfly Energy Holdings Corp. Warrant,$0.0319,0.0009,2.903%,"456,659"
BIOTW,Instinct Bio Technical Company Holdings Inc. Warrants,$0.0155,-0.0008,-4.908%,"445,685"
HUBCZ,Hub Cyber Security Ltd. Warrant ,$0.0125,-0.0016,-11.348%,"417,827"
IVDAW,"Iveda Solutions, Inc. Warrant",$0.036,0.0001,0.279%,"401,031"
PDYNW,Palladyne AI Corp Warrants,$0.0081,-0.0008,-8.989%,"399,642"
JSPRW,"Japer Therapeutics, Inc. Warrants",$0.0138,-0.0003,-2.128%,"386,535"
BFRIW,Biofrontera Inc. Warrants,$0.0249,UNCH,--,"369,824"
HUBCW,Hub Cyber Security Ltd. Warrant 2/27/28,$0.011,0.0007,6.796%,"367,688"
GIPR,Generation Income Properties Inc. Common Stock,$0.3518,-0.1467,-29.428%,"362,495"
CYCUW,"Cycurion, Inc. Warrant",$0.0304,0.0044,16.923%,"348,767"
LUCYW,"Innovative Eyewear, Inc. Series A Warrants 8/16/27",$0.0393,UNCH,--,"338,226"
TVGNW,Tevogen Inc. Warrant,$0.0523,0.0016,3.156%,"335,585"
NVNIW,Nvni Group Limited Warrants,$0.0284,-0.0114,-28.643%,"332,057"
SWAGW,"Stran & Company, Inc. Warrant",$0.0151,-0.0002,-1.307%,"281,458"
ARQQW,Arqit Quantum Inc. Warrants,$0.01,-0.0006,-5.66%,"240,906"
KTTAW,Pasithea Therapeutics Corp. Warrant,$0.0069,UNCH,--,"230,560"
SHFSW,"SHF Holdings, Inc. Warrants",$0.0182,-0.0018,-9.00%,"224,460"
NXGLW,"NexGel, Inc Warrant",$0.0243,0.0128,111.304%,"224,173"
FGIWW,FGI Industries Ltd. Warrant,$0.11,UNCH,--,"212,440"
DFNSW,T3 Defense Inc. Warrants,$0.0801,-0.0099,-11.00%,"202,352"
NCPLW,Netcapital Inc. Warrants,$0.0246,-0.0002,-0.806%,"193,058"
PRENW,Prenetics Global Limited Warrant,$0.0113,UNCH,--,"189,607"
BTBDW,"BT Brands, Inc. Warrant",$0.03,UNCH,--,"185,542"
ZOOZW,ZOOZ Strategy Ltd. Warrant,$0.022,UNCH,--,"178,225"
HSCSW,HeartSciences Inc. Warrant,$0.0406,UNCH,--,"158,319"
BENFW,Beneficient Warrant,$0.0099,-0.0001,-1.00%,"152,638"
LNZAW,"LanzaTech Global, Inc. Warrant",$0.0137,-0.005,-26.738%,"138,222"
AMODW,"Alpha Modus Holdings, Inc. Warrant",$0.0276,0.0055,24.887%,"134,594"
PIIIW,P3 Health Partners Inc. Warrant,$0.0182,0.0038,26.389%,"132,150"
RCKTW,"Rocket Pharmaceuticals, Inc. Warrant",$0.001,-0.0001,-9.091%,"109,775"
AERTW,"Aeries Technology, Inc. Warrant",$0.02,0.0001,0.503%,"104,957"
KITTW,"Nauticus Robotics, Inc. Warrant",$0.0139,-0.0016,-10.323%,"103,860"
NIVFW,NewGenIvf Group Limited Warrants,$0.0175,-0.0022,-11.168%,"103,250"
CINGW,Cingulate Inc. Warrants,$0.007,-0.0002,-2.778%,"101,793"
SXTPW,"60 Degrees Pharmaceuticals, Inc. Warrant",$0.0354,0.0024,7.273%,"100,920"
ICUCW,SeaStar Medical Holding Corporation Warrant,$0.0224,0.0022,10.891%,"98,713"
GGROW,Gogoro Inc. Warrant,$0.0061,0.0006,10.909%,"90,118"
EUDAW,EUDA Health Holdings Limited Warrant,$0.0299,UNCH,--,"89,530"
PBMWW,Psyence Biomedical Ltd. Warrant,$0.0226,-0.0003,-1.31%,"86,204"
SWVLW,Swvl Holdings Corp Warrant,$0.0085,UNCH,--,"84,697"
ERNAW,Ernexa Therapeutics Inc. Warrants,$0.0502,-0.0097,-16.194%,"81,947"
EDBLW,Edible Garden AG Incorporated Warrant,$0.041,0.001,2.50%,"80,012"
DSYWW,Big Tree Cloud Holdings Limited Warrants,$0.0162,0.0017,11.724%,"76,980"
ACONW,"Aclarion, Inc. Warrant",$0.0248,-0.0042,-14.483%,"71,483"
SAIHW,SAIHEAT Limited Warrant,$0.0385,0.0109,39.493%,"69,699"
SLXNW,Silexion Therapeutics Corp Warrant,$0.0129,0.0002,1.575%,"69,083"
ANGHW,Anghami Inc. Warrants,$0.0075,0.0008,11.94%,"67,986"
DFSCW,DEFSEC Technologies Inc. Warrant,$0.0252,-0.0011,-4.183%,"67,199"
SBFMW,Sunshine Biopharma Inc. Warrant,$0.031,-0.0119,-27.739%,"65,833"
MSAIW,"MultiSensor AI Holdings, Inc. Warrant",$0.0249,0.0001,0.403%,"54,921"
GIBOW,GIBO Holdings Limited Warrants,$0.02,-0.0081,-28.826%,"52,094"
CDIOW,Cardio Diagnostics Holdings Inc. Warrant,$0.0174,0.0032,22.535%,"51,495"
APLMW,Apollomics Inc. Warrant,$0.0171,-0.0009,-5.00%,"49,523"
RVSNW,Rail Vision Ltd. Warrant,$0.019,UNCH,--,"41,652"
PARAW,"Banzai International, Inc. Warrant",$0.0124,0.0055,79.71%,"40,679"
WOK,WORK Medical Technology Group LTD Class A Ordinary Shares,$2.33,0.11,4.955%,"40,183"
REVBW,"Revelation Biosciences, Inc. Warrant",$0.0093,-0.0002,-2.105%,"37,046"
GIPRW,Generation Income Properties Inc Warrant,$0.0295,-0.0019,-6.051%,"30,397"
ASBPW,"Aspire Biopharma Holdings, Inc. Warrant",$0.0195,0.0012,6.557%,"27,350"
KWMWW,"K Wave Media, Ltd. Warrant",$0.0095,-0.0005,-5.00%,"24,863"
SQFTW,"Presidio Property Trust, Inc. Series A Common Stock Purchase Warrants",$0.014,-0.0001,-0.709%,"20,082"
SMXWW,SMX (Security Matters) Public Limited Company Warrant,$0.018,0.0001,0.559%,"19,595"
LTRYW,Sports Entertainment Gaming Global Corporation Warrants,$0.006,-0.0009,-13.043%,"19,557"
GDEVW,GDEV Inc. Warrant,$0.001,0.0002,25.00%,"18,150"
ONFOW,Onfolio Holdings Inc. Warrant,$0.0175,0.0013,8.025%,"14,875"
XOSWW,"Xos, Inc. Warrants",$0.0008,-0.0001,-11.111%,"11,374"
MLECW,Moolec Science SA Warrant,$0.0135,-0.0033,-19.643%,"9,803"
CDTTW,CDT Equity Inc. Warrant,$0.0108,-0.0025,-18.797%,"8,496"
NEXRW,Nexera Technologies Ltd Warrant,$0.0147,0.0008,5.755%,"8,195"
KIDZW,KIDZ AI Inc. Warrants,$0.0084,0.0001,1.205%,"7,229"
TNONW,"Tenon Medical, Inc. Warrant",$0.008,0.0001,1.266%,"5,336"
DAICW,"CID HoldCo, Inc. Warrants",$0.0039,-0.0002,-4.878%,"4,720"
DRMAW,"Dermata Therapeutics, Inc. Warrant",$0.0006,-0.0006,-50.00%,"2,413"
AACB,Artius II Acquisition Inc. Class A Ordinary Shares,$10.585,-0.005,-0.047%,NA
AACBR,Artius II Acquisition Inc. Rights,$0.012,UNCH,--,NA
AACBU,Artius II Acquisition Inc. Units,$10.70,UNCH,--,NA
AACI,Armada Acquisition Corp. III Class A Ordinary Share,$10.05,0.05,0.50%,NA
AACIU,Armada Acquisition Corp. III Units,$10.14,UNCH,--,NA
AACIW,Armada Acquisition Corp. III Warrant,$0.3599,UNCH,--,NA
AACO,Abony Acquisition Corp. I Class A Ordinary Share,$9.97,0.01,0.10%,NA
AACOW,Abony Acquisition Corp. I Warrants,$0.37,UNCH,--,NA
AACP,Apogee Acquisition Corp Class A Ordinary Shares,$10.03,UNCH,--,NA
AACPR,Apogee Acquisition Corp Rights,$0.1608,-0.0193,-10.716%,NA
AACPU,Apogee Acquisition Corp Units,$10.2799,0.0399,0.39%,NA
AACPW,Apogee Acquisition Corp Warrant,$0.0904,0.0048,5.607%,NA
ABR^D,"Arbor Realty Trust 6.375% Series D Cumulative Redeemable Preferred Stock, Liquidation Preference $25.00 per Share",$15.83,-0.0885,-0.556%,NA
ABR^E,Arbor Realty Trust 6.25% Series E Cumulative Redeemable Preferred Stock,$15.61,-0.07,-0.446%,NA
ABR^F,"Arbor Realty Trust 6.25% Series F Fixed-to-Floating Rate Cumulative Redeemable Preferred Stock, Liquidation Preference $25.00 per share",$22.26,0.01,0.045%,NA
ACAA,Averin Capital Acquisition Corp. Class A Ordinary Shares,$10.0056,UNCH,--,NA
ACAAU,Averin Capital Acquisition Corp. Units,$10.07,UNCH,--,NA
ACAAW,Averin Capital Acquisition Corp. Warrants,$0.80,0.0001,0.013%,NA
ACGC,ACP Holdings Acquisition Corp. Class A Ordinary Shares,$10.00,UNCH,--,NA
ACP,abrdn Income Credit Strategies Fund Common Shares,$5.14,UNCH,--,NA
ACP^A,abrdn Income Credit Strategies Fund 5.250% Series A Perpetual Preferred Stock,$19.4053,0.0053,0.027%,NA
ACR^C,ACRES Commercial Realty Corp. 8.625% Fixed-to-Floating Series C Cumulative Redeemable Preferred Stock ,$23.65,-0.28,-1.17%,NA
ACR^D,ACRES Commercial Realty Corp. 7.875% Series D Cumulative Redeemable Preferred Stock,$20.60,-0.625,-2.945%,NA
ADAC,American Drive Acquisition Company Class A Ordinary Shares,$10.10,UNCH,--,NA
ADACW,American Drive Acquisition Company Warrant,$0.50,0.0939,23.122%,NA
ADAMG,"Adamas Trust, Inc. 9.125% Senior Notes Due 2030",$25.08,-0.12,-0.476%,NA
ADAMH,"Adamas Trust, Inc. 9.875% Senior Notes Due 2030",$25.44,-0.01,-0.039%,NA
ADAMK,"Adamas Trust, Inc. 9.600% Senior Notes Due 2031 ",$24.87,0.07,0.282%,NA
ADAMO,"Adamas Trust, Inc. 9.250% Senior Notes Due 2031",$25.09,-0.06,-0.239%,NA
ADC^A,"Agree Realty Corporation Depositary Shares, each representing 1/1,000th of a 4.250% Series A Cumulative Redeemable Preferred Stock",$17.03,-0.02,-0.117%,NA
ADX,Adams Diversified Equity Fund Inc.,$26.23,-0.06,-0.228%,NA
AEAQ,Activate Energy Acquisition Corp. Class A Ordinary Share,$10.085,UNCH,--,NA
AEAQU,Activate Energy Acquisition Corp. Unit,$10.43,UNCH,--,NA
AEAQW,Activate Energy Acquisition Corp. Warrant,$0.34,UNCH,--,NA
AEFC,Aegon Funding Company LLC 5.10% Subordinated Notes due 2049,$18.24,-0.12,-0.654%,NA
AESP,Aeon Acquisition I Corp. Class A Ordinary Shares,$9.94,UNCH,--,NA
AESPR,Aeon Acquisition I Corp. Rights,$0.21,0.01,5.00%,NA
AESPU,Aeon Acquisition I Corp. Units,$10.15,UNCH,--,NA
AESPW,Aeon Acquisition I Corp. Warrants,$0.06,0.0173,40.515%,NA
AEXA,American Exceptionalism Acquisition Corp. A Class A Ordinary Shares,$11.59,0.05,0.433%,NA
AFB,AllianceBernstein National Municipal Income Fund Inc,$11.04,-0.07,-0.63%,NA
AFJK,"Aimei Health Technology Co., Ltd Ordinary Share",$12.00,-0.20,-1.639%,NA
AFJKR,"Aimei Health Technology Co., Ltd Right",$0.1508,0.0158,11.704%,NA
AFJKU,"Aimei Health Technology Co., Ltd Unit",$11.71,-0.29,-2.417%,NA
AGD,abrdn Global Dynamic Dividend Fund Common Shares of Beneficial Interest,$12.49,0.02,0.16%,NA
AGM^D,"Federal Agricultural Mortgage Corporation 5.700% Non-Cumulative Preferred Stock, Series D",$21.4196,0.1396,0.656%,NA
AGM^E,"Federal Agricultural Mortgage Corporation 5.750% Non-Cumulative Preferred Stock, Series E",$20.9139,0.0939,0.451%,NA
AGM^F,"Federal Agricultural Mortgage Corporation 5.250% Non-Cumulative Preferred Stock, Series F",$18.72,-0.105,-0.558%,NA
AGM^G,"Federal Agricultural Mortgage Corporation 4.875% Non-Cumulative Preferred Stock, Series G",$17.4001,0.0201,0.116%,NA
AGM^H,"Federal Agricultural Mortgage Corporation 6.500% Non-Cumulative Preferred Stock, Series H",$23.23,-0.12,-0.514%,NA
AGM^I,"Federal Agricultural Mortgage Corporation 6.875% Non-Cumulative Preferred Stock, Series I",$24.45,0.06,0.246%,NA
AHL^D,Aspen Insurance Holdings Limited 5.625% Perpetual Non-Cumulative Preference Shares,$18.72,-0.14,-0.742%,NA
AHL^E,"Aspen Insurance Holdings Limited Depositary Shares, each representing a 1/1000th interest in a share of 5.625% Perpetual Non-Cumulative Preference Shares",$18.745,-0.065,-0.346%,NA
AHL^F,"Aspen Insurance Holdings Limited Depositary Shares, each representing a 1/1,000th Interest in a 7.00% Perpetual Non-Cumulative Preference Share",$23.725,-0.095,-0.399%,NA
AHRT^A,"AH Realty Trust, Inc. 6.75% Series A Cumulative Redeemable Perpetual Preferred Stock",$21.95,-0.20,-0.903%,NA
AHT^D,Ashford Hospitality Trust Inc 8.45% Series D Cumulative Preferred Stock,$7.20,0.30,4.348%,NA
AHT^F,Ashford Hospitality Trust Inc 7.375% Series F Cumulative Preferred Stock,$6.72,0.2201,3.386%,NA
AHT^G,Ashford Hospitality Trust Inc 7.375% Series G Cumulative Preferred Stock,$6.86,0.21,3.158%,NA
AHT^H,Ashford Hospitality Trust Inc 7.50% Series H Cumulative Preferred Stock,$6.49,-0.105,-1.592%,NA
AHT^I,Ashford Hospitality Trust Inc 7.50% Series I Cumulative Preferred Stock,$6.99,0.54,8.372%,NA
AIIA,AI Infrastructure Acquisition Corp. Class A Ordinary Shares,$10.24,0.005,0.049%,NA
AKO/A,Embotelladora Andina S.A.,$24.13,0.33,1.387%,NA
AKO/B,Embotelladora Andina S.A.,$30.93,0.21,0.684%,NA
ALB^A,Albemarle Corporation Depositary Shares each representing a 1/20th of 7.25% Series A Mandatory Convertible Preferred Stock,$54.71,-1.09,-1.953%,NA
ALDF,Aldel Financial II Inc. Class A Ordinary Shares,$10.77,-0.01,-0.093%,NA
ALDFW,Aldel Financial II Inc. Warrants,$0.2611,-0.0089,-3.296%,NA
ALF,Centurion Acquisition Corp. Class A Ordinary Shares,$10.84,UNCH,--,NA
ALFUU,Centurion Acquisition Corp. Unit,$10.91,UNCH,--,NA
ALFUW,Centurion Acquisition Corp. Warrant,$0.2999,0.02,7.145%,NA
ALIS,Calisa Acquisition Corp Ordinary shares,$10.20,UNCH,--,NA
ALISR,Calisa Acquisition Corp Right,$0.6201,UNCH,--,NA
ALISU,Calisa Acquisition Corp Units,$10.79,UNCH,--,NA
ALL^B,Allstate Corporation (The) 5.100% Fixed-to-Floating Rate Subordinated Debentures due 2053,$25.56,-0.0601,-0.235%,NA
ALL^H,"Allstate Corporation (The) Depositary Shares each representing a 1/1,000th interest in a share of Fixed Rate Noncumulative Perpetual Preferred Stock, Series H",$18.84,-0.20,-1.05%,NA
ALL^I,"Allstate Corporation (The) Depositary Shares each representing a 1/1,000th interest in a share of Fixed Rate Noncumulative Perpetual Preferred Stock, Series I",$17.73,-0.125,-0.70%,NA
ALL^J,"Allstate Corporation (The) Depositary Shares each representing a 1/1,000th interest in a share of Fixed Rate Noncumulative Perpetual Preferred Stock, Series J",$25.90,-0.10,-0.385%,NA
ALOV,"Aldabra 4 Liquidity Opportunity Vehicle, Inc. Class A Ordinary Shares",$9.96,UNCH,--,NA
ALOVW,"Aldabra 4 Liquidity Opportunity Vehicle, Inc. Warrants",$0.3576,UNCH,--,NA
ALPX,Alpex Acquisition Corporation Class A Ordinary Shares,$9.89,-0.01,-0.101%,NA
ALPXU,Alpex Acquisition Corporation Unit,$10.06,-0.01,-0.099%,NA
ALPXW,Alpex Acquisition Corporation Warrants,$0.06,0.002,3.448%,NA
ALTG^A,Alta Equipment Group Inc. Depositary Shares (each representing 1/1000th in a share of 10% Series A Cumulative Perpetual Preferred Stock),$26.10,-0.05,-0.191%,NA
ALUB,Alussa Energy Acquisition Corp. II Class A Ordinary Shares,$10.15,0.02,0.197%,NA
AMACU,AMR Resources Acquisition Corp Units,$9.95,UNCH,--,NA
AMAN,Amanat Acquisition Corp Class A Ordinary Shares,$10.54,0.05,0.477%,NA
AMH^G,American Homes 4 Rent Series G cumulative redeemable perpetual preferred shares of beneficial interest,$22.39,-0.06,-0.267%,NA
AMH^H,American Homes 4 Rent Series H cumulative redeemable perpetual Preferred Shares of Beneficial Interest,$23.46,UNCH,--,NA
ANG^D,"American National Group Inc. Depositary Shares, each representing a 1/1000th interest in a share of 7.375% Fixed-Rate Non-Cumulative Preferred Stock, Series D",$23.22,-0.245,-1.044%,NA
AOD,abrdn Total Dynamic Dividend Fund Common Shares of Beneficial Interest,$10.78,-0.02,-0.185%,NA
AOMD,"Angel Oak Mortgage REIT, Inc. 9.750% Senior Notes due 2030",$24.95,-0.05,-0.20%,NA
AOMN,"Angel Oak Mortgage REIT, Inc. 9.500% Senior Notes due 2029",$25.07,-0.10,-0.397%,NA
APAC,StoneBridge Acquisition II Corporation Class A Ordinary Shares,$10.21,UNCH,--,NA
APACR,StoneBridge Acquisition II Corporation Rights,$0.0801,-0.0199,-19.90%,NA
APACU,StoneBridge Acquisition II Corporation Units,$10.35,UNCH,--,NA
APMC,AmperCap Acquisition Company Ordinary Shares,$9.92,UNCH,--,NA
APMCR,AmperCap Acquisition Company Right,$0.12,0.0001,0.083%,NA
APMCU,AmperCap Acquisition Company Unit,$10.02,UNCH,--,NA
APUR,Aperture AC Class A Ordinary Shares,$9.97,UNCH,--,NA
APXT,Apex Treasury Corporation Class A Ordinary Share,$10.11,UNCH,--,NA
APXTW,Apex Treasury Corporation Warrants,$0.37,UNCH,--,NA
ARCI,Archimedes Tech SPAC Partners III Co. Ordinary Share,$10.1434,-0.0266,-0.262%,NA
ARCIU,Archimedes Tech SPAC Partners III Co. Units,$10.38,UNCH,--,NA
ARCIW,Archimedes Tech SPAC Partners III Co. Warrant,$0.5299,-0.0001,-0.019%,NA
ARCL,ARC Group Acquisition I Corp Class A Ordinary Shares,$9.96,UNCH,--,NA
ARCLR,ARC Group Acquisition I Corp Right,$0.2001,UNCH,--,NA
ARCLU,ARC Group Acquisition I Corp Unit,$10.19,-0.01,-0.098%,NA
ARCLW,ARC Group Acquisition I Corp Warrants,$0.09,-0.005,-5.263%,NA
ARES^B,Ares Management Corporation 6.75% Series B Mandatory Convertible Preferred Stock,$45.08,-0.84,-1.829%,NA
ARR^C,"ARMOUR Residential REIT, Inc. 7% Series C Cumulative Redeemable Preferred Stock (liquidation preference $25.00 per share)",$20.87,0.02,0.096%,NA
ARTC,Art Technology Acquisition Corp. Class A Ordinary Shares,$9.9849,0.0149,0.149%,NA
ARTCU,Art Technology Acquisition Corp. Units,$10.13,-0.01,-0.099%,NA
ARTCW,Art Technology Acquisition Corp. Warrants,$0.3401,UNCH,--,NA
ASB^E,"Associated Banc-Corp Depositary Shares, each representing a 1/40th interest in a share of 5.875% Non-Cumulative Perpetual Preferred Stock, Series E",$19.9099,-0.0451,-0.226%,NA
ASB^F,"Associated Banc-Corp Depositary Shares, each representing a 1/40th interest in a share of Associated Banc-Corp 5.625% Non-Cumulative Perpetual Preferred Stock, Series F",$19.3562,-0.0438,-0.226%,NA
ASG,"Liberty All-Star Growth Fund, Inc.",$5.48,0.01,0.183%,NA
ASGI,abrdn Global Infrastructure Income Fund Common Shares of Beneficial Interest,$24.66,-0.31,-1.241%,NA
ASPC,A SPAC III Acquisition Corp. Class A Ordinary Shares,$10.57,0.0099,0.094%,NA
ASPCR,A SPAC III Acquisition Corp. Right,$0.086,-0.0139,-13.914%,NA
ATH^A,"Athene Holding Ltd. Depositary Shares, Each Representing a 1/1,000th Interest in a 6.35% Fixed-to-Floating Rate Perpetual Non-Cumulative Preference Share, Series A",$23.82,0.01,0.042%,NA
ATH^B,"Athene Holding Ltd. Depositary Shares, Each Representing a 1/1,000th Interest in a 5.625% Fixed Rate Perpetual Non- Cumulative Preference Share, Series B, par value $1.00 per share",$18.42,-0.07,-0.379%,NA
ATH^D,"Athene Holding Ltd. Depositary Shares, Each Representing a 1/1,000th Interest in a 4.875% Fixed-Rate Perpetual Non-Cumulative Preference Share, Series D",$15.67,-0.13,-0.823%,NA
ATH^E,"Athene Holding Ltd. Depositary Shares, Each Representing a 1/1,000th Interest in a 7.750% Fixed-Rate Reset Perpetual Non-Cumulative Preference Share, Series E",$25.2884,-0.0416,-0.164%,NA
ATII,Archimedes Tech SPAC Partners II Co. Ordinary Shares,$10.64,UNCH,--,NA
ATIIU,Archimedes Tech SPAC Partners II Co. Unit,$11.475,UNCH,--,NA
ATIIW,Archimedes Tech SPAC Partners II Co. Warrant,$1.51,-0.07,-4.43%,NA
AUB^A,"Atlantic Union Bankshares Corporation Depositary Shares each representing a 1/400th ownership interest in a share of 6.875% Perpetual Non-Cumulative Preferred Stock, Series A",$24.58,-0.34,-1.364%,NA
AVK,Advent Convertible and Income Fund,$12.76,-0.21,-1.619%,NA
AWF,Alliancebernstein Global High Income Fund,$10.16,0.01,0.099%,NA
AWP,abrdn Global Premier Properties Fund Common Shares of Beneficial Interest,$11.83,-0.02,-0.169%,NA
AXIN,Axiom Intelligence Acquisition Corp 1 Class A Ordinary Shares,$10.29,-0.02,-0.194%,NA
AXINR,Axiom Intelligence Acquisition Corp 1 Right,$0.3499,-0.0101,-2.806%,NA
AXINU,Axiom Intelligence Acquisition Corp 1 Units,$11.00,0.30,2.804%,NA
AXS^E,"Axis Capital Holdings Limited Depositary Shares, each representing 1/100th interest in a share of a 5.50% Series E Preferred Shares",$18.67,-0.04,-0.214%,NA
BA^A,"Boeing Company (The) Depositary Shares, each representing a 1/20th interest in a share of 6.00% Series A Mandatory Convertible Preferred Stock, par value $1.00",$69.52,-1.65,-2.318%,NA
BAC^B,"Bank of America Corporation Depositary Shares, each representing a 1/1,000th interest in a share of 6.000% Non-Cumulative Preferred Stock, Series GG",$24.635,-0.09,-0.364%,NA
BAC^E,Bank of America Corporation Depositary Sh repstg 1/1000th Perp Pfd Ser E,$18.14,-0.12,-0.657%,NA
BAC^K,"Bank of America Corporation Depositary Shares, each representing a 1/1,000th interest in a share of 5.875% Non- Cumulative Preferred Stock, Series HH",$23.70,-0.20,-0.837%,NA
BAC^L,Bank of America Corporation Non Cumulative Perpetual Conv Pfd Ser L,"$1,299.25",-6.65,-0.509%,NA
BAC^M,"Bank of America Corporation Depositary Shares, each representing a 1/1,000th interest in a share of 5.375% Non-Cumulative Preferred Stock, Series KK",$20.67,-0.14,-0.673%,NA
BAC^N,"Bank of America Corporation Depositary shares, each representing 1/1,000th interest in a share of 5.000% Non-Cumulative Preferred Stock, Series LL",$19.16,-0.18,-0.931%,NA
BAC^O,"Bank of America Corporation Depositary shares, each representing 1/1,000th interest in a share of 4.375% Non-Cumulative Preferred Stock, Series NN",$16.67,-0.1536,-0.913%,NA
BAC^P,"Bank of America Corporation Depositary Shares, each representing a 1/1,000th interest in a share of 4.125% Non-Cumulative Preferred Stock, Series PP",$15.85,-0.22,-1.369%,NA
BAC^Q,"Bank of America Corporation Depositary shares, each representing 1/1,000th interest in a share of 4.250% Non-Cumulative Preferred Stock, Series QQ",$16.06,-0.19,-1.169%,NA
BAC^S,"Bank of America Corporation Depositary shares, each representing 1/1,000th interest in a share of 4.750% Non-Cumulative Preferred Stock, Series SS",$18.05,-0.19,-1.042%,NA
BACC,Blue Acquisition Corp. Class A Ordinary Shares,$10.5299,UNCH,--,NA
BACCR,Blue Acquisition Corp. Right ,$0.49,0.03,6.522%,NA
BANC^F,"Banc of California, Inc. Depositary Shares, each representing a 1/40th interest in a share of 7.75% non-cumulative perpetual preferred stock, Series F",$25.48,0.09,0.354%,NA
BBBYW,"Neighborhood Intelligence, Inc. Warrants",$0.645,0.645,--,NA
BBCQ,Bleichroeder Acquisition Corp. II Class A Ordinary Shares,$10.16,UNCH,--,NA
BBCQU,Bleichroeder Acquisition Corp. II Units,$11.15,0.40,3.721%,NA
BBCQW,Bleichroeder Acquisition Corp. II Warrants,$1.95,0.05,2.632%,NA
BBN,BlackRock Taxable Municipal Bond Trust Common Shares of Beneficial Interest,$15.73,-0.12,-0.757%,NA
BC^C,Brunswick Corporation 6.375% Notes due 2049,$23.90,-0.07,-0.292%,NA
BCAR,D. Boral ARC Acquisition I Corp. Class A Ordinary Shares,$5.82,-0.01,-0.172%,NA
BCARU,D. Boral ARC Acquisition I Corp. Units,$6.04,-0.37,-5.772%,NA
BCARW,D. Boral ARC Acquisition I Corp. Warrant,$0.55,0.03,5.769%,NA
BCCQ,Bleichroeder Acquisition Corp. III Class A Ordinary Shares,$9.878,UNCH,--,NA
BCCQU,Bleichroeder Acquisition Corp. III Units,$10.0441,-0.0709,-0.701%,NA
BCCQW,Bleichroeder Acquisition Corp. III Warrant,$0.5298,-0.0001,-0.019%,NA
BCSS,Bain Capital GSS Investment Corp. Class A Ordinary Shares,$10.25,UNCH,--,NA
BCV,"Bancroft Fund, Ltd.",$25.68,0.15,0.588%,NA
BCV^A,Bancroft Fund Limited 5.375% Series A Cumulative Preferred Shares,$20.02,-0.3001,-1.477%,NA
BDCI,BTC Development Corp. Class A Ordinary Shares,$10.09,UNCH,--,NA
BDCIU,BTC Development Corp. Unit,$10.25,UNCH,--,NA
BDCIW,BTC Development Corp. Warrant,$0.42,UNCH,--,NA
BEAG,Bold Eagle Acquisition Corp. Class A Ordinary Shares,$10.735,-0.015,-0.14%,NA
BEAGR,Bold Eagle Acquisition Corp. Right,$0.2401,-0.0919,-27.681%,NA
BEP^A,"Brookfield Renewable Partners L.P. 5.25% Class A Preferred Limited Partnership Units, Series 17",$16.91,0.035,0.207%,NA
BF/A,Brown Forman Corporation,$28.05,-0.85,-2.941%,NA
BF/B,Brown Forman Corporation,$27.58,-0.84,-2.956%,NA
BFH^A,"Bread Financial Holdings, Inc. Depositary Shares, each representing a 1/40th interest in a share of 8.625% Non-Cumulative Perpetual Preferred Stock, Series A",$25.18,-0.135,-0.533%,NA
BFH^B,"Bread Financial Holdings, Inc. Depositary Shares, each representing a 1/40th interest in a share of 8.875% Fixed Rate Reset Non-Cumulative Perpetual Preferred Stock, Series B",$25.53,UNCH,--,NA
BFS^D,"Saul Centers, Inc. Depositary Shares, each representing 1/100th of a share of 6.125% Series D Cumulative Redeemable Preferred Stock",$20.7702,-0.1098,-0.526%,NA
BFS^E,"Saul Centers, Inc. Depositary shares, each representing a 1/100th fractional interest in a share of 6.000% Series E Cumulative Redeemable Preferred Stock",$21.61,0.04,0.185%,NA
BGB,Blackstone Strategic Credit 2027 Term Fund Common Shares of Beneficial Interest,$11.28,-0.01,-0.089%,NA
BGH,Barings Global Short Duration High Yield Fund Common Shares of Beneficial Interests,$14.34,0.05,0.35%,NA
BGT,BlackRock Floating Rate Income Trust,$10.96,0.10,0.921%,NA
BGX,Blackstone Long Short Credit Income Fund Common Shares,$10.84,-0.07,-0.642%,NA
BGY,Blackrock Enhanced International Dividend Trust,$5.84,-0.04,-0.68%,NA
BHAV,BHAV Acquisition Corp Class A Ordinary Shares,$10.01,0.01,0.10%,NA
BHAVU,BHAV Acquisition Corp Units,$10.24,0.0701,0.689%,NA
BHK,Blackrock Core Bond Trust,$8.97,-0.04,-0.444%,NA
BHR^B,"Braemar Hotels & Resorts Inc. 5.50% Series B Cumulative Convertible Preferred Stock, par value $0.01 per share",$13.47,0.26,1.968%,NA
BHR^D,"Braemar Hotels & Resorts Inc. 8.25% Series D Cumulative Preferred Stock,  par value $0.01 per share",$16.79,-0.10,-0.592%,NA
BHV,BlackRock Virginia Municipal Bond Trust,$12.80,0.10,0.787%,NA
BID,Tribeca Strategic Acquisition Corp. Class A Ordinary Shares,$9.87,-0.01,-0.101%,NA
BIDWR,Tribeca Strategic Acquisition Corp. Rights,$0.1251,UNCH,--,NA
BIDWU,Tribeca Strategic Acquisition Corp. Unit,$9.96,-0.02,-0.20%,NA
BIII,Black Spade Acquisition III Co Class A Ordinary Shares,$9.98,-0.01,-0.10%,NA
BIO/B,"Bio-Rad Laboratories, Inc.",$337.00,UNCH,--,NA
BIP^A,"Brookfield Infrastructure Partners LP 5.125% Class A Preferred Limited Partnership Units, Series 13",$17.42,-0.27,-1.526%,NA
BIP^B,"Brookfield Infrastructure Partners LP 5.000% Class A Preferred Limited Partnership Units, Series 14",$16.83,-0.12,-0.708%,NA
BIT,BlackRock Multi-Sector Income Trust Common Shares of Beneficial Interest,$12.11,-0.06,-0.493%,NA
BIXI,Bitcoin Infrastructure Acquisition Corp Ltd. Class A Ordinary Shares,$10.05,-0.009,-0.089%,NA
BIXIU,Bitcoin Infrastructure Acquisition Corp Ltd. Unit ,$10.22,0.08,0.789%,NA
BIXIW,Bitcoin Infrastructure Acquisition Corp Ltd. Warrant,$0.40,0.1001,33.378%,NA
BKHA,Black Hawk Acquisition Corporation Class A Ordinary Shares,$11.83,0.05,0.424%,NA
BKHAU,Black Hawk Acquisition Corporation Units,$11.95,-0.01,-0.084%,NA
BLRK,Bluerock Acquisition Corp. Class A Ordinary Shares,$10.06,UNCH,--,NA
BLRKU,Bluerock Acquisition Corp. Unit,$10.23,UNCH,--,NA
BLRKW,Bluerock Acquisition Corp. Warrants,$0.3887,UNCH,--,NA
BLUWU,Blue Water Acquisition Corp. III Unit.,$10.50,UNCH,--,NA
BLUWW,Blue Water Acquisition Corp. III Warrant.,$0.2502,-0.0497,-16.572%,NA
BLZR,Trailblazer Acquisition Corp. Class A Ordinary Shares,$10.17,-0.01,-0.098%,NA
BLZRU,Trailblazer Acquisition Corp. Unit,$10.24,-0.03,-0.292%,NA
BLZRW,Trailblazer Acquisition Corp. Warrant,$0.3001,UNCH,--,NA
BML^G,"Bank of America Corporation Depositary Shares (Each representing a 1/1200th interest in a share of Floating Rate Non-Cumulative Preferred Stock , Series 1)",$18.37,-0.06,-0.326%,NA
BML^H,"Bank of America Corporation Depositary Shares (Each representing a 1/1200th interest in a Share of Floating Rate Non-Cumulative Preferred Stock, Series 2)",$18.33,0.05,0.274%,NA
BML^J,"Bank of America Corporation Depositary Shares (Each representing a 1/1200th interest in a Share of Floating Rate Non-Cumulative Preferred Stock, Series 4)",$19.268,0.018,0.094%,NA
BML^L,"Bank of America Corporation Depositary Shares (Each representing a 1/1200th Interest in a Share of Floating Rate Non-Cumulative Preferred Stock, Series 5)",$18.84,-0.1249,-0.659%,NA
BMN,BlackRock 2037 Municipal Target Term Trust Common Shares of Beneficial Interest,$25.54,0.09,0.354%,NA
BNY^K,"The Bank Of New York Mellon Corporation  Depositary Shares, each representing a 1/4,000th interest in a share of Series K Noncumulative Perpetual Preferred Stock",$24.90,-0.07,-0.28%,NA
BOE,Blackrock Enhanced Global Dividend Trust Common Shares of Beneficial Interest,$12.47,0.02,0.161%,NA
BOH^A,"Bank of Hawaii Corporation Depositary Shares Each Representing a 1/40th Interest in a Share of 4.375% Fixed Rate Non-Cumulative Perpetual Preferred Stock, Series A",$15.33,-0.08,-0.519%,NA
BOH^B,"Bank of Hawaii Corporation Depositary Shares, Each Representing a 1/40th Interest in a Share of 8.000% Fixed Rate Non-Cumulative Perpetual Preferred Stock, Series B",$26.14,0.045,0.172%,NA
BOT,"RoboStrategy, Inc. Common Stock",$32.49,0.82,2.589%,NA
BPAC,Blueport Acquisition Ltd Class A Ordinary Shares,$10.17,UNCH,--,NA
BPACR,Blueport Acquisition Ltd Rights,$0.1546,-0.0001,-0.065%,NA
BPRE,Bluerock Private Real Estate Fund Common Shares of Beneficial Interest,$12.04,-0.31,-2.51%,NA
BREZ,Breeze Acquisition Corp. II Ordinary Shares,$9.96,UNCH,--,NA
BREZR,Breeze Acquisition Corp. II Right,$0.235,0.005,2.174%,NA
BRKH,Burtech Acquisition Corp II Class A Ordinary Shares,$9.97,UNCH,--,NA
BRKHU,Burtech Acquisition Corp II Unit,$10.50,UNCH,--,NA
BRKHW,Burtech Acquisition Corp II Warrants,$0.1601,0.0002,0.125%,NA
BRTMU,B&R Technology Merger Corp. Units,$9.97,0.01,0.10%,NA
BRW,Saba Capital Income & Opportunities Fund SBI,$6.55,-0.02,-0.304%,NA
BSAA,BEST SPAC I Acquisition Corp. Class A Ordinary Shares,$11.17,0.015,0.134%,NA
BSAAR,BEST SPAC I Acquisition Corp. Rights,$0.12,-0.005,-4.00%,NA
BSL,Blackstone Senior Floating Rate 2027 Term Fund Common Shares of Beneficial Interest,$13.07,UNCH,--,NA
BTO,John Hancock Financial Opportunities Fund Common Stock,$41.02,-0.32,-0.774%,NA
BTT,BlackRock Municipal 2030 Target Term Trust,$22.57,-0.08,-0.353%,NA
BUI,"BlackRock Utility, Infrastructure & Power Opportunities Trust",$27.01,-0.33,-1.207%,NA
BW^A,"Babcock & Wilcox Enterprises, Inc. 7.75% Series A Cumulative Perpetual Preferred Stock",$22.70,-0.06,-0.264%,NA
BWG,BrandywineGLOBAL Global Income Opportunities Fund Inc.,$7.74,-0.02,-0.258%,NA
BWIV,Blue Water Acquisition Corp. IV Class A Ordinary Shares,$9.94,0.02,0.202%,NA
BXSL,Blackstone Secured Lending Fund Common Shares of Beneficial Interest,$24.21,-0.47,-1.904%,NA
C^N,Citigroup Capital XIII 7.875% Fixed rate Floating Rate trust Preferred Securities (TruPS),$26.46,-0.14,-0.526%,NA
C^R,"Citigroup Inc. Depositary Shares, Each Representing a 1/1,000th Interest in a Share of 6.250% Noncumulative Preferred Stock, Series II",$24.05,-0.23,-0.947%,NA
CAES,"Cantor Equity Partners VII, Inc. Class A Ordinary Shares",$10.07,0.01,0.099%,NA
CAF,Morgan Stanley China A Share Fund Inc. Common Stock,$19.625,0.155,0.796%,NA
CAII,Collective Acquisition Corp. II Class A Ordinary Shares,$9.97,UNCH,--,NA
CAIIU,Collective Acquisition Corp. II Units,$10.05,UNCH,--,NA
CAIIW,Collective Acquisition Corp. II Warrants,$0.2112,UNCH,--,NA
CAPN,Cayson Acquisition Corp Ordinary shares,$11.10,UNCH,--,NA
CAPNR,Cayson Acquisition Corp Right,$0.19,UNCH,--,NA
CAQ,Cambridge Acquisition Corp. Class A Ordinary Shares,$9.99,0.02,0.201%,NA
CAQUW,Cambridge Acquisition Corp. Warrants,$0.3001,UNCH,--,NA
CATLU,Catalyst Acquisition Corp. Units,$9.97,-0.01,-0.10%,NA
CCAQ,Collective Acquisition Corp. Class A Ordinary Shares,$10.52,0.004,0.038%,NA
CCAQU,Collective Acquisition Corp. Units,$10.74,UNCH,--,NA
CCAQW,Collective Acquisition Corp. Warrants,$0.3125,0.0024,0.774%,NA
CCCT,Columbus Circle Capital Corp III Class A Ordinary Shares,$9.85,0.015,0.153%,NA
CCCTU,Columbus Circle Capital Corp III Units,$10.00,0.02,0.20%,NA
CCCTW,Columbus Circle Capital Corp III Warrants,$0.321,-0.019,-5.588%,NA
CCD,Calamos Dynamic Convertible & Income Fund Common Stock,$26.06,-0.13,-0.496%,NA
CCID,Carlyle Credit Income Fund 7.375% Series D Term Preferred Shares due 2028,$25.15,0.0001,0.00%,NA
CCIF,Carlyle Credit Income Fund Shares of Beneficial Interest,$2.89,0.03,1.049%,NA
CCII,Cohen Circle Acquisition Corp. II Class A Ordinary Shares,$10.33,UNCH,--,NA
CCXI,Churchill Capital Corp XI Class A Ordinary Shares,$17.20,0.13,0.762%,NA
CCXIU,Churchill Capital Corp XI Units,$17.91,0.935,5.508%,NA
CCXIW,Churchill Capital Corp XI Warrants,$8.55,0.16,1.907%,NA
CDR^B,"Cedar Realty Trust, Inc. 7.25% Series B Cumulative Redeemable Preferred Stock",$17.3202,-0.5348,-2.995%,NA
CDR^C,"Cedar Realty Trust, Inc. 6.50% Series C Cumulative Redeemable Preferred Stock",$16.19,-0.19,-1.16%,NA
CEE,"The Central and Eastern Europe Fund, Inc. (The) Common Stock",$21.08,-0.38,-1.771%,NA
CEPF,"Cantor Equity Partners IV, Inc. Class A Ordinary Shares",$10.35,-0.07,-0.672%,NA
CEPO,"Cantor Equity Partners I, Inc. Class A Ordinary Shares",$10.67,-0.01,-0.094%,NA
CEPS,"Cantor Equity Partners VI, Inc. Class A Ordinary Shares",$10.40,UNCH,--,NA
CEPV,"Cantor Equity Partners V, Inc. Class A Ordinary Shares",$10.37,UNCH,--,NA
CFG^E,"Citizens Financial Group, Inc. Depositary Shares Each Representing 1/40th Interest in a Share of 5.000% Fixed-Rate Non-Cumulative Perpetual Preferred Stock, Series E",$17.80,-0.13,-0.725%,NA
CFG^H,"Citizens Financial Group, Inc. Depositary Shares Each Representing a 1/40th Interest in a Share of 7.375% Fixed-Rate Non-Cumulative Perpetual Preferred Stock, Series H",$25.83,-0.155,-0.596%,NA
CFG^I,"Citizens Financial Group, Inc. Depositary Shares, Each Representing a 1/40th Interest in a Share of 6.500% Fixed-Rate Reset Non-Cumulative Perpetual Preferred Stock, Series I",$24.75,-0.04,-0.161%,NA
CFND,C1 Fund Inc. Common Stock,$2.71,0.01,0.37%,NA
CFR^B,"Cullen/Frost Bankers, Inc. Depositary Shares, each representing a 1/40th ownership interest in a share of 4.450% non-cumulative perpetual preferred stock, Series B",$16.60,-0.08,-0.48%,NA
CFTR^A,"Cantor Fitzgerald Income Trust, Inc. 9.50% Series A Cumulative Redeemable Preferred Stock",$25.34,-0.16,-0.627%,NA
CGCF,Cartesian Growth Corporation IV Class A Ordinary Shares,$9.97,0.02,0.201%,NA
CGCFU,Cartesian Growth Corporation IV Unit,$10.00,0.02,0.20%,NA
CGCFW,Cartesian Growth Corporation IV Warrants,$0.30,UNCH,--,NA
CGO,Calamos Global Total Return Fund Common Stock,$13.28,-0.09,-0.673%,NA
CHAR,Charlton Aria Acquisition Corporation Class A Ordinary Shares,$10.93,UNCH,--,NA
CHARR,Charlton Aria Acquisition Corporation Rights,$0.09,UNCH,--,NA
CHARU,Charlton Aria Acquisition Corporation Units,$10.80,UNCH,--,NA
CHEC,Chenghe Acquisition III Co. Class A Ordinary Share,$10.24,0.01,0.098%,NA
CHECU,Chenghe Acquisition III Co. Units,$10.25,UNCH,--,NA
CHECW,Chenghe Acquisition III Co. Warrants,$0.15,-0.0234,-13.495%,NA
CHI,Calamos Convertible Opportunities and Income Fund Common Stock,$13.26,-0.04,-0.301%,NA
CHMI^A,Cherry Hill Mortgage Investment Corporation 8.20% Series A Cumulative Redeemable Preferred Stock,$22.00,-0.0999,-0.452%,NA
CHMI^B,Cherry Hill Mortgage Investment Corporation 8.250% Series B Fixed-to-Floating Rate Cumulative Redeemable Preferred Stock,$24.39,-0.16,-0.652%,NA
CHPG,ChampionsGate Acquisition Corporation Class A Ordinary Share,$10.45,UNCH,--,NA
CHPGR,ChampionsGate Acquisition Corporation Rights,$0.12,-0.0001,-0.083%,NA
CHW,Calamos Global Dynamic Income Fund Common Stock,$8.69,0.02,0.231%,NA
CHY,Calamos Convertible and High Income Fund Common Stock,$13.44,-0.07,-0.518%,NA
CICB,CION Investment Corporation 7.50% Notes due 2029,$24.94,0.055,0.221%,NA
CICC,CION Investment Corporation 7.50% Notes due 2031,$25.00,0.17,0.685%,NA
CIK,"Credit Suisse Asset Management Income Fund, Inc. Common Stock",$2.42,-0.02,-0.82%,NA
CIM^A,Chimera Investment Corporation 8.00% Series A Cumulative Redeemable Preferred Stock,$21.95,-0.05,-0.227%,NA
CIM^B,Chimera Investment Corporation 8.00% Series B Fixed-to-Floating Rate Cumulative Redeemable Preferred Stock,$24.37,-0.03,-0.123%,NA
CIM^C,Chimera Investment Corporation 7.75% Series C Fixed-to-Floating Rate  Cumulative Redeemable  Preferred Stock,$23.215,-0.079,-0.339%,NA
CIM^D,Chimera Investment Corporation 8.00% Series D Fixed-to-Floating Rate Cumulative Redeemable Preferred Stock,$24.4138,0.1038,0.427%,NA
CIMO,Chimera Investment Corporation 9.250% Senior Notes due 2029,$25.181,-0.009,-0.036%,NA
CIMP,Chimera Investment Corporation 8.875% Senior Notes due 2030,$25.23,-0.005,-0.02%,NA
CLBR,Colombier Acquisition Corp. III Class A Ordinary Shares,$10.24,UNCH,--,NA
CLDT^A,Chatham Lodging Trust (REIT) 6.625% Series A Cumulative Redeemable Preferred Shares of Beneficial Interest,$20.07,UNCH,--,NA
CLM,"Cornerstone Strategic Investment Fund, Inc. Common Shares",$6.94,-0.41,-5.578%,NA
CMII,Columbus Circle Capital Corp II Class A Ordinary Shares,$10.02,UNCH,--,NA
CMIIW,Columbus Circle Capital Corp II Warrant,$0.825,UNCH,--,NA
CMRE^B,Costamare Inc. Perpetual Preferred Stock Series B (Marshall Islands),$25.80,-0.05,-0.193%,NA
CMRE^C,Costamare Inc. Perpetual Preferred Series C (Marshall Islands),$26.575,-0.105,-0.394%,NA
CMRE^D,Costamare Inc. 8.75% Series D Cumulative Redeemable Perpetual Preferred Stock,$27.20,-0.05,-0.183%,NA
CMS^B,CMS Energy Corporation Preferred Stock,$75.53,UNCH,--,NA
CMS^C,"CMS Energy Corporation Depositary Shares, each representing a 1/1,000th interest in a share of 4.200% Cumulative Redeemable Perpetual Preferred Stock, Series C",$16.24,-0.17,-1.036%,NA
CNO^A,"CNO Financial Group, Inc. 5.125% Subordinated Debentures due 2060",$16.53,-0.025,-0.151%,NA
CODI^A,Compass Diversified Holdings 7.250% Series A Preferred Shares representing beneficial interest in Compass Diversified Holdings,$19.69,UNCH,--,NA
CODI^B,Compass Diversified Holdings 7.875% Series B Fixed-to-Floating Rate Cumulative Preferred Shares representing beneficial interests in Compass Diversified Holdings,$22.01,-0.02,-0.091%,NA
CODI^C,Compass Diversified Holdings 7.875% Series C Cumulative Preferred Shares,$21.92,-0.025,-0.114%,NA
COF^I,"Capital One Financial Corporation Depositary shares each representing a 1/40th interest in a share of Fixed Rate Non-Cumulative Perpetual Preferred Stock, Series I of the Issuer",$17.64,-0.29,-1.617%,NA
COF^J,"Capital One Financial Corporation Depositary Shares, Each Representing a 1/40th Interest in a Share of Fixed Rate Non- Cumulative Perpetual Preferred Stock, Series J",$16.88,-0.31,-1.803%,NA
COF^K,"Capital One Financial Corporation Depositary Shares, Each Representing a 1/40th Ownership Interest in a Share of Fixed Rate Non-Cumulative Perpetual Preferred Stock, Series K",$16.29,-0.31,-1.867%,NA
COF^L,"Capital One Financial Corporation Depositary Shares, Each Representing a 1/40th Interest in a Share of Fixed Rate Non-Cumulative Perpetual Preferred Stock, Series L",$15.48,-0.32,-2.025%,NA
COF^N,"Capital One Financial Corporation Depositary Shares, Each Representing a 1/40th Ownership Interest in a Share of Fixed Rate Non-Cumulative Perpetual Preferred Stock, Series N",$15.12,-0.29,-1.882%,NA
COLA,Columbus Acquisition Corp Ordinary Shares,$10.72,UNCH,--,NA
COLAR,Columbus Acquisition Corp Rights,$0.3751,-0.0549,-12.767%,NA
COPL,Copley Acquisition Corp Ordinary Shares,$10.50,-0.0011,-0.01%,NA
CRAC,Crown Reserve Acquisition Corp. I Class A Ordinary Shares,$10.19,-0.01,-0.098%,NA
CRACR,Crown Reserve Acquisition Corp. I Rights,$0.1269,0.0068,5.662%,NA
CRACW,Crown Reserve Acquisition Corp. I Warrant,$0.04,UNCH,--,NA
CRAN,Crane Harbor Acquisition Corp. II Class A Ordinary Shares,$10.14,UNCH,--,NA
CRANR,Crane Harbor Acquisition Corp. II Rights,$0.2299,UNCH,--,NA
CRAQ,Cal Redwood Acquisition Corp. Class A Ordinary Shares,$10.35,UNCH,--,NA
CRAQR,Cal Redwood Acquisition Corp. Right,$0.21,UNCH,--,NA
CRBD,Corebridge Financial Inc. 6.375% Junior Subordinated Notes due 2064,$22.085,-0.105,-0.473%,NA
CRD/A,Crawford & Company,$13.33,0.04,0.301%,NA
CRD/B,Crawford & Company,$12.66,0.19,1.524%,NA
CRF,"Cornerstone Total Return Fund, Inc. (The) Common Stock",$6.66,-0.38,-5.398%,NA
CTA^A,"EIDP, Inc. Preferred Stock $3.50 Series",$53.0001,-0.0999,-0.188%,NA
CTA^B,"EIDP, Inc. Preferred Stock $4.50 Series",$65.1575,-0.1625,-0.249%,NA
CTAA,ClearThink 1 Acquisition Corp. Class A Ordinary Shares,$9.91,UNCH,--,NA
CTAAR,ClearThink 1 Acquisition Corp. Rights,$0.2101,UNCH,--,NA
CTAAU,ClearThink 1 Acquisition Corp. Units,$10.1001,UNCH,--,NA
CTGG,Qwest Corporation 6.500% Senior Notes due 2051 (denominations of $25),$16.20,0.07,0.434%,NA
CTHH,Qwest Corporation 6.750% Senior Notes due 2052 (denominations of $25),$16.85,0.03,0.178%,NA
CTO^A,"CTO Realty Growth, Inc. 6.375% Series A Cumulative Redeemable Preferred Stock",$21.74,0.1799,0.834%,NA
CUBWW,Lionheart Holdings Warrant,$0.611,0.021,3.559%,NA
CXII,Churchill Capital Corp XII Class A Ordinary Shares,$10.76,0.005,0.046%,NA
CXIIU,Churchill Capital Corp XII Units,$11.15,UNCH,--,NA
CXIIW,Churchill Capital Corp XII Warrants,$1.93,-0.07,-3.50%,NA
DAAQ,Digital Asset Acquisition Corp. Class A Ordinary shares,$10.415,-0.005,-0.048%,NA
DAAQU,Digital Asset Acquisition Corp. Units,$10.65,UNCH,--,NA
DAAQW,Digital Asset Acquisition Corp. Warrant,$0.1452,-0.0148,-9.25%,NA
DBCA,D. Boral Acquisition I Corp. Class A Ordinary Shares,$9.99,-0.04,-0.399%,NA
DBCAU,D. Boral Acquisition I Corp. Unit,$10.20,-0.41,-3.864%,NA
DBCAW,D. Boral Acquisition I Corp. Warrants,$0.415,UNCH,--,NA
DBL,DoubleLine Opportunistic Credit Fund Common Shares of Beneficial Interest,$14.20,0.01,0.07%,NA
DBRG^H,"DigitalBridge Group, Inc. 7.125% Series H ",$15.10,0.0499,0.332%,NA
DBRG^I,"DigitalBridge Group, Inc. 7.15% Series I ",$15.03,-0.09,-0.595%,NA
DBRG^J,"DigitalBridge Group, Inc. 7.125% Series J ",$15.39,-0.01,-0.065%,NA
DCOM^,"Dime Commercial Bancshares, Inc. Preferred Stock, Series A",$17.35,-0.025,-0.144%,NA
DFP,Flaherty & Crumrine Dynamic Preferred and Income Fund Inc. Common Stock,$20.85,-0.03,-0.144%,NA
DGAC,Disciplined Growth Acquisition Corporation Class A Ordinary Shares,$9.95,-0.01,-0.10%,NA
DHF,BNY Mellon High Yield Strategies Fund Common Stock,$2.39,UNCH,--,NA
DHY,Credit Suisse High Yield Credit Fund Common Stock,$1.74,0.01,0.578%,NA
DLNG^A,Dynagas LNG Partners LP 9.00% Series A Cumulative Redeemable Preferred Units,$26.16,0.10,0.384%,NA
DLR^J,"Digital Realty Trust, Inc. 5.250% Series J Cumulative Redeemable Preferred Stock",$19.59,-0.02,-0.102%,NA
DLR^K,"Digital Realty Trust, Inc. 5.850% Series K Cumulative Redeemable Preferred Stock, par value $0.01 per share",$21.7902,-0.1498,-0.683%,NA
DLR^L,"Digital Realty Trust, Inc. 5.200% Series L Cumulative Redeemable Preferred Stock",$19.38,-0.0983,-0.505%,NA
DMA,Destra Multi-Alternative Fund Common Stock,$7.57,-0.07,-0.916%,NA
DMAA,Drugs Made In America Acquisition Corp. Ordinary Shares,$10.72,0.01,0.093%,NA
DMAAR,Drugs Made In America Acquisition Corp. Rights,$0.1569,-0.0014,-0.884%,NA
DMB,"BNY Mellon Municipal Bond Infrastructure Fund, Inc. Common Stock",$10.69,-0.05,-0.466%,NA
DMII,Drugs Made In America Acquisition II Corp. Ordinary Shares,$10.13,UNCH,--,NA
DMIIR,Drugs Made In America Acquisition II Corp. Right,$0.0998,0.0198,24.75%,NA
DMIIU,Drugs Made In America Acquisition II Corp. Unit,$10.1999,0.0299,0.294%,NA
DMO,Western Asset Mortgage Opportunity Fund Inc. Common Stock,$10.48,-0.01,-0.095%,NA
DNMX,Dynamix Corporation III Class A Ordinary Shares,$10.04,UNCH,--,NA
DNMXW,Dynamix Corporation III Warrants,$0.2389,-0.0011,-0.458%,NA
DNP,"DNP Select Income Fund, Inc. Common Stock",$10.94,-0.04,-0.364%,NA
DPG,Duff & Phelps Utility and Infrastructure Fund Inc.,$14.79,0.04,0.271%,NA
DRDB,Roman DBDR Acquisition Corp. II Ordinary shares,$10.65,UNCH,--,NA
DRDBU,Roman DBDR Acquisition Corp. II Unit,$10.63,UNCH,--,NA
DRDBW,Roman DBDR Acquisition Corp. II Warrants,$0.1899,UNCH,--,NA
DSAC,Daedalus Special Acquisition Corp. Class A Ordinary Shares,$10.17,UNCH,--,NA
DSACW,Daedalus Special Acquisition Corp. Warrant,$0.60,UNCH,--,NA
DSM,"BNY Mellon Strategic Municipal Bond Fund, Inc. Common Stock",$5.85,-0.01,-0.171%,NA
DSU,"Blackrock Debt Strategies Fund, Inc. Common Stock",$9.41,-0.04,-0.423%,NA
DSX^B,Diana Shipping Inc. Perpetual Preferred Shares Series B (Marshall Islands),$27.73,0.18,0.653%,NA
DTK,DTE Energy Company 2025 Series H 6.25% Junior Subordinated Debentures due 2085,$23.24,-0.13,-0.556%,NA
DTSQ,DT Cloud Star Acquisition Corporation Ordinary Shares,$11.26,UNCH,--,NA
DTSQU,DT Cloud Star Acquisition Corporation Units,$11.49,UNCH,--,NA
DUK^A,"Duke Energy Corporation Depositary Shares, each representing a 1/1,000th interest in a share of 5.75% Series A Cumulative Redeemable Perpetual Preferred Stock",$24.115,-0.105,-0.434%,NA
DUKU,Duke Energy Corporation,$50.63,50.63,--,NA
DX^C,"Dynex Capital, Inc. 6.900% Series C Fixed-to-Floating Rate Cumulative Redeemable Preferred Stock",$25.82,-0.03,-0.116%,NA
DXYZ,Destiny Tech100 Inc. Common Stock,$34.00,2.00,6.25%,NA
DYNC,Dynamix Corporation Class A Ordinary Shares,$10.87,0.01,0.092%,NA
DYNCU,Dynamix Corporation Unit,$10.8501,UNCH,--,NA
DYNCW,Dynamix Corporation Warrant,$0.16,-0.02,-11.111%,NA
DYOR,Insight Digital Partners II Class A Ordinary Shares,$10.10,UNCH,--,NA
DYORU,Insight Digital Partners II Units,$10.15,UNCH,--,NA
DYORW,Insight Digital Partners II Warrants,$0.2005,UNCH,--,NA
EAD,Allspring Income Opportunities Fund Common Shares,$6.39,0.01,0.157%,NA
ECC^D,Eagle Point Credit Company 6.75% Series D Preferred Stock,$18.52,UNCH,--,NA
ECCU,Eagle Point Credit Company 7.75% Notes due 2030,$25.3799,0.1599,0.634%,NA
ECF,Ellsworth Growth and Income Fund Ltd.,$12.99,0.01,0.077%,NA
ECF^A,Ellsworth Growth and Income Fund Ltd. 5.25% Series A Cumulative Preferred Shares (Liquidation Preference $25.00 per share),$20.22,-0.02,-0.099%,NA
EDD,"Morgan Stanley Emerging Markets Domestic Debt Fund, Inc. Common Stock",$5.89,0.12,2.08%,NA
EDF,Virtus Stone Harbor Emerging Markets Income Fund Common Shares of Beneficial Interest,$5.19,-0.02,-0.384%,NA
EEA,"The European Equity Fund, Inc. Common Stock",$11.21,-0.04,-0.356%,NA
EFC^B,Ellington Financial Inc. 6.250% Series B Fixed-Rate Reset Cumulative Redeemable Preferred Stock,$24.8001,0.0401,0.162%,NA
EFC^C,Ellington Financial Inc. 8.625% Series C Fixed-Rate Reset Cumulative Redeemable Preferred Stock,$25.31,-0.09,-0.354%,NA
EFC^D,Ellington Financial Inc. 7.00% Series D Cumulative Perpetual Redeemable Preferred Stock,$23.2117,0.6547,2.902%,NA
EFR,Eaton Vance Senior Floating-Rate Fund Common Shares of Beneficial Interest,$10.65,-0.08,-0.746%,NA
EHI,Western Asset Global High Income Fund Inc Common Stock,$5.84,-0.01,-0.171%,NA
EIIA,Eagle Point Institutional Income Fund 8.125% Series A Term Preferred Shares Due 2029,$25.40,0.13,0.514%,NA
EIM,"Eaton Vance Municipal Bond Fund Common Shares of Beneficial Interest, $.01 par value",$9.63,-0.10,-1.028%,NA
ELLA,Ellington Credit Company 8.50% Notes due 2031,$25.25,UNCH,--,NA
EMD,Western Asset Emerging Markets Debt Fund Inc Common Stock,$10.57,0.12,1.148%,NA
EMF,Templeton Emerging Markets Fund Common Stock,$22.52,0.285,1.282%,NA
EMIS,Emmis Acquisition Corp. Class A Ordinary Shares,$10.21,-0.01,-0.098%,NA
EMO,ClearBridge Energy Midstream Opportunity Fund Inc. Common Stock,$53.88,0.52,0.975%,NA
EOD,Allspring Global Dividend Opportunity Fund Common Shares of Beneficial Interest,$6.73,0.01,0.149%,NA
EOI,Eaton Vance Enhance Equity Income Fund Eaton Vance Enhanced Equity Income Fund Shares of Beneficial Interest,$20.17,0.07,0.348%,NA
EOS,Eaton Vance Enhance Equity Income Fund II Common Stock,$21.99,0.03,0.137%,NA
EP^C,El Paso Corporation Preferred Stock,$50.645,0.285,0.566%,NA
EPR^C,EPR Properties 5.75% Series C Cumulative Convertible Preferred Shares,$26.94,-0.46,-1.679%,NA
EPR^E,EPR Properties Series E Cumulative Conv Pfd Shs Ser E,$32.31,-0.59,-1.793%,NA
EPR^G,EPR Properties 5.750% Series G Cumulative Redeemable Preferred Shares,$21.08,-0.06,-0.284%,NA
EQH^A,"Equitable Holdings, Inc. Depositary Shares",$18.64,-0.04,-0.214%,NA
EQH^C,"Equitable Holdings, Inc. Depositary Shares, each representing a 1/1,000th interest in a share of Fixed Rate Noncumulative Perpetual Preferred Stock, Series C",$15.97,-0.09,-0.56%,NA
ERC,Allspring Multi-Sector Income Fund Common Stock,$9.21,-0.05,-0.54%,NA
ERH,Allspring Utilities and High Income Fund Common Shares,$11.59,-0.05,-0.43%,NA
ET^I,Energy Transfer L.P. Series I Fixed Rate Perpetual Preferred Units,$11.49,-0.0233,-0.202%,NA
ETG,Eaton Vance Tax-Advantaged Global Dividend Income Fund Common Shares of Beneficial Interest,$24.28,-0.15,-0.614%,NA
ETI^,"Entergy Texas Inc 5.375% Series A Preferred Stock, Cumulative, No Par Value",$23.525,0.1258,0.538%,NA
ETJ,Eaton Vance Risk-Managed Diversified Equity Income Fund Common Shares of Beneficial Interest,$8.47,0.02,0.237%,NA
ETSS,Energy Transition Special Opportunities Class A Ordinary Shares,$9.87,UNCH,--,NA
ETY,"Eaton Vance Tax-Managed Diversified Equity Income Fund Common Shares of Beneficial Interest,",$14.61,-0.01,-0.068%,NA
EURK,Eureka Acquisition Corp Class A Ordinary Share,$11.98,UNCH,--,NA
EURKR,Eureka Acquisition Corp Right,$0.29,UNCH,--,NA
EVAC,EQV Ventures Acquisition Corp. II Class A Ordinary Shares,$10.265,0.005,0.049%,NA
EVG,Eaton Vance Short Diversified Income Fund Eaton Vance Short Duration Diversified Income Fund Common Shares of Beneficial Interest,$10.71,UNCH,--,NA
EVOX,Evolution Global Acquisition Corp Class A Ordinary Shares,$10.09,0.01,0.099%,NA
EVOXU,Evolution Global Acquisition Corp Units,$10.26,-0.03,-0.292%,NA
EVOXW,Evolution Global Acquisition Corp Warrants,$0.3798,UNCH,--,NA
EVT,Eaton Vance Tax Advantaged Dividend Income Fund Common Shares of Beneficial Interest,$29.42,0.01,0.034%,NA
EVV,Eaton Vance Limited Duration Income Fund Common Shares of Beneficial Interest,$9.13,-0.02,-0.219%,NA
EWAV,East West Ave Acquisition Corp. Common Stock,$9.83,-0.01,-0.102%,NA
EWAVR,East West Ave Acquisition Corp. Rights,$0.16,-0.01,-5.882%,NA
EWAVU,East West Ave Acquisition Corp. Units,$9.975,0.005,0.05%,NA
EXG,Eaton Vance Tax-Managed Global Diversified Equity Income Fund Common Shares of Beneficial Interest,$10.00,0.02,0.20%,NA
F^B,"Ford Motor Company 6.20% Notes due June 1, 2059",$19.85,-0.41,-2.024%,NA
F^C,"Ford Motor Company 6% Notes due December 1, 2059",$19.37,-0.38,-1.924%,NA
F^D,"Ford Motor Company 6.500% Notes due August 15, 2062",$20.77,-0.10,-0.479%,NA
FACT,FACT II Acquisition Corp. Class A Ordinary Shares,$10.67,UNCH,--,NA
FACTW,FACT II Acquisition Corp. Warrant,$0.23,0.02,9.524%,NA
FAX,"abrdn Asia-Pacific Income Fund, Inc. Common Stock",$14.61,0.11,0.759%,NA
FBRT^E,"Franklin BSP Realty Trust, Inc. 7.50% Series E Cumulative Redeemable Preferred Stock",$19.34,-0.0226,-0.117%,NA
FCRS,FutureCrest Acquisition Corp. Class A Ordinary Shares,$10.23,UNCH,--,NA
FDMM,Freedom Metals Acquisition Corp. Class A Ordinary Shares,$9.80,UNCH,--,NA
FDMMU,Freedom Metals Acquisition Corp. Units,$9.94,UNCH,--,NA
FDMMW,Freedom Metals Acquisition Corp. Warrants,$0.40,0.01,2.564%,NA
FERA,Fifth Era Acquisition Corp I Class A Ordinary Shares,$10.47,UNCH,--,NA
FERAR,Fifth Era Acquisition Corp I Rights,$0.32,-0.0022,-0.683%,NA
FFA,First Trust Enhanced Equity Income Fund Common Shares of Beneficial Interest,$23.54,-0.07,-0.296%,NA
FFC,Flaherty & Crumrine Preferred and Income Securities Fund Incorporated,$16.22,UNCH,--,NA
FGII,FG Imperii Acquisition Corp. Class A Ordinary Shares,$9.985,-0.005,-0.05%,NA
FGIIU,FG Imperii Acquisition Corp. Units,$10.05,UNCH,--,NA
FGIIW,FG Imperii Acquisition Corp. Warrants,$0.2151,UNCH,--,NA
FGSN,"F&G Annuities & Life, Inc. 7.300% Junior Subordinated Notes due 2065",$20.91,0.03,0.144%,NA
FHN^E,"First Horizon Corporation Depositary Shares, each representing a 1/4,000th interest in a share of Non-Cumulative Perpetual Preferred Stock, Series E",$23.44,-0.055,-0.234%,NA
FHN^F,"First Horizon Corporation Depositary Shares, each representing 1/4000th Interest in a Share of Non-Cumulative Perpetual Preferred Stock, Series F",$17.57,-0.05,-0.284%,NA
FHN^H,"First Horizon Corporation Depositary Shares each representing a 1/4,000th interest in a share of Non-Cumulative Perpetual Preferred Stock, Series H",$24.44,-0.06,-0.245%,NA
FIGX,FIGX Capital Acquisition Corp. Class A Ordinary Share,$10.30,0.01,0.097%,NA
FIGXU,FIGX Capital Acquisition Corp. Units,$10.3501,-0.2144,-2.029%,NA
FIGXW,FIGX Capital Acquisition Corp. Warrant,$0.1911,-0.0216,-10.155%,NA
FITB^A,"Fifth Third Bancorp Depositary Shares each representing 1/40th share of Fifth Third 6.00% Non-Cumulative Perpetual Class B Preferred Stock, Series A",$22.2816,-0.2684,-1.19%,NA
FITB^I,Fifth Third Bancorp Depositary Share repstg 1/1000th Ownership Interest Perp Pfd Series I,$25.56,-0.0405,-0.158%,NA
FITB^K,"Fifth Third Bancorp Depositary Shares each representing a 1/1000th ownership interest in a share of Non-Cumulative Perpetual Preferred Stock, Series K",$17.86,-0.115,-0.64%,NA
FITB^M,"Fifth Third Bancorp Depositary Shares Representing a 1/40th Ownership Interest in a Share of 6.875% Fixed-Rate Reset Non-Cumulative Perpetual Preferred Stock, Series M",$25.475,-0.225,-0.875%,NA
FJDIU,ARC Group Securities Acquisition I Units,$9.95,-0.01,-0.10%,NA
FLC,Flaherty & Crumrine Total Return Fund Inc Common Stock,$16.80,-0.01,-0.059%,NA
FLG^A,"Flagstar Bank, N.A. Depositary shares, each representing a 1/40th interest in a share of Fixed-to-Floating Rate Series A Noncumulative Perpetual Preferred Stock",$23.93,0.03,0.126%,NA
FLG^U,"Flagstar Bank, N.A. Bifurcated Option Note Unit SecuritiES",$39.78,-1.34,-3.259%,NA
FMAC,Future Money Acquisition Corporation Ordinary Shares,$10.02,UNCH,--,NA
FMACR,Future Money Acquisition Corporation Rights,$0.18,-0.0094,-4.963%,NA
FMY,First Trust Mortgage Income Fund Common Shares of Beneficial Interest,$11.70,0.01,0.086%,NA
FOUR^A,"Shift4 Payments, Inc. 6.00% Series A Mandatory Convertible Preferred Stock",$57.84,-1.19,-2.016%,NA
FPF,First Trust Intermediate Duration Preferred & Income Fund Common Shares of Beneficial Interest,$17.85,-0.01,-0.056%,NA
FRT^C,"Federal Realty Investment Trust Depositary Shares, each representing a 1/1000th interest in a 5.000% Series C Cumulative Redeemable Preferred Share",$19.14,-0.05,-0.261%,NA
FSHP,Flag Ship Acquisition Corp. Ordinary Shares,$11.23,0.045,0.402%,NA
FSHPR,Flag Ship Acquisition Corp. Right,$0.07,0.0023,3.397%,NA
FSSL,FS Specialty Lending Fund Common Shares of Beneficial Interest,$11.55,-0.02,-0.173%,NA
FTHA,Forefront Tech Holdings Acquisition Corp Class A Ordinary Shares,$9.93,-0.02,-0.201%,NA
FTHAU,Forefront Tech Holdings Acquisition Corp Unit,$10.12,UNCH,--,NA
FTHAW,Forefront Tech Holdings Acquisition Corp Warrant,$0.2448,0.0148,6.435%,NA
FTRA,FutureCorp Space Acquisition 1 Class A Ordinary Shares,$9.86,UNCH,--,NA
FVAV,Fortress Value Acquisition Corp. V Class A Ordinary Shares,$10.19,0.04,0.394%,NA
FVN,Future Vision II Acquisition Corporation Ordinary shares,$11.70,0.10,0.862%,NA
FVNNR,Future Vision II Acquisition Corporation Right,$0.19,UNCH,--,NA
FWAC,Futurewave Acquisition Corporation Ordinary Shares,$9.89,-0.01,-0.101%,NA
FWACR,Futurewave Acquisition Corporation Rights,$0.1799,0.0199,12.438%,NA
FWACU,Futurewave Acquisition Corporation Units,$10.145,UNCH,--,NA
FWACW,Futurewave Acquisition Corporation Warrants,$0.05,0.005,11.111%,NA
FXAC,FortuneX Acquisition Corporation Ordinary shares,$10.05,UNCH,--,NA
FXACU,FortuneX Acquisition Corporation Units,$10.1385,0.0385,0.381%,NA
GAB^G,"Gabelli Equity Trust, Inc. (The) Series G Cumulative Preferred Stock",$19.20,UNCH,--,NA
GAB^H,"Gabelli Equity Trust, Inc. (The) Pfd Ser H",$19.17,-0.0299,-0.156%,NA
GAB^K,"Gabelli Equity Trust, Inc. (The) 5.00% Series K Cumulative Preferred Stock",$19.30,0.02,0.104%,NA
GAING,Gladstone Investment Corporation 7.125% Notes due 2031,$25.2499,0.0049,0.019%,NA
GAINI,Gladstone Investment Corporation 7.875% Notes due 2030,$25.4878,-0.0372,-0.146%,NA
GAM^B,"General American Investors Company, Inc. Cumulative Preferred Stock",$24.775,0.035,0.141%,NA
GCGR,General Catalyst Global Resilience Merger Corp. Class A Ordinary Shares,$10.18,0.08,0.792%,NA
GCGRU,General Catalyst Global Resilience Merger Corp. Units,$10.30,UNCH,--,NA
GCGRW,General Catalyst Global Resilience Merger Corp. Warrants,$0.73,-0.12,-14.118%,NA
GDL,"GDL Fund, The Common Shares of Beneficial Interest",$8.42,0.017,0.202%,NA
GDO,Western Asset Global Corporate Opportunity Fund Inc. Common Stock,$10.28,-0.01,-0.097%,NA
GDV^H,The Gabelli Dividend & Income Trust 5.375% Series H Cumulative Preferred Shares,$21.14,-0.01,-0.047%,NA
GDV^K,The Gabelli Dividend & Income Trust 4.250% Series K Cumulative Preferred Shares,$16.99,UNCH,--,NA
GECCG,Great Elm Capital Corp. 7.75% Notes Due 2030,$24.98,0.01,0.04%,NA
GECCH,Great Elm Capital Corp. 8.125% Notes Due 2029,$25.0501,-0.1499,-0.595%,NA
GECCI,Great Elm Capital Corp. 8.50% NOTES DUE 2029,$25.3203,UNCH,--,NA
GF,"New Germany Fund, Inc. (The) Common Stock",$11.62,-0.0038,-0.033%,NA
GGN,"GAMCO Global Gold, Natural Resources & Income Trust",$5.40,0.08,1.504%,NA
GGN^B,"GAMCO Global Gold, Natural Reources & Income Trust 5.00% Series B Cumulative 25.00 Liquidation Preference",$19.095,-0.0249,-0.13%,NA
GGT^E,Gabelli Multi-Media Trust Inc. (The) 5.125% Series E Cumulative Preferred Stock,$19.95,-0.05,-0.25%,NA
GGT^G,Gabelli Multi-Media Trust Inc. (The) 5.125% Series G Cumulative Preferred Shares,$19.95,-0.01,-0.05%,NA
GHXI,"Gores Holdings XI, Inc. Class A Ordinary Shares",$10.05,-0.03,-0.298%,NA
GHXIU,"Gores Holdings XI, Inc. Units",$10.19,UNCH,--,NA
GHXIW,"Gores Holdings XI, Inc. Warrant",$0.75,-0.0305,-3.908%,NA
GHY,"PGIM Global High Yield Fund, Inc.",$11.69,0.01,0.086%,NA
GIW,GigCapital8 Corp. Class A Ordinary Shares,$10.14,UNCH,--,NA
GIWWR,GigCapital8 Corp. Rights,$0.2805,UNCH,--,NA
GIX,GigCapital9 Corp. Class A Ordinary Share,$9.97,UNCH,--,NA
GIXXR,GigCapital9 Corp. Rights,$0.29,0.01,3.571%,NA
GJH,Synthetic Fixed-Income Securities Inc 6.375% (STRATS) Cl A-1,$9.4211,UNCH,--,NA
GJO,"Synthetic Fixed-Income Securities, Inc. on behalf of STRATS(SM) Trust for Wal-Mart Stores, Inc. Securities, Series 2004-5",$24.90,UNCH,--,NA
GJP,"Synthetic Fixed-Income Securities, Inc. on behalf of STRATS (SM) Trust for Dominion Resources, Inc. Securities, Series 2005-6, Floating Rate Structured Repackaged Asset-Backed Trust Securities (STRATS) Certificates",$24.72,UNCH,--,NA
GJR,"Synthetic Fixed-Income Securities, Inc. STRATS Trust for Procter&Gamble Securities, Series 2006-1",$24.7201,UNCH,--,NA
GL^D,Globe Life Inc. 4.25% Junior Subordinated Debentures due 2061,$15.1751,-0.0849,-0.556%,NA
GLED,GalaxyEdge Acquisition Corporation Ordinary Shares,$9.96,0.01,0.101%,NA
GLO,Clough Global Opportunities Fund Common Stock,$6.03,0.01,0.166%,NA
GLOP^A,GasLog Partners LP 8.625% Series A Cumulative Redeemable Perpetual Fixed to Floating Rate Preference Units,$25.49,0.07,0.275%,NA
GLOP^B,GasLog Partners LP 8.200% Series B Cumulative Redeemable Perpetual Fixed to Floating Rate Preference Units,$26.0374,0.0326,0.125%,NA
GLOP^C,GasLog Partners LP 8.500% Series C Cumulative Redeemable Perpetual Fixed to Floating Rate Preference Units,$25.62,-0.13,-0.505%,NA
GLQ,Clough Global Equity Fund Clough Global Equity Fund Common Shares of Beneficial Interest,$8.37,0.02,0.24%,NA
GLU^A,The Gabelli Global Utility and Income Trust Series A Cumulative Puttable and Callable Preferred Shares,$66.50,UNCH,--,NA
GLU^B,The Gabelli Global Utility and Income Trust Series B Cumulative Puttable and Callable Preferred Shares,$50.3101,UNCH,--,NA
GNL^A,"Global Net Lease, Inc. 7.25% Series A Cumulative Redeemable Preferred Stock, $0.01 par value per share",$23.07,-0.08,-0.346%,NA
GNL^B,"Global Net Lease, Inc. 6.875% Series B Cumulative Redeemable Perpetual Preferred Stock",$22.06,-0.0013,-0.006%,NA
GNL^D,"Global Net Lease, Inc. 7.50% Series D Cumulative Redeemable Perpetual Preferred Stock",$23.635,-0.065,-0.274%,NA
GNL^E,"Global Net Lease, Inc. 7.375% Series E Cumulative Redeemable Perpetual Preferred Stock",$23.085,-0.19,-0.816%,NA
GNT^A,"GAMCO Natural Resources, Gold & Income Tust  5.20% Series A Cumulative Preferred Shares (Liquidation Preference $25.00 per share)",$19.87,-0.08,-0.401%,NA
GOF,Guggenheim Strategic Opportunities Fund Common Shares of Beneficial Interest,$10.30,-0.16,-1.53%,NA
GPAC,General Purpose Acquisition Corp. Class A Ordinary Shares,$10.04,0.02,0.20%,NA
GPACU,General Purpose Acquisition Corp. Units,$10.13,UNCH,--,NA
GPACW,General Purpose Acquisition Corp. Warrant,$0.2399,-0.0142,-5.588%,NA
GPAT,GP-Act III Acquisition Corp. Class A Ordinary Share,$11.16,UNCH,--,NA
GPATW,GP-Act III Acquisition Corp. Warrants,$0.215,0.0207,10.654%,NA
GPMT^A,Granite Point Mortgage Trust Inc. 7.00% Series A Fixed-to-Floating Rate Cumulative Redeemable Preferred Stock,$17.08,-0.26,-1.499%,NA
GPUS^D,"Hyperscale Data, Inc. 13.00% Series D Cumulative Redeemable Perpetual Preferred Stock",$20.44,-0.8361,-3.93%,NA
GRBK^A,"Green Brick Partners, Inc. Depositary Shares (each representing a 1/1000th fractional interest in a share of 5.75% Series A Cumulative Perpetual Preferred Stock)",$22.35,-0.45,-1.974%,NA
GRF,"Eagle Capital Growth Fund, Inc. Common Stock",$10.30,-0.15,-1.435%,NA
GS^A,"Goldman Sachs Group, Inc. (The) Depositary Shares each representing 1/1000th Interest in a Share of Floating Rate Non-Cumulative Preferred Stock Series A",$19.05,-0.02,-0.105%,NA
GS^C,"Goldman Sachs Group, Inc. (The) Depositary Share repstg 1/1000th Preferred Series C",$19.11,-0.0201,-0.105%,NA
GS^D,"Goldman Sachs Group, Inc. (The) Dep Shs repstg 1/1000 Pfd Ser D Fltg",$18.77,-0.03,-0.16%,NA
GSHR,Gesher Acquisition Corp. II Class A Ordinary Shares,$10.51,-0.01,-0.095%,NA
GSHRU,Gesher Acquisition Corp. II Units,$10.61,UNCH,--,NA
GSHRW,Gesher Acquisition Corp. II Warrants,$0.37,UNCH,--,NA
GSL^B,"Global Ship Lease, Inc. Depository Shares Representing 1/100th Perpetual Preferred Series B% (Marshall Island)",$26.73,-0.05,-0.187%,NA
GSRF,GSR IV Acquisition Corp. Class A ordinary share,$10.20,0.009,0.088%,NA
GSRFR,GSR IV Acquisition Corp. Rights,$1.70,-0.16,-8.602%,NA
GSRV,GSR V Acquisition Corp. Class A ordinary shares,$9.87,UNCH,--,NA
GSRVU,GSR V Acquisition Corp. Units,$10.65,UNCH,--,NA
GTEN,"Gores Holdings X, Inc. Class A ordinary shares",$10.59,-0.10,-0.935%,NA
GTENU,"Gores Holdings X, Inc. Units",$10.80,UNCH,--,NA
GTENW,"Gores Holdings X, Inc. Warrants",$0.80,-0.0999,-11.101%,NA
GTERA,Globa Terra Acquisition Corporation Class A Ordinary Shares,$10.39,UNCH,--,NA
GTERR,Globa Terra Acquisition Corporation Rights,$0.08,-0.004,-4.762%,NA
GTERW,Globa Terra Acquisition Corporation Warrants,$0.0681,UNCH,--,NA
GUAC,Berto Acquisition Corp. II Ordinary Shares,$9.9354,0.0054,0.054%,NA
GUACU,Berto Acquisition Corp. II Unit,$10.1206,UNCH,--,NA
GUACW,Berto Acquisition Corp. II Warrants,$0.62,0.06,10.714%,NA
GUG,Guggenheim Active Allocation Fund Common Shares of Beneficial Interest,$15.07,-0.20,-1.31%,NA
GUT^C,Gabelli Utility Trust (The) 5.375% Series C Cumulative Preferred Shares,$20.9016,0.0516,0.247%,NA
HACQ,HCM IV Acquisition Corp. Class A Ordinary Share,$10.07,UNCH,--,NA
HACQU,HCM IV Acquisition Corp. Unit,$10.17,UNCH,--,NA
HACQW,HCM IV Acquisition Corp. Warrants,$0.5046,UNCH,--,NA
HAVA,Harvard Ave Acquisition Corporation Class A Ordinary Share,$10.18,0.03,0.296%,NA
HCAC,Hall Chadwick Acquisition Corp Class A Ordinary Shares,$10.08,UNCH,--,NA
HCACR,Hall Chadwick Acquisition Corp Rights,$0.25,UNCH,--,NA
HCIC,Hennessy Capital Investment Corp. VIII Class A Ordinary Shares,$10.00,UNCH,--,NA
HCICR,Hennessy Capital Investment Corp. VIII Share Rights,$0.1501,-0.0001,-0.067%,NA
HCMAU,HCM III Acquisition Corp. Units,$10.48,UNCH,--,NA
HEI/A,Heico Corporation,$270.60,-4.39,-1.596%,NA
HEQ,John Hancock Diversified Income Fund Common Shares of Beneficial Interest,$11.75,0.07,0.599%,NA
HERZ,"Herzfeld Credit Income Fund, Inc. Common Stock",$16.25,0.14,0.869%,NA
HFRO,Highland Opportunities and Income Fund Common Shares of Beneficial Interest,$7.19,-0.03,-0.416%,NA
HFRO^A,Highland Opportunities and Income Fund 5.375% Series A Cumulative Preferred Shares,$16.42,0.03,0.183%,NA
HFRO^B,Highland Opportunities and Income Fund 5.375% Series B Cumulative Preferred Shares,$16.29,-0.07,-0.428%,NA
HGLB,Highland Global Allocation Fund Common Stock,$7.57,-0.01,-0.132%,NA
HIG^G,"The Hartford Insurance Group, Inc. Depositary Shares each representing a 1/1000th interest in a share of 6.000% Non-Cumulative Preferred Stock, Series G",$24.47,-0.02,-0.082%,NA
HIO,"Western Asset High Income Opportunity Fund, Inc. Common Stock",$3.57,0.01,0.281%,NA
HIX,Western Asset High Income Fund II Inc. Common Stock,$3.96,0.03,0.763%,NA
HL^B,Hecla Mining Company Preferred Stock,$66.16,-1.59,-2.347%,NA
HLXC,Helix Acquisition Corp. III Class A Ordinary Shares,$10.85,-0.15,-1.364%,NA
HPE^C,Hewlett Packard Enterprise Company 7.625% Series C Mandatory Convertible Preferred Stock,$147.72,-2.54,-1.69%,NA
HPF,John Hancock Pfd Income Fund II Pfd Income Fund II,$15.7601,-0.0999,-0.63%,NA
HPI,John Hancock Preferred Income Fund Common Shares of Beneficial Interest,$16.03,-0.06,-0.373%,NA
HPP^C,"Hudson Pacific Properties, Inc. 4.750% Series C Cumulative Redeemable Preferred Stock",$14.13,-0.08,-0.563%,NA
HPS,John Hancock Preferred Income Fund III Preferred Income Fund III,$14.19,-0.02,-0.141%,NA
HTD,John Hancock Tax Advantaged Dividend Income Fund Common Shares of Beneficial Interest,$25.46,-0.04,-0.157%,NA
HVII,Hennessy Capital Investment Corp. VII Ordinary Shares,$10.51,-0.01,-0.095%,NA
HVIIR,Hennessy Capital Investment Corp. VII Rights,$0.2801,0.0087,3.206%,NA
HVMC,Highview Merger Corp. Class A Ordinary Share,$10.21,UNCH,--,NA
HVMCW,Highview Merger Corp. Warrants,$0.33,0.0275,9.091%,NA
HVT/A,"Haverty Furniture Companies, Inc.",$31.9801,-0.5199,-1.60%,NA
HYI,Western Asset High Yield Opportunity Fund Inc. Common Stock,$10.52,-0.01,-0.095%,NA
HYT,"Blackrock Corporate High Yield Fund, Inc. Common Stock",$8.35,0.03,0.361%,NA
IACO,Idea Acquisition Corp. Class A Ordinary Shares,$9.98,0.02,0.201%,NA
IACOU,Idea Acquisition Corp. Units,$10.05,0.01,0.10%,NA
IACOW,Idea Acquisition Corp. Warrants,$0.344,0.0002,0.058%,NA
IACQ,Irenic Acquisition Corp. Class A Ordinary Shares,$9.92,-0.05,-0.502%,NA
IACQU,Irenic Acquisition Corp. Unit,$10.12,UNCH,--,NA
IAE,Voya Asia Pacific High Dividend Equity Income Fund ING Asia Pacific High Dividend Equity Income Fund Common Shares of Beneficial Interest,$8.87,0.03,0.339%,NA
IAF,"abrdn Australia Equity Fund, Inc. Common Stock",$13.23,0.04,0.303%,NA
IBAC,IB Acquisition Corp. Common Stock,$10.88,-0.01,-0.092%,NA
IBACR,IB Acquisition Corp. Right,$0.1097,-0.0053,-4.609%,NA
ICR^A,"InPoint Commercial Real Estate Income, Inc. 6.75% Series A Cumulative Redeemable Preferred Stock",$23.30,0.05,0.215%,NA
IDAC,Iron Dome Acquisition I Corp. Class A Ordinary Shares,$9.98,-0.0001,-0.001%,NA
IDACU,Iron Dome Acquisition I Corp. Units,$10.10,UNCH,--,NA
IDACW,Iron Dome Acquisition I Corp. Warrant,$0.2501,-0.1124,-31.007%,NA
IDE,"Voya Infrastructure, Industrials and Materials Fund Common Shares of Beneficial Interest",$13.36,0.01,0.075%,NA
IEAG,Infinite Eagle Acquisition Corp. Class A Ordinary Shares,$10.235,-0.015,-0.146%,NA
IEAGR,Infinite Eagle Acquisition Corp. Rights,$0.18,0.0099,5.82%,NA
IEAGU,Infinite Eagle Acquisition Corp. Unit,$10.36,-0.11,-1.051%,NA
IFN,"Aberdeen India Fund, Inc. Common Stock",$11.80,-0.08,-0.673%,NA
IGA,Voya Global Advantage and Premium Opportunity Fund Common Shares of Beneficial Interest,$10.51,0.13,1.252%,NA
IGAC,Invest Green Acquisition Corporation Class A Ordinary Shares,$10.05,-0.05,-0.495%,NA
IGD,Voya Global Equity Dividend and Premium Opportunity Fund,$6.70,0.01,0.149%,NA
IGI,Western Asset Investment Grade Opportunity Trust Inc. Common Stock,$15.91,-0.005,-0.031%,NA
IGR,CBRE Global Real Estate Income Fund Common Shares of Beneficial Interest,$4.71,-0.01,-0.212%,NA
IHD,Voya Emerging Markets High Income Dividend Equity Fund Common Shares,$7.67,0.03,0.393%,NA
IIF,"Morgan Stanley India Investment Fund, Inc. Common Stock",$23.11,-0.04,-0.173%,NA
IIPR^A,"Innovative Industrial Properties, Inc. 9.00% Series A Cumulative Redeemable Preferred Stock",$25.02,-0.035,-0.14%,NA
ILLU,Illumination Acquisition Corp I Class A Ordinary Shares,$9.94,0.02,0.202%,NA
ILLUU,Illumination Acquisition Corp I Units,$10.27,0.23,2.291%,NA
INAC,Indigo Acquisition Corp. Ordinary Shares,$10.31,-0.04,-0.386%,NA
INACR,Indigo Acquisition Corp. Right,$0.1002,-0.0145,-12.642%,NA
INN^E,"Summit Hotel Properties, Inc. 6.250% Series E Cumulative Redeemable Preferred Stock",$17.95,-0.515,-2.789%,NA
INN^F,"Summit Hotel Properties, Inc. 5.875% Series F Cumulative Redeemable Preferred Stock, $0.01 par value per share",$17.00,-0.50,-2.857%,NA
IPEX,Inflection Point Acquisition Corp. V Class A Ordinary Shares,$10.50,-0.02,-0.19%,NA
IPEXR,Inflection Point Acquisition Corp. V Rights,$0.5999,UNCH,--,NA
IPFX,Inflection Point Acquisition Corp. VI Class A Ordinary Shares,$10.13,-0.02,-0.197%,NA
IPFXU,Inflection Point Acquisition Corp. VI Units,$10.68,UNCH,--,NA
IPFXW,Inflection Point Acquisition Corp. VI Warrant,$1.35,-0.05,-3.571%,NA
IPVV,"InterPrivate Investment Partners V, Inc. Class A Ordinary Shares",$9.82,0.01,0.102%,NA
IPVVU,"InterPrivate Investment Partners V, Inc. Units",$9.91,UNCH,--,NA
IRAB,Iris Acquisition Corp II Class A Ordinary Shares,$9.95,0.02,0.201%,NA
IRHO,Iron Horse Acquisitions II Corp. Common Stock,$10.015,-0.005,-0.05%,NA
IRHOR,Iron Horse Acquisitions Corp. II Rights,$0.1515,-0.0406,-21.135%,NA
ISD,"PGIM High Yield Bond Fund, Inc.",$12.47,0.06,0.483%,NA
ISNR,Snow Rothschild Acquisition Corp. Class A Ordinary Shares,$9.875,0.075,0.765%,NA
ISNRU,Snow Rothschild Acquisition Corp. Units,$10.02,UNCH,--,NA
ISNRW,Snow Rothschild Acquisition Corp. Warrants,$0.2599,0.0398,18.083%,NA
ITHA,ITHAX Acquisition Corp III Class A Ordinary Shares,$10.03,UNCH,--,NA
ITHAW,ITHAX Acquisition Corp III Warrants,$0.2006,-0.0245,-10.884%,NA
IVR^C,"INVESCO MORTGAGE CAPITAL INC 7.5% Fixed-to-Floating Series C Cumulative Redeemable Preferred Stock, Liquation Preference $25.00 per Share",$24.97,-0.01,-0.04%,NA
JAB,JAB Acquisition Corp I Class A Ordinary Shares,$9.93,0.02,0.202%,NA
JABRR,JAB Acquisition Corp I Rights,$0.13,UNCH,--,NA
JABRU,JAB Acquisition Corp I Unit,$10.09,0.02,0.199%,NA
JACS,Jackson Acquisition Company II Class A Ordinary Shares,$10.71,-0.04,-0.372%,NA
JATT,JATT II Acquisition Corp Ordinary Shares,$13.38,0.88,7.04%,NA
JBK,Lehman ABS 3.50 3.50% Adjustable Corp Backed Tr Certs GS Cap I,$25.72,-0.03,-0.117%,NA
JCE,Nuveen Core Equity Alpha Fund Common Shares of Beneficial Interest,$17.21,-0.06,-0.347%,NA
JENA,Jena Acquisition Corporation II Class A Ordinary Shares,$10.41,UNCH,--,NA
JFR,Nuveen Floating Rate Income Fund Common Stock,$7.64,-0.03,-0.391%,NA
JGH,Nuveen Global High Income Fund Common Shares of Beneficial Interest,$12.51,-0.02,-0.16%,NA
JLS,Nuveen Mortgage and Income Fund,$17.11,-0.07,-0.407%,NA
JMM,Nuveen Multi-Market Income Fund (MA),$5.77,-0.01,-0.173%,NA
JOF,Japan Smaller Capitalization Fund Inc Common Stock,$12.52,UNCH,--,NA
JONEU,Jones Ventures INTL Acquisition1 Corp Units,$9.92,UNCH,--,NA
JPC,Nuveen Preferred & Income Opportunities Fund,$7.66,-0.01,-0.13%,NA
JPM^C,"J P Morgan Chase & Co Depositary Shares, each representing a 1/400th interest in a share of 6.00% Non-Cumulative  Preferred Stock, Series EE",$24.93,-0.05,-0.20%,NA
JPM^D,"J P Morgan Chase & Co Depositary Shares, each representing a 1/400th  interest in a share of 5.75% Non-Cumulative  Preferred Stock, Series DD",$23.56,-0.07,-0.296%,NA
JPM^J,"J P Morgan Chase & Co Depositary Shares, each representing a 1/400th interest in a share of JPMorgan Chase & Co. 4.75% Non-Cumulative Preferred Stock, Series GG",$18.58,-0.20,-1.065%,NA
JPM^K,"J P Morgan Chase & Co Depositary Shares, each representing a 1/400th interest in a share of 4.55% Non-Cumulative Preferred Stock, Series JJ",$17.62,-0.22,-1.233%,NA
JPM^L,"J P Morgan Chase & Co Depositary Shares, each representing a 1/400th interest in a share of 4.625% Non-Cumulative Preferred Stock, Series LL",$18.03,-0.13,-0.716%,NA
JPM^M,"J P Morgan Chase & Co Depositary Shares, each representing a 1/400th interest in a share of 4.20% Non-Cumulative Preferred Stock, Series MM",$16.48,-0.21,-1.258%,NA
JQC,Nuveen Credit Strategies Income Fund Shares of Beneficial Interest,$4.77,-0.02,-0.418%,NA
JRI,Nuveen Real Asset Income and Growth Fund Common Shares of Beneficial Interest,$12.48,-0.13,-1.031%,NA
JRS,Nuveen Real Estate Income Fund Common Shares of Beneficial Interest,$8.465,-0.045,-0.529%,NA
JXN^A,"Jackson Financial Inc. Depositary Shares, each representing a 1/1,000th interest in a share of Fixed-Rate Reset Noncumulative Perpetual Preferred Stock, Series A",$25.54,-0.155,-0.603%,NA
KBON,Karbon Capital Partners Corp. Class A Ordinary Shares,$10.10,UNCH,--,NA
KBONU,Karbon Capital Partners Corp. Units,$10.24,-0.05,-0.486%,NA
KBONW,Karbon Capital Partners Corp. Warrant,$0.75,0.05,7.143%,NA
KCHV,Kochav Defense Acquisition Corp. Class A Ordinary Shares,$10.43,UNCH,--,NA
KCHVR,Kochav Defense Acquisition Corp. Right,$0.115,-0.025,-17.857%,NA
KEY^I,"KeyCorp Depositary Shares Each Representing a 1/40th Ownership Interest in a Share of Fixed-to-Floating Rate Perpetual Non-Cumulative Preferred Stock, Series E",$25.29,0.06,0.238%,NA
KEY^J,"KeyCorp Depositary Shares each representing a 1/40th ownership interest in a share of Fixed Rate Perpetual Non-Cumulative Preferred Stock, Series F",$20.81,-0.15,-0.716%,NA
KEY^K,"KeyCorp Depositary Shares, each representing a 1/40th ownership interest in a share of Fixed Rate Perpetual Non-Cumulative Preferred Stock, Series G",$20.68,-0.08,-0.385%,NA
KEY^L,"KeyCorp Depositary Shares each representing a 1/40th ownership interest in a share of Fixed Rate Perpetual Non-Cumulative Preferred Stock, Series H",$25.18,0.04,0.159%,NA
KEYY,Keystone Acquisition Corp. Class A Ordinary Shares,$9.88,-0.0089,-0.09%,NA
KEYYU,Keystone Acquisition Corp. Unit,$10.11,-0.04,-0.394%,NA
KEYYW,Keystone Acquisition Corp. Warrants,$0.3551,-0.0062,-1.716%,NA
KF,"Korea Fund, Inc. (The) New Common Stock",$66.45,2.28,3.553%,NA
KFII,K&F Growth Acquisition Corp. II Class A Ordinary shares,$10.61,-0.01,-0.094%,NA
KFIIR,K&F Growth Acquisition Corp. II Rights,$0.1097,0.0097,9.70%,NA
KFIIU,K&F Growth Acquisition Corp. II Unit,$10.69,UNCH,--,NA
KIM^L,"Kimco Realty Corporation Class L Depositary Shares, each of which represents a one-one thousandth fractional interest in a share of 5.125% Class L Cumulative Redeemable Preferred Stock, liquidation preference $25,000.00 per share",$19.31,-0.085,-0.438%,NA
KIM^M,"Kimco Realty Corporation Class M Depositary Shares, each of which represents a one-one thousandth fractional interest in a share of 5.25% Class M Cumulative Redeemable Preferred Stock, liquidation preference $25,000.00 per share",$19.77,-0.1299,-0.653%,NA
KIM^N,"Kimco Realty Corporation Depositary Shares, each representing 1/1,000th interest in a share of 7.25% Class N Cumulative Convertible Perpetual Preferred Stock",$61.85,UNCH,--,NA
KIO,KKR Income Opportunities Fund Common Shares,$11.08,-0.04,-0.36%,NA
KKR^D,KKR & Co. Inc. 6.25% Series D Mandatory Convertible Preferred Stock,$46.39,-2.17,-4.469%,NA
KKRT,KKR & Co. Inc. 6.875% Subordinated Notes due 2065,$22.805,-0.045,-0.197%,NA
KOYN,CSLM Digital Asset Acquisition Corp III Class A Ordinary Shares,$10.20,UNCH,--,NA
KOYNU,CSLM Digital Asset Acquisition Corp III Units,$10.28,UNCH,--,NA
KOYNW,CSLM Digital Asset Acquisition Corp III Warrants,$0.1802,-0.0198,-9.90%,NA
KPET,KPET Ultra Paceline Corporation Class A Ordinary Shares,$9.975,UNCH,--,NA
KRAQ,KRAKacquisition Corp Class A Ordinary Shares,$9.985,0.005,0.05%,NA
KRAQU,KRAKacquisition Corp Unit,$10.10,UNCH,--,NA
KRAQW,KRAKacquisition Corp Warrants,$0.40,-0.04,-9.091%,NA
KREF^A,KKR Real Estate Finance Trust Inc. 6.50% Series A Cumulative Redeemable Preferred Stock,$18.285,-0.095,-0.517%,NA
KRSP,Rice Acquisition Corporation 3 Class A Ordinary Shares,$10.48,0.025,0.239%,NA
KTH,Structures Products Cp 8% CorTS Issued by Peco Energy Cap Tr II Preferred Stock,$28.765,UNCH,--,NA
KTN,Structured Products Corp 8.205% CorTS 8.205% Corporate Backed Trust Securities (CorTS),$25.3801,0.0601,0.237%,NA
KTWOU,K2 Capital Acquisition Corporation Units,$10.2499,0.0999,0.984%,NA
LAFA,LaFayette Acquisition Corp. Ordinary Share,$10.1339,0.0039,0.038%,NA
LAFAR,LaFayette Acquisition Corp. Rights,$0.0803,-0.0097,-10.778%,NA
LATA,Galata Acquisition Corp. II Class A Ordinary Shares,$10.15,UNCH,--,NA
LATAU,Galata Acquisition Corp. II Units,$10.23,UNCH,--,NA
LCCC,Lakeshore Acquisition III Corp. Ordinary Shares,$10.49,UNCH,--,NA
LCCCR,Lakeshore Acquisition III Corp. Rights,$0.1541,UNCH,--,NA
LDP,"Cohen & Steers Limited Duration Preferred and Income Fund, Inc.",$20.63,UNCH,--,NA
LFAC,Leapfrog Acquisition Corporation Class A Ordinary Shares,$10.05,UNCH,--,NA
LFACU,Leapfrog Acquisition Corporation Units,$10.18,0.04,0.394%,NA
LFT^A,"Lument Finance Trust, Inc. 7.875% Series A Cumulative Redeemable Preferred Stock",$16.725,-0.025,-0.149%,NA
LGI,Lazard Global Total Return and Income Fund Common Stock,$18.53,-0.02,-0.108%,NA
LKSP,Lake Superior Acquisition Corp. Class A Ordinary Shares,$10.19,UNCH,--,NA
LKSPR,Lake Superior Acquisition Corp. Rights,$0.9285,UNCH,--,NA
LNC^D,"Lincoln National Corporation Depositary Shares Each Representing a 1/1,000th Interest in a Share of 9.000% Non-Cumulative Preferred Stock, Series D",$26.04,-0.50,-1.884%,NA
LOB^A,"Live Oak Bancshares, Inc. Depositary Shares, Each Representing a 1/40th Interest in a Share of 8.375% Fixed Rate Series A Non-Cumulative Perpetual Preferred Stock",$24.935,0.005,0.02%,NA
LPAA,Launch One Acquisition Corp. Class A Ordinary shares,$10.74,-0.01,-0.093%,NA
LPAAW,Launch One Acquisition Corp. Warrant,$0.18,0.015,9.091%,NA
LPBB,Launch Two Acquisition Corp. Class A Ordinary Shares,$10.78,UNCH,--,NA
LPCV,Launchpad Cadenza Acquisition Corp I Class A Ordinary Share,$10.05,0.0399,0.399%,NA
LPCVU,Launchpad Cadenza Acquisition Corp I Unit,$10.0999,UNCH,--,NA
LTGR,Long Table Growth Corp. Class A Ordinary Shares,$9.93,0.01,0.101%,NA
LTGRU,Long Table Growth Corp. Units,$10.06,0.04,0.399%,NA
LTGRW,Long Table Growth Corp. Warrants,$0.2502,-0.0199,-7.368%,NA
LWAC,LightWave Acquisition Corp. Class A Ordinary Shares,$10.35,UNCH,--,NA
LWACW,LightWave Acquisition Corp. Warrants,$0.2301,UNCH,--,NA
LXP^C,LXP Industrial Trust 6.5% Series C Cumulative Convertible Preferred Stock,$49.02,0.01,0.02%,NA
MAA^I,"Mid-America Apartment Communities, Inc. 8.50% Series I Cumulative Redeemable Preferred Stock",$53.585,-0.1425,-0.265%,NA
MACI,Melar Acquisition Corp. I Class A Ordinary Shares,$10.94,0.01,0.091%,NA
MACIU,Melar Acquisition Corp. I Unit,$11.15,-0.05,-0.446%,NA
MBVI,M3-Brigade Acquisition VI Corp. Class A Ordinary Shares,$10.21,UNCH,--,NA
MCAH,Mountain Crest Acquisition 6 Corp. Ordinary Shares,$9.9899,0.0099,0.099%,NA
MCAHR,Mountain Crest Acquisition 6 Corp. Rights,$0.2699,UNCH,--,NA
MCGA,Yorkville Acquisition Corp. Class A Ordinary Share,$10.295,-0.003,-0.029%,NA
MCGAU,Yorkville Acquisition Corp. Unit,$10.39,UNCH,--,NA
MCGAW,Yorkville Acquisition Corp. Warrant,$0.36,0.01,2.857%,NA
MCN,XAI Madison Equity Premium Income Fund Common Shares,$5.62,-0.07,-1.23%,NA
MEGI,NYLI CBRE Global Infrastructure Megatrends Term Fund Common Shares,$15.19,-0.09,-0.589%,NA
MER^K,"Bank of America Corporation Income Capital Obligation Notes initially due December 15, 2066",$25.10,-0.01,-0.04%,NA
MESH,Meshflow Acquisition Corp. Class A Ordinary Shares,$10.04,UNCH,--,NA
MESHU,Meshflow Acquisition Corp. Units,$10.1101,UNCH,--,NA
MESHW,Meshflow Acquisition Corp. Warrants,$0.265,-0.0267,-9.153%,NA
MET^A,"MetLife, Inc. Preferred Series A Floating Rate",$20.71,0.02,0.097%,NA
MET^E,"MetLife, Inc. Depositary Shares ",$21.38,-0.27,-1.247%,NA
MET^F,"MetLife, Inc. Depositary Shares, each representing a 1/1,000th interest in a share of 4.75% Non-Cumulative Preferred Stock, Series F",$17.75,-0.19,-1.059%,NA
METCI,"Ramaco Resources, Inc. 8.250% Senior Notes due 2030",$25.25,0.04,0.159%,NA
METCZ,"Ramaco Resources, Inc. 8.375% Senior Notes due 2029",$25.3005,-0.0495,-0.195%,NA
MEVO,M Evo Global Acquisition Corp II Class A Ordinary Shares,$9.97,UNCH,--,NA
MEVOW,M Evo Global Acquisition Corp II Warrants,$0.40,0.0549,15.908%,NA
MFA^B,"MFA Financial, Inc. Preferred Series B",$20.13,-0.02,-0.099%,NA
MFA^C,"MFA Financial, Inc. 6.50% Series C Fixed-to-Floating Rate Cumulative Redeemable Preferred Stock",$23.56,-0.03,-0.127%,NA
MHF,"Western Asset Municipal High Income Fund, Inc. Common Stock",$6.82,-0.05,-0.728%,NA
MIACU,Meridian3 Industrials Acquisition Corp Units,$9.97,UNCH,--,NA
MITT^A,"TPG Mortgage Investment Trust, Inc. 8.25% Series A Cumulative Redeemable Preferred Stock",$21.83,-0.05,-0.229%,NA
MITT^B,"TPG Mortgage Investment Trust, Inc. 8.00% Series B Cumulative Redeemable Preferred Stock",$20.57,0.0823,0.402%,NA
MITT^C,"TPG Mortgage Investment Trust, Inc. 8.00% Series C Fixed-to-Floating Rate Cumulative Redeemable Preferred Stock, $0.01 par value per share",$25.425,-0.03,-0.118%,NA
MKLY,McKinley Acquisition Corporation Class A Ordinary Shares,$10.23,0.01,0.098%,NA
MKLYR,McKinley Acquisition Corporation Rights,$0.25,UNCH,--,NA
MKLYU,McKinley Acquisition Corporation Units,$10.55,UNCH,--,NA
MLAA,Mountain Lake Acquisition Corp. II Class A Ordinary Shares,$9.99,0.01,0.10%,NA
MLAAW,Mountain Lake Acquisition Corp. II Warrants,$0.26,-0.02,-7.143%,NA
MLCIL,Mount Logan Capital Inc. 8.00% Notes Due 2031,$22.6482,-0.0418,-0.184%,NA
MMD,NYLI MacKay DefinedTerm Muni Opportunities Fund Common Shares,$14.99,-0.04,-0.266%,NA
MMTX,Miluna Acquisition Corp Class A Ordinary Share,$10.17,UNCH,--,NA
MMTXW,Miluna Acquisition Corp Warrant,$0.12,UNCH,--,NA
MMU,"Western Asset Managed Municipals Fund, Inc. Common Stock",$10.22,UNCH,--,NA
MPA,Blackrock MuniYield Pennsylvania Quality Fund Common Stock,$11.09,-0.03,-0.27%,NA
MRCO,Mercator Acquisition Corp. Class A Ordinary Shares,$9.89,0.06,0.61%,NA
MRCOU,Mercator Acquisition Corp. Units,$10.015,-0.015,-0.15%,NA
MRCOW,Mercator Acquisition Corp. Warrant,$0.35,0.05,16.667%,NA
MS^A,Morgan Stanley Dep Shs repstg 1/1000 Pfd Ser A,$19.00,-0.10,-0.524%,NA
MS^E,Morgan Stanley DEPOSITARY SHARES REP 1/1000TH SHARES FIXED/FLTG PREFERRED STOCK SERIES E,$25.4957,-0.0243,-0.095%,NA
MS^F,Morgan Stanley Dep Shs Rpstg 1/1000th Int Prd Ser F Fxd to Flag,$25.21,-0.035,-0.139%,NA
MS^I,Morgan Stanley Depository Shares Representing 1/1000th Preferred Series 1 Fixed to Floating Non (Cum),$24.41,-0.18,-0.732%,NA
MS^K,"Morgan Stanley Depositary Shares, each representing 1/1,000th of a share of Fixed-to-Floating Rate Non-Cumulative Preferred Stock,  Series K",$22.46,-0.21,-0.926%,NA
MS^L,"Morgan Stanley Depositary Shares, each representing 1/1,000th of a share of 4.875% Non-Cumulative Preferred Stock, Series L",$18.745,-0.205,-1.082%,NA
MS^O,"Morgan Stanley Depositary Shares, each representing 1/1,000th of a share of 4.250% Non-Cumulative Preferred Stock, Series O",$16.31,-0.13,-0.791%,NA
MS^P,"Morgan Stanley Depositary Shares, each representing 1/1,000th of a share of 6.500% Non-Cumulative Preferred Stock, Series P",$24.935,-0.105,-0.419%,NA
MS^Q,"Morgan Stanley Depositary Shares, each representing 1/1,000th of a share of 6.625% Non-Cumulative Preferred Stock, Series Q",$25.1783,-0.1517,-0.599%,NA
MSD,"Morgan Stanley Emerging Markets Debt Fund, Inc. Common Stock",$7.28,-0.04,-0.546%,NA
MSDL,Morgan Stanley Direct Lending Fund Common Stock,$15.36,-0.10,-0.647%,NA
MTAKU,Market Technology Acquisition Corp Unit,$9.975,0.005,0.05%,NA
MTB^H,"M&T Bank Corporation Perpetual Fixed-to-Floating Rate Non-Cumulative Preferred Stock, Series H",$25.20,UNCH,--,NA
MTB^J,"M&T Bank Corporation Depositary Shares each representing a 1/400th ownership interest in a share of Perpetual 7.500% Non-Cumulative Preferred Stock, Series J",$26.475,-0.035,-0.132%,NA
MTB^K,"M&T Bank Corporation Depositary Shares each representing a 1/400th interest in a share of Perpetual 6.350% Non-Cumulative Preferred Stock, Series K",$23.80,-0.12,-0.502%,NA
MTB^L,"M&T Bank Corporation Depositary Shares each representing a 1/400th ownership interest in a share of Perpetual 6.625% Non-Cumulative Preferred Stock, Series L",$24.87,-0.08,-0.321%,NA
MTNE,CH4 Natural Solutions Corporation Class A Ordinary Shares,$9.871,UNCH,--,NA
MUZE,Muzero Acquisition Corp Class A Ordinary Shares,$9.99,UNCH,--,NA
MXE,"Mexico Equity and Income Fund, Inc. (The) Common Stock",$13.40,UNCH,--,NA
MXF,"Mexico Fund, Inc. (The) Common Stock",$21.41,-0.09,-0.419%,NA
MYN,"Blackrock MuniYield New York Quality Fund, Inc.Common Stock",$9.76,-0.08,-0.813%,NA
MYX,Maywood Acquisition Corp. 2 Class A Ordinary Share,$9.97,-0.01,-0.10%,NA
MYXXR,Maywood Acquisition Corp. 2 Rights,$0.20,-0.007,-3.382%,NA
MYXXU,Maywood Acquisition Corp. 2 Units,$10.20,-0.315,-2.996%,NA
MYXXW,Maywood Acquisition Corp. 2 Warrants,$0.0799,0.0099,14.143%,NA
MZYX,MOZAYYX Acquisition Corp. Class A Ordinary Shares,$9.95,UNCH,--,NA
NAC,Nuveen California Quality Municipal Income Fund,$11.74,-0.14,-1.178%,NA
NAD,Nuveen Quality Municipal Income Fund Common Stock,$11.75,-0.12,-1.011%,NA
NAZ,Nuveen Arizona Quality Municipal Income Fund Common Stock,$12.435,0.015,0.121%,NA
NBB,Nuveen Taxable Municipal Income Fund Common Shares of Beneficial Interest,$15.32,-0.13,-0.841%,NA
NBH,Neuberger Municipal Fund Inc. Common Stock,$10.34,0.01,0.097%,NA
NBRG,Newbridge Acquisition Limited Class A Ordinary Share,$10.02,0.03,0.30%,NA
NBRGR,Newbridge Acquisition Limited Rights,$0.1851,-0.0037,-1.96%,NA
NBXG,Neuberger Next Generation Connectivity Fund Inc. Common Stock,$15.83,-0.04,-0.252%,NA
NCA,Nuveen California Municipal Value Fund,$9.14,-0.02,-0.218%,NA
NCO,Southern Cross Acquisition I Corp. Ordinary Shares,$9.87,0.02,0.203%,NA
NCOOR,Southern Cross Acquisition I Corp. Rights,$0.20,UNCH,--,NA
NCOOU,Southern Cross Acquisition I Corp. Units,$10.05,-0.01,-0.099%,NA
NCV^A,Virtus Convertible & Income Fund 5.625% Series A Cumulative Preferred Shares,$20.26,0.01,0.049%,NA
NCZ^A,Virtus Convertible & Income Fund II 5.50% Series A Cumulative Preferred Shares,$19.64,-0.3149,-1.578%,NA
NEA,Nuveen AMT-Free Quality Municipal Income Fund Common Shares of Beneficial Interest Par Value $.01,$11.30,-0.07,-0.616%,NA
NEE^N,"NextEra Energy Capital Holdings Inc. Series N Junior Subordinated Debentures due March 1, 2079",$21.29,-0.20,-0.931%,NA
NEE^S,"NextEra Energy, Inc. 7.299% Corporate Units",$53.02,-0.09,-0.169%,NA
NEE^T,"NextEra Energy, Inc. 7.234% Corporate Units",$48.84,-0.06,-0.123%,NA
NEE^U,"NextEra Energy, Inc. Series U Junior Subordinated Debentures due June 1, 2085",$23.81,-0.13,-0.543%,NA
NEE^V,"NextEra Energy, Inc. 7.375% Corporate Units",$46.50,0.03,0.065%,NA
NEE^W,"NextEra Energy Capital Holdings Inc. Series Z Junior Subordinated Debentures due April 15, 2086",$23.73,-0.07,-0.294%,NA
NEWTH,"NewtekOne, Inc. 8.625% Fixed Rate Senior Notes due 2029",$25.28,0.04,0.158%,NA
NEWTO,"NewtekOne, Inc. 8.50% Fixed Rate Senior Notes due 2031",$25.5201,-0.0899,-0.351%,NA
NFJ,"Virtus Dividend, Interest & Premium Strategy Fund Common Shares of Beneficial Interest",$15.73,0.03,0.191%,NA
NGL^B,NGL ENERGY PARTNERS LP 9.00% Class B Fixed-to-Floating Rate Cumulative Redeemable Perpetual Preferred Units representing limited partnership interests,$25.81,0.1663,0.649%,NA
NGL^C,NGL ENERGY PARTNERS LP 9.625% Class C Fixed-to-Floating Rate Cumulative  Redeemable Perpetual Preferred Units representing  limited partner interests,$25.80,0.14,0.546%,NA
NHIC,NewHold Investment Corp III Class A Ordinary Shares,$10.64,0.01,0.094%,NA
NHICU,NewHold Investment Corp III Units,$11.89,UNCH,--,NA
NHICW,NewHold Investment Corp III Warrants,$1.70,UNCH,--,NA
NHIV,NewHold Investment Corp IV Class A Ordinary Shares,$10.1134,-0.0366,-0.361%,NA
NHIVU,NewHold Investment Corp IV Units,$10.29,UNCH,--,NA
NHIVW,NewHold Investment Corp IV Warrants,$0.5279,-0.0821,-13.459%,NA
NHS,Neuberger High Yield Strategies Fund Inc. Common Stock,$6.01,-0.08,-1.314%,NA
NIM,Nuveen Select Maturities Municipal Fund Common Stock,$9.2896,-0.0104,-0.112%,NA
NKX,Nuveen California AMT-Free Quality Municipal Income Fund,$12.33,-0.11,-0.884%,NA
NLY^F,Annaly Capital Management Inc 6.95% Series F,$25.89,-0.07,-0.27%,NA
NLY^G,Annaly Capital Management Inc 6.50% Series G Fixed-to-Floating Rate Cumulative Redeemable Preferred Stock,$25.36,-0.02,-0.079%,NA
NLY^I,Annaly Capital Management Inc 6.750% Series I Fixed-to-Floating Rate Cumulative Redeemable Preferred Stock,$25.88,-0.01,-0.039%,NA
NLY^J,Annaly Capital Management Inc. 8.875% Series J Fixed-Rate Cumulative Redeemable Preferred Stock,$26.09,0.04,0.154%,NA
NMAI,Nuveen Multi-Asset Income Fund Common Shares of Beneficial Interest,$14.54,-0.23,-1.557%,NA
NMI,"Nuveen Municipal Income Fund, Inc. Common Stock",$10.43,-0.03,-0.287%,NA
NML,Neuberger Energy Infrastructure and Income Fund Inc. Common Stock,$10.65,-0.11,-1.022%,NA
NMP,NMP Acquisition Corp. Class A Ordinary Shares,$10.33,UNCH,--,NA
NMPAR,NMP Acquisition Corp. Right,$0.207,0.007,3.50%,NA
NMPAU,NMP Acquisition Corp. Units,$10.35,UNCH,--,NA
NMS,Nuveen Minnesota Quality Municipal Income Fund ,$11.42,-0.05,-0.436%,NA
NMT,Nuveen Massachusetts Quality Municipal Income Fund Common Stock,$12.525,-0.125,-0.988%,NA
NMZ,"Nuveen Municipal High Income Opportunity Fund Common Stock, $0.01 par value, per share",$10.19,-0.06,-0.585%,NA
NNY,Nuveen New York Municipal Value Fund Common Stock,$8.27,-0.03,-0.361%,NA
NOEM,CO2 Energy Transition Corp. Common Stock,$10.69,UNCH,--,NA
NOEMR,CO2 Energy Transition Corp. Right,$0.1301,UNCH,--,NA
NOEMW,CO2 Energy Transition Corp. Warrant,$0.16,UNCH,--,NA
NPAC,New Providence Acquisition Corp. III Class A Ordinary Shares,$10.455,-0.035,-0.334%,NA
NPACU,New Providence Acquisition Corp. III Units,$10.47,UNCH,--,NA
NPACW,New Providence Acquisition Corp. III Warrants,$0.20,0.02,11.111%,NA
NPCT,Nuveen Core Plus Impact Fund Common Shares of Beneficial Interest,$9.74,-0.01,-0.103%,NA
NPFD,Nuveen Variable Rate Preferred & Income Fund Common Shares,$18.65,0.04,0.215%,NA
NPV,Nuveen Virginia Quality Municipal Income Fund Common Stock,$10.85,-0.09,-0.823%,NA
NREF^A,"NexPoint Real Estate Finance, Inc. 8.50% Series A Cumulative Redeemable Preferred Stock",$24.335,-0.315,-1.278%,NA
NRK,Nuveen New York AMT-Free Quality Municipal Income Fund ,$10.45,-0.16,-1.508%,NA
NRO,Neuberger Real Estate Securities Income Fund Inc. Common Stock,$2.95,-0.05,-1.667%,NA
NRUC,National Rural Utilities Cooperative Finance Corporation 5.500% Subordinated Notes due 2064 (Subordinated Deferrable Interest Notes),$21.70,-0.12,-0.55%,NA
NTWO,Newbury Street II Acquisition Corp Class A Ordinary Shares,$10.71,UNCH,--,NA
NTWOW,Newbury Street II Acquisition Corp Warrant,$0.28,-0.045,-13.846%,NA
NUV,"Nuveen Municipal Value Fund, Inc. Common Stock",$9.00,-0.06,-0.662%,NA
NUW,Nuveen AMT-Free Municipal Value Fund,$14.04,-0.03,-0.213%,NA
NVG,Nuveen AMT-Free Municipal Credit Income Fund ,$12.41,-0.07,-0.561%,NA
NWAX,New America Acquisition I Corp. Class A Common Stock,$10.17,UNCH,--,NA
NXDT^A,NexPoint Diversified Real Estate Trust 5.50% Series A Cumulative Preferred Shares ($25.00 liquidation preference per share),$13.1069,-0.0181,-0.138%,NA
NXH,"Neighborhood Intelligence, Inc. Common Stock",$4.28,-0.20,-4.464%,NA
NZF,Nuveen Municipal Credit Income Fund ,$12.30,-0.12,-0.966%,NA
OACC,Oaktree Acquisition Corp. III Life Sciences Class A Ordinary Share,$10.80,UNCH,--,NA
OACCW,Oaktree Acquisition Corp. III Life Sciences Warrant,$1.03,UNCH,--,NA
OAK^A,"Brookfield Oaktree Holdings, LLC 6.625% Series A Preferred Units",$20.895,-0.005,-0.024%,NA
OAK^B,"Brookfield Oaktree Holdings, LLC 6.550% Series B Preferred Units",$20.50,-0.07,-0.34%,NA
OBA,Oxley Bridge Acquisition Limited Class A Ordinary Shares,$10.30,UNCH,--,NA
OBAWW,Oxley Bridge Acquisition Limited Warrants,$0.2126,-0.0074,-3.364%,NA
OCAC,Ocean Capital Acquisition Corporation Ordinary Shares,$9.93,UNCH,--,NA
OCCIM,"OFS Credit Company, Inc. 7.875% Series F Term Preferred Stock",$25.165,0.065,0.259%,NA
OCLTU,OceanLight Acquisition Corporation Units,$10.00,0.005,0.05%,NA
OFSSO,OFS Capital Corporation 7.50% Notes due 2028,$25.43,0.2769,1.101%,NA
OHAC,Oceanhawk Acquisition Corp. Class A Ordinary Shares,$9.94,-0.01,-0.101%,NA
OHACR,Oceanhawk Acquisition Corp. Rights,$0.22,0.02,10.00%,NA
OIM,OneIM Acquisition Corp. Class A Ordinary Shares,$10.13,UNCH,--,NA
OIMAW,OneIM Acquisition Corp. Warrant,$0.72,0.07,10.769%,NA
ONCH,1RT Acquisition Corp. Class A Ordinary Share,$10.29,0.01,0.097%,NA
ONCHU,1RT Acquisition Corp. Units,$10.36,UNCH,--,NA
OPP,"RiverNorth/DoubleLine Strategic Opportunity Fund, Inc. Common Stock",$7.56,-0.05,-0.657%,NA
OPP^A,"RiverNorth/DoubleLine Strategic Opportunity Fund, Inc. 4.375% Series A Cumulative Preferred Stock",$15.46,-0.1027,-0.66%,NA
OPP^B,"RiverNorth/DoubleLine Strategic Opportunity Fund, Inc. 4.75% Series B Cumulative Preferred Stock",$16.725,-0.1878,-1.11%,NA
OPP^C,"RiverNorth/DoubleLine Strategic Opportunity Fund, Inc. 6.00% Series C Term Preferred Stock (Liquidation Preference $10.00 per share)",$10.115,0.015,0.149%,NA
ORCL^D,"Oracle Corporation Depositary Shares, each representing a 1/2,000th interest in a sh of 6.50% Series D Mandatory Convertible Preferred Stock",$46.90,-0.51,-1.076%,NA
ORIQ,Origin Investment Corp I Ordinary Shares,$10.37,0.03,0.29%,NA
ORIQW,Origin Investment Corp I Warrant.,$0.14,UNCH,--,NA
OSPRU,Osprey Acquisition Corp. III Units,$10.05,UNCH,--,NA
OTAI,Starlink AI Acquisition Corporation Ordinary Shares,$10.01,0.01,0.10%,NA
OTGA,OTG Acquisition Corp. I Class A Ordinary Share ,$10.20,UNCH,--,NA
OTGAU,OTG Acquisition Corp. I Unit,$10.36,UNCH,--,NA
OTGAW,OTG Acquisition Corp. I Warrants,$0.35,-0.02,-5.405%,NA
OXLCG,Oxford Lane Capital Corp. 7.95% Notes due 2032,$25.17,UNCH,--,NA
OXLCI,Oxford Lane Capital Corp. 8.75% Notes due 2030,$25.6101,-0.11,-0.428%,NA
OXSQH,Oxford Square Capital Corp. 7.75% Notes due 2030,$24.96,-0.02,-0.08%,NA
OYSE,Oyster Enterprises II Acquisition Corp Class A Ordinary Shares,$10.35,UNCH,--,NA
OYSER,Oyster Enterprises II Acquisition Corp Rights,$0.111,UNCH,--,NA
PAACW,Proem Acquisition Corp I Warrants,$0.39,0.056,16.766%,NA
PACH,Pioneer Acquisition I Corp Class A Ordinary Shares,$10.30,-0.0001,-0.001%,NA
PACHU,Pioneer Acquisition I Corp Units,$10.40,UNCH,--,NA
PACHW,Pioneer Acquisition I Corp Warrants,$0.2134,-0.0066,-3.00%,NA
PAI,Western Asset Investment Grade Income Fund Inc.,$11.94,-0.02,-0.167%,NA
PAII,Pyrophyte Acquisition Corp. II Class A Ordinary Shares,$10.26,UNCH,--,NA
PALO,Paloma Acquisition Corp I Class A Ordinary Shares,$9.95,UNCH,--,NA
PALOW,Paloma Acquisition Corp I Warrants,$0.30,UNCH,--,NA
PARA,"Banzai International, Inc. Class A Common Stock",$1.45,-0.25,-14.706%,NA
PAXS,PIMCO Access Income Fund Common Shares of Beneficial Interest,$14.13,-0.14,-0.981%,NA
PBI^B,Pitney Bowes Inc 6.70% Notes Due 2043,$20.51,-0.06,-0.292%,NA
PCAP,ProCap Acquisition Corp Class A Ordinary Shares,$10.335,0.005,0.048%,NA
PCAPU,ProCap Acquisition Corp Unit,$10.44,UNCH,--,NA
PCF,High Income Securities Fund Common Stock,$5.49,0.02,0.366%,NA
PCG^A,Pacific Gas & Electric Co. 6% Preferred Stock,$21.91,-0.01,-0.046%,NA
PCG^B,Pacific Gas & Electric Co. 5 1/2% Preferred Stock,$19.91,-0.0961,-0.48%,NA
PCG^C,Pacific Gas & Electric Co. 5% 1st Preferred Stock,$19.24,0.83,4.508%,NA
PCG^D,Pacific Gas & Electric Co. 5% 1st  Red. Preferred Stock,$18.22,0.12,0.663%,NA
PCG^E,Pacific Gas & Electric Co. 5% 1st A Preferred Stock,$18.98,0.38,2.043%,NA
PCG^G,Pacific Gas & Electric Co. 4.80% 1st Preferred Stock,$17.86,-0.62,-3.355%,NA
PCG^H,Pacific Gas & Electric Co. 4.50% 1st Preferred Stock,$16.8508,0.0508,0.302%,NA
PCG^I,Pacific Gas & Electric Co. 4.36% 1st Preferred Stock,$17.00,0.3142,1.883%,NA
PCG^X,PG&E Corp 6.000% Series A Mandatory Convertible Preferred Stock,$42.14,-0.95,-2.205%,NA
PCM,"PCM Fund, Inc. Common Stock",$5.49,-0.12,-2.139%,NA
PCN,Pimco Corporate & Income Strategy Fund Common Stock,$11.75,-0.02,-0.17%,NA
PCQ,PIMCO California Municipal Income Fund Common Stock,$8.72,-0.07,-0.796%,NA
PDCC,Pearl Diver Credit Company Inc. Common Stock,$8.9699,-0.0001,-0.001%,NA
PDPA,Pearl Diver Credit Company Inc. 8.00% Series A Preferred Stock Due 2029,$25.1409,0.0009,0.004%,NA
PDT,John Hancock Premium Dividend Fund,$12.72,-0.05,-0.392%,NA
PEB^E,Pebblebrook Hotel Trust 6.375% Series E Cumulative Redeemable Preferred Shares of Beneficial Interest,$20.05,0.10,0.501%,NA
PEB^F,Pebblebrook Hotel Trust 6.3% Series F Cumulative Redeemable Preferred Shares of Beneficial Interest,$19.99,-0.11,-0.547%,NA
PEB^G,Pebblebrook Hotel Trust 6.375% Series G Cumulative Redeemable Preferred Shares of Beneficial Interest,$19.97,-0.19,-0.942%,NA
PEB^H,Pebblebrook Hotel Trust 5.700% Series H Cumulative Redeemable Preferred Shares of Beneficial Interest,$18.20,-0.10,-0.546%,NA
PECE,Peace Acquisition Corp Ordinary Shares,$9.96,UNCH,--,NA
PECEU,Peace Acquisition Corp Units,$10.29,-0.0513,-0.496%,NA
PEO,"Adams Natural Resources Fund, Inc. Common Stock",$27.94,0.15,0.54%,NA
PFD,Flaherty & Crumrine Preferred and Income Fund Incorporated,$11.35,0.01,0.088%,NA
PFL,PIMCO Income Strategy Fund Shares of Beneficial Interest,$7.67,-0.08,-1.032%,NA
PFLA,PennantPark Floating Rate Capital Ltd. 7.375% Notes Due 2031,$25.19,-0.085,-0.336%,NA
PFN,PIMCO Income Strategy Fund II,$7.03,-0.05,-0.706%,NA
PFO,Flaherty & Crumrine Preferred and Income Opportunity Fund Incorporated,$9.09,-0.05,-0.547%,NA
PGAC,Pantages Capital Acquisition Corporation Class A Ordinary Shares,$10.69,UNCH,--,NA
PGACR,Pantages Capital Acquisition Corporation Right,$0.1501,-0.02,-11.758%,NA
PGACU,Pantages Capital Acquisition Corporation Unit,$10.84,UNCH,--,NA
PGP,Pimco Global StocksPlus & Income Fund Common Shares of Beneficial Interest,$8.83,-0.04,-0.451%,NA
PGZ,Principal Real Estate Income Fund Common Shares of Beneficial Interest,$10.07,-0.135,-1.323%,NA
PHK,Pimco High Income Fund,$4.55,-0.05,-1.087%,NA
PHXE^,"Phoenix Energy One, LLC Series A Cumulative Redeemable Preferred Shares",$24.40,0.08,0.329%,NA
PINE^A,"Alpine Income Property Trust, Inc. 8.00% Series A Cumulative Redeemable Preferred Stock",$25.23,UNCH,--,NA
PLCI,Pelican Acquisition II Corporation Ordinary Shares,$9.85,UNCH,--,NA
PLCIR,Pelican Acquisition II Corporation Right,$0.13,-0.01,-7.143%,NA
PLCIU,Pelican Acquisition II Corporation Unit,$10.01,UNCH,--,NA
PLMK,Plum Acquisition Corp. IV Class A Ordinary Shares,$10.575,UNCH,--,NA
PLMKW,Plum Acquisition Corp. IV Warrants,$0.33,-0.06,-15.385%,NA
PLUN,Plutonian Acquisition Corp II Class A Ordinary Shares,$10.00,UNCH,--,NA
PML,Pimco Municipal Income Fund II Common Shares of Beneficial Interest,$7.39,-0.03,-0.404%,NA
PMT^A,PennyMac Mortgage Investment Trust 8.125% Series A Fixed-to-Floating Rate Cumulative Redeemable Preferred Shares of Beneficial Interest,$22.90,-0.03,-0.131%,NA
PMT^B,PennyMac Mortgage Investment Trust 8.00% Series B Fixed-to-Floating Rate Cumulative Redeemable Preferred Shares of Beneficial Interest,$22.83,-0.07,-0.306%,NA
PMT^C,PennyMac Mortgage Investment Trust 6.75% Series C Cumulative Redeemable Preferred Shares of Beneficial Interest,$18.39,-0.07,-0.379%,NA
PMTR,Perimeter Acquisition Corp. I Class A Ordinary Shares,$10.39,-0.01,-0.096%,NA
PMTRU,Perimeter Acquisition Corp. I Unit,$11.135,UNCH,--,NA
PMTRW,Perimeter Acquisition Corp. I Warrant,$0.75,-0.06,-7.407%,NA
PMTV,PennyMac Mortgage Investment Trust 9.00% Senior Notes due 2030,$25.25,UNCH,--,NA
PMTW,PennyMac Mortgage Investment Trust 9.00% Senior Notes due 2030,$25.63,0.02,0.078%,NA
PNFP^A,"Pinnacle Financial Partners, Inc. Fixed-to-Floating Rate Non-Cumulative Perpetual Preferred Stock, Series A",$25.01,0.02,0.08%,NA
PNFP^B,"Pinnacle Financial Partners, Inc. Fixed-to-Floating Rate Non-Cumulative Perpetual Preferred Stock, Series B",$26.415,-0.01,-0.038%,NA
PNFP^C,"Pinnacle Financial Partners, Inc. Fixed-to-Floating Rate Non-Cumulative Perpetual Preferred Stock, Series C",$24.02,-0.28,-1.152%,NA
PNI,Pimco New York Municipal Income Fund II Common Shares of Beneficial Interest,$6.85,-0.11,-1.58%,NA
POLE,Andretti Acquisition Corp. II Class A Ordinary Shares,$10.82,UNCH,--,NA
POLEU,Andretti Acquisition Corp. II Unit,$10.86,UNCH,--,NA
POLEW,Andretti Acquisition Corp. II Warrant,$0.1899,-0.0401,-17.435%,NA
PONO,"Pono Capital Four, Inc. Class A Ordinary Shares",$10.02,UNCH,--,NA
PONOR,"Pono Capital Four, Inc. Rights",$0.2302,-0.0048,-2.043%,NA
PRIF^D,"Priority Income Fund, Inc. 7.00% Series D Term Preferred Stock due 2029",$24.51,-0.08,-0.325%,NA
PRIF^K,"Priority Income Fund, Inc. 7.000% Series K Cumulative Preferred Stock",$21.6801,-0.2199,-1.004%,NA
PRIF^L,"Priority Income Fund, Inc. 6.375% Series L Term Preferred Stock Due 2029",$24.50,0.002,0.008%,NA
PSA^F,"Public Storage Depositary Shares Each Representing 1/1,000 of a 5.15% Cumulative Preferred Share of Beneficial Interest, Series F, par value $0.01 per share",$19.78,-0.06,-0.302%,NA
PSA^G,"Public Storage Depositary Shares, Each Representing 1/1,000 of a 5.05% Cumulative Preferred Share of Beneficial Interest, Series G",$19.29,-0.07,-0.362%,NA
PSA^H,"Public Storage Depositary Shares Each Representing 1/1,000 of a  5.60% Cumulative Preferred  Share of Beneficial Interest, Series H",$21.2495,-0.0705,-0.331%,NA
PSA^I,"Public Storage Depositary Shares Each Representing 1/1,000 of a 4.875% Cumulative Preferred Share of Beneficial Interest, Series I, par value $0.01 per share",$18.65,-0.0613,-0.328%,NA
PSA^J,"Public Storage Depositary Shares Each Representing 1/1,000 of a 4.700% Cumulative Preferred Share of Beneficial Interest, Series J, par value $0.01 per share",$17.85,-0.11,-0.612%,NA
PSA^K,"Public Storage Depositary Shares Each Representing 1/1,000 of a 4.75% Cumulative Preferred Share of Beneficial Interest, Series K",$18.10,-0.1728,-0.946%,NA
PSA^L,"Public Storage Depositary Shares Each Representing 1/1,000 of a 4.625% Cumulative Preferred Share of Beneficial Interest, Series L, par value $0.01 per share",$17.405,-0.14,-0.798%,NA
PSA^M,"Public Storage Depositary Shares Each Representing 1/1,000 of a 4.125% Cumulative Preferred Share of Beneficial Interest, Series M",$15.56,-0.11,-0.702%,NA
PSA^N,"Public Storage Depositary Shares Each Representing 1/1,000 of a 3.875% Cumulative Preferred Share of Beneficial Interest, Series N",$14.75,-0.1458,-0.979%,NA
PSA^O,"Public Storage Depositary Shares Each Representing 1/1,000 of a 3.900% Cumulative Preferred Share of Beneficial Interest, Series O",$14.765,-0.095,-0.639%,NA
PSA^P,"Public Storage Depositary Shares Each Representing 1/1,000 of a 4.000% Cumulative Preferred Share of Bene cial Interest, Series P",$15.075,-0.1126,-0.741%,NA
PSA^Q,"Public Storage Depositary Shares Each Representing 1/1,000 of a 3.950% Cumulative Preferred Share of Beneficial Interest, Series Q, par value $0.01 per share",$14.895,-0.12,-0.799%,NA
PSA^R,"Public Storage Depositary Shares Each Representing 1/1,000 of a 4.00% Cumulative Preferred Share of Bene cial Interest, Series R",$15.12,-0.07,-0.461%,NA
PSA^S,"Public Storage Depositary Shares Each Representing 1/1,000 of a 4.100% Cumulative Preferred Share of Beneficial Interest, Series S",$15.50,-0.13,-0.832%,NA
PSA^T,"Public Storage 6.000% Cumulative Preferred Shares of beneficial interest, Series T",$22.84,-0.0055,-0.024%,NA
PSA^U,"Public Storage 6.000% Cumulative Preferred Shares of Beneficial Interest, Series U",$24.31,0.26,1.081%,NA
PSBD,Palmer Square Capital BDC Inc. Common Stock,$10.20,-0.21,-2.017%,NA
PSEC^A,Prospect Capital Corporation 5.35% Series A Fixed Rate Cumulative Perpetual Preferred Stock,$16.73,-0.01,-0.06%,NA
PTAC,Patriot Acquisition Corp. Class A Ordinary Shares,$9.93,-0.01,-0.101%,NA
PTACU,Patriot Acquisition Corp. Units,$10.05,UNCH,--,NA
PTACW,Patriot Acquisition Corp. Warrants,$0.25,UNCH,--,NA
PTOR,Praetorian Acquisition Corp. Class A Ordinary Shares,$9.9784,0.0084,0.084%,NA
PTORU,Praetorian Acquisition Corp. Units,$10.265,0.1451,1.434%,NA
PTORW,Praetorian Acquisition Corp. Warrant,$0.43,UNCH,--,NA
PTY,Pimco Corporate & Income Opportunity Fund,$11.68,-0.05,-0.426%,NA
PW^A,Power REIT 7.75% Series A Cumulative Perpetual Preferred Stock,$9.203,0.103,1.132%,NA
PWRL,Powerlaw Corp. Common Stock,$11.82,-0.03,-0.253%,NA
PYT,PPlus Tr GSC-2 Tr Ctf Fltg Rate,$23.65,0.05,0.212%,NA
QADR,QDRO Acquisition Corp. Class A Ordinary Shares,$9.97,UNCH,--,NA
QETA,Quetta Acquisition Corporation Common Stock,$11.74,UNCH,--,NA
QETAR,Quetta Acquisition Corporation Right,$0.65,UNCH,--,NA
QLEP,Quantum Leap Acquisition Corp Class A Ordinary Shares,$10.00,UNCH,--,NA
QQQX,Nuveen NASDAQ 100 Dynamic Overwrite Fund Shares of Beneficial Interest,$30.78,0.14,0.457%,NA
QRED,QuasarEdge Acquisition Corporation Ordinary Shares,$10.01,UNCH,--,NA
QSEA,Quartzsea Acquisition Corporation Ordinary Shares,$10.65,UNCH,--,NA
QSEAR,Quartzsea Acquisition Corporation Rights,$0.25,0.0313,14.312%,NA
QUMS,Quantumsphere Acquisition Corp. Ordinary Shares,$10.315,0.005,0.048%,NA
QUMSR,Quantumsphere Acquisition Corp. Rights,$0.1463,UNCH,--,NA
QUMSU,Quantumsphere Acquisition Corp. Units,$10.33,UNCH,--,NA
QXO^B,"QXO, Inc.  Depositary Shares, each representing a 1/20th interest in a share of 5.50% Series B Mandatory Convertible Preferred Stock",$42.00,-0.95,-2.212%,NA
RA,Brookfield Real Assets Income Fund Inc. Common Stock,$12.66,-0.11,-0.861%,NA
RAC,Rithm Acquisition Corp. Class A Ordinary Shares,$10.51,0.01,0.095%,NA
RAC/WS,Rithm Acquisition Corp.,$0.50,UNCH,--,NA
RACC,Research Alliance Corporation III Class A Ordinary Shares,$26.70,-0.30,-1.111%,NA
RACD,Research Alliance Corporation IV Class A Ordinary Shares,$11.90,UNCH,--,NA
RANG,Range Capital Acquisition Corp. Ordinary Shares,$10.76,0.01,0.093%,NA
RANGR,Range Capital Acquisition Corp. Rights,$0.24,0.005,2.128%,NA
RANGU,Range Capital Acquisition Corp. Units,$11.3151,UNCH,--,NA
RC^C,Ready Capital Corporation 6.25% Series C Cumulative Convertible Preferred Stock,$12.27,0.02,0.163%,NA
RC^E,Ready Capital Corporation 6.50% Series E Cumulative Redeemable Preferred Stock,$13.24,0.0766,0.582%,NA
RCD,Ready Capital Corporation 9.00% Senior Notes due 2029,$23.18,0.01,0.043%,NA
RCG,"RENN Fund, Inc Common Stock",$2.80,0.04,1.449%,NA
RCS,"PIMCO Strategic Income Fund, Inc.",$5.29,-0.01,-0.189%,NA
RDAC,Rising Dragon Acquisition Corp. Ordinary Shares,$5.81,-0.3413,-5.548%,NA
RDACR,Rising Dragon Acquisition Corp. Rights,$0.0782,UNCH,--,NA
RDACU,Rising Dragon Acquisition Corp. Unit,$7.60,UNCH,--,NA
RDAG,Republic Digital Acquisition Company Class A Ordinary Shares,$10.38,UNCH,--,NA
RDAGU,Republic Digital Acquisition Company Unit,$10.54,0.05,0.477%,NA
RDAGW,Republic Digital Acquisition Company Warrants,$0.2625,-0.0175,-6.25%,NA
REXR^B,"Rexford Industrial Realty, Inc. 5.875% Series B Cumulative Redeemable Preferred Stock",$22.61,-0.12,-0.528%,NA
REXR^C,"Rexford Industrial Realty, Inc. 5.625% Series C Cumulative Redeemable Preferred Stock, par value $0.01 per share",$21.40,-0.08,-0.372%,NA
RF^C,"Regions Financial Corporation Depositary Shares, each Representing a 1/40th Interest in a  Share of 5.700% Fixed-to-Floating Rate Non-Cumulative  Perpetual Preferred Stock, Series C",$24.04,-0.01,-0.042%,NA
RF^E,"Regions Financial Corporation Depositary Shares, Each Representing a 1/40th Interest in a Share of 4.45% Non-Cumulative Perpetual Preferred Stock, Series E",$15.90,-0.10,-0.625%,NA
RF^F,"Regions Financial Corporation Depositary Shares Each Representing a 1/40th Interest in a Share of Non-Cumulative Perpetual Preferred Stock, Series F",$25.345,-0.015,-0.059%,NA
RFAI,RF Acquisition Corp II Ordinary Shares,$9.29,-1.80,-16.231%,NA
RFAIR,RF Acquisition Corp II Right,$0.1072,-0.0108,-9.153%,NA
RFAM,RF Acquisition Corp III Ordinary Shares,$10.00,0.09,0.908%,NA
RFAMR,RF Acquisition Corp III Rights,$0.1101,UNCH,--,NA
RIBB,Ribbon Acquisition Corp Class A Ordinary Shares,$10.82,UNCH,--,NA
RIBBR,Ribbon Acquisition Corp Rights,$0.25,0.0337,15.58%,NA
RITM^A,Rithm Capital Corp. 7.50% Series A Fixed-to-Floating Rate Cumulative Redeemable Preferred Stock,$25.48,-0.05,-0.196%,NA
RITM^B,Rithm Capital Corp. 7.125% Series B Fixed-to-Floating Rate Cumulative Redeemable Preferred Stock,$25.36,0.11,0.436%,NA
RITM^C,Rithm Capital Corp. 6.375% Series C Fixed-to-Floating Rate Cumulative Redeemable Preferred Stock,$24.95,0.09,0.362%,NA
RITM^D,Rithm Capital Corp. 7.00% Fixed-Rate Reset Series D Cumulative Redeemable Preferred Stock,$25.08,0.01,0.04%,NA
RITM^E,Rithm Capital Corp. 8.75% Series E Fixed-Rate Cumulative Redeemable Preferred Stock,$24.69,0.1299,0.529%,NA
RITM^F,Rithm Capital Corp. 8.750% Series F Fixed-Rate Reset Cumulative Redeemable Preferred Stock,$24.65,UNCH,--,NA
RIV,"RiverNorth Opportunities Fund, Inc. Common Stock",$11.14,0.03,0.27%,NA
RIV^A,"RiverNorth Opportunities Fund, Inc. 6.00% Series A Perpetual Preferred Stock",$21.46,-0.08,-0.371%,NA
RLJ^A,RLJ Lodging Trust $1.95 Series A Cumulative Convertible  Preferred Shares,$25.10,0.0499,0.199%,NA
RLTY,Cohen & Steers Real Estate Opportunities and Income Fund Common Shares of Beneficial Interest,$15.70,-0.11,-0.696%,NA
RNGT,Range Capital Acquisition Corp II Class A Ordinary Shares,$10.15,UNCH,--,NA
RNGTU,Range Capital Acquisition Corp II Units,$10.29,-0.11,-1.058%,NA
RNR^F,"RenaissanceRe Holdings Ltd. Depositary Shares, each Representing a 1/1,000th Interest in a 5.750% Series F Preference Share",$20.6499,-0.0101,-0.049%,NA
RNR^G,"RenaissanceRe Holdings Ltd. Depositary Shares, each representing a 1/1,000th interest in a share of 4.20% Series G Preference Shares",$15.12,-0.0595,-0.392%,NA
RPT^C,Rithm Property Trust Inc. 9.875% Series C Fixed-to-Floating Rate Cumulative Redeemable Preferred Stock,$25.18,0.065,0.259%,NA
RREV,RRE Ventures Acquisition Corp. Class A Ordinary Shares,$9.935,UNCH,--,NA
RREVU,RRE Ventures Acquisition Corp. Units,$10.05,UNCH,--,NA
RREVW,RRE Ventures Acquisition Corp. Warrants,$0.56,0.05,9.804%,NA
RTAC,Renatus Tactical Acquisition Corp I Class A Ordinary Shares,$10.44,0.01,0.096%,NA
RTACU,Renatus Tactical Acquisition Corp I Unit,$10.73,UNCH,--,NA
RTACW,Renatus Tactical Acquisition Corp I Warrant,$0.60,-0.02,-3.226%,NA
RVI,Robinhood Ventures Fund I Common Shares of Beneficial Interest,$28.55,-0.01,-0.035%,NA
RVII,Robinhood Ventures Fund II Common Shares of Beneficial Interest,$23.60,-0.85,-3.476%,NA
RWAYI,Runway Growth Finance Corp. 7.25% Notes due 2031,$24.77,0.22,0.896%,NA
RWT^A,"Redwood Trust, Inc. 10.00% Series A Fixed-Rate Reset Cumulative Redeemable Preferred Stock",$24.6913,0.1113,0.453%,NA
RWTP,"Redwood Trust, Inc. 9.125% Senior Notes Due 2030",$24.09,0.02,0.083%,NA
RWTQ,"Redwood Trust, Inc. 9.500% Senior Notes Due 2030",$23.745,-0.09,-0.378%,NA
RWTS,"Redwood Trust, Inc. 9.75% Senior Notes Due 2031",$24.035,-0.075,-0.311%,NA
SAAQ,Space Asset Acquisition Corp. Class A Ordinary Shares,$10.12,-0.03,-0.296%,NA
SAAQU,Space Asset Acquisition Corp. Units,$10.38,-0.01,-0.096%,NA
SAAQW,Space Asset Acquisition Corp. Warrants,$0.83,-0.08,-8.791%,NA
SABA,Saba Capital Income & Opportunities Fund II Shares of Beneficial Interest,$8.24,UNCH,--,NA
SAC,Safeguard Acquisition Corp. Class A Ordinary Shares,$10.09,-0.01,-0.099%,NA
SACH^A,Sachem Capital Corp. 7.75% Series A Cumulative Redeemable Preferred Stock,$20.50,0.10,0.49%,NA
SAGU,Shreya Acquisition Group Class A Ordinary Shares,$9.94,UNCH,--,NA
SAV,Saratoga Investment Corp 7.50% Notes due 2031,$24.49,UNCH,--,NA
SB^C,"Safe Bulkers, Inc Cumulative Redeemable Perpetual Preferred Series C (Marshall Islands)",$26.50,UNCH,--,NA
SB^D,"Safe Bulkers, Inc Perpetual Preferred Series D (Marshall Islands)",$25.99,-0.12,-0.46%,NA
SBI,Western Asset Intermediate Muni Fund Inc Common Stock,$7.66,-0.03,-0.39%,NA
SBXD,SilverBox Corp IV Class A Ordinary Shares,$10.82,UNCH,--,NA
SBXE,SilverBox Corp V Class A Ordinary Shares,$10.105,0.025,0.248%,NA
SCD,LMP Capital and Income Fund Inc. Common Stock,$15.85,UNCH,--,NA
SCE^G,SCE Trust II Trust Preferred Securities,$17.17,-0.06,-0.348%,NA
SCE^L,SCE TRUST VI,$16.84,-0.085,-0.502%,NA
SCE^M,SCE Trust VII 7.50% Trust Preference Securities,$24.15,0.06,0.249%,NA
SCE^N,SCE Trust VIII 6.95% Trust Preference Securities,$22.94,-0.06,-0.261%,NA
SCHW^D,"The Charles Schwab Corporation Depositary Shares each representing 1/40th interest in a share of 5.95% Non-Cumulative Perpetual Preferred Stock, Series D",$23.69,-0.43,-1.783%,NA
SCHW^J,"The Charles Schwab Corporation Depositary Shares, Each Representing a 1/40th Interest in a Share of 4.450% Non-Cumulative Perpetual Preferred Stock, Series J",$16.78,-0.44,-2.555%,NA
SCII,SC II Acquisition Corp. Class A ordinary share,$10.10,UNCH,--,NA
SCIIR,SC II Acquisition Corp. Rights,$0.1802,UNCH,--,NA
SCIIU,SC II Acquisition Corp. Units,$10.22,UNCH,--,NA
SCPQ,Social Commerce Partners Corporation Class A Ordinary Shares,$10.02,UNCH,--,NA
SCPQU,Social Commerce Partners Corporation Unit,$10.20,UNCH,--,NA
SCPQW,Social Commerce Partners Corporation Warrant,$0.3888,0.0387,11.054%,NA
SDHI,Siddhi Acquisition Corp Class A Common stock,$10.48,UNCH,--,NA
SDHIR,Siddhi Acquisition Corp Right,$0.18,0.0049,2.798%,NA
SDHIU,Siddhi Acquisition Corp Unit,$10.60,0.04,0.379%,NA
SEAL^A,Seapeak LLC 9.00% Series A Cumulative Redeemable Perpetual Preferred Units,$25.74,0.10,0.39%,NA
SEAL^B,Seapeak LLC 8.50% Series B Fixed-to-Floating Rate Cumulative Redeemable Perpetual Preferred Units,$25.6349,-0.0201,-0.078%,NA
SF^B,"Stifel Financial Corporation Depositary Shares, Each Representing 1/1,000th  Interest in a Share of 6.25% Non-Cumulative  Preferred Stock, Series B",$21.86,-0.05,-0.228%,NA
SF^C,"Stifel Financial Corporation Depositary Shares, Each Representing 1/1,000th Interest in a Share of 6.125% Non Cumulative Preferred Stock, Series C",$21.6598,0.0298,0.138%,NA
SF^D,"Stifel Financial Corporation Depositary Shares, Each Representing 1/1,000th Interest in a Share of 4.50% Non-Cumulative Preferred Stock, Series D",$15.80,-0.10,-0.629%,NA
SHO^H,"Sunstone Hotel Investors, Inc. 6.125% Series H Cumulative Redeemable Preferred Stock",$22.45,0.15,0.673%,NA
SHO^I,"Sunstone Hotel Investors, Inc. 5.70% Series I Cumulative Redeemable Preferred Stock",$21.65,0.12,0.557%,NA
SHOT,RMG ML Sports Holdings Class A Ordinary Shares,$9.83,UNCH,--,NA
SHOTR,RMG ML Sports Holdings Rights,$0.1796,UNCH,--,NA
SHOTU,RMG ML Sports Holdings Unit,$9.9677,0.0077,0.077%,NA
SIMA,SIM Acquisition Corp. I Class A Ordinary Shares,$10.98,-0.01,-0.091%,NA
SIMAU,SIM Acquisition Corp. I Unit,$10.93,-0.0199,-0.182%,NA
SIMAW,SIM Acquisition Corp. I Warrant,$0.1603,-0.0397,-19.85%,NA
SLG^I,SL Green Realty Corporation Preferred Series I,$21.46,-0.08,-0.371%,NA
SOCA,Solarius Capital Acquisition Corp. Class A Ordinary Share,$10.33,UNCH,--,NA
SOJF,"Southern Company (The) Series 2025A 6.50% Junior Subordinated Notes due March 15, 2085",$24.83,-0.12,-0.481%,NA
SORN,Soren Acquisition Corp. Class A Ordinary Shares,$9.96,UNCH,--,NA
SORNU,Soren Acquisition Corp. Unit,$10.255,UNCH,--,NA
SORNW,Soren Acquisition Corp. Warrant,$0.2399,0.0399,19.95%,NA
SOUL,Soulpower Acquisition Corporation Class A Ordinary Shares,$10.43,UNCH,--,NA
SPE,"Special Opportunities Fund, Inc Common Stock",$13.57,-0.06,-0.44%,NA
SPE^C,"Special Opportunities Fund Inc. 2.75% Convertible Preferred Stock, Series C",$24.77,-0.03,-0.121%,NA
SPEG,Silver Pegasus Acquisition Corp Class A Ordinary Shares,$10.34,-0.01,-0.097%,NA
SPEGR,Silver Pegasus Acquisition Corp Rights.,$0.23,UNCH,--,NA
SPEGU,Silver Pegasus Acquisition Corp Unit,$10.48,UNCH,--,NA
SPG^J,"Simon Property Group, Inc. Simon Property Group 8 3/8% Series J Cumulative Redeemable Preferred Stock",$55.76,-0.74,-1.31%,NA
SPKL,Spark I Acquisition Corp. Class A Ordinary Share,$11.61,UNCH,--,NA
SPKLU,Spark I Acquisition Corp. Unit,$12.83,UNCH,--,NA
SPKLW,Spark I Acquisition Corp. Warrant,$1.25,-0.11,-8.088%,NA
SPMA,"Sound Point Meridian Capital, Inc. 8.00% Series A Preferred Shares Due 2029",$25.0101,-0.0285,-0.114%,NA
SPMC,"Sound Point Meridian Capital, Inc. Common Stock",$9.48,-0.24,-2.469%,NA
SPME,"Sound Point Meridian Capital, Inc. 7.875% Series B Preferred Shares due 2030",$25.0225,0.0161,0.064%,NA
SPXX,Nuveen S&P 500 Dynamic Overwrite Fund,$19.19,0.04,0.209%,NA
SRG^A,Seritage Growth Properties 7.00% Series A Cumulative Redeemable Preferred Shares of Beneficial Interest,$22.36,-0.1377,-0.612%,NA
SRJN,Spire Inc. 6.375% Junior Subordinated Notes due 2086,$22.8601,-0.2399,-1.039%,NA
SRV,NXG Cushing Midstream Energy Fund Common Shares of Beneficial Interest,$48.37,UNCH,--,NA
SSAC,SPACSphere Acquisition Corp. Class A Ordinary Shares,$10.07,0.01,0.099%,NA
SSACR,SPACSphere Acquisition Corp. Rights,$0.17,-0.01,-5.556%,NA
SSACU,SPACSphere Acquisition Corp. Unit,$10.28,UNCH,--,NA
SSACW,SPACSphere Acquisition Corp. Warrant,$0.10,0.0001,0.10%,NA
SSEA,Starry Sea Acquisition Corp	Ordinary Shares,$10.28,UNCH,--,NA
SSEAR,Starry Sea Acquisition Corp Rights,$0.1501,-0.015,-9.085%,NA
SSEAU,Starry Sea Acquisition Corp Unit,$10.40,UNCH,--,NA
STEW,"SRH Total Return Fund, Inc. Common Stock",$18.41,-0.13,-0.701%,NA
STK,Columbia Seligman Premium Technology Growth Fund Inc,$53.24,0.13,0.245%,NA
STT^G,"State Street Corporation Depositary shares, each representing a 1/4,000th ownership interest in a share of Fixed-to-Floating Rate Non-Cumulative",$20.91,-0.11,-0.523%,NA
SUMA,SUMA Acquisition Corporation Class A Ordinary Shares,$9.92,UNCH,--,NA
SUMAR,SUMA Acquisition Corporation Rights,$0.2221,0.0014,0.634%,NA
SUMAU,SUMA Acquisition Corporation Units,$10.25,UNCH,--,NA
SVAQ,Silicon Valley Acquisition Corp. Class A Ordinary Shares,$10.05,0.02,0.199%,NA
SVAQU,Silicon Valley Acquisition Corp. Units,$10.35,UNCH,--,NA
SVAQW,Silicon Valley Acquisition Corp. Warrants,$0.43,-0.0521,-10.807%,NA
SVCC,Stellar V Capital Corp. Class A Ordinary Shares,$10.63,UNCH,--,NA
SVCCU,Stellar V Capital Corp. Unit,$10.65,UNCH,--,NA
SVCCW,Stellar V Capital Corp. Warrant,$0.3045,UNCH,--,NA
SVIV,Spring Valley Acquisition Corp. IV Class A Ordinary Shares,$10.20,UNCH,--,NA
SVIVU,Spring Valley Acquisition Corp. IV Units,$10.3701,UNCH,--,NA
SVIVW,Spring Valley Acquisition Corp. IV Warrants,$0.7999,UNCH,--,NA
SWZ,Total Return Securities Fund Common Stock,$5.93,-0.02,-0.336%,NA
SYF^A,"Synchrony Financial Depositary Shares, each Representing a 1/40th Interest in a Share of 5.625% Fixed Rate Non-Cumulative Perpetual Preferred Stock, Series A",$19.33,0.02,0.104%,NA
SYF^B,"Synchrony Financial Depositary Shares Each Representing a 1/40th Interest in a Share of 8.250% Fixed Rate Reset Non-Cumulative Perpetual Preferred Stock, Series B",$25.67,-0.01,-0.039%,NA
SZZL,Sizzle Acquisition Corp. II Class A ordinary shares,$10.41,-0.01,-0.096%,NA
SZZLR,Sizzle Acquisition Corp. II Right,$0.1499,0.0012,0.807%,NA
T^A,"AT&T Inc. Depositary Shares, each representing a 1/1,000th interest in a share of 5.000% Perpetual Preferred Stock, Series A",$17.84,-0.09,-0.502%,NA
T^C,"AT&T Inc. Depositary Shares, each representing a 1/1,000th interest in a share of 4.750% Perpetual Preferred Stock, Series C",$16.80,-0.16,-0.943%,NA
TACH,Titan Acquisition Corp. Class A Ordinary Shares,$10.49,0.01,0.095%,NA
TACHW,Titan Acquisition Corp. Warrants,$0.51,0.02,4.082%,NA
TACOU,Berto Acquisition Corp. Unit,$10.7501,UNCH,--,NA
TACOW,Berto Acquisition Corp. Warrant,$0.71,-0.0314,-4.235%,NA
TAVI,Tavia Acquisition Corp. Ordinary Shares,$10.69,UNCH,--,NA
TAVIR,Tavia Acquisition Corp. Right,$0.1001,-0.0001,-0.10%,NA
TAVIU,Tavia Acquisition Corp. Unit,$10.80,UNCH,--,NA
TBCVU,"Thunder Bridge Capital Partners V, Ltd. Units",$9.90,0.01,0.101%,NA
TCGX,TCGX Acquisition Corp. Class A Ordinary Shares,$14.02,-0.85,-5.716%,NA
TCPA,TransCanada PipeLines Limited 6.250% Junior Subordinated Notes due 2085,$22.42,-0.2736,-1.206%,NA
TDAC,Translational Development Acquisition Corp. Ordinary Shares,$10.8504,0.0004,0.004%,NA
TDACU,Translational Development Acquisition Corp. Units,$12.57,UNCH,--,NA
TDACW,Translational Development Acquisition Corp. Warrants,$1.76,-0.09,-4.865%,NA
TDF,"Templeton Dragon Fund, Inc. Common Stock",$10.89,0.07,0.647%,NA
TDS^U,"Telephone and Data Systems, Inc. Depositary Shares, Each Representing a 1/1,000th Interest in a 6.625% Series UU Cumulative Redeemable Perpetual Preferred Stock",$20.80,-0.17,-0.811%,NA
TDS^V,"Telephone and Data Systems, Inc. Depositary Shares, Each Representing a 1/1,000th Interest in a 6.000% Series VV Cumulative Redeemable Perpetual Preferred Stock",$19.01,-0.14,-0.731%,NA
TDWD,Tailwind 2.0 Acquisition Corp. Class A Ordinary Shares,$10.08,UNCH,--,NA
TDWDR,Tailwind 2.0 Acquisition Corp. Rights,$0.145,UNCH,--,NA
TEI,"Templeton Emerging Markets Income Fund, Inc. Common Stock",$6.74,-0.04,-0.59%,NA
TEN^E,"Tsakos Energy Navigation Ltd Series E Fixed-to-Floating Rate Cumulative Redeemable Perpetual Preferred Shares, par value $1.00",$26.38,0.0301,0.114%,NA
TEN^F,"Tsakos Energy Navigation Ltd Series F Fixed-to-Floating Rate Cumulative Redeemable Perpetual Preferred Shares, par value $1.00",$26.64,UNCH,--,NA
TFC^I,Truist Financial Corporation Depositary Shares,$17.93,-0.08,-0.444%,NA
TFC^O,"Truist Financial Corporation Depositary Shares, Each Representing a 1/1,000th Interest in a Share of Series O Non-Cumulative Perpetual Preferred Stock",$19.64,-0.23,-1.158%,NA
TFC^R,"Truist Financial Corporation Depositary Shares, each representing 1/1,000th interest in a share of Series R Non-Cumulative Perpetual Preferred Stock",$17.71,-0.23,-1.282%,NA
TFIN^,"Triumph Financial, Inc. Depositary Shares, Each Representing a 1/40th Interest in a Share of 7.125% Series C Fixed-Rate Non-Cumulative Perpetual Preferred Stock",$22.33,0.04,0.179%,NA
THEO,BOA Acquisition Corp. II Class A Ordinary Shares,$9.84,UNCH,--,NA
THEOR,BOA Acquisition Corp. II Rights,$0.31,-0.02,-6.061%,NA
THEOU,BOA Acquisition Corp. II Units,$10.145,-0.005,-0.049%,NA
THQ,abrdn Healthcare Opportunities Fund Shares of Beneficial Interest,$19.53,0.06,0.308%,NA
THW,abrdn World Healthcare Fund Shares of Beneficial Interest,$14.03,0.04,0.286%,NA
TLNC,Talon Capital Corp. Class A Ordinary Shares,$10.23,0.01,0.098%,NA
TLNCW,Talon Capital Corp. Warrants,$0.65,0.1498,29.948%,NA
TMTS,Spartacus Acquisition Corp. II Class A Ordinary Shares,$10.09,UNCH,--,NA
TMTSW,Spartacus Acquisition Corp. II Warrants,$0.40,-0.05,-11.111%,NA
TMUSI,"T-Mobile US, Inc. 5.500% Senior Notes due June 2070",$20.955,-0.0724,-0.344%,NA
TMUSL,"T-Mobile US, Inc. 6.250% Senior Notes due 2069",$22.71,-0.09,-0.395%,NA
TMUSZ,"T-Mobile US, Inc. 5.500% Senior Notes due March 2070",$20.23,-0.09,-0.443%,NA
TONT,Graf Global Corp. Class A ordinary shares,$10.84,-0.01,-0.092%,NA
TPTS,"Terra Property Trust, Inc. 7.00% Senior Secured Notes due 2029",$16.44,0.03,0.183%,NA
TRAD,APEX Tech Acquisition Inc. Ordinary Shares,$10.0399,0.0999,1.005%,NA
TRGS,TRG Latin America Acquisitions Corp. Class A Ordinary Shares,$9.92,UNCH,--,NA
TRGSR,TRG Latin America Acquisitions Corp. Rights,$0.1708,0.0004,0.235%,NA
TRTN^A,Triton International Limited 8.50% Series A Cumulative Redeemable Perpetual  Preference Shares,$25.98,-0.1094,-0.419%,NA
TRTN^B,Triton International Limited 8.00% Series B Cumulative Redeemable Perpetual Preference Shares,$25.4299,-0.0701,-0.275%,NA
TRTN^C,Triton International Limited 7.375% Series C Cumulative Redeemable Perpetual Preference Shares,$24.98,-0.04,-0.16%,NA
TRTN^D,Triton International Limited 6.875% Series D Cumulative Redeemable Perpetual Preference Shares,$22.90,-0.26,-1.123%,NA
TRTN^E,Triton International Limited 5.75% Series E Cumulative Redeemable Perpetual Preference Shares,$18.79,-0.05,-0.265%,NA
TRTN^F,Triton International Limited 7.625% Series F Cumulative Redeemable Perpetual Preference Shares,$24.40,-0.15,-0.611%,NA
TRTN^G,Triton International Limited 7.500% Series G Cumulative Redeemable Perpetual Preference Shares,$23.87,0.10,0.421%,NA
TRTX^C,"TPG RE Finance Trust, Inc. 6.25% Series C Cumulative Redeemable Preferred Stock, $0.001 par value per share",$18.5806,-0.0099,-0.053%,NA
TSI,"TCW Strategic Income Fund, Inc. Common Stock",$4.39,-0.03,-0.679%,NA
TVA,Texas Ventures Acquisition III Corp Class A Ordinary Share,$10.5326,-0.0074,-0.07%,NA
TVACU,Texas Ventures Acquisition III Corp Unit,$10.71,UNCH,--,NA
TVACW,Texas Ventures Acquisition III Corp Warrants,$0.4605,-0.0095,-2.021%,NA
TVAI,Thayer Ventures Acquisition Corporation II Class A Ordinary Shares,$10.37,UNCH,--,NA
TVAIR,Thayer Ventures Acquisition Corporation II Rights,$0.1258,UNCH,--,NA
TVC,Tennessee Valley Authority Common Stock,$24.08,UNCH,--,NA
TVE,Tennessee Valley Authority,$23.52,UNCH,--,NA
TVIV,Texas Ventures Acquisition IV Corp Class A Ordinary Shares,$9.91,UNCH,--,NA
TVIVU,Texas Ventures Acquisition IV Corp Units,$10.03,UNCH,--,NA
TVIVW,Texas Ventures Acquisition IV Corp Warrant,$0.3199,UNCH,--,NA
TWLV,Twelve Seas Investment Company III Class A Ordinary Shares,$10.05,0.01,0.10%,NA
TWLVU,Twelve Seas Investment Company III Units,$10.16,-0.04,-0.392%,NA
TWN,"Taiwan Fund, Inc. (The) Common Stock",$98.17,0.75,0.77%,NA
TWO^A,Two Harbors Investments Corp 8.125% Series A Fixed-to-Floating Rate Cumulative Redeemable Preferred Stock ($25.00 liquidation preference per share),$25.14,0.02,0.08%,NA
TWO^B,Two Harbors Investments Corp 7.625% Series B Fixed-to-Floating Rate Cumulative Redeemable Preferred Stock,$25.11,0.01,0.04%,NA
TWO^C,Two Harbors Investments Corp 7.25% Series C Fixed-to-Floating Rate Cumulative Redeemable Preferred Stock,$25.16,0.03,0.119%,NA
TWOD,Two Harbors Investments Corp 9.375% Senior Notes due 2030,$25.37,-0.01,-0.039%,NA
TY^,Tri Continental Corporation Preferred Stock,$42.13,0.1199,0.285%,NA
UAC,United Acquisition Corp. I Class A Ordinary Shares,$9.96,-0.01,-0.10%,NA
UMH^D,"UMH Properties, Inc. 6.375% Series D Cumulative Redeemable Preferred Stock, Liquidation Preference $25 per share",$21.75,-0.40,-1.806%,NA
USA,Liberty All-Star Equity Fund Common Stock,$6.05,-0.02,-0.329%,NA
USB^A,"U.S. Bancorp Depositary Shares, Each representing a 1/100th interest in a share of Series A Non-CumulativePerpetual Pfd Stock",$769.5952,-2.8547,-0.37%,NA
USB^H,U.S. Bancorp Depositary Shares repstg 1/1000th Pfd Ser B,$18.49,-0.06,-0.323%,NA
USB^P,"U.S. Bancorp Depositary Shares each representing a 1/1,000th interest in a share of Series K Non-Cumulative Perpetual Preferred Stock",$21.01,-0.16,-0.756%,NA
USB^Q,"U.S. Bancorp Depositary Shares, Each Representing a 1/1,000th Interest in a Share of Series L Non-Cumulative Perpetual Preferred Stock",$14.0501,-0.1399,-0.986%,NA
USB^R,"U.S. Bancorp Depositary Shares, Each Representing a 1/1,000th Interest in a Share of Series M Non-Cumulative Perpetual Preferred Stock",$14.95,-0.14,-0.928%,NA
USB^S,"U.S. Bancorp Depositary Shares, each representing a 1/1,000th interest in a share of Series O Non-Cumulative Perpetual Preferred Stock",$17.04,-0.13,-0.757%,NA
UTF,"Cohen & Steers Infrastructure Fund, Inc Common Stock",$27.10,0.08,0.296%,NA
UTG,Reaves Utility Income Fund Common Shares of Beneficial Interest,$40.52,0.18,0.446%,NA
UYSC,UY Scuti Acquisition Corp. Ordinary Shares,$10.84,-0.01,-0.092%,NA
UYSCR,UY Scuti Acquisition Corp. Rights,$0.09,-0.01,-10.00%,NA
VACI,Viking Acquisition Corp. I Class A Ordinary Shares,$10.2201,-0.0099,-0.097%,NA
VBF,Invesco Bond Fund Common Stock,$14.63,-0.11,-0.746%,NA
VCX,"Fundrise Innovation Fund, LLC Common Shares of Limited Liability Company Interests",$41.00,6.60,19.186%,NA
VECA,Vernal Capital Acquisition Corp. Ordinary Shares,$10.00,UNCH,--,NA
VGI,Virtus Global Multi-Sector Income Fund Common Shares of Beneficial Interest,$7.30,-0.03,-0.409%,NA
VHCP,Vine Hill Capital Investment Corp. II Class A Ordinary Shares,$10.02,UNCH,--,NA
VHCPU,Vine Hill Capital Investment Corp. II Units,$10.1216,-0.0284,-0.28%,NA
VHCPW,Vine Hill Capital Investment Corp. II Warrants,$0.3502,-0.0198,-5.351%,NA
VII,Viking Acquisition Corp. II Class A Ordinary Shares,$9.83,-0.015,-0.152%,NA
VLOS,Velos Acquisition I Corp. Class A Ordinary shares,$10.71,-0.045,-0.418%,NA
VLOSW,Velos Acquisition I Corp. Warrant,$0.3601,UNCH,--,NA
VLT,Invesco High Income Trust II,$10.01,-0.12,-1.185%,NA
VNME,Vendome Acquisition Corporation I Class A Ordinary Shares,$10.23,UNCH,--,NA
VNO^L,Vornado Realty Trust Pfd Ser L %,$17.72,0.03,0.17%,NA
VNO^M,"Vornado Realty Trust 5.25% Series M Cumulative Redeemable Preferred Shares of Beneficial Interest, liquidation preference $25.00 per share, no par value per share",$17.71,-0.10,-0.561%,NA
VNO^N,"Vornado Realty Trust 5.25% Series N Cumulative Redeemable Preferred Shares of Beneficial Interest, liquidation preference $25.00 per share",$17.38,-0.135,-0.771%,NA
VNO^O,"Vornado Realty Trust 4.45% Series O Cumulative Redeemable Preferred Shares, Liquidation Preference $25.00 Per Share",$14.58,-0.138,-0.938%,NA
VOYA^B,"Voya Financial, Inc. Depositary Shares, each representing a 1/40th interest in a share of 5.35% Fixed-Rate Reset Non-Cumulative Preferred Stock, Series B",$23.80,-0.11,-0.46%,NA
VVR,Invesco Senior Income Trust Common Stock (DE),$2.93,-0.05,-1.678%,NA
WAL^A,"Western Alliance Bancorporation Depositary Shares, Each Representing a 1/400th Interest in a Share of 4.250% Fixed-Rate Non-Cumulative Perpetual Preferred Stock, Series A",$24.79,0.11,0.446%,NA
WATR,Air Water Ventures Limited Ordinary Shares,$2.51,2.51,--,NA
WBS^F,"Webster Financial Corporation Depositary Shares, Each Representing 1/1,000th Interest in a Share of 5.25% Series F Non-Cumulative Perpetual Preferred Stock",$20.93,-0.23,-1.087%,NA
WBS^G,"Webster Financial Corporation Depositary Shares, each representing a 1/40th interest in a share of 6.50% Series G non-cumulative perpetual preferred stock",$24.058,-0.062,-0.257%,NA
WDI,Western Asset Diversified Income Fund Common Shares of Beneficial Interest,$13.22,-0.01,-0.076%,NA
WEA,Western Asset Bond Fund Share of Beneficial Interest,$10.48,-0.04,-0.38%,NA
WENC,West Enclave Merger Corp. Ordinary Shares,$10.00,UNCH,--,NA
WENN,Wen Acquisition Corp Class A Ordinary Shares,$10.38,0.01,0.096%,NA
WENNU,Wen Acquisition Corp Unit,$10.46,UNCH,--,NA
WENNW,Wen Acquisition Corp Warrant,$0.2952,0.0202,7.345%,NA
WFC^A,"Wells Fargo & Company Depositary Shares, each representing a 1/1,000th interest in a share of Non-Cumulative Perpetual Class A Preferred Stock, Series AA",$17.77,-0.19,-1.058%,NA
WFC^C,"Wells Fargo & Company Depositary Shares, each representing a 1/1,000th interest in a share of Non-Cumulative Perpetual Class A Preferred Stock, Series CC",$16.54,-0.17,-1.017%,NA
WFC^D,"Wells Fargo & Company Depositary Shares, each representing a 1/1,000th interest in  a share of Non-Cumulative Perpetual Class A Preferred Stock, Series DD",$16.18,-0.18,-1.10%,NA
WFC^L,"Wells Fargo & Company 7.50% Non-Cumulative Perpetual Convertible Class A Preferred Stock, Series L","$1,167.90",-3.70,-0.316%,NA
WFC^Y,"Wells Fargo & Company Depositary Shares, each representing a 1/1,000th interest in a share of Non-Cumulative Perpetual Class A Preferred Stock, Series Y",$21.89,-0.14,-0.635%,NA
WFC^Z,"Wells Fargo & Company Depositary Shares, each representing a 1/1,000th interest in a share of Non-Cumulative Perpetual Class A Preferred Stock, Series Z",$17.97,-0.17,-0.937%,NA
WHR^A,"Whirlpool Corporation Depositary Shares, each representing a 1/20th interest in a share of 8.50% Series A Mandatory Convertible Preferred Stock",$34.37,-0.83,-2.358%,NA
WIA,Western Asset Inflation-Linked Income Fund,$7.965,-0.035,-0.438%,NA
WIW,Western Asset Inflation-Linked Opportunities & Income Fund,$8.37,UNCH,--,NA
WLCO,Wilco 63 Corporation Class A Ordinary Shares,$9.78,UNCH,--,NA
WLCOU,Wilco 63 Corporation Units,$9.99,0.02,0.201%,NA
WLCOW,Wilco 63 Corporation Warrant,$0.3599,0.0925,34.592%,NA
WLII,Willow Lane Acquisition Corp. II Class A Ordinary Shares,$10.26,UNCH,--,NA
WLIIW,Willow Lane Acquisition Corp. II Warrants,$0.84,UNCH,--,NA
WPAC,White Pearl Acquisition Corp. Class A Ordinary Shares,$10.02,UNCH,--,NA
WRB^E,W.R. Berkley Corporation 5.70% Subordinated Debentures due 2058,$20.26,-0.19,-0.929%,NA
WRB^F,W.R. Berkley Corporation 5.10% Subordinated Debentures due 2059,$17.73,-0.185,-1.033%,NA
WRB^G,W.R. Berkley Corporation 4.25% Subordinated Debentures due 2060,$15.11,-0.16,-1.048%,NA
WRB^H,W.R. Berkley Corporation 4.125% Subordinated Debentures due 2061,$14.54,-0.18,-1.223%,NA
WSO/B,"Watsco, Inc.",$328.83,UNCH,--,NA
WSTNU,Westin Acquisition Corp Units,$10.28,0.19,1.883%,NA
WTG,Wintergreen Acquisition Corp. Ordinary Shares,$10.49,0.01,0.095%,NA
WTGUR,Wintergreen Acquisition Corp. Rights,$0.14,UNCH,--,NA
XCBE,X3 Acquisition Corp. Ltd. Class A Ordinary Shares,$9.99,UNCH,--,NA
XCBEW,X3 Acquisition Corp. Ltd. Warrant,$0.265,-0.0001,-0.038%,NA
XELLL,"Xcel Energy Inc. 6.25% Junior Subordinated Notes, Series due 2085",$22.93,-0.02,-0.087%,NA
XFLH,XFLH Capital Corporation Ordinary Shares,$9.98,UNCH,--,NA
XIIIU,Churchill Capital Corp XIII Units,$10.50,0.07,0.671%,NA
XRN^A,Chiron Real Estate Inc. Series A Cumulative Redeemable Preferred Stock,$24.845,-0.115,-0.461%,NA
XRN^B,"Chiron Real Estate Inc. 8.00% Series B Cumulative Redeemable Preferred Stock, $0.001 par value per share",$25.40,-0.11,-0.431%,NA
XRPN,Armada Acquisition Corp. II Class A Ordinary Shares,$10.491,0.001,0.01%,NA
XRPNU,Armada Acquisition Corp. II Units,$10.88,0.08,0.741%,NA
XRPNW,Armada Acquisition Corp. II Warrant,$0.80,-0.04,-4.762%,NA
XSLL,Xsolla SPAC 1 Class A Ordinary Shares,$9.97,UNCH,--,NA
XSLLU,Xsolla SPAC 1 Units,$10.01,-0.05,-0.497%,NA
YCY,AA Mission Acquisition Corp. II Class A Ordinary Shares,$10.25,0.01,0.098%,NA
YHNA,YHN Acquisition I Limited Ordinary Shares,$10.96,UNCH,--,NA
YHNAR,YHN Acquisition I Limited Right,$0.1102,UNCH,--,NA
YHNAU,YHN Acquisition I Limited Unit,$11.04,0.13,1.192%,NA
YICC,Yorkville International Capital Corp. Class A Ordinary Shares,$9.92,0.02,0.202%,NA
YICCU,Yorkville International Capital Corp. Units,$10.09,UNCH,--,NA
YICCW,Yorkville International Capital Corp. Warrants,$0.45,UNCH,--,NA
ZKP,Lafayette Digital Acquisition Corp. I Class A Ordinary Shares,$10.0104,0.0004,0.004%,NA
ZKPU,Lafayette Digital Acquisition Corp. I Unit,$10.03,UNCH,--,NA
ZKPW,Lafayette Digital Acquisition Corp. I Warrant,$0.2902,-0.0154,-5.039%,NA
ZTR,Virtus Total Return Fund Inc.,$6.70,-0.06,-0.888%,NA
